State,District,Latitude,Longitude,pH,Nitrogen,Organic_Carbon,Clay,Sand,CEC,Temperature,Winter_Temperature,Humidity,Rainfall,Monsoon_Rain_Share,Post_Monsoon_Rain_Share,Dry_Months,Max_Temperature,Solar_Radiation,Elevation,Slope
Andaman and Nicobar,Andaman Islands,11.5325,92.6898,5.12,3.39,35.13,28.3,41.07,18.98,28.13,27.31,78.35,2567.2,0.587,0.208,3,32.64,18.14,136.0,5.07
Andaman and Nicobar,Andaman Islands,13.1109,92.8354,5.82,2.9,44.96,33.33,33.7,24.16,27.82,26.63,78.42,2548.4,0.623,0.184,3,33.5,18.08,4.0,1.49
Andaman and Nicobar,Andaman Islands,11.5269,92.2652,5.27,2.97,36.52,29.44,41.29,19.16,28.13,27.31,78.35,2567.2,0.587,0.208,3,32.64,18.14,36.0,1.6
Andaman and Nicobar,Andaman Islands,11.7185,92.5554,5.32,3.13,42.37,29.84,38.95,23.22,28.13,27.31,78.35,2567.2,0.587,0.208,3,32.64,18.14,22.0,2.04
Andaman and Nicobar,Andaman Islands,12.6073,92.874,5.75,2.3,30.41,34.91,36.04,22.19,27.87,26.77,78.45,2737.9,0.617,0.185,3,33.89,17.94,56.0,1.11
Andaman and Nicobar,Nicobar Islands,8.2257,93.5191,5.45,2.94,42.6,31.38,42.37,13.38,28.02,27.58,80.71,2017.2,0.386,0.325,0,31.34,17.96,13.0,0.93
Andaman and Nicobar,Nicobar Islands,9.1432,92.82,5.44,3.3,48.44,32.41,42.83,17.78,28.02,27.52,80.72,1962.5,0.464,0.284,1,31.12,18.25,22.0,0.4
Andaman and Nicobar,Nicobar Islands,7.1475,93.7183,5.2,2.57,41.03,33.06,36.65,13.06,27.96,27.63,80.54,1935.0,0.379,0.322,0,31.98,17.7,65.0,4.78
Andaman and Nicobar,Nicobar Islands,7.0734,93.7938,5.22,2.7,46.78,35.47,34.1,13.06,27.96,27.63,80.54,1935.0,0.379,0.322,0,31.98,17.7,233.0,8.52
Andaman and Nicobar,Nicobar Islands,7.9165,93.3585,5.32,2.94,55.73,29.04,42.56,15.99,27.99,27.57,80.82,2042.8,0.384,0.327,0,31.26,17.7,0.0,0.74
Andhra Pradesh,Anantapur,13.916,77.4321,7.04,0.93,10.28,41.52,33.53,30.32,25.39,22.89,63.31,715.1,0.543,0.261,5,41.9,20.19,601.0,0.4
Andhra Pradesh,Anantapur,14.0197,78.0613,6.89,0.96,20.68,35.33,46.02,23.35,25.33,22.27,64.54,733.4,0.513,0.311,5,41.84,19.77,645.0,3.64
Andhra Pradesh,Anantapur,14.1046,77.6718,6.82,1.1,22.07,31.74,45.15,24.72,25.39,22.89,63.31,715.1,0.543,0.261,5,41.9,20.36,505.0,0.9
Andhra Pradesh,Anantapur,13.8404,77.0513,7.04,1.37,11.12,35.48,39.05,28.64,25.15,23.04,63.39,683.6,0.537,0.244,6,41.44,20.19,677.0,0.52
Andhra Pradesh,Anantapur,13.9756,78.1215,6.79,1.13,14.02,33.3,47.81,20.78,25.33,22.27,64.54,733.4,0.513,0.311,5,41.84,19.83,606.0,3.72
Andhra Pradesh,Adilabad,19.3529,78.2846,7.14,1.21,18.76,42.05,25.86,36.66,26.87,22.61,54.98,927.6,0.857,0.073,7,46.94,18.86,439.0,0.26
Andhra Pradesh,Adilabad,19.4266,78.5771,7.23,0.95,8.98,40.32,27.56,34.16,26.99,22.6,56.17,962.9,0.857,0.071,7,47.58,18.86,381.0,0.74
Andhra Pradesh,Adilabad,18.9699,78.332,7.07,1.63,15.07,36.41,30.93,34.4,27.0,23.16,54.73,874.4,0.837,0.086,7,46.72,19.18,330.0,0.98
Andhra Pradesh,Adilabad,19.269,79.6107,7.05,1.03,12.46,34.42,24.38,32.01,27.29,22.82,57.42,1106.3,0.859,0.072,7,48.16,18.7,171.0,0.36
Andhra Pradesh,Adilabad,19.5963,78.9166,7.07,1.06,10.17,41.14,25.47,40.75,26.99,22.6,56.17,962.9,0.857,0.071,7,47.58,18.86,472.0,2.54
Andhra Pradesh,Chittoor,13.6303,79.2926,7.18,1.3,17.34,36.31,36.39,28.65,26.63,22.7,69.3,987.5,0.424,0.458,4,44.66,19.21,231.0,1.04
Andhra Pradesh,Chittoor,13.8782,79.5244,7.22,1.41,16.88,35.0,37.58,28.99,27.0,22.93,67.7,908.6,0.416,0.478,4,45.24,19.21,106.0,0.42
Andhra Pradesh,Chittoor,13.5029,79.9275,6.75,1.58,20.78,31.78,39.95,25.67,27.97,24.49,71.14,1186.0,0.367,0.546,5,43.2,19.21,94.0,2.84
Andhra Pradesh,Chittoor,13.3998,79.1358,7.08,1.21,13.24,37.29,34.4,29.92,26.63,22.7,69.3,987.5,0.424,0.458,4,44.66,19.21,346.0,0.41
Andhra Pradesh,Chittoor,13.87,78.6121,6.67,1.5,21.16,35.24,41.92,23.15,26.28,22.86,65.02,754.2,0.513,0.32,5,43.08,19.83,599.0,12.85
Andhra Pradesh,Cuddapah,14.109,78.6776,7.21,1.0,11.16,35.38,40.9,26.67,26.28,22.86,65.02,754.2,0.513,0.32,5,43.08,19.77,391.0,0.83
Andhra Pradesh,Cuddapah,14.8645,78.6551,6.92,1.22,13.23,35.54,39.24,19.81,27.52,23.9,64.0,741.5,0.567,0.304,5,46.45,19.77,158.0,0.1
Andhra Pradesh,Cuddapah,14.8803,78.5074,7.31,1.16,29.57,41.12,31.9,32.76,27.52,23.9,64.0,741.5,0.567,0.304,5,46.45,19.77,168.0,0.26
Andhra Pradesh,Cuddapah,14.9284,78.3546,7.29,1.12,21.35,39.27,32.61,28.45,27.61,24.4,60.89,666.1,0.622,0.219,6,45.63,19.77,189.0,0.1
Andhra Pradesh,Cuddapah,14.3401,79.0499,6.92,1.21,17.78,34.34,39.03,27.25,27.63,23.82,63.3,753.3,0.504,0.366,5,45.99,19.23,140.0,0.5
Andhra Pradesh,East Godavari,16.9302,82.086,6.85,1.35,23.15,32.33,36.98,23.79,27.44,24.24,73.29,1173.2,0.643,0.265,5,47.99,18.12,5.0,0.05
Andhra Pradesh,East Godavari,17.7121,81.9638,5.75,1.83,22.31,28.94,40.22,21.67,25.73,22.44,72.77,1240.9,0.682,0.221,5,46.56,18.21,697.0,7.56
Andhra Pradesh,East Godavari,16.9827,82.1312,6.78,1.28,22.45,33.28,35.35,25.79,27.44,24.24,73.29,1173.2,0.643,0.265,5,47.99,18.12,3.0,0.0
Andhra Pradesh,East Godavari,17.6939,81.8365,5.73,2.08,23.96,29.33,41.65,22.6,25.73,22.44,72.77,1240.9,0.682,0.221,5,46.56,18.21,650.0,4.52
Andhra Pradesh,East Godavari,17.2963,81.6963,6.27,1.3,15.79,30.45,36.96,25.02,25.73,22.44,72.77,1240.9,0.682,0.221,5,46.56,18.21,28.0,1.9
Andhra Pradesh,Guntur,16.5033,79.4073,6.87,0.98,10.56,31.91,42.51,21.51,27.76,24.11,63.49,753.4,0.678,0.21,7,46.52,19.14,150.0,0.27
Andhra Pradesh,Guntur,16.2344,80.2859,6.3,1.61,19.68,32.41,39.88,20.2,28.14,24.56,67.76,867.0,0.589,0.313,6,47.48,18.44,287.0,1.56
Andhra Pradesh,Guntur,16.2736,79.9643,6.66,1.13,11.55,32.64,40.31,23.53,28.16,24.55,66.31,870.9,0.652,0.249,6,48.4,19.14,88.0,0.38
Andhra Pradesh,Guntur,16.4106,79.2995,6.96,0.98,11.77,29.45,46.6,21.84,27.76,24.11,63.49,753.4,0.678,0.21,7,46.52,19.14,206.0,1.94
Andhra Pradesh,Guntur,16.4552,79.8349,6.6,1.31,18.15,33.06,40.57,23.8,28.16,24.55,66.31,870.9,0.652,0.249,6,48.4,19.14,126.0,0.26
Andhra Pradesh,Karimnagar,18.4451,79.5568,7.05,0.94,10.57,34.96,25.8,29.25,27.58,23.51,57.98,924.4,0.821,0.1,7,47.95,19.0,181.0,0.4
Andhra Pradesh,Karimnagar,18.2009,79.569,7.04,0.83,9.87,36.13,29.72,29.99,27.19,23.21,59.68,861.8,0.795,0.116,7,47.25,19.0,216.0,0.38
Andhra Pradesh,Karimnagar,18.3342,79.4645,7.23,0.91,10.21,35.85,26.81,33.54,27.58,23.51,57.98,924.4,0.821,0.1,7,47.95,19.0,210.0,0.56
Andhra Pradesh,Karimnagar,19.0194,78.972,7.02,1.06,10.65,37.59,24.54,27.78,27.1,23.08,56.0,902.1,0.838,0.084,7,47.41,18.86,196.0,0.43
Andhra Pradesh,Karimnagar,18.6361,80.0822,6.19,1.27,15.17,33.99,29.56,20.71,27.69,23.7,60.53,1091.6,0.829,0.096,7,48.23,18.5,140.0,0.7
Andhra Pradesh,Hyderabad,17.3245,78.4932,6.76,1.28,10.47,36.52,45.38,19.15,26.1,22.41,60.3,807.3,0.765,0.128,7,45.0,19.29,522.0,0.68
Andhra Pradesh,Hyderabad,17.4323,78.4729,6.77,1.62,16.16,34.19,41.45,22.32,26.1,22.41,60.3,807.3,0.765,0.128,7,45.0,19.29,513.0,0.41
Andhra Pradesh,Hyderabad,17.4535,78.4712,6.7,1.65,14.52,35.03,44.78,17.87,26.1,22.41,60.3,807.3,0.765,0.128,7,45.0,19.29,529.0,0.54
Andhra Pradesh,Hyderabad,17.3914,78.3967,6.52,1.21,10.44,37.4,47.13,17.81,25.89,22.5,58.79,815.1,0.767,0.124,7,44.11,19.29,538.0,0.43
Andhra Pradesh,Hyderabad,17.3134,78.4802,6.52,1.3,10.52,32.96,49.82,21.77,26.1,22.41,60.3,807.3,0.765,0.128,7,45.0,19.29,547.0,0.77
Andhra Pradesh,Khammam,17.807,80.6941,6.23,1.32,13.82,28.92,40.52,17.8,27.33,23.53,65.47,1182.0,0.786,0.127,7,47.74,18.72,179.0,4.05
Andhra Pradesh,Khammam,17.8585,80.8055,6.35,1.37,16.93,28.79,38.39,18.4,27.33,23.53,65.47,1182.0,0.786,0.127,7,47.74,18.72,109.0,1.71
Andhra Pradesh,Khammam,17.7177,80.1561,6.1,1.69,20.83,30.03,41.54,23.35,27.48,23.66,64.04,919.8,0.755,0.155,7,47.5,18.72,254.0,0.74
Andhra Pradesh,Khammam,17.3288,79.9742,6.91,0.94,20.1,30.47,34.29,21.28,27.48,23.66,64.04,919.8,0.755,0.155,7,47.5,19.14,161.0,0.36
Andhra Pradesh,Khammam,17.2141,80.1673,6.61,1.33,11.87,29.89,35.96,19.67,27.95,24.24,65.19,885.1,0.703,0.199,7,48.06,18.72,109.0,0.3
Andhra Pradesh,Krishna,16.6486,80.741,6.67,1.05,11.61,29.63,43.44,19.49,27.99,24.57,69.9,1026.6,0.639,0.27,6,48.35,18.44,66.0,0.67
Andhra Pradesh,Krishna,15.9128,81.0439,6.81,2.12,21.4,34.62,31.31,28.48,28.02,25.43,76.01,1125.8,0.612,0.296,5,40.45,18.45,2.0,0.05
Andhra Pradesh,Krishna,16.5685,81.0821,6.58,2.09,22.24,34.11,33.89,25.31,27.92,25.04,72.8,1119.4,0.627,0.286,5,45.96,18.28,5.0,0.0
Andhra Pradesh,Krishna,16.6541,80.8731,6.6,1.04,13.34,30.0,43.42,20.3,27.99,24.57,69.9,1026.6,0.639,0.27,6,48.35,18.44,49.0,0.74
Andhra Pradesh,Krishna,17.0037,80.2479,6.59,1.06,12.13,29.17,36.43,21.12,27.95,24.24,65.19,885.1,0.703,0.199,7,48.06,18.72,81.0,0.21
Andhra Pradesh,Kurnool,15.7607,77.4766,6.71,0.92,11.95,33.37,44.38,16.95,27.35,24.52,58.34,678.6,0.7,0.153,6,45.08,20.05,374.0,0.36
Andhra Pradesh,Kurnool,15.9686,78.3078,7.08,1.14,18.3,36.81,31.97,23.56,27.34,24.44,60.28,735.6,0.703,0.16,6,45.5,19.2,280.0,0.38
Andhra Pradesh,Kurnool,15.1845,77.3333,7.5,1.06,10.33,41.16,31.12,36.3,27.0,24.15,60.13,608.7,0.616,0.203,6,44.25,20.05,442.0,0.45
Andhra Pradesh,Kurnool,15.1777,77.2579,7.52,1.15,25.9,41.88,30.92,38.78,27.0,24.15,60.13,608.7,0.616,0.203,6,44.25,20.05,420.0,0.31
Andhra Pradesh,Kurnool,15.0574,78.4054,7.29,1.05,26.52,37.3,33.64,31.0,27.61,24.4,60.89,666.1,0.622,0.219,6,45.63,19.2,175.0,0.32
Andhra Pradesh,Mahbubnagar,16.1868,77.776,7.34,0.92,14.93,37.84,32.08,30.18,27.35,24.52,58.34,678.6,0.7,0.153,6,45.08,19.96,362.0,0.56
Andhra Pradesh,Mahbubnagar,16.753,78.6994,6.99,0.96,9.14,36.43,37.33,26.94,26.42,22.81,61.22,756.0,0.738,0.145,7,45.09,19.44,388.0,0.51
Andhra Pradesh,Mahbubnagar,16.7892,77.8395,6.71,1.17,10.4,34.33,34.76,27.46,25.84,22.61,60.33,769.4,0.746,0.136,7,43.98,19.96,497.0,0.89
Andhra Pradesh,Mahbubnagar,16.9204,78.0264,6.51,0.97,9.58,34.08,39.63,24.41,25.84,22.61,60.33,769.4,0.746,0.136,7,43.98,19.44,616.0,1.34
Andhra Pradesh,Mahbubnagar,16.3306,79.0333,6.79,0.95,10.52,30.04,46.56,22.02,26.6,23.14,62.56,740.2,0.712,0.165,7,44.95,19.14,424.0,1.89
Andhra Pradesh,Nalgonda,17.0558,79.136,7.2,0.9,16.41,34.34,35.67,21.75,27.78,24.05,61.84,770.8,0.722,0.17,7,47.0,19.14,240.0,0.1
Andhra Pradesh,Nalgonda,17.0071,79.2171,7.03,0.99,11.73,34.89,36.12,24.74,27.78,24.05,61.84,770.8,0.722,0.17,7,47.0,19.14,208.0,0.36
Andhra Pradesh,Nalgonda,17.3113,79.2062,6.93,0.9,8.9,34.78,37.77,20.26,27.31,23.45,60.84,813.1,0.762,0.139,7,47.0,19.14,285.0,0.34
Andhra Pradesh,Nalgonda,17.2786,78.9859,7.28,0.9,16.59,37.07,36.43,26.23,26.1,22.41,60.3,807.3,0.765,0.128,7,45.0,19.29,352.0,0.57
Andhra Pradesh,Nalgonda,16.5675,79.0973,7.06,1.0,21.17,31.79,41.9,24.43,27.76,24.11,63.49,753.4,0.678,0.21,7,46.52,19.14,182.0,1.88
Andhra Pradesh,Medak,18.007,78.9256,7.15,1.22,9.29,39.12,35.45,24.78,26.25,22.51,58.88,850.1,0.791,0.113,7,45.66,19.18,479.0,0.73
Andhra Pradesh,Medak,17.7088,77.8449,7.4,1.09,11.35,37.6,32.78,33.21,25.89,22.5,58.79,815.1,0.767,0.124,7,44.11,19.29,552.0,0.8
Andhra Pradesh,Medak,17.6137,77.8847,7.4,1.12,13.36,38.83,36.74,34.76,25.89,22.5,58.79,815.1,0.767,0.124,7,44.11,19.29,543.0,0.44
Andhra Pradesh,Medak,18.1748,78.889,6.99,1.14,10.52,38.62,32.67,25.77,26.25,22.51,58.88,850.1,0.791,0.113,7,45.66,19.18,460.0,0.43
Andhra Pradesh,Medak,17.8108,77.8308,7.43,0.98,13.65,36.73,34.36,30.12,26.29,22.77,57.45,844.7,0.79,0.112,7,44.77,19.29,531.0,0.54
Andhra Pradesh,Nizamabad,18.2576,77.9056,7.1,1.34,9.6,36.22,35.06,31.26,26.82,23.22,55.75,854.4,0.814,0.1,7,45.89,19.23,400.0,1.1
Andhra Pradesh,Nizamabad,18.5326,78.0845,7.44,1.34,10.56,33.76,40.65,40.24,26.82,23.22,55.75,854.4,0.814,0.1,7,45.89,19.18,444.0,1.02
Andhra Pradesh,Nizamabad,18.4995,78.0732,7.41,1.28,11.57,32.91,41.56,40.12,26.82,23.22,55.75,854.4,0.814,0.1,7,45.89,19.18,548.0,1.87
Andhra Pradesh,Nizamabad,18.3095,77.8248,7.19,1.01,9.79,35.94,37.7,36.88,26.82,23.22,55.75,854.4,0.814,0.1,7,45.89,19.23,424.0,0.46
Andhra Pradesh,Nizamabad,18.3751,78.3181,7.32,1.03,11.05,37.08,32.45,33.99,26.82,23.22,55.75,854.4,0.814,0.1,7,45.89,19.18,524.0,0.21
Andhra Pradesh,Nellore,14.7718,79.7171,7.26,1.34,25.47,33.77,35.67,28.31,28.28,24.78,70.43,922.6,0.426,0.487,5,43.39,19.23,54.0,0.4
Andhra Pradesh,Nellore,14.5936,80.0232,6.78,1.92,19.44,36.47,31.29,26.23,28.37,24.68,69.62,1005.7,0.37,0.552,5,43.12,18.89,11.0,0.0
Andhra Pradesh,Nellore,13.8081,79.9985,7.07,1.64,22.47,35.1,32.23,23.64,28.26,24.7,70.1,1092.5,0.363,0.556,5,42.79,19.21,31.0,0.53
Andhra Pradesh,Nellore,13.9212,79.6915,7.1,1.56,22.89,36.89,36.7,25.36,28.26,24.7,70.1,1092.5,0.363,0.556,5,42.79,19.21,69.0,3.81
Andhra Pradesh,Nellore,14.7821,79.1405,6.69,1.5,18.55,35.1,40.63,27.98,27.63,23.44,66.83,823.0,0.457,0.446,6,46.95,19.23,326.0,6.02
Andhra Pradesh,Rangareddi,17.6261,78.5013,6.67,1.05,8.36,35.27,46.53,19.57,26.1,22.41,60.3,807.3,0.765,0.128,7,45.0,19.29,580.0,0.9
Andhra Pradesh,Rangareddi,17.3934,77.7469,7.04,1.01,8.99,37.09,36.08,28.03,26.11,22.97,57.34,831.4,0.773,0.117,7,44.4,19.29,527.0,0.37
Andhra Pradesh,Rangareddi,17.2321,78.7746,6.71,1.08,10.77,35.86,43.19,23.98,26.42,22.81,61.22,756.0,0.738,0.145,7,45.09,19.29,521.0,1.8
Andhra Pradesh,Rangareddi,17.1336,78.7129,6.7,1.1,10.48,36.48,42.0,22.24,26.42,22.81,61.22,756.0,0.738,0.145,7,45.09,19.29,590.0,1.08
Andhra Pradesh,Rangareddi,17.3864,77.9963,6.99,1.05,9.4,37.12,34.33,31.14,25.89,22.5,58.79,815.1,0.767,0.124,7,44.11,19.29,602.0,0.85
Andhra Pradesh,Prakasam,16.0165,79.911,6.7,1.17,11.38,28.68,42.3,23.23,28.14,24.56,67.76,867.0,0.589,0.313,6,47.48,19.14,76.0,0.28
Andhra Pradesh,Prakasam,15.6427,79.6388,7.12,1.1,25.41,37.21,36.53,31.54,27.6,23.64,66.34,782.4,0.542,0.351,6,46.92,18.94,81.0,0.46
Andhra Pradesh,Prakasam,15.1462,79.2374,6.79,1.31,14.22,33.89,41.72,28.56,27.63,23.44,66.83,823.0,0.457,0.446,6,46.95,18.94,206.0,4.41
Andhra Pradesh,Prakasam,15.2995,79.1882,6.67,1.48,19.46,33.61,40.43,26.24,27.6,23.64,66.34,782.4,0.542,0.351,6,46.92,18.94,429.0,12.7
Andhra Pradesh,Prakasam,15.3097,79.3034,7.1,1.29,18.66,31.73,40.8,29.01,27.6,23.64,66.34,782.4,0.542,0.351,6,46.92,18.94,160.0,0.57
Andhra Pradesh,Srikakulam,18.5936,84.2665,6.55,1.21,14.33,30.34,38.07,17.85,27.11,23.8,76.39,1359.1,0.66,0.212,5,38.83,17.79,13.0,0.11
Andhra Pradesh,Srikakulam,18.3308,84.0904,6.69,1.81,19.8,31.99,29.09,24.03,27.11,23.8,76.39,1359.1,0.66,0.212,5,38.83,17.79,4.0,0.12
Andhra Pradesh,Srikakulam,18.1213,83.7214,6.6,1.02,13.51,28.33,36.52,21.67,27.38,24.03,75.97,1276.3,0.639,0.243,5,39.5,17.65,16.0,0.79
Andhra Pradesh,Srikakulam,18.6724,84.02,6.28,1.52,19.23,31.8,39.4,18.45,26.92,22.82,72.12,1277.9,0.659,0.229,5,45.68,17.79,102.0,7.49
Andhra Pradesh,Srikakulam,18.5997,83.8707,6.1,1.57,20.36,29.52,40.63,15.48,26.92,22.82,72.12,1277.9,0.659,0.229,5,45.68,17.65,243.0,7.48
Andhra Pradesh,Vishakhapatnam,17.6929,82.913,6.41,1.38,16.88,30.97,36.8,20.15,27.42,24.26,76.09,1253.7,0.643,0.25,5,39.71,17.78,102.0,3.82
Andhra Pradesh,Vishakhapatnam,18.0375,82.989,6.39,1.4,20.59,32.41,35.84,17.91,25.98,22.07,72.93,1316.8,0.664,0.228,5,45.07,17.62,110.0,2.33
Andhra Pradesh,Vishakhapatnam,18.2556,82.3641,6.04,1.61,17.8,31.56,40.08,18.75,23.14,19.26,70.46,1561.6,0.762,0.133,6,43.04,17.62,527.0,4.58
Andhra Pradesh,Vishakhapatnam,17.4853,82.939,6.66,1.5,16.26,29.67,37.31,22.24,27.42,24.26,76.09,1253.7,0.643,0.25,5,39.71,17.78,27.0,7.03
Andhra Pradesh,Vishakhapatnam,17.9147,82.678,6.19,1.82,20.55,33.84,38.45,17.64,23.77,20.16,72.61,1402.9,0.714,0.184,5,44.29,17.78,348.0,20.86
Andhra Pradesh,Vizianagaram,17.9938,83.4286,6.39,1.07,11.18,30.58,32.36,18.59,25.98,22.07,72.93,1316.8,0.664,0.228,5,45.07,18.0,21.0,0.6
Andhra Pradesh,Vizianagaram,18.4129,83.1498,6.17,1.5,17.53,31.24,40.26,17.44,24.59,20.39,70.21,1416.9,0.709,0.185,5,45.12,17.65,232.0,5.7
Andhra Pradesh,Vizianagaram,18.4269,83.1738,6.42,1.31,18.06,32.48,38.26,19.29,24.59,20.39,70.21,1416.9,0.709,0.185,5,45.12,17.65,228.0,1.44
Andhra Pradesh,Vizianagaram,18.7992,83.4142,6.26,1.09,12.65,29.84,39.89,16.88,23.96,19.48,68.75,1448.4,0.751,0.144,6,44.4,17.65,136.0,0.71
Andhra Pradesh,Vizianagaram,18.6482,83.534,6.41,1.02,11.76,32.37,37.32,17.72,26.92,22.82,72.12,1277.9,0.659,0.229,5,45.68,17.65,70.0,0.05
Andhra Pradesh,Warangal,18.3978,80.1303,6.16,1.31,14.07,30.75,38.38,22.17,27.69,23.7,60.53,1091.6,0.829,0.096,7,48.23,18.5,155.0,0.42
Andhra Pradesh,Warangal,18.3025,80.1526,6.36,1.25,13.69,29.82,42.08,22.41,27.69,23.7,60.53,1091.6,0.829,0.096,7,48.23,18.5,213.0,1.86
Andhra Pradesh,Warangal,18.4313,79.6328,6.99,0.86,15.56,34.67,27.8,28.79,27.58,23.51,57.98,924.4,0.821,0.1,7,47.95,19.0,183.0,0.49
Andhra Pradesh,Warangal,17.8871,80.1795,6.1,1.77,18.52,29.2,43.23,21.48,27.41,23.45,62.43,987.5,0.799,0.119,7,47.67,18.72,322.0,1.23
Andhra Pradesh,Warangal,17.7078,79.4225,6.99,0.93,9.02,35.85,35.18,23.91,27.31,23.45,60.84,813.1,0.762,0.139,7,47.0,19.14,294.0,0.37
Andhra Pradesh,West Godavari,16.5703,81.701,6.59,1.37,24.05,30.73,34.39,24.89,27.74,24.88,75.37,1183.8,0.629,0.283,5,43.46,18.28,9.0,0.19
Andhra Pradesh,West Godavari,16.6778,81.1115,6.72,1.13,17.2,31.98,35.11,25.45,27.92,25.04,72.8,1119.4,0.627,0.286,5,45.96,18.28,7.0,0.05
Andhra Pradesh,West Godavari,17.0085,81.2804,6.42,1.05,12.55,29.15,41.45,21.6,27.35,24.12,71.8,1145.9,0.654,0.255,5,47.99,18.21,98.0,0.5
Andhra Pradesh,West Godavari,17.1234,80.9798,6.54,1.01,12.47,28.29,39.99,21.31,27.35,24.12,71.8,1145.9,0.654,0.255,5,47.99,18.72,121.0,1.01
Andhra Pradesh,West Godavari,16.9193,81.6897,6.75,1.35,20.63,30.41,37.31,22.14,27.44,24.24,73.29,1173.2,0.643,0.265,5,47.99,18.28,12.0,0.07
Arunachal Pradesh,Changlang,27.6331,96.6125,5.49,4.03,55.43,30.66,33.2,20.55,15.15,8.54,74.9,1701.8,0.623,0.072,4,33.41,13.84,3240.0,16.23
Arunachal Pradesh,Changlang,27.5372,96.1962,5.03,4.09,29.2,30.79,41.99,15.98,21.14,14.87,72.27,1836.2,0.64,0.067,4,39.9,13.84,310.0,0.84
Arunachal Pradesh,Changlang,27.3211,96.0875,5.01,6.33,34.38,31.98,41.02,20.02,21.14,14.87,72.27,1836.2,0.64,0.067,4,39.9,13.84,684.0,13.11
Arunachal Pradesh,Changlang,27.5283,96.4984,5.05,4.45,27.47,32.42,39.33,17.74,21.14,14.87,72.27,1836.2,0.64,0.067,4,39.9,13.84,706.0,14.39
Arunachal Pradesh,Changlang,27.2299,96.9436,5.31,5.67,31.26,32.91,34.21,19.43,17.9,11.21,74.38,1504.3,0.621,0.074,4,38.09,13.84,1107.0,4.44
Karnataka,Chikmagalur,13.4533,75.4155,5.54,2.88,36.43,38.34,36.59,26.88,22.53,20.5,77.64,2460.4,0.819,0.102,5,39.03,18.72,905.0,5.65
Karnataka,Chikmagalur,13.2806,75.3765,5.5,4.22,42.94,33.7,37.08,27.03,22.53,20.5,77.64,2460.4,0.819,0.102,5,39.03,18.72,1371.0,3.24
Karnataka,Chikmagalur,13.2379,75.1736,5.5,3.65,42.06,31.0,37.73,24.65,26.74,26.33,76.55,3614.3,0.835,0.095,5,38.08,18.72,944.0,5.45
Karnataka,Chikmagalur,13.6163,75.9627,6.95,1.02,10.57,33.2,41.63,28.15,23.65,21.88,68.79,1137.3,0.684,0.164,6,40.36,18.72,796.0,0.74
Karnataka,Chikmagalur,13.3345,75.7621,6.02,1.54,15.74,33.56,38.81,34.32,22.53,20.5,77.64,2460.4,0.819,0.102,5,39.03,18.72,1041.0,0.68
Karnataka,Chikmagalur,13.8218,76.0786,7.1,1.33,12.51,34.4,39.91,33.49,24.57,22.79,66.3,865.0,0.629,0.196,6,41.15,19.82,787.0,0.74
Karnataka,Chikmagalur,13.7525,75.7958,6.69,0.97,10.51,33.39,41.2,26.69,23.87,21.87,73.34,1866.3,0.802,0.112,6,41.12,18.72,689.0,1.02
Karnataka,Chikmagalur,13.1386,75.5062,5.45,3.45,39.09,33.43,39.79,27.12,23.41,22.06,78.12,2852.8,0.82,0.099,5,39.7,18.72,1017.0,11.73
Karnataka,Chikmagalur,13.7343,75.8584,6.85,1.26,12.24,33.44,38.81,24.83,22.53,20.5,77.64,2460.4,0.819,0.102,5,39.03,18.72,691.0,0.73
Karnataka,Chikmagalur,13.2527,75.3722,5.43,3.38,37.2,33.99,40.51,26.75,22.53,20.5,77.64,2460.4,0.819,0.102,5,39.03,18.72,932.0,10.0
Karnataka,Chikmagalur,13.5484,75.4836,5.72,2.35,19.13,32.59,39.85,27.65,22.53,20.5,77.64,2460.4,0.819,0.102,5,39.03,18.72,722.0,0.46
Karnataka,Chikmagalur,13.1921,75.4166,5.42,3.43,39.02,34.79,37.71,25.23,23.41,22.06,78.12,2852.8,0.82,0.099,5,39.7,18.72,1065.0,7.05
Karnataka,Dakshina Kannada,13.0592,74.7785,5.93,2.98,55.37,36.67,34.98,23.25,26.74,26.33,76.55,3614.3,0.835,0.095,5,38.08,19.02,0.0,0.31
Karnataka,Dakshina Kannada,12.8407,75.3384,5.63,1.81,20.32,29.58,46.88,16.31,23.41,22.06,78.12,2852.8,0.82,0.099,5,39.7,18.14,105.0,1.43
Karnataka,Dakshina Kannada,12.8065,75.5183,5.59,2.0,22.87,31.45,50.46,15.42,23.41,22.06,78.12,2852.8,0.82,0.099,5,39.7,18.14,248.0,1.44
Karnataka,Dakshina Kannada,12.6904,75.0665,5.63,2.04,27.46,33.15,46.61,18.49,27.08,26.85,77.98,3521.1,0.795,0.113,4,36.03,18.14,105.0,4.45
Karnataka,Dakshina Kannada,13.0005,74.9006,5.65,2.04,27.41,40.21,45.4,21.01,26.74,26.33,76.55,3614.3,0.835,0.095,5,38.08,19.02,47.0,3.76
Karnataka,Dakshina Kannada,13.0467,75.2856,5.59,3.61,24.34,31.85,49.49,18.69,26.74,26.33,76.55,3614.3,0.835,0.095,5,38.08,18.72,180.0,7.72
Karnataka,Dakshina Kannada,12.6178,75.4108,5.59,1.77,21.57,28.77,51.94,14.32,23.82,23.05,79.01,2994.4,0.793,0.112,4,38.9,18.14,139.0,1.9
Karnataka,Dakshina Kannada,12.9561,74.9061,5.92,2.0,28.5,37.64,46.01,20.46,26.74,26.33,76.55,3614.3,0.835,0.095,5,38.08,19.05,11.0,2.22
Karnataka,Dakshina Kannada,12.9442,74.8503,6.13,2.08,34.68,39.04,36.35,21.96,26.74,26.33,76.55,3614.3,0.835,0.095,5,38.08,19.05,21.0,1.42
Karnataka,Dakshina Kannada,12.8765,75.1045,5.69,2.02,31.19,37.15,42.12,19.49,26.74,26.33,76.55,3614.3,0.835,0.095,5,38.08,18.14,13.0,1.32
Karnataka,Dakshina Kannada,12.7773,75.1396,5.67,2.03,24.23,34.31,42.77,20.41,26.74,26.33,76.55,3614.3,0.835,0.095,5,38.08,18.14,70.0,0.33
Karnataka,Dakshina Kannada,12.6208,75.6105,5.58,2.7,25.24,28.55,48.32,14.95,23.82,23.05,79.01,2994.4,0.793,0.112,4,38.9,18.14,123.0,1.27
Karnataka,Davanagere,14.7122,75.8473,7.64,0.99,9.63,40.25,31.9,35.7,24.92,23.46,67.99,1365.1,0.768,0.129,6,42.2,19.76,546.0,0.48
Karnataka,Davanagere,14.4418,75.8347,6.79,1.04,10.08,37.44,37.43,24.94,24.92,23.46,67.99,1365.1,0.768,0.129,6,42.2,19.76,573.0,0.6
Karnataka,Davanagere,13.8701,75.8989,6.56,1.33,17.12,32.68,43.06,20.95,23.87,21.87,73.34,1866.3,0.802,0.112,6,41.12,18.72,774.0,0.58
Karnataka,Davanagere,14.7052,75.7628,7.54,0.99,10.08,41.97,32.72,24.59,24.92,23.46,67.99,1365.1,0.768,0.129,6,42.2,19.76,527.0,0.41
Karnataka,Davanagere,14.2542,75.8143,6.75,1.06,11.23,34.22,45.38,20.12,24.92,23.46,67.99,1365.1,0.768,0.129,6,42.2,19.76,594.0,1.05
Karnataka,Davanagere,14.6527,76.2634,7.24,1.08,14.29,35.52,35.18,42.6,25.16,23.39,64.13,702.4,0.583,0.22,6,41.6,20.22,633.0,0.98
Karnataka,Davanagere,14.1011,75.4618,6.56,1.49,15.71,34.93,36.91,26.95,23.87,21.87,73.34,1866.3,0.802,0.112,6,41.12,19.76,726.0,2.99
Karnataka,Davanagere,14.5169,76.3554,7.22,1.05,11.64,34.39,37.08,40.1,25.16,23.39,64.13,702.4,0.583,0.22,6,41.6,20.22,666.0,0.7
Karnataka,Davanagere,14.0922,75.5344,6.67,0.93,10.01,36.17,38.58,27.76,23.87,21.87,73.34,1866.3,0.802,0.112,6,41.12,19.76,615.0,0.85
Karnataka,Davanagere,14.6495,76.119,7.25,0.98,9.53,38.41,32.73,42.51,25.16,23.39,64.13,702.4,0.583,0.22,6,41.6,20.22,595.0,0.81
Karnataka,Davanagere,14.0937,75.868,6.83,1.18,11.84,34.57,44.37,22.58,23.87,21.87,73.34,1866.3,0.802,0.112,6,41.12,19.76,631.0,0.52
Karnataka,Davanagere,14.3997,75.7074,6.94,1.02,10.09,38.06,35.81,24.63,24.92,23.46,67.99,1365.1,0.768,0.129,6,42.2,19.76,580.0,0.1
Karnataka,Gadag,15.1289,75.7316,7.76,1.12,12.36,35.09,33.83,37.94,25.49,23.83,63.97,800.7,0.658,0.177,6,42.13,19.53,674.0,1.04
Karnataka,Gadag,15.1314,75.7067,7.9,0.99,10.75,37.4,29.37,41.58,25.49,23.83,63.97,800.7,0.658,0.177,6,42.13,19.53,558.0,0.36
Karnataka,Gadag,15.2729,75.4478,7.79,1.18,13.3,39.54,29.6,43.29,25.6,23.63,61.26,680.1,0.647,0.178,6,42.37,19.53,634.0,0.36
Karnataka,Gadag,15.6126,75.6852,7.64,1.04,18.94,34.53,33.91,38.04,25.6,23.63,61.26,680.1,0.647,0.178,6,42.37,19.53,592.0,0.52
Karnataka,Gadag,15.667,75.769,7.45,0.9,11.64,30.08,38.91,32.74,25.6,23.63,61.26,680.1,0.647,0.178,6,42.37,19.53,590.0,0.28
Karnataka,Gadag,15.0182,75.7323,7.93,0.97,24.99,39.88,25.99,42.86,25.49,23.83,63.97,800.7,0.658,0.177,6,42.13,19.53,550.0,0.62
Karnataka,Gadag,15.6419,75.7702,7.52,0.94,12.07,32.52,37.97,31.52,25.6,23.63,61.26,680.1,0.647,0.178,6,42.37,19.53,598.0,0.39
Karnataka,Gadag,15.4526,75.5497,7.63,1.0,12.6,32.42,37.03,34.03,25.6,23.63,61.26,680.1,0.647,0.178,6,42.37,19.53,645.0,0.67
Karnataka,Gadag,15.1698,75.8658,7.7,1.1,13.69,31.71,34.13,37.19,25.49,23.83,63.97,800.7,0.658,0.177,6,42.13,19.53,535.0,0.91
Karnataka,Gadag,15.7815,75.6617,7.57,0.86,21.01,32.5,39.0,33.59,26.07,23.83,58.12,590.4,0.659,0.176,6,43.05,19.53,558.0,0.54
Karnataka,Gadag,15.1186,75.5692,7.87,1.1,13.53,39.76,29.21,45.69,25.49,23.83,63.97,800.7,0.658,0.177,6,42.13,19.53,580.0,0.33
Karnataka,Gadag,15.0676,75.6968,7.63,0.99,10.83,37.33,31.04,42.52,25.49,23.83,63.97,800.7,0.658,0.177,6,42.13,19.53,607.0,5.73
Karnataka,Mandya,12.7624,77.0293,6.66,0.89,9.68,36.61,40.85,17.51,24.11,22.5,67.12,880.9,0.546,0.222,5,40.63,19.73,680.0,0.38
Karnataka,Mandya,12.6769,76.3968,6.97,1.23,13.99,36.96,36.6,24.84,23.2,22.02,73.35,1604.3,0.717,0.143,4,39.89,19.49,795.0,1.05
Karnataka,Mandya,12.8249,76.8047,6.79,1.09,13.49,33.79,44.06,25.28,24.11,22.5,67.12,880.9,0.546,0.222,5,40.63,19.49,760.0,0.69
Karnataka,Mandya,12.5262,76.7184,6.56,1.35,14.0,35.69,38.66,23.8,24.52,23.11,67.75,883.0,0.534,0.232,4,41.44,19.49,718.0,0.73
Karnataka,Mandya,12.5128,77.0287,6.59,1.45,15.11,37.13,32.91,25.2,24.52,23.11,67.75,883.0,0.534,0.232,4,41.44,19.73,621.0,0.23
Karnataka,Mandya,12.5898,76.9482,6.69,1.19,13.34,34.7,36.14,23.35,24.52,23.11,67.75,883.0,0.534,0.232,4,41.44,19.49,670.0,0.74
Karnataka,Mandya,12.5059,76.7861,6.8,0.99,10.15,34.43,39.13,28.11,24.52,23.11,67.75,883.0,0.534,0.232,4,41.44,19.49,748.0,1.18
Karnataka,Mandya,12.8491,76.859,6.82,1.02,10.15,34.12,43.74,24.68,24.11,22.5,67.12,880.9,0.546,0.222,5,40.63,19.49,736.0,0.69
Karnataka,Mandya,12.5203,76.5776,7.07,1.26,12.96,33.5,39.18,28.33,24.52,23.11,67.75,883.0,0.534,0.232,4,41.44,19.49,838.0,1.17
Karnataka,Mandya,12.2736,77.0253,6.81,1.16,10.88,36.68,33.72,28.08,24.52,23.11,67.75,883.0,0.534,0.232,4,41.44,19.73,649.0,0.35
Karnataka,Mandya,12.458,76.7957,6.85,1.21,9.82,36.2,37.08,27.25,24.52,23.11,67.75,883.0,0.534,0.232,4,41.44,19.49,740.0,1.18
Karnataka,Mandya,12.5807,76.485,6.99,1.13,12.67,36.44,36.56,26.44,23.2,22.02,73.35,1604.3,0.717,0.143,4,39.89,19.49,774.0,1.03
Karnataka,Gulbarga,17.1342,76.5803,7.47,0.96,12.03,44.3,28.46,41.07,27.23,24.25,55.04,720.5,0.746,0.132,7,45.04,19.47,415.0,0.95
Karnataka,Gulbarga,17.065,76.6081,7.3,0.85,12.22,39.17,32.13,33.74,27.23,24.25,55.04,720.5,0.746,0.132,7,45.04,19.47,392.0,1.43
Karnataka,Gulbarga,17.0053,77.2221,6.89,1.24,9.71,35.64,42.19,27.88,26.66,23.74,57.53,777.7,0.752,0.127,7,44.7,19.29,533.0,1.0
Karnataka,Gulbarga,17.1496,77.3459,6.89,1.59,10.45,35.35,37.08,27.96,26.66,23.74,57.53,777.7,0.752,0.127,7,44.7,19.29,455.0,1.23
Karnataka,Gulbarga,17.5105,77.3015,6.82,1.16,12.0,37.92,32.66,32.71,26.11,22.97,57.34,831.4,0.773,0.117,7,44.4,19.29,482.0,4.35
Karnataka,Gulbarga,16.8918,76.6559,7.37,0.94,10.29,39.91,34.0,35.69,27.23,24.25,55.04,720.5,0.746,0.132,7,45.04,19.87,497.0,1.31
Karnataka,Gulbarga,17.1713,76.5865,7.23,0.99,11.58,42.05,29.54,38.19,27.23,24.25,55.04,720.5,0.746,0.132,7,45.04,19.47,413.0,1.05
Karnataka,Gulbarga,17.453,76.8045,7.05,1.25,11.66,35.85,34.14,35.54,26.58,23.47,55.25,770.7,0.765,0.125,7,44.6,19.47,508.0,0.67
Karnataka,Gulbarga,17.5493,77.3665,6.89,1.17,9.54,36.29,32.54,32.28,26.11,22.97,57.34,831.4,0.773,0.117,7,44.4,19.29,494.0,0.6
Karnataka,Gulbarga,17.06,76.5452,7.49,0.87,12.49,41.86,31.62,39.25,27.06,24.05,54.06,632.3,0.728,0.152,7,44.82,19.47,407.0,0.9
Karnataka,Gulbarga,16.9957,76.7776,7.2,0.82,9.51,37.88,36.59,28.55,27.23,24.25,55.04,720.5,0.746,0.132,7,45.04,19.87,428.0,0.74
Karnataka,Gulbarga,17.0774,76.5847,7.38,0.86,12.96,39.89,31.96,33.37,27.23,24.25,55.04,720.5,0.746,0.132,7,45.04,19.47,408.0,0.63
Karnataka,Shimoga,14.1013,74.7545,5.74,2.78,36.01,30.19,43.53,28.04,24.33,22.54,79.02,2754.3,0.846,0.092,5,40.38,19.17,580.0,5.19
Karnataka,Shimoga,13.9859,75.5378,6.51,1.04,10.39,34.66,37.78,26.98,23.87,21.87,73.34,1866.3,0.802,0.112,6,41.12,18.72,612.0,0.59
Karnataka,Shimoga,13.8459,75.1655,6.04,1.73,20.25,28.56,43.28,25.18,24.33,22.54,79.02,2754.3,0.846,0.092,5,40.38,18.72,644.0,0.64
Karnataka,Shimoga,14.0188,74.8297,6.02,2.06,22.66,26.13,46.23,29.27,24.33,22.54,79.02,2754.3,0.846,0.092,5,40.38,19.17,604.0,4.86
Karnataka,Shimoga,13.8407,74.9303,5.76,2.97,47.6,29.63,41.65,26.8,24.33,22.54,79.02,2754.3,0.846,0.092,5,40.38,19.02,576.0,1.66
Karnataka,Shimoga,14.2721,75.3353,6.42,1.5,13.45,35.22,37.3,35.48,24.92,23.46,67.99,1365.1,0.768,0.129,6,42.2,19.76,584.0,0.45
Karnataka,Shimoga,14.2989,75.3127,6.48,1.54,15.91,35.49,35.55,33.51,24.92,23.46,67.99,1365.1,0.768,0.129,6,42.2,19.76,650.0,0.9
Karnataka,Shimoga,14.0509,75.292,6.35,1.38,13.6,32.49,39.03,32.86,24.33,22.54,79.02,2754.3,0.846,0.092,5,40.38,19.76,670.0,1.81
Karnataka,Shimoga,13.9875,75.1017,5.95,1.85,20.17,28.59,42.74,26.31,24.33,22.54,79.02,2754.3,0.846,0.092,5,40.38,18.72,596.0,0.69
Karnataka,Shimoga,14.0539,75.4541,6.55,1.14,10.58,35.64,36.5,31.92,23.87,21.87,73.34,1866.3,0.802,0.112,6,41.12,19.76,654.0,0.56
Karnataka,Shimoga,13.6314,75.2738,5.58,2.01,22.3,31.45,42.57,25.26,25.38,24.34,77.32,3354.6,0.848,0.09,5,38.61,18.72,725.0,1.67
Karnataka,Shimoga,14.114,75.1925,6.21,1.48,15.15,29.82,43.57,32.28,24.33,22.54,79.02,2754.3,0.846,0.092,5,40.38,19.76,645.0,1.17
Karnataka,Tumkur,13.4182,77.0704,6.63,0.94,10.32,27.9,52.21,15.66,24.29,22.48,65.46,798.0,0.542,0.233,5,40.72,20.19,799.0,0.55
Karnataka,Tumkur,12.8376,77.1201,6.39,0.99,10.6,30.89,50.46,13.27,24.11,22.5,67.12,880.9,0.546,0.222,5,40.63,19.73,817.0,1.2
Karnataka,Tumkur,13.9691,76.9863,7.16,1.17,12.4,43.08,31.56,39.84,25.15,23.04,63.39,683.6,0.537,0.244,6,41.44,19.82,624.0,0.56
Karnataka,Tumkur,14.0384,76.9192,7.11,1.07,13.36,41.48,31.98,38.49,25.15,23.04,63.39,683.6,0.537,0.244,6,41.44,20.22,595.0,0.33
Karnataka,Tumkur,13.2641,76.6754,6.67,0.97,11.26,31.81,50.45,19.85,24.29,22.48,65.46,798.0,0.542,0.233,5,40.72,19.82,807.0,0.78
Karnataka,Tumkur,13.3711,76.3927,6.87,0.96,11.41,32.43,45.1,23.58,23.65,21.88,68.79,1137.3,0.684,0.164,6,40.36,19.82,796.0,0.7
Karnataka,Tumkur,13.7021,77.404,6.9,1.42,11.4,38.05,42.96,29.06,24.02,21.74,66.33,800.0,0.529,0.257,5,40.42,20.19,660.0,0.26
Karnataka,Tumkur,12.974,77.1046,6.49,1.26,10.91,29.19,52.27,15.03,24.11,22.5,67.12,880.9,0.546,0.222,5,40.63,19.73,850.0,1.57
Karnataka,Tumkur,13.1179,76.9226,6.75,1.15,9.53,35.04,45.6,20.9,24.11,22.5,67.12,880.9,0.546,0.222,5,40.63,19.82,778.0,0.72
Karnataka,Tumkur,13.4917,77.1613,6.59,1.05,10.68,28.43,55.33,17.51,24.29,22.48,65.46,798.0,0.542,0.233,5,40.72,20.19,826.0,0.74
Karnataka,Tumkur,12.8519,77.0791,6.47,1.0,14.93,29.92,53.29,14.17,24.11,22.5,67.12,880.9,0.546,0.222,5,40.63,19.73,769.0,1.14
Karnataka,Tumkur,13.7564,77.4088,6.94,1.07,10.49,35.6,46.2,23.54,25.39,22.89,63.31,715.1,0.543,0.261,5,41.9,20.19,644.0,0.21
Karnataka,Uttara Kannada,15.3164,74.6017,5.88,1.9,19.89,30.69,39.96,30.88,25.17,24.13,70.94,1889.4,0.854,0.085,6,42.39,18.63,494.0,0.79
Karnataka,Uttara Kannada,14.511,75.0212,6.28,1.37,12.73,31.13,41.51,32.67,24.39,22.64,74.71,1885.8,0.821,0.105,6,41.54,19.76,554.0,0.28
Karnataka,Uttara Kannada,14.8925,74.5304,5.62,3.26,34.3,30.45,42.27,26.43,25.32,23.72,77.14,2320.2,0.86,0.085,6,39.71,19.17,500.0,7.45
Karnataka,Uttara Kannada,14.6858,74.7485,5.74,1.94,25.29,28.74,42.0,26.2,24.39,22.64,74.71,1885.8,0.821,0.105,6,41.54,19.17,514.0,1.54
Karnataka,Uttara Kannada,15.2341,74.534,5.85,2.07,26.68,29.3,42.71,33.21,25.32,23.72,77.14,2320.2,0.86,0.085,6,39.71,18.63,554.0,4.3
Karnataka,Uttara Kannada,15.0629,74.6487,5.69,2.26,24.45,29.87,42.63,25.26,25.32,23.72,77.14,2320.2,0.86,0.085,6,39.71,18.63,493.0,7.55
Karnataka,Uttara Kannada,15.2044,74.7744,5.73,1.68,17.98,31.94,41.07,33.32,24.93,23.44,69.68,1392.9,0.79,0.117,6,42.17,18.63,566.0,1.57
Karnataka,Uttara Kannada,15.3659,74.7173,6.23,1.17,11.78,38.27,37.19,34.68,24.84,23.23,66.04,1064.2,0.762,0.127,6,42.17,18.63,590.0,1.19
Karnataka,Uttara Kannada,14.8641,74.5684,5.72,2.7,29.23,32.33,41.42,24.04,25.32,23.72,77.14,2320.2,0.86,0.085,6,39.71,19.17,266.0,10.41
Karnataka,Uttara Kannada,14.7548,74.5593,5.65,2.66,30.79,29.48,43.49,22.94,25.32,23.72,77.14,2320.2,0.86,0.085,6,39.71,19.17,317.0,6.9
Karnataka,Uttara Kannada,15.1917,74.7726,5.85,1.5,19.35,32.7,42.2,32.94,24.93,23.44,69.68,1392.9,0.79,0.117,6,42.17,18.63,546.0,2.63
Karnataka,Uttara Kannada,14.6468,75.0464,6.34,1.42,13.64,32.66,39.8,34.55,24.39,22.64,74.71,1885.8,0.821,0.105,6,41.54,19.76,593.0,1.21
Karnataka,Udupi,13.6513,74.7452,6.05,2.14,31.24,33.02,41.89,22.89,25.38,24.34,77.32,3354.6,0.848,0.09,5,38.61,19.02,17.0,0.85
Karnataka,Udupi,13.6476,74.9315,5.72,1.69,21.57,31.22,44.6,20.76,25.38,24.34,77.32,3354.6,0.848,0.09,5,38.61,19.02,59.0,0.82
Karnataka,Udupi,13.4825,74.9372,5.74,2.33,28.01,37.39,41.88,20.11,25.38,24.34,77.32,3354.6,0.848,0.09,5,38.61,19.02,61.0,1.69
Karnataka,Udupi,13.7687,74.6903,5.97,1.99,31.76,33.53,43.82,22.4,24.33,22.54,79.02,2754.3,0.846,0.092,5,40.38,19.02,46.0,1.78
Karnataka,Udupi,13.1665,74.7994,5.93,1.83,27.23,35.65,41.85,22.07,26.74,26.33,76.55,3614.3,0.835,0.095,5,38.08,19.02,29.0,1.0
Karnataka,Udupi,13.4223,74.8904,5.72,2.07,29.34,37.78,43.25,21.0,25.38,24.34,77.32,3354.6,0.848,0.09,5,38.61,19.02,65.0,1.45
Karnataka,Udupi,13.0938,75.0995,5.71,2.53,28.63,38.02,42.32,20.98,26.74,26.33,76.55,3614.3,0.835,0.095,5,38.08,18.72,97.0,0.54
Karnataka,Udupi,13.5551,74.7828,5.86,1.91,28.31,33.89,39.96,20.92,25.38,24.34,77.32,3354.6,0.848,0.09,5,38.61,19.02,23.0,0.88
Karnataka,Udupi,13.2381,74.8407,5.91,1.94,30.64,33.47,40.26,20.61,26.74,26.33,76.55,3614.3,0.835,0.095,5,38.08,19.02,43.0,1.16
Karnataka,Udupi,13.4174,75.0193,5.72,1.91,22.37,36.2,42.29,20.28,25.38,24.34,77.32,3354.6,0.848,0.09,5,38.61,18.72,87.0,4.08
Karnataka,Udupi,13.2022,74.8008,6.02,1.93,31.17,36.09,41.21,20.69,26.74,26.33,76.55,3614.3,0.835,0.095,5,38.08,19.02,27.0,1.74
Karnataka,Udupi,13.8512,74.7505,5.87,2.88,35.43,28.86,46.07,21.57,24.33,22.54,79.02,2754.3,0.846,0.092,5,40.38,19.02,210.0,12.27
Karnataka,Mysore,12.382,76.3905,6.91,1.15,12.92,32.35,38.85,26.66,23.2,22.02,73.35,1604.3,0.717,0.143,4,39.89,19.49,765.0,1.03
Karnataka,Mysore,12.1192,76.3301,6.43,1.15,13.49,33.47,39.45,27.73,23.31,22.41,76.05,1737.8,0.693,0.161,4,40.03,19.49,719.0,1.01
Karnataka,Mysore,12.5395,76.0325,6.48,1.47,13.89,38.35,36.05,29.07,23.2,22.02,73.35,1604.3,0.717,0.143,4,39.89,19.49,843.0,1.55
Karnataka,Mysore,12.1035,76.7588,7.19,1.2,10.92,34.76,37.28,28.77,23.86,22.49,69.82,886.2,0.508,0.266,4,40.67,19.49,693.0,0.31
Karnataka,Mysore,12.2577,76.4347,6.88,1.2,12.22,33.98,40.81,30.2,23.2,22.02,73.35,1604.3,0.717,0.143,4,39.89,19.49,757.0,0.62
Karnataka,Mysore,11.9819,76.147,5.49,2.23,19.93,32.92,39.52,21.27,23.31,22.41,76.05,1737.8,0.693,0.161,4,40.03,18.58,791.0,0.72
Karnataka,Mysore,12.2112,76.2913,6.67,1.12,11.7,32.23,38.33,26.39,23.31,22.41,76.05,1737.8,0.693,0.161,4,40.03,19.49,766.0,1.95
Karnataka,Mysore,11.9633,76.4303,6.4,1.17,14.29,33.87,41.25,27.68,23.31,22.41,76.05,1737.8,0.693,0.161,4,40.03,18.58,730.0,0.15
Karnataka,Mysore,11.9917,76.5219,6.72,1.3,13.14,34.79,39.97,30.04,23.31,22.41,76.05,1737.8,0.693,0.161,4,40.03,18.58,711.0,0.8
Karnataka,Mysore,12.234,76.6357,6.85,1.13,12.7,34.77,36.44,26.25,23.86,22.49,69.82,886.2,0.508,0.266,4,40.67,19.49,731.0,0.63
Karnataka,Mysore,12.0289,76.3732,6.22,1.24,12.32,34.81,39.85,25.78,23.31,22.41,76.05,1737.8,0.693,0.161,4,40.03,19.49,705.0,1.71
Karnataka,Mysore,12.5794,76.261,6.97,1.43,14.77,36.11,41.12,26.58,23.2,22.02,73.35,1604.3,0.717,0.143,4,39.89,19.49,817.0,0.93
Karnataka,Bijapur,17.1788,75.9677,7.48,0.86,11.19,41.57,32.79,37.1,27.06,24.05,54.06,632.3,0.728,0.152,7,44.82,19.66,463.0,0.54
Karnataka,Bijapur,16.8577,76.0303,7.23,0.94,11.16,36.4,37.86,30.63,27.06,24.05,54.06,632.3,0.728,0.152,7,44.82,19.87,536.0,0.67
Karnataka,Bijapur,16.8222,75.6256,7.0,0.96,11.81,32.12,37.69,36.93,26.53,23.57,54.77,553.7,0.716,0.17,7,44.1,19.65,634.0,0.46
Karnataka,Bijapur,16.6716,76.1966,7.31,0.83,10.52,35.42,40.35,29.52,26.66,23.84,55.64,584.1,0.692,0.164,7,44.19,19.87,527.0,0.5
Karnataka,Bijapur,16.8956,76.2266,7.24,0.87,10.34,35.86,39.33,33.91,27.06,24.05,54.06,632.3,0.728,0.152,7,44.82,19.87,504.0,0.46
Karnataka,Bijapur,16.7133,76.3215,7.28,0.93,10.62,36.25,37.9,31.95,26.66,23.84,55.64,584.1,0.692,0.164,7,44.19,19.87,507.0,0.54
Karnataka,Bijapur,17.0234,75.9141,7.33,0.9,10.74,35.92,38.58,33.04,26.53,23.57,54.77,553.7,0.716,0.17,7,44.1,19.66,492.0,0.56
Karnataka,Bijapur,17.204,75.8352,7.52,0.87,12.0,41.82,33.38,34.65,26.53,23.57,54.77,553.7,0.716,0.17,7,44.1,19.66,490.0,0.39
Karnataka,Bijapur,16.7202,75.6595,7.08,0.94,16.76,29.83,41.94,36.49,26.25,23.69,56.3,541.3,0.686,0.174,7,43.44,19.65,618.0,0.27
Karnataka,Bijapur,16.5933,76.3535,7.25,0.87,10.7,33.65,39.6,31.86,26.66,23.84,55.64,584.1,0.692,0.164,7,44.19,19.87,570.0,0.6
Karnataka,Bijapur,16.6473,76.2194,7.32,0.85,10.0,36.48,38.0,31.83,26.66,23.84,55.64,584.1,0.692,0.164,7,44.19,19.87,524.0,0.33
Karnataka,Bijapur,16.9492,75.353,7.03,0.99,10.03,32.9,41.9,33.2,26.53,23.57,54.77,553.7,0.716,0.17,7,44.1,19.65,639.0,1.36
Karnataka,Bagalkot,15.9927,75.9172,7.35,1.0,10.93,33.4,41.07,32.35,26.07,23.83,58.12,590.4,0.659,0.176,6,43.05,19.53,536.0,0.41
Karnataka,Bagalkot,16.3196,75.6152,7.22,0.93,11.28,29.85,49.65,27.37,26.25,23.69,56.3,541.3,0.686,0.174,7,43.44,19.65,578.0,1.84
Karnataka,Bagalkot,16.2964,75.8286,7.58,0.95,18.03,36.8,35.63,33.28,26.25,23.69,56.3,541.3,0.686,0.174,7,43.44,19.65,519.0,0.86
Karnataka,Bagalkot,16.4716,75.2277,7.57,1.01,13.03,34.5,44.51,32.88,25.86,23.78,58.45,612.5,0.737,0.15,7,43.3,19.65,587.0,1.05
Karnataka,Bagalkot,16.5949,75.1667,7.34,1.12,14.53,36.82,43.96,24.27,25.86,23.78,58.45,612.5,0.737,0.15,7,43.3,19.65,523.0,0.34
Karnataka,Bagalkot,16.3826,75.1625,7.0,1.0,13.53,35.57,45.19,23.22,25.86,23.78,58.45,612.5,0.737,0.15,7,43.3,19.65,584.0,0.42
Karnataka,Bagalkot,16.2486,75.6605,6.68,1.19,15.35,30.29,51.81,24.67,26.07,23.83,58.12,590.4,0.659,0.176,6,43.05,19.65,606.0,7.07
Karnataka,Bagalkot,16.2393,75.3176,7.19,0.96,11.46,31.08,54.03,24.95,26.07,23.83,58.12,590.4,0.659,0.176,6,43.05,19.65,583.0,2.33
Karnataka,Bagalkot,16.6374,75.3711,7.3,0.91,10.94,36.37,40.11,29.42,26.25,23.69,56.3,541.3,0.686,0.174,7,43.44,19.65,536.0,0.57
Karnataka,Bagalkot,16.236,75.3799,7.17,0.86,10.65,30.51,47.86,23.69,26.07,23.83,58.12,590.4,0.659,0.176,6,43.05,19.65,542.0,0.24
Karnataka,Bagalkot,16.5334,75.2687,7.8,0.91,13.01,37.29,41.15,35.96,25.86,23.78,58.45,612.5,0.737,0.15,7,43.3,19.65,534.0,0.17
Karnataka,Bagalkot,16.037,75.7139,7.7,0.9,12.83,36.12,36.38,37.45,26.07,23.83,58.12,590.4,0.659,0.176,6,43.05,19.65,571.0,0.67
Karnataka,Bidar,18.0476,77.2186,7.22,1.04,8.24,40.02,34.24,31.52,26.18,22.78,56.29,858.8,0.792,0.109,7,44.55,19.23,600.0,0.41
Karnataka,Bidar,17.7863,77.2619,7.26,1.04,8.86,38.96,31.64,32.68,26.18,22.78,56.29,858.8,0.792,0.109,7,44.55,19.29,603.0,0.75
Karnataka,Bidar,18.1387,77.3525,7.41,1.06,10.17,38.35,30.63,40.2,26.18,22.78,56.29,858.8,0.792,0.109,7,44.55,19.23,538.0,0.49
Karnataka,Bidar,18.2111,77.5774,7.17,1.15,10.93,36.94,37.17,32.95,26.18,22.78,56.29,858.8,0.792,0.109,7,44.55,19.23,547.0,1.55
Karnataka,Bidar,17.8494,77.5416,7.19,1.05,9.84,37.93,37.74,28.94,26.18,22.78,56.29,858.8,0.792,0.109,7,44.55,19.29,648.0,1.18
Karnataka,Bidar,17.9336,77.1345,7.03,1.11,9.42,38.87,31.64,31.71,26.06,22.76,55.28,788.5,0.779,0.121,7,44.16,19.29,617.0,0.9
Karnataka,Bidar,17.6752,76.9199,6.9,1.13,12.06,33.91,39.51,29.52,26.58,23.47,55.25,770.7,0.765,0.125,7,44.6,19.47,604.0,2.92
Karnataka,Bidar,17.6751,76.9481,6.95,1.07,11.04,36.13,38.77,28.67,26.58,23.47,55.25,770.7,0.765,0.125,7,44.6,19.47,552.0,0.19
Karnataka,Bidar,17.8429,77.1453,6.92,1.04,11.6,36.54,34.38,32.61,26.06,22.76,55.28,788.5,0.779,0.121,7,44.16,19.29,628.0,0.38
Karnataka,Bidar,18.2657,77.5532,7.18,1.09,10.85,36.36,35.2,35.5,26.82,23.23,54.51,858.4,0.813,0.1,7,45.57,19.23,508.0,0.95
Karnataka,Bidar,18.119,77.464,7.17,1.1,9.73,36.41,33.12,34.47,26.18,22.78,56.29,858.8,0.792,0.109,7,44.55,19.23,574.0,1.24
Karnataka,Bidar,18.4206,77.3299,7.19,1.02,10.34,37.52,34.78,33.8,26.82,23.23,54.51,858.4,0.813,0.1,7,45.57,19.23,459.0,0.79
Karnataka,Chamrajnagar,12.1491,77.1916,6.77,1.19,11.49,32.57,40.66,30.18,24.88,22.67,67.69,795.9,0.445,0.33,4,42.08,19.73,653.0,0.23
Karnataka,Chamrajnagar,11.8498,76.8951,6.98,1.28,18.63,30.28,41.33,30.34,23.86,22.49,69.82,886.2,0.508,0.266,4,40.67,18.58,754.0,1.23
Karnataka,Chamrajnagar,11.8747,77.2322,6.7,1.71,19.95,31.27,39.08,31.72,24.88,22.67,67.69,795.9,0.445,0.33,4,42.08,19.74,988.0,1.89
Karnataka,Chamrajnagar,11.9785,76.7531,7.16,1.28,13.3,33.44,39.52,32.79,23.86,22.49,69.82,886.2,0.508,0.266,4,40.67,18.58,732.0,0.48
Karnataka,Chamrajnagar,11.6866,76.8538,6.5,1.7,19.15,32.59,37.89,28.29,23.5,21.97,72.73,947.1,0.493,0.299,4,40.27,18.58,1048.0,1.93
Karnataka,Chamrajnagar,11.9648,77.0783,6.78,1.32,13.04,30.53,39.91,29.19,23.86,22.49,69.82,886.2,0.508,0.266,4,40.67,19.74,681.0,0.52
Karnataka,Chamrajnagar,11.7843,77.4263,6.51,1.91,22.18,30.69,38.52,28.72,24.88,22.67,67.69,795.9,0.445,0.33,4,42.08,19.74,868.0,9.23
Karnataka,Chamrajnagar,12.001,77.2983,6.59,1.35,16.89,31.09,40.33,27.53,24.88,22.67,67.69,795.9,0.445,0.33,4,42.08,19.73,857.0,4.96
Karnataka,Chamrajnagar,12.3039,77.1783,6.61,1.35,15.35,32.86,39.73,26.99,24.52,23.11,67.75,883.0,0.534,0.232,4,41.44,19.73,553.0,3.89
Karnataka,Chamrajnagar,12.1713,77.277,6.77,1.44,15.31,31.66,39.93,26.36,24.88,22.67,67.69,795.9,0.445,0.33,4,42.08,19.73,751.0,4.66
Karnataka,Chamrajnagar,12.0748,77.4325,6.86,1.18,11.59,31.77,39.71,32.74,24.88,22.67,67.69,795.9,0.445,0.33,4,42.08,19.73,592.0,0.67
Karnataka,Chamrajnagar,12.1418,76.8597,7.01,1.26,11.25,33.22,36.17,30.4,23.86,22.49,69.82,886.2,0.508,0.266,4,40.67,19.49,684.0,0.45
Karnataka,Hassan,13.0801,75.8918,6.05,1.39,19.97,34.91,38.88,28.69,23.41,22.06,78.12,2852.8,0.82,0.099,5,39.7,18.72,979.0,1.29
Karnataka,Hassan,12.7522,75.6654,5.52,3.74,36.99,34.7,41.46,27.12,23.41,22.06,78.12,2852.8,0.82,0.099,5,39.7,18.14,626.0,12.58
Karnataka,Hassan,12.9034,76.589,6.83,1.19,11.44,32.12,42.29,25.23,24.11,22.5,67.12,880.9,0.546,0.222,5,40.63,19.49,884.0,0.44
Karnataka,Hassan,12.7913,76.3169,7.03,1.35,14.33,32.84,41.44,24.93,23.02,21.46,71.84,1417.6,0.715,0.144,4,39.67,19.49,859.0,2.35
Karnataka,Hassan,13.1605,76.262,7.22,1.15,11.87,32.69,39.03,33.15,23.02,21.46,71.84,1417.6,0.715,0.144,4,39.67,19.82,968.0,0.51
Karnataka,Hassan,12.9309,76.5362,6.9,1.11,12.04,32.11,41.59,24.17,23.02,21.46,71.84,1417.6,0.715,0.144,4,39.67,19.49,902.0,0.19
Karnataka,Hassan,12.9179,76.1683,7.04,1.17,11.99,37.03,37.64,30.2,23.02,21.46,71.84,1417.6,0.715,0.144,4,39.67,19.49,895.0,1.22
Karnataka,Hassan,12.7029,75.822,5.71,3.32,32.49,32.23,37.33,26.56,23.82,23.05,79.01,2994.4,0.793,0.112,4,38.9,18.14,1114.0,5.55
Karnataka,Hassan,13.2136,76.0994,7.06,1.2,16.85,32.96,39.98,28.22,23.02,21.46,71.84,1417.6,0.715,0.144,4,39.67,19.82,895.0,1.01
Karnataka,Hassan,12.6795,76.2921,7.02,1.18,12.86,32.22,43.15,26.65,23.2,22.02,73.35,1604.3,0.717,0.143,4,39.89,19.49,888.0,2.0
Karnataka,Hassan,13.0467,76.1919,6.98,1.15,11.5,31.54,39.24,28.77,23.02,21.46,71.84,1417.6,0.715,0.144,4,39.67,19.82,978.0,0.82
Karnataka,Hassan,13.0724,76.5459,6.68,1.05,10.47,32.46,44.79,22.86,23.02,21.46,71.84,1417.6,0.715,0.144,4,39.67,19.82,878.0,0.45
Karnataka,Kodagu,12.1099,76.1141,5.58,2.15,22.08,32.0,39.19,19.89,23.31,22.41,76.05,1737.8,0.693,0.161,4,40.03,19.49,844.0,1.31
Karnataka,Kodagu,12.6413,75.9103,5.84,2.51,27.95,30.38,37.36,26.84,23.82,23.05,79.01,2994.4,0.793,0.112,4,38.9,18.14,982.0,12.37
Karnataka,Kodagu,12.6262,75.9403,6.0,1.59,15.01,32.96,39.94,24.03,23.2,22.02,73.35,1604.3,0.717,0.143,4,39.89,18.14,915.0,0.72
Karnataka,Kodagu,12.376,75.4858,5.43,3.97,47.33,35.42,38.59,30.1,23.82,23.05,79.01,2994.4,0.793,0.112,4,38.9,18.14,931.0,18.64
Karnataka,Kodagu,12.5275,75.7149,5.59,4.0,36.38,32.83,37.55,28.75,23.82,23.05,79.01,2994.4,0.793,0.112,4,38.9,18.14,1219.0,4.93
Karnataka,Kodagu,12.342,75.9384,5.66,2.44,23.75,30.46,39.19,22.66,23.2,22.02,73.35,1604.3,0.717,0.143,4,39.89,18.14,944.0,6.04
Karnataka,Kodagu,12.0617,75.9465,5.53,1.95,22.43,30.39,40.96,25.51,23.31,22.41,76.05,1737.8,0.693,0.161,4,40.03,18.14,847.0,1.77
Karnataka,Kodagu,12.3252,75.5946,5.49,3.55,35.0,35.81,38.54,28.19,23.82,23.05,79.01,2994.4,0.793,0.112,4,38.9,18.14,899.0,2.05
Karnataka,Kodagu,12.7052,75.9031,5.67,2.08,22.65,33.24,35.75,29.31,23.82,23.05,79.01,2994.4,0.793,0.112,4,38.9,18.14,1001.0,1.23
Karnataka,Kodagu,12.2253,75.6722,5.47,4.16,42.26,35.03,39.32,28.2,24.98,24.62,79.48,2889.5,0.752,0.133,4,37.81,18.14,1087.0,8.8
Karnataka,Kodagu,12.6655,75.8595,5.74,3.08,36.83,29.19,35.93,25.03,23.82,23.05,79.01,2994.4,0.793,0.112,4,38.9,18.14,991.0,5.46
Karnataka,Kodagu,12.3968,75.7483,5.58,3.05,33.33,34.1,40.84,25.05,23.82,23.05,79.01,2994.4,0.793,0.112,4,38.9,18.14,951.0,6.26
Karnataka,Haveri,14.5203,75.5881,7.47,1.09,12.96,42.47,27.29,37.82,24.92,23.46,67.99,1365.1,0.768,0.129,6,42.2,19.76,565.0,0.38
Karnataka,Haveri,14.7922,75.5786,7.79,1.05,10.43,40.37,29.92,42.13,25.49,23.83,63.97,800.7,0.658,0.177,6,42.13,19.76,569.0,0.53
Karnataka,Haveri,14.9579,75.6571,7.71,0.97,10.41,41.52,27.52,41.2,25.49,23.83,63.97,800.7,0.658,0.177,6,42.13,19.76,521.0,0.54
Karnataka,Haveri,14.729,75.3088,6.78,1.01,10.37,39.92,31.47,36.63,24.39,22.64,74.71,1885.8,0.821,0.105,6,41.54,19.76,586.0,0.84
Karnataka,Haveri,14.9033,75.1869,6.58,1.21,11.1,37.21,35.2,34.19,24.93,23.44,69.68,1392.9,0.79,0.117,6,42.17,19.76,627.0,1.65
Karnataka,Haveri,14.9297,75.432,7.84,1.05,10.51,47.42,26.8,42.73,25.49,23.83,63.97,800.7,0.658,0.177,6,42.13,19.76,559.0,0.49
Karnataka,Haveri,14.7643,75.3534,7.24,1.04,10.81,42.04,28.38,39.89,25.49,23.83,63.97,800.7,0.658,0.177,6,42.13,19.76,572.0,0.3
Karnataka,Haveri,14.6691,75.4132,7.0,1.23,13.17,37.18,33.65,39.38,24.92,23.46,67.99,1365.1,0.768,0.129,6,42.2,19.76,622.0,0.23
Karnataka,Haveri,14.948,75.3407,7.49,1.0,10.19,42.45,28.99,40.7,25.49,23.83,63.97,800.7,0.658,0.177,6,42.13,19.76,569.0,1.01
Karnataka,Haveri,14.8038,75.5165,7.84,1.07,11.13,43.37,26.93,47.37,25.49,23.83,63.97,800.7,0.658,0.177,6,42.13,19.76,582.0,0.56
Karnataka,Haveri,14.7658,75.2595,6.43,1.12,10.75,38.24,37.33,22.63,24.93,23.44,69.68,1392.9,0.79,0.117,6,42.17,19.76,535.0,0.35
Karnataka,Haveri,14.8002,75.1288,6.46,1.04,10.0,41.97,30.94,34.81,24.93,23.44,69.68,1392.9,0.79,0.117,6,42.17,19.76,571.0,0.99
Karnataka,Koppal,15.5707,76.4878,7.23,0.87,20.1,28.62,46.87,26.22,26.15,23.81,59.49,600.0,0.614,0.194,6,42.97,19.94,455.0,0.6
Karnataka,Koppal,15.8529,76.2321,7.35,0.99,12.79,32.32,42.26,36.66,26.47,23.92,57.11,576.1,0.65,0.178,6,43.8,19.94,614.0,1.08
Karnataka,Koppal,15.6337,76.4722,7.31,0.96,9.89,30.37,46.31,24.99,26.15,23.81,59.49,600.0,0.614,0.194,6,42.97,19.94,482.0,0.33
Karnataka,Koppal,15.683,76.4985,7.33,0.84,9.77,30.67,46.13,24.95,26.15,23.81,59.49,600.0,0.614,0.194,6,42.97,19.94,469.0,0.7
Karnataka,Koppal,15.5103,75.9996,7.08,0.97,19.81,32.52,36.75,33.61,26.15,23.81,59.49,600.0,0.614,0.194,6,42.97,19.53,588.0,0.37
Karnataka,Koppal,15.5911,76.5074,7.28,0.89,9.96,30.44,47.06,26.71,26.15,23.81,59.49,600.0,0.614,0.194,6,42.97,19.94,455.0,0.67
Karnataka,Koppal,15.6109,76.485,7.35,0.88,9.94,31.42,49.8,23.62,26.15,23.81,59.49,600.0,0.614,0.194,6,42.97,19.94,479.0,0.39
Karnataka,Koppal,15.895,76.2752,7.35,0.85,10.8,32.57,43.98,32.35,26.47,23.92,57.11,576.1,0.65,0.178,6,43.8,19.94,599.0,0.62
Karnataka,Koppal,15.8589,75.9365,6.69,1.16,11.46,27.35,47.71,23.37,26.07,23.83,58.12,590.4,0.659,0.176,6,43.05,19.53,651.0,4.31
Karnataka,Koppal,15.5013,76.1042,7.31,1.1,12.36,32.3,42.21,34.26,26.15,23.81,59.49,600.0,0.614,0.194,6,42.97,19.94,549.0,0.43
Karnataka,Koppal,15.8598,75.985,6.67,1.1,10.71,29.31,46.56,24.82,26.47,23.92,57.11,576.1,0.65,0.178,6,43.8,19.53,683.0,1.88
Karnataka,Koppal,15.8213,76.234,7.23,1.01,18.25,31.83,42.99,31.54,26.47,23.92,57.11,576.1,0.65,0.178,6,43.8,19.94,640.0,0.6
Karnataka,Bangalore Rural,13.09,77.7802,6.73,0.77,8.48,28.81,55.08,14.69,23.74,21.61,67.94,842.5,0.522,0.251,4,40.38,20.19,875.0,0.66
Karnataka,Bangalore Rural,13.0169,77.8208,6.55,0.93,9.47,29.63,53.24,18.64,23.83,21.25,69.24,876.1,0.497,0.296,4,40.91,20.19,874.0,0.26
Karnataka,Bangalore Rural,13.1718,77.2898,6.37,1.24,9.65,29.61,54.01,11.25,23.74,21.61,67.94,842.5,0.522,0.251,4,40.38,20.19,898.0,2.07
Karnataka,Bangalore Rural,13.1639,77.3765,6.31,1.14,9.89,29.64,54.75,11.98,23.74,21.61,67.94,842.5,0.522,0.251,4,40.38,20.19,880.0,0.31
Karnataka,Bangalore Rural,13.4622,77.3748,6.51,0.91,9.4,28.03,57.53,11.67,24.02,21.74,66.33,800.0,0.529,0.257,5,40.42,20.19,771.0,0.48
Karnataka,Bangalore Rural,13.0781,77.353,6.33,1.02,9.47,26.42,59.45,11.89,23.74,21.61,67.94,842.5,0.522,0.251,4,40.38,20.19,873.0,0.63
Karnataka,Bangalore Rural,13.0632,77.8438,6.53,1.0,9.11,25.44,55.6,16.2,23.83,21.25,69.24,876.1,0.497,0.296,4,40.91,20.19,899.0,0.95
Karnataka,Bangalore Rural,13.2858,77.5632,6.4,1.18,9.63,26.89,52.73,12.25,24.02,21.74,66.33,800.0,0.529,0.257,5,40.42,20.19,901.0,1.36
Karnataka,Bangalore Rural,13.4063,77.4512,6.1,1.49,20.56,27.57,55.11,10.32,24.02,21.74,66.33,800.0,0.529,0.257,5,40.42,20.19,939.0,8.17
Karnataka,Bangalore Rural,13.3466,77.7099,6.29,1.22,11.38,28.1,53.15,17.23,24.02,21.74,66.33,800.0,0.529,0.257,5,40.42,20.19,942.0,1.93
Karnataka,Bangalore Rural,13.2093,77.258,6.36,1.19,9.3,29.61,56.9,12.9,23.74,21.61,67.94,842.5,0.522,0.251,4,40.38,20.19,916.0,1.05
Karnataka,Bangalore Rural,13.3458,77.4147,6.09,1.19,14.62,27.99,56.55,11.31,24.02,21.74,66.33,800.0,0.529,0.257,5,40.42,20.19,935.0,3.78
Karnataka,Bangalore,12.8852,77.8078,6.55,0.92,9.4,32.88,46.82,20.11,23.74,21.61,67.94,842.5,0.522,0.251,4,40.38,19.73,866.0,0.78
Karnataka,Bangalore,13.0079,77.459,6.42,0.96,9.38,27.42,58.3,10.7,23.74,21.61,67.94,842.5,0.522,0.251,4,40.38,20.19,858.0,0.87
Karnataka,Bangalore,12.9348,77.4617,6.44,1.3,12.05,26.74,51.93,16.45,23.74,21.61,67.94,842.5,0.522,0.251,4,40.38,19.73,818.0,0.7
Karnataka,Bangalore,12.7389,77.7066,6.44,1.12,11.8,31.53,46.98,20.56,24.45,22.34,68.11,833.3,0.495,0.275,4,41.69,19.73,902.0,0.99
Karnataka,Bangalore,12.7388,77.7201,6.45,1.14,10.98,32.07,46.79,20.49,24.45,22.34,68.11,833.3,0.495,0.275,4,41.69,19.73,888.0,0.05
Karnataka,Bangalore,13.1205,77.4466,6.33,1.16,10.7,25.44,59.64,9.7,23.74,21.61,67.94,842.5,0.522,0.251,4,40.38,20.19,871.0,0.67
Karnataka,Bangalore,13.0074,77.6855,6.42,1.23,14.96,28.07,54.92,16.98,23.74,21.61,67.94,842.5,0.522,0.251,4,40.38,20.19,902.0,0.85
Karnataka,Bangalore,12.9042,77.5108,6.51,1.11,11.43,26.19,55.39,17.82,23.74,21.61,67.94,842.5,0.522,0.251,4,40.38,19.73,809.0,1.19
Karnataka,Bangalore,12.9878,77.4471,6.44,0.84,9.74,28.01,55.52,11.87,23.74,21.61,67.94,842.5,0.522,0.251,4,40.38,19.73,872.0,0.67
Karnataka,Bangalore,13.1446,77.5089,6.5,0.95,9.92,30.04,51.76,12.41,23.74,21.61,67.94,842.5,0.522,0.251,4,40.38,20.19,869.0,0.53
Karnataka,Bangalore,12.7178,77.5886,6.45,1.27,13.76,32.28,45.77,19.72,24.45,22.34,68.11,833.3,0.495,0.275,4,41.69,19.73,829.0,7.09
Karnataka,Bangalore,12.7125,77.6753,6.27,1.22,15.43,33.05,49.14,19.6,24.45,22.34,68.11,833.3,0.495,0.275,4,41.69,19.73,924.0,1.54
Karnataka,Belgaum,15.616,74.3543,5.72,2.56,27.46,32.47,39.9,27.17,25.17,24.13,70.94,1889.4,0.854,0.085,6,42.39,18.63,677.0,5.0
Karnataka,Belgaum,16.5613,74.8411,7.23,0.98,11.98,36.8,43.59,28.43,25.86,23.78,58.45,612.5,0.737,0.15,7,43.3,19.17,560.0,0.71
Karnataka,Belgaum,16.3105,74.5364,6.7,1.05,11.46,34.28,40.84,32.37,24.83,23.15,65.19,1213.8,0.852,0.09,7,43.07,19.17,707.0,0.74
Karnataka,Belgaum,16.0204,75.2735,7.18,0.9,18.37,35.62,40.78,33.82,25.2,23.39,62.04,795.3,0.74,0.139,6,42.53,19.65,629.0,0.64
Karnataka,Belgaum,15.8749,74.442,6.27,1.29,12.78,33.83,39.56,36.27,24.3,22.92,68.66,1552.4,0.848,0.089,6,42.34,18.63,746.0,0.79
Karnataka,Belgaum,15.8188,74.396,6.32,1.36,14.18,33.23,39.13,36.36,24.3,22.92,68.66,1552.4,0.848,0.089,6,42.34,18.63,768.0,1.14
Karnataka,Belgaum,16.5161,74.5264,7.06,0.88,10.18,32.14,42.08,30.72,24.83,23.15,65.19,1213.8,0.852,0.09,7,43.07,19.17,572.0,0.38
Karnataka,Belgaum,15.8451,75.3492,7.71,1.0,11.31,39.84,35.15,41.29,26.07,23.83,58.12,590.4,0.659,0.176,6,43.05,19.53,579.0,0.62
Karnataka,Belgaum,15.7558,75.1306,6.71,1.17,14.11,29.26,48.85,29.36,25.2,23.39,62.04,795.3,0.74,0.139,6,42.53,19.53,738.0,3.93
Karnataka,Belgaum,16.7455,75.0291,7.63,0.93,13.0,41.8,34.67,40.23,25.86,23.78,58.45,612.5,0.737,0.15,7,43.3,19.65,553.0,0.39
Karnataka,Belgaum,15.7891,75.0708,6.9,0.96,12.73,34.55,39.81,31.58,25.2,23.39,62.04,795.3,0.74,0.139,6,42.53,19.53,646.0,0.9
Karnataka,Belgaum,15.5416,74.3919,5.72,2.39,23.31,30.98,40.17,29.64,25.17,24.13,70.94,1889.4,0.854,0.085,6,42.39,18.63,744.0,6.15
Karnataka,Bellary,14.9733,76.377,6.95,1.07,11.14,36.19,37.81,36.55,25.65,23.58,62.51,634.8,0.583,0.214,6,41.41,20.22,599.0,1.01
Karnataka,Bellary,14.9652,76.3088,7.28,1.11,12.32,39.24,31.38,44.46,25.65,23.58,62.51,634.8,0.583,0.214,6,41.41,20.22,564.0,0.56
Karnataka,Bellary,14.8452,76.3178,7.14,1.28,17.61,37.18,38.46,36.41,25.65,23.58,62.51,634.8,0.583,0.214,6,41.41,20.22,614.0,0.95
Karnataka,Bellary,14.7583,76.6027,7.05,1.05,11.26,37.81,39.63,32.9,26.5,24.05,59.76,589.7,0.585,0.215,6,43.11,20.22,569.0,0.26
Karnataka,Bellary,14.7059,76.428,7.25,1.02,11.38,36.18,37.49,40.85,25.16,23.39,64.13,702.4,0.583,0.22,6,41.6,20.22,666.0,0.75
Karnataka,Bellary,14.761,75.7456,7.42,1.1,11.12,36.48,40.13,28.73,25.49,23.83,63.97,800.7,0.658,0.177,6,42.13,19.76,560.0,4.26
Karnataka,Bellary,15.2718,76.4361,6.81,0.98,10.48,26.94,50.49,19.98,26.15,23.81,59.49,600.0,0.614,0.194,6,42.97,19.94,487.0,0.61
Karnataka,Bellary,15.3282,76.6107,6.92,0.88,21.17,30.83,46.73,21.72,27.12,24.58,57.77,597.5,0.632,0.187,6,44.35,19.94,445.0,0.67
Karnataka,Bellary,14.7341,75.7105,7.42,1.03,15.73,40.36,33.39,28.41,24.92,23.46,67.99,1365.1,0.768,0.129,6,42.2,19.76,524.0,1.08
Karnataka,Bellary,14.7244,76.6214,7.11,1.01,25.26,39.34,35.47,40.1,25.83,23.51,61.8,605.5,0.545,0.239,6,42.12,20.22,580.0,0.54
Karnataka,Bellary,15.2922,76.6071,6.89,1.02,12.48,29.32,48.5,21.14,27.12,24.58,57.77,597.5,0.632,0.187,6,44.35,19.94,465.0,0.57
Karnataka,Bellary,14.9247,75.8139,7.83,0.96,10.86,41.45,26.04,43.14,25.49,23.83,63.97,800.7,0.658,0.177,6,42.13,19.76,540.0,0.92
Karnataka,Chikkaballapura,13.8329,78.0735,6.89,0.96,23.19,35.84,43.37,21.19,25.33,22.27,64.54,733.4,0.513,0.311,5,41.84,19.83,667.0,1.6
Karnataka,Chikkaballapura,13.8313,77.8698,6.69,1.14,21.39,32.14,50.06,18.43,25.33,22.27,64.54,733.4,0.513,0.311,5,41.84,20.19,797.0,3.22
Karnataka,Chikkaballapura,13.6418,77.6966,6.72,1.08,21.1,30.64,53.05,18.52,24.02,21.74,66.33,800.0,0.529,0.257,5,40.42,20.19,851.0,0.69
Karnataka,Chikkaballapura,13.5634,77.7019,6.29,1.48,22.4,29.92,53.76,14.51,24.02,21.74,66.33,800.0,0.529,0.257,5,40.42,20.19,919.0,3.87
Karnataka,Chikkaballapura,13.4423,77.5514,6.0,1.37,14.87,27.06,59.11,8.3,24.02,21.74,66.33,800.0,0.529,0.257,5,40.42,20.19,840.0,5.45
Karnataka,Chikkaballapura,13.8444,77.9096,6.69,1.24,24.08,31.41,49.87,18.77,25.33,22.27,64.54,733.4,0.513,0.311,5,41.84,20.19,855.0,6.57
Karnataka,Chikkaballapura,13.545,77.973,7.02,0.99,12.06,33.77,44.95,21.49,23.98,21.24,67.6,814.7,0.506,0.299,5,40.44,20.19,776.0,1.32
Karnataka,Chikkaballapura,13.7914,77.8022,6.9,0.96,18.82,33.35,49.27,18.99,25.39,22.89,63.31,715.1,0.543,0.261,5,41.9,20.19,715.0,0.93
Karnataka,Chikkaballapura,13.7825,78.1252,7.05,0.97,13.03,35.81,41.21,23.64,25.33,22.27,64.54,733.4,0.513,0.311,5,41.84,19.83,666.0,3.03
Karnataka,Chikkaballapura,13.4645,77.9015,6.7,0.99,17.94,30.58,53.8,18.34,23.98,21.24,67.6,814.7,0.506,0.299,5,40.44,20.19,877.0,0.57
Karnataka,Chikkaballapura,13.5018,77.6796,6.16,1.73,22.04,29.02,54.76,12.94,24.02,21.74,66.33,800.0,0.529,0.257,5,40.42,20.19,909.0,7.84
Karnataka,Chikkaballapura,13.4225,77.7392,6.33,1.12,17.82,28.98,54.48,13.92,24.02,21.74,66.33,800.0,0.529,0.257,5,40.42,20.19,905.0,0.37
Karnataka,Chitradurga,14.2838,76.8223,7.16,1.02,10.77,39.04,38.28,31.66,25.83,23.51,61.8,605.5,0.545,0.239,6,42.12,20.22,553.0,0.58
Karnataka,Chitradurga,14.1545,76.4579,6.97,1.09,11.31,30.31,45.62,33.19,24.57,22.79,66.3,865.0,0.629,0.196,6,41.15,20.22,745.0,3.35
Karnataka,Chitradurga,13.7184,76.3655,7.05,1.06,11.32,37.94,37.04,35.99,23.65,21.88,68.79,1137.3,0.684,0.164,6,40.36,19.82,667.0,0.63
Karnataka,Chitradurga,14.2422,76.3184,7.07,0.97,9.89,36.67,36.19,35.59,24.57,22.79,66.3,865.0,0.629,0.196,6,41.15,20.22,698.0,0.16
Karnataka,Chitradurga,14.1286,76.6778,7.15,1.05,18.25,38.05,37.21,36.29,25.15,23.04,63.39,683.6,0.537,0.244,6,41.44,20.22,614.0,0.56
Karnataka,Chitradurga,14.0414,76.8313,7.2,0.95,9.6,38.27,38.7,29.15,25.15,23.04,63.39,683.6,0.537,0.244,6,41.44,20.22,610.0,0.31
Karnataka,Chitradurga,14.4792,76.6818,7.07,1.06,22.6,40.5,33.9,39.75,25.83,23.51,61.8,605.5,0.545,0.239,6,42.12,20.22,550.0,0.57
Karnataka,Chitradurga,14.1195,76.1114,7.07,1.06,11.14,41.5,32.74,38.21,24.57,22.79,66.3,865.0,0.629,0.196,6,41.15,20.22,653.0,0.33
Karnataka,Chitradurga,14.1715,76.9042,6.99,1.12,12.81,36.5,37.31,36.73,25.15,23.04,63.39,683.6,0.537,0.244,6,41.44,20.22,569.0,0.16
Karnataka,Chitradurga,14.1221,76.7038,7.11,0.88,13.08,37.36,40.51,25.31,25.15,23.04,63.39,683.6,0.537,0.244,6,41.44,20.22,595.0,0.44
Karnataka,Chitradurga,13.7541,76.2238,7.18,1.41,13.15,39.09,35.27,40.42,24.57,22.79,66.3,865.0,0.629,0.196,6,41.15,19.82,682.0,0.16
Karnataka,Chitradurga,13.812,76.5817,7.19,1.07,10.92,34.52,44.15,35.98,25.15,23.04,63.39,683.6,0.537,0.244,6,41.44,19.82,667.0,1.28
Karnataka,Dharwad,15.5051,75.3376,7.78,1.03,27.08,48.14,23.76,47.34,25.6,23.63,61.26,680.1,0.647,0.178,6,42.37,19.53,584.0,0.43
Karnataka,Dharwad,15.5952,75.3727,7.83,1.09,14.56,46.84,24.87,47.39,25.6,23.63,61.26,680.1,0.647,0.178,6,42.37,19.53,576.0,0.34
Karnataka,Dharwad,15.5153,75.0431,7.07,1.14,12.41,37.74,33.29,35.94,24.84,23.23,66.04,1064.2,0.762,0.127,6,42.17,19.53,689.0,0.69
Karnataka,Dharwad,15.5891,75.0244,7.16,1.03,17.4,36.64,34.75,37.04,24.84,23.23,66.04,1064.2,0.762,0.127,6,42.17,19.53,654.0,0.61
Karnataka,Dharwad,15.5808,75.138,7.48,1.03,12.9,44.68,28.09,44.85,24.84,23.23,66.04,1064.2,0.762,0.127,6,42.17,19.53,600.0,0.23
Karnataka,Dharwad,15.4495,75.3797,7.65,1.04,29.79,43.7,28.38,38.86,25.6,23.63,61.26,680.1,0.647,0.178,6,42.37,19.53,607.0,0.48
Karnataka,Dharwad,15.6404,75.4053,7.85,1.09,16.64,49.75,25.22,44.62,25.6,23.63,61.26,680.1,0.647,0.178,6,42.37,19.53,560.0,0.3
Karnataka,Dharwad,15.2015,75.4043,7.57,1.05,11.29,39.1,31.04,38.47,25.49,23.83,63.97,800.7,0.658,0.177,6,42.13,19.53,638.0,0.42
Karnataka,Dharwad,15.5712,74.8467,6.65,1.03,11.12,33.93,37.41,26.44,24.84,23.23,66.04,1064.2,0.762,0.127,6,42.17,18.63,718.0,1.11
Karnataka,Dharwad,15.4226,74.8335,6.03,1.34,14.3,36.48,39.01,24.36,24.84,23.23,66.04,1064.2,0.762,0.127,6,42.17,18.63,681.0,0.33
Karnataka,Dharwad,15.1963,75.0303,6.9,0.93,10.11,41.22,35.43,31.07,24.93,23.44,69.68,1392.9,0.79,0.117,6,42.17,19.53,534.0,0.7
Karnataka,Dharwad,15.3486,75.4284,7.56,1.02,20.3,38.6,31.95,36.12,25.6,23.63,61.26,680.1,0.647,0.178,6,42.37,19.53,623.0,0.47
Karnataka,Raichur,15.6878,76.7294,6.98,1.23,10.77,37.87,38.9,23.48,27.12,24.58,57.77,597.5,0.632,0.187,6,44.35,19.94,396.0,0.56
Karnataka,Raichur,16.0165,76.959,7.0,0.99,13.27,34.93,42.99,19.92,27.18,24.44,56.69,611.1,0.676,0.162,6,44.66,19.87,391.0,0.71
Karnataka,Raichur,16.2309,76.7188,7.05,1.1,12.45,33.4,41.58,29.48,27.18,24.44,56.69,611.1,0.676,0.162,6,44.66,19.87,559.0,0.72
Karnataka,Raichur,16.2215,76.8055,6.98,1.0,17.28,35.62,35.94,30.26,27.18,24.44,56.69,611.1,0.676,0.162,6,44.66,19.87,486.0,0.62
Karnataka,Raichur,16.0631,77.1782,7.22,0.93,11.4,36.54,32.95,35.03,27.18,24.44,56.69,611.1,0.676,0.162,6,44.66,19.96,358.0,0.34
Karnataka,Raichur,16.1751,76.7237,7.12,0.91,21.55,33.23,39.59,35.37,27.18,24.44,56.69,611.1,0.676,0.162,6,44.66,19.87,545.0,0.65
Karnataka,Raichur,15.7379,76.7577,7.14,1.29,12.4,38.01,40.94,20.11,27.12,24.58,57.77,597.5,0.632,0.187,6,44.35,19.94,389.0,0.27
Karnataka,Raichur,15.8987,76.5617,7.37,1.01,9.48,32.17,44.39,27.96,26.47,23.92,57.11,576.1,0.65,0.178,6,43.8,19.94,459.0,0.3
Karnataka,Raichur,15.9624,76.5621,7.17,0.83,9.92,30.22,47.69,24.22,26.47,23.92,57.11,576.1,0.65,0.178,6,43.8,19.94,501.0,0.26
Karnataka,Raichur,16.1774,76.4554,7.43,0.99,11.06,37.43,36.35,35.8,26.47,23.92,57.11,576.1,0.65,0.178,6,43.8,19.87,497.0,0.73
Karnataka,Raichur,16.1402,76.6704,7.08,0.89,16.94,33.35,38.51,29.81,27.18,24.44,56.69,611.1,0.676,0.162,6,44.66,19.87,503.0,0.85
Karnataka,Raichur,15.9935,77.172,6.94,0.95,10.75,35.8,35.84,23.06,27.18,24.44,56.69,611.1,0.676,0.162,6,44.66,20.05,339.0,0.47
Karnataka,Kolar,13.0886,78.0675,6.52,1.05,11.3,27.95,53.92,17.79,23.83,21.25,69.24,876.1,0.497,0.296,4,40.91,19.83,885.0,0.82
Karnataka,Kolar,13.2073,78.184,6.88,0.9,9.89,32.48,46.67,17.54,23.83,21.25,69.24,876.1,0.497,0.296,4,40.91,19.83,805.0,0.56
Karnataka,Kolar,13.0117,78.4592,7.01,0.94,11.83,35.34,37.19,27.53,25.37,22.22,68.99,886.0,0.495,0.316,5,43.06,19.83,763.0,0.9
Karnataka,Kolar,13.1315,78.172,6.85,0.97,9.95,28.28,52.62,17.27,23.83,21.25,69.24,876.1,0.497,0.296,4,40.91,19.83,830.0,0.12
Karnataka,Kolar,13.1749,78.5772,7.15,0.98,11.56,38.22,38.29,25.95,25.37,22.22,68.99,886.0,0.495,0.316,5,43.06,19.83,749.0,0.69
Karnataka,Kolar,13.1616,78.2546,7.08,0.94,10.81,36.98,40.37,21.14,23.83,21.25,69.24,876.1,0.497,0.296,4,40.91,19.83,793.0,0.12
Karnataka,Kolar,13.1259,78.1041,6.44,1.24,14.86,27.83,52.22,20.19,23.83,21.25,69.24,876.1,0.497,0.296,4,40.91,19.83,864.0,7.3
Karnataka,Kolar,12.9535,78.1359,6.77,1.05,10.76,35.6,38.99,25.28,23.83,21.25,69.24,876.1,0.497,0.296,4,40.91,19.58,821.0,0.57
Karnataka,Kolar,13.1846,78.0619,6.36,1.24,15.41,26.57,54.59,14.61,23.83,21.25,69.24,876.1,0.497,0.296,4,40.91,19.83,868.0,10.71
Karnataka,Kolar,13.2992,78.3021,6.96,1.04,10.09,35.76,42.68,20.88,23.98,21.24,67.6,814.7,0.506,0.299,5,40.44,19.83,815.0,0.7
Karnataka,Kolar,13.3305,78.221,6.94,0.87,10.42,31.99,45.84,19.17,23.98,21.24,67.6,814.7,0.506,0.299,5,40.44,19.83,815.0,0.37
Karnataka,Kolar,13.0842,78.2874,7.01,0.91,10.76,34.81,41.45,21.72,23.83,21.25,69.24,876.1,0.497,0.296,4,40.91,19.83,782.0,0.23
Karnataka,Yadgir,16.6853,77.057,7.08,0.94,11.73,38.43,32.04,24.63,27.26,24.37,55.84,655.1,0.717,0.144,7,44.84,19.96,386.0,0.41
Karnataka,Yadgir,16.7189,76.6998,6.97,0.81,11.87,38.7,34.38,22.7,27.26,24.37,55.84,655.1,0.717,0.144,7,44.84,19.87,468.0,0.43
Karnataka,Yadgir,16.4251,76.7051,7.53,0.96,14.44,40.17,31.45,35.64,27.26,24.37,55.84,655.1,0.717,0.144,7,44.84,19.87,375.0,0.49
Karnataka,Yadgir,16.5153,76.7111,6.91,1.12,14.61,33.54,42.24,22.88,27.26,24.37,55.84,655.1,0.717,0.144,7,44.84,19.87,402.0,2.98
Karnataka,Yadgir,16.6551,76.9806,6.84,0.94,11.63,40.52,33.22,23.1,27.26,24.37,55.84,655.1,0.717,0.144,7,44.84,19.87,402.0,0.78
Karnataka,Yadgir,16.6841,77.3822,6.99,1.11,10.91,33.13,35.36,26.84,27.07,24.18,57.95,717.6,0.727,0.139,7,45.0,19.96,397.0,0.64
Karnataka,Yadgir,16.7057,76.7364,6.89,0.82,13.25,40.66,34.24,22.41,27.26,24.37,55.84,655.1,0.717,0.144,7,44.84,19.87,457.0,0.49
Karnataka,Yadgir,16.8821,77.0725,6.76,1.02,12.53,32.56,39.66,23.49,27.23,24.25,55.04,720.5,0.746,0.132,7,45.04,19.96,417.0,4.46
Karnataka,Yadgir,16.6398,76.8825,7.34,0.86,10.66,42.98,33.35,26.18,27.26,24.37,55.84,655.1,0.717,0.144,7,44.84,19.87,391.0,0.23
Karnataka,Yadgir,16.5052,77.1771,7.41,0.96,20.34,41.13,28.6,29.87,27.26,24.37,55.84,655.1,0.717,0.144,7,44.84,19.96,363.0,0.38
Karnataka,Yadgir,16.5367,77.282,7.42,1.04,14.91,39.12,31.45,26.77,27.07,24.18,57.95,717.6,0.727,0.139,7,45.0,19.96,362.0,0.48
Karnataka,Yadgir,16.5331,76.5037,7.03,0.98,13.76,33.24,42.63,22.2,26.66,23.84,55.64,584.1,0.692,0.164,7,44.19,19.87,453.0,1.47
Karnataka,Ramanagara,12.4835,77.4073,6.75,1.31,11.71,36.0,41.94,26.55,24.45,22.34,68.11,833.3,0.495,0.275,4,41.69,19.73,635.0,1.34
Karnataka,Ramanagara,12.836,77.21,6.24,1.28,12.27,28.03,52.95,11.14,23.74,21.61,67.94,842.5,0.522,0.251,4,40.38,19.73,835.0,0.65
Karnataka,Ramanagara,12.7908,77.4293,6.59,1.08,10.83,28.04,46.96,18.86,23.74,21.61,67.94,842.5,0.522,0.251,4,40.38,19.73,709.0,0.51
Karnataka,Ramanagara,12.2884,77.4527,6.68,1.57,19.61,31.33,39.24,28.82,24.45,22.34,68.11,833.3,0.495,0.275,4,41.69,19.73,439.0,6.32
Karnataka,Ramanagara,12.4636,77.4669,6.74,1.29,12.41,37.95,39.71,27.73,24.45,22.34,68.11,833.3,0.495,0.275,4,41.69,19.73,633.0,1.43
Karnataka,Ramanagara,12.7973,77.4266,6.54,1.03,10.38,28.19,48.46,17.17,23.74,21.61,67.94,842.5,0.522,0.251,4,40.38,19.73,711.0,1.0
Karnataka,Ramanagara,12.7102,77.1537,6.56,1.1,10.62,32.24,44.98,17.63,24.52,23.11,67.75,883.0,0.534,0.232,4,41.44,19.73,686.0,0.69
Karnataka,Ramanagara,12.6711,77.5354,6.46,1.33,11.49,32.27,46.37,22.75,24.45,22.34,68.11,833.3,0.495,0.275,4,41.69,19.73,747.0,1.64
Karnataka,Ramanagara,12.4737,77.3195,6.84,1.24,10.63,33.09,41.56,24.36,24.45,22.34,68.11,833.3,0.495,0.275,4,41.69,19.73,691.0,0.5
Karnataka,Ramanagara,12.4949,77.575,6.65,1.36,15.6,35.82,40.46,25.44,24.45,22.34,68.11,833.3,0.495,0.275,4,41.69,19.73,817.0,2.61
Karnataka,Ramanagara,12.9018,77.2747,6.38,1.1,11.62,26.25,55.51,11.02,23.74,21.61,67.94,842.5,0.522,0.251,4,40.38,19.73,821.0,0.97
Karnataka,Ramanagara,12.4894,77.5651,6.64,1.46,16.35,35.83,39.05,24.83,24.45,22.34,68.11,833.3,0.495,0.275,4,41.69,19.73,800.0,5.46
Arunachal Pradesh,East Kameng,27.4951,93.1093,5.22,9.21,27.13,34.54,28.84,18.64,14.65,8.24,82.29,2020.9,0.688,0.064,4,29.04,13.14,1371.0,5.92
Arunachal Pradesh,East Kameng,27.067,93.2425,5.08,14.6,32.06,32.72,31.99,17.7,21.86,15.35,76.17,2044.1,0.662,0.067,4,37.02,13.14,661.0,11.98
Arunachal Pradesh,East Kameng,26.9806,93.0489,5.09,5.65,27.19,32.16,31.93,17.15,21.86,15.35,76.17,2044.1,0.662,0.067,4,37.02,15.77,394.0,5.13
Arunachal Pradesh,East Kameng,27.5558,93.2615,5.27,5.05,39.0,29.98,32.0,19.37,14.65,8.24,82.29,2020.9,0.688,0.064,4,29.04,13.14,2016.0,18.06
Arunachal Pradesh,East Kameng,27.4589,93.1827,5.3,10.7,24.31,32.62,26.8,19.52,14.65,8.24,82.29,2020.9,0.688,0.064,4,29.04,13.14,1451.0,21.16
Arunachal Pradesh,East Siang,27.8861,95.237,5.22,2.6,21.51,33.46,42.26,14.3,20.59,13.96,76.35,2731.2,0.681,0.058,4,37.96,14.89,169.0,0.42
Arunachal Pradesh,East Siang,27.9152,95.0879,4.92,3.14,31.92,30.57,42.99,16.1,20.59,13.96,76.35,2731.2,0.681,0.058,4,37.96,14.89,399.0,1.51
Arunachal Pradesh,East Siang,28.4332,95.0664,5.15,4.08,29.7,28.96,46.18,15.36,16.05,9.39,78.4,2253.7,0.696,0.057,4,36.13,13.19,425.0,8.79
Arunachal Pradesh,East Siang,28.5506,94.8202,5.28,6.09,29.46,33.51,34.0,16.69,16.05,9.39,78.4,2253.7,0.696,0.057,4,36.13,12.52,1258.0,2.3
Arunachal Pradesh,East Siang,28.4841,94.8488,5.33,6.44,43.84,32.81,36.05,18.36,16.05,9.39,78.4,2253.7,0.696,0.057,4,36.13,12.52,1084.0,18.11
Arunachal Pradesh,Kurung Kumey,27.8624,93.346,5.37,3.58,39.7,31.08,30.42,21.29,8.81,2.57,82.84,1480.9,0.712,0.061,5,23.15,13.14,2361.0,20.86
Arunachal Pradesh,Kurung Kumey,27.8609,93.2988,5.43,4.02,41.51,33.48,30.23,20.27,8.81,2.57,82.84,1480.9,0.712,0.061,5,23.15,13.14,2258.0,16.46
Arunachal Pradesh,Kurung Kumey,27.8653,92.942,6.13,3.58,53.79,21.36,45.39,24.18,8.81,2.57,82.84,1480.9,0.712,0.061,5,23.15,13.51,3425.0,31.72
Arunachal Pradesh,Kurung Kumey,27.9194,93.4205,5.21,8.6,37.9,32.36,29.16,19.76,8.81,2.57,82.84,1480.9,0.712,0.061,5,23.15,13.14,1475.0,23.95
Arunachal Pradesh,Kurung Kumey,27.9407,93.5738,5.29,7.52,34.49,32.43,30.39,18.89,14.53,8.04,82.09,2099.9,0.706,0.06,4,30.23,13.14,1627.0,22.65
Arunachal Pradesh,Lohit,27.8158,96.6514,5.38,3.89,51.89,26.8,34.43,21.19,9.76,3.2,77.25,1635.5,0.63,0.07,4,27.96,13.84,2750.0,8.69
Arunachal Pradesh,Lohit,27.7866,96.1062,5.29,2.35,23.7,32.3,37.11,16.19,17.91,11.58,70.93,1981.7,0.658,0.063,4,39.72,13.84,180.0,0.47
Arunachal Pradesh,Lohit,28.1383,96.4164,5.53,8.77,52.96,20.52,41.34,23.38,17.91,11.58,70.93,1981.7,0.658,0.063,4,39.72,13.44,2240.0,27.43
Arunachal Pradesh,Lohit,27.6176,96.1603,5.1,4.01,32.63,34.03,43.0,17.7,21.14,14.87,72.27,1836.2,0.64,0.067,4,39.9,13.84,601.0,3.84
Arunachal Pradesh,Lohit,28.3908,96.7516,6.34,3.17,63.52,16.51,49.45,23.44,5.0,-2.0,77.93,1183.1,0.627,0.074,4,21.42,13.44,4284.0,26.9
Arunachal Pradesh,Lower Dibang Valley,28.4718,95.7339,5.36,6.16,47.27,26.31,37.62,20.06,13.32,6.88,76.95,2205.2,0.689,0.057,4,30.04,13.19,1891.0,20.14
Arunachal Pradesh,Lower Dibang Valley,28.5354,95.5644,5.48,3.51,47.67,23.71,40.27,21.77,13.32,6.88,76.95,2205.2,0.689,0.057,4,30.04,13.19,2299.0,18.89
Arunachal Pradesh,Lower Dibang Valley,28.5208,95.4755,5.63,3.59,51.22,30.08,32.74,21.81,13.32,6.88,76.95,2205.2,0.689,0.057,4,30.04,13.19,2208.0,25.1
Arunachal Pradesh,Lower Dibang Valley,28.2681,95.8842,5.42,7.38,43.18,24.52,38.77,20.03,13.32,6.88,76.95,2205.2,0.689,0.057,4,30.04,13.19,2289.0,28.46
Arunachal Pradesh,Lower Dibang Valley,28.354,95.936,5.29,8.88,40.57,31.33,36.8,17.19,13.32,6.88,76.95,2205.2,0.689,0.057,4,30.04,13.19,1143.0,25.76
Arunachal Pradesh,Lower Subansiri,27.8333,93.8706,5.17,6.25,36.61,30.55,32.13,18.25,14.53,8.04,82.09,2099.9,0.706,0.06,4,30.23,13.14,1226.0,14.04
Arunachal Pradesh,Lower Subansiri,27.6855,93.4885,5.29,6.77,38.96,30.15,31.19,20.94,17.67,11.07,81.05,2431.0,0.691,0.062,4,32.12,13.14,1552.0,26.16
Arunachal Pradesh,Lower Subansiri,27.6952,94.2054,5.31,9.49,35.57,32.24,34.87,17.5,22.0,15.63,75.81,2500.3,0.681,0.061,4,37.49,14.29,1454.0,28.15
Arunachal Pradesh,Lower Subansiri,27.3302,93.7497,5.14,11.25,28.72,32.7,30.9,18.78,17.67,11.07,81.05,2431.0,0.691,0.062,4,32.12,13.14,1446.0,8.92
Arunachal Pradesh,Lower Subansiri,27.4439,93.7324,5.09,9.21,27.9,29.33,37.2,18.47,17.67,11.07,81.05,2431.0,0.691,0.062,4,32.12,13.14,931.0,8.5
Arunachal Pradesh,Papum Pare,27.3726,93.8626,4.94,8.37,34.98,29.66,39.39,17.27,17.67,11.07,81.05,2431.0,0.691,0.062,4,32.12,13.14,403.0,5.89
Arunachal Pradesh,Papum Pare,27.2517,93.7392,4.96,7.73,34.51,29.04,36.82,18.13,17.67,11.07,81.05,2431.0,0.691,0.062,4,32.12,13.14,523.0,3.07
Arunachal Pradesh,Papum Pare,27.156,93.5123,5.25,8.49,44.73,31.76,31.07,21.97,22.29,15.71,76.57,2200.5,0.67,0.067,4,37.51,13.14,2037.0,15.27
Arunachal Pradesh,Papum Pare,27.0886,93.4955,4.9,6.56,33.81,33.18,33.89,18.05,22.29,15.71,76.57,2200.5,0.67,0.067,4,37.51,13.14,717.0,14.86
Arunachal Pradesh,Papum Pare,27.4659,94.1074,5.15,8.15,38.17,31.14,43.02,18.62,22.0,15.63,75.81,2500.3,0.681,0.061,4,37.49,14.29,568.0,34.52
Arunachal Pradesh,Tawang,27.6966,91.9523,6.72,2.46,48.91,16.4,48.05,27.21,7.49,1.25,79.01,1081.9,0.657,0.069,5,23.05,14.8,4308.0,9.33
Arunachal Pradesh,Tawang,27.8227,92.195,6.54,2.7,52.48,13.82,50.88,26.35,0.65,-6.64,77.9,738.8,0.719,0.065,6,16.28,13.51,4299.0,9.56
Arunachal Pradesh,Tawang,27.4987,91.7803,5.51,5.41,41.02,33.41,25.02,23.18,7.49,1.25,79.01,1081.9,0.657,0.069,5,23.05,14.8,2685.0,29.78
Arunachal Pradesh,Tawang,27.523,91.9389,5.35,3.97,41.81,30.55,32.14,23.23,7.49,1.25,79.01,1081.9,0.657,0.069,5,23.05,14.8,3054.0,24.44
Arunachal Pradesh,Tawang,27.7066,91.7556,5.94,3.42,46.45,17.02,50.51,21.18,7.49,1.25,79.01,1081.9,0.657,0.069,5,23.05,14.8,3518.0,26.09
Arunachal Pradesh,Tirap,27.1173,95.4975,4.99,3.67,30.9,32.37,40.2,19.53,20.9,14.5,74.37,1815.3,0.64,0.063,4,40.83,14.89,399.0,5.02
Arunachal Pradesh,Tirap,27.1877,95.6108,5.01,4.52,33.72,32.74,38.96,20.5,20.9,14.5,74.37,1815.3,0.64,0.063,4,40.83,14.89,409.0,6.31
Arunachal Pradesh,Tirap,27.1154,95.5078,4.99,3.49,30.3,32.5,39.89,20.18,20.9,14.5,74.37,1815.3,0.64,0.063,4,40.83,14.89,358.0,5.37
Arunachal Pradesh,Tirap,27.2271,95.6152,4.97,4.0,28.65,32.96,40.56,18.33,20.9,14.5,74.37,1815.3,0.64,0.063,4,40.83,14.89,208.0,2.23
Arunachal Pradesh,Tirap,26.8813,95.3409,5.33,4.6,29.76,33.12,37.87,16.79,20.9,14.5,74.37,1815.3,0.64,0.063,4,40.83,14.57,715.0,19.63
Arunachal Pradesh,Upper Dibang Valley,29.067,95.8363,5.73,4.7,54.73,20.72,49.54,19.96,7.2,0.58,81.04,1161.1,0.689,0.063,5,23.12,13.92,2388.0,45.48
Arunachal Pradesh,Upper Dibang Valley,29.0815,95.988,6.51,3.0,62.57,17.99,48.29,23.95,4.38,-2.63,77.46,934.1,0.663,0.071,5,22.24,13.92,4094.0,0.73
Arunachal Pradesh,Upper Dibang Valley,29.2886,95.7171,6.54,2.99,58.88,14.46,48.11,24.09,6.76,-0.19,72.83,737.2,0.689,0.072,6,26.48,13.92,4285.0,6.27
Arunachal Pradesh,Upper Dibang Valley,28.9156,96.4639,6.47,3.1,66.85,15.43,52.2,22.3,4.38,-2.63,77.46,934.1,0.663,0.071,5,22.24,13.44,4313.0,25.84
Arunachal Pradesh,Upper Dibang Valley,29.0105,95.412,5.45,3.87,46.81,23.1,39.28,20.91,7.2,0.58,81.04,1161.1,0.689,0.063,5,23.12,13.92,3159.0,25.12
Arunachal Pradesh,Upper Siang,29.1589,94.9366,5.4,4.64,47.38,24.37,38.71,19.49,11.27,4.49,79.96,1325.2,0.702,0.061,5,34.11,15.11,2312.0,23.39
Arunachal Pradesh,Upper Siang,28.7666,95.2049,5.41,4.77,48.72,32.12,32.51,19.85,11.27,4.49,79.96,1325.2,0.702,0.061,5,34.11,13.19,2847.0,13.03
Arunachal Pradesh,Upper Siang,28.5916,94.953,5.54,3.79,40.93,25.27,36.38,17.47,16.05,9.39,78.4,2253.7,0.696,0.057,4,36.13,12.52,1805.0,25.52
Arunachal Pradesh,Upper Siang,28.8694,95.0173,5.38,3.84,48.9,24.3,38.97,18.77,11.27,4.49,79.96,1325.2,0.702,0.061,5,34.11,13.19,1839.0,34.02
Arunachal Pradesh,Upper Siang,28.6812,95.0831,5.51,5.73,51.07,22.91,42.67,19.38,16.05,9.39,78.4,2253.7,0.696,0.057,4,36.13,13.19,2290.0,31.06
Arunachal Pradesh,Upper Subansiri,28.1692,94.0856,5.22,10.24,41.05,31.67,33.39,18.14,17.96,11.48,79.45,2500.5,0.693,0.059,4,35.36,12.52,1331.0,19.25
Arunachal Pradesh,Upper Subansiri,27.8236,94.2056,5.12,6.78,35.13,29.83,39.33,16.05,17.96,11.48,79.45,2500.5,0.693,0.059,4,35.36,14.29,963.0,16.76
Arunachal Pradesh,Upper Subansiri,28.1176,94.1682,5.07,6.69,33.79,27.56,40.34,15.43,17.96,11.48,79.45,2500.5,0.693,0.059,4,35.36,12.52,661.0,24.89
Arunachal Pradesh,Upper Subansiri,28.4526,93.6471,6.14,3.5,48.94,20.88,43.79,24.19,7.97,1.32,84.53,1391.9,0.716,0.06,5,23.57,13.09,3210.0,20.57
Arunachal Pradesh,Upper Subansiri,28.6776,93.8502,6.05,3.6,52.0,17.58,45.41,22.8,7.97,1.32,84.53,1391.9,0.716,0.06,5,23.57,13.09,3270.0,13.69
Arunachal Pradesh,West Kameng,27.3091,92.2683,5.24,3.74,44.58,31.84,30.1,20.49,9.4,2.9,81.67,1281.4,0.671,0.068,5,23.23,13.51,2090.0,11.4
Arunachal Pradesh,West Kameng,27.3202,92.2501,5.3,4.41,39.19,31.43,27.47,19.83,9.4,2.9,81.67,1281.4,0.671,0.068,5,23.23,13.51,2222.0,21.45
Arunachal Pradesh,West Kameng,27.2772,92.3232,5.32,3.62,43.75,32.28,32.15,22.5,9.4,2.9,81.67,1281.4,0.671,0.068,5,23.23,13.51,2665.0,13.03
Arunachal Pradesh,West Kameng,27.3492,92.5304,5.41,12.41,21.48,33.26,23.15,19.87,9.4,2.9,81.67,1281.4,0.671,0.068,5,23.23,13.51,1561.0,18.54
Arunachal Pradesh,West Kameng,27.8335,92.9328,5.52,3.54,45.45,26.41,37.2,21.83,8.81,2.57,82.84,1480.9,0.712,0.061,5,23.15,13.51,2751.0,39.84
Arunachal Pradesh,West Siang,28.83,94.4178,5.95,3.47,51.4,16.04,46.28,20.91,6.17,-0.47,83.68,1167.4,0.713,0.061,5,22.55,12.52,3586.0,28.33
Arunachal Pradesh,West Siang,28.1965,94.8379,5.01,2.66,32.04,27.41,44.05,16.64,20.59,13.96,76.35,2731.2,0.681,0.058,4,37.96,12.52,592.0,19.05
Arunachal Pradesh,West Siang,28.2253,94.5784,5.07,5.55,33.55,31.55,40.57,16.54,17.96,11.48,79.45,2500.5,0.693,0.059,4,35.36,12.52,1094.0,9.26
Arunachal Pradesh,West Siang,27.7224,94.5636,4.96,6.82,31.11,28.77,43.91,16.81,22.0,15.63,75.81,2500.3,0.681,0.061,4,37.49,14.29,663.0,15.33
Arunachal Pradesh,West Siang,28.7644,94.4721,6.02,3.59,57.25,19.9,44.23,20.85,6.17,-0.47,83.68,1167.4,0.713,0.061,5,22.55,12.52,3268.0,24.99
Assam,Barpeta,26.258,90.8986,5.72,2.6,14.08,31.23,35.48,17.27,24.03,17.11,77.28,2098.5,0.643,0.075,5,37.69,15.37,36.0,0.18
Assam,Barpeta,26.5935,91.0263,5.46,2.61,15.19,30.02,36.18,16.99,24.09,17.11,78.3,1946.2,0.618,0.075,4,37.53,15.8,50.0,0.24
Assam,Barpeta,26.3696,91.0101,5.63,2.91,14.58,29.7,35.62,16.12,24.09,17.11,78.3,1946.2,0.618,0.075,4,37.53,15.8,40.0,0.19
Assam,Barpeta,26.5105,91.1259,5.62,2.89,13.24,29.61,34.14,16.4,24.09,17.11,78.3,1946.2,0.618,0.075,4,37.53,15.8,42.0,0.29
Assam,Barpeta,26.5727,91.158,5.49,1.46,14.05,30.44,36.11,15.75,24.09,17.11,78.3,1946.2,0.618,0.075,4,37.53,15.8,52.0,0.47
Assam,Bongaigaon,26.2892,90.5134,5.32,3.26,20.09,30.92,40.58,18.2,24.03,17.11,77.28,2098.5,0.643,0.075,5,37.69,15.37,277.0,13.39
Assam,Bongaigaon,26.5845,90.7943,5.39,1.46,14.16,29.18,38.44,16.38,24.03,17.11,77.28,2098.5,0.643,0.075,5,37.69,15.37,54.0,0.43
Assam,Bongaigaon,26.4729,90.4791,5.36,1.78,13.83,28.61,45.18,17.27,24.03,17.11,77.28,2098.5,0.643,0.075,5,37.69,15.37,52.0,0.55
Assam,Bongaigaon,26.4987,90.7416,5.31,1.52,14.07,30.27,39.34,16.44,24.03,17.11,77.28,2098.5,0.643,0.075,5,37.69,15.37,46.0,0.06
Assam,Bongaigaon,26.5276,90.4802,5.33,1.41,13.86,28.16,42.82,16.69,24.03,17.11,77.28,2098.5,0.643,0.075,5,37.69,15.37,69.0,0.28
Assam,Darrang,26.5982,91.9816,5.56,1.66,12.47,30.25,32.34,15.07,24.08,17.31,76.08,1848.9,0.614,0.074,4,38.44,15.8,70.0,0.15
Assam,Darrang,26.2203,91.8571,5.74,1.14,16.26,28.99,33.81,16.73,22.94,16.03,77.29,2011.9,0.622,0.078,4,38.21,15.8,47.0,0.15
Assam,Darrang,26.2054,91.7834,5.65,1.8,23.52,29.29,35.15,16.08,22.94,16.03,77.29,2011.9,0.622,0.078,4,38.21,15.8,46.0,1.34
Assam,Darrang,26.5773,91.8106,5.5,1.49,13.89,28.68,34.9,15.11,24.08,17.31,76.08,1848.9,0.614,0.074,4,38.44,15.8,69.0,0.05
Assam,Darrang,26.4973,91.9612,5.5,1.6,13.27,30.4,31.96,16.15,24.08,17.31,76.08,1848.9,0.614,0.074,4,38.44,15.8,62.0,0.0
Assam,Cachar,24.9862,92.9876,5.2,3.52,21.41,32.37,30.54,17.58,22.76,16.74,76.49,1780.2,0.601,0.098,4,39.0,16.63,205.0,9.02
Assam,Cachar,24.7596,92.8042,5.5,3.08,14.17,29.21,36.61,16.04,23.65,17.53,78.13,2911.3,0.628,0.079,4,38.82,16.63,20.0,0.31
Assam,Cachar,25.0319,92.7363,4.95,6.02,27.35,31.51,36.49,18.22,23.65,17.53,78.13,2911.3,0.628,0.079,4,38.82,15.61,497.0,13.98
Assam,Cachar,24.9573,92.8829,5.17,4.94,17.73,29.51,37.99,15.11,22.76,16.74,76.49,1780.2,0.601,0.098,4,39.0,16.63,49.0,1.64
Assam,Cachar,24.5119,92.7881,5.13,2.06,17.29,29.88,34.08,16.52,24.76,18.43,76.26,2617.5,0.614,0.086,4,43.07,16.63,68.0,2.72
Assam,Dhemaji,27.5768,94.5668,5.5,3.37,22.94,29.18,44.95,17.03,22.0,15.63,75.81,2500.3,0.681,0.061,4,37.49,14.29,109.0,0.7
Assam,Dhemaji,27.4879,94.3182,5.51,3.12,19.61,29.25,44.24,16.99,22.0,15.63,75.81,2500.3,0.681,0.061,4,37.49,14.29,101.0,0.16
Assam,Dhemaji,27.3562,94.5825,5.47,2.74,19.45,28.91,41.11,15.45,22.0,15.63,75.81,2500.3,0.681,0.061,4,37.49,14.29,93.0,0.12
Assam,Dhemaji,27.7134,95.3207,5.83,2.46,37.11,31.05,40.03,16.7,24.18,17.1,72.72,2228.7,0.653,0.06,4,45.58,14.89,117.0,0.3
Assam,Dhemaji,27.5292,94.3092,5.38,3.55,21.11,28.58,42.65,15.47,22.0,15.63,75.81,2500.3,0.681,0.061,4,37.49,14.29,116.0,0.31
Assam,Dhuburi,26.2819,90.1569,5.77,1.57,12.88,31.05,38.8,16.96,23.75,16.81,74.73,2039.4,0.686,0.076,5,40.01,15.37,36.0,0.12
Assam,Dhuburi,25.9581,89.8742,5.76,2.38,19.96,34.25,36.07,18.51,24.57,17.38,75.49,2165.3,0.675,0.085,5,41.02,16.32,27.0,0.06
Assam,Dhuburi,26.2492,89.9461,5.59,3.65,15.9,29.9,43.9,18.6,24.57,17.38,75.49,2165.3,0.675,0.085,5,41.02,15.39,48.0,0.27
Assam,Dhuburi,26.2054,90.0925,5.63,1.73,14.78,30.84,44.98,19.74,24.57,17.38,75.49,2165.3,0.675,0.085,5,41.02,15.37,51.0,0.12
Assam,Dhuburi,25.5732,89.9108,5.7,1.14,12.59,29.13,37.32,18.17,24.43,17.71,74.24,2194.9,0.666,0.092,5,41.67,16.32,38.0,1.14
Assam,Dibrugarh,27.3628,94.8936,5.22,2.33,23.81,28.84,39.98,15.35,24.53,17.99,70.96,2430.4,0.663,0.06,4,43.27,14.29,99.0,0.25
Assam,Dibrugarh,27.3096,94.9875,5.33,2.71,22.18,27.86,43.74,15.2,24.53,17.99,70.96,2430.4,0.663,0.06,4,43.27,14.29,104.0,0.12
Assam,Dibrugarh,27.3396,95.0416,5.29,2.18,21.52,28.13,43.51,14.67,24.53,17.99,70.96,2430.4,0.663,0.06,4,43.27,14.89,104.0,0.55
Assam,Dibrugarh,27.1616,94.5911,5.75,2.83,29.44,31.66,38.62,16.4,24.12,17.54,74.22,2132.0,0.667,0.066,4,40.08,14.29,90.0,0.28
Assam,Dibrugarh,27.4343,95.0132,5.4,2.74,23.64,28.95,40.81,15.44,24.53,17.99,70.96,2430.4,0.663,0.06,4,43.27,14.89,106.0,0.16
Assam,Goalpara,25.9882,90.8151,5.54,1.35,14.07,32.1,39.11,16.31,24.19,17.07,77.54,2178.6,0.642,0.08,4,39.68,15.62,51.0,0.29
Assam,Goalpara,25.9506,91.0371,5.49,2.56,15.29,31.64,34.24,17.36,24.32,17.35,75.88,2115.8,0.626,0.078,4,39.29,15.43,51.0,0.15
Assam,Goalpara,26.0601,90.3318,5.9,1.18,13.21,30.46,39.14,18.01,24.19,17.07,77.54,2178.6,0.642,0.08,4,39.68,15.37,33.0,0.13
Assam,Goalpara,25.9376,90.9509,5.21,3.67,17.78,31.71,35.22,19.17,24.32,17.35,75.88,2115.8,0.626,0.078,4,39.29,15.62,105.0,13.71
Assam,Goalpara,26.0558,90.1805,5.79,1.56,22.91,32.27,34.27,16.59,24.57,17.38,75.49,2165.3,0.675,0.085,5,41.02,15.37,27.0,0.06
Assam,Golaghat,26.6556,93.3854,5.2,3.77,19.95,29.0,36.72,17.84,23.65,17.02,75.55,1675.2,0.636,0.076,4,39.4,15.77,79.0,0.72
Assam,Golaghat,26.6375,93.3267,5.3,2.62,17.66,27.89,37.58,16.28,23.65,17.02,75.55,1675.2,0.636,0.076,4,39.4,15.77,73.0,0.23
Assam,Golaghat,26.6351,93.4246,5.29,3.0,21.08,27.98,36.97,19.23,23.65,17.02,75.55,1675.2,0.636,0.076,4,39.4,15.77,83.0,0.5
Assam,Golaghat,26.4883,94.0512,5.63,2.86,18.49,32.15,36.86,16.76,23.78,17.16,74.76,1741.5,0.648,0.075,4,39.54,15.59,90.0,0.18
Assam,Golaghat,26.1145,93.9767,5.57,2.35,16.33,30.35,39.77,16.02,22.77,16.45,74.12,1409.6,0.627,0.089,5,39.59,15.77,133.0,0.19
Assam,Hailakandi,24.3332,92.5987,5.17,1.7,18.85,29.62,33.41,14.68,24.76,18.43,76.26,2617.5,0.614,0.086,4,43.07,16.63,129.0,0.8
Assam,Hailakandi,24.8582,92.5899,5.16,2.04,19.77,26.99,41.45,14.94,23.65,17.53,78.13,2911.3,0.628,0.079,4,38.82,16.63,134.0,4.59
Assam,Hailakandi,24.5849,92.5376,5.07,3.71,16.67,27.32,39.32,15.0,24.76,18.43,76.26,2617.5,0.614,0.086,4,43.07,16.63,24.0,0.76
Assam,Hailakandi,24.6082,92.6386,5.3,2.72,13.75,27.54,37.63,16.48,24.76,18.43,76.26,2617.5,0.614,0.086,4,43.07,16.63,28.0,0.2
Assam,Hailakandi,24.3042,92.5744,5.12,2.14,19.42,31.0,32.95,15.48,24.76,18.43,76.26,2617.5,0.614,0.086,4,43.07,16.63,110.0,11.93
Assam,Jorhat,26.7713,94.1159,5.57,3.33,22.1,31.07,39.22,17.71,24.12,17.54,74.22,2132.0,0.667,0.066,4,40.08,15.59,85.0,0.06
Assam,Jorhat,26.813,94.108,5.47,3.24,19.0,29.66,41.36,16.31,24.12,17.54,74.22,2132.0,0.667,0.066,4,40.08,15.59,85.0,0.26
Assam,Jorhat,26.8768,94.3127,5.58,3.33,20.12,30.02,39.34,13.08,24.12,17.54,74.22,2132.0,0.667,0.066,4,40.08,15.59,88.0,0.12
Assam,Jorhat,26.6531,94.3372,5.47,2.81,19.5,28.37,41.12,17.34,22.75,16.19,74.62,1753.9,0.655,0.073,4,39.97,15.59,110.0,0.54
Assam,Jorhat,27.0313,94.2672,5.45,3.42,22.39,29.74,41.35,17.96,24.12,17.54,74.22,2132.0,0.667,0.066,4,40.08,14.29,86.0,0.57
Assam,Kamrup,26.1604,92.1059,5.87,1.44,13.5,30.28,33.71,16.22,22.94,16.03,77.29,2011.9,0.622,0.078,4,38.21,15.77,51.0,0.0
Assam,Kamrup,26.0952,91.1632,5.69,2.71,13.59,29.54,33.84,17.2,24.32,17.35,75.88,2115.8,0.626,0.078,4,39.29,15.8,40.0,0.08
Assam,Kamrup,26.0181,91.2222,5.59,1.61,13.87,28.94,34.39,15.3,24.32,17.35,75.88,2115.8,0.626,0.078,4,39.29,15.8,42.0,0.05
Assam,Kamrup,26.1703,91.9026,5.26,2.61,19.22,31.24,33.07,19.04,22.94,16.03,77.29,2011.9,0.622,0.078,4,38.21,15.8,265.0,2.49
Assam,Kamrup,26.4444,91.6512,5.55,1.98,14.99,26.44,33.58,16.07,24.08,17.31,76.08,1848.9,0.614,0.074,4,38.44,15.8,53.0,0.42
Assam,Karbi Anglong,26.496,93.228,5.2,3.62,27.51,30.66,34.0,21.01,23.65,17.02,75.55,1675.2,0.636,0.076,4,39.4,15.77,255.0,4.75
Assam,Karbi Anglong,26.3024,92.9473,5.24,3.44,25.74,33.51,32.84,19.59,23.65,17.02,75.55,1675.2,0.636,0.076,4,39.4,15.77,450.0,0.63
Assam,Karbi Anglong,26.0957,93.787,5.82,2.0,15.87,30.77,37.68,16.9,22.77,16.45,74.12,1409.6,0.627,0.089,5,39.59,15.77,126.0,0.08
Assam,Karbi Anglong,26.3204,93.432,5.16,6.19,32.61,34.32,31.24,20.2,23.65,17.02,75.55,1675.2,0.636,0.076,4,39.4,15.77,906.0,10.66
Assam,Karbi Anglong,25.8147,93.4546,5.51,2.18,19.25,32.08,35.0,18.31,22.77,16.45,74.12,1409.6,0.627,0.089,5,39.59,15.98,202.0,1.07
Assam,Karimganj,24.5733,92.422,5.62,2.6,16.03,27.6,36.19,18.89,24.76,18.43,76.26,2617.5,0.614,0.086,4,43.07,16.63,14.0,0.06
Assam,Karimganj,24.6366,92.3808,5.15,3.64,18.43,26.3,44.19,15.84,24.76,18.43,76.26,2617.5,0.614,0.086,4,43.07,16.63,31.0,3.05
Assam,Karimganj,24.861,92.3566,5.2,1.48,17.08,25.08,47.85,16.85,23.65,17.53,78.13,2911.3,0.628,0.079,4,38.82,16.63,19.0,0.06
Assam,Karimganj,24.6502,92.4193,5.58,2.97,18.3,28.07,42.57,16.7,24.76,18.43,76.26,2617.5,0.614,0.086,4,43.07,16.63,11.0,0.23
Assam,Karimganj,24.5952,92.4168,5.56,2.44,15.81,27.76,40.48,17.39,24.76,18.43,76.26,2617.5,0.614,0.086,4,43.07,16.63,15.0,0.12
Assam,Kokrajhar,26.7489,90.4796,5.55,1.84,16.81,27.36,37.14,17.47,24.03,17.11,77.28,2098.5,0.643,0.075,5,37.69,15.37,129.0,0.21
Assam,Kokrajhar,26.5097,90.0195,5.52,1.55,18.86,26.47,42.88,17.35,23.75,16.81,74.73,2039.4,0.686,0.076,5,40.01,15.37,57.0,0.13
Assam,Kokrajhar,26.8811,90.3777,5.04,2.38,24.44,29.7,39.98,17.94,17.62,11.58,76.3,1815.9,0.656,0.069,5,29.97,15.37,322.0,1.39
Assam,Kokrajhar,26.624,90.3272,5.35,1.95,15.92,28.16,40.52,17.92,24.03,17.11,77.28,2098.5,0.643,0.075,5,37.69,15.37,80.0,0.19
Assam,Kokrajhar,26.5424,90.0929,5.39,1.63,14.41,24.96,42.19,16.52,23.75,16.81,74.73,2039.4,0.686,0.076,5,40.01,15.37,54.0,0.05
Assam,Lakhimpur,27.2165,94.5675,5.74,2.39,30.83,28.03,40.92,14.27,24.12,17.54,74.22,2132.0,0.667,0.066,4,40.08,14.29,91.0,0.0
Assam,Lakhimpur,27.1911,94.1245,5.34,3.18,22.17,28.28,47.14,17.65,24.12,17.54,74.22,2132.0,0.667,0.066,4,40.08,14.29,90.0,0.43
Assam,Lakhimpur,26.9873,94.0767,5.67,3.11,29.9,32.09,39.11,15.7,24.12,17.54,74.22,2132.0,0.667,0.066,4,40.08,15.59,82.0,0.15
Assam,Lakhimpur,27.0945,94.1995,5.57,2.68,22.23,29.89,40.64,14.71,24.12,17.54,74.22,2132.0,0.667,0.066,4,40.08,14.29,85.0,0.05
Assam,Lakhimpur,27.2158,94.2516,5.6,2.99,30.15,29.46,41.12,16.02,24.12,17.54,74.22,2132.0,0.667,0.066,4,40.08,14.29,89.0,0.24
Assam,Marigaon,26.3527,92.5516,5.64,2.14,13.49,30.6,33.09,17.22,24.31,17.57,74.38,1629.2,0.619,0.077,4,39.75,15.77,63.0,0.12
Assam,Marigaon,26.2982,92.4051,5.68,2.06,13.0,31.94,32.59,18.28,24.31,17.57,74.38,1629.2,0.619,0.077,4,39.75,15.77,59.0,0.51
Assam,Marigaon,26.235,92.3245,5.8,1.45,12.68,30.19,32.45,15.06,23.15,16.39,76.81,1634.7,0.617,0.082,4,41.34,15.77,55.0,0.4
Assam,Marigaon,26.3614,92.5533,5.64,2.26,13.5,31.72,30.89,17.1,24.31,17.57,74.38,1629.2,0.619,0.077,4,39.75,15.77,61.0,0.21
Assam,Marigaon,26.3742,92.3989,5.62,1.66,13.63,31.91,28.91,16.09,24.31,17.57,74.38,1629.2,0.619,0.077,4,39.75,15.77,55.0,0.1
Assam,Nagaon,25.9187,92.9364,5.71,1.6,15.06,30.82,31.61,16.51,24.22,17.89,74.38,1418.9,0.616,0.087,5,40.26,15.61,72.0,0.69
Assam,Nagaon,26.1587,92.4418,5.96,1.6,17.01,31.88,32.75,18.28,23.15,16.39,76.81,1634.7,0.617,0.082,4,41.34,15.77,56.0,0.05
Assam,Nagaon,25.8191,93.2032,5.42,2.5,21.3,36.89,29.89,19.33,24.22,17.89,74.38,1418.9,0.616,0.087,5,40.26,15.98,302.0,4.7
Assam,Nagaon,26.179,92.8529,5.25,5.33,27.11,34.6,29.35,21.4,24.22,17.89,74.38,1418.9,0.616,0.087,5,40.26,15.77,586.0,9.68
Assam,Nagaon,26.2613,92.4714,5.79,2.13,13.66,30.7,33.49,17.92,24.31,17.57,74.38,1629.2,0.619,0.077,4,39.75,15.77,57.0,0.48
Assam,Nalbari,26.6361,91.6318,5.36,1.38,14.1,28.66,36.56,16.41,24.08,17.31,76.08,1848.9,0.614,0.074,4,38.44,15.8,74.0,0.15
Assam,Nalbari,26.5115,91.6119,5.51,1.47,13.11,26.79,33.0,16.49,24.08,17.31,76.08,1848.9,0.614,0.074,4,38.44,15.8,56.0,0.08
Assam,Nalbari,26.646,91.5896,5.43,1.41,15.8,29.55,34.3,16.83,24.08,17.31,76.08,1848.9,0.614,0.074,4,38.44,15.8,77.0,0.33
Assam,Nalbari,26.6049,91.3816,5.43,1.5,14.92,26.37,36.98,15.86,24.09,17.11,78.3,1946.2,0.618,0.075,4,37.53,15.8,69.0,0.2
Assam,Nalbari,26.7607,91.6919,5.56,1.51,14.51,30.06,36.53,14.63,17.35,11.58,75.37,1762.0,0.632,0.07,5,31.38,15.8,118.0,0.43
Assam,North Cachar Hills,25.4652,92.8182,5.22,2.52,19.84,33.3,30.05,19.4,22.06,16.0,77.89,1539.8,0.605,0.095,4,37.86,15.61,323.0,4.62
Assam,North Cachar Hills,25.2553,92.9702,5.05,3.52,23.75,32.65,31.02,20.71,22.06,16.0,77.89,1539.8,0.605,0.095,4,37.86,15.61,653.0,6.27
Assam,North Cachar Hills,25.5481,93.1241,5.37,1.93,21.72,34.21,30.7,17.71,22.06,16.0,77.89,1539.8,0.605,0.095,4,37.86,15.98,228.0,3.86
Assam,North Cachar Hills,25.4466,93.0133,5.26,2.28,17.42,33.2,31.29,15.95,22.06,16.0,77.89,1539.8,0.605,0.095,4,37.86,15.98,189.0,5.93
Assam,North Cachar Hills,25.4843,93.0862,5.3,1.94,23.1,32.32,30.31,17.93,22.06,16.0,77.89,1539.8,0.605,0.095,4,37.86,15.98,257.0,2.35
Assam,Sibsagar,27.0306,94.8818,5.34,3.36,20.43,28.49,42.66,17.26,23.66,17.17,72.95,1980.6,0.65,0.064,4,42.61,14.29,99.0,0.26
Assam,Sibsagar,27.1071,94.713,5.38,3.56,20.7,28.61,42.02,17.68,23.66,17.17,72.95,1980.6,0.65,0.064,4,42.61,14.29,93.0,0.24
Assam,Sibsagar,26.92,94.8737,5.27,2.96,23.39,28.39,43.71,15.69,23.66,17.17,72.95,1980.6,0.65,0.064,4,42.61,15.59,106.0,0.31
Assam,Sibsagar,26.9035,94.7952,5.52,3.03,21.72,28.91,41.53,17.73,23.66,17.17,72.95,1980.6,0.65,0.064,4,42.61,15.59,96.0,0.46
Assam,Sibsagar,27.0727,94.5638,5.51,3.45,23.28,30.85,41.32,17.06,24.12,17.54,74.22,2132.0,0.667,0.066,4,40.08,14.29,87.0,0.56
Assam,Sonitpur,26.7722,92.8441,5.49,1.48,13.5,30.72,34.12,16.7,21.86,15.35,76.17,2044.1,0.662,0.067,4,37.02,15.77,76.0,0.08
Assam,Sonitpur,26.753,92.5024,5.54,1.58,13.36,30.87,33.02,16.24,19.5,12.95,77.68,1693.9,0.641,0.071,5,34.54,15.77,87.0,0.42
Assam,Sonitpur,26.9169,93.0831,5.21,3.32,20.93,31.46,38.03,19.93,21.86,15.35,76.17,2044.1,0.662,0.067,4,37.02,15.77,236.0,3.54
Assam,Sonitpur,26.8166,92.825,5.49,1.82,13.73,29.31,33.62,15.05,21.86,15.35,76.17,2044.1,0.662,0.067,4,37.02,15.77,83.0,0.42
Assam,Sonitpur,26.6123,92.5575,5.7,1.9,21.54,28.17,30.98,16.52,24.31,17.57,74.38,1629.2,0.619,0.077,4,39.75,15.77,58.0,0.08
Assam,Tinsukia,27.4495,95.5769,5.12,3.47,27.73,31.35,41.01,18.47,24.18,17.1,72.72,2228.7,0.653,0.06,4,45.58,14.89,144.0,0.47
Assam,Tinsukia,27.7334,95.4397,5.22,2.22,26.8,30.31,39.73,13.26,24.18,17.1,72.72,2228.7,0.653,0.06,4,45.58,14.89,130.0,0.38
Assam,Tinsukia,27.6879,95.403,5.13,2.71,30.52,29.4,41.17,17.72,24.18,17.1,72.72,2228.7,0.653,0.06,4,45.58,14.89,127.0,0.12
Assam,Tinsukia,27.7072,95.5631,5.39,2.67,24.92,29.78,39.41,16.14,24.18,17.1,72.72,2228.7,0.653,0.06,4,45.58,14.89,125.0,0.33
Assam,Tinsukia,27.3836,95.6106,5.03,3.65,29.39,33.94,41.02,18.84,24.18,17.1,72.72,2228.7,0.653,0.06,4,45.58,14.89,166.0,1.48
Bihar,Araria,26.3486,87.3455,6.44,1.18,13.28,21.77,39.74,15.99,24.41,17.46,61.64,1394.3,0.789,0.053,5,42.7,16.23,58.0,0.06
Bihar,Araria,26.0722,87.5611,6.51,1.28,13.11,21.13,35.9,20.88,25.36,17.55,63.8,1347.5,0.784,0.061,5,45.18,16.23,46.0,0.12
Bihar,Araria,26.3633,87.5718,6.28,1.34,13.07,22.08,36.38,14.75,24.41,17.46,61.64,1394.3,0.789,0.053,5,42.7,16.23,60.0,0.08
Bihar,Araria,26.3804,87.0867,6.56,1.09,11.91,20.8,40.64,18.94,25.04,17.49,59.48,1152.1,0.787,0.051,6,44.21,16.23,68.0,0.26
Bihar,Araria,25.9719,87.101,6.82,1.63,13.15,26.31,31.9,14.55,25.58,17.47,61.34,1163.4,0.796,0.056,6,46.1,16.66,48.0,0.06
Bihar,Banka,24.7922,86.5301,6.64,1.35,15.83,26.71,37.51,17.93,25.74,17.54,59.66,1034.8,0.823,0.066,6,46.97,17.19,323.0,6.44
Bihar,Banka,24.7986,86.6516,6.65,1.14,11.74,28.38,34.28,19.21,25.68,17.77,61.64,1120.7,0.781,0.075,6,46.6,17.19,182.0,0.99
Bihar,Banka,25.0412,86.6584,6.92,1.82,15.03,28.97,29.01,21.47,25.68,17.77,61.64,1120.7,0.781,0.075,6,46.6,16.93,62.0,0.16
Bihar,Banka,24.9728,86.8693,6.75,1.33,14.24,27.38,35.39,16.56,25.68,17.77,61.64,1120.7,0.781,0.075,6,46.6,17.19,128.0,2.74
Bihar,Banka,24.6133,86.8056,6.65,1.08,11.0,26.92,34.36,18.65,25.13,17.44,63.85,1210.0,0.773,0.081,6,45.94,17.19,205.0,0.49
Bihar,Aurangabad,24.6679,84.3052,7.49,1.14,8.36,36.45,22.06,35.68,25.91,17.96,56.01,1096.9,0.853,0.06,7,47.51,18.0,129.0,0.21
Bihar,Aurangabad,24.769,84.6296,7.43,1.22,9.08,37.7,24.81,34.47,26.34,17.86,55.07,1000.8,0.851,0.057,7,48.41,18.0,113.0,0.23
Bihar,Aurangabad,24.8387,84.3912,7.51,1.4,8.04,33.8,23.67,31.95,26.34,17.86,55.07,1000.8,0.851,0.057,7,48.41,18.0,99.0,0.15
Bihar,Aurangabad,24.8959,84.2479,7.49,1.34,9.71,33.94,26.18,29.08,26.34,17.86,55.07,1000.8,0.851,0.057,7,48.41,18.0,106.0,0.05
Bihar,Aurangabad,24.6525,84.4154,7.42,1.23,10.04,34.73,22.09,35.5,25.91,17.96,56.01,1096.9,0.853,0.06,7,47.51,18.0,130.0,0.21
Bihar,Begusarai,25.7144,86.0411,7.04,1.12,11.63,27.18,33.24,13.15,26.05,17.62,58.72,1026.0,0.826,0.059,6,46.96,16.93,44.0,0.23
Bihar,Begusarai,25.6758,86.068,7.03,1.15,12.09,30.38,32.04,15.28,26.05,17.62,58.72,1026.0,0.826,0.059,6,46.96,16.93,43.0,0.12
Bihar,Begusarai,25.6374,86.2028,7.0,1.24,12.51,29.52,29.22,15.79,26.05,17.62,58.72,1026.0,0.826,0.059,6,46.96,16.93,41.0,0.23
Bihar,Begusarai,25.4586,86.0712,7.12,1.42,13.68,31.01,27.17,17.1,26.05,17.62,58.72,1026.0,0.826,0.059,6,46.96,16.93,41.0,0.23
Bihar,Begusarai,25.3204,86.177,7.06,1.25,26.3,28.68,29.83,16.87,26.05,17.62,58.72,1026.0,0.826,0.059,6,46.96,16.93,37.0,0.19
Bihar,Bhabua,25.3592,83.7434,7.33,1.24,11.56,32.4,27.15,27.12,26.47,17.62,53.29,889.7,0.857,0.052,8,48.49,17.32,70.0,0.52
Bihar,Bhabua,25.3308,83.7467,6.94,1.25,10.93,32.88,26.52,27.49,26.47,17.62,53.29,889.7,0.857,0.052,8,48.49,17.32,66.0,0.08
Bihar,Bhabua,25.0455,83.38,7.38,1.5,10.19,36.62,26.9,28.93,26.18,17.76,52.99,823.4,0.864,0.053,8,48.29,17.32,93.0,0.3
Bihar,Bhabua,24.7724,83.5649,7.13,0.91,9.1,44.13,19.59,46.71,26.22,17.85,53.49,912.7,0.857,0.056,8,48.04,18.02,401.0,0.85
Bihar,Bhabua,25.2144,83.635,7.0,1.02,9.0,33.46,29.06,28.27,26.22,17.85,53.49,912.7,0.857,0.056,8,48.04,17.32,73.0,0.15
Bihar,Bhagalpur,25.4754,86.9327,6.94,1.37,23.17,29.27,30.93,15.86,25.84,17.66,61.07,1121.6,0.792,0.064,6,46.32,16.93,30.0,0.0
Bihar,Bhagalpur,25.4362,87.0118,6.9,1.3,23.02,27.87,30.68,16.57,25.84,17.66,61.07,1121.6,0.792,0.064,6,46.32,16.66,26.0,0.12
Bihar,Bhagalpur,25.3082,86.9264,6.97,1.5,24.59,30.9,30.24,19.68,25.84,17.66,61.07,1121.6,0.792,0.064,6,46.32,16.93,28.0,0.0
Bihar,Bhagalpur,25.2461,87.0354,6.92,1.43,11.48,31.79,27.72,17.67,25.68,17.77,61.64,1120.7,0.781,0.075,6,46.6,16.66,44.0,0.51
Bihar,Bhagalpur,25.2471,86.9913,6.79,1.21,10.32,29.47,29.67,19.99,25.68,17.77,61.64,1120.7,0.781,0.075,6,46.6,16.93,51.0,0.47
Bihar,Bhojpur,25.241,84.533,6.75,1.72,12.98,30.57,25.06,27.7,26.34,17.86,55.07,1000.8,0.851,0.057,7,48.41,17.21,79.0,0.0
Bihar,Bhojpur,25.5073,84.6571,7.02,1.2,10.83,31.01,24.19,23.77,26.23,17.38,55.25,968.2,0.85,0.053,8,48.31,17.21,60.0,0.1
Bihar,Bhojpur,25.3992,84.6806,7.03,1.25,10.37,30.39,25.03,25.86,26.23,17.38,55.25,968.2,0.85,0.053,8,48.31,17.21,64.0,0.16
Bihar,Bhojpur,25.393,84.4871,6.6,1.98,15.52,29.36,24.54,26.42,26.23,17.38,55.25,968.2,0.85,0.053,8,48.31,17.21,71.0,0.11
Bihar,Bhojpur,25.3468,84.3093,6.66,1.85,15.12,30.66,24.8,26.97,26.23,17.38,55.25,968.2,0.85,0.053,8,48.31,17.21,76.0,0.08
Bihar,Buxar,25.5643,83.9648,7.34,1.07,8.6,31.45,29.13,30.66,26.47,17.62,53.29,889.7,0.857,0.052,8,48.49,17.32,67.0,0.58
Bihar,Buxar,25.3602,83.9269,6.71,1.53,11.43,31.01,28.4,26.45,26.47,17.62,53.29,889.7,0.857,0.052,8,48.49,17.32,73.0,0.13
Bihar,Buxar,25.4329,84.2386,7.51,1.34,9.75,31.88,25.89,26.57,26.23,17.38,55.25,968.2,0.85,0.053,8,48.31,17.21,75.0,0.11
Bihar,Buxar,25.4321,83.8664,7.33,1.31,8.5,31.19,29.14,26.66,26.47,17.62,53.29,889.7,0.857,0.052,8,48.49,17.32,67.0,0.1
Bihar,Buxar,25.3356,83.8809,6.83,1.45,10.74,31.96,28.28,27.09,26.47,17.62,53.29,889.7,0.857,0.052,8,48.49,17.32,70.0,0.06
Bihar,Darbhanga,26.2132,85.7188,6.98,0.96,11.16,27.78,31.64,13.72,26.04,17.38,57.03,1060.2,0.839,0.051,6,47.6,17.0,50.0,0.29
Bihar,Darbhanga,26.0852,86.0646,7.03,1.44,11.86,29.33,30.16,16.7,25.9,17.51,58.49,1068.9,0.82,0.053,6,46.67,16.77,45.0,0.06
Bihar,Darbhanga,26.0669,86.1813,7.04,1.64,11.52,26.8,32.32,16.74,25.9,17.51,58.49,1068.9,0.82,0.053,6,46.67,16.77,44.0,0.0
Bihar,Darbhanga,26.2361,85.944,6.99,1.02,11.41,30.92,30.39,15.37,25.9,17.51,58.49,1068.9,0.82,0.053,6,46.67,17.0,48.0,0.13
Bihar,Darbhanga,25.9965,86.1733,6.99,1.55,12.08,28.31,31.42,16.69,25.9,17.51,58.49,1068.9,0.82,0.053,6,46.67,16.93,43.0,0.15
Bihar,Gaya,24.6498,84.9088,7.45,1.33,9.74,38.86,17.75,33.54,25.41,17.39,57.98,1095.9,0.845,0.063,7,46.84,18.0,135.0,0.34
Bihar,Gaya,24.6705,84.9337,7.36,1.42,9.57,37.47,18.59,31.64,25.41,17.39,57.98,1095.9,0.845,0.063,7,46.84,18.0,130.0,0.36
Bihar,Gaya,24.4878,84.4073,7.04,1.14,11.03,42.61,20.14,44.48,25.91,17.96,56.01,1096.9,0.853,0.06,7,47.51,18.0,321.0,0.96
Bihar,Gaya,24.6194,84.6745,7.49,0.97,8.14,37.22,20.91,38.02,25.91,17.96,56.01,1096.9,0.853,0.06,7,47.51,18.0,148.0,0.51
Bihar,Gaya,24.6282,84.8965,7.5,1.28,9.15,37.83,17.5,32.16,25.41,17.39,57.98,1095.9,0.845,0.063,7,46.84,18.0,139.0,0.15
Bihar,Gopalganj,26.5885,84.2103,7.01,0.92,10.09,29.95,35.37,12.4,25.81,16.97,56.46,1112.0,0.842,0.046,7,47.99,16.86,74.0,0.1
Bihar,Gopalganj,26.406,84.343,7.16,1.08,11.07,29.16,31.93,14.51,25.81,16.97,56.46,1112.0,0.842,0.046,7,47.99,16.86,65.0,0.0
Bihar,Gopalganj,26.426,84.2145,7.02,0.94,8.91,27.99,35.77,13.59,25.81,16.97,56.46,1112.0,0.842,0.046,7,47.99,16.86,71.0,0.08
Bihar,Gopalganj,26.5279,84.4682,7.0,0.98,9.82,25.4,35.75,14.2,25.81,16.97,56.46,1112.0,0.842,0.046,7,47.99,16.86,70.0,0.0
Bihar,Gopalganj,26.3522,84.6175,7.1,1.07,12.01,26.88,30.89,16.07,25.81,16.97,56.46,1112.0,0.842,0.046,7,47.99,16.86,65.0,0.23
Bihar,Jamui,24.7072,86.177,6.58,1.04,10.83,29.89,31.52,17.5,24.79,16.79,62.83,1126.7,0.815,0.071,6,46.19,17.19,166.0,0.76
Bihar,Jamui,24.964,85.8531,7.11,1.59,13.55,28.34,25.86,18.54,25.9,17.37,58.45,1013.4,0.838,0.062,7,47.5,17.35,65.0,0.16
Bihar,Jamui,24.8889,86.3532,6.83,1.09,10.93,28.46,31.84,20.09,25.74,17.54,59.66,1034.8,0.823,0.066,6,46.97,17.19,105.0,0.57
Bihar,Jamui,24.8903,86.1943,6.92,1.35,11.39,28.94,28.33,19.04,25.74,17.54,59.66,1034.8,0.823,0.066,6,46.97,17.19,88.0,0.15
Bihar,Jamui,24.6382,86.5018,6.59,1.08,10.69,26.83,39.05,15.13,24.79,16.79,62.83,1126.7,0.815,0.071,6,46.19,17.19,254.0,0.52
Bihar,Jehanabad,25.0823,84.5946,7.73,1.83,9.78,34.29,24.95,29.33,26.34,17.86,55.07,1000.8,0.851,0.057,7,48.41,17.21,85.0,0.05
Bihar,Jehanabad,25.062,84.7629,7.61,1.28,9.87,33.72,24.64,30.78,26.17,17.58,56.79,1013.2,0.846,0.059,7,48.25,17.21,77.0,0.05
Bihar,Jehanabad,25.2673,84.6728,7.13,1.13,12.29,32.36,26.05,27.45,26.23,17.38,55.25,968.2,0.85,0.053,8,48.31,17.21,75.0,0.36
Bihar,Jehanabad,25.0587,85.0941,7.48,1.38,10.56,32.49,26.68,19.47,26.17,17.58,56.79,1013.2,0.846,0.059,7,48.25,17.21,78.0,0.19
Bihar,Jehanabad,25.1821,84.9489,7.38,1.27,11.65,30.48,26.35,24.69,26.17,17.58,56.79,1013.2,0.846,0.059,7,48.25,17.21,66.0,0.08
Bihar,Katihar,25.5242,87.2993,6.93,1.24,12.28,27.57,28.76,16.11,25.55,17.62,63.94,1228.9,0.766,0.075,6,45.49,16.66,31.0,0.19
Bihar,Katihar,25.6163,87.6864,6.68,1.12,12.66,27.31,28.83,16.55,25.55,17.62,63.94,1228.9,0.766,0.075,6,45.49,16.66,31.0,0.28
Bihar,Katihar,25.6295,87.3259,6.75,1.32,12.03,26.87,29.74,16.81,25.55,17.62,63.94,1228.9,0.766,0.075,6,45.49,16.66,34.0,0.15
Bihar,Katihar,25.3391,87.6655,6.65,1.16,11.99,29.35,28.74,17.45,25.55,17.62,63.94,1228.9,0.766,0.075,6,45.49,16.66,28.0,0.2
Bihar,Katihar,25.5814,87.3737,6.76,1.26,13.26,27.12,26.53,16.39,25.55,17.62,63.94,1228.9,0.766,0.075,6,45.49,16.66,35.0,0.0
Bihar,Khagaria,25.2994,86.7459,7.05,1.3,14.27,30.72,31.1,20.14,25.84,17.66,61.07,1121.6,0.792,0.064,6,46.32,16.93,36.0,0.18
Bihar,Khagaria,25.6011,86.8097,7.2,1.47,12.83,28.64,31.36,15.24,25.84,17.66,61.07,1121.6,0.792,0.064,6,46.32,16.93,34.0,0.0
Bihar,Khagaria,25.621,86.6514,7.09,1.5,16.9,30.96,31.61,16.55,25.84,17.66,61.07,1121.6,0.792,0.064,6,46.32,16.93,36.0,0.05
Bihar,Khagaria,25.585,86.3831,7.03,1.3,19.84,28.63,31.63,15.06,26.05,17.62,58.72,1026.0,0.826,0.059,6,46.96,16.93,37.0,0.12
Bihar,Khagaria,25.5134,86.4934,7.06,1.31,12.84,29.5,31.74,15.28,26.05,17.62,58.72,1026.0,0.826,0.059,6,46.96,16.93,45.0,0.08
Bihar,Kishanganj,26.1501,87.6995,6.39,1.34,12.83,22.62,36.04,21.06,25.36,17.55,63.8,1347.5,0.784,0.061,5,45.18,16.23,43.0,0.0
Bihar,Kishanganj,26.0569,87.842,6.33,1.37,13.07,26.58,35.84,18.77,25.11,17.61,66.9,1700.7,0.77,0.067,5,44.96,16.23,43.0,0.08
Bihar,Kishanganj,26.188,87.813,6.43,1.51,12.54,23.47,36.59,23.36,25.11,17.61,66.9,1700.7,0.77,0.067,5,44.96,16.23,50.0,0.08
Bihar,Kishanganj,26.3945,87.8288,6.14,1.41,13.42,25.15,36.63,17.44,24.23,17.59,64.88,1774.1,0.786,0.056,5,42.4,16.23,66.0,0.13
Bihar,Kishanganj,26.2233,88.083,6.25,1.35,12.87,23.0,32.32,20.95,25.11,17.61,66.9,1700.7,0.77,0.067,5,44.96,15.56,56.0,0.08
Bihar,Lakhisarai,25.1735,86.0285,7.19,1.32,13.06,27.8,28.42,16.12,25.74,17.54,59.66,1034.8,0.823,0.066,6,46.97,16.93,42.0,0.05
Bihar,Lakhisarai,25.1701,86.0816,7.15,1.35,12.81,27.87,28.12,15.71,25.74,17.54,59.66,1034.8,0.823,0.066,6,46.97,16.93,44.0,0.06
Bihar,Lakhisarai,25.1765,86.0847,7.17,1.36,12.81,28.89,28.2,15.49,25.74,17.54,59.66,1034.8,0.823,0.066,6,46.97,16.93,43.0,0.05
Bihar,Lakhisarai,25.1811,86.3957,6.1,2.81,20.7,26.61,35.16,17.98,25.74,17.54,59.66,1034.8,0.823,0.066,6,46.97,16.93,206.0,10.11
Bihar,Lakhisarai,25.2025,85.9595,7.19,1.21,27.43,27.65,30.07,17.17,25.74,17.54,59.66,1034.8,0.823,0.066,6,46.97,17.21,41.0,0.08
Bihar,Madhubani,26.3493,85.8851,6.78,1.02,10.57,25.38,31.73,13.74,25.8,17.38,57.37,1144.7,0.827,0.048,7,46.41,17.0,52.0,0.21
Bihar,Madhubani,26.536,86.5343,6.64,1.16,12.61,26.35,39.64,21.34,25.54,17.53,57.55,1104.1,0.805,0.05,6,45.46,16.77,76.0,0.0
Bihar,Madhubani,26.1421,86.4059,6.86,2.06,13.62,26.3,29.39,17.5,25.9,17.51,58.49,1068.9,0.82,0.053,6,46.67,16.77,47.0,0.18
Bihar,Madhubani,26.5681,86.0432,6.79,1.11,12.2,26.63,33.77,15.77,25.54,17.53,57.55,1104.1,0.805,0.05,6,45.46,16.77,64.0,0.19
Bihar,Madhubani,26.262,86.0612,6.83,1.04,11.26,27.98,32.23,13.77,25.54,17.53,57.55,1104.1,0.805,0.05,6,45.46,16.77,50.0,0.2
Bihar,Madhepura,25.7505,86.8584,6.97,1.36,12.5,27.14,31.21,14.25,25.58,17.47,61.34,1163.4,0.796,0.056,6,46.1,16.93,40.0,0.28
Bihar,Madhepura,25.7038,86.8848,6.95,1.56,13.29,25.21,31.23,15.45,25.84,17.66,61.07,1121.6,0.792,0.064,6,46.32,16.93,43.0,0.05
Bihar,Madhepura,25.5517,87.0253,6.96,1.59,11.34,26.63,29.4,15.86,25.84,17.66,61.07,1121.6,0.792,0.064,6,46.32,16.66,35.0,0.13
Bihar,Madhepura,25.96,86.8302,6.92,1.76,13.64,27.29,30.74,16.56,25.58,17.47,61.34,1163.4,0.796,0.056,6,46.1,16.93,46.0,0.06
Bihar,Madhepura,26.0568,86.9093,6.8,1.23,13.1,27.71,30.45,17.45,25.58,17.47,61.34,1163.4,0.796,0.056,6,46.1,16.77,53.0,0.11
Bihar,Munger,25.4203,86.5124,6.99,1.42,15.19,31.0,32.07,20.9,26.05,17.62,58.72,1026.0,0.826,0.059,6,46.96,16.93,38.0,0.08
Bihar,Munger,25.3056,86.3202,7.08,1.32,17.11,29.46,30.0,17.21,26.05,17.62,58.72,1026.0,0.826,0.059,6,46.96,16.93,39.0,0.3
Bihar,Munger,25.2089,86.648,6.78,1.71,16.87,32.79,29.11,20.85,25.68,17.77,61.64,1120.7,0.781,0.075,6,46.6,16.93,37.0,0.05
Bihar,Munger,25.4448,86.5683,7.04,1.44,21.29,33.18,31.22,21.87,25.84,17.66,61.07,1121.6,0.792,0.064,6,46.32,16.93,35.0,0.28
Bihar,Munger,25.2636,86.4492,6.93,1.52,15.64,30.99,30.89,21.14,26.05,17.62,58.72,1026.0,0.826,0.059,6,46.96,16.93,40.0,0.12
Bihar,Muzaffarpur,26.3526,85.5106,7.02,1.11,11.8,27.32,30.12,15.08,25.8,17.38,57.37,1144.7,0.827,0.048,7,46.41,17.0,55.0,0.1
Bihar,Muzaffarpur,26.148,85.0408,7.02,1.12,11.86,27.67,29.34,14.4,26.1,17.29,56.12,1041.5,0.846,0.051,7,47.97,17.0,63.0,0.12
Bihar,Muzaffarpur,26.2665,85.3524,7.01,1.12,12.07,26.66,31.35,13.0,25.8,17.38,57.37,1144.7,0.827,0.048,7,46.41,17.0,54.0,0.24
Bihar,Muzaffarpur,26.1707,85.4026,7.09,1.28,11.71,27.57,30.45,13.86,26.04,17.38,57.03,1060.2,0.839,0.051,6,47.6,17.0,53.0,0.17
Bihar,Muzaffarpur,26.031,85.5321,7.04,1.21,10.84,26.99,31.67,11.93,26.04,17.38,57.03,1060.2,0.839,0.051,6,47.6,17.0,49.0,0.15
Bihar,Nawada,24.8963,85.6585,7.25,1.16,10.58,29.28,24.48,19.53,25.9,17.37,58.45,1013.4,0.838,0.062,7,47.5,17.35,87.0,0.08
Bihar,Nawada,24.8665,85.6256,7.24,1.12,10.7,31.58,24.99,18.47,25.9,17.37,58.45,1013.4,0.838,0.062,7,47.5,17.35,94.0,0.12
Bihar,Nawada,24.6922,85.3987,7.06,1.48,10.88,33.23,21.99,24.54,24.83,16.73,61.25,1094.9,0.833,0.067,6,46.16,17.35,123.0,0.27
Bihar,Nawada,24.7567,85.3293,7.26,1.15,12.4,32.93,25.15,22.88,25.9,17.37,58.45,1013.4,0.838,0.062,7,47.5,17.35,113.0,0.23
Bihar,Nawada,24.8068,85.4945,7.19,1.21,10.98,32.85,24.43,20.03,25.9,17.37,58.45,1013.4,0.838,0.062,7,47.5,17.35,102.0,0.1
Bihar,Nalanda,25.271,85.3095,7.22,1.43,13.96,28.88,31.65,15.72,26.19,17.37,56.38,993.8,0.846,0.055,7,48.1,17.21,53.0,0.08
Bihar,Nalanda,25.1948,85.3038,7.35,1.21,11.8,30.85,28.16,17.08,26.17,17.58,56.79,1013.2,0.846,0.059,7,48.25,17.21,58.0,0.08
Bihar,Nalanda,25.3038,85.6006,7.31,1.29,12.11,27.71,28.23,18.29,26.18,17.46,57.42,1003.1,0.841,0.056,6,47.77,17.21,46.0,0.11
Bihar,Nalanda,25.3856,85.5657,7.28,1.22,12.19,29.57,28.48,16.87,26.18,17.46,57.42,1003.1,0.841,0.056,6,47.77,17.21,44.0,0.06
Bihar,Nalanda,25.3052,85.3285,7.42,1.4,11.91,28.64,27.69,16.31,26.18,17.46,57.42,1003.1,0.841,0.056,6,47.77,17.21,51.0,0.0
Bihar,Patna,25.2769,84.8475,7.3,1.29,10.26,30.58,29.09,24.74,26.19,17.37,56.38,993.8,0.846,0.055,7,48.1,17.21,66.0,0.38
Bihar,Patna,25.4199,84.9179,7.31,1.25,10.81,29.21,26.35,19.74,26.19,17.37,56.38,993.8,0.846,0.055,7,48.1,17.21,60.0,0.15
Bihar,Patna,25.4487,84.9048,7.24,1.27,11.04,29.08,24.94,17.19,26.19,17.37,56.38,993.8,0.846,0.055,7,48.1,17.21,63.0,0.16
Bihar,Patna,25.3187,85.8931,7.15,1.46,31.25,30.08,27.06,19.63,26.18,17.46,57.42,1003.1,0.841,0.056,6,47.77,17.21,41.0,0.0
Bihar,Patna,25.4628,85.371,7.24,1.21,17.08,29.57,28.17,16.64,26.18,17.46,57.42,1003.1,0.841,0.056,6,47.77,17.21,48.0,0.0
Bihar,Pashchim Champaran,27.0914,84.6055,6.74,1.02,12.39,22.63,32.81,14.6,25.48,16.85,57.12,1239.5,0.825,0.046,6,47.24,17.62,82.0,0.05
Bihar,Pashchim Champaran,26.8993,84.0884,6.88,0.98,10.75,25.25,35.44,14.37,25.48,16.85,57.12,1239.5,0.825,0.046,6,47.24,16.86,82.0,0.12
Bihar,Pashchim Champaran,26.8921,84.3315,6.84,0.97,10.99,22.38,31.83,13.18,25.48,16.85,57.12,1239.5,0.825,0.046,6,47.24,16.86,79.0,0.06
Bihar,Pashchim Champaran,26.6999,84.4858,6.98,0.96,10.11,25.9,34.72,12.82,25.81,16.97,56.46,1112.0,0.842,0.046,7,47.99,16.86,72.0,0.06
Bihar,Pashchim Champaran,26.8438,84.1651,6.88,0.96,11.06,24.16,35.07,14.5,25.48,16.85,57.12,1239.5,0.825,0.046,6,47.24,16.86,80.0,0.19
Bihar,Purba Champaran,26.3711,85.1696,6.99,0.96,15.67,26.59,31.03,13.2,25.82,17.14,56.99,1133.0,0.836,0.047,7,47.48,17.0,57.0,0.43
Bihar,Purba Champaran,26.9415,84.8156,6.85,1.02,12.58,25.36,32.33,15.2,25.21,17.12,56.31,1219.2,0.816,0.046,7,45.41,16.86,73.0,0.15
Bihar,Purba Champaran,26.7775,84.7212,7.0,0.99,9.96,28.8,31.43,14.36,25.21,17.12,56.31,1219.2,0.816,0.046,7,45.41,16.86,71.0,0.08
Bihar,Purba Champaran,26.6094,84.596,6.85,0.9,9.84,25.28,33.57,13.13,25.81,16.97,56.46,1112.0,0.842,0.046,7,47.99,16.86,70.0,0.15
Bihar,Purba Champaran,26.6836,85.1155,6.84,1.01,11.83,28.96,29.12,16.64,25.82,17.14,56.99,1133.0,0.836,0.047,7,47.48,17.0,68.0,0.05
Bihar,Purnia,25.4974,87.1624,6.8,1.21,11.86,30.46,29.01,16.5,25.84,17.66,61.07,1121.6,0.792,0.064,6,46.32,16.66,31.0,0.28
Bihar,Purnia,25.839,87.5618,6.79,1.16,12.61,24.78,31.34,16.58,25.36,17.55,63.8,1347.5,0.784,0.061,5,45.18,16.66,39.0,0.06
Bihar,Purnia,25.6789,87.5399,6.91,1.17,12.24,29.69,29.45,14.36,25.55,17.62,63.94,1228.9,0.766,0.075,6,45.49,16.66,35.0,0.25
Bihar,Purnia,25.5044,87.1704,6.81,1.27,12.63,29.4,27.63,17.46,25.84,17.66,61.07,1121.6,0.792,0.064,6,46.32,16.66,34.0,0.0
Bihar,Purnia,25.8841,87.0567,6.95,1.75,14.64,25.26,30.85,15.28,25.58,17.47,61.34,1163.4,0.796,0.056,6,46.1,16.66,46.0,0.28
Bihar,Rohtas,24.9102,84.2093,7.43,1.13,22.21,33.16,26.61,31.46,26.34,17.86,55.07,1000.8,0.851,0.057,7,48.41,18.0,101.0,0.08
Bihar,Rohtas,24.8276,84.0751,7.39,1.49,9.34,32.19,24.46,29.85,26.34,17.86,55.07,1000.8,0.851,0.057,7,48.41,18.0,114.0,0.08
Bihar,Rohtas,24.7679,84.0174,7.1,1.46,15.09,35.78,25.43,32.17,26.22,17.85,53.49,912.7,0.857,0.056,8,48.04,18.0,129.0,1.82
Bihar,Rohtas,25.3409,84.0307,7.21,1.43,10.38,31.16,27.41,26.87,26.47,17.62,53.29,889.7,0.857,0.052,8,48.49,17.21,73.0,0.19
Bihar,Rohtas,25.1432,83.8299,7.46,1.72,11.63,32.74,25.84,27.27,26.22,17.85,53.49,912.7,0.857,0.056,8,48.04,17.32,82.0,0.1
Bihar,Saharsa,25.8689,86.5421,7.04,1.34,12.95,29.06,30.48,15.83,25.9,17.51,58.49,1068.9,0.82,0.053,6,46.67,16.93,42.0,0.15
Bihar,Saharsa,25.8804,86.6197,6.98,1.28,11.93,29.88,32.19,15.62,25.58,17.47,61.34,1163.4,0.796,0.056,6,46.1,16.93,46.0,0.31
Bihar,Saharsa,25.8237,86.6266,7.03,1.28,11.99,31.4,32.44,17.29,25.58,17.47,61.34,1163.4,0.796,0.056,6,46.1,16.93,42.0,0.06
Bihar,Saharsa,25.9008,86.6279,6.97,1.26,12.64,32.16,32.03,17.37,25.58,17.47,61.34,1163.4,0.796,0.056,6,46.1,16.93,44.0,0.21
Bihar,Saharsa,25.9021,86.667,6.92,1.29,12.44,31.62,30.81,18.23,25.58,17.47,61.34,1163.4,0.796,0.056,6,46.1,16.93,42.0,0.05
Bihar,Saran,25.6992,84.8355,7.18,1.06,11.89,32.59,29.54,16.56,26.19,17.37,56.38,993.8,0.846,0.055,7,48.1,17.21,53.0,0.18
Bihar,Saran,25.8825,84.6242,7.17,1.01,10.47,31.7,30.62,15.02,26.08,17.18,55.53,1011.6,0.849,0.05,7,48.19,17.21,54.0,0.12
Bihar,Saran,26.1018,84.7624,7.19,1.04,10.31,27.36,31.35,14.12,26.1,17.29,56.12,1041.5,0.846,0.051,7,47.97,16.86,58.0,0.1
Bihar,Saran,26.0098,84.7714,6.78,1.05,15.39,25.4,30.17,14.92,26.1,17.29,56.12,1041.5,0.846,0.051,7,47.97,16.86,55.0,0.08
Bihar,Saran,25.8045,84.931,7.19,1.18,10.56,29.44,27.81,14.36,26.1,17.29,56.12,1041.5,0.846,0.051,7,47.97,17.21,56.0,0.27
Bihar,Samastipur,25.687,85.6257,7.25,1.17,11.92,29.34,31.32,14.61,26.18,17.46,57.42,1003.1,0.841,0.056,6,47.77,17.21,46.0,0.15
Bihar,Samastipur,25.5405,85.6781,7.21,1.09,11.94,30.34,27.96,15.34,26.18,17.46,57.42,1003.1,0.841,0.056,6,47.77,17.21,45.0,0.31
Bihar,Samastipur,25.8709,86.2072,6.98,1.2,25.47,27.45,32.69,13.62,25.9,17.51,58.49,1068.9,0.82,0.053,6,46.67,16.93,41.0,0.21
Bihar,Samastipur,25.6477,85.7871,7.15,1.25,11.06,28.53,32.55,13.72,26.18,17.46,57.42,1003.1,0.841,0.056,6,47.77,17.21,45.0,0.23
Bihar,Samastipur,25.9458,85.7135,7.14,1.26,11.09,28.21,31.58,12.76,26.04,17.38,57.03,1060.2,0.839,0.051,6,47.6,17.21,44.0,0.19
Bihar,Sheikhpura,25.1297,85.8718,7.15,1.09,10.39,28.34,30.47,16.18,25.9,17.37,58.45,1013.4,0.838,0.062,7,47.5,17.21,48.0,0.08
Bihar,Sheikhpura,25.0156,85.7755,7.22,1.34,9.85,28.37,28.14,17.76,25.9,17.37,58.45,1013.4,0.838,0.062,7,47.5,17.21,65.0,0.05
Bihar,Sheikhpura,25.1344,85.8023,7.12,1.27,15.1,27.82,27.66,17.04,25.9,17.37,58.45,1013.4,0.838,0.062,7,47.5,17.21,55.0,0.89
Bihar,Sheikhpura,25.1997,85.7271,7.34,1.42,11.87,26.57,27.86,15.41,25.9,17.37,58.45,1013.4,0.838,0.062,7,47.5,17.21,48.0,0.15
Bihar,Sheikhpura,25.1562,85.8214,7.23,1.26,11.49,27.81,27.77,16.7,25.9,17.37,58.45,1013.4,0.838,0.062,7,47.5,17.21,47.0,0.26
Bihar,Sheohar,26.6173,85.2824,6.92,1.44,12.64,24.69,29.81,14.5,25.82,17.14,56.99,1133.0,0.836,0.047,7,47.48,17.0,66.0,0.08
Bihar,Sheohar,26.3927,85.2899,6.9,1.36,12.03,27.58,30.38,14.91,25.82,17.14,56.99,1133.0,0.836,0.047,7,47.48,17.0,59.0,0.13
Bihar,Sheohar,26.4274,85.2932,7.06,1.26,12.65,27.99,31.21,13.9,25.82,17.14,56.99,1133.0,0.836,0.047,7,47.48,17.0,63.0,0.17
Bihar,Sheohar,26.4353,85.2482,6.97,1.32,12.76,27.47,31.75,16.67,25.82,17.14,56.99,1133.0,0.836,0.047,7,47.48,17.0,60.0,0.1
Bihar,Sheohar,26.4882,85.2544,6.75,1.43,11.43,27.13,30.54,16.07,25.82,17.14,56.99,1133.0,0.836,0.047,7,47.48,17.0,62.0,0.23
Bihar,Sitamarhi,26.4941,85.737,6.85,1.11,10.84,29.1,28.56,13.47,25.8,17.38,57.37,1144.7,0.827,0.048,7,46.41,17.0,55.0,0.1
Bihar,Sitamarhi,26.5676,85.7316,7.01,1.12,11.84,28.45,26.65,15.2,25.8,17.38,57.37,1144.7,0.827,0.048,7,46.41,17.0,56.0,0.23
Bihar,Sitamarhi,26.735,85.2731,6.81,1.11,12.45,26.82,27.15,15.1,25.82,17.14,56.99,1133.0,0.836,0.047,7,47.48,17.0,70.0,0.39
Bihar,Sitamarhi,26.6779,85.2351,6.79,1.15,13.1,26.75,27.89,16.17,25.82,17.14,56.99,1133.0,0.836,0.047,7,47.48,17.0,70.0,0.08
Bihar,Sitamarhi,26.6693,85.627,6.97,1.08,12.42,25.32,28.87,13.45,25.8,17.38,57.37,1144.7,0.827,0.048,7,46.41,17.0,64.0,0.08
Bihar,Siwan,26.2942,84.2773,7.24,0.94,9.34,28.47,32.51,14.24,25.81,16.97,56.46,1112.0,0.842,0.046,7,47.99,16.86,67.0,0.23
Bihar,Siwan,26.2441,84.3675,7.26,0.93,9.04,30.77,30.16,14.45,26.08,17.18,55.53,1011.6,0.849,0.05,7,48.19,16.86,67.0,0.08
Bihar,Siwan,25.985,84.3858,7.32,1.22,11.12,29.16,29.09,16.23,26.08,17.18,55.53,1011.6,0.849,0.05,7,48.19,17.21,56.0,0.2
Bihar,Siwan,26.0654,84.5463,7.15,0.92,12.84,28.52,31.83,13.8,26.08,17.18,55.53,1011.6,0.849,0.05,7,48.19,16.86,59.0,0.23
Bihar,Siwan,26.2747,84.6012,7.15,0.93,11.21,26.15,31.07,14.67,25.81,16.97,56.46,1112.0,0.842,0.046,7,47.99,16.86,63.0,0.23
Bihar,Supaul,26.1104,86.6785,6.86,1.65,13.36,29.56,31.48,19.65,25.58,17.47,61.34,1163.4,0.796,0.056,6,46.1,16.77,54.0,0.45
Bihar,Supaul,26.1374,86.5175,6.82,1.22,17.81,28.75,34.08,18.33,25.9,17.51,58.49,1068.9,0.82,0.053,6,46.67,16.77,50.0,0.15
Bihar,Supaul,26.1389,86.9331,6.75,1.52,12.65,29.68,31.42,17.58,25.58,17.47,61.34,1163.4,0.796,0.056,6,46.1,16.77,56.0,0.15
Bihar,Supaul,26.234,86.7395,6.84,1.14,12.99,27.89,31.33,18.56,25.58,17.47,61.34,1163.4,0.796,0.056,6,46.1,16.77,58.0,0.0
Bihar,Supaul,26.1197,86.8282,6.82,1.52,13.46,28.9,30.22,19.79,25.58,17.47,61.34,1163.4,0.796,0.056,6,46.1,16.77,52.0,0.11
Bihar,Vaishali,25.8601,85.5,7.07,1.18,12.26,27.65,32.54,13.34,26.04,17.38,57.03,1060.2,0.839,0.051,6,47.6,17.21,53.0,0.38
Bihar,Vaishali,25.7156,85.4779,7.08,1.28,10.71,29.46,31.19,14.33,26.18,17.46,57.42,1003.1,0.841,0.056,6,47.77,17.21,50.0,0.05
Bihar,Vaishali,25.8933,85.2374,7.07,1.19,12.28,27.81,30.87,14.27,26.1,17.29,56.12,1041.5,0.846,0.051,7,47.97,17.21,58.0,0.06
Bihar,Vaishali,25.9932,85.1813,7.06,1.26,11.89,27.41,30.89,13.94,26.1,17.29,56.12,1041.5,0.846,0.051,7,47.97,17.21,59.0,0.35
Bihar,Vaishali,25.5706,85.5269,7.23,1.33,18.39,32.25,29.84,18.84,26.18,17.46,57.42,1003.1,0.841,0.056,6,47.77,17.21,40.0,0.36
Chandigarh,Chandigarh,30.6946,76.7753,6.88,1.43,13.47,25.21,41.29,16.04,24.16,14.72,47.72,1053.0,0.806,0.027,8,47.93,18.81,320.0,0.28
Chandigarh,Chandigarh,30.7554,76.7587,6.66,1.54,13.7,23.95,43.75,16.09,21.15,12.26,50.32,1093.2,0.787,0.03,8,43.87,18.81,345.0,0.33
Chandigarh,Chandigarh,30.7591,76.7327,6.78,1.43,13.09,24.5,43.5,15.61,21.15,12.26,50.32,1093.2,0.787,0.03,8,43.87,18.81,335.0,0.36
Chandigarh,Chandigarh,30.7305,76.744,6.67,1.74,14.12,23.8,43.77,17.03,24.16,14.72,47.72,1053.0,0.806,0.027,8,47.93,18.81,331.0,0.47
Chandigarh,Chandigarh,30.752,76.7381,6.99,1.34,11.67,24.53,44.1,16.17,21.15,12.26,50.32,1093.2,0.787,0.03,8,43.87,18.81,339.0,0.47
Chhattisgarh,Bastar,19.5782,80.8905,5.8,2.0,21.27,36.53,36.36,26.07,26.04,22.02,62.11,1431.8,0.848,0.07,7,47.22,18.41,681.0,1.12
Chhattisgarh,Bastar,19.7323,80.9246,5.81,2.18,27.01,36.44,35.18,25.39,26.04,22.02,62.11,1431.8,0.848,0.07,7,47.22,18.41,556.0,3.13
Chhattisgarh,Bastar,19.2085,81.6185,6.04,1.73,21.3,31.05,38.88,28.14,24.58,19.82,68.3,1551.6,0.81,0.086,5,45.69,18.23,504.0,10.65
Chhattisgarh,Bastar,19.4988,81.6338,6.11,1.24,12.7,30.74,40.29,27.38,24.04,18.81,67.49,1503.8,0.826,0.074,6,45.33,18.23,595.0,0.31
Chhattisgarh,Bastar,19.4244,81.6372,6.06,1.35,13.55,31.0,43.47,28.79,24.04,18.81,67.49,1503.8,0.826,0.074,6,45.33,18.23,621.0,1.37
Chhattisgarh,Bilaspur,22.9616,82.0646,7.23,1.0,9.41,42.79,18.02,41.59,24.16,17.62,57.04,1254.8,0.839,0.062,7,45.86,18.18,545.0,0.64
Chhattisgarh,Bilaspur,22.0224,81.6031,7.5,0.97,7.88,41.2,17.37,33.69,26.24,19.78,57.18,1270.7,0.855,0.058,7,48.81,18.14,289.0,0.23
Chhattisgarh,Bilaspur,22.446,81.673,6.5,1.38,11.47,40.86,19.32,32.84,25.25,19.03,56.35,1277.5,0.841,0.061,7,46.89,18.14,417.0,0.87
Chhattisgarh,Bilaspur,22.2856,81.7588,7.31,0.99,9.57,41.17,17.92,29.59,25.25,19.03,56.35,1277.5,0.841,0.061,7,46.89,18.14,311.0,0.34
Chhattisgarh,Bilaspur,22.8158,82.1151,7.27,0.99,8.68,40.63,18.05,37.84,24.16,17.62,57.04,1254.8,0.839,0.062,7,45.86,18.18,567.0,0.69
Chhattisgarh,Dantewada,18.1511,81.4948,6.39,1.21,11.13,28.64,37.01,16.39,26.92,23.17,68.07,1365.6,0.759,0.146,6,48.01,18.21,125.0,1.0
Chhattisgarh,Dantewada,18.9378,80.8066,6.19,1.32,13.23,34.61,35.41,17.95,26.57,22.74,62.56,1387.0,0.835,0.079,7,47.63,18.5,302.0,0.51
Chhattisgarh,Dantewada,19.2317,80.5254,5.88,1.65,21.62,35.41,29.29,20.04,26.57,22.74,62.56,1387.0,0.835,0.079,7,47.63,18.41,245.0,0.94
Chhattisgarh,Dantewada,18.8432,80.4421,6.32,1.27,14.11,31.28,33.26,18.68,26.57,22.74,62.56,1387.0,0.835,0.079,7,47.63,18.5,122.0,0.68
Chhattisgarh,Dantewada,18.8273,80.805,6.41,1.29,12.72,33.86,38.31,18.1,26.57,22.74,62.56,1387.0,0.835,0.079,7,47.63,18.5,316.0,0.87
Chhattisgarh,Dhamtari,20.7962,81.6428,7.09,1.36,12.67,39.53,27.72,23.49,25.98,19.69,61.26,1337.3,0.876,0.056,7,47.99,18.53,310.0,0.39
Chhattisgarh,Dhamtari,20.7794,81.6703,7.04,1.29,9.98,40.12,29.4,22.8,25.98,19.69,61.26,1337.3,0.876,0.056,7,47.99,18.53,314.0,0.29
Chhattisgarh,Dhamtari,20.6891,81.5172,6.67,1.19,9.08,39.49,31.21,20.76,25.53,19.85,62.53,1407.7,0.87,0.057,7,46.77,18.53,322.0,0.08
Chhattisgarh,Dhamtari,20.4212,81.7327,6.59,1.17,9.39,38.23,40.29,29.37,25.46,19.74,62.42,1389.1,0.866,0.06,7,46.72,18.53,399.0,0.34
Chhattisgarh,Dhamtari,20.9069,81.7557,7.17,1.57,14.98,40.87,26.45,25.21,25.98,19.69,61.26,1337.3,0.876,0.056,7,47.99,18.53,300.0,0.15
Chhattisgarh,Durg,21.8609,81.6065,7.45,0.98,8.08,42.55,19.34,35.18,26.24,19.78,57.18,1270.7,0.855,0.058,7,48.81,18.59,270.0,0.06
Chhattisgarh,Durg,21.7016,81.7152,7.53,1.0,7.91,40.18,17.67,33.19,26.22,19.66,59.52,1291.1,0.87,0.056,7,48.89,18.59,251.0,0.2
Chhattisgarh,Durg,21.1185,81.2122,7.1,1.09,8.77,41.3,24.73,25.58,25.99,19.85,60.78,1344.5,0.877,0.054,7,47.75,18.59,284.0,0.15
Chhattisgarh,Durg,21.5131,81.5417,7.34,1.02,7.89,42.58,18.66,33.68,26.14,20.01,57.95,1289.7,0.868,0.055,7,48.33,18.59,280.0,0.33
Chhattisgarh,Durg,20.6016,81.3487,6.39,1.14,10.17,35.18,39.09,22.78,25.53,19.85,62.53,1407.7,0.87,0.057,7,46.77,18.53,391.0,0.93
Chhattisgarh,Janjgir-Champa,22.014,82.5511,7.36,1.29,12.08,43.06,19.1,39.96,25.94,19.0,60.32,1300.3,0.85,0.06,7,48.64,18.18,263.0,0.35
Chhattisgarh,Janjgir-Champa,21.8554,82.7899,7.47,1.19,9.21,40.0,19.71,37.93,25.94,19.0,60.32,1300.3,0.85,0.06,7,48.64,18.47,235.0,0.45
Chhattisgarh,Janjgir-Champa,21.8212,83.065,7.49,1.05,8.83,40.1,17.25,39.57,25.99,19.24,60.83,1352.0,0.856,0.062,7,48.14,18.27,229.0,0.12
Chhattisgarh,Janjgir-Champa,22.0882,82.9032,7.23,1.12,12.2,44.58,23.09,39.56,25.99,19.24,60.83,1352.0,0.856,0.062,7,48.14,18.18,251.0,0.12
Chhattisgarh,Janjgir-Champa,21.7846,82.6189,7.63,1.34,8.46,42.29,20.22,38.32,25.94,19.0,60.32,1300.3,0.85,0.06,7,48.64,18.47,232.0,0.23
Chhattisgarh,Jashpur,23.0685,83.5178,6.29,2.16,21.67,39.15,23.63,34.15,23.15,16.28,61.69,1335.9,0.847,0.068,7,44.04,17.76,939.0,5.82
Chhattisgarh,Jashpur,22.4766,83.6642,6.4,1.5,14.95,41.12,22.2,37.89,24.62,17.87,61.3,1358.7,0.852,0.066,7,46.19,18.0,523.0,1.63
Chhattisgarh,Jashpur,23.105,83.5895,6.52,1.64,18.11,39.18,25.19,35.58,23.15,16.28,61.69,1335.9,0.847,0.068,7,44.04,17.76,1119.0,1.31
Chhattisgarh,Jashpur,22.471,83.5781,6.65,1.33,11.21,42.42,23.91,39.67,24.62,17.87,61.3,1358.7,0.852,0.066,7,46.19,18.0,586.0,1.13
Chhattisgarh,Jashpur,22.5978,83.4894,6.89,1.21,10.39,41.93,22.21,39.45,24.62,17.87,61.3,1358.7,0.852,0.066,7,46.19,18.0,556.0,1.03
Chhattisgarh,Kanker,20.0868,80.7902,5.93,1.69,14.52,38.23,32.85,22.56,25.95,21.4,61.55,1439.7,0.864,0.061,7,47.34,18.56,338.0,1.34
Chhattisgarh,Kanker,19.7783,81.1689,5.85,1.46,18.87,33.32,39.48,22.96,24.78,19.69,64.22,1454.3,0.85,0.064,7,45.88,18.23,604.0,2.35
Chhattisgarh,Kanker,20.1382,81.1907,5.87,1.78,18.89,34.0,41.76,19.84,24.78,19.69,64.22,1454.3,0.85,0.064,7,45.88,18.53,421.0,9.71
Chhattisgarh,Kanker,20.1634,81.6446,6.1,1.93,18.81,35.32,41.74,26.61,24.37,18.93,65.23,1441.5,0.846,0.067,7,45.49,18.53,600.0,5.39
Chhattisgarh,Kanker,19.7474,81.1252,5.79,2.12,22.27,35.04,39.38,23.72,24.79,20.33,64.45,1486.4,0.831,0.071,6,45.81,18.23,657.0,0.9
Chhattisgarh,Kawardha,21.9053,81.425,7.5,1.09,8.19,40.26,18.33,35.71,25.78,19.86,55.97,1270.3,0.85,0.058,7,47.61,18.59,286.0,0.17
Chhattisgarh,Kawardha,21.9266,81.1743,7.38,0.9,8.06,41.66,19.37,36.64,25.78,19.86,55.97,1270.3,0.85,0.058,7,47.61,18.59,361.0,0.44
Chhattisgarh,Kawardha,21.7632,81.2185,7.4,0.88,7.68,41.09,24.34,35.37,25.78,19.86,55.97,1270.3,0.85,0.058,7,47.61,18.59,325.0,0.61
Chhattisgarh,Kawardha,21.9615,81.1261,7.16,1.08,12.01,41.13,17.18,40.28,25.78,19.86,55.97,1270.3,0.85,0.058,7,47.61,18.59,425.0,0.65
Chhattisgarh,Kawardha,22.1365,81.2852,7.45,0.9,8.28,42.04,15.1,34.2,25.78,19.86,55.97,1270.3,0.85,0.058,7,47.61,18.14,359.0,0.2
Chhattisgarh,Korba,22.2404,82.9467,7.38,1.11,9.97,45.06,18.1,45.1,25.99,19.24,60.83,1352.0,0.856,0.062,7,48.14,18.18,289.0,0.92
Chhattisgarh,Korba,22.5107,83.0605,7.25,1.39,12.51,45.71,18.66,40.98,24.97,18.31,60.12,1351.8,0.848,0.064,7,46.71,18.0,321.0,0.61
Chhattisgarh,Korba,22.6292,82.523,7.11,1.33,14.27,44.0,22.98,35.55,25.37,18.63,59.0,1293.6,0.836,0.063,7,47.46,18.18,346.0,2.32
Chhattisgarh,Korba,22.2567,82.5468,7.5,1.16,9.08,46.7,16.64,43.61,25.37,18.63,59.0,1293.6,0.836,0.063,7,47.46,18.18,296.0,0.36
Chhattisgarh,Korba,22.436,82.7921,6.64,1.32,13.35,46.67,18.54,39.07,25.37,18.63,59.0,1293.6,0.836,0.063,7,47.46,18.18,324.0,0.44
Chhattisgarh,Koriya,23.5957,82.1388,6.41,1.75,15.33,43.55,19.06,42.66,24.44,17.6,55.84,1190.2,0.848,0.059,7,46.4,18.07,764.0,1.47
Chhattisgarh,Koriya,23.6286,82.3026,6.5,1.42,15.18,41.71,18.06,41.88,23.97,17.06,57.45,1175.6,0.842,0.06,7,45.56,18.07,654.0,1.11
Chhattisgarh,Koriya,23.5332,81.8386,6.37,1.74,17.56,44.15,18.84,43.43,24.44,17.6,55.84,1190.2,0.848,0.059,7,46.4,18.47,686.0,3.51
Chhattisgarh,Koriya,23.1888,82.2904,7.12,1.12,12.41,41.83,16.34,39.04,24.92,18.39,56.91,1257.9,0.833,0.063,7,46.45,18.07,487.0,2.17
Chhattisgarh,Koriya,23.606,81.6469,6.58,1.24,10.7,41.34,22.28,43.34,24.44,17.6,55.84,1190.2,0.848,0.059,7,46.4,18.47,512.0,0.91
Chhattisgarh,Mahasamund,21.2561,82.3734,6.96,1.06,9.8,39.38,23.21,29.39,25.94,19.28,61.25,1319.6,0.866,0.057,7,48.4,18.47,322.0,0.49
Chhattisgarh,Mahasamund,21.1081,82.5431,7.24,1.2,9.65,40.17,21.73,30.27,25.81,19.63,61.64,1353.8,0.873,0.057,7,47.64,18.47,295.0,0.08
Chhattisgarh,Mahasamund,21.2618,82.9661,7.33,1.06,8.69,37.41,23.47,30.5,26.06,19.42,62.01,1339.3,0.862,0.062,7,48.03,18.47,246.0,0.34
Chhattisgarh,Mahasamund,21.3185,82.8185,7.34,1.04,8.03,39.95,21.49,32.94,26.06,19.42,62.01,1339.3,0.862,0.062,7,48.03,18.47,273.0,0.08
Chhattisgarh,Mahasamund,21.1167,82.1962,6.96,1.25,11.04,38.52,27.55,25.5,25.81,19.63,61.64,1353.8,0.873,0.057,7,47.64,18.47,332.0,3.22
Chhattisgarh,Raigarh,21.481,83.1311,7.19,1.16,10.11,39.19,21.13,33.9,26.06,19.42,62.01,1339.3,0.862,0.062,7,48.03,18.27,220.0,1.4
Chhattisgarh,Raigarh,21.4313,83.1778,6.68,1.3,15.7,42.33,23.65,33.93,26.06,19.42,62.01,1339.3,0.862,0.062,7,48.03,18.27,308.0,1.95
Chhattisgarh,Raigarh,21.4932,83.2161,6.94,1.31,14.31,44.31,21.38,36.75,26.06,19.42,62.01,1339.3,0.862,0.062,7,48.03,18.27,363.0,2.17
Chhattisgarh,Raigarh,21.4992,83.3257,7.21,1.15,10.31,40.71,22.13,31.55,26.06,19.42,62.01,1339.3,0.862,0.062,7,48.03,18.27,234.0,1.31
Chhattisgarh,Raigarh,22.7184,83.1222,6.25,2.44,22.45,40.01,23.41,36.56,24.97,18.31,60.12,1351.8,0.848,0.064,7,46.71,18.0,991.0,11.78
Chhattisgarh,Raipur,21.5827,82.621,6.81,1.12,12.07,42.95,18.75,41.32,25.94,19.28,61.25,1319.6,0.866,0.057,7,48.4,18.47,325.0,1.96
Chhattisgarh,Raipur,20.926,82.2275,6.02,1.2,13.68,35.05,32.78,23.71,25.81,19.63,61.64,1353.8,0.873,0.057,7,47.64,18.19,355.0,0.56
Chhattisgarh,Raipur,20.1197,82.3789,6.22,1.43,14.64,35.69,36.67,24.74,25.32,19.75,64.47,1407.7,0.839,0.07,7,46.47,18.19,411.0,2.27
Chhattisgarh,Raipur,20.2631,82.396,6.01,2.04,22.6,35.78,36.6,27.88,25.44,19.64,62.96,1370.7,0.862,0.062,7,46.77,18.19,556.0,13.29
Chhattisgarh,Raipur,21.5907,82.0635,7.39,0.99,8.17,34.96,19.71,27.83,26.22,19.66,59.52,1291.1,0.87,0.056,7,48.89,18.47,265.0,0.47
Chhattisgarh,Raj Nandgaon,21.1432,81.0624,7.02,1.09,9.36,41.77,26.05,29.68,25.99,19.85,60.78,1344.5,0.877,0.054,7,47.75,18.59,307.0,0.39
Chhattisgarh,Raj Nandgaon,21.3806,80.9176,7.45,1.04,8.41,40.91,19.61,35.47,25.83,20.37,57.07,1318.3,0.873,0.051,7,47.28,18.45,328.0,0.73
Chhattisgarh,Raj Nandgaon,20.9434,80.7806,7.0,1.16,9.62,43.58,25.52,27.07,26.06,20.49,59.27,1346.6,0.881,0.051,7,47.55,18.56,313.0,0.08
Chhattisgarh,Raj Nandgaon,20.8125,80.5864,6.68,1.21,11.35,43.86,24.96,29.19,26.06,20.49,59.27,1346.6,0.881,0.051,7,47.55,18.56,370.0,1.41
Chhattisgarh,Raj Nandgaon,21.6006,80.8657,6.31,1.82,20.37,45.16,19.22,38.29,25.83,20.37,57.07,1318.3,0.873,0.051,7,47.28,18.45,640.0,4.75
Chhattisgarh,Surguja,22.8683,82.8704,6.96,1.48,12.18,43.13,20.03,36.9,23.81,17.13,59.64,1310.1,0.843,0.066,7,44.74,18.18,550.0,0.94
Chhattisgarh,Surguja,22.8598,83.1226,6.36,1.79,19.45,42.26,23.81,36.07,23.81,17.13,59.64,1310.1,0.843,0.066,7,44.74,18.0,792.0,2.16
Chhattisgarh,Surguja,22.7985,83.1334,6.08,2.52,22.77,39.04,23.15,35.75,23.81,17.13,59.64,1310.1,0.843,0.066,7,44.74,18.0,1099.0,9.56
Chhattisgarh,Surguja,23.464,83.3238,7.11,1.49,10.98,43.18,20.63,39.37,24.44,17.51,57.1,1202.0,0.845,0.066,7,45.31,17.76,617.0,2.03
Chhattisgarh,Surguja,23.8261,83.0421,7.26,0.93,9.15,38.9,15.79,43.07,25.54,18.16,55.35,1047.6,0.852,0.062,7,46.64,17.76,434.0,0.26
Dadra and Nagar Haveli,Dadra and Nagar Haveli,20.108,73.1405,6.4,2.16,16.96,37.02,34.01,28.11,26.63,24.23,62.63,2326.1,0.949,0.041,7,45.41,18.72,226.0,1.66
Dadra and Nagar Haveli,Dadra and Nagar Haveli,20.1455,73.158,6.48,2.8,15.1,37.35,35.03,27.62,26.63,24.23,62.63,2326.1,0.949,0.041,7,45.41,18.72,109.0,1.64
Dadra and Nagar Haveli,Dadra and Nagar Haveli,20.2396,73.0781,6.39,2.03,14.77,37.06,35.75,27.48,26.63,24.23,62.63,2326.1,0.949,0.041,7,45.41,18.72,179.0,2.37
Dadra and Nagar Haveli,Dadra and Nagar Haveli,20.285,73.038,7.13,1.79,12.01,39.67,32.85,27.24,26.87,24.16,62.04,2019.7,0.954,0.037,7,45.3,18.72,55.0,0.61
Dadra and Nagar Haveli,Dadra and Nagar Haveli,20.1923,73.1569,6.48,3.05,22.7,37.96,34.71,27.57,26.63,24.23,62.63,2326.1,0.949,0.041,7,45.41,18.72,90.0,7.18
Daman and Diu,Daman,20.3871,72.8715,7.22,1.82,14.49,33.49,33.56,28.71,26.87,24.16,62.04,2019.7,0.954,0.037,7,45.3,19.09,13.0,0.33
Daman and Diu,Daman,20.4102,72.8529,7.04,2.59,27.69,29.78,33.49,27.19,26.87,24.16,62.04,2019.7,0.954,0.037,7,45.3,19.09,4.0,0.28
Daman and Diu,Daman,20.4127,72.8351,7.08,2.06,35.69,30.47,34.66,26.27,26.87,24.16,62.04,2019.7,0.954,0.037,7,45.3,19.09,6.0,0.19
Daman and Diu,Daman,20.3751,72.8313,7.2,1.8,17.97,33.37,33.35,27.47,26.87,24.16,62.04,2019.7,0.954,0.037,7,45.3,19.09,11.0,0.36
Daman and Diu,Daman,20.38,72.8305,7.16,1.88,19.31,32.89,33.41,27.41,26.87,24.16,62.04,2019.7,0.954,0.037,7,45.3,19.09,6.0,0.47
Daman and Diu,Junagadh,20.7467,70.8404,6.93,1.48,37.71,31.51,34.7,19.03,27.06,24.32,72.02,831.9,0.957,0.032,8,35.16,19.55,1.0,0.12
Daman and Diu,Junagadh,20.7655,70.7458,6.85,1.22,12.72,34.53,37.97,22.15,26.55,22.69,63.14,864.1,0.966,0.027,8,43.49,19.55,10.0,0.15
Daman and Diu,Junagadh,20.912,70.7776,6.98,0.79,8.62,31.4,34.58,19.78,26.55,22.69,63.14,864.1,0.966,0.027,8,43.49,19.55,64.0,0.38
Daman and Diu,Junagadh,20.7287,70.7762,6.86,1.35,20.23,31.72,38.28,20.66,27.06,24.32,72.02,831.9,0.957,0.032,8,35.16,19.55,2.0,0.44
Daman and Diu,Junagadh,20.7554,70.7663,6.87,1.25,12.94,34.74,36.48,21.81,26.55,22.69,63.14,864.1,0.966,0.027,8,43.49,19.55,8.0,0.21
Delhi,Delhi,28.5445,77.3065,7.63,0.91,6.82,20.87,48.05,12.78,25.6,15.42,45.56,751.0,0.827,0.033,8,48.79,17.6,203.0,0.79
Delhi,Delhi,28.6094,77.2613,7.56,0.86,8.83,20.46,48.49,15.28,25.6,15.42,45.56,751.0,0.827,0.033,8,48.79,17.6,204.0,0.7
Delhi,Delhi,28.6963,77.2402,7.66,0.78,7.03,19.42,49.98,10.06,25.6,15.42,45.56,751.0,0.827,0.033,8,48.79,17.6,212.0,0.64
Delhi,Delhi,28.8177,77.0493,8.28,0.81,6.66,24.9,40.12,12.1,25.5,15.05,44.37,686.9,0.808,0.03,8,49.08,17.6,216.0,0.0
Delhi,Delhi,28.5737,76.9487,7.95,0.88,8.08,23.78,43.84,19.59,25.71,15.36,43.52,647.1,0.81,0.032,8,48.64,17.86,212.0,0.05
Goa,North Goa,15.5841,73.9894,6.08,2.57,25.56,34.76,37.24,22.4,27.44,26.7,73.75,2200.9,0.876,0.078,6,36.38,19.14,135.0,5.48
Goa,North Goa,15.7605,73.8631,5.83,3.04,25.87,32.09,38.78,21.48,26.72,25.8,72.29,2417.5,0.892,0.068,6,41.46,19.14,45.0,3.72
Goa,North Goa,15.7104,73.9578,6.01,1.63,18.34,35.31,34.14,22.31,27.44,26.7,73.75,2200.9,0.876,0.078,6,36.38,19.14,10.0,1.02
Goa,North Goa,15.5817,74.1255,5.94,2.64,27.35,36.16,36.85,21.56,25.17,24.13,70.94,1889.4,0.854,0.085,6,42.39,18.63,256.0,18.63
Goa,North Goa,15.6007,73.9094,6.08,1.86,22.12,33.43,36.74,24.34,27.44,26.7,73.75,2200.9,0.876,0.078,6,36.38,19.14,95.0,5.33
Goa,South Goa,15.0929,74.0722,5.74,2.57,26.98,32.04,41.16,21.93,25.32,23.72,77.14,2320.2,0.86,0.085,6,39.71,18.63,162.0,6.65
Goa,South Goa,14.9905,74.2557,5.62,3.14,37.31,30.21,41.66,26.68,25.32,23.72,77.14,2320.2,0.86,0.085,6,39.71,19.17,662.0,4.31
Goa,South Goa,15.0939,73.9566,5.68,3.28,35.72,32.2,39.28,22.9,27.41,26.52,77.17,2831.1,0.88,0.077,6,32.67,19.14,208.0,4.76
Goa,South Goa,14.9372,74.1079,5.68,3.04,25.6,29.27,41.97,21.57,25.32,23.72,77.14,2320.2,0.86,0.085,6,39.71,19.17,39.0,4.86
Goa,South Goa,15.1619,73.944,6.26,4.57,61.15,36.09,32.9,23.94,27.41,26.52,77.17,2831.1,0.88,0.077,6,32.67,19.14,0.0,0.44
Gujarat,Ahmadabad,23.1885,72.1322,7.43,1.05,7.59,29.74,34.57,31.6,27.62,21.11,48.66,699.7,0.959,0.024,8,48.1,19.89,35.0,0.11
Gujarat,Ahmadabad,22.2593,71.6591,7.32,0.88,7.96,25.59,43.31,25.87,27.63,21.45,49.88,750.8,0.96,0.025,8,48.07,19.77,86.0,0.32
Gujarat,Ahmadabad,22.3545,72.1438,7.17,0.85,15.02,23.8,38.94,28.1,27.63,21.45,49.88,750.8,0.96,0.025,8,48.07,19.57,9.0,0.06
Gujarat,Ahmadabad,22.2977,71.7947,7.29,0.9,7.25,24.28,44.36,30.45,27.63,21.45,49.88,750.8,0.96,0.025,8,48.07,19.77,51.0,0.17
Gujarat,Ahmadabad,23.0012,72.2514,7.31,1.06,8.0,30.86,33.57,30.31,27.57,21.36,48.32,769.0,0.964,0.018,8,48.58,19.89,28.0,0.05
Gujarat,Amreli,21.0863,71.6179,7.16,0.8,9.01,33.09,35.54,24.12,27.1,23.2,65.67,907.9,0.957,0.034,8,40.92,19.44,37.0,0.44
Gujarat,Amreli,21.1824,71.533,7.2,0.79,8.66,31.07,35.72,23.92,26.87,22.85,60.57,848.0,0.961,0.032,8,43.62,19.44,114.0,0.53
Gujarat,Amreli,21.2438,71.4676,7.2,0.83,6.77,30.79,34.02,24.77,26.87,22.85,60.57,848.0,0.961,0.032,8,43.62,19.44,151.0,1.07
Gujarat,Amreli,21.567,71.3479,7.26,0.87,9.16,21.81,39.55,30.54,27.01,22.29,54.18,815.3,0.961,0.03,8,47.37,19.44,104.0,0.21
Gujarat,Amreli,21.5925,71.5507,7.18,0.84,9.0,23.0,40.83,29.05,27.01,22.29,54.18,815.3,0.961,0.03,8,47.37,19.44,112.0,0.05
Gujarat,Anand,22.509,72.8584,7.15,1.0,11.1,27.26,41.15,31.33,27.44,21.9,51.83,965.0,0.965,0.021,8,48.64,19.57,35.0,0.17
Gujarat,Anand,22.5451,72.7556,7.09,1.02,10.24,36.76,34.73,29.63,27.55,21.66,52.34,843.0,0.964,0.021,8,47.69,19.57,30.0,0.12
Gujarat,Anand,22.4522,72.7693,7.08,1.02,9.69,26.91,39.45,31.09,27.55,21.66,52.34,843.0,0.964,0.021,8,47.69,19.57,26.0,0.23
Gujarat,Anand,22.4879,72.9499,7.2,1.07,11.18,27.95,40.78,32.79,27.44,21.9,51.83,965.0,0.965,0.021,8,48.64,19.57,38.0,0.37
Gujarat,Anand,22.4221,72.6937,7.19,1.02,9.19,29.71,36.68,31.36,27.55,21.66,52.34,843.0,0.964,0.021,8,47.69,19.57,20.0,0.27
Gujarat,Banas Kantha,24.089,71.9892,7.5,1.22,9.51,21.68,37.98,32.43,27.57,20.72,44.91,598.2,0.952,0.024,8,48.06,20.18,86.0,0.06
Gujarat,Banas Kantha,23.9351,72.5151,7.24,1.07,7.73,22.22,41.9,30.64,26.98,20.54,45.33,692.4,0.958,0.018,8,47.6,19.89,173.0,0.41
Gujarat,Banas Kantha,24.3468,71.4273,7.34,1.0,10.35,24.11,42.51,24.76,27.76,19.77,42.91,458.9,0.936,0.031,9,48.0,20.18,18.0,0.11
Gujarat,Banas Kantha,24.1536,72.5243,7.29,1.18,7.99,24.31,42.71,31.28,26.98,20.54,45.33,692.4,0.958,0.018,8,47.6,19.87,239.0,0.29
Gujarat,Banas Kantha,24.0747,71.934,7.49,1.2,9.91,21.27,39.83,30.28,27.57,20.72,44.91,598.2,0.952,0.024,8,48.06,20.18,76.0,0.2
Gujarat,Bharuch,21.6154,73.4507,7.21,0.99,9.97,39.57,30.79,35.88,26.73,23.01,56.55,1267.0,0.951,0.036,8,46.66,19.03,172.0,0.43
Gujarat,Bharuch,21.5303,73.0183,6.69,0.85,8.11,38.49,35.55,33.11,27.46,23.48,57.11,1382.4,0.963,0.029,8,47.24,19.03,33.0,0.33
Gujarat,Bharuch,21.6278,73.1459,6.73,0.93,7.93,35.83,36.17,32.96,27.46,23.48,57.11,1382.4,0.963,0.029,8,47.24,19.03,36.0,0.34
Gujarat,Bharuch,22.1739,72.8774,7.12,1.11,10.47,26.68,38.9,31.77,27.48,22.73,54.4,1130.0,0.965,0.025,8,47.75,19.57,20.0,0.15
Gujarat,Bharuch,21.7848,73.2256,7.1,1.14,8.52,38.02,29.94,33.17,27.48,22.73,54.4,1130.0,0.965,0.025,8,47.75,19.03,29.0,0.35
Gujarat,Bhavnagar,22.054,71.9834,7.06,0.81,10.51,25.39,37.05,30.85,27.65,21.95,51.06,805.5,0.96,0.028,8,48.1,19.77,9.0,0.0
Gujarat,Bhavnagar,22.1925,71.6735,7.29,0.97,8.42,23.36,43.98,30.15,27.65,21.95,51.06,805.5,0.96,0.028,8,48.1,19.77,95.0,0.28
Gujarat,Bhavnagar,21.4411,72.0276,7.17,1.02,8.42,29.42,37.42,31.23,27.43,22.59,55.84,864.1,0.96,0.031,8,45.75,19.45,41.0,0.45
Gujarat,Bhavnagar,21.1801,71.9463,6.94,0.83,9.24,38.03,33.24,26.43,27.1,23.2,65.67,907.9,0.957,0.034,8,40.92,19.44,13.0,0.15
Gujarat,Bhavnagar,21.7616,72.182,7.07,0.89,10.15,34.81,33.11,30.78,27.65,21.95,51.06,805.5,0.96,0.028,8,48.1,19.45,8.0,0.5
Gujarat,Dahod,22.7284,74.0457,7.31,1.04,9.0,33.55,35.25,34.47,27.14,22.25,51.44,1002.9,0.957,0.026,8,48.13,19.09,253.0,0.51
Gujarat,Dahod,23.1272,74.0539,7.35,0.91,7.25,28.15,35.64,36.42,26.98,21.48,49.75,871.3,0.956,0.024,8,48.36,19.26,223.0,0.44
Gujarat,Dahod,22.6642,74.1662,7.12,0.95,9.13,41.3,27.91,40.41,26.31,21.45,52.1,925.2,0.938,0.038,8,47.21,19.09,445.0,1.12
Gujarat,Dahod,22.8699,73.9007,7.16,0.96,8.77,26.69,39.06,33.71,26.98,21.48,49.75,871.3,0.956,0.024,8,48.36,19.48,232.0,2.47
Gujarat,Dahod,22.8265,74.4394,7.42,0.79,7.37,34.99,29.67,37.36,26.12,20.84,51.08,882.6,0.939,0.035,8,47.58,19.09,323.0,0.45
Gujarat,Gandhinagar,23.3292,72.5631,7.49,1.12,9.19,28.33,32.75,31.74,27.4,21.07,46.41,717.8,0.962,0.018,8,48.22,19.89,88.0,0.31
Gujarat,Gandhinagar,23.1181,72.4053,7.5,1.08,7.2,31.11,33.72,32.8,27.57,21.36,48.32,769.0,0.964,0.018,8,48.58,19.89,49.0,0.08
Gujarat,Gandhinagar,23.3841,72.6151,7.5,1.25,9.53,28.37,36.51,31.43,27.4,21.07,46.41,717.8,0.962,0.018,8,48.22,19.89,96.0,0.05
Gujarat,Gandhinagar,23.2523,72.5857,7.45,1.12,9.36,30.99,31.22,31.53,27.4,21.07,46.41,717.8,0.962,0.018,8,48.22,19.89,77.0,0.23
Gujarat,Gandhinagar,23.0679,72.4141,7.46,1.16,7.8,30.2,32.26,32.47,27.57,21.36,48.32,769.0,0.964,0.018,8,48.58,19.89,45.0,0.0
Gujarat,Jamnagar,22.2094,69.6544,6.79,0.92,7.98,25.32,48.97,20.43,26.56,21.97,66.62,668.5,0.966,0.024,8,41.07,19.85,42.0,0.3
Gujarat,Jamnagar,22.8357,70.4997,7.15,0.94,13.23,24.83,40.87,22.66,27.2,20.83,52.92,612.9,0.955,0.031,8,46.44,19.63,6.0,0.1
Gujarat,Jamnagar,22.7563,70.6051,7.09,0.93,7.97,25.08,43.34,27.88,27.2,20.83,52.92,612.9,0.955,0.031,8,46.44,19.63,24.0,0.59
Gujarat,Jamnagar,22.3679,70.016,7.11,0.91,7.91,30.51,38.8,17.05,26.66,21.48,63.52,639.6,0.96,0.029,8,42.43,19.63,37.0,0.21
Gujarat,Jamnagar,22.4828,70.2979,7.25,0.9,8.09,29.19,41.73,23.31,26.66,21.48,63.52,639.6,0.96,0.029,8,42.43,19.63,36.0,0.17
Gujarat,Junagadh,21.1726,70.6029,6.76,0.88,9.77,24.03,44.31,21.23,26.55,22.69,63.14,864.1,0.966,0.027,8,43.49,19.35,152.0,0.66
Gujarat,Junagadh,21.2329,70.4028,7.11,0.87,8.59,25.37,38.15,24.47,26.55,22.69,63.14,864.1,0.966,0.027,8,43.49,19.35,100.0,0.44
Gujarat,Junagadh,21.3912,70.7668,7.15,0.83,8.22,25.73,39.08,21.07,26.72,22.16,57.08,841.8,0.966,0.027,8,47.02,19.35,127.0,0.06
Gujarat,Junagadh,20.9834,70.3062,6.91,1.19,12.27,27.41,40.94,22.1,26.71,23.45,70.46,853.8,0.968,0.024,8,37.55,19.55,10.0,0.56
Gujarat,Junagadh,21.02,70.9569,7.04,1.07,9.85,29.09,39.34,22.25,26.87,22.85,60.57,848.0,0.961,0.032,8,43.62,19.35,155.0,1.05
Gujarat,Kachchh,23.1161,69.9005,7.11,0.81,8.62,26.18,53.51,27.48,26.78,20.7,56.45,533.5,0.954,0.032,8,44.75,19.62,147.0,0.93
Gujarat,Kachchh,23.4856,68.5773,7.33,1.07,8.6,26.05,48.12,14.18,26.61,20.75,58.6,406.8,0.949,0.035,9,43.75,19.99,30.0,0.37
Gujarat,Kachchh,23.2142,69.9232,7.48,1.03,7.34,27.55,55.44,29.51,26.78,20.7,56.45,533.5,0.954,0.032,8,44.75,19.62,107.0,0.28
Gujarat,Kachchh,23.2662,70.7554,7.1,0.82,21.99,23.23,45.43,22.61,27.41,20.42,49.02,525.9,0.95,0.032,8,47.23,19.66,6.0,0.18
Gujarat,Kachchh,23.2405,70.6289,6.86,0.62,10.23,25.07,52.86,27.23,27.2,20.83,52.92,612.9,0.955,0.031,8,46.44,19.66,24.0,0.12
Gujarat,Kheda,22.993,73.2292,7.34,1.02,8.42,28.62,34.51,29.19,27.36,21.4,49.16,842.2,0.964,0.018,8,48.63,19.48,92.0,0.39
Gujarat,Kheda,22.8843,73.1368,7.25,0.99,8.74,28.22,33.8,32.13,27.36,21.4,49.16,842.2,0.964,0.018,8,48.63,19.48,83.0,0.4
Gujarat,Kheda,22.6982,72.8177,7.2,1.02,8.89,35.77,31.98,29.53,27.44,21.9,51.83,965.0,0.965,0.021,8,48.64,19.57,32.0,0.0
Gujarat,Kheda,22.7695,72.8946,7.32,0.98,7.59,30.25,34.52,31.77,27.36,21.4,49.16,842.2,0.964,0.018,8,48.63,19.57,36.0,0.05
Gujarat,Kheda,22.8061,73.256,7.07,1.09,8.22,31.84,34.96,29.85,27.36,21.4,49.16,842.2,0.964,0.018,8,48.63,19.48,60.0,0.0
Gujarat,Mahesana,23.5955,72.4871,7.27,1.18,7.82,22.14,41.21,31.9,27.4,21.07,46.41,717.8,0.962,0.018,8,48.22,19.89,105.0,0.25
Gujarat,Mahesana,23.1861,72.3489,7.51,1.14,7.6,28.11,32.99,29.98,27.57,21.36,48.32,769.0,0.964,0.018,8,48.58,19.89,50.0,0.08
Gujarat,Mahesana,23.4666,72.5271,7.5,1.09,9.03,27.85,35.69,31.04,27.4,21.07,46.41,717.8,0.962,0.018,8,48.22,19.89,95.0,0.26
Gujarat,Mahesana,23.8614,72.7058,7.4,0.94,6.96,21.04,38.32,31.29,26.98,20.54,45.33,692.4,0.958,0.018,8,47.6,19.89,179.0,0.26
Gujarat,Mahesana,23.7428,72.7573,7.34,0.96,6.66,21.42,40.51,31.55,27.4,21.07,46.41,717.8,0.962,0.018,8,48.22,19.89,149.0,0.0
Gujarat,Narmada,21.8761,73.5459,7.07,1.15,9.02,37.9,31.6,33.4,26.81,22.53,54.1,1133.8,0.956,0.03,8,47.25,19.03,60.0,0.23
Gujarat,Narmada,21.6992,73.5996,6.85,1.13,12.38,34.99,31.33,29.76,26.73,23.01,56.55,1267.0,0.951,0.036,8,46.66,19.03,178.0,2.82
Gujarat,Narmada,21.4786,73.9738,7.16,1.1,27.18,38.01,28.45,31.59,26.73,23.01,56.55,1267.0,0.951,0.036,8,46.66,19.03,101.0,0.0
Gujarat,Narmada,21.4997,73.9197,7.23,0.88,7.75,38.36,28.86,31.38,26.73,23.01,56.55,1267.0,0.951,0.036,8,46.66,19.03,110.0,0.27
Gujarat,Narmada,21.899,73.85,7.03,1.27,13.67,38.44,29.89,29.1,26.81,22.53,54.1,1133.8,0.956,0.03,8,47.25,19.03,286.0,6.98
Gujarat,Navsari,20.8011,72.8748,6.89,1.47,19.19,39.25,28.18,24.27,27.28,23.98,60.13,1694.6,0.959,0.033,8,46.31,19.09,3.0,0.35
Gujarat,Navsari,20.683,73.2704,6.89,1.74,12.41,35.71,36.84,30.36,26.87,24.16,62.04,2019.7,0.954,0.037,7,45.3,18.72,103.0,1.13
Gujarat,Navsari,20.7023,73.3992,6.53,1.54,14.69,35.44,38.17,31.13,26.87,24.16,62.04,2019.7,0.954,0.037,7,45.3,18.72,163.0,0.42
Gujarat,Navsari,20.9318,72.9905,7.0,1.33,12.06,35.25,35.04,29.86,27.28,23.98,60.13,1694.6,0.959,0.033,8,46.31,19.09,22.0,0.17
Gujarat,Navsari,20.7622,73.2246,7.15,1.42,10.57,38.28,37.26,30.37,27.28,23.98,60.13,1694.6,0.959,0.033,8,46.31,18.72,64.0,0.49
Gujarat,Panch Mahals,23.3311,73.668,7.31,1.03,8.01,22.62,39.86,33.28,26.76,20.66,48.1,768.4,0.954,0.022,8,48.39,19.58,131.0,0.57
Gujarat,Panch Mahals,22.9274,73.7892,7.41,0.98,7.38,27.24,36.37,33.54,26.98,21.48,49.75,871.3,0.956,0.024,8,48.36,19.48,135.0,0.88
Gujarat,Panch Mahals,23.3284,73.6605,7.29,1.04,7.94,22.81,39.87,33.99,26.76,20.66,48.1,768.4,0.954,0.022,8,48.39,19.58,136.0,0.62
Gujarat,Panch Mahals,22.553,73.5136,7.28,0.99,7.16,32.26,31.29,32.25,27.14,22.25,51.44,1002.9,0.957,0.026,8,48.13,19.48,100.0,0.22
Gujarat,Panch Mahals,22.8619,73.5285,7.24,1.02,7.25,34.64,28.1,31.31,26.98,21.48,49.75,871.3,0.956,0.024,8,48.36,19.48,93.0,0.35
Gujarat,Patan,23.7918,71.4432,7.37,1.04,10.83,21.67,42.49,28.33,27.59,20.21,45.72,543.6,0.948,0.028,8,47.94,20.09,31.0,0.06
Gujarat,Patan,24.0194,72.098,7.44,0.99,8.01,20.67,38.93,32.88,27.57,20.72,44.91,598.2,0.952,0.024,8,48.06,19.87,93.0,0.27
Gujarat,Patan,23.8078,71.1293,7.24,0.9,8.63,24.33,52.2,30.56,27.59,20.21,45.72,543.6,0.948,0.028,8,47.94,20.09,30.0,0.19
Gujarat,Patan,23.7618,71.6351,7.43,1.08,9.39,22.16,40.35,27.1,27.57,20.72,44.91,598.2,0.952,0.024,8,48.06,20.09,31.0,0.1
Gujarat,Patan,23.8844,72.1005,7.45,1.24,8.76,20.82,38.0,29.76,27.57,20.72,44.91,598.2,0.952,0.024,8,48.06,19.89,78.0,0.12
Gujarat,Porbandar,21.7714,69.6654,7.01,1.37,11.13,25.82,39.83,21.81,26.56,21.97,66.62,668.5,0.966,0.024,8,41.07,19.94,54.0,0.51
Gujarat,Porbandar,21.4808,69.9614,7.01,1.04,13.21,25.12,37.24,22.93,26.83,22.64,62.49,832.3,0.969,0.024,8,43.38,19.94,6.0,0.0
Gujarat,Porbandar,21.7751,69.5696,7.18,0.99,10.04,26.54,36.28,21.61,26.56,21.97,66.62,668.5,0.966,0.024,8,41.07,19.94,5.0,0.16
Gujarat,Porbandar,21.8488,69.5236,7.19,0.95,9.28,23.57,41.52,21.56,26.56,21.97,66.62,668.5,0.966,0.024,8,41.07,19.94,17.0,0.2
Gujarat,Porbandar,21.7798,70.0135,7.02,0.97,9.14,23.4,43.91,21.3,26.69,21.54,58.89,752.3,0.965,0.026,8,45.63,19.35,114.0,1.53
Gujarat,Rajkot,22.6417,70.9069,7.02,0.77,7.61,25.81,49.45,27.15,26.76,21.01,55.88,713.8,0.959,0.03,8,46.1,19.63,74.0,0.3
Gujarat,Rajkot,22.3211,70.7667,6.92,0.77,7.48,28.63,42.47,24.87,26.76,21.01,55.88,713.8,0.959,0.03,8,46.1,19.63,127.0,0.53
Gujarat,Rajkot,21.6804,70.4362,7.3,1.13,10.35,26.48,38.06,23.96,26.72,22.16,57.08,841.8,0.966,0.027,8,47.02,19.35,67.0,0.12
Gujarat,Rajkot,22.8703,70.7617,7.24,0.87,10.71,24.27,44.84,31.67,27.2,20.83,52.92,612.9,0.955,0.031,8,46.44,19.63,36.0,0.12
Gujarat,Rajkot,22.0055,71.2867,7.14,0.76,8.42,29.52,40.66,27.65,26.91,21.54,52.48,784.1,0.959,0.03,8,47.25,19.77,224.0,0.12
Gujarat,Sabar Kantha,23.3839,72.7727,7.52,1.02,7.8,26.94,35.13,31.12,27.4,21.07,46.41,717.8,0.962,0.018,8,48.22,19.89,97.0,0.08
Gujarat,Sabar Kantha,24.1116,72.9576,7.42,1.05,14.51,22.02,38.27,28.8,26.41,20.32,45.98,735.2,0.96,0.017,8,47.28,19.87,189.0,0.23
Gujarat,Sabar Kantha,23.8805,73.1907,7.23,1.25,9.89,29.78,36.99,31.81,26.41,20.32,45.98,735.2,0.96,0.017,8,47.28,19.58,273.0,1.54
Gujarat,Sabar Kantha,23.2222,73.3232,7.37,1.0,7.34,29.71,35.45,33.92,27.36,21.4,49.16,842.2,0.964,0.018,8,48.63,19.58,126.0,0.42
Gujarat,Sabar Kantha,23.7238,73.0005,7.32,1.11,7.6,23.03,43.7,31.94,27.1,21.01,47.05,765.8,0.963,0.017,8,48.21,19.58,185.0,0.91
Gujarat,Surat,21.1559,73.3663,7.11,1.28,9.95,36.48,32.05,33.63,27.28,23.98,60.13,1694.6,0.959,0.033,8,46.31,19.03,78.0,0.62
Gujarat,Surat,21.2564,73.2983,7.15,1.44,11.45,35.96,33.52,28.92,27.46,23.48,57.11,1382.4,0.963,0.029,8,47.24,19.03,45.0,0.91
Gujarat,Surat,20.9144,73.3967,6.96,1.23,10.86,40.34,37.84,31.48,27.28,23.98,60.13,1694.6,0.959,0.033,8,46.31,18.72,86.0,0.32
Gujarat,Surat,21.166,73.3158,7.12,1.31,10.01,40.86,31.06,33.12,27.28,23.98,60.13,1694.6,0.959,0.033,8,46.31,19.03,61.0,0.38
Gujarat,Surat,21.4861,74.2078,7.23,1.04,7.24,36.47,28.29,34.13,26.32,22.13,54.49,908.0,0.921,0.054,8,47.02,19.05,115.0,0.21
Gujarat,Surendranagar,22.8393,71.5413,7.37,1.08,7.46,29.3,37.17,29.06,27.32,20.78,50.16,679.6,0.958,0.027,8,47.51,19.77,88.0,0.25
Gujarat,Surendranagar,22.9749,71.5101,7.37,1.09,8.66,28.75,35.16,27.96,27.32,20.78,50.16,679.6,0.958,0.027,8,47.51,19.77,58.0,0.32
Gujarat,Surendranagar,22.682,71.3032,7.02,0.8,8.76,31.86,44.09,28.42,26.87,20.94,52.03,743.5,0.958,0.028,8,47.13,19.77,134.0,0.39
Gujarat,Surendranagar,22.5735,71.1904,7.12,0.84,7.3,33.54,42.75,29.43,26.87,20.94,52.03,743.5,0.958,0.028,8,47.13,19.77,131.0,0.23
Gujarat,Surendranagar,22.7368,71.2135,6.94,0.9,7.71,30.17,47.19,28.71,26.87,20.94,52.03,743.5,0.958,0.028,8,47.13,19.77,108.0,0.26
Gujarat,The Dangs,20.8426,73.5381,6.74,1.6,16.38,35.18,38.09,31.83,26.08,22.88,58.26,1393.7,0.944,0.043,8,45.52,18.72,232.0,5.58
Gujarat,The Dangs,20.9662,73.7424,6.66,1.46,16.47,39.85,30.22,32.86,26.08,22.88,58.26,1393.7,0.944,0.043,8,45.52,18.72,382.0,3.69
Gujarat,The Dangs,20.5801,73.6395,6.59,1.4,15.85,42.62,29.78,36.75,24.88,22.01,59.84,1512.2,0.934,0.051,7,44.36,18.72,468.0,7.51
Gujarat,The Dangs,20.7484,73.9375,6.69,1.98,17.51,46.7,22.28,44.01,24.88,22.01,59.84,1512.2,0.934,0.051,7,44.36,18.72,935.0,13.67
Gujarat,The Dangs,20.8802,73.852,6.96,1.1,9.62,44.25,25.07,35.88,26.08,22.88,58.26,1393.7,0.944,0.043,8,45.52,18.72,406.0,1.71
Gujarat,Vadodara,22.1289,74.0775,7.33,0.97,8.05,35.88,32.05,29.91,26.02,21.48,53.74,930.7,0.933,0.044,8,46.55,19.09,231.0,0.22
Gujarat,Vadodara,22.1643,73.4702,7.15,1.13,12.18,38.14,29.64,30.44,26.81,22.53,54.1,1133.8,0.956,0.03,8,47.25,19.48,49.0,0.28
Gujarat,Vadodara,22.4491,73.3543,7.13,1.04,7.17,25.13,35.6,34.16,27.44,21.9,51.83,965.0,0.965,0.021,8,48.64,19.48,59.0,0.27
Gujarat,Vadodara,22.0548,73.1583,7.23,1.15,11.0,29.44,33.76,31.18,27.48,22.73,54.4,1130.0,0.965,0.025,8,47.75,19.48,28.0,0.12
Gujarat,Vadodara,22.1176,73.5891,7.21,1.1,8.48,39.33,29.45,31.9,26.81,22.53,54.1,1133.8,0.956,0.03,8,47.25,19.48,54.0,0.56
Gujarat,Valsad,20.5177,73.0456,7.17,1.54,12.01,38.86,30.43,26.76,26.87,24.16,62.04,2019.7,0.954,0.037,7,45.3,18.72,38.0,0.33
Gujarat,Valsad,20.1691,73.1177,6.47,2.76,39.72,37.97,32.87,27.43,26.63,24.23,62.63,2326.1,0.949,0.041,7,45.41,18.72,77.0,1.43
Gujarat,Valsad,20.6332,72.9305,6.98,1.58,20.04,31.05,34.38,26.85,26.87,24.16,62.04,2019.7,0.954,0.037,7,45.3,19.09,10.0,0.49
Gujarat,Valsad,20.5579,73.2405,6.51,1.78,13.11,38.0,35.94,27.94,26.87,24.16,62.04,2019.7,0.954,0.037,7,45.3,18.72,123.0,2.9
Gujarat,Valsad,20.3762,73.0541,7.06,1.64,12.72,39.93,31.8,27.39,26.87,24.16,62.04,2019.7,0.954,0.037,7,45.3,18.72,36.0,0.39
Haryana,Ambala,30.2552,76.5879,8.1,1.09,9.8,33.78,27.04,19.2,24.16,14.72,47.72,1053.0,0.806,0.027,8,47.93,18.81,255.0,0.08
Haryana,Ambala,30.4215,77.1576,6.94,1.46,14.09,26.28,38.07,14.81,24.16,14.72,47.72,1053.0,0.806,0.027,8,47.93,18.15,312.0,0.19
Haryana,Ambala,30.2717,76.6466,7.93,1.05,11.28,33.36,29.02,17.61,24.16,14.72,47.72,1053.0,0.806,0.027,8,47.93,18.81,256.0,0.05
Haryana,Ambala,30.2261,76.6822,7.68,1.2,11.18,30.86,30.51,15.78,24.9,14.77,47.4,914.1,0.813,0.028,8,49.29,18.81,256.0,0.21
Haryana,Ambala,30.3913,76.8142,7.37,1.01,12.01,26.04,38.59,14.1,24.16,14.72,47.72,1053.0,0.806,0.027,8,47.93,18.81,274.0,0.12
Haryana,Bhiwani,28.5991,75.6528,7.72,0.86,8.38,25.69,45.67,21.21,26.3,15.82,38.04,472.0,0.787,0.031,8,47.34,19.19,248.0,0.12
Haryana,Bhiwani,28.5006,75.9398,7.56,0.78,7.81,25.44,44.66,20.6,26.02,15.6,40.85,553.3,0.795,0.032,8,48.25,19.19,251.0,0.39
Haryana,Bhiwani,28.9068,75.5578,7.71,0.87,8.33,24.81,51.81,15.61,26.24,15.47,39.15,468.9,0.77,0.031,8,48.04,19.19,207.0,0.05
Haryana,Bhiwani,28.9042,75.7962,7.7,0.81,8.29,21.12,47.91,18.06,26.24,15.47,39.15,468.9,0.77,0.031,8,48.04,19.19,209.0,0.65
Haryana,Bhiwani,28.7295,76.2885,7.9,0.85,8.82,23.33,43.81,17.06,26.02,15.6,40.85,553.3,0.795,0.032,8,48.25,17.86,215.0,0.12
Haryana,Faridabad,28.4096,77.4025,8.24,0.84,5.78,25.53,43.52,12.27,25.6,15.42,45.56,751.0,0.827,0.033,8,48.79,17.6,203.0,0.0
Haryana,Faridabad,28.2303,77.5033,8.72,1.03,6.75,25.26,41.75,11.33,25.98,15.8,44.26,670.5,0.83,0.038,8,48.63,17.6,190.0,0.08
Haryana,Faridabad,28.2292,77.2855,8.02,0.9,7.09,26.11,43.95,16.29,25.98,15.8,44.26,670.5,0.83,0.038,8,48.63,17.6,195.0,0.16
Haryana,Faridabad,28.2923,77.412,8.48,0.9,5.84,25.74,43.65,10.89,25.6,15.42,45.56,751.0,0.827,0.033,8,48.79,17.6,197.0,0.06
Haryana,Faridabad,28.2201,77.342,8.24,0.94,6.64,24.79,43.02,12.17,25.98,15.8,44.26,670.5,0.83,0.038,8,48.63,17.6,196.0,0.05
Haryana,Fatehabad,29.6102,75.8022,8.04,0.75,6.97,23.29,45.82,11.01,26.01,15.09,40.16,477.7,0.764,0.032,8,49.23,17.89,221.0,0.06
Haryana,Fatehabad,29.6111,75.8798,8.1,0.76,7.55,21.34,46.67,12.74,26.01,15.09,40.16,477.7,0.764,0.032,8,49.23,17.89,223.0,0.05
Haryana,Fatehabad,29.7464,75.6577,7.94,0.84,7.26,22.44,46.45,12.92,26.01,15.09,40.16,477.7,0.764,0.032,8,49.23,17.89,218.0,0.33
Haryana,Fatehabad,29.6833,75.4364,8.09,1.01,7.47,24.2,45.86,13.06,26.01,15.09,40.16,477.7,0.764,0.032,8,49.23,17.89,212.0,0.08
Haryana,Fatehabad,29.4388,75.4512,7.86,0.91,8.73,21.37,49.54,13.99,26.01,15.09,40.16,477.7,0.764,0.032,8,49.23,17.89,211.0,0.08
Haryana,Gurgaon,28.4111,76.8166,8.01,0.77,6.41,25.67,42.05,15.91,25.71,15.36,43.52,647.1,0.81,0.032,8,48.64,17.86,225.0,0.17
Haryana,Gurgaon,28.4005,77.0504,7.97,0.81,6.75,21.88,45.7,16.2,25.71,15.36,43.52,647.1,0.81,0.032,8,48.64,17.6,227.0,0.08
Haryana,Gurgaon,28.2399,76.8554,7.66,0.78,6.36,28.61,41.19,20.46,25.86,15.72,42.99,604.7,0.817,0.036,8,48.48,17.86,254.0,0.4
Haryana,Gurgaon,28.2406,76.9283,7.79,0.95,8.01,26.78,44.39,22.22,25.86,15.72,42.99,604.7,0.817,0.036,8,48.48,17.86,252.0,0.13
Haryana,Gurgaon,28.2372,77.0297,7.47,0.9,7.11,23.14,49.23,19.34,25.86,15.72,42.99,604.7,0.817,0.036,8,48.48,17.6,290.0,0.85
Haryana,Hisar,29.4385,75.7303,7.8,0.81,6.66,19.59,49.06,10.53,26.01,15.09,40.16,477.7,0.764,0.032,8,49.23,17.89,216.0,0.06
Haryana,Hisar,29.3461,75.7035,7.75,0.86,7.7,20.64,49.65,14.45,26.01,15.09,40.16,477.7,0.764,0.032,8,49.23,17.89,214.0,0.0
Haryana,Hisar,29.2069,76.0591,8.18,1.22,7.27,24.52,43.99,13.08,25.83,15.22,41.96,566.1,0.785,0.032,8,48.65,17.88,217.0,0.06
Haryana,Hisar,29.2708,75.6626,7.71,0.79,7.93,22.87,52.18,15.31,26.01,15.09,40.16,477.7,0.764,0.032,8,49.23,17.89,212.0,0.05
Haryana,Hisar,29.2219,76.0067,7.76,0.73,6.98,21.93,42.97,11.24,25.83,15.22,41.96,566.1,0.785,0.032,8,48.65,17.88,216.0,0.0
Haryana,Jhajjar,28.6196,76.67,8.0,0.86,8.31,25.59,42.48,17.1,25.71,15.36,43.52,647.1,0.81,0.032,8,48.64,17.86,216.0,0.12
Haryana,Jhajjar,28.5536,76.802,7.92,0.87,7.36,23.36,45.58,17.96,25.71,15.36,43.52,647.1,0.81,0.032,8,48.64,17.86,213.0,0.06
Haryana,Jhajjar,28.7652,76.6389,8.2,0.78,7.91,25.28,38.55,12.8,25.5,15.05,44.37,686.9,0.808,0.03,8,49.08,17.86,220.0,0.23
Haryana,Jhajjar,28.4776,76.6689,7.87,0.8,7.64,26.22,43.33,16.75,25.71,15.36,43.52,647.1,0.81,0.032,8,48.64,17.86,221.0,0.28
Haryana,Jhajjar,28.4256,76.6336,7.94,0.78,6.95,27.2,41.87,18.67,25.71,15.36,43.52,647.1,0.81,0.032,8,48.64,17.86,222.0,0.12
Haryana,Jind,29.3582,76.3852,8.2,0.8,6.78,23.04,39.31,12.89,25.59,14.87,42.58,582.8,0.779,0.031,8,49.46,17.88,226.0,0.05
Haryana,Jind,29.6803,76.0119,8.24,1.29,6.82,23.02,44.01,10.99,25.59,14.87,42.58,582.8,0.779,0.031,8,49.46,17.88,226.0,0.08
Haryana,Jind,29.725,75.9669,8.03,0.74,7.03,25.88,44.46,13.54,25.59,14.87,42.58,582.8,0.779,0.031,8,49.46,17.89,226.0,0.0
Haryana,Jind,29.652,76.0514,8.14,1.21,7.16,21.68,43.11,11.24,25.59,14.87,42.58,582.8,0.779,0.031,8,49.46,17.88,225.0,0.1
Haryana,Jind,29.6953,76.1255,8.39,1.41,8.05,25.22,40.5,11.3,25.59,14.87,42.58,582.8,0.779,0.031,8,49.46,17.88,229.0,0.06
Haryana,Kaithal,29.6725,76.5196,8.76,1.35,8.42,26.22,38.64,10.81,25.59,14.87,42.58,582.8,0.779,0.031,8,49.46,17.88,239.0,0.21
Haryana,Kaithal,30.0767,76.2999,7.79,0.94,7.96,29.95,31.3,13.05,25.37,14.6,43.48,638.8,0.779,0.031,8,49.68,18.81,237.0,0.26
Haryana,Kaithal,29.6721,76.2186,8.22,1.32,7.49,23.02,42.56,10.6,25.59,14.87,42.58,582.8,0.779,0.031,8,49.46,17.88,231.0,0.06
Haryana,Kaithal,29.5942,76.2273,8.25,0.88,7.31,23.26,41.69,11.89,25.59,14.87,42.58,582.8,0.779,0.031,8,49.46,17.88,229.0,0.08
Haryana,Kaithal,29.7788,76.3926,8.51,1.32,8.0,25.8,40.25,10.01,25.37,14.6,43.48,638.8,0.779,0.031,8,49.68,17.88,237.0,0.0
Haryana,Karnal,29.8696,76.7871,7.74,0.99,8.9,29.72,33.65,14.46,24.9,14.77,47.4,914.1,0.813,0.028,8,49.29,17.88,250.0,0.05
Haryana,Karnal,29.7937,76.7222,8.63,1.0,7.86,31.3,32.65,13.97,24.9,14.77,47.4,914.1,0.813,0.028,8,49.29,17.88,246.0,0.13
Haryana,Karnal,29.4811,76.949,8.7,0.98,7.29,26.34,36.48,11.93,25.17,14.78,45.76,754.9,0.809,0.029,8,49.4,17.88,239.0,0.1
Haryana,Karnal,29.4905,76.5162,8.67,1.3,7.05,24.58,38.11,11.26,25.59,14.87,42.58,582.8,0.779,0.031,8,49.46,17.88,231.0,0.05
Haryana,Karnal,29.838,76.9221,7.87,1.13,10.08,28.73,35.18,16.27,24.9,14.77,47.4,914.1,0.813,0.028,8,49.29,17.88,253.0,0.19
Haryana,Kurukshetra,30.1249,76.752,7.6,0.98,11.09,27.79,31.19,16.04,24.9,14.77,47.4,914.1,0.813,0.028,8,49.29,18.81,258.0,0.06
Haryana,Kurukshetra,30.0102,77.028,7.35,1.11,11.7,24.12,37.41,15.04,24.9,14.77,47.4,914.1,0.813,0.028,8,49.29,18.15,263.0,0.08
Haryana,Kurukshetra,30.0211,76.6013,8.14,1.12,9.1,29.84,26.11,15.6,24.9,14.77,47.4,914.1,0.813,0.028,8,49.29,18.81,245.0,0.12
Haryana,Kurukshetra,30.1209,76.6649,7.89,0.99,10.08,29.22,28.21,15.57,24.9,14.77,47.4,914.1,0.813,0.028,8,49.29,18.81,254.0,0.24
Haryana,Kurukshetra,29.9445,76.9102,7.33,0.95,10.79,27.68,35.82,15.33,24.9,14.77,47.4,914.1,0.813,0.028,8,49.29,17.88,260.0,0.08
Haryana,Mahendragarh,28.1552,76.2441,7.75,0.76,7.36,28.79,40.04,19.98,25.73,15.71,41.21,548.9,0.814,0.034,8,47.9,17.86,284.0,0.3
Haryana,Mahendragarh,28.3519,76.1581,7.78,0.75,7.71,26.51,44.51,19.83,26.02,15.6,40.85,553.3,0.795,0.032,8,48.25,17.86,253.0,0.18
Haryana,Mahendragarh,28.1192,76.2592,7.58,0.78,7.42,28.44,41.15,19.22,25.73,15.71,41.21,548.9,0.814,0.034,8,47.9,17.86,286.0,0.12
Haryana,Mahendragarh,27.8856,76.0291,7.37,0.75,8.01,26.34,47.01,21.09,25.73,15.71,41.21,548.9,0.814,0.034,8,47.9,17.99,359.0,0.99
Haryana,Mahendragarh,28.1449,76.0985,7.73,0.77,8.45,26.64,47.87,20.87,25.73,15.71,41.21,548.9,0.814,0.034,8,47.9,17.86,291.0,0.16
Haryana,Panchkula,30.748,76.9697,6.59,1.99,19.11,26.53,42.14,18.34,24.16,14.72,47.72,1053.0,0.806,0.027,8,47.93,18.81,491.0,1.42
Haryana,Panchkula,30.7194,77.0172,6.2,2.35,25.42,27.57,41.38,19.6,24.16,14.72,47.72,1053.0,0.806,0.027,8,47.93,18.15,756.0,7.53
Haryana,Panchkula,30.7769,76.9538,6.17,2.37,23.75,28.36,42.14,18.43,21.15,12.26,50.32,1093.2,0.787,0.03,8,43.87,18.81,539.0,3.26
Haryana,Panchkula,30.6097,76.9233,7.14,1.46,13.47,26.12,41.17,14.85,24.16,14.72,47.72,1053.0,0.806,0.027,8,47.93,18.81,333.0,0.62
Haryana,Panchkula,30.8078,76.9018,6.52,1.94,17.94,26.35,41.24,16.92,21.15,12.26,50.32,1093.2,0.787,0.03,8,43.87,18.81,538.0,2.07
Haryana,Panipat,29.3681,76.8892,9.29,1.07,8.11,25.3,37.15,12.7,25.17,14.78,45.76,754.9,0.809,0.029,8,49.4,17.88,236.0,0.08
Haryana,Panipat,29.2284,76.8681,8.74,1.04,8.8,28.16,36.71,10.99,25.5,15.05,44.37,686.9,0.808,0.03,8,49.08,17.88,231.0,0.0
Haryana,Panipat,29.2724,76.848,8.83,0.99,8.53,26.81,38.11,11.98,25.17,14.78,45.76,754.9,0.809,0.029,8,49.4,17.88,233.0,0.08
Haryana,Panipat,29.1891,77.1061,8.63,0.86,6.78,26.54,38.34,12.73,25.5,15.05,44.37,686.9,0.808,0.03,8,49.08,17.48,224.0,0.1
Haryana,Panipat,29.3808,76.9298,9.1,1.01,8.12,25.47,37.88,11.56,25.17,14.78,45.76,754.9,0.809,0.029,8,49.4,17.88,236.0,0.12
Haryana,Rewari,28.1823,76.5999,7.75,0.85,7.36,25.31,46.44,20.72,25.86,15.72,42.99,604.7,0.817,0.036,8,48.48,17.86,246.0,0.08
Haryana,Rewari,28.1988,76.6237,7.65,0.75,5.85,24.25,45.62,13.82,25.86,15.72,42.99,604.7,0.817,0.036,8,48.48,17.86,249.0,0.71
Haryana,Rewari,28.1389,76.495,7.47,0.94,8.56,21.76,47.75,23.21,25.73,15.71,41.21,548.9,0.814,0.034,8,47.9,17.86,281.0,1.67
Haryana,Rewari,28.2209,76.3404,7.46,0.82,7.64,25.95,42.02,20.25,25.73,15.71,41.21,548.9,0.814,0.034,8,47.9,17.86,274.0,0.24
Haryana,Rewari,28.1028,76.6385,7.89,0.77,6.92,25.57,43.74,18.73,25.86,15.72,42.99,604.7,0.817,0.036,8,48.48,17.86,255.0,0.1
Haryana,Rohtak,28.8197,76.787,8.15,0.83,8.06,27.07,38.26,17.6,25.5,15.05,44.37,686.9,0.808,0.03,8,49.08,17.86,218.0,0.06
Haryana,Rohtak,28.8763,76.2846,7.8,0.78,8.2,21.75,41.85,12.56,25.83,15.22,41.96,566.1,0.785,0.032,8,48.65,17.86,218.0,0.12
Haryana,Rohtak,28.8053,76.7372,8.15,0.77,7.68,24.14,39.71,14.05,25.5,15.05,44.37,686.9,0.808,0.03,8,49.08,17.86,219.0,0.18
Haryana,Rohtak,29.0697,76.3458,7.83,0.84,7.62,23.45,40.15,13.44,25.83,15.22,41.96,566.1,0.785,0.032,8,48.65,17.88,221.0,0.08
Haryana,Rohtak,28.9718,76.2368,7.69,0.86,8.62,23.19,42.95,14.78,25.83,15.22,41.96,566.1,0.785,0.032,8,48.65,17.86,218.0,0.3
Haryana,Sirsa,29.2836,75.2026,7.78,0.89,8.14,22.29,54.85,15.2,26.37,15.34,38.2,423.5,0.758,0.034,8,48.84,17.89,203.0,0.21
Haryana,Sirsa,29.7422,75.204,7.86,0.76,6.77,21.73,47.1,11.38,26.37,15.34,38.2,423.5,0.758,0.034,8,48.84,17.89,212.0,0.08
Haryana,Sirsa,29.5974,74.7261,7.87,0.77,6.4,23.87,54.06,13.82,26.37,15.34,38.2,423.5,0.758,0.034,8,48.84,18.19,196.0,0.15
Haryana,Sirsa,29.3787,75.1162,7.85,0.8,7.45,21.49,52.14,13.71,26.37,15.34,38.2,423.5,0.758,0.034,8,48.84,17.89,203.0,0.17
Haryana,Sirsa,29.8379,75.023,7.82,0.79,7.55,23.16,49.0,12.33,26.17,15.0,39.16,446.0,0.76,0.035,8,49.54,17.89,206.0,0.08
Haryana,Sonepat,29.1054,76.6007,8.23,0.74,7.71,25.37,38.38,12.01,25.5,15.05,44.37,686.9,0.808,0.03,8,49.08,17.88,224.0,0.08
Haryana,Sonepat,28.9736,76.7891,8.24,0.75,8.27,27.18,38.0,14.69,25.5,15.05,44.37,686.9,0.808,0.03,8,49.08,17.86,223.0,0.05
Haryana,Sonepat,28.9559,77.1776,8.52,0.84,6.52,25.68,38.38,12.5,25.5,15.05,44.37,686.9,0.808,0.03,8,49.08,17.6,214.0,0.0
Haryana,Sonepat,29.0558,77.0215,8.54,0.86,6.47,25.98,38.55,13.13,25.5,15.05,44.37,686.9,0.808,0.03,8,49.08,17.48,220.0,0.08
Haryana,Sonepat,29.2055,76.5382,8.57,1.1,7.72,24.25,38.72,11.17,25.83,15.22,41.96,566.1,0.785,0.032,8,48.65,17.88,226.0,0.12
Haryana,Yamuna Nagar,30.0836,77.1829,7.34,0.96,12.31,26.07,37.76,14.96,24.9,14.77,47.4,914.1,0.813,0.028,8,49.29,18.15,272.0,0.13
Haryana,Yamuna Nagar,30.3493,77.4693,6.58,1.93,16.6,26.23,40.68,15.64,21.63,13.19,52.11,1353.1,0.825,0.026,8,44.52,18.15,330.0,0.63
Haryana,Yamuna Nagar,30.2642,77.4926,6.79,2.16,13.94,27.25,38.65,14.74,21.63,13.19,52.11,1353.1,0.825,0.026,8,44.52,18.15,304.0,0.68
Haryana,Yamuna Nagar,30.3035,77.5531,6.61,1.79,16.77,26.6,40.35,15.83,21.63,13.19,52.11,1353.1,0.825,0.026,8,44.52,18.15,325.0,0.66
Haryana,Yamuna Nagar,30.4259,77.3235,6.57,2.11,14.36,24.77,42.31,14.25,21.63,13.19,52.11,1353.1,0.825,0.026,8,44.52,18.15,333.0,0.3
Himachal Pradesh,Bilaspur,31.414,76.7777,6.27,2.39,21.62,26.2,40.35,18.17,18.94,10.52,51.64,1123.1,0.77,0.033,7,40.79,18.05,702.0,8.09
Himachal Pradesh,Bilaspur,31.2992,76.5821,6.29,2.25,31.22,26.77,41.05,20.27,18.94,10.52,51.64,1123.1,0.77,0.033,7,40.79,18.05,549.0,7.24
Himachal Pradesh,Bilaspur,31.5073,76.6531,6.26,2.29,21.6,27.65,42.28,19.51,18.94,10.52,51.64,1123.1,0.77,0.033,7,40.79,18.05,749.0,2.0
Himachal Pradesh,Bilaspur,31.5603,76.7049,6.26,2.35,20.65,27.48,39.84,19.11,18.94,10.52,51.64,1123.1,0.77,0.033,7,40.79,18.05,725.0,3.66
Himachal Pradesh,Bilaspur,31.2572,76.7368,6.18,2.36,24.39,27.89,40.75,17.03,18.94,10.52,51.64,1123.1,0.77,0.033,7,40.79,18.05,621.0,10.42
Himachal Pradesh,Chamba,32.8236,76.0632,5.72,3.36,43.38,33.84,40.01,20.47,3.87,-5.57,66.04,819.8,0.558,0.08,5,24.07,16.64,1750.0,27.8
Himachal Pradesh,Chamba,32.3075,76.3867,6.26,3.15,51.59,20.51,47.08,24.29,11.4,2.79,58.37,1005.1,0.679,0.056,6,31.3,16.64,3998.0,22.37
Himachal Pradesh,Chamba,32.5357,76.64,6.56,3.31,53.43,19.98,43.04,26.16,-0.1,-9.6,71.59,917.0,0.679,0.056,6,19.42,16.64,3463.0,27.54
Himachal Pradesh,Chamba,32.4581,76.5982,6.02,3.72,39.7,28.95,39.04,21.61,-0.1,-9.6,71.59,917.0,0.679,0.056,6,19.42,16.64,1896.0,11.75
Himachal Pradesh,Chamba,33.033,76.3982,6.69,3.09,49.52,18.33,44.17,28.87,3.87,-5.57,66.04,819.8,0.558,0.08,5,24.07,17.37,3529.0,37.17
Himachal Pradesh,Hamirpur,31.5716,76.5378,6.21,2.54,21.78,28.36,40.61,18.95,24.13,14.49,46.22,976.9,0.773,0.035,8,47.3,18.05,952.0,4.33
Himachal Pradesh,Hamirpur,31.6595,76.4167,6.38,2.81,20.54,27.27,40.8,19.99,24.13,14.49,46.22,976.9,0.773,0.035,8,47.3,18.05,634.0,1.14
Himachal Pradesh,Hamirpur,31.6956,76.5082,6.31,2.59,22.32,28.03,39.71,19.95,24.13,14.49,46.22,976.9,0.773,0.035,8,47.3,18.05,869.0,1.67
Himachal Pradesh,Hamirpur,31.5058,76.4835,6.33,2.19,19.07,26.08,42.06,17.92,24.13,14.49,46.22,976.9,0.773,0.035,8,47.3,18.05,716.0,1.13
Himachal Pradesh,Hamirpur,31.5062,76.4853,6.33,2.22,19.47,26.06,41.98,17.86,24.13,14.49,46.22,976.9,0.773,0.035,8,47.3,18.05,698.0,1.17
Himachal Pradesh,Kangra,32.129,76.7397,5.72,3.32,45.4,19.82,45.41,20.59,12.0,3.52,57.72,1088.1,0.746,0.04,6,31.93,16.64,2643.0,18.24
Himachal Pradesh,Kangra,32.3659,76.9432,6.49,3.44,56.99,19.13,40.06,31.04,-0.1,-9.6,71.59,917.0,0.679,0.056,6,19.42,16.64,3797.0,24.74
Himachal Pradesh,Kangra,32.1741,76.7145,5.96,3.29,52.4,19.65,43.21,22.32,12.0,3.52,57.72,1088.1,0.746,0.04,6,31.93,16.64,3383.0,24.75
Himachal Pradesh,Kangra,32.1274,75.6702,6.85,2.13,17.51,25.43,36.06,15.16,24.67,14.67,45.0,943.4,0.755,0.043,7,48.12,17.76,290.0,1.02
Himachal Pradesh,Kangra,32.1954,76.2869,5.97,3.84,31.27,28.71,41.1,19.97,20.11,11.28,49.41,1057.4,0.748,0.041,6,41.65,16.64,886.0,4.7
Himachal Pradesh,Kinnaur,31.796,78.4575,6.59,3.07,39.02,19.93,43.77,28.59,-2.95,-13.63,62.61,444.3,0.72,0.051,8,22.35,17.82,3367.0,10.93
Himachal Pradesh,Kinnaur,31.4471,78.2933,6.52,3.28,48.63,17.95,46.09,27.75,1.89,-6.98,66.58,752.7,0.73,0.04,8,23.26,17.82,4177.0,37.58
Himachal Pradesh,Kinnaur,31.7239,78.6261,6.76,3.15,36.77,18.1,44.59,28.96,-4.18,-14.29,69.44,650.5,0.745,0.041,8,18.56,17.82,4120.0,38.53
Himachal Pradesh,Kinnaur,31.5776,78.3043,6.13,2.8,43.21,21.19,46.78,21.67,1.89,-6.98,66.58,752.7,0.73,0.04,8,23.26,17.82,2854.0,16.79
Himachal Pradesh,Kinnaur,31.8305,78.2382,6.78,3.37,42.87,17.85,47.64,31.4,-4.33,-14.61,71.11,601.6,0.699,0.051,8,18.58,17.82,4670.0,29.94
Himachal Pradesh,Kullu,32.0629,77.2243,6.26,2.83,52.79,19.14,45.92,22.47,-0.56,-9.6,74.03,879.6,0.753,0.039,8,18.1,17.78,3597.0,10.12
Himachal Pradesh,Kullu,32.1172,77.6464,7.1,3.78,43.0,16.11,42.24,24.16,-0.56,-9.6,74.03,879.6,0.753,0.039,8,18.1,17.78,5151.0,28.37
Himachal Pradesh,Kullu,31.7384,77.3958,5.74,2.94,40.22,23.12,44.78,20.23,10.03,1.96,60.95,1004.4,0.769,0.033,8,30.32,16.92,2331.0,16.06
Himachal Pradesh,Kullu,31.7816,77.7255,6.85,3.68,51.69,17.25,45.23,24.62,-0.56,-9.6,74.03,879.6,0.753,0.039,8,18.1,16.92,5442.0,24.21
Himachal Pradesh,Kullu,31.7198,77.5851,6.5,3.15,54.99,18.82,41.77,27.05,10.03,1.96,60.95,1004.4,0.769,0.033,8,30.32,16.92,4233.0,28.37
Himachal Pradesh,Lahul and Spiti,32.4163,78.2019,7.0,3.07,36.63,20.54,43.05,28.04,-6.4,-17.43,66.05,452.3,0.668,0.066,10,19.17,18.64,5528.0,23.47
Himachal Pradesh,Lahul and Spiti,32.2674,78.4127,6.94,2.81,28.24,18.27,50.23,32.79,-6.4,-17.43,66.05,452.3,0.668,0.066,10,19.17,18.64,4929.0,21.83
Himachal Pradesh,Lahul and Spiti,32.3144,77.8606,7.13,3.16,31.81,19.65,45.6,31.68,-6.4,-17.43,66.05,452.3,0.668,0.066,10,19.17,17.78,4480.0,25.32
Himachal Pradesh,Lahul and Spiti,32.7779,77.6602,7.21,3.98,37.48,23.6,44.04,38.2,-7.0,-18.19,68.11,460.3,0.606,0.082,10,18.83,17.78,4541.0,3.3
Himachal Pradesh,Lahul and Spiti,31.8443,77.9086,6.82,4.29,51.44,16.78,44.87,33.62,-4.33,-14.61,71.11,601.6,0.699,0.051,8,18.58,16.92,4823.0,31.1
Himachal Pradesh,Mandi,31.2949,77.0641,6.23,2.68,28.36,27.24,37.18,18.44,18.94,10.52,51.64,1123.1,0.77,0.033,7,40.79,16.92,830.0,7.48
Himachal Pradesh,Mandi,31.6421,77.0007,5.7,3.01,41.15,26.81,37.51,18.39,18.94,10.52,51.64,1123.1,0.77,0.033,7,40.79,16.92,1617.0,12.82
Himachal Pradesh,Mandi,31.4641,77.2024,5.69,3.44,50.63,19.51,47.14,20.57,10.03,1.96,60.95,1004.4,0.769,0.033,8,30.32,16.92,2863.0,12.98
Himachal Pradesh,Mandi,31.3852,77.1784,5.83,3.13,39.26,28.18,37.93,19.08,18.94,10.52,51.64,1123.1,0.77,0.033,7,40.79,16.92,1870.0,12.41
Himachal Pradesh,Mandi,31.694,77.2638,5.99,3.06,32.27,28.56,40.36,19.42,10.03,1.96,60.95,1004.4,0.769,0.033,8,30.32,16.92,1607.0,11.68
Himachal Pradesh,Shimla,31.3113,77.8064,6.0,3.15,42.64,22.26,45.08,20.78,10.03,1.96,60.95,1004.4,0.769,0.033,8,30.32,16.92,2740.0,16.6
Himachal Pradesh,Shimla,31.0608,77.394,6.03,2.7,29.67,29.52,37.71,20.2,14.67,6.83,58.07,1175.6,0.796,0.03,8,35.62,16.92,1628.0,26.18
Himachal Pradesh,Shimla,31.2972,78.1258,6.15,3.61,58.58,18.33,50.35,25.62,1.89,-6.98,66.58,752.7,0.73,0.04,8,23.26,17.82,3274.0,20.04
Himachal Pradesh,Shimla,30.9912,77.5735,5.78,3.04,40.27,29.53,37.58,18.64,14.67,6.83,58.07,1175.6,0.796,0.03,8,35.62,18.15,1987.0,21.89
Himachal Pradesh,Shimla,31.1731,77.8262,5.84,3.36,41.62,26.38,45.24,18.92,10.96,3.24,58.24,1031.4,0.784,0.032,8,32.34,16.92,2314.0,22.71
Himachal Pradesh,Sirmaur,30.84,77.4752,5.58,4.03,58.9,22.85,45.54,22.08,14.67,6.83,58.07,1175.6,0.796,0.03,8,35.62,18.15,2919.0,8.16
Himachal Pradesh,Sirmaur,30.6146,77.5661,5.85,4.01,37.02,26.34,35.95,22.76,21.63,13.19,52.11,1353.1,0.825,0.026,8,44.52,18.15,1789.0,16.63
Himachal Pradesh,Sirmaur,30.6216,77.335,6.06,3.04,26.78,26.72,34.82,21.28,21.63,13.19,52.11,1353.1,0.825,0.026,8,44.52,18.15,995.0,12.43
Himachal Pradesh,Sirmaur,30.6435,77.6619,6.01,2.68,25.54,23.85,35.25,19.89,21.63,13.19,52.11,1353.1,0.825,0.026,8,44.52,18.15,1114.0,20.25
Himachal Pradesh,Sirmaur,30.8477,77.1893,6.07,2.6,24.72,27.25,37.04,18.44,14.67,6.83,58.07,1175.6,0.796,0.03,8,35.62,18.15,1061.0,12.97
Himachal Pradesh,Solan,30.9597,77.0792,6.13,2.68,27.43,30.16,36.14,18.75,21.15,12.26,50.32,1093.2,0.787,0.03,8,43.87,18.15,1670.0,13.61
Himachal Pradesh,Solan,30.9001,77.1387,5.87,2.75,34.45,28.2,36.35,18.05,21.15,12.26,50.32,1093.2,0.787,0.03,8,43.87,18.15,1577.0,24.14
Himachal Pradesh,Solan,31.3218,76.9014,6.01,2.78,29.18,28.93,35.81,18.9,18.94,10.52,51.64,1123.1,0.77,0.033,7,40.79,18.05,1213.0,20.81
Himachal Pradesh,Solan,31.0644,76.6981,6.84,2.08,17.06,25.94,42.45,13.3,21.15,12.26,50.32,1093.2,0.787,0.03,8,43.87,18.05,326.0,0.55
Himachal Pradesh,Solan,30.7613,77.0093,6.09,2.25,24.24,27.76,39.54,17.89,21.15,12.26,50.32,1093.2,0.787,0.03,8,43.87,18.15,733.0,11.32
Himachal Pradesh,Una,31.4158,76.4114,6.38,2.23,20.5,25.93,44.7,19.81,24.13,14.49,46.22,976.9,0.773,0.035,8,47.3,18.05,370.0,5.45
Himachal Pradesh,Una,31.5535,76.2024,7.09,1.54,13.1,25.34,43.68,17.72,24.13,14.49,46.22,976.9,0.773,0.035,8,47.3,18.05,402.0,0.48
Himachal Pradesh,Una,31.4728,76.2292,7.39,1.63,13.18,25.45,40.76,14.14,24.13,14.49,46.22,976.9,0.773,0.035,8,47.3,18.05,363.0,0.27
Himachal Pradesh,Una,31.7139,76.2194,6.2,2.87,22.45,26.18,42.42,21.01,24.13,14.49,46.22,976.9,0.773,0.035,8,47.3,18.05,676.0,1.45
Himachal Pradesh,Una,31.7997,75.9918,6.81,2.33,16.93,30.92,38.26,19.27,20.11,11.28,49.41,1057.4,0.748,0.041,6,41.65,17.43,533.0,0.61
Jammu and Kashmir,Anantnag (Kashmir South),33.617,75.2249,6.07,2.25,19.67,23.55,28.34,16.22,10.67,1.16,58.53,827.0,0.445,0.1,4,33.2,16.68,1761.0,1.97
Jammu and Kashmir,Anantnag (Kashmir South),33.5044,75.3767,6.02,3.12,47.29,20.69,31.36,19.49,6.74,-2.9,60.77,736.8,0.418,0.107,5,28.51,16.68,2605.0,15.07
Jammu and Kashmir,Anantnag (Kashmir South),33.5526,74.8104,6.04,3.29,50.07,22.14,34.7,26.41,10.67,1.16,58.53,827.0,0.445,0.1,4,33.2,16.73,3377.0,17.72
Jammu and Kashmir,Anantnag (Kashmir South),34.1325,75.3777,6.66,3.24,51.15,17.86,36.09,28.11,-0.01,-10.37,68.87,641.1,0.329,0.126,6,22.75,15.4,3736.0,23.25
Jammu and Kashmir,Anantnag (Kashmir South),33.4294,75.5148,5.93,3.32,49.28,18.82,41.1,23.07,6.74,-2.9,60.77,736.8,0.418,0.107,5,28.51,16.68,2755.0,12.92
Jammu and Kashmir,Bagdam,33.8446,74.6898,6.04,2.51,30.01,27.64,29.25,20.32,9.13,-0.88,55.17,771.2,0.339,0.117,4,32.24,16.73,2307.0,1.59
Jammu and Kashmir,Bagdam,33.896,74.6886,6.49,2.19,24.75,29.32,29.84,22.43,9.13,-0.88,55.17,771.2,0.339,0.117,4,32.24,16.73,2080.0,7.76
Jammu and Kashmir,Bagdam,34.0458,74.9839,6.45,2.56,26.41,26.18,24.39,19.9,9.13,-0.88,55.17,771.2,0.339,0.117,4,32.24,17.0,2219.0,11.86
Jammu and Kashmir,Bagdam,33.8185,74.7039,6.01,2.58,30.94,28.23,30.04,20.39,9.13,-0.88,55.17,771.2,0.339,0.117,4,32.24,16.73,2361.0,7.81
Jammu and Kashmir,Bagdam,33.8683,74.97,6.75,2.38,17.26,29.61,23.17,19.78,9.13,-0.88,55.17,771.2,0.339,0.117,4,32.24,16.73,1645.0,0.16
Jammu and Kashmir,Baramula (Kashmir North),34.1693,74.6068,7.02,2.35,15.11,28.26,21.5,20.04,11.35,1.42,56.25,806.0,0.394,0.108,4,34.51,17.0,1580.0,0.19
Jammu and Kashmir,Baramula (Kashmir North),34.6751,74.6245,6.56,3.21,51.87,19.63,33.89,25.66,8.94,-1.66,57.52,799.0,0.341,0.116,4,34.21,17.0,3525.0,19.93
Jammu and Kashmir,Baramula (Kashmir North),34.1547,74.0335,6.34,2.68,33.15,26.9,28.88,22.02,14.77,4.9,55.06,882.7,0.484,0.095,3,38.87,17.0,2004.0,12.86
Jammu and Kashmir,Baramula (Kashmir North),34.5249,74.796,6.44,3.04,39.99,17.29,35.8,26.69,2.99,-7.76,65.89,752.1,0.303,0.122,4,27.85,17.0,3936.0,4.43
Jammu and Kashmir,Baramula (Kashmir North),34.1632,74.1397,6.74,2.54,25.91,28.63,28.64,19.72,11.35,1.42,56.25,806.0,0.394,0.108,4,34.51,17.0,1817.0,18.0
Jammu and Kashmir,Doda,33.0046,76.0213,5.93,3.34,51.1,20.9,42.14,22.75,3.87,-5.57,66.04,819.8,0.558,0.08,5,24.07,17.37,2759.0,20.22
Jammu and Kashmir,Doda,33.6354,76.2246,7.14,3.44,38.18,19.2,42.6,22.2,-2.98,-13.09,73.41,592.5,0.423,0.113,7,18.34,17.37,5142.0,20.81
Jammu and Kashmir,Doda,33.9149,75.7969,6.98,3.9,50.95,19.14,39.03,30.24,-0.01,-10.37,68.87,641.1,0.329,0.126,6,22.75,16.68,4351.0,28.47
Jammu and Kashmir,Doda,33.9845,75.7033,7.16,2.98,40.26,19.33,37.48,26.47,-0.01,-10.37,68.87,641.1,0.329,0.126,6,22.75,16.68,4055.0,10.63
Jammu and Kashmir,Doda,33.9413,75.8324,7.25,3.3,42.53,20.99,38.45,27.84,-0.01,-10.37,68.87,641.1,0.329,0.126,6,22.75,16.68,4975.0,7.77
Jammu and Kashmir,Jammu,32.9299,74.6877,6.68,1.97,20.48,24.57,34.27,17.57,18.93,9.62,50.03,911.7,0.587,0.076,4,42.42,18.53,450.0,1.5
Jammu and Kashmir,Jammu,32.6366,74.6897,7.66,1.26,13.82,25.31,34.99,14.67,24.01,14.09,45.32,917.0,0.698,0.056,6,47.82,18.53,259.0,0.28
Jammu and Kashmir,Jammu,32.9113,74.4903,6.65,1.77,19.64,24.2,34.98,16.23,22.56,12.76,46.4,895.1,0.624,0.07,5,46.53,18.53,336.0,2.49
Jammu and Kashmir,Jammu,32.7901,75.1912,6.03,2.7,27.69,28.22,38.98,19.72,18.93,9.62,50.03,911.7,0.587,0.076,4,42.42,17.76,980.0,18.04
Jammu and Kashmir,Jammu,32.7453,74.7052,7.27,1.57,15.99,24.41,33.59,17.85,24.01,14.09,45.32,917.0,0.698,0.056,6,47.82,18.53,269.0,0.16
Jammu and Kashmir,Kathua,32.5216,75.4466,6.46,2.32,24.36,28.26,36.08,16.43,20.29,11.19,48.74,984.5,0.692,0.055,6,42.84,17.76,440.0,1.15
Jammu and Kashmir,Kathua,32.5421,75.5962,6.17,2.59,28.18,29.58,39.59,19.21,20.29,11.19,48.74,984.5,0.692,0.055,6,42.84,17.76,784.0,1.45
Jammu and Kashmir,Kathua,32.349,75.4438,7.01,2.5,19.54,25.81,33.96,17.7,20.29,11.19,48.74,984.5,0.692,0.055,6,42.84,17.76,286.0,0.29
Jammu and Kashmir,Kathua,32.5438,75.4511,6.2,2.31,24.27,28.94,37.4,17.82,20.29,11.19,48.74,984.5,0.692,0.055,6,42.84,17.76,524.0,2.53
Jammu and Kashmir,Kathua,32.5476,75.5396,6.03,2.76,29.0,29.67,39.64,18.21,20.29,11.19,48.74,984.5,0.692,0.055,6,42.84,17.76,795.0,23.83
Jammu and Kashmir,Kargil,33.7303,76.6973,7.67,2.8,27.36,20.83,42.37,32.89,-5.48,-16.69,67.71,470.1,0.433,0.117,9,19.45,17.37,4709.0,8.05
Jammu and Kashmir,Kargil,33.3258,77.2348,7.58,2.49,25.74,19.35,45.79,28.87,-5.41,-17.26,61.14,329.4,0.471,0.118,10,22.49,17.67,4082.0,26.11
Jammu and Kashmir,Kargil,32.8701,77.3602,7.1,3.43,39.99,21.33,43.2,31.93,-7.0,-18.19,68.11,460.3,0.606,0.082,10,18.83,17.78,5034.0,29.11
Jammu and Kashmir,Kargil,33.3163,77.2662,7.67,2.6,26.54,17.72,47.15,31.67,-5.41,-17.26,61.14,329.4,0.471,0.118,10,22.49,17.67,4665.0,36.24
Jammu and Kashmir,Kargil,33.738,76.749,7.72,2.58,19.22,20.91,42.48,26.67,-5.48,-16.69,67.71,470.1,0.433,0.117,9,19.45,17.37,4792.0,20.23
Jammu and Kashmir,Kupwara (Muzaffarabad),34.5401,74.074,6.29,2.51,36.74,31.91,27.69,19.0,8.94,-1.66,57.52,799.0,0.341,0.116,4,34.21,17.0,2190.0,21.67
Jammu and Kashmir,Kupwara (Muzaffarabad),34.5937,74.2885,6.27,2.59,30.01,30.62,30.9,19.15,8.94,-1.66,57.52,799.0,0.341,0.116,4,34.21,17.0,2354.0,28.99
Jammu and Kashmir,Kupwara (Muzaffarabad),34.6705,73.9807,6.13,2.65,44.67,30.24,31.87,19.42,10.77,0.62,57.26,853.0,0.438,0.107,3,35.84,17.07,2563.0,27.23
Jammu and Kashmir,Kupwara (Muzaffarabad),34.5273,73.9087,6.05,2.95,44.29,25.74,34.31,19.07,10.77,0.62,57.26,853.0,0.438,0.107,3,35.84,17.07,2849.0,33.31
Jammu and Kashmir,Kupwara (Muzaffarabad),34.4679,73.957,5.87,3.12,48.51,24.41,37.25,20.15,10.77,0.62,57.26,853.0,0.438,0.107,3,35.84,17.07,3108.0,12.88
Jammu and Kashmir,Ladakh (Leh),34.5232,77.1099,7.76,2.63,27.08,22.36,40.89,28.96,-3.82,-15.65,58.63,280.0,0.353,0.165,12,23.52,18.29,4773.0,18.23
Jammu and Kashmir,Ladakh (Leh),35.1943,77.5965,7.38,2.9,39.03,19.51,40.62,15.62,-9.14,-20.07,65.46,213.3,0.394,0.146,12,13.76,17.87,6362.0,34.76
Jammu and Kashmir,Ladakh (Leh),34.5325,76.6773,7.75,1.8,14.74,19.23,42.25,23.42,-3.82,-15.65,58.63,280.0,0.353,0.165,12,23.52,16.77,3763.0,15.09
Jammu and Kashmir,Ladakh (Leh),33.8396,78.6523,7.85,1.83,11.73,19.0,48.32,15.93,-6.88,-18.63,52.79,152.3,0.531,0.124,12,19.61,19.02,4910.0,29.41
Jammu and Kashmir,Ladakh (Leh),33.3314,78.9779,7.5,2.42,19.58,33.58,30.03,25.62,-4.99,-17.03,49.87,164.3,0.55,0.119,12,21.83,19.02,5950.0,9.22
Jammu and Kashmir,Punch,34.0585,73.9302,6.06,2.79,37.9,31.24,26.06,21.76,14.77,4.9,55.06,882.7,0.484,0.095,3,38.87,17.07,2083.0,16.41
Jammu and Kashmir,Punch,33.6695,74.4658,5.98,3.13,44.01,27.5,35.85,21.03,14.92,5.37,54.88,861.3,0.507,0.09,4,38.76,16.73,3075.0,18.75
Jammu and Kashmir,Punch,33.7784,74.3605,5.87,3.05,50.13,23.46,31.71,20.52,11.35,1.42,56.25,806.0,0.394,0.108,4,34.51,16.73,2509.0,24.18
Jammu and Kashmir,Punch,33.622,74.3257,6.68,2.37,25.55,32.31,25.88,17.91,14.92,5.37,54.88,861.3,0.507,0.09,4,38.76,16.73,1816.0,15.91
Jammu and Kashmir,Punch,33.654,74.431,6.03,2.8,41.28,27.88,30.52,21.13,14.92,5.37,54.88,861.3,0.507,0.09,4,38.76,16.73,2481.0,26.01
Jammu and Kashmir,Pulwama,33.9224,74.9978,6.44,2.29,18.57,28.95,20.89,18.03,9.13,-0.88,55.17,771.2,0.339,0.117,4,32.24,16.73,1592.0,0.22
Jammu and Kashmir,Pulwama,33.723,75.0207,6.23,2.25,22.81,27.75,22.59,16.77,10.67,1.16,58.53,827.0,0.445,0.1,4,33.2,16.68,1651.0,1.32
Jammu and Kashmir,Pulwama,33.8063,74.8739,6.12,2.22,22.24,27.95,26.65,19.89,9.13,-0.88,55.17,771.2,0.339,0.117,4,32.24,16.73,1785.0,1.55
Jammu and Kashmir,Pulwama,33.7256,74.9599,6.16,2.3,21.64,26.04,26.1,17.0,10.67,1.16,58.53,827.0,0.445,0.1,4,33.2,16.73,1782.0,2.06
Jammu and Kashmir,Pulwama,33.9059,74.9906,6.52,2.4,19.65,28.06,20.62,18.2,9.13,-0.88,55.17,771.2,0.339,0.117,4,32.24,16.73,1589.0,0.06
Jammu and Kashmir,Rajauri,33.4442,74.6137,6.18,3.35,55.07,25.35,38.48,24.69,14.92,5.37,54.88,861.3,0.507,0.09,4,38.76,16.73,3582.0,9.98
Jammu and Kashmir,Rajauri,33.2709,74.7027,6.1,2.42,29.44,28.74,28.57,19.63,10.67,1.16,58.53,827.0,0.445,0.1,4,33.2,16.73,1303.0,16.03
Jammu and Kashmir,Rajauri,33.201,74.1261,6.49,1.93,23.52,27.08,34.3,15.2,22.56,12.76,46.4,895.1,0.624,0.07,5,46.53,16.73,827.0,5.92
Jammu and Kashmir,Rajauri,33.2493,74.5186,6.28,2.07,25.83,26.78,33.45,19.02,22.56,12.76,46.4,895.1,0.624,0.07,5,46.53,16.73,1109.0,11.57
Jammu and Kashmir,Rajauri,33.5159,74.4996,6.21,3.18,48.54,26.44,36.08,24.02,14.92,5.37,54.88,861.3,0.507,0.09,4,38.76,16.73,3198.0,2.85
Jammu and Kashmir,Srinagar,34.1653,75.0448,6.44,3.65,50.82,21.73,39.34,26.56,9.13,-0.88,55.17,771.2,0.339,0.117,4,32.24,15.4,3394.0,11.7
Jammu and Kashmir,Srinagar,34.4422,75.1093,6.77,3.52,55.68,18.08,36.61,29.07,2.99,-7.76,65.89,752.1,0.303,0.122,4,27.85,15.4,4371.0,10.11
Jammu and Kashmir,Srinagar,34.2199,75.0177,6.55,2.7,35.18,24.6,25.72,18.14,9.13,-0.88,55.17,771.2,0.339,0.117,4,32.24,15.4,1942.0,4.09
Jammu and Kashmir,Srinagar,34.1963,75.2577,6.58,2.73,42.08,16.66,36.69,25.29,9.13,-0.88,55.17,771.2,0.339,0.117,4,32.24,15.4,3986.0,23.92
Jammu and Kashmir,Srinagar,34.3746,75.1002,6.76,3.22,47.92,17.39,37.69,24.56,2.99,-7.76,65.89,752.1,0.303,0.122,4,27.85,15.4,4511.0,23.94
Jammu and Kashmir,Udhampur,33.0909,75.3023,6.08,3.0,37.23,24.23,33.97,19.87,18.93,9.62,50.03,911.7,0.587,0.076,4,42.42,16.68,1872.0,14.11
Jammu and Kashmir,Udhampur,33.4163,75.0628,5.81,3.41,49.68,21.52,42.93,24.17,10.67,1.16,58.53,827.0,0.445,0.1,4,33.2,16.68,3191.0,5.83
Jammu and Kashmir,Udhampur,33.2763,74.9357,6.23,2.82,30.95,21.31,32.26,20.99,10.67,1.16,58.53,827.0,0.445,0.1,4,33.2,16.73,1884.0,14.65
Jammu and Kashmir,Udhampur,32.6916,75.2599,6.27,2.52,24.77,28.47,39.79,19.19,24.01,14.09,45.32,917.0,0.698,0.056,6,47.82,17.76,703.0,2.51
Jammu and Kashmir,Udhampur,32.9134,75.2895,5.75,3.12,42.98,29.48,32.17,19.81,18.93,9.62,50.03,911.7,0.587,0.076,4,42.42,17.76,1898.0,11.23
Jharkhand,Bokaro,23.456,86.3017,6.6,1.21,10.31,34.68,27.38,27.33,24.93,17.42,65.66,1391.1,0.798,0.076,6,46.79,17.21,233.0,0.08
Jharkhand,Bokaro,23.6312,85.7124,6.51,1.28,12.0,37.33,27.16,32.03,24.35,17.14,63.26,1348.0,0.815,0.075,6,45.61,17.1,274.0,1.06
Jharkhand,Bokaro,23.7679,85.91,6.83,1.15,11.34,38.61,24.02,28.58,24.25,16.47,63.29,1217.6,0.824,0.072,6,45.2,17.1,230.0,1.3
Jharkhand,Bokaro,23.7918,86.1392,6.82,1.19,10.63,36.7,24.33,26.71,24.75,16.95,64.63,1265.4,0.806,0.074,6,45.93,17.21,232.0,0.91
Jharkhand,Bokaro,23.7644,85.6875,6.42,1.87,21.76,35.27,26.93,33.32,24.25,16.47,63.29,1217.6,0.824,0.072,6,45.2,17.1,500.0,17.86
Jharkhand,Deoghar,24.4531,86.8506,6.49,1.35,14.69,25.75,36.51,19.16,25.13,17.44,63.85,1210.0,0.773,0.081,6,45.94,17.19,247.0,0.62
Jharkhand,Deoghar,24.5012,86.8896,6.49,1.38,15.94,25.58,36.24,18.72,25.13,17.44,63.85,1210.0,0.773,0.081,6,45.94,17.19,235.0,1.04
Jharkhand,Deoghar,24.2873,86.5805,6.5,1.19,11.49,28.52,38.79,17.68,25.13,17.44,63.85,1210.0,0.773,0.081,6,45.94,17.19,268.0,0.72
Jharkhand,Deoghar,24.5044,86.8497,6.46,1.28,18.37,25.81,38.96,16.71,25.13,17.44,63.85,1210.0,0.773,0.081,6,45.94,17.19,250.0,3.08
Jharkhand,Deoghar,24.2031,86.5473,6.54,1.06,10.08,31.32,34.95,16.44,24.75,16.95,64.63,1265.4,0.806,0.074,6,45.93,17.19,238.0,0.8
Jharkhand,Chatra,23.7132,84.978,6.84,1.3,14.26,39.84,23.05,36.5,23.43,16.33,61.95,1322.2,0.828,0.073,6,44.27,17.64,438.0,1.66
Jharkhand,Chatra,24.2518,84.6184,6.51,1.37,13.6,40.36,20.55,37.37,25.91,17.96,56.01,1096.9,0.853,0.06,7,47.51,18.0,319.0,1.54
Jharkhand,Chatra,24.016,85.2193,6.54,1.61,16.8,32.91,27.99,30.0,24.42,16.88,59.84,1207.5,0.836,0.069,7,45.34,17.35,625.0,1.04
Jharkhand,Chatra,24.2837,85.0197,7.04,1.21,10.31,36.05,20.81,36.89,25.41,17.39,57.98,1095.9,0.845,0.063,7,46.84,17.35,402.0,0.16
Jharkhand,Chatra,24.2905,84.9982,7.02,1.19,10.23,35.4,21.3,37.02,25.41,17.39,57.98,1095.9,0.845,0.063,7,46.84,18.0,425.0,0.74
Jharkhand,Dumka,24.4512,86.9226,6.38,1.29,13.93,25.71,38.4,16.74,25.13,17.44,63.85,1210.0,0.773,0.081,6,45.94,17.19,268.0,1.01
Jharkhand,Dumka,24.4729,86.9617,6.34,1.25,13.11,25.54,37.3,19.45,25.13,17.44,63.85,1210.0,0.773,0.081,6,45.94,17.19,213.0,0.8
Jharkhand,Dumka,24.2653,87.1171,6.05,1.05,11.89,23.98,35.14,16.94,25.13,17.44,63.85,1210.0,0.773,0.081,6,45.94,16.49,177.0,1.2
Jharkhand,Dumka,24.1947,87.1567,6.02,1.17,11.95,24.82,36.99,17.22,25.21,17.61,65.75,1325.7,0.771,0.081,6,46.45,16.49,160.0,0.8
Jharkhand,Dumka,24.0448,87.3863,5.96,1.06,16.62,23.83,39.84,16.26,25.54,18.09,66.93,1304.2,0.742,0.092,6,46.96,16.49,79.0,0.42
Jharkhand,Dhanbad,23.6853,86.4925,6.73,1.16,10.09,32.82,30.24,25.28,24.93,17.42,65.66,1391.1,0.798,0.076,6,46.79,17.21,174.0,0.79
Jharkhand,Dhanbad,23.8783,86.1919,6.61,1.58,16.98,34.32,29.46,27.18,24.75,16.95,64.63,1265.4,0.806,0.074,6,45.93,17.21,311.0,11.58
Jharkhand,Dhanbad,23.9181,86.6816,6.44,1.1,19.25,30.16,33.34,17.57,25.21,17.61,65.75,1325.7,0.771,0.081,6,46.45,17.21,148.0,0.76
Jharkhand,Dhanbad,23.8799,86.2288,6.73,1.3,12.36,34.5,29.22,27.42,24.75,16.95,64.63,1265.4,0.806,0.074,6,45.93,17.21,281.0,1.03
Jharkhand,Dhanbad,23.8405,86.457,6.53,1.17,10.17,34.05,30.46,26.57,24.75,16.95,64.63,1265.4,0.806,0.074,6,45.93,17.21,229.0,0.57
Jharkhand,Garhwa,23.9462,83.5779,6.72,1.2,12.35,39.58,16.8,39.49,25.31,17.76,56.5,1136.2,0.855,0.064,7,46.81,17.76,414.0,1.66
Jharkhand,Garhwa,24.2577,83.528,7.46,0.96,7.02,39.88,19.33,41.74,25.78,17.74,55.19,1011.9,0.859,0.059,7,47.45,18.02,247.0,0.99
Jharkhand,Garhwa,24.3131,83.7471,7.44,0.96,7.0,37.91,21.27,40.44,25.78,17.74,55.19,1011.9,0.859,0.059,7,47.45,18.02,180.0,0.58
Jharkhand,Garhwa,24.0701,83.6022,7.03,1.21,12.14,38.09,17.24,41.13,25.31,17.76,56.5,1136.2,0.855,0.064,7,46.81,18.02,348.0,3.47
Jharkhand,Garhwa,24.1486,83.6896,7.48,0.93,7.2,37.5,19.46,40.44,25.31,17.76,56.5,1136.2,0.855,0.064,7,46.81,18.02,240.0,0.8
Jharkhand,Giridih,24.0136,86.3061,6.59,1.13,11.12,31.55,32.53,27.47,24.75,16.95,64.63,1265.4,0.806,0.074,6,45.93,17.19,278.0,1.49
Jharkhand,Giridih,24.1243,86.4428,6.42,1.12,10.71,31.91,34.79,21.08,24.75,16.95,64.63,1265.4,0.806,0.074,6,45.93,17.19,297.0,0.7
Jharkhand,Giridih,24.2968,85.9153,6.79,1.03,10.11,33.75,32.53,25.48,24.83,16.73,61.25,1094.9,0.833,0.067,6,46.16,17.35,309.0,0.42
Jharkhand,Giridih,24.648,85.838,6.86,1.09,9.88,31.61,26.51,21.02,24.83,16.73,61.25,1094.9,0.833,0.067,6,46.16,17.35,199.0,0.8
Jharkhand,Giridih,24.5122,85.9352,6.8,1.06,12.11,30.54,35.71,23.32,24.83,16.73,61.25,1094.9,0.833,0.067,6,46.16,17.35,302.0,2.68
Jharkhand,Gumla,23.2878,84.7782,6.59,1.31,14.68,38.52,28.08,27.55,23.43,16.33,61.95,1322.2,0.828,0.073,6,44.27,17.64,669.0,1.74
Jharkhand,Gumla,22.885,84.4306,6.43,1.57,20.17,39.6,26.65,34.43,23.32,16.46,62.38,1369.2,0.837,0.07,7,44.09,18.0,641.0,0.41
Jharkhand,Gumla,23.4736,84.4486,6.19,1.79,20.34,36.4,24.52,35.17,23.27,16.17,60.65,1308.7,0.84,0.07,7,43.95,17.64,585.0,2.49
Jharkhand,Gumla,23.1823,84.0645,6.56,1.68,15.96,38.3,23.86,35.88,23.32,16.46,62.38,1369.2,0.837,0.07,7,44.09,17.64,796.0,0.59
Jharkhand,Gumla,23.152,84.2268,6.86,1.34,12.92,38.05,24.1,36.16,23.32,16.46,62.38,1369.2,0.837,0.07,7,44.09,17.64,727.0,1.1
Jharkhand,Godda,24.7371,87.0761,6.56,1.1,10.98,28.17,34.85,18.5,25.13,17.44,63.85,1210.0,0.773,0.081,6,45.94,16.49,121.0,0.12
Jharkhand,Godda,25.0049,87.4003,6.32,1.35,13.42,26.23,42.47,16.69,25.51,17.83,63.9,1185.0,0.748,0.087,6,45.54,16.66,157.0,0.26
Jharkhand,Godda,25.0484,87.2666,6.59,1.26,13.37,26.76,33.82,19.77,25.51,17.83,63.9,1185.0,0.748,0.087,6,45.54,16.66,57.0,0.12
Jharkhand,Godda,24.6019,87.3328,6.01,1.21,11.55,27.22,33.41,17.52,25.36,17.84,65.25,1232.7,0.742,0.092,6,46.02,16.49,164.0,0.62
Jharkhand,Godda,24.847,87.3124,6.39,1.25,14.24,27.81,38.72,18.95,25.51,17.83,63.9,1185.0,0.748,0.087,6,45.54,16.49,99.0,0.32
Jharkhand,Hazaribag,24.3677,85.0944,6.34,1.44,15.91,36.01,24.64,31.76,25.41,17.39,57.98,1095.9,0.845,0.063,7,46.84,17.35,321.0,7.32
Jharkhand,Hazaribag,23.6584,85.5617,6.61,1.22,11.3,36.82,25.14,33.07,24.35,17.14,63.26,1348.0,0.815,0.075,6,45.61,17.1,327.0,0.7
Jharkhand,Hazaribag,24.0888,85.726,6.54,1.43,14.25,33.64,30.79,31.91,24.25,16.47,63.29,1217.6,0.824,0.072,6,45.2,17.35,446.0,0.7
Jharkhand,Hazaribag,24.2922,85.6743,6.84,1.06,10.13,31.55,28.69,23.9,24.83,16.73,61.25,1094.9,0.833,0.067,6,46.16,17.35,338.0,0.54
Jharkhand,Hazaribag,23.5511,85.8343,6.45,1.59,17.97,34.21,30.92,31.11,24.35,17.14,63.26,1348.0,0.815,0.075,6,45.61,17.1,553.0,2.31
Jharkhand,Jamtara,23.9184,86.8649,6.36,0.94,9.12,25.61,40.31,14.79,25.21,17.61,65.75,1325.7,0.771,0.081,6,46.45,17.21,152.0,0.52
Jharkhand,Jamtara,23.8533,87.0426,6.21,1.04,8.88,27.19,38.46,16.61,25.21,17.61,65.75,1325.7,0.771,0.081,6,46.45,16.73,114.0,0.68
Jharkhand,Jamtara,24.0461,86.5212,6.48,1.07,11.22,31.06,33.19,20.35,24.75,16.95,64.63,1265.4,0.806,0.074,6,45.93,17.19,227.0,0.88
Jharkhand,Jamtara,23.9352,86.7176,6.44,1.01,9.73,30.23,33.87,17.65,25.21,17.61,65.75,1325.7,0.771,0.081,6,46.45,17.21,183.0,0.92
Jharkhand,Jamtara,24.0958,86.7332,6.5,1.14,12.09,27.14,38.04,19.62,25.21,17.61,65.75,1325.7,0.771,0.081,6,46.45,17.19,211.0,0.72
Jharkhand,Koderma,24.5525,85.6901,6.46,1.08,13.7,30.0,31.41,22.69,24.83,16.73,61.25,1094.9,0.833,0.067,6,46.16,17.35,338.0,0.63
Jharkhand,Koderma,24.4065,85.8253,6.68,1.09,11.56,31.86,34.1,23.22,24.83,16.73,61.25,1094.9,0.833,0.067,6,46.16,17.35,374.0,0.56
Jharkhand,Koderma,24.3948,85.7582,6.82,1.02,10.21,29.02,31.76,22.35,24.83,16.73,61.25,1094.9,0.833,0.067,6,46.16,17.35,350.0,0.31
Jharkhand,Koderma,24.4656,85.5702,6.7,1.29,12.17,30.33,29.21,22.9,24.83,16.73,61.25,1094.9,0.833,0.067,6,46.16,17.35,416.0,1.47
Jharkhand,Koderma,24.5717,85.753,6.12,1.09,15.76,32.36,31.44,22.57,24.83,16.73,61.25,1094.9,0.833,0.067,6,46.16,17.35,315.0,1.36
Jharkhand,Latehar,23.9333,84.6966,6.74,1.25,13.89,39.88,24.06,34.81,24.42,16.88,59.84,1207.5,0.836,0.069,7,45.34,17.64,502.0,0.88
Jharkhand,Latehar,23.5117,84.1494,6.58,1.53,16.1,39.99,23.48,33.96,23.27,16.17,60.65,1308.7,0.84,0.07,7,43.95,17.64,645.0,5.75
Jharkhand,Latehar,23.7944,84.4891,6.93,1.16,9.34,44.29,19.66,35.86,25.32,17.91,56.76,1208.2,0.848,0.065,7,46.56,17.64,387.0,0.62
Jharkhand,Latehar,23.8607,84.1575,7.12,1.11,9.2,40.33,18.87,35.34,25.32,17.91,56.76,1208.2,0.848,0.065,7,46.56,17.64,314.0,0.97
Jharkhand,Latehar,23.8153,84.2383,6.16,1.51,13.76,42.66,20.0,34.05,25.32,17.91,56.76,1208.2,0.848,0.065,7,46.56,17.64,327.0,0.53
Jharkhand,Lohardaga,23.5441,84.6668,6.58,1.42,15.73,37.17,27.57,36.84,23.27,16.17,60.65,1308.7,0.84,0.07,7,43.95,17.64,692.0,0.97
Jharkhand,Lohardaga,23.3665,84.8579,6.6,1.27,14.21,38.44,29.55,28.06,23.43,16.33,61.95,1322.2,0.828,0.073,6,44.27,17.64,694.0,0.76
Jharkhand,Lohardaga,23.5459,84.4764,6.4,1.73,19.02,36.09,24.09,36.18,23.27,16.17,60.65,1308.7,0.84,0.07,7,43.95,17.64,707.0,2.73
Jharkhand,Lohardaga,23.5543,84.5791,6.1,1.75,22.5,36.27,26.33,33.82,23.27,16.17,60.65,1308.7,0.84,0.07,7,43.95,17.64,834.0,12.16
Jharkhand,Lohardaga,23.3503,84.5904,6.72,1.32,14.21,40.72,26.98,32.99,23.27,16.17,60.65,1308.7,0.84,0.07,7,43.95,17.64,647.0,1.51
Jharkhand,Pakur,24.6972,87.532,6.17,1.65,16.33,25.59,37.36,19.34,25.36,17.84,65.25,1232.7,0.742,0.092,6,46.02,16.49,250.0,1.84
Jharkhand,Pakur,24.57,87.519,5.91,1.54,13.2,23.71,36.45,18.84,25.36,17.84,65.25,1232.7,0.742,0.092,6,46.02,16.49,159.0,1.54
Jharkhand,Pakur,24.4391,87.719,5.85,1.09,10.76,27.02,37.41,20.83,25.36,17.84,65.25,1232.7,0.742,0.092,6,46.02,16.49,47.0,0.66
Jharkhand,Pakur,24.7443,87.5431,6.2,2.0,17.76,24.42,37.6,19.44,25.36,17.84,65.25,1232.7,0.742,0.092,6,46.02,16.49,210.0,4.07
Jharkhand,Pakur,24.3248,87.6773,5.88,1.09,9.23,27.32,36.1,19.01,25.36,17.84,65.25,1232.7,0.742,0.092,6,46.02,16.49,58.0,0.74
Jharkhand,Palamu,23.9979,84.5543,6.96,1.17,9.54,37.24,18.19,34.28,25.32,17.91,56.76,1208.2,0.848,0.065,7,46.56,17.64,299.0,0.7
Jharkhand,Palamu,23.9052,84.3037,7.01,1.16,11.49,40.19,19.18,35.73,25.32,17.91,56.76,1208.2,0.848,0.065,7,46.56,17.64,331.0,0.52
Jharkhand,Palamu,24.3805,84.089,7.09,1.18,13.5,40.64,21.36,43.82,25.91,17.96,56.01,1096.9,0.853,0.06,7,47.51,18.0,280.0,5.81
Jharkhand,Palamu,24.0283,84.5258,6.97,1.19,8.92,39.03,17.11,34.29,25.32,17.91,56.76,1208.2,0.848,0.065,7,46.56,18.0,280.0,0.2
Jharkhand,Palamu,24.029,84.1866,7.38,1.07,8.97,36.75,18.88,33.84,25.32,17.91,56.76,1208.2,0.848,0.065,7,46.56,18.0,225.0,0.35
Jharkhand,Pashchim Singhbhum,22.59,85.3889,6.39,1.71,19.81,41.46,30.64,27.38,25.08,18.83,64.27,1490.3,0.798,0.08,6,46.95,17.32,345.0,6.91
Jharkhand,Pashchim Singhbhum,22.3379,85.753,6.27,1.13,12.84,38.83,33.79,20.17,25.08,18.83,64.27,1490.3,0.798,0.08,6,46.95,17.32,364.0,1.65
Jharkhand,Pashchim Singhbhum,22.4614,85.1242,6.47,1.44,14.76,39.14,32.3,27.43,25.08,18.74,62.39,1422.1,0.822,0.073,6,46.39,17.32,270.0,1.36
Jharkhand,Pashchim Singhbhum,22.7438,85.4948,6.56,1.92,22.74,39.7,31.48,29.3,25.08,18.83,64.27,1490.3,0.798,0.08,6,46.95,17.32,386.0,8.01
Jharkhand,Pashchim Singhbhum,22.3442,85.1185,6.57,1.3,11.55,38.05,30.56,24.09,25.08,18.74,62.39,1422.1,0.822,0.073,6,46.39,17.32,226.0,0.21
Jharkhand,Purba Singhbhum,22.4841,86.7608,6.13,1.16,10.36,29.96,46.77,16.33,25.5,18.36,71.49,1499.7,0.74,0.1,5,48.19,17.37,117.0,0.35
Jharkhand,Purba Singhbhum,22.7779,86.1711,6.61,1.28,13.83,38.64,30.53,22.73,25.22,18.07,66.41,1476.1,0.787,0.079,6,47.6,17.37,136.0,0.37
Jharkhand,Purba Singhbhum,22.629,86.5884,5.99,1.29,10.55,32.85,41.35,19.3,25.5,18.36,71.49,1499.7,0.74,0.1,5,48.19,17.37,151.0,0.54
Jharkhand,Purba Singhbhum,22.5166,86.1142,6.24,1.28,17.23,36.26,37.7,19.64,25.3,18.62,66.95,1521.9,0.769,0.089,6,47.46,17.37,251.0,9.45
Jharkhand,Purba Singhbhum,22.3222,86.7385,6.16,1.1,11.6,31.71,44.49,16.28,25.5,18.36,71.49,1499.7,0.74,0.1,5,48.19,17.37,96.0,0.78
Jharkhand,Ranchi,23.4558,84.9348,6.62,1.28,14.96,35.85,30.34,27.25,23.43,16.33,61.95,1322.2,0.828,0.073,6,44.27,17.64,661.0,0.72
Jharkhand,Ranchi,23.1028,85.0282,6.54,1.17,13.56,38.03,29.95,27.72,23.85,17.16,62.71,1401.0,0.824,0.074,6,44.77,17.1,559.0,0.89
Jharkhand,Ranchi,23.1523,85.2153,6.51,1.31,14.86,37.1,29.87,22.92,23.85,17.16,62.71,1401.0,0.824,0.074,6,44.77,17.1,647.0,0.46
Jharkhand,Ranchi,23.1991,85.1671,6.49,1.49,15.83,37.71,29.46,24.26,23.85,17.16,62.71,1401.0,0.824,0.074,6,44.77,17.1,686.0,1.94
Jharkhand,Ranchi,23.4983,85.5402,6.52,1.56,14.95,36.46,30.2,26.36,24.35,17.14,63.26,1348.0,0.815,0.075,6,45.61,17.1,612.0,0.95
Jharkhand,Sahibganj,24.8535,87.5289,5.98,1.43,11.15,24.16,39.29,17.46,25.51,17.83,63.9,1185.0,0.748,0.087,6,45.54,16.49,71.0,0.62
Jharkhand,Sahibganj,24.9101,87.7169,6.19,1.18,15.6,22.07,44.59,15.12,25.51,17.83,63.9,1185.0,0.748,0.087,6,45.54,16.49,137.0,5.1
Jharkhand,Sahibganj,25.0444,87.6313,6.32,1.46,18.97,23.59,44.7,17.45,25.51,17.83,63.9,1185.0,0.748,0.087,6,45.54,16.66,241.0,8.81
Jharkhand,Sahibganj,24.9272,87.5638,6.19,1.12,13.13,23.2,41.97,17.19,25.51,17.83,63.9,1185.0,0.748,0.087,6,45.54,16.49,92.0,6.33
Jharkhand,Sahibganj,25.0092,87.7379,6.27,1.27,14.18,25.33,37.26,17.25,25.51,17.83,63.9,1185.0,0.748,0.087,6,45.54,16.66,31.0,0.08
Jharkhand,Saraikela Kharsawan,22.7181,85.8872,6.42,1.45,12.7,37.94,30.15,22.31,25.08,18.83,64.27,1490.3,0.798,0.08,6,46.95,17.32,178.0,1.15
Jharkhand,Saraikela Kharsawan,22.8424,85.7276,6.36,1.76,17.64,37.7,34.33,25.56,24.85,18.12,63.45,1447.8,0.808,0.076,6,46.73,17.32,257.0,0.61
Jharkhand,Saraikela Kharsawan,22.6625,86.0047,6.38,1.39,11.78,37.4,29.45,20.92,25.3,18.62,66.95,1521.9,0.769,0.089,6,47.46,17.37,174.0,0.26
Jharkhand,Saraikela Kharsawan,23.022,85.9107,6.48,1.11,11.16,35.45,31.78,25.03,24.85,18.12,63.45,1447.8,0.808,0.076,6,46.73,17.1,190.0,0.62
Jharkhand,Saraikela Kharsawan,23.0583,85.9543,6.53,1.13,10.42,34.59,32.85,25.8,25.22,18.07,66.41,1476.1,0.787,0.079,6,47.6,17.1,200.0,0.58
Jharkhand,Simdega,22.4795,84.1064,6.58,1.35,12.1,39.73,21.99,34.29,25.02,18.29,61.77,1377.1,0.84,0.068,6,46.49,18.0,454.0,1.55
Jharkhand,Simdega,22.6718,84.4038,6.62,1.33,14.69,39.39,24.45,32.94,25.02,18.29,61.77,1377.1,0.84,0.068,6,46.49,18.0,410.0,4.11
Jharkhand,Simdega,22.6323,84.8714,6.56,1.07,11.95,38.7,29.8,33.72,25.08,18.74,62.39,1422.1,0.822,0.073,6,46.39,18.0,429.0,0.42
Jharkhand,Simdega,22.4653,84.8874,6.62,1.3,13.73,38.71,28.79,30.08,25.08,18.74,62.39,1422.1,0.822,0.073,6,46.39,18.0,242.0,1.34
Jharkhand,Simdega,22.5523,84.8852,6.33,1.69,20.74,37.28,29.44,32.87,25.08,18.74,62.39,1422.1,0.822,0.073,6,46.39,18.0,382.0,6.38
Kerala,Alappuzha,9.456,76.4442,5.6,2.58,44.67,36.83,31.09,20.43,27.83,28.01,77.54,2709.4,0.562,0.23,3,34.81,18.88,9.0,0.31
Kerala,Alappuzha,9.3071,76.396,5.33,3.07,71.49,34.5,29.31,20.4,27.83,28.01,77.54,2709.4,0.562,0.23,3,34.81,18.88,6.0,0.15
Kerala,Alappuzha,9.6601,76.3572,5.55,2.49,41.86,32.53,35.28,16.24,27.83,28.01,77.54,2709.4,0.562,0.23,3,34.81,18.88,10.0,0.29
Kerala,Alappuzha,9.1398,76.5336,5.62,2.36,32.83,33.72,33.45,17.39,27.76,27.7,78.76,2339.1,0.519,0.254,2,33.14,18.88,12.0,0.07
Kerala,Alappuzha,9.2477,76.6376,5.46,2.08,32.66,33.22,34.21,17.56,25.81,25.26,81.34,2053.2,0.482,0.292,2,39.04,18.88,4.0,0.98
Kerala,Ernakulam,9.9852,76.6157,5.3,2.02,23.22,30.27,39.14,13.66,22.91,22.06,82.34,2040.4,0.542,0.258,4,37.84,18.88,31.0,1.04
Kerala,Ernakulam,9.8254,76.5487,5.37,2.31,26.55,30.79,36.96,15.59,27.31,27.56,78.83,2652.2,0.594,0.215,3,37.58,18.88,11.0,2.45
Kerala,Ernakulam,10.1587,76.2328,5.61,2.79,36.43,34.89,36.61,17.68,27.31,27.56,78.83,2652.2,0.594,0.215,3,37.58,18.3,8.0,0.0
Kerala,Ernakulam,9.851,76.45,5.32,2.4,24.76,31.81,36.0,15.59,27.31,27.56,78.83,2652.2,0.594,0.215,3,37.58,18.88,52.0,1.91
Kerala,Ernakulam,10.2062,76.4703,5.4,2.17,25.45,34.5,42.3,14.67,27.31,27.56,78.83,2652.2,0.594,0.215,3,37.58,18.3,22.0,1.06
Kerala,Idukki,10.1401,76.9694,5.33,6.37,41.25,37.78,30.51,18.42,22.91,22.06,82.34,2040.4,0.542,0.258,4,37.84,18.3,1238.0,22.89
Kerala,Idukki,9.5952,77.1215,5.39,2.79,26.4,34.26,35.2,14.43,24.58,23.9,81.63,2230.2,0.521,0.266,3,39.0,18.93,908.0,5.47
Kerala,Idukki,9.8671,76.9303,5.17,3.14,32.95,36.78,34.06,14.24,22.91,22.06,82.34,2040.4,0.542,0.258,4,37.84,18.88,816.0,8.4
Kerala,Idukki,9.9392,77.1566,5.29,3.01,29.78,34.62,30.6,15.81,22.91,22.06,82.34,2040.4,0.542,0.258,4,37.84,18.93,1073.0,2.04
Kerala,Idukki,10.1872,77.0712,5.32,4.06,58.1,34.79,30.91,19.26,22.91,22.06,82.34,2040.4,0.542,0.258,4,37.84,19.42,2007.0,26.71
Kerala,Kannur,12.0294,75.5068,5.53,2.14,26.2,32.95,44.48,18.76,24.98,24.62,79.48,2889.5,0.752,0.133,4,37.81,18.14,28.0,2.14
Kerala,Kannur,12.0192,75.4258,5.65,2.34,38.36,35.0,40.39,21.49,24.98,24.62,79.48,2889.5,0.752,0.133,4,37.81,18.14,11.0,0.26
Kerala,Kannur,11.7274,75.5132,5.6,2.93,34.45,37.51,41.34,17.75,26.65,26.68,78.54,2604.5,0.709,0.154,4,36.67,18.82,10.0,0.92
Kerala,Kannur,11.9775,75.793,5.46,2.42,26.54,32.23,43.47,15.14,24.98,24.62,79.48,2889.5,0.752,0.133,4,37.81,18.82,85.0,0.9
Kerala,Kannur,11.7497,75.6049,5.56,2.65,27.42,33.68,47.22,20.17,26.65,26.68,78.54,2604.5,0.709,0.154,4,36.67,18.82,27.0,1.64
Kerala,Kasaragod,12.7071,74.9775,5.76,2.02,24.98,36.78,49.45,18.4,27.08,26.85,77.98,3521.1,0.795,0.113,4,36.03,19.05,111.0,6.07
Kerala,Kasaragod,12.5024,75.2353,5.51,2.66,27.18,33.52,46.73,17.01,27.08,26.85,77.98,3521.1,0.795,0.113,4,36.03,18.14,153.0,1.33
Kerala,Kasaragod,12.4631,75.1044,5.73,2.05,26.94,35.01,44.13,21.87,27.08,26.85,77.98,3521.1,0.795,0.113,4,36.03,18.14,126.0,2.53
Kerala,Kasaragod,12.7144,75.0301,5.73,2.01,27.17,34.79,48.41,21.33,27.08,26.85,77.98,3521.1,0.795,0.113,4,36.03,18.14,86.0,5.15
Kerala,Kasaragod,12.6134,75.1704,5.54,2.29,26.7,33.71,44.06,19.24,27.08,26.85,77.98,3521.1,0.795,0.113,4,36.03,18.14,105.0,3.71
Kerala,Kollam,9.0503,77.1206,5.27,4.08,35.25,35.55,35.86,16.66,25.81,25.26,81.34,2053.2,0.482,0.292,2,39.04,18.93,481.0,19.13
Kerala,Kollam,9.0475,77.0908,5.23,2.86,33.3,32.99,36.01,15.31,25.81,25.26,81.34,2053.2,0.482,0.292,2,39.04,18.93,520.0,17.99
Kerala,Kollam,9.0339,77.0141,5.28,3.88,28.47,37.06,36.2,16.58,25.81,25.26,81.34,2053.2,0.482,0.292,2,39.04,18.93,260.0,7.8
Kerala,Kollam,8.9552,77.0072,5.34,5.03,28.16,35.83,33.8,17.34,25.81,25.26,81.34,2053.2,0.482,0.292,2,39.04,18.93,79.0,6.76
Kerala,Kollam,9.0044,76.5392,5.47,2.98,39.56,35.97,33.07,20.16,27.76,27.7,78.76,2339.1,0.519,0.254,2,33.14,18.88,9.0,0.52
Kerala,Kottayam,9.7846,76.5316,5.39,2.41,30.97,33.71,36.71,14.2,27.31,27.56,78.83,2652.2,0.594,0.215,3,37.58,18.88,69.0,0.93
Kerala,Kottayam,9.6662,76.536,5.32,2.37,31.62,32.81,37.13,17.9,27.83,28.01,77.54,2709.4,0.562,0.23,3,34.81,18.88,20.0,0.96
Kerala,Kottayam,9.6824,76.7455,5.29,1.81,21.83,30.63,37.03,13.07,24.58,23.9,81.63,2230.2,0.521,0.266,3,39.0,18.88,33.0,2.44
Kerala,Kottayam,9.7913,76.6665,5.3,1.99,22.69,30.87,38.84,14.31,22.91,22.06,82.34,2040.4,0.542,0.258,4,37.84,18.88,33.0,0.94
Kerala,Kottayam,9.7491,76.463,5.49,2.91,37.56,36.07,28.47,16.89,27.83,28.01,77.54,2709.4,0.562,0.23,3,34.81,18.88,1.0,0.1
Kerala,Kozhikode,11.7526,75.7653,5.4,3.76,35.92,34.8,43.64,17.14,24.98,24.62,79.48,2889.5,0.752,0.133,4,37.81,18.82,279.0,12.03
Kerala,Kozhikode,11.1713,75.8714,5.53,3.44,27.46,32.27,50.91,13.13,27.62,27.7,78.23,2315.6,0.67,0.173,4,34.79,18.82,40.0,0.31
Kerala,Kozhikode,11.7634,75.7783,5.38,3.42,36.21,35.08,44.29,16.15,24.98,24.62,79.48,2889.5,0.752,0.133,4,37.81,18.82,277.0,8.22
Kerala,Kozhikode,11.4928,75.81,5.53,4.08,25.12,33.08,45.29,15.88,26.65,26.68,78.54,2604.5,0.709,0.154,4,36.67,18.82,46.0,1.83
Kerala,Kozhikode,11.7257,75.7182,5.5,3.39,26.41,32.14,45.08,15.42,26.65,26.68,78.54,2604.5,0.709,0.154,4,36.67,18.82,38.0,0.33
Kerala,Malappuram,11.0005,76.1434,5.43,1.91,22.85,31.42,43.05,13.29,25.27,25.01,78.79,1984.8,0.638,0.201,4,39.17,18.58,43.0,1.66
Kerala,Malappuram,11.0631,76.2387,5.44,2.35,26.31,31.66,42.55,13.87,25.27,25.01,78.79,1984.8,0.638,0.201,4,39.17,18.58,128.0,2.18
Kerala,Malappuram,11.09,76.1187,5.6,2.3,24.77,31.58,43.03,13.57,25.27,25.01,78.79,1984.8,0.638,0.201,4,39.17,18.58,45.0,3.2
Kerala,Malappuram,11.2986,76.1917,5.59,2.09,21.31,30.44,45.65,15.59,23.56,22.96,78.53,1852.7,0.663,0.185,4,38.78,18.58,42.0,2.1
Kerala,Malappuram,11.3503,76.1762,5.47,3.72,41.47,35.12,44.26,15.8,23.56,22.96,78.53,1852.7,0.663,0.185,4,38.78,18.58,400.0,14.96
Kerala,Palakkad,10.8158,76.6222,5.6,2.86,23.27,31.65,44.58,14.47,24.57,23.27,75.18,1142.8,0.51,0.295,4,41.13,18.3,75.0,0.82
Kerala,Palakkad,10.6331,76.7308,5.81,1.61,17.39,30.33,45.57,18.19,24.2,23.27,78.77,1558.3,0.537,0.27,4,40.09,18.3,121.0,0.5
Kerala,Palakkad,10.5652,76.4192,5.4,2.28,23.12,29.17,46.52,13.3,26.94,27.0,78.64,2275.5,0.617,0.208,4,39.78,18.3,106.0,1.75
Kerala,Palakkad,11.0103,76.5903,5.44,3.65,40.01,31.46,38.4,15.43,24.57,23.27,75.18,1142.8,0.51,0.295,4,41.13,18.58,883.0,19.79
Kerala,Palakkad,10.4433,76.5378,5.22,3.8,39.83,35.87,39.33,14.19,26.94,27.0,78.64,2275.5,0.617,0.208,4,39.78,18.3,682.0,17.07
Kerala,Pattanamtitta,9.2218,76.8959,5.25,2.05,22.84,34.21,36.56,13.67,25.81,25.26,81.34,2053.2,0.482,0.292,2,39.04,18.88,151.0,3.97
Kerala,Pattanamtitta,9.3362,77.1597,5.35,3.11,37.62,37.4,33.28,16.87,24.58,23.9,81.63,2230.2,0.521,0.266,3,39.0,18.93,996.0,6.43
Kerala,Pattanamtitta,9.087,77.1604,5.57,3.24,29.0,37.4,38.89,16.91,25.81,25.26,81.34,2053.2,0.482,0.292,2,39.04,18.93,154.0,8.52
Kerala,Pattanamtitta,9.1978,76.688,5.38,1.82,20.9,33.26,37.54,15.05,25.81,25.26,81.34,2053.2,0.482,0.292,2,39.04,18.88,28.0,0.59
Kerala,Pattanamtitta,9.2306,76.8006,5.2,1.78,19.39,32.93,35.55,13.12,25.81,25.26,81.34,2053.2,0.482,0.292,2,39.04,18.88,47.0,1.46
Kerala,Thiruvananthapuram,8.4181,77.0662,5.63,3.33,38.91,36.36,35.94,20.66,26.94,26.6,80.16,1796.7,0.449,0.32,2,36.77,18.93,37.0,1.27
Kerala,Thiruvananthapuram,8.6903,77.0993,5.46,2.61,26.34,35.81,36.57,17.1,26.94,26.6,80.16,1796.7,0.449,0.32,2,36.77,18.93,94.0,0.52
Kerala,Thiruvananthapuram,8.566,76.8676,5.46,2.11,32.47,33.62,35.9,21.52,26.94,26.6,80.16,1796.7,0.449,0.32,2,36.77,19.45,12.0,0.16
Kerala,Thiruvananthapuram,8.3936,77.018,5.52,3.26,42.46,37.75,35.27,20.36,26.94,26.6,80.16,1796.7,0.449,0.32,2,36.77,18.93,70.0,1.15
Kerala,Thiruvananthapuram,8.6985,77.0513,5.42,2.58,25.65,39.26,34.53,17.81,26.94,26.6,80.16,1796.7,0.449,0.32,2,36.77,18.93,93.0,1.04
Kerala,Thrissur,10.5851,76.0754,5.4,2.04,32.12,33.93,32.96,16.1,26.94,27.0,78.64,2275.5,0.617,0.208,4,39.78,18.3,14.0,0.21
Kerala,Thrissur,10.4014,76.4826,5.29,2.93,35.63,34.03,39.98,13.88,26.94,27.0,78.64,2275.5,0.617,0.208,4,39.78,18.3,263.0,8.85
Kerala,Thrissur,10.4383,76.2306,5.42,1.88,26.72,31.54,41.31,14.52,26.94,27.0,78.64,2275.5,0.617,0.208,4,39.78,18.3,23.0,0.38
Kerala,Thrissur,10.5369,76.1297,5.65,3.09,44.2,37.97,28.57,21.83,26.94,27.0,78.64,2275.5,0.617,0.208,4,39.78,18.3,1.0,0.05
Kerala,Thrissur,10.6903,76.2491,5.37,1.96,24.72,32.19,40.2,14.99,26.94,27.0,78.64,2275.5,0.617,0.208,4,39.78,18.3,104.0,4.25
Kerala,Wayanad,11.6709,76.0965,5.57,2.11,22.09,31.71,41.45,17.78,23.56,22.96,78.53,1852.7,0.663,0.185,4,38.78,18.58,749.0,2.24
Kerala,Wayanad,11.5949,76.1117,5.43,3.14,29.01,30.98,39.86,20.79,23.56,22.96,78.53,1852.7,0.663,0.185,4,38.78,18.58,1204.0,15.45
Kerala,Wayanad,11.6129,75.9835,5.39,5.8,49.76,32.76,39.49,19.67,23.56,22.96,78.53,1852.7,0.663,0.185,4,38.78,18.82,1136.0,11.43
Kerala,Wayanad,11.7365,76.1337,5.56,2.19,19.77,32.72,42.28,18.18,23.56,22.96,78.53,1852.7,0.663,0.185,4,38.78,18.58,764.0,2.8
Kerala,Wayanad,11.6559,76.2669,5.62,2.25,19.96,27.84,40.83,19.8,23.56,22.96,78.53,1852.7,0.663,0.185,4,38.78,18.58,874.0,0.61
Madhya Pradesh,Anuppur,23.0022,81.6236,6.21,1.81,18.95,40.43,19.91,38.75,24.16,17.62,57.04,1254.8,0.839,0.062,7,45.86,18.47,767.0,12.82
Madhya Pradesh,Anuppur,23.0853,81.921,7.38,1.03,8.22,44.84,16.27,42.46,24.16,17.62,57.04,1254.8,0.839,0.062,7,45.86,18.47,485.0,0.49
Madhya Pradesh,Anuppur,23.0347,81.6725,6.52,1.46,14.11,39.61,20.3,39.18,24.16,17.62,57.04,1254.8,0.839,0.062,7,45.86,18.47,613.0,3.75
Madhya Pradesh,Anuppur,23.3392,81.9365,6.81,1.25,10.03,43.99,18.82,41.11,24.44,17.6,55.84,1190.2,0.848,0.059,7,46.4,18.47,575.0,0.74
Madhya Pradesh,Anuppur,23.3277,82.1199,7.32,1.04,9.26,40.49,16.7,42.28,24.44,17.6,55.84,1190.2,0.848,0.059,7,46.4,18.07,574.0,0.5
Madhya Pradesh,Ashoknagar,24.6618,77.5017,7.24,0.86,7.06,31.32,34.79,37.14,25.07,17.74,50.53,976.5,0.915,0.036,8,47.35,18.94,466.0,0.85
Madhya Pradesh,Ashoknagar,24.9463,77.8183,7.15,0.93,7.28,31.89,36.13,38.21,25.62,17.66,49.8,853.6,0.897,0.044,8,47.44,18.94,466.0,0.23
Madhya Pradesh,Ashoknagar,24.4175,77.9937,7.24,0.82,7.7,28.23,33.23,31.84,25.53,17.97,50.9,1013.3,0.91,0.039,8,47.5,18.94,428.0,2.41
Madhya Pradesh,Ashoknagar,24.8373,77.5351,7.12,0.76,6.83,29.14,37.76,36.11,25.38,17.75,48.79,858.8,0.905,0.039,8,47.47,18.94,455.0,0.64
Madhya Pradesh,Ashoknagar,24.8377,77.8828,7.11,0.82,12.5,33.24,34.36,35.5,25.62,17.66,49.8,853.6,0.897,0.044,8,47.44,18.94,488.0,0.5
Madhya Pradesh,Balaghat,21.8397,80.3756,6.83,1.38,16.23,44.3,18.37,38.03,25.06,19.54,56.49,1328.1,0.866,0.05,7,46.45,18.45,609.0,1.87
Madhya Pradesh,Balaghat,21.9745,80.568,6.36,1.87,20.13,42.4,18.94,38.65,25.06,19.54,56.49,1328.1,0.866,0.05,7,46.45,18.45,687.0,3.45
Madhya Pradesh,Balaghat,21.7679,79.9365,7.44,0.94,7.56,45.2,13.59,39.4,25.6,19.98,55.57,1347.5,0.886,0.044,8,47.2,18.62,322.0,0.59
Madhya Pradesh,Balaghat,21.6213,80.6766,6.18,1.48,18.52,43.02,21.0,30.98,25.83,20.37,57.07,1318.3,0.873,0.051,7,47.28,18.45,361.0,1.05
Madhya Pradesh,Balaghat,21.9631,80.3296,6.17,1.54,18.06,43.93,19.24,32.98,25.06,19.54,56.49,1328.1,0.866,0.05,7,46.45,18.45,559.0,1.39
Madhya Pradesh,Barwani,21.7293,74.7494,7.38,0.89,7.54,38.96,32.06,34.89,26.72,22.17,52.66,789.9,0.9,0.066,8,47.71,19.05,327.0,1.21
Madhya Pradesh,Barwani,21.9053,75.0901,7.41,1.0,7.72,33.54,31.45,35.9,26.33,21.43,52.15,834.4,0.917,0.052,8,47.24,19.04,274.0,1.34
Madhya Pradesh,Barwani,21.8038,74.5761,7.04,1.49,17.23,46.78,25.65,42.96,26.02,21.48,53.74,930.7,0.933,0.044,8,46.55,19.05,714.0,13.01
Madhya Pradesh,Barwani,21.9253,74.9982,7.34,1.06,13.91,37.12,31.81,34.96,26.33,21.43,52.15,834.4,0.917,0.052,8,47.24,19.05,301.0,2.99
Madhya Pradesh,Barwani,21.761,75.1694,7.58,0.79,7.17,39.47,28.48,42.01,26.33,21.43,52.15,834.4,0.917,0.052,8,47.24,19.04,328.0,1.24
Madhya Pradesh,Betul,21.9178,77.5214,7.12,1.23,9.89,50.78,16.42,44.5,25.55,20.8,52.66,1189.7,0.903,0.046,8,46.39,18.67,566.0,2.72
Madhya Pradesh,Betul,21.7379,77.7498,7.03,1.09,10.71,46.05,16.78,48.1,25.41,20.87,53.34,1033.2,0.886,0.055,8,45.84,18.67,703.0,0.66
Madhya Pradesh,Betul,21.5655,77.8678,7.16,1.12,11.22,46.59,18.73,49.67,25.87,21.05,53.14,1081.5,0.889,0.051,8,46.31,18.67,647.0,2.85
Madhya Pradesh,Betul,22.1255,77.8204,6.79,1.23,12.7,49.76,19.45,45.32,24.92,19.98,54.06,1225.1,0.904,0.044,8,45.2,18.69,444.0,1.66
Madhya Pradesh,Betul,21.8211,77.6177,7.27,1.03,8.88,51.21,17.57,46.11,25.55,20.8,52.66,1189.7,0.903,0.046,8,46.39,18.67,498.0,0.89
Madhya Pradesh,Bhind,26.6471,78.894,8.45,1.11,9.62,25.43,42.74,17.19,26.65,17.09,45.4,680.7,0.86,0.049,8,49.39,18.17,149.0,0.0
Madhya Pradesh,Bhind,26.4475,78.6015,7.81,1.06,6.77,29.23,39.2,20.25,26.65,17.09,45.4,680.7,0.86,0.049,8,49.39,18.17,155.0,0.06
Madhya Pradesh,Bhind,26.5552,78.9268,8.39,1.04,8.39,27.26,41.98,16.15,26.65,17.09,45.4,680.7,0.86,0.049,8,49.39,18.17,147.0,0.05
Madhya Pradesh,Bhind,26.4691,78.7785,8.22,1.0,8.14,28.07,41.1,16.99,26.65,17.09,45.4,680.7,0.86,0.049,8,49.39,18.17,126.0,0.53
Madhya Pradesh,Bhind,26.4037,79.0553,8.1,1.14,11.06,27.48,42.13,14.75,26.65,17.09,45.4,680.7,0.86,0.049,8,49.39,18.14,127.0,0.98
Madhya Pradesh,Bhopal,23.6362,77.4643,7.5,0.72,6.5,37.89,29.88,43.37,25.28,18.62,52.6,1215.8,0.922,0.034,8,47.18,18.8,473.0,0.4
Madhya Pradesh,Bhopal,23.511,77.4278,7.46,0.76,7.2,38.15,27.87,42.0,25.28,18.62,52.6,1215.8,0.922,0.034,8,47.18,18.8,467.0,0.21
Madhya Pradesh,Bhopal,23.8116,77.3196,7.08,1.08,8.86,36.22,34.63,38.26,25.14,18.04,51.82,1101.7,0.919,0.035,8,47.65,18.8,512.0,2.55
Madhya Pradesh,Bhopal,23.68,77.2094,7.34,0.77,6.48,38.51,31.9,40.44,25.28,18.62,52.6,1215.8,0.922,0.034,8,47.18,18.8,450.0,0.21
Madhya Pradesh,Bhopal,23.4501,77.4542,7.39,0.83,7.66,38.79,27.27,41.05,25.28,18.62,52.6,1215.8,0.922,0.034,8,47.18,18.8,469.0,2.59
Madhya Pradesh,Burhanpur,21.3497,76.2133,7.22,0.96,6.83,38.14,33.38,39.12,26.4,21.55,52.87,962.2,0.897,0.06,8,47.64,18.97,266.0,0.61
Madhya Pradesh,Burhanpur,21.4455,76.2128,7.24,1.09,12.31,44.38,28.33,40.45,26.4,21.55,52.87,962.2,0.897,0.06,8,47.64,18.97,425.0,1.91
Madhya Pradesh,Burhanpur,21.4797,76.5078,7.33,0.86,7.15,39.5,28.11,38.18,26.4,21.55,52.87,962.2,0.897,0.06,8,47.64,18.97,280.0,0.9
Madhya Pradesh,Burhanpur,21.1962,76.292,7.29,1.0,7.31,43.59,28.04,41.86,26.87,22.4,52.28,888.8,0.878,0.072,8,47.86,18.97,276.0,0.33
Madhya Pradesh,Burhanpur,21.3952,76.1857,7.38,0.96,7.89,35.89,34.95,39.4,26.4,21.55,52.87,962.2,0.897,0.06,8,47.64,18.97,328.0,1.0
Madhya Pradesh,Chhatarpur,24.6937,79.956,6.85,1.0,8.47,33.11,34.33,22.99,25.45,17.52,53.71,1084.2,0.889,0.04,8,47.84,18.85,248.0,0.73
Madhya Pradesh,Chhatarpur,24.6098,79.263,7.36,0.78,6.78,27.81,31.2,25.81,25.46,17.56,53.35,1071.8,0.902,0.037,8,47.53,18.85,295.0,0.46
Madhya Pradesh,Chhatarpur,24.9616,79.8406,7.24,0.88,6.96,25.54,37.24,27.75,26.19,17.83,51.36,955.0,0.881,0.044,8,48.78,18.85,219.0,0.31
Madhya Pradesh,Chhatarpur,25.0068,79.6807,7.19,0.93,6.95,25.91,40.84,22.75,26.13,17.84,50.96,912.4,0.89,0.042,8,48.42,18.21,257.0,0.95
Madhya Pradesh,Chhatarpur,24.5021,79.7575,7.24,0.86,7.11,40.83,24.77,37.17,25.45,17.52,53.71,1084.2,0.889,0.04,8,47.84,18.85,415.0,0.88
Madhya Pradesh,Chhindwara,22.0663,78.4732,7.12,1.39,11.75,47.75,17.76,46.78,24.79,19.6,54.33,1215.8,0.898,0.045,8,45.7,18.63,774.0,1.17
Madhya Pradesh,Chhindwara,21.6038,78.642,7.29,1.07,11.34,48.42,19.13,46.52,26.1,20.95,53.85,1091.2,0.885,0.051,8,47.08,18.63,430.0,4.48
Madhya Pradesh,Chhindwara,21.514,78.8868,7.5,0.86,7.94,46.2,12.01,49.38,26.1,20.95,53.85,1091.2,0.885,0.051,8,47.08,18.63,331.0,0.37
Madhya Pradesh,Chhindwara,22.2914,78.9727,7.27,1.12,11.94,44.83,18.0,46.5,24.52,18.96,54.09,1322.6,0.913,0.038,8,45.64,18.63,728.0,0.91
Madhya Pradesh,Chhindwara,22.5562,78.8462,6.8,1.43,15.57,44.52,18.34,43.07,24.52,18.96,54.09,1322.6,0.913,0.038,8,45.64,18.63,734.0,4.42
Madhya Pradesh,Damoh,23.8447,79.7294,7.37,1.0,8.02,41.28,20.36,36.0,25.37,17.87,54.21,1183.0,0.897,0.037,8,47.95,18.64,349.0,1.92
Madhya Pradesh,Damoh,24.1655,79.3364,7.17,0.95,8.98,44.36,26.86,36.05,25.46,18.0,53.45,1195.5,0.91,0.033,8,47.7,18.85,476.0,0.8
Madhya Pradesh,Damoh,24.237,79.7654,7.64,0.9,6.61,34.13,19.54,42.01,25.37,17.87,54.21,1183.0,0.897,0.037,8,47.95,18.85,320.0,0.15
Madhya Pradesh,Damoh,23.4438,79.6884,7.09,1.08,7.87,48.69,17.78,39.07,25.37,18.36,54.35,1281.1,0.905,0.033,8,47.83,18.64,558.0,0.8
Madhya Pradesh,Damoh,23.3837,79.1894,7.3,0.81,7.1,45.15,18.2,38.39,25.41,18.31,54.05,1265.7,0.916,0.03,8,47.51,18.64,416.0,1.13
Madhya Pradesh,Datia,26.0097,78.7177,7.85,1.0,7.1,26.01,38.8,18.21,26.64,17.48,46.37,727.4,0.87,0.046,8,49.2,18.17,171.0,0.05
Madhya Pradesh,Datia,25.7202,78.3828,7.43,1.16,7.11,29.05,39.98,21.54,26.18,17.71,46.76,741.0,0.88,0.049,8,48.38,18.27,215.0,0.86
Madhya Pradesh,Datia,26.1334,78.7752,7.83,0.94,6.28,24.94,40.5,17.01,26.64,17.48,46.37,727.4,0.87,0.046,8,49.2,18.17,166.0,0.08
Madhya Pradesh,Datia,25.916,78.7632,7.81,1.01,7.09,27.0,38.07,18.98,26.64,17.48,46.37,727.4,0.87,0.046,8,49.2,18.27,173.0,0.29
Madhya Pradesh,Datia,25.6317,78.7845,7.79,0.95,6.87,26.89,41.52,22.82,26.5,17.76,47.64,771.4,0.883,0.044,8,48.87,18.27,195.0,0.05
Madhya Pradesh,Dewas,22.6638,76.9367,7.57,0.78,6.42,38.16,24.44,36.0,26.61,20.99,51.3,1173.7,0.918,0.042,8,48.88,18.87,308.0,0.33
Madhya Pradesh,Dewas,22.908,75.9959,7.46,0.72,6.6,47.22,14.97,47.82,25.37,19.4,51.14,1016.4,0.922,0.042,8,47.16,18.89,521.0,0.23
Madhya Pradesh,Dewas,22.8913,76.2653,7.61,0.67,6.81,45.36,18.08,43.35,25.37,19.4,51.14,1016.4,0.922,0.042,8,47.16,18.87,509.0,0.88
Madhya Pradesh,Dewas,22.4395,76.6873,7.37,0.76,6.04,35.23,26.0,37.11,26.61,20.99,51.3,1173.7,0.918,0.042,8,48.88,18.87,291.0,0.57
Madhya Pradesh,Dewas,22.7933,76.9354,7.48,0.78,6.64,41.3,21.33,33.51,25.64,19.51,51.47,1151.9,0.921,0.039,8,47.93,18.87,347.0,0.06
Madhya Pradesh,Dhar,22.4193,75.0739,7.37,0.86,7.08,40.98,24.48,38.25,26.17,21.09,51.35,881.7,0.926,0.045,8,47.39,18.89,325.0,1.33
Madhya Pradesh,Dhar,22.4386,75.3137,7.25,0.99,10.91,46.67,19.43,44.75,26.02,20.63,51.15,921.1,0.923,0.045,8,47.76,18.89,517.0,1.68
Madhya Pradesh,Dhar,22.7694,75.1598,7.66,0.76,7.15,46.89,17.9,47.75,25.5,20.13,51.1,894.9,0.93,0.04,8,47.1,18.89,530.0,0.42
Madhya Pradesh,Dhar,22.8545,74.9958,7.5,0.68,12.7,50.1,18.81,47.77,25.5,20.13,51.1,894.9,0.93,0.04,8,47.1,19.09,448.0,0.5
Madhya Pradesh,Dhar,22.5062,74.9132,7.25,0.85,7.65,43.37,24.33,38.58,26.17,21.09,51.35,881.7,0.926,0.045,8,47.39,19.09,391.0,2.04
Madhya Pradesh,Dindori,22.8047,81.294,7.22,1.27,11.11,39.83,20.84,40.6,23.61,17.19,57.53,1243.9,0.839,0.059,7,45.51,18.14,771.0,0.59
Madhya Pradesh,Dindori,23.022,80.9362,7.21,1.16,12.05,42.59,18.85,41.87,24.29,17.84,56.65,1310.2,0.874,0.045,8,46.29,18.48,713.0,1.19
Madhya Pradesh,Dindori,22.932,80.8177,6.58,1.31,13.5,40.5,18.84,39.84,24.29,17.84,56.65,1310.2,0.874,0.045,8,46.29,18.26,789.0,2.06
Madhya Pradesh,Dindori,23.0624,81.1804,6.53,1.51,15.21,42.88,19.09,37.95,23.61,17.19,57.53,1243.9,0.839,0.059,7,45.51,18.47,757.0,4.41
Madhya Pradesh,Dindori,22.8831,81.2326,7.18,1.17,10.3,38.12,20.19,40.66,23.61,17.19,57.53,1243.9,0.839,0.059,7,45.51,18.14,750.0,1.17
Madhya Pradesh,East Nimar,22.0974,76.2528,7.52,0.93,6.22,31.53,34.63,38.13,26.7,21.39,51.72,1020.1,0.912,0.051,8,48.38,18.87,220.0,0.67
Madhya Pradesh,East Nimar,22.1831,76.3093,7.48,0.93,6.87,32.24,33.43,36.45,26.7,21.39,51.72,1020.1,0.912,0.051,8,48.38,18.87,208.0,0.11
Madhya Pradesh,East Nimar,21.653,76.7183,7.12,0.9,7.78,43.75,29.48,37.41,26.15,21.63,52.93,1046.7,0.893,0.058,8,47.16,18.97,375.0,1.03
Madhya Pradesh,East Nimar,21.9626,76.6419,7.49,0.91,7.4,36.93,28.57,40.14,26.58,21.6,51.87,1143.4,0.908,0.049,8,48.0,18.97,260.0,0.83
Madhya Pradesh,East Nimar,22.2681,76.8064,7.18,0.89,7.18,39.71,25.87,35.78,26.61,20.99,51.3,1173.7,0.918,0.042,8,48.88,18.87,295.0,1.52
Madhya Pradesh,Guna,24.344,76.935,7.22,0.98,7.47,30.33,35.42,33.72,25.82,18.54,49.0,913.5,0.916,0.037,8,48.19,19.08,450.0,3.13
Madhya Pradesh,Guna,24.7897,77.5191,7.21,0.83,6.31,29.66,36.88,37.63,25.38,17.75,48.79,858.8,0.905,0.039,8,47.47,18.94,461.0,0.52
Madhya Pradesh,Guna,23.9177,77.2409,7.34,0.77,6.22,35.53,31.36,38.95,25.14,18.04,51.82,1101.7,0.919,0.035,8,47.65,18.8,444.0,0.6
Madhya Pradesh,Guna,24.3455,77.1604,7.45,0.84,6.31,32.27,33.79,31.81,25.82,18.54,49.0,913.5,0.916,0.037,8,48.19,18.94,419.0,0.11
Madhya Pradesh,Guna,24.6058,77.321,7.35,0.84,6.49,32.86,35.85,35.5,25.07,17.74,50.53,976.5,0.915,0.036,8,47.35,18.94,463.0,0.38
Madhya Pradesh,Gwalior,26.243,78.4077,7.68,0.93,6.08,30.43,39.07,24.51,26.31,17.36,45.76,711.4,0.868,0.049,8,48.47,18.17,179.0,0.23
Madhya Pradesh,Gwalior,25.9524,78.2222,7.49,0.86,7.3,33.74,37.56,22.67,26.31,17.36,45.76,711.4,0.868,0.049,8,48.47,18.27,236.0,0.29
Madhya Pradesh,Gwalior,25.8301,77.952,7.35,0.99,6.94,24.5,43.61,22.59,26.31,17.36,45.76,711.4,0.868,0.049,8,48.47,18.99,266.0,0.38
Madhya Pradesh,Gwalior,26.115,77.9878,7.24,0.79,6.5,31.9,44.63,21.64,26.31,17.36,45.76,711.4,0.868,0.049,8,48.47,18.99,321.0,0.85
Madhya Pradesh,Gwalior,26.1103,78.511,7.52,0.9,5.74,30.4,40.41,23.53,26.64,17.48,46.37,727.4,0.87,0.046,8,49.2,18.17,270.0,0.46
Madhya Pradesh,Harda,22.0427,77.048,7.16,1.02,9.9,44.97,23.71,36.73,26.58,21.6,51.87,1143.4,0.908,0.049,8,48.0,18.69,361.0,1.45
Madhya Pradesh,Harda,22.0976,77.0095,7.42,0.9,7.71,39.9,27.64,37.1,26.58,21.6,51.87,1143.4,0.908,0.049,8,48.0,18.69,306.0,0.26
Madhya Pradesh,Harda,22.0055,77.3387,6.89,1.32,14.35,48.25,18.22,44.42,25.55,20.8,52.66,1189.7,0.903,0.046,8,46.39,18.69,561.0,3.02
Madhya Pradesh,Harda,22.0417,77.1292,7.02,1.05,11.35,43.76,22.63,38.81,26.58,21.6,51.87,1143.4,0.908,0.049,8,48.0,18.69,409.0,2.22
Madhya Pradesh,Harda,22.0402,77.291,6.26,1.52,18.95,49.55,18.41,43.72,25.55,20.8,52.66,1189.7,0.903,0.046,8,46.39,18.69,517.0,4.31
Madhya Pradesh,Hoshangabad,22.9262,78.5449,7.45,0.86,6.87,43.17,16.42,38.01,26.04,19.76,52.4,1307.9,0.92,0.033,8,48.14,18.63,323.0,0.42
Madhya Pradesh,Hoshangabad,22.6722,77.9092,7.43,0.92,20.14,46.79,23.25,35.67,25.83,20.38,53.21,1339.2,0.917,0.037,8,46.48,18.69,306.0,0.26
Madhya Pradesh,Hoshangabad,22.4532,78.1274,6.41,1.1,13.33,44.52,20.83,32.3,25.83,20.38,53.21,1339.2,0.917,0.037,8,46.48,18.63,395.0,0.74
Madhya Pradesh,Hoshangabad,22.6623,78.0688,7.23,0.95,8.15,40.19,22.11,31.74,25.83,20.38,53.21,1339.2,0.917,0.037,8,46.48,18.63,341.0,0.53
Madhya Pradesh,Hoshangabad,22.4067,77.5118,7.18,1.04,9.12,40.8,21.81,35.48,26.23,20.74,51.69,1298.8,0.917,0.038,8,47.69,18.69,325.0,0.38
Madhya Pradesh,Indore,22.8163,75.4569,7.39,0.68,8.29,44.88,19.33,48.46,25.24,19.52,51.05,927.1,0.927,0.041,8,46.9,18.89,515.0,0.38
Madhya Pradesh,Indore,22.6088,75.9822,7.58,0.68,6.6,50.98,13.86,50.04,26.37,20.73,51.01,1032.8,0.92,0.045,8,48.28,18.89,553.0,0.64
Madhya Pradesh,Indore,22.5211,75.799,7.51,0.66,7.04,51.51,13.03,49.75,26.02,20.63,51.15,921.1,0.923,0.045,8,47.76,18.89,577.0,0.15
Madhya Pradesh,Indore,22.6013,75.7183,7.41,0.66,6.57,54.74,11.29,48.07,26.02,20.63,51.15,921.1,0.923,0.045,8,47.76,18.89,570.0,0.67
Madhya Pradesh,Indore,22.7403,75.7423,7.32,0.65,7.06,51.63,11.87,46.05,26.02,20.63,51.15,921.1,0.923,0.045,8,47.76,18.89,541.0,0.42
Madhya Pradesh,Jabalpur,23.3342,79.8507,7.49,0.89,8.15,45.52,14.99,41.87,25.37,18.36,54.35,1281.1,0.905,0.033,8,47.83,18.64,374.0,0.0
Madhya Pradesh,Jabalpur,23.1338,80.2721,7.31,0.91,9.01,42.15,16.58,44.44,25.21,18.71,54.97,1339.8,0.905,0.033,8,47.36,18.48,455.0,0.34
Madhya Pradesh,Jabalpur,23.1018,80.1024,7.4,0.93,8.49,42.72,14.05,43.24,25.21,18.71,54.97,1339.8,0.905,0.033,8,47.36,18.48,423.0,0.25
Madhya Pradesh,Jabalpur,23.1711,80.2269,7.18,1.01,15.98,39.85,19.43,44.59,25.21,18.71,54.97,1339.8,0.905,0.033,8,47.36,18.48,485.0,0.89
Madhya Pradesh,Jabalpur,23.2775,80.0649,6.86,1.17,19.25,41.29,16.35,42.09,25.37,18.36,54.35,1281.1,0.905,0.033,8,47.83,18.48,415.0,1.23
Madhya Pradesh,Jhabua,22.9315,74.5782,7.48,0.84,6.27,35.53,28.61,38.51,26.12,20.84,51.08,882.6,0.939,0.035,8,47.58,19.09,328.0,0.51
Madhya Pradesh,Jhabua,22.7844,74.5155,7.39,0.88,7.81,35.34,29.99,36.43,26.12,20.84,51.08,882.6,0.939,0.035,8,47.58,19.09,288.0,0.4
Madhya Pradesh,Jhabua,23.0599,74.681,7.29,0.89,7.76,41.07,24.78,37.23,26.12,20.84,51.08,882.6,0.939,0.035,8,47.58,19.26,391.0,2.22
Madhya Pradesh,Jhabua,22.7803,74.8869,7.47,0.65,7.12,49.04,19.99,44.19,25.5,20.13,51.1,894.9,0.93,0.04,8,47.1,19.09,500.0,0.62
Madhya Pradesh,Jhabua,22.3832,74.5023,7.48,0.89,6.6,36.31,33.27,33.98,26.31,21.45,52.1,925.2,0.938,0.038,8,47.21,19.09,283.0,0.51
Madhya Pradesh,Katni,23.9378,80.7259,7.48,0.96,7.83,33.67,24.28,38.59,25.3,17.78,54.69,1149.1,0.879,0.044,8,47.75,18.48,351.0,0.29
Madhya Pradesh,Katni,23.7712,79.8336,6.89,1.39,12.95,41.13,24.03,38.17,25.37,17.87,54.21,1183.0,0.897,0.037,8,47.95,18.64,528.0,2.34
Madhya Pradesh,Katni,23.4359,80.1167,7.44,0.96,8.25,41.52,15.58,41.29,25.37,18.36,54.35,1281.1,0.905,0.033,8,47.83,18.48,378.0,0.18
Madhya Pradesh,Katni,23.7486,80.2879,7.37,0.96,7.78,41.52,21.77,38.83,25.37,18.36,54.35,1281.1,0.905,0.033,8,47.83,18.48,404.0,0.4
Madhya Pradesh,Katni,23.8393,80.8233,6.53,1.21,10.17,33.96,23.46,39.26,25.3,17.78,54.69,1149.1,0.879,0.044,8,47.75,18.48,413.0,0.34
Madhya Pradesh,Mandla,23.0733,80.4516,7.15,1.03,10.4,42.85,18.96,42.98,24.29,17.84,56.65,1310.2,0.874,0.045,8,46.29,18.48,639.0,0.51
Madhya Pradesh,Mandla,22.6982,80.2833,6.91,1.22,13.86,41.72,14.63,45.53,25.21,19.12,55.43,1353.1,0.896,0.038,8,47.12,18.26,478.0,3.29
Madhya Pradesh,Mandla,22.8411,80.8431,7.2,1.26,13.32,41.47,17.81,42.79,24.29,17.84,56.65,1310.2,0.874,0.045,8,46.29,18.26,691.0,4.23
Madhya Pradesh,Mandla,22.8053,80.4139,6.44,1.31,16.21,41.49,15.58,42.73,24.29,17.84,56.65,1310.2,0.874,0.045,8,46.29,18.26,587.0,3.9
Madhya Pradesh,Mandla,22.3395,80.5747,6.18,1.55,22.63,46.19,17.92,38.26,24.64,18.84,56.06,1338.2,0.868,0.048,8,46.36,18.26,594.0,2.79
Madhya Pradesh,Mandsaur,24.0274,75.4324,7.49,0.72,7.4,41.0,27.37,47.57,25.49,18.64,49.5,836.1,0.929,0.033,8,47.69,19.22,451.0,0.36
Madhya Pradesh,Mandsaur,24.7234,75.7619,7.19,0.89,6.66,31.53,39.97,27.08,25.7,18.22,48.78,802.0,0.928,0.03,8,47.07,19.22,480.0,0.7
Madhya Pradesh,Mandsaur,24.1986,75.5351,7.33,0.83,5.65,36.84,31.52,36.46,25.49,18.64,49.5,836.1,0.929,0.033,8,47.69,19.22,462.0,0.66
Madhya Pradesh,Mandsaur,24.3253,75.6677,7.3,0.88,7.14,31.93,33.23,32.97,25.7,18.22,48.78,802.0,0.928,0.03,8,47.07,19.22,414.0,0.27
Madhya Pradesh,Mandsaur,24.2407,75.3244,7.47,0.93,7.79,34.92,27.97,39.17,25.49,18.64,49.5,836.1,0.929,0.033,8,47.69,19.22,416.0,0.34
Madhya Pradesh,Morena,26.1772,77.1562,7.35,0.88,6.76,26.08,49.39,20.46,26.32,17.54,44.47,668.7,0.885,0.041,8,48.56,18.99,199.0,0.8
Madhya Pradesh,Morena,26.7098,78.2925,8.16,0.99,7.41,27.57,39.66,17.09,26.58,17.09,44.74,675.8,0.86,0.05,8,49.28,18.17,163.0,0.05
Madhya Pradesh,Morena,26.7404,78.2986,8.19,1.0,7.72,26.29,39.35,18.12,26.58,17.09,44.74,675.8,0.86,0.05,8,49.28,18.17,161.0,0.0
Madhya Pradesh,Morena,26.3545,78.0974,7.73,0.84,6.42,24.84,43.12,22.61,26.58,17.09,44.74,675.8,0.86,0.05,8,49.28,18.17,189.0,0.21
Madhya Pradesh,Morena,26.8062,78.3461,8.13,0.94,7.43,26.1,42.27,16.75,26.54,16.71,44.09,626.3,0.849,0.05,8,49.01,18.17,153.0,0.38
Madhya Pradesh,Narsinghpur,22.865,79.132,7.41,0.74,6.98,39.83,14.58,38.16,25.67,19.19,53.73,1292.7,0.914,0.031,8,47.68,18.55,360.0,0.33
Madhya Pradesh,Narsinghpur,23.1665,78.852,7.47,0.92,7.23,46.12,21.53,36.41,26.04,19.76,52.4,1307.9,0.92,0.033,8,48.14,18.55,357.0,1.18
Madhya Pradesh,Narsinghpur,23.0242,78.6085,7.53,0.87,11.68,45.65,19.58,40.08,26.04,19.76,52.4,1307.9,0.92,0.033,8,48.14,18.55,320.0,0.89
Madhya Pradesh,Narsinghpur,22.9582,79.3242,7.48,0.83,6.94,39.92,15.9,37.04,25.67,19.19,53.73,1292.7,0.914,0.031,8,47.68,18.55,368.0,0.15
Madhya Pradesh,Narsinghpur,23.1166,79.3366,7.19,1.06,11.07,42.69,16.58,37.59,25.67,19.19,53.73,1292.7,0.914,0.031,8,47.68,18.64,365.0,4.98
Madhya Pradesh,Neemuch,24.5018,75.1534,7.48,0.8,7.59,31.91,29.28,31.81,25.38,18.11,48.31,778.2,0.931,0.03,8,47.1,19.22,447.0,0.35
Madhya Pradesh,Neemuch,24.5477,75.1901,7.2,1.19,8.52,34.08,31.05,30.37,25.38,18.11,48.31,778.2,0.931,0.03,8,47.1,19.22,554.0,1.31
Madhya Pradesh,Neemuch,24.4439,74.8519,7.45,0.81,7.09,35.72,26.7,35.39,25.38,18.11,48.31,778.2,0.931,0.03,8,47.1,19.44,484.0,0.1
Madhya Pradesh,Neemuch,24.5865,75.3914,7.11,1.08,7.44,35.81,35.78,30.07,25.7,18.22,48.78,802.0,0.928,0.03,8,47.07,19.22,521.0,1.83
Madhya Pradesh,Neemuch,24.912,75.2292,7.41,1.0,6.69,33.43,34.05,24.75,25.46,17.49,45.94,721.4,0.926,0.028,8,47.06,19.22,400.0,0.8
Madhya Pradesh,Panna,24.2176,80.2528,7.23,0.99,8.52,39.19,27.88,36.56,25.37,17.87,54.21,1183.0,0.897,0.037,8,47.95,18.62,421.0,0.65
Madhya Pradesh,Panna,24.0323,79.8425,7.08,0.96,8.21,38.25,25.33,37.05,25.37,17.87,54.21,1183.0,0.897,0.037,8,47.95,18.85,457.0,1.41
Madhya Pradesh,Panna,24.4698,80.3107,7.61,0.9,6.59,40.19,16.36,43.83,25.45,17.52,53.71,1084.2,0.889,0.04,8,47.84,18.62,346.0,0.19
Madhya Pradesh,Panna,24.1826,80.6147,6.97,1.2,13.19,39.63,23.03,38.06,25.3,17.78,54.69,1149.1,0.879,0.044,8,47.75,18.62,522.0,4.79
Madhya Pradesh,Panna,24.7093,80.0401,6.62,1.28,14.99,35.24,29.18,28.13,25.45,17.52,53.71,1084.2,0.889,0.04,8,47.84,18.62,261.0,5.8
Madhya Pradesh,Raisen,23.062,78.7147,7.55,0.85,7.2,42.02,18.56,37.44,26.04,19.76,52.4,1307.9,0.92,0.033,8,48.14,18.55,329.0,0.67
Madhya Pradesh,Raisen,23.2805,78.0407,7.38,0.88,8.35,43.76,23.55,39.77,25.3,18.51,52.83,1254.4,0.921,0.034,8,47.19,18.55,447.0,0.59
Madhya Pradesh,Raisen,23.5127,78.2586,7.44,0.82,7.62,43.16,19.76,40.54,25.3,18.51,52.83,1254.4,0.921,0.034,8,47.19,18.55,522.0,0.08
Madhya Pradesh,Raisen,23.2493,77.622,7.19,1.04,8.78,39.76,24.04,38.06,25.74,19.5,52.12,1284.9,0.922,0.034,8,47.71,18.8,487.0,1.33
Madhya Pradesh,Raisen,23.1452,78.7561,7.56,0.92,8.06,43.12,20.51,37.44,26.04,19.76,52.4,1307.9,0.92,0.033,8,48.14,18.55,341.0,0.47
Madhya Pradesh,Rajgarh,23.6845,77.0693,7.36,0.87,7.22,39.25,31.94,40.6,25.49,18.97,51.13,1078.2,0.919,0.038,8,47.83,18.8,472.0,0.3
Madhya Pradesh,Rajgarh,23.5276,76.9036,7.42,0.76,6.83,39.03,27.17,39.97,25.49,18.97,51.13,1078.2,0.919,0.038,8,47.83,18.87,472.0,0.08
Madhya Pradesh,Rajgarh,24.1556,76.6278,7.4,0.86,6.95,33.8,34.51,33.83,25.67,18.76,50.09,984.5,0.918,0.037,8,48.22,19.08,393.0,0.82
Madhya Pradesh,Rajgarh,23.955,76.7027,7.55,0.85,7.24,36.94,31.05,38.83,25.67,18.76,50.09,984.5,0.918,0.037,8,48.22,18.87,412.0,0.84
Madhya Pradesh,Rajgarh,23.8046,76.9253,7.51,0.81,6.59,37.2,28.19,41.71,25.67,18.76,50.09,984.5,0.918,0.037,8,48.22,18.87,427.0,0.68
Madhya Pradesh,Ratlam,23.3713,75.1539,7.29,0.7,6.67,45.41,18.92,43.36,25.51,19.6,50.15,867.2,0.932,0.036,8,47.48,19.0,478.0,0.05
Madhya Pradesh,Ratlam,23.6239,75.3361,7.55,0.79,7.16,40.69,24.06,43.88,25.35,19.08,50.25,887.5,0.927,0.038,8,47.42,19.0,455.0,0.28
Madhya Pradesh,Ratlam,23.4323,75.1579,7.47,0.71,7.89,44.67,19.35,42.71,25.51,19.6,50.15,867.2,0.932,0.036,8,47.48,19.0,467.0,0.54
Madhya Pradesh,Ratlam,23.1159,75.0683,7.44,0.66,6.63,46.65,18.81,44.68,25.5,20.13,51.1,894.9,0.93,0.04,8,47.1,19.0,441.0,0.31
Madhya Pradesh,Ratlam,23.5602,75.1855,7.59,0.71,7.53,43.29,20.64,45.45,25.51,19.6,50.15,867.2,0.932,0.036,8,47.48,19.0,465.0,0.36
Madhya Pradesh,Rewa,24.9637,81.8684,7.49,0.96,6.71,30.11,33.99,20.93,26.31,17.82,52.43,913.6,0.87,0.052,8,48.59,18.6,109.0,0.17
Madhya Pradesh,Rewa,24.8985,81.5305,7.14,1.21,13.33,33.22,30.21,23.51,26.18,17.75,51.9,903.1,0.869,0.051,8,48.54,18.6,219.0,10.63
Madhya Pradesh,Rewa,24.9661,81.6447,7.27,0.93,7.61,30.56,31.8,18.57,26.31,17.82,52.43,913.6,0.87,0.052,8,48.59,18.6,106.0,0.43
Madhya Pradesh,Rewa,25.0144,81.3742,7.25,1.02,7.32,30.25,31.61,20.44,26.18,17.75,51.9,903.1,0.869,0.051,8,48.54,17.64,131.0,0.28
Madhya Pradesh,Rewa,24.6979,81.3698,7.32,0.8,7.03,37.97,24.25,37.34,25.67,17.69,53.42,986.2,0.869,0.05,8,47.97,18.6,305.0,0.38
Madhya Pradesh,Sagar,24.1535,79.0457,7.19,0.94,8.05,38.94,22.96,37.07,25.2,17.98,52.63,1153.2,0.918,0.034,8,47.21,18.85,503.0,0.84
Madhya Pradesh,Sagar,24.2453,78.2472,7.26,0.71,6.33,35.22,22.54,38.86,25.51,18.37,51.66,1145.7,0.917,0.036,8,47.47,18.78,418.0,0.23
Madhya Pradesh,Sagar,24.3464,78.3015,7.36,0.73,6.85,32.29,24.78,35.65,25.53,17.97,50.9,1013.3,0.91,0.039,8,47.5,18.78,404.0,0.35
Madhya Pradesh,Sagar,23.5871,78.8019,7.4,0.87,7.66,46.14,23.32,40.85,25.14,18.19,53.62,1250.0,0.921,0.032,8,47.28,18.55,497.0,0.8
Madhya Pradesh,Sagar,23.976,78.5965,7.41,0.86,6.86,38.83,20.41,38.38,25.2,17.98,52.63,1153.2,0.918,0.034,8,47.21,18.55,492.0,1.12
Madhya Pradesh,Satna,24.1082,80.8421,7.5,0.98,7.05,38.35,22.25,36.17,25.3,17.78,54.69,1149.1,0.879,0.044,8,47.75,18.62,370.0,0.31
Madhya Pradesh,Satna,24.4725,80.8658,7.43,0.81,6.22,39.54,20.29,34.89,25.45,17.5,53.82,1064.8,0.877,0.045,8,47.86,18.62,304.0,0.27
Madhya Pradesh,Satna,24.7155,80.8047,7.56,0.84,6.35,29.91,21.21,40.07,25.45,17.5,53.82,1064.8,0.877,0.045,8,47.86,18.62,313.0,0.38
Madhya Pradesh,Satna,24.9549,80.56,7.18,1.05,7.86,25.08,38.45,18.88,26.0,17.61,52.09,960.2,0.873,0.048,8,48.48,18.62,189.0,0.4
Madhya Pradesh,Satna,24.5704,80.5759,7.56,0.82,6.37,41.95,15.72,36.5,25.45,17.5,53.82,1064.8,0.877,0.045,8,47.86,18.62,333.0,0.26
Madhya Pradesh,Sehore,23.1088,76.7229,7.6,0.71,6.94,42.91,22.95,40.8,25.64,19.51,51.47,1151.9,0.921,0.039,8,47.93,18.87,489.0,0.31
Madhya Pradesh,Sehore,23.2416,77.1341,7.39,0.83,7.98,41.27,18.66,42.19,25.64,19.51,51.47,1151.9,0.921,0.039,8,47.93,18.8,511.0,0.84
Madhya Pradesh,Sehore,22.9629,76.9281,7.5,0.8,7.26,44.55,18.12,43.1,25.64,19.51,51.47,1151.9,0.921,0.039,8,47.93,18.87,518.0,0.6
Madhya Pradesh,Sehore,23.5344,77.2639,7.47,0.79,6.67,38.96,28.23,39.88,25.28,18.62,52.6,1215.8,0.922,0.034,8,47.18,18.8,471.0,0.08
Madhya Pradesh,Sehore,22.9795,76.8833,7.43,0.92,6.59,42.07,20.83,42.46,25.64,19.51,51.47,1151.9,0.921,0.039,8,47.93,18.87,522.0,0.53
Madhya Pradesh,Seoni,22.6854,79.9814,7.22,1.07,11.36,40.43,16.08,45.4,25.21,19.12,55.43,1353.1,0.896,0.038,8,47.12,18.55,534.0,1.39
Madhya Pradesh,Seoni,22.2657,79.4374,7.36,0.86,9.78,39.53,16.97,46.81,24.66,18.67,55.08,1302.5,0.906,0.037,8,45.9,18.55,592.0,0.67
Madhya Pradesh,Seoni,22.1079,79.3964,7.53,0.89,9.27,39.68,17.32,48.11,25.17,19.58,55.11,1263.9,0.893,0.045,8,46.34,18.55,592.0,0.35
Madhya Pradesh,Seoni,22.734,79.5472,7.07,1.3,14.37,39.62,15.43,43.12,24.66,18.67,55.08,1302.5,0.906,0.037,8,45.9,18.55,549.0,6.59
Madhya Pradesh,Seoni,22.679,80.2103,6.6,1.35,15.79,43.55,16.25,45.42,25.21,19.12,55.43,1353.1,0.896,0.038,8,47.12,18.26,595.0,4.46
Madhya Pradesh,Shahdol,23.7585,81.3579,7.29,0.85,7.26,43.67,17.14,42.17,25.37,17.86,54.9,1084.1,0.862,0.052,8,47.56,18.47,430.0,0.18
Madhya Pradesh,Shahdol,22.9158,81.413,6.8,1.65,16.47,41.29,21.07,35.6,23.61,17.19,57.53,1243.9,0.839,0.059,7,45.51,18.14,973.0,1.33
Madhya Pradesh,Shahdol,22.9452,81.6553,7.2,1.3,12.24,39.39,21.79,39.0,24.16,17.62,57.04,1254.8,0.839,0.062,7,45.86,18.14,891.0,3.2
Madhya Pradesh,Shahdol,23.9065,81.4042,7.29,0.9,7.47,41.29,17.16,40.71,25.37,17.86,54.9,1084.1,0.862,0.052,8,47.56,18.47,412.0,0.42
Madhya Pradesh,Shahdol,23.5684,81.2729,7.21,1.08,9.34,39.4,21.29,40.65,25.01,18.12,55.44,1176.9,0.85,0.055,7,47.04,18.47,370.0,0.96
Madhya Pradesh,Shajapur,23.2445,76.1231,7.52,0.72,7.76,47.63,19.21,46.21,25.37,19.4,51.14,1016.4,0.922,0.042,8,47.16,18.87,509.0,0.31
Madhya Pradesh,Shajapur,23.6638,76.2208,7.44,0.74,6.77,36.12,26.98,45.35,25.56,19.11,50.28,959.2,0.92,0.04,8,47.65,18.87,406.0,0.1
Madhya Pradesh,Shajapur,23.7851,76.1362,7.48,0.97,7.58,36.81,30.02,43.29,25.75,18.77,49.37,893.2,0.92,0.037,8,48.01,18.87,422.0,1.52
Madhya Pradesh,Shajapur,23.4398,76.8982,7.48,0.96,8.06,39.78,25.72,42.65,25.49,18.97,51.13,1078.2,0.919,0.038,8,47.83,18.87,486.0,0.42
Madhya Pradesh,Shajapur,23.9181,76.2666,7.3,0.75,5.7,33.17,29.47,37.39,25.75,18.77,49.37,893.2,0.92,0.037,8,48.01,18.87,387.0,0.12
Madhya Pradesh,Sheopur,25.8901,76.7214,7.48,1.02,6.54,26.71,45.47,20.77,26.32,17.54,44.47,668.7,0.885,0.041,8,48.56,19.1,206.0,0.73
Madhya Pradesh,Sheopur,25.4448,76.6905,7.46,1.01,7.21,28.33,41.46,24.1,25.95,17.73,46.58,732.2,0.899,0.04,8,48.03,19.1,242.0,0.31
Madhya Pradesh,Sheopur,25.9689,77.0964,7.3,1.03,9.74,24.45,49.51,18.81,26.32,17.54,44.47,668.7,0.885,0.041,8,48.56,18.99,222.0,3.53
Madhya Pradesh,Sheopur,25.8438,76.8021,7.37,0.87,6.34,25.88,46.81,20.2,26.32,17.54,44.47,668.7,0.885,0.041,8,48.56,19.1,229.0,0.32
Madhya Pradesh,Sheopur,26.0878,77.1344,7.28,0.92,6.87,25.07,50.44,20.24,26.32,17.54,44.47,668.7,0.885,0.041,8,48.56,18.99,251.0,1.72
Madhya Pradesh,Shivpuri,25.6187,77.5361,7.21,0.83,6.75,30.47,38.27,32.51,25.47,17.43,47.64,758.7,0.889,0.043,8,47.61,18.99,426.0,0.58
Madhya Pradesh,Shivpuri,25.5758,78.1333,7.42,0.96,6.0,30.43,36.06,22.15,26.18,17.71,46.76,741.0,0.88,0.049,8,48.38,18.27,267.0,0.34
Madhya Pradesh,Shivpuri,25.5143,77.8719,7.21,1.02,22.19,29.97,36.5,23.95,26.18,17.71,46.76,741.0,0.88,0.049,8,48.38,18.99,332.0,0.0
Madhya Pradesh,Shivpuri,25.2073,78.072,7.37,0.98,7.61,26.25,37.8,25.83,25.62,17.66,49.8,853.6,0.897,0.044,8,47.44,18.27,399.0,0.11
Madhya Pradesh,Shivpuri,25.2698,77.504,7.28,0.92,7.29,32.12,36.9,31.81,25.47,17.43,47.64,758.7,0.889,0.043,8,47.61,18.99,464.0,0.12
Madhya Pradesh,Sidhi,24.1021,82.2005,7.34,0.93,8.22,37.04,20.33,43.04,25.32,18.07,54.41,1051.2,0.854,0.057,8,46.76,18.35,430.0,0.3
Madhya Pradesh,Sidhi,24.1747,82.5408,7.19,0.95,9.25,33.31,19.51,39.05,25.32,18.07,54.41,1051.2,0.854,0.057,8,46.76,18.35,372.0,1.91
Madhya Pradesh,Sidhi,23.9333,82.1736,6.46,1.26,12.0,39.13,20.51,40.37,25.11,17.83,54.52,1101.2,0.861,0.055,8,47.11,18.07,444.0,1.03
Madhya Pradesh,Sidhi,24.1237,81.9439,7.31,0.82,7.41,42.01,22.77,36.74,25.11,17.83,54.52,1101.2,0.861,0.055,8,47.11,18.6,347.0,0.41
Madhya Pradesh,Sidhi,24.0114,81.5075,7.33,0.93,8.25,41.67,19.68,37.75,25.37,17.86,54.9,1084.1,0.862,0.052,8,47.56,18.6,347.0,0.58
Madhya Pradesh,Tikamgarh,25.3366,78.7921,7.41,1.11,7.77,24.96,41.43,23.37,26.5,17.76,47.64,771.4,0.883,0.044,8,48.87,18.27,234.0,0.45
Madhya Pradesh,Tikamgarh,24.9562,78.8786,7.48,0.88,6.58,30.39,31.27,26.88,25.99,17.8,50.36,877.6,0.901,0.04,8,47.96,18.78,346.0,0.3
Madhya Pradesh,Tikamgarh,25.1901,78.6432,7.46,0.97,6.54,28.93,38.44,20.8,25.99,17.8,50.36,877.6,0.901,0.04,8,47.96,18.27,296.0,0.43
Madhya Pradesh,Tikamgarh,24.7896,79.1996,7.26,0.78,6.81,25.92,35.68,25.5,26.13,17.84,50.96,912.4,0.89,0.042,8,48.42,18.85,306.0,1.17
Madhya Pradesh,Tikamgarh,25.357,78.5874,7.45,1.02,6.3,23.72,41.33,19.59,26.5,17.76,47.64,771.4,0.883,0.044,8,48.87,18.27,252.0,0.58
Madhya Pradesh,Ujjain,23.2747,75.7514,7.32,0.67,7.09,48.71,18.63,50.14,25.35,19.08,50.25,887.5,0.927,0.038,8,47.42,19.0,479.0,0.05
Madhya Pradesh,Ujjain,22.8689,75.3449,7.35,0.77,7.9,44.22,19.06,46.15,25.24,19.52,51.05,927.1,0.927,0.041,8,46.9,18.89,525.0,0.3
Madhya Pradesh,Ujjain,23.3015,75.5777,7.59,0.71,6.93,48.88,16.5,50.8,25.35,19.08,50.25,887.5,0.927,0.038,8,47.42,19.0,492.0,1.16
Madhya Pradesh,Ujjain,22.9525,75.3792,7.35,0.68,8.11,42.89,20.25,46.63,25.24,19.52,51.05,927.1,0.927,0.041,8,46.9,18.89,508.0,0.31
Madhya Pradesh,Ujjain,23.6345,75.752,7.55,0.68,6.5,47.11,21.1,50.65,25.35,19.08,50.25,887.5,0.927,0.038,8,47.42,19.0,469.0,0.57
Madhya Pradesh,Umaria,23.5545,80.904,7.1,1.0,8.1,40.59,20.95,41.47,24.97,18.08,55.15,1236.1,0.879,0.043,8,47.36,18.48,465.0,0.47
Madhya Pradesh,Umaria,23.8135,80.9245,7.26,0.92,8.47,39.59,21.65,39.59,25.3,17.78,54.69,1149.1,0.879,0.044,8,47.75,18.48,392.0,0.4
Madhya Pradesh,Umaria,23.3053,80.9614,7.01,1.25,14.16,44.29,19.34,39.68,25.01,18.12,55.44,1176.9,0.85,0.055,7,47.04,18.48,644.0,2.44
Madhya Pradesh,Umaria,23.6397,80.8115,6.66,1.08,10.15,43.29,19.03,42.0,24.97,18.08,55.15,1236.1,0.879,0.043,8,47.36,18.48,423.0,1.0
Madhya Pradesh,Umaria,23.3373,80.7721,6.99,1.25,14.51,43.03,19.27,40.6,24.97,18.08,55.15,1236.1,0.879,0.043,8,47.36,18.48,588.0,0.27
Madhya Pradesh,Vidisha,23.8022,78.1394,7.24,1.03,9.1,38.89,20.89,39.13,25.51,18.37,51.66,1145.7,0.917,0.036,8,47.47,18.55,455.0,4.21
Madhya Pradesh,Vidisha,24.0203,77.4969,7.32,0.8,6.3,31.05,35.96,38.14,25.14,18.04,51.82,1101.7,0.919,0.035,8,47.65,18.94,514.0,0.41
Madhya Pradesh,Vidisha,23.9354,77.5729,7.4,0.8,7.04,35.23,32.01,39.66,25.14,18.04,51.82,1101.7,0.919,0.035,8,47.65,18.8,456.0,0.38
Madhya Pradesh,Vidisha,24.108,77.4942,7.27,0.79,7.71,30.41,33.77,41.53,25.14,18.04,51.82,1101.7,0.919,0.035,8,47.65,18.94,532.0,0.12
Madhya Pradesh,Vidisha,23.536,77.6604,7.37,0.87,8.54,38.07,22.65,40.59,25.28,18.62,52.6,1215.8,0.922,0.034,8,47.18,18.8,431.0,0.19
Madhya Pradesh,West Nimar,21.7088,75.8584,7.28,0.83,7.1,35.11,43.11,39.15,26.29,21.55,52.95,844.6,0.898,0.064,8,47.54,19.04,328.0,0.45
Madhya Pradesh,West Nimar,21.5931,75.8435,7.18,1.35,13.35,42.42,29.83,42.84,26.29,21.55,52.95,844.6,0.898,0.064,8,47.54,19.04,569.0,4.27
Madhya Pradesh,West Nimar,22.1898,75.7923,7.33,0.93,9.89,34.76,29.13,40.47,26.58,21.4,51.48,883.0,0.915,0.052,8,48.28,18.89,174.0,0.58
Madhya Pradesh,West Nimar,22.3433,75.93,7.56,1.0,7.06,32.66,31.81,41.59,26.02,20.63,51.15,921.1,0.923,0.045,8,47.76,18.89,247.0,1.23
Madhya Pradesh,West Nimar,21.5495,75.4846,7.31,0.98,9.47,45.85,25.39,45.17,26.29,21.55,52.95,844.6,0.898,0.064,8,47.54,19.04,499.0,1.26
Maharashtra,Akola,20.5705,77.2715,7.28,0.73,7.26,44.51,23.28,42.66,26.7,22.11,53.44,933.1,0.873,0.061,8,46.97,18.99,340.0,0.89
Maharashtra,Akola,20.7835,77.3237,7.5,0.82,7.49,41.9,26.62,43.28,26.71,22.12,52.5,947.8,0.876,0.059,8,47.23,18.99,277.0,0.69
Maharashtra,Akola,20.8859,77.0327,7.41,0.8,6.8,39.65,26.63,38.3,26.97,22.51,52.07,930.8,0.877,0.066,8,47.74,18.99,263.0,0.1
Maharashtra,Akola,20.614,76.8611,7.33,0.73,6.93,43.87,23.57,42.55,26.66,22.33,52.58,881.2,0.868,0.072,8,46.69,19.13,301.0,0.35
Maharashtra,Akola,21.0094,76.8603,7.57,0.85,6.47,43.15,26.22,42.24,26.97,22.51,52.07,930.8,0.877,0.066,8,47.74,18.97,278.0,0.15
Maharashtra,Ahmednagar,19.2007,74.4529,7.17,0.92,10.58,39.05,34.14,32.58,24.83,21.66,58.21,810.8,0.838,0.123,7,43.24,19.3,683.0,0.73
Maharashtra,Ahmednagar,19.5965,73.9926,6.66,1.3,15.86,40.61,27.96,41.77,24.44,21.61,62.82,1715.0,0.921,0.064,7,43.96,18.57,817.0,1.48
Maharashtra,Ahmednagar,19.5306,74.0289,6.97,1.26,11.77,40.49,26.77,33.99,24.44,21.61,62.82,1715.0,0.921,0.064,7,43.96,19.3,582.0,0.68
Maharashtra,Ahmednagar,19.448,74.3553,7.07,1.14,12.48,41.6,30.53,33.26,24.87,21.58,57.56,848.0,0.854,0.11,7,43.93,19.3,617.0,3.13
Maharashtra,Ahmednagar,19.287,75.2883,7.45,0.99,8.51,49.29,20.59,50.27,25.82,22.32,54.02,710.1,0.824,0.126,7,44.52,19.34,505.0,0.49
Maharashtra,Aurangabad,20.0206,75.5891,7.08,1.01,9.62,44.44,29.01,41.03,25.7,21.9,53.54,800.1,0.845,0.106,7,44.87,19.22,625.0,0.66
Maharashtra,Aurangabad,20.1746,75.469,7.36,0.97,14.49,46.26,22.43,44.67,25.7,21.9,53.54,800.1,0.845,0.106,7,44.87,19.22,629.0,0.49
Maharashtra,Aurangabad,19.4911,75.3719,7.2,1.66,24.31,41.44,27.57,32.97,26.28,22.58,52.76,756.8,0.829,0.118,7,45.44,19.34,459.0,0.94
Maharashtra,Aurangabad,20.3937,75.194,6.81,1.18,14.8,47.6,25.79,37.72,26.17,22.28,53.16,761.6,0.856,0.1,7,45.91,19.22,446.0,17.17
Maharashtra,Aurangabad,20.061,75.1661,6.95,1.02,11.83,48.25,23.92,40.75,25.76,22.12,53.98,748.0,0.84,0.114,7,44.88,19.22,648.0,9.25
Maharashtra,Amravati,21.5273,77.272,6.42,1.64,18.89,45.81,19.75,43.75,25.41,20.87,53.34,1033.2,0.886,0.055,8,45.84,18.67,649.0,7.03
Maharashtra,Amravati,21.2322,76.9421,6.88,1.57,17.79,47.73,22.34,44.35,26.97,22.51,52.07,930.8,0.877,0.066,8,47.74,18.97,728.0,2.98
Maharashtra,Amravati,21.3119,77.0791,6.31,2.03,20.35,41.3,19.73,47.13,26.15,21.63,52.93,1046.7,0.893,0.058,8,47.16,18.67,839.0,3.91
Maharashtra,Amravati,21.1237,77.8741,7.29,0.8,6.56,44.5,23.07,45.51,26.82,21.94,53.15,1020.8,0.881,0.055,8,47.63,18.67,365.0,0.61
Maharashtra,Amravati,21.0546,77.7387,7.49,0.97,8.04,43.74,21.86,41.78,26.71,22.12,52.5,947.8,0.876,0.059,8,47.23,18.67,329.0,0.08
Maharashtra,Bid,18.7484,76.3913,7.0,1.23,9.84,41.71,32.02,38.39,25.91,22.54,53.87,736.8,0.786,0.131,7,44.24,19.3,638.0,0.33
Maharashtra,Bid,18.9149,74.953,7.28,1.04,9.47,43.43,27.96,42.12,25.69,22.26,54.36,660.9,0.804,0.141,7,44.15,19.43,676.0,0.82
Maharashtra,Bid,19.0054,75.8767,7.19,1.01,9.27,47.45,25.75,41.93,26.03,22.49,53.17,703.3,0.807,0.132,7,44.91,19.34,497.0,0.38
Maharashtra,Bid,18.8084,75.2522,7.24,1.01,9.51,43.04,31.54,43.93,25.69,22.26,54.36,660.9,0.804,0.141,7,44.15,19.34,672.0,1.06
Maharashtra,Bid,19.2006,75.4088,7.09,1.05,10.67,44.58,28.91,43.15,26.03,22.49,53.17,703.3,0.807,0.132,7,44.91,19.34,616.0,1.05
Maharashtra,Bhandara,20.9158,79.7632,7.38,1.1,9.53,42.72,18.08,41.91,26.66,21.39,57.52,1360.2,0.886,0.05,7,48.16,18.69,250.0,0.26
Maharashtra,Bhandara,21.0459,79.8305,7.38,1.28,9.11,42.07,18.43,37.16,26.66,21.39,57.52,1360.2,0.886,0.05,7,48.16,18.62,250.0,0.16
Maharashtra,Bhandara,21.4569,80.3562,7.42,1.36,10.06,42.57,18.07,30.72,25.83,20.37,57.07,1318.3,0.873,0.051,7,47.28,18.45,299.0,0.16
Maharashtra,Bhandara,20.8457,79.6162,7.24,1.1,12.37,43.16,18.75,40.44,26.91,21.63,55.84,1234.0,0.886,0.05,8,48.42,18.69,239.0,2.7
Maharashtra,Bhandara,21.437,80.313,7.4,1.25,9.07,46.68,18.77,31.79,25.83,20.37,57.07,1318.3,0.873,0.051,7,47.28,18.45,313.0,0.44
Maharashtra,Buldana,20.7925,76.5108,7.33,0.66,6.73,43.13,29.34,41.29,26.87,22.4,52.28,888.8,0.878,0.072,8,47.86,19.13,267.0,0.35
Maharashtra,Buldana,20.4794,76.5443,7.26,0.97,10.16,50.13,25.28,44.91,26.16,21.98,53.0,854.2,0.864,0.083,8,46.39,19.13,507.0,1.98
Maharashtra,Buldana,20.0622,76.2224,7.33,0.8,8.57,41.78,25.27,45.93,25.96,21.99,53.19,842.4,0.854,0.092,7,45.55,19.13,510.0,0.49
Maharashtra,Buldana,20.1347,76.1704,7.22,0.77,8.96,44.7,26.95,44.24,25.96,21.99,53.19,842.4,0.854,0.092,7,45.55,19.13,532.0,0.68
Maharashtra,Buldana,20.0181,76.1367,7.12,0.81,8.22,45.73,27.97,44.04,25.96,21.99,53.19,842.4,0.854,0.092,7,45.55,19.13,542.0,1.54
Maharashtra,Chandrapur,20.568,79.3052,7.08,0.99,9.09,42.84,21.96,42.59,27.1,21.99,57.04,1247.0,0.884,0.052,7,48.74,18.69,271.0,0.87
Maharashtra,Chandrapur,19.637,79.0261,7.05,1.25,9.87,41.96,29.31,41.71,26.99,22.6,56.17,962.9,0.857,0.071,7,47.58,18.7,489.0,0.47
Maharashtra,Chandrapur,19.9709,79.3298,7.12,1.01,9.85,34.99,26.36,34.65,27.35,22.63,57.09,1198.7,0.874,0.06,7,48.67,18.7,193.0,0.56
Maharashtra,Chandrapur,20.6014,79.4869,7.25,1.09,8.5,45.59,22.72,43.05,27.1,21.99,57.04,1247.0,0.884,0.052,7,48.74,18.69,251.0,0.31
Maharashtra,Chandrapur,19.7418,78.9495,7.1,0.88,10.35,39.23,30.83,36.28,26.99,22.6,56.17,962.9,0.857,0.071,7,47.58,18.86,202.0,0.69
Maharashtra,Dhule,21.0835,74.5955,7.28,0.9,7.7,37.55,31.7,34.05,25.88,21.96,54.96,877.0,0.903,0.069,8,46.15,19.05,280.0,0.8
Maharashtra,Dhule,20.8127,74.7131,7.04,1.06,10.21,44.0,28.26,36.01,27.0,22.78,52.22,766.4,0.878,0.083,8,47.57,19.18,465.0,4.43
Maharashtra,Dhule,20.8773,74.0028,6.92,1.21,10.69,47.75,24.93,45.05,26.08,22.88,58.26,1393.7,0.944,0.043,8,45.52,19.18,657.0,3.09
Maharashtra,Dhule,21.2004,74.5551,7.14,0.83,8.01,35.4,31.75,36.16,25.88,21.96,54.96,877.0,0.903,0.069,8,46.15,19.05,287.0,0.5
Maharashtra,Dhule,20.9719,74.1482,7.14,0.84,7.22,47.19,23.47,37.64,25.88,21.96,54.96,877.0,0.903,0.069,8,46.15,19.18,500.0,0.34
Maharashtra,Garhchiroli,19.5674,80.2108,6.76,1.44,10.39,37.73,26.82,23.63,27.39,23.17,58.94,1291.8,0.859,0.071,7,48.39,18.41,244.0,0.45
Maharashtra,Garhchiroli,20.1315,80.0273,6.93,1.19,10.06,36.81,28.22,32.03,27.0,22.37,59.19,1363.0,0.874,0.06,7,48.53,18.56,203.0,0.34
Maharashtra,Garhchiroli,20.6508,80.316,7.18,1.12,9.79,40.55,20.09,29.55,26.0,20.6,61.23,1404.7,0.879,0.054,7,47.61,18.56,257.0,0.71
Maharashtra,Garhchiroli,19.5206,80.6551,5.88,2.16,22.92,33.0,33.67,21.68,26.04,22.02,62.11,1431.8,0.848,0.07,7,47.22,18.41,359.0,4.36
Maharashtra,Garhchiroli,18.7555,80.2108,6.62,1.21,11.43,34.35,28.97,17.81,27.72,23.69,59.22,1203.1,0.845,0.083,7,48.5,18.5,111.0,1.01
Maharashtra,Gondiya,21.5769,80.1581,7.42,1.3,8.24,44.91,19.07,32.15,26.47,21.14,55.62,1338.3,0.884,0.048,8,48.12,18.45,286.0,0.15
Maharashtra,Gondiya,20.8786,80.2759,6.8,1.13,12.17,39.99,19.75,29.42,26.66,21.39,57.52,1360.2,0.886,0.05,7,48.16,18.56,267.0,0.3
Maharashtra,Gondiya,21.3277,80.2042,7.33,1.13,9.04,43.27,17.99,33.01,26.47,21.14,55.62,1338.3,0.884,0.048,8,48.12,18.45,319.0,0.38
Maharashtra,Gondiya,21.1187,80.2961,6.04,1.64,18.61,43.32,22.35,33.75,26.66,21.39,57.52,1360.2,0.886,0.05,7,48.16,18.45,435.0,5.66
Maharashtra,Gondiya,21.2906,80.1245,6.5,1.33,11.8,43.19,18.23,30.5,26.47,21.14,55.62,1338.3,0.884,0.048,8,48.12,18.45,344.0,0.26
Maharashtra,Hingoli,19.4658,77.0018,7.34,1.1,7.99,45.25,25.69,41.78,26.72,22.79,52.99,846.8,0.849,0.088,7,45.79,19.07,417.0,0.77
Maharashtra,Hingoli,19.6978,77.1824,7.2,0.98,7.88,42.45,28.59,41.69,26.72,22.79,52.99,846.8,0.849,0.088,7,45.79,19.07,447.0,0.26
Maharashtra,Hingoli,19.7393,77.0163,7.13,0.94,9.21,43.09,29.73,41.51,26.72,22.79,52.99,846.8,0.849,0.088,7,45.79,19.07,472.0,0.53
Maharashtra,Hingoli,19.7702,76.9817,7.26,0.92,8.23,42.2,28.44,43.69,26.26,22.12,53.4,874.7,0.863,0.077,7,45.46,19.21,482.0,0.78
Maharashtra,Hingoli,19.3962,77.2423,7.28,1.05,9.62,38.28,28.57,35.81,26.67,22.54,54.16,889.1,0.856,0.074,7,46.23,19.07,393.0,0.45
Maharashtra,Greater Bombay,19.19,72.937,6.11,2.11,22.76,37.15,33.14,29.79,26.77,24.07,67.39,2508.6,0.937,0.05,7,44.91,19.06,210.0,10.37
Maharashtra,Greater Bombay,19.0119,72.9287,6.61,3.84,29.38,34.44,35.22,28.54,26.77,24.07,67.39,2508.6,0.937,0.05,7,44.91,19.06,6.0,0.31
Maharashtra,Greater Bombay,19.0004,72.8903,6.4,2.96,50.82,34.52,31.52,29.98,26.77,24.07,67.39,2508.6,0.937,0.05,7,44.91,19.06,6.0,0.26
Maharashtra,Greater Bombay,19.2503,72.946,6.02,2.15,23.28,37.79,34.47,28.41,26.81,24.36,64.38,2491.5,0.945,0.045,7,45.82,19.06,155.0,7.19
Maharashtra,Greater Bombay,19.2405,72.9643,6.13,1.94,21.4,36.38,33.21,26.97,26.77,24.07,67.39,2508.6,0.937,0.05,7,44.91,19.06,91.0,8.72
Maharashtra,Jalna,20.1397,76.0103,7.3,0.83,8.47,44.76,28.73,44.39,25.96,21.99,53.19,842.4,0.854,0.092,7,45.55,19.13,556.0,0.51
Maharashtra,Jalna,19.7191,76.0033,7.46,0.94,7.63,47.2,27.61,42.48,26.61,22.77,52.43,809.2,0.839,0.104,7,46.0,19.21,472.0,0.34
Maharashtra,Jalna,19.4017,75.985,7.38,1.03,8.78,46.22,22.66,43.45,26.61,22.77,52.43,809.2,0.839,0.104,7,46.0,19.34,425.0,0.31
Maharashtra,Jalna,20.1319,75.9265,7.3,0.8,8.39,45.12,23.66,46.25,25.7,21.9,53.54,800.1,0.845,0.106,7,44.87,19.22,558.0,0.54
Maharashtra,Jalna,19.9359,75.7523,7.37,0.85,7.48,47.02,23.85,46.83,25.7,21.9,53.54,800.1,0.845,0.106,7,44.87,19.34,555.0,0.12
Maharashtra,Jalgaon,20.8875,76.0526,7.43,0.81,6.41,40.39,28.35,43.11,26.87,22.4,52.28,888.8,0.878,0.072,8,47.86,19.13,278.0,0.31
Maharashtra,Jalgaon,20.9579,75.763,7.32,0.75,6.67,41.37,33.86,39.94,26.83,22.51,52.26,823.0,0.878,0.079,8,47.53,19.22,254.0,0.49
Maharashtra,Jalgaon,21.3359,75.8767,7.17,0.82,7.93,42.92,27.41,41.75,26.29,21.55,52.95,844.6,0.898,0.064,8,47.54,19.04,427.0,2.39
Maharashtra,Jalgaon,21.3542,75.5588,6.81,1.3,15.33,49.01,22.31,43.83,26.29,21.55,52.95,844.6,0.898,0.064,8,47.54,19.04,503.0,5.57
Maharashtra,Jalgaon,20.6978,75.5799,7.36,0.72,6.77,44.51,31.11,41.75,26.06,22.08,53.06,817.1,0.859,0.094,7,45.79,19.22,302.0,0.54
Maharashtra,Kolhapur,16.3756,74.2646,6.38,1.26,14.38,36.27,33.85,38.59,24.83,23.15,65.19,1213.8,0.852,0.09,7,43.07,19.17,626.0,4.06
Maharashtra,Kolhapur,16.6965,74.4742,6.87,1.14,13.86,33.72,40.36,25.21,24.83,23.15,65.19,1213.8,0.852,0.09,7,43.07,19.17,549.0,0.58
Maharashtra,Kolhapur,16.0626,74.1244,5.95,2.52,35.32,38.29,34.72,28.74,24.3,22.92,68.66,1552.4,0.848,0.089,6,42.34,19.17,943.0,2.52
Maharashtra,Kolhapur,16.7888,73.9525,6.33,1.59,16.83,34.89,36.37,30.49,25.46,23.89,68.52,2108.3,0.906,0.062,6,44.19,18.89,582.0,1.96
Maharashtra,Kolhapur,17.0684,73.888,6.05,2.13,19.88,39.09,35.03,29.02,25.46,23.89,68.52,2108.3,0.906,0.062,6,44.19,18.47,798.0,8.29
Maharashtra,Latur,18.6492,76.7994,7.31,0.93,8.08,40.3,29.8,37.54,26.23,22.71,54.28,788.1,0.798,0.114,7,44.58,19.3,541.0,0.96
Maharashtra,Latur,18.093,76.4474,7.14,1.04,8.25,41.02,30.43,35.21,26.25,23.05,54.03,722.7,0.764,0.14,7,44.22,19.3,628.0,0.8
Maharashtra,Latur,18.482,76.7186,7.33,0.92,9.0,40.52,30.56,34.01,26.23,22.71,54.28,788.1,0.798,0.114,7,44.58,19.3,609.0,0.27
Maharashtra,Latur,18.6484,76.6975,7.09,1.01,8.51,40.1,32.27,38.29,26.23,22.71,54.28,788.1,0.798,0.114,7,44.58,19.3,577.0,0.49
Maharashtra,Latur,18.5986,76.522,7.22,1.01,9.84,39.73,31.76,40.36,25.91,22.54,53.87,736.8,0.786,0.131,7,44.24,19.3,641.0,0.57
Maharashtra,Nanded,18.8494,77.1993,7.21,0.94,10.39,41.4,29.85,39.47,27.0,23.16,53.85,858.8,0.835,0.087,7,46.18,19.23,414.0,2.55
Maharashtra,Nanded,19.3162,77.4417,7.07,1.14,10.64,39.6,29.84,35.48,26.67,22.54,54.16,889.1,0.856,0.074,7,46.23,19.07,396.0,0.54
Maharashtra,Nanded,18.6643,77.1807,7.17,1.1,11.52,41.53,31.28,37.47,26.23,22.71,54.28,788.1,0.798,0.114,7,44.58,19.23,525.0,0.79
Maharashtra,Nanded,19.9117,78.1583,7.2,0.89,9.13,36.65,29.06,35.89,27.03,22.41,54.63,987.0,0.871,0.063,8,48.06,18.86,253.0,0.85
Maharashtra,Nanded,19.3175,77.3408,7.25,1.06,9.4,39.79,28.4,36.35,26.67,22.54,54.16,889.1,0.856,0.074,7,46.23,19.07,378.0,0.62
Maharashtra,Nagpur,21.4101,79.2789,7.32,0.86,9.17,42.94,13.16,49.22,26.43,21.04,54.84,1220.6,0.886,0.049,8,47.8,18.62,335.0,1.22
Maharashtra,Nagpur,21.3418,79.0115,7.52,0.84,7.19,50.02,11.93,49.12,26.1,20.95,53.85,1091.2,0.885,0.051,8,47.08,18.62,307.0,0.2
Maharashtra,Nagpur,20.6518,79.2825,7.13,1.15,9.36,45.96,23.01,44.7,27.1,21.99,57.04,1247.0,0.884,0.052,7,48.74,18.69,261.0,0.5
Maharashtra,Nagpur,20.8958,78.8318,7.03,0.9,11.44,44.21,17.68,49.52,26.72,21.46,54.79,1052.3,0.881,0.053,8,48.0,18.87,325.0,2.21
Maharashtra,Nagpur,20.7997,79.087,7.19,0.99,8.31,47.83,19.75,47.93,26.91,21.63,55.84,1234.0,0.886,0.05,8,48.42,18.69,270.0,0.19
Maharashtra,Nandurbar,21.9865,74.3956,7.11,1.0,14.88,39.31,30.45,32.83,26.02,21.48,53.74,930.7,0.933,0.044,8,46.55,19.05,335.0,9.26
Maharashtra,Nandurbar,21.366,74.0408,7.02,1.0,8.48,38.62,28.2,32.94,26.73,23.01,56.55,1267.0,0.951,0.036,8,46.66,19.05,189.0,1.29
Maharashtra,Nandurbar,21.4919,74.7425,7.29,1.07,10.91,40.41,27.06,35.38,26.72,22.17,52.66,789.9,0.9,0.066,8,47.71,19.05,355.0,7.01
Maharashtra,Nandurbar,21.3265,74.3331,7.15,1.02,8.43,38.57,31.2,35.78,26.32,22.13,54.49,908.0,0.921,0.054,8,47.02,19.05,324.0,2.29
Maharashtra,Nandurbar,21.3769,74.4561,7.27,1.04,8.11,40.53,28.96,34.56,26.32,22.13,54.49,908.0,0.921,0.054,8,47.02,19.05,165.0,1.77
Maharashtra,Nashik,20.1055,74.6125,7.28,1.06,8.81,42.88,27.54,41.86,25.16,21.78,56.38,859.3,0.867,0.099,7,44.71,19.18,622.0,0.8
Maharashtra,Nashik,20.2348,73.7009,6.92,1.28,24.49,44.72,23.14,43.29,24.43,21.63,61.17,1639.1,0.927,0.058,7,43.99,18.72,669.0,0.0
Maharashtra,Nashik,20.0637,73.5436,6.37,1.89,16.46,38.99,29.98,34.42,24.43,21.63,61.17,1639.1,0.927,0.058,7,43.99,18.72,763.0,4.27
Maharashtra,Nashik,20.5849,73.8591,6.79,1.49,16.01,47.66,20.31,44.94,24.88,22.01,59.84,1512.2,0.934,0.051,7,44.36,18.72,758.0,10.69
Maharashtra,Nashik,20.5817,74.6851,7.42,0.76,17.02,45.57,26.47,38.22,25.18,21.56,55.75,859.5,0.882,0.086,7,44.93,19.18,423.0,0.52
Maharashtra,Osmanabad,18.4148,75.9555,7.46,1.0,9.3,41.71,24.96,43.53,25.91,22.54,53.87,736.8,0.786,0.131,7,44.24,19.34,691.0,0.47
Maharashtra,Osmanabad,17.7973,76.3956,7.19,1.06,9.99,37.3,34.01,37.24,26.25,23.05,54.03,722.7,0.764,0.14,7,44.22,19.47,602.0,0.52
Maharashtra,Osmanabad,18.2609,76.2595,7.15,1.06,8.95,41.72,27.77,39.37,25.91,22.54,53.87,736.8,0.786,0.131,7,44.24,19.3,668.0,0.29
Maharashtra,Osmanabad,18.3944,75.8731,7.29,1.0,9.15,43.75,25.65,43.34,25.92,22.51,53.78,664.8,0.779,0.146,7,44.13,19.34,707.0,0.41
Maharashtra,Osmanabad,17.7018,76.3662,7.19,1.07,10.44,37.36,34.03,35.98,26.88,23.79,53.69,691.2,0.748,0.145,7,44.94,19.47,541.0,1.67
Maharashtra,Parbhani,19.5914,76.7928,7.05,1.04,11.12,44.79,28.27,42.31,26.72,22.79,52.99,846.8,0.849,0.088,7,45.79,19.21,464.0,1.69
Maharashtra,Parbhani,19.5922,76.6326,7.53,0.94,7.77,42.57,25.81,44.02,26.72,22.79,52.99,846.8,0.849,0.088,7,45.79,19.21,435.0,0.51
Maharashtra,Parbhani,19.451,76.8894,7.37,1.02,8.02,41.77,25.84,39.91,26.72,22.79,52.99,846.8,0.849,0.088,7,45.79,19.21,389.0,0.29
Maharashtra,Parbhani,19.1351,76.3813,7.26,0.93,8.83,44.9,27.5,35.6,26.39,22.77,52.85,764.1,0.815,0.118,7,45.21,19.21,395.0,0.78
Maharashtra,Parbhani,18.9606,76.9899,7.47,0.94,8.0,42.25,29.11,38.4,26.76,23.03,53.08,804.4,0.824,0.102,7,45.76,19.3,400.0,0.26
Maharashtra,Pune,18.4792,73.9485,6.8,1.22,10.95,37.39,37.95,31.83,23.86,20.72,66.8,1729.6,0.902,0.076,7,43.2,18.49,582.0,0.73
Maharashtra,Pune,19.0772,73.7062,6.4,1.75,17.16,39.59,30.15,39.69,24.22,21.19,65.01,1693.5,0.911,0.072,7,43.76,18.57,992.0,5.71
Maharashtra,Pune,19.0685,73.7037,6.45,1.78,18.23,40.02,29.68,38.9,24.22,21.19,65.01,1693.5,0.911,0.072,7,43.76,18.57,922.0,6.19
Maharashtra,Pune,18.0875,73.7364,6.45,1.64,16.88,42.06,29.84,38.18,24.16,21.43,67.22,1908.4,0.904,0.071,7,43.58,18.49,701.0,5.19
Maharashtra,Pune,18.1656,74.25,7.17,1.15,9.03,42.63,31.7,32.89,24.9,22.07,59.82,870.6,0.838,0.115,7,43.0,19.43,611.0,1.18
Maharashtra,Raigarh,18.986,73.1031,6.3,2.19,23.95,36.02,34.62,26.49,26.77,24.07,67.39,2508.6,0.937,0.05,7,44.91,18.49,8.0,0.43
Maharashtra,Raigarh,18.9086,73.3598,6.36,1.98,16.43,37.05,36.42,26.47,26.77,24.07,67.39,2508.6,0.937,0.05,7,44.91,18.49,85.0,2.98
Maharashtra,Raigarh,18.1642,73.5103,6.14,2.21,20.97,37.45,32.97,25.67,24.16,21.43,67.22,1908.4,0.904,0.071,7,43.58,18.49,191.0,10.81
Maharashtra,Raigarh,17.8837,73.5497,6.04,2.22,24.08,42.28,31.38,31.0,24.16,21.43,67.22,1908.4,0.904,0.071,7,43.58,18.47,789.0,9.23
Maharashtra,Raigarh,18.5853,73.0081,6.27,1.75,17.61,36.24,36.23,26.15,26.59,24.11,69.54,2462.5,0.924,0.059,7,44.04,18.49,51.0,5.51
Maharashtra,Sangli,17.3544,74.8491,7.21,0.89,10.9,36.32,38.9,36.86,25.98,23.0,55.44,557.2,0.754,0.16,7,43.51,19.25,644.0,0.39
Maharashtra,Sangli,16.9343,75.1208,7.21,0.93,10.6,35.8,37.39,37.89,25.78,23.22,56.93,552.6,0.746,0.157,7,43.14,19.65,635.0,0.63
Maharashtra,Sangli,16.878,74.9057,7.29,1.02,11.08,39.28,37.4,34.45,25.78,23.22,56.93,552.6,0.746,0.157,7,43.14,19.17,623.0,0.63
Maharashtra,Sangli,17.1975,75.4108,7.0,0.9,10.77,34.64,38.89,33.27,26.53,23.57,54.77,553.7,0.716,0.17,7,44.1,19.66,561.0,0.97
Maharashtra,Sangli,17.3734,74.4588,7.02,0.98,9.44,40.95,35.14,34.87,24.58,22.05,61.46,946.6,0.852,0.099,7,42.67,19.25,661.0,0.46
Maharashtra,Ratnagiri,16.9981,73.7357,6.24,1.95,22.76,38.27,35.61,22.78,25.46,23.89,68.52,2108.3,0.906,0.062,6,44.19,18.89,228.0,5.21
Maharashtra,Ratnagiri,17.8644,73.1734,6.22,1.95,20.6,37.81,32.95,23.5,26.83,24.79,71.27,2328.4,0.905,0.071,7,42.59,18.47,199.0,1.43
Maharashtra,Ratnagiri,17.5142,73.5632,6.16,2.05,21.77,36.36,32.39,25.17,24.8,22.79,67.38,2046.9,0.907,0.065,7,43.98,18.47,20.0,6.56
Maharashtra,Ratnagiri,17.4114,73.5896,6.16,2.32,23.55,36.61,33.73,24.67,24.8,22.79,67.38,2046.9,0.907,0.065,7,43.98,18.47,259.0,13.95
Maharashtra,Ratnagiri,17.6119,73.6776,6.2,2.34,24.52,40.1,34.32,25.32,24.8,22.79,67.38,2046.9,0.907,0.065,7,43.98,18.47,216.0,4.1
Maharashtra,Satara,17.4758,74.3021,6.99,1.08,9.83,43.21,34.06,31.35,24.58,22.05,61.46,946.6,0.852,0.099,7,42.67,19.25,742.0,0.59
Maharashtra,Satara,17.4627,74.2787,6.97,1.21,13.12,40.41,36.66,32.76,24.58,22.05,61.46,946.6,0.852,0.099,7,42.67,19.25,878.0,4.25
Maharashtra,Satara,17.9596,73.9956,7.03,1.48,13.2,43.61,29.81,33.8,24.16,21.43,67.22,1908.4,0.904,0.071,7,43.58,18.47,775.0,1.27
Maharashtra,Satara,17.6158,74.0717,6.71,1.51,16.04,41.03,35.62,32.44,24.58,22.05,61.46,946.6,0.852,0.099,7,42.67,19.25,731.0,5.81
Maharashtra,Satara,17.5891,73.8925,6.25,2.02,21.03,36.25,33.84,34.68,24.8,22.79,67.38,2046.9,0.907,0.065,7,43.98,18.47,1146.0,3.7
Maharashtra,Sindhudurg,15.9714,73.6365,6.32,1.95,17.97,32.73,33.22,23.17,26.72,25.8,72.29,2417.5,0.892,0.068,6,41.46,19.14,58.0,2.47
Maharashtra,Sindhudurg,15.8265,74.0187,5.83,2.63,28.26,35.52,36.15,25.29,26.72,25.8,72.29,2417.5,0.892,0.068,6,41.46,18.63,520.0,4.32
Maharashtra,Sindhudurg,16.3778,73.693,6.18,1.85,21.0,34.2,34.33,22.4,26.1,24.84,69.96,2253.4,0.9,0.064,6,43.67,18.89,122.0,2.06
Maharashtra,Sindhudurg,15.8278,73.7924,6.06,1.46,17.28,31.7,38.84,19.55,26.72,25.8,72.29,2417.5,0.892,0.068,6,41.46,19.14,35.0,1.61
Maharashtra,Sindhudurg,16.4437,73.8577,5.88,2.47,24.9,36.83,34.91,24.84,26.1,24.84,69.96,2253.4,0.9,0.064,6,43.67,18.89,441.0,12.76
Maharashtra,Solapur,18.027,75.9886,7.55,1.04,8.87,44.82,23.6,45.46,26.25,23.05,54.03,722.7,0.764,0.14,7,44.22,19.34,529.0,0.28
Maharashtra,Solapur,17.7211,75.5083,7.24,1.08,12.82,50.86,23.86,35.16,26.87,23.69,53.44,598.1,0.737,0.164,7,44.8,19.66,463.0,0.41
Maharashtra,Solapur,17.6256,75.5082,7.02,1.04,11.26,39.87,34.77,24.19,26.87,23.69,53.44,598.1,0.737,0.164,7,44.8,19.66,440.0,0.86
Maharashtra,Solapur,17.9881,75.4705,7.6,1.04,9.66,48.27,24.66,38.11,26.65,23.34,53.32,635.6,0.756,0.157,7,44.41,19.66,545.0,1.03
Maharashtra,Solapur,17.778,74.8894,7.23,1.04,10.5,43.33,33.3,34.15,26.28,23.11,54.66,581.1,0.763,0.161,7,44.12,19.25,576.0,0.81
Maharashtra,Thane,19.6378,73.4828,6.51,2.23,16.41,36.53,35.0,26.73,24.44,21.61,62.82,1715.0,0.921,0.064,7,43.96,18.57,280.0,0.66
Maharashtra,Thane,19.9478,73.0465,6.32,2.37,18.72,35.7,34.05,26.84,26.63,24.23,62.63,2326.1,0.949,0.041,7,45.41,18.57,258.0,2.72
Maharashtra,Thane,19.5659,72.7501,6.65,1.85,20.56,38.89,28.47,24.83,27.17,24.68,74.38,1851.1,0.937,0.046,7,34.68,19.06,2.0,0.08
Maharashtra,Thane,19.2714,73.5697,6.48,1.8,14.43,34.31,36.21,24.77,24.44,21.61,62.82,1715.0,0.921,0.064,7,43.96,18.57,106.0,0.65
Maharashtra,Thane,19.7917,73.2577,6.45,2.54,16.68,35.01,36.19,27.39,26.63,24.23,62.63,2326.1,0.949,0.041,7,45.41,18.57,160.0,8.43
Maharashtra,Wardha,21.1868,78.287,7.51,0.79,8.16,47.37,18.82,50.47,26.82,21.94,53.15,1020.8,0.881,0.055,8,47.63,18.63,436.0,0.91
Maharashtra,Wardha,20.5613,78.6692,7.27,0.99,8.51,41.62,21.78,38.9,27.12,22.05,55.32,1049.9,0.878,0.055,8,48.59,18.87,228.0,0.05
Maharashtra,Wardha,20.6894,78.5632,7.27,0.8,8.15,40.33,20.41,42.74,27.12,22.05,55.32,1049.9,0.878,0.055,8,48.59,18.87,256.0,0.31
Maharashtra,Wardha,20.4582,79.107,7.25,1.08,9.3,42.08,24.45,39.94,27.1,21.99,57.04,1247.0,0.884,0.052,7,48.74,18.69,244.0,0.05
Maharashtra,Wardha,20.5069,78.7656,7.29,0.94,7.72,43.59,22.73,41.27,27.12,22.05,55.32,1049.9,0.878,0.055,8,48.59,18.87,230.0,0.4
Maharashtra,Washim,20.1033,76.724,7.2,1.01,8.58,50.03,26.76,46.13,26.26,22.12,53.4,874.7,0.863,0.077,7,45.46,19.13,536.0,0.44
Maharashtra,Washim,20.1082,77.3387,7.34,0.96,9.0,46.86,23.05,47.43,26.5,22.08,54.16,925.3,0.868,0.065,8,46.2,18.99,514.0,0.54
Maharashtra,Washim,20.2149,77.1216,7.24,1.06,9.37,51.46,21.96,46.14,26.26,22.12,53.4,874.7,0.863,0.077,7,45.46,18.99,510.0,0.93
Maharashtra,Washim,20.0084,76.8286,7.33,0.87,8.77,46.18,24.59,46.49,26.26,22.12,53.4,874.7,0.863,0.077,7,45.46,19.13,524.0,0.78
Maharashtra,Washim,20.2143,77.1146,7.28,1.02,8.87,50.84,22.09,46.11,26.26,22.12,53.4,874.7,0.863,0.077,7,45.46,18.99,506.0,0.17
Maharashtra,Yavatmal,20.0005,78.476,7.19,1.03,8.85,43.96,27.91,37.67,27.27,22.59,55.47,1023.3,0.871,0.061,8,48.47,18.87,281.0,0.23
Maharashtra,Yavatmal,20.3766,78.2147,7.27,0.87,8.56,41.43,22.43,42.24,26.97,22.1,54.2,1012.5,0.877,0.058,8,48.05,18.87,393.0,0.4
Maharashtra,Yavatmal,19.6281,77.9973,7.06,1.08,11.82,37.47,30.01,35.02,26.87,22.61,54.98,927.6,0.857,0.073,7,46.94,19.07,394.0,2.03
Maharashtra,Yavatmal,19.8605,78.9113,7.08,0.89,8.39,40.32,29.1,34.56,27.27,22.59,55.47,1023.3,0.871,0.061,8,48.47,18.86,207.0,0.21
Maharashtra,Yavatmal,19.9606,77.6078,7.19,0.87,9.04,39.69,26.72,38.45,26.5,22.08,54.16,925.3,0.868,0.065,8,46.2,19.07,365.0,0.69
Manipur,Bishnupur,24.6066,93.7674,5.57,2.12,17.81,35.18,28.79,16.72,21.24,15.9,73.33,1265.9,0.592,0.118,5,36.12,16.51,780.0,0.69
Manipur,Bishnupur,24.4065,93.7341,5.5,2.01,20.01,32.3,29.62,15.25,21.24,15.9,73.33,1265.9,0.592,0.118,5,36.12,16.51,797.0,4.09
Manipur,Bishnupur,24.4267,93.7982,5.52,1.68,20.6,32.35,31.35,16.19,21.24,15.9,73.33,1265.9,0.592,0.118,5,36.12,16.51,840.0,3.26
Manipur,Bishnupur,24.4836,93.739,5.57,1.74,19.72,37.01,28.76,16.51,21.24,15.9,73.33,1265.9,0.592,0.118,5,36.12,16.51,795.0,0.93
Manipur,Bishnupur,24.3786,93.8098,5.53,1.81,19.7,33.37,33.46,17.32,21.24,15.9,73.33,1265.9,0.592,0.118,5,36.12,16.51,773.0,2.65
Manipur,Chandel,24.2962,94.1311,5.25,3.95,26.71,29.26,34.52,18.53,23.65,17.98,66.08,1052.7,0.597,0.12,5,40.5,16.15,1135.0,9.08
Manipur,Chandel,24.4732,94.2789,5.29,2.76,24.68,29.66,34.23,17.0,23.65,17.98,66.08,1052.7,0.597,0.12,5,40.5,16.15,634.0,7.35
Manipur,Chandel,24.3432,94.1835,5.27,2.56,25.38,28.35,35.0,17.89,23.65,17.98,66.08,1052.7,0.597,0.12,5,40.5,16.15,864.0,8.56
Manipur,Chandel,24.0658,94.1781,5.51,1.53,19.34,28.85,34.63,19.86,25.27,19.54,61.2,785.3,0.588,0.126,5,42.03,16.15,414.0,8.33
Manipur,Chandel,24.4433,94.3937,5.51,1.43,24.15,29.24,32.05,22.03,23.65,17.98,66.08,1052.7,0.597,0.12,5,40.5,16.15,247.0,2.93
Manipur,Churachandpur,24.3937,93.0834,5.23,6.62,28.41,34.69,25.66,18.57,23.39,17.67,73.65,1703.2,0.601,0.103,4,39.31,16.51,678.0,19.15
Manipur,Churachandpur,24.3164,93.0373,5.33,4.28,20.68,31.89,28.01,15.34,23.39,17.67,73.65,1703.2,0.601,0.103,4,39.31,16.51,130.0,10.41
Manipur,Churachandpur,24.5401,93.4684,5.22,3.29,18.75,34.84,27.38,16.52,21.24,15.9,73.33,1265.9,0.592,0.118,5,36.12,16.51,526.0,16.73
Manipur,Churachandpur,24.5684,93.5936,5.1,4.49,28.05,36.57,28.61,21.4,21.24,15.9,73.33,1265.9,0.592,0.118,5,36.12,16.51,1482.0,3.2
Manipur,Churachandpur,24.0885,93.753,5.36,1.85,20.22,29.37,27.83,17.02,21.31,16.09,69.78,968.1,0.591,0.124,5,37.07,16.51,985.0,7.11
Manipur,East Imphal,24.7868,94.0656,5.39,2.0,19.71,32.79,34.02,16.45,19.95,14.3,71.36,1154.8,0.607,0.114,5,36.33,16.15,867.0,3.69
Manipur,East Imphal,24.8852,93.9491,5.28,2.34,22.37,33.11,31.35,16.31,20.46,15.02,74.92,1350.4,0.596,0.113,4,35.25,16.51,854.0,9.05
Manipur,East Imphal,24.9394,94.0191,5.37,2.83,21.19,32.68,31.31,16.28,20.46,15.02,74.92,1350.4,0.596,0.113,4,35.25,16.15,876.0,3.18
Manipur,East Imphal,24.7353,93.1528,5.29,6.97,18.3,33.47,31.15,15.64,23.39,17.67,73.65,1703.2,0.601,0.103,4,39.31,16.51,47.0,3.69
Manipur,East Imphal,24.6287,93.1036,5.41,4.8,17.36,30.97,32.46,15.51,23.39,17.67,73.65,1703.2,0.601,0.103,4,39.31,16.51,32.0,0.19
Manipur,Senapati,25.5247,94.4032,5.43,10.53,24.74,33.18,29.3,18.29,18.39,12.51,74.01,1240.6,0.624,0.102,5,34.36,15.51,1447.0,17.16
Manipur,Senapati,24.9325,94.1688,5.36,2.58,20.3,32.36,31.88,18.87,19.95,14.3,71.36,1154.8,0.607,0.114,5,36.33,16.15,870.0,2.62
Manipur,Senapati,25.2802,94.0016,5.38,5.34,24.49,36.79,26.9,19.26,20.45,14.57,75.01,1307.4,0.607,0.104,5,36.8,15.51,1487.0,9.0
Manipur,Senapati,25.1796,93.883,5.3,10.58,47.23,34.39,29.34,19.35,20.46,15.02,74.92,1350.4,0.596,0.113,4,35.25,15.98,1780.0,19.52
Manipur,Senapati,25.3651,93.9701,5.29,10.15,27.62,36.56,27.89,20.23,20.45,14.57,75.01,1307.4,0.607,0.104,5,36.8,15.98,1461.0,22.33
Manipur,Thoubal,24.54,94.0169,5.55,1.6,17.35,34.63,30.29,16.88,21.24,15.9,73.33,1265.9,0.592,0.118,5,36.12,16.15,773.0,0.15
Manipur,Thoubal,24.2932,93.8904,5.45,2.0,19.8,32.0,31.18,15.85,21.24,15.9,73.33,1265.9,0.592,0.118,5,36.12,16.51,830.0,5.32
Manipur,Thoubal,24.4061,93.8726,5.4,2.02,22.45,32.21,33.89,15.39,21.24,15.9,73.33,1265.9,0.592,0.118,5,36.12,16.51,925.0,8.71
Manipur,Thoubal,24.4164,93.8569,5.41,1.79,20.93,32.21,32.88,15.77,21.24,15.9,73.33,1265.9,0.592,0.118,5,36.12,16.51,849.0,8.42
Manipur,Thoubal,24.6423,93.9654,5.6,1.69,17.36,35.8,29.32,15.36,21.24,15.9,73.33,1265.9,0.592,0.118,5,36.12,16.51,773.0,0.15
Manipur,Tamenglong,24.7699,93.2674,4.86,5.68,29.56,32.23,32.75,17.45,22.76,16.74,76.49,1780.2,0.601,0.098,4,39.0,16.51,1086.0,17.36
Manipur,Tamenglong,24.6368,93.6922,5.3,4.74,25.83,35.09,28.41,18.4,21.24,15.9,73.33,1265.9,0.592,0.118,5,36.12,16.51,1350.0,22.8
Manipur,Tamenglong,25.2534,93.4226,5.03,7.93,32.53,35.95,31.73,17.59,22.06,16.0,77.89,1539.8,0.605,0.095,4,37.86,15.98,1161.0,19.64
Manipur,Tamenglong,25.1149,93.6732,5.11,9.25,25.95,37.11,31.05,18.18,20.46,15.02,74.92,1350.4,0.596,0.113,4,35.25,15.98,767.0,16.39
Manipur,Tamenglong,25.1085,93.6228,4.98,9.61,30.91,33.35,32.8,18.54,20.46,15.02,74.92,1350.4,0.596,0.113,4,35.25,15.98,1288.0,33.26
Manipur,Ukhrul,25.0568,94.3425,5.25,8.12,27.49,32.42,28.58,20.51,19.95,14.3,71.36,1154.8,0.607,0.114,5,36.33,15.51,1753.0,6.88
Manipur,Ukhrul,25.0877,94.6811,5.32,7.18,29.25,29.77,32.46,19.28,19.95,14.3,71.36,1154.8,0.607,0.114,5,36.33,15.51,1128.0,23.07
Manipur,Ukhrul,25.0128,94.2872,5.28,3.82,23.71,30.18,31.32,20.35,19.95,14.3,71.36,1154.8,0.607,0.114,5,36.33,15.51,1412.0,10.55
Manipur,Ukhrul,24.7609,94.3321,5.19,3.69,25.02,29.27,33.42,18.33,19.95,14.3,71.36,1154.8,0.607,0.114,5,36.33,16.15,729.0,12.8
Manipur,Ukhrul,25.1137,94.2069,5.28,3.97,22.36,29.82,32.06,19.39,19.95,14.3,71.36,1154.8,0.607,0.114,5,36.33,15.51,1070.0,10.99
Manipur,West Imphal,24.9204,93.8693,5.5,2.25,18.84,32.84,29.49,19.41,20.46,15.02,74.92,1350.4,0.596,0.113,4,35.25,16.51,804.0,0.4
Manipur,West Imphal,24.6067,93.8967,5.68,2.5,21.93,36.31,28.98,17.06,21.24,15.9,73.33,1265.9,0.592,0.118,5,36.12,16.51,773.0,0.18
Manipur,West Imphal,24.9253,93.8738,5.57,2.35,19.14,33.08,29.15,18.67,20.46,15.02,74.92,1350.4,0.596,0.113,4,35.25,16.51,807.0,0.31
Manipur,West Imphal,24.6503,93.8747,5.73,2.87,24.07,37.23,28.93,15.7,21.24,15.9,73.33,1265.9,0.592,0.118,5,36.12,16.51,769.0,0.0
Manipur,West Imphal,24.9018,93.8941,5.49,1.93,19.15,33.46,29.07,18.3,20.46,15.02,74.92,1350.4,0.596,0.113,4,35.25,16.51,794.0,0.36
Meghalaya,East Garo Hills,25.6721,90.4872,4.94,1.95,18.91,30.89,36.4,23.17,23.37,17.28,75.46,2521.0,0.647,0.083,4,40.18,15.62,216.0,1.9
Meghalaya,East Garo Hills,25.7537,90.7953,5.0,2.09,20.48,31.73,37.64,19.87,24.19,17.07,77.54,2178.6,0.642,0.08,4,39.68,15.62,286.0,8.24
Meghalaya,East Garo Hills,25.6148,90.6848,5.02,1.52,18.72,31.31,38.17,20.8,23.37,17.28,75.46,2521.0,0.647,0.083,4,40.18,15.62,335.0,2.03
Meghalaya,East Garo Hills,25.6799,90.5905,5.04,1.72,17.79,31.59,36.28,22.19,23.37,17.28,75.46,2521.0,0.647,0.083,4,40.18,15.62,268.0,0.54
Meghalaya,East Garo Hills,25.6367,90.7011,5.07,1.4,19.99,32.17,38.34,20.54,23.37,17.28,75.46,2521.0,0.647,0.083,4,40.18,15.62,360.0,0.99
Meghalaya,East Khasi Hills,25.5751,92.0687,5.19,4.08,33.54,32.11,34.82,21.83,17.96,11.94,81.91,3043.3,0.644,0.074,4,29.91,15.61,1158.0,7.32
Meghalaya,East Khasi Hills,25.5008,91.6769,5.32,7.75,41.42,37.65,30.89,21.48,17.96,11.94,81.91,3043.3,0.644,0.074,4,29.91,15.43,1840.0,1.25
Meghalaya,East Khasi Hills,25.2217,91.9596,4.99,3.3,29.77,29.58,42.13,19.71,24.47,18.43,78.25,3707.4,0.64,0.074,4,39.63,15.43,633.0,6.77
Meghalaya,East Khasi Hills,25.5225,91.828,5.34,5.85,33.13,34.95,32.65,20.59,17.96,11.94,81.91,3043.3,0.644,0.074,4,29.91,15.43,1730.0,1.09
Meghalaya,East Khasi Hills,25.3393,91.5881,5.42,6.23,48.4,39.02,31.54,20.65,17.96,11.94,81.91,3043.3,0.644,0.074,4,29.91,15.43,1746.0,1.15
Meghalaya,Jaintia Hills,25.2279,92.2481,5.22,3.23,23.06,28.7,41.34,17.18,23.65,17.53,78.13,2911.3,0.628,0.079,4,38.82,15.61,750.0,0.87
Meghalaya,Jaintia Hills,25.1898,92.3587,5.24,3.43,25.81,32.17,38.21,19.87,23.65,17.53,78.13,2911.3,0.628,0.079,4,38.82,15.61,738.0,1.74
Meghalaya,Jaintia Hills,25.1986,92.3677,5.1,3.85,24.38,32.53,38.5,19.57,23.65,17.53,78.13,2911.3,0.628,0.079,4,38.82,15.61,750.0,4.34
Meghalaya,Jaintia Hills,25.5095,92.5901,5.14,3.11,30.95,33.62,33.64,22.51,20.02,13.78,81.29,2331.7,0.632,0.079,4,36.47,15.61,775.0,4.23
Meghalaya,Jaintia Hills,25.6907,92.2663,5.12,3.42,31.43,31.91,39.05,22.74,20.02,13.78,81.29,2331.7,0.632,0.079,4,36.47,15.61,859.0,1.45
Meghalaya,Ri-Bhoi,25.7425,91.7924,5.07,2.53,25.31,29.62,40.23,20.45,17.96,11.94,81.91,3043.3,0.644,0.074,4,29.91,15.43,696.0,2.68
Meghalaya,Ri-Bhoi,25.9936,91.6224,5.14,2.22,25.8,31.06,37.17,20.61,22.94,16.03,77.29,2011.9,0.622,0.078,4,38.21,15.43,313.0,2.19
Meghalaya,Ri-Bhoi,25.902,91.7413,5.02,2.68,23.28,31.47,38.92,23.31,22.94,16.03,77.29,2011.9,0.622,0.078,4,38.21,15.43,513.0,5.97
Meghalaya,Ri-Bhoi,26.0448,91.753,5.22,2.53,24.02,30.71,36.11,20.81,22.94,16.03,77.29,2011.9,0.622,0.078,4,38.21,15.8,345.0,1.94
Meghalaya,Ri-Bhoi,26.0201,92.1755,5.38,2.19,20.3,31.27,33.7,21.72,22.94,16.03,77.29,2011.9,0.622,0.078,4,38.21,15.77,346.0,4.86
Meghalaya,South Garo Hills,25.299,90.3342,5.28,2.13,15.92,29.28,37.65,17.82,23.37,17.28,75.46,2521.0,0.647,0.083,4,40.18,15.62,112.0,3.66
Meghalaya,South Garo Hills,25.1872,90.5498,5.32,1.36,16.99,29.51,38.7,19.49,24.95,18.93,75.08,2763.1,0.646,0.086,4,42.26,15.62,137.0,6.15
Meghalaya,South Garo Hills,25.3016,90.6723,5.2,2.41,16.87,30.23,39.02,18.14,23.37,17.28,75.46,2521.0,0.647,0.083,4,40.18,15.62,65.0,2.07
Meghalaya,South Garo Hills,25.4575,90.7426,5.09,1.9,19.38,33.03,36.9,20.18,23.37,17.28,75.46,2521.0,0.647,0.083,4,40.18,15.62,154.0,1.84
Meghalaya,South Garo Hills,25.2297,90.9465,5.03,2.12,22.14,31.37,38.41,19.77,24.82,18.89,76.66,3584.3,0.642,0.077,4,40.99,15.62,219.0,6.8
Meghalaya,West Garo Hills,25.3734,90.0116,5.42,1.35,13.7,29.25,35.74,17.33,24.43,17.71,74.24,2194.9,0.666,0.092,5,41.67,15.62,52.0,1.85
Meghalaya,West Garo Hills,25.5212,90.2294,5.1,5.06,25.79,28.16,38.54,18.09,24.43,17.71,74.24,2194.9,0.666,0.092,5,41.67,15.62,488.0,16.96
Meghalaya,West Garo Hills,25.4143,90.1188,5.22,1.85,14.88,28.73,38.76,17.27,24.43,17.71,74.24,2194.9,0.666,0.092,5,41.67,15.62,146.0,4.69
Meghalaya,West Garo Hills,25.3685,90.1819,5.38,1.98,14.92,29.77,38.22,17.95,24.43,17.71,74.24,2194.9,0.666,0.092,5,41.67,15.62,126.0,2.17
Meghalaya,West Garo Hills,25.6649,90.2526,4.94,2.17,19.43,30.46,35.85,21.41,24.43,17.71,74.24,2194.9,0.666,0.092,5,41.67,15.62,389.0,5.45
Meghalaya,West Khasi Hills,25.593,90.9211,5.1,3.19,28.59,30.12,38.72,19.8,23.37,17.28,75.46,2521.0,0.647,0.083,4,40.18,15.62,790.0,1.68
Meghalaya,West Khasi Hills,25.2011,91.1139,5.27,1.74,18.42,30.84,40.18,18.54,24.82,18.89,76.66,3584.3,0.642,0.077,4,40.99,15.43,135.0,4.65
Meghalaya,West Khasi Hills,25.5364,91.3514,5.45,4.44,44.53,38.13,33.48,20.4,19.15,13.14,81.17,3048.5,0.646,0.075,4,31.34,15.43,1552.0,1.97
Meghalaya,West Khasi Hills,25.6602,91.1711,5.1,3.72,41.14,31.79,37.54,21.21,19.15,13.14,81.17,3048.5,0.646,0.075,4,31.34,15.43,1121.0,5.09
Meghalaya,West Khasi Hills,25.5058,91.3879,5.41,3.76,40.88,38.75,33.93,20.17,19.15,13.14,81.17,3048.5,0.646,0.075,4,31.34,15.43,1462.0,2.74
Mizoram,Aizawl,23.8308,93.0055,5.34,3.37,20.44,31.06,20.75,16.15,21.91,16.85,73.53,1407.3,0.609,0.11,5,36.49,16.63,595.0,12.99
Mizoram,Aizawl,23.7921,92.7732,5.34,5.97,23.99,33.96,23.68,17.3,23.63,18.39,77.63,2192.9,0.617,0.097,4,38.63,17.01,775.0,16.26
Mizoram,Aizawl,23.9239,92.8864,5.36,3.42,18.15,34.33,23.27,16.25,21.91,16.85,73.53,1407.3,0.609,0.11,5,36.49,17.01,378.0,11.42
Mizoram,Aizawl,23.6835,92.7355,5.39,4.07,20.66,33.6,27.99,19.29,22.9,17.7,78.51,2142.5,0.653,0.101,5,38.07,17.01,584.0,8.72
Mizoram,Aizawl,24.0654,92.8718,5.24,5.32,21.29,31.13,26.68,17.2,21.91,16.85,73.53,1407.3,0.609,0.11,5,36.49,16.63,355.0,12.64
Mizoram,Champhai,23.5871,93.125,5.32,3.32,20.94,34.7,22.14,16.0,21.04,16.19,72.68,1198.3,0.638,0.113,5,36.22,16.63,870.0,17.42
Mizoram,Champhai,23.4436,93.1039,5.35,1.76,18.43,34.1,23.82,16.71,21.04,16.19,72.68,1198.3,0.638,0.113,5,36.22,16.63,700.0,17.24
Mizoram,Champhai,23.1769,93.1898,5.45,2.29,20.44,32.35,28.35,18.23,21.12,16.23,71.22,1219.3,0.687,0.108,5,37.31,16.63,782.0,11.98
Mizoram,Champhai,23.1307,93.2187,5.39,2.51,21.11,32.69,26.9,17.6,21.12,16.23,71.22,1219.3,0.687,0.108,5,37.31,16.63,1006.0,14.78
Mizoram,Champhai,23.4553,93.2053,5.33,3.83,24.1,35.58,24.48,20.47,21.04,16.19,72.68,1198.3,0.638,0.113,5,36.22,16.63,1241.0,17.92
Mizoram,Kolasib,24.0914,92.8156,5.28,4.43,26.16,31.29,26.91,18.98,21.91,16.85,73.53,1407.3,0.609,0.11,5,36.49,16.63,389.0,10.31
Mizoram,Kolasib,24.1318,92.676,5.15,4.92,21.33,31.19,32.39,16.68,23.63,18.39,77.63,2192.9,0.617,0.097,4,38.63,16.63,256.0,14.65
Mizoram,Kolasib,24.2075,92.6137,5.19,2.19,20.25,30.07,34.4,15.35,23.63,18.39,77.63,2192.9,0.617,0.097,4,38.63,16.63,169.0,4.63
Mizoram,Kolasib,24.0485,92.8334,5.31,5.67,24.73,32.83,26.69,16.64,21.91,16.85,73.53,1407.3,0.609,0.11,5,36.49,16.63,249.0,19.79
Mizoram,Kolasib,24.2879,92.7274,5.22,2.24,19.75,29.13,31.09,16.41,24.76,18.43,76.26,2617.5,0.614,0.086,4,43.07,16.63,144.0,3.94
Mizoram,Lawngtlai,22.3047,92.6417,5.54,1.26,15.18,29.18,35.68,16.83,24.49,19.55,74.59,2540.3,0.738,0.095,5,40.31,17.55,108.0,1.63
Mizoram,Lawngtlai,22.2737,92.8154,5.32,1.9,18.16,29.52,34.4,14.55,21.17,16.38,71.43,1504.5,0.73,0.102,5,37.29,17.55,399.0,12.06
Mizoram,Lawngtlai,22.599,92.5917,5.38,2.82,20.24,33.02,37.57,21.03,24.49,19.55,74.59,2540.3,0.738,0.095,5,40.31,17.55,438.0,10.66
Mizoram,Lawngtlai,22.2757,92.8234,5.39,1.94,17.87,28.42,34.07,14.32,21.17,16.38,71.43,1504.5,0.73,0.102,5,37.29,17.55,274.0,10.6
Mizoram,Lawngtlai,22.5035,92.9165,5.37,5.52,21.43,32.03,36.61,18.24,21.17,16.38,71.43,1504.5,0.73,0.102,5,37.29,17.55,589.0,11.18
Mizoram,Lunglei,23.201,92.4571,5.32,1.91,17.66,29.52,32.42,15.39,24.31,19.17,74.61,2308.0,0.702,0.099,5,40.25,17.01,106.0,4.6
Mizoram,Lunglei,22.9903,92.7291,5.23,4.48,23.1,34.35,35.85,18.48,24.31,19.17,74.61,2308.0,0.702,0.099,5,40.25,17.55,686.0,18.18
Mizoram,Lunglei,22.8473,93.028,5.29,3.73,26.29,32.3,31.86,18.57,21.12,16.23,71.22,1219.3,0.687,0.108,5,37.31,17.22,1135.0,11.44
Mizoram,Lunglei,22.8305,92.4833,5.48,1.33,13.81,31.9,31.86,16.79,24.31,19.17,74.61,2308.0,0.702,0.099,5,40.25,17.55,46.0,0.53
Mizoram,Lunglei,23.2972,92.5218,5.19,3.57,23.64,32.86,31.97,17.27,22.9,17.7,78.51,2142.5,0.653,0.101,5,38.07,17.01,567.0,16.92
Mizoram,Mamit,23.6549,92.5814,4.99,4.76,26.66,33.01,30.43,18.14,22.9,17.7,78.51,2142.5,0.653,0.101,5,38.07,17.01,916.0,21.56
Mizoram,Mamit,23.3855,92.5652,5.25,2.59,20.87,30.9,31.25,16.94,22.9,17.7,78.51,2142.5,0.653,0.101,5,38.07,17.01,449.0,10.08
Mizoram,Mamit,23.6185,92.516,5.25,2.88,19.04,29.91,29.06,16.17,22.9,17.7,78.51,2142.5,0.653,0.101,5,38.07,17.01,154.0,1.6
Mizoram,Mamit,23.5654,92.5047,5.24,6.2,22.62,29.97,30.57,16.25,22.9,17.7,78.51,2142.5,0.653,0.101,5,38.07,17.01,368.0,11.31
Mizoram,Mamit,23.795,92.2704,5.22,4.56,24.66,31.12,33.69,17.95,23.63,18.39,77.63,2192.9,0.617,0.097,4,38.63,17.01,471.0,15.17
Mizoram,Saiha,22.3997,93.1203,5.3,3.9,30.38,35.44,32.2,22.7,21.17,16.38,71.43,1504.5,0.73,0.102,5,37.29,17.22,1445.0,12.19
Mizoram,Saiha,22.2613,93.0601,5.4,4.01,24.0,32.22,36.31,20.33,21.17,16.38,71.43,1504.5,0.73,0.102,5,37.29,17.22,784.0,15.65
Mizoram,Saiha,22.5819,93.0697,5.45,3.87,23.85,31.72,33.45,20.58,21.17,16.38,71.43,1504.5,0.73,0.102,5,37.29,17.22,745.0,17.43
Mizoram,Saiha,22.7153,92.9461,5.31,4.09,21.54,29.97,32.28,16.08,21.17,16.38,71.43,1504.5,0.73,0.102,5,37.29,17.55,597.0,22.9
Mizoram,Saiha,22.2687,92.9266,5.29,3.37,20.52,29.6,35.29,16.94,21.17,16.38,71.43,1504.5,0.73,0.102,5,37.29,17.55,462.0,12.04
Mizoram,Serchhip,23.1891,92.9556,5.29,2.33,21.03,32.39,27.32,16.55,21.12,16.23,71.22,1219.3,0.687,0.108,5,37.31,17.01,519.0,12.54
Mizoram,Serchhip,23.1392,93.0945,5.32,3.92,24.9,30.38,27.36,19.78,21.12,16.23,71.22,1219.3,0.687,0.108,5,37.31,16.63,964.0,16.62
Mizoram,Serchhip,23.4139,92.9176,5.42,2.79,21.56,32.43,26.64,18.14,21.04,16.19,72.68,1198.3,0.638,0.113,5,36.22,17.01,759.0,12.8
Mizoram,Serchhip,23.1628,92.9785,5.31,3.6,23.67,30.83,29.15,16.46,21.12,16.23,71.22,1219.3,0.687,0.108,5,37.31,17.01,758.0,23.7
Mizoram,Serchhip,23.1815,92.9599,5.3,2.62,21.27,32.15,27.62,16.66,21.12,16.23,71.22,1219.3,0.687,0.108,5,37.31,17.01,622.0,7.65
Nagaland,Dimapur,25.7181,93.6178,5.37,1.99,18.84,32.5,32.35,18.39,20.45,14.57,75.01,1307.4,0.607,0.104,5,36.8,15.98,232.0,1.78
Nagaland,Dimapur,25.7866,93.6353,5.62,1.82,15.41,30.65,34.51,15.29,22.77,16.45,74.12,1409.6,0.627,0.089,5,39.59,15.98,168.0,0.28
Nagaland,Dimapur,25.9117,93.788,5.54,1.65,14.77,28.56,34.44,16.15,22.77,16.45,74.12,1409.6,0.627,0.089,5,39.59,15.98,145.0,0.81
Nagaland,Dimapur,25.8848,93.9677,5.12,4.99,23.08,35.78,32.23,17.69,22.77,16.45,74.12,1409.6,0.627,0.089,5,39.59,15.98,565.0,11.68
Nagaland,Dimapur,25.8378,93.7377,5.74,1.7,16.36,30.87,33.68,15.14,22.77,16.45,74.12,1409.6,0.627,0.089,5,39.59,15.98,157.0,0.54
Nagaland,Kohima,25.5227,93.5169,5.27,3.75,19.57,36.9,26.74,18.98,20.45,14.57,75.01,1307.4,0.607,0.104,5,36.8,15.98,424.0,3.16
Nagaland,Kohima,25.6593,93.7026,5.84,2.18,18.71,39.46,28.8,16.95,20.45,14.57,75.01,1307.4,0.607,0.104,5,36.8,15.98,326.0,0.78
Nagaland,Kohima,25.6453,93.6484,5.6,1.8,18.63,36.25,28.81,16.93,20.45,14.57,75.01,1307.4,0.607,0.104,5,36.8,15.98,322.0,0.57
Nagaland,Kohima,25.6244,93.6738,5.6,2.03,19.37,41.92,28.25,17.39,20.45,14.57,75.01,1307.4,0.607,0.104,5,36.8,15.98,360.0,0.8
Nagaland,Kohima,25.8298,94.1626,5.22,6.76,21.73,34.34,29.84,18.17,20.27,14.05,74.09,1453.0,0.643,0.085,4,38.63,15.51,1090.0,9.99
Nagaland,Mokokchung,26.392,94.6122,5.29,6.95,27.13,33.76,35.88,17.85,22.75,16.19,74.62,1753.9,0.655,0.073,4,39.97,15.59,1212.0,14.03
Nagaland,Mokokchung,26.4544,94.3639,5.37,2.99,22.53,31.51,38.18,17.94,22.75,16.19,74.62,1753.9,0.655,0.073,4,39.97,15.59,239.0,1.79
Nagaland,Mokokchung,26.3436,94.3668,5.15,3.13,28.92,33.47,34.75,18.72,22.75,16.19,74.62,1753.9,0.655,0.073,4,39.97,15.59,416.0,5.54
Nagaland,Mokokchung,26.2474,94.3583,5.12,4.84,27.88,34.98,30.37,19.4,20.27,14.05,74.09,1453.0,0.643,0.085,4,38.63,15.59,620.0,4.35
Nagaland,Mokokchung,26.2417,94.3866,5.17,7.9,30.12,34.01,31.14,19.43,20.27,14.05,74.09,1453.0,0.643,0.085,4,38.63,15.59,766.0,19.16
Nagaland,Mon,26.6887,94.7989,4.99,3.81,32.42,26.98,40.05,18.75,19.83,13.59,75.18,1700.5,0.651,0.069,4,38.83,15.59,238.0,11.89
Nagaland,Mon,26.7873,95.1632,5.09,4.19,33.9,30.13,39.67,19.18,23.66,17.17,72.95,1980.6,0.65,0.064,4,42.61,14.57,717.0,10.16
Nagaland,Mon,26.6354,94.9928,5.04,3.58,24.3,33.49,37.11,16.95,19.83,13.59,75.18,1700.5,0.651,0.069,4,38.83,15.59,356.0,7.11
Nagaland,Mon,26.4215,94.9601,5.59,4.6,26.45,31.23,34.82,17.06,19.83,13.59,75.18,1700.5,0.651,0.069,4,38.83,15.59,995.0,25.13
Nagaland,Mon,27.0204,95.1853,5.19,3.26,22.46,28.85,41.73,15.78,23.66,17.17,72.95,1980.6,0.65,0.064,4,42.61,14.89,130.0,0.81
Nagaland,Phek,25.6833,94.8171,5.28,14.99,32.58,30.38,28.68,20.0,20.73,14.75,69.05,1125.7,0.641,0.095,5,38.84,15.51,1776.0,17.46
Nagaland,Phek,25.6943,94.2636,5.22,9.87,21.8,31.64,31.26,18.4,18.39,12.51,74.01,1240.6,0.624,0.102,5,34.36,15.51,1062.0,19.14
Nagaland,Phek,25.5645,94.6331,5.26,8.0,27.85,28.93,31.08,19.41,18.39,12.51,74.01,1240.6,0.624,0.102,5,34.36,15.51,1243.0,22.16
Nagaland,Phek,25.5868,94.8809,5.43,11.65,25.85,28.98,33.91,16.5,20.73,14.75,69.05,1125.7,0.641,0.095,5,38.84,15.51,448.0,4.97
Nagaland,Phek,25.8411,94.4641,5.16,19.98,46.92,33.3,30.75,22.33,20.27,14.05,74.09,1453.0,0.643,0.085,4,38.63,15.51,2277.0,17.42
Nagaland,Tuensang,26.2261,94.833,5.28,9.14,28.15,30.25,34.39,18.87,17.73,11.78,74.72,1428.5,0.651,0.079,4,35.42,15.59,1599.0,19.74
Nagaland,Tuensang,25.7897,94.7808,5.39,5.94,24.54,31.19,27.93,17.68,17.73,11.78,74.72,1428.5,0.651,0.079,4,35.42,15.51,1108.0,11.64
Nagaland,Tuensang,26.462,94.8334,5.37,5.3,25.52,32.18,35.65,17.86,19.83,13.59,75.18,1700.5,0.651,0.069,4,38.83,15.59,1254.0,7.76
Nagaland,Tuensang,26.2471,94.9655,5.33,13.53,39.1,30.19,33.42,18.95,17.73,11.78,74.72,1428.5,0.651,0.079,4,35.42,15.59,1847.0,25.27
Nagaland,Tuensang,26.7202,94.8139,5.0,5.84,30.48,31.54,40.73,17.91,19.83,13.59,75.18,1700.5,0.651,0.069,4,38.83,15.59,460.0,3.43
Nagaland,Wokha,26.3033,94.2909,5.21,4.0,21.87,33.54,34.07,16.33,22.75,16.19,74.62,1753.9,0.655,0.073,4,39.97,15.59,412.0,12.35
Nagaland,Wokha,26.3072,94.2487,5.18,9.5,29.48,33.89,32.62,18.27,22.75,16.19,74.62,1753.9,0.655,0.073,4,39.97,15.59,991.0,27.96
Nagaland,Wokha,26.2759,94.0838,5.41,3.06,22.52,33.52,35.89,19.35,22.75,16.19,74.62,1753.9,0.655,0.073,4,39.97,15.59,158.0,3.33
Nagaland,Wokha,26.5036,94.2547,5.19,3.39,27.58,32.56,36.08,18.03,22.75,16.19,74.62,1753.9,0.655,0.073,4,39.97,15.59,207.0,5.42
Nagaland,Wokha,26.0927,94.3569,5.34,9.2,21.6,32.98,29.88,16.69,20.27,14.05,74.09,1453.0,0.643,0.085,4,38.63,15.59,787.0,18.34
Nagaland,Zunheboto,25.9838,94.3719,5.24,9.03,23.2,33.61,30.06,17.58,20.27,14.05,74.09,1453.0,0.643,0.085,4,38.63,15.51,773.0,17.05
Nagaland,Zunheboto,26.1641,94.4989,5.25,9.59,22.04,32.26,31.5,19.26,20.27,14.05,74.09,1453.0,0.643,0.085,4,38.63,15.59,1098.0,6.11
Nagaland,Zunheboto,25.9728,94.5888,5.22,16.24,29.31,31.1,30.4,19.54,20.27,14.05,74.09,1453.0,0.643,0.085,4,38.63,15.51,1636.0,21.6
Nagaland,Zunheboto,25.8903,94.47,5.32,15.3,37.15,31.85,30.58,22.81,20.27,14.05,74.09,1453.0,0.643,0.085,4,38.63,15.51,1810.0,15.68
Nagaland,Zunheboto,26.158,94.6361,5.34,6.89,26.77,30.45,31.95,20.99,20.27,14.05,74.09,1453.0,0.643,0.085,4,38.63,15.59,1449.0,17.29
Orissa,Baleshwar,21.421,86.7223,5.95,1.87,26.87,32.19,35.64,18.96,26.31,20.67,73.98,1719.4,0.708,0.128,5,45.8,16.92,403.0,6.62
Orissa,Baleshwar,21.9564,87.2086,6.39,1.01,12.71,36.48,30.91,17.24,25.91,19.36,75.44,1646.6,0.714,0.121,5,46.99,16.99,25.0,0.26
Orissa,Baleshwar,21.3824,86.5078,6.09,1.44,20.87,32.53,34.66,17.56,25.03,19.53,71.16,1602.2,0.728,0.122,5,45.65,16.92,173.0,1.5
Orissa,Baleshwar,21.6676,87.3581,6.6,2.28,17.6,40.96,14.57,17.92,26.6,21.49,76.39,1847.5,0.709,0.126,5,41.05,16.99,2.0,0.23
Orissa,Baleshwar,21.6126,87.4208,6.47,1.4,16.12,32.17,15.68,17.47,26.6,21.49,76.39,1847.5,0.709,0.126,5,41.05,16.99,13.0,0.19
Orissa,Angul,20.8009,85.1015,6.43,1.05,10.82,29.17,52.51,11.97,26.07,20.24,67.59,1495.0,0.788,0.1,6,47.4,17.41,114.0,0.67
Orissa,Angul,21.0201,85.1039,6.27,1.19,11.64,32.26,40.28,14.99,26.07,20.24,67.59,1495.0,0.788,0.1,6,47.4,17.1,116.0,0.49
Orissa,Angul,20.6793,84.6775,5.87,2.65,25.46,30.56,39.16,19.13,25.35,19.86,66.02,1492.4,0.792,0.105,6,46.17,17.53,695.0,17.55
Orissa,Angul,20.7693,85.1021,6.34,1.03,10.88,29.28,52.76,12.37,26.07,20.24,67.59,1495.0,0.788,0.1,6,47.4,17.41,116.0,0.64
Orissa,Angul,20.8101,84.9061,6.46,1.2,14.71,30.85,43.81,14.9,26.07,20.24,67.59,1495.0,0.788,0.1,6,47.4,17.53,255.0,1.26
Orissa,Baragarh,21.4781,83.7451,6.78,1.28,13.05,37.33,24.99,27.61,26.35,19.92,62.49,1397.5,0.858,0.066,7,47.2,18.27,185.0,0.91
Orissa,Baragarh,20.9655,83.2805,7.07,1.15,8.74,38.85,24.91,26.35,26.12,19.71,62.63,1339.2,0.862,0.065,7,47.72,17.9,187.0,0.57
Orissa,Baragarh,21.2532,83.7676,6.98,2.95,17.77,37.75,24.4,25.95,26.35,19.92,62.49,1397.5,0.858,0.066,7,47.2,18.27,154.0,0.44
Orissa,Baragarh,21.0092,83.0212,7.14,1.11,9.14,38.04,23.13,25.15,26.12,19.71,62.63,1339.2,0.862,0.065,7,47.72,18.27,204.0,0.24
Orissa,Baragarh,20.8969,83.2498,6.66,1.21,10.97,35.44,31.85,24.59,26.12,19.71,62.63,1339.2,0.862,0.065,7,47.72,17.9,221.0,0.72
Orissa,Bhadrak,20.8502,86.4441,6.74,1.25,19.06,40.44,22.49,18.1,26.35,21.04,72.17,1618.6,0.726,0.129,5,47.36,17.2,10.0,0.39
Orissa,Bhadrak,20.9881,86.468,6.63,1.29,18.11,43.52,20.9,17.55,26.35,21.04,72.17,1618.6,0.726,0.129,5,47.36,17.2,12.0,0.28
Orissa,Bhadrak,21.0855,86.7733,6.54,1.44,12.71,41.75,15.36,18.88,26.7,21.91,75.98,1857.0,0.708,0.125,5,43.11,16.92,2.0,0.06
Orissa,Bhadrak,20.9272,86.9045,6.75,1.63,18.23,38.89,16.67,17.95,26.7,21.91,75.98,1857.0,0.708,0.125,5,43.11,17.2,2.0,0.05
Orissa,Bhadrak,20.9574,86.332,6.61,1.17,14.44,42.35,21.96,17.37,26.35,21.04,72.17,1618.6,0.726,0.129,5,47.36,17.2,19.0,0.28
Orissa,Bolangir,20.8075,83.3457,6.59,1.2,10.57,35.23,29.86,23.68,26.12,19.71,62.63,1339.2,0.862,0.065,7,47.72,17.9,203.0,1.1
Orissa,Bolangir,20.2926,83.1465,6.74,1.16,9.65,32.06,31.14,23.47,26.24,20.09,63.37,1338.8,0.847,0.074,7,47.74,17.9,208.0,0.5
Orissa,Bolangir,20.5357,83.1959,6.55,1.16,9.71,36.88,29.41,24.93,26.24,20.09,63.37,1338.8,0.847,0.074,7,47.74,17.9,258.0,0.31
Orissa,Bolangir,20.4211,83.0041,6.68,1.08,9.26,39.02,28.2,24.79,26.24,20.09,63.37,1338.8,0.847,0.074,7,47.74,17.9,259.0,0.38
Orissa,Bolangir,20.8343,83.2876,6.44,1.41,15.95,36.26,28.76,25.23,26.12,19.71,62.63,1339.2,0.862,0.065,7,47.72,17.9,295.0,5.7
Orissa,Boudh,20.4714,84.5958,6.02,1.59,18.05,28.33,37.86,14.19,25.35,19.86,66.02,1492.4,0.792,0.105,6,46.17,17.53,204.0,1.89
Orissa,Boudh,20.8541,84.2107,6.67,1.23,10.54,36.15,31.13,23.43,26.26,20.37,64.33,1483.2,0.817,0.087,6,47.38,17.53,110.0,0.28
Orissa,Boudh,20.6112,84.5795,6.56,1.36,13.39,32.08,34.83,17.57,25.35,19.86,66.02,1492.4,0.792,0.105,6,46.17,17.53,81.0,0.28
Orissa,Boudh,20.7527,83.8588,6.72,1.11,8.79,32.59,33.71,22.1,26.62,20.46,62.85,1416.9,0.848,0.074,7,47.95,17.9,140.0,0.57
Orissa,Boudh,20.7907,84.0753,6.62,1.11,9.57,36.49,31.39,23.1,26.26,20.37,64.33,1483.2,0.817,0.087,6,47.38,17.53,112.0,0.43
Orissa,Cuttack,20.5003,84.8776,6.54,1.73,23.94,28.35,34.36,16.15,26.13,20.46,69.21,1518.4,0.769,0.116,6,47.7,17.53,50.0,0.15
Orissa,Cuttack,20.4771,84.98,6.68,1.19,18.69,34.09,32.55,16.15,26.13,20.46,69.21,1518.4,0.769,0.116,6,47.7,17.53,47.0,1.43
Orissa,Cuttack,20.4709,85.5707,6.29,1.11,11.47,35.44,32.19,17.74,26.39,20.79,72.84,1573.5,0.752,0.125,6,48.07,17.41,55.0,1.03
Orissa,Cuttack,20.3714,85.6167,6.28,1.32,13.17,31.64,36.31,17.0,26.39,20.79,72.84,1573.5,0.752,0.125,6,48.07,17.41,58.0,1.38
Orissa,Cuttack,20.4732,85.7056,6.38,1.12,12.34,35.46,31.18,15.8,26.39,20.79,72.84,1573.5,0.752,0.125,6,48.07,17.41,25.0,0.05
Orissa,Deogarh,21.4571,84.4958,6.33,1.35,15.3,37.53,31.72,27.01,25.96,19.67,64.06,1445.1,0.835,0.075,6,46.9,17.89,280.0,0.96
Orissa,Deogarh,21.5435,85.0422,6.51,1.45,13.01,36.53,33.3,21.4,25.58,19.68,66.02,1460.3,0.805,0.086,6,46.62,17.1,137.0,0.78
Orissa,Deogarh,21.6948,84.686,6.2,1.33,16.13,40.03,31.64,28.27,25.96,19.67,64.06,1445.1,0.835,0.075,6,46.9,17.89,371.0,0.77
Orissa,Deogarh,21.3444,84.8858,6.27,1.59,19.59,34.27,35.96,22.99,25.58,19.68,66.02,1460.3,0.805,0.086,6,46.62,17.89,333.0,6.17
Orissa,Deogarh,21.5085,84.9553,6.53,1.24,12.11,37.83,31.66,22.43,25.58,19.68,66.02,1460.3,0.805,0.086,6,46.62,17.89,137.0,0.23
Orissa,Dhenkanal,20.8626,85.6278,6.21,1.25,16.5,32.48,39.51,15.59,25.99,20.37,70.49,1539.6,0.759,0.115,6,47.31,17.41,79.0,1.87
Orissa,Dhenkanal,20.7855,85.8843,6.37,1.18,13.39,34.03,32.84,16.41,25.99,20.37,70.49,1539.6,0.759,0.115,6,47.31,17.41,82.0,0.6
Orissa,Dhenkanal,20.6629,85.6693,6.32,1.11,11.32,34.21,32.95,15.36,26.39,20.79,72.84,1573.5,0.752,0.125,6,48.07,17.41,70.0,0.39
Orissa,Dhenkanal,20.9859,85.5266,6.06,1.84,22.9,28.44,37.64,17.68,25.99,20.37,70.49,1539.6,0.759,0.115,6,47.31,17.41,212.0,5.33
Orissa,Dhenkanal,20.6651,85.3505,6.24,1.12,13.53,30.07,42.94,14.31,26.39,20.79,72.84,1573.5,0.752,0.125,6,48.07,17.41,141.0,2.61
Orissa,Gajapati,19.6045,84.101,5.91,1.72,21.98,33.41,36.33,14.94,25.27,20.66,71.03,1412.5,0.726,0.161,6,45.99,17.34,685.0,10.36
Orissa,Gajapati,18.9328,83.9734,5.76,3.03,25.26,31.36,39.23,17.2,26.1,21.7,69.2,1327.7,0.7,0.192,5,47.23,17.65,568.0,5.74
Orissa,Gajapati,19.2649,84.1338,5.76,2.01,21.45,31.11,40.54,16.51,25.27,20.66,71.03,1412.5,0.726,0.161,6,45.99,17.34,544.0,21.76
Orissa,Gajapati,18.9821,84.409,5.97,2.05,24.03,30.53,42.21,17.19,26.03,21.99,74.13,1367.8,0.686,0.194,5,44.4,17.79,311.0,8.47
Orissa,Gajapati,19.5371,84.0919,6.21,1.66,18.78,31.61,38.89,13.76,25.27,20.66,71.03,1412.5,0.726,0.161,6,45.99,17.34,367.0,6.33
Orissa,Ganjam,19.9805,84.4793,6.53,1.21,13.08,32.47,34.51,14.58,24.97,19.92,67.99,1466.9,0.762,0.129,6,45.83,17.34,107.0,0.61
Orissa,Ganjam,20.1642,84.6399,5.73,2.23,25.34,30.91,36.02,17.6,24.97,19.92,67.99,1466.9,0.762,0.129,6,45.83,17.53,579.0,16.5
Orissa,Ganjam,19.2593,84.8474,6.57,1.26,15.75,30.31,35.26,21.85,27.1,22.94,72.77,1488.3,0.716,0.159,6,42.42,17.34,4.0,0.28
Orissa,Ganjam,19.2072,84.7875,6.54,1.3,15.77,34.23,33.07,21.14,27.33,24.02,76.72,1486.8,0.686,0.179,6,37.14,17.34,5.0,0.12
Orissa,Ganjam,19.7163,84.5062,6.36,1.12,14.54,31.3,39.91,14.41,25.27,20.66,71.03,1412.5,0.726,0.161,6,45.99,17.34,72.0,0.5
Orissa,Jagatsinghpur,20.19,86.3757,6.72,1.3,14.52,38.44,21.56,16.55,26.89,22.76,76.73,1636.3,0.717,0.139,5,40.42,17.2,2.0,0.08
Orissa,Jagatsinghpur,20.046,86.222,6.71,1.21,12.14,34.36,27.53,17.04,26.89,22.76,76.73,1636.3,0.717,0.139,5,40.42,17.2,4.0,0.0
Orissa,Jagatsinghpur,20.2637,86.5901,6.82,1.7,23.32,36.8,18.75,18.19,26.97,22.89,76.73,1851.9,0.711,0.125,5,39.44,17.2,4.0,0.39
Orissa,Jagatsinghpur,20.3115,86.6633,6.78,2.63,19.94,33.7,20.15,20.5,26.97,22.89,76.73,1851.9,0.711,0.125,5,39.44,17.2,5.0,1.03
Orissa,Jagatsinghpur,20.2207,86.5343,6.82,1.35,15.31,34.83,19.89,18.18,26.89,22.76,76.73,1636.3,0.717,0.139,5,40.42,17.2,1.0,0.68
Orissa,Jajpur,20.7986,86.286,6.63,1.18,14.48,39.56,21.88,17.83,26.35,21.04,72.17,1618.6,0.726,0.129,5,47.36,17.2,13.0,0.39
Orissa,Jajpur,20.8313,86.0314,6.32,1.19,13.29,39.12,27.54,18.4,26.35,21.04,72.17,1618.6,0.726,0.129,5,47.36,17.2,25.0,0.53
Orissa,Jajpur,20.7396,86.0366,6.27,1.16,11.87,38.59,26.05,20.1,26.57,21.51,74.86,1635.3,0.725,0.13,5,46.39,17.2,26.0,0.12
Orissa,Jajpur,20.9923,86.224,6.4,1.36,16.06,42.45,25.17,17.43,26.35,21.04,72.17,1618.6,0.726,0.129,5,47.36,17.2,29.0,0.24
Orissa,Jajpur,20.8586,86.499,6.73,1.24,14.0,41.31,21.63,17.53,26.35,21.04,72.17,1618.6,0.726,0.129,5,47.36,17.2,8.0,0.26
Orissa,Jharsuguda,21.9531,84.3145,6.56,1.16,10.89,35.65,26.82,28.4,25.73,19.18,62.68,1394.4,0.841,0.069,6,46.76,17.89,257.0,0.65
Orissa,Jharsuguda,21.7083,83.8019,6.8,1.22,10.69,39.13,21.03,29.09,26.35,19.92,62.49,1397.5,0.858,0.066,7,47.2,18.27,230.0,0.51
Orissa,Jharsuguda,21.6339,83.92,6.78,1.21,10.75,38.38,23.68,29.34,26.35,19.92,62.49,1397.5,0.858,0.066,7,47.2,18.27,203.0,0.11
Orissa,Jharsuguda,21.6895,83.8376,6.83,1.24,11.49,37.91,21.49,29.83,26.35,19.92,62.49,1397.5,0.858,0.066,7,47.2,18.27,196.0,1.12
Orissa,Jharsuguda,21.6561,83.9285,6.79,1.17,10.6,39.87,24.66,29.23,26.35,19.92,62.49,1397.5,0.858,0.066,7,47.2,18.27,198.0,0.42
Orissa,Kalahandi,20.0521,83.3064,6.36,1.35,13.53,32.02,37.12,22.31,25.77,20.22,64.29,1335.4,0.82,0.089,7,46.72,17.9,262.0,1.49
Orissa,Kalahandi,19.7079,83.1985,5.97,1.79,18.96,30.14,37.78,17.39,24.45,19.48,66.78,1383.9,0.786,0.113,6,45.05,17.4,491.0,5.34
Orissa,Kalahandi,20.0551,83.506,6.3,1.71,16.93,34.72,36.43,23.48,24.92,19.72,66.22,1403.6,0.793,0.112,6,45.65,17.9,384.0,5.25
Orissa,Kalahandi,19.8181,83.0964,6.06,1.61,19.72,30.03,41.32,22.08,25.77,20.22,64.29,1335.4,0.82,0.089,7,46.72,17.4,368.0,11.56
Orissa,Kalahandi,20.1367,82.9786,6.55,1.12,9.71,33.34,33.72,21.48,25.77,20.22,64.29,1335.4,0.82,0.089,7,46.72,18.19,214.0,0.88
Orissa,Kendrapara,20.7018,86.5543,6.81,1.22,14.07,41.28,17.58,20.62,26.57,21.51,74.86,1635.3,0.725,0.13,5,46.39,17.2,8.0,0.23
Orissa,Kendrapara,20.4766,86.4471,6.78,1.29,14.74,41.76,17.1,17.46,26.57,21.51,74.86,1635.3,0.725,0.13,5,46.39,17.2,4.0,0.21
Orissa,Kendrapara,20.6735,86.6069,6.74,1.67,16.4,42.47,15.96,18.26,26.97,22.89,76.73,1851.9,0.711,0.125,5,39.44,17.2,3.0,0.05
Orissa,Kendrapara,20.6559,86.5061,6.77,1.25,13.09,39.24,18.75,18.8,26.57,21.51,74.86,1635.3,0.725,0.13,5,46.39,17.2,4.0,0.12
Orissa,Kendrapara,20.4621,86.5737,6.62,1.51,16.93,38.64,15.9,18.73,26.97,22.89,76.73,1851.9,0.711,0.125,5,39.44,17.2,2.0,0.0
Orissa,Kandhamal,20.4577,84.3467,6.05,1.37,18.15,34.28,39.93,16.04,25.35,19.86,66.02,1492.4,0.792,0.105,6,46.17,17.53,520.0,2.32
Orissa,Kandhamal,19.8652,83.6981,5.71,2.62,23.82,31.73,36.05,18.35,24.92,19.72,66.22,1403.6,0.793,0.112,6,45.65,17.4,814.0,12.35
Orissa,Kandhamal,20.0329,83.757,5.83,1.48,17.22,32.79,38.22,16.87,24.92,19.72,66.22,1403.6,0.793,0.112,6,45.65,17.9,460.0,5.68
Orissa,Kandhamal,20.5293,84.2736,5.83,2.26,24.41,31.7,36.21,18.65,25.35,19.86,66.02,1492.4,0.792,0.105,6,46.17,17.53,642.0,7.76
Orissa,Kandhamal,20.1498,84.0126,6.21,1.71,18.77,34.45,36.23,18.85,24.92,19.72,66.22,1403.6,0.793,0.112,6,45.65,17.53,566.0,2.57
Orissa,Khordha,20.1363,85.6567,6.26,1.34,13.11,31.72,35.95,19.38,26.81,22.15,74.25,1587.4,0.736,0.139,6,43.76,17.41,24.0,0.48
Orissa,Khordha,20.1891,85.2775,6.12,1.23,12.18,34.64,37.58,17.12,26.61,21.54,70.05,1504.9,0.747,0.134,6,47.17,17.41,87.0,0.31
Orissa,Khordha,19.9037,85.4807,6.72,1.27,16.98,32.45,26.2,20.57,26.81,22.15,74.25,1587.4,0.736,0.139,6,43.76,17.57,1.0,0.0
Orissa,Khordha,20.1611,85.8887,6.51,1.32,13.93,37.08,29.01,19.16,26.81,22.15,74.25,1587.4,0.736,0.139,6,43.76,17.41,12.0,0.31
Orissa,Khordha,20.143,85.9748,6.46,1.27,15.59,36.18,29.29,16.68,26.89,22.76,76.73,1636.3,0.717,0.139,5,40.42,17.41,9.0,0.12
Orissa,Keonjhar,21.4855,85.8639,6.12,1.22,12.85,34.56,34.6,15.84,25.12,19.5,68.56,1515.6,0.768,0.103,6,45.85,17.1,333.0,0.47
Orissa,Keonjhar,21.5507,85.4409,5.93,2.0,24.04,34.19,36.35,21.14,25.12,19.5,68.56,1515.6,0.768,0.103,6,45.85,17.1,602.0,2.06
Orissa,Keonjhar,21.1611,86.1347,6.5,1.22,13.59,43.97,25.33,16.12,26.35,21.04,72.17,1618.6,0.726,0.129,5,47.36,16.92,37.0,0.4
Orissa,Keonjhar,21.2886,85.4127,6.39,1.29,15.9,34.17,38.02,16.81,25.12,19.5,68.56,1515.6,0.768,0.103,6,45.85,17.1,178.0,0.33
Orissa,Keonjhar,21.8652,85.532,6.28,1.11,12.68,39.05,33.48,22.7,24.78,18.92,66.21,1502.9,0.783,0.089,6,45.97,17.1,426.0,0.72
Orissa,Koraput,18.898,82.9231,6.11,1.71,16.89,31.13,38.15,17.23,23.96,19.48,68.75,1448.4,0.751,0.144,6,44.4,17.62,905.0,5.61
Orissa,Koraput,19.1528,82.277,6.51,1.24,17.87,31.84,38.51,32.3,23.9,19.33,68.56,1600.0,0.794,0.1,5,44.4,18.05,549.0,0.05
Orissa,Koraput,18.7258,82.1299,6.46,1.48,15.9,28.25,39.88,19.48,25.68,21.62,67.75,1516.2,0.784,0.113,6,46.51,17.62,264.0,1.25
Orissa,Koraput,18.9321,83.2095,6.06,1.7,19.47,29.77,37.91,15.87,23.96,19.48,68.75,1448.4,0.751,0.144,6,44.4,17.65,500.0,13.84
Orissa,Koraput,18.6556,82.3986,6.25,1.4,13.67,29.33,36.65,18.36,23.14,19.26,70.46,1561.6,0.762,0.133,6,43.04,17.62,593.0,0.65
Orissa,Malkangiri,18.2244,82.0339,6.22,1.11,17.61,27.81,36.98,18.63,25.6,22.11,69.57,1384.1,0.739,0.161,6,46.26,17.62,178.0,0.76
Orissa,Malkangiri,18.6312,82.0276,6.4,1.48,17.2,28.52,38.95,16.22,25.68,21.62,67.75,1516.2,0.784,0.113,6,46.51,17.62,242.0,0.42
Orissa,Malkangiri,17.9893,81.6069,6.41,1.08,11.05,29.39,36.9,17.79,25.6,22.11,69.57,1384.1,0.739,0.161,6,46.26,18.21,136.0,1.42
Orissa,Malkangiri,18.4057,82.1853,6.37,1.22,12.32,27.85,34.5,19.04,25.68,21.62,67.75,1516.2,0.784,0.113,6,46.51,17.62,269.0,0.82
Orissa,Malkangiri,18.3979,82.0107,6.35,1.25,12.38,27.6,39.96,17.04,25.68,21.62,67.75,1516.2,0.784,0.113,6,46.51,17.62,284.0,1.3
Orissa,Mayurbhanj,21.48,86.227,6.27,1.35,18.36,32.93,32.24,17.72,25.03,19.53,71.16,1602.2,0.728,0.122,5,45.65,16.92,282.0,0.19
Orissa,Mayurbhanj,21.4384,86.3558,6.23,1.28,17.2,37.74,31.39,17.87,25.03,19.53,71.16,1602.2,0.728,0.122,5,45.65,16.92,185.0,1.14
Orissa,Mayurbhanj,21.986,86.3601,5.59,2.1,31.86,32.48,32.4,21.42,24.4,18.38,69.39,1564.5,0.745,0.106,5,45.66,16.92,668.0,15.41
Orissa,Mayurbhanj,22.0242,85.965,6.08,1.25,12.4,34.59,36.24,17.93,24.4,18.38,69.39,1564.5,0.745,0.106,5,45.66,17.32,371.0,1.81
Orissa,Mayurbhanj,22.1051,86.7759,6.13,1.1,12.01,31.09,40.23,17.38,25.85,19.24,72.02,1564.3,0.72,0.119,5,48.83,17.37,89.0,0.98
Orissa,Nabarangpur,19.5255,82.4841,6.41,1.39,13.12,32.83,39.13,31.39,24.67,19.47,66.73,1510.5,0.816,0.082,6,45.77,18.05,625.0,1.6
Orissa,Nabarangpur,19.9701,82.0467,6.14,1.37,13.75,34.68,39.68,30.94,24.37,18.93,65.23,1441.5,0.846,0.067,7,45.49,18.05,657.0,0.08
Orissa,Nabarangpur,19.9539,82.2621,6.36,1.37,12.66,36.32,36.41,32.67,25.32,19.75,64.47,1407.7,0.839,0.07,7,46.47,18.05,598.0,2.29
Orissa,Nabarangpur,19.5007,82.5723,6.38,1.25,11.52,33.59,40.84,28.77,24.67,19.47,66.73,1510.5,0.816,0.082,6,45.77,18.05,617.0,0.82
Orissa,Nabarangpur,20.0584,81.9355,6.45,1.44,11.45,35.84,39.09,34.3,24.37,18.93,65.23,1441.5,0.846,0.067,7,45.49,18.53,642.0,1.14
Orissa,Nayagarh,20.4393,84.883,6.45,1.56,15.61,28.8,36.43,15.87,26.13,20.46,69.21,1518.4,0.769,0.116,6,47.7,17.53,101.0,0.49
Orissa,Nayagarh,20.4436,84.7683,6.06,2.93,20.33,32.28,36.52,18.72,26.13,20.46,69.21,1518.4,0.769,0.116,6,47.7,17.53,619.0,11.95
Orissa,Nayagarh,20.0845,85.3142,6.11,1.23,12.82,34.9,38.17,19.92,26.81,22.15,74.25,1587.4,0.736,0.139,6,43.76,17.41,61.0,0.5
Orissa,Nayagarh,20.0066,85.3531,6.18,1.2,14.55,32.86,38.9,16.38,26.81,22.15,74.25,1587.4,0.736,0.139,6,43.76,17.41,58.0,0.93
Orissa,Nayagarh,19.9596,84.973,6.23,1.3,14.94,30.95,36.98,15.7,26.61,21.54,70.05,1504.9,0.747,0.134,6,47.17,17.34,179.0,1.66
Orissa,Nuapada,20.7075,82.3508,6.71,1.1,9.94,39.09,31.03,30.19,25.44,19.64,62.96,1370.7,0.862,0.062,7,46.77,18.19,389.0,0.6
Orissa,Nuapada,20.1433,82.6195,6.78,1.16,9.69,36.28,31.22,26.08,25.32,19.75,64.47,1407.7,0.839,0.07,7,46.47,18.19,258.0,0.34
Orissa,Nuapada,20.3917,82.5472,6.18,1.58,18.62,37.69,33.18,25.53,25.44,19.64,62.96,1370.7,0.862,0.062,7,46.77,18.19,345.0,5.67
Orissa,Nuapada,20.293,82.7796,6.71,1.04,9.96,36.39,29.59,24.69,25.44,19.64,62.96,1370.7,0.862,0.062,7,46.77,18.19,241.0,0.54
Orissa,Nuapada,20.0836,82.5319,6.43,1.2,13.39,34.91,36.09,23.93,25.32,19.75,64.47,1407.7,0.839,0.07,7,46.47,18.19,328.0,3.74
Orissa,Rayagada,19.3571,83.9444,5.72,2.2,23.16,28.58,40.65,19.27,25.13,20.45,67.56,1369.5,0.748,0.148,6,46.04,17.4,407.0,1.92
Orissa,Rayagada,19.2976,83.5675,5.88,2.26,22.37,29.9,36.41,14.77,25.13,20.45,67.56,1369.5,0.748,0.148,6,46.04,17.4,769.0,12.27
Orissa,Rayagada,19.5951,83.6996,6.03,1.67,17.5,27.42,39.66,14.01,25.13,20.45,67.56,1369.5,0.748,0.148,6,46.04,17.4,231.0,2.46
Orissa,Rayagada,19.2009,83.2815,5.95,2.26,21.67,28.35,35.37,16.51,23.96,19.48,68.75,1448.4,0.751,0.144,6,44.4,17.4,510.0,8.14
Orissa,Rayagada,19.2587,83.316,6.19,1.71,18.01,31.0,37.87,14.67,24.45,19.48,66.78,1383.9,0.786,0.113,6,45.05,17.4,487.0,2.64
Orissa,Puri,19.7485,85.2418,6.52,1.91,22.64,28.41,30.79,20.48,27.1,22.94,72.77,1488.3,0.716,0.159,6,42.42,17.57,40.0,0.49
Orissa,Puri,19.9951,85.9307,6.57,1.3,12.73,31.86,29.2,15.84,26.81,22.15,74.25,1587.4,0.736,0.139,6,43.76,17.57,5.0,0.34
Orissa,Puri,19.9296,85.6792,6.63,1.24,29.7,30.72,28.1,19.07,26.81,22.15,74.25,1587.4,0.736,0.139,6,43.76,17.57,2.0,0.0
Orissa,Puri,20.1287,85.6796,6.33,1.26,13.19,32.05,37.43,17.61,26.81,22.15,74.25,1587.4,0.736,0.139,6,43.76,17.41,30.0,0.84
Orissa,Puri,20.001,85.9593,6.55,1.56,13.92,34.23,28.25,17.59,26.89,22.76,76.73,1636.3,0.717,0.139,5,40.42,17.41,5.0,0.05
Orissa,Sambalpur,21.5963,84.1655,6.61,1.19,12.11,33.86,26.4,25.89,25.96,19.67,64.06,1445.1,0.835,0.075,6,46.9,17.89,196.0,0.34
Orissa,Sambalpur,21.7547,84.4757,6.5,1.22,11.38,38.87,28.32,26.41,25.73,19.18,62.68,1394.4,0.841,0.069,6,46.76,17.89,257.0,0.49
Orissa,Sambalpur,21.3059,83.9901,6.35,2.01,21.16,35.46,30.27,29.15,26.35,19.92,62.49,1397.5,0.858,0.066,7,47.2,18.27,319.0,4.57
Orissa,Sambalpur,21.2277,84.5261,5.99,1.92,24.56,32.6,37.94,23.85,26.26,20.37,64.33,1483.2,0.817,0.087,6,47.38,17.89,238.0,10.69
Orissa,Sambalpur,21.2363,84.4107,6.0,2.17,27.57,32.59,35.57,28.17,26.26,20.37,64.33,1483.2,0.817,0.087,6,47.38,17.89,521.0,1.23
Orissa,Sonepur,20.6883,83.6993,6.57,1.15,9.53,35.03,30.84,23.26,25.85,20.07,64.28,1423.3,0.826,0.088,6,46.78,17.9,131.0,0.26
Orissa,Sonepur,20.8915,84.1202,6.68,1.14,9.81,37.83,29.8,24.81,26.26,20.37,64.33,1483.2,0.817,0.087,6,47.38,17.53,113.0,0.48
Orissa,Sonepur,21.1369,83.8987,6.05,1.74,19.41,32.19,29.72,25.28,26.62,20.46,62.85,1416.9,0.848,0.074,7,47.95,18.27,190.0,3.47
Orissa,Sonepur,20.6613,83.6803,6.53,1.19,9.76,34.92,31.5,22.63,25.85,20.07,64.28,1423.3,0.826,0.088,6,46.78,17.9,142.0,0.35
Orissa,Sonepur,20.9953,84.1015,6.58,1.31,10.29,37.6,29.05,23.66,26.26,20.37,64.33,1483.2,0.817,0.087,6,47.38,17.53,133.0,0.57
Orissa,Sundargarh,22.3349,85.0472,6.61,1.16,17.74,35.91,31.87,26.56,25.08,18.74,62.39,1422.1,0.822,0.073,6,46.39,17.32,206.0,0.68
Orissa,Sundargarh,21.9551,84.9921,6.49,1.56,16.09,38.57,30.92,23.43,25.03,18.98,64.22,1429.8,0.817,0.077,6,46.11,17.89,226.0,1.48
Orissa,Sundargarh,22.2165,84.9873,6.44,1.5,14.77,38.2,32.1,26.06,25.03,18.98,64.22,1429.8,0.817,0.077,6,46.11,18.0,245.0,3.16
Orissa,Sundargarh,21.6543,84.7748,6.39,1.31,16.61,40.82,32.34,26.81,25.58,19.68,66.02,1460.3,0.805,0.086,6,46.62,17.89,385.0,1.83
Orissa,Sundargarh,22.2239,84.9193,6.57,1.11,11.13,37.49,29.15,26.78,25.03,18.98,64.22,1429.8,0.817,0.077,6,46.11,18.0,220.0,0.44
Puducherry,Karaikal,10.8284,79.8276,6.9,2.07,33.96,34.0,32.83,23.43,28.28,25.96,75.24,1050.8,0.274,0.558,5,35.77,19.53,4.0,0.05
Puducherry,Karaikal,10.8833,79.8003,6.57,2.54,38.39,32.91,32.6,25.28,28.28,25.96,75.24,1050.8,0.274,0.558,5,35.77,19.53,7.0,0.42
Puducherry,Karaikal,10.8839,79.7862,6.77,2.29,34.57,33.58,30.94,25.8,28.28,25.96,75.24,1050.8,0.274,0.558,5,35.77,19.53,3.0,0.15
Puducherry,Karaikal,10.9325,79.7644,6.71,2.15,32.22,33.57,32.44,25.29,28.28,25.96,75.24,1050.8,0.274,0.558,5,35.77,19.53,6.0,0.07
Puducherry,Karaikal,10.8416,79.8303,6.89,2.1,32.61,33.4,32.35,24.22,28.28,25.96,75.24,1050.8,0.274,0.558,5,35.77,19.53,6.0,0.07
Puducherry,Mahe,12.1286,75.3634,5.54,2.6,30.0,34.36,44.69,21.52,24.98,24.62,79.48,2889.5,0.752,0.133,4,37.81,18.14,120.0,5.72
Puducherry,Mahe,12.1279,75.3562,5.59,2.57,28.94,35.39,44.12,21.23,24.98,24.62,79.48,2889.5,0.752,0.133,4,37.81,18.14,39.0,4.39
Puducherry,Mahe,12.0876,75.2933,5.65,2.7,23.23,36.1,45.38,19.87,27.54,27.38,78.56,3176.4,0.749,0.134,4,33.1,18.14,21.0,0.74
Puducherry,Mahe,12.1318,75.3807,5.55,2.43,29.13,32.34,45.75,20.78,24.98,24.62,79.48,2889.5,0.752,0.133,4,37.81,18.14,127.0,3.91
Puducherry,Mahe,12.1082,75.3271,5.61,2.73,27.27,34.69,45.31,20.01,24.98,24.62,79.48,2889.5,0.752,0.133,4,37.81,18.14,98.0,1.09
Puducherry,Puducherry,11.8786,79.7589,6.81,1.66,27.34,37.99,32.19,25.3,28.09,25.45,75.17,1152.6,0.323,0.552,4,37.02,19.44,8.0,0.47
Puducherry,Puducherry,11.9206,79.7361,6.7,1.61,23.32,35.61,31.25,25.59,28.09,25.45,75.17,1152.6,0.323,0.552,4,37.02,19.44,11.0,0.23
Puducherry,Puducherry,11.8471,79.7888,6.83,1.72,25.35,33.53,33.09,25.26,28.09,25.45,75.17,1152.6,0.323,0.552,4,37.02,19.44,5.0,0.11
Puducherry,Puducherry,11.9238,79.76,6.81,1.58,21.71,34.4,32.97,23.84,28.09,25.45,75.17,1152.6,0.323,0.552,4,37.02,19.44,12.0,0.3
Puducherry,Puducherry,11.9624,79.7001,7.09,1.53,22.03,36.34,30.39,23.35,28.09,25.45,75.17,1152.6,0.323,0.552,4,37.02,19.44,14.0,0.56
Puducherry,Yanam,16.6959,82.2603,6.69,2.28,27.73,32.27,34.41,26.23,27.85,25.44,78.29,1230.0,0.64,0.261,5,37.22,18.12,4.0,0.05
Puducherry,Yanam,16.7214,82.2158,6.71,2.34,36.29,29.48,36.39,25.86,27.85,25.44,78.29,1230.0,0.64,0.261,5,37.22,18.12,0.0,0.1
Puducherry,Yanam,16.7078,82.2431,6.81,2.38,31.34,29.91,36.55,25.11,27.85,25.44,78.29,1230.0,0.64,0.261,5,37.22,18.12,0.0,0.43
Puducherry,Yanam,16.7245,82.3011,6.67,2.16,24.7,32.09,32.22,26.2,27.85,25.44,78.29,1230.0,0.64,0.261,5,37.22,18.12,2.0,0.21
Puducherry,Yanam,16.7269,82.2884,6.67,2.12,23.36,30.51,33.83,25.91,27.85,25.44,78.29,1230.0,0.64,0.261,5,37.22,18.12,2.0,0.07
Punjab,Amritsar,31.4877,74.8759,7.95,0.81,8.74,28.33,31.74,15.21,25.4,14.23,43.1,679.4,0.763,0.041,8,50.14,17.75,228.0,0.13
Punjab,Amritsar,31.3767,74.8531,8.1,0.87,10.51,28.21,33.62,15.31,25.4,14.23,43.1,679.4,0.763,0.041,8,50.14,17.75,225.0,0.08
Punjab,Amritsar,31.1974,74.7758,7.98,0.83,8.91,27.78,35.02,16.35,25.73,14.43,41.16,565.1,0.761,0.04,8,50.43,17.75,217.0,0.0
Punjab,Amritsar,31.2384,74.8696,8.07,0.82,8.99,25.07,38.25,15.09,25.73,14.43,41.16,565.1,0.761,0.04,8,50.43,17.75,222.0,0.08
Punjab,Amritsar,31.5263,75.237,7.89,0.88,10.79,26.53,38.56,14.04,25.4,14.23,43.1,679.4,0.763,0.041,8,50.14,17.43,238.0,0.0
Punjab,Bathinda,29.8604,75.1124,8.02,0.88,7.44,25.31,45.82,13.65,26.17,15.0,39.16,446.0,0.76,0.035,8,49.54,17.89,206.0,0.05
Punjab,Bathinda,30.2136,75.2327,7.92,0.84,9.68,25.85,43.76,13.61,26.17,15.0,39.16,446.0,0.76,0.035,8,49.54,18.11,217.0,0.12
Punjab,Bathinda,30.1841,75.1297,7.88,0.83,8.83,26.16,45.42,12.26,26.17,15.0,39.16,446.0,0.76,0.035,8,49.54,18.11,212.0,0.05
Punjab,Bathinda,30.1878,75.3033,7.95,0.86,10.63,26.21,44.0,13.67,26.17,15.0,39.16,446.0,0.76,0.035,8,49.54,18.11,217.0,0.1
Punjab,Bathinda,29.9506,74.9649,7.8,0.75,6.95,20.41,44.02,10.66,26.17,15.0,39.16,446.0,0.76,0.035,8,49.54,18.19,205.0,0.05
Punjab,Faridkot,30.4769,75.011,7.91,0.84,12.05,28.15,40.41,16.28,25.94,14.66,40.02,490.5,0.76,0.038,8,50.12,18.11,212.0,0.1
Punjab,Faridkot,30.5691,74.7932,7.81,0.82,7.98,26.5,42.3,13.26,25.94,14.66,40.02,490.5,0.76,0.038,8,50.12,18.38,207.0,0.06
Punjab,Faridkot,30.6132,74.9058,7.76,0.8,9.3,27.1,39.89,16.94,25.94,14.66,40.02,490.5,0.76,0.038,8,50.12,18.38,211.0,0.13
Punjab,Faridkot,30.7397,74.8041,7.84,0.81,7.37,25.44,38.92,13.76,25.94,14.66,40.02,490.5,0.76,0.038,8,50.12,18.38,204.0,0.12
Punjab,Faridkot,30.4888,74.9032,7.86,0.85,8.75,25.94,41.14,16.18,25.94,14.66,40.02,490.5,0.76,0.038,8,50.12,18.38,210.0,0.05
Punjab,Firozpur,30.0076,74.0704,7.86,0.77,5.75,23.55,48.39,18.03,26.59,15.26,36.98,382.0,0.744,0.049,8,49.61,18.38,183.0,0.16
Punjab,Firozpur,30.9576,74.9781,8.04,0.79,8.14,28.2,36.91,16.69,25.73,14.43,41.16,565.1,0.761,0.04,8,50.43,18.38,217.0,0.13
Punjab,Firozpur,30.818,74.4481,7.79,0.77,8.71,28.47,38.31,19.06,26.12,14.64,38.95,489.6,0.747,0.047,8,50.55,18.38,192.0,0.21
Punjab,Firozpur,30.9515,75.0461,8.07,0.79,9.43,29.14,38.56,17.8,25.73,14.43,41.16,565.1,0.761,0.04,8,50.43,18.11,217.0,0.13
Punjab,Firozpur,29.9519,74.3726,7.85,0.79,6.53,24.46,47.47,11.95,26.59,15.26,36.98,382.0,0.744,0.049,8,49.61,18.19,190.0,0.08
Punjab,Fatehgarh Sahib,30.6887,76.4913,7.51,1.14,11.63,30.17,33.4,17.97,25.21,14.61,44.61,732.5,0.781,0.031,8,49.68,18.81,277.0,0.16
Punjab,Fatehgarh Sahib,30.6315,76.3922,7.68,0.98,13.24,31.31,34.09,15.49,25.21,14.61,44.61,732.5,0.781,0.031,8,49.68,18.81,268.0,0.19
Punjab,Fatehgarh Sahib,30.7255,76.3639,7.72,1.01,10.56,33.29,27.5,18.85,25.21,14.61,44.61,732.5,0.781,0.031,8,49.68,18.81,269.0,0.0
Punjab,Fatehgarh Sahib,30.6208,76.1943,7.71,0.89,10.09,34.08,25.73,21.87,25.21,14.61,44.61,732.5,0.781,0.031,8,49.68,18.81,259.0,0.05
Punjab,Fatehgarh Sahib,30.5916,76.3538,7.77,1.0,10.46,33.89,25.99,19.91,25.21,14.61,44.61,732.5,0.781,0.031,8,49.68,18.81,263.0,0.1
Punjab,Gurdaspur,31.9157,75.104,7.8,1.01,10.14,28.84,30.96,15.0,25.14,14.41,44.66,818.3,0.751,0.045,8,49.77,17.43,248.0,0.12
Punjab,Gurdaspur,31.8246,75.5147,7.64,1.11,11.7,27.8,35.53,17.01,24.67,14.67,45.0,943.4,0.755,0.043,7,48.12,17.43,241.0,0.0
Punjab,Gurdaspur,32.347,75.7086,6.29,2.78,23.54,25.77,36.5,17.86,20.29,11.19,48.74,984.5,0.692,0.055,6,42.84,17.76,481.0,2.03
Punjab,Gurdaspur,32.2854,75.6178,6.41,2.26,22.48,27.39,36.29,16.05,20.29,11.19,48.74,984.5,0.692,0.055,6,42.84,17.76,327.0,0.45
Punjab,Gurdaspur,32.1289,75.5001,7.72,1.56,14.24,26.47,33.36,16.91,24.67,14.67,45.0,943.4,0.755,0.043,7,48.12,17.76,271.0,0.1
Punjab,Hoshiarpur,31.8078,75.7131,7.25,1.5,11.72,23.92,37.5,14.34,24.67,14.67,45.0,943.4,0.755,0.043,7,48.12,17.43,274.0,0.43
Punjab,Hoshiarpur,31.7506,75.9089,6.29,2.48,26.14,25.21,45.12,20.44,24.67,14.67,45.0,943.4,0.755,0.043,7,48.12,17.43,462.0,3.2
Punjab,Hoshiarpur,31.8707,75.7163,7.18,1.59,13.99,26.32,35.28,14.68,24.67,14.67,45.0,943.4,0.755,0.043,7,48.12,17.43,275.0,0.32
Punjab,Hoshiarpur,31.7351,75.7542,7.22,1.43,12.07,23.37,44.22,13.58,25.03,14.29,45.01,800.6,0.771,0.038,8,49.43,17.43,288.0,0.47
Punjab,Hoshiarpur,32.0404,75.6543,7.44,1.99,16.21,26.48,30.87,18.24,24.67,14.67,45.0,943.4,0.755,0.043,7,48.12,17.76,263.0,0.19
Punjab,Jalandhar,31.023,75.474,7.89,0.72,9.33,26.81,39.38,15.48,25.33,14.29,43.43,660.0,0.772,0.035,8,49.99,17.43,227.0,0.06
Punjab,Jalandhar,31.16,75.6852,7.84,0.84,9.23,27.26,39.83,14.91,25.33,14.29,43.43,660.0,0.772,0.035,8,49.99,17.43,241.0,0.05
Punjab,Jalandhar,31.0616,75.6409,7.88,0.83,8.99,27.47,38.96,14.93,25.33,14.29,43.43,660.0,0.772,0.035,8,49.99,17.43,241.0,0.05
Punjab,Jalandhar,31.1504,75.7588,7.82,0.85,9.88,27.81,38.98,17.08,25.33,14.29,43.43,660.0,0.772,0.035,8,49.99,17.43,243.0,0.17
Punjab,Jalandhar,31.1334,75.5329,7.98,0.9,9.63,27.84,38.33,14.47,25.33,14.29,43.43,660.0,0.772,0.035,8,49.99,17.43,235.0,0.08
Punjab,Kapurthala,31.3054,75.3424,7.67,0.89,9.11,27.02,37.03,15.69,25.03,14.29,45.01,800.6,0.771,0.038,8,49.43,17.43,229.0,0.36
Punjab,Kapurthala,31.2632,75.1614,7.95,0.87,12.18,28.76,36.62,19.23,25.4,14.23,43.1,679.4,0.763,0.041,8,50.14,17.43,215.0,0.0
Punjab,Kapurthala,31.6166,75.4611,7.66,0.8,11.03,32.75,37.65,16.53,25.03,14.29,45.01,800.6,0.771,0.038,8,49.43,17.43,232.0,0.0
Punjab,Kapurthala,31.2056,75.1791,7.93,0.74,9.67,24.77,40.67,16.72,25.73,14.43,41.16,565.1,0.761,0.04,8,50.43,17.43,214.0,0.06
Punjab,Kapurthala,31.3561,75.2338,7.85,0.91,11.11,28.78,34.99,20.82,25.4,14.23,43.1,679.4,0.763,0.041,8,50.14,17.43,220.0,0.0
Punjab,Ludhiana,30.676,76.1138,7.64,0.93,9.45,30.73,31.29,19.64,25.21,14.61,44.61,732.5,0.781,0.031,8,49.68,18.81,258.0,0.05
Punjab,Ludhiana,30.6624,75.6189,8.0,0.79,8.95,25.23,36.56,18.31,25.52,14.38,41.99,565.8,0.769,0.033,8,49.96,18.11,238.0,0.08
Punjab,Ludhiana,30.9133,75.8996,7.75,0.78,11.08,18.58,52.25,10.43,25.33,14.29,43.43,660.0,0.772,0.035,8,49.99,18.11,245.0,0.25
Punjab,Ludhiana,30.8137,75.4063,7.95,0.8,9.05,26.66,38.26,19.2,25.33,14.29,43.43,660.0,0.772,0.035,8,49.99,18.11,230.0,0.06
Punjab,Ludhiana,30.92,76.2768,7.74,0.98,11.76,32.52,34.04,17.77,25.05,14.86,45.1,848.1,0.778,0.032,8,49.05,18.81,253.0,0.06
Punjab,Mansa,29.9878,75.5102,7.93,0.76,7.79,26.11,41.85,14.78,25.79,14.73,40.74,508.1,0.765,0.033,8,49.76,17.89,220.0,0.0
Punjab,Mansa,30.0228,75.3492,7.99,0.81,7.87,25.2,44.88,12.98,25.79,14.73,40.74,508.1,0.765,0.033,8,49.76,18.11,217.0,0.15
Punjab,Mansa,29.9742,75.4271,8.02,0.8,7.83,23.54,44.53,14.44,25.79,14.73,40.74,508.1,0.765,0.033,8,49.76,17.89,217.0,0.08
Punjab,Mansa,29.8869,75.2907,7.88,0.78,6.5,20.2,47.12,11.51,26.17,15.0,39.16,446.0,0.76,0.035,8,49.54,17.89,214.0,0.13
Punjab,Mansa,29.805,75.2938,8.09,1.02,6.9,21.13,48.13,12.94,26.17,15.0,39.16,446.0,0.76,0.035,8,49.54,17.89,211.0,0.08
Punjab,Moga,30.5132,75.2664,7.87,0.84,9.42,25.16,40.42,16.71,25.94,14.66,40.02,490.5,0.76,0.038,8,50.12,18.11,221.0,0.13
Punjab,Moga,30.8922,75.093,8.01,0.83,9.52,30.07,38.63,18.85,25.73,14.43,41.16,565.1,0.761,0.04,8,50.43,18.11,216.0,0.08
Punjab,Moga,30.9566,75.1314,7.99,0.75,8.68,27.27,39.13,16.06,25.73,14.43,41.16,565.1,0.761,0.04,8,50.43,18.11,218.0,0.06
Punjab,Moga,30.6824,74.9329,7.87,0.81,8.34,27.33,38.06,15.54,25.94,14.66,40.02,490.5,0.76,0.038,8,50.12,18.38,210.0,0.05
Punjab,Moga,30.6912,75.0239,7.85,0.81,9.46,25.94,39.49,17.26,25.94,14.66,40.02,490.5,0.76,0.038,8,50.12,18.11,217.0,0.2
Punjab,Muktsar,29.9902,74.4253,7.89,0.85,6.85,23.91,48.68,12.44,26.59,15.26,36.98,382.0,0.744,0.049,8,49.61,18.19,192.0,0.12
Punjab,Muktsar,30.4244,74.3222,7.85,0.86,7.91,23.92,44.45,15.21,26.39,14.94,37.91,421.7,0.744,0.048,8,49.94,18.38,194.0,0.05
Punjab,Muktsar,30.5006,74.3746,7.83,0.68,6.52,24.91,45.34,12.6,26.39,14.94,37.91,421.7,0.744,0.048,8,49.94,18.38,190.0,0.12
Punjab,Muktsar,30.3185,74.6036,7.82,0.76,8.6,24.56,44.81,14.43,26.39,14.94,37.91,421.7,0.744,0.048,8,49.94,18.38,199.0,0.12
Punjab,Muktsar,30.2376,74.6524,7.94,0.84,8.18,22.31,44.52,12.27,26.59,15.26,36.98,382.0,0.744,0.049,8,49.61,18.38,199.0,0.18
Punjab,Nawan Shehar,31.1989,76.2305,7.14,1.11,11.73,25.28,45.81,13.62,25.05,14.86,45.1,848.1,0.778,0.032,8,49.05,18.05,288.0,0.25
Punjab,Nawan Shehar,30.9991,76.2982,7.51,0.9,13.06,28.54,37.12,16.03,25.05,14.86,45.1,848.1,0.778,0.032,8,49.05,18.81,254.0,0.13
Punjab,Nawan Shehar,31.2275,75.9865,7.79,1.09,11.15,24.91,41.64,15.05,25.05,14.86,45.1,848.1,0.778,0.032,8,49.05,17.43,248.0,0.19
Punjab,Nawan Shehar,31.0795,76.1373,7.69,0.97,11.25,26.88,43.85,17.01,25.05,14.86,45.1,848.1,0.778,0.032,8,49.05,18.05,260.0,0.0
Punjab,Nawan Shehar,31.0324,76.2448,7.55,0.88,11.61,28.53,37.96,16.63,25.05,14.86,45.1,848.1,0.778,0.032,8,49.05,18.05,252.0,0.05
Punjab,Patiala,30.3802,76.6086,7.77,1.07,10.33,32.24,30.52,17.38,24.16,14.72,47.72,1053.0,0.806,0.027,8,47.93,18.81,262.0,0.08
Punjab,Patiala,30.1801,76.2896,8.28,0.97,8.51,35.28,24.32,20.85,25.37,14.6,43.48,638.8,0.779,0.031,8,49.68,18.81,242.0,0.08
Punjab,Patiala,30.0288,76.0738,8.03,1.14,9.5,28.42,36.73,18.31,25.37,14.6,43.48,638.8,0.779,0.031,8,49.68,18.81,233.0,0.06
Punjab,Patiala,30.39,76.1487,7.88,0.91,9.09,28.79,30.45,16.17,25.21,14.61,44.61,732.5,0.781,0.031,8,49.68,18.81,250.0,0.08
Punjab,Patiala,30.5046,76.9042,7.2,1.11,12.29,26.5,37.35,13.06,24.16,14.72,47.72,1053.0,0.806,0.027,8,47.93,18.81,299.0,0.17
Punjab,Rupnagar,30.8546,76.5555,7.37,1.21,12.52,27.23,38.8,13.15,25.05,14.86,45.1,848.1,0.778,0.032,8,49.05,18.81,291.0,0.25
Punjab,Rupnagar,30.9004,76.6177,7.24,1.31,12.4,22.97,37.57,12.59,21.15,12.26,50.32,1093.2,0.787,0.03,8,43.87,18.81,311.0,0.21
Punjab,Rupnagar,31.3902,76.3483,7.14,1.45,12.42,26.86,40.47,13.77,24.13,14.49,46.22,976.9,0.773,0.035,8,47.3,18.05,372.0,0.76
Punjab,Rupnagar,30.9591,76.5772,7.37,1.35,12.45,27.08,40.5,13.76,21.15,12.26,50.32,1093.2,0.787,0.03,8,43.87,18.81,296.0,0.39
Punjab,Rupnagar,31.1297,76.4564,6.75,1.66,14.67,23.11,48.21,15.26,25.05,14.86,45.1,848.1,0.778,0.032,8,49.05,18.05,339.0,2.11
Punjab,Sangrur,30.0214,75.8326,8.17,0.88,7.5,26.91,39.6,13.76,25.79,14.73,40.74,508.1,0.765,0.033,8,49.76,18.11,227.0,0.12
Punjab,Sangrur,29.8759,75.999,8.08,0.8,7.22,24.9,41.16,13.53,25.37,14.6,43.48,638.8,0.779,0.031,8,49.68,17.89,229.0,0.31
Punjab,Sangrur,30.239,75.6967,7.95,0.93,9.44,26.54,38.39,17.07,25.79,14.73,40.74,508.1,0.765,0.033,8,49.76,18.11,231.0,0.13
Punjab,Sangrur,30.3856,75.8333,8.01,0.74,9.1,26.54,33.97,16.26,25.52,14.38,41.99,565.8,0.769,0.033,8,49.96,18.11,239.0,0.2
Punjab,Sangrur,30.4992,75.9626,7.98,0.89,10.72,36.2,23.89,20.96,25.21,14.61,44.61,732.5,0.781,0.031,8,49.68,18.11,246.0,0.08
Rajasthan,Ajmer,26.3696,74.3727,7.53,0.69,5.66,26.31,40.84,14.75,25.69,16.74,40.9,462.2,0.872,0.035,8,47.08,19.84,405.0,0.6
Rajasthan,Ajmer,26.8897,74.9295,7.58,0.72,4.82,27.69,43.38,15.16,25.57,16.21,40.14,487.9,0.863,0.035,8,46.64,19.84,378.0,0.18
Rajasthan,Ajmer,26.0725,74.5285,7.55,0.87,5.88,26.02,29.07,21.2,25.39,16.86,42.24,499.8,0.892,0.033,8,46.86,19.84,435.0,0.19
Rajasthan,Ajmer,26.5769,74.9091,7.57,0.88,6.24,26.01,31.82,19.52,25.59,16.55,41.58,513.9,0.878,0.035,8,47.16,19.84,420.0,0.5
Rajasthan,Ajmer,25.7809,75.1786,7.53,0.86,7.31,22.65,36.2,21.55,25.8,17.03,42.48,559.4,0.896,0.033,8,47.39,19.54,332.0,0.1
Rajasthan,Alwar,27.9958,76.7265,7.75,0.77,7.43,27.14,43.78,22.28,25.86,15.72,42.99,604.7,0.817,0.036,8,48.48,17.99,258.0,0.08
Rajasthan,Alwar,27.5431,76.8657,7.75,0.85,7.49,29.26,41.27,16.77,26.22,16.3,41.86,579.8,0.834,0.04,8,48.44,17.99,229.0,0.12
Rajasthan,Alwar,27.2447,76.3609,7.2,1.24,14.62,23.62,49.35,27.25,25.78,16.44,42.19,578.1,0.864,0.037,8,47.63,17.99,432.0,8.04
Rajasthan,Alwar,27.293,76.8343,7.68,0.9,8.24,25.69,42.83,18.64,26.22,16.3,41.86,579.8,0.834,0.04,8,48.44,17.99,237.0,0.21
Rajasthan,Alwar,27.5299,76.3272,7.58,0.93,10.92,25.46,42.72,20.03,25.38,15.82,41.84,557.8,0.84,0.036,8,47.08,17.99,385.0,0.28
Rajasthan,Banswara,23.2112,74.3089,7.25,0.97,8.85,27.78,34.96,35.81,26.12,20.84,51.08,882.6,0.939,0.035,8,47.58,19.26,284.0,0.5
Rajasthan,Banswara,23.5394,74.5693,7.1,1.04,19.55,30.14,34.56,29.77,26.42,20.57,49.07,819.1,0.939,0.033,8,48.31,19.26,288.0,1.66
Rajasthan,Banswara,23.706,74.4614,7.24,1.12,9.82,27.11,37.81,33.29,26.42,20.57,49.07,819.1,0.939,0.033,8,48.31,19.26,282.0,3.89
Rajasthan,Banswara,23.6435,74.1497,7.35,0.96,7.1,22.25,39.01,28.45,26.42,20.57,49.07,819.1,0.939,0.033,8,48.31,19.26,150.0,0.83
Rajasthan,Banswara,23.5272,74.3103,7.17,1.01,7.59,26.83,38.01,32.65,26.42,20.57,49.07,819.1,0.939,0.033,8,48.31,19.26,214.0,1.33
Rajasthan,Baran,25.1598,76.4107,7.45,1.04,6.89,27.29,41.79,24.6,26.28,18.2,46.91,808.3,0.917,0.033,8,48.32,19.1,261.0,0.12
Rajasthan,Baran,24.6166,76.637,7.22,0.79,6.4,27.46,39.28,27.14,25.82,18.54,49.0,913.5,0.916,0.037,8,48.19,19.08,350.0,0.34
Rajasthan,Baran,25.3126,77.1839,7.22,0.93,6.32,24.81,47.19,21.25,25.95,17.73,46.58,732.2,0.899,0.04,8,48.03,18.99,311.0,0.31
Rajasthan,Baran,25.2185,76.9549,7.23,0.82,6.05,27.53,43.93,25.15,25.83,18.09,47.99,827.5,0.911,0.038,8,48.08,19.1,381.0,0.31
Rajasthan,Baran,25.2631,77.1158,7.26,0.93,6.73,30.11,41.21,32.0,25.95,17.73,46.58,732.2,0.899,0.04,8,48.03,18.99,484.0,0.5
Rajasthan,Barmer,26.1638,70.5455,8.09,0.43,3.64,21.13,53.38,9.09,27.66,18.42,36.77,261.5,0.855,0.055,10,47.59,20.76,153.0,0.92
Rajasthan,Barmer,25.8997,70.9025,7.96,0.39,3.49,23.7,55.19,8.4,27.66,18.42,36.77,261.5,0.855,0.055,10,47.59,20.66,218.0,0.5
Rajasthan,Barmer,25.5784,72.5178,7.6,1.04,7.13,24.16,46.92,17.15,27.06,18.59,40.65,426.3,0.918,0.024,9,48.01,20.56,167.0,0.4
Rajasthan,Barmer,25.2303,71.3641,7.77,0.83,6.85,25.56,43.87,17.03,27.8,19.23,40.12,363.2,0.913,0.037,9,47.7,20.52,79.0,0.34
Rajasthan,Barmer,25.2723,71.4748,7.81,0.98,7.69,24.24,47.66,17.73,27.54,18.56,38.25,308.4,0.887,0.044,10,47.26,20.52,106.0,1.36
Rajasthan,Bharatpur,27.6957,77.2725,7.93,0.89,7.11,26.96,41.59,15.76,26.38,16.24,42.94,596.6,0.835,0.045,8,48.76,17.84,183.0,0.16
Rajasthan,Bharatpur,27.0014,77.0943,7.44,0.94,7.22,25.55,52.27,18.67,26.37,16.72,42.04,586.0,0.853,0.044,8,48.66,17.84,245.0,0.9
Rajasthan,Bharatpur,27.0018,77.4364,7.92,0.9,6.93,27.91,39.44,17.6,26.48,16.6,43.0,594.7,0.848,0.049,8,48.84,17.84,187.0,0.08
Rajasthan,Bharatpur,27.3821,77.4458,7.98,0.9,8.27,27.35,42.37,18.47,26.38,16.24,42.94,596.6,0.835,0.045,8,48.76,17.84,178.0,0.0
Rajasthan,Bharatpur,27.4918,77.1501,7.91,0.93,8.85,28.53,42.66,20.47,26.22,16.3,41.86,579.8,0.834,0.04,8,48.44,17.84,196.0,0.1
Rajasthan,Bhilwara,25.4065,75.2474,7.35,0.94,6.13,29.72,38.0,20.34,25.8,17.39,43.74,638.6,0.914,0.03,8,47.45,19.54,343.0,0.78
Rajasthan,Bhilwara,25.5361,75.3542,7.41,0.84,6.31,29.02,39.48,21.49,26.22,17.66,44.4,686.2,0.915,0.03,8,48.11,19.54,326.0,0.52
Rajasthan,Bhilwara,25.53,74.4213,7.46,0.8,6.12,27.76,35.94,23.97,25.26,17.07,43.33,567.2,0.914,0.03,8,46.44,19.73,473.0,0.27
Rajasthan,Bhilwara,25.2721,74.4459,7.3,0.79,6.64,29.07,33.69,26.28,25.26,17.07,43.33,567.2,0.914,0.03,8,46.44,19.73,450.0,0.58
Rajasthan,Bhilwara,25.3452,74.2427,7.43,0.74,6.22,33.94,35.51,32.13,25.26,17.07,43.33,567.2,0.914,0.03,8,46.44,19.73,498.0,0.28
Rajasthan,Bikaner,28.7122,72.6293,7.91,0.71,5.53,22.38,50.59,11.34,27.87,16.65,31.63,232.6,0.714,0.071,10,48.79,20.22,132.0,0.08
Rajasthan,Bikaner,28.7056,73.5758,8.2,0.67,5.71,26.96,51.06,15.72,27.19,16.35,33.7,306.0,0.753,0.049,10,47.54,20.06,214.0,0.06
Rajasthan,Bikaner,27.9919,72.463,8.02,0.6,4.35,22.43,50.68,11.77,27.66,16.79,32.54,257.4,0.76,0.052,10,48.09,20.48,167.0,0.46
Rajasthan,Bikaner,28.8059,74.0007,8.18,0.62,3.99,25.09,53.99,13.98,27.25,16.11,33.33,287.4,0.724,0.067,10,48.31,19.58,199.0,0.26
Rajasthan,Bikaner,28.0062,73.3597,8.05,0.55,4.65,24.93,46.23,14.23,27.16,16.5,33.64,284.8,0.767,0.045,10,47.43,20.06,214.0,0.99
Rajasthan,Bundi,25.689,76.2863,7.31,1.37,17.84,26.04,46.27,20.16,26.49,17.99,45.51,738.2,0.909,0.034,8,48.6,19.1,224.0,9.44
Rajasthan,Bundi,25.4697,75.4287,7.34,0.82,6.68,28.99,41.85,22.52,26.22,17.66,44.4,686.2,0.915,0.03,8,48.11,19.54,322.0,0.46
Rajasthan,Bundi,25.4812,75.4736,7.34,0.83,6.8,26.62,41.5,21.41,26.22,17.66,44.4,686.2,0.915,0.03,8,48.11,19.54,307.0,0.3
Rajasthan,Bundi,25.6669,75.6813,7.47,0.86,7.44,27.57,42.88,24.91,26.22,17.66,44.4,686.2,0.915,0.03,8,48.11,19.54,278.0,0.45
Rajasthan,Bundi,25.632,75.9369,7.36,0.92,6.96,23.99,45.5,20.38,26.22,17.66,44.4,686.2,0.915,0.03,8,48.11,19.54,239.0,0.28
Rajasthan,Chittaurgarh,24.8918,74.2166,7.33,0.77,6.79,36.55,35.59,34.88,25.38,17.57,44.47,645.0,0.928,0.028,8,46.94,19.44,471.0,0.29
Rajasthan,Chittaurgarh,24.7243,74.7687,7.19,1.07,8.42,37.85,35.32,32.58,25.38,18.11,48.31,778.2,0.931,0.03,8,47.1,19.44,444.0,0.31
Rajasthan,Chittaurgarh,24.8818,74.4193,7.3,0.78,6.76,35.2,36.06,38.82,25.38,17.57,44.47,645.0,0.928,0.028,8,46.94,19.44,431.0,0.16
Rajasthan,Chittaurgarh,25.0747,74.9836,7.29,0.79,6.5,32.43,38.07,25.91,25.46,17.49,45.94,721.4,0.926,0.028,8,47.06,19.73,405.0,0.37
Rajasthan,Chittaurgarh,24.7412,74.5982,7.36,0.8,6.37,37.71,33.55,37.96,25.57,18.4,46.25,706.7,0.935,0.028,8,47.53,19.44,432.0,0.79
Rajasthan,Churu,28.2018,74.0379,8.1,0.61,4.33,23.95,51.98,16.86,26.86,16.35,34.73,329.3,0.783,0.038,10,47.23,19.58,254.0,0.73
Rajasthan,Churu,28.9117,75.4406,7.94,0.75,5.83,23.49,59.43,13.57,26.24,15.47,39.15,468.9,0.77,0.031,8,48.04,19.19,212.0,0.19
Rajasthan,Churu,27.7164,74.1015,7.84,0.57,5.44,25.13,49.56,21.05,26.23,16.32,37.43,425.7,0.83,0.034,8,46.73,19.7,325.0,1.18
Rajasthan,Churu,28.8973,74.9444,8.0,0.75,4.52,20.32,70.54,13.58,26.55,15.68,37.06,417.6,0.764,0.032,8,47.77,19.58,204.0,0.15
Rajasthan,Churu,28.0287,74.5785,8.0,0.7,5.93,21.04,50.88,20.27,26.46,16.14,36.25,402.6,0.804,0.033,8,46.9,19.58,324.0,0.57
Rajasthan,Dausa,26.8275,76.4849,7.37,0.76,7.18,23.49,51.09,24.16,25.78,16.44,42.19,578.1,0.864,0.037,8,47.63,19.19,318.0,0.25
Rajasthan,Dausa,27.0796,76.5112,7.41,0.98,8.4,21.6,54.51,19.12,25.78,16.44,42.19,578.1,0.864,0.037,8,47.63,17.99,326.0,0.21
Rajasthan,Dausa,27.057,76.6602,7.57,0.92,7.24,25.52,50.4,18.23,26.37,16.72,42.04,586.0,0.853,0.044,8,48.66,17.99,262.0,0.54
Rajasthan,Dausa,26.7916,76.622,7.07,1.18,13.72,25.44,49.79,24.66,26.37,16.72,42.04,586.0,0.853,0.044,8,48.66,19.19,430.0,9.85
Rajasthan,Dausa,27.0745,76.7815,7.63,0.79,6.97,26.3,46.24,17.54,26.37,16.72,42.04,586.0,0.853,0.044,8,48.66,17.99,253.0,0.48
Rajasthan,Dhaulpur,26.8791,77.7583,7.97,0.92,6.78,28.91,41.31,19.91,26.48,16.6,43.0,594.7,0.848,0.049,8,48.84,18.99,176.0,0.06
Rajasthan,Dhaulpur,26.679,77.7886,7.74,0.91,6.09,26.3,42.01,23.49,26.5,17.07,43.82,655.4,0.86,0.048,8,49.15,18.99,201.0,0.21
Rajasthan,Dhaulpur,26.6387,77.4604,7.68,0.95,7.07,28.18,43.18,19.07,26.5,17.07,43.82,655.4,0.86,0.048,8,49.15,18.99,216.0,1.07
Rajasthan,Dhaulpur,26.6813,77.7888,7.72,0.9,6.11,26.53,41.97,23.54,26.5,17.07,43.82,655.4,0.86,0.048,8,49.15,18.99,207.0,0.21
Rajasthan,Dhaulpur,26.9179,78.1885,8.19,0.93,7.49,27.95,42.43,17.08,26.54,16.71,44.09,626.3,0.849,0.05,8,49.01,18.17,160.0,0.15
Rajasthan,Dungarpur,23.8697,73.7526,7.29,1.06,8.25,30.96,33.77,30.3,26.0,19.55,46.74,701.3,0.951,0.021,8,47.75,19.58,348.0,1.86
Rajasthan,Dungarpur,23.9017,73.5959,7.25,1.21,9.08,32.2,35.23,32.44,26.0,19.55,46.74,701.3,0.951,0.021,8,47.75,19.58,358.0,1.2
Rajasthan,Dungarpur,23.7805,73.6086,7.35,1.08,7.21,31.3,34.66,30.22,26.0,19.55,46.74,701.3,0.951,0.021,8,47.75,19.58,342.0,0.73
Rajasthan,Dungarpur,23.7233,73.7263,7.4,0.95,7.45,30.46,36.85,28.7,26.76,20.66,48.1,768.4,0.954,0.022,8,48.39,19.58,303.0,1.52
Rajasthan,Dungarpur,23.341,73.8976,7.09,1.08,34.8,24.35,38.33,29.79,26.76,20.66,48.1,768.4,0.954,0.022,8,48.39,19.58,123.0,0.0
Rajasthan,Ganganagar,29.4149,73.8826,8.06,0.74,6.14,25.16,54.78,20.46,27.22,15.83,33.55,285.3,0.701,0.086,11,49.04,18.59,173.0,0.18
Rajasthan,Ganganagar,29.3373,73.1727,7.98,0.75,5.18,22.8,55.78,13.78,27.46,15.88,32.69,239.1,0.645,0.115,12,49.51,18.59,154.0,0.21
Rajasthan,Ganganagar,29.6952,74.0214,8.16,0.78,6.28,26.18,49.91,23.95,27.22,15.83,33.55,285.3,0.701,0.086,11,49.04,18.19,180.0,0.15
Rajasthan,Ganganagar,28.9668,73.966,8.09,0.69,4.05,26.48,51.47,13.9,27.25,16.11,33.33,287.4,0.724,0.067,10,48.31,20.06,211.0,0.19
Rajasthan,Ganganagar,29.4622,73.6822,7.94,0.77,6.3,24.48,55.47,17.1,27.22,15.83,33.55,285.3,0.701,0.086,11,49.04,18.59,166.0,0.18
Rajasthan,Hanumangarh,29.4566,74.2863,7.94,0.77,5.88,23.56,54.43,18.78,26.8,15.62,35.81,362.9,0.746,0.047,8,48.69,18.19,183.0,0.0
Rajasthan,Hanumangarh,29.4752,74.4064,7.92,0.74,5.92,25.27,55.4,12.91,26.8,15.62,35.81,362.9,0.746,0.047,8,48.69,18.19,187.0,0.24
Rajasthan,Hanumangarh,29.048,74.5569,8.13,0.73,4.4,21.18,64.6,13.68,26.9,15.92,35.1,361.0,0.755,0.041,8,48.01,18.19,195.0,0.68
Rajasthan,Hanumangarh,29.3439,74.1845,7.98,0.76,5.48,20.23,59.56,10.92,26.8,15.62,35.81,362.9,0.746,0.047,8,48.69,18.19,170.0,0.17
Rajasthan,Hanumangarh,29.1767,75.2944,7.84,0.82,8.08,23.03,54.88,14.59,26.55,15.68,37.06,417.6,0.764,0.032,8,47.77,17.89,202.0,0.19
Rajasthan,Jaipur,26.8872,75.4672,7.6,0.7,6.11,27.19,41.44,16.87,25.58,16.29,40.94,524.5,0.867,0.034,8,46.92,19.57,375.0,0.24
Rajasthan,Jaipur,27.3037,75.9729,7.58,0.85,6.75,24.34,46.92,26.37,25.38,15.82,41.84,557.8,0.84,0.036,8,47.08,19.31,447.0,0.31
Rajasthan,Jaipur,27.1327,75.4824,7.63,0.71,6.32,31.33,40.71,21.91,25.58,16.29,40.94,524.5,0.867,0.034,8,46.92,19.31,422.0,0.45
Rajasthan,Jaipur,26.8344,76.216,7.54,0.87,7.72,22.98,43.2,24.61,25.78,16.44,42.19,578.1,0.864,0.037,8,47.63,19.19,319.0,0.13
Rajasthan,Jaipur,27.2992,75.866,7.22,1.12,11.6,24.41,49.89,26.08,25.22,15.71,40.38,503.5,0.843,0.034,8,46.31,19.31,580.0,10.86
Rajasthan,Jaisalmer,26.503,70.3446,8.0,0.41,3.35,26.73,52.88,9.54,27.51,17.87,35.6,251.6,0.833,0.052,10,47.7,20.76,128.0,0.24
Rajasthan,Jaisalmer,27.0918,71.06,7.92,0.32,3.36,23.24,57.76,9.46,27.33,17.18,34.52,265.6,0.825,0.044,10,47.55,20.39,163.0,0.31
Rajasthan,Jaisalmer,27.2569,71.2173,8.1,0.47,4.3,23.08,64.05,8.87,27.84,17.14,32.62,239.7,0.791,0.047,10,48.46,20.39,143.0,0.31
Rajasthan,Jaisalmer,26.7204,70.1495,8.08,0.4,3.29,25.88,56.86,9.26,28.27,18.32,34.67,204.3,0.808,0.057,11,48.89,20.76,111.0,0.94
Rajasthan,Jaisalmer,27.7161,70.6175,7.99,0.38,4.19,24.76,58.22,9.76,27.99,17.26,32.37,209.3,0.77,0.051,11,49.21,20.48,160.0,0.28
Rajasthan,Jalor,25.3423,72.5165,7.75,0.97,6.96,25.17,44.73,21.58,27.06,18.59,40.65,426.3,0.918,0.024,9,48.01,20.56,161.0,0.6
Rajasthan,Jalor,24.721,71.9724,7.5,0.94,7.2,22.21,42.08,26.65,27.49,20.11,42.98,528.5,0.944,0.026,8,47.92,20.18,122.0,0.2
Rajasthan,Jalor,24.9785,71.4607,7.78,0.87,8.0,23.22,47.93,21.07,27.8,19.23,40.12,363.2,0.913,0.037,9,47.7,20.18,50.0,2.22
Rajasthan,Jalor,24.6212,72.1856,7.47,1.08,8.82,22.79,44.0,30.97,27.49,20.11,42.98,528.5,0.944,0.026,8,47.92,19.87,209.0,0.8
Rajasthan,Jalor,25.4652,72.9785,7.46,1.01,7.93,27.25,48.99,21.59,26.7,18.69,41.2,461.0,0.922,0.021,9,47.95,20.56,202.0,0.13
Rajasthan,Jhalawar,24.2574,76.0015,7.11,0.83,6.39,30.82,34.73,27.46,26.05,18.53,48.37,856.2,0.919,0.035,8,48.04,19.08,377.0,0.27
Rajasthan,Jhalawar,24.2327,76.1269,7.37,0.73,6.68,31.87,33.43,31.05,25.75,18.77,49.37,893.2,0.92,0.037,8,48.01,19.08,347.0,0.63
Rajasthan,Jhalawar,24.3986,76.5875,7.43,0.86,6.09,26.98,37.29,28.82,25.82,18.54,49.0,913.5,0.916,0.037,8,48.19,19.08,314.0,0.18
Rajasthan,Jhalawar,24.8072,76.2837,7.47,0.94,6.98,27.34,40.83,25.35,26.28,18.2,46.91,808.3,0.917,0.033,8,48.32,19.08,272.0,0.18
Rajasthan,Jhalawar,24.3135,76.6456,7.44,0.92,7.24,31.63,37.28,29.9,25.82,18.54,49.0,913.5,0.916,0.037,8,48.19,19.08,363.0,0.8
Rajasthan,Jhunjhunun,27.8805,75.7139,7.55,0.84,7.73,25.14,46.09,25.48,25.76,15.77,38.82,486.7,0.814,0.032,8,46.73,19.31,431.0,1.86
Rajasthan,Jhunjhunun,27.8902,75.3301,7.59,0.66,6.47,27.33,45.97,18.24,25.76,15.77,38.82,486.7,0.814,0.032,8,46.73,19.31,388.0,0.19
Rajasthan,Jhunjhunun,28.487,75.6359,7.66,0.79,8.82,26.03,47.79,21.27,26.3,15.82,38.04,472.0,0.787,0.031,8,47.34,19.19,268.0,0.17
Rajasthan,Jhunjhunun,28.4053,75.5681,7.7,0.83,7.94,27.45,45.81,20.63,26.3,15.82,38.04,472.0,0.787,0.031,8,47.34,19.19,284.0,0.1
Rajasthan,Jhunjhunun,27.8122,75.6533,7.49,0.86,7.3,25.87,46.57,25.01,25.76,15.77,38.82,486.7,0.814,0.032,8,46.73,19.31,408.0,0.35
Rajasthan,Jodhpur,27.3711,72.7979,8.02,0.45,4.35,22.91,53.02,9.81,27.34,16.85,33.75,280.4,0.8,0.041,10,47.7,20.48,254.0,0.16
Rajasthan,Jodhpur,26.401,72.7095,7.79,0.49,4.11,23.99,51.86,9.74,26.93,17.33,36.87,326.8,0.869,0.028,10,47.34,20.77,219.0,0.38
Rajasthan,Jodhpur,26.722,72.2445,7.89,0.37,4.33,23.6,56.06,10.21,26.93,17.33,36.87,326.8,0.869,0.028,10,47.34,20.77,270.0,0.63
Rajasthan,Jodhpur,26.4586,73.4416,7.61,0.55,4.54,20.36,54.36,12.23,26.19,17.1,39.77,396.4,0.871,0.029,9,47.51,20.38,275.0,0.36
Rajasthan,Jodhpur,26.5148,73.0994,7.62,0.73,5.39,25.48,50.42,10.23,26.58,17.22,38.27,353.0,0.873,0.025,10,47.65,20.38,241.0,0.24
Rajasthan,Karauli,26.2688,76.9642,7.29,1.05,9.74,27.06,47.08,21.39,26.16,16.91,43.84,620.3,0.87,0.043,8,48.47,19.19,347.0,4.09
Rajasthan,Karauli,26.9379,76.8157,7.26,0.95,8.58,25.69,52.85,18.8,26.37,16.72,42.04,586.0,0.853,0.044,8,48.66,19.19,284.0,0.6
Rajasthan,Karauli,26.4128,77.2829,7.19,0.98,8.23,26.43,44.5,24.02,26.5,17.07,43.82,655.4,0.86,0.048,8,49.15,18.99,334.0,1.03
Rajasthan,Karauli,26.3259,77.1399,7.21,1.19,11.79,27.12,44.3,20.89,26.16,16.91,43.84,620.3,0.87,0.043,8,48.47,18.99,371.0,4.21
Rajasthan,Karauli,26.7617,77.2339,7.27,0.97,8.54,27.97,48.18,18.22,26.48,16.6,43.0,594.7,0.848,0.049,8,48.84,18.99,292.0,3.18
Rajasthan,Kota,25.542,76.3746,7.44,1.07,6.58,27.45,41.11,19.35,26.49,17.99,45.51,738.2,0.909,0.034,8,48.6,19.1,227.0,0.73
Rajasthan,Kota,25.3492,76.2744,7.48,1.0,7.38,27.93,38.49,24.72,26.49,17.99,45.51,738.2,0.909,0.034,8,48.6,19.1,236.0,0.06
Rajasthan,Kota,24.8032,76.0375,7.06,0.99,7.74,31.94,42.47,21.93,26.28,18.2,46.91,808.3,0.917,0.033,8,48.32,19.08,389.0,1.66
Rajasthan,Kota,25.1952,75.8175,7.22,0.95,9.63,28.61,39.76,19.29,25.77,17.66,46.67,760.6,0.924,0.029,8,47.32,19.54,256.0,0.24
Rajasthan,Kota,24.5568,75.9318,7.11,0.79,5.79,27.15,39.16,22.27,25.7,18.22,48.78,802.0,0.928,0.03,8,47.07,19.22,351.0,0.34
Rajasthan,Nagaur,27.0923,74.0377,7.72,0.56,4.7,27.65,52.71,19.21,26.24,16.6,38.1,373.1,0.841,0.032,10,47.12,19.7,306.0,0.33
Rajasthan,Nagaur,26.9447,74.4567,7.71,0.73,4.97,25.44,48.49,14.16,25.94,16.49,39.1,442.9,0.853,0.035,8,46.88,19.84,363.0,0.52
Rajasthan,Nagaur,26.9227,74.5531,7.79,0.93,6.16,21.14,40.6,15.59,25.94,16.49,39.1,442.9,0.853,0.035,8,46.88,19.84,400.0,0.4
Rajasthan,Nagaur,26.9967,73.2937,7.61,0.46,4.75,27.91,54.35,16.21,26.59,16.68,36.37,326.4,0.838,0.032,10,47.06,20.38,308.0,0.29
Rajasthan,Nagaur,27.1345,73.1844,7.83,0.47,4.4,25.61,54.7,17.25,26.59,16.68,36.37,326.4,0.838,0.032,10,47.06,20.25,284.0,0.4
Rajasthan,Pali,24.9586,73.2337,7.39,0.99,8.24,31.06,36.03,33.71,25.79,18.6,43.59,571.8,0.943,0.019,8,46.84,19.6,406.0,3.51
Rajasthan,Pali,26.09,73.7848,7.71,1.02,7.07,23.47,47.16,13.07,26.21,17.74,40.89,433.7,0.896,0.026,8,47.45,20.38,284.0,0.13
Rajasthan,Pali,25.6991,73.2751,7.53,0.99,6.36,25.07,51.51,13.74,26.7,18.69,41.2,461.0,0.922,0.021,9,47.95,20.17,218.0,0.28
Rajasthan,Pali,25.7931,73.6421,7.73,1.06,6.89,24.62,43.71,10.92,26.21,17.74,40.89,433.7,0.896,0.026,8,47.45,20.17,268.0,0.11
Rajasthan,Pali,26.0083,74.16,7.59,1.08,9.31,25.93,35.81,19.58,25.39,16.86,42.24,499.8,0.892,0.033,8,46.86,19.84,424.0,4.3
Rajasthan,Rajsamand,24.8976,73.6361,7.22,1.03,9.63,35.93,35.47,38.43,24.48,17.09,44.83,571.5,0.937,0.022,8,45.39,19.6,731.0,1.6
Rajasthan,Rajsamand,25.4761,73.8021,7.2,1.12,14.04,34.19,36.42,32.71,25.47,17.59,42.55,492.6,0.92,0.024,8,46.37,20.17,672.0,4.25
Rajasthan,Rajsamand,24.9246,73.9661,7.36,0.8,7.18,37.4,35.42,38.81,24.48,17.09,44.83,571.5,0.937,0.022,8,45.39,19.6,533.0,0.87
Rajasthan,Rajsamand,25.1028,73.5599,7.07,1.32,11.86,36.3,34.65,36.84,24.48,17.09,44.83,571.5,0.937,0.022,8,45.39,20.17,1014.0,3.39
Rajasthan,Rajsamand,25.3912,73.8554,7.35,1.17,6.71,35.25,35.74,35.1,25.47,17.59,42.55,492.6,0.92,0.024,8,46.37,20.17,684.0,0.15
Rajasthan,Sawai Madhopur,26.642,76.9235,7.54,0.81,6.44,28.51,44.68,22.16,26.16,16.91,43.84,620.3,0.87,0.043,8,48.47,19.19,245.0,0.24
Rajasthan,Sawai Madhopur,25.9654,76.6708,7.51,1.0,6.72,28.22,44.34,20.19,26.32,17.54,44.47,668.7,0.885,0.041,8,48.56,19.1,206.0,0.62
Rajasthan,Sawai Madhopur,25.9894,76.691,7.5,0.91,6.22,28.02,40.78,20.47,26.32,17.54,44.47,668.7,0.885,0.041,8,48.56,19.1,222.0,0.0
Rajasthan,Sawai Madhopur,26.3654,76.192,7.25,0.73,6.47,24.08,48.92,20.98,26.12,16.96,43.36,620.9,0.883,0.037,8,48.19,19.19,306.0,0.61
Rajasthan,Sawai Madhopur,26.3107,76.4581,7.52,0.92,7.77,25.02,44.83,20.85,26.12,16.96,43.36,620.9,0.883,0.037,8,48.19,19.19,238.0,0.08
Rajasthan,Sikar,27.9643,74.8098,7.92,0.68,6.04,25.97,43.31,20.89,26.11,15.99,37.39,451.7,0.814,0.031,8,46.67,19.7,325.0,0.08
Rajasthan,Sikar,27.4485,75.685,7.54,0.72,6.19,28.66,44.21,24.94,25.22,15.71,40.38,503.5,0.843,0.034,8,46.31,19.31,504.0,0.46
Rajasthan,Sikar,28.077,74.9169,7.87,0.68,5.53,25.65,44.9,19.5,26.11,15.99,37.39,451.7,0.814,0.031,8,46.67,19.58,315.0,0.36
Rajasthan,Sikar,27.86,75.2097,7.49,0.64,6.26,23.3,48.05,19.07,26.11,15.99,37.39,451.7,0.814,0.031,8,46.67,19.31,377.0,0.19
Rajasthan,Sikar,27.6877,75.9498,7.47,0.93,9.29,23.19,47.68,25.63,25.38,15.82,41.84,557.8,0.84,0.036,8,47.08,19.31,482.0,1.36
Rajasthan,Sirohi,24.6425,72.9308,7.37,1.1,7.38,28.22,34.79,27.79,25.55,19.08,45.45,682.9,0.955,0.017,8,46.45,19.87,347.0,0.88
Rajasthan,Sirohi,24.9944,72.9513,7.35,0.97,12.48,30.81,38.59,35.43,25.79,18.6,43.59,571.8,0.943,0.019,8,46.84,19.87,402.0,13.91
Rajasthan,Sirohi,24.5936,72.704,7.07,1.93,17.79,36.88,31.14,37.55,26.4,19.54,44.75,642.7,0.953,0.019,8,46.96,19.87,1155.0,0.93
Rajasthan,Sirohi,24.7103,72.4957,7.44,1.08,8.46,20.96,42.88,29.64,26.4,19.54,44.75,642.7,0.953,0.019,8,46.96,19.87,301.0,0.43
Rajasthan,Sirohi,24.7236,72.3663,7.48,1.06,6.82,19.88,41.52,28.59,26.4,19.54,44.75,642.7,0.953,0.019,8,46.96,19.87,306.0,0.87
Rajasthan,Tonk,26.1549,75.3971,7.4,0.82,5.47,23.33,44.76,19.19,26.09,17.16,43.45,611.2,0.901,0.032,8,47.99,19.57,322.0,0.26
Rajasthan,Tonk,26.0227,75.9172,7.35,0.91,6.67,26.03,43.81,23.18,26.09,17.16,43.45,611.2,0.901,0.032,8,47.99,19.57,293.0,3.66
Rajasthan,Tonk,26.4389,75.9551,7.45,0.78,7.7,23.22,48.41,20.59,26.12,16.96,43.36,620.9,0.883,0.037,8,48.19,19.57,312.0,0.35
Rajasthan,Tonk,26.1714,75.566,7.46,0.81,5.97,23.26,39.33,22.04,26.09,17.16,43.45,611.2,0.901,0.032,8,47.99,19.57,290.0,0.15
Rajasthan,Tonk,26.2779,75.9741,7.55,0.91,8.53,23.01,46.1,21.36,26.12,16.96,43.36,620.9,0.883,0.037,8,48.19,19.57,279.0,0.31
Rajasthan,Udaipur,24.7795,73.4864,7.29,1.25,12.43,39.35,33.73,37.86,24.48,17.09,44.83,571.5,0.937,0.022,8,45.39,19.6,850.0,2.32
Rajasthan,Udaipur,24.2311,74.035,7.48,1.13,8.25,28.67,35.53,29.42,26.0,19.55,46.74,701.3,0.951,0.021,8,47.75,19.44,306.0,0.12
Rajasthan,Udaipur,24.5158,73.4232,7.14,1.36,15.27,36.93,34.33,38.93,25.55,19.08,45.45,682.9,0.955,0.017,8,46.45,19.6,771.0,4.77
Rajasthan,Udaipur,24.1401,74.034,7.48,1.13,9.06,30.08,36.39,27.62,26.0,19.55,46.74,701.3,0.951,0.021,8,47.75,19.44,248.0,0.87
Rajasthan,Udaipur,24.1208,73.7731,7.36,1.2,9.11,33.18,36.56,34.99,26.0,19.55,46.74,701.3,0.951,0.021,8,47.75,19.6,414.0,1.37
Sikkim,East,27.3446,88.8768,6.51,2.82,49.93,19.34,48.77,27.26,7.45,0.96,73.79,1092.0,0.755,0.049,6,22.33,14.65,4393.0,18.9
Sikkim,East,27.2984,88.6223,5.29,9.23,31.29,28.0,34.87,20.84,7.45,0.96,73.79,1092.0,0.755,0.049,6,22.33,14.65,1543.0,24.62
Sikkim,East,27.2037,88.7422,5.26,13.85,43.05,29.59,32.71,21.56,18.76,12.57,69.37,1705.1,0.773,0.053,5,33.36,14.65,1974.0,26.74
Sikkim,East,27.271,88.5499,5.27,7.73,25.67,29.38,34.72,19.5,7.45,0.96,73.79,1092.0,0.755,0.049,6,22.33,14.65,1339.0,19.36
Sikkim,East,27.3162,88.5038,5.32,7.36,30.54,28.59,33.58,20.21,7.45,0.96,73.79,1092.0,0.755,0.049,6,22.33,14.65,1497.0,21.62
Sikkim,North Sikkim,27.9762,88.4496,6.77,2.44,31.81,15.8,54.21,32.05,-0.06,-7.68,69.6,633.0,0.75,0.046,7,18.26,14.65,5045.0,26.37
Sikkim,North Sikkim,27.843,88.6141,6.94,2.87,26.99,15.32,58.6,28.38,-0.06,-7.68,69.6,633.0,0.75,0.046,7,18.26,14.65,5476.0,24.66
Sikkim,North Sikkim,27.9726,88.7485,6.84,2.24,27.3,14.15,54.99,28.26,-0.06,-7.68,69.6,633.0,0.75,0.046,7,18.26,14.65,5221.0,12.1
Sikkim,North Sikkim,27.6241,88.7981,6.97,2.45,32.34,13.82,54.51,24.37,7.45,0.96,73.79,1092.0,0.755,0.049,6,22.33,14.65,4811.0,23.69
Sikkim,North Sikkim,27.7302,88.4831,6.89,2.75,36.15,14.64,55.39,26.06,7.45,0.96,73.79,1092.0,0.755,0.049,6,22.33,14.65,5167.0,18.26
Sikkim,South Sikkim,27.2871,88.4105,5.4,6.78,30.56,27.0,33.8,19.75,5.32,-1.4,74.43,1097.7,0.77,0.047,6,18.89,14.65,1647.0,16.27
Sikkim,South Sikkim,27.4344,88.2953,5.42,5.37,55.81,26.91,38.76,25.43,5.32,-1.4,74.43,1097.7,0.77,0.047,6,18.89,14.65,2715.0,26.93
Sikkim,South Sikkim,27.3845,88.3735,5.33,10.31,42.35,24.39,40.39,22.56,5.32,-1.4,74.43,1097.7,0.77,0.047,6,18.89,14.65,2214.0,21.16
Sikkim,South Sikkim,27.3925,88.4297,5.22,6.77,37.49,24.9,39.6,22.63,5.32,-1.4,74.43,1097.7,0.77,0.047,6,18.89,14.65,1655.0,24.55
Sikkim,South Sikkim,27.1144,88.4664,5.28,5.74,23.81,29.33,33.76,17.86,18.76,12.57,69.37,1705.1,0.773,0.053,5,33.36,14.65,355.0,16.65
Sikkim,West Sikkim,27.4436,88.1879,5.48,4.9,57.94,21.41,44.26,22.6,5.32,-1.4,74.43,1097.7,0.77,0.047,6,18.89,14.65,2857.0,21.99
Sikkim,West Sikkim,27.3724,88.1359,5.51,5.54,53.25,28.13,36.64,23.52,5.32,-1.4,74.43,1097.7,0.77,0.047,6,18.89,14.65,2689.0,26.91
Sikkim,West Sikkim,27.2749,88.1703,5.47,8.29,30.71,25.68,41.71,20.22,5.32,-1.4,74.43,1097.7,0.77,0.047,6,18.89,14.65,1670.0,27.75
Sikkim,West Sikkim,27.1632,88.1969,5.38,4.37,21.75,26.9,37.15,19.15,18.42,12.38,67.07,1544.8,0.785,0.05,5,33.23,14.65,1329.0,20.23
Sikkim,West Sikkim,27.5053,88.2352,7.06,2.42,30.77,15.45,57.92,23.29,5.32,-1.4,74.43,1097.7,0.77,0.047,6,18.89,14.65,4818.0,22.65
Tamil Nadu,Ariyalur,11.2817,79.4742,6.81,1.67,20.88,32.72,35.74,25.04,28.12,24.74,70.55,1044.5,0.317,0.543,5,42.9,19.44,30.0,0.37
Tamil Nadu,Ariyalur,11.0842,79.3261,7.05,1.69,21.57,34.29,34.92,31.19,28.22,24.94,70.7,1011.0,0.295,0.554,5,42.45,19.44,34.0,0.3
Tamil Nadu,Ariyalur,11.338,79.1769,7.07,1.48,17.53,35.68,35.29,27.76,28.12,24.74,70.55,1044.5,0.317,0.543,5,42.9,19.44,55.0,0.15
Tamil Nadu,Ariyalur,11.1557,79.3784,6.89,1.51,19.86,36.31,35.64,26.51,28.22,24.94,70.7,1011.0,0.295,0.554,5,42.45,19.44,38.0,0.45
Tamil Nadu,Ariyalur,11.1916,79.2783,6.97,1.6,17.18,35.63,34.42,28.71,28.22,24.94,70.7,1011.0,0.295,0.554,5,42.45,19.44,98.0,0.58
Tamil Nadu,Coimbatore,11.1115,77.2544,7.32,1.06,16.61,29.99,41.8,24.34,27.13,24.85,66.12,708.9,0.364,0.423,6,43.2,19.74,324.0,0.37
Tamil Nadu,Coimbatore,10.857,77.1219,7.44,1.1,13.28,31.35,44.12,26.69,24.57,23.27,75.18,1142.8,0.51,0.295,4,41.13,19.42,387.0,1.07
Tamil Nadu,Coimbatore,10.9514,77.445,7.12,1.01,11.58,30.24,42.75,24.53,27.13,24.85,66.12,708.9,0.364,0.423,6,43.2,19.42,324.0,0.6
Tamil Nadu,Coimbatore,10.7985,77.0032,7.13,1.19,13.13,27.86,48.28,20.86,24.57,23.27,75.18,1142.8,0.51,0.295,4,41.13,19.42,330.0,1.09
Tamil Nadu,Coimbatore,10.2591,76.9522,5.23,3.45,32.18,36.36,35.89,14.91,24.2,23.27,78.77,1558.3,0.537,0.27,4,40.09,18.3,977.0,1.85
Tamil Nadu,Chennai,13.0242,80.2714,6.58,1.97,34.23,35.77,34.88,25.85,27.95,24.7,72.39,1253.0,0.362,0.544,4,42.7,18.8,6.0,0.33
Tamil Nadu,Chennai,12.9982,80.2283,6.44,2.25,24.13,33.99,36.36,23.05,27.95,24.7,72.39,1253.0,0.362,0.544,4,42.7,19.34,20.0,0.22
Tamil Nadu,Chennai,12.9534,80.2103,6.78,2.0,28.63,37.36,31.79,25.37,27.95,24.7,72.39,1253.0,0.362,0.544,4,42.7,19.34,5.0,0.21
Tamil Nadu,Chennai,13.0239,80.1955,6.67,1.98,25.5,35.98,35.36,24.18,27.95,24.7,72.39,1253.0,0.362,0.544,4,42.7,18.8,11.0,0.64
Tamil Nadu,Chennai,13.013,80.2369,6.5,2.19,24.87,33.0,37.54,25.3,27.95,24.7,72.39,1253.0,0.362,0.544,4,42.7,18.8,18.0,0.47
Tamil Nadu,Cuddalore,11.4205,79.6364,6.76,1.77,22.93,34.3,31.43,29.08,28.12,24.74,70.55,1044.5,0.317,0.543,5,42.9,19.44,8.0,0.05
Tamil Nadu,Cuddalore,11.7579,79.5587,6.88,1.53,19.83,35.27,35.21,24.25,27.85,24.34,70.56,1086.5,0.349,0.518,4,43.78,19.44,23.0,1.04
Tamil Nadu,Cuddalore,11.2706,79.5404,6.74,1.65,20.93,32.82,31.47,27.91,28.12,24.74,70.55,1044.5,0.317,0.543,5,42.9,19.44,14.0,0.05
Tamil Nadu,Cuddalore,11.2922,79.572,6.79,1.68,23.07,31.62,33.52,27.21,28.12,24.74,70.55,1044.5,0.317,0.543,5,42.9,19.44,8.0,0.16
Tamil Nadu,Cuddalore,11.5185,79.2558,7.07,1.61,19.62,35.15,36.36,22.98,28.12,24.74,70.55,1044.5,0.317,0.543,5,42.9,19.44,42.0,0.21
Tamil Nadu,Dharmapuri,12.2877,77.7221,6.46,1.52,19.82,35.78,37.83,27.91,24.45,22.34,68.11,833.3,0.495,0.275,4,41.69,19.73,484.0,4.54
Tamil Nadu,Dharmapuri,11.8527,78.6095,6.21,2.02,25.58,37.93,34.92,28.29,26.3,23.12,69.6,917.3,0.42,0.402,4,43.74,19.59,583.0,9.37
Tamil Nadu,Dharmapuri,12.3203,77.7278,6.61,1.26,16.03,35.58,38.5,28.06,24.45,22.34,68.11,833.3,0.495,0.275,4,41.69,19.73,548.0,2.38
Tamil Nadu,Dharmapuri,12.434,77.9495,6.38,2.36,23.49,33.37,38.63,26.18,24.83,22.21,69.01,897.7,0.468,0.327,4,42.42,19.73,944.0,15.52
Tamil Nadu,Dharmapuri,12.2445,78.3151,6.94,1.28,12.15,34.59,35.26,30.89,25.87,23.08,68.02,870.0,0.426,0.376,5,43.27,19.58,424.0,0.7
Tamil Nadu,Dindigul,10.4541,77.5437,7.12,1.28,15.04,30.42,43.62,28.15,25.28,23.16,70.33,855.9,0.386,0.401,5,40.7,19.42,327.0,0.43
Tamil Nadu,Dindigul,10.1953,77.913,7.21,1.71,19.07,32.77,41.13,25.59,27.31,24.55,68.93,959.4,0.347,0.451,4,43.34,19.42,247.0,0.63
Tamil Nadu,Dindigul,10.3622,78.249,6.9,1.76,18.16,34.67,38.11,23.22,27.28,24.44,67.9,824.5,0.349,0.456,5,43.04,19.96,304.0,0.8
Tamil Nadu,Dindigul,10.7088,78.0629,7.27,1.28,13.98,29.11,39.58,29.46,27.28,24.44,67.9,824.5,0.349,0.456,5,43.04,19.96,233.0,0.83
Tamil Nadu,Dindigul,10.3711,78.1227,7.24,1.45,14.88,29.23,41.81,30.14,27.28,24.44,67.9,824.5,0.349,0.456,5,43.04,19.96,315.0,0.56
Tamil Nadu,Erode,11.9086,77.607,6.41,1.77,22.6,35.15,37.42,28.46,24.88,22.67,67.69,795.9,0.445,0.33,4,42.08,19.74,340.0,5.84
Tamil Nadu,Erode,11.4406,77.3003,7.01,1.24,13.69,33.39,36.66,27.35,26.48,24.1,65.39,727.2,0.391,0.392,6,43.36,19.74,238.0,0.59
Tamil Nadu,Erode,11.1033,77.8684,7.09,1.09,14.84,36.64,35.35,30.19,27.48,24.73,66.87,763.5,0.355,0.452,6,43.6,19.74,143.0,0.82
Tamil Nadu,Erode,11.4909,77.1731,6.71,1.32,15.79,36.84,35.06,27.2,23.5,21.97,72.73,947.1,0.493,0.299,4,40.27,19.74,248.0,0.36
Tamil Nadu,Erode,10.7772,77.3234,7.14,1.01,12.98,30.76,41.43,26.32,27.13,24.85,66.12,708.9,0.364,0.423,6,43.2,19.42,308.0,0.88
Tamil Nadu,Kancheepuram,12.3364,79.6535,7.01,1.56,21.13,35.02,34.91,23.01,27.3,23.59,70.84,1097.0,0.389,0.482,4,44.6,19.46,66.0,0.22
Tamil Nadu,Kancheepuram,12.924,79.9156,6.76,1.87,21.47,34.25,36.37,25.31,27.95,24.7,72.39,1253.0,0.362,0.544,4,42.7,19.46,60.0,0.88
Tamil Nadu,Kancheepuram,12.5361,80.0576,6.69,1.58,21.93,32.32,33.58,25.9,27.98,24.99,73.73,1240.6,0.345,0.549,4,40.18,19.34,12.0,0.12
Tamil Nadu,Kancheepuram,12.6152,79.8342,7.04,1.44,20.67,36.16,35.17,25.03,27.98,24.99,73.73,1240.6,0.345,0.549,4,40.18,19.46,51.0,0.53
Tamil Nadu,Kancheepuram,12.3434,79.9558,6.93,1.59,20.93,34.09,31.59,26.77,27.98,24.99,73.73,1240.6,0.345,0.549,4,40.18,19.46,17.0,0.12
Tamil Nadu,Kanniyakumari,8.2759,77.213,5.69,3.48,34.09,35.04,36.55,17.84,25.82,24.59,79.44,1293.0,0.363,0.408,3,39.75,18.93,67.0,1.54
Tamil Nadu,Kanniyakumari,8.2267,77.3588,5.99,3.18,34.55,39.71,31.06,18.15,27.51,27.01,80.29,1314.4,0.372,0.406,3,33.95,18.93,36.0,0.8
Tamil Nadu,Kanniyakumari,8.2457,77.2885,5.69,3.46,36.73,40.59,32.9,18.36,27.51,27.01,80.29,1314.4,0.372,0.406,3,33.95,18.93,79.0,0.53
Tamil Nadu,Kanniyakumari,8.4676,77.2654,5.73,3.04,27.13,35.17,35.63,17.14,25.82,24.59,79.44,1293.0,0.363,0.408,3,39.75,18.93,113.0,4.47
Tamil Nadu,Kanniyakumari,8.4317,77.3549,5.69,3.48,30.98,37.18,35.63,17.89,25.82,24.59,79.44,1293.0,0.363,0.408,3,39.75,18.93,111.0,2.17
Tamil Nadu,Karur,10.6376,78.2269,7.34,1.52,15.57,29.91,39.84,27.94,27.28,24.44,67.9,824.5,0.349,0.456,5,43.04,19.96,241.0,0.96
Tamil Nadu,Karur,10.7443,78.2734,7.44,1.37,12.38,28.87,41.87,30.69,27.28,24.44,67.9,824.5,0.349,0.456,5,43.04,19.96,176.0,0.41
Tamil Nadu,Karur,10.7902,78.3446,7.3,1.22,14.38,34.45,40.16,27.13,27.48,24.73,66.87,763.5,0.355,0.452,6,43.6,19.96,149.0,0.53
Tamil Nadu,Karur,10.8985,78.2855,7.46,1.32,18.4,33.17,38.12,27.94,27.48,24.73,66.87,763.5,0.355,0.452,6,43.6,19.96,116.0,0.42
Tamil Nadu,Karur,10.7334,78.1406,7.33,1.39,14.71,31.48,38.28,28.49,27.28,24.44,67.9,824.5,0.349,0.456,5,43.04,19.96,202.0,0.59
Tamil Nadu,Madurai,9.7752,77.7153,6.8,1.67,17.17,32.84,43.24,24.25,23.77,21.78,74.08,1123.7,0.412,0.372,4,39.08,18.93,206.0,0.35
Tamil Nadu,Madurai,9.7151,77.7001,6.39,2.31,28.76,34.54,38.35,21.24,24.93,23.33,76.47,1321.1,0.408,0.369,4,40.79,18.93,550.0,12.27
Tamil Nadu,Madurai,9.7309,77.967,7.6,1.93,20.94,34.85,40.34,30.07,27.83,25.62,71.08,1053.7,0.325,0.463,3,43.51,18.93,121.0,0.12
Tamil Nadu,Madurai,9.9677,77.7983,7.05,1.7,15.99,31.97,43.34,24.22,23.77,21.78,74.08,1123.7,0.412,0.372,4,39.08,18.93,209.0,0.38
Tamil Nadu,Madurai,10.0228,78.0903,7.07,1.67,17.52,34.19,40.14,32.69,27.31,24.55,68.93,959.4,0.347,0.451,4,43.34,19.96,169.0,0.21
Tamil Nadu,Nagapattinam,11.1091,79.7484,6.77,2.29,27.88,35.21,33.93,22.2,28.28,25.96,75.24,1050.8,0.274,0.558,5,35.77,19.44,8.0,0.38
Tamil Nadu,Nagapattinam,11.0674,79.7701,6.82,2.04,30.72,34.2,33.11,25.06,28.28,25.96,75.24,1050.8,0.274,0.558,5,35.77,19.44,5.0,0.05
Tamil Nadu,Nagapattinam,10.3615,79.7839,6.41,2.95,42.32,33.28,30.33,24.09,28.28,26.19,76.34,1126.4,0.25,0.56,4,34.22,19.53,3.0,0.1
Tamil Nadu,Nagapattinam,10.4164,79.6853,6.23,2.87,35.26,32.03,30.84,24.97,28.34,25.37,71.81,1018.0,0.272,0.562,5,40.18,19.53,1.0,0.17
Tamil Nadu,Nagapattinam,10.7194,79.8358,6.82,2.45,38.29,33.56,30.21,26.4,28.28,26.19,76.34,1126.4,0.25,0.56,4,34.22,19.53,7.0,0.43
Tamil Nadu,Namakkal,11.1885,78.0421,7.13,1.2,17.3,31.9,32.48,27.61,27.48,24.73,66.87,763.5,0.355,0.452,6,43.6,19.59,149.0,0.82
Tamil Nadu,Namakkal,11.2092,77.8674,6.88,1.21,17.14,36.98,33.41,29.54,27.48,24.73,66.87,763.5,0.355,0.452,6,43.6,19.74,135.0,0.56
Tamil Nadu,Namakkal,11.407,77.8917,7.08,1.53,16.04,31.38,37.41,29.39,26.99,24.17,66.66,802.5,0.384,0.422,6,43.74,19.74,304.0,5.65
Tamil Nadu,Namakkal,11.1266,77.9965,6.87,1.23,18.14,35.6,33.62,27.09,27.48,24.73,66.87,763.5,0.355,0.452,6,43.6,19.74,149.0,0.28
Tamil Nadu,Namakkal,11.1254,77.9598,7.04,1.07,14.09,37.53,32.37,31.61,27.48,24.73,66.87,763.5,0.355,0.452,6,43.6,19.74,157.0,0.74
Tamil Nadu,Nilgiris,11.204,76.458,5.63,3.64,51.76,33.5,32.07,18.54,25.27,25.01,78.79,1984.8,0.638,0.201,4,39.17,18.58,2198.0,3.09
Tamil Nadu,Nilgiris,11.5747,76.3125,5.52,2.18,20.1,28.02,41.76,18.65,23.56,22.96,78.53,1852.7,0.663,0.185,4,38.78,18.58,883.0,2.73
Tamil Nadu,Nilgiris,11.2039,76.5774,5.71,3.57,48.03,32.3,35.52,19.91,24.57,23.27,75.18,1142.8,0.51,0.295,4,41.13,18.58,2197.0,17.41
Tamil Nadu,Nilgiris,11.6224,76.3908,5.47,2.47,22.37,30.71,38.34,17.45,23.56,22.96,78.53,1852.7,0.663,0.185,4,38.78,18.58,995.0,2.1
Tamil Nadu,Nilgiris,11.5948,76.638,6.08,1.64,16.46,31.97,39.71,23.11,23.5,21.97,72.73,947.1,0.493,0.299,4,40.27,18.58,905.0,3.28
Tamil Nadu,Perambalur,11.0916,78.818,7.43,1.38,15.86,35.0,36.36,37.48,27.64,24.52,68.62,829.1,0.346,0.482,5,43.99,19.59,123.0,0.33
Tamil Nadu,Perambalur,11.3148,78.6979,6.44,2.15,29.5,35.38,38.05,26.48,26.84,23.66,69.32,873.4,0.377,0.449,5,43.87,19.59,652.0,11.35
Tamil Nadu,Perambalur,11.2523,78.7879,7.27,1.34,15.23,36.56,38.2,31.04,26.84,23.66,69.32,873.4,0.377,0.449,5,43.87,19.59,150.0,0.32
Tamil Nadu,Perambalur,11.3081,78.8705,7.44,1.53,16.54,32.72,35.28,36.78,26.84,23.66,69.32,873.4,0.377,0.449,5,43.87,19.59,133.0,0.75
Tamil Nadu,Perambalur,11.2144,78.9958,7.43,1.34,21.56,36.01,33.8,33.4,27.64,24.52,68.62,829.1,0.346,0.482,5,43.99,19.59,99.0,0.85
Tamil Nadu,Pudukkottai,10.2175,78.7784,7.43,1.67,15.69,38.08,36.03,28.24,28.17,25.35,69.93,916.1,0.287,0.522,5,42.49,19.96,86.0,0.47
Tamil Nadu,Pudukkottai,10.4236,78.7105,7.41,1.69,18.2,38.64,35.01,28.14,28.09,25.05,68.58,844.2,0.32,0.502,5,43.6,19.96,106.0,0.23
Tamil Nadu,Pudukkottai,10.5025,79.1142,7.44,1.54,19.28,37.32,35.05,29.19,28.34,25.37,71.81,1018.0,0.272,0.562,5,40.18,19.53,51.0,0.15
Tamil Nadu,Pudukkottai,10.1956,78.9657,7.63,1.57,15.96,38.6,35.01,31.4,28.17,25.35,69.93,916.1,0.287,0.522,5,42.49,19.96,51.0,0.56
Tamil Nadu,Pudukkottai,10.0469,79.2294,6.65,2.91,26.38,37.54,28.8,23.89,28.38,25.98,74.5,1033.3,0.228,0.585,5,36.15,19.53,7.0,0.23
Tamil Nadu,Ramanathapuram,9.2473,78.6911,7.48,2.19,39.21,37.76,31.47,33.68,28.14,26.54,77.04,946.0,0.216,0.562,6,34.89,20.03,8.0,0.05
Tamil Nadu,Ramanathapuram,9.2877,79.2249,6.68,3.06,31.92,31.7,36.23,25.73,28.27,26.48,77.4,1003.3,0.169,0.619,6,33.6,20.17,6.0,0.31
Tamil Nadu,Ramanathapuram,9.418,78.5272,7.42,1.46,23.23,37.41,33.73,28.75,28.23,25.95,72.68,968.8,0.248,0.545,5,39.55,20.03,34.0,0.12
Tamil Nadu,Ramanathapuram,9.32,79.0317,7.07,2.75,27.53,40.13,31.58,30.38,28.23,25.95,72.68,968.8,0.248,0.545,5,39.55,20.17,0.0,0.33
Tamil Nadu,Ramanathapuram,9.2577,78.4393,7.16,1.46,29.96,39.64,31.01,30.32,28.23,25.95,72.68,968.8,0.248,0.545,5,39.55,20.03,19.0,0.07
Tamil Nadu,Salem,11.6942,78.2317,6.94,1.27,14.74,36.23,34.96,29.07,26.99,24.17,66.66,802.5,0.384,0.422,6,43.74,19.59,322.0,0.6
Tamil Nadu,Salem,11.7839,77.9179,6.66,1.26,14.01,33.69,36.19,30.14,25.87,23.08,68.02,870.0,0.426,0.376,5,43.27,19.74,329.0,0.83
Tamil Nadu,Salem,11.7934,78.631,6.66,1.77,21.2,37.41,35.8,26.46,26.3,23.12,69.6,917.3,0.42,0.402,4,43.74,19.59,768.0,3.17
Tamil Nadu,Salem,11.5828,77.7925,6.86,1.15,12.03,34.72,37.91,31.17,26.48,24.1,65.39,727.2,0.391,0.392,6,43.36,19.74,209.0,0.19
Tamil Nadu,Salem,11.5429,77.976,7.01,1.31,13.2,32.02,36.49,31.93,26.99,24.17,66.66,802.5,0.384,0.422,6,43.74,19.74,246.0,0.91
Tamil Nadu,Sivaganga,9.6571,78.3775,7.42,1.61,15.54,38.68,35.15,28.46,27.83,25.62,71.08,1053.7,0.325,0.463,3,43.51,20.03,71.0,0.07
Tamil Nadu,Sivaganga,10.0183,78.624,7.25,1.63,16.38,35.63,35.56,26.87,28.17,25.35,69.93,916.1,0.287,0.522,5,42.49,19.96,82.0,0.12
Tamil Nadu,Sivaganga,9.8527,78.2664,7.21,1.61,16.09,39.67,35.43,28.57,27.31,24.55,68.93,959.4,0.347,0.451,4,43.34,20.03,105.0,0.07
Tamil Nadu,Sivaganga,9.8996,78.4892,7.13,1.76,15.62,33.49,36.05,25.72,28.17,25.35,69.93,916.1,0.287,0.522,5,42.49,20.03,106.0,0.27
Tamil Nadu,Sivaganga,9.7997,78.4757,7.34,1.69,15.63,34.45,36.37,27.41,28.17,25.35,69.93,916.1,0.287,0.522,5,42.49,20.03,94.0,0.07
Tamil Nadu,Thanjavur,10.6075,79.1733,7.28,1.74,20.65,39.08,32.37,28.55,28.34,25.37,71.81,1018.0,0.272,0.562,5,40.18,19.53,44.0,0.51
Tamil Nadu,Thanjavur,10.8744,79.0805,7.53,1.71,20.99,38.48,32.63,25.78,28.22,24.94,70.7,1011.0,0.295,0.554,5,42.45,19.53,41.0,0.29
Tamil Nadu,Thanjavur,10.8551,79.2095,7.27,1.7,22.06,41.39,31.13,30.19,28.22,24.94,70.7,1011.0,0.295,0.554,5,42.45,19.53,36.0,0.07
Tamil Nadu,Thanjavur,11.0412,79.4287,6.66,1.92,21.71,36.57,29.92,25.84,28.22,24.94,70.7,1011.0,0.295,0.554,5,42.45,19.44,21.0,0.05
Tamil Nadu,Thanjavur,10.7771,79.0627,7.25,1.51,18.62,39.38,32.68,29.89,28.22,24.94,70.7,1011.0,0.295,0.554,5,42.45,19.53,48.0,0.1
Tamil Nadu,Theni,9.8628,77.458,6.84,1.87,17.57,32.09,41.92,26.69,23.77,21.78,74.08,1123.7,0.412,0.372,4,39.08,18.93,346.0,0.51
Tamil Nadu,Theni,10.0309,77.5151,7.0,1.57,17.71,36.52,41.15,24.99,23.77,21.78,74.08,1123.7,0.412,0.372,4,39.08,19.42,328.0,4.66
Tamil Nadu,Theni,10.0489,77.4533,6.52,1.7,21.89,35.43,40.43,23.92,23.77,21.78,74.08,1123.7,0.412,0.372,4,39.08,19.42,327.0,1.24
Tamil Nadu,Theni,9.6178,77.4498,5.79,2.6,32.96,34.7,40.25,20.01,24.93,23.33,76.47,1321.1,0.408,0.369,4,40.79,18.93,697.0,7.35
Tamil Nadu,Theni,10.0705,77.4978,6.57,1.68,20.97,34.73,41.91,25.8,23.77,21.78,74.08,1123.7,0.412,0.372,4,39.08,19.42,309.0,0.45
Tamil Nadu,Thiruvallur,13.3521,80.269,6.67,1.91,25.61,34.67,33.94,25.39,27.97,24.49,71.14,1186.0,0.367,0.546,5,43.2,18.8,4.0,0.11
Tamil Nadu,Thiruvallur,13.2851,80.0259,7.0,1.79,25.82,34.58,36.21,27.59,27.97,24.49,71.14,1186.0,0.367,0.546,5,43.2,18.8,29.0,0.56
Tamil Nadu,Thiruvallur,13.2431,79.9062,7.03,1.39,18.68,34.56,35.77,26.51,27.95,24.7,72.39,1253.0,0.362,0.544,4,42.7,19.21,46.0,0.47
Tamil Nadu,Thiruvallur,13.3523,80.2765,6.78,1.85,26.72,35.47,33.84,25.46,27.97,24.49,71.14,1186.0,0.367,0.546,5,43.2,18.8,5.0,0.05
Tamil Nadu,Thiruvallur,13.2958,80.1312,7.11,1.78,24.61,38.39,34.05,24.58,27.97,24.49,71.14,1186.0,0.367,0.546,5,43.2,18.8,15.0,0.12
Tamil Nadu,Thiruvarur,10.618,79.6311,6.65,2.5,25.28,32.37,33.38,24.8,28.34,25.37,71.81,1018.0,0.272,0.562,5,40.18,19.53,5.0,0.0
Tamil Nadu,Thiruvarur,10.3751,79.501,6.38,3.09,31.4,32.44,31.13,26.66,28.34,25.37,71.81,1018.0,0.272,0.562,5,40.18,19.53,1.0,0.0
Tamil Nadu,Thiruvarur,10.6108,79.6123,6.43,2.5,30.35,31.11,32.79,25.0,28.34,25.37,71.81,1018.0,0.272,0.562,5,40.18,19.53,5.0,0.07
Tamil Nadu,Thiruvarur,10.8517,79.4282,6.71,1.79,23.04,35.25,30.89,25.85,28.22,24.94,70.7,1011.0,0.295,0.554,5,42.45,19.53,23.0,0.15
Tamil Nadu,Thiruvarur,10.3957,79.526,6.21,2.74,34.05,33.6,30.58,24.84,28.34,25.37,71.81,1018.0,0.272,0.562,5,40.18,19.53,4.0,0.15
Tamil Nadu,Thoothukudi,8.6264,78.0265,6.73,1.79,30.14,34.6,34.33,26.09,27.93,26.42,76.59,1048.9,0.267,0.507,4,36.65,20.24,10.0,0.31
Tamil Nadu,Thoothukudi,9.1692,77.9529,7.63,1.67,39.74,37.13,41.14,29.28,27.9,26.07,73.77,1052.6,0.288,0.493,3,40.95,18.93,75.0,0.31
Tamil Nadu,Thoothukudi,9.0073,78.0342,7.77,1.37,26.98,33.82,43.15,27.67,27.9,26.07,73.77,1052.6,0.288,0.493,3,40.95,20.03,46.0,0.23
Tamil Nadu,Thoothukudi,9.2737,78.042,7.57,1.91,25.96,38.36,35.63,29.18,27.83,25.62,71.08,1053.7,0.325,0.463,3,43.51,20.03,44.0,0.12
Tamil Nadu,Thoothukudi,9.0665,77.8169,7.21,1.97,23.71,34.17,40.97,26.88,27.9,26.07,73.77,1052.6,0.288,0.493,3,40.95,18.93,109.0,0.16
Tamil Nadu,Tiruchchirappalli,11.1787,78.5998,7.31,1.24,13.36,32.75,38.75,33.27,27.64,24.52,68.62,829.1,0.346,0.482,5,43.99,19.59,143.0,0.29
Tamil Nadu,Tiruchchirappalli,10.3723,78.4173,6.76,1.97,18.56,35.65,37.96,26.1,27.28,24.44,67.9,824.5,0.349,0.456,5,43.04,19.96,250.0,3.26
Tamil Nadu,Tiruchchirappalli,11.2152,78.5098,7.05,1.34,13.51,33.45,38.46,32.91,27.64,24.52,68.62,829.1,0.346,0.482,5,43.99,19.59,156.0,0.42
Tamil Nadu,Tiruchchirappalli,11.0064,78.2484,7.09,1.21,12.12,34.26,36.48,30.23,27.48,24.73,66.87,763.5,0.355,0.452,6,43.6,19.59,111.0,0.78
Tamil Nadu,Tiruchchirappalli,11.0189,78.5487,7.37,1.37,12.58,36.76,36.75,36.04,27.64,24.52,68.62,829.1,0.346,0.482,5,43.99,19.59,99.0,0.17
Tamil Nadu,Tirunelveli Kattabo,8.6981,77.6076,6.47,1.57,18.97,39.22,34.63,22.57,25.82,24.59,79.44,1293.0,0.363,0.408,3,39.75,18.93,46.0,0.15
Tamil Nadu,Tirunelveli Kattabo,8.6121,77.7475,7.19,1.6,24.45,34.45,41.76,26.25,25.82,24.59,79.44,1293.0,0.363,0.408,3,39.75,18.93,49.0,0.26
Tamil Nadu,Tirunelveli Kattabo,8.9064,77.4665,6.54,1.85,18.8,32.36,41.28,20.28,25.85,24.44,78.19,1342.3,0.381,0.391,3,41.36,18.93,117.0,0.48
Tamil Nadu,Tirunelveli Kattabo,9.2414,77.4083,6.28,1.77,24.29,31.84,41.12,22.27,25.85,24.44,78.19,1342.3,0.381,0.391,3,41.36,18.93,181.0,0.15
Tamil Nadu,Tirunelveli Kattabo,9.2863,77.4401,6.41,1.88,24.45,32.4,41.5,23.21,24.93,23.33,76.47,1321.1,0.408,0.369,4,40.79,18.93,166.0,0.28
Tamil Nadu,Tiruvannamalai,12.2725,79.1627,7.05,1.42,16.93,32.08,35.72,30.0,27.3,23.59,70.84,1097.0,0.389,0.482,4,44.6,19.46,170.0,0.12
Tamil Nadu,Tiruvannamalai,12.6344,79.5503,6.97,1.54,16.82,32.75,36.07,28.97,27.3,23.59,70.84,1097.0,0.389,0.482,4,44.6,19.46,90.0,0.22
Tamil Nadu,Tiruvannamalai,12.7061,79.2211,7.07,1.21,17.83,35.4,35.6,32.03,27.3,23.59,70.84,1097.0,0.389,0.482,4,44.6,19.46,173.0,0.63
Tamil Nadu,Tiruvannamalai,12.2679,78.8833,7.06,1.24,16.15,30.61,38.07,29.98,26.04,22.9,69.42,918.9,0.465,0.35,5,43.83,19.58,235.0,0.74
Tamil Nadu,Tiruvannamalai,12.195,78.8796,7.18,1.4,15.73,31.82,36.97,30.01,26.3,23.12,69.6,917.3,0.42,0.402,4,43.74,19.58,222.0,0.56
Tamil Nadu,Vellore,12.711,78.6342,6.79,1.35,15.49,37.63,34.69,28.99,26.04,22.9,69.42,918.9,0.465,0.35,5,43.83,19.58,348.0,0.37
Tamil Nadu,Vellore,12.6117,78.8148,6.39,1.7,21.45,36.84,37.77,26.61,26.04,22.9,69.42,918.9,0.465,0.35,5,43.83,19.58,657.0,3.46
Tamil Nadu,Vellore,12.4728,78.6087,6.9,1.36,12.92,32.13,37.53,26.72,26.04,22.9,69.42,918.9,0.465,0.35,5,43.83,19.58,392.0,0.6
Tamil Nadu,Vellore,12.8912,78.8496,6.91,1.34,15.7,37.87,36.2,27.7,25.37,22.22,68.99,886.0,0.495,0.316,5,43.06,19.58,278.0,0.39
Tamil Nadu,Vellore,13.0488,79.2193,7.0,1.4,15.09,35.21,36.24,28.49,27.02,23.24,70.07,1058.9,0.42,0.453,4,44.89,19.21,234.0,3.87
Tamil Nadu,Villupuram,12.287,79.7542,6.87,1.36,14.21,35.3,34.96,24.68,27.98,24.99,73.73,1240.6,0.345,0.549,4,40.18,19.46,44.0,0.35
Tamil Nadu,Villupuram,11.7876,79.4537,7.04,1.78,19.61,33.04,37.91,27.42,27.85,24.34,70.56,1086.5,0.349,0.518,4,43.78,19.44,42.0,0.51
Tamil Nadu,Villupuram,12.01,79.661,7.14,1.57,20.5,37.46,31.05,25.01,27.85,24.34,70.56,1086.5,0.349,0.518,4,43.78,19.46,18.0,0.43
Tamil Nadu,Villupuram,11.692,79.0478,7.15,1.4,15.65,36.16,36.54,28.38,26.84,23.66,69.32,873.4,0.377,0.449,5,43.87,19.44,104.0,0.47
Tamil Nadu,Villupuram,11.7172,78.8322,6.58,1.97,23.55,34.13,34.53,26.8,26.84,23.66,69.32,873.4,0.377,0.449,5,43.87,19.59,214.0,8.94
Tamil Nadu,Virudhunagar,9.4958,78.2696,7.57,1.58,19.59,38.27,34.53,30.46,27.83,25.62,71.08,1053.7,0.325,0.463,3,43.51,20.03,54.0,0.05
Tamil Nadu,Virudhunagar,9.3548,77.8991,7.42,1.86,18.9,41.13,37.46,28.99,27.83,25.62,71.08,1053.7,0.325,0.463,3,43.51,18.93,64.0,0.33
Tamil Nadu,Virudhunagar,9.3978,77.7276,7.26,1.9,22.99,36.03,38.63,29.17,24.93,23.33,76.47,1321.1,0.408,0.369,4,40.79,18.93,110.0,0.28
Tamil Nadu,Virudhunagar,9.4606,78.0364,7.6,1.76,25.34,37.25,34.82,30.87,27.83,25.62,71.08,1053.7,0.325,0.463,3,43.51,20.03,94.0,0.53
Tamil Nadu,Virudhunagar,9.6012,77.6477,6.81,1.76,21.22,32.46,41.22,22.76,24.93,23.33,76.47,1321.1,0.408,0.369,4,40.79,18.93,165.0,2.5
Tripura,Dhalai,23.9882,91.7997,5.3,1.32,14.65,29.44,32.27,16.12,24.59,19.11,77.55,2312.9,0.611,0.096,4,40.45,17.04,81.0,0.59
Tripura,Dhalai,23.9374,91.8743,5.31,1.25,13.12,31.76,32.51,15.06,24.59,19.11,77.55,2312.9,0.611,0.096,4,40.45,17.04,107.0,0.61
Tripura,Dhalai,23.7367,92.0725,5.26,1.59,19.36,30.3,32.09,16.88,24.28,18.48,79.14,2406.2,0.651,0.101,4,40.6,17.01,197.0,0.69
Tripura,Dhalai,23.7725,91.8339,5.32,1.3,14.18,29.83,32.41,16.21,24.59,19.11,77.55,2312.9,0.611,0.096,4,40.45,17.04,134.0,0.74
Tripura,Dhalai,24.1489,91.8577,5.44,1.38,15.07,30.56,34.89,14.88,24.59,19.11,77.55,2312.9,0.611,0.096,4,40.45,16.51,44.0,0.55
Tripura,North Tripura,24.0724,92.294,5.28,2.53,22.02,31.3,34.1,16.93,23.63,18.39,77.63,2192.9,0.617,0.097,4,38.63,16.63,225.0,8.84
Tripura,North Tripura,24.1469,92.1083,5.33,1.29,15.93,28.97,33.89,15.04,24.59,19.11,77.55,2312.9,0.611,0.096,4,40.45,16.63,51.0,0.34
Tripura,North Tripura,23.9097,92.2941,5.24,2.66,19.35,30.44,33.25,17.75,23.63,18.39,77.63,2192.9,0.617,0.097,4,38.63,17.01,173.0,3.59
Tripura,North Tripura,24.0639,92.3152,5.26,1.42,16.62,31.39,33.42,15.51,23.63,18.39,77.63,2192.9,0.617,0.097,4,38.63,16.63,80.0,0.42
Tripura,North Tripura,24.4705,92.1853,5.13,3.39,16.66,28.18,39.89,15.6,24.91,18.71,77.49,3024.3,0.619,0.084,4,41.62,16.63,44.0,0.82
Tripura,South Tripura,23.2681,91.6063,5.41,1.2,13.37,33.58,31.12,16.77,24.28,18.48,79.14,2406.2,0.651,0.101,4,40.6,17.04,38.0,0.87
Tripura,South Tripura,23.4491,91.7991,5.37,1.79,16.22,31.26,34.6,16.06,24.28,18.48,79.14,2406.2,0.651,0.101,4,40.6,17.04,225.0,8.77
Tripura,South Tripura,23.3921,91.6532,5.47,1.32,13.0,31.28,32.87,16.51,24.28,18.48,79.14,2406.2,0.651,0.101,4,40.6,17.04,69.0,0.62
Tripura,South Tripura,23.352,91.5199,5.35,1.25,12.62,34.64,28.76,16.4,24.95,18.87,78.58,2394.6,0.654,0.103,4,42.04,17.04,32.0,1.34
Tripura,South Tripura,23.6507,91.6587,5.42,1.37,13.66,32.88,34.02,14.68,24.28,18.48,79.14,2406.2,0.651,0.101,4,40.6,17.04,47.0,0.33
Tripura,West Tripura,24.0258,91.664,5.4,1.27,13.21,30.73,33.66,14.99,24.59,19.11,77.55,2312.9,0.611,0.096,4,40.45,16.51,54.0,0.85
Tripura,West Tripura,23.9174,91.2911,5.41,1.16,13.94,37.26,27.69,15.99,25.24,19.35,76.05,2295.2,0.616,0.098,4,41.85,17.04,20.0,1.02
Tripura,West Tripura,23.8232,91.7545,5.28,2.3,15.8,29.56,31.55,15.3,24.59,19.11,77.55,2312.9,0.611,0.096,4,40.45,17.04,251.0,4.4
Tripura,West Tripura,23.4466,91.3763,5.34,1.3,12.62,36.27,27.72,15.06,24.95,18.87,78.58,2394.6,0.654,0.103,4,42.04,17.04,56.0,0.72
Tripura,West Tripura,23.5251,91.2099,5.46,1.25,13.73,37.55,27.89,15.95,24.95,18.87,78.58,2394.6,0.654,0.103,4,42.04,17.04,15.0,0.94
Uttar Pradesh,Agra,27.0272,77.7849,7.99,0.97,6.67,28.29,39.22,16.71,26.48,16.6,43.0,594.7,0.848,0.049,8,48.84,17.84,169.0,0.0
Uttar Pradesh,Agra,26.9354,78.2962,8.24,0.92,7.57,26.6,41.23,15.97,26.54,16.71,44.09,626.3,0.849,0.05,8,49.01,18.17,152.0,0.64
Uttar Pradesh,Agra,27.115,78.1241,8.17,0.96,8.03,25.69,41.64,16.08,26.54,16.71,44.09,626.3,0.849,0.05,8,49.01,17.56,166.0,0.18
Uttar Pradesh,Agra,26.9054,78.3021,8.18,0.97,8.34,25.0,39.79,17.16,26.54,16.71,44.09,626.3,0.849,0.05,8,49.01,18.17,161.0,0.31
Uttar Pradesh,Agra,27.0794,78.0342,7.97,0.95,8.31,29.1,37.25,16.8,26.54,16.71,44.09,626.3,0.849,0.05,8,49.01,17.56,166.0,0.23
Uttar Pradesh,Aligarh,27.9918,78.1849,8.6,0.86,6.17,24.13,48.32,9.98,25.77,15.74,46.3,729.2,0.844,0.039,8,48.71,17.56,183.0,0.16
Uttar Pradesh,Aligarh,27.7448,78.2042,8.98,0.95,6.65,24.08,48.22,11.2,26.24,16.27,44.41,635.3,0.843,0.046,8,48.73,17.56,180.0,0.08
Uttar Pradesh,Aligarh,27.8185,77.9227,8.52,0.99,7.02,25.37,44.4,11.78,25.77,15.74,46.3,729.2,0.844,0.039,8,48.71,17.84,183.0,0.0
Uttar Pradesh,Aligarh,27.8553,78.0802,8.4,0.9,6.05,23.11,45.8,12.16,25.77,15.74,46.3,729.2,0.844,0.039,8,48.71,17.56,185.0,0.24
Uttar Pradesh,Aligarh,27.8556,77.9296,8.58,1.0,6.18,25.51,43.73,11.82,25.77,15.74,46.3,729.2,0.844,0.039,8,48.71,17.84,184.0,0.13
Uttar Pradesh,Allahabad,24.9878,82.0819,7.53,1.34,7.32,31.62,33.14,24.17,26.31,17.82,52.43,913.6,0.87,0.052,8,48.59,18.35,125.0,0.21
Uttar Pradesh,Allahabad,25.7213,81.9572,7.36,1.23,8.04,26.02,30.48,20.89,26.59,17.59,51.44,861.0,0.869,0.052,8,49.29,17.64,98.0,0.05
Uttar Pradesh,Allahabad,25.1524,82.0094,7.33,1.01,6.96,28.97,33.32,20.14,26.31,17.82,52.43,913.6,0.87,0.052,8,48.59,17.4,90.0,0.23
Uttar Pradesh,Allahabad,24.9926,82.1459,7.49,1.05,6.91,29.95,31.36,21.86,26.31,17.82,52.43,913.6,0.87,0.052,8,48.59,18.35,138.0,0.53
Uttar Pradesh,Allahabad,25.5331,81.6667,7.22,0.85,6.14,25.01,35.64,13.58,26.59,17.59,51.44,861.0,0.869,0.052,8,49.29,17.64,87.0,0.0
Uttar Pradesh,Ambedkar Nagar,26.555,82.3226,7.23,0.92,11.0,25.83,27.52,22.43,25.99,16.78,53.4,961.9,0.865,0.046,8,48.61,17.08,94.0,0.26
Uttar Pradesh,Ambedkar Nagar,26.5403,82.793,7.37,1.17,10.22,22.25,29.12,12.62,25.99,16.78,53.4,961.9,0.865,0.046,8,48.61,17.08,87.0,0.16
Uttar Pradesh,Ambedkar Nagar,26.2724,82.7654,7.51,1.03,10.86,27.11,25.63,28.49,25.99,16.78,53.4,961.9,0.865,0.046,8,48.61,17.08,87.0,0.29
Uttar Pradesh,Ambedkar Nagar,26.4143,82.9745,7.43,1.74,9.64,24.17,28.79,14.74,25.95,16.82,54.2,1029.1,0.863,0.045,8,48.58,17.08,89.0,0.06
Uttar Pradesh,Ambedkar Nagar,26.3217,83.0437,7.48,1.09,10.59,20.28,26.79,11.75,25.95,16.82,54.2,1029.1,0.863,0.045,8,48.58,16.98,81.0,0.15
Uttar Pradesh,Auraiya,26.5641,79.6326,7.73,1.88,10.43,29.45,35.39,13.21,26.57,17.06,46.57,695.9,0.86,0.05,8,49.37,18.14,140.0,0.0
Uttar Pradesh,Auraiya,26.789,79.3994,7.7,1.1,9.55,22.55,37.25,11.58,26.35,16.71,46.44,691.6,0.858,0.046,8,49.19,18.14,145.0,0.1
Uttar Pradesh,Auraiya,26.5362,79.5486,7.67,1.15,8.8,29.37,36.8,13.81,26.57,17.06,46.57,695.9,0.86,0.05,8,49.37,18.14,133.0,0.31
Uttar Pradesh,Auraiya,26.4735,79.4998,7.33,1.13,9.59,26.16,34.73,12.84,26.57,17.06,46.57,695.9,0.86,0.05,8,49.37,18.14,140.0,0.13
Uttar Pradesh,Auraiya,26.6743,79.5287,7.65,1.08,9.04,22.67,36.55,14.7,26.57,17.06,46.57,695.9,0.86,0.05,8,49.37,18.14,142.0,0.06
Uttar Pradesh,Azamgarh,26.1366,83.0642,7.57,0.96,8.45,27.45,26.13,21.85,26.16,17.06,53.52,891.3,0.865,0.047,8,48.68,16.98,79.0,0.16
Uttar Pradesh,Azamgarh,25.9398,82.8675,7.28,1.57,11.54,34.29,25.15,26.62,26.16,17.06,53.52,891.3,0.865,0.047,8,48.68,17.4,83.0,0.21
Uttar Pradesh,Azamgarh,26.1271,82.9794,7.63,1.56,11.4,29.07,22.74,23.77,26.16,17.06,53.52,891.3,0.865,0.047,8,48.68,17.08,79.0,0.11
Uttar Pradesh,Azamgarh,26.082,83.1732,7.47,0.95,8.71,29.29,25.33,25.5,26.16,17.06,53.52,891.3,0.865,0.047,8,48.68,16.98,78.0,0.15
Uttar Pradesh,Azamgarh,26.0259,83.0374,7.6,0.96,9.53,30.98,26.64,25.66,26.16,17.06,53.52,891.3,0.865,0.047,8,48.68,16.98,82.0,0.15
Uttar Pradesh,Badaun,28.2812,78.4122,7.72,1.08,8.31,27.17,40.51,13.9,25.4,15.38,47.87,830.6,0.845,0.034,8,48.96,17.2,184.0,0.18
Uttar Pradesh,Badaun,28.1445,78.8821,7.98,1.02,8.4,23.44,39.51,11.84,25.75,15.85,47.5,743.1,0.844,0.037,8,48.77,17.2,176.0,0.0
Uttar Pradesh,Badaun,28.3326,78.8162,7.47,1.07,8.54,24.82,38.98,10.31,25.37,15.52,49.18,850.2,0.843,0.033,8,48.62,17.2,183.0,0.0
Uttar Pradesh,Badaun,27.7321,79.2928,8.02,1.18,8.5,23.45,42.86,11.15,25.97,16.24,47.95,766.4,0.86,0.04,8,48.9,17.42,149.0,0.08
Uttar Pradesh,Badaun,27.8092,79.2171,7.93,1.04,8.76,23.07,43.02,11.35,25.5,15.75,50.43,926.0,0.866,0.034,8,48.59,17.42,153.0,0.17
Uttar Pradesh,Baghpat,28.9148,77.3279,8.53,0.91,6.69,22.66,40.62,11.01,25.22,15.1,47.16,831.4,0.827,0.031,8,49.13,17.6,222.0,0.05
Uttar Pradesh,Baghpat,28.9773,77.3912,7.83,0.94,6.92,23.54,40.59,10.72,25.22,15.1,47.16,831.4,0.827,0.031,8,49.13,17.6,224.0,0.12
Uttar Pradesh,Baghpat,28.9583,77.4074,8.42,0.89,6.96,23.8,39.91,10.58,25.22,15.1,47.16,831.4,0.827,0.031,8,49.13,17.6,223.0,0.12
Uttar Pradesh,Baghpat,29.1932,77.3253,7.57,1.07,8.19,24.4,39.34,12.15,25.22,15.1,47.16,831.4,0.827,0.031,8,49.13,17.48,224.0,0.24
Uttar Pradesh,Baghpat,28.9352,77.2638,8.42,0.9,6.23,24.65,38.95,12.86,25.22,15.1,47.16,831.4,0.827,0.031,8,49.13,17.6,223.0,0.08
Uttar Pradesh,Bahraich,28.1495,81.2124,6.74,1.04,11.99,26.13,37.41,14.7,25.48,16.33,53.96,1227.6,0.841,0.036,7,48.2,16.88,133.0,0.33
Uttar Pradesh,Bahraich,27.5373,81.5842,6.9,0.95,11.51,27.29,33.85,18.72,25.64,16.49,53.49,1155.0,0.851,0.038,8,48.25,17.57,112.0,0.05
Uttar Pradesh,Bahraich,27.3515,81.6146,7.05,0.92,9.66,26.77,36.37,20.75,25.64,16.49,53.49,1155.0,0.851,0.038,8,48.25,17.57,110.0,0.06
Uttar Pradesh,Bahraich,27.9728,81.3805,6.48,1.56,15.56,24.26,37.11,13.95,25.48,16.33,53.96,1227.6,0.841,0.036,7,48.2,17.57,137.0,0.24
Uttar Pradesh,Bahraich,27.5459,81.3317,7.19,1.05,17.35,27.93,36.58,15.81,25.71,16.39,53.05,1129.3,0.853,0.039,8,48.43,17.57,116.0,0.12
Uttar Pradesh,Ballia,26.0723,84.0071,7.24,1.01,9.98,28.42,30.08,16.17,26.07,17.06,54.73,952.1,0.858,0.048,8,48.44,16.86,66.0,0.12
Uttar Pradesh,Ballia,25.9698,83.9755,7.21,0.95,8.96,27.11,27.87,23.04,26.07,17.06,54.73,952.1,0.858,0.048,8,48.44,17.32,65.0,0.12
Uttar Pradesh,Ballia,25.8933,83.8356,7.41,0.9,8.23,31.66,25.61,26.21,26.07,17.06,54.73,952.1,0.858,0.048,8,48.44,17.32,66.0,0.1
Uttar Pradesh,Ballia,25.7343,84.1803,7.47,0.9,10.06,31.0,25.32,25.89,26.23,17.38,55.25,968.2,0.85,0.053,8,48.31,17.21,59.0,0.08
Uttar Pradesh,Ballia,26.0576,83.9101,7.21,0.92,8.79,25.57,28.38,19.49,26.07,17.06,54.73,952.1,0.858,0.048,8,48.44,16.98,64.0,0.13
Uttar Pradesh,Balrampur,27.6082,82.6002,6.22,1.22,11.96,25.68,36.14,14.07,25.58,16.82,52.99,1208.3,0.852,0.041,7,47.86,17.9,124.0,0.16
Uttar Pradesh,Balrampur,27.6307,82.3265,6.96,1.09,9.48,22.78,36.55,13.62,25.58,16.82,52.99,1208.3,0.852,0.041,7,47.86,17.9,131.0,0.4
Uttar Pradesh,Balrampur,27.5263,82.574,7.19,1.0,9.78,22.95,30.09,12.98,25.58,16.82,52.99,1208.3,0.852,0.041,7,47.86,17.9,110.0,0.12
Uttar Pradesh,Balrampur,27.7158,82.3662,6.1,1.31,19.97,22.38,40.28,14.53,25.58,16.82,52.99,1208.3,0.852,0.041,7,47.86,17.9,201.0,0.59
Uttar Pradesh,Balrampur,27.5639,82.3274,6.94,1.06,9.66,22.38,32.88,13.71,25.58,16.82,52.99,1208.3,0.852,0.041,7,47.86,17.9,114.0,0.21
Uttar Pradesh,Banda,25.5238,80.5288,7.3,1.08,7.6,27.35,34.27,17.89,26.68,17.66,50.4,854.1,0.868,0.051,8,49.69,17.67,110.0,0.21
Uttar Pradesh,Banda,25.6897,80.8491,7.21,1.09,11.88,27.25,29.16,16.75,26.68,17.66,50.4,854.1,0.868,0.051,8,49.69,17.67,96.0,1.18
Uttar Pradesh,Banda,25.6305,80.7932,7.26,1.02,6.87,24.03,28.46,18.1,26.68,17.66,50.4,854.1,0.868,0.051,8,49.69,17.67,111.0,0.21
Uttar Pradesh,Banda,25.2768,80.6064,7.35,1.35,7.34,28.69,31.67,14.56,26.68,17.66,50.4,854.1,0.868,0.051,8,49.69,17.67,130.0,0.16
Uttar Pradesh,Banda,25.136,80.5766,7.28,1.0,6.92,24.54,39.34,25.08,26.0,17.61,52.09,960.2,0.873,0.048,8,48.48,17.67,136.0,0.46
Uttar Pradesh,Bara Banki,27.1125,81.1797,7.08,1.1,11.41,30.05,34.64,22.02,25.84,16.42,52.52,1032.2,0.861,0.043,8,48.77,17.57,120.0,0.16
Uttar Pradesh,Bara Banki,27.1906,81.1922,7.06,1.1,10.74,32.33,34.98,24.92,25.84,16.42,52.52,1032.2,0.861,0.043,8,48.77,17.57,123.0,0.26
Uttar Pradesh,Bara Banki,26.5761,81.5205,6.82,0.95,8.78,30.88,29.44,20.92,26.09,16.77,51.53,933.1,0.865,0.047,8,49.04,17.4,112.0,0.08
Uttar Pradesh,Bara Banki,26.9736,81.2957,7.19,1.07,10.71,30.75,34.86,25.49,25.84,16.42,52.52,1032.2,0.861,0.043,8,48.77,17.4,118.0,0.06
Uttar Pradesh,Bara Banki,26.734,81.7903,7.26,1.03,8.87,30.19,28.9,22.08,26.02,16.76,52.66,938.3,0.865,0.045,8,48.97,17.4,110.0,0.15
Uttar Pradesh,Bareilly,28.4512,79.5625,6.98,1.36,10.45,27.76,33.62,14.59,25.2,15.63,51.8,1075.3,0.862,0.03,8,48.6,17.03,175.0,0.13
Uttar Pradesh,Bareilly,28.3856,79.2794,7.26,1.23,10.05,25.03,38.52,10.53,25.2,15.63,51.8,1075.3,0.862,0.03,8,48.6,17.03,165.0,0.3
Uttar Pradesh,Bareilly,28.2309,79.1935,7.55,1.06,9.18,24.33,38.83,10.17,25.5,15.75,50.43,926.0,0.866,0.034,8,48.59,17.03,164.0,0.0
Uttar Pradesh,Bareilly,28.634,79.3865,7.06,1.36,12.51,28.06,35.28,13.57,25.2,15.63,51.8,1075.3,0.862,0.03,8,48.6,17.03,178.0,0.18
Uttar Pradesh,Bareilly,28.3957,79.5908,6.99,1.38,10.51,26.63,34.15,13.14,25.2,15.63,51.8,1075.3,0.862,0.03,8,48.6,17.03,174.0,0.08
Uttar Pradesh,Basti,26.8389,82.5777,7.15,1.18,9.61,25.02,32.45,15.02,25.72,16.49,54.45,1087.6,0.86,0.044,8,48.5,17.08,91.0,0.1
Uttar Pradesh,Basti,26.7147,82.3965,7.29,1.11,9.25,27.19,31.27,22.19,25.99,16.78,53.4,961.9,0.865,0.046,8,48.61,17.08,91.0,0.13
Uttar Pradesh,Basti,26.7195,82.8848,7.26,1.11,10.3,22.57,28.52,14.46,25.95,16.82,54.2,1029.1,0.863,0.045,8,48.58,17.08,82.0,0.08
Uttar Pradesh,Basti,26.932,82.3061,7.07,1.13,9.99,26.65,32.6,20.83,25.72,16.49,54.45,1087.6,0.86,0.044,8,48.5,17.08,103.0,0.15
Uttar Pradesh,Basti,26.7382,82.9052,7.32,1.31,10.72,25.31,30.13,15.47,25.95,16.82,54.2,1029.1,0.863,0.045,8,48.58,17.08,85.0,0.06
Uttar Pradesh,Bijnor,29.5402,78.4916,6.7,2.3,18.13,25.7,40.79,17.73,23.8,15.09,50.37,1129.1,0.838,0.028,8,46.15,18.02,263.0,0.65
Uttar Pradesh,Bijnor,29.112,78.4474,7.02,1.04,10.19,26.47,37.22,12.46,25.17,15.56,49.83,957.8,0.84,0.03,8,48.49,18.02,222.0,0.1
Uttar Pradesh,Bijnor,29.0967,78.3265,7.09,1.08,10.9,27.1,35.11,13.6,25.05,15.09,49.64,944.4,0.844,0.031,8,49.02,18.02,223.0,0.05
Uttar Pradesh,Bijnor,29.3163,78.5808,6.65,1.28,13.75,26.84,38.55,13.38,23.8,15.09,50.37,1129.1,0.838,0.028,8,46.15,18.02,226.0,0.59
Uttar Pradesh,Bijnor,29.3,78.6723,6.92,1.18,11.93,26.09,37.61,13.98,23.8,15.09,50.37,1129.1,0.838,0.028,8,46.15,18.02,220.0,0.12
Uttar Pradesh,Bulandshahr,28.1808,77.7725,8.59,0.83,6.58,24.38,44.42,9.95,25.98,15.8,44.26,670.5,0.83,0.038,8,48.63,17.6,198.0,0.12
Uttar Pradesh,Bulandshahr,28.45,77.7049,8.14,0.9,6.51,22.98,39.48,15.43,25.6,15.42,45.56,751.0,0.827,0.033,8,48.79,17.6,208.0,0.62
Uttar Pradesh,Bulandshahr,28.5213,78.0841,7.41,0.98,7.59,24.46,35.14,11.29,25.4,15.38,47.87,830.6,0.845,0.034,8,48.96,17.2,201.0,0.0
Uttar Pradesh,Bulandshahr,28.2741,78.1732,8.25,1.02,7.75,26.65,40.09,11.8,25.4,15.38,47.87,830.6,0.845,0.034,8,48.96,17.2,193.0,0.12
Uttar Pradesh,Bulandshahr,28.218,77.8656,8.58,0.86,6.62,24.41,42.98,11.48,25.77,15.74,46.3,729.2,0.844,0.039,8,48.71,17.6,195.0,0.23
Uttar Pradesh,Chandauli,25.3072,83.0896,7.33,1.05,7.6,32.53,26.99,31.92,26.63,17.77,51.9,813.9,0.865,0.049,8,48.72,17.32,79.0,0.27
Uttar Pradesh,Chandauli,24.9135,83.2312,7.1,1.09,10.5,43.0,25.79,41.76,26.18,17.76,52.99,823.4,0.864,0.053,8,48.29,18.02,295.0,3.26
Uttar Pradesh,Chandauli,25.1975,83.2412,6.78,1.49,11.43,34.95,26.06,29.79,26.18,17.76,52.99,823.4,0.864,0.053,8,48.29,17.32,77.0,0.08
Uttar Pradesh,Chandauli,25.2581,83.298,7.18,1.44,8.89,34.7,26.85,28.11,26.63,17.77,51.9,813.9,0.865,0.049,8,48.72,17.32,76.0,0.08
Uttar Pradesh,Chandauli,25.4453,83.4285,7.38,0.95,8.18,32.2,26.92,28.51,26.63,17.77,51.9,813.9,0.865,0.049,8,48.72,17.32,71.0,0.05
Uttar Pradesh,Deoria,26.3679,83.7055,7.32,1.14,10.11,29.12,30.98,14.66,25.88,16.88,55.34,1084.0,0.856,0.046,7,48.35,16.98,70.0,0.08
Uttar Pradesh,Deoria,26.3636,84.1301,7.08,0.87,9.22,29.34,34.11,14.17,25.81,16.97,56.46,1112.0,0.842,0.046,7,47.99,16.86,72.0,0.16
Uttar Pradesh,Deoria,26.3669,83.8254,7.25,1.3,11.15,28.17,30.25,15.16,25.88,16.88,55.34,1084.0,0.856,0.046,7,48.35,16.98,71.0,0.08
Uttar Pradesh,Deoria,26.568,83.841,7.26,1.24,12.92,29.48,29.03,16.21,25.88,16.88,55.34,1084.0,0.856,0.046,7,48.35,16.98,74.0,0.05
Uttar Pradesh,Deoria,26.2687,84.106,7.24,0.91,8.62,31.06,32.26,15.08,25.81,16.97,56.46,1112.0,0.842,0.046,7,47.99,16.86,71.0,0.05
Uttar Pradesh,Chitrakoot,25.3799,80.8936,7.34,1.09,7.71,24.25,37.59,19.91,26.68,17.66,50.4,854.1,0.868,0.051,8,49.69,17.67,111.0,0.48
Uttar Pradesh,Chitrakoot,24.9578,81.0415,6.58,1.17,12.96,31.18,37.85,24.67,26.18,17.75,51.9,903.1,0.869,0.051,8,48.54,18.6,389.0,2.97
Uttar Pradesh,Chitrakoot,25.1419,81.2042,7.16,1.23,10.84,27.07,38.42,16.43,26.18,17.75,51.9,903.1,0.869,0.051,8,48.54,17.64,176.0,0.18
Uttar Pradesh,Chitrakoot,25.0775,80.7459,6.6,1.37,14.99,24.65,41.14,16.85,26.0,17.61,52.09,960.2,0.873,0.048,8,48.48,17.67,220.0,2.64
Uttar Pradesh,Chitrakoot,25.0555,81.0182,7.06,1.09,8.96,23.92,40.8,18.92,26.18,17.75,51.9,903.1,0.869,0.051,8,48.54,17.64,274.0,1.49
Uttar Pradesh,Etah,27.4112,78.189,8.36,0.94,6.74,26.51,39.49,13.91,26.24,16.27,44.41,635.3,0.843,0.046,8,48.73,17.56,173.0,0.05
Uttar Pradesh,Etah,27.8045,78.847,8.43,1.16,7.84,22.64,41.9,10.35,25.75,15.85,47.5,743.1,0.844,0.037,8,48.77,17.56,170.0,0.25
Uttar Pradesh,Etah,27.5257,78.8175,8.69,1.14,7.84,23.66,43.48,12.15,26.21,16.33,45.28,638.4,0.842,0.045,8,48.72,17.56,165.0,0.05
Uttar Pradesh,Etah,27.6881,78.7713,8.95,1.09,7.98,24.56,46.74,10.27,26.21,16.33,45.28,638.4,0.842,0.045,8,48.72,17.56,169.0,0.05
Uttar Pradesh,Etah,27.8096,79.0925,7.83,1.21,11.13,23.99,43.57,12.95,25.5,15.75,50.43,926.0,0.866,0.034,8,48.59,17.42,155.0,0.1
Uttar Pradesh,Etawah,26.8187,78.951,8.82,0.96,9.09,25.51,40.1,11.16,26.52,16.77,44.79,622.7,0.851,0.049,8,49.09,18.17,151.0,0.24
Uttar Pradesh,Etawah,26.713,79.1264,7.93,1.09,9.42,23.22,37.77,10.38,26.57,17.06,46.57,695.9,0.86,0.05,8,49.37,18.14,146.0,0.06
Uttar Pradesh,Etawah,26.6523,79.0801,8.5,1.05,8.69,26.52,39.19,11.49,26.57,17.06,46.57,695.9,0.86,0.05,8,49.37,18.14,135.0,0.36
Uttar Pradesh,Etawah,26.9363,78.9301,8.71,1.05,9.27,23.57,40.32,12.21,26.52,16.77,44.79,622.7,0.851,0.049,8,49.09,18.17,152.0,0.15
Uttar Pradesh,Etawah,26.9244,78.8025,8.72,0.92,7.68,25.19,41.73,11.63,26.52,16.77,44.79,622.7,0.851,0.049,8,49.09,18.17,156.0,0.06
Uttar Pradesh,Farrukhabad,27.6368,79.6217,7.49,1.21,9.76,24.81,33.79,12.33,25.97,16.24,47.95,766.4,0.86,0.04,8,48.9,17.42,143.0,0.13
Uttar Pradesh,Farrukhabad,27.5917,79.4506,7.8,1.28,10.47,22.57,40.43,13.62,25.97,16.24,47.95,766.4,0.86,0.04,8,48.9,17.42,143.0,0.0
Uttar Pradesh,Farrukhabad,27.644,79.2863,7.9,1.25,8.4,23.79,42.14,12.69,25.97,16.24,47.95,766.4,0.86,0.04,8,48.9,17.42,148.0,0.05
Uttar Pradesh,Farrukhabad,27.446,79.6184,7.79,1.23,15.8,20.84,38.99,16.44,25.97,16.24,47.95,766.4,0.86,0.04,8,48.9,17.42,137.0,0.25
Uttar Pradesh,Farrukhabad,27.3117,79.4361,8.1,1.33,8.63,22.78,41.36,12.75,25.97,16.24,47.95,766.4,0.86,0.04,8,48.9,17.42,151.0,0.16
Uttar Pradesh,Faizabad,26.61,82.416,7.33,1.15,10.34,27.86,28.39,22.67,25.99,16.78,53.4,961.9,0.865,0.046,8,48.61,17.08,93.0,0.06
Uttar Pradesh,Faizabad,26.7517,81.8876,7.25,1.02,9.66,27.74,30.74,23.52,25.77,16.47,53.86,1044.3,0.861,0.041,8,48.2,17.4,104.0,0.12
Uttar Pradesh,Faizabad,26.6135,81.933,7.11,0.95,8.64,27.93,30.79,21.15,26.02,16.76,52.66,938.3,0.865,0.045,8,48.97,17.4,103.0,0.31
Uttar Pradesh,Faizabad,26.6834,82.2117,7.23,1.02,10.32,28.42,30.0,23.15,25.99,16.78,53.4,961.9,0.865,0.046,8,48.61,17.08,102.0,0.12
Uttar Pradesh,Faizabad,26.7649,81.8518,7.21,0.98,8.8,28.17,29.8,23.34,25.77,16.47,53.86,1044.3,0.861,0.041,8,48.2,17.4,105.0,0.38
Uttar Pradesh,Fatehpur,26.1055,80.4006,7.44,1.02,8.65,23.6,32.84,21.98,26.43,17.12,49.98,812.1,0.863,0.051,8,49.62,17.56,120.0,0.05
Uttar Pradesh,Fatehpur,26.1429,80.3749,7.36,1.09,10.8,26.63,34.08,21.2,26.43,17.12,49.98,812.1,0.863,0.051,8,49.62,17.56,119.0,0.23
Uttar Pradesh,Fatehpur,26.0913,80.6616,7.45,1.05,7.39,26.15,29.17,16.2,26.43,17.12,49.98,812.1,0.863,0.051,8,49.62,17.56,118.0,0.53
Uttar Pradesh,Fatehpur,26.1821,80.5593,7.41,1.04,7.43,26.45,32.08,22.46,26.43,17.12,49.98,812.1,0.863,0.051,8,49.62,17.56,121.0,0.18
Uttar Pradesh,Fatehpur,25.9589,80.9185,7.2,0.98,6.64,26.18,30.75,16.28,26.43,17.12,49.98,812.1,0.863,0.051,8,49.62,17.67,114.0,0.12
Uttar Pradesh,Firozabad,27.3832,78.1732,8.17,0.93,6.8,25.82,38.95,14.36,26.24,16.27,44.41,635.3,0.843,0.046,8,48.73,17.56,172.0,0.08
Uttar Pradesh,Firozabad,27.3951,78.6403,9.0,0.95,6.51,22.95,47.32,11.07,26.21,16.33,45.28,638.4,0.842,0.045,8,48.72,17.56,166.0,0.12
Uttar Pradesh,Firozabad,27.1606,78.4147,7.89,0.92,8.23,23.14,40.32,13.34,26.54,16.71,44.09,626.3,0.849,0.05,8,49.01,17.56,168.0,0.19
Uttar Pradesh,Firozabad,27.2845,78.6028,9.04,0.94,7.6,23.62,40.97,12.06,26.21,16.33,45.28,638.4,0.842,0.045,8,48.72,17.56,165.0,0.06
Uttar Pradesh,Firozabad,26.9646,78.7925,8.73,0.97,8.45,24.7,41.49,12.67,26.52,16.77,44.79,622.7,0.851,0.049,8,49.09,18.17,156.0,0.15
Uttar Pradesh,Gautam Buddha Nagar,28.0985,77.5709,8.54,1.0,6.3,26.53,44.29,11.01,25.98,15.8,44.26,670.5,0.83,0.038,8,48.63,17.6,195.0,0.12
Uttar Pradesh,Gautam Buddha Nagar,28.4515,77.5718,8.15,0.8,6.17,24.6,43.21,13.55,25.6,15.42,45.56,751.0,0.827,0.033,8,48.79,17.6,206.0,0.17
Uttar Pradesh,Gautam Buddha Nagar,28.1688,77.5926,8.61,1.0,6.5,25.91,41.01,11.64,25.98,15.8,44.26,670.5,0.83,0.038,8,48.63,17.6,196.0,0.06
Uttar Pradesh,Gautam Buddha Nagar,28.5923,77.6347,8.32,0.8,6.43,23.08,41.29,10.34,25.6,15.42,45.56,751.0,0.827,0.033,8,48.79,17.6,210.0,0.13
Uttar Pradesh,Gautam Buddha Nagar,28.2655,77.4823,8.17,0.97,7.19,24.79,45.89,12.93,25.6,15.42,45.56,751.0,0.827,0.033,8,48.79,17.6,190.0,0.08
Uttar Pradesh,Ghaziabad,28.7048,78.0613,7.3,0.91,8.4,24.92,35.31,10.57,25.4,15.38,47.87,830.6,0.845,0.034,8,48.96,17.2,212.0,0.08
Uttar Pradesh,Ghaziabad,28.7172,77.3323,7.81,0.84,6.78,23.23,47.1,12.75,25.6,15.42,45.56,751.0,0.827,0.033,8,48.79,17.6,213.0,0.12
Uttar Pradesh,Ghaziabad,28.7103,77.4419,8.15,0.9,6.44,22.87,41.35,11.65,25.6,15.42,45.56,751.0,0.827,0.033,8,48.79,17.6,213.0,0.31
Uttar Pradesh,Ghaziabad,28.8478,77.8932,7.3,0.89,7.75,25.37,34.69,10.52,25.05,15.09,49.64,944.4,0.844,0.031,8,49.02,17.6,219.0,0.1
Uttar Pradesh,Ghaziabad,28.8757,77.4558,8.22,0.91,7.31,23.0,39.31,12.72,25.22,15.1,47.16,831.4,0.827,0.031,8,49.13,17.6,220.0,0.24
Uttar Pradesh,Ghazipur,25.4908,83.3452,7.33,0.96,10.53,31.18,27.02,30.84,26.63,17.77,51.9,813.9,0.865,0.049,8,48.72,17.32,69.0,0.08
Uttar Pradesh,Ghazipur,25.5558,83.1712,7.34,0.99,9.75,29.9,26.7,33.7,26.63,17.77,51.9,813.9,0.865,0.049,8,48.72,17.32,76.0,0.05
Uttar Pradesh,Ghazipur,25.7038,83.2123,7.29,1.15,7.76,31.17,25.14,31.39,26.63,17.77,51.9,813.9,0.865,0.049,8,48.72,17.32,73.0,0.26
Uttar Pradesh,Ghazipur,25.538,83.1266,7.32,0.97,9.59,29.98,25.53,28.13,26.63,17.77,51.9,813.9,0.865,0.049,8,48.72,17.32,77.0,0.21
Uttar Pradesh,Ghazipur,25.7386,83.7652,7.3,0.99,11.47,32.89,23.47,27.33,26.47,17.62,53.29,889.7,0.857,0.052,8,48.49,17.32,65.0,0.08
Uttar Pradesh,Gonda,27.0393,81.5823,7.28,1.0,8.65,28.71,30.65,22.51,25.77,16.47,53.86,1044.3,0.861,0.041,8,48.2,17.57,105.0,0.05
Uttar Pradesh,Gonda,27.3598,82.087,7.08,1.08,11.58,24.4,31.78,17.01,25.64,16.49,53.49,1155.0,0.851,0.038,8,48.25,17.9,107.0,0.23
Uttar Pradesh,Gonda,27.0757,82.0888,7.1,1.0,9.92,25.3,32.0,21.09,25.77,16.47,53.86,1044.3,0.861,0.041,8,48.2,17.9,109.0,0.24
Uttar Pradesh,Gonda,27.118,82.1318,7.18,1.18,10.54,26.11,31.8,22.49,25.77,16.47,53.86,1044.3,0.861,0.041,8,48.2,17.9,101.0,0.21
Uttar Pradesh,Gonda,27.0972,82.2769,7.13,0.93,9.69,25.07,31.25,20.82,25.72,16.49,54.45,1087.6,0.86,0.044,8,48.5,17.9,102.0,0.21
Uttar Pradesh,Gorakhpur,26.6314,83.2339,7.26,1.27,11.19,24.64,29.4,13.87,25.95,16.82,54.2,1029.1,0.863,0.045,8,48.58,16.98,79.0,0.05
Uttar Pradesh,Gorakhpur,26.6702,83.5558,7.25,1.29,9.68,25.14,29.62,13.04,25.88,16.88,55.34,1084.0,0.856,0.046,7,48.35,16.98,80.0,0.1
Uttar Pradesh,Gorakhpur,26.505,83.5257,7.29,1.37,11.77,24.44,30.64,14.62,25.88,16.88,55.34,1084.0,0.856,0.046,7,48.35,16.98,71.0,0.17
Uttar Pradesh,Gorakhpur,26.5934,83.5771,7.24,1.3,9.36,25.59,27.86,14.09,25.88,16.88,55.34,1084.0,0.856,0.046,7,48.35,16.98,76.0,0.19
Uttar Pradesh,Gorakhpur,26.8536,83.363,7.21,1.09,10.71,28.6,31.13,12.83,25.68,16.57,55.44,1200.0,0.857,0.045,7,48.44,16.98,78.0,0.23
Uttar Pradesh,Hamirpur,25.6621,79.6203,7.47,1.01,7.9,28.28,36.33,19.3,26.57,17.62,48.85,788.7,0.876,0.047,8,49.25,18.21,149.0,0.0
Uttar Pradesh,Hamirpur,25.5899,80.2272,7.55,1.06,6.94,26.24,35.99,22.59,26.62,17.6,49.74,814.2,0.87,0.049,8,49.69,17.67,120.0,0.06
Uttar Pradesh,Hamirpur,25.8392,80.1176,7.45,1.02,7.9,27.39,35.85,20.0,26.71,17.44,47.94,738.0,0.861,0.052,8,49.84,17.67,122.0,0.21
Uttar Pradesh,Hamirpur,25.793,79.7727,7.5,1.03,8.13,28.99,32.18,25.24,26.71,17.44,47.94,738.0,0.861,0.052,8,49.84,18.21,136.0,0.11
Uttar Pradesh,Hamirpur,25.8591,79.9379,7.46,1.02,7.18,28.41,33.38,22.53,26.71,17.44,47.94,738.0,0.861,0.052,8,49.84,18.21,128.0,0.21
Uttar Pradesh,Hardoi,27.6151,80.219,7.27,1.63,10.8,29.18,30.43,24.24,25.73,16.07,50.67,903.9,0.868,0.038,8,49.0,17.75,146.0,0.05
Uttar Pradesh,Hardoi,27.3788,80.1801,7.49,1.12,9.61,27.27,35.73,23.72,25.73,16.07,50.67,903.9,0.868,0.038,8,49.0,17.75,141.0,0.29
Uttar Pradesh,Hardoi,27.0052,80.1843,7.48,1.16,10.8,28.43,34.64,26.92,26.17,16.61,48.38,790.5,0.862,0.044,8,49.28,17.75,135.0,0.28
Uttar Pradesh,Hardoi,27.4048,79.9901,7.4,1.12,9.17,25.39,36.14,27.01,25.73,16.07,50.67,903.9,0.868,0.038,8,49.0,17.42,137.0,0.28
Uttar Pradesh,Hardoi,27.3448,79.7631,7.88,1.17,9.6,24.37,38.25,22.56,25.73,16.07,50.67,903.9,0.868,0.038,8,49.0,17.42,136.0,0.0
Uttar Pradesh,Hathras,27.761,78.1285,8.78,0.89,6.51,25.14,44.33,12.62,25.77,15.74,46.3,729.2,0.844,0.039,8,48.71,17.56,182.0,0.17
Uttar Pradesh,Hathras,27.7076,78.4779,8.92,0.93,7.77,22.71,46.53,13.09,26.21,16.33,45.28,638.4,0.842,0.045,8,48.72,17.56,174.0,0.0
Uttar Pradesh,Hathras,27.7614,78.0396,8.52,0.92,7.0,26.34,43.09,15.34,25.77,15.74,46.3,729.2,0.844,0.039,8,48.71,17.56,182.0,0.08
Uttar Pradesh,Hathras,27.5463,77.9802,8.36,1.0,7.15,25.15,44.59,14.43,26.24,16.27,44.41,635.3,0.843,0.046,8,48.73,17.84,179.0,0.1
Uttar Pradesh,Hathras,27.5467,78.2034,8.66,0.95,5.94,25.25,44.94,13.04,26.24,16.27,44.41,635.3,0.843,0.046,8,48.73,17.56,172.0,0.06
Uttar Pradesh,Jalaun,25.985,79.7158,7.53,1.07,8.53,27.73,34.89,21.02,26.71,17.44,47.94,738.0,0.861,0.052,8,49.84,18.21,135.0,0.0
Uttar Pradesh,Jalaun,25.9648,79.0941,8.0,0.98,7.26,26.93,37.59,19.18,26.75,17.52,47.1,729.3,0.865,0.05,8,49.62,18.21,158.0,0.06
Uttar Pradesh,Jalaun,26.2624,79.3089,7.62,1.09,8.9,24.15,37.08,20.43,26.57,17.06,46.57,695.9,0.86,0.05,8,49.37,18.14,140.0,0.08
Uttar Pradesh,Jalaun,26.0103,79.6753,7.55,1.08,9.6,27.27,34.14,21.91,26.75,17.52,47.1,729.3,0.865,0.05,8,49.62,18.14,135.0,0.05
Uttar Pradesh,Jalaun,26.2051,79.4095,7.68,1.04,9.24,25.37,36.93,24.91,26.75,17.52,47.1,729.3,0.865,0.05,8,49.62,18.14,139.0,0.06
Uttar Pradesh,Jaunpur,25.472,82.6627,7.28,0.9,9.42,28.65,31.16,28.62,26.59,17.67,52.03,827.0,0.869,0.051,8,48.76,17.4,83.0,0.52
Uttar Pradesh,Jaunpur,25.9674,82.567,7.52,0.93,9.47,29.94,29.99,23.93,26.24,17.08,52.58,867.2,0.868,0.049,8,48.87,17.4,81.0,0.25
Uttar Pradesh,Jaunpur,25.957,82.6863,7.58,0.92,10.08,32.89,28.33,25.12,26.24,17.08,52.58,867.2,0.868,0.049,8,48.87,17.4,86.0,0.18
Uttar Pradesh,Jaunpur,25.5398,82.3527,7.27,1.0,6.28,26.16,30.58,25.36,26.59,17.67,52.03,827.0,0.869,0.051,8,48.76,17.4,87.0,0.08
Uttar Pradesh,Jaunpur,25.5519,82.4981,7.44,1.1,9.51,29.7,27.83,27.9,26.59,17.67,52.03,827.0,0.869,0.051,8,48.76,17.4,86.0,0.12
Uttar Pradesh,Jhansi,25.3108,79.1596,7.54,1.06,7.12,24.64,41.99,20.85,26.57,17.62,48.85,788.7,0.876,0.047,8,49.25,18.21,198.0,0.18
Uttar Pradesh,Jhansi,25.4996,79.1027,7.64,1.0,8.76,25.36,43.84,23.46,26.57,17.62,48.85,788.7,0.876,0.047,8,49.25,18.21,191.0,0.28
Uttar Pradesh,Jhansi,25.5701,78.7514,7.76,0.98,6.95,24.92,41.45,22.0,26.5,17.76,47.64,771.4,0.883,0.044,8,48.87,18.27,194.0,0.0
Uttar Pradesh,Jhansi,25.3834,79.2362,7.7,0.96,7.61,26.55,40.42,22.29,26.57,17.62,48.85,788.7,0.876,0.047,8,49.25,18.21,192.0,0.28
Uttar Pradesh,Jhansi,25.7881,79.2502,7.4,1.01,8.47,30.47,36.91,20.32,26.75,17.52,47.1,729.3,0.865,0.05,8,49.62,18.21,131.0,0.59
Uttar Pradesh,Jyotiba Phule Nagar,29.052,78.5757,6.84,1.05,11.84,27.03,36.31,11.73,25.17,15.56,49.83,957.8,0.84,0.03,8,48.49,18.02,214.0,0.29
Uttar Pradesh,Jyotiba Phule Nagar,28.8983,78.0695,7.27,0.92,8.62,25.11,37.89,10.63,25.05,15.09,49.64,944.4,0.844,0.031,8,49.02,17.2,204.0,0.0
Uttar Pradesh,Jyotiba Phule Nagar,28.9806,78.2332,7.11,0.98,9.19,25.0,34.49,11.03,25.05,15.09,49.64,944.4,0.844,0.031,8,49.02,17.2,215.0,0.1
Uttar Pradesh,Jyotiba Phule Nagar,29.008,78.2381,7.04,0.97,9.15,26.89,33.99,11.17,25.05,15.09,49.64,944.4,0.844,0.031,8,49.02,18.02,219.0,0.28
Uttar Pradesh,Jyotiba Phule Nagar,28.5048,78.3226,7.39,1.2,8.02,24.13,41.82,10.78,25.4,15.38,47.87,830.6,0.845,0.034,8,48.96,17.2,189.0,0.08
Uttar Pradesh,Kannauj,26.9775,80.0068,7.44,1.21,13.71,27.54,41.12,27.47,26.17,16.61,48.38,790.5,0.862,0.044,8,49.28,17.56,125.0,0.23
Uttar Pradesh,Kannauj,27.0195,79.5561,8.01,1.26,10.74,25.38,41.19,15.56,26.35,16.71,46.44,691.6,0.858,0.046,8,49.19,17.42,144.0,0.36
Uttar Pradesh,Kannauj,26.7966,79.7882,7.62,1.11,9.32,26.12,38.21,27.46,26.17,16.61,48.38,790.5,0.862,0.044,8,49.28,18.14,138.0,0.0
Uttar Pradesh,Kannauj,26.8172,79.7399,7.6,1.16,11.03,23.07,39.87,19.48,26.17,16.61,48.38,790.5,0.862,0.044,8,49.28,18.14,138.0,0.08
Uttar Pradesh,Kannauj,26.8425,79.7585,7.59,1.19,10.35,25.66,39.9,21.01,26.17,16.61,48.38,790.5,0.862,0.044,8,49.28,18.14,144.0,0.13
Uttar Pradesh,Kanpur Dehat,26.5676,79.6985,7.32,1.45,9.25,29.64,35.15,14.06,26.44,16.97,47.87,737.9,0.86,0.049,8,49.47,18.14,137.0,0.12
Uttar Pradesh,Kanpur Dehat,26.4318,79.586,7.5,1.22,9.28,25.91,32.19,13.83,26.57,17.06,46.57,695.9,0.86,0.05,8,49.37,18.14,140.0,0.08
Uttar Pradesh,Kanpur Dehat,26.0675,80.1284,7.44,1.06,7.23,25.54,32.35,22.6,26.71,17.44,47.94,738.0,0.861,0.052,8,49.84,17.56,120.0,0.47
Uttar Pradesh,Kanpur Dehat,26.2993,79.742,7.7,1.15,9.02,24.71,31.14,20.98,26.44,16.97,47.87,737.9,0.86,0.049,8,49.47,18.14,133.0,0.17
Uttar Pradesh,Kanpur Dehat,26.3082,80.0674,7.46,1.08,8.06,25.08,32.33,21.77,26.44,16.97,47.87,737.9,0.86,0.049,8,49.47,17.56,126.0,0.13
Uttar Pradesh,Kaushambi,25.5666,81.4634,7.19,1.02,6.73,24.02,32.31,13.14,26.68,17.7,50.55,855.1,0.868,0.051,8,49.4,17.64,101.0,0.06
Uttar Pradesh,Kaushambi,25.3479,81.4913,7.17,1.0,6.79,24.05,34.76,14.46,26.68,17.7,50.55,855.1,0.868,0.051,8,49.4,17.64,99.0,0.08
Uttar Pradesh,Kaushambi,25.4982,81.4124,7.2,0.96,6.31,24.64,34.87,14.91,26.68,17.7,50.55,855.1,0.868,0.051,8,49.4,17.64,101.0,0.12
Uttar Pradesh,Kaushambi,25.3613,81.246,7.29,1.08,10.22,26.02,35.12,16.43,26.68,17.7,50.55,855.1,0.868,0.051,8,49.4,17.64,91.0,1.19
Uttar Pradesh,Kaushambi,25.4173,81.5313,7.2,0.94,6.4,24.99,34.77,13.97,26.68,17.7,50.55,855.1,0.868,0.051,8,49.4,17.64,98.0,0.31
Uttar Pradesh,Kanpur,26.4984,80.2829,7.29,1.04,9.54,29.0,32.33,27.31,26.44,16.97,47.87,737.9,0.86,0.049,8,49.47,17.56,128.0,0.35
Uttar Pradesh,Kanpur,26.3709,80.2304,7.35,1.22,9.26,29.04,32.61,25.51,26.44,16.97,47.87,737.9,0.86,0.049,8,49.47,17.56,125.0,0.08
Uttar Pradesh,Kanpur,26.3569,80.1988,7.32,1.13,9.98,27.97,32.38,23.42,26.44,16.97,47.87,737.9,0.86,0.049,8,49.47,17.56,128.0,0.06
Uttar Pradesh,Kanpur,26.4113,80.207,7.32,1.17,9.14,28.07,32.45,25.67,26.44,16.97,47.87,737.9,0.86,0.049,8,49.47,17.56,126.0,0.24
Uttar Pradesh,Kanpur,26.1895,80.4665,7.43,1.04,8.45,25.45,30.48,19.67,26.43,17.12,49.98,812.1,0.863,0.051,8,49.62,17.56,114.0,0.25
Uttar Pradesh,Kushinagar,26.8647,83.6448,7.06,1.1,12.36,28.69,30.6,14.12,25.52,16.57,56.9,1262.1,0.846,0.046,6,48.11,16.98,84.0,0.2
Uttar Pradesh,Kushinagar,26.6903,84.0672,6.95,1.09,12.11,28.52,31.55,14.49,25.81,16.97,56.46,1112.0,0.842,0.046,7,47.99,16.86,76.0,0.0
Uttar Pradesh,Kushinagar,27.0259,83.914,6.96,1.0,11.1,26.51,28.82,13.3,25.52,16.57,56.9,1262.1,0.846,0.046,6,48.11,17.82,90.0,0.12
Uttar Pradesh,Kushinagar,26.6868,83.9482,7.04,0.9,9.57,30.09,33.61,14.02,25.88,16.88,55.34,1084.0,0.856,0.046,7,48.35,16.98,77.0,0.16
Uttar Pradesh,Kushinagar,26.9544,83.8715,7.08,1.01,10.64,23.99,28.64,12.37,25.52,16.57,56.9,1262.1,0.846,0.046,6,48.11,16.98,86.0,0.17
Uttar Pradesh,Lakhimpur Kheri,28.3171,80.9688,6.96,1.09,12.39,22.77,39.73,15.06,24.74,16.54,52.38,1248.6,0.823,0.033,7,46.29,17.1,139.0,0.1
Uttar Pradesh,Lakhimpur Kheri,28.4809,80.7311,6.54,1.39,16.64,25.97,37.67,14.11,25.34,16.58,52.66,1281.1,0.831,0.03,7,48.08,17.1,176.0,0.67
Uttar Pradesh,Lakhimpur Kheri,28.0597,80.7261,7.01,1.0,10.27,25.58,37.78,13.79,25.43,16.07,53.17,1156.0,0.853,0.033,8,49.0,17.1,141.0,0.08
Uttar Pradesh,Lakhimpur Kheri,28.412,80.8262,6.53,1.5,20.01,26.13,34.06,15.05,25.34,16.58,52.66,1281.1,0.831,0.03,7,48.08,17.1,163.0,0.44
Uttar Pradesh,Lakhimpur Kheri,28.0168,80.2536,6.63,1.24,13.42,24.09,37.29,10.65,25.37,15.82,52.23,1085.9,0.868,0.032,8,48.75,17.1,148.0,0.48
Uttar Pradesh,Lalitpur,24.6603,78.3472,7.42,0.89,6.77,30.85,27.85,31.25,25.53,17.97,50.9,1013.3,0.91,0.039,8,47.5,18.78,383.0,0.43
Uttar Pradesh,Lalitpur,24.3252,78.7552,7.33,0.89,7.11,36.65,25.09,34.94,25.52,17.76,52.05,1019.6,0.911,0.036,8,47.48,18.78,414.0,0.45
Uttar Pradesh,Lalitpur,24.5095,78.6026,7.31,0.93,16.83,37.19,25.54,24.66,25.52,17.76,52.05,1019.6,0.911,0.036,8,47.48,18.78,373.0,0.08
Uttar Pradesh,Lalitpur,24.5907,78.6623,7.54,0.84,7.43,32.31,27.67,33.2,25.52,17.76,52.05,1019.6,0.911,0.036,8,47.48,18.78,370.0,0.31
Uttar Pradesh,Lalitpur,24.9751,78.3837,7.39,0.92,7.1,29.56,34.1,23.21,25.62,17.66,49.8,853.6,0.897,0.044,8,47.44,18.78,315.0,0.34
Uttar Pradesh,Lucknow,27.1002,80.7632,7.28,1.15,10.48,25.93,32.86,20.26,25.98,16.48,50.64,914.5,0.863,0.043,8,49.37,17.75,121.0,0.05
Uttar Pradesh,Lucknow,26.7793,80.85,7.21,1.02,8.73,30.97,32.99,23.39,25.98,16.48,50.64,914.5,0.863,0.043,8,49.37,17.56,127.0,0.2
Uttar Pradesh,Lucknow,27.12,80.8605,7.11,1.08,9.68,26.51,33.94,19.86,25.98,16.48,50.64,914.5,0.863,0.043,8,49.37,17.75,122.0,0.35
Uttar Pradesh,Lucknow,27.0591,80.8504,7.16,1.05,10.65,26.9,32.94,20.39,25.98,16.48,50.64,914.5,0.863,0.043,8,49.37,17.75,110.0,0.1
Uttar Pradesh,Lucknow,26.9616,80.7457,7.25,1.14,10.32,30.34,30.72,28.55,25.98,16.48,50.64,914.5,0.863,0.043,8,49.37,17.56,130.0,0.24
Uttar Pradesh,Maharajganj,27.3333,83.3539,6.98,1.33,13.85,30.08,24.7,17.06,25.37,17.03,53.52,1342.0,0.845,0.046,6,47.35,17.82,91.0,0.06
Uttar Pradesh,Maharajganj,27.3136,83.9199,6.41,1.27,15.53,22.94,35.83,15.31,24.91,16.81,55.54,1408.0,0.828,0.05,6,46.33,17.82,99.0,0.15
Uttar Pradesh,Maharajganj,27.38,83.8001,6.71,1.23,14.26,23.29,33.53,12.36,24.91,16.81,55.54,1408.0,0.828,0.05,6,46.33,17.82,102.0,0.18
Uttar Pradesh,Maharajganj,27.0736,83.1683,7.14,1.15,16.09,27.04,31.31,13.35,25.68,16.57,55.44,1200.0,0.857,0.045,7,48.44,17.82,83.0,0.31
Uttar Pradesh,Maharajganj,27.1349,83.5446,6.98,1.02,11.59,25.75,30.85,13.32,25.52,16.57,56.9,1262.1,0.846,0.046,6,48.11,17.82,90.0,0.06
Uttar Pradesh,Mahoba,25.4602,79.8044,7.56,1.03,7.42,24.6,36.2,23.03,26.62,17.6,49.74,814.2,0.87,0.049,8,49.69,18.21,162.0,0.23
Uttar Pradesh,Mahoba,25.3087,79.665,7.42,1.04,6.53,21.04,42.03,20.78,26.57,17.62,48.85,788.7,0.876,0.047,8,49.25,18.21,200.0,0.38
Uttar Pradesh,Mahoba,25.3757,79.321,7.48,1.1,7.26,23.32,40.57,20.23,26.57,17.62,48.85,788.7,0.876,0.047,8,49.25,18.21,179.0,0.47
Uttar Pradesh,Mahoba,25.3563,80.0784,7.38,0.98,7.37,25.18,39.36,24.41,26.62,17.6,49.74,814.2,0.87,0.049,8,49.69,17.67,159.0,0.58
Uttar Pradesh,Mahoba,25.2233,79.7766,7.38,0.98,6.74,23.14,43.08,21.46,26.19,17.83,51.36,955.0,0.881,0.044,8,48.78,18.21,241.0,0.57
Uttar Pradesh,Mainpuri,27.1887,78.9494,8.9,1.65,9.37,23.39,40.63,10.11,26.52,16.77,44.79,622.7,0.851,0.049,8,49.09,17.56,158.0,0.0
Uttar Pradesh,Mainpuri,27.0302,78.7896,8.54,0.89,8.0,24.02,38.28,14.65,26.52,16.77,44.79,622.7,0.851,0.049,8,49.09,17.56,156.0,0.08
Uttar Pradesh,Mainpuri,27.1868,78.9401,8.79,1.34,9.35,23.22,40.7,10.3,26.52,16.77,44.79,622.7,0.851,0.049,8,49.09,17.56,158.0,0.12
Uttar Pradesh,Mainpuri,27.3274,79.169,7.99,1.19,9.13,24.06,40.57,12.07,25.97,16.24,47.95,766.4,0.86,0.04,8,48.9,17.42,154.0,0.15
Uttar Pradesh,Mainpuri,27.0546,79.3663,8.31,1.83,9.77,23.1,37.72,11.04,26.35,16.71,46.44,691.6,0.858,0.046,8,49.19,17.42,152.0,0.13
Uttar Pradesh,Mathura,27.3576,77.6101,8.02,0.87,6.51,27.37,41.6,14.8,26.38,16.24,42.94,596.6,0.835,0.045,8,48.76,17.84,178.0,0.08
Uttar Pradesh,Mathura,27.5683,77.407,7.94,0.97,7.58,27.71,41.37,18.27,26.38,16.24,42.94,596.6,0.835,0.045,8,48.76,17.84,182.0,0.1
Uttar Pradesh,Mathura,27.9009,77.5297,8.21,0.98,11.45,24.41,45.35,13.22,25.98,15.8,44.26,670.5,0.83,0.038,8,48.63,17.84,177.0,0.0
Uttar Pradesh,Mathura,27.6879,77.3485,8.06,0.96,6.87,28.76,41.54,17.64,26.38,16.24,42.94,596.6,0.835,0.045,8,48.76,17.84,184.0,0.05
Uttar Pradesh,Mathura,27.5722,77.5811,8.17,0.98,6.8,26.4,40.66,14.93,26.38,16.24,42.94,596.6,0.835,0.045,8,48.76,17.84,182.0,0.08
Uttar Pradesh,Mau,26.0859,83.6646,7.12,1.01,8.99,27.97,24.06,22.55,26.07,17.06,54.73,952.1,0.858,0.048,8,48.44,16.98,72.0,0.05
Uttar Pradesh,Mau,26.2439,83.6851,7.31,0.98,9.07,32.09,27.09,15.3,26.07,17.06,54.73,952.1,0.858,0.048,8,48.44,16.98,68.0,0.08
Uttar Pradesh,Mau,26.219,83.7666,7.43,1.06,20.61,28.95,29.22,16.2,26.07,17.06,54.73,952.1,0.858,0.048,8,48.44,16.98,67.0,0.0
Uttar Pradesh,Mau,26.2109,83.6297,7.34,1.01,9.94,29.66,25.67,17.13,26.07,17.06,54.73,952.1,0.858,0.048,8,48.44,16.98,68.0,0.05
Uttar Pradesh,Mau,25.9335,83.5515,7.38,0.96,7.45,32.19,25.19,29.67,26.07,17.06,54.73,952.1,0.858,0.048,8,48.44,17.32,69.0,0.12
Uttar Pradesh,Meerut,28.889,77.8999,7.28,0.98,8.22,25.28,33.77,11.34,25.05,15.09,49.64,944.4,0.844,0.031,8,49.02,17.6,218.0,0.12
Uttar Pradesh,Meerut,29.0371,77.6536,7.55,0.78,8.11,23.82,37.53,10.71,25.22,15.1,47.16,831.4,0.827,0.031,8,49.13,17.48,226.0,0.06
Uttar Pradesh,Meerut,29.1112,78.094,7.14,0.95,10.05,28.95,35.73,11.94,25.05,15.09,49.64,944.4,0.844,0.031,8,49.02,18.02,212.0,0.05
Uttar Pradesh,Meerut,28.9125,77.4723,7.03,0.94,9.3,22.49,42.05,11.09,25.22,15.1,47.16,831.4,0.827,0.031,8,49.13,17.6,221.0,0.36
Uttar Pradesh,Meerut,28.944,77.6421,7.6,0.84,8.07,23.87,37.58,10.47,25.22,15.1,47.16,831.4,0.827,0.031,8,49.13,17.6,224.0,0.05
Uttar Pradesh,Mirzapur,25.2044,82.3123,7.23,0.99,8.76,29.79,29.93,30.76,26.43,17.94,52.11,850.4,0.868,0.052,8,48.55,17.4,88.0,0.16
Uttar Pradesh,Mirzapur,25.0347,83.0498,7.29,1.25,9.31,35.68,27.07,30.11,26.18,17.76,52.99,823.4,0.864,0.053,8,48.29,17.32,100.0,5.83
Uttar Pradesh,Mirzapur,24.8399,82.1617,7.06,1.17,13.05,33.23,35.59,30.34,26.31,17.82,52.43,913.6,0.87,0.052,8,48.59,18.35,193.0,8.06
Uttar Pradesh,Mirzapur,24.9604,82.8502,7.32,0.98,8.61,41.16,25.52,38.34,26.18,17.76,52.99,823.4,0.864,0.053,8,48.29,18.35,212.0,1.19
Uttar Pradesh,Mirzapur,25.1515,82.3278,7.3,0.94,8.47,31.25,31.22,31.93,26.43,17.94,52.11,850.4,0.868,0.052,8,48.55,17.4,88.0,0.12
Uttar Pradesh,Moradabad,29.0459,78.9032,6.91,1.04,10.93,29.52,34.9,13.44,25.17,15.56,49.83,957.8,0.84,0.03,8,48.49,18.02,209.0,0.08
Uttar Pradesh,Moradabad,28.481,78.6079,7.7,1.16,8.12,26.87,41.87,10.45,25.37,15.52,49.18,850.2,0.843,0.033,8,48.62,17.2,192.0,0.3
Uttar Pradesh,Moradabad,28.6093,78.7213,7.34,1.14,9.01,28.16,39.73,12.01,25.37,15.52,49.18,850.2,0.843,0.033,8,48.62,17.2,195.0,0.13
Uttar Pradesh,Moradabad,28.5501,78.6299,7.33,1.14,8.39,27.2,38.81,15.72,25.37,15.52,49.18,850.2,0.843,0.033,8,48.62,17.2,194.0,0.0
Uttar Pradesh,Moradabad,28.6323,78.4558,7.37,1.06,8.31,26.57,40.48,9.82,25.37,15.52,49.18,850.2,0.843,0.033,8,48.62,17.2,203.0,0.08
Uttar Pradesh,Muzaffarnagar,29.5579,77.1321,7.75,1.08,8.24,26.1,37.73,11.05,25.17,14.78,45.76,754.9,0.809,0.029,8,49.4,17.48,240.0,0.08
Uttar Pradesh,Muzaffarnagar,29.4442,77.4121,7.4,0.99,8.94,25.12,37.17,11.78,24.85,14.93,49.16,986.1,0.831,0.028,8,49.21,17.48,242.0,0.08
Uttar Pradesh,Muzaffarnagar,29.4821,77.5254,7.23,0.92,9.25,27.88,35.6,11.38,24.85,14.93,49.16,986.1,0.831,0.028,8,49.21,17.48,242.0,0.43
Uttar Pradesh,Muzaffarnagar,29.3427,77.5615,7.32,0.85,8.53,24.82,36.3,11.37,24.85,14.93,49.16,986.1,0.831,0.028,8,49.21,17.48,238.0,0.06
Uttar Pradesh,Muzaffarnagar,29.5454,77.979,7.14,1.07,11.7,25.6,36.72,13.76,24.73,15.14,51.14,1115.0,0.844,0.028,8,48.43,17.48,226.0,0.05
Uttar Pradesh,Pilibhit,28.7854,79.8139,7.0,1.04,11.98,23.03,35.89,12.96,24.0,15.62,53.32,1352.7,0.823,0.029,7,45.81,17.03,192.0,0.12
Uttar Pradesh,Pilibhit,28.8093,80.0899,6.55,1.32,16.37,22.83,39.08,11.96,24.0,15.62,53.32,1352.7,0.823,0.029,7,45.81,17.1,187.0,0.38
Uttar Pradesh,Pilibhit,28.6534,79.9423,6.33,1.3,15.61,25.31,36.35,13.17,25.09,15.81,53.79,1264.8,0.853,0.029,8,48.37,17.03,206.0,0.36
Uttar Pradesh,Pilibhit,28.4136,80.2353,6.9,1.05,12.71,25.13,37.56,14.97,25.09,15.81,53.79,1264.8,0.853,0.029,8,48.37,17.1,174.0,0.0
Uttar Pradesh,Pilibhit,28.7062,79.871,6.94,0.99,12.97,23.69,33.49,14.51,25.09,15.81,53.79,1264.8,0.853,0.029,8,48.37,17.03,193.0,0.17
Uttar Pradesh,Pratapgarh,25.748,81.8581,7.26,0.9,7.92,24.91,30.74,17.66,26.59,17.59,51.44,861.0,0.869,0.052,8,49.29,17.64,96.0,0.18
Uttar Pradesh,Pratapgarh,25.9758,81.6741,7.19,0.94,7.87,26.57,30.54,25.49,26.25,17.03,51.95,869.9,0.867,0.049,8,49.28,17.64,98.0,0.06
Uttar Pradesh,Pratapgarh,25.6808,81.5379,7.03,0.99,6.91,22.55,29.95,13.69,26.68,17.7,50.55,855.1,0.868,0.051,8,49.4,17.64,102.0,0.42
Uttar Pradesh,Pratapgarh,25.9779,82.1018,7.29,1.2,10.47,31.54,25.15,24.73,26.25,17.03,51.95,869.9,0.867,0.049,8,49.28,17.4,94.0,0.05
Uttar Pradesh,Pratapgarh,25.7544,81.5802,7.2,0.98,7.36,23.41,30.0,20.01,26.25,17.03,51.95,869.9,0.867,0.049,8,49.28,17.64,102.0,0.23
Uttar Pradesh,Rae Bareli,26.1891,81.4592,7.33,1.23,6.36,28.51,31.31,17.84,26.29,17.03,51.18,864.1,0.868,0.049,8,49.37,17.4,107.0,0.13
Uttar Pradesh,Rae Bareli,26.1555,81.4622,7.34,1.28,6.83,28.2,32.59,19.19,26.29,17.03,51.18,864.1,0.868,0.049,8,49.37,17.4,108.0,0.08
Uttar Pradesh,Rae Bareli,25.9052,81.2475,7.08,1.0,5.97,24.37,30.01,17.01,26.29,17.03,51.18,864.1,0.868,0.049,8,49.37,17.64,109.0,0.0
Uttar Pradesh,Rae Bareli,26.4391,81.3221,7.28,0.93,7.45,29.73,30.06,22.78,26.09,16.77,51.53,933.1,0.865,0.047,8,49.04,17.4,116.0,0.31
Uttar Pradesh,Rae Bareli,26.1877,81.2323,7.23,1.02,6.83,29.12,33.17,30.23,26.29,17.03,51.18,864.1,0.868,0.049,8,49.37,17.4,100.0,0.16
Uttar Pradesh,Rampur,28.9155,79.122,6.97,1.0,10.77,27.78,34.39,10.96,24.72,15.81,51.46,1216.0,0.848,0.029,8,47.57,17.03,198.0,0.08
Uttar Pradesh,Rampur,28.9839,79.0567,6.94,1.06,13.33,27.38,36.34,11.81,25.17,15.56,49.83,957.8,0.84,0.03,8,48.49,17.03,204.0,0.08
Uttar Pradesh,Rampur,28.7921,79.1034,7.06,1.2,12.78,28.23,33.66,13.17,24.72,15.81,51.46,1216.0,0.848,0.029,8,47.57,17.03,187.0,0.12
Uttar Pradesh,Rampur,29.1178,79.0032,6.86,1.06,11.14,25.65,35.97,12.83,25.17,15.56,49.83,957.8,0.84,0.03,8,48.49,17.73,217.0,0.16
Uttar Pradesh,Rampur,28.8124,79.2434,7.0,1.19,11.7,28.62,32.78,13.15,24.72,15.81,51.46,1216.0,0.848,0.029,8,47.57,17.03,186.0,0.17
Uttar Pradesh,Saharanpur,30.202,77.5228,6.75,1.53,13.3,26.4,40.41,15.02,24.39,14.85,51.05,1251.1,0.835,0.026,8,48.94,18.15,298.0,0.17
Uttar Pradesh,Saharanpur,30.1597,77.6797,6.81,1.51,13.01,26.28,40.79,15.44,24.39,14.85,51.05,1251.1,0.835,0.026,8,48.94,18.15,314.0,0.15
Uttar Pradesh,Saharanpur,29.8895,77.3038,7.24,0.92,10.58,28.0,35.4,14.2,24.39,14.85,51.05,1251.1,0.835,0.026,8,48.94,17.48,264.0,0.05
Uttar Pradesh,Saharanpur,29.9697,77.5782,6.94,1.13,13.33,27.63,39.94,16.8,24.39,14.85,51.05,1251.1,0.835,0.026,8,48.94,17.48,278.0,0.16
Uttar Pradesh,Saharanpur,30.0767,77.5331,6.97,1.46,13.33,25.15,38.0,15.62,24.39,14.85,51.05,1251.1,0.835,0.026,8,48.94,18.15,284.0,0.05
Uttar Pradesh,Sant Ravi Das Nagar,25.2448,82.4523,7.32,0.96,7.35,31.96,28.42,32.74,26.43,17.94,52.11,850.4,0.868,0.052,8,48.55,17.4,84.0,0.57
Uttar Pradesh,Sant Ravi Das Nagar,25.2576,82.3727,7.24,0.97,10.79,30.04,29.85,31.5,26.59,17.67,52.03,827.0,0.869,0.051,8,48.76,17.4,85.0,0.5
Uttar Pradesh,Sant Ravi Das Nagar,25.2848,82.321,7.2,0.96,8.9,28.19,30.76,32.25,26.59,17.67,52.03,827.0,0.869,0.051,8,48.76,17.4,91.0,0.35
Uttar Pradesh,Sant Ravi Das Nagar,25.2512,82.5347,7.3,1.01,7.55,31.9,29.49,36.2,26.59,17.67,52.03,827.0,0.869,0.051,8,48.76,17.4,86.0,0.23
Uttar Pradesh,Sant Ravi Das Nagar,25.3288,82.3261,7.29,0.97,8.59,28.99,29.72,29.39,26.59,17.67,52.03,827.0,0.869,0.051,8,48.76,17.4,89.0,0.5
Uttar Pradesh,Sant Kabir Nagar,26.7018,83.0068,7.35,1.23,12.85,28.11,26.74,15.22,25.95,16.82,54.2,1029.1,0.863,0.045,8,48.58,16.98,83.0,0.23
Uttar Pradesh,Sant Kabir Nagar,26.6732,82.9992,7.36,1.15,10.01,27.45,27.63,13.16,25.95,16.82,54.2,1029.1,0.863,0.045,8,48.58,17.08,84.0,0.0
Uttar Pradesh,Sant Kabir Nagar,26.877,83.0854,7.13,1.27,11.36,26.74,33.16,14.58,25.68,16.57,55.44,1200.0,0.857,0.045,7,48.44,16.98,82.0,0.29
Uttar Pradesh,Sant Kabir Nagar,26.5225,83.1731,7.41,1.17,10.31,24.55,30.05,12.95,25.95,16.82,54.2,1029.1,0.863,0.045,8,48.58,16.98,78.0,0.16
Uttar Pradesh,Sant Kabir Nagar,26.4291,83.0464,7.53,1.18,18.28,24.12,29.67,14.91,25.95,16.82,54.2,1029.1,0.863,0.045,8,48.58,16.98,76.0,0.43
Uttar Pradesh,Shravasti,27.7832,81.9138,6.48,1.28,12.99,24.69,37.69,15.1,25.05,16.7,52.46,1263.6,0.84,0.035,7,47.05,17.57,145.0,0.52
Uttar Pradesh,Shravasti,27.6546,81.7897,6.87,0.94,10.68,29.69,34.89,14.72,25.64,16.49,53.49,1155.0,0.851,0.038,8,48.25,17.57,123.0,0.12
Uttar Pradesh,Shravasti,27.637,81.9108,7.0,0.91,10.18,25.16,36.36,13.3,25.64,16.49,53.49,1155.0,0.851,0.038,8,48.25,17.57,118.0,0.08
Uttar Pradesh,Shravasti,27.7924,82.0492,6.89,0.93,9.77,19.0,37.42,14.4,25.05,16.7,52.46,1263.6,0.84,0.035,7,47.05,17.9,136.0,0.08
Uttar Pradesh,Shravasti,27.8628,81.5352,6.88,0.92,10.35,25.33,38.85,13.81,25.48,16.33,53.96,1227.6,0.841,0.036,7,48.2,17.57,134.0,0.19
Uttar Pradesh,Shahjahanpur,27.636,79.5221,7.84,1.27,9.11,22.44,37.94,12.64,25.97,16.24,47.95,766.4,0.86,0.04,8,48.9,17.42,143.0,0.06
Uttar Pradesh,Shahjahanpur,27.8831,79.4806,7.7,1.19,8.74,23.73,38.93,12.85,25.5,15.75,50.43,926.0,0.866,0.034,8,48.59,17.42,149.0,0.19
Uttar Pradesh,Shahjahanpur,28.0645,79.66,7.21,1.19,8.86,23.4,37.51,11.46,25.5,15.75,50.43,926.0,0.866,0.034,8,48.59,17.03,160.0,0.17
Uttar Pradesh,Shahjahanpur,27.7957,79.5885,7.7,1.22,9.13,20.7,35.98,12.27,25.5,15.75,50.43,926.0,0.866,0.034,8,48.59,17.42,147.0,0.15
Uttar Pradesh,Shahjahanpur,28.1025,80.157,6.9,1.22,11.31,24.93,37.86,12.42,25.37,15.82,52.23,1085.9,0.868,0.032,8,48.75,17.1,159.0,0.46
Uttar Pradesh,Sitapur,27.5239,80.9015,7.06,1.25,10.05,25.82,36.01,12.87,25.67,16.15,51.93,1006.3,0.86,0.038,8,49.09,17.75,134.0,0.1
Uttar Pradesh,Sitapur,27.715,80.4878,7.11,1.29,10.38,25.98,34.71,12.21,25.67,16.15,51.93,1006.3,0.86,0.038,8,49.09,17.75,146.0,0.08
Uttar Pradesh,Sitapur,27.288,80.9514,7.09,1.16,9.21,25.21,35.93,14.1,25.71,16.39,53.05,1129.3,0.853,0.039,8,48.43,17.75,129.0,0.08
Uttar Pradesh,Sitapur,27.6061,81.0559,7.11,1.01,10.84,24.91,37.75,11.72,25.71,16.39,53.05,1129.3,0.853,0.039,8,48.43,17.57,121.0,0.05
Uttar Pradesh,Sitapur,27.421,80.8044,7.11,1.22,10.8,24.89,37.14,11.67,25.67,16.15,51.93,1006.3,0.86,0.038,8,49.09,17.75,129.0,0.45
Uttar Pradesh,Siddharth Nagar,27.3724,82.9121,7.13,1.01,9.88,25.97,31.15,13.24,25.37,17.03,53.52,1342.0,0.845,0.046,6,47.35,17.9,90.0,0.08
Uttar Pradesh,Siddharth Nagar,27.2294,82.9597,7.11,0.98,10.5,28.74,30.92,14.12,25.68,16.57,55.44,1200.0,0.857,0.045,7,48.44,17.9,84.0,0.26
Uttar Pradesh,Siddharth Nagar,27.2136,82.6516,7.13,0.92,9.46,25.82,34.25,11.99,25.72,16.49,54.45,1087.6,0.86,0.044,8,48.5,17.9,89.0,0.17
Uttar Pradesh,Siddharth Nagar,27.3091,82.5949,7.0,1.16,12.16,23.94,29.53,14.75,25.58,16.82,52.99,1208.3,0.852,0.041,7,47.86,17.9,94.0,0.05
Uttar Pradesh,Siddharth Nagar,27.1465,83.0864,7.1,1.11,11.57,27.56,32.11,12.7,25.68,16.57,55.44,1200.0,0.857,0.045,7,48.44,17.82,82.0,0.05
Uttar Pradesh,Sonbhadra,24.0168,82.8897,7.4,0.91,7.71,36.33,17.43,40.28,25.54,18.16,55.35,1047.6,0.852,0.062,7,46.64,18.35,313.0,0.99
Uttar Pradesh,Sonbhadra,24.3521,83.0622,7.45,0.95,8.26,42.89,17.52,47.27,25.94,17.91,53.72,910.4,0.86,0.057,8,47.72,18.02,285.0,1.29
Uttar Pradesh,Sonbhadra,24.5708,82.8817,7.26,1.2,15.06,39.53,20.59,42.88,25.94,17.91,53.72,910.4,0.86,0.057,8,47.72,18.35,231.0,2.65
Uttar Pradesh,Sonbhadra,24.5613,82.9469,7.22,1.06,13.85,40.02,20.49,43.75,25.94,17.91,53.72,910.4,0.86,0.057,8,47.72,18.35,182.0,1.68
Uttar Pradesh,Sonbhadra,24.3997,83.2269,7.43,0.96,8.25,43.77,18.81,46.24,25.94,17.91,53.72,910.4,0.86,0.057,8,47.72,18.02,278.0,1.46
Uttar Pradesh,Sultanpur,26.1424,82.4401,7.47,1.2,9.13,31.58,27.97,23.49,26.24,17.08,52.58,867.2,0.868,0.049,8,48.87,17.08,91.0,0.0
Uttar Pradesh,Sultanpur,26.1426,81.6524,7.22,1.26,9.45,28.39,29.12,23.17,26.25,17.03,51.95,869.9,0.867,0.049,8,49.28,17.4,102.0,0.08
Uttar Pradesh,Sultanpur,26.0709,82.0861,7.32,1.01,8.63,28.99,27.74,22.08,26.25,17.03,51.95,869.9,0.867,0.049,8,49.28,17.08,97.0,0.15
Uttar Pradesh,Sultanpur,26.32,82.3225,7.44,1.01,8.13,29.84,31.83,22.15,25.99,16.78,53.4,961.9,0.865,0.046,8,48.61,17.08,94.0,0.24
Uttar Pradesh,Sultanpur,26.37,82.3051,7.36,1.12,9.01,29.64,28.88,21.92,25.99,16.78,53.4,961.9,0.865,0.046,8,48.61,17.08,94.0,0.13
Uttar Pradesh,Varanasi,25.4601,83.0482,7.31,0.95,7.9,29.87,26.93,26.26,26.63,17.77,51.9,813.9,0.865,0.049,8,48.72,17.32,74.0,0.31
Uttar Pradesh,Varanasi,25.4665,82.8622,7.31,0.98,8.62,29.4,29.75,29.04,26.63,17.77,51.9,813.9,0.865,0.049,8,48.72,17.4,81.0,0.08
Uttar Pradesh,Varanasi,25.5124,82.8504,7.36,1.04,10.21,28.96,26.79,27.83,26.63,17.77,51.9,813.9,0.865,0.049,8,48.72,17.4,79.0,0.15
Uttar Pradesh,Varanasi,25.5072,82.9221,7.32,0.94,9.86,30.38,26.05,27.51,26.63,17.77,51.9,813.9,0.865,0.049,8,48.72,17.4,78.0,0.06
Uttar Pradesh,Varanasi,25.4255,83.0747,7.35,0.93,8.44,29.86,27.79,31.83,26.63,17.77,51.9,813.9,0.865,0.049,8,48.72,17.32,78.0,0.2
Uttar Pradesh,Unnao,26.2995,80.6344,7.44,1.0,8.23,25.55,29.94,21.68,26.27,16.87,49.7,844.0,0.862,0.047,8,49.47,17.56,112.0,0.52
Uttar Pradesh,Unnao,26.3019,80.6022,7.47,1.0,7.59,27.39,30.29,25.38,26.27,16.87,49.7,844.0,0.862,0.047,8,49.47,17.56,110.0,0.11
Uttar Pradesh,Unnao,26.7693,80.5743,7.28,1.07,10.06,29.78,30.27,30.61,25.98,16.48,50.64,914.5,0.863,0.043,8,49.37,17.56,127.0,0.15
Uttar Pradesh,Unnao,26.6076,80.8192,7.43,0.99,8.25,28.91,30.47,23.33,26.27,16.87,49.7,844.0,0.862,0.047,8,49.47,17.56,118.0,0.08
Uttar Pradesh,Unnao,26.5707,80.8693,7.31,0.97,8.55,27.18,32.58,20.43,26.27,16.87,49.7,844.0,0.862,0.047,8,49.47,17.56,119.0,0.13
Uttaranchal,Almora,29.7684,79.4947,6.01,2.24,22.72,23.0,32.17,18.19,15.25,7.65,57.62,1219.7,0.805,0.029,7,35.05,17.73,1290.0,5.17
Uttaranchal,Almora,29.6965,79.7087,5.87,2.31,26.64,25.87,31.08,19.16,17.95,10.49,56.86,1240.0,0.786,0.031,6,38.21,17.73,1488.0,18.46
Uttaranchal,Almora,29.8277,79.6109,5.88,2.43,26.27,25.34,31.23,18.17,15.25,7.65,57.62,1219.7,0.805,0.029,7,35.05,17.73,1636.0,21.18
Uttaranchal,Almora,29.7585,79.532,5.76,2.83,29.09,25.15,28.83,19.54,15.25,7.65,57.62,1219.7,0.805,0.029,7,35.05,17.73,1711.0,13.67
Uttaranchal,Almora,29.7205,79.523,6.1,2.13,24.39,22.25,33.18,17.14,20.12,12.25,54.88,1298.7,0.829,0.029,8,41.27,17.73,1276.0,3.13
Uttaranchal,Bageshwar,29.8846,79.6863,6.15,2.34,23.83,25.73,32.78,18.38,15.25,7.65,57.62,1219.7,0.805,0.029,7,35.05,17.73,1308.0,20.93
Uttaranchal,Bageshwar,29.8653,79.9474,5.93,2.21,24.5,26.5,31.68,19.01,12.45,4.88,57.25,963.8,0.742,0.035,7,31.24,17.73,1625.0,15.27
Uttaranchal,Bageshwar,30.2414,79.9787,6.31,4.6,66.79,17.86,47.89,26.92,12.45,4.88,57.25,963.8,0.742,0.035,7,31.24,16.85,4044.0,25.92
Uttaranchal,Bageshwar,30.0591,79.9392,5.77,3.81,50.09,24.02,42.01,21.07,12.45,4.88,57.25,963.8,0.742,0.035,7,31.24,16.85,2061.0,19.81
Uttaranchal,Bageshwar,30.1772,80.0067,5.88,4.62,67.32,19.06,48.97,22.73,12.45,4.88,57.25,963.8,0.742,0.035,7,31.24,18.19,2948.0,32.18
Uttaranchal,Chamoli,30.3039,79.5245,5.88,3.19,40.91,23.28,42.91,21.84,6.74,-1.11,60.55,944.2,0.778,0.033,8,26.07,16.85,2332.0,12.5
Uttaranchal,Chamoli,30.7001,79.422,6.16,4.18,66.85,19.4,50.39,22.77,6.74,-1.11,60.55,944.2,0.778,0.033,8,26.07,16.85,4121.0,32.36
Uttaranchal,Chamoli,30.2965,79.4758,5.84,3.4,42.32,23.48,41.47,21.63,6.74,-1.11,60.55,944.2,0.778,0.033,8,26.07,16.85,2159.0,20.67
Uttaranchal,Chamoli,30.8829,79.6843,6.63,3.54,55.53,18.27,47.47,26.28,-5.32,-15.26,70.24,550.4,0.735,0.042,8,15.6,16.85,5039.0,11.51
Uttaranchal,Chamoli,30.975,79.8046,6.62,3.83,52.4,21.61,42.47,32.1,-3.59,-13.97,62.35,328.5,0.644,0.055,10,20.76,16.85,5745.0,22.31
Uttaranchal,Champawat,29.2853,80.2116,5.86,2.13,22.75,26.17,33.3,18.17,17.95,10.49,56.86,1240.0,0.786,0.031,6,38.21,18.13,1207.0,15.63
Uttaranchal,Champawat,29.2439,80.0172,5.81,2.37,29.73,25.58,31.49,19.55,24.0,15.62,53.32,1352.7,0.823,0.029,7,45.81,18.13,1468.0,33.41
Uttaranchal,Champawat,29.4146,80.0595,5.88,2.4,27.7,24.41,32.91,19.01,17.95,10.49,56.86,1240.0,0.786,0.031,6,38.21,18.13,1743.0,4.16
Uttaranchal,Champawat,29.1041,79.9679,5.81,2.41,27.03,26.24,35.43,18.41,24.0,15.62,53.32,1352.7,0.823,0.029,7,45.81,17.73,679.0,15.25
Uttaranchal,Champawat,29.3627,79.8922,5.83,2.1,24.48,24.36,32.02,17.58,17.95,10.49,56.86,1240.0,0.786,0.031,6,38.21,17.73,1330.0,10.73
Uttaranchal,Haridwar,29.9247,77.7663,6.98,1.37,13.3,25.49,39.37,16.84,24.39,14.85,51.05,1251.1,0.835,0.026,8,48.94,17.48,278.0,0.15
Uttaranchal,Haridwar,29.8566,78.1598,6.73,2.37,19.32,27.84,38.05,17.15,23.25,14.43,51.83,1289.0,0.839,0.026,8,46.35,18.02,263.0,0.38
Uttaranchal,Haridwar,29.7739,77.9728,7.12,1.4,12.66,25.52,39.89,14.09,23.25,14.43,51.83,1289.0,0.839,0.026,8,46.35,17.48,243.0,0.17
Uttaranchal,Haridwar,29.8761,77.804,7.07,1.09,12.39,25.7,37.96,15.26,24.39,14.85,51.05,1251.1,0.835,0.026,8,48.94,17.48,269.0,0.21
Uttaranchal,Haridwar,29.7709,77.8546,7.1,1.17,12.58,27.85,36.14,15.51,23.25,14.43,51.83,1289.0,0.839,0.026,8,46.35,17.48,260.0,0.19
Uttaranchal,Dehra Dun,30.4385,77.667,6.29,2.43,26.74,27.64,35.7,19.13,21.63,13.19,52.11,1353.1,0.825,0.026,8,44.52,18.15,397.0,0.66
Uttaranchal,Dehra Dun,30.24,78.1037,6.1,3.19,23.35,25.74,33.99,17.48,23.25,14.43,51.83,1289.0,0.839,0.026,8,46.35,18.02,583.0,2.23
Uttaranchal,Dehra Dun,30.781,77.8527,5.9,2.97,34.16,25.38,36.78,17.32,10.96,3.24,58.24,1031.4,0.784,0.032,8,32.34,18.15,1566.0,17.81
Uttaranchal,Dehra Dun,30.5325,77.8446,6.06,3.03,26.49,25.7,34.11,19.28,17.99,10.01,55.8,1294.5,0.822,0.027,8,39.9,18.15,581.0,6.81
Uttaranchal,Dehra Dun,30.1438,78.0196,5.87,3.2,26.31,24.58,35.7,19.56,23.25,14.43,51.83,1289.0,0.839,0.026,8,46.35,18.02,819.0,2.18
Uttaranchal,Naini Tal,29.4061,79.1315,6.27,2.53,26.47,25.99,34.87,18.0,20.12,12.25,54.88,1298.7,0.829,0.029,8,41.27,17.73,357.0,2.89
Uttaranchal,Naini Tal,29.4038,79.4743,5.54,4.96,54.24,27.0,33.24,22.91,20.12,12.25,54.88,1298.7,0.829,0.029,8,41.27,17.73,2181.0,20.61
Uttaranchal,Naini Tal,29.3004,79.4847,5.74,2.28,28.45,25.49,31.8,19.48,20.12,12.25,54.88,1298.7,0.829,0.029,8,41.27,17.73,1195.0,18.89
Uttaranchal,Naini Tal,29.4797,79.0305,5.93,2.37,27.14,27.63,33.94,19.31,23.8,15.09,50.37,1129.1,0.838,0.028,8,46.15,17.73,541.0,4.87
Uttaranchal,Naini Tal,29.3841,78.9867,6.61,2.44,19.72,23.97,36.86,15.06,23.8,15.09,50.37,1129.1,0.838,0.028,8,46.15,18.02,285.0,0.78
Uttaranchal,Pauri Garhwal,29.9268,78.4528,6.01,2.53,27.68,24.48,35.68,21.27,19.01,11.16,55.61,1331.3,0.833,0.027,8,40.15,18.02,903.0,8.23
Uttaranchal,Pauri Garhwal,29.7758,78.4212,6.33,2.27,24.95,27.92,34.62,21.13,23.25,14.43,51.83,1289.0,0.839,0.026,8,46.35,18.02,408.0,1.03
Uttaranchal,Pauri Garhwal,29.7979,79.0883,5.72,4.56,49.29,24.98,32.65,21.72,15.25,7.65,57.62,1219.7,0.805,0.029,7,35.05,17.73,2029.0,6.92
Uttaranchal,Pauri Garhwal,30.0693,78.896,6.11,2.29,24.74,23.34,34.81,18.09,19.01,11.16,55.61,1331.3,0.833,0.027,8,40.15,18.02,1283.0,15.29
Uttaranchal,Pauri Garhwal,29.841,78.979,6.09,2.24,26.37,21.5,35.83,18.24,19.01,11.16,55.61,1331.3,0.833,0.027,8,40.15,18.02,1318.0,17.43
Uttaranchal,Rudra Prayag,30.6107,79.0095,5.76,3.38,39.09,23.66,39.74,19.48,13.49,6.07,57.79,1296.2,0.818,0.028,8,33.34,16.85,1859.0,20.01
Uttaranchal,Rudra Prayag,30.5448,79.0119,5.59,5.01,63.42,25.74,43.14,20.68,13.49,6.07,57.79,1296.2,0.818,0.028,8,33.34,16.85,2792.0,17.41
Uttaranchal,Rudra Prayag,30.7122,78.9985,6.26,4.68,61.24,18.49,50.77,28.64,13.49,6.07,57.79,1296.2,0.818,0.028,8,33.34,18.02,4332.0,24.15
Uttaranchal,Rudra Prayag,30.6102,79.2097,5.83,3.74,57.97,25.31,40.7,20.17,6.74,-1.11,60.55,944.2,0.778,0.033,8,26.07,16.85,2090.0,18.37
Uttaranchal,Rudra Prayag,30.5172,79.0553,5.9,4.59,40.51,24.43,39.49,19.53,13.49,6.07,57.79,1296.2,0.818,0.028,8,33.34,16.85,1756.0,28.84
Uttaranchal,Pithoragarh,30.0169,80.5576,5.87,3.29,46.98,17.5,44.0,20.98,6.1,-1.7,62.7,681.4,0.652,0.044,7,25.34,18.19,2197.0,25.22
Uttaranchal,Pithoragarh,30.4908,80.4707,6.6,3.94,57.44,17.14,48.77,29.0,-3.91,-13.88,69.51,412.6,0.574,0.057,10,19.32,18.19,5645.0,16.82
Uttaranchal,Pithoragarh,30.3471,80.1282,6.31,4.38,64.94,20.77,42.29,29.51,-1.86,-10.81,70.06,621.5,0.695,0.041,8,17.83,18.19,4278.0,29.31
Uttaranchal,Pithoragarh,29.8843,80.149,5.95,2.55,25.93,26.24,32.73,18.64,12.45,4.88,57.25,963.8,0.742,0.035,7,31.24,18.13,1197.0,35.92
Uttaranchal,Pithoragarh,30.2611,80.9028,6.49,3.24,48.51,16.61,47.85,28.22,-3.91,-13.88,69.51,412.6,0.574,0.057,10,19.32,18.19,4214.0,10.22
Uttaranchal,Udham Singh Nagar,29.083,79.1639,6.79,1.02,12.05,25.94,35.96,13.02,24.72,15.81,51.46,1216.0,0.848,0.029,8,47.57,17.73,215.0,0.17
Uttaranchal,Udham Singh Nagar,28.8962,79.7336,6.95,1.06,12.71,25.64,34.9,14.44,24.0,15.62,53.32,1352.7,0.823,0.029,7,45.81,17.03,206.0,0.08
Uttaranchal,Udham Singh Nagar,28.9865,80.0274,6.16,1.69,20.11,22.91,36.52,12.81,24.0,15.62,53.32,1352.7,0.823,0.029,7,45.81,17.1,234.0,0.88
Uttaranchal,Udham Singh Nagar,28.9781,79.5344,6.4,1.16,13.79,24.03,36.36,11.96,24.72,15.81,51.46,1216.0,0.848,0.029,8,47.57,17.03,221.0,0.27
Uttaranchal,Udham Singh Nagar,29.078,80.0403,6.05,2.0,27.47,24.87,36.95,16.63,24.0,15.62,53.32,1352.7,0.823,0.029,7,45.81,18.13,412.0,2.02
Uttaranchal,Tehri Garhwal,30.5962,78.7064,5.86,4.65,37.63,23.92,38.4,19.59,13.49,6.07,57.79,1296.2,0.818,0.028,8,33.34,18.02,1665.0,6.95
Uttaranchal,Tehri Garhwal,30.837,78.8672,6.55,3.7,48.65,19.25,48.83,23.87,0.39,-8.21,68.73,960.4,0.783,0.033,8,20.24,18.02,5282.0,11.37
Uttaranchal,Tehri Garhwal,30.5117,77.9993,6.01,2.94,28.12,24.85,35.24,19.43,17.99,10.01,55.8,1294.5,0.822,0.027,8,39.9,18.15,714.0,7.78
Uttaranchal,Tehri Garhwal,30.3628,78.3589,5.94,2.48,28.16,24.52,34.91,18.83,17.99,10.01,55.8,1294.5,0.822,0.027,8,39.9,18.02,1277.0,8.62
Uttaranchal,Tehri Garhwal,30.3496,78.7058,5.97,2.39,31.44,26.67,35.81,18.34,13.49,6.07,57.79,1296.2,0.818,0.028,8,33.34,18.02,1558.0,17.1
Uttaranchal,Uttarkashi,31.4001,79.0697,6.65,3.93,44.13,18.75,47.17,28.87,-2.32,-13.0,56.68,271.3,0.67,0.06,10,22.68,20.08,4967.0,16.42
Uttaranchal,Uttarkashi,30.6079,78.2258,5.94,2.58,29.82,25.44,33.4,19.03,17.99,10.01,55.8,1294.5,0.822,0.027,8,39.9,18.02,1471.0,18.28
Uttaranchal,Uttarkashi,30.7604,79.1375,6.54,4.18,57.25,17.23,50.73,25.07,-5.32,-15.26,70.24,550.4,0.735,0.042,8,15.6,16.85,5233.0,22.87
Uttaranchal,Uttarkashi,31.0431,78.1547,5.67,3.57,52.6,23.11,49.48,20.36,10.96,3.24,58.24,1031.4,0.784,0.032,8,32.34,17.82,3045.0,14.65
Uttaranchal,Uttarkashi,30.6644,78.3919,6.04,2.53,26.51,23.67,34.84,19.2,17.99,10.01,55.8,1294.5,0.822,0.027,8,39.9,18.02,1475.0,20.49
West Bengal,Bankura,23.2193,87.4893,6.1,0.95,9.48,30.3,41.1,11.82,25.53,18.19,71.74,1442.3,0.735,0.098,5,47.3,16.73,73.0,0.72
West Bengal,Bankura,23.0071,87.6538,6.53,1.2,12.69,34.18,24.81,17.62,25.53,18.19,71.74,1442.3,0.735,0.098,5,47.3,16.73,30.0,0.16
West Bengal,Bankura,23.3023,86.9009,6.29,1.02,9.25,31.22,36.88,16.3,25.36,17.85,67.66,1404.0,0.767,0.082,6,47.09,17.21,112.0,0.53
West Bengal,Bankura,23.4225,87.3691,6.19,1.0,17.13,26.06,38.58,14.08,25.61,18.17,69.19,1366.8,0.741,0.093,6,47.14,16.73,56.0,0.21
West Bengal,Bankura,22.8348,86.9387,6.05,1.07,10.61,28.71,41.91,15.03,25.32,17.94,70.04,1453.1,0.757,0.087,6,47.26,17.37,72.0,0.61
West Bengal,Barddhaman,23.5968,87.4274,6.12,0.92,10.03,26.69,40.7,12.07,25.61,18.17,69.19,1366.8,0.741,0.093,6,47.14,16.73,80.0,0.22
West Bengal,Barddhaman,23.7595,86.9519,6.31,1.13,11.45,28.88,39.79,21.38,25.21,17.61,65.75,1325.7,0.771,0.081,6,46.45,17.21,130.0,0.35
West Bengal,Barddhaman,23.3091,87.9166,6.36,1.28,12.01,42.78,20.21,17.71,25.82,18.65,69.51,1349.9,0.717,0.103,5,46.75,16.73,26.0,0.35
West Bengal,Barddhaman,23.1646,87.9878,6.49,1.41,20.38,38.02,20.97,18.12,25.74,18.62,71.95,1458.9,0.721,0.107,6,46.81,16.73,18.0,0.34
West Bengal,Barddhaman,23.4684,87.4861,5.99,1.01,9.33,33.23,30.8,13.44,25.61,18.17,69.19,1366.8,0.741,0.093,6,47.14,16.73,76.0,0.12
West Bengal,Birbhum,23.7084,87.8011,6.49,1.32,11.51,33.94,26.02,18.03,25.61,18.17,69.19,1366.8,0.741,0.093,6,47.14,16.73,37.0,0.23
West Bengal,Birbhum,23.9202,87.4195,5.98,1.12,9.71,24.14,41.25,15.93,25.54,18.09,66.93,1304.2,0.742,0.092,6,46.96,16.73,85.0,0.86
West Bengal,Birbhum,23.9559,87.6495,6.41,1.25,11.34,27.43,35.23,14.19,25.54,18.09,66.93,1304.2,0.742,0.092,6,46.96,16.73,49.0,0.21
West Bengal,Birbhum,23.6203,87.8749,6.48,1.24,10.51,33.43,23.75,16.59,25.82,18.65,69.51,1349.9,0.717,0.103,5,46.75,16.73,27.0,0.08
West Bengal,Birbhum,23.5503,87.9092,6.59,1.12,13.11,36.09,22.37,16.5,25.82,18.65,69.51,1349.9,0.717,0.103,5,46.75,16.73,27.0,0.06
West Bengal,Dakshin Dinajpur,25.3392,88.4411,6.59,1.2,11.72,35.85,24.61,22.24,25.22,17.86,69.71,1669.2,0.726,0.085,5,44.56,16.32,30.0,0.19
West Bengal,Dakshin Dinajpur,25.2276,88.5845,6.59,1.15,11.71,40.19,23.77,18.85,25.42,18.03,69.57,1457.5,0.702,0.1,5,45.2,16.32,23.0,0.06
West Bengal,Dakshin Dinajpur,25.3111,88.4554,6.71,1.24,12.3,38.97,23.28,15.76,25.22,17.86,69.71,1669.2,0.726,0.085,5,44.56,16.32,27.0,0.26
West Bengal,Dakshin Dinajpur,25.287,88.7703,6.46,1.13,12.44,39.12,23.29,18.58,25.22,17.86,69.71,1669.2,0.726,0.085,5,44.56,16.32,29.0,0.15
West Bengal,Dakshin Dinajpur,25.3454,88.8337,6.47,1.3,12.69,40.23,20.82,17.0,25.22,17.86,69.71,1669.2,0.726,0.085,5,44.56,16.32,27.0,0.12
West Bengal,Darjiling,26.9505,88.5638,5.23,3.61,27.95,26.84,39.76,19.67,18.76,12.57,69.37,1705.1,0.773,0.053,5,33.36,15.56,1045.0,9.31
West Bengal,Darjiling,26.666,88.3764,5.59,1.49,15.52,27.88,37.31,18.06,24.23,17.59,64.88,1774.1,0.786,0.056,5,42.4,15.56,112.0,0.43
West Bengal,Darjiling,26.9847,88.2951,5.27,7.62,51.72,29.79,36.35,24.8,18.42,12.38,67.07,1544.8,0.785,0.05,5,33.23,15.56,2546.0,5.22
West Bengal,Darjiling,26.685,88.2991,5.74,1.58,17.23,27.25,37.81,19.6,24.23,17.59,64.88,1774.1,0.786,0.056,5,42.4,15.56,139.0,0.33
West Bengal,Darjiling,26.777,88.3036,5.64,1.96,19.18,25.86,37.54,15.15,18.42,12.38,67.07,1544.8,0.785,0.05,5,33.23,15.56,181.0,0.92
West Bengal,East Midnapore,21.9613,87.6569,6.67,2.7,22.06,41.71,8.31,17.66,25.91,19.36,75.44,1646.6,0.714,0.121,5,46.99,16.99,9.0,0.12
West Bengal,East Midnapore,22.0897,87.7769,6.69,1.64,15.56,41.97,8.03,17.57,25.91,19.36,75.44,1646.6,0.714,0.121,5,46.99,16.86,2.0,0.15
West Bengal,East Midnapore,22.0077,87.7646,6.88,1.44,17.07,40.05,6.19,15.0,25.91,19.36,75.44,1646.6,0.714,0.121,5,46.99,16.86,2.0,0.0
West Bengal,East Midnapore,22.0402,87.8497,6.86,1.26,12.83,39.18,6.47,15.5,26.21,20.32,75.28,1716.7,0.721,0.121,5,44.3,16.86,3.0,0.12
West Bengal,East Midnapore,22.0016,87.6946,6.85,1.89,17.71,39.7,6.66,16.35,25.91,19.36,75.44,1646.6,0.714,0.121,5,46.99,16.86,2.0,0.28
West Bengal,Haora,22.6805,88.1559,6.95,1.69,15.45,38.89,4.01,19.19,25.81,19.03,73.93,1564.8,0.722,0.113,5,46.81,16.46,3.0,0.05
West Bengal,Haora,22.2917,88.0029,6.79,2.07,19.18,38.19,5.63,18.51,25.81,19.03,73.93,1564.8,0.722,0.113,5,46.81,16.46,8.0,0.21
West Bengal,Haora,22.5382,88.0486,6.78,3.01,25.16,43.78,8.44,18.31,25.81,19.03,73.93,1564.8,0.722,0.113,5,46.81,16.46,3.0,0.17
West Bengal,Haora,22.4793,88.0519,6.76,2.03,20.33,40.24,5.62,18.67,25.81,19.03,73.93,1564.8,0.722,0.113,5,46.81,16.46,3.0,0.12
West Bengal,Haora,22.3883,87.9587,6.67,2.64,24.86,40.06,11.65,19.58,25.81,19.03,73.93,1564.8,0.722,0.113,5,46.81,16.86,9.0,0.22
West Bengal,Hugli,22.9513,88.2012,6.71,1.4,13.03,40.06,10.36,17.91,25.74,18.62,71.95,1458.9,0.721,0.107,6,46.81,16.46,11.0,0.11
West Bengal,Hugli,22.7169,88.1091,6.9,1.52,17.04,38.11,7.01,18.65,25.81,19.03,73.93,1564.8,0.722,0.113,5,46.81,16.46,6.0,0.05
West Bengal,Hugli,23.0465,88.1505,6.76,1.38,13.41,37.98,11.23,18.22,25.74,18.62,71.95,1458.9,0.721,0.107,6,46.81,16.4,16.0,0.38
West Bengal,Hugli,22.9999,88.2664,6.76,1.46,13.09,38.21,9.1,17.73,25.74,18.62,71.95,1458.9,0.721,0.107,6,46.81,16.46,16.0,0.21
West Bengal,Hugli,22.7374,87.81,6.71,1.25,16.41,32.45,18.5,19.24,25.52,18.32,74.22,1515.9,0.725,0.109,5,47.81,16.86,8.0,0.05
West Bengal,Jalpaiguri,26.4996,89.2762,5.36,1.71,14.06,26.58,45.47,15.89,24.3,17.69,69.31,2066.5,0.736,0.07,5,41.74,15.39,59.0,0.26
West Bengal,Jalpaiguri,26.5294,88.5031,5.73,1.97,16.38,29.09,35.29,19.96,24.88,18.28,66.37,2047.7,0.773,0.06,5,42.67,15.56,92.0,0.23
West Bengal,Jalpaiguri,26.7458,88.7555,5.52,3.75,18.56,26.94,37.2,17.64,24.88,18.28,66.37,2047.7,0.773,0.06,5,42.67,15.56,105.0,0.15
West Bengal,Jalpaiguri,26.7679,89.5838,5.11,5.3,28.62,27.68,37.3,18.69,15.2,8.89,74.5,1619.8,0.743,0.061,5,28.09,15.39,979.0,28.31
West Bengal,Jalpaiguri,26.7143,89.3342,5.48,1.76,15.87,28.45,40.41,15.44,24.3,17.69,69.31,2066.5,0.736,0.07,5,41.74,15.39,109.0,0.43
West Bengal,Kochbihar,26.3261,88.9548,5.83,1.96,16.05,27.06,40.96,17.61,24.88,18.28,66.37,2047.7,0.773,0.06,5,42.67,15.56,62.0,0.29
West Bengal,Kochbihar,26.4086,89.1581,5.8,1.48,14.77,24.2,59.78,18.09,24.3,17.69,69.31,2066.5,0.736,0.07,5,41.74,15.39,54.0,0.05
West Bengal,Kochbihar,26.4439,89.2046,5.75,1.82,23.82,29.8,42.75,17.04,24.3,17.69,69.31,2066.5,0.736,0.07,5,41.74,15.39,54.0,0.16
West Bengal,Kochbihar,26.3387,89.3298,5.74,2.37,17.89,24.14,50.58,18.71,24.3,17.69,69.31,2066.5,0.736,0.07,5,41.74,15.39,50.0,0.06
West Bengal,Kochbihar,26.0135,89.454,5.84,1.75,21.67,30.98,40.66,16.97,25.0,17.93,72.11,2141.0,0.717,0.081,5,43.15,15.39,31.0,0.08
West Bengal,Maldah,25.1008,88.2177,6.6,1.06,11.46,34.06,26.03,19.28,25.69,18.13,66.56,1316.9,0.719,0.096,5,45.08,16.32,31.0,0.12
West Bengal,Maldah,25.247,88.0692,6.72,1.1,11.75,30.69,25.18,16.15,25.69,18.13,66.56,1316.9,0.719,0.096,5,45.08,16.32,29.0,0.12
West Bengal,Maldah,25.2683,88.2351,6.56,1.14,12.08,33.29,27.97,21.23,25.3,17.59,67.38,1475.6,0.743,0.082,5,45.35,16.32,30.0,0.12
West Bengal,Maldah,25.2249,87.8554,6.54,1.04,15.97,30.54,30.86,18.71,25.69,18.13,66.56,1316.9,0.719,0.096,5,45.08,16.66,27.0,0.23
West Bengal,Maldah,24.9428,88.1151,6.89,1.06,12.08,29.92,23.5,16.79,25.69,18.13,66.56,1316.9,0.719,0.096,5,45.08,16.23,28.0,0.46
West Bengal,Kolkata,22.5103,88.3114,6.3,1.73,23.49,39.71,11.0,18.39,25.81,19.03,73.93,1564.8,0.722,0.113,5,46.81,16.46,7.0,0.28
West Bengal,Murshidabad,23.9683,88.1852,6.79,1.38,13.71,30.23,17.45,18.19,25.89,18.65,67.63,1285.3,0.71,0.103,5,46.55,16.4,18.0,0.06
West Bengal,Murshidabad,24.0819,88.6518,6.65,1.02,13.9,35.25,19.69,19.42,25.84,18.86,69.55,1410.7,0.688,0.111,5,45.61,16.23,16.0,0.27
West Bengal,Murshidabad,24.1141,87.923,6.66,1.42,12.0,28.81,26.9,16.35,25.89,18.65,67.63,1285.3,0.71,0.103,5,46.55,16.49,25.0,0.23
West Bengal,Murshidabad,23.9083,88.1645,6.76,1.32,15.17,31.76,18.07,18.43,25.89,18.65,67.63,1285.3,0.71,0.103,5,46.55,16.4,14.0,0.06
West Bengal,Murshidabad,24.0423,87.9891,6.62,1.68,12.8,29.91,26.1,17.97,25.89,18.65,67.63,1285.3,0.71,0.103,5,46.55,16.49,22.0,0.31
West Bengal,Nadia,23.662,88.2137,6.83,1.12,12.51,33.72,15.45,18.01,25.82,18.65,69.51,1349.9,0.717,0.103,5,46.75,16.4,14.0,0.21
West Bengal,Nadia,23.7676,88.3261,7.02,1.06,11.71,33.44,14.39,17.11,25.89,18.65,67.63,1285.3,0.71,0.103,5,46.55,16.4,17.0,0.2
West Bengal,Nadia,22.9874,88.4625,6.74,1.3,13.28,42.79,8.25,17.92,25.86,19.24,72.06,1593.0,0.706,0.114,5,46.13,16.46,5.0,0.28
West Bengal,Nadia,23.493,88.7122,6.55,1.14,11.93,40.73,14.96,16.92,25.86,19.05,70.6,1469.8,0.696,0.111,5,46.17,16.4,16.0,0.3
West Bengal,Nadia,23.6403,88.407,6.75,1.22,13.24,30.8,14.92,17.07,25.82,18.65,69.51,1349.9,0.717,0.103,5,46.75,16.4,16.0,0.29
West Bengal,North 24 Parganas,22.1391,88.893,6.11,3.06,22.13,37.64,7.77,18.02,26.24,20.69,75.03,1831.6,0.724,0.124,5,42.66,16.46,2.0,0.05
West Bengal,North 24 Parganas,22.7041,88.7029,6.33,1.56,15.7,41.73,9.14,17.24,25.94,19.72,73.52,1718.1,0.716,0.119,5,45.74,16.46,6.0,0.21
West Bengal,North 24 Parganas,21.6655,88.7717,6.43,3.01,18.24,35.93,8.66,20.62,26.82,22.28,76.44,2059.1,0.726,0.124,5,35.36,16.5,0.0,0.23
West Bengal,North 24 Parganas,22.8511,88.438,7.03,1.6,15.17,35.95,4.25,17.61,25.86,19.24,72.06,1593.0,0.706,0.114,5,46.13,16.46,4.0,0.05
West Bengal,North 24 Parganas,22.8996,88.5582,6.61,1.34,13.85,41.61,7.42,16.52,25.86,19.24,72.06,1593.0,0.706,0.114,5,46.13,16.46,10.0,0.23
West Bengal,Puruliya,23.2059,86.4122,6.28,1.18,10.01,34.52,33.72,22.42,25.22,18.07,66.41,1476.1,0.787,0.079,6,47.6,17.21,243.0,0.64
West Bengal,Puruliya,23.2811,86.7567,6.35,1.05,9.61,30.99,36.51,17.49,25.36,17.85,67.66,1404.0,0.767,0.082,6,47.09,17.21,166.0,0.28
West Bengal,Puruliya,23.6065,86.5999,6.58,1.24,10.62,33.64,30.91,22.23,25.36,17.85,67.66,1404.0,0.767,0.082,6,47.09,17.21,164.0,0.69
West Bengal,Puruliya,23.077,86.1442,6.45,1.45,14.35,36.04,30.12,24.47,25.22,18.07,66.41,1476.1,0.787,0.079,6,47.6,17.21,268.0,2.93
West Bengal,Puruliya,23.224,86.1774,6.41,1.55,18.3,34.79,31.56,23.17,25.22,18.07,66.41,1476.1,0.787,0.079,6,47.6,17.21,407.0,6.61
West Bengal,South 24 Parganas,21.6994,88.145,6.69,1.58,15.56,29.8,7.93,16.23,26.77,22.09,76.8,2006.0,0.719,0.126,5,37.25,16.5,4.0,0.08
West Bengal,South 24 Parganas,22.2757,88.5897,6.48,2.03,14.81,36.72,5.77,16.71,25.94,19.72,73.52,1718.1,0.716,0.119,5,45.74,16.46,2.0,0.0
West Bengal,South 24 Parganas,22.3207,88.245,6.81,1.89,15.5,40.81,7.29,17.59,25.81,19.03,73.93,1564.8,0.722,0.113,5,46.81,16.46,8.0,0.26
West Bengal,South 24 Parganas,22.0615,88.2641,6.71,1.7,13.01,36.64,3.8,16.35,26.21,20.32,75.28,1716.7,0.721,0.121,5,44.3,16.46,3.0,0.05
West Bengal,South 24 Parganas,22.3682,88.115,6.65,2.86,23.14,39.82,8.82,20.75,25.81,19.03,73.93,1564.8,0.722,0.113,5,46.81,16.46,4.0,0.35
West Bengal,Uttar Dinajpur,25.7268,88.3083,6.74,1.24,12.31,33.71,25.87,17.21,25.3,17.59,67.38,1475.6,0.743,0.082,5,45.35,16.32,39.0,0.05
West Bengal,Uttar Dinajpur,25.7706,87.9555,6.78,1.18,11.98,28.45,29.48,15.23,25.11,17.61,66.9,1700.7,0.77,0.067,5,44.96,16.66,34.0,0.16
West Bengal,Uttar Dinajpur,25.7813,87.9286,6.77,1.16,11.8,27.08,30.56,16.05,25.11,17.61,66.9,1700.7,0.77,0.067,5,44.96,16.66,33.0,0.08
West Bengal,Uttar Dinajpur,25.6581,88.3911,6.82,1.09,11.44,33.99,25.27,17.18,25.3,17.59,67.38,1475.6,0.743,0.082,5,45.35,16.32,38.0,0.0
West Bengal,Uttar Dinajpur,25.7826,88.0634,6.71,1.26,11.77,30.13,29.5,18.38,25.11,17.61,66.9,1700.7,0.77,0.067,5,44.96,16.32,34.0,0.4
West Bengal,West Midnapore,22.4967,87.5447,6.65,1.03,11.66,33.94,20.47,16.4,25.52,18.32,74.22,1515.9,0.725,0.109,5,47.81,16.86,15.0,0.12
West Bengal,West Midnapore,21.768,87.4376,6.71,1.49,14.86,43.58,13.67,15.61,25.91,19.36,75.44,1646.6,0.714,0.121,5,46.99,16.99,5.0,0.17
West Bengal,West Midnapore,22.2619,87.229,6.21,1.07,11.47,35.25,34.87,15.65,25.52,18.32,74.22,1515.9,0.725,0.109,5,47.81,16.86,55.0,0.84
West Bengal,West Midnapore,22.4229,87.11,6.14,1.1,10.51,27.46,39.03,14.38,25.5,18.36,71.49,1499.7,0.74,0.1,5,48.19,16.86,45.0,0.74
West Bengal,West Midnapore,22.6781,87.4625,6.39,1.08,11.47,29.85,33.05,20.99,25.52,18.32,74.22,1515.9,0.725,0.109,5,47.81,16.86,28.0,0.19
Karnataka,Chikmagalur,13.6225,75.6357,5.75,2.21,24.5,34.57,40.72,27.58,22.53,20.5,77.64,2460.4,0.819,0.102,5,39.03,18.72,732.0,2.21
Karnataka,Chikmagalur,13.6883,75.9911,6.99,1.08,11.75,33.91,40.02,32.48,23.65,21.88,68.79,1137.3,0.684,0.164,6,40.36,18.72,784.0,0.57
Karnataka,Chikmagalur,13.3921,75.9582,7.17,1.22,11.44,34.4,36.23,35.38,23.65,21.88,68.79,1137.3,0.684,0.164,6,40.36,18.72,837.0,1.09
Karnataka,Chikmagalur,13.6591,75.4883,5.93,1.91,17.37,29.49,43.62,29.77,22.53,20.5,77.64,2460.4,0.819,0.102,5,39.03,18.72,650.0,0.85
Karnataka,Chikmagalur,13.6775,76.0158,6.97,1.2,11.94,33.54,40.91,30.99,23.65,21.88,68.79,1137.3,0.684,0.164,6,40.36,19.82,774.0,0.23
Karnataka,Chikmagalur,13.6024,75.9438,6.78,1.03,15.27,30.84,42.63,25.05,23.65,21.88,68.79,1137.3,0.684,0.164,6,40.36,18.72,817.0,0.71
Karnataka,Chikmagalur,12.945,75.557,5.49,3.0,32.79,36.94,43.29,19.6,23.41,22.06,78.12,2852.8,0.82,0.099,5,39.7,18.14,325.0,10.43
Karnataka,Chikmagalur,13.4987,76.1784,7.07,1.18,11.21,38.15,39.47,34.46,23.65,21.88,68.79,1137.3,0.684,0.164,6,40.36,19.82,756.0,0.67
Karnataka,Chikmagalur,13.1588,75.2882,5.67,3.97,43.92,36.45,35.82,34.72,26.74,26.33,76.55,3614.3,0.835,0.095,5,38.08,18.72,1247.0,17.44
Karnataka,Chikmagalur,13.7478,75.9379,6.78,1.2,11.62,31.5,45.3,25.54,23.65,21.88,68.79,1137.3,0.684,0.164,6,40.36,18.72,765.0,0.98
Karnataka,Chikmagalur,13.4811,75.533,5.53,2.49,22.41,32.62,41.42,26.79,22.53,20.5,77.64,2460.4,0.819,0.102,5,39.03,18.72,738.0,5.18
Karnataka,Chikmagalur,13.4828,75.7729,5.83,3.36,23.06,37.15,32.88,32.38,22.53,20.5,77.64,2460.4,0.819,0.102,5,39.03,18.72,1285.0,15.12
Karnataka,Dakshina Kannada,12.9439,74.9056,5.97,2.0,29.35,39.12,43.0,21.56,26.74,26.33,76.55,3614.3,0.835,0.095,5,38.08,19.05,13.0,0.41
Karnataka,Dakshina Kannada,12.8037,75.5378,5.57,2.14,25.12,31.58,49.96,15.46,23.41,22.06,78.12,2852.8,0.82,0.099,5,39.7,18.14,304.0,2.59
Karnataka,Dakshina Kannada,12.9128,75.3368,5.59,2.44,24.64,31.88,48.75,17.95,23.41,22.06,78.12,2852.8,0.82,0.099,5,39.7,18.14,168.0,3.43
Karnataka,Dakshina Kannada,12.8967,75.2113,5.6,2.82,26.07,34.93,42.18,18.56,26.74,26.33,76.55,3614.3,0.835,0.095,5,38.08,18.14,103.0,0.85
Karnataka,Dakshina Kannada,12.4985,75.5114,5.61,2.01,24.92,29.15,54.78,10.76,23.82,23.05,79.01,2994.4,0.793,0.112,4,38.9,18.14,151.0,1.78
Karnataka,Dakshina Kannada,12.5928,75.5334,5.58,2.04,25.47,29.78,53.15,14.17,23.82,23.05,79.01,2994.4,0.793,0.112,4,38.9,18.14,236.0,1.61
Karnataka,Dakshina Kannada,13.0489,75.1259,5.64,3.36,28.13,37.79,44.79,20.45,26.74,26.33,76.55,3614.3,0.835,0.095,5,38.08,18.72,98.0,4.38
Karnataka,Dakshina Kannada,12.9585,75.1142,5.65,2.52,27.65,35.17,41.62,19.78,26.74,26.33,76.55,3614.3,0.835,0.095,5,38.08,18.14,98.0,0.64
Karnataka,Dakshina Kannada,12.4911,75.3707,5.43,3.39,37.32,33.5,45.19,20.67,23.82,23.05,79.01,2994.4,0.793,0.112,4,38.9,18.14,513.0,5.26
Karnataka,Dakshina Kannada,13.1557,75.3824,5.52,3.16,32.59,35.29,43.69,18.98,23.41,22.06,78.12,2852.8,0.82,0.099,5,39.7,18.72,245.0,12.45
Karnataka,Dakshina Kannada,12.9581,75.1697,5.7,3.15,28.9,35.15,40.74,18.14,26.74,26.33,76.55,3614.3,0.835,0.095,5,38.08,18.14,112.0,0.77
Karnataka,Dakshina Kannada,12.7264,75.3054,5.59,2.04,28.38,35.38,45.4,19.59,27.08,26.85,77.98,3521.1,0.795,0.113,4,36.03,18.14,84.0,1.34
Karnataka,Davanagere,14.5259,76.0676,6.98,1.03,10.37,36.4,36.93,34.28,25.16,23.39,64.13,702.4,0.583,0.22,6,41.6,20.22,645.0,0.84
Karnataka,Davanagere,14.1357,75.5491,6.8,1.08,10.81,35.23,35.65,29.98,23.87,21.87,73.34,1866.3,0.802,0.112,6,41.12,19.76,616.0,1.01
Karnataka,Davanagere,14.5629,75.999,7.1,1.17,11.35,39.53,33.05,40.77,25.16,23.39,64.13,702.4,0.583,0.22,6,41.6,19.76,638.0,3.21
Karnataka,Davanagere,14.0911,75.873,6.86,1.12,11.35,34.34,44.63,22.58,23.87,21.87,73.34,1866.3,0.802,0.112,6,41.12,19.76,621.0,0.22
Karnataka,Davanagere,14.2627,75.5978,7.13,1.08,11.2,36.71,33.36,35.34,24.92,23.46,67.99,1365.1,0.768,0.129,6,42.2,19.76,582.0,1.23
Karnataka,Davanagere,14.6671,76.3068,7.29,0.99,11.31,36.67,34.59,40.84,25.16,23.39,64.13,702.4,0.583,0.22,6,41.6,20.22,631.0,0.69
Karnataka,Davanagere,14.0343,75.9812,6.98,1.13,12.36,35.33,37.88,32.13,24.57,22.79,66.3,865.0,0.629,0.196,6,41.15,19.76,699.0,1.8
Karnataka,Davanagere,14.3055,75.7231,6.95,1.07,11.67,34.55,36.67,32.81,24.92,23.46,67.99,1365.1,0.768,0.129,6,42.2,19.76,665.0,1.41
Karnataka,Davanagere,14.5961,76.2922,7.19,1.0,10.27,35.09,33.5,41.16,25.16,23.39,64.13,702.4,0.583,0.22,6,41.6,20.22,659.0,0.83
Karnataka,Davanagere,13.9725,75.8459,6.75,1.16,13.53,34.03,40.15,24.42,23.87,21.87,73.34,1866.3,0.802,0.112,6,41.12,18.72,688.0,1.03
Karnataka,Davanagere,14.2596,75.7118,7.01,1.07,10.57,37.94,35.15,34.42,24.92,23.46,67.99,1365.1,0.768,0.129,6,42.2,19.76,600.0,0.23
Karnataka,Davanagere,14.7296,76.1242,7.37,0.98,11.06,36.05,33.22,40.78,25.16,23.39,64.13,702.4,0.583,0.22,6,41.6,20.22,571.0,0.38
Karnataka,Gadag,15.5169,75.8388,7.22,0.93,11.61,30.92,37.62,30.6,25.6,23.63,61.26,680.1,0.647,0.178,6,42.37,19.53,637.0,0.43
Karnataka,Gadag,15.5855,75.6009,7.65,1.02,24.07,35.53,31.89,38.12,25.6,23.63,61.26,680.1,0.647,0.178,6,42.37,19.53,605.0,0.49
Karnataka,Gadag,15.2403,75.4774,7.66,1.16,12.83,39.11,30.56,44.08,25.49,23.83,63.97,800.7,0.658,0.177,6,42.13,19.53,653.0,0.19
Karnataka,Gadag,15.3212,75.4593,7.83,1.1,11.43,38.95,29.64,41.72,25.6,23.63,61.26,680.1,0.647,0.178,6,42.37,19.53,633.0,0.34
Karnataka,Gadag,15.1376,75.8252,7.74,0.96,10.18,33.18,36.67,33.94,25.49,23.83,63.97,800.7,0.658,0.177,6,42.13,19.53,554.0,1.31
Karnataka,Gadag,15.7269,75.7953,7.46,1.12,15.43,33.65,36.51,36.42,25.6,23.63,61.26,680.1,0.647,0.178,6,42.37,19.53,561.0,0.24
Karnataka,Gadag,15.3587,75.7814,7.78,0.89,11.19,31.9,38.84,32.79,25.6,23.63,61.26,680.1,0.647,0.178,6,42.37,19.53,605.0,0.75
Karnataka,Gadag,15.6607,75.8142,7.43,1.12,23.79,33.82,33.92,38.21,25.6,23.63,61.26,680.1,0.647,0.178,6,42.37,19.53,593.0,0.51
Karnataka,Gadag,15.6844,75.6432,7.67,0.99,25.09,35.18,33.07,36.83,25.6,23.63,61.26,680.1,0.647,0.178,6,42.37,19.53,578.0,0.45
Karnataka,Gadag,15.6054,75.7742,7.45,1.05,12.5,31.55,35.89,35.58,25.6,23.63,61.26,680.1,0.647,0.178,6,42.37,19.53,623.0,0.48
Karnataka,Gadag,15.3838,75.5098,7.7,1.02,11.58,35.69,31.57,38.22,25.6,23.63,61.26,680.1,0.647,0.178,6,42.37,19.53,646.0,0.7
Karnataka,Gadag,15.0629,75.8778,7.55,1.01,10.98,32.78,38.47,26.26,25.49,23.83,63.97,800.7,0.658,0.177,6,42.13,19.53,529.0,2.03
Karnataka,Mandya,12.7513,76.8928,6.57,1.04,11.66,34.38,42.88,19.51,24.11,22.5,67.12,880.9,0.546,0.222,5,40.63,19.49,691.0,0.21
Karnataka,Mandya,12.4915,76.7952,6.87,1.04,10.33,35.3,38.19,26.85,24.52,23.11,67.75,883.0,0.534,0.232,4,41.44,19.49,758.0,0.83
Karnataka,Mandya,12.727,76.5172,6.86,1.19,13.55,35.96,37.72,22.72,23.2,22.02,73.35,1604.3,0.717,0.143,4,39.89,19.49,826.0,0.58
Karnataka,Mandya,12.5262,76.9931,6.68,1.37,14.55,36.95,34.96,24.54,24.52,23.11,67.75,883.0,0.534,0.232,4,41.44,19.49,648.0,0.38
Karnataka,Mandya,12.4607,76.9497,6.65,1.32,14.21,36.37,34.36,26.28,24.52,23.11,67.75,883.0,0.534,0.232,4,41.44,19.49,679.0,0.44
Karnataka,Mandya,12.8727,76.6933,6.76,1.11,11.11,31.54,44.83,22.61,24.11,22.5,67.12,880.9,0.546,0.222,5,40.63,19.49,895.0,1.18
Karnataka,Mandya,12.4995,76.925,6.65,1.35,14.17,36.18,34.43,25.52,24.52,23.11,67.75,883.0,0.534,0.232,4,41.44,19.49,671.0,0.81
Karnataka,Mandya,12.4437,77.1294,6.78,1.27,13.73,36.04,35.77,25.07,24.52,23.11,67.75,883.0,0.534,0.232,4,41.44,19.73,622.0,0.05
Karnataka,Mandya,12.9497,76.7878,6.85,1.15,10.54,34.61,44.37,24.06,24.11,22.5,67.12,880.9,0.546,0.222,5,40.63,19.49,764.0,0.74
Karnataka,Mandya,12.6742,76.4631,7.06,1.15,12.36,33.93,38.48,26.3,23.2,22.02,73.35,1604.3,0.717,0.143,4,39.89,19.49,850.0,0.19
Karnataka,Mandya,12.7312,76.3879,6.91,1.16,13.52,35.75,38.21,23.13,23.2,22.02,73.35,1604.3,0.717,0.143,4,39.89,19.49,801.0,0.31
Karnataka,Mandya,12.565,76.8969,6.7,1.32,13.73,35.48,34.74,24.59,24.52,23.11,67.75,883.0,0.534,0.232,4,41.44,19.49,681.0,0.73
Karnataka,Gulbarga,17.6467,77.0638,6.88,1.07,10.53,37.97,36.59,29.09,26.58,23.47,55.25,770.7,0.765,0.125,7,44.6,19.29,584.0,1.08
Karnataka,Gulbarga,16.9166,77.1229,6.89,0.98,10.74,35.43,35.67,23.79,27.23,24.25,55.04,720.5,0.746,0.132,7,45.04,19.96,465.0,1.1
Karnataka,Gulbarga,16.8309,76.9657,7.23,0.98,10.64,40.02,31.38,26.53,27.23,24.25,55.04,720.5,0.746,0.132,7,45.04,19.87,380.0,0.48
Karnataka,Gulbarga,17.3453,76.5308,7.36,0.99,18.69,39.33,33.41,32.81,26.88,23.79,53.69,691.2,0.748,0.145,7,44.94,19.47,467.0,0.26
Karnataka,Gulbarga,16.8757,76.9991,7.01,0.99,21.21,38.26,32.6,27.03,27.23,24.25,55.04,720.5,0.746,0.132,7,45.04,19.87,390.0,0.16
Karnataka,Gulbarga,17.1503,76.9735,7.17,1.27,10.86,37.34,36.17,25.33,27.23,24.25,55.04,720.5,0.746,0.132,7,45.04,19.47,395.0,0.56
Karnataka,Gulbarga,17.5113,77.1975,6.88,1.13,10.53,37.99,35.51,31.8,26.11,22.97,57.34,831.4,0.773,0.117,7,44.4,19.29,542.0,1.27
Karnataka,Gulbarga,17.3176,77.0732,7.15,1.37,18.79,37.5,33.21,29.8,26.58,23.47,55.25,770.7,0.765,0.125,7,44.6,19.29,430.0,0.77
Karnataka,Gulbarga,17.5703,76.3849,7.05,1.05,11.05,35.71,34.91,33.81,26.88,23.79,53.69,691.2,0.748,0.145,7,44.94,19.47,521.0,1.89
Karnataka,Gulbarga,17.1784,76.4672,7.55,0.87,11.28,43.08,30.08,39.86,27.06,24.05,54.06,632.3,0.728,0.152,7,44.82,19.47,411.0,0.71
Karnataka,Gulbarga,17.6302,76.6276,7.1,1.03,9.91,35.01,35.25,35.0,26.58,23.47,55.25,770.7,0.765,0.125,7,44.6,19.47,568.0,0.72
Karnataka,Gulbarga,17.4295,77.0336,6.88,1.34,12.65,39.57,30.68,30.39,26.58,23.47,55.25,770.7,0.765,0.125,7,44.6,19.29,421.0,0.27
Karnataka,Tumkur,13.3724,77.2029,6.25,1.52,17.67,28.52,51.43,14.81,24.02,21.74,66.33,800.0,0.529,0.257,5,40.42,20.19,930.0,10.76
Karnataka,Tumkur,13.594,76.6944,7.02,1.23,13.75,33.79,45.21,25.99,24.29,22.48,65.46,798.0,0.542,0.233,5,40.72,19.82,793.0,9.4
Karnataka,Tumkur,14.2059,77.0556,6.94,1.13,12.53,33.19,42.78,28.17,25.15,23.04,63.39,683.6,0.537,0.244,6,41.44,20.36,632.0,3.87
Karnataka,Tumkur,13.3966,76.9531,6.87,0.94,10.8,33.35,46.64,19.06,24.29,22.48,65.46,798.0,0.542,0.233,5,40.72,19.82,786.0,0.19
Karnataka,Tumkur,13.7302,77.3009,6.99,0.98,11.07,33.9,43.84,26.85,24.02,21.74,66.33,800.0,0.529,0.257,5,40.42,20.19,689.0,0.33
Karnataka,Tumkur,13.9172,77.4166,7.08,0.94,10.37,39.83,36.23,30.7,25.39,22.89,63.31,715.1,0.543,0.261,5,41.9,20.19,609.0,0.64
Karnataka,Tumkur,14.1381,77.3387,7.11,0.98,10.73,34.71,39.98,36.93,25.39,22.89,63.31,715.1,0.543,0.261,5,41.9,20.36,588.0,0.43
Karnataka,Tumkur,13.6243,77.0693,7.0,1.05,11.71,34.38,44.86,26.07,24.29,22.48,65.46,798.0,0.542,0.233,5,40.72,20.19,809.0,1.93
Karnataka,Tumkur,13.3417,76.809,6.93,0.98,10.95,31.94,50.02,21.29,24.29,22.48,65.46,798.0,0.542,0.233,5,40.72,19.82,819.0,0.64
Karnataka,Tumkur,13.8324,76.7889,7.14,1.18,12.29,40.58,33.84,36.13,25.15,23.04,63.39,683.6,0.537,0.244,6,41.44,19.82,613.0,0.68
Karnataka,Tumkur,13.2399,77.1815,6.37,1.14,10.35,28.1,54.6,13.89,24.11,22.5,67.12,880.9,0.546,0.222,5,40.63,20.19,883.0,1.06
Karnataka,Tumkur,13.3115,77.1624,6.4,1.15,11.32,27.75,53.5,14.56,24.29,22.48,65.46,798.0,0.542,0.233,5,40.72,20.19,838.0,1.57
Karnataka,Shimoga,13.954,75.5794,6.56,1.05,12.2,35.74,37.29,24.38,23.87,21.87,73.34,1866.3,0.802,0.112,6,41.12,18.72,576.0,0.82
Karnataka,Shimoga,13.6414,75.0503,5.75,3.23,58.77,28.02,44.58,30.45,25.38,24.34,77.32,3354.6,0.848,0.09,5,38.61,18.72,593.0,0.0
Karnataka,Shimoga,13.7021,75.1045,5.63,2.82,35.35,28.18,46.9,27.36,25.38,24.34,77.32,3354.6,0.848,0.09,5,38.61,18.72,593.0,4.55
Karnataka,Shimoga,14.0831,75.2615,6.18,1.48,14.92,32.87,39.93,33.67,24.33,22.54,79.02,2754.3,0.846,0.092,5,40.38,19.76,650.0,1.41
Karnataka,Shimoga,13.9996,75.2278,6.34,1.52,15.32,30.04,41.95,29.14,24.33,22.54,79.02,2754.3,0.846,0.092,5,40.38,18.72,630.0,0.92
Karnataka,Shimoga,13.9326,74.934,5.69,2.19,27.05,26.76,46.0,25.67,24.33,22.54,79.02,2754.3,0.846,0.092,5,40.38,19.02,608.0,4.89
Karnataka,Shimoga,13.6873,75.0692,5.72,3.3,38.31,29.18,44.38,25.03,25.38,24.34,77.32,3354.6,0.848,0.09,5,38.61,18.72,636.0,1.5
Karnataka,Shimoga,14.0584,75.1734,6.16,1.69,15.47,29.37,41.88,26.86,24.33,22.54,79.02,2754.3,0.846,0.092,5,40.38,19.76,627.0,1.33
Karnataka,Shimoga,13.9805,75.1446,6.21,1.72,17.94,28.4,40.66,28.06,24.33,22.54,79.02,2754.3,0.846,0.092,5,40.38,18.72,613.0,1.26
Karnataka,Shimoga,14.5282,75.2468,6.36,1.26,11.43,33.92,38.29,36.1,24.39,22.64,74.71,1885.8,0.821,0.105,6,41.54,19.76,613.0,1.03
Karnataka,Shimoga,14.1946,74.74,5.71,2.86,31.37,27.03,44.21,24.97,24.33,22.54,79.02,2754.3,0.846,0.092,5,40.38,19.17,606.0,7.89
Karnataka,Shimoga,14.4038,75.0507,5.8,1.7,19.02,30.1,42.4,27.6,24.39,22.64,74.71,1885.8,0.821,0.105,6,41.54,19.76,624.0,3.11
Karnataka,Udupi,13.068,74.9056,5.68,2.09,27.27,36.45,45.87,21.64,26.74,26.33,76.55,3614.3,0.835,0.095,5,38.08,19.02,82.0,2.15
Karnataka,Udupi,13.3013,74.9339,5.63,1.88,27.53,36.26,42.99,22.34,25.38,24.34,77.32,3354.6,0.848,0.09,5,38.61,19.02,63.0,0.99
Karnataka,Udupi,13.4619,75.002,5.8,1.71,20.24,35.59,43.81,19.04,25.38,24.34,77.32,3354.6,0.848,0.09,5,38.61,18.72,85.0,1.79
Karnataka,Udupi,13.4652,74.8415,5.87,2.0,35.7,36.58,40.08,23.01,25.38,24.34,77.32,3354.6,0.848,0.09,5,38.61,19.02,19.0,0.19
Karnataka,Udupi,13.3179,74.7778,5.97,2.03,28.62,34.77,42.87,20.15,25.38,24.34,77.32,3354.6,0.848,0.09,5,38.61,19.02,33.0,1.34
Karnataka,Udupi,13.2382,74.9293,5.74,1.97,28.55,36.83,40.94,22.42,26.74,26.33,76.55,3614.3,0.835,0.095,5,38.08,19.02,47.0,1.45
Karnataka,Udupi,13.8246,74.6354,6.1,1.98,32.39,33.73,40.13,23.17,26.96,26.14,78.24,3553.6,0.866,0.083,5,33.42,19.02,13.0,0.21
Karnataka,Udupi,13.4789,75.0864,5.63,2.79,28.68,30.25,45.16,19.68,25.38,24.34,77.32,3354.6,0.848,0.09,5,38.61,18.72,151.0,2.4
Karnataka,Udupi,13.6934,74.7186,6.06,1.97,34.0,34.07,42.51,23.11,25.38,24.34,77.32,3354.6,0.848,0.09,5,38.61,19.02,17.0,1.03
Karnataka,Udupi,13.7687,74.696,6.01,1.98,31.01,32.49,44.02,22.44,24.33,22.54,79.02,2754.3,0.846,0.092,5,40.38,19.02,47.0,1.96
Karnataka,Udupi,13.6168,74.72,5.97,2.04,30.02,35.32,37.28,22.9,25.38,24.34,77.32,3354.6,0.848,0.09,5,38.61,19.02,3.0,0.22
Karnataka,Udupi,13.0274,74.9362,5.77,2.0,26.85,39.47,44.3,22.31,26.74,26.33,76.55,3614.3,0.835,0.095,5,38.08,19.02,60.0,0.63
Karnataka,Uttara Kannada,14.5338,74.9333,5.99,1.52,16.27,30.03,42.96,31.9,24.39,22.64,74.71,1885.8,0.821,0.105,6,41.54,19.17,583.0,1.24
Karnataka,Uttara Kannada,14.6913,74.4565,5.65,2.26,22.82,30.45,40.35,21.1,26.42,25.2,77.43,2873.6,0.863,0.084,6,35.89,19.17,33.0,1.01
Karnataka,Uttara Kannada,14.9579,74.6446,5.72,2.16,25.21,30.2,41.87,26.47,25.32,23.72,77.14,2320.2,0.86,0.085,6,39.71,19.17,419.0,0.98
Karnataka,Uttara Kannada,15.2796,74.839,6.38,1.12,11.29,38.43,34.4,27.65,24.84,23.23,66.04,1064.2,0.762,0.127,6,42.17,18.63,528.0,0.97
Karnataka,Uttara Kannada,15.1416,74.2939,5.62,3.16,39.8,34.58,38.63,28.14,25.32,23.72,77.14,2320.2,0.86,0.085,6,39.71,18.63,735.0,5.78
Karnataka,Uttara Kannada,15.2676,74.684,5.93,1.52,15.04,35.08,37.96,32.46,25.17,24.13,70.94,1889.4,0.854,0.085,6,42.39,18.63,480.0,0.82
Karnataka,Uttara Kannada,15.2735,74.3326,5.73,3.18,28.02,29.88,41.85,26.79,25.17,24.13,70.94,1889.4,0.854,0.085,6,42.39,18.63,653.0,0.91
Karnataka,Uttara Kannada,14.8242,74.7953,5.81,2.33,20.47,27.23,43.36,27.43,24.93,23.44,69.68,1392.9,0.79,0.117,6,42.17,19.17,522.0,2.17
Karnataka,Uttara Kannada,14.3907,74.8984,6.22,1.44,16.67,28.48,43.13,29.92,24.39,22.64,74.71,1885.8,0.821,0.105,6,41.54,19.17,584.0,1.51
Karnataka,Uttara Kannada,15.2604,74.3961,5.68,2.32,25.33,30.98,41.08,28.01,25.17,24.13,70.94,1889.4,0.854,0.085,6,42.39,18.63,708.0,3.67
Karnataka,Uttara Kannada,14.3633,74.5642,5.64,3.55,42.89,31.56,42.11,24.16,26.42,25.2,77.43,2873.6,0.863,0.084,6,35.89,19.17,555.0,10.26
Karnataka,Uttara Kannada,14.4811,74.7672,5.65,1.91,22.08,30.33,43.02,24.95,24.39,22.64,74.71,1885.8,0.821,0.105,6,41.54,19.17,604.0,1.92
Karnataka,Bijapur,16.9081,76.4433,7.31,0.81,10.8,40.0,36.4,29.85,27.06,24.05,54.06,632.3,0.728,0.152,7,44.82,19.87,468.0,0.75
Karnataka,Bijapur,17.147,75.8791,7.45,0.87,11.36,39.17,34.89,35.92,26.53,23.57,54.77,553.7,0.716,0.17,7,44.1,19.66,505.0,0.22
Karnataka,Bijapur,17.147,76.213,7.55,0.85,11.79,44.39,29.5,38.72,27.06,24.05,54.06,632.3,0.728,0.152,7,44.82,19.47,424.0,0.67
Karnataka,Bijapur,17.3904,75.7591,7.27,0.84,11.66,42.74,32.66,27.34,26.87,23.69,53.44,598.1,0.737,0.164,7,44.8,19.66,432.0,0.16
Karnataka,Bijapur,16.7617,75.6395,7.09,0.93,14.52,34.26,37.17,37.62,26.53,23.57,54.77,553.7,0.716,0.17,7,44.1,19.65,625.0,0.58
Karnataka,Bijapur,16.8476,76.1222,7.23,0.88,9.65,36.47,38.4,29.91,27.06,24.05,54.06,632.3,0.728,0.152,7,44.82,19.87,505.0,0.79
Karnataka,Bijapur,16.2433,76.1294,7.53,0.85,12.17,37.4,38.69,32.19,26.47,23.92,57.11,576.1,0.65,0.178,6,43.8,19.87,523.0,0.75
Karnataka,Bijapur,17.0494,75.65,7.25,0.92,10.9,33.21,38.11,37.36,26.53,23.57,54.77,553.7,0.716,0.17,7,44.1,19.66,571.0,0.44
Karnataka,Bijapur,17.0239,76.2184,7.48,0.84,12.04,42.81,31.55,34.51,27.06,24.05,54.06,632.3,0.728,0.152,7,44.82,19.47,453.0,0.48
Karnataka,Bijapur,17.062,75.7814,7.19,1.0,11.87,37.05,33.7,38.78,26.53,23.57,54.77,553.7,0.716,0.17,7,44.1,19.66,574.0,1.38
Karnataka,Bijapur,16.4267,76.3072,7.49,0.93,12.51,33.47,39.1,35.14,26.66,23.84,55.64,584.1,0.692,0.164,7,44.19,19.87,508.0,1.0
Karnataka,Bijapur,16.4968,76.0197,7.41,0.88,9.79,32.02,40.71,34.02,26.66,23.84,55.64,584.1,0.692,0.164,7,44.19,19.87,584.0,0.53
Karnataka,Mysore,12.0864,76.6698,6.81,1.42,12.59,32.4,36.87,26.67,23.86,22.49,69.82,886.2,0.508,0.266,4,40.67,19.49,666.0,0.31
Karnataka,Mysore,12.1918,76.992,6.64,1.18,13.48,34.31,34.16,26.62,23.86,22.49,69.82,886.2,0.508,0.266,4,40.67,19.49,643.0,0.54
Karnataka,Mysore,11.8482,76.4071,5.98,1.45,13.67,35.81,43.1,22.94,23.31,22.41,76.05,1737.8,0.693,0.161,4,40.03,18.58,770.0,1.45
Karnataka,Mysore,12.2377,76.6865,6.64,1.14,11.88,34.6,39.12,26.88,23.86,22.49,69.82,886.2,0.508,0.266,4,40.67,19.49,712.0,0.78
Karnataka,Mysore,11.8546,76.3971,5.9,1.56,16.53,35.96,41.9,23.05,23.31,22.41,76.05,1737.8,0.693,0.161,4,40.03,18.58,807.0,4.52
Karnataka,Mysore,12.2055,76.7219,6.83,1.12,11.35,32.51,38.46,26.75,23.86,22.49,69.82,886.2,0.508,0.266,4,40.67,19.49,696.0,0.46
Karnataka,Mysore,12.3523,76.5114,7.03,1.3,15.19,36.24,36.88,28.86,23.2,22.02,73.35,1604.3,0.717,0.143,4,39.89,19.49,827.0,1.32
Karnataka,Mysore,12.5854,76.2659,7.0,1.41,13.67,34.39,41.81,27.19,23.2,22.02,73.35,1604.3,0.717,0.143,4,39.89,19.49,803.0,0.28
Karnataka,Mysore,12.1945,76.5114,6.83,1.18,12.4,31.48,40.39,25.45,23.31,22.41,76.05,1737.8,0.693,0.161,4,40.03,19.49,788.0,1.29
Karnataka,Mysore,12.1285,76.7346,6.79,1.25,12.06,34.82,35.55,28.6,23.86,22.49,69.82,886.2,0.508,0.266,4,40.67,19.49,652.0,0.45
Karnataka,Mysore,12.2443,76.5413,6.87,1.17,11.77,32.48,41.08,26.62,23.31,22.41,76.05,1737.8,0.693,0.161,4,40.03,19.49,770.0,0.87
Karnataka,Mysore,11.9503,76.5484,6.87,1.41,14.12,34.88,40.23,29.57,23.31,22.41,76.05,1737.8,0.693,0.161,4,40.03,18.58,742.0,0.43
Karnataka,Bagalkot,16.2506,75.7815,7.38,0.87,10.46,30.44,49.49,26.76,26.25,23.69,56.3,541.3,0.686,0.174,7,43.44,19.65,531.0,1.53
Karnataka,Bagalkot,16.3702,75.1501,7.04,1.06,11.24,35.35,45.76,21.93,25.86,23.78,58.45,612.5,0.737,0.15,7,43.3,19.65,562.0,0.57
Karnataka,Bagalkot,16.0053,75.5255,7.12,0.94,13.21,32.28,46.26,27.62,26.07,23.83,58.12,590.4,0.659,0.176,6,43.05,19.65,656.0,1.29
Karnataka,Bagalkot,16.4338,75.5165,7.19,0.91,12.79,33.75,43.71,23.3,26.25,23.69,56.3,541.3,0.686,0.174,7,43.44,19.65,523.0,0.46
Karnataka,Bagalkot,16.0251,75.6497,7.51,0.88,12.16,33.27,39.14,33.03,26.07,23.83,58.12,590.4,0.659,0.176,6,43.05,19.65,597.0,0.75
Karnataka,Bagalkot,16.0065,75.4883,7.14,0.93,12.14,31.8,47.63,28.78,26.07,23.83,58.12,590.4,0.659,0.176,6,43.05,19.65,662.0,0.62
Karnataka,Bagalkot,16.2528,75.3171,7.28,0.94,11.53,30.64,52.86,23.98,26.25,23.69,56.3,541.3,0.686,0.174,7,43.44,19.65,560.0,1.15
Karnataka,Bagalkot,16.3089,75.506,7.39,0.86,10.39,32.33,44.75,29.87,26.25,23.69,56.3,541.3,0.686,0.174,7,43.44,19.65,558.0,0.83
Karnataka,Bagalkot,16.2921,75.9669,7.43,0.88,14.31,35.05,41.21,25.6,26.66,23.84,55.64,584.1,0.692,0.164,7,44.19,19.65,495.0,0.68
Karnataka,Bagalkot,16.1216,75.4578,7.26,0.88,11.78,31.88,43.64,32.56,26.07,23.83,58.12,590.4,0.659,0.176,6,43.05,19.65,576.0,0.57
Karnataka,Bagalkot,16.1838,75.7865,7.47,1.19,14.29,38.88,34.23,39.28,26.07,23.83,58.12,590.4,0.659,0.176,6,43.05,19.65,550.0,0.75
Karnataka,Bagalkot,15.8892,75.7967,7.02,0.99,10.84,28.81,50.26,21.44,26.07,23.83,58.12,590.4,0.659,0.176,6,43.05,19.53,587.0,1.16
Karnataka,Bidar,18.0034,77.4212,7.21,1.14,10.17,37.06,32.5,36.1,26.18,22.78,56.29,858.8,0.792,0.109,7,44.55,19.23,562.0,1.68
Karnataka,Bidar,17.8164,77.0717,7.0,1.07,9.63,37.01,35.65,32.18,26.06,22.76,55.28,788.5,0.779,0.121,7,44.16,19.29,660.0,0.07
Karnataka,Bidar,17.6988,76.8736,6.91,1.12,12.01,32.61,39.01,32.49,26.58,23.47,55.25,770.7,0.765,0.125,7,44.6,19.47,603.0,2.38
Karnataka,Bidar,17.9151,77.201,7.07,1.08,8.68,39.0,31.92,30.65,26.18,22.78,56.29,858.8,0.792,0.109,7,44.55,19.29,598.0,0.56
Karnataka,Bidar,18.1606,77.4888,7.09,1.05,10.24,35.48,34.8,34.56,26.18,22.78,56.29,858.8,0.792,0.109,7,44.55,19.23,579.0,0.74
Karnataka,Bidar,18.324,77.2285,7.18,1.21,10.72,37.05,34.22,33.7,26.82,23.23,54.51,858.4,0.813,0.1,7,45.57,19.23,610.0,1.56
Karnataka,Bidar,18.2684,77.3111,7.22,1.16,10.25,36.25,34.3,34.44,26.82,23.23,54.51,858.4,0.813,0.1,7,45.57,19.23,611.0,0.31
Karnataka,Bidar,17.8138,77.2521,7.24,1.0,9.15,40.28,32.37,29.97,26.18,22.78,56.29,858.8,0.792,0.109,7,44.55,19.29,594.0,0.48
Karnataka,Bidar,17.9289,77.5075,7.01,1.21,11.95,35.95,40.17,27.07,26.18,22.78,56.29,858.8,0.792,0.109,7,44.55,19.29,641.0,3.54
Karnataka,Bidar,18.1436,76.9326,7.02,1.09,9.03,39.34,30.47,33.93,26.06,22.76,55.28,788.5,0.779,0.121,7,44.16,19.3,562.0,0.42
Karnataka,Bidar,18.1123,77.3153,7.38,1.03,8.74,38.37,30.34,34.44,26.18,22.78,56.29,858.8,0.792,0.109,7,44.55,19.23,548.0,0.98
Karnataka,Bidar,18.1586,77.3613,7.44,1.1,9.82,37.83,31.2,37.92,26.18,22.78,56.29,858.8,0.792,0.109,7,44.55,19.23,547.0,0.52
Karnataka,Chamrajnagar,11.8857,76.5793,6.4,1.42,13.75,35.51,38.66,28.74,23.86,22.49,69.82,886.2,0.508,0.266,4,40.67,18.58,910.0,0.64
Karnataka,Chamrajnagar,11.9589,77.3133,6.83,1.28,13.51,32.18,40.42,28.47,24.88,22.67,67.69,795.9,0.445,0.33,4,42.08,19.74,805.0,3.27
Karnataka,Chamrajnagar,11.9825,77.129,6.07,2.54,23.7,34.45,38.47,23.63,23.86,22.49,69.82,886.2,0.508,0.266,4,40.67,19.74,1009.0,12.43
Karnataka,Chamrajnagar,11.9791,77.5112,6.18,2.59,26.08,31.96,37.98,25.55,24.88,22.67,67.69,795.9,0.445,0.33,4,42.08,19.74,936.0,13.29
Karnataka,Chamrajnagar,11.7693,76.7774,6.94,1.27,12.26,32.02,40.86,28.19,23.86,22.49,69.82,886.2,0.508,0.266,4,40.67,18.58,921.0,2.65
Karnataka,Chamrajnagar,12.0598,77.4887,6.61,1.44,16.76,32.68,38.12,31.64,24.88,22.67,67.69,795.9,0.445,0.33,4,42.08,19.73,501.0,1.21
Karnataka,Chamrajnagar,11.9515,77.0706,6.89,1.4,12.07,32.1,40.94,28.75,23.86,22.49,69.82,886.2,0.508,0.266,4,40.67,19.74,815.0,0.96
Karnataka,Chamrajnagar,11.6754,76.8189,6.47,1.83,20.05,32.23,39.22,28.39,23.5,21.97,72.73,947.1,0.493,0.299,4,40.27,18.58,1065.0,9.09
Karnataka,Chamrajnagar,11.7262,76.6069,6.22,1.44,16.49,34.46,38.16,24.46,23.5,21.97,72.73,947.1,0.493,0.299,4,40.27,18.58,933.0,0.41
Karnataka,Chamrajnagar,12.2013,77.4423,6.81,1.26,17.81,32.5,38.39,30.89,24.88,22.67,67.69,795.9,0.445,0.33,4,42.08,19.73,546.0,2.43
Karnataka,Chamrajnagar,11.8248,76.7632,6.99,1.22,13.98,32.33,41.36,30.54,23.86,22.49,69.82,886.2,0.508,0.266,4,40.67,18.58,807.0,0.1
Karnataka,Chamrajnagar,11.9399,76.9446,6.92,1.32,13.55,30.33,40.25,29.32,23.86,22.49,69.82,886.2,0.508,0.266,4,40.67,18.58,698.0,0.07
Karnataka,Hassan,13.1854,76.0018,6.8,1.14,11.69,31.39,43.66,27.15,23.02,21.46,71.84,1417.6,0.715,0.144,4,39.67,19.82,916.0,1.84
Karnataka,Hassan,12.9146,76.1755,7.0,1.19,12.37,36.27,38.25,30.68,23.02,21.46,71.84,1417.6,0.715,0.144,4,39.67,19.49,885.0,0.83
Karnataka,Hassan,13.0982,76.1143,7.08,1.13,11.84,32.97,39.27,30.94,23.02,21.46,71.84,1417.6,0.715,0.144,4,39.67,19.82,1000.0,0.45
Karnataka,Hassan,12.6449,76.2421,7.12,1.18,12.26,32.21,41.92,27.13,23.2,22.02,73.35,1604.3,0.717,0.143,4,39.89,19.49,878.0,1.59
Karnataka,Hassan,12.9068,75.8241,5.78,1.83,18.83,31.56,41.1,27.5,23.41,22.06,78.12,2852.8,0.82,0.099,5,39.7,18.14,913.0,2.14
Karnataka,Hassan,13.1134,76.0497,6.47,1.63,18.26,31.04,39.75,27.67,23.02,21.46,71.84,1417.6,0.715,0.144,4,39.67,19.82,1147.0,5.76
Karnataka,Hassan,12.8459,76.5208,7.14,1.07,12.01,31.89,42.57,23.92,23.02,21.46,71.84,1417.6,0.715,0.144,4,39.67,19.49,889.0,0.52
Karnataka,Hassan,12.9793,76.0414,6.64,1.25,12.58,34.84,37.34,25.49,23.02,21.46,71.84,1417.6,0.715,0.144,4,39.67,19.49,921.0,0.88
Karnataka,Hassan,13.2931,76.1517,6.91,1.33,13.23,32.83,41.94,28.16,23.65,21.88,68.79,1137.3,0.684,0.164,6,40.36,19.82,848.0,0.57
Karnataka,Hassan,12.8025,76.3237,7.0,1.25,13.88,35.59,38.43,24.0,23.02,21.46,71.84,1417.6,0.715,0.144,4,39.67,19.49,822.0,0.67
Karnataka,Hassan,13.0064,76.445,7.02,1.37,11.77,31.37,42.31,21.27,23.02,21.46,71.84,1417.6,0.715,0.144,4,39.67,19.82,912.0,1.07
Karnataka,Hassan,12.9927,75.7457,5.8,1.76,18.75,31.76,41.99,29.12,23.41,22.06,78.12,2852.8,0.82,0.099,5,39.7,18.14,898.0,0.16
Karnataka,Kodagu,12.1915,75.6031,5.46,3.88,44.97,36.74,43.32,27.31,24.98,24.62,79.48,2889.5,0.752,0.133,4,37.81,18.14,705.0,9.96
Karnataka,Kodagu,12.3571,75.9329,5.61,2.4,22.61,29.27,39.24,22.99,23.82,23.05,79.01,2994.4,0.793,0.112,4,38.9,18.14,931.0,4.83
Karnataka,Kodagu,12.3301,75.5488,5.46,4.85,46.85,33.81,37.44,28.55,23.82,23.05,79.01,2994.4,0.793,0.112,4,38.9,18.14,1203.0,3.81
Karnataka,Kodagu,12.1534,76.096,5.82,2.11,19.76,30.74,40.32,20.71,23.31,22.41,76.05,1737.8,0.693,0.161,4,40.03,19.49,830.0,0.54
Karnataka,Kodagu,12.4348,75.7848,5.6,2.77,30.92,29.75,38.14,25.6,23.82,23.05,79.01,2994.4,0.793,0.112,4,38.9,18.14,1074.0,6.14
Karnataka,Kodagu,12.1954,76.0467,5.93,2.06,18.19,33.62,39.21,22.5,23.31,22.41,76.05,1737.8,0.693,0.161,4,40.03,19.49,863.0,2.69
Karnataka,Kodagu,12.2824,75.7578,5.59,2.49,20.83,32.17,40.31,21.72,23.82,23.05,79.01,2994.4,0.793,0.112,4,38.9,18.14,865.0,2.01
Karnataka,Kodagu,12.4788,75.6097,5.48,3.25,35.51,35.73,46.27,15.95,23.82,23.05,79.01,2994.4,0.793,0.112,4,38.9,18.14,326.0,12.33
Karnataka,Kodagu,12.1929,75.8984,5.67,2.11,21.61,32.83,41.14,25.22,24.98,24.62,79.48,2889.5,0.752,0.133,4,37.81,18.14,897.0,1.91
Karnataka,Kodagu,12.6298,75.9077,5.79,2.48,29.71,30.11,36.69,27.85,23.82,23.05,79.01,2994.4,0.793,0.112,4,38.9,18.14,971.0,7.66
Karnataka,Kodagu,12.2361,75.7917,5.65,2.29,18.46,34.46,40.58,22.98,24.98,24.62,79.48,2889.5,0.752,0.133,4,37.81,18.14,875.0,2.29
Karnataka,Kodagu,12.0011,75.8503,5.48,2.89,37.94,33.71,39.7,25.74,24.98,24.62,79.48,2889.5,0.752,0.133,4,37.81,18.14,845.0,0.63
Karnataka,Haveri,14.5569,75.3178,6.66,1.02,10.13,36.62,38.38,29.54,24.92,23.46,67.99,1365.1,0.768,0.129,6,42.2,19.76,596.0,0.81
Karnataka,Haveri,14.4408,75.375,6.69,1.01,10.14,36.97,33.57,33.01,24.92,23.46,67.99,1365.1,0.768,0.129,6,42.2,19.76,610.0,0.41
Karnataka,Haveri,14.8811,75.6265,7.66,1.05,15.89,40.56,28.83,42.16,25.49,23.83,63.97,800.7,0.658,0.177,6,42.13,19.76,555.0,0.38
Karnataka,Haveri,14.5471,75.3261,6.64,1.02,9.96,34.92,37.74,30.01,24.92,23.46,67.99,1365.1,0.768,0.129,6,42.2,19.76,603.0,1.04
Karnataka,Haveri,14.8534,75.5739,7.92,0.99,12.38,42.5,28.42,46.45,25.49,23.83,63.97,800.7,0.658,0.177,6,42.13,19.76,553.0,0.54
Karnataka,Haveri,14.7333,75.3249,6.96,1.0,10.45,40.1,30.68,36.07,24.92,23.46,67.99,1365.1,0.768,0.129,6,42.2,19.76,573.0,0.7
Karnataka,Haveri,14.8297,75.3835,7.42,1.09,11.37,43.37,29.0,39.97,25.49,23.83,63.97,800.7,0.658,0.177,6,42.13,19.76,563.0,1.02
Karnataka,Haveri,14.5463,75.6031,7.68,1.04,11.69,41.82,28.31,41.5,24.92,23.46,67.99,1365.1,0.768,0.129,6,42.2,19.76,576.0,0.7
Karnataka,Haveri,14.8754,75.1092,6.4,1.07,10.09,35.98,36.83,29.8,24.93,23.44,69.68,1392.9,0.79,0.117,6,42.17,19.76,591.0,0.47
Karnataka,Haveri,14.6871,75.4907,7.37,1.12,11.01,44.07,27.74,40.07,24.92,23.46,67.99,1365.1,0.768,0.129,6,42.2,19.76,611.0,0.87
Karnataka,Haveri,14.6523,75.5624,7.74,0.96,10.4,42.48,28.67,44.94,24.92,23.46,67.99,1365.1,0.768,0.129,6,42.2,19.76,600.0,1.01
Karnataka,Haveri,14.6521,75.3526,6.77,1.06,10.27,37.33,38.22,33.0,24.92,23.46,67.99,1365.1,0.768,0.129,6,42.2,19.76,594.0,0.11
Karnataka,Koppal,15.9313,76.0224,7.35,0.86,10.25,30.0,48.46,27.45,26.47,23.92,57.11,576.1,0.65,0.178,6,43.8,19.94,578.0,0.44
Karnataka,Koppal,15.3767,76.252,7.04,0.88,18.03,33.01,44.26,27.9,26.15,23.81,59.49,600.0,0.614,0.194,6,42.97,19.94,505.0,0.53
Karnataka,Koppal,15.2677,75.9515,7.43,0.94,12.7,33.83,36.38,31.49,26.15,23.81,59.49,600.0,0.614,0.194,6,42.97,19.53,536.0,0.75
Karnataka,Koppal,15.466,75.8441,7.49,0.85,10.99,29.6,40.84,30.29,25.6,23.63,61.26,680.1,0.647,0.178,6,42.37,19.53,607.0,0.38
Karnataka,Koppal,15.2566,76.2649,6.92,1.38,17.23,36.17,43.03,16.57,26.15,23.81,59.49,600.0,0.614,0.194,6,42.97,19.94,492.0,0.0
Karnataka,Koppal,15.3886,76.461,6.76,1.17,20.78,28.48,51.58,20.13,26.15,23.81,59.49,600.0,0.614,0.194,6,42.97,19.94,560.0,3.89
Karnataka,Koppal,15.987,76.0553,7.41,1.08,16.55,31.76,38.82,38.3,26.47,23.92,57.11,576.1,0.65,0.178,6,43.8,19.94,584.0,0.75
Karnataka,Koppal,15.6493,76.3413,6.92,0.9,16.91,29.07,50.96,24.95,26.15,23.81,59.49,600.0,0.614,0.194,6,42.97,19.94,561.0,0.43
Karnataka,Koppal,15.8308,76.1927,7.32,0.95,11.11,33.73,42.87,30.6,26.47,23.92,57.11,576.1,0.65,0.178,6,43.8,19.94,613.0,0.7
Karnataka,Koppal,15.5078,76.4079,6.95,0.9,9.96,28.29,50.01,23.8,26.15,23.81,59.49,600.0,0.614,0.194,6,42.97,19.94,497.0,1.63
Karnataka,Koppal,15.4289,76.5155,6.83,1.25,17.65,30.19,49.25,19.75,26.15,23.81,59.49,600.0,0.614,0.194,6,42.97,19.94,418.0,5.66
Karnataka,Koppal,15.4963,76.3747,6.6,1.11,13.49,26.56,52.67,19.84,26.15,23.81,59.49,600.0,0.614,0.194,6,42.97,19.94,618.0,3.56
Karnataka,Bangalore Rural,12.9715,77.8099,6.48,0.95,9.42,30.04,51.06,17.87,23.74,21.61,67.94,842.5,0.522,0.251,4,40.38,19.73,878.0,0.46
Karnataka,Bangalore Rural,13.2289,77.5668,6.46,1.15,12.98,26.51,52.9,12.54,23.74,21.61,67.94,842.5,0.522,0.251,4,40.38,20.19,883.0,0.33
Karnataka,Bangalore Rural,13.2838,77.5635,6.43,1.19,9.71,27.23,52.23,12.94,24.02,21.74,66.33,800.0,0.529,0.257,5,40.42,20.19,906.0,1.35
Karnataka,Bangalore Rural,13.4552,77.4644,6.31,1.07,10.12,28.26,58.47,11.88,24.02,21.74,66.33,800.0,0.529,0.257,5,40.42,20.19,744.0,0.37
Karnataka,Bangalore Rural,13.0924,77.8494,6.67,0.84,9.04,27.17,57.46,13.18,23.83,21.25,69.24,876.1,0.497,0.296,4,40.91,20.19,909.0,0.4
Karnataka,Bangalore Rural,13.2898,77.6165,6.38,1.22,9.55,27.23,54.18,12.26,24.02,21.74,66.33,800.0,0.529,0.257,5,40.42,20.19,914.0,0.26
Karnataka,Bangalore Rural,13.0737,77.4153,6.42,1.05,9.34,26.65,57.71,12.54,23.74,21.61,67.94,842.5,0.522,0.251,4,40.38,20.19,888.0,1.03
Karnataka,Bangalore Rural,13.381,77.4628,6.11,1.01,11.41,26.98,59.7,8.8,24.02,21.74,66.33,800.0,0.529,0.257,5,40.42,20.19,880.0,1.06
Karnataka,Bangalore Rural,13.1366,77.3756,6.28,1.25,10.72,30.55,54.96,13.47,23.74,21.61,67.94,842.5,0.522,0.251,4,40.38,20.19,887.0,0.68
Karnataka,Bangalore Rural,13.3335,77.5411,6.31,1.23,10.06,26.7,56.43,10.88,24.02,21.74,66.33,800.0,0.529,0.257,5,40.42,20.19,902.0,0.82
Karnataka,Bangalore Rural,13.3037,77.4509,6.31,1.13,10.13,28.68,55.61,11.91,24.02,21.74,66.33,800.0,0.529,0.257,5,40.42,20.19,921.0,1.0
Karnataka,Bangalore Rural,13.2034,77.4759,6.55,1.07,9.62,30.79,48.3,18.13,23.74,21.61,67.94,842.5,0.522,0.251,4,40.38,20.19,893.0,1.29
Karnataka,Bangalore,13.1433,77.4967,6.52,0.93,12.33,27.87,55.08,11.96,23.74,21.61,67.94,842.5,0.522,0.251,4,40.38,20.19,868.0,0.69
Karnataka,Bangalore,12.822,77.8024,6.82,1.16,10.31,32.93,46.13,21.18,23.74,21.61,67.94,842.5,0.522,0.251,4,40.38,19.73,887.0,0.4
Karnataka,Bangalore,12.9688,77.3664,6.42,1.0,10.3,27.53,53.81,13.77,23.74,21.61,67.94,842.5,0.522,0.251,4,40.38,19.73,811.0,2.01
Karnataka,Bangalore,12.9658,77.5158,6.4,1.09,11.5,26.13,57.67,17.72,23.74,21.61,67.94,842.5,0.522,0.251,4,40.38,19.73,859.0,0.9
Karnataka,Bangalore,12.7654,77.6679,6.44,1.12,11.54,32.36,47.08,20.01,23.74,21.61,67.94,842.5,0.522,0.251,4,40.38,19.73,914.0,0.53
Karnataka,Bangalore,13.1139,77.5616,6.43,1.43,12.25,25.36,57.77,13.53,23.74,21.61,67.94,842.5,0.522,0.251,4,40.38,20.19,904.0,0.68
Karnataka,Bangalore,13.1418,77.4502,6.37,1.39,10.78,28.0,56.5,9.97,23.74,21.61,67.94,842.5,0.522,0.251,4,40.38,20.19,903.0,1.78
Karnataka,Bangalore,13.122,77.5889,6.5,1.04,10.33,25.0,57.24,13.64,23.74,21.61,67.94,842.5,0.522,0.251,4,40.38,20.19,899.0,0.47
Karnataka,Bangalore,12.7052,77.6724,6.31,1.26,11.68,34.17,47.65,18.92,24.45,22.34,68.11,833.3,0.495,0.275,4,41.69,19.73,922.0,1.08
Karnataka,Bangalore,13.1275,77.5441,6.39,1.16,10.16,27.2,57.22,12.88,23.74,21.61,67.94,842.5,0.522,0.251,4,40.38,20.19,902.0,1.66
Karnataka,Bangalore,13.0416,77.7448,6.6,1.08,9.69,28.97,53.83,18.41,23.74,21.61,67.94,842.5,0.522,0.251,4,40.38,20.19,884.0,0.7
Karnataka,Bangalore,13.1739,77.6113,6.41,1.18,10.32,26.25,56.56,14.07,23.74,21.61,67.94,842.5,0.522,0.251,4,40.38,20.19,923.0,0.21
Karnataka,Belgaum,16.4267,74.3776,6.9,1.05,10.48,38.0,36.39,29.75,24.83,23.15,65.19,1213.8,0.852,0.09,7,43.07,19.17,568.0,0.97
Karnataka,Belgaum,16.5889,75.0229,7.35,1.04,11.87,38.04,39.67,27.65,25.86,23.78,58.45,612.5,0.737,0.15,7,43.3,19.65,530.0,0.15
Karnataka,Belgaum,16.3273,74.6493,6.95,0.99,12.23,37.24,37.45,39.75,24.83,23.15,65.19,1213.8,0.852,0.09,7,43.07,19.17,680.0,0.95
Karnataka,Belgaum,16.3828,74.7708,7.11,0.96,11.72,35.85,40.71,37.36,25.86,23.78,58.45,612.5,0.737,0.15,7,43.3,19.17,670.0,1.24
Karnataka,Belgaum,16.303,74.8186,6.9,1.07,12.64,36.27,43.69,29.5,25.86,23.78,58.45,612.5,0.737,0.15,7,43.3,19.17,605.0,0.49
Karnataka,Belgaum,16.0485,75.3525,7.08,0.93,12.77,32.15,41.29,33.68,26.07,23.83,58.12,590.4,0.659,0.176,6,43.05,19.65,664.0,1.11
Karnataka,Belgaum,16.5313,74.3438,6.81,1.09,11.42,35.78,41.79,26.05,24.83,23.15,65.19,1213.8,0.852,0.09,7,43.07,19.17,549.0,0.94
Karnataka,Belgaum,15.841,75.2182,7.24,0.96,10.65,34.01,43.06,33.93,25.2,23.39,62.04,795.3,0.74,0.139,6,42.53,19.53,622.0,0.56
Karnataka,Belgaum,15.8904,74.4187,6.26,1.32,13.96,33.09,37.8,36.19,24.3,22.92,68.66,1552.4,0.848,0.089,6,42.34,18.63,745.0,0.44
Karnataka,Belgaum,15.7771,74.7725,6.93,1.0,12.09,39.84,32.39,41.01,25.2,23.39,62.04,795.3,0.74,0.139,6,42.53,18.63,658.0,0.72
Karnataka,Belgaum,16.7421,75.2013,7.49,0.89,9.91,37.17,39.3,39.62,25.86,23.78,58.45,612.5,0.737,0.15,7,43.3,19.65,559.0,0.41
Karnataka,Belgaum,16.0311,74.7387,6.69,1.1,11.89,32.87,39.66,35.92,25.2,23.39,62.04,795.3,0.74,0.139,6,42.53,19.17,710.0,0.63
Karnataka,Bellary,15.4703,76.9507,7.19,0.96,16.47,41.41,34.5,25.2,27.12,24.58,57.77,597.5,0.632,0.187,6,44.35,19.94,378.0,0.53
Karnataka,Bellary,15.2878,76.8178,6.93,1.05,11.77,33.86,41.38,21.82,27.12,24.58,57.77,597.5,0.632,0.187,6,44.35,19.94,439.0,0.19
Karnataka,Bellary,15.0109,76.4484,7.18,1.09,10.93,37.01,36.49,42.6,25.65,23.58,62.51,634.8,0.583,0.214,6,41.41,19.94,641.0,0.6
Karnataka,Bellary,15.3667,76.7379,6.97,0.97,10.43,37.8,42.02,20.1,27.12,24.58,57.77,597.5,0.632,0.187,6,44.35,19.94,418.0,0.38
Karnataka,Bellary,15.1939,76.3861,7.16,1.04,10.93,31.32,40.07,28.11,25.65,23.58,62.51,634.8,0.583,0.214,6,41.41,19.94,517.0,1.42
Karnataka,Bellary,15.2181,76.3746,6.87,1.02,12.02,30.59,46.66,20.31,25.65,23.58,62.51,634.8,0.583,0.214,6,41.41,19.94,522.0,3.33
Karnataka,Bellary,14.99,75.9959,7.92,0.98,12.08,30.67,30.46,42.41,25.65,23.58,62.51,634.8,0.583,0.214,6,41.41,19.76,582.0,0.97
Karnataka,Bellary,14.9782,76.4873,7.39,1.26,11.33,37.98,39.21,42.6,25.65,23.58,62.51,634.8,0.583,0.214,6,41.41,20.22,646.0,0.32
Karnataka,Bellary,15.117,76.879,7.02,0.94,10.15,31.17,44.1,25.42,26.5,24.05,59.76,589.7,0.585,0.215,6,43.11,19.94,471.0,0.29
Karnataka,Bellary,14.6897,76.2849,7.15,1.1,11.87,37.41,33.23,41.65,25.16,23.39,64.13,702.4,0.583,0.22,6,41.6,20.22,621.0,0.19
Karnataka,Bellary,14.6466,76.517,7.18,1.24,15.63,36.25,39.68,41.56,25.16,23.39,64.13,702.4,0.583,0.22,6,41.6,20.22,622.0,0.91
Karnataka,Bellary,15.1013,76.894,7.16,1.04,9.3,32.15,43.69,32.46,26.5,24.05,59.76,589.7,0.585,0.215,6,43.11,19.94,474.0,0.64
Karnataka,Chikkaballapura,13.5777,77.9443,6.72,1.14,18.64,30.92,49.27,17.35,23.98,21.24,67.6,814.7,0.506,0.299,5,40.44,20.19,862.0,0.38
Karnataka,Chikkaballapura,13.5869,77.7807,6.72,1.1,19.95,30.64,51.26,15.87,24.02,21.74,66.33,800.0,0.529,0.257,5,40.42,20.19,854.0,0.6
Karnataka,Chikkaballapura,13.6986,77.6414,6.5,1.49,17.19,30.38,55.7,18.72,24.02,21.74,66.33,800.0,0.529,0.257,5,40.42,20.19,704.0,1.17
Karnataka,Chikkaballapura,13.6143,77.9496,6.67,1.16,16.92,31.19,50.26,16.8,23.98,21.24,67.6,814.7,0.506,0.299,5,40.44,20.19,782.0,3.56
Karnataka,Chikkaballapura,13.6824,77.6956,6.6,1.34,21.36,29.84,54.16,17.17,24.02,21.74,66.33,800.0,0.529,0.257,5,40.42,20.19,823.0,2.88
Karnataka,Chikkaballapura,13.5055,78.125,6.91,0.85,10.07,31.92,49.13,19.48,23.98,21.24,67.6,814.7,0.506,0.299,5,40.44,19.83,794.0,0.94
Karnataka,Chikkaballapura,13.5031,77.4159,6.64,0.92,9.09,26.51,58.51,11.73,24.02,21.74,66.33,800.0,0.529,0.257,5,40.42,20.19,743.0,0.64
Karnataka,Chikkaballapura,13.8298,77.8264,6.88,0.97,19.33,34.46,45.34,21.19,25.33,22.27,64.54,733.4,0.513,0.311,5,41.84,20.19,716.0,0.6
Karnataka,Chikkaballapura,13.6911,77.6736,6.56,1.33,20.35,29.77,53.85,16.55,24.02,21.74,66.33,800.0,0.529,0.257,5,40.42,20.19,732.0,6.9
Karnataka,Chikkaballapura,13.434,77.6985,6.27,1.34,20.4,26.02,57.11,14.78,24.02,21.74,66.33,800.0,0.529,0.257,5,40.42,20.19,934.0,1.96
Karnataka,Chikkaballapura,13.6914,77.9152,6.57,1.28,23.45,30.78,51.4,16.54,23.98,21.24,67.6,814.7,0.506,0.299,5,40.44,20.19,893.0,3.93
Karnataka,Chikkaballapura,13.7216,77.7755,6.71,1.03,20.62,35.19,41.53,23.75,24.02,21.74,66.33,800.0,0.529,0.257,5,40.42,20.19,742.0,0.87
Karnataka,Chitradurga,14.3249,76.6295,7.09,1.01,28.08,35.82,38.7,37.72,25.83,23.51,61.8,605.5,0.545,0.239,6,42.12,20.22,591.0,0.6
Karnataka,Chitradurga,14.2969,76.9422,6.82,1.01,17.51,32.47,45.17,28.35,25.83,23.51,61.8,605.5,0.545,0.239,6,42.12,20.22,570.0,0.84
Karnataka,Chitradurga,14.2038,76.786,7.11,1.12,18.1,37.28,36.02,38.54,25.15,23.04,63.39,683.6,0.537,0.244,6,41.44,20.22,548.0,0.61
Karnataka,Chitradurga,14.3092,76.8946,7.14,1.01,20.5,36.89,36.31,38.68,25.83,23.51,61.8,605.5,0.545,0.239,6,42.12,20.22,547.0,0.26
Karnataka,Chitradurga,14.043,76.46,7.1,1.13,11.68,32.2,45.97,34.13,24.57,22.79,66.3,865.0,0.629,0.196,6,41.15,20.22,741.0,1.12
Karnataka,Chitradurga,14.0943,76.369,7.08,1.36,14.25,34.19,39.76,30.89,24.57,22.79,66.3,865.0,0.629,0.196,6,41.15,20.22,982.0,3.98
Karnataka,Chitradurga,14.5859,76.7573,7.1,0.96,15.35,35.37,40.03,33.32,25.83,23.51,61.8,605.5,0.545,0.239,6,42.12,20.22,542.0,0.58
Karnataka,Chitradurga,14.1559,76.0681,7.01,1.12,13.28,41.09,34.88,36.09,24.57,22.79,66.3,865.0,0.629,0.196,6,41.15,20.22,653.0,0.6
Karnataka,Chitradurga,13.8658,76.4963,6.88,1.27,16.37,31.97,45.93,24.94,24.57,22.79,66.3,865.0,0.629,0.196,6,41.15,19.82,707.0,7.62
Karnataka,Chitradurga,14.2325,76.0999,7.07,1.1,11.12,38.32,36.43,38.66,24.57,22.79,66.3,865.0,0.629,0.196,6,41.15,20.22,643.0,0.5
Karnataka,Chitradurga,14.3252,76.5716,7.09,0.93,11.67,33.95,45.95,33.55,25.83,23.51,61.8,605.5,0.545,0.239,6,42.12,20.22,616.0,0.8
Karnataka,Chitradurga,14.2426,76.5805,7.14,1.0,12.58,34.34,36.6,40.94,25.15,23.04,63.39,683.6,0.537,0.244,6,41.44,20.22,624.0,1.03
Karnataka,Dharwad,15.4805,74.7888,6.32,1.15,12.0,38.0,33.94,27.43,24.84,23.23,66.04,1064.2,0.762,0.127,6,42.17,18.63,637.0,2.04
Karnataka,Dharwad,15.4787,75.172,7.32,1.11,18.84,36.32,30.12,41.49,24.84,23.23,66.04,1064.2,0.762,0.127,6,42.17,19.53,641.0,0.65
Karnataka,Dharwad,15.3105,74.9946,6.64,0.94,10.26,34.66,38.49,27.24,24.84,23.23,66.04,1064.2,0.762,0.127,6,42.17,18.63,580.0,1.02
Karnataka,Dharwad,15.6413,75.3934,7.83,1.1,11.8,48.48,26.72,46.16,25.6,23.63,61.26,680.1,0.647,0.178,6,42.37,19.53,563.0,0.19
Karnataka,Dharwad,15.3193,74.9019,6.33,1.23,12.44,36.29,35.26,25.21,24.84,23.23,66.04,1064.2,0.762,0.127,6,42.17,18.63,611.0,0.97
Karnataka,Dharwad,15.5162,74.9974,6.94,0.95,10.79,36.17,35.95,34.17,24.84,23.23,66.04,1064.2,0.762,0.127,6,42.17,18.63,677.0,0.98
Karnataka,Dharwad,15.2803,75.2505,7.67,1.11,13.44,44.6,26.64,42.16,24.84,23.23,66.04,1064.2,0.762,0.127,6,42.17,19.53,635.0,0.38
Karnataka,Dharwad,15.3671,74.8721,6.39,1.21,11.4,36.19,38.36,25.24,24.84,23.23,66.04,1064.2,0.762,0.127,6,42.17,18.63,594.0,0.71
Karnataka,Dharwad,15.6412,75.3953,7.84,1.09,11.55,48.47,26.55,45.67,25.6,23.63,61.26,680.1,0.647,0.178,6,42.37,19.53,560.0,0.16
Karnataka,Dharwad,15.473,74.7375,6.29,1.11,11.73,36.7,39.69,33.83,24.84,23.23,66.04,1064.2,0.762,0.127,6,42.17,18.63,592.0,0.26
Karnataka,Dharwad,15.249,75.2625,7.77,1.07,12.87,38.36,29.5,40.79,24.93,23.44,69.68,1392.9,0.79,0.117,6,42.17,19.53,613.0,0.57
Karnataka,Dharwad,15.4609,75.1876,7.56,1.05,16.92,38.82,29.57,42.02,24.84,23.23,66.04,1064.2,0.762,0.127,6,42.17,19.53,624.0,0.63
Karnataka,Kolar,13.3215,78.3641,6.96,0.95,11.21,36.38,41.5,24.23,23.98,21.24,67.6,814.7,0.506,0.299,5,40.44,19.83,849.0,0.75
Karnataka,Kolar,12.9818,78.2563,6.78,1.01,11.49,32.64,41.51,25.53,23.83,21.25,69.24,876.1,0.497,0.296,4,40.91,19.58,846.0,1.74
Karnataka,Kolar,12.9592,78.1724,6.77,1.0,12.0,33.67,41.31,26.0,23.83,21.25,69.24,876.1,0.497,0.296,4,40.91,19.58,803.0,0.49
Karnataka,Kolar,12.8081,78.1965,6.77,1.25,14.07,34.32,40.89,29.35,23.83,21.25,69.24,876.1,0.497,0.296,4,40.91,19.58,735.0,2.86
Karnataka,Kolar,13.081,78.1923,6.78,0.9,10.37,29.96,49.39,19.77,23.83,21.25,69.24,876.1,0.497,0.296,4,40.91,19.83,838.0,0.56
Karnataka,Kolar,13.0218,77.936,6.69,0.89,11.39,28.95,50.75,21.55,23.83,21.25,69.24,876.1,0.497,0.296,4,40.91,20.19,898.0,0.87
Karnataka,Kolar,13.0399,78.3162,7.09,0.94,12.53,34.77,39.01,26.28,23.83,21.25,69.24,876.1,0.497,0.296,4,40.91,19.83,777.0,0.31
Karnataka,Kolar,13.175,78.5539,6.99,0.97,11.45,36.01,39.69,26.29,25.37,22.22,68.99,886.0,0.495,0.316,5,43.06,19.83,742.0,1.06
Karnataka,Kolar,13.5704,78.286,7.09,0.85,10.58,32.35,46.86,22.03,23.98,21.24,67.6,814.7,0.506,0.299,5,40.44,19.83,728.0,1.42
Karnataka,Kolar,12.9106,78.0717,7.14,1.06,19.78,33.02,43.81,27.78,23.83,21.25,69.24,876.1,0.497,0.296,4,40.91,19.58,818.0,0.52
Karnataka,Kolar,13.2017,78.5055,7.12,0.95,11.13,37.37,38.83,27.43,25.37,22.22,68.99,886.0,0.495,0.316,5,43.06,19.83,733.0,0.62
Karnataka,Kolar,12.8891,78.205,6.9,1.0,11.65,33.66,43.09,28.53,23.83,21.25,69.24,876.1,0.497,0.296,4,40.91,19.58,802.0,0.93
Karnataka,Raichur,16.2442,76.781,7.05,1.0,13.46,35.03,37.85,25.49,27.18,24.44,56.69,611.1,0.676,0.162,6,44.66,19.87,492.0,0.48
Karnataka,Raichur,16.1947,76.8003,7.0,1.04,11.59,35.16,38.14,30.79,27.18,24.44,56.69,611.1,0.676,0.162,6,44.66,19.87,531.0,0.83
Karnataka,Raichur,16.2118,76.6198,7.37,0.96,17.85,35.13,37.08,33.62,27.18,24.44,56.69,611.1,0.676,0.162,6,44.66,19.87,497.0,0.96
Karnataka,Raichur,16.1569,76.5427,7.25,0.97,12.89,35.92,36.38,39.31,26.47,23.92,57.11,576.1,0.65,0.178,6,43.8,19.87,512.0,0.63
Karnataka,Raichur,15.9855,76.6836,7.4,0.89,9.79,35.4,40.3,28.7,27.18,24.44,56.69,611.1,0.676,0.162,6,44.66,19.94,445.0,0.52
Karnataka,Raichur,15.8044,76.623,6.95,1.06,11.01,39.52,40.23,21.53,27.18,24.44,56.69,611.1,0.676,0.162,6,44.66,19.94,422.0,0.19
Karnataka,Raichur,15.943,76.976,6.97,0.97,12.36,34.73,40.49,19.06,27.18,24.44,56.69,611.1,0.676,0.162,6,44.66,19.94,372.0,0.53
Karnataka,Raichur,15.8293,76.578,7.43,0.99,17.46,32.54,40.97,29.99,27.18,24.44,56.69,611.1,0.676,0.162,6,44.66,19.94,437.0,0.07
Karnataka,Raichur,16.1012,76.8493,7.14,0.97,16.27,33.53,41.92,30.22,27.18,24.44,56.69,611.1,0.676,0.162,6,44.66,19.87,455.0,0.21
Karnataka,Raichur,16.0672,76.9478,6.99,2.08,15.89,38.92,37.36,23.49,27.18,24.44,56.69,611.1,0.676,0.162,6,44.66,19.87,399.0,0.29
Karnataka,Raichur,15.9403,76.4963,7.12,0.92,11.59,29.23,50.04,24.59,26.47,23.92,57.11,576.1,0.65,0.178,6,43.8,19.94,537.0,1.4
Karnataka,Raichur,15.9406,77.4693,7.08,0.88,13.14,35.0,40.21,19.33,27.35,24.52,58.34,678.6,0.7,0.153,6,45.08,20.05,315.0,0.88
Karnataka,Ramanagara,12.6642,77.1305,6.51,1.17,11.71,34.89,42.29,18.49,24.52,23.11,67.75,883.0,0.534,0.232,4,41.44,19.73,686.0,0.48
Karnataka,Ramanagara,12.4203,77.2971,6.68,1.33,12.14,33.71,40.76,26.79,24.45,22.34,68.11,833.3,0.495,0.275,4,41.69,19.73,653.0,0.83
Karnataka,Ramanagara,12.7402,77.302,6.43,1.53,12.23,29.53,49.93,15.16,24.45,22.34,68.11,833.3,0.495,0.275,4,41.69,19.73,722.0,2.53
Karnataka,Ramanagara,12.6067,77.4203,6.53,1.15,11.75,34.14,40.76,20.75,24.45,22.34,68.11,833.3,0.495,0.275,4,41.69,19.73,672.0,1.27
Karnataka,Ramanagara,13.0195,77.1377,6.57,1.0,9.74,29.73,50.39,16.63,24.11,22.5,67.12,880.9,0.546,0.222,5,40.63,20.19,831.0,0.37
Karnataka,Ramanagara,12.3854,77.47,6.56,1.34,11.65,34.04,40.73,28.4,24.45,22.34,68.11,833.3,0.495,0.275,4,41.69,19.73,613.0,1.53
Karnataka,Ramanagara,13.0117,77.155,6.52,1.08,9.34,29.61,52.77,13.53,24.11,22.5,67.12,880.9,0.546,0.222,5,40.63,20.19,840.0,0.79
Karnataka,Ramanagara,12.507,77.5163,6.55,1.51,16.06,33.86,40.45,23.1,24.45,22.34,68.11,833.3,0.495,0.275,4,41.69,19.73,772.0,6.4
Karnataka,Ramanagara,12.4851,77.3644,6.64,1.37,11.54,35.05,39.96,25.61,24.45,22.34,68.11,833.3,0.495,0.275,4,41.69,19.73,696.0,0.89
Karnataka,Ramanagara,12.5864,77.2693,6.57,1.27,11.27,34.5,42.4,19.1,24.45,22.34,68.11,833.3,0.495,0.275,4,41.69,19.73,675.0,2.06
Karnataka,Ramanagara,12.8131,77.2394,6.35,1.24,12.32,28.3,53.13,10.91,23.74,21.61,67.94,842.5,0.522,0.251,4,40.38,19.73,805.0,3.28
Karnataka,Ramanagara,13.0431,77.1805,6.39,1.26,10.64,27.67,57.28,9.81,24.11,22.5,67.12,880.9,0.546,0.222,5,40.63,20.19,856.0,2.14
Andaman and Nicobar,Andaman Islands,13.059,93.0249,5.7,2.67,50.36,31.8,38.66,22.99,27.82,26.63,78.42,2548.4,0.623,0.184,3,33.5,18.31,30.0,5.59
Andaman and Nicobar,Andaman Islands,13.3028,92.8724,5.77,2.48,30.15,33.8,37.71,23.72,27.81,26.54,78.73,2335.6,0.63,0.184,4,32.45,18.08,51.0,7.34
Andaman and Nicobar,Andaman Islands,12.046,92.9898,5.61,3.32,53.65,32.64,37.61,23.46,28.0,27.02,78.4,2718.9,0.617,0.187,3,33.73,17.94,5.0,2.03
Andaman and Nicobar,Andaman Islands,12.7225,92.8203,5.66,2.29,29.98,35.38,38.83,19.87,27.87,26.77,78.45,2737.9,0.617,0.185,3,33.89,17.94,125.0,3.23
Andaman and Nicobar,Andaman Islands,11.9611,92.6231,5.29,2.54,32.79,30.75,41.31,19.82,28.04,27.15,78.54,2586.3,0.597,0.203,3,33.55,18.14,122.0,3.05
Karnataka,Yadgir,16.5488,77.2394,7.47,1.03,21.97,39.96,30.22,30.51,27.07,24.18,57.95,717.6,0.727,0.139,7,45.0,19.96,362.0,0.34
Karnataka,Yadgir,16.7366,77.2132,6.86,1.05,10.45,35.39,38.75,25.2,27.07,24.18,57.95,717.6,0.727,0.139,7,45.0,19.96,394.0,1.35
Karnataka,Yadgir,16.5328,77.2131,7.39,1.07,9.59,41.09,26.72,31.23,27.07,24.18,57.95,717.6,0.727,0.139,7,45.0,19.96,361.0,0.46
Karnataka,Yadgir,16.4306,76.5718,6.78,0.86,12.27,32.58,44.56,19.84,27.26,24.37,55.84,655.1,0.717,0.144,7,44.84,19.87,448.0,0.72
Karnataka,Yadgir,16.7,76.4481,7.2,0.89,10.39,36.09,36.53,35.28,26.66,23.84,55.64,584.1,0.692,0.164,7,44.19,19.87,491.0,0.82
Karnataka,Yadgir,16.6115,77.2831,7.39,1.02,9.66,38.8,29.28,29.44,27.07,24.18,57.95,717.6,0.727,0.139,7,45.0,19.96,388.0,0.27
Karnataka,Yadgir,16.9158,77.2583,6.72,1.18,11.92,35.05,38.99,29.08,26.66,23.74,57.53,777.7,0.752,0.127,7,44.7,19.96,569.0,3.19
Karnataka,Yadgir,16.7161,77.0994,7.02,1.1,17.97,37.47,34.21,25.86,27.26,24.37,55.84,655.1,0.717,0.144,7,44.84,19.96,376.0,0.88
Karnataka,Yadgir,16.5153,76.8278,6.97,0.81,12.93,40.0,35.44,18.84,27.26,24.37,55.84,655.1,0.717,0.144,7,44.84,19.87,370.0,0.46
Karnataka,Yadgir,16.7606,77.0098,6.99,0.92,20.41,41.72,30.88,26.19,27.23,24.25,55.04,720.5,0.746,0.132,7,45.04,19.96,377.0,0.12
Karnataka,Yadgir,16.5973,77.2183,7.38,1.23,15.04,36.39,32.62,28.98,27.07,24.18,57.95,717.6,0.727,0.139,7,45.0,19.96,365.0,0.43
Karnataka,Yadgir,16.5349,77.1141,7.39,1.04,21.87,40.96,28.47,32.7,27.26,24.37,55.84,655.1,0.717,0.144,7,44.84,19.96,363.0,0.46
Andhra Pradesh,Adilabad,19.4108,79.4374,6.83,1.23,15.71,41.0,26.55,37.1,27.29,22.82,57.42,1106.3,0.859,0.072,7,48.16,18.7,277.0,6.37
Andhra Pradesh,Adilabad,19.2645,79.6751,7.09,1.0,14.64,34.78,24.72,31.26,27.29,22.82,57.42,1106.3,0.859,0.072,7,48.16,18.7,145.0,0.22
Andhra Pradesh,Adilabad,19.6701,78.6325,7.19,1.08,9.96,39.22,27.18,35.22,26.99,22.6,56.17,962.9,0.857,0.071,7,47.58,18.86,260.0,0.27
Andhra Pradesh,Adilabad,18.8007,79.7047,7.0,0.91,11.78,37.66,23.8,30.66,27.72,23.69,59.22,1203.1,0.845,0.083,7,48.5,19.0,152.0,0.46
Andhra Pradesh,Adilabad,18.9485,78.0587,7.12,0.83,15.78,39.51,29.97,33.73,27.0,23.16,54.73,874.4,0.837,0.086,7,46.72,19.18,330.0,0.0
Andaman and Nicobar,Nicobar Islands,7.9494,93.3653,5.27,2.51,53.09,29.15,37.16,18.09,27.99,27.57,80.82,2042.8,0.384,0.327,0,31.26,17.7,18.0,2.09
Andaman and Nicobar,Nicobar Islands,6.9944,93.7238,5.2,2.63,59.09,31.38,36.36,17.32,27.96,27.63,80.54,1935.0,0.379,0.322,0,31.98,17.78,16.0,1.53
Andaman and Nicobar,Nicobar Islands,7.9232,93.4142,5.31,2.35,40.93,32.82,35.16,13.89,27.99,27.57,80.82,2042.8,0.384,0.327,0,31.26,17.7,65.0,6.37
Andaman and Nicobar,Nicobar Islands,7.0918,93.7806,5.25,2.31,44.13,33.08,35.17,15.53,27.96,27.63,80.54,1935.0,0.379,0.322,0,31.98,17.7,152.0,8.72
Andaman and Nicobar,Nicobar Islands,6.9462,93.8429,5.2,2.32,43.33,34.12,35.93,12.91,27.96,27.63,80.54,1935.0,0.379,0.322,0,31.98,17.78,56.0,0.56
Andhra Pradesh,Anantapur,14.6475,77.2852,6.81,0.9,9.5,31.66,48.51,22.16,26.67,23.93,60.75,618.8,0.569,0.232,6,43.53,20.36,462.0,0.66
Andhra Pradesh,Anantapur,15.0004,78.0046,7.25,1.17,12.9,32.09,39.21,30.79,27.61,24.4,60.89,666.1,0.622,0.219,6,45.63,19.2,251.0,0.33
Andhra Pradesh,Anantapur,14.7168,77.7897,7.18,1.03,19.43,37.73,34.73,29.0,26.67,23.93,60.75,618.8,0.569,0.232,6,43.53,20.36,314.0,0.19
Andhra Pradesh,Anantapur,13.9513,77.6195,6.88,1.01,11.3,31.78,49.79,22.06,25.39,22.89,63.31,715.1,0.543,0.261,5,41.9,20.19,707.0,3.73
Andhra Pradesh,Anantapur,13.8143,77.5643,7.07,1.02,11.97,38.69,37.85,28.26,25.39,22.89,63.31,715.1,0.543,0.261,5,41.9,20.19,630.0,0.21
Andhra Pradesh,Chittoor,12.9077,78.4734,6.77,1.05,13.22,35.98,39.85,27.73,25.37,22.22,68.99,886.0,0.495,0.316,5,43.06,19.58,784.0,0.52
Andhra Pradesh,Chittoor,13.5425,79.1268,6.83,1.42,15.52,37.54,37.18,29.3,26.63,22.7,69.3,987.5,0.424,0.458,4,44.66,19.21,468.0,2.17
Andhra Pradesh,Chittoor,13.9038,78.4641,7.06,1.19,13.85,34.07,37.33,27.19,26.28,22.86,65.02,754.2,0.513,0.32,5,43.08,19.83,500.0,0.89
Andhra Pradesh,Chittoor,12.7013,78.347,6.75,1.09,12.87,32.22,42.88,28.28,24.83,22.21,69.01,897.7,0.468,0.327,4,42.42,19.58,689.0,1.37
Andhra Pradesh,Chittoor,13.4399,78.6555,6.82,1.26,14.09,34.98,40.39,27.53,24.89,21.68,68.28,827.6,0.505,0.313,5,41.84,19.83,783.0,3.04
Andhra Pradesh,East Godavari,16.9416,82.1991,6.83,1.48,25.11,30.73,33.25,25.02,27.61,24.84,76.33,1225.4,0.648,0.257,5,41.72,18.12,7.0,0.05
Andhra Pradesh,East Godavari,17.0351,82.2446,6.71,1.3,24.92,31.05,33.85,26.19,27.61,24.84,76.33,1225.4,0.648,0.257,5,41.72,17.78,4.0,0.0
Andhra Pradesh,East Godavari,17.303,81.8427,6.38,1.17,13.27,31.02,35.19,25.83,25.73,22.44,72.77,1240.9,0.682,0.221,5,46.56,18.21,88.0,1.04
Andhra Pradesh,East Godavari,16.8184,81.9953,6.79,1.24,24.99,31.5,36.01,24.59,27.44,24.24,73.29,1173.2,0.643,0.265,5,47.99,18.28,7.0,0.22
Andhra Pradesh,East Godavari,17.2841,81.7659,6.29,1.21,13.28,28.83,38.21,26.23,25.73,22.44,72.77,1240.9,0.682,0.221,5,46.56,18.21,103.0,2.11
Andhra Pradesh,Cuddapah,14.7467,78.7586,7.21,0.98,20.2,39.36,32.24,27.41,27.63,23.82,63.3,753.3,0.504,0.366,5,45.99,19.77,167.0,0.33
Andhra Pradesh,Cuddapah,14.5519,78.2333,7.34,1.12,12.66,36.99,32.21,31.73,27.35,24.17,61.06,668.5,0.568,0.26,6,44.78,19.77,220.0,0.34
Andhra Pradesh,Cuddapah,14.1149,79.1645,7.16,1.37,15.7,37.51,36.58,29.21,27.0,22.93,67.7,908.6,0.416,0.478,4,45.24,19.23,160.0,0.38
Andhra Pradesh,Cuddapah,14.2212,79.2241,6.96,1.39,14.96,39.66,35.53,27.61,27.0,22.93,67.7,908.6,0.416,0.478,4,45.24,19.23,155.0,1.36
Andhra Pradesh,Cuddapah,14.1538,78.9056,6.86,1.2,13.56,37.88,37.48,26.38,26.28,22.86,65.02,754.2,0.513,0.32,5,43.08,19.77,421.0,2.51
Andhra Pradesh,Guntur,16.4885,79.7688,6.73,1.36,16.81,31.93,41.35,22.64,28.16,24.55,66.31,870.9,0.652,0.249,6,48.4,19.14,124.0,0.27
Andhra Pradesh,Guntur,16.443,80.04,6.72,1.19,10.87,31.4,40.02,23.12,28.16,24.55,66.31,870.9,0.652,0.249,6,48.4,18.44,78.0,0.51
Andhra Pradesh,Guntur,16.3683,80.7282,6.86,1.22,27.82,31.94,34.41,24.07,27.99,24.57,69.9,1026.6,0.639,0.27,6,48.35,18.44,13.0,0.11
Andhra Pradesh,Guntur,16.5297,80.1787,6.9,1.11,16.07,35.6,34.36,24.64,28.16,24.55,66.31,870.9,0.652,0.249,6,48.4,18.44,48.0,0.26
Andhra Pradesh,Guntur,16.0445,80.6934,6.54,1.59,20.52,29.08,33.13,22.65,28.2,25.07,71.18,1015.9,0.597,0.312,6,45.53,18.44,5.0,0.05
Andhra Pradesh,Karimnagar,18.2858,79.2115,7.18,0.93,9.96,40.51,32.06,30.9,27.58,23.51,57.98,924.4,0.821,0.1,7,47.95,19.0,283.0,0.47
Andhra Pradesh,Karimnagar,18.8166,78.7591,7.12,1.04,9.47,41.1,28.91,28.94,27.1,23.08,56.0,902.1,0.838,0.084,7,47.41,19.18,287.0,0.98
Andhra Pradesh,Karimnagar,18.5767,79.0892,7.05,0.95,9.84,40.81,27.58,35.32,27.58,23.51,57.98,924.4,0.821,0.1,7,47.95,19.0,318.0,0.47
Andhra Pradesh,Karimnagar,18.0462,79.3105,6.75,1.32,15.08,37.2,37.71,25.66,27.19,23.21,59.68,861.8,0.795,0.116,7,47.25,19.0,475.0,5.11
Andhra Pradesh,Karimnagar,18.0154,79.2684,6.98,1.0,10.5,37.74,37.33,25.51,27.19,23.21,59.68,861.8,0.795,0.116,7,47.25,19.0,399.0,0.77
Andhra Pradesh,Hyderabad,17.3272,78.4713,6.58,2.62,16.03,32.65,49.52,25.18,26.1,22.41,60.3,807.3,0.765,0.128,7,45.0,19.29,522.0,0.93
Andhra Pradesh,Hyderabad,17.4645,78.4757,6.7,1.65,14.52,35.03,44.78,17.87,26.1,22.41,60.3,807.3,0.765,0.128,7,45.0,19.29,534.0,0.64
Andhra Pradesh,Hyderabad,17.394,78.3923,6.55,1.09,10.11,38.0,46.89,17.94,25.89,22.5,58.79,815.1,0.767,0.124,7,44.11,19.29,543.0,0.8
Andhra Pradesh,Hyderabad,17.4038,78.4197,6.6,1.49,11.87,34.8,49.33,17.5,25.89,22.5,58.79,815.1,0.767,0.124,7,44.11,19.29,542.0,1.75
Andhra Pradesh,Hyderabad,17.3003,78.4705,6.44,1.26,9.96,32.54,52.44,23.16,26.1,22.41,60.3,807.3,0.765,0.128,7,45.0,19.29,553.0,1.76
Andhra Pradesh,Khammam,18.3342,80.6703,6.25,1.82,17.93,32.39,36.21,24.77,27.1,23.26,63.67,1297.6,0.819,0.094,7,48.01,18.5,385.0,3.64
Andhra Pradesh,Khammam,17.9572,80.8282,6.78,1.18,11.29,31.42,31.98,18.33,27.33,23.53,65.47,1182.0,0.786,0.127,7,47.74,18.72,71.0,0.94
Andhra Pradesh,Khammam,17.9985,80.7893,6.81,1.27,12.02,29.68,32.35,18.68,27.33,23.53,65.47,1182.0,0.786,0.127,7,47.74,18.72,74.0,0.81
Andhra Pradesh,Khammam,17.2817,80.704,6.45,1.0,10.65,27.65,40.72,19.07,27.39,23.76,67.35,1090.1,0.733,0.177,7,47.88,18.72,156.0,0.6
Andhra Pradesh,Khammam,17.1912,80.4186,6.73,1.22,21.38,30.1,35.5,20.07,27.59,24.03,69.04,1044.1,0.681,0.227,6,48.23,18.72,87.0,0.57
Andhra Pradesh,Krishna,16.8791,80.0846,6.7,0.96,11.71,30.19,35.09,22.98,27.95,24.24,65.19,885.1,0.703,0.199,7,48.06,18.44,57.0,1.1
Andhra Pradesh,Krishna,15.9427,80.9729,6.59,1.62,23.37,30.9,35.15,23.68,28.02,25.43,76.01,1125.8,0.612,0.296,5,40.45,18.61,2.0,0.21
Andhra Pradesh,Krishna,16.8747,80.262,6.65,1.21,16.02,31.17,34.49,20.6,27.95,24.24,65.19,885.1,0.703,0.199,7,48.06,18.44,56.0,0.38
Andhra Pradesh,Krishna,16.3903,80.9327,6.66,1.33,16.78,32.0,34.08,27.47,27.99,24.57,69.9,1026.6,0.639,0.27,6,48.35,18.44,7.0,0.07
Andhra Pradesh,Krishna,16.8845,80.0361,6.69,0.95,20.06,32.14,36.46,22.75,27.95,24.24,65.19,885.1,0.703,0.199,7,48.06,18.44,71.0,0.63
Andhra Pradesh,Kurnool,15.1634,78.0091,7.21,0.99,11.68,31.98,42.92,26.62,27.61,24.4,60.89,666.1,0.622,0.219,6,45.63,19.2,403.0,1.24
Andhra Pradesh,Kurnool,15.4393,77.5463,7.21,0.92,21.62,29.77,47.72,29.12,26.95,24.19,59.87,647.6,0.663,0.175,6,44.25,20.05,449.0,0.63
Andhra Pradesh,Kurnool,15.6633,78.6081,6.71,1.19,15.53,34.52,39.17,24.92,27.1,23.66,64.43,759.9,0.637,0.234,6,46.11,19.2,243.0,0.27
Andhra Pradesh,Kurnool,15.9138,78.5535,7.26,1.0,14.49,36.71,34.55,27.09,26.47,23.16,64.27,757.7,0.683,0.19,6,45.09,19.2,285.0,0.1
Andhra Pradesh,Kurnool,15.8361,78.586,7.23,0.98,17.96,39.8,33.03,32.3,26.47,23.16,64.27,757.7,0.683,0.19,6,45.09,19.2,287.0,0.19
Andhra Pradesh,Mahbubnagar,16.7608,78.3349,7.01,0.96,9.94,34.76,40.49,24.17,25.84,22.61,60.33,769.4,0.746,0.136,7,43.98,19.44,510.0,0.77
Andhra Pradesh,Mahbubnagar,16.7435,77.5642,6.86,1.07,11.26,34.86,35.4,28.0,27.07,24.18,57.95,717.6,0.727,0.139,7,45.0,19.96,454.0,0.74
Andhra Pradesh,Mahbubnagar,16.7182,78.4102,6.87,0.98,9.29,35.31,40.93,24.35,26.65,23.6,60.33,740.1,0.725,0.147,7,44.59,19.44,507.0,1.05
Andhra Pradesh,Mahbubnagar,15.9603,77.5966,7.09,0.99,21.88,35.47,37.13,22.63,27.35,24.52,58.34,678.6,0.7,0.153,6,45.08,20.05,342.0,0.48
Andhra Pradesh,Mahbubnagar,16.4636,77.6218,7.29,1.05,12.39,37.52,32.34,27.33,27.07,24.18,57.95,717.6,0.727,0.139,7,45.0,19.96,338.0,0.33
Andhra Pradesh,Medak,17.4837,78.1492,6.96,1.06,8.63,36.61,38.99,30.21,25.89,22.5,58.79,815.1,0.767,0.124,7,44.11,19.29,598.0,0.38
Andhra Pradesh,Medak,17.7278,78.3938,6.9,1.04,9.1,34.13,45.55,31.6,25.89,22.5,58.79,815.1,0.767,0.124,7,44.11,19.29,598.0,1.24
Andhra Pradesh,Medak,17.767,78.5304,6.83,1.13,8.92,32.93,46.1,25.98,26.25,22.51,58.88,850.1,0.791,0.113,7,45.66,19.29,584.0,0.38
Andhra Pradesh,Medak,18.23,77.7308,7.39,1.03,10.0,37.0,37.89,35.18,26.18,22.78,56.29,858.8,0.792,0.109,7,44.55,19.23,447.0,1.14
Andhra Pradesh,Medak,18.0398,78.6063,7.29,1.18,9.65,36.54,40.44,33.45,26.25,22.51,58.88,850.1,0.791,0.113,7,45.66,19.18,510.0,0.68
Andhra Pradesh,Nalgonda,16.81,79.6945,6.84,1.23,17.23,31.51,41.66,23.02,27.95,24.24,65.19,885.1,0.703,0.199,7,48.06,19.14,96.0,0.38
Andhra Pradesh,Nalgonda,17.6515,78.9781,7.15,1.05,9.24,39.35,35.36,25.57,26.1,22.41,60.3,807.3,0.765,0.128,7,45.0,19.29,401.0,0.56
Andhra Pradesh,Nalgonda,16.79,79.5239,6.82,1.07,11.49,30.04,39.11,20.34,27.78,24.05,61.84,770.8,0.722,0.17,7,47.0,19.14,117.0,0.21
Andhra Pradesh,Nalgonda,16.8096,78.9354,7.04,0.89,9.14,35.5,36.84,22.07,26.42,22.81,61.22,756.0,0.738,0.145,7,45.09,19.44,299.0,0.17
Andhra Pradesh,Nalgonda,17.499,78.985,7.03,0.92,9.39,38.24,37.66,23.18,26.1,22.41,60.3,807.3,0.765,0.128,7,45.0,19.29,370.0,0.38
Andhra Pradesh,Nellore,14.341,79.9473,7.18,1.46,27.81,36.06,31.88,26.78,28.37,24.68,69.62,1005.7,0.37,0.552,5,43.12,19.23,16.0,0.39
Andhra Pradesh,Nellore,14.9035,79.7396,7.18,1.27,23.82,34.61,36.6,29.51,28.28,24.78,70.43,922.6,0.426,0.487,5,43.39,19.23,64.0,0.16
Andhra Pradesh,Nellore,13.9069,79.8635,7.1,1.39,26.5,34.53,35.05,26.72,28.26,24.7,70.1,1092.5,0.363,0.556,5,42.79,19.21,31.0,0.22
Andhra Pradesh,Nellore,15.0032,79.1652,6.87,1.18,15.53,37.31,37.16,29.29,27.63,23.44,66.83,823.0,0.457,0.446,6,46.95,18.94,206.0,0.39
Andhra Pradesh,Nellore,14.7814,79.2401,7.06,1.4,19.68,34.91,37.64,29.0,27.63,23.44,66.83,823.0,0.457,0.446,6,46.95,19.23,167.0,0.34
Andhra Pradesh,Nizamabad,18.8049,78.2984,7.23,0.97,9.36,40.22,29.53,32.06,27.0,23.16,54.73,874.4,0.837,0.086,7,46.72,19.18,367.0,0.29
Andhra Pradesh,Nizamabad,18.2943,77.7902,7.41,1.0,9.12,36.99,36.74,35.66,26.82,23.23,54.51,858.4,0.813,0.1,7,45.57,19.23,451.0,0.21
Andhra Pradesh,Nizamabad,18.6084,78.3676,7.21,0.93,9.49,41.41,28.01,36.2,26.82,23.22,55.75,854.4,0.814,0.1,7,45.89,19.18,389.0,0.57
Andhra Pradesh,Nizamabad,18.8501,78.5274,7.09,0.87,9.11,40.68,30.33,31.43,27.1,23.08,56.0,902.1,0.838,0.084,7,47.41,19.18,320.0,0.67
Andhra Pradesh,Nizamabad,18.3514,77.7689,7.18,0.97,8.87,33.52,38.22,30.58,26.82,23.23,54.51,858.4,0.813,0.1,7,45.57,19.23,390.0,0.51
Andhra Pradesh,Prakasam,15.3885,78.9217,6.92,1.21,18.18,34.88,38.04,25.31,27.1,23.66,64.43,759.9,0.637,0.234,6,46.11,19.2,266.0,0.26
Andhra Pradesh,Prakasam,15.7217,79.2751,7.16,0.9,14.88,36.96,38.35,25.92,27.6,23.64,66.34,782.4,0.542,0.351,6,46.92,18.94,149.0,0.16
Andhra Pradesh,Prakasam,15.6851,79.0866,6.95,1.07,23.62,33.79,42.65,23.78,27.6,23.64,66.34,782.4,0.542,0.351,6,46.92,18.94,241.0,1.33
Andhra Pradesh,Prakasam,15.9462,79.4097,6.93,1.1,11.16,34.29,39.81,24.85,27.33,23.57,65.53,762.6,0.619,0.268,6,46.4,18.94,117.0,0.38
Andhra Pradesh,Prakasam,15.5101,80.1297,7.25,1.26,24.79,34.15,33.95,28.51,28.33,24.89,69.05,874.9,0.508,0.398,6,44.74,18.61,4.0,0.07
Andhra Pradesh,Rangareddi,17.2691,78.5595,7.12,0.9,9.04,39.72,38.31,24.94,26.1,22.41,60.3,807.3,0.765,0.128,7,45.0,19.29,541.0,0.71
Andhra Pradesh,Rangareddi,17.3393,77.4813,6.94,1.34,10.09,39.94,32.9,30.09,26.11,22.97,57.34,831.4,0.773,0.117,7,44.4,19.29,477.0,1.03
Andhra Pradesh,Rangareddi,17.4433,77.6434,6.85,0.97,9.39,35.62,38.4,29.72,26.11,22.97,57.34,831.4,0.773,0.117,7,44.4,19.29,648.0,0.79
Andhra Pradesh,Rangareddi,17.4406,77.7821,6.98,0.95,8.86,38.39,32.53,34.38,26.11,22.97,57.34,831.4,0.773,0.117,7,44.4,19.29,579.0,1.01
Andhra Pradesh,Rangareddi,17.0333,78.6392,6.8,0.98,8.85,34.46,43.26,24.33,26.42,22.81,61.22,756.0,0.738,0.145,7,45.09,19.29,572.0,0.11
Andhra Pradesh,Srikakulam,18.1157,83.6593,6.55,1.1,14.83,27.7,40.06,19.86,27.38,24.03,75.97,1276.3,0.639,0.243,5,39.5,17.65,62.0,2.47
Andhra Pradesh,Srikakulam,19.0422,84.7187,6.5,1.53,17.06,30.24,40.49,21.68,27.33,24.02,76.72,1486.8,0.686,0.179,6,37.14,17.34,29.0,2.07
Andhra Pradesh,Srikakulam,18.9004,84.4288,6.51,1.39,17.25,31.11,37.08,16.73,26.03,21.99,74.13,1367.8,0.686,0.194,5,44.4,17.79,46.0,0.75
Andhra Pradesh,Srikakulam,18.5906,83.572,6.38,1.02,10.15,33.24,34.67,20.57,26.92,22.82,72.12,1277.9,0.659,0.229,5,45.68,17.65,65.0,0.16
Andhra Pradesh,Srikakulam,19.0353,84.6569,6.52,1.2,15.82,33.27,40.31,17.92,26.03,21.99,74.13,1367.8,0.686,0.194,5,44.4,17.34,62.0,1.52
Andhra Pradesh,Vishakhapatnam,18.1004,82.5212,5.91,1.91,20.95,35.3,36.04,19.46,23.77,20.16,72.61,1402.9,0.714,0.184,5,44.29,17.62,1324.0,14.02
Andhra Pradesh,Vishakhapatnam,17.9991,82.4634,6.06,1.71,19.52,32.16,38.54,18.36,23.77,20.16,72.61,1402.9,0.714,0.184,5,44.29,17.78,760.0,8.25
Andhra Pradesh,Vishakhapatnam,18.0159,82.3396,5.8,2.45,22.68,31.37,40.18,17.24,23.77,20.16,72.61,1402.9,0.714,0.184,5,44.29,17.62,941.0,9.67
Andhra Pradesh,Vishakhapatnam,17.8064,82.7376,6.4,1.55,20.19,33.49,36.07,19.4,23.77,20.16,72.61,1402.9,0.714,0.184,5,44.29,17.78,130.0,7.31
Andhra Pradesh,Vishakhapatnam,17.9288,82.9483,6.29,1.32,13.16,31.91,33.45,21.64,25.98,22.07,72.93,1316.8,0.664,0.228,5,45.07,17.78,80.0,0.94
Andhra Pradesh,Vizianagaram,18.7009,83.4632,6.27,1.11,12.45,31.41,34.92,23.07,26.92,22.82,72.12,1277.9,0.659,0.229,5,45.68,17.65,85.0,0.22
Andhra Pradesh,Vizianagaram,18.7774,83.3824,6.28,1.13,12.74,28.75,40.35,19.34,23.96,19.48,68.75,1448.4,0.751,0.144,6,44.4,17.65,148.0,0.64
Andhra Pradesh,Vizianagaram,18.0628,83.5212,6.56,1.25,12.83,31.55,31.99,19.82,27.38,24.03,75.97,1276.3,0.639,0.243,5,39.5,17.65,14.0,0.07
Andhra Pradesh,Vizianagaram,17.9515,83.0858,6.38,1.13,12.03,30.14,36.37,23.42,25.98,22.07,72.93,1316.8,0.664,0.228,5,45.07,18.0,95.0,0.57
Andhra Pradesh,Vizianagaram,18.9145,83.4638,6.41,1.18,16.48,30.64,35.57,15.83,26.1,21.7,69.2,1327.7,0.7,0.192,5,47.23,17.65,128.0,0.33
Andhra Pradesh,Warangal,17.7874,79.8177,6.73,0.92,9.84,30.24,36.35,23.97,27.41,23.45,62.43,987.5,0.799,0.119,7,47.67,19.14,227.0,0.43
Andhra Pradesh,Warangal,18.3452,80.0436,6.19,1.31,13.79,29.21,38.16,25.99,27.69,23.7,60.53,1091.6,0.829,0.096,7,48.23,18.5,202.0,2.07
Andhra Pradesh,Warangal,17.9519,78.9942,7.16,1.24,10.0,40.43,34.31,25.72,26.25,22.51,58.88,850.1,0.791,0.113,7,45.66,19.29,466.0,0.67
Andhra Pradesh,Warangal,18.1791,79.7029,6.98,0.86,14.99,34.01,30.55,26.51,27.41,23.45,62.43,987.5,0.799,0.119,7,47.67,19.0,213.0,0.41
Andhra Pradesh,Warangal,18.0005,80.227,6.42,1.33,13.03,31.66,41.98,22.4,27.41,23.45,62.43,987.5,0.799,0.119,7,47.67,18.5,311.0,0.72
Andhra Pradesh,West Godavari,17.0512,81.6518,6.62,1.21,14.19,30.97,34.3,23.33,27.44,24.24,73.29,1173.2,0.643,0.265,5,47.99,18.21,17.0,0.05
Andhra Pradesh,West Godavari,16.5316,81.6823,6.61,1.43,25.1,29.35,34.91,26.23,27.74,24.88,75.37,1183.8,0.629,0.283,5,43.46,18.28,5.0,0.43
Andhra Pradesh,West Godavari,16.8691,81.2148,6.47,1.04,12.65,29.4,42.15,20.14,27.35,24.12,71.8,1145.9,0.654,0.255,5,47.99,18.28,61.0,0.72
Andhra Pradesh,West Godavari,16.4348,81.4929,6.58,2.33,23.03,30.72,36.12,28.47,27.92,25.04,72.8,1119.4,0.627,0.286,5,45.96,18.28,2.0,0.1
Andhra Pradesh,West Godavari,16.8048,81.4395,6.76,1.13,20.39,32.51,36.67,24.67,27.35,24.12,71.8,1145.9,0.654,0.255,5,47.99,18.28,6.0,0.12
Arunachal Pradesh,Changlang,27.2001,97.0797,5.42,9.22,57.3,28.7,35.77,19.41,17.9,11.21,74.38,1504.3,0.621,0.074,4,38.09,13.3,2542.0,20.14
Arunachal Pradesh,Changlang,27.302,96.2941,5.12,6.7,30.02,31.55,40.71,17.41,21.14,14.87,72.27,1836.2,0.64,0.067,4,39.9,13.84,602.0,14.82
Arunachal Pradesh,Changlang,26.9648,95.7274,5.11,9.78,37.86,31.47,35.57,18.55,20.9,14.5,74.37,1815.3,0.64,0.063,4,40.83,14.57,1716.0,25.65
Arunachal Pradesh,Changlang,27.4508,96.4736,5.21,6.22,32.36,33.21,36.25,17.83,21.14,14.87,72.27,1836.2,0.64,0.067,4,39.9,13.84,1237.0,10.18
Arunachal Pradesh,Changlang,27.2172,95.7057,5.01,4.61,31.34,33.83,39.89,19.52,20.9,14.5,74.37,1815.3,0.64,0.063,4,40.83,14.89,473.0,16.02
Arunachal Pradesh,East Kameng,27.4529,92.8606,5.31,4.97,37.2,31.0,31.33,19.74,14.65,8.24,82.29,2020.9,0.688,0.064,4,29.04,13.51,2070.0,17.12
Arunachal Pradesh,East Kameng,27.3487,93.154,5.23,4.13,42.48,33.15,29.23,21.67,14.65,8.24,82.29,2020.9,0.688,0.064,4,29.04,13.14,2427.0,3.53
Arunachal Pradesh,East Kameng,27.5348,92.832,5.21,9.28,32.0,31.22,28.92,19.38,14.65,8.24,82.29,2020.9,0.688,0.064,4,29.04,13.51,1130.0,25.43
Arunachal Pradesh,East Kameng,27.0562,93.0149,5.04,11.46,28.31,32.22,31.82,17.04,21.86,15.35,76.17,2044.1,0.662,0.067,4,37.02,13.14,566.0,16.12
Arunachal Pradesh,East Kameng,27.1346,93.1566,5.23,10.67,22.7,32.3,28.14,17.6,21.86,15.35,76.17,2044.1,0.662,0.067,4,37.02,13.14,1315.0,5.84
Arunachal Pradesh,East Siang,27.9624,95.2909,5.36,2.0,23.02,28.89,38.93,13.15,20.59,13.96,76.35,2731.2,0.681,0.058,4,37.96,14.89,158.0,0.12
Arunachal Pradesh,East Siang,28.2991,94.9344,5.08,5.62,36.28,31.0,37.98,18.24,16.05,9.39,78.4,2253.7,0.696,0.057,4,36.13,12.52,1209.0,32.16
Arunachal Pradesh,East Siang,28.2609,95.3813,5.29,6.72,37.55,32.87,35.51,15.94,13.32,6.88,76.95,2205.2,0.689,0.057,4,30.04,13.19,1289.0,29.22
Arunachal Pradesh,East Siang,28.1681,94.9572,5.1,6.05,38.29,31.39,39.63,18.69,20.59,13.96,76.35,2731.2,0.681,0.058,4,37.96,12.52,1279.0,14.87
Arunachal Pradesh,East Siang,27.9692,95.4965,5.37,3.93,22.69,30.32,41.0,14.47,23.85,17.17,69.33,2656.8,0.675,0.057,4,48.28,14.89,140.0,0.19
Arunachal Pradesh,Kurung Kumey,28.2076,93.171,5.49,3.75,48.75,24.21,39.57,22.21,8.81,2.57,82.84,1480.9,0.712,0.061,5,23.15,13.09,2603.0,19.57
Arunachal Pradesh,Kurung Kumey,27.747,93.3641,5.24,5.96,32.47,30.25,28.45,20.01,14.65,8.24,82.29,2020.9,0.688,0.064,4,29.04,13.14,1406.0,16.92
Arunachal Pradesh,Kurung Kumey,27.8258,93.5031,5.23,8.54,33.42,30.28,31.24,18.48,14.53,8.04,82.09,2099.9,0.706,0.06,4,30.23,13.14,1095.0,18.17
Arunachal Pradesh,Kurung Kumey,27.7652,93.3007,5.3,4.86,39.29,30.92,28.6,19.71,8.81,2.57,82.84,1480.9,0.712,0.061,5,23.15,13.14,1776.0,27.26
Arunachal Pradesh,Kurung Kumey,28.2025,93.1744,5.53,3.65,49.05,26.51,37.18,21.78,8.81,2.57,82.84,1480.9,0.712,0.061,5,23.15,13.09,2538.0,19.27
Arunachal Pradesh,Lohit,28.2494,96.8716,6.41,3.06,65.06,14.91,45.8,22.51,9.76,3.2,77.25,1635.5,0.63,0.07,4,27.96,13.44,4323.0,17.61
Arunachal Pradesh,Lohit,28.1679,96.6955,5.61,4.9,62.33,28.66,35.82,20.48,9.76,3.2,77.25,1635.5,0.63,0.07,4,27.96,13.44,2997.0,26.44
Arunachal Pradesh,Lohit,28.3102,96.2705,6.01,3.19,67.23,23.23,40.44,22.77,8.15,1.63,77.87,1546.2,0.662,0.064,4,23.18,13.44,3610.0,29.31
Arunachal Pradesh,Lohit,27.7737,95.8913,5.29,2.52,27.82,28.63,38.63,16.31,23.85,17.17,69.33,2656.8,0.675,0.057,4,48.28,14.89,142.0,0.12
Arunachal Pradesh,Lohit,28.2555,96.2795,5.53,4.12,56.74,29.65,37.78,22.58,8.15,1.63,77.87,1546.2,0.662,0.064,4,23.18,13.44,2720.0,22.97
Arunachal Pradesh,Lower Dibang Valley,28.0577,95.6946,5.58,2.61,22.13,34.07,36.31,15.01,23.85,17.17,69.33,2656.8,0.675,0.057,4,48.28,13.19,171.0,0.19
Arunachal Pradesh,Lower Dibang Valley,28.4435,96.2344,5.57,4.43,53.69,24.59,41.8,20.65,8.15,1.63,77.87,1546.2,0.662,0.064,4,23.18,13.44,2435.0,34.76
Arunachal Pradesh,Lower Dibang Valley,28.569,95.5502,5.3,7.73,40.43,28.25,41.86,17.17,13.32,6.88,76.95,2205.2,0.689,0.057,4,30.04,13.19,1287.0,7.8
Arunachal Pradesh,Lower Dibang Valley,28.2236,95.6723,5.34,2.29,22.09,33.34,39.32,13.9,23.85,17.17,69.33,2656.8,0.675,0.057,4,48.28,13.19,255.0,1.19
Arunachal Pradesh,Lower Dibang Valley,28.6032,96.0011,5.55,4.59,54.41,30.13,39.55,20.72,8.15,1.63,77.87,1546.2,0.662,0.064,4,23.18,13.44,2564.0,33.07
Arunachal Pradesh,Lower Subansiri,27.7272,94.1043,5.16,7.32,32.7,32.27,35.64,16.43,22.0,15.63,75.81,2500.3,0.681,0.061,4,37.49,14.29,1277.0,23.19
Arunachal Pradesh,Lower Subansiri,27.8682,93.9473,5.06,6.92,38.46,27.59,39.55,16.57,14.53,8.04,82.09,2099.9,0.706,0.06,4,30.23,13.14,445.0,14.54
Arunachal Pradesh,Lower Subansiri,27.49,93.9583,5.32,4.01,49.59,31.18,30.98,22.53,17.67,11.07,81.05,2431.0,0.691,0.062,4,32.12,13.14,2583.0,29.46
Arunachal Pradesh,Lower Subansiri,27.5003,93.7097,5.23,7.76,23.58,32.62,31.07,17.95,17.67,11.07,81.05,2431.0,0.691,0.062,4,32.12,13.14,1191.0,11.55
Arunachal Pradesh,Lower Subansiri,27.3784,93.8036,5.23,13.36,37.89,35.75,29.86,19.43,17.67,11.07,81.05,2431.0,0.691,0.062,4,32.12,13.14,1641.0,25.02
Arunachal Pradesh,Papum Pare,27.1648,93.3343,5.24,8.2,32.37,32.09,28.81,19.7,21.86,15.35,76.17,2044.1,0.662,0.067,4,37.02,13.14,1878.0,13.55
Arunachal Pradesh,Papum Pare,27.1303,93.4538,5.12,11.86,34.78,32.3,35.55,19.59,22.29,15.71,76.57,2200.5,0.67,0.067,4,37.51,13.14,999.0,18.1
Arunachal Pradesh,Papum Pare,27.2158,93.5154,5.09,6.39,29.28,30.97,34.39,17.52,22.29,15.71,76.57,2200.5,0.67,0.067,4,37.51,13.14,916.0,5.31
Arunachal Pradesh,Papum Pare,27.016,93.3965,4.98,8.43,27.9,28.6,35.37,17.14,21.86,15.35,76.17,2044.1,0.662,0.067,4,37.02,13.14,311.0,4.35
Arunachal Pradesh,Papum Pare,27.3322,93.9582,4.86,4.55,34.16,29.61,42.98,16.69,17.67,11.07,81.05,2431.0,0.691,0.062,4,32.12,13.14,358.0,13.09
Arunachal Pradesh,Tawang,27.7639,92.1433,7.04,2.82,40.03,14.8,50.82,25.1,-0.08,-7.48,75.55,526.2,0.727,0.064,7,18.54,13.51,5392.0,17.86
Arunachal Pradesh,Tawang,27.683,91.7409,5.74,4.08,51.12,20.58,44.12,22.47,7.49,1.25,79.01,1081.9,0.657,0.069,5,23.05,14.8,2759.0,28.48
Arunachal Pradesh,Tawang,27.7831,92.1915,6.94,2.77,42.82,16.76,50.31,28.13,0.65,-6.64,77.9,738.8,0.719,0.065,6,16.28,13.51,4875.0,26.38
Arunachal Pradesh,Tawang,27.6978,92.2648,6.66,2.63,43.34,15.08,54.09,21.68,9.4,2.9,81.67,1281.4,0.671,0.068,5,23.23,13.51,4350.0,20.68
Arunachal Pradesh,Tawang,27.5783,92.0355,5.97,3.32,48.67,17.05,47.16,22.55,7.49,1.25,79.01,1081.9,0.657,0.069,5,23.05,13.51,3983.0,24.53
Arunachal Pradesh,Tirap,27.0157,95.5937,5.21,10.61,42.87,33.2,37.32,17.55,20.9,14.5,74.37,1815.3,0.64,0.063,4,40.83,14.89,1209.0,20.32
Arunachal Pradesh,Tirap,26.8799,95.6126,5.27,6.08,36.11,32.3,37.71,17.72,20.9,14.5,74.37,1815.3,0.64,0.063,4,40.83,14.57,1461.0,20.71
Arunachal Pradesh,Tirap,26.8862,95.5962,5.32,3.99,39.16,33.36,38.77,17.28,20.9,14.5,74.37,1815.3,0.64,0.063,4,40.83,14.57,1068.0,1.57
Arunachal Pradesh,Tirap,26.7525,95.3699,5.38,6.53,26.5,33.05,35.48,15.72,20.9,14.5,74.37,1815.3,0.64,0.063,4,40.83,14.57,793.0,16.71
Arunachal Pradesh,Tirap,26.7013,95.2781,5.25,6.09,33.91,32.01,33.42,18.87,19.83,13.59,75.18,1700.5,0.651,0.069,4,38.83,14.57,1446.0,15.06
Arunachal Pradesh,Upper Siang,28.2578,95.2096,5.23,4.53,28.47,29.47,45.4,14.64,16.05,9.39,78.4,2253.7,0.696,0.057,4,36.13,13.19,328.0,2.3
Arunachal Pradesh,Upper Siang,28.9945,94.6189,6.72,3.48,49.95,18.8,44.75,22.88,6.17,-0.47,83.68,1167.4,0.713,0.061,5,22.55,12.52,3948.0,23.4
Arunachal Pradesh,Upper Siang,28.8237,95.1954,5.45,5.07,47.47,17.94,49.6,19.84,11.27,4.49,79.96,1325.2,0.702,0.061,5,34.11,13.19,1628.0,9.03
Arunachal Pradesh,Upper Siang,28.8363,94.9631,5.23,6.3,34.59,30.73,38.48,16.9,11.27,4.49,79.96,1325.2,0.702,0.061,5,34.11,12.52,1144.0,17.79
Arunachal Pradesh,Upper Siang,28.2309,95.2986,5.23,7.83,41.11,31.86,34.3,20.76,20.59,13.96,76.35,2731.2,0.681,0.058,4,37.96,13.19,1445.0,19.51
Arunachal Pradesh,Upper Dibang Valley,28.8974,95.8161,5.6,5.78,45.89,17.9,48.66,17.99,7.2,0.58,81.04,1161.1,0.689,0.063,5,23.12,13.19,1507.0,13.87
Arunachal Pradesh,Upper Dibang Valley,29.008,95.5284,5.73,3.57,53.83,18.58,45.69,19.55,7.2,0.58,81.04,1161.1,0.689,0.063,5,23.12,13.92,3546.0,10.8
Arunachal Pradesh,Upper Dibang Valley,29.0194,95.5667,6.34,3.42,60.87,16.62,48.49,22.83,7.2,0.58,81.04,1161.1,0.689,0.063,5,23.12,13.92,3969.0,7.14
Arunachal Pradesh,Upper Dibang Valley,28.829,96.1349,6.43,3.19,66.69,15.19,47.57,23.98,4.38,-2.63,77.46,934.1,0.663,0.071,5,22.24,13.44,4017.0,9.11
Arunachal Pradesh,Upper Dibang Valley,28.7455,95.565,5.52,3.97,47.89,21.24,43.88,20.06,13.32,6.88,76.95,2205.2,0.689,0.057,4,30.04,13.19,1815.0,14.79
Arunachal Pradesh,Upper Subansiri,27.9732,94.0055,5.37,4.95,43.09,30.15,34.49,20.99,14.53,8.04,82.09,2099.9,0.706,0.06,4,30.23,14.29,1835.0,24.23
Arunachal Pradesh,Upper Subansiri,28.2635,94.0479,5.44,3.78,41.83,27.8,33.32,20.66,7.97,1.32,84.53,1391.9,0.716,0.06,5,23.57,12.52,2125.0,22.55
Arunachal Pradesh,Upper Subansiri,28.4142,93.9398,5.5,5.94,40.49,30.0,34.67,19.08,7.97,1.32,84.53,1391.9,0.716,0.06,5,23.57,13.09,1544.0,34.44
Arunachal Pradesh,Upper Subansiri,28.4723,93.535,5.96,3.37,48.44,18.17,44.94,22.79,7.97,1.32,84.53,1391.9,0.716,0.06,5,23.57,13.09,3663.0,26.5
Arunachal Pradesh,Upper Subansiri,27.8432,94.4451,5.19,5.52,34.26,30.54,37.93,15.59,17.96,11.48,79.45,2500.5,0.693,0.059,4,35.36,14.29,1011.0,13.93
Arunachal Pradesh,West Kameng,27.216,92.6401,5.27,7.96,21.29,30.98,28.48,17.0,19.5,12.95,77.68,1693.9,0.641,0.071,5,34.54,13.51,1261.0,15.71
Arunachal Pradesh,West Kameng,27.2387,92.3266,5.31,3.54,29.53,33.68,24.35,20.51,19.5,12.95,77.68,1693.9,0.641,0.071,5,34.54,13.51,1852.0,18.38
Arunachal Pradesh,West Kameng,27.0944,92.0669,5.27,17.04,30.46,33.74,22.57,20.78,17.35,11.58,75.37,1762.0,0.632,0.07,5,31.38,13.51,1566.0,13.61
Arunachal Pradesh,West Kameng,27.0376,92.4413,5.18,8.71,32.6,32.79,27.96,20.6,19.5,12.95,77.68,1693.9,0.641,0.071,5,34.54,13.51,1204.0,25.94
Arunachal Pradesh,West Kameng,27.0775,92.54,5.29,12.76,36.36,32.18,29.49,22.31,19.5,12.95,77.68,1693.9,0.641,0.071,5,34.54,13.51,1135.0,25.01
Arunachal Pradesh,West Siang,28.6541,94.2753,5.55,3.5,43.91,27.69,37.12,23.34,12.3,5.78,82.86,1912.3,0.704,0.058,4,28.51,12.52,2338.0,11.58
Arunachal Pradesh,West Siang,28.227,94.7846,5.13,2.78,31.75,31.23,39.71,16.52,20.59,13.96,76.35,2731.2,0.681,0.058,4,37.96,12.52,724.0,14.7
Arunachal Pradesh,West Siang,28.406,94.5681,5.43,5.18,52.44,28.66,35.14,21.57,12.3,5.78,82.86,1912.3,0.704,0.058,4,28.51,12.52,2278.0,26.77
Arunachal Pradesh,West Siang,28.7766,94.0723,6.52,3.37,53.44,17.94,46.81,23.9,6.17,-0.47,83.68,1167.4,0.713,0.061,5,22.55,12.52,4097.0,13.26
Arunachal Pradesh,West Siang,27.7016,94.4205,5.04,8.98,34.27,29.78,42.51,17.33,22.0,15.63,75.81,2500.3,0.681,0.061,4,37.49,14.29,863.0,13.2
Assam,Barpeta,26.4104,91.1957,5.68,2.33,15.46,29.97,33.51,16.51,24.09,17.11,78.3,1946.2,0.618,0.075,4,37.53,15.8,43.0,0.11
Assam,Barpeta,26.1989,90.7522,5.61,2.15,22.62,32.66,31.96,18.15,24.19,17.07,77.54,2178.6,0.642,0.08,4,39.68,15.37,31.0,0.42
Assam,Barpeta,26.2118,91.1204,5.86,1.67,19.94,27.65,32.1,17.46,24.32,17.35,75.88,2115.8,0.626,0.078,4,39.29,15.8,37.0,0.11
Assam,Barpeta,26.5429,91.076,5.52,2.73,13.59,29.69,36.96,15.72,24.09,17.11,78.3,1946.2,0.618,0.075,4,37.53,15.8,49.0,0.41
Assam,Barpeta,26.2472,91.1968,5.77,1.9,20.38,31.34,31.35,17.71,24.32,17.35,75.88,2115.8,0.626,0.078,4,39.29,15.8,40.0,0.05
Assam,Bongaigaon,26.5985,90.8365,5.34,1.44,13.97,28.24,38.36,15.97,24.03,17.11,77.28,2098.5,0.643,0.075,5,37.69,15.37,53.0,0.12
Assam,Bongaigaon,26.2451,90.5531,5.46,1.36,16.54,31.7,41.99,17.95,24.19,17.07,77.54,2178.6,0.642,0.08,4,39.68,15.37,43.0,0.31
Assam,Bongaigaon,26.6191,90.8373,5.3,1.62,14.47,28.04,40.45,16.39,24.03,17.11,77.28,2098.5,0.643,0.075,5,37.69,15.37,59.0,0.38
Assam,Bongaigaon,26.7776,90.6724,5.22,2.25,19.06,28.95,39.14,18.0,17.62,11.58,76.3,1815.9,0.656,0.069,5,29.97,15.37,226.0,1.16
Assam,Bongaigaon,26.5033,90.5764,5.35,1.69,14.36,29.99,42.49,16.42,24.03,17.11,77.28,2098.5,0.643,0.075,5,37.69,15.37,66.0,0.24
Assam,Cachar,24.7578,92.8539,5.49,2.37,18.49,29.33,35.32,15.45,22.76,16.74,76.49,1780.2,0.601,0.098,4,39.0,16.63,22.0,0.23
Assam,Cachar,24.8357,93.0721,5.21,5.75,18.13,32.09,30.59,15.45,22.76,16.74,76.49,1780.2,0.601,0.098,4,39.0,16.51,85.0,1.41
Assam,Cachar,24.8187,92.8491,5.48,2.54,19.09,28.98,37.87,16.39,22.76,16.74,76.49,1780.2,0.601,0.098,4,39.0,16.63,22.0,0.43
Assam,Cachar,25.0345,92.5102,4.99,6.48,35.29,30.64,38.65,20.11,23.65,17.53,78.13,2911.3,0.628,0.079,4,38.82,15.61,522.0,17.56
Assam,Cachar,24.4487,92.994,5.22,3.93,24.66,30.72,26.38,16.34,23.39,17.67,73.65,1703.2,0.601,0.103,4,39.31,16.63,358.0,12.57
Assam,Darrang,26.4391,92.1737,5.82,1.2,20.62,31.37,30.95,17.94,24.08,17.31,76.08,1848.9,0.614,0.074,4,38.44,15.77,51.0,0.0
Assam,Darrang,26.8188,91.7542,5.15,1.82,19.02,28.44,40.12,17.38,17.35,11.58,75.37,1762.0,0.632,0.07,5,31.38,15.8,199.0,1.8
Assam,Darrang,26.3892,91.8323,5.48,2.02,13.5,31.08,31.92,16.03,24.08,17.31,76.08,1848.9,0.614,0.074,4,38.44,15.8,62.0,0.31
Assam,Darrang,26.2352,91.8726,5.8,1.16,13.98,30.84,32.6,17.08,22.94,16.03,77.29,2011.9,0.622,0.078,4,38.21,15.8,47.0,0.0
Assam,Darrang,26.8005,92.1617,5.47,1.59,13.58,29.24,36.59,18.13,17.35,11.58,75.37,1762.0,0.632,0.07,5,31.38,15.77,121.0,0.28
Assam,Dhemaji,27.4361,94.4364,5.49,3.59,21.87,26.6,43.65,17.57,22.0,15.63,75.81,2500.3,0.681,0.061,4,37.49,14.29,106.0,0.21
Assam,Dhemaji,27.7222,95.3463,5.86,1.98,30.73,29.68,41.56,15.25,24.18,17.1,72.72,2228.7,0.653,0.06,4,45.58,14.89,118.0,0.42
Assam,Dhemaji,27.8292,95.4012,5.67,2.01,20.82,32.43,38.55,14.31,23.85,17.17,69.33,2656.8,0.675,0.057,4,48.28,14.89,124.0,0.08
Assam,Dhemaji,27.5839,94.2332,4.94,6.43,33.22,29.9,41.37,18.23,22.0,15.63,75.81,2500.3,0.681,0.061,4,37.49,14.29,385.0,8.52
Assam,Dhemaji,27.5574,94.3988,5.25,4.25,26.11,27.88,43.11,16.35,22.0,15.63,75.81,2500.3,0.681,0.061,4,37.49,14.29,154.0,5.1
Assam,Dhuburi,26.2932,89.9583,5.4,3.29,17.21,28.69,45.93,18.93,23.75,16.81,74.73,2039.4,0.686,0.076,5,40.01,15.39,49.0,0.15
Assam,Dhuburi,26.1426,90.1739,5.86,1.29,12.43,33.02,38.24,17.3,24.57,17.38,75.49,2165.3,0.675,0.085,5,41.02,15.37,28.0,0.0
Assam,Dhuburi,25.5818,89.9177,5.9,1.16,12.87,27.23,36.47,19.36,24.43,17.71,74.24,2194.9,0.666,0.092,5,41.67,16.32,22.0,0.75
Assam,Dhuburi,26.2804,89.7739,5.68,2.65,14.87,27.44,43.15,19.64,23.75,16.81,74.73,2039.4,0.686,0.076,5,40.01,15.39,46.0,0.15
Assam,Dhuburi,26.0136,89.931,5.87,1.72,23.81,32.86,37.74,16.31,24.57,17.38,75.49,2165.3,0.675,0.085,5,41.02,15.39,30.0,0.38
Assam,Dibrugarh,27.24,95.0924,5.47,2.96,20.13,28.26,41.44,16.76,23.66,17.17,72.95,1980.6,0.65,0.064,4,42.61,14.89,110.0,0.58
Assam,Dibrugarh,27.3192,95.0516,5.43,2.2,23.58,27.11,41.3,13.54,24.53,17.99,70.96,2430.4,0.663,0.06,4,43.27,14.89,112.0,0.33
Assam,Dibrugarh,27.5209,94.9142,5.77,2.8,33.64,31.06,39.04,16.42,24.53,17.99,70.96,2430.4,0.663,0.06,4,43.27,14.29,102.0,0.12
Assam,Dibrugarh,27.4412,95.1232,5.34,2.71,24.12,27.94,41.61,15.53,24.53,17.99,70.96,2430.4,0.663,0.06,4,43.27,14.89,112.0,0.21
Assam,Dibrugarh,27.2452,95.2715,5.28,3.12,20.63,29.35,40.27,17.23,23.66,17.17,72.95,1980.6,0.65,0.064,4,42.61,14.89,118.0,0.12
Assam,Golaghat,26.554,93.8408,5.55,3.18,16.95,28.2,37.26,15.84,23.78,17.16,74.76,1741.5,0.648,0.075,4,39.54,15.77,84.0,0.12
Assam,Golaghat,26.8323,93.9012,5.75,2.26,18.15,31.27,36.53,12.77,22.29,15.71,76.57,2200.5,0.67,0.067,4,37.51,15.77,82.0,0.0
Assam,Golaghat,26.676,93.4709,5.27,6.81,19.96,28.43,36.63,18.16,23.78,17.16,74.76,1741.5,0.648,0.075,4,39.54,15.77,75.0,0.57
Assam,Golaghat,26.5895,93.8334,5.6,5.6,16.37,29.51,38.01,14.92,23.78,17.16,74.76,1741.5,0.648,0.075,4,39.54,15.77,83.0,0.05
Assam,Golaghat,26.2329,93.9058,5.65,2.38,16.7,30.95,35.38,15.86,22.77,16.45,74.12,1409.6,0.627,0.089,5,39.59,15.77,110.0,0.38
Assam,Goalpara,25.9846,90.8019,5.47,1.56,14.48,31.32,38.9,17.05,24.19,17.07,77.54,2178.6,0.642,0.08,4,39.68,15.62,49.0,0.08
Assam,Goalpara,26.0004,90.4504,5.51,1.6,16.64,30.53,40.03,18.37,24.19,17.07,77.54,2178.6,0.642,0.08,4,39.68,15.37,36.0,2.23
Assam,Goalpara,25.9778,90.9424,5.68,2.88,15.39,33.5,34.02,16.23,24.32,17.35,75.88,2115.8,0.626,0.078,4,39.29,15.62,48.0,0.21
Assam,Goalpara,25.9815,90.6776,5.44,1.97,14.64,33.41,38.28,18.8,24.19,17.07,77.54,2178.6,0.642,0.08,4,39.68,15.62,71.0,0.45
Assam,Goalpara,26.1087,90.2536,5.85,1.5,24.4,30.17,33.8,16.32,24.57,17.38,75.49,2165.3,0.675,0.085,5,41.02,15.37,32.0,0.05
Assam,Hailakandi,24.4777,92.6695,5.24,2.97,18.81,30.26,36.48,15.29,24.76,18.43,76.26,2617.5,0.614,0.086,4,43.07,16.63,59.0,1.07
Assam,Hailakandi,24.2908,92.5161,5.28,1.48,16.62,29.26,34.48,14.25,24.76,18.43,76.26,2617.5,0.614,0.086,4,43.07,16.63,41.0,0.94
Assam,Hailakandi,24.4418,92.6283,5.22,3.91,18.15,29.11,36.96,14.53,24.76,18.43,76.26,2617.5,0.614,0.086,4,43.07,16.63,73.0,3.56
Assam,Hailakandi,24.6537,92.6448,5.22,3.26,15.84,28.94,37.68,16.53,24.76,18.43,76.26,2617.5,0.614,0.086,4,43.07,16.63,35.0,1.2
Assam,Hailakandi,24.7965,92.5982,5.38,2.54,15.63,28.91,39.48,18.22,23.65,17.53,78.13,2911.3,0.628,0.079,4,38.82,16.63,18.0,0.45
Assam,Jorhat,26.8659,94.0733,5.75,2.13,28.59,30.3,37.87,13.73,24.12,17.54,74.22,2132.0,0.667,0.066,4,40.08,15.59,80.0,0.0
Assam,Jorhat,27.0073,94.1958,5.51,2.91,18.82,29.1,39.7,13.85,24.12,17.54,74.22,2132.0,0.667,0.066,4,40.08,14.29,83.0,0.36
Assam,Jorhat,27.0502,94.2416,5.62,3.38,23.76,30.92,39.18,18.88,24.12,17.54,74.22,2132.0,0.667,0.066,4,40.08,14.29,84.0,0.1
Assam,Jorhat,26.4989,94.3411,5.33,2.83,18.52,29.96,39.11,17.16,22.75,16.19,74.62,1753.9,0.655,0.073,4,39.97,15.59,151.0,0.31
Assam,Jorhat,26.5205,94.2267,5.52,2.8,18.38,29.65,40.78,16.12,22.75,16.19,74.62,1753.9,0.655,0.073,4,39.97,15.59,116.0,0.2
Assam,Kamrup,25.9216,91.0508,5.41,1.55,15.41,30.88,36.2,17.15,24.32,17.35,75.88,2115.8,0.626,0.078,4,39.29,15.43,58.0,0.28
Assam,Kamrup,26.2923,91.7494,5.4,1.86,16.32,29.81,34.73,17.26,24.08,17.31,76.08,1848.9,0.614,0.074,4,38.44,15.8,192.0,5.38
Assam,Kamrup,25.9077,91.5031,5.31,3.45,14.77,28.3,33.57,16.47,24.32,17.35,75.88,2115.8,0.626,0.078,4,39.29,15.43,69.0,1.15
Assam,Kamrup,25.9168,91.0889,5.49,2.12,14.83,31.88,33.63,17.45,24.32,17.35,75.88,2115.8,0.626,0.078,4,39.29,15.43,61.0,0.35
Assam,Kamrup,26.3119,91.469,5.54,1.5,14.49,29.56,32.34,15.75,24.09,17.11,78.3,1946.2,0.618,0.075,4,37.53,15.8,45.0,0.18
Assam,Karbi Anglong,25.7153,93.447,5.29,2.3,23.3,34.82,30.15,20.08,20.45,14.57,75.01,1307.4,0.607,0.104,5,36.8,15.98,262.0,0.93
Assam,Karbi Anglong,25.6817,92.5494,5.18,3.54,27.98,33.06,33.02,22.45,20.02,13.78,81.29,2331.7,0.632,0.079,4,36.47,15.61,745.0,16.93
Assam,Karbi Anglong,26.2327,93.0365,5.43,2.96,17.5,31.47,30.58,17.15,24.22,17.89,74.38,1418.9,0.616,0.087,5,40.26,15.77,238.0,11.83
Assam,Karbi Anglong,25.63,92.636,5.25,2.99,25.17,34.27,34.18,20.96,20.02,13.78,81.29,2331.7,0.632,0.079,4,36.47,15.61,731.0,2.83
Assam,Karbi Anglong,25.9788,93.3331,5.51,2.4,18.74,31.71,32.21,15.63,24.22,17.89,74.38,1418.9,0.616,0.087,5,40.26,15.98,141.0,0.96
Assam,Karimganj,24.4358,92.3111,5.51,2.66,14.45,28.3,38.95,15.59,24.76,18.43,76.26,2617.5,0.614,0.086,4,43.07,16.63,32.0,0.27
Assam,Karimganj,24.8514,92.3775,5.32,1.47,18.84,25.02,48.36,16.26,23.65,17.53,78.13,2911.3,0.628,0.079,4,38.82,16.63,14.0,0.23
Assam,Karimganj,24.2578,92.3543,5.19,1.35,16.94,30.5,34.31,14.73,24.76,18.43,76.26,2617.5,0.614,0.086,4,43.07,16.63,77.0,1.46
Assam,Karimganj,24.4031,92.3128,5.44,2.85,16.86,29.91,38.25,14.72,24.76,18.43,76.26,2617.5,0.614,0.086,4,43.07,16.63,33.0,0.46
Assam,Karimganj,24.9071,92.3042,5.25,1.91,25.38,26.89,46.02,17.85,23.65,17.53,78.13,2911.3,0.628,0.079,4,38.82,16.63,14.0,0.76
Assam,Kokrajhar,26.5564,90.3754,5.34,1.5,13.97,27.02,42.46,16.7,24.03,17.11,77.28,2098.5,0.643,0.075,5,37.69,15.37,67.0,0.28
Assam,Kokrajhar,26.6786,90.2176,5.12,1.93,16.54,29.68,40.56,17.6,23.75,16.81,74.73,2039.4,0.686,0.076,5,40.01,15.37,122.0,0.28
Assam,Kokrajhar,26.8039,90.2485,5.41,2.08,17.98,31.39,36.44,17.35,15.95,9.57,77.64,1631.2,0.699,0.067,5,28.67,15.37,210.0,0.52
Assam,Kokrajhar,26.7489,90.1902,5.1,2.24,19.67,29.71,38.79,17.63,23.75,16.81,74.73,2039.4,0.686,0.076,5,40.01,15.37,231.0,3.52
Assam,Kokrajhar,26.4819,90.112,5.48,1.57,14.65,25.41,43.13,16.74,23.75,16.81,74.73,2039.4,0.686,0.076,5,40.01,15.37,50.0,0.25
Assam,Lakhimpur,27.3238,94.0979,5.37,3.71,21.31,27.32,46.05,14.36,22.0,15.63,75.81,2500.3,0.681,0.061,4,37.49,14.29,105.0,0.13
Assam,Lakhimpur,26.9758,93.7553,5.42,5.62,19.69,27.68,39.65,15.42,22.29,15.71,76.57,2200.5,0.67,0.067,4,37.51,15.77,93.0,0.13
Assam,Lakhimpur,27.233,94.3053,5.55,2.64,19.25,28.95,41.78,13.76,24.12,17.54,74.22,2132.0,0.667,0.066,4,40.08,14.29,94.0,0.26
Assam,Lakhimpur,27.0948,94.2473,5.63,2.84,23.37,32.36,39.68,14.79,24.12,17.54,74.22,2132.0,0.667,0.066,4,40.08,14.29,87.0,0.13
Assam,Lakhimpur,27.1502,93.8727,5.24,5.85,23.49,25.52,44.59,15.87,22.29,15.71,76.57,2200.5,0.67,0.067,4,37.51,13.14,109.0,0.35
Assam,Marigaon,26.4336,92.2889,5.67,1.33,12.14,30.96,32.04,17.18,24.31,17.57,74.38,1629.2,0.619,0.077,4,39.75,15.77,56.0,0.24
Assam,Marigaon,26.3204,92.3318,5.63,1.86,12.69,29.54,31.99,15.98,24.31,17.57,74.38,1629.2,0.619,0.077,4,39.75,15.77,55.0,0.08
Assam,Marigaon,26.4103,92.2153,5.8,1.26,16.17,30.62,30.44,17.45,24.31,17.57,74.38,1629.2,0.619,0.077,4,39.75,15.77,52.0,0.0
Assam,Marigaon,26.2291,92.3153,5.8,1.56,12.8,29.71,33.32,14.62,23.15,16.39,76.81,1634.7,0.617,0.082,4,41.34,15.77,54.0,0.0
Assam,Marigaon,26.1628,92.2715,5.87,1.67,13.5,30.49,35.22,15.55,23.15,16.39,76.81,1634.7,0.617,0.082,4,41.34,15.77,51.0,0.06
Assam,Nagaon,26.0784,92.7493,5.77,1.47,12.99,30.35,32.96,16.7,23.15,16.39,76.81,1634.7,0.617,0.082,4,41.34,15.77,64.0,0.16
Assam,Nagaon,26.3735,92.4968,5.76,1.81,14.51,32.77,29.2,16.54,24.31,17.57,74.38,1629.2,0.619,0.077,4,39.75,15.77,60.0,0.08
Assam,Nagaon,26.4311,92.965,5.55,2.19,16.08,33.7,31.93,16.25,23.65,17.02,75.55,1675.2,0.636,0.076,4,39.4,15.77,75.0,0.49
Assam,Nagaon,26.1576,92.5496,5.95,2.49,14.8,31.9,32.13,19.91,23.15,16.39,76.81,1634.7,0.617,0.082,4,41.34,15.77,56.0,0.15
Assam,Nagaon,26.4243,92.5233,5.6,1.75,13.92,32.05,31.27,17.55,24.31,17.57,74.38,1629.2,0.619,0.077,4,39.75,15.77,58.0,0.06
Assam,Nalbari,26.7282,91.5302,5.35,1.41,13.88,27.81,36.26,14.89,24.09,17.11,78.3,1946.2,0.618,0.075,4,37.53,15.8,102.0,0.4
Assam,Nalbari,26.1685,91.365,5.68,1.62,13.31,29.71,31.95,18.12,24.32,17.35,75.88,2115.8,0.626,0.078,4,39.29,15.8,46.0,0.06
Assam,Nalbari,26.5411,91.2584,5.4,1.49,13.55,29.58,36.03,15.89,24.09,17.11,78.3,1946.2,0.618,0.075,4,37.53,15.8,50.0,0.28
Assam,Nalbari,26.5899,91.6308,5.46,1.35,15.53,28.74,34.91,16.87,24.08,17.31,76.08,1848.9,0.614,0.074,4,38.44,15.8,64.0,0.36
Assam,Nalbari,26.3739,91.2668,5.58,2.66,15.05,30.1,34.73,16.12,24.09,17.11,78.3,1946.2,0.618,0.075,4,37.53,15.8,42.0,0.06
Assam,North Cachar Hills,25.178,92.8055,4.93,3.64,30.03,33.87,34.0,21.15,23.65,17.53,78.13,2911.3,0.628,0.079,4,38.82,15.61,1183.0,6.75
Assam,North Cachar Hills,25.1383,93.3159,5.07,5.47,26.05,35.12,32.91,19.24,22.76,16.74,76.49,1780.2,0.601,0.098,4,39.0,15.98,879.0,12.69
Assam,North Cachar Hills,25.0753,93.1405,5.01,5.57,25.41,34.06,34.25,18.56,22.76,16.74,76.49,1780.2,0.601,0.098,4,39.0,15.98,1013.0,11.18
Assam,North Cachar Hills,25.3932,92.8283,5.2,3.83,30.99,32.49,32.41,21.08,22.06,16.0,77.89,1539.8,0.605,0.095,4,37.86,15.61,753.0,13.47
Assam,North Cachar Hills,25.677,92.8836,5.3,2.06,21.95,29.43,32.02,21.79,22.06,16.0,77.89,1539.8,0.605,0.095,4,37.86,15.61,134.0,0.84
Assam,Sibsagar,27.1047,95.2701,5.39,2.9,22.06,28.49,42.31,17.0,23.66,17.17,72.95,1980.6,0.65,0.064,4,42.61,14.89,117.0,0.27
Assam,Sibsagar,27.2671,94.7318,5.52,2.57,19.52,29.23,42.3,15.27,24.53,17.99,70.96,2430.4,0.663,0.06,4,43.27,14.29,96.0,0.1
Assam,Sibsagar,27.1452,95.0019,5.39,2.78,21.07,28.08,41.54,14.91,23.66,17.17,72.95,1980.6,0.65,0.064,4,42.61,14.89,108.0,0.06
Assam,Sibsagar,27.0668,94.6123,5.61,3.36,19.34,31.09,41.96,16.83,24.12,17.54,74.22,2132.0,0.667,0.066,4,40.08,14.29,89.0,0.24
Assam,Sibsagar,26.9554,94.875,5.52,2.92,20.55,27.97,41.57,17.73,23.66,17.17,72.95,1980.6,0.65,0.064,4,42.61,15.59,99.0,0.24
Assam,Sonitpur,26.7927,92.4379,5.4,1.64,12.95,28.6,34.92,16.94,19.5,12.95,77.68,1693.9,0.641,0.071,5,34.54,15.77,108.0,0.33
Assam,Sonitpur,26.8312,93.1477,5.36,2.92,15.85,29.3,37.53,16.31,21.86,15.35,76.17,2044.1,0.662,0.067,4,37.02,15.77,93.0,0.19
Assam,Sonitpur,26.7479,92.8249,5.5,1.53,14.72,29.12,33.89,16.34,23.65,17.02,75.55,1675.2,0.636,0.076,4,39.4,15.77,71.0,0.12
Assam,Sonitpur,26.7282,92.7483,5.42,1.64,14.26,29.99,33.55,16.29,24.31,17.57,74.38,1629.2,0.619,0.077,4,39.75,15.77,74.0,0.29
Assam,Sonitpur,26.8933,92.576,5.59,1.9,16.42,30.15,34.9,16.95,19.5,12.95,77.68,1693.9,0.641,0.071,5,34.54,15.77,108.0,0.54
Assam,Tinsukia,27.4761,95.4939,5.43,3.21,23.55,29.31,42.06,15.84,24.18,17.1,72.72,2228.7,0.653,0.06,4,45.58,14.89,130.0,0.08
Assam,Tinsukia,27.9347,95.6831,5.49,3.88,24.56,33.0,38.38,15.33,23.85,17.17,69.33,2656.8,0.675,0.057,4,48.28,14.89,142.0,0.21
Assam,Tinsukia,27.9232,95.71,5.4,4.73,24.81,32.33,38.91,15.16,23.85,17.17,69.33,2656.8,0.675,0.057,4,48.28,14.89,140.0,0.08
Assam,Tinsukia,27.5569,95.5362,5.15,3.01,24.5,28.77,42.33,16.71,24.18,17.1,72.72,2228.7,0.653,0.06,4,45.58,14.89,128.0,0.0
Assam,Tinsukia,27.5054,95.517,5.2,3.01,23.29,29.13,40.41,17.33,24.18,17.1,72.72,2228.7,0.653,0.06,4,45.58,14.89,129.0,0.25
Bihar,Araria,26.0837,87.4198,6.69,1.25,12.6,23.86,33.82,14.58,25.36,17.55,63.8,1347.5,0.784,0.061,5,45.18,16.23,46.0,0.33
Bihar,Araria,26.1983,87.539,6.41,1.2,12.5,20.94,36.02,20.08,25.36,17.55,63.8,1347.5,0.784,0.061,5,45.18,16.23,50.0,0.13
Bihar,Araria,26.1737,87.394,6.52,1.27,12.48,21.18,35.74,17.92,25.36,17.55,63.8,1347.5,0.784,0.061,5,45.18,16.23,52.0,0.21
Bihar,Araria,26.1771,87.234,6.69,1.33,13.16,22.11,32.5,15.21,25.36,17.55,63.8,1347.5,0.784,0.061,5,45.18,16.23,54.0,0.08
Bihar,Araria,26.0578,87.3525,6.79,1.41,13.39,25.97,31.49,14.35,25.36,17.55,63.8,1347.5,0.784,0.061,5,45.18,16.23,45.0,0.06
Bihar,Banka,24.6362,86.7328,6.71,1.12,11.27,26.74,38.2,15.93,25.13,17.44,63.85,1210.0,0.773,0.081,6,45.94,17.19,233.0,0.69
Bihar,Banka,24.8058,86.9855,6.67,1.14,12.06,28.6,33.24,18.22,25.68,17.77,61.64,1120.7,0.781,0.075,6,46.6,17.19,115.0,0.17
Bihar,Banka,24.8469,86.8308,6.77,1.19,12.95,26.66,36.69,14.55,25.68,17.77,61.64,1120.7,0.781,0.075,6,46.6,17.19,120.0,5.24
Bihar,Banka,25.0522,86.7376,6.97,1.7,14.69,29.31,29.72,21.5,25.68,17.77,61.64,1120.7,0.781,0.075,6,46.6,16.93,52.0,0.16
Bihar,Banka,24.9454,86.9729,6.87,1.52,15.84,28.78,29.8,19.87,25.68,17.77,61.64,1120.7,0.781,0.075,6,46.6,17.19,71.0,0.15
Bihar,Aurangabad,24.8855,84.4869,7.46,1.42,10.42,35.24,25.47,28.38,26.34,17.86,55.07,1000.8,0.851,0.057,7,48.41,18.0,95.0,0.0
Bihar,Aurangabad,25.038,84.3909,7.61,1.34,10.07,33.26,26.38,28.39,26.34,17.86,55.07,1000.8,0.851,0.057,7,48.41,17.21,99.0,0.31
Bihar,Aurangabad,25.0154,84.5941,7.69,1.58,11.31,31.58,27.06,28.43,26.34,17.86,55.07,1000.8,0.851,0.057,7,48.41,17.21,81.0,0.23
Bihar,Aurangabad,24.7086,84.0956,7.43,1.61,9.97,37.18,22.92,35.1,25.91,17.96,56.01,1096.9,0.853,0.06,7,47.51,18.0,127.0,0.41
Bihar,Aurangabad,24.7189,84.4275,7.45,1.17,9.0,37.91,23.09,33.86,25.91,17.96,56.01,1096.9,0.853,0.06,7,47.51,18.0,109.0,0.1
Bihar,Bhabua,24.6339,83.7387,7.18,0.97,10.08,44.61,18.68,48.38,25.78,17.74,55.19,1011.9,0.859,0.059,7,47.45,18.02,497.0,1.88
Bihar,Bhabua,24.7113,83.6648,7.14,0.96,10.6,44.45,20.21,45.87,25.78,17.74,55.19,1011.9,0.859,0.059,7,47.45,18.02,438.0,1.55
Bihar,Bhabua,25.0007,83.4266,7.15,1.26,12.94,38.61,25.91,33.3,26.18,17.76,52.99,823.4,0.864,0.053,8,48.29,17.32,91.0,1.89
Bihar,Bhabua,25.0073,83.5604,7.3,1.2,8.6,35.96,26.5,29.96,26.22,17.85,53.49,912.7,0.857,0.056,8,48.04,17.32,87.0,0.12
Bihar,Bhabua,25.151,83.6179,7.47,1.14,9.09,34.04,27.34,28.29,26.22,17.85,53.49,912.7,0.857,0.056,8,48.04,17.32,75.0,0.05
Bihar,Begusarai,25.5333,85.8769,7.09,1.17,11.91,29.7,28.16,16.38,26.18,17.46,57.42,1003.1,0.841,0.056,6,47.77,17.21,44.0,0.15
Bihar,Begusarai,25.5383,86.0617,7.06,1.09,14.58,29.93,29.01,15.52,26.05,17.62,58.72,1026.0,0.826,0.059,6,46.96,16.93,41.0,0.17
Bihar,Begusarai,25.506,86.0835,7.11,1.18,12.46,31.47,28.16,16.41,26.05,17.62,58.72,1026.0,0.826,0.059,6,46.96,16.93,41.0,0.06
Bihar,Begusarai,25.5037,85.9735,7.12,1.19,11.58,30.57,28.31,15.78,26.05,17.62,58.72,1026.0,0.826,0.059,6,46.96,17.21,42.0,0.05
Bihar,Begusarai,25.5588,85.9656,7.15,1.27,11.43,30.83,28.55,14.86,26.05,17.62,58.72,1026.0,0.826,0.059,6,46.96,17.21,45.0,0.28
Bihar,Bhojpur,25.6127,84.4269,7.38,1.02,9.56,31.54,24.76,26.6,26.23,17.38,55.25,968.2,0.85,0.053,8,48.31,17.21,57.0,0.1
Bihar,Bhojpur,25.218,84.5252,7.44,1.04,22.75,32.65,26.3,27.51,26.34,17.86,55.07,1000.8,0.851,0.057,7,48.41,17.21,75.0,0.45
Bihar,Bhojpur,25.3619,84.2857,6.61,2.22,17.82,31.17,25.07,26.87,26.23,17.38,55.25,968.2,0.85,0.053,8,48.31,17.21,75.0,0.06
Bihar,Bhojpur,25.606,84.528,7.25,1.1,10.63,29.84,26.55,22.71,26.23,17.38,55.25,968.2,0.85,0.053,8,48.31,17.21,56.0,0.29
Bihar,Bhojpur,25.639,84.7785,7.19,1.0,10.09,30.89,27.44,16.14,26.19,17.37,56.38,993.8,0.846,0.055,7,48.1,17.21,56.0,0.06
Bihar,Bhagalpur,25.123,86.7673,6.84,1.48,14.68,30.59,28.8,20.94,25.68,17.77,61.64,1120.7,0.781,0.075,6,46.6,16.93,40.0,0.3
Bihar,Bhagalpur,25.3745,86.9162,6.92,1.23,14.93,29.89,28.82,17.53,25.84,17.66,61.07,1121.6,0.792,0.064,6,46.32,16.93,34.0,0.46
Bihar,Bhagalpur,25.2347,86.727,6.97,1.53,13.78,31.96,28.96,20.33,25.68,17.77,61.64,1120.7,0.781,0.075,6,46.6,16.93,37.0,0.25
Bihar,Bhagalpur,25.0878,87.2015,6.73,1.28,14.02,30.19,30.96,17.88,25.51,17.83,63.9,1185.0,0.748,0.087,6,45.54,16.66,41.0,0.08
Bihar,Bhagalpur,25.1695,86.8606,6.92,1.59,15.14,32.1,29.7,22.02,25.68,17.77,61.64,1120.7,0.781,0.075,6,46.6,16.93,37.0,0.12
Bihar,Buxar,25.4755,84.3186,7.36,1.28,9.52,29.53,25.66,25.97,26.23,17.38,55.25,968.2,0.85,0.053,8,48.31,17.21,67.0,0.0
Bihar,Buxar,25.7391,84.3547,7.38,1.01,31.9,30.78,28.29,26.4,26.23,17.38,55.25,968.2,0.85,0.053,8,48.31,17.21,55.0,0.72
Bihar,Buxar,25.3846,84.178,7.38,1.51,10.29,31.49,26.33,26.01,26.23,17.38,55.25,968.2,0.85,0.053,8,48.31,17.21,75.0,0.08
Bihar,Buxar,25.3831,83.8545,6.97,1.46,10.0,31.17,28.5,26.85,26.47,17.62,53.29,889.7,0.857,0.052,8,48.49,17.32,69.0,0.05
Bihar,Buxar,25.5118,84.2235,7.43,1.26,8.97,32.61,25.78,25.73,26.23,17.38,55.25,968.2,0.85,0.053,8,48.31,17.21,66.0,0.08
Bihar,Darbhanga,26.1275,86.2593,7.02,1.58,11.71,27.03,30.39,18.41,25.9,17.51,58.49,1068.9,0.82,0.053,6,46.67,16.77,46.0,0.31
Bihar,Darbhanga,25.9203,86.2324,7.07,1.65,13.97,26.67,31.41,14.61,25.9,17.51,58.49,1068.9,0.82,0.053,6,46.67,16.93,41.0,0.18
Bihar,Darbhanga,26.0152,85.9712,7.02,1.34,11.19,27.8,32.1,14.96,25.9,17.51,58.49,1068.9,0.82,0.053,6,46.67,17.0,44.0,0.11
Bihar,Darbhanga,25.9957,85.9197,7.07,1.23,11.25,28.68,32.77,15.4,26.04,17.38,57.03,1060.2,0.839,0.051,6,47.6,17.21,46.0,0.06
Bihar,Darbhanga,26.1568,85.9219,7.02,1.01,11.23,25.78,32.14,13.78,26.04,17.38,57.03,1060.2,0.839,0.051,6,47.6,17.0,47.0,0.18
Bihar,Gaya,25.0246,85.2307,7.29,1.08,10.32,28.22,27.76,19.14,26.17,17.58,56.79,1013.2,0.846,0.059,7,48.25,17.21,75.0,0.05
Bihar,Gaya,24.4464,84.9138,7.29,1.11,9.35,35.81,21.14,29.85,25.41,17.39,57.98,1095.9,0.845,0.063,7,46.84,18.0,173.0,0.43
Bihar,Gaya,24.9604,85.2524,7.36,1.17,10.01,33.16,26.01,19.86,26.17,17.58,56.79,1013.2,0.846,0.059,7,48.25,17.35,79.0,0.23
Bihar,Gaya,24.915,84.7984,7.49,1.61,10.54,33.13,26.28,30.19,26.17,17.58,56.79,1013.2,0.846,0.059,7,48.25,18.0,94.0,0.12
Bihar,Gaya,24.458,84.5383,7.23,1.0,9.04,39.1,19.33,41.47,25.91,17.96,56.01,1096.9,0.853,0.06,7,47.51,18.0,188.0,0.88
Bihar,Gopalganj,26.5078,83.9213,7.15,1.02,9.06,29.23,31.32,14.45,25.88,16.88,55.34,1084.0,0.856,0.046,7,48.35,16.98,73.0,0.35
Bihar,Gopalganj,26.2528,84.8565,7.16,1.01,11.36,27.46,32.14,14.68,25.82,17.14,56.99,1133.0,0.836,0.047,7,47.48,16.86,60.0,0.05
Bihar,Gopalganj,26.4223,84.5945,7.16,0.9,15.92,26.54,33.37,13.84,25.81,16.97,56.46,1112.0,0.842,0.046,7,47.99,16.86,67.0,0.13
Bihar,Gopalganj,26.5109,84.2971,7.08,1.02,10.37,28.84,34.53,14.6,25.81,16.97,56.46,1112.0,0.842,0.046,7,47.99,16.86,69.0,0.08
Bihar,Gopalganj,26.5469,84.5001,6.86,1.0,14.54,24.38,34.67,15.37,25.81,16.97,56.46,1112.0,0.842,0.046,7,47.99,16.86,69.0,0.08
Bihar,Jamui,24.5764,86.3437,6.4,1.06,10.58,28.37,36.72,16.88,24.79,16.79,62.83,1126.7,0.815,0.071,6,46.19,17.19,272.0,1.2
Bihar,Jamui,24.7275,86.2733,6.79,1.03,10.72,27.28,31.7,17.57,24.79,16.79,62.83,1126.7,0.815,0.071,6,46.19,17.19,133.0,0.27
Bihar,Jamui,24.4706,86.3553,6.47,1.02,10.14,29.32,38.12,18.34,24.79,16.79,62.83,1126.7,0.815,0.071,6,46.19,17.19,339.0,0.87
Bihar,Jamui,24.6028,86.5144,6.61,1.13,11.65,29.99,35.67,16.59,24.79,16.79,62.83,1126.7,0.815,0.071,6,46.19,17.19,291.0,0.19
Bihar,Jamui,24.607,86.1867,6.49,1.09,11.95,29.5,39.51,18.53,24.79,16.79,62.83,1126.7,0.815,0.071,6,46.19,17.19,336.0,0.16
Bihar,Jehanabad,25.0942,85.0135,7.46,1.37,9.96,29.45,27.88,20.29,26.17,17.58,56.79,1013.2,0.846,0.059,7,48.25,17.21,76.0,0.05
Bihar,Jehanabad,25.1182,84.9257,7.58,1.42,9.91,31.7,25.42,24.83,26.17,17.58,56.79,1013.2,0.846,0.059,7,48.25,17.21,71.0,0.05
Bihar,Jehanabad,25.1972,84.5172,7.6,1.01,18.49,31.5,28.08,27.76,26.34,17.86,55.07,1000.8,0.851,0.057,7,48.41,17.21,73.0,0.31
Bihar,Jehanabad,25.2126,84.9898,7.47,1.16,9.4,32.59,25.76,23.95,26.17,17.58,56.79,1013.2,0.846,0.059,7,48.25,17.21,73.0,0.41
Bihar,Jehanabad,25.2813,84.9026,7.55,1.51,9.78,28.77,27.88,23.42,26.19,17.37,56.38,993.8,0.846,0.055,7,48.1,17.21,65.0,0.12
Bihar,Katihar,25.6797,87.5813,6.79,1.24,12.48,29.99,30.05,14.29,25.55,17.62,63.94,1228.9,0.766,0.075,6,45.49,16.66,34.0,0.12
Bihar,Katihar,25.779,87.8483,6.74,1.12,12.67,28.49,30.84,15.28,25.11,17.61,66.9,1700.7,0.77,0.067,5,44.96,16.66,35.0,0.15
Bihar,Katihar,25.5139,87.2817,6.91,1.3,13.56,27.33,27.99,16.74,25.55,17.62,63.94,1228.9,0.766,0.075,6,45.49,16.66,34.0,0.26
Bihar,Katihar,25.8446,87.8553,6.76,1.16,12.23,25.7,33.28,16.15,25.11,17.61,66.9,1700.7,0.77,0.067,5,44.96,16.66,36.0,0.0
Bihar,Katihar,25.3488,87.6629,6.66,1.09,12.65,29.84,28.02,16.62,25.55,17.62,63.94,1228.9,0.766,0.075,6,45.49,16.66,28.0,0.06
Bihar,Khagaria,25.3658,86.7573,6.93,1.17,12.6,27.36,32.41,18.52,25.84,17.66,61.07,1121.6,0.792,0.064,6,46.32,16.93,35.0,0.0
Bihar,Khagaria,25.3369,86.7615,7.0,1.24,12.87,28.5,31.07,17.51,25.84,17.66,61.07,1121.6,0.792,0.064,6,46.32,16.93,39.0,0.15
Bihar,Khagaria,25.376,86.7805,6.88,1.21,12.76,29.17,30.78,18.93,25.84,17.66,61.07,1121.6,0.792,0.064,6,46.32,16.93,34.0,0.29
Bihar,Khagaria,25.5761,86.5108,7.04,1.27,17.04,27.88,32.59,15.53,26.05,17.62,58.72,1026.0,0.826,0.059,6,46.96,16.93,39.0,0.08
Bihar,Khagaria,25.4031,86.7352,6.92,1.37,13.02,28.14,30.16,17.52,25.84,17.66,61.07,1121.6,0.792,0.064,6,46.32,16.93,33.0,0.16
Bihar,Kishanganj,26.2764,88.0569,6.11,1.33,12.86,23.03,32.76,18.65,24.23,17.59,64.88,1774.1,0.786,0.056,5,42.4,15.56,57.0,0.12
Bihar,Kishanganj,26.318,88.179,5.97,1.35,14.31,24.87,33.53,18.79,24.23,17.59,64.88,1774.1,0.786,0.056,5,42.4,15.56,63.0,0.21
Bihar,Kishanganj,26.2742,88.0743,5.96,1.29,12.89,23.41,33.4,18.32,24.23,17.59,64.88,1774.1,0.786,0.056,5,42.4,15.56,57.0,0.1
Bihar,Kishanganj,26.2829,88.1115,5.99,1.33,13.38,24.5,31.79,20.7,24.23,17.59,64.88,1774.1,0.786,0.056,5,42.4,15.56,60.0,0.19
Bihar,Kishanganj,26.3845,88.1177,6.03,1.29,14.59,24.54,32.39,18.6,24.23,17.59,64.88,1774.1,0.786,0.056,5,42.4,15.56,64.0,0.24
Bihar,Lakhisarai,25.0387,86.073,7.1,1.56,13.99,28.41,26.36,17.3,25.74,17.54,59.66,1034.8,0.823,0.066,6,46.97,16.93,55.0,0.08
Bihar,Lakhisarai,25.0044,86.0214,7.02,1.48,14.52,28.15,27.56,19.46,25.74,17.54,59.66,1034.8,0.823,0.066,6,46.97,16.93,52.0,0.08
Bihar,Lakhisarai,25.1098,86.0428,7.16,1.46,11.79,28.47,26.5,15.94,25.74,17.54,59.66,1034.8,0.823,0.066,6,46.97,16.93,49.0,0.08
Bihar,Lakhisarai,25.0905,86.196,6.84,1.48,12.22,29.29,29.12,17.87,25.74,17.54,59.66,1034.8,0.823,0.066,6,46.97,16.93,65.0,0.28
Bihar,Lakhisarai,25.1105,86.1513,6.85,1.36,11.75,27.89,28.36,16.58,25.74,17.54,59.66,1034.8,0.823,0.066,6,46.97,16.93,52.0,0.05
Bihar,Madhepura,25.6678,86.9969,6.95,1.74,12.85,26.21,31.81,14.48,25.84,17.66,61.07,1121.6,0.792,0.064,6,46.32,16.93,42.0,0.19
Bihar,Madhepura,26.0518,86.7965,6.86,1.28,12.66,27.17,31.43,16.45,25.58,17.47,61.34,1163.4,0.796,0.056,6,46.1,16.77,49.0,0.05
Bihar,Madhepura,26.0013,86.7203,6.67,1.26,13.64,29.05,32.17,16.69,25.58,17.47,61.34,1163.4,0.796,0.056,6,46.1,16.77,45.0,0.08
Bihar,Madhepura,26.0118,86.973,6.81,1.62,12.79,27.04,31.26,15.68,25.58,17.47,61.34,1163.4,0.796,0.056,6,46.1,16.77,49.0,0.21
Bihar,Madhepura,25.5103,86.9669,6.96,1.33,26.58,28.2,28.92,15.11,25.84,17.66,61.07,1121.6,0.792,0.064,6,46.32,16.93,35.0,0.08
Bihar,Madhubani,26.3461,86.2222,6.91,1.25,11.37,30.26,29.21,18.84,25.54,17.53,57.55,1104.1,0.805,0.05,6,45.46,16.77,54.0,0.2
Bihar,Madhubani,26.2334,86.0919,7.02,1.18,11.8,27.97,29.54,15.06,25.9,17.51,58.49,1068.9,0.82,0.053,6,46.67,16.77,49.0,0.23
Bihar,Madhubani,26.3931,86.2685,6.86,1.3,11.96,27.2,29.17,18.22,25.54,17.53,57.55,1104.1,0.805,0.05,6,45.46,16.77,60.0,0.24
Bihar,Madhubani,26.3191,86.4404,6.78,1.08,12.04,28.31,31.15,22.33,25.54,17.53,57.55,1104.1,0.805,0.05,6,45.46,16.77,56.0,0.17
Bihar,Madhubani,26.4466,86.1182,6.84,1.29,11.33,29.21,32.51,16.69,25.54,17.53,57.55,1104.1,0.805,0.05,6,45.46,16.77,63.0,0.19
Bihar,Munger,25.1974,86.4354,6.68,1.46,16.25,28.46,33.05,19.49,25.74,17.54,59.66,1034.8,0.823,0.066,6,46.97,16.93,64.0,0.6
Bihar,Munger,25.0729,86.4373,6.76,1.78,16.4,28.14,33.58,18.95,25.74,17.54,59.66,1034.8,0.823,0.066,6,46.97,16.93,137.0,3.87
Bihar,Munger,25.2527,86.5694,6.7,1.74,16.51,33.12,31.24,22.74,25.84,17.66,61.07,1121.6,0.792,0.064,6,46.32,16.93,42.0,0.21
Bihar,Munger,25.2894,86.5815,7.06,1.32,19.18,30.14,30.54,21.27,25.84,17.66,61.07,1121.6,0.792,0.064,6,46.32,16.93,37.0,0.23
Bihar,Munger,25.2073,86.5816,6.6,1.81,16.01,32.41,30.34,21.58,25.68,17.77,61.64,1120.7,0.781,0.075,6,46.6,16.93,40.0,0.34
Bihar,Muzaffarpur,26.3413,85.2786,6.93,1.62,12.02,29.77,30.3,14.04,25.82,17.14,56.99,1133.0,0.836,0.047,7,47.48,17.0,58.0,0.08
Bihar,Muzaffarpur,26.1994,85.5054,7.08,1.09,11.82,27.69,30.25,13.12,26.04,17.38,57.03,1060.2,0.839,0.051,6,47.6,17.0,52.0,0.05
Bihar,Muzaffarpur,26.3017,84.9066,7.09,0.97,11.19,27.6,31.92,14.48,25.82,17.14,56.99,1133.0,0.836,0.047,7,47.48,16.86,60.0,0.08
Bihar,Muzaffarpur,26.1484,84.9993,6.94,1.08,10.44,26.91,30.84,13.89,26.1,17.29,56.12,1041.5,0.846,0.051,7,47.97,16.86,64.0,0.3
Bihar,Muzaffarpur,26.1662,85.4715,6.87,1.21,11.69,26.29,29.46,12.63,26.04,17.38,57.03,1060.2,0.839,0.051,6,47.6,17.0,56.0,0.18
Bihar,Nalanda,25.1971,85.6151,7.24,1.56,14.98,29.21,24.86,18.63,25.9,17.37,58.45,1013.4,0.838,0.062,7,47.5,17.21,51.0,0.06
Bihar,Nalanda,25.1798,85.5855,7.24,1.51,14.5,28.43,25.25,18.52,25.9,17.37,58.45,1013.4,0.838,0.062,7,47.5,17.21,53.0,0.08
Bihar,Nalanda,25.1905,85.6288,7.2,1.6,14.78,29.75,24.64,18.55,25.9,17.37,58.45,1013.4,0.838,0.062,7,47.5,17.21,51.0,0.1
Bihar,Nalanda,25.4349,85.4745,7.26,1.35,14.77,29.87,27.51,18.82,26.18,17.46,57.42,1003.1,0.841,0.056,6,47.77,17.21,46.0,0.0
Bihar,Nalanda,25.047,85.424,7.2,1.43,11.01,28.84,27.63,17.17,25.9,17.37,58.45,1013.4,0.838,0.062,7,47.5,17.21,63.0,0.21
Bihar,Nawada,24.8154,86.0061,6.81,1.33,14.44,30.11,31.81,18.89,25.74,17.54,59.66,1034.8,0.823,0.066,6,46.97,17.19,221.0,2.64
Bihar,Nawada,24.9728,85.5999,7.23,1.49,11.19,30.72,26.44,18.06,25.9,17.37,58.45,1013.4,0.838,0.062,7,47.5,17.35,76.0,0.05
Bihar,Nawada,24.8328,85.4656,7.19,1.37,11.0,31.94,24.07,19.69,25.9,17.37,58.45,1013.4,0.838,0.062,7,47.5,17.35,94.0,0.05
Bihar,Nawada,24.8855,85.7949,7.04,1.23,10.88,29.56,25.15,20.13,25.9,17.37,58.45,1013.4,0.838,0.062,7,47.5,17.35,78.0,0.05
Bihar,Nawada,24.9822,85.6058,7.24,1.48,11.06,31.4,26.89,18.42,25.9,17.37,58.45,1013.4,0.838,0.062,7,47.5,17.35,76.0,0.08
Bihar,Pashchim Champaran,27.1973,84.3798,6.67,1.07,11.82,25.24,32.94,14.12,25.48,16.85,57.12,1239.5,0.825,0.046,6,47.24,17.62,97.0,0.12
Bihar,Pashchim Champaran,26.889,84.5808,7.0,0.94,11.95,27.04,31.14,14.29,25.48,16.85,57.12,1239.5,0.825,0.046,6,47.24,16.86,75.0,0.05
Bihar,Pashchim Champaran,27.0347,84.3798,6.81,0.95,11.76,23.6,35.35,15.22,25.48,16.85,57.12,1239.5,0.825,0.046,6,47.24,17.62,82.0,0.23
Bihar,Pashchim Champaran,26.8616,84.3622,6.87,0.97,10.79,23.05,31.84,13.57,25.48,16.85,57.12,1239.5,0.825,0.046,6,47.24,16.86,78.0,0.19
Bihar,Pashchim Champaran,27.174,84.526,6.76,1.05,11.61,22.41,32.68,14.26,25.48,16.85,57.12,1239.5,0.825,0.046,6,47.24,17.62,90.0,0.17
Bihar,Patna,25.4963,84.862,7.26,1.28,10.87,28.85,26.88,18.62,26.19,17.37,56.38,993.8,0.846,0.055,7,48.1,17.21,59.0,0.1
Bihar,Patna,25.354,84.7962,6.71,1.79,13.45,28.96,27.36,23.57,26.19,17.37,56.38,993.8,0.846,0.055,7,48.1,17.21,66.0,0.17
Bihar,Patna,25.533,85.1308,6.82,1.34,13.08,27.21,28.34,15.92,26.19,17.37,56.38,993.8,0.846,0.055,7,48.1,17.21,50.0,0.06
Bihar,Patna,25.441,85.0113,7.31,1.24,13.15,28.96,25.11,16.32,26.19,17.37,56.38,993.8,0.846,0.055,7,48.1,17.21,56.0,0.35
Bihar,Patna,25.2304,84.7902,7.31,1.38,10.39,33.32,26.78,28.66,26.17,17.58,56.79,1013.2,0.846,0.059,7,48.25,17.21,68.0,0.05
Bihar,Purba Champaran,26.32,84.8127,7.1,1.04,13.1,27.01,30.73,15.22,25.82,17.14,56.99,1133.0,0.836,0.047,7,47.48,16.86,62.0,0.0
Bihar,Purba Champaran,26.821,85.1573,6.7,1.08,11.64,26.98,30.78,15.11,25.21,17.12,56.31,1219.2,0.816,0.046,7,45.41,17.0,76.0,0.1
Bihar,Purba Champaran,26.3674,85.1962,6.96,0.99,10.62,27.05,31.09,13.55,25.82,17.14,56.99,1133.0,0.836,0.047,7,47.48,17.0,59.0,0.4
Bihar,Purba Champaran,26.8593,84.7559,6.92,0.98,11.06,25.66,32.02,14.35,25.21,17.12,56.31,1219.2,0.816,0.046,7,45.41,16.86,71.0,0.12
Bihar,Purba Champaran,26.6864,84.7612,7.04,0.92,17.9,26.72,33.24,13.22,25.82,17.14,56.99,1133.0,0.836,0.047,7,47.48,16.86,66.0,0.29
Bihar,Purnia,25.9447,87.6704,6.51,1.24,12.85,23.75,34.74,19.02,25.36,17.55,63.8,1347.5,0.784,0.061,5,45.18,16.66,40.0,0.11
Bihar,Purnia,25.7639,87.6563,6.68,1.16,12.09,26.71,29.97,15.77,25.36,17.55,63.8,1347.5,0.784,0.061,5,45.18,16.66,36.0,0.05
Bihar,Purnia,25.555,87.2249,6.85,1.29,12.95,26.82,28.37,18.26,25.55,17.62,63.94,1228.9,0.766,0.075,6,45.49,16.66,31.0,0.15
Bihar,Purnia,25.7373,87.3101,6.67,1.5,12.55,27.07,29.37,15.12,25.55,17.62,63.94,1228.9,0.766,0.075,6,45.49,16.66,38.0,0.0
Bihar,Purnia,25.7266,87.4502,6.8,1.34,12.48,27.08,27.0,14.53,25.55,17.62,63.94,1228.9,0.766,0.075,6,45.49,16.66,35.0,0.23
Bihar,Rohtas,25.2611,84.2497,7.03,1.63,10.5,31.13,27.91,26.4,26.23,17.38,55.25,968.2,0.85,0.053,8,48.31,17.21,83.0,0.08
Bihar,Rohtas,24.881,84.1596,7.53,1.62,10.11,32.61,25.65,28.0,26.34,17.86,55.07,1000.8,0.851,0.057,7,48.41,18.0,109.0,0.4
Bihar,Rohtas,24.8396,83.8202,6.72,1.44,16.58,38.32,23.7,37.46,26.22,17.85,53.49,912.7,0.857,0.056,8,48.04,18.02,132.0,11.79
Bihar,Rohtas,24.5434,83.7489,7.26,1.08,11.32,38.16,23.28,39.84,25.78,17.74,55.19,1011.9,0.859,0.059,7,47.45,18.02,156.0,0.55
Bihar,Rohtas,24.6649,83.8703,7.27,1.11,13.65,45.5,18.69,44.04,25.78,17.74,55.19,1011.9,0.859,0.059,7,47.45,18.02,476.0,1.03
Bihar,Saharsa,25.8768,86.3971,7.09,1.5,13.38,28.31,31.35,14.36,25.9,17.51,58.49,1068.9,0.82,0.053,6,46.67,16.93,41.0,0.15
Bihar,Saharsa,25.6717,86.6467,6.98,1.7,14.2,29.85,29.65,16.77,25.84,17.66,61.07,1121.6,0.792,0.064,6,46.32,16.93,36.0,0.16
Bihar,Saharsa,25.9552,86.5367,7.0,1.55,14.14,28.21,31.15,16.58,25.9,17.51,58.49,1068.9,0.82,0.053,6,46.67,16.93,44.0,0.29
Bihar,Saharsa,25.6129,86.5089,7.09,1.34,13.17,28.03,30.04,15.19,26.05,17.62,58.72,1026.0,0.826,0.059,6,46.96,16.93,37.0,0.13
Bihar,Saharsa,25.8898,86.4326,7.06,1.25,16.35,26.05,31.85,15.44,25.9,17.51,58.49,1068.9,0.82,0.053,6,46.67,16.93,41.0,0.0
Bihar,Samastipur,25.5151,85.6182,7.19,1.35,17.08,31.91,31.9,15.7,26.18,17.46,57.42,1003.1,0.841,0.056,6,47.77,17.21,46.0,0.05
Bihar,Samastipur,25.7062,85.6923,7.25,1.24,14.43,27.51,31.75,15.43,26.18,17.46,57.42,1003.1,0.841,0.056,6,47.77,17.21,47.0,0.35
Bihar,Samastipur,25.9773,85.8144,6.79,1.4,11.73,28.11,32.27,13.99,26.04,17.38,57.03,1060.2,0.839,0.051,6,47.6,17.21,53.0,0.13
Bihar,Samastipur,25.8087,86.1336,7.01,1.14,12.8,28.48,31.02,14.36,25.9,17.51,58.49,1068.9,0.82,0.053,6,46.67,16.93,43.0,0.23
Bihar,Samastipur,25.876,86.0982,7.02,1.39,11.71,29.49,30.87,15.53,25.9,17.51,58.49,1068.9,0.82,0.053,6,46.67,16.93,43.0,0.18
Bihar,Saran,25.7907,84.9494,7.17,1.08,11.49,30.54,29.87,15.1,26.1,17.29,56.12,1041.5,0.846,0.051,7,47.97,17.21,52.0,0.2
Bihar,Saran,25.8336,85.0259,7.3,1.26,11.28,27.84,27.22,16.19,26.1,17.29,56.12,1041.5,0.846,0.051,7,47.97,17.21,51.0,0.15
Bihar,Saran,26.0876,84.8348,7.08,0.97,11.63,27.49,31.29,14.08,26.1,17.29,56.12,1041.5,0.846,0.051,7,47.97,16.86,59.0,0.16
Bihar,Saran,25.7243,85.1151,7.14,1.24,18.77,25.8,31.15,13.77,26.19,17.37,56.38,993.8,0.846,0.055,7,48.1,17.21,43.0,0.75
Bihar,Saran,25.9066,85.0203,6.82,1.23,11.35,25.45,28.87,12.96,26.1,17.29,56.12,1041.5,0.846,0.051,7,47.97,17.21,53.0,0.15
Bihar,Sheikhpura,25.1282,85.8122,7.13,1.21,10.62,27.87,27.35,16.88,25.9,17.37,58.45,1013.4,0.838,0.062,7,47.5,17.21,49.0,0.08
Bihar,Sheikhpura,25.2396,85.844,7.22,1.54,13.56,28.15,27.75,17.15,25.9,17.37,58.45,1013.4,0.838,0.062,7,47.5,17.21,42.0,0.05
Bihar,Sheikhpura,25.1346,85.7306,7.26,1.41,13.4,29.09,24.57,16.65,25.9,17.37,58.45,1013.4,0.838,0.062,7,47.5,17.21,52.0,0.06
Bihar,Sheikhpura,25.0643,85.8106,7.19,1.66,12.57,25.48,28.59,17.89,25.9,17.37,58.45,1013.4,0.838,0.062,7,47.5,17.21,60.0,2.44
Bihar,Sheikhpura,25.1042,85.7311,7.26,1.44,10.95,25.98,27.24,16.38,25.9,17.37,58.45,1013.4,0.838,0.062,7,47.5,17.21,55.0,0.18
Bihar,Sheohar,26.5472,85.2668,6.84,1.54,12.04,27.62,30.32,15.77,25.82,17.14,56.99,1133.0,0.836,0.047,7,47.48,17.0,64.0,0.23
Bihar,Sheohar,26.6176,85.2753,6.93,1.33,12.46,24.81,29.93,15.11,25.82,17.14,56.99,1133.0,0.836,0.047,7,47.48,17.0,66.0,0.28
Bihar,Sheohar,26.3358,85.3243,6.91,1.37,11.55,27.61,31.52,14.02,25.8,17.38,57.37,1144.7,0.827,0.048,7,46.41,17.0,58.0,0.17
Bihar,Sheohar,26.446,85.4172,6.71,1.47,13.03,25.76,28.17,14.87,25.8,17.38,57.37,1144.7,0.827,0.048,7,46.41,17.0,58.0,0.15
Bihar,Sheohar,26.4654,85.2301,6.84,1.21,12.86,28.06,29.46,17.26,25.82,17.14,56.99,1133.0,0.836,0.047,7,47.48,17.0,60.0,0.0
Bihar,Sitamarhi,26.7024,85.3542,6.92,1.15,12.33,25.73,28.27,12.2,25.8,17.38,57.37,1144.7,0.827,0.048,7,46.41,17.0,70.0,0.18
Bihar,Sitamarhi,26.6707,85.495,6.96,1.11,12.94,25.93,28.6,14.83,25.8,17.38,57.37,1144.7,0.827,0.048,7,46.41,17.0,66.0,0.17
Bihar,Sitamarhi,26.6237,85.5605,6.94,1.35,12.47,25.53,30.26,15.18,25.8,17.38,57.37,1144.7,0.827,0.048,7,46.41,17.0,62.0,0.06
Bihar,Sitamarhi,26.6007,85.6719,6.9,1.1,12.55,26.77,29.37,14.1,25.8,17.38,57.37,1144.7,0.827,0.048,7,46.41,17.0,59.0,0.1
Bihar,Sitamarhi,26.6535,85.6719,6.95,1.11,12.41,26.39,27.49,12.64,25.8,17.38,57.37,1144.7,0.827,0.048,7,46.41,17.0,64.0,0.05
Bihar,Siwan,26.3118,84.5776,6.92,0.97,10.96,26.07,30.76,14.42,25.81,16.97,56.46,1112.0,0.842,0.046,7,47.99,16.86,65.0,0.08
Bihar,Siwan,26.2942,84.3769,7.06,1.01,9.93,28.63,31.55,15.16,25.81,16.97,56.46,1112.0,0.842,0.046,7,47.99,16.86,69.0,0.21
Bihar,Siwan,26.0858,84.4196,7.26,0.98,9.31,31.5,28.31,14.17,26.08,17.18,55.53,1011.6,0.849,0.05,7,48.19,16.86,60.0,0.08
Bihar,Siwan,26.2854,84.4419,7.01,0.96,11.63,27.25,32.01,14.26,25.81,16.97,56.46,1112.0,0.842,0.046,7,47.99,16.86,63.0,0.23
Bihar,Siwan,26.1394,84.2094,6.69,0.97,11.18,26.65,28.95,14.85,26.08,17.18,55.53,1011.6,0.849,0.05,7,48.19,16.86,62.0,0.05
Bihar,Supaul,26.2074,87.0347,6.69,1.09,12.69,25.5,30.8,16.03,25.58,17.47,61.34,1163.4,0.796,0.056,6,46.1,16.23,61.0,0.05
Bihar,Supaul,26.1878,86.9975,6.67,1.33,12.85,26.43,31.14,16.77,25.58,17.47,61.34,1163.4,0.796,0.056,6,46.1,16.77,58.0,0.24
Bihar,Supaul,26.2605,86.9435,6.74,1.06,13.15,24.81,32.74,16.44,25.04,17.49,59.48,1152.1,0.787,0.051,6,44.21,16.77,65.0,0.13
Bihar,Supaul,26.1491,86.6776,6.87,1.63,12.52,27.2,30.52,18.37,25.58,17.47,61.34,1163.4,0.796,0.056,6,46.1,16.77,52.0,0.29
Bihar,Supaul,26.1192,86.6453,6.88,1.73,13.92,27.88,30.26,17.26,25.58,17.47,61.34,1163.4,0.796,0.056,6,46.1,16.77,52.0,0.12
Bihar,Vaishali,25.5513,85.4304,7.3,1.23,12.33,29.97,28.63,16.52,26.18,17.46,57.42,1003.1,0.841,0.056,6,47.77,17.21,47.0,0.1
Bihar,Vaishali,25.7861,85.5015,7.09,1.25,12.06,29.75,32.85,13.88,26.04,17.38,57.03,1060.2,0.839,0.051,6,47.6,17.21,51.0,0.23
Bihar,Vaishali,25.9321,85.171,7.03,1.31,11.56,26.55,31.98,14.01,26.1,17.29,56.12,1041.5,0.846,0.051,7,47.97,17.21,53.0,0.23
Bihar,Vaishali,25.8241,85.3164,7.09,1.17,15.79,27.16,31.24,13.46,26.04,17.38,57.03,1060.2,0.839,0.051,6,47.6,17.21,50.0,0.15
Bihar,Vaishali,25.8663,85.408,7.06,1.25,14.32,25.58,32.62,12.75,26.04,17.38,57.03,1060.2,0.839,0.051,6,47.6,17.21,50.0,0.18
Chandigarh,Chandigarh,30.6963,76.7495,7.07,1.33,12.05,24.51,41.59,17.3,24.16,14.72,47.72,1053.0,0.806,0.027,8,47.93,18.81,323.0,0.3
Chandigarh,Chandigarh,30.7088,76.7533,6.96,1.34,12.04,25.28,42.02,17.83,24.16,14.72,47.72,1053.0,0.806,0.027,8,47.93,18.81,325.0,0.36
Chandigarh,Chandigarh,30.7556,76.7897,6.51,1.66,14.38,27.01,41.72,16.56,21.15,12.26,50.32,1093.2,0.787,0.03,8,43.87,18.81,357.0,0.2
Chandigarh,Chandigarh,30.7205,76.8192,6.66,1.65,14.67,26.46,41.22,17.44,24.16,14.72,47.72,1053.0,0.806,0.027,8,47.93,18.81,338.0,0.5
Chandigarh,Chandigarh,30.7242,76.7459,6.7,1.54,13.53,24.73,43.09,16.55,24.16,14.72,47.72,1053.0,0.806,0.027,8,47.93,18.81,330.0,0.2
Chhattisgarh,Bastar,19.7686,82.0487,6.39,1.4,12.61,34.59,39.06,28.58,24.37,18.93,65.23,1441.5,0.846,0.067,7,45.49,18.05,649.0,0.42
Chhattisgarh,Bastar,19.8882,80.8587,5.82,1.89,21.62,36.84,35.47,25.85,25.95,21.4,61.55,1439.7,0.864,0.061,7,47.34,18.41,577.0,5.76
Chhattisgarh,Bastar,19.5676,81.7483,6.36,1.37,12.36,30.12,39.1,29.26,24.04,18.81,67.49,1503.8,0.826,0.074,6,45.33,18.23,593.0,0.68
Chhattisgarh,Bastar,19.3948,81.3554,5.86,1.4,16.66,33.6,38.98,25.77,24.79,20.33,64.45,1486.4,0.831,0.071,6,45.81,18.23,470.0,2.15
Chhattisgarh,Bastar,19.4416,81.0075,5.82,2.34,24.31,36.22,39.94,25.9,24.79,20.33,64.45,1486.4,0.831,0.071,6,45.81,18.23,767.0,2.43
Chhattisgarh,Bilaspur,22.2288,81.8595,7.39,0.97,8.74,41.33,18.11,33.99,26.24,19.78,57.18,1270.7,0.855,0.058,7,48.81,18.14,292.0,0.16
Chhattisgarh,Bilaspur,22.1052,81.8627,7.55,0.95,9.01,40.43,16.13,32.57,26.24,19.78,57.18,1270.7,0.855,0.058,7,48.81,18.14,272.0,0.12
Chhattisgarh,Bilaspur,22.3871,81.9327,6.33,1.79,22.09,45.18,17.22,36.24,25.25,19.03,56.35,1277.5,0.841,0.061,7,46.89,18.14,510.0,8.79
Chhattisgarh,Bilaspur,22.3006,81.7005,7.48,0.96,9.13,39.99,18.43,32.81,25.25,19.03,56.35,1277.5,0.841,0.061,7,46.89,18.14,320.0,0.34
Chhattisgarh,Bilaspur,22.3921,81.6151,6.89,1.2,20.43,42.18,20.48,34.66,25.25,19.03,56.35,1277.5,0.841,0.061,7,46.89,18.14,366.0,1.49
Chhattisgarh,Dantewada,18.7238,81.7183,5.97,2.14,22.41,29.98,38.81,25.96,25.68,21.62,67.75,1516.2,0.784,0.113,6,46.51,18.21,795.0,7.84
Chhattisgarh,Dantewada,18.3044,80.9104,6.06,1.32,15.58,29.73,38.69,18.52,27.1,23.26,63.67,1297.6,0.819,0.094,7,48.01,18.5,127.0,0.46
Chhattisgarh,Dantewada,18.7995,81.3053,6.47,1.33,11.94,31.52,35.71,30.18,25.08,20.87,65.99,1510.7,0.818,0.08,6,46.28,18.21,442.0,1.92
Chhattisgarh,Dantewada,18.5374,80.942,6.2,1.1,12.25,32.29,36.07,16.12,25.96,21.84,67.5,1477.3,0.799,0.102,6,47.24,18.5,186.0,0.44
Chhattisgarh,Dantewada,18.2009,81.1593,6.49,1.29,12.01,27.02,39.53,16.53,26.92,23.17,68.07,1365.6,0.759,0.146,6,48.01,18.21,177.0,0.56
Chhattisgarh,Dhamtari,20.2649,82.1065,6.34,1.2,11.18,36.91,37.99,27.23,25.46,19.74,62.42,1389.1,0.866,0.06,7,46.72,18.19,450.0,0.41
Chhattisgarh,Dhamtari,20.288,81.8056,6.68,1.23,24.51,37.44,33.95,34.49,25.46,19.74,62.42,1389.1,0.866,0.06,7,46.72,18.53,423.0,0.05
Chhattisgarh,Dhamtari,20.1561,81.8811,6.01,1.64,17.23,36.38,40.13,28.23,24.37,18.93,65.23,1441.5,0.846,0.067,7,45.49,18.53,605.0,1.06
Chhattisgarh,Dhamtari,20.5643,81.7039,6.51,1.31,9.46,36.55,38.01,23.11,25.46,19.74,62.42,1389.1,0.866,0.06,7,46.72,18.53,416.0,1.1
Chhattisgarh,Dhamtari,20.7884,81.7895,7.01,1.21,18.46,41.3,28.01,24.63,25.98,19.69,61.26,1337.3,0.876,0.056,7,47.99,18.53,294.0,0.23
Chhattisgarh,Durg,21.2871,81.3013,7.28,1.11,8.86,44.43,21.29,30.8,26.14,20.01,57.95,1289.7,0.868,0.055,7,48.33,18.59,277.0,0.21
Chhattisgarh,Durg,21.194,81.4911,7.26,1.13,8.98,40.43,23.62,30.5,25.99,19.85,60.78,1344.5,0.877,0.054,7,47.75,18.59,282.0,0.15
Chhattisgarh,Durg,20.6281,81.2813,6.61,1.15,13.66,34.74,34.84,18.81,25.53,19.85,62.53,1407.7,0.87,0.057,7,46.77,18.53,344.0,0.9
Chhattisgarh,Durg,20.7111,80.9601,6.78,1.18,10.53,36.16,29.23,20.61,25.53,19.85,62.53,1407.7,0.87,0.057,7,46.77,18.56,345.0,0.69
Chhattisgarh,Durg,20.9049,81.0766,6.91,1.12,9.43,42.42,22.52,25.62,25.99,19.85,60.78,1344.5,0.877,0.054,7,47.75,18.53,309.0,0.28
Chhattisgarh,Janjgir-Champa,21.7568,83.045,7.45,1.11,9.05,40.02,18.45,39.26,25.99,19.24,60.83,1352.0,0.856,0.062,7,48.14,18.27,204.0,0.4
Chhattisgarh,Janjgir-Champa,21.7201,82.6782,7.44,1.15,16.06,40.51,19.81,41.06,25.94,19.28,61.25,1319.6,0.866,0.057,7,48.4,18.47,213.0,0.77
Chhattisgarh,Janjgir-Champa,21.9626,82.4645,7.5,1.2,10.45,41.74,18.07,39.86,25.94,19.0,60.32,1300.3,0.85,0.06,7,48.64,18.47,262.0,0.49
Chhattisgarh,Janjgir-Champa,21.8331,82.4568,7.52,1.44,8.71,42.88,21.4,37.95,25.94,19.0,60.32,1300.3,0.85,0.06,7,48.64,18.47,255.0,0.21
Chhattisgarh,Janjgir-Champa,21.9215,82.5477,7.54,1.35,11.89,40.65,19.53,37.34,25.94,19.0,60.32,1300.3,0.85,0.06,7,48.64,18.47,248.0,0.15
Chhattisgarh,Jashpur,22.9499,84.0163,6.25,1.92,20.69,36.4,25.49,33.31,23.15,16.28,61.69,1335.9,0.847,0.068,7,44.04,18.0,855.0,4.55
Chhattisgarh,Jashpur,23.0665,84.1118,6.49,1.55,18.91,38.15,26.17,36.93,23.32,16.46,62.38,1369.2,0.837,0.07,7,44.09,17.64,905.0,5.92
Chhattisgarh,Jashpur,22.6196,83.8361,6.75,1.37,12.42,39.58,20.86,37.37,24.62,17.87,61.3,1358.7,0.852,0.066,7,46.19,18.0,398.0,0.51
Chhattisgarh,Jashpur,22.7574,84.1481,6.59,1.69,17.54,38.68,24.07,33.77,23.32,16.46,62.38,1369.2,0.837,0.07,7,44.09,18.0,570.0,3.75
Chhattisgarh,Jashpur,23.1508,83.8722,6.58,1.47,14.74,39.91,23.47,35.92,23.15,16.28,61.69,1335.9,0.847,0.068,7,44.04,17.76,857.0,1.62
Chhattisgarh,Kawardha,22.187,81.1322,6.38,1.54,16.81,42.42,18.09,39.66,25.78,19.86,55.97,1270.3,0.85,0.058,7,47.61,18.14,500.0,3.29
Chhattisgarh,Kawardha,21.9299,81.3065,7.38,1.0,8.51,41.53,19.01,35.93,25.78,19.86,55.97,1270.3,0.85,0.058,7,47.61,18.59,314.0,0.16
Chhattisgarh,Kawardha,22.1189,81.0862,6.24,1.88,22.01,42.48,19.22,39.31,25.78,19.86,55.97,1270.3,0.85,0.058,7,47.61,18.14,873.0,6.32
Chhattisgarh,Kawardha,22.0782,81.3921,7.42,0.92,8.37,43.46,16.67,33.81,25.78,19.86,55.97,1270.3,0.85,0.058,7,47.61,18.14,320.0,0.31
Chhattisgarh,Kawardha,21.8888,81.1216,7.26,0.95,9.49,42.39,19.58,35.9,25.78,19.86,55.97,1270.3,0.85,0.058,7,47.61,18.59,364.0,0.4
Chhattisgarh,Kanker,20.2274,81.4256,6.19,1.5,14.98,33.21,46.82,22.13,24.78,19.69,64.22,1454.3,0.85,0.064,7,45.88,18.53,445.0,1.72
Chhattisgarh,Kanker,20.075,81.3364,6.39,1.34,11.04,34.3,41.27,28.02,24.78,19.69,64.22,1454.3,0.85,0.064,7,45.88,18.53,636.0,0.64
Chhattisgarh,Kanker,20.0262,80.956,6.32,1.29,11.21,39.38,32.2,18.3,24.78,19.69,64.22,1454.3,0.85,0.064,7,45.88,18.56,339.0,0.98
Chhattisgarh,Kanker,20.2856,81.6879,6.52,1.17,10.01,35.81,42.43,27.02,25.46,19.74,62.42,1389.1,0.866,0.06,7,46.72,18.53,409.0,0.79
Chhattisgarh,Kanker,20.377,81.3124,6.65,1.16,8.84,35.84,40.53,28.15,25.53,19.85,62.53,1407.7,0.87,0.057,7,46.77,18.53,412.0,0.36
Chhattisgarh,Korba,22.3029,82.5092,7.43,1.09,10.34,45.74,17.11,39.73,25.37,18.63,59.0,1293.6,0.836,0.063,7,47.46,18.18,320.0,0.38
Chhattisgarh,Korba,22.7244,82.3487,7.36,1.03,9.29,41.99,17.47,34.04,25.37,18.63,59.0,1293.6,0.836,0.063,7,47.46,18.18,383.0,1.15
Chhattisgarh,Korba,22.3726,83.021,6.95,1.41,13.57,46.99,19.42,40.52,24.97,18.31,60.12,1351.8,0.848,0.064,7,46.71,18.0,289.0,0.59
Chhattisgarh,Korba,22.3369,82.9239,6.59,1.84,19.02,50.35,19.91,40.73,24.97,18.31,60.12,1351.8,0.848,0.064,7,46.71,18.18,344.0,10.32
Chhattisgarh,Korba,22.2654,82.8809,7.07,1.28,12.69,51.09,16.8,45.67,24.97,18.31,60.12,1351.8,0.848,0.064,7,46.71,18.18,445.0,0.72
Chhattisgarh,Koriya,23.5769,81.9327,7.05,1.22,13.18,41.28,20.41,43.22,24.44,17.6,55.84,1190.2,0.848,0.059,7,46.4,18.47,589.0,0.74
Chhattisgarh,Koriya,23.4102,82.3528,6.94,1.33,10.41,40.62,16.82,43.77,23.97,17.06,57.45,1175.6,0.842,0.06,7,45.56,18.07,676.0,1.48
Chhattisgarh,Koriya,23.367,82.3382,6.8,1.24,10.37,40.03,15.42,40.13,23.97,17.06,57.45,1175.6,0.842,0.06,7,45.56,18.07,611.0,0.27
Chhattisgarh,Koriya,23.1064,82.1863,7.35,0.98,7.92,41.51,14.5,39.8,24.16,17.62,57.04,1254.8,0.839,0.062,7,45.86,18.07,432.0,1.6
Chhattisgarh,Koriya,23.078,82.2201,7.45,0.98,8.36,42.68,14.68,40.18,24.92,18.39,56.91,1257.9,0.833,0.063,7,46.45,18.07,452.0,0.77
Chhattisgarh,Mahasamund,20.9607,82.3425,6.73,1.03,11.3,43.78,24.25,30.78,25.81,19.63,61.64,1353.8,0.873,0.057,7,47.64,18.19,381.0,1.17
Chhattisgarh,Mahasamund,21.3371,82.215,7.18,1.04,8.21,39.32,22.23,26.69,25.94,19.28,61.25,1319.6,0.866,0.057,7,48.4,18.47,280.0,0.9
Chhattisgarh,Mahasamund,21.164,82.2006,6.67,1.1,16.58,38.78,26.78,26.13,25.81,19.63,61.64,1353.8,0.873,0.057,7,47.64,18.47,306.0,0.61
Chhattisgarh,Mahasamund,21.4316,82.8409,7.01,1.01,10.17,42.59,20.01,34.64,26.06,19.42,62.01,1339.3,0.862,0.062,7,48.03,18.47,320.0,0.51
Chhattisgarh,Mahasamund,21.0591,82.1289,7.15,1.15,9.24,37.96,26.9,24.78,25.98,19.69,61.26,1337.3,0.876,0.056,7,47.99,18.47,290.0,0.06
Chhattisgarh,Raigarh,21.582,83.1398,7.45,1.18,8.69,42.7,19.22,38.85,26.06,19.42,62.01,1339.3,0.862,0.062,7,48.03,18.27,218.0,0.31
Chhattisgarh,Raigarh,22.7361,83.3756,6.47,1.68,19.85,40.36,22.88,36.32,24.97,18.31,60.12,1351.8,0.848,0.064,7,46.71,18.0,920.0,8.36
Chhattisgarh,Raigarh,21.4584,83.3407,7.0,1.26,14.19,42.54,22.1,33.18,26.06,19.42,62.01,1339.3,0.862,0.062,7,48.03,18.27,289.0,7.09
Chhattisgarh,Raigarh,21.6427,83.2123,7.26,1.1,11.71,45.01,18.2,40.21,26.06,19.42,62.01,1339.3,0.862,0.062,7,48.03,18.27,250.0,3.52
Chhattisgarh,Raigarh,21.6381,83.1112,7.49,1.16,8.2,41.27,18.25,38.96,26.06,19.42,62.01,1339.3,0.862,0.062,7,48.03,18.27,226.0,0.5
Chhattisgarh,Raipur,21.3625,81.7958,7.15,1.15,8.25,40.24,23.92,26.5,26.22,19.66,59.52,1291.1,0.87,0.056,7,48.89,18.59,270.0,0.12
Chhattisgarh,Raipur,21.741,81.9778,7.45,0.94,7.83,36.46,18.15,33.53,26.22,19.66,59.52,1291.1,0.87,0.056,7,48.89,18.59,262.0,0.35
Chhattisgarh,Raipur,21.7246,82.4699,7.44,1.12,22.19,40.7,20.77,38.85,25.94,19.28,61.25,1319.6,0.866,0.057,7,48.4,18.47,223.0,0.06
Chhattisgarh,Raipur,21.6727,82.9138,7.47,1.05,8.11,40.31,17.88,41.6,26.06,19.42,62.01,1339.3,0.862,0.062,7,48.03,18.47,220.0,0.38
Chhattisgarh,Raipur,21.8244,81.9486,7.42,1.1,11.83,37.49,18.85,30.37,26.24,19.78,57.18,1270.7,0.855,0.058,7,48.81,18.59,236.0,0.41
Chhattisgarh,Raj Nandgaon,20.8885,80.8569,6.85,1.16,9.77,40.68,26.34,26.59,26.06,20.49,59.27,1346.6,0.881,0.051,7,47.55,18.56,317.0,0.43
Chhattisgarh,Raj Nandgaon,21.0024,80.8421,7.0,1.17,9.71,41.72,24.8,28.84,26.06,20.49,59.27,1346.6,0.881,0.051,7,47.55,18.45,320.0,0.53
Chhattisgarh,Raj Nandgaon,20.4677,80.7654,6.43,1.2,11.24,40.56,26.71,24.29,26.0,20.6,61.23,1404.7,0.879,0.054,7,47.61,18.56,365.0,0.27
Chhattisgarh,Raj Nandgaon,20.5674,80.7182,6.4,1.17,11.89,41.49,27.37,32.32,26.0,20.6,61.23,1404.7,0.879,0.054,7,47.61,18.56,413.0,2.69
Chhattisgarh,Raj Nandgaon,20.8378,80.7174,6.96,1.1,9.67,45.43,23.94,29.6,26.06,20.49,59.27,1346.6,0.881,0.051,7,47.55,18.56,352.0,0.28
Chhattisgarh,Surguja,22.8677,83.1771,6.13,1.73,20.48,41.2,20.65,37.11,23.81,17.13,59.64,1310.1,0.843,0.066,7,44.74,18.0,744.0,6.01
Chhattisgarh,Surguja,23.2513,83.1009,7.33,1.06,9.85,45.6,15.5,40.92,24.44,17.51,57.1,1202.0,0.845,0.066,7,45.31,17.76,547.0,0.82
Chhattisgarh,Surguja,23.5027,83.5011,6.3,1.82,20.71,42.43,20.31,36.45,23.42,16.35,59.5,1251.6,0.848,0.067,7,44.26,17.76,693.0,3.91
Chhattisgarh,Surguja,23.9672,83.4959,6.88,1.11,11.14,40.7,16.46,41.51,25.31,17.76,56.5,1136.2,0.855,0.064,7,46.81,17.76,420.0,2.72
Chhattisgarh,Surguja,23.4405,83.2546,6.95,1.39,11.08,43.42,17.96,39.7,24.44,17.51,57.1,1202.0,0.845,0.066,7,45.31,17.76,590.0,0.62
Dadra and Nagar Haveli,Dadra and Nagar Haveli,20.1372,73.162,6.48,2.73,15.78,37.37,34.85,27.99,26.63,24.23,62.63,2326.1,0.949,0.041,7,45.41,18.72,117.0,1.24
Dadra and Nagar Haveli,Dadra and Nagar Haveli,20.2895,73.0804,6.68,1.96,13.03,38.75,35.39,29.02,26.87,24.16,62.04,2019.7,0.954,0.037,7,45.3,18.72,109.0,0.96
Dadra and Nagar Haveli,Dadra and Nagar Haveli,20.1008,73.1895,6.29,2.23,17.73,36.49,34.03,27.31,26.63,24.23,62.63,2326.1,0.949,0.041,7,45.41,18.72,306.0,6.93
Dadra and Nagar Haveli,Dadra and Nagar Haveli,20.2822,73.0493,6.67,1.77,12.11,40.81,32.7,27.52,26.87,24.16,62.04,2019.7,0.954,0.037,7,45.3,18.72,63.0,0.47
Dadra and Nagar Haveli,Dadra and Nagar Haveli,20.0699,73.1763,6.35,2.09,15.84,36.94,33.37,27.94,26.63,24.23,62.63,2326.1,0.949,0.041,7,45.41,18.72,323.0,1.24
Daman and Diu,Daman,20.385,72.8309,7.16,1.92,18.64,32.52,33.48,27.26,26.87,24.16,62.04,2019.7,0.954,0.037,7,45.3,19.09,13.0,0.64
Daman and Diu,Daman,20.4167,72.839,7.02,2.24,25.86,29.68,33.13,26.84,26.87,24.16,62.04,2019.7,0.954,0.037,7,45.3,19.09,6.0,0.6
Daman and Diu,Daman,20.4065,72.842,7.12,2.02,24.93,30.78,34.37,26.39,26.87,24.16,62.04,2019.7,0.954,0.037,7,45.3,19.09,12.0,0.75
Daman and Diu,Daman,20.3929,72.8735,7.31,1.75,13.2,33.54,33.81,28.75,26.87,24.16,62.04,2019.7,0.954,0.037,7,45.3,19.09,12.0,0.27
Daman and Diu,Daman,20.4086,72.8556,7.02,2.55,24.78,30.06,33.63,27.19,26.87,24.16,62.04,2019.7,0.954,0.037,7,45.3,19.09,3.0,0.4
Daman and Diu,Junagadh,20.8428,70.8363,6.95,0.81,8.97,32.54,36.77,20.97,26.55,22.69,63.14,864.1,0.966,0.027,8,43.49,19.55,28.0,0.21
Daman and Diu,Junagadh,20.7528,70.7109,6.87,1.52,13.9,30.1,38.3,21.39,26.55,22.69,63.14,864.1,0.966,0.027,8,43.49,19.55,5.0,0.1
Daman and Diu,Junagadh,20.8054,70.819,7.02,0.89,12.46,34.26,33.26,20.94,26.55,22.69,63.14,864.1,0.966,0.027,8,43.49,19.55,9.0,0.21
Daman and Diu,Junagadh,20.8053,70.8149,7.0,0.9,12.47,34.38,33.35,20.72,26.55,22.69,63.14,864.1,0.966,0.027,8,43.49,19.55,10.0,0.26
Daman and Diu,Junagadh,20.9404,70.8499,7.03,0.95,9.27,30.48,36.99,21.65,26.55,22.69,63.14,864.1,0.966,0.027,8,43.49,19.55,95.0,1.61
Goa,North Goa,15.5175,74.1531,5.94,1.65,17.99,32.87,37.29,19.66,25.17,24.13,70.94,1889.4,0.854,0.085,6,42.39,18.63,32.0,1.08
Goa,North Goa,15.507,73.9964,5.9,2.39,34.52,33.08,36.7,23.53,27.44,26.7,73.75,2200.9,0.876,0.078,6,36.38,19.14,4.0,2.82
Goa,North Goa,15.4173,73.9796,6.07,3.17,28.11,35.04,37.22,22.19,27.44,26.7,73.75,2200.9,0.876,0.078,6,36.38,19.14,114.0,1.87
Goa,North Goa,15.5977,74.246,5.8,2.84,31.59,32.74,37.81,22.69,25.17,24.13,70.94,1889.4,0.854,0.085,6,42.39,18.63,307.0,14.02
Goa,North Goa,15.4705,74.0964,5.99,2.83,26.06,34.45,37.9,20.63,25.17,24.13,70.94,1889.4,0.854,0.085,6,42.39,18.63,30.0,1.72
Delhi,Delhi,28.7169,77.3059,7.73,0.83,6.57,24.08,47.5,12.03,25.6,15.42,45.56,751.0,0.827,0.033,8,48.79,17.6,214.0,0.3
Delhi,Delhi,28.6048,76.9957,8.05,0.82,6.9,20.65,44.7,13.4,25.71,15.36,43.52,647.1,0.81,0.032,8,48.64,17.86,216.0,0.31
Delhi,Delhi,28.5677,76.9064,7.96,0.94,9.37,25.24,42.4,19.34,25.71,15.36,43.52,647.1,0.81,0.032,8,48.64,17.86,214.0,0.18
Delhi,Delhi,28.7591,77.0178,8.06,0.81,6.95,24.16,39.41,14.53,25.5,15.05,44.37,686.9,0.808,0.03,8,49.08,17.6,215.0,0.06
Delhi,Delhi,28.5878,77.1923,7.7,0.94,6.69,14.7,55.08,10.76,25.6,15.42,45.56,751.0,0.827,0.033,8,48.79,17.6,237.0,0.54
Goa,South Goa,15.0532,74.0938,5.61,3.58,49.85,33.67,39.35,25.82,25.32,23.72,77.14,2320.2,0.86,0.085,6,39.71,18.63,309.0,11.55
Goa,South Goa,15.3522,74.2474,5.87,1.7,19.51,30.53,39.51,21.57,25.17,24.13,70.94,1889.4,0.854,0.085,6,42.39,18.63,93.0,0.97
Goa,South Goa,15.3716,73.9602,5.91,2.53,30.26,34.59,36.74,21.62,27.44,26.7,73.75,2200.9,0.876,0.078,6,36.38,19.14,0.0,3.79
Goa,South Goa,15.1322,73.9439,6.17,1.89,19.86,33.85,36.02,21.85,27.41,26.52,77.17,2831.1,0.88,0.077,6,32.67,19.14,44.0,1.7
Goa,South Goa,15.2002,74.2076,5.68,2.2,28.51,32.83,39.68,21.44,25.32,23.72,77.14,2320.2,0.86,0.085,6,39.71,18.63,176.0,2.07
Gujarat,Ahmadabad,22.7279,72.3195,7.33,0.99,8.31,30.9,32.8,28.0,27.55,21.66,52.34,843.0,0.964,0.021,8,47.69,19.57,18.0,0.0
Gujarat,Ahmadabad,22.9185,72.5658,7.38,1.13,8.63,34.8,29.95,31.46,27.57,21.36,48.32,769.0,0.964,0.018,8,48.58,19.57,36.0,0.12
Gujarat,Ahmadabad,22.2092,72.168,7.19,0.89,12.94,22.82,38.03,29.55,27.65,21.95,51.06,805.5,0.96,0.028,8,48.1,19.57,8.0,0.06
Gujarat,Ahmadabad,22.6163,72.1709,7.29,0.83,12.31,29.9,31.27,25.84,27.63,21.45,49.88,750.8,0.96,0.025,8,48.07,19.57,10.0,0.0
Gujarat,Ahmadabad,22.714,72.4729,7.17,1.04,9.06,33.79,29.87,32.21,27.55,21.66,52.34,843.0,0.964,0.021,8,47.69,19.57,20.0,0.42
Gujarat,Amreli,21.1734,71.4807,7.15,0.77,8.71,30.99,36.32,22.8,26.87,22.85,60.57,848.0,0.961,0.032,8,43.62,19.44,105.0,0.68
Gujarat,Amreli,21.0426,71.2393,7.01,0.85,9.19,30.0,33.84,20.71,26.87,22.85,60.57,848.0,0.961,0.032,8,43.62,19.44,134.0,1.14
Gujarat,Amreli,20.9896,71.2398,6.88,0.85,10.68,31.81,33.12,19.33,26.87,22.85,60.57,848.0,0.961,0.032,8,43.62,19.24,107.0,0.28
Gujarat,Amreli,21.4685,71.3466,7.34,0.91,7.61,24.66,36.46,24.52,27.01,22.29,54.18,815.3,0.961,0.03,8,47.37,19.44,86.0,0.16
Gujarat,Amreli,21.9067,71.1833,7.15,0.72,7.46,29.97,40.68,27.11,26.91,21.54,52.48,784.1,0.959,0.03,8,47.25,19.44,182.0,0.36
Gujarat,Anand,22.4556,73.0596,7.16,0.96,9.32,26.66,41.04,32.34,27.44,21.9,51.83,965.0,0.965,0.021,8,48.64,19.48,40.0,0.08
Gujarat,Anand,22.36,72.9084,7.2,1.07,11.59,26.69,38.69,31.35,27.44,21.9,51.83,965.0,0.965,0.021,8,48.64,19.57,26.0,0.17
Gujarat,Anand,22.5384,72.5068,7.28,0.95,14.3,31.57,29.41,30.64,27.55,21.66,52.34,843.0,0.964,0.021,8,47.69,19.57,12.0,0.0
Gujarat,Anand,22.3292,72.7058,7.2,1.0,10.66,26.31,37.18,29.39,27.55,21.66,52.34,843.0,0.964,0.021,8,47.69,19.57,21.0,0.12
Gujarat,Anand,22.3321,72.7251,7.21,1.19,11.98,27.77,36.48,29.88,27.55,21.66,52.34,843.0,0.964,0.021,8,47.69,19.57,21.0,0.06
Gujarat,Banas Kantha,24.1516,71.4394,7.25,1.04,7.5,23.07,45.25,28.53,27.59,20.21,45.72,543.6,0.948,0.028,8,47.94,20.18,22.0,0.0
Gujarat,Banas Kantha,24.4577,71.3742,7.37,1.08,9.74,22.14,42.44,24.66,27.76,19.77,42.91,458.9,0.936,0.031,9,48.0,20.18,16.0,0.15
Gujarat,Banas Kantha,24.0741,71.6294,7.08,0.93,7.53,24.34,49.15,31.68,27.57,20.72,44.91,598.2,0.952,0.024,8,48.06,20.18,42.0,0.2
Gujarat,Banas Kantha,24.4599,72.0273,7.41,1.02,7.78,22.26,45.19,29.58,27.49,20.11,42.98,528.5,0.944,0.026,8,47.92,19.87,142.0,0.33
Gujarat,Banas Kantha,24.5905,71.8472,7.4,0.96,7.88,20.46,41.93,26.51,27.49,20.11,42.98,528.5,0.944,0.026,8,47.92,20.18,87.0,0.08
Gujarat,Bharuch,21.7503,72.6692,7.06,1.03,12.55,36.39,29.7,27.7,27.46,22.33,58.91,951.4,0.964,0.025,8,44.15,19.45,7.0,0.05
Gujarat,Bharuch,21.6849,72.8296,7.04,1.07,11.77,36.2,29.41,29.1,27.46,23.48,57.11,1382.4,0.963,0.029,8,47.24,19.45,10.0,0.12
Gujarat,Bharuch,21.9814,72.8533,6.98,1.17,9.67,25.11,38.83,29.15,27.48,22.73,54.4,1130.0,0.965,0.025,8,47.75,19.45,8.0,0.15
Gujarat,Bharuch,21.7065,73.4663,7.07,1.09,11.73,37.3,32.58,33.02,26.73,23.01,56.55,1267.0,0.951,0.036,8,46.66,19.03,157.0,4.13
Gujarat,Bharuch,21.6168,73.2719,6.98,0.94,7.91,39.73,30.27,31.4,27.46,23.48,57.11,1382.4,0.963,0.029,8,47.24,19.03,78.0,0.17
Gujarat,Bhavnagar,21.2321,71.6427,7.21,0.83,13.13,32.36,33.07,26.7,27.1,23.2,65.67,907.9,0.957,0.034,8,40.92,19.44,107.0,0.47
Gujarat,Bhavnagar,21.1935,71.7278,7.2,0.86,7.3,31.76,34.51,25.49,27.1,23.2,65.67,907.9,0.957,0.034,8,40.92,19.44,68.0,0.56
Gujarat,Bhavnagar,21.8344,71.8808,7.2,0.9,9.69,23.63,37.64,30.54,27.65,21.95,51.06,805.5,0.96,0.028,8,48.1,19.44,11.0,0.0
Gujarat,Bhavnagar,21.1924,71.9018,6.87,0.83,7.83,35.19,34.69,27.02,27.1,23.2,65.67,907.9,0.957,0.034,8,40.92,19.44,25.0,0.34
Gujarat,Bhavnagar,21.853,71.8446,7.23,0.91,8.35,24.7,37.12,31.81,27.65,21.95,51.06,805.5,0.96,0.028,8,48.1,19.44,16.0,0.1
Gujarat,Dahod,22.7957,74.3565,7.44,0.86,8.56,33.59,29.91,35.88,26.12,20.84,51.08,882.6,0.939,0.035,8,47.58,19.09,308.0,0.31
Gujarat,Dahod,23.1205,73.9318,7.25,1.15,8.57,24.03,38.27,32.78,26.98,21.48,49.75,871.3,0.956,0.024,8,48.36,19.58,173.0,1.05
Gujarat,Dahod,23.0045,74.0707,7.2,0.94,7.94,30.35,35.28,34.87,26.12,20.84,51.08,882.6,0.939,0.035,8,47.58,19.26,342.0,2.02
Gujarat,Dahod,22.6094,73.6813,7.11,1.12,9.41,33.26,34.41,31.4,27.14,22.25,51.44,1002.9,0.957,0.026,8,48.13,19.48,212.0,2.57
Gujarat,Dahod,22.5404,73.7122,7.24,1.11,13.72,32.53,32.78,31.38,27.14,22.25,51.44,1002.9,0.957,0.026,8,48.13,19.48,137.0,1.87
Gujarat,Gandhinagar,23.2344,72.8288,7.55,1.08,7.89,31.11,33.88,30.78,27.36,21.4,49.16,842.2,0.964,0.018,8,48.63,19.89,85.0,0.46
Gujarat,Gandhinagar,23.1858,72.8435,7.57,1.0,8.83,28.54,34.97,30.81,27.36,21.4,49.16,842.2,0.964,0.018,8,48.63,19.89,79.0,0.06
Gujarat,Gandhinagar,23.1897,72.4609,7.59,1.11,7.52,32.09,33.98,34.25,27.57,21.36,48.32,769.0,0.964,0.018,8,48.58,19.89,58.0,0.2
Gujarat,Gandhinagar,23.3151,72.7545,7.64,1.03,8.16,29.53,34.02,29.2,27.4,21.07,46.41,717.8,0.962,0.018,8,48.22,19.89,91.0,0.08
Gujarat,Gandhinagar,23.2099,72.9595,7.49,1.09,8.03,28.61,33.13,32.42,27.36,21.4,49.16,842.2,0.964,0.018,8,48.63,19.89,90.0,0.2
Gujarat,Jamnagar,22.1767,70.3212,6.87,0.83,7.61,25.35,41.58,20.3,26.66,21.42,55.11,794.6,0.962,0.028,8,46.82,19.63,132.0,0.53
Gujarat,Jamnagar,22.8261,70.6014,7.16,1.01,9.26,23.93,44.32,23.95,27.2,20.83,52.92,612.9,0.955,0.031,8,46.44,19.63,17.0,0.16
Gujarat,Jamnagar,22.4604,69.8908,7.05,1.41,21.95,26.34,38.9,23.18,26.66,21.48,63.52,639.6,0.96,0.029,8,42.43,19.85,0.0,0.27
Gujarat,Jamnagar,22.5485,70.3317,7.22,0.91,8.53,24.16,43.25,25.48,26.76,21.01,55.88,713.8,0.959,0.03,8,46.1,19.63,34.0,0.17
Gujarat,Jamnagar,22.147,69.4349,6.81,0.83,8.87,23.84,51.49,18.76,26.56,21.97,66.62,668.5,0.966,0.024,8,41.07,19.85,37.0,0.19
Gujarat,Junagadh,21.5796,70.8083,7.04,0.84,8.11,27.63,39.63,20.04,26.72,22.16,57.08,841.8,0.966,0.027,8,47.02,19.35,159.0,0.31
Gujarat,Junagadh,21.2642,70.3404,7.16,0.89,9.27,25.96,37.2,23.83,26.72,22.16,57.08,841.8,0.966,0.027,8,47.02,19.35,74.0,0.24
Gujarat,Junagadh,20.7901,70.8707,6.99,1.13,11.97,34.79,34.9,19.16,26.55,22.69,63.14,864.1,0.966,0.027,8,43.49,19.55,15.0,0.26
Gujarat,Junagadh,20.9525,71.24,6.91,0.73,9.21,31.98,33.13,18.44,26.87,22.85,60.57,848.0,0.961,0.032,8,43.62,19.24,65.0,0.49
Gujarat,Junagadh,20.9316,70.6047,6.96,0.81,9.28,29.52,36.91,20.2,26.55,22.69,63.14,864.1,0.966,0.027,8,43.49,19.55,58.0,0.21
Gujarat,Kachchh,24.119,69.538,7.53,0.56,6.63,22.85,54.67,12.14,27.51,20.21,49.51,344.1,0.937,0.04,9,47.31,20.09,6.0,0.0
Gujarat,Kachchh,23.7468,70.7558,7.34,0.8,18.01,24.4,46.25,23.65,27.41,20.42,49.02,525.9,0.95,0.032,8,47.23,19.66,6.0,0.18
Gujarat,Kachchh,24.3272,71.217,7.19,1.42,33.9,24.78,36.21,24.88,27.76,19.77,42.91,458.9,0.936,0.031,9,48.0,20.18,2.0,0.0
Gujarat,Kachchh,23.8484,69.9671,7.6,1.01,16.17,23.23,43.7,26.45,27.67,20.24,47.29,389.0,0.938,0.039,9,47.2,19.62,5.0,0.0
Gujarat,Kachchh,22.9963,69.0542,7.22,0.94,7.8,24.5,44.16,17.71,26.25,21.6,69.68,472.1,0.955,0.03,9,37.27,19.85,23.0,0.33
Gujarat,Kheda,22.8343,73.0199,7.4,1.02,8.27,30.85,34.55,32.16,27.36,21.4,49.16,842.2,0.964,0.018,8,48.63,19.48,54.0,0.08
Gujarat,Kheda,22.7385,72.7714,7.26,1.04,9.03,36.48,30.17,30.95,27.55,21.66,52.34,843.0,0.964,0.021,8,47.69,19.57,29.0,0.39
Gujarat,Kheda,23.1289,73.0761,7.51,0.96,8.12,30.52,35.24,31.47,27.36,21.4,49.16,842.2,0.964,0.018,8,48.63,19.58,89.0,0.33
Gujarat,Kheda,22.5953,72.6069,7.16,0.98,8.97,33.26,31.51,31.94,27.55,21.66,52.34,843.0,0.964,0.021,8,47.69,19.57,18.0,0.12
Gujarat,Kheda,22.6214,72.9122,7.1,0.97,12.04,28.39,42.48,32.8,27.44,21.9,51.83,965.0,0.965,0.021,8,48.64,19.57,38.0,0.0
Gujarat,Mahesana,23.8936,72.6411,7.36,0.92,7.06,22.35,40.53,31.38,26.98,20.54,45.33,692.4,0.958,0.018,8,47.6,19.89,176.0,0.15
Gujarat,Mahesana,23.7236,72.4433,7.33,0.95,6.86,21.61,37.6,30.11,27.4,21.07,46.41,717.8,0.962,0.018,8,48.22,19.89,109.0,0.15
Gujarat,Mahesana,23.5317,72.5812,7.41,1.2,8.74,27.82,35.25,31.25,27.4,21.07,46.41,717.8,0.962,0.018,8,48.22,19.89,107.0,0.29
Gujarat,Mahesana,23.2916,72.3884,7.53,1.14,8.27,30.32,33.04,31.75,27.4,21.07,46.41,717.8,0.962,0.018,8,48.22,19.89,73.0,0.42
Gujarat,Mahesana,23.4632,72.0868,7.37,1.04,8.79,23.37,39.46,29.84,27.67,20.95,46.64,645.9,0.957,0.023,8,48.19,19.89,47.0,0.06
Gujarat,Narmada,21.6946,73.5518,6.9,1.12,13.18,36.16,31.64,30.77,26.73,23.01,56.55,1267.0,0.951,0.036,8,46.66,19.03,156.0,5.3
Gujarat,Narmada,21.7453,73.4425,6.89,1.1,13.4,36.64,32.95,30.95,26.73,23.01,56.55,1267.0,0.951,0.036,8,46.66,19.03,186.0,0.56
Gujarat,Narmada,21.8085,73.6839,6.85,1.37,18.87,39.28,30.43,30.21,26.81,22.53,54.1,1133.8,0.956,0.03,8,47.25,19.03,177.0,5.57
Gujarat,Narmada,21.8558,73.3337,7.03,1.15,9.2,37.65,31.42,33.0,27.48,22.73,54.4,1130.0,0.965,0.025,8,47.75,19.03,36.0,0.08
Gujarat,Narmada,21.8924,73.7991,7.15,1.17,10.95,38.03,31.92,28.99,26.81,22.53,54.1,1133.8,0.956,0.03,8,47.25,19.03,179.0,3.92
Gujarat,Navsari,20.7873,72.9255,6.96,1.58,16.26,40.18,27.24,25.12,27.28,23.98,60.13,1694.6,0.959,0.033,8,46.31,19.09,6.0,0.0
Gujarat,Navsari,20.8377,73.037,6.94,1.39,12.57,35.95,34.13,27.06,27.28,23.98,60.13,1694.6,0.959,0.033,8,46.31,18.72,21.0,0.36
Gujarat,Navsari,20.8256,73.2542,7.17,1.38,11.65,37.79,36.73,29.13,27.28,23.98,60.13,1694.6,0.959,0.033,8,46.31,18.72,60.0,0.24
Gujarat,Navsari,20.759,73.3117,6.81,1.58,12.92,37.03,38.67,30.13,27.28,23.98,60.13,1694.6,0.959,0.033,8,46.31,18.72,106.0,1.99
Gujarat,Navsari,20.7527,73.4292,6.87,1.56,12.57,36.31,38.73,32.66,27.28,23.98,60.13,1694.6,0.959,0.033,8,46.31,18.72,136.0,0.52
Gujarat,Panch Mahals,22.5839,73.4196,7.3,1.01,7.67,33.3,29.22,32.43,27.44,21.9,51.83,965.0,0.965,0.021,8,48.64,19.48,79.0,0.21
Gujarat,Panch Mahals,22.978,73.7181,7.3,1.02,7.74,27.4,36.36,32.0,26.98,21.48,49.75,871.3,0.956,0.024,8,48.36,19.48,131.0,0.4
Gujarat,Panch Mahals,22.9764,73.5798,7.28,0.99,7.17,24.91,35.08,34.1,26.98,21.48,49.75,871.3,0.956,0.024,8,48.36,19.48,112.0,0.33
Gujarat,Panch Mahals,22.8958,73.5209,7.31,0.98,7.57,33.56,30.14,34.5,26.98,21.48,49.75,871.3,0.956,0.024,8,48.36,19.48,101.0,0.38
Gujarat,Panch Mahals,22.7557,73.5287,7.36,0.98,7.9,32.54,31.8,29.78,26.98,21.48,49.75,871.3,0.956,0.024,8,48.36,19.48,105.0,0.27
Gujarat,Patan,23.953,72.028,7.44,1.19,8.91,22.16,37.11,30.08,27.57,20.72,44.91,598.2,0.952,0.024,8,48.06,19.89,68.0,0.15
Gujarat,Patan,23.5568,71.7552,7.4,1.18,9.04,23.03,37.44,27.21,27.67,20.95,46.64,645.9,0.957,0.023,8,48.19,20.09,24.0,0.05
Gujarat,Patan,23.4564,71.8096,7.35,1.19,8.5,21.03,37.94,28.93,27.67,20.95,46.64,645.9,0.957,0.023,8,48.19,20.09,26.0,0.12
Gujarat,Patan,23.5041,71.7878,7.38,1.17,8.49,22.47,38.71,27.73,27.67,20.95,46.64,645.9,0.957,0.023,8,48.19,20.09,28.0,0.33
Gujarat,Patan,23.6764,72.2905,7.43,1.12,8.15,21.49,37.23,31.3,27.4,21.07,46.41,717.8,0.962,0.018,8,48.22,19.89,81.0,0.11
Gujarat,Porbandar,21.6272,69.911,6.96,0.82,8.54,23.64,38.66,19.35,26.83,22.64,62.49,832.3,0.969,0.024,8,43.38,19.94,14.0,0.12
Gujarat,Porbandar,21.6907,69.8104,6.85,1.27,10.14,26.63,41.69,19.96,26.83,22.64,62.49,832.3,0.969,0.024,8,43.38,19.94,93.0,5.04
Gujarat,Porbandar,21.5103,69.7569,6.89,1.36,19.21,25.03,34.93,20.26,26.83,22.64,62.49,832.3,0.969,0.024,8,43.38,19.94,2.0,0.08
Gujarat,Porbandar,21.6455,69.6745,7.07,1.5,13.82,24.34,33.79,18.35,26.76,23.48,71.68,744.0,0.968,0.023,8,35.47,19.94,5.0,0.39
Gujarat,Porbandar,21.6074,69.9279,6.97,0.91,9.63,22.86,37.93,19.03,26.83,22.64,62.49,832.3,0.969,0.024,8,43.38,19.94,12.0,0.24
Gujarat,Rajkot,21.8256,70.3981,6.97,0.71,6.34,24.88,42.48,20.83,26.66,21.42,55.11,794.6,0.962,0.028,8,46.82,19.35,84.0,0.59
Gujarat,Rajkot,22.0716,71.1342,7.19,0.71,7.83,31.93,40.16,29.62,26.91,21.54,52.48,784.1,0.959,0.03,8,47.25,19.77,205.0,0.5
Gujarat,Rajkot,21.9165,70.9326,7.19,0.8,9.07,30.76,39.01,27.25,26.66,21.42,55.11,794.6,0.962,0.028,8,46.82,19.35,138.0,0.27
Gujarat,Rajkot,21.8363,70.4449,7.21,0.86,7.61,23.02,43.56,21.43,26.66,21.42,55.11,794.6,0.962,0.028,8,46.82,19.35,78.0,0.47
Gujarat,Rajkot,22.8266,70.9439,7.09,0.78,6.92,23.59,51.3,27.42,27.32,20.78,50.16,679.6,0.958,0.027,8,47.51,19.63,73.0,0.53
Gujarat,Sabar Kantha,23.1935,73.1276,7.49,0.97,7.84,31.88,33.66,32.1,27.36,21.4,49.16,842.2,0.964,0.018,8,48.63,19.58,94.0,0.26
Gujarat,Sabar Kantha,23.52,73.2969,7.41,1.06,8.31,29.83,36.36,33.7,27.1,21.01,47.05,765.8,0.963,0.017,8,48.21,19.58,160.0,0.29
Gujarat,Sabar Kantha,23.9728,72.912,7.42,0.97,7.33,22.6,37.85,30.63,26.41,20.32,45.98,735.2,0.96,0.017,8,47.28,19.89,194.0,0.52
Gujarat,Sabar Kantha,23.4385,73.06,7.39,1.04,8.26,27.6,35.47,29.34,27.1,21.01,47.05,765.8,0.963,0.017,8,48.21,19.58,118.0,0.11
Gujarat,Sabar Kantha,23.2492,73.0503,7.41,1.0,8.15,29.65,34.53,32.99,27.36,21.4,49.16,842.2,0.964,0.018,8,48.63,19.58,95.0,0.33
Gujarat,Surat,21.3734,73.0293,6.59,1.3,10.02,37.55,35.51,29.19,27.46,23.48,57.11,1382.4,0.963,0.029,8,47.24,19.03,32.0,0.23
Gujarat,Surat,21.1139,73.0346,6.9,1.58,12.81,34.81,35.38,29.02,27.28,23.98,60.13,1694.6,0.959,0.033,8,46.31,19.03,25.0,0.12
Gujarat,Surat,21.0748,72.728,6.91,1.81,33.15,33.61,31.05,25.81,27.05,23.57,71.3,1336.8,0.961,0.031,8,36.23,19.45,4.0,0.48
Gujarat,Surat,21.3511,73.6735,6.84,1.44,16.73,35.94,33.23,30.51,26.73,23.01,56.55,1267.0,0.951,0.036,8,46.66,19.03,226.0,11.66
Gujarat,Surat,21.3931,73.6278,6.96,1.16,10.81,38.57,32.61,30.65,26.73,23.01,56.55,1267.0,0.951,0.036,8,46.66,19.03,311.0,1.47
Gujarat,Surendranagar,22.7648,71.7115,7.45,1.01,13.13,31.13,36.7,29.11,27.62,21.11,48.66,699.7,0.959,0.024,8,48.1,19.77,55.0,0.12
Gujarat,Surendranagar,22.5563,71.6303,7.39,0.85,8.59,30.44,38.9,28.55,27.63,21.45,49.88,750.8,0.96,0.025,8,48.07,19.77,80.0,0.3
Gujarat,Surendranagar,22.6039,71.8502,7.38,0.99,8.12,30.18,36.95,29.51,27.63,21.45,49.88,750.8,0.96,0.025,8,48.07,19.77,37.0,0.11
Gujarat,Surendranagar,22.4277,71.3238,7.12,0.78,7.93,31.71,41.67,25.86,26.87,20.94,52.03,743.5,0.958,0.028,8,47.13,19.77,152.0,0.05
Gujarat,Surendranagar,22.9411,71.2389,7.15,0.84,7.65,23.73,51.07,29.05,27.32,20.78,50.16,679.6,0.958,0.027,8,47.51,19.77,58.0,0.16
Gujarat,The Dangs,21.003,73.6772,6.47,1.61,18.75,38.62,31.24,32.94,26.08,22.88,58.26,1393.7,0.944,0.043,8,45.52,19.03,442.0,8.82
Gujarat,The Dangs,20.577,73.6855,6.54,1.42,14.61,44.74,29.16,35.33,24.88,22.01,59.84,1512.2,0.934,0.051,7,44.36,18.72,435.0,1.17
Gujarat,The Dangs,20.8876,73.9259,6.66,1.72,15.37,44.68,24.21,38.95,26.08,22.88,58.26,1393.7,0.944,0.043,8,45.52,18.72,770.0,5.16
Gujarat,The Dangs,20.6497,73.8429,6.81,1.64,16.87,46.45,20.31,42.67,24.88,22.01,59.84,1512.2,0.934,0.051,7,44.36,18.72,878.0,9.57
Gujarat,The Dangs,20.6608,73.7498,6.77,1.63,16.29,44.56,24.81,36.29,24.88,22.01,59.84,1512.2,0.934,0.051,7,44.36,18.72,431.0,5.16
Gujarat,Vadodara,22.5656,73.2059,7.27,1.03,9.83,24.4,37.45,32.79,27.44,21.9,51.83,965.0,0.965,0.021,8,48.64,19.48,50.0,0.15
Gujarat,Vadodara,22.2218,73.9483,7.23,1.03,7.84,35.02,30.88,32.43,26.81,22.53,54.1,1133.8,0.956,0.03,8,47.25,19.48,128.0,0.46
Gujarat,Vadodara,22.3291,73.9187,7.27,0.97,8.46,34.41,33.01,33.74,27.14,22.25,51.44,1002.9,0.957,0.026,8,48.13,19.48,122.0,0.23
Gujarat,Vadodara,22.2301,73.2068,7.2,1.19,9.31,28.99,36.1,31.35,27.48,22.73,54.4,1130.0,0.965,0.025,8,47.75,19.48,27.0,0.21
Gujarat,Vadodara,21.9062,73.1744,7.19,1.13,9.05,37.49,29.79,33.73,27.48,22.73,54.4,1130.0,0.965,0.025,8,47.75,19.03,30.0,0.08
Gujarat,Valsad,20.139,73.2638,6.37,2.57,18.09,36.5,37.33,28.27,26.63,24.23,62.63,2326.1,0.949,0.041,7,45.41,18.72,152.0,3.14
Gujarat,Valsad,20.4725,73.19,6.47,1.86,13.69,37.51,34.43,26.94,26.87,24.16,62.04,2019.7,0.954,0.037,7,45.3,18.72,71.0,3.73
Gujarat,Valsad,20.3222,73.1509,6.57,1.9,13.56,39.68,34.81,28.07,26.87,24.16,62.04,2019.7,0.954,0.037,7,45.3,18.72,90.0,2.54
Gujarat,Valsad,20.4722,73.2718,6.27,1.86,17.79,36.87,33.88,28.06,26.87,24.16,62.04,2019.7,0.954,0.037,7,45.3,18.72,187.0,10.37
Gujarat,Valsad,20.5273,72.9239,6.75,1.72,18.19,30.34,35.28,25.6,26.87,24.16,62.04,2019.7,0.954,0.037,7,45.3,19.09,14.0,0.67
Haryana,Ambala,30.2102,76.9787,7.34,1.01,10.96,25.55,36.0,15.0,24.9,14.77,47.4,914.1,0.813,0.028,8,49.29,18.81,270.0,0.05
Haryana,Ambala,30.3038,77.0573,7.31,1.12,12.19,23.13,40.08,14.1,24.16,14.72,47.72,1053.0,0.806,0.027,8,47.93,18.15,281.0,0.19
Haryana,Ambala,30.342,76.9984,7.26,1.1,12.34,25.28,40.15,13.39,24.16,14.72,47.72,1053.0,0.806,0.027,8,47.93,18.81,284.0,0.08
Haryana,Ambala,30.2104,76.7576,7.53,1.02,11.27,29.65,32.99,15.44,24.9,14.77,47.4,914.1,0.813,0.028,8,49.29,18.81,261.0,0.06
Haryana,Ambala,30.3581,77.1497,6.69,1.45,14.97,26.26,39.59,13.78,24.16,14.72,47.72,1053.0,0.806,0.027,8,47.93,18.15,300.0,0.3
Haryana,Bhiwani,28.4762,75.9426,7.59,0.86,8.73,25.92,44.97,20.72,26.02,15.6,40.85,553.3,0.795,0.032,8,48.25,19.19,259.0,0.08
Haryana,Bhiwani,28.9465,75.5227,7.85,0.74,7.28,23.9,54.84,14.11,26.24,15.47,39.15,468.9,0.77,0.031,8,48.04,19.19,206.0,0.08
Haryana,Bhiwani,28.5303,76.029,7.69,0.84,8.56,27.65,44.07,20.03,26.02,15.6,40.85,553.3,0.795,0.032,8,48.25,17.86,248.0,0.17
Haryana,Bhiwani,28.8225,75.7359,7.63,0.97,9.39,23.44,48.47,18.27,26.24,15.47,39.15,468.9,0.77,0.031,8,48.04,19.19,213.0,0.16
Haryana,Bhiwani,28.7628,75.9555,7.73,0.74,7.02,20.06,50.91,18.72,25.83,15.22,41.96,566.1,0.785,0.032,8,48.65,19.19,219.0,0.57
Haryana,Faridabad,28.0527,77.1291,7.99,0.89,6.79,26.15,46.3,11.86,25.86,15.72,42.99,604.7,0.817,0.036,8,48.48,17.6,192.0,0.13
Haryana,Faridabad,28.128,77.1511,7.94,0.83,6.72,24.94,43.32,11.7,25.86,15.72,42.99,604.7,0.817,0.036,8,48.48,17.6,192.0,0.05
Haryana,Faridabad,28.1447,77.227,8.08,0.85,6.6,24.99,44.48,12.88,25.98,15.8,44.26,670.5,0.83,0.038,8,48.63,17.6,196.0,0.41
Haryana,Faridabad,28.3384,77.2026,7.83,0.81,5.99,25.89,45.1,14.14,25.6,15.42,45.56,751.0,0.827,0.033,8,48.79,17.6,207.0,0.12
Haryana,Faridabad,28.3238,77.1467,7.61,0.96,7.37,22.84,45.08,15.76,25.71,15.36,43.52,647.1,0.81,0.032,8,48.64,17.6,287.0,0.53
Haryana,Fatehabad,29.502,75.7149,7.95,0.78,6.55,22.32,47.31,11.53,26.01,15.09,40.16,477.7,0.764,0.032,8,49.23,17.89,217.0,0.06
Haryana,Fatehabad,29.7876,75.819,7.99,0.72,7.27,23.61,42.86,13.47,25.79,14.73,40.74,508.1,0.765,0.033,8,49.76,17.89,224.0,0.12
Haryana,Fatehabad,29.3224,75.278,7.79,0.78,9.13,22.19,51.14,15.57,26.37,15.34,38.2,423.5,0.758,0.034,8,48.84,17.89,205.0,0.0
Haryana,Fatehabad,29.3569,75.2611,7.82,0.9,8.31,20.98,51.04,14.38,26.37,15.34,38.2,423.5,0.758,0.034,8,48.84,17.89,204.0,0.12
Haryana,Fatehabad,29.4534,75.5336,7.82,1.01,8.16,21.14,51.28,13.14,26.01,15.09,40.16,477.7,0.764,0.032,8,49.23,17.89,213.0,0.05
Haryana,Gurgaon,28.3995,76.8771,7.89,0.77,6.28,23.29,44.1,15.97,25.71,15.36,43.52,647.1,0.81,0.032,8,48.64,17.86,228.0,0.36
Haryana,Gurgaon,28.2115,77.0927,7.96,0.84,6.46,25.44,45.49,14.96,25.86,15.72,42.99,604.7,0.817,0.036,8,48.48,17.6,195.0,0.0
Haryana,Gurgaon,28.2293,77.038,7.63,0.89,7.24,23.38,49.03,18.55,25.86,15.72,42.99,604.7,0.817,0.036,8,48.48,17.6,284.0,0.42
Haryana,Gurgaon,28.2157,76.947,7.79,0.81,7.17,27.64,44.3,18.7,25.86,15.72,42.99,604.7,0.817,0.036,8,48.48,17.86,259.0,0.47
Haryana,Gurgaon,28.4142,76.7514,8.0,0.84,7.6,26.96,42.5,17.76,25.71,15.36,43.52,647.1,0.81,0.032,8,48.64,17.86,220.0,0.06
Haryana,Hisar,29.082,75.8828,7.91,0.72,6.5,24.15,43.09,11.85,26.24,15.47,39.15,468.9,0.77,0.031,8,48.04,17.89,214.0,0.0
Haryana,Hisar,29.4081,75.626,7.78,0.77,6.88,20.29,49.2,10.75,26.01,15.09,40.16,477.7,0.764,0.032,8,49.23,17.89,214.0,0.13
Haryana,Hisar,29.2841,75.3671,7.83,0.78,9.25,22.46,51.05,15.15,26.01,15.09,40.16,477.7,0.764,0.032,8,49.23,17.89,206.0,0.19
Haryana,Hisar,28.9286,75.7634,7.68,0.77,8.02,21.08,49.52,15.81,26.24,15.47,39.15,468.9,0.77,0.031,8,48.04,19.19,208.0,0.21
Haryana,Hisar,29.4237,75.7974,7.77,0.77,5.94,19.96,45.91,9.66,26.01,15.09,40.16,477.7,0.764,0.032,8,49.23,17.89,217.0,0.08
Haryana,Jhajjar,28.6708,76.4369,7.97,0.96,10.1,25.85,43.59,17.87,26.02,15.6,40.85,553.3,0.795,0.032,8,48.25,17.86,218.0,0.06
Haryana,Jhajjar,28.6112,76.7983,8.06,0.87,7.41,25.28,40.86,17.78,25.71,15.36,43.52,647.1,0.81,0.032,8,48.64,17.86,215.0,0.12
Haryana,Jhajjar,28.7174,76.5057,8.01,0.82,8.57,26.74,37.91,14.39,26.02,15.6,40.85,553.3,0.795,0.032,8,48.25,17.86,217.0,0.0
Haryana,Jhajjar,28.6716,76.4703,8.01,0.84,8.81,26.67,38.34,15.88,26.02,15.6,40.85,553.3,0.795,0.032,8,48.25,17.86,217.0,0.0
Haryana,Jhajjar,28.3574,76.5773,7.85,0.77,7.45,25.25,44.55,19.65,25.71,15.36,43.52,647.1,0.81,0.032,8,48.64,17.86,228.0,0.12
Haryana,Jind,29.199,76.3134,8.04,0.79,7.08,21.77,39.77,11.52,25.83,15.22,41.96,566.1,0.785,0.032,8,48.65,17.88,222.0,0.1
Haryana,Jind,29.5657,76.1979,8.2,0.85,7.58,21.7,41.38,11.16,25.59,14.87,42.58,582.8,0.779,0.031,8,49.46,17.88,229.0,0.06
Haryana,Jind,29.1465,76.4636,7.94,0.8,8.36,21.89,40.31,12.09,25.83,15.22,41.96,566.1,0.785,0.032,8,48.65,17.88,229.0,0.13
Haryana,Jind,29.622,76.1731,8.43,1.36,7.47,22.75,41.16,12.25,25.59,14.87,42.58,582.8,0.779,0.031,8,49.46,17.88,228.0,0.12
Haryana,Jind,29.5599,76.3074,8.3,1.18,8.18,24.57,39.67,11.89,25.59,14.87,42.58,582.8,0.779,0.031,8,49.46,17.88,230.0,0.08
Haryana,Kaithal,29.9883,76.3378,8.11,0.89,6.61,25.96,33.78,14.84,25.37,14.6,43.48,638.8,0.779,0.031,8,49.68,17.88,239.0,0.06
Haryana,Kaithal,29.8438,76.2253,8.07,0.77,6.99,23.36,39.36,11.08,25.37,14.6,43.48,638.8,0.779,0.031,8,49.68,17.88,233.0,0.0
Haryana,Kaithal,30.1048,76.264,8.16,0.86,7.2,32.46,29.81,16.6,25.37,14.6,43.48,638.8,0.779,0.031,8,49.68,18.81,237.0,0.08
Haryana,Kaithal,29.7503,76.3574,8.55,1.38,7.96,25.18,39.15,10.47,25.37,14.6,43.48,638.8,0.779,0.031,8,49.68,17.88,235.0,0.08
Haryana,Kaithal,29.9096,76.705,8.34,1.04,9.12,29.4,31.23,15.13,24.9,14.77,47.4,914.1,0.813,0.028,8,49.29,17.88,249.0,0.05
Haryana,Karnal,29.4759,76.9421,8.72,0.99,7.3,26.13,36.87,12.26,25.17,14.78,45.76,754.9,0.809,0.029,8,49.4,17.88,241.0,0.18
Haryana,Karnal,29.4935,76.9616,8.52,0.98,7.35,26.68,36.17,11.55,25.17,14.78,45.76,754.9,0.809,0.029,8,49.4,17.88,242.0,0.24
Haryana,Karnal,29.8825,76.7117,8.15,0.93,8.34,27.72,32.39,15.11,24.9,14.77,47.4,914.1,0.813,0.028,8,49.29,17.88,247.0,0.12
Haryana,Karnal,29.9288,77.0461,7.47,1.08,10.63,25.5,36.56,15.12,24.9,14.77,47.4,914.1,0.813,0.028,8,49.29,17.48,259.0,0.1
Haryana,Karnal,29.7327,76.9943,7.63,0.92,9.36,26.77,35.2,13.34,25.17,14.78,45.76,754.9,0.809,0.029,8,49.4,17.88,252.0,0.0
Haryana,Kurukshetra,30.1105,76.8405,7.58,1.01,10.75,27.41,34.45,15.68,24.9,14.77,47.4,914.1,0.813,0.028,8,49.29,18.81,259.0,0.0
Haryana,Kurukshetra,30.0569,76.7076,7.86,0.99,9.2,33.98,23.29,17.93,24.9,14.77,47.4,914.1,0.813,0.028,8,49.29,18.81,250.0,0.08
Haryana,Kurukshetra,30.0707,76.6106,8.14,1.07,8.56,28.99,25.43,18.25,24.9,14.77,47.4,914.1,0.813,0.028,8,49.29,18.81,249.0,0.12
Haryana,Kurukshetra,30.0943,77.1347,7.4,0.91,11.46,24.9,37.73,14.1,24.9,14.77,47.4,914.1,0.813,0.028,8,49.29,18.15,270.0,0.06
Haryana,Kurukshetra,29.928,76.4811,8.28,1.09,7.57,29.55,34.45,11.41,25.37,14.6,43.48,638.8,0.779,0.031,8,49.68,17.88,241.0,0.1
Haryana,Mahendragarh,28.3609,76.1159,7.71,0.89,8.29,23.38,47.48,20.77,26.02,15.6,40.85,553.3,0.795,0.032,8,48.25,17.86,256.0,0.24
Haryana,Mahendragarh,28.2564,76.258,7.73,0.77,7.86,27.01,41.77,21.77,26.02,15.6,40.85,553.3,0.795,0.032,8,48.25,17.86,267.0,0.39
Haryana,Mahendragarh,28.014,76.0944,7.6,0.87,8.65,25.1,45.37,25.15,25.73,15.71,41.21,548.9,0.814,0.034,8,47.9,17.86,314.0,0.23
Haryana,Mahendragarh,28.3371,76.2715,7.84,0.76,7.77,25.03,43.57,19.9,26.02,15.6,40.85,553.3,0.795,0.032,8,48.25,17.86,251.0,0.13
Haryana,Mahendragarh,27.932,76.1637,7.3,0.8,8.1,26.12,45.66,20.81,25.73,15.71,41.21,548.9,0.814,0.034,8,47.9,17.99,329.0,0.31
Haryana,Panchkula,30.6936,76.9757,6.19,2.41,22.9,26.98,41.96,20.04,24.16,14.72,47.72,1053.0,0.806,0.027,8,47.93,18.81,534.0,6.53
Haryana,Panchkula,30.6793,76.8285,7.11,1.35,11.9,24.61,40.81,17.15,24.16,14.72,47.72,1053.0,0.806,0.027,8,47.93,18.81,322.0,0.08
Haryana,Panchkula,30.7636,76.8507,6.24,2.52,21.19,24.6,42.84,16.45,21.15,12.26,50.32,1093.2,0.787,0.03,8,43.87,18.81,408.0,1.91
Haryana,Panchkula,30.7322,76.9664,6.26,2.14,22.05,26.71,41.51,18.95,24.16,14.72,47.72,1053.0,0.806,0.027,8,47.93,18.81,544.0,7.67
Haryana,Panchkula,30.8137,76.8336,6.28,2.2,20.05,25.0,43.81,17.87,21.15,12.26,50.32,1093.2,0.787,0.03,8,43.87,18.81,486.0,4.68
Haryana,Panipat,29.2584,77.0323,8.8,0.99,7.02,27.29,38.41,10.21,25.17,14.78,45.76,754.9,0.809,0.029,8,49.4,17.48,227.0,0.16
Haryana,Panipat,29.319,76.7023,9.15,1.39,9.53,28.98,35.05,14.47,25.17,14.78,45.76,754.9,0.809,0.029,8,49.4,17.88,231.0,0.06
Haryana,Panipat,29.3329,77.0138,8.99,1.0,7.4,27.5,37.24,12.38,25.17,14.78,45.76,754.9,0.809,0.029,8,49.4,17.48,231.0,0.0
Haryana,Panipat,29.2514,76.8621,8.93,0.99,8.08,25.84,37.38,11.57,25.17,14.78,45.76,754.9,0.809,0.029,8,49.4,17.88,232.0,0.08
Haryana,Panipat,29.4748,76.9216,8.82,0.95,7.34,27.2,36.48,11.66,25.17,14.78,45.76,754.9,0.809,0.029,8,49.4,17.88,241.0,0.08
Haryana,Rewari,28.2143,76.3869,7.2,0.85,8.23,25.04,45.35,20.11,25.73,15.71,41.21,548.9,0.814,0.034,8,47.9,17.86,280.0,0.39
Haryana,Rewari,28.1194,76.5686,7.73,0.86,8.57,27.18,45.05,23.55,25.86,15.72,42.99,604.7,0.817,0.036,8,48.48,17.86,256.0,0.08
Haryana,Rewari,28.2084,76.7927,7.76,0.77,5.88,26.87,43.75,15.76,25.86,15.72,42.99,604.7,0.817,0.036,8,48.48,17.86,250.0,0.36
Haryana,Rewari,28.2897,76.5172,7.7,0.86,7.9,28.31,44.77,19.18,26.02,15.6,40.85,553.3,0.795,0.032,8,48.25,17.86,237.0,0.08
Haryana,Rewari,28.1345,76.7238,7.86,0.82,7.74,27.59,45.13,20.41,25.86,15.72,42.99,604.7,0.817,0.036,8,48.48,17.86,248.0,0.16
Haryana,Rohtak,28.9786,76.303,7.79,0.85,8.72,23.11,40.64,14.67,25.83,15.22,41.96,566.1,0.785,0.032,8,48.65,17.86,216.0,0.24
Haryana,Rohtak,28.8312,76.6995,8.24,0.79,7.55,24.46,40.21,12.61,25.5,15.05,44.37,686.9,0.808,0.03,8,49.08,17.86,220.0,0.05
Haryana,Rohtak,28.9448,76.7606,8.2,0.72,7.62,24.78,39.39,14.7,25.5,15.05,44.37,686.9,0.808,0.03,8,49.08,17.86,222.0,0.06
Haryana,Rohtak,28.8554,76.4263,8.11,0.77,8.11,22.55,40.41,14.16,25.83,15.22,41.96,566.1,0.785,0.032,8,48.65,17.86,219.0,0.0
Haryana,Rohtak,28.922,76.7845,8.18,0.74,7.45,27.1,36.69,15.62,25.5,15.05,44.37,686.9,0.808,0.03,8,49.08,17.86,222.0,0.06
Haryana,Sirsa,29.8549,74.5702,7.93,0.84,6.81,23.67,48.36,12.95,26.59,15.26,36.98,382.0,0.744,0.049,8,49.61,18.19,194.0,0.05
Haryana,Sirsa,29.6294,74.8208,7.88,0.8,6.57,23.97,48.87,14.02,26.37,15.34,38.2,423.5,0.758,0.034,8,48.84,18.19,197.0,0.05
Haryana,Sirsa,29.3055,74.988,7.86,0.68,6.44,21.75,60.74,14.34,26.37,15.34,38.2,423.5,0.758,0.034,8,48.84,18.19,198.0,0.05
Haryana,Sirsa,29.43,74.9664,7.9,0.83,8.06,23.43,49.33,12.97,26.37,15.34,38.2,423.5,0.758,0.034,8,48.84,18.19,201.0,0.12
Haryana,Sirsa,29.4403,74.589,7.85,0.8,5.86,23.26,55.68,12.19,26.8,15.62,35.81,362.9,0.746,0.047,8,48.69,18.19,190.0,0.06
Haryana,Sonepat,29.0956,76.5892,8.28,0.73,8.01,26.24,37.54,12.48,25.5,15.05,44.37,686.9,0.808,0.03,8,49.08,17.88,223.0,0.1
Haryana,Sonepat,29.105,76.6299,8.19,0.74,7.88,25.8,38.46,12.96,25.5,15.05,44.37,686.9,0.808,0.03,8,49.08,17.88,223.0,0.05
Haryana,Sonepat,29.0664,76.6732,8.26,0.76,7.56,28.19,37.29,12.86,25.5,15.05,44.37,686.9,0.808,0.03,8,49.08,17.88,223.0,0.0
Haryana,Sonepat,29.1705,76.644,8.37,0.85,7.97,26.33,38.14,11.82,25.5,15.05,44.37,686.9,0.808,0.03,8,49.08,17.88,225.0,0.06
Haryana,Sonepat,29.2411,76.6682,8.65,1.15,8.47,27.59,39.34,11.16,25.5,15.05,44.37,686.9,0.808,0.03,8,49.08,17.88,228.0,0.08
Haryana,Yamuna Nagar,30.1735,77.1105,7.24,0.98,10.99,24.07,37.66,14.49,24.9,14.77,47.4,914.1,0.813,0.028,8,49.29,18.15,274.0,0.08
Haryana,Yamuna Nagar,30.1664,77.338,6.97,1.39,11.95,26.55,38.51,15.07,24.39,14.85,51.05,1251.1,0.835,0.026,8,48.94,18.15,287.0,0.19
Haryana,Yamuna Nagar,30.1971,77.3987,6.89,1.71,12.62,27.43,37.75,16.25,24.39,14.85,51.05,1251.1,0.835,0.026,8,48.94,18.15,277.0,0.3
Haryana,Yamuna Nagar,30.4098,77.399,6.02,2.61,24.62,27.13,42.32,14.22,21.63,13.19,52.11,1353.1,0.825,0.026,8,44.52,18.15,353.0,0.53
Haryana,Yamuna Nagar,30.2,77.2354,7.18,1.23,13.44,24.57,39.24,15.79,24.39,14.85,51.05,1251.1,0.835,0.026,8,48.94,18.15,281.0,0.08
Himachal Pradesh,Bilaspur,31.3762,76.8511,6.21,2.47,24.51,29.35,38.79,17.8,18.94,10.52,51.64,1123.1,0.77,0.033,7,40.79,18.05,1034.0,5.79
Himachal Pradesh,Bilaspur,31.3713,76.4622,6.36,2.27,20.18,25.56,44.52,20.21,24.13,14.49,46.22,976.9,0.773,0.035,8,47.3,18.05,546.0,1.99
Himachal Pradesh,Bilaspur,31.3227,76.6046,6.24,2.65,23.35,25.73,42.94,19.28,18.94,10.52,51.64,1123.1,0.77,0.033,7,40.79,18.05,682.0,4.33
Himachal Pradesh,Bilaspur,31.3712,76.4598,6.34,2.28,20.19,25.7,44.49,20.27,24.13,14.49,46.22,976.9,0.773,0.035,8,47.3,18.05,568.0,4.75
Himachal Pradesh,Bilaspur,31.4215,76.6001,6.34,2.03,19.5,26.72,42.67,17.38,18.94,10.52,51.64,1123.1,0.77,0.033,7,40.79,18.05,604.0,0.8
Himachal Pradesh,Chamba,32.313,76.4377,6.11,3.2,50.73,21.6,44.21,22.05,11.4,2.79,58.37,1005.1,0.679,0.056,6,31.3,16.64,3535.0,34.39
Himachal Pradesh,Chamba,32.417,76.5406,6.13,2.97,50.86,22.43,40.7,22.63,11.4,2.79,58.37,1005.1,0.679,0.056,6,31.3,16.64,3187.0,33.24
Himachal Pradesh,Chamba,32.4909,76.0108,5.88,3.3,47.2,30.37,39.29,21.87,11.4,2.79,58.37,1005.1,0.679,0.056,6,31.3,16.64,1925.0,27.76
Himachal Pradesh,Chamba,32.5755,76.4063,6.29,3.65,56.72,21.52,41.74,27.29,11.4,2.79,58.37,1005.1,0.679,0.056,6,31.3,16.64,3624.0,26.05
Himachal Pradesh,Chamba,32.7202,76.2822,5.95,3.75,47.18,29.65,40.4,24.68,11.4,2.79,58.37,1005.1,0.679,0.056,6,31.3,16.64,2002.0,28.41
Himachal Pradesh,Hamirpur,31.6815,76.4835,6.35,2.57,22.01,27.35,40.91,21.01,24.13,14.49,46.22,976.9,0.773,0.035,8,47.3,18.05,699.0,6.23
Himachal Pradesh,Hamirpur,31.5907,76.5326,6.23,2.52,23.14,28.44,40.61,19.72,24.13,14.49,46.22,976.9,0.773,0.035,8,47.3,18.05,850.0,0.86
Himachal Pradesh,Hamirpur,31.5095,76.5873,6.26,2.43,20.67,27.58,42.1,19.14,18.94,10.52,51.64,1123.1,0.77,0.033,7,40.79,18.05,769.0,3.02
Himachal Pradesh,Hamirpur,31.68,76.421,6.4,2.56,20.27,27.19,40.16,19.8,24.13,14.49,46.22,976.9,0.773,0.035,8,47.3,18.05,628.0,0.65
Himachal Pradesh,Hamirpur,31.5004,76.4566,6.27,2.37,22.68,24.97,42.37,20.88,24.13,14.49,46.22,976.9,0.773,0.035,8,47.3,18.05,952.0,2.32
Himachal Pradesh,Kangra,32.132,76.223,6.06,3.13,30.85,29.55,37.68,19.91,20.11,11.28,49.41,1057.4,0.748,0.041,6,41.65,16.64,842.0,3.62
Himachal Pradesh,Kangra,31.8116,76.2086,6.28,2.42,21.68,28.38,41.78,19.79,20.11,11.28,49.41,1057.4,0.748,0.041,6,41.65,18.05,595.0,2.99
Himachal Pradesh,Kangra,32.0737,75.9095,6.22,3.02,26.65,27.57,39.62,20.88,24.67,14.67,45.0,943.4,0.755,0.043,7,48.12,17.76,546.0,2.52
Himachal Pradesh,Kangra,32.016,76.3699,6.21,2.7,28.25,28.98,37.56,19.05,20.11,11.28,49.41,1057.4,0.748,0.041,6,41.65,16.64,826.0,3.89
Himachal Pradesh,Kangra,32.0099,76.3419,6.1,3.38,28.23,28.56,38.45,19.33,20.11,11.28,49.41,1057.4,0.748,0.041,6,41.65,16.64,729.0,3.7
Himachal Pradesh,Kinnaur,31.5619,78.2676,6.4,2.79,45.3,21.16,43.86,25.48,1.89,-6.98,66.58,752.7,0.73,0.04,8,23.26,17.82,2479.0,26.31
Himachal Pradesh,Kinnaur,31.1188,78.9137,6.49,3.48,48.16,17.24,49.24,23.36,0.39,-8.21,68.73,960.4,0.783,0.033,8,20.24,17.82,5303.0,10.44
Himachal Pradesh,Kinnaur,31.476,78.3014,6.62,3.16,43.47,16.57,48.7,22.52,1.89,-6.98,66.58,752.7,0.73,0.04,8,23.26,17.82,4438.0,43.13
Himachal Pradesh,Kinnaur,31.8396,78.2663,6.84,3.22,40.68,18.04,48.52,29.42,-4.33,-14.61,71.11,601.6,0.699,0.051,8,18.58,17.82,4395.0,15.01
Himachal Pradesh,Kinnaur,31.8708,78.2995,6.77,3.47,41.01,19.44,44.45,30.2,-4.33,-14.61,71.11,601.6,0.699,0.051,8,18.58,17.82,3951.0,24.17
Himachal Pradesh,Kullu,31.8327,77.8218,7.01,3.25,48.33,17.1,45.95,28.19,-4.33,-14.61,71.11,601.6,0.699,0.051,8,18.58,16.92,5067.0,9.52
Himachal Pradesh,Kullu,31.5829,77.5071,5.86,3.02,54.44,20.14,46.57,20.57,10.03,1.96,60.95,1004.4,0.769,0.033,8,30.32,16.92,3230.0,16.65
Himachal Pradesh,Kullu,31.9733,77.1029,5.91,3.26,35.63,30.31,40.87,16.95,12.0,3.52,57.72,1088.1,0.746,0.04,6,31.93,16.92,1791.0,34.66
Himachal Pradesh,Kullu,31.8354,77.4957,6.5,3.23,48.18,19.62,47.26,29.24,-0.56,-9.6,74.03,879.6,0.753,0.039,8,18.1,16.92,4348.0,13.15
Himachal Pradesh,Kullu,31.5727,77.5578,5.9,3.04,53.85,27.85,42.17,21.27,10.03,1.96,60.95,1004.4,0.769,0.033,8,30.32,16.92,2450.0,29.57
Himachal Pradesh,Mandi,31.6464,76.8395,5.9,2.76,30.04,27.58,37.62,18.92,18.94,10.52,51.64,1123.1,0.77,0.033,7,40.79,18.05,1402.0,11.75
Himachal Pradesh,Mandi,31.6053,77.0358,5.92,2.81,31.22,27.02,36.24,20.46,18.94,10.52,51.64,1123.1,0.77,0.033,7,40.79,16.92,1451.0,1.21
Himachal Pradesh,Mandi,31.7419,77.1905,5.81,3.37,36.71,30.61,38.64,17.53,10.03,1.96,60.95,1004.4,0.769,0.033,8,30.32,16.92,1478.0,18.58
Himachal Pradesh,Mandi,31.7398,76.9649,5.87,3.25,33.87,27.66,37.28,19.49,18.94,10.52,51.64,1123.1,0.77,0.033,7,40.79,18.05,1638.0,19.4
Himachal Pradesh,Mandi,31.7129,76.6902,6.23,2.61,27.23,27.9,36.72,19.62,18.94,10.52,51.64,1123.1,0.77,0.033,7,40.79,18.05,1158.0,3.69
Himachal Pradesh,Lahul and Spiti,32.1067,78.5173,7.14,3.15,37.23,18.26,47.67,31.53,-2.95,-13.63,62.61,444.3,0.72,0.051,8,22.35,18.64,4354.0,20.99
Himachal Pradesh,Lahul and Spiti,32.9059,77.7181,7.26,3.04,27.45,20.92,45.99,29.86,-7.0,-18.19,68.11,460.3,0.606,0.082,10,18.83,17.78,5328.0,25.38
Himachal Pradesh,Lahul and Spiti,32.7648,76.9906,7.2,3.01,40.58,19.89,41.56,22.84,-5.55,-15.84,75.32,688.6,0.556,0.083,6,16.66,16.64,5020.0,16.84
Himachal Pradesh,Lahul and Spiti,32.8329,77.822,7.14,2.82,19.05,25.64,38.69,29.11,-6.9,-18.54,61.63,308.7,0.591,0.094,10,19.76,17.78,5311.0,4.91
Himachal Pradesh,Lahul and Spiti,32.407,78.0661,7.11,2.93,30.78,19.4,45.55,31.17,-6.4,-17.43,66.05,452.3,0.668,0.066,10,19.17,18.64,4796.0,32.04
Himachal Pradesh,Shimla,31.0814,77.5817,5.76,2.97,45.48,23.24,46.43,19.06,14.67,6.83,58.07,1175.6,0.796,0.03,8,35.62,16.92,2543.0,13.12
Himachal Pradesh,Shimla,31.1557,77.6968,5.94,2.78,41.42,29.06,41.91,19.72,14.67,6.83,58.07,1175.6,0.796,0.03,8,35.62,16.92,2098.0,10.03
Himachal Pradesh,Shimla,30.8301,77.5583,5.99,3.25,35.85,25.76,39.98,20.42,14.67,6.83,58.07,1175.6,0.796,0.03,8,35.62,18.15,1736.0,12.18
Himachal Pradesh,Shimla,31.2534,77.4602,5.91,3.02,44.05,22.19,47.01,21.25,10.03,1.96,60.95,1004.4,0.769,0.033,8,30.32,16.92,2716.0,10.55
Himachal Pradesh,Shimla,31.2587,77.3773,5.89,2.91,36.71,29.37,37.56,19.47,10.03,1.96,60.95,1004.4,0.769,0.033,8,30.32,16.92,1618.0,10.87
Himachal Pradesh,Sirmaur,30.6167,77.7446,6.06,2.76,28.51,24.16,35.25,20.0,21.63,13.19,52.11,1353.1,0.825,0.026,8,44.52,18.15,1398.0,18.33
Himachal Pradesh,Sirmaur,30.6081,77.6337,5.98,3.06,27.3,25.46,35.56,19.35,21.63,13.19,52.11,1353.1,0.825,0.026,8,44.52,18.15,1435.0,13.32
Himachal Pradesh,Sirmaur,30.609,77.2834,6.07,3.0,29.02,26.15,36.23,20.51,21.63,13.19,52.11,1353.1,0.825,0.026,8,44.52,18.15,1199.0,16.67
Himachal Pradesh,Sirmaur,30.6833,77.4478,6.0,3.8,33.11,26.87,35.79,19.47,21.63,13.19,52.11,1353.1,0.825,0.026,8,44.52,18.15,1926.0,8.38
Himachal Pradesh,Sirmaur,30.524,77.4844,6.32,2.32,21.67,27.37,35.2,20.71,21.63,13.19,52.11,1353.1,0.825,0.026,8,44.52,18.15,455.0,4.35
Himachal Pradesh,Solan,30.9088,76.9255,6.06,2.96,25.72,26.9,37.4,18.26,21.15,12.26,50.32,1093.2,0.787,0.03,8,43.87,18.81,1072.0,9.52
Himachal Pradesh,Solan,30.8868,77.1568,5.81,3.17,36.09,28.99,35.6,18.98,21.15,12.26,50.32,1093.2,0.787,0.03,8,43.87,18.15,1917.0,19.34
Himachal Pradesh,Solan,30.9822,77.1528,5.99,2.6,25.37,26.67,38.35,17.75,21.15,12.26,50.32,1093.2,0.787,0.03,8,43.87,18.15,1301.0,12.0
Himachal Pradesh,Solan,31.1674,76.9511,6.18,2.51,24.82,27.47,35.71,17.96,21.15,12.26,50.32,1093.2,0.787,0.03,8,43.87,18.05,1471.0,9.03
Himachal Pradesh,Solan,30.8968,77.0226,6.05,2.45,25.53,26.71,37.72,17.5,21.15,12.26,50.32,1093.2,0.787,0.03,8,43.87,18.15,1442.0,8.19
Himachal Pradesh,Una,31.6344,76.246,6.34,2.47,19.08,26.65,41.82,21.75,24.13,14.49,46.22,976.9,0.773,0.035,8,47.3,18.05,599.0,3.41
Himachal Pradesh,Una,31.734,76.0871,6.38,2.22,18.81,26.16,41.1,20.78,24.13,14.49,46.22,976.9,0.773,0.035,8,47.3,18.05,556.0,5.01
Himachal Pradesh,Una,31.3339,76.297,7.19,1.42,11.29,20.2,37.79,11.92,24.13,14.49,46.22,976.9,0.773,0.035,8,47.3,18.05,336.0,0.47
Himachal Pradesh,Una,31.6141,76.3027,6.2,2.76,24.87,27.66,41.98,22.37,24.13,14.49,46.22,976.9,0.773,0.035,8,47.3,18.05,768.0,13.38
Himachal Pradesh,Una,31.6453,76.2678,6.16,2.72,26.01,25.77,42.83,22.58,24.13,14.49,46.22,976.9,0.773,0.035,8,47.3,18.05,711.0,11.68
Jammu and Kashmir,Bagdam,33.9802,74.7179,6.7,2.23,16.64,24.78,15.67,20.46,9.13,-0.88,55.17,771.2,0.339,0.117,4,32.24,16.73,1768.0,1.63
Jammu and Kashmir,Bagdam,34.0281,74.8842,7.09,2.13,15.93,25.32,17.31,19.08,9.13,-0.88,55.17,771.2,0.339,0.117,4,32.24,17.0,1586.0,0.19
Jammu and Kashmir,Bagdam,33.7361,74.7102,5.69,2.8,36.07,25.39,36.89,21.29,10.67,1.16,58.53,827.0,0.445,0.1,4,33.2,16.73,2545.0,7.93
Jammu and Kashmir,Bagdam,34.0072,74.5989,6.73,2.34,18.58,30.54,24.33,18.96,11.35,1.42,56.25,806.0,0.394,0.108,4,34.51,17.0,1777.0,4.87
Jammu and Kashmir,Bagdam,34.009,74.93,7.0,2.59,15.4,27.08,18.32,19.56,9.13,-0.88,55.17,771.2,0.339,0.117,4,32.24,17.0,1604.0,1.27
Jammu and Kashmir,Anantnag (Kashmir South),34.1616,75.6257,6.62,3.75,52.47,17.15,39.44,28.81,-0.01,-10.37,68.87,641.1,0.329,0.126,6,22.75,15.4,3649.0,29.59
Jammu and Kashmir,Anantnag (Kashmir South),33.935,75.224,6.13,3.15,40.08,22.28,34.19,20.42,9.13,-0.88,55.17,771.2,0.339,0.117,4,32.24,16.68,2731.0,20.33
Jammu and Kashmir,Anantnag (Kashmir South),33.672,75.1436,6.28,2.33,21.37,26.11,25.77,16.03,10.67,1.16,58.53,827.0,0.445,0.1,4,33.2,16.68,1626.0,0.93
Jammu and Kashmir,Anantnag (Kashmir South),34.0732,75.5355,7.03,2.86,49.94,19.19,38.47,27.97,-0.01,-10.37,68.87,641.1,0.329,0.126,6,22.75,15.4,4314.0,19.72
Jammu and Kashmir,Anantnag (Kashmir South),33.5815,75.1103,6.06,2.51,24.86,21.42,22.31,14.52,10.67,1.16,58.53,827.0,0.445,0.1,4,33.2,16.68,1923.0,6.55
Jammu and Kashmir,Baramula (Kashmir North),34.5805,74.9426,6.56,2.65,38.05,18.56,37.06,25.83,2.99,-7.76,65.89,752.1,0.303,0.122,4,27.85,17.0,3684.0,29.85
Jammu and Kashmir,Baramula (Kashmir North),34.0944,74.6156,6.83,2.35,19.5,26.32,22.87,19.09,11.35,1.42,56.25,806.0,0.394,0.108,4,34.51,17.0,1587.0,0.38
Jammu and Kashmir,Baramula (Kashmir North),34.4666,74.735,6.05,2.95,43.24,27.34,36.09,18.83,2.99,-7.76,65.89,752.1,0.303,0.122,4,27.85,17.0,3219.0,19.97
Jammu and Kashmir,Baramula (Kashmir North),34.4355,74.5815,6.73,2.38,22.58,28.25,25.26,18.48,8.94,-1.66,57.52,799.0,0.341,0.116,4,34.21,17.0,1737.0,7.35
Jammu and Kashmir,Baramula (Kashmir North),34.1827,74.4742,7.0,2.2,19.27,30.38,22.55,19.2,11.35,1.42,56.25,806.0,0.394,0.108,4,34.51,17.0,1709.0,3.01
Jammu and Kashmir,Doda,33.2671,76.3153,7.13,3.09,41.56,17.62,40.77,28.59,-2.98,-13.09,73.41,592.5,0.423,0.113,7,18.34,17.37,4393.0,38.37
Jammu and Kashmir,Doda,32.9754,75.8496,5.94,3.46,50.96,25.94,35.73,19.9,13.41,4.52,55.47,883.4,0.568,0.079,4,35.41,17.76,2197.0,5.96
Jammu and Kashmir,Doda,34.022,75.7553,7.18,3.14,42.77,19.55,39.5,29.0,-0.01,-10.37,68.87,641.1,0.329,0.126,6,22.75,15.4,4473.0,23.94
Jammu and Kashmir,Doda,33.9535,75.6967,7.02,3.43,47.74,18.92,37.17,30.08,-0.01,-10.37,68.87,641.1,0.329,0.126,6,22.75,16.68,4073.0,6.12
Jammu and Kashmir,Doda,33.9107,75.6177,7.03,3.0,38.58,19.06,39.1,29.51,-0.01,-10.37,68.87,641.1,0.329,0.126,6,22.75,16.68,4547.0,8.02
Jammu and Kashmir,Jammu,32.8519,74.9207,6.49,1.91,23.76,25.89,34.69,17.48,18.93,9.62,50.03,911.7,0.587,0.076,4,42.42,18.53,468.0,5.14
Jammu and Kashmir,Jammu,32.6292,75.0486,6.36,2.03,20.73,23.89,38.65,18.03,24.01,14.09,45.32,917.0,0.698,0.056,6,47.82,17.76,448.0,5.97
Jammu and Kashmir,Jammu,32.8335,75.1361,6.21,2.55,26.53,29.63,36.9,20.38,18.93,9.62,50.03,911.7,0.587,0.076,4,42.42,17.76,637.0,10.4
Jammu and Kashmir,Jammu,32.4761,75.1289,7.08,1.45,14.98,23.52,33.75,15.68,24.01,14.09,45.32,917.0,0.698,0.056,6,47.82,17.76,328.0,0.61
Jammu and Kashmir,Jammu,32.9053,75.0294,6.25,2.38,25.61,27.07,37.77,18.15,18.93,9.62,50.03,911.7,0.587,0.076,4,42.42,17.76,848.0,8.6
Jammu and Kashmir,Kargil,33.9456,76.1756,7.44,3.14,38.18,19.67,40.13,20.01,-5.32,-16.29,71.12,433.5,0.346,0.141,11,18.28,17.37,5539.0,17.36
Jammu and Kashmir,Kargil,34.3075,76.296,7.8,2.46,23.23,20.57,41.11,29.36,-1.39,-13.1,58.97,359.7,0.325,0.157,12,25.31,16.77,4101.0,16.83
Jammu and Kashmir,Kargil,33.8998,76.8869,7.79,2.43,24.33,18.81,46.06,28.63,-3.12,-15.2,57.76,323.5,0.37,0.15,12,24.19,17.37,4028.0,20.53
Jammu and Kashmir,Kargil,33.7959,76.9078,7.8,2.0,20.9,18.36,45.04,29.51,-3.12,-15.2,57.76,323.5,0.37,0.15,12,24.19,17.37,4156.0,34.11
Jammu and Kashmir,Kargil,34.3,75.9975,7.4,2.63,28.13,21.39,39.81,26.9,-1.39,-13.1,58.97,359.7,0.325,0.157,12,25.31,15.4,3812.0,25.64
Jammu and Kashmir,Kathua,32.6163,75.7601,5.98,2.47,32.52,29.0,39.91,19.74,20.29,11.19,48.74,984.5,0.692,0.055,6,42.84,17.76,1214.0,12.08
Jammu and Kashmir,Kathua,32.487,75.5726,6.08,2.61,26.46,30.21,38.5,17.94,20.29,11.19,48.74,984.5,0.692,0.055,6,42.84,17.76,739.0,5.47
Jammu and Kashmir,Kathua,32.6556,75.5627,5.95,2.48,27.75,27.68,39.17,19.77,20.29,11.19,48.74,984.5,0.692,0.055,6,42.84,17.76,1140.0,13.01
Jammu and Kashmir,Kathua,32.7263,75.9057,5.69,3.53,45.68,31.16,39.59,22.5,20.29,11.19,48.74,984.5,0.692,0.055,6,42.84,17.76,1860.0,15.7
Jammu and Kashmir,Kathua,32.8473,75.7917,5.93,4.01,45.26,26.14,38.26,24.51,13.41,4.52,55.47,883.4,0.568,0.079,4,35.41,17.76,2621.0,20.9
Jammu and Kashmir,Kupwara (Muzaffarabad),34.6316,74.4041,6.12,3.04,42.73,26.84,38.63,19.9,8.94,-1.66,57.52,799.0,0.341,0.116,4,34.21,17.0,3403.0,19.42
Jammu and Kashmir,Kupwara (Muzaffarabad),34.4982,74.2221,6.46,2.44,22.65,32.25,29.83,18.45,8.94,-1.66,57.52,799.0,0.341,0.116,4,34.21,17.0,1708.0,5.95
Jammu and Kashmir,Kupwara (Muzaffarabad),34.3808,74.2895,7.02,2.47,18.45,28.76,23.01,18.82,8.94,-1.66,57.52,799.0,0.341,0.116,4,34.21,17.0,1603.0,2.7
Jammu and Kashmir,Kupwara (Muzaffarabad),34.6239,74.5101,5.93,2.78,45.81,24.82,33.2,19.64,8.94,-1.66,57.52,799.0,0.341,0.116,4,34.21,17.0,2846.0,15.35
Jammu and Kashmir,Kupwara (Muzaffarabad),34.7841,74.3898,6.24,2.9,45.03,28.51,28.18,21.8,-0.81,-12.31,71.39,630.7,0.326,0.127,6,25.86,17.0,2978.0,19.01
Jammu and Kashmir,Ladakh (Leh),32.9422,79.0456,7.53,2.56,16.5,33.74,30.76,22.47,-5.11,-17.0,53.28,194.3,0.607,0.101,12,21.27,19.94,5638.0,12.08
Jammu and Kashmir,Ladakh (Leh),34.1462,77.4294,8.27,1.18,13.66,20.66,46.18,22.31,-2.75,-14.74,52.19,258.7,0.408,0.143,12,24.7,18.29,3381.0,6.34
Jammu and Kashmir,Ladakh (Leh),34.6482,77.3314,7.9,2.04,16.16,21.62,42.51,22.46,-3.08,-14.85,50.95,232.4,0.388,0.152,12,23.75,18.29,3899.0,27.55
Jammu and Kashmir,Ladakh (Leh),33.183,78.8814,8.17,1.09,13.26,15.26,54.37,24.47,-5.11,-17.0,53.28,194.3,0.607,0.101,12,21.27,19.02,4168.0,2.59
Jammu and Kashmir,Ladakh (Leh),34.3456,78.7401,7.77,2.55,24.52,40.04,27.52,20.97,-9.5,-21.21,57.44,140.0,0.528,0.12,12,17.23,18.3,6007.0,4.94
Jammu and Kashmir,Pulwama,33.6773,74.8993,6.11,2.3,23.34,30.64,27.1,18.57,10.67,1.16,58.53,827.0,0.445,0.1,4,33.2,16.73,1959.0,1.67
Jammu and Kashmir,Pulwama,33.8589,75.0954,6.49,2.31,22.11,25.85,22.89,18.01,9.13,-0.88,55.17,771.2,0.339,0.117,4,32.24,16.68,1720.0,4.87
Jammu and Kashmir,Pulwama,33.6807,74.815,6.11,2.32,27.39,29.38,32.14,23.06,10.67,1.16,58.53,827.0,0.445,0.1,4,33.2,16.73,2177.0,2.54
Jammu and Kashmir,Pulwama,33.7754,75.0621,6.39,2.42,22.88,29.36,21.42,18.13,9.13,-0.88,55.17,771.2,0.339,0.117,4,32.24,16.68,1595.0,0.31
Jammu and Kashmir,Pulwama,33.8813,75.1356,5.96,2.93,39.08,24.9,28.2,18.07,9.13,-0.88,55.17,771.2,0.339,0.117,4,32.24,16.68,2295.0,26.71
Jammu and Kashmir,Rajauri,33.1772,74.3331,6.46,1.85,23.24,27.3,33.96,18.02,22.56,12.76,46.4,895.1,0.624,0.07,5,46.53,16.73,878.0,3.8
Jammu and Kashmir,Rajauri,33.4053,74.3036,6.84,1.85,23.27,28.82,31.79,16.77,14.92,5.37,54.88,861.3,0.507,0.09,4,38.76,16.73,1133.0,11.41
Jammu and Kashmir,Rajauri,33.4718,74.5086,5.93,3.25,44.75,25.75,36.78,20.71,14.92,5.37,54.88,861.3,0.507,0.09,4,38.76,16.73,2932.0,10.65
Jammu and Kashmir,Rajauri,33.4969,74.6479,6.22,3.46,57.07,21.35,37.77,27.24,14.92,5.37,54.88,861.3,0.507,0.09,4,38.76,16.73,3942.0,17.96
Jammu and Kashmir,Rajauri,33.1782,74.2462,6.31,2.13,25.28,26.55,35.04,17.16,22.56,12.76,46.4,895.1,0.624,0.07,5,46.53,16.73,947.0,12.55
Jammu and Kashmir,Punch,33.6646,74.3772,6.12,2.62,37.49,27.2,27.28,21.11,14.92,5.37,54.88,861.3,0.507,0.09,4,38.76,16.73,2372.0,23.15
Jammu and Kashmir,Punch,33.7214,74.3639,5.9,3.13,46.59,25.45,32.29,21.16,14.92,5.37,54.88,861.3,0.507,0.09,4,38.76,16.73,2502.0,14.36
Jammu and Kashmir,Punch,33.555,74.1728,6.83,2.23,23.89,22.41,36.9,16.85,14.92,5.37,54.88,861.3,0.507,0.09,4,38.76,16.73,1246.0,16.23
Jammu and Kashmir,Punch,33.5806,74.4616,5.93,3.09,44.14,25.64,35.16,19.5,14.92,5.37,54.88,861.3,0.507,0.09,4,38.76,16.73,2831.0,19.18
Jammu and Kashmir,Punch,33.8336,74.156,6.87,2.54,27.65,28.09,34.02,18.24,11.35,1.42,56.25,806.0,0.394,0.108,4,34.51,16.73,1751.0,14.17
Jammu and Kashmir,Srinagar,34.3379,74.9839,6.14,2.99,45.09,20.61,38.52,19.46,2.99,-7.76,65.89,752.1,0.303,0.122,4,27.85,17.0,3122.0,20.75
Jammu and Kashmir,Srinagar,34.1048,74.942,6.05,2.93,37.41,25.56,32.97,19.46,9.13,-0.88,55.17,771.2,0.339,0.117,4,32.24,17.0,2283.0,14.7
Jammu and Kashmir,Srinagar,34.1331,75.0357,6.08,2.98,51.18,23.77,35.08,19.28,9.13,-0.88,55.17,771.2,0.339,0.117,4,32.24,15.4,2771.0,16.88
Jammu and Kashmir,Srinagar,34.3404,75.0669,6.19,3.06,53.99,17.01,36.31,25.62,2.99,-7.76,65.89,752.1,0.303,0.122,4,27.85,15.4,3618.0,27.41
Jammu and Kashmir,Srinagar,34.3349,75.2957,6.51,3.65,48.2,17.98,36.82,27.73,2.99,-7.76,65.89,752.1,0.303,0.122,4,27.85,15.4,3955.0,24.66
Jammu and Kashmir,Udhampur,32.7504,75.5042,6.08,2.57,32.72,30.59,36.87,19.29,13.41,4.52,55.47,883.4,0.568,0.079,4,35.41,17.76,1392.0,17.93
Jammu and Kashmir,Udhampur,32.8674,75.6248,6.25,3.24,54.55,21.18,42.9,22.1,13.41,4.52,55.47,883.4,0.568,0.079,4,35.41,17.76,3832.0,21.84
Jammu and Kashmir,Udhampur,33.2041,74.8351,6.04,2.46,25.12,29.48,34.36,18.27,18.93,9.62,50.03,911.7,0.587,0.076,4,42.42,16.73,848.0,6.76
Jammu and Kashmir,Udhampur,32.9369,75.1242,6.42,2.39,24.85,29.15,39.56,18.78,18.93,9.62,50.03,911.7,0.587,0.076,4,42.42,17.76,714.0,3.21
Jammu and Kashmir,Udhampur,32.9211,75.1539,6.36,2.31,24.72,27.11,40.83,19.43,18.93,9.62,50.03,911.7,0.587,0.076,4,42.42,17.76,662.0,3.89
Jharkhand,Chatra,24.2292,84.4866,6.37,1.28,13.61,41.09,20.37,41.14,25.32,17.91,56.76,1208.2,0.848,0.065,7,46.56,18.0,302.0,1.87
Jharkhand,Chatra,24.4039,85.067,6.87,1.27,14.78,34.1,24.98,28.42,25.41,17.39,57.98,1095.9,0.845,0.063,7,46.84,17.35,211.0,2.88
Jharkhand,Chatra,24.2583,84.8094,6.85,1.29,14.49,39.23,21.48,34.62,25.41,17.39,57.98,1095.9,0.845,0.063,7,46.84,18.0,265.0,4.06
Jharkhand,Chatra,23.9819,85.0074,6.4,1.58,17.26,36.38,25.47,34.26,24.42,16.88,59.84,1207.5,0.836,0.069,7,45.34,17.1,553.0,0.82
Jharkhand,Chatra,24.2038,84.8168,7.0,1.28,12.44,40.55,19.6,36.2,24.42,16.88,59.84,1207.5,0.836,0.069,7,45.34,18.0,388.0,1.17
Jharkhand,Bokaro,23.5698,85.8908,6.37,1.21,11.62,37.02,28.91,33.94,24.35,17.14,63.26,1348.0,0.815,0.075,6,45.61,17.1,391.0,0.77
Jharkhand,Bokaro,23.4697,86.1985,6.56,1.19,10.23,35.07,25.57,28.27,24.93,17.42,65.66,1391.1,0.798,0.076,6,46.79,17.21,241.0,0.8
Jharkhand,Bokaro,23.6311,86.0502,6.71,1.08,10.04,36.31,25.44,29.34,24.93,17.42,65.66,1391.1,0.798,0.076,6,46.79,17.21,246.0,0.47
Jharkhand,Bokaro,23.6848,85.9445,6.53,1.2,10.52,37.05,25.02,32.45,24.93,17.42,65.66,1391.1,0.798,0.076,6,46.79,17.1,326.0,1.18
Jharkhand,Bokaro,23.8099,85.8425,6.61,1.21,10.82,36.34,23.42,30.14,24.25,16.47,63.29,1217.6,0.824,0.072,6,45.2,17.1,251.0,1.0
Jharkhand,Deoghar,24.2015,86.6401,6.57,1.03,10.45,29.68,35.8,16.74,25.21,17.61,65.75,1325.7,0.771,0.081,6,46.45,17.19,222.0,0.35
Jharkhand,Deoghar,24.4605,86.4916,6.45,1.06,10.42,28.7,37.77,15.66,24.79,16.79,62.83,1126.7,0.815,0.071,6,46.19,17.19,281.0,0.72
Jharkhand,Deoghar,24.3224,86.7998,6.51,1.14,12.26,27.95,35.89,18.24,25.13,17.44,63.85,1210.0,0.773,0.081,6,45.94,17.19,204.0,0.71
Jharkhand,Deoghar,24.2042,86.8254,6.46,1.08,11.85,25.92,35.61,17.0,25.21,17.61,65.75,1325.7,0.771,0.081,6,46.45,17.19,184.0,0.73
Jharkhand,Deoghar,24.4034,86.488,6.45,1.04,10.22,28.7,38.63,16.21,24.79,16.79,62.83,1126.7,0.815,0.071,6,46.19,17.19,280.0,0.62
Jharkhand,Dhanbad,23.884,86.5007,6.51,1.12,10.77,33.33,30.02,23.36,24.75,16.95,64.63,1265.4,0.806,0.074,6,45.93,17.21,205.0,0.57
Jharkhand,Dhanbad,23.9365,86.4506,6.44,1.33,14.23,29.28,33.58,22.52,24.75,16.95,64.63,1265.4,0.806,0.074,6,45.93,17.21,259.0,0.88
Jharkhand,Dhanbad,23.9036,86.7047,6.39,1.03,12.22,28.49,35.48,17.9,25.21,17.61,65.75,1325.7,0.771,0.081,6,46.45,17.21,149.0,0.29
Jharkhand,Dhanbad,24.0049,86.484,6.51,1.17,11.34,31.75,31.56,23.39,24.75,16.95,64.63,1265.4,0.806,0.074,6,45.93,17.19,191.0,0.87
Jharkhand,Dhanbad,23.9691,86.3003,6.52,1.29,11.28,32.1,31.69,26.99,24.75,16.95,64.63,1265.4,0.806,0.074,6,45.93,17.21,298.0,0.96
Jharkhand,Dumka,24.2379,87.4353,5.8,1.05,10.6,22.9,42.39,15.77,25.54,18.09,66.93,1304.2,0.742,0.092,6,46.96,16.49,157.0,0.74
Jharkhand,Dumka,24.4708,87.0384,6.39,1.03,10.62,26.47,36.84,17.57,25.13,17.44,63.85,1210.0,0.773,0.081,6,45.94,16.49,182.0,0.84
Jharkhand,Dumka,24.0531,87.2238,5.98,1.02,8.88,25.81,40.81,18.0,25.54,18.09,66.93,1304.2,0.742,0.092,6,46.96,16.49,125.0,0.99
Jharkhand,Dumka,24.5221,87.1113,6.19,1.09,11.64,26.52,36.05,17.05,25.13,17.44,63.85,1210.0,0.773,0.081,6,45.94,16.49,178.0,0.77
Jharkhand,Dumka,24.4399,87.1887,6.13,1.18,16.76,24.46,38.56,17.0,25.36,17.84,65.25,1232.7,0.742,0.092,6,46.02,16.49,292.0,2.5
Jharkhand,Garhwa,23.869,83.9525,6.73,1.29,10.34,40.74,20.03,36.19,25.31,17.76,56.5,1136.2,0.855,0.064,7,46.81,17.76,406.0,1.16
Jharkhand,Garhwa,24.2797,83.6026,7.43,0.99,7.57,41.22,19.21,43.53,25.78,17.74,55.19,1011.9,0.859,0.059,7,47.45,18.02,212.0,0.42
Jharkhand,Garhwa,24.33,83.6463,7.19,1.05,9.65,40.82,22.27,42.69,25.78,17.74,55.19,1011.9,0.859,0.059,7,47.45,18.02,222.0,2.7
Jharkhand,Garhwa,23.85,83.9239,7.19,1.19,9.33,43.13,18.88,37.26,25.31,17.76,56.5,1136.2,0.855,0.064,7,46.81,17.76,395.0,0.48
Jharkhand,Garhwa,24.0986,83.798,7.15,1.12,9.42,36.72,18.84,41.84,25.31,17.76,56.5,1136.2,0.855,0.064,7,46.81,18.02,271.0,2.6
Jharkhand,Giridih,23.9762,85.9813,6.7,1.21,11.72,34.73,28.24,28.7,24.75,16.95,64.63,1265.4,0.806,0.074,6,45.93,17.1,315.0,1.82
Jharkhand,Giridih,24.4987,86.0572,6.65,1.06,10.52,31.63,37.66,20.9,24.79,16.79,62.83,1126.7,0.815,0.071,6,46.19,17.19,336.0,0.4
Jharkhand,Giridih,24.4598,86.1047,6.5,1.12,11.67,31.87,38.32,21.72,24.79,16.79,62.83,1126.7,0.815,0.071,6,46.19,17.19,366.0,0.18
Jharkhand,Giridih,24.2283,86.4437,6.4,1.06,10.24,32.18,34.4,19.58,24.75,16.95,64.63,1265.4,0.806,0.074,6,45.93,17.19,298.0,0.82
Jharkhand,Giridih,24.4876,85.8675,6.77,1.12,11.82,30.29,34.7,22.7,24.83,16.73,61.25,1094.9,0.833,0.067,6,46.16,17.35,348.0,0.99
Jharkhand,Godda,24.6567,87.2977,6.08,1.3,13.56,25.85,39.1,17.83,25.36,17.84,65.25,1232.7,0.742,0.092,6,46.02,16.49,205.0,0.54
Jharkhand,Godda,24.6376,87.3732,6.02,1.2,11.89,25.87,37.09,16.85,25.36,17.84,65.25,1232.7,0.742,0.092,6,46.02,16.49,227.0,0.46
Jharkhand,Godda,24.6746,87.186,6.17,1.07,10.98,27.62,35.78,17.12,25.13,17.44,63.85,1210.0,0.773,0.081,6,45.94,16.49,164.0,0.99
Jharkhand,Godda,24.6318,87.1706,6.2,1.18,12.57,26.14,37.14,16.03,25.13,17.44,63.85,1210.0,0.773,0.081,6,45.94,16.49,195.0,1.24
Jharkhand,Godda,24.9843,87.4005,6.28,1.36,11.25,25.89,40.21,16.23,25.51,17.83,63.9,1185.0,0.748,0.087,6,45.54,16.49,112.0,1.82
Jharkhand,Gumla,22.8221,84.3496,6.55,1.39,15.49,38.92,25.74,33.86,23.32,16.46,62.38,1369.2,0.837,0.07,7,44.09,18.0,665.0,0.72
Jharkhand,Gumla,23.3513,84.4851,6.1,2.11,27.5,35.82,28.38,33.23,23.27,16.17,60.65,1308.7,0.84,0.07,7,43.95,17.64,1006.0,8.66
Jharkhand,Gumla,22.8189,84.9264,6.55,1.26,13.01,41.59,28.03,35.57,23.85,17.16,62.71,1401.0,0.824,0.074,6,44.77,18.0,467.0,1.78
Jharkhand,Gumla,22.8849,84.8048,6.51,1.21,14.29,38.91,26.92,35.21,23.85,17.16,62.71,1401.0,0.824,0.074,6,44.77,18.0,528.0,1.18
Jharkhand,Gumla,22.8794,84.6666,6.45,1.34,15.9,38.96,27.42,35.17,23.32,16.46,62.38,1369.2,0.837,0.07,7,44.09,18.0,611.0,0.79
Jharkhand,Hazaribag,23.7134,85.3325,6.5,1.34,13.75,37.6,25.04,31.53,24.35,17.14,63.26,1348.0,0.815,0.075,6,45.61,17.1,357.0,1.17
Jharkhand,Hazaribag,23.6467,85.3618,6.53,1.13,10.67,35.32,26.2,32.8,24.35,17.14,63.26,1348.0,0.815,0.075,6,45.61,17.1,368.0,0.8
Jharkhand,Hazaribag,23.6205,85.2488,6.46,1.55,18.11,37.9,26.47,33.82,23.43,16.33,61.95,1322.2,0.828,0.073,6,44.27,17.1,495.0,4.11
Jharkhand,Hazaribag,24.0949,85.3575,6.75,1.29,12.71,32.43,29.59,25.69,24.25,16.47,63.29,1217.6,0.824,0.072,6,45.2,17.35,583.0,0.93
Jharkhand,Hazaribag,24.3984,85.4519,6.89,1.13,9.82,30.43,26.98,23.72,24.83,16.73,61.25,1094.9,0.833,0.067,6,46.16,17.35,377.0,0.89
Jharkhand,Jamtara,23.9616,86.9351,6.35,1.05,10.45,27.58,37.81,17.03,25.21,17.61,65.75,1325.7,0.771,0.081,6,46.45,17.21,160.0,0.92
Jharkhand,Jamtara,23.9583,86.9038,6.35,1.0,10.62,27.49,37.9,16.3,25.21,17.61,65.75,1325.7,0.771,0.081,6,46.45,17.21,165.0,0.8
Jharkhand,Jamtara,23.9831,87.0233,6.15,1.15,11.77,24.49,40.34,17.34,25.21,17.61,65.75,1325.7,0.771,0.081,6,46.45,16.73,177.0,0.28
Jharkhand,Jamtara,23.9464,86.7661,6.38,1.0,9.9,28.18,36.21,17.25,25.21,17.61,65.75,1325.7,0.771,0.081,6,46.45,17.21,181.0,1.09
Jharkhand,Jamtara,23.8663,87.1139,6.08,1.02,11.35,26.17,40.23,17.56,25.21,17.61,65.75,1325.7,0.771,0.081,6,46.45,16.73,146.0,0.35
Jharkhand,Koderma,24.4814,85.6908,6.75,1.04,11.39,29.54,31.98,23.33,24.83,16.73,61.25,1094.9,0.833,0.067,6,46.16,17.35,393.0,0.18
Jharkhand,Koderma,24.6683,85.6631,6.3,1.41,16.58,31.79,27.2,21.72,24.83,16.73,61.25,1094.9,0.833,0.067,6,46.16,17.35,309.0,0.99
Jharkhand,Koderma,24.3643,85.7572,6.87,1.07,9.77,31.16,31.28,25.74,24.83,16.73,61.25,1094.9,0.833,0.067,6,46.16,17.35,348.0,0.8
Jharkhand,Koderma,24.6745,85.6742,6.49,1.35,15.93,31.17,28.21,22.12,24.83,16.73,61.25,1094.9,0.833,0.067,6,46.16,17.35,244.0,3.74
Jharkhand,Koderma,24.3439,85.6817,6.85,1.0,10.56,33.13,27.81,25.32,24.83,16.73,61.25,1094.9,0.833,0.067,6,46.16,17.35,336.0,0.83
Jharkhand,Latehar,23.8192,84.3874,6.86,1.17,9.77,43.49,19.17,35.27,25.32,17.91,56.76,1208.2,0.848,0.065,7,46.56,17.64,351.0,0.72
Jharkhand,Latehar,23.8276,84.9073,6.84,1.04,12.72,36.52,25.06,37.07,24.42,16.88,59.84,1207.5,0.836,0.069,7,45.34,17.64,503.0,1.05
Jharkhand,Latehar,23.6914,84.6269,6.8,1.16,12.51,39.04,22.05,37.26,23.27,16.17,60.65,1308.7,0.84,0.07,7,43.95,17.64,434.0,0.75
Jharkhand,Latehar,23.333,84.1538,6.61,1.43,13.07,37.14,25.46,35.63,23.27,16.17,60.65,1308.7,0.84,0.07,7,43.95,17.64,843.0,1.91
Jharkhand,Latehar,23.9155,84.521,6.63,1.58,14.89,40.68,21.77,36.17,25.32,17.91,56.76,1208.2,0.848,0.065,7,46.56,17.64,475.0,1.36
Jharkhand,Lohardaga,23.4349,84.4996,6.13,2.04,25.52,34.86,28.77,34.24,23.27,16.17,60.65,1308.7,0.84,0.07,7,43.95,17.64,962.0,6.87
Jharkhand,Lohardaga,23.5799,84.5771,6.49,2.14,25.06,35.05,28.54,33.37,23.27,16.17,60.65,1308.7,0.84,0.07,7,43.95,17.64,908.0,1.14
Jharkhand,Lohardaga,23.3289,84.7484,6.58,1.27,14.52,38.92,27.7,26.91,23.43,16.33,61.95,1322.2,0.828,0.073,6,44.27,17.64,679.0,0.9
Jharkhand,Lohardaga,23.4232,84.549,6.14,1.84,23.76,36.01,28.27,33.58,23.27,16.17,60.65,1308.7,0.84,0.07,7,43.95,17.64,911.0,1.76
Jharkhand,Lohardaga,23.5283,84.6415,6.65,1.61,16.65,38.58,27.41,36.4,23.27,16.17,60.65,1308.7,0.84,0.07,7,43.95,17.64,696.0,0.42
Jharkhand,Pakur,24.4588,87.5923,5.93,1.19,13.52,25.36,40.9,19.28,25.36,17.84,65.25,1232.7,0.742,0.092,6,46.02,16.49,86.0,0.95
Jharkhand,Pakur,24.3687,87.7097,5.87,1.25,12.87,24.73,40.45,21.12,25.36,17.84,65.25,1232.7,0.742,0.092,6,46.02,16.49,82.0,0.7
Jharkhand,Pakur,24.5618,87.6682,5.92,1.31,14.21,25.47,40.37,18.51,25.36,17.84,65.25,1232.7,0.742,0.092,6,46.02,16.49,93.0,0.99
Jharkhand,Pakur,24.7302,87.5162,6.2,2.52,24.27,25.43,37.63,19.57,25.36,17.84,65.25,1232.7,0.742,0.092,6,46.02,16.49,274.0,9.65
Jharkhand,Pakur,24.725,87.6412,6.0,1.01,11.21,24.84,40.04,16.38,25.36,17.84,65.25,1232.7,0.742,0.092,6,46.02,16.49,65.0,0.88
Jharkhand,Palamu,24.3241,84.2445,7.11,1.06,8.8,41.72,23.57,40.17,25.91,17.96,56.01,1096.9,0.853,0.06,7,47.51,18.0,275.0,0.47
Jharkhand,Palamu,24.4101,84.3132,7.39,1.09,9.85,38.83,18.4,44.12,25.91,17.96,56.01,1096.9,0.853,0.06,7,47.51,18.0,238.0,1.08
Jharkhand,Palamu,23.8548,84.0243,6.64,1.39,13.98,41.8,22.08,34.48,25.31,17.76,56.5,1136.2,0.855,0.064,7,46.81,17.64,349.0,3.7
Jharkhand,Palamu,24.2851,84.3501,6.86,1.28,15.72,39.63,19.33,41.69,25.91,17.96,56.01,1096.9,0.853,0.06,7,47.51,18.0,318.0,2.88
Jharkhand,Palamu,24.4273,83.8846,7.22,0.99,8.74,39.03,20.89,40.91,25.78,17.74,55.19,1011.9,0.859,0.059,7,47.45,18.02,158.0,0.33
Jharkhand,Pashchim Singhbhum,22.677,85.1277,6.5,1.54,17.39,37.38,30.54,30.65,25.08,18.74,62.39,1422.1,0.822,0.073,6,46.39,17.32,466.0,3.7
Jharkhand,Pashchim Singhbhum,22.8422,85.2803,6.56,1.96,20.5,36.77,31.97,30.02,23.85,17.16,62.71,1401.0,0.824,0.074,6,44.77,17.32,583.0,3.73
Jharkhand,Pashchim Singhbhum,22.6812,85.3321,6.48,2.07,23.58,37.06,31.1,30.99,25.08,18.83,64.27,1490.3,0.798,0.08,6,46.95,17.32,557.0,5.05
Jharkhand,Pashchim Singhbhum,22.2363,85.8745,6.27,1.17,13.38,35.34,35.83,19.26,24.78,18.92,66.21,1502.9,0.783,0.089,6,45.97,17.32,453.0,1.11
Jharkhand,Pashchim Singhbhum,22.4287,85.6661,6.2,1.89,23.93,39.82,33.32,27.17,25.08,18.83,64.27,1490.3,0.798,0.08,6,46.95,17.32,505.0,6.04
Jharkhand,Purba Singhbhum,22.6395,86.2887,6.18,1.23,12.87,36.44,38.01,20.64,25.3,18.62,66.95,1521.9,0.769,0.089,6,47.46,17.37,151.0,1.1
Jharkhand,Purba Singhbhum,22.4067,86.3427,6.12,1.71,18.77,33.34,40.12,18.15,25.3,18.62,66.95,1521.9,0.769,0.089,6,47.46,17.37,214.0,4.28
Jharkhand,Purba Singhbhum,22.4915,86.2851,6.19,1.69,18.7,35.53,39.0,17.68,25.3,18.62,66.95,1521.9,0.769,0.089,6,47.46,17.37,327.0,4.91
Jharkhand,Purba Singhbhum,22.3875,86.5058,6.15,1.5,16.51,30.97,41.42,18.88,25.3,18.62,66.95,1521.9,0.769,0.089,6,47.46,17.37,204.0,1.56
Jharkhand,Purba Singhbhum,22.7163,86.5325,5.92,1.46,14.62,33.89,40.95,16.62,25.3,18.62,66.95,1521.9,0.769,0.089,6,47.46,17.37,208.0,5.57
Jharkhand,Ranchi,23.3256,85.5845,6.54,1.49,16.56,36.7,29.38,24.36,24.35,17.14,63.26,1348.0,0.815,0.075,6,45.61,17.1,490.0,3.46
Jharkhand,Ranchi,23.5926,85.1281,6.51,1.23,14.91,36.14,28.99,30.6,23.43,16.33,61.95,1322.2,0.828,0.073,6,44.27,17.1,601.0,0.46
Jharkhand,Ranchi,23.5742,85.109,6.53,1.19,13.87,34.58,29.61,30.12,23.43,16.33,61.95,1322.2,0.828,0.073,6,44.27,17.1,596.0,0.89
Jharkhand,Ranchi,23.1865,85.4948,6.58,1.45,16.61,37.08,30.0,24.8,24.85,18.12,63.45,1447.8,0.808,0.076,6,46.73,17.1,521.0,2.07
Jharkhand,Ranchi,22.8802,85.1289,6.46,1.1,11.78,40.05,29.89,32.84,23.85,17.16,62.71,1401.0,0.824,0.074,6,44.77,17.32,480.0,1.52
Jharkhand,Sahibganj,25.1974,87.6043,6.28,1.24,16.83,25.46,41.05,16.09,25.51,17.83,63.9,1185.0,0.748,0.087,6,45.54,16.66,226.0,1.99
Jharkhand,Sahibganj,24.9131,87.8339,6.38,1.17,10.22,28.0,34.94,18.5,25.69,18.13,66.56,1316.9,0.719,0.096,5,45.08,16.49,35.0,0.83
Jharkhand,Sahibganj,24.9986,87.5581,6.26,1.09,11.77,23.68,42.35,16.31,25.51,17.83,63.9,1185.0,0.748,0.087,6,45.54,16.49,125.0,3.32
Jharkhand,Sahibganj,24.9352,87.6271,6.19,1.15,15.15,22.72,42.71,15.17,25.51,17.83,63.9,1185.0,0.748,0.087,6,45.54,16.49,171.0,6.56
Jharkhand,Sahibganj,24.9517,87.6379,6.19,1.26,16.68,23.28,43.36,15.27,25.51,17.83,63.9,1185.0,0.748,0.087,6,45.54,16.49,141.0,8.53
Jharkhand,Saraikela Kharsawan,22.7097,85.9995,6.41,1.52,11.86,37.1,29.44,21.72,25.3,18.62,66.95,1521.9,0.769,0.089,6,47.46,17.32,152.0,0.42
Jharkhand,Saraikela Kharsawan,22.9488,85.9702,6.34,1.39,13.3,33.39,34.93,24.43,25.22,18.07,66.41,1476.1,0.787,0.079,6,47.6,17.32,189.0,0.49
Jharkhand,Saraikela Kharsawan,22.8837,85.9682,6.42,1.93,21.4,35.26,36.43,23.26,25.22,18.07,66.41,1476.1,0.787,0.079,6,47.6,17.32,214.0,6.01
Jharkhand,Saraikela Kharsawan,23.0571,85.8238,6.44,1.04,10.8,34.65,29.27,26.21,24.85,18.12,63.45,1447.8,0.808,0.076,6,46.73,17.1,222.0,0.41
Jharkhand,Saraikela Kharsawan,23.0742,85.9346,6.46,1.14,10.25,35.07,31.07,25.02,24.85,18.12,63.45,1447.8,0.808,0.076,6,46.73,17.1,200.0,0.48
Jharkhand,Simdega,22.5564,84.164,6.58,1.55,15.09,40.07,22.69,32.8,25.02,18.29,61.77,1377.1,0.84,0.068,6,46.49,18.0,431.0,2.11
Jharkhand,Simdega,22.5408,84.6551,6.53,1.6,17.72,38.45,27.85,32.38,25.02,18.29,61.77,1377.1,0.84,0.068,6,46.49,18.0,419.0,1.36
Jharkhand,Simdega,22.6545,84.4408,6.67,1.21,12.49,39.73,23.75,33.41,25.02,18.29,61.77,1377.1,0.84,0.068,6,46.49,18.0,397.0,0.79
Jharkhand,Simdega,22.5745,84.877,6.52,1.33,14.9,39.39,30.54,31.09,25.08,18.74,62.39,1422.1,0.822,0.073,6,46.39,18.0,372.0,2.76
Jharkhand,Simdega,22.3664,84.3504,6.24,1.45,17.66,38.49,23.79,30.97,25.02,18.29,61.77,1377.1,0.84,0.068,6,46.49,18.0,326.0,5.44
Kerala,Alappuzha,9.6114,76.3339,5.58,2.36,40.34,35.21,35.54,17.5,27.83,28.01,77.54,2709.4,0.562,0.23,3,34.81,18.88,9.0,0.36
Kerala,Alappuzha,9.691,76.3456,5.62,2.68,42.55,32.86,34.79,15.85,27.83,28.01,77.54,2709.4,0.562,0.23,3,34.81,18.88,6.0,0.16
Kerala,Alappuzha,9.4331,76.3853,5.45,3.04,51.33,35.62,27.49,19.29,27.83,28.01,77.54,2709.4,0.562,0.23,3,34.81,18.88,1.0,0.16
Kerala,Alappuzha,9.4933,76.4597,5.53,3.17,46.25,35.0,30.07,20.48,27.83,28.01,77.54,2709.4,0.562,0.23,3,34.81,18.88,1.0,0.05
Kerala,Alappuzha,9.7081,76.299,5.59,3.35,46.1,34.05,34.06,17.03,27.83,28.01,77.54,2709.4,0.562,0.23,3,34.81,18.88,6.0,0.37
Kerala,Ernakulam,10.267,76.4259,5.36,2.36,24.95,32.97,37.8,13.24,26.94,27.0,78.64,2275.5,0.617,0.208,4,39.78,18.3,31.0,0.98
Kerala,Ernakulam,10.0472,76.6029,5.27,1.94,22.3,29.73,38.79,12.21,22.91,22.06,82.34,2040.4,0.542,0.258,4,37.84,18.3,38.0,0.49
Kerala,Ernakulam,10.2568,76.4662,5.31,2.67,24.7,33.6,39.25,11.86,26.94,27.0,78.64,2275.5,0.617,0.208,4,39.78,18.3,23.0,0.77
Kerala,Ernakulam,10.1763,76.6174,5.24,1.92,22.03,32.25,36.76,14.46,22.91,22.06,82.34,2040.4,0.542,0.258,4,37.84,18.3,66.0,3.18
Kerala,Ernakulam,10.2362,76.385,5.4,2.32,27.22,33.54,43.14,14.89,27.31,27.56,78.83,2652.2,0.594,0.215,3,37.58,18.3,26.0,0.89
Kerala,Idukki,9.9763,77.0031,5.33,6.03,27.14,33.97,38.95,15.19,22.91,22.06,82.34,2040.4,0.542,0.258,4,37.84,18.93,488.0,4.77
Kerala,Idukki,10.1466,77.1082,5.2,4.02,46.13,35.37,30.99,18.18,22.91,22.06,82.34,2040.4,0.542,0.258,4,37.84,19.42,1571.0,18.27
Kerala,Idukki,9.9579,76.726,5.34,4.1,31.36,35.1,34.06,13.32,22.91,22.06,82.34,2040.4,0.542,0.258,4,37.84,18.88,71.0,1.14
Kerala,Idukki,10.1048,76.8959,5.2,5.9,42.88,37.74,33.03,17.21,22.91,22.06,82.34,2040.4,0.542,0.258,4,37.84,18.3,901.0,5.04
Kerala,Idukki,9.8682,76.8009,5.28,3.01,27.27,33.2,36.91,12.71,22.91,22.06,82.34,2040.4,0.542,0.258,4,37.84,18.88,160.0,16.07
Kerala,Kannur,11.9654,75.3243,5.71,2.46,31.02,33.91,36.79,18.31,24.98,24.62,79.48,2889.5,0.752,0.133,4,37.81,18.82,13.0,0.19
Kerala,Kannur,12.006,75.5024,5.51,2.26,28.87,32.59,44.55,18.85,24.98,24.62,79.48,2889.5,0.752,0.133,4,37.81,18.14,67.0,4.52
Kerala,Kannur,11.993,75.642,5.46,2.26,25.26,31.48,45.01,14.62,24.98,24.62,79.48,2889.5,0.752,0.133,4,37.81,18.82,44.0,4.07
Kerala,Kannur,12.1891,75.2385,5.67,2.22,26.31,36.32,45.77,20.84,27.54,27.38,78.56,3176.4,0.749,0.134,4,33.1,18.14,27.0,1.45
Kerala,Kannur,12.0641,75.7377,5.43,2.8,30.85,33.52,46.25,15.26,24.98,24.62,79.48,2889.5,0.752,0.133,4,37.81,18.14,140.0,6.2
Kerala,Kasaragod,12.617,75.1082,5.58,2.15,29.4,32.56,45.11,19.28,27.08,26.85,77.98,3521.1,0.795,0.113,4,36.03,18.14,154.0,4.09
Kerala,Kasaragod,12.5265,75.2261,5.46,2.99,30.88,33.99,45.89,17.07,27.08,26.85,77.98,3521.1,0.795,0.113,4,36.03,18.14,201.0,11.0
Kerala,Kasaragod,12.4065,75.3283,5.48,3.73,38.14,34.11,44.16,20.83,23.82,23.05,79.01,2994.4,0.793,0.112,4,38.9,18.14,720.0,5.86
Kerala,Kasaragod,12.5496,75.0335,5.77,1.96,24.04,33.68,45.4,20.9,27.08,26.85,77.98,3521.1,0.795,0.113,4,36.03,18.14,76.0,3.37
Kerala,Kasaragod,12.5808,75.0747,5.75,2.09,26.35,31.62,47.26,21.15,27.08,26.85,77.98,3521.1,0.795,0.113,4,36.03,18.14,119.0,1.63
Kerala,Kollam,9.0207,76.5555,5.43,3.0,44.17,32.94,33.87,17.21,27.76,27.7,78.76,2339.1,0.519,0.254,2,33.14,18.88,15.0,0.15
Kerala,Kollam,8.867,76.6623,5.35,2.0,27.79,29.82,37.78,16.88,25.81,25.26,81.34,2053.2,0.482,0.292,2,39.04,19.45,32.0,1.37
Kerala,Kollam,9.0258,76.9199,5.35,2.83,24.83,31.2,35.77,17.67,25.81,25.26,81.34,2053.2,0.482,0.292,2,39.04,18.88,65.0,2.12
Kerala,Kollam,9.0062,76.8997,5.36,2.99,25.53,32.23,35.79,17.73,25.81,25.26,81.34,2053.2,0.482,0.292,2,39.04,18.88,92.0,0.58
Kerala,Kollam,8.9413,76.8273,5.24,2.39,21.05,31.81,36.76,14.23,25.81,25.26,81.34,2053.2,0.482,0.292,2,39.04,19.45,88.0,1.17
Kerala,Kottayam,9.7549,76.6716,5.25,2.24,25.54,32.63,38.72,13.56,22.91,22.06,82.34,2040.4,0.542,0.258,4,37.84,18.88,69.0,7.47
Kerala,Kottayam,9.4457,76.5817,5.37,1.93,21.67,29.76,38.31,14.47,24.58,23.9,81.63,2230.2,0.521,0.266,3,39.0,18.88,27.0,0.71
Kerala,Kottayam,9.5938,76.7667,5.27,2.07,24.89,31.6,37.01,14.69,24.58,23.9,81.63,2230.2,0.521,0.266,3,39.0,18.88,132.0,5.53
Kerala,Kottayam,9.4613,76.8709,5.23,2.26,23.64,31.35,35.92,14.07,24.58,23.9,81.63,2230.2,0.521,0.266,3,39.0,18.88,156.0,2.72
Kerala,Kottayam,9.4853,76.5834,5.32,1.97,24.49,31.79,34.75,15.61,24.58,23.9,81.63,2230.2,0.521,0.266,3,39.0,18.88,15.0,0.7
Kerala,Kozhikode,11.4115,76.0272,5.51,4.31,30.86,33.35,44.0,16.35,23.56,22.96,78.53,1852.7,0.663,0.185,4,38.78,18.58,127.0,0.56
Kerala,Kozhikode,11.5139,75.6597,5.6,4.39,52.9,34.06,39.87,19.18,26.65,26.68,78.54,2604.5,0.709,0.154,4,36.67,18.82,2.0,0.65
Kerala,Kozhikode,11.4098,76.0411,5.51,4.42,30.69,32.55,45.08,15.38,23.56,22.96,78.53,1852.7,0.663,0.185,4,38.78,18.58,49.0,4.2
Kerala,Kozhikode,11.5767,75.8072,5.47,4.62,28.62,34.43,45.71,15.98,26.65,26.68,78.54,2604.5,0.709,0.154,4,36.67,18.82,38.0,3.34
Kerala,Kozhikode,11.5145,75.7638,5.46,4.13,25.7,33.43,46.6,15.49,26.65,26.68,78.54,2604.5,0.709,0.154,4,36.67,18.82,37.0,0.71
Kerala,Malappuram,11.0281,76.252,5.53,2.04,24.57,31.04,42.62,15.18,25.27,25.01,78.79,1984.8,0.638,0.201,4,39.17,18.58,65.0,0.85
Kerala,Malappuram,10.7726,75.9498,5.5,2.31,38.47,33.65,30.96,16.41,25.27,25.01,78.79,1984.8,0.638,0.201,4,39.17,18.94,3.0,0.16
Kerala,Malappuram,11.1263,76.3966,5.47,5.1,33.8,36.91,41.9,17.54,25.27,25.01,78.79,1984.8,0.638,0.201,4,39.17,18.58,466.0,19.53
Kerala,Malappuram,11.1894,76.2645,5.56,3.12,23.74,30.78,39.66,14.02,25.27,25.01,78.79,1984.8,0.638,0.201,4,39.17,18.58,48.0,0.68
Kerala,Malappuram,11.0495,75.8748,5.57,3.15,37.11,34.64,41.93,18.35,27.62,27.7,78.23,2315.6,0.67,0.173,4,34.79,18.82,10.0,0.5
Kerala,Palakkad,10.5697,76.6021,5.47,2.04,21.28,29.91,43.25,14.23,24.2,23.27,78.77,1558.3,0.537,0.27,4,40.09,18.3,74.0,0.42
Kerala,Palakkad,10.8063,76.6453,5.67,3.61,23.98,32.06,45.94,15.24,24.57,23.27,75.18,1142.8,0.51,0.295,4,41.13,18.3,77.0,0.6
Kerala,Palakkad,10.8134,76.1094,5.51,1.9,25.16,32.65,34.68,16.67,25.27,25.01,78.79,1984.8,0.638,0.201,4,39.17,18.3,14.0,0.88
Kerala,Palakkad,10.6379,76.6556,5.62,2.2,22.58,28.78,48.07,16.18,24.2,23.27,78.77,1558.3,0.537,0.27,4,40.09,18.3,89.0,4.2
Kerala,Palakkad,10.763,76.2742,5.52,1.84,23.28,29.33,42.39,13.35,25.27,25.01,78.79,1984.8,0.638,0.201,4,39.17,18.3,35.0,1.58
Kerala,Pattanamtitta,9.3667,76.9897,5.25,2.8,25.08,34.93,37.4,16.94,24.58,23.9,81.63,2230.2,0.521,0.266,3,39.0,18.88,116.0,2.35
Kerala,Pattanamtitta,9.4053,76.8371,5.31,1.98,24.06,31.22,37.01,12.11,24.58,23.9,81.63,2230.2,0.521,0.266,3,39.0,18.88,141.0,3.68
Kerala,Pattanamtitta,9.1284,77.0534,5.36,3.65,25.11,36.04,38.3,17.43,25.81,25.26,81.34,2053.2,0.482,0.292,2,39.04,18.93,116.0,1.1
Kerala,Pattanamtitta,9.217,76.8849,5.3,2.09,22.25,34.22,36.82,14.15,25.81,25.26,81.34,2053.2,0.482,0.292,2,39.04,18.88,82.0,5.83
Kerala,Pattanamtitta,9.3297,77.1569,5.36,3.27,49.16,37.96,32.49,17.39,24.58,23.9,81.63,2230.2,0.521,0.266,3,39.0,18.93,956.0,0.0
Kerala,Thiruvananthapuram,8.5183,76.9053,5.55,2.37,39.8,33.97,34.97,25.77,26.94,26.6,80.16,1796.7,0.449,0.32,2,36.77,19.45,15.0,1.09
Kerala,Thiruvananthapuram,8.692,77.0525,5.39,2.5,25.38,38.37,34.88,17.86,26.94,26.6,80.16,1796.7,0.449,0.32,2,36.77,18.93,89.0,1.68
Kerala,Thiruvananthapuram,8.544,76.996,5.5,2.36,26.44,36.94,36.6,18.18,26.94,26.6,80.16,1796.7,0.449,0.32,2,36.77,19.45,68.0,4.75
Kerala,Thiruvananthapuram,8.7243,77.0265,5.42,2.47,25.68,36.33,36.32,16.42,26.94,26.6,80.16,1796.7,0.449,0.32,2,36.77,18.93,113.0,0.77
Kerala,Thiruvananthapuram,8.5477,76.9018,5.43,2.05,31.35,36.26,35.19,18.43,26.94,26.6,80.16,1796.7,0.449,0.32,2,36.77,19.45,49.0,0.56
Kerala,Thrissur,10.3822,76.4568,5.26,2.31,25.86,32.33,39.52,12.18,26.94,27.0,78.64,2275.5,0.617,0.208,4,39.78,18.3,123.0,8.89
Kerala,Thrissur,10.4849,76.1461,5.61,2.26,38.0,36.55,34.0,18.52,26.94,27.0,78.64,2275.5,0.617,0.208,4,39.78,18.3,18.0,1.13
Kerala,Thrissur,10.6026,76.2692,5.3,1.92,23.05,31.6,41.11,15.07,26.94,27.0,78.64,2275.5,0.617,0.208,4,39.78,18.3,49.0,2.66
Kerala,Thrissur,10.3928,76.5085,5.22,3.02,33.42,32.19,38.91,13.32,26.94,27.0,78.64,2275.5,0.617,0.208,4,39.78,18.3,306.0,19.05
Kerala,Thrissur,10.3131,76.3557,5.38,2.43,27.49,34.53,41.57,17.34,26.94,27.0,78.64,2275.5,0.617,0.208,4,39.78,18.3,14.0,0.07
Kerala,Wayanad,11.6659,75.8987,5.37,5.57,57.04,35.14,38.8,22.67,26.65,26.68,78.54,2604.5,0.709,0.154,4,36.67,18.82,1088.0,24.01
Kerala,Wayanad,11.721,76.224,5.54,2.25,21.07,30.41,41.45,19.45,23.56,22.96,78.53,1852.7,0.663,0.185,4,38.78,18.58,875.0,0.72
Kerala,Wayanad,11.8115,75.8816,5.45,3.01,34.28,34.88,42.86,21.75,24.98,24.62,79.48,2889.5,0.752,0.133,4,37.81,18.82,726.0,4.11
Kerala,Wayanad,11.7419,76.0647,5.56,2.13,19.7,31.41,39.72,18.57,23.56,22.96,78.53,1852.7,0.663,0.185,4,38.78,18.58,719.0,2.01
Kerala,Wayanad,11.7936,76.1259,5.59,2.39,20.32,31.37,41.51,21.33,23.31,22.41,76.05,1737.8,0.693,0.161,4,40.03,18.58,747.0,2.31
Madhya Pradesh,Anuppur,23.1721,81.7174,7.14,1.39,12.15,42.34,19.06,39.65,24.16,17.62,57.04,1254.8,0.839,0.062,7,45.86,18.47,499.0,6.96
Madhya Pradesh,Anuppur,23.2468,81.9669,7.28,1.02,8.86,43.02,16.89,43.6,24.16,17.62,57.04,1254.8,0.839,0.062,7,45.86,18.47,553.0,0.79
Madhya Pradesh,Anuppur,22.8919,81.8096,6.58,1.41,14.97,42.07,19.05,37.4,24.16,17.62,57.04,1254.8,0.839,0.062,7,45.86,18.14,641.0,3.04
Madhya Pradesh,Anuppur,23.3339,82.0995,7.35,1.01,9.78,41.32,16.29,43.14,24.44,17.6,55.84,1190.2,0.848,0.059,7,46.4,18.07,579.0,0.85
Madhya Pradesh,Anuppur,23.2426,81.9151,7.43,1.0,8.75,44.59,14.96,43.38,24.16,17.62,57.04,1254.8,0.839,0.062,7,45.86,18.47,522.0,1.05
Madhya Pradesh,Ashoknagar,24.6765,78.186,7.09,1.12,11.11,30.47,34.02,26.54,25.53,17.97,50.9,1013.3,0.91,0.039,8,47.5,18.78,445.0,5.17
Madhya Pradesh,Ashoknagar,24.3403,78.1029,7.36,0.84,9.01,30.3,29.62,32.93,25.53,17.97,50.9,1013.3,0.91,0.039,8,47.5,18.78,387.0,0.18
Madhya Pradesh,Ashoknagar,24.6205,77.981,7.29,0.82,6.77,34.2,33.86,33.45,25.53,17.97,50.9,1013.3,0.91,0.039,8,47.5,18.94,435.0,1.15
Madhya Pradesh,Ashoknagar,24.3874,77.7123,7.19,0.86,7.96,31.7,32.82,38.72,25.07,17.74,50.53,976.5,0.915,0.036,8,47.35,18.94,513.0,0.23
Madhya Pradesh,Ashoknagar,24.768,78.1281,7.06,1.03,8.08,28.32,35.65,31.24,25.62,17.66,49.8,853.6,0.897,0.044,8,47.44,18.78,431.0,1.39
Madhya Pradesh,Balaghat,21.7212,80.4984,6.16,1.68,23.0,43.72,21.34,33.8,25.83,20.37,57.07,1318.3,0.873,0.051,7,47.28,18.45,607.0,4.77
Madhya Pradesh,Balaghat,22.2023,80.7763,7.15,1.27,11.63,45.24,17.1,42.13,25.06,19.54,56.49,1328.1,0.866,0.05,7,46.45,18.26,651.0,0.23
Madhya Pradesh,Balaghat,22.0604,80.0851,6.23,1.28,14.57,41.84,16.48,33.64,25.6,19.98,55.57,1347.5,0.886,0.044,8,47.2,18.26,326.0,0.46
Madhya Pradesh,Balaghat,22.1118,80.6139,6.22,1.63,16.18,50.23,14.96,37.5,25.06,19.54,56.49,1328.1,0.866,0.05,7,46.45,18.26,565.0,0.43
Madhya Pradesh,Balaghat,22.0875,80.0715,6.17,1.25,14.6,43.31,15.42,33.38,25.6,19.98,55.57,1347.5,0.886,0.044,8,47.2,18.26,331.0,0.49
Madhya Pradesh,Barwani,22.0888,75.3183,7.42,0.88,6.57,39.62,28.53,36.36,26.58,21.4,51.48,883.0,0.915,0.052,8,48.28,18.89,162.0,0.35
Madhya Pradesh,Barwani,21.6222,75.1937,7.56,0.9,7.35,45.85,22.72,44.12,26.72,22.17,52.66,789.9,0.9,0.066,8,47.71,19.04,439.0,0.61
Madhya Pradesh,Barwani,21.553,75.2387,7.33,1.05,10.75,47.93,24.02,46.27,26.72,22.17,52.66,789.9,0.9,0.066,8,47.71,19.04,461.0,3.07
Madhya Pradesh,Barwani,21.5185,75.3113,7.05,1.16,14.69,46.3,25.88,42.54,26.72,22.17,52.66,789.9,0.9,0.066,8,47.71,19.04,654.0,5.42
Madhya Pradesh,Barwani,21.6991,75.113,7.48,0.81,6.04,42.52,23.95,44.4,26.72,22.17,52.66,789.9,0.9,0.066,8,47.71,19.04,392.0,0.42
Madhya Pradesh,Betul,22.344,78.1416,6.54,1.23,11.2,49.06,16.78,43.02,25.83,20.38,53.21,1339.2,0.917,0.037,8,46.48,18.63,472.0,1.08
Madhya Pradesh,Betul,21.9329,78.2507,7.3,1.07,8.35,46.1,18.77,45.18,24.92,19.98,54.06,1225.1,0.904,0.044,8,45.2,18.63,710.0,1.34
Madhya Pradesh,Betul,21.8647,78.3524,7.18,1.14,9.6,45.55,20.36,48.19,24.92,19.98,54.06,1225.1,0.904,0.044,8,45.2,18.63,757.0,1.22
Madhya Pradesh,Betul,22.1881,77.7674,6.97,1.29,14.91,48.77,15.33,45.67,25.55,20.8,52.66,1189.7,0.903,0.046,8,46.39,18.69,620.0,4.44
Madhya Pradesh,Betul,21.9129,77.91,7.24,1.03,8.5,47.17,20.27,45.48,24.92,19.98,54.06,1225.1,0.904,0.044,8,45.2,18.67,654.0,0.23
Madhya Pradesh,Bhind,26.4815,78.5877,7.99,1.0,7.73,29.01,39.04,21.59,26.65,17.09,45.4,680.7,0.86,0.049,8,49.39,18.17,155.0,0.06
Madhya Pradesh,Bhind,26.6517,78.9683,8.32,0.95,10.08,26.67,42.69,14.05,26.65,17.09,45.4,680.7,0.86,0.049,8,49.39,18.17,138.0,0.66
Madhya Pradesh,Bhind,25.9746,78.8361,7.95,0.99,6.53,27.17,37.89,17.46,26.64,17.48,46.37,727.4,0.87,0.046,8,49.2,18.27,167.0,0.06
Madhya Pradesh,Bhind,26.2495,78.5948,7.79,0.97,6.93,26.69,40.13,25.19,26.64,17.48,46.37,727.4,0.87,0.046,8,49.2,18.17,169.0,0.12
Madhya Pradesh,Bhind,26.676,78.8945,8.41,1.06,9.0,25.78,42.58,16.87,26.65,17.09,45.4,680.7,0.86,0.049,8,49.39,18.17,152.0,0.08
Madhya Pradesh,Bhopal,23.54,77.3468,7.46,0.84,7.26,37.53,30.47,41.27,25.28,18.62,52.6,1215.8,0.922,0.034,8,47.18,18.8,489.0,0.46
Madhya Pradesh,Bhopal,23.2018,77.3761,7.26,0.86,8.43,42.75,20.33,40.81,25.74,19.5,52.12,1284.9,0.922,0.034,8,47.71,18.8,507.0,0.84
Madhya Pradesh,Bhopal,23.5814,77.4057,7.46,0.83,7.01,37.13,30.57,42.1,25.28,18.62,52.6,1215.8,0.922,0.034,8,47.18,18.8,485.0,0.48
Madhya Pradesh,Bhopal,23.3072,77.2409,7.38,0.82,7.43,38.34,24.01,40.24,25.28,18.62,52.6,1215.8,0.922,0.034,8,47.18,18.8,509.0,0.85
Madhya Pradesh,Bhopal,23.8472,77.292,7.34,0.9,6.71,34.21,34.55,37.97,25.14,18.04,51.82,1101.7,0.919,0.035,8,47.65,18.8,466.0,0.21
Madhya Pradesh,Burhanpur,21.1903,76.4133,7.26,0.96,10.83,45.43,27.09,41.75,26.87,22.4,52.28,888.8,0.878,0.072,8,47.86,18.97,387.0,7.12
Madhya Pradesh,Burhanpur,21.3708,76.2919,7.27,1.01,6.77,40.21,28.72,38.13,26.4,21.55,52.87,962.2,0.897,0.06,8,47.64,18.97,255.0,0.56
Madhya Pradesh,Burhanpur,21.1143,76.3189,6.94,1.09,14.73,47.67,24.37,44.66,26.87,22.4,52.28,888.8,0.878,0.072,8,47.86,18.97,409.0,3.05
Madhya Pradesh,Burhanpur,21.4258,76.1091,7.2,0.99,7.52,46.45,23.6,46.06,26.4,21.55,52.87,962.2,0.897,0.06,8,47.64,18.97,616.0,1.05
Madhya Pradesh,Burhanpur,21.2526,76.2649,7.37,0.91,7.9,41.57,25.87,39.23,26.4,21.55,52.87,962.2,0.897,0.06,8,47.64,18.97,245.0,0.53
Madhya Pradesh,Chhatarpur,25.1824,79.3217,7.29,1.02,6.66,25.55,42.04,18.45,26.13,17.84,50.96,912.4,0.89,0.042,8,48.42,18.21,200.0,0.31
Madhya Pradesh,Chhatarpur,25.0624,79.4984,7.38,0.91,6.97,24.42,41.91,23.38,26.13,17.84,50.96,912.4,0.89,0.042,8,48.42,18.21,243.0,0.21
Madhya Pradesh,Chhatarpur,25.194,80.2411,7.46,0.99,6.58,26.27,35.39,22.72,26.19,17.83,51.36,955.0,0.881,0.044,8,48.78,17.67,138.0,0.52
Madhya Pradesh,Chhatarpur,24.5505,79.2145,7.29,0.75,6.66,30.34,29.56,28.99,25.46,17.56,53.35,1071.8,0.902,0.037,8,47.53,18.85,327.0,0.35
Madhya Pradesh,Chhatarpur,24.2141,79.0947,7.27,0.92,8.07,37.64,23.87,39.95,25.46,18.0,53.45,1195.5,0.91,0.033,8,47.7,18.85,506.0,1.02
Madhya Pradesh,Chhindwara,22.0982,79.2327,7.33,0.89,9.97,41.98,18.15,51.14,25.17,19.58,55.11,1263.9,0.893,0.045,8,46.34,18.55,634.0,0.79
Madhya Pradesh,Chhindwara,22.2029,78.3171,6.78,1.61,18.09,47.61,18.09,41.84,24.92,19.98,54.06,1225.1,0.904,0.044,8,45.2,18.63,660.0,7.52
Madhya Pradesh,Chhindwara,22.0838,79.2017,7.37,0.86,9.46,42.33,14.32,50.51,25.17,19.58,55.11,1263.9,0.893,0.045,8,46.34,18.55,596.0,0.28
Madhya Pradesh,Chhindwara,22.2396,79.3119,7.12,1.12,11.95,38.62,15.78,50.36,25.17,19.58,55.11,1263.9,0.893,0.045,8,46.34,18.55,739.0,0.38
Madhya Pradesh,Chhindwara,21.5928,78.796,7.36,0.88,9.03,46.65,18.36,47.52,26.1,20.95,53.85,1091.2,0.885,0.051,8,47.08,18.63,360.0,0.67
Madhya Pradesh,Damoh,23.2796,79.5434,7.2,0.94,7.96,45.2,16.73,42.55,25.41,18.31,54.05,1265.7,0.916,0.03,8,47.51,18.64,520.0,0.83
Madhya Pradesh,Damoh,23.9341,79.3124,7.49,0.83,6.81,40.01,17.64,41.7,25.46,18.0,53.45,1195.5,0.91,0.033,8,47.7,18.64,363.0,0.55
Madhya Pradesh,Damoh,24.1271,79.6493,7.54,0.88,6.06,40.21,21.46,40.72,25.46,18.0,53.45,1195.5,0.91,0.033,8,47.7,18.85,338.0,0.3
Madhya Pradesh,Damoh,23.5823,79.5912,7.36,0.88,6.73,44.66,14.79,38.58,25.41,18.31,54.05,1265.7,0.916,0.03,8,47.51,18.64,349.0,0.64
Madhya Pradesh,Damoh,23.9214,79.3844,7.54,0.83,6.67,39.73,18.09,43.45,25.46,18.0,53.45,1195.5,0.91,0.033,8,47.7,18.64,348.0,0.1
Madhya Pradesh,Datia,25.9369,78.7603,7.81,0.99,6.66,27.0,38.73,20.36,26.64,17.48,46.37,727.4,0.87,0.046,8,49.2,18.27,172.0,0.08
Madhya Pradesh,Datia,25.6657,78.7422,7.76,0.97,7.2,31.38,39.42,21.48,26.5,17.76,47.64,771.4,0.883,0.044,8,48.87,18.27,181.0,0.19
Madhya Pradesh,Datia,26.1004,78.6164,7.15,1.14,9.19,27.24,46.37,19.32,26.64,17.48,46.37,727.4,0.87,0.046,8,49.2,18.17,228.0,3.0
Madhya Pradesh,Datia,25.8752,78.5768,7.66,0.94,6.46,28.26,37.93,22.8,26.64,17.48,46.37,727.4,0.87,0.046,8,49.2,18.27,182.0,0.13
Madhya Pradesh,Datia,25.7461,78.6029,7.65,1.01,6.69,28.63,39.71,22.29,26.5,17.76,47.64,771.4,0.883,0.044,8,48.87,18.27,184.0,0.23
Madhya Pradesh,Dewas,22.9717,76.257,7.55,0.68,6.76,45.65,17.4,43.51,25.37,19.4,51.14,1016.4,0.922,0.042,8,47.16,18.87,481.0,0.52
Madhya Pradesh,Dewas,22.8335,76.9734,7.44,0.88,7.86,41.78,26.45,33.75,25.64,19.51,51.47,1151.9,0.921,0.039,8,47.93,18.87,373.0,0.73
Madhya Pradesh,Dewas,22.9712,76.2115,7.65,0.64,7.23,45.42,16.64,45.76,25.37,19.4,51.14,1016.4,0.922,0.042,8,47.16,18.87,492.0,0.32
Madhya Pradesh,Dewas,22.8842,76.1245,7.7,0.74,7.28,47.77,15.62,46.03,25.37,19.4,51.14,1016.4,0.922,0.042,8,47.16,18.87,528.0,0.34
Madhya Pradesh,Dewas,23.2084,76.2845,7.59,0.67,6.38,43.32,17.42,44.97,25.37,19.4,51.14,1016.4,0.922,0.042,8,47.16,18.87,494.0,0.28
Madhya Pradesh,Dindori,23.0866,80.7072,7.2,1.17,13.22,43.12,17.3,41.22,24.29,17.84,56.65,1310.2,0.874,0.045,8,46.29,18.48,642.0,0.4
Madhya Pradesh,Dindori,23.1201,81.046,6.32,1.76,19.63,42.81,20.2,36.29,23.61,17.19,57.53,1243.9,0.839,0.059,7,45.51,18.47,842.0,3.68
Madhya Pradesh,Dindori,22.733,81.047,6.89,1.36,13.67,40.67,18.77,40.81,24.34,18.46,56.64,1270.0,0.838,0.06,7,45.59,18.14,776.0,6.07
Madhya Pradesh,Dindori,23.0142,80.9063,7.2,1.24,12.26,44.98,17.92,42.33,24.29,17.84,56.65,1310.2,0.874,0.045,8,46.29,18.48,616.0,3.4
Madhya Pradesh,Dindori,22.7475,81.2543,6.26,1.76,19.62,43.55,21.29,37.57,24.34,18.46,56.64,1270.0,0.838,0.06,7,45.59,18.14,901.0,0.89
Madhya Pradesh,Dhar,22.1816,74.8705,7.49,0.93,7.36,33.77,29.54,37.3,26.33,21.43,52.15,834.4,0.917,0.052,8,47.24,19.09,176.0,0.37
Madhya Pradesh,Dhar,22.5489,75.3714,7.52,0.72,7.79,44.85,17.8,48.12,26.02,20.63,51.15,921.1,0.923,0.045,8,47.76,18.89,558.0,0.34
Madhya Pradesh,Dhar,22.5548,75.508,7.38,0.72,7.46,44.36,17.84,46.95,26.02,20.63,51.15,921.1,0.923,0.045,8,47.76,18.89,539.0,0.21
Madhya Pradesh,Dhar,22.7423,75.4257,7.32,0.73,7.32,47.06,18.37,48.06,26.02,20.63,51.15,921.1,0.923,0.045,8,47.76,18.89,531.0,0.18
Madhya Pradesh,Dhar,22.3548,74.6464,7.24,0.82,7.4,38.71,30.81,36.34,26.31,21.45,52.1,925.2,0.938,0.038,8,47.21,19.09,339.0,1.41
Madhya Pradesh,East Nimar,21.8093,77.1376,7.12,1.16,12.67,47.91,18.79,42.21,26.58,21.6,51.87,1143.4,0.908,0.049,8,48.0,18.67,450.0,4.43
Madhya Pradesh,East Nimar,21.9066,76.2037,7.52,0.85,7.34,30.11,46.64,39.64,26.7,21.39,51.72,1020.1,0.912,0.051,8,48.38,18.97,302.0,0.5
Madhya Pradesh,East Nimar,22.0737,76.4545,7.55,0.69,6.32,37.22,28.81,41.16,26.7,21.39,51.72,1020.1,0.912,0.051,8,48.38,18.87,305.0,0.23
Madhya Pradesh,East Nimar,21.6971,76.8416,7.15,1.15,10.96,44.81,25.51,40.69,26.15,21.63,52.93,1046.7,0.893,0.058,8,47.16,18.97,401.0,4.37
Madhya Pradesh,East Nimar,21.7973,76.6541,7.41,0.84,6.29,40.43,29.46,38.96,26.58,21.6,51.87,1143.4,0.908,0.049,8,48.0,18.97,311.0,0.33
Madhya Pradesh,Guna,24.8303,77.4467,7.15,0.88,7.08,29.07,37.18,38.04,25.38,17.75,48.79,858.8,0.905,0.039,8,47.47,18.94,478.0,0.19
Madhya Pradesh,Guna,24.2208,77.2131,7.45,0.89,7.06,29.4,34.15,33.17,25.14,18.04,51.82,1101.7,0.919,0.035,8,47.65,18.94,424.0,2.02
Madhya Pradesh,Guna,24.3807,77.3673,7.2,0.85,7.82,28.86,35.14,39.53,25.07,17.74,50.53,976.5,0.915,0.036,8,47.35,18.94,527.0,0.4
Madhya Pradesh,Guna,24.8987,76.9799,7.2,0.78,6.28,28.17,41.06,30.19,25.83,18.09,47.99,827.5,0.911,0.038,8,48.08,19.08,401.0,0.24
Madhya Pradesh,Guna,24.8483,77.4447,7.17,0.86,6.81,29.7,36.62,38.49,25.38,17.75,48.79,858.8,0.905,0.039,8,47.47,18.94,478.0,0.3
Madhya Pradesh,Gwalior,25.9961,78.0125,7.34,0.86,6.95,31.48,45.04,25.51,26.31,17.36,45.76,711.4,0.868,0.049,8,48.47,18.27,262.0,0.12
Madhya Pradesh,Gwalior,26.2689,78.2129,7.77,0.9,5.55,28.46,45.58,22.06,26.58,17.09,44.74,675.8,0.86,0.05,8,49.28,18.17,196.0,0.33
Madhya Pradesh,Gwalior,26.1618,78.5349,7.32,1.05,8.28,28.43,46.5,22.98,26.64,17.48,46.37,727.4,0.87,0.046,8,49.2,18.17,228.0,2.29
Madhya Pradesh,Gwalior,26.1074,77.8872,7.34,0.86,6.84,31.17,46.2,21.43,26.31,17.36,45.76,711.4,0.868,0.049,8,48.47,18.99,281.0,0.43
Madhya Pradesh,Gwalior,25.9162,78.0085,7.33,0.94,6.79,28.53,46.17,24.59,26.31,17.36,45.76,711.4,0.868,0.049,8,48.47,18.27,262.0,0.5
Madhya Pradesh,Hoshangabad,22.8418,78.2685,7.51,0.92,7.91,40.83,20.13,39.2,26.15,19.88,52.0,1327.2,0.923,0.034,8,48.03,18.63,313.0,0.3
Madhya Pradesh,Hoshangabad,22.5699,78.4274,6.97,1.12,13.69,45.71,18.22,37.2,25.83,20.38,53.21,1339.2,0.917,0.037,8,46.48,18.63,421.0,1.24
Madhya Pradesh,Hoshangabad,22.5722,77.3711,7.36,0.96,7.0,35.41,24.06,32.5,26.23,20.74,51.69,1298.8,0.917,0.038,8,47.69,18.69,282.0,0.12
Madhya Pradesh,Hoshangabad,22.6004,77.434,7.42,0.91,7.17,34.87,24.74,34.19,26.23,20.74,51.69,1298.8,0.917,0.038,8,47.69,18.69,292.0,0.42
Madhya Pradesh,Hoshangabad,22.7135,77.8916,7.35,1.04,6.92,41.66,21.43,31.29,25.83,20.38,53.21,1339.2,0.917,0.037,8,46.48,18.69,322.0,0.1
Madhya Pradesh,Indore,22.786,75.7522,7.3,0.73,7.22,51.4,12.05,46.83,25.24,19.52,51.05,927.1,0.927,0.041,8,46.9,18.89,539.0,0.28
Madhya Pradesh,Indore,22.6747,76.1488,7.56,0.8,8.06,45.2,17.05,46.09,26.37,20.73,51.01,1032.8,0.92,0.045,8,48.28,18.87,544.0,0.19
Madhya Pradesh,Indore,22.498,75.8082,7.43,0.94,10.61,50.71,15.4,45.05,26.02,20.63,51.15,921.1,0.923,0.045,8,47.76,18.89,557.0,6.78
Madhya Pradesh,Indore,22.7796,75.9584,7.44,0.9,7.79,47.9,13.84,48.0,25.37,19.4,51.14,1016.4,0.922,0.042,8,47.16,18.89,549.0,0.47
Madhya Pradesh,Indore,22.8682,75.7275,7.36,0.67,8.13,43.58,18.35,46.43,25.24,19.52,51.05,927.1,0.927,0.041,8,46.9,18.89,529.0,0.28
Madhya Pradesh,Harda,22.4886,77.0911,7.38,1.02,7.97,39.15,26.88,36.53,26.61,20.99,51.3,1173.7,0.918,0.042,8,48.88,18.69,279.0,0.42
Madhya Pradesh,Harda,22.3137,77.1342,7.4,0.99,7.43,38.13,20.81,35.22,26.61,20.99,51.3,1173.7,0.918,0.042,8,48.88,18.69,292.0,0.06
Madhya Pradesh,Harda,22.5002,77.0013,7.4,0.91,6.62,36.6,24.22,33.61,26.61,20.99,51.3,1173.7,0.918,0.042,8,48.88,18.69,272.0,0.66
Madhya Pradesh,Harda,22.1826,76.8791,7.51,0.92,6.68,37.71,25.08,38.84,26.58,21.6,51.87,1143.4,0.908,0.049,8,48.0,18.87,287.0,0.56
Madhya Pradesh,Harda,22.4607,77.1779,7.34,0.86,7.85,34.92,23.5,35.04,26.61,20.99,51.3,1173.7,0.918,0.042,8,48.88,18.69,300.0,0.26
Madhya Pradesh,Jhabua,22.3171,74.3022,7.41,0.9,7.12,35.82,34.28,35.75,26.31,21.45,52.1,925.2,0.938,0.038,8,47.21,19.09,320.0,0.11
Madhya Pradesh,Jhabua,22.8438,74.9126,7.38,0.74,7.26,49.86,19.83,43.87,25.5,20.13,51.1,894.9,0.93,0.04,8,47.1,19.09,497.0,0.2
Madhya Pradesh,Jhabua,22.4714,74.1728,7.19,1.06,7.88,33.47,34.5,32.97,26.31,21.45,52.1,925.2,0.938,0.038,8,47.21,19.09,241.0,0.32
Madhya Pradesh,Jhabua,22.7812,74.5789,7.24,0.89,7.47,37.41,31.17,38.29,26.12,20.84,51.08,882.6,0.939,0.035,8,47.58,19.09,339.0,0.89
Madhya Pradesh,Jhabua,22.6803,74.3944,7.14,0.83,8.03,42.12,29.07,40.26,26.31,21.45,52.1,925.2,0.938,0.038,8,47.21,19.09,403.0,2.17
Madhya Pradesh,Jabalpur,23.2868,80.1207,6.67,1.2,11.49,42.09,20.46,40.59,25.37,18.36,54.35,1281.1,0.905,0.033,8,47.83,18.48,472.0,2.09
Madhya Pradesh,Jabalpur,23.2663,80.3688,6.89,1.18,12.58,38.83,19.51,42.76,24.97,18.08,55.15,1236.1,0.879,0.043,8,47.36,18.48,537.0,4.92
Madhya Pradesh,Jabalpur,23.178,80.1318,7.16,1.08,11.52,40.05,17.34,42.04,25.21,18.71,54.97,1339.8,0.905,0.033,8,47.36,18.48,415.0,0.9
Madhya Pradesh,Jabalpur,23.2932,80.1252,6.46,1.3,13.49,42.26,20.2,40.58,25.37,18.36,54.35,1281.1,0.905,0.033,8,47.83,18.48,449.0,1.89
Madhya Pradesh,Jabalpur,23.3329,79.8626,7.42,0.89,8.05,46.15,15.42,40.84,25.37,18.36,54.35,1281.1,0.905,0.033,8,47.83,18.64,374.0,0.08
Madhya Pradesh,Mandla,22.3652,80.7586,7.16,1.13,11.03,43.88,17.22,41.89,24.64,18.84,56.06,1338.2,0.868,0.048,8,46.36,18.26,633.0,0.92
Madhya Pradesh,Mandla,22.5831,80.3076,6.96,1.16,12.36,43.14,17.28,44.37,25.21,19.12,55.43,1353.1,0.896,0.038,8,47.12,18.26,515.0,1.32
Madhya Pradesh,Mandla,22.6072,80.2291,6.86,1.16,13.51,44.27,16.12,43.97,25.21,19.12,55.43,1353.1,0.896,0.038,8,47.12,18.26,568.0,1.58
Madhya Pradesh,Mandla,22.651,80.8054,7.27,1.2,10.53,42.27,16.51,42.67,24.64,18.84,56.06,1338.2,0.868,0.048,8,46.36,18.26,594.0,0.89
Madhya Pradesh,Mandla,22.5052,80.8188,7.16,1.1,11.13,43.96,15.41,42.56,24.64,18.84,56.06,1338.2,0.868,0.048,8,46.36,18.26,635.0,1.28
Madhya Pradesh,Katni,23.8747,80.0211,7.36,0.95,7.84,37.95,21.66,39.83,25.37,17.87,54.21,1183.0,0.897,0.037,8,47.95,18.48,418.0,0.43
Madhya Pradesh,Katni,23.9722,80.3946,7.32,1.12,10.35,32.98,30.13,35.72,25.3,17.78,54.69,1149.1,0.879,0.044,8,47.75,18.48,377.0,0.52
Madhya Pradesh,Katni,23.7148,79.8484,6.82,1.09,12.21,42.04,25.83,37.56,25.37,18.36,54.35,1281.1,0.905,0.033,8,47.83,18.64,453.0,2.33
Madhya Pradesh,Katni,23.8956,80.8089,7.32,0.95,8.26,32.03,25.57,35.61,25.3,17.78,54.69,1149.1,0.879,0.044,8,47.75,18.48,359.0,0.35
Madhya Pradesh,Katni,23.5093,80.138,7.39,0.9,8.47,41.84,15.22,40.46,25.37,18.36,54.35,1281.1,0.905,0.033,8,47.83,18.48,384.0,0.12
Madhya Pradesh,Mandsaur,24.1352,75.2029,7.49,0.87,7.29,41.26,25.78,43.97,25.47,18.95,49.25,822.6,0.931,0.033,8,47.48,19.22,423.0,0.15
Madhya Pradesh,Mandsaur,24.1398,75.0819,7.56,0.74,7.02,43.93,24.04,44.37,25.47,18.95,49.25,822.6,0.931,0.033,8,47.48,19.22,455.0,0.65
Madhya Pradesh,Mandsaur,24.2501,75.7928,7.35,0.77,6.99,31.6,34.36,30.96,25.7,18.22,48.78,802.0,0.928,0.03,8,47.07,19.22,389.0,0.23
Madhya Pradesh,Mandsaur,24.094,75.6867,7.46,0.86,6.67,35.22,30.31,40.58,25.49,18.64,49.5,836.1,0.929,0.033,8,47.69,19.22,465.0,0.43
Madhya Pradesh,Mandsaur,24.3122,75.077,7.49,0.85,7.04,36.83,27.11,38.28,25.38,18.11,48.31,778.2,0.931,0.03,8,47.1,19.22,430.0,0.12
Madhya Pradesh,Morena,26.2266,77.6144,7.36,0.89,6.68,30.62,44.36,17.07,26.05,17.4,45.58,707.3,0.873,0.045,8,48.14,18.99,194.0,0.12
Madhya Pradesh,Morena,26.1013,77.5359,7.2,0.9,6.79,29.03,45.72,21.22,26.05,17.4,45.58,707.3,0.873,0.045,8,48.14,18.99,281.0,0.7
Madhya Pradesh,Morena,26.4281,78.2328,7.8,0.94,6.36,29.02,42.01,22.15,26.58,17.09,44.74,675.8,0.86,0.05,8,49.28,18.17,164.0,0.06
Madhya Pradesh,Morena,26.1414,77.567,7.19,0.95,6.92,27.6,47.93,23.79,26.05,17.4,45.58,707.3,0.873,0.045,8,48.14,18.99,253.0,1.09
Madhya Pradesh,Morena,26.4152,78.091,7.89,0.86,6.89,27.09,43.16,16.5,26.58,17.09,44.74,675.8,0.86,0.05,8,49.28,18.17,177.0,0.08
Madhya Pradesh,Narsinghpur,23.084,78.9544,7.55,0.81,7.01,41.2,15.97,37.23,26.04,19.76,52.4,1307.9,0.92,0.033,8,48.14,18.55,345.0,0.3
Madhya Pradesh,Narsinghpur,22.7444,79.4607,7.26,0.97,10.38,40.82,15.42,44.85,24.66,18.67,55.08,1302.5,0.906,0.037,8,45.9,18.55,454.0,0.5
Madhya Pradesh,Narsinghpur,23.1344,79.2809,6.47,1.42,15.67,44.39,16.79,38.97,25.67,19.19,53.73,1292.7,0.914,0.031,8,47.68,18.64,468.0,5.84
Madhya Pradesh,Narsinghpur,22.7547,78.8987,6.48,1.38,16.33,44.92,17.22,40.18,26.04,19.76,52.4,1307.9,0.92,0.033,8,48.14,18.63,413.0,2.29
Madhya Pradesh,Narsinghpur,22.9122,79.2131,7.6,0.7,7.12,39.9,13.93,40.72,25.67,19.19,53.73,1292.7,0.914,0.031,8,47.68,18.55,363.0,0.06
Madhya Pradesh,Neemuch,24.582,75.1588,7.15,1.0,6.82,35.44,33.75,29.24,25.38,18.11,48.31,778.2,0.931,0.03,8,47.1,19.22,549.0,0.27
Madhya Pradesh,Neemuch,24.6114,74.9822,7.29,0.86,6.7,35.34,30.16,31.53,25.38,18.11,48.31,778.2,0.931,0.03,8,47.1,19.44,472.0,0.23
Madhya Pradesh,Neemuch,24.8115,75.1001,7.23,1.02,7.17,32.46,39.01,23.03,25.46,17.49,45.94,721.4,0.926,0.028,8,47.06,19.22,389.0,0.36
Madhya Pradesh,Neemuch,24.556,75.4984,7.26,0.86,12.97,36.86,34.92,29.03,25.7,18.22,48.78,802.0,0.928,0.03,8,47.07,19.22,469.0,0.59
Madhya Pradesh,Neemuch,24.7456,74.8031,7.18,1.17,9.22,36.04,36.9,32.0,25.38,18.11,48.31,778.2,0.931,0.03,8,47.1,19.44,553.0,3.7
Madhya Pradesh,Panna,24.0644,80.1947,7.35,1.03,8.04,38.04,25.43,38.61,25.37,17.87,54.21,1183.0,0.897,0.037,8,47.95,18.62,408.0,0.91
Madhya Pradesh,Panna,24.6688,79.9049,6.88,1.24,13.94,33.83,29.79,23.25,25.45,17.52,53.71,1084.2,0.889,0.04,8,47.84,18.85,314.0,5.84
Madhya Pradesh,Panna,24.3744,80.2267,7.61,0.95,6.19,40.05,18.58,41.2,25.45,17.52,53.71,1084.2,0.889,0.04,8,47.84,18.62,329.0,0.49
Madhya Pradesh,Panna,24.4644,79.9925,7.54,0.97,6.34,38.24,22.09,36.48,25.45,17.52,53.71,1084.2,0.889,0.04,8,47.84,18.85,321.0,0.75
Madhya Pradesh,Panna,23.9605,80.3166,7.38,0.95,7.97,40.18,21.35,37.06,25.3,17.78,54.69,1149.1,0.879,0.044,8,47.75,18.48,374.0,0.35
Madhya Pradesh,Raisen,23.2533,77.6106,7.07,1.11,9.53,40.24,24.04,37.4,25.28,18.62,52.6,1215.8,0.922,0.034,8,47.18,18.8,490.0,0.54
Madhya Pradesh,Raisen,23.1921,78.7757,7.45,1.01,8.28,43.25,19.85,38.36,26.04,19.76,52.4,1307.9,0.92,0.033,8,48.14,18.55,357.0,0.56
Madhya Pradesh,Raisen,23.3296,78.0671,7.65,0.82,8.28,43.57,18.36,42.24,25.3,18.51,52.83,1254.4,0.921,0.034,8,47.19,18.55,449.0,0.26
Madhya Pradesh,Raisen,23.4573,78.3744,7.27,0.94,8.61,42.53,19.69,40.98,25.3,18.51,52.83,1254.4,0.921,0.034,8,47.19,18.55,554.0,0.59
Madhya Pradesh,Raisen,22.8343,78.0332,7.55,0.88,8.48,41.29,20.02,41.06,26.15,19.88,52.0,1327.2,0.923,0.034,8,48.03,18.63,313.0,0.15
Madhya Pradesh,Rajgarh,24.005,76.3685,7.35,0.77,7.76,33.12,30.38,35.72,25.75,18.77,49.37,893.2,0.92,0.037,8,48.01,19.08,398.0,0.45
Madhya Pradesh,Rajgarh,23.9054,77.1547,7.52,0.81,6.03,35.13,31.24,38.97,25.67,18.76,50.09,984.5,0.918,0.037,8,48.22,18.8,436.0,0.35
Madhya Pradesh,Rajgarh,23.6451,77.0694,7.37,0.87,7.01,39.34,30.31,41.51,25.49,18.97,51.13,1078.2,0.919,0.038,8,47.83,18.8,487.0,0.81
Madhya Pradesh,Rajgarh,23.4946,76.8255,7.49,0.76,6.51,39.09,24.44,41.85,25.49,18.97,51.13,1078.2,0.919,0.038,8,47.83,18.87,460.0,0.42
Madhya Pradesh,Rajgarh,24.1517,76.3726,7.25,0.85,6.45,28.49,34.0,30.88,25.75,18.77,49.37,893.2,0.92,0.037,8,48.01,19.08,380.0,0.38
Madhya Pradesh,Ratlam,23.3196,74.8346,7.46,0.8,7.09,41.76,24.02,33.32,25.51,19.6,50.15,867.2,0.932,0.036,8,47.48,19.26,393.0,0.08
Madhya Pradesh,Ratlam,23.7217,75.5609,7.49,0.86,6.71,44.19,25.85,47.06,25.35,19.08,50.25,887.5,0.927,0.038,8,47.42,19.0,475.0,0.05
Madhya Pradesh,Ratlam,23.7485,75.2284,7.55,0.77,8.14,41.93,23.49,43.58,25.51,19.6,50.15,867.2,0.932,0.036,8,47.48,19.0,434.0,0.18
Madhya Pradesh,Ratlam,23.6875,75.012,7.55,0.72,7.78,45.06,21.84,45.97,25.51,19.6,50.15,867.2,0.932,0.036,8,47.48,19.0,502.0,0.33
Madhya Pradesh,Ratlam,23.1691,74.8207,7.47,0.77,6.86,39.86,21.84,38.71,25.5,20.13,51.1,894.9,0.93,0.04,8,47.1,19.26,379.0,1.6
Madhya Pradesh,Rewa,24.9558,81.4257,7.4,0.93,6.32,30.59,31.2,22.86,26.18,17.75,51.9,903.1,0.869,0.051,8,48.54,18.6,118.0,0.31
Madhya Pradesh,Rewa,24.7691,81.7115,7.28,0.97,9.08,38.14,24.4,33.0,26.31,17.82,52.43,913.6,0.87,0.052,8,48.59,18.6,346.0,0.43
Madhya Pradesh,Rewa,25.0539,81.2683,7.33,0.95,6.76,27.6,37.82,17.62,26.18,17.75,51.9,903.1,0.869,0.051,8,48.54,17.64,176.0,0.74
Madhya Pradesh,Rewa,24.8782,81.4359,7.09,1.34,15.44,30.7,34.45,18.74,26.18,17.75,51.9,903.1,0.869,0.051,8,48.54,18.6,167.0,10.53
Madhya Pradesh,Rewa,24.4431,81.3048,7.37,0.79,6.75,41.24,22.8,32.94,25.67,17.69,53.42,986.2,0.869,0.05,8,47.97,18.6,317.0,0.17
Madhya Pradesh,Sagar,23.7799,78.7484,7.17,1.11,9.42,43.42,21.25,38.96,25.2,17.98,52.63,1153.2,0.918,0.034,8,47.21,18.55,575.0,1.15
Madhya Pradesh,Sagar,23.9761,78.2917,7.49,0.82,6.73,35.55,18.73,35.65,25.51,18.37,51.66,1145.7,0.917,0.036,8,47.47,18.55,422.0,0.32
Madhya Pradesh,Sagar,23.2735,79.1997,6.99,1.02,8.67,46.35,18.86,37.26,25.41,18.31,54.05,1265.7,0.916,0.03,8,47.51,18.64,469.0,1.04
Madhya Pradesh,Sagar,23.4766,78.7988,7.17,1.15,10.39,45.78,22.58,40.32,25.14,18.19,53.62,1250.0,0.921,0.032,8,47.28,18.55,542.0,0.81
Madhya Pradesh,Sagar,24.3947,78.258,7.25,0.72,6.11,34.72,25.88,31.25,25.53,17.97,50.9,1013.3,0.91,0.039,8,47.5,18.78,405.0,0.43
Madhya Pradesh,Satna,24.8444,81.0084,7.42,0.85,6.5,28.85,28.72,35.93,26.18,17.75,51.9,903.1,0.869,0.051,8,48.54,18.6,334.0,0.63
Madhya Pradesh,Satna,24.1775,81.1355,7.42,0.82,20.97,36.26,19.07,35.49,25.37,17.86,54.9,1084.1,0.862,0.052,8,47.56,18.6,340.0,0.0
Madhya Pradesh,Satna,24.2948,80.7926,7.42,0.87,6.65,39.85,20.37,32.6,25.45,17.5,53.82,1064.8,0.877,0.045,8,47.86,18.62,324.0,0.32
Madhya Pradesh,Satna,24.9748,80.693,7.22,1.02,7.21,30.35,32.55,25.88,26.0,17.61,52.09,960.2,0.873,0.048,8,48.48,18.62,378.0,0.8
Madhya Pradesh,Satna,24.6818,80.4959,7.44,0.82,5.83,38.54,17.34,36.4,25.45,17.5,53.82,1064.8,0.877,0.045,8,47.86,18.62,342.0,0.54
Madhya Pradesh,Sehore,22.7385,77.1591,7.44,0.85,7.38,39.18,24.73,32.36,26.61,20.99,51.3,1173.7,0.918,0.042,8,48.88,18.69,335.0,1.61
Madhya Pradesh,Sehore,22.8934,76.7702,7.48,0.76,7.47,44.11,18.09,40.9,25.64,19.51,51.47,1151.9,0.921,0.039,8,47.93,18.87,515.0,0.15
Madhya Pradesh,Sehore,22.9612,76.6577,7.58,0.69,6.27,45.36,17.85,43.92,25.64,19.51,51.47,1151.9,0.921,0.039,8,47.93,18.87,508.0,0.34
Madhya Pradesh,Sehore,23.5453,77.2814,7.5,0.76,6.51,38.97,28.93,41.54,25.28,18.62,52.6,1215.8,0.922,0.034,8,47.18,18.8,478.0,0.31
Madhya Pradesh,Sehore,23.2814,77.2121,7.41,0.85,7.28,40.55,27.1,40.48,25.28,18.62,52.6,1215.8,0.922,0.034,8,47.18,18.8,501.0,0.85
Madhya Pradesh,Seoni,22.23,79.8119,7.41,0.91,9.93,39.29,15.54,42.85,25.6,19.98,55.57,1347.5,0.886,0.044,8,47.2,18.55,486.0,0.23
Madhya Pradesh,Seoni,21.7921,79.5153,7.47,0.88,8.02,41.92,11.01,50.61,25.17,19.58,55.11,1263.9,0.893,0.045,8,46.34,18.62,405.0,0.35
Madhya Pradesh,Seoni,22.5885,79.7215,7.2,1.13,10.58,40.17,18.03,46.13,25.21,19.12,55.43,1353.1,0.896,0.038,8,47.12,18.55,635.0,0.31
Madhya Pradesh,Seoni,21.9177,79.7972,7.28,0.97,9.68,40.6,15.11,44.68,25.6,19.98,55.57,1347.5,0.886,0.044,8,47.2,18.62,539.0,0.37
Madhya Pradesh,Seoni,21.8361,79.7613,6.3,1.34,15.22,44.07,14.54,43.61,25.6,19.98,55.57,1347.5,0.886,0.044,8,47.2,18.62,448.0,1.78
Madhya Pradesh,Shahdol,23.7857,81.512,6.87,1.03,10.02,40.62,22.98,41.52,25.37,17.86,54.9,1084.1,0.862,0.052,8,47.56,18.47,448.0,0.15
Madhya Pradesh,Shahdol,23.4904,81.4341,7.23,0.9,7.76,38.99,21.1,43.96,25.01,18.12,55.44,1176.9,0.85,0.055,7,47.04,18.47,460.0,1.02
Madhya Pradesh,Shahdol,23.1826,81.3258,7.11,1.2,11.72,43.72,19.28,39.27,23.61,17.19,57.53,1243.9,0.839,0.059,7,45.51,18.47,559.0,0.83
Madhya Pradesh,Shahdol,23.6565,81.6005,7.35,0.88,6.88,41.26,20.97,42.99,24.44,17.6,55.84,1190.2,0.848,0.059,7,46.4,18.47,466.0,0.69
Madhya Pradesh,Shahdol,23.3133,81.563,7.35,1.0,8.37,46.98,15.69,42.19,24.44,17.6,55.84,1190.2,0.848,0.059,7,46.4,18.47,459.0,0.99
Madhya Pradesh,Sheopur,25.7631,76.9798,7.2,0.9,7.5,27.59,44.82,19.82,26.32,17.54,44.47,668.7,0.885,0.041,8,48.56,19.1,370.0,1.56
Madhya Pradesh,Sheopur,25.5526,77.2111,7.31,0.91,7.33,26.49,46.46,20.4,25.47,17.43,47.64,758.7,0.889,0.043,8,47.61,18.99,300.0,0.7
Madhya Pradesh,Sheopur,25.63,76.6897,7.46,1.02,6.91,26.01,44.7,21.23,25.95,17.73,46.58,732.2,0.899,0.04,8,48.03,19.1,231.0,0.05
Madhya Pradesh,Sheopur,25.399,77.0337,7.06,0.84,6.66,29.55,42.64,24.55,25.95,17.73,46.58,732.2,0.899,0.04,8,48.03,18.99,459.0,0.63
Madhya Pradesh,Sheopur,26.0582,76.9177,7.43,0.99,7.0,27.74,44.9,21.3,26.32,17.54,44.47,668.7,0.885,0.041,8,48.56,19.19,188.0,0.23
Madhya Pradesh,Shajapur,23.3255,76.2622,7.57,0.68,6.45,41.86,20.24,44.58,25.56,19.11,50.28,959.2,0.92,0.04,8,47.65,18.87,474.0,0.53
Madhya Pradesh,Shajapur,23.8005,76.2027,7.38,0.73,7.07,31.76,30.72,41.81,25.75,18.77,49.37,893.2,0.92,0.037,8,48.01,18.87,394.0,0.19
Madhya Pradesh,Shajapur,23.7303,76.0764,7.51,0.7,6.02,39.66,25.45,47.02,25.56,19.11,50.28,959.2,0.92,0.04,8,47.65,18.87,465.0,0.19
Madhya Pradesh,Shajapur,23.6903,76.3534,7.45,0.68,6.61,35.26,25.32,42.61,25.56,19.11,50.28,959.2,0.92,0.04,8,47.65,18.87,424.0,0.34
Madhya Pradesh,Shajapur,23.6862,75.8439,7.61,0.68,6.7,44.92,24.85,50.4,25.35,19.08,50.25,887.5,0.927,0.038,8,47.42,19.0,473.0,0.42
Madhya Pradesh,Shivpuri,25.5549,77.6123,7.2,0.82,6.88,30.59,38.57,30.69,25.47,17.43,47.64,758.7,0.889,0.043,8,47.61,18.99,444.0,0.48
Madhya Pradesh,Shivpuri,25.8089,77.4691,7.2,0.83,6.9,29.73,39.62,30.58,26.05,17.4,45.58,707.3,0.873,0.045,8,48.14,18.99,424.0,0.31
Madhya Pradesh,Shivpuri,25.2742,78.1823,7.34,1.0,6.92,28.38,39.79,23.14,26.18,17.71,46.76,741.0,0.88,0.049,8,48.38,18.27,364.0,1.0
Madhya Pradesh,Shivpuri,25.0545,77.9814,7.11,0.84,7.64,32.14,35.41,31.7,25.62,17.66,49.8,853.6,0.897,0.044,8,47.44,18.99,456.0,0.55
Madhya Pradesh,Shivpuri,25.6606,77.3829,7.1,0.85,7.29,29.83,37.5,33.54,25.47,17.43,47.64,758.7,0.889,0.043,8,47.61,18.99,425.0,0.48
Madhya Pradesh,Sidhi,24.2593,82.0573,7.25,0.88,8.86,37.47,24.43,35.53,25.66,17.7,53.82,1001.7,0.87,0.052,8,47.64,18.35,318.0,1.7
Madhya Pradesh,Sidhi,24.4208,82.4637,7.05,1.12,11.63,37.86,23.99,40.61,25.73,17.72,53.67,930.7,0.863,0.054,8,47.77,18.35,413.0,3.9
Madhya Pradesh,Sidhi,24.1073,81.7128,7.29,0.87,7.67,40.29,21.83,38.89,25.11,17.83,54.52,1101.2,0.861,0.055,8,47.11,18.6,399.0,0.35
Madhya Pradesh,Sidhi,24.5302,82.2406,7.49,1.04,7.65,34.63,24.96,34.35,25.73,17.72,53.67,930.7,0.863,0.054,8,47.77,18.35,235.0,0.35
Madhya Pradesh,Sidhi,24.535,82.4326,7.41,0.92,8.67,35.38,28.51,33.37,25.73,17.72,53.67,930.7,0.863,0.054,8,47.77,18.35,224.0,1.38
Madhya Pradesh,Ujjain,23.4429,75.5554,7.52,0.66,6.19,47.2,19.65,48.33,25.35,19.08,50.25,887.5,0.927,0.038,8,47.42,19.0,481.0,0.16
Madhya Pradesh,Ujjain,23.0579,75.4573,7.57,0.73,7.99,43.37,20.29,48.36,25.24,19.52,51.05,927.1,0.927,0.041,8,46.9,19.0,506.0,0.31
Madhya Pradesh,Ujjain,23.6291,75.6175,7.45,0.8,7.47,42.97,24.34,43.74,25.35,19.08,50.25,887.5,0.927,0.038,8,47.42,19.0,446.0,0.2
Madhya Pradesh,Ujjain,23.4811,76.1968,7.49,0.72,5.94,40.02,27.63,43.93,25.56,19.11,50.28,959.2,0.92,0.04,8,47.65,18.87,438.0,0.38
Madhya Pradesh,Ujjain,23.0116,75.425,7.38,0.65,7.85,44.92,20.46,49.1,25.24,19.52,51.05,927.1,0.927,0.041,8,46.9,19.0,507.0,0.22
Madhya Pradesh,Tikamgarh,25.2678,78.6282,7.35,1.0,6.27,25.85,45.8,17.11,26.5,17.76,47.64,771.4,0.883,0.044,8,48.87,18.27,268.0,0.28
Madhya Pradesh,Tikamgarh,25.5111,78.8459,7.6,0.96,8.12,25.05,42.0,17.43,26.5,17.76,47.64,771.4,0.883,0.044,8,48.87,18.27,190.0,0.18
Madhya Pradesh,Tikamgarh,24.4697,78.9725,7.25,0.75,6.67,35.17,25.96,27.09,25.52,17.76,52.05,1019.6,0.911,0.036,8,47.48,18.78,357.0,0.62
Madhya Pradesh,Tikamgarh,24.7968,79.1691,7.31,0.77,6.93,26.16,34.75,26.28,26.13,17.84,50.96,912.4,0.89,0.042,8,48.42,18.85,302.0,0.47
Madhya Pradesh,Tikamgarh,25.0784,79.114,7.41,1.01,6.78,23.49,43.71,21.04,26.13,17.84,50.96,912.4,0.89,0.042,8,48.42,18.21,248.0,0.15
Madhya Pradesh,Umaria,23.9122,80.9578,7.32,0.92,7.36,39.54,18.59,36.57,25.37,17.86,54.9,1084.1,0.862,0.052,8,47.56,18.48,376.0,0.5
Madhya Pradesh,Umaria,23.9406,81.0412,7.35,0.92,7.27,39.15,19.04,35.18,25.37,17.86,54.9,1084.1,0.862,0.052,8,47.56,18.47,384.0,0.69
Madhya Pradesh,Umaria,23.7839,81.0417,6.68,1.19,10.62,42.3,23.78,40.07,25.37,17.86,54.9,1084.1,0.862,0.052,8,47.56,18.47,472.0,1.97
Madhya Pradesh,Umaria,23.8772,81.1709,7.39,0.92,7.48,38.05,18.79,36.14,25.37,17.86,54.9,1084.1,0.862,0.052,8,47.56,18.47,352.0,0.94
Madhya Pradesh,Umaria,23.818,81.1225,7.3,0.9,7.67,39.36,19.45,40.79,25.37,17.86,54.9,1084.1,0.862,0.052,8,47.56,18.47,398.0,0.52
Madhya Pradesh,Vidisha,23.9164,77.6511,7.43,0.91,7.85,37.0,32.56,39.82,25.14,18.04,51.82,1101.7,0.919,0.035,8,47.65,18.8,444.0,1.24
Madhya Pradesh,Vidisha,24.1168,77.5763,7.45,0.76,7.62,31.31,33.95,41.35,25.14,18.04,51.82,1101.7,0.919,0.035,8,47.65,18.94,519.0,0.23
Madhya Pradesh,Vidisha,23.6419,77.857,7.58,0.83,7.27,37.04,21.35,42.86,25.3,18.51,52.83,1254.4,0.921,0.034,8,47.19,18.8,416.0,0.05
Madhya Pradesh,Vidisha,24.2259,77.5253,7.21,0.77,6.41,29.8,33.78,35.44,25.14,18.04,51.82,1101.7,0.919,0.035,8,47.65,18.94,505.0,0.42
Madhya Pradesh,Vidisha,24.0866,77.3256,7.05,1.03,19.01,30.01,36.72,33.85,25.14,18.04,51.82,1101.7,0.919,0.035,8,47.65,18.94,478.0,1.56
Madhya Pradesh,West Nimar,22.4132,76.1902,7.48,0.82,6.31,35.96,28.79,36.3,26.37,20.73,51.01,1032.8,0.92,0.045,8,48.28,18.87,245.0,0.74
Madhya Pradesh,West Nimar,21.9595,75.4665,7.48,0.79,7.67,41.89,31.11,42.31,26.58,21.4,51.48,883.0,0.915,0.052,8,48.28,19.04,246.0,0.93
Madhya Pradesh,West Nimar,22.1443,75.8177,7.5,0.88,5.88,33.11,32.97,40.52,26.58,21.4,51.48,883.0,0.915,0.052,8,48.28,18.89,177.0,0.12
Madhya Pradesh,West Nimar,21.453,75.9138,7.2,1.24,10.71,42.88,28.93,42.45,26.29,21.55,52.95,844.6,0.898,0.064,8,47.54,19.04,619.0,2.58
Madhya Pradesh,West Nimar,21.5694,75.9263,7.27,0.95,9.62,42.0,31.45,43.09,26.29,21.55,52.95,844.6,0.898,0.064,8,47.54,19.04,477.0,7.65
Maharashtra,Ahmednagar,19.4199,74.7766,7.22,1.09,8.58,45.33,26.78,33.05,25.82,22.32,54.02,710.1,0.824,0.126,7,44.52,19.3,499.0,0.12
Maharashtra,Ahmednagar,19.3279,74.1371,6.96,1.23,13.83,39.87,29.38,37.03,24.87,21.58,57.56,848.0,0.854,0.11,7,43.93,19.3,834.0,6.12
Maharashtra,Ahmednagar,19.6961,74.8007,7.27,1.05,9.04,46.07,24.97,36.69,25.82,22.32,54.02,710.1,0.824,0.126,7,44.52,19.3,477.0,0.27
Maharashtra,Ahmednagar,18.9943,74.2617,7.06,1.08,8.97,39.64,32.83,35.26,24.83,21.66,58.21,810.8,0.838,0.123,7,43.24,19.43,624.0,0.55
Maharashtra,Ahmednagar,19.2223,75.3161,7.39,1.0,9.0,48.39,21.79,47.67,26.03,22.49,53.17,703.3,0.807,0.132,7,44.91,19.34,517.0,0.53
Maharashtra,Akola,20.5208,76.9837,7.35,0.77,7.18,43.67,24.75,42.97,26.66,22.33,52.58,881.2,0.868,0.072,8,46.69,19.13,319.0,0.72
Maharashtra,Akola,20.663,76.8991,7.36,0.75,7.22,42.52,23.45,42.38,26.66,22.33,52.58,881.2,0.868,0.072,8,46.69,19.13,306.0,0.21
Maharashtra,Akola,21.0959,77.1487,7.47,0.76,6.53,46.11,20.78,42.39,26.97,22.51,52.07,930.8,0.877,0.066,8,47.74,18.67,311.0,0.31
Maharashtra,Akola,20.6219,76.9644,7.37,0.75,7.23,42.39,23.36,41.69,26.66,22.33,52.58,881.2,0.868,0.072,8,46.69,19.13,290.0,0.15
Maharashtra,Akola,20.4872,77.2329,7.23,0.78,7.68,46.75,24.52,41.74,26.7,22.11,53.44,933.1,0.873,0.061,8,46.97,18.99,370.0,0.93
Maharashtra,Amravati,20.8485,77.6394,7.47,0.76,6.26,42.11,24.46,44.06,26.71,22.12,52.5,947.8,0.876,0.059,8,47.23,18.99,312.0,0.35
Maharashtra,Amravati,21.4792,77.3554,6.38,1.55,17.26,45.46,16.27,44.96,25.41,20.87,53.34,1033.2,0.886,0.055,8,45.84,18.67,650.0,4.92
Maharashtra,Amravati,20.8791,77.551,7.45,0.86,6.93,42.67,23.7,42.69,26.71,22.12,52.5,947.8,0.876,0.059,8,47.23,18.99,311.0,0.36
Maharashtra,Amravati,20.9533,77.4293,7.51,0.8,7.09,40.31,24.02,43.29,26.71,22.12,52.5,947.8,0.876,0.059,8,47.23,18.99,299.0,0.31
Maharashtra,Amravati,20.8617,77.5003,7.48,0.8,7.2,43.09,23.62,42.33,26.71,22.12,52.5,947.8,0.876,0.059,8,47.23,18.99,295.0,0.4
Maharashtra,Aurangabad,19.7889,75.1597,7.42,1.02,7.63,46.08,21.7,44.11,25.76,22.12,53.98,748.0,0.84,0.114,7,44.88,19.34,504.0,0.29
Maharashtra,Aurangabad,20.4418,75.558,7.19,1.24,11.66,44.98,29.1,41.07,26.06,22.08,53.06,817.1,0.859,0.094,7,45.79,19.22,698.0,1.35
Maharashtra,Aurangabad,20.0925,75.2358,6.95,0.94,10.5,48.04,24.67,40.04,25.76,22.12,53.98,748.0,0.84,0.114,7,44.88,19.22,724.0,3.14
Maharashtra,Aurangabad,19.8218,74.6331,7.32,1.01,8.95,44.4,27.35,37.89,25.16,21.78,56.38,859.3,0.867,0.099,7,44.71,19.3,489.0,0.16
Maharashtra,Aurangabad,20.0994,75.3317,7.23,0.98,16.03,48.5,22.99,43.91,25.7,21.9,53.54,800.1,0.845,0.106,7,44.87,19.22,666.0,0.56
Maharashtra,Bhandara,21.2753,80.6225,6.28,1.7,18.79,45.35,24.33,33.49,25.83,20.37,57.07,1318.3,0.873,0.051,7,47.28,18.45,439.0,1.98
Maharashtra,Bhandara,21.0933,79.7995,7.34,1.22,8.99,43.13,17.62,37.65,26.66,21.39,57.52,1360.2,0.886,0.05,7,48.16,18.62,264.0,0.39
Maharashtra,Bhandara,21.4011,79.5569,7.45,0.89,8.37,42.35,12.58,44.02,26.43,21.04,54.84,1220.6,0.886,0.049,8,47.8,18.62,290.0,0.26
Maharashtra,Bhandara,21.34,80.3734,7.34,1.23,9.0,46.18,18.7,32.25,25.83,20.37,57.07,1318.3,0.873,0.051,7,47.28,18.45,325.0,0.38
Maharashtra,Bhandara,21.2119,79.7855,7.39,1.04,8.7,40.62,16.57,37.64,26.66,21.39,57.52,1360.2,0.886,0.05,7,48.16,18.62,265.0,0.27
Maharashtra,Bid,19.1895,76.0023,7.36,0.99,7.78,45.65,26.53,40.41,26.39,22.77,52.85,764.1,0.815,0.118,7,45.21,19.21,470.0,0.52
Maharashtra,Bid,18.7781,76.1557,7.05,1.11,9.68,43.94,28.45,41.97,26.39,22.77,52.85,764.1,0.815,0.118,7,45.21,19.3,722.0,0.67
Maharashtra,Bid,18.7526,75.9831,7.23,0.99,9.25,47.21,25.47,44.06,26.39,22.77,52.85,764.1,0.815,0.118,7,45.21,19.34,698.0,0.82
Maharashtra,Bid,18.622,75.3148,7.4,0.98,8.13,45.31,24.23,45.8,25.92,22.51,53.78,664.8,0.779,0.146,7,44.13,19.34,569.0,1.54
Maharashtra,Bid,19.0041,76.3262,7.36,0.93,8.57,45.11,25.58,41.26,26.39,22.77,52.85,764.1,0.815,0.118,7,45.21,19.21,432.0,1.1
Maharashtra,Buldana,20.1146,76.324,7.26,0.77,9.82,47.49,26.62,43.92,25.96,21.99,53.19,842.4,0.854,0.092,7,45.55,19.13,532.0,0.57
Maharashtra,Buldana,20.8409,76.6701,7.43,0.69,6.08,41.17,25.63,43.06,26.97,22.51,52.07,930.8,0.877,0.066,8,47.74,19.13,254.0,0.31
Maharashtra,Buldana,20.7725,76.0722,7.32,0.76,6.75,44.7,29.77,42.13,26.87,22.4,52.28,888.8,0.878,0.072,8,47.86,19.13,315.0,0.85
Maharashtra,Buldana,20.1222,76.4632,7.14,0.81,9.67,47.63,23.48,47.33,25.96,21.99,53.19,842.4,0.854,0.092,7,45.55,19.13,583.0,1.59
Maharashtra,Buldana,20.1264,76.6925,7.34,1.02,8.98,45.82,24.42,48.1,26.26,22.12,53.4,874.7,0.863,0.077,7,45.46,19.13,541.0,0.41
Maharashtra,Chandrapur,20.2572,79.3949,6.58,1.33,11.45,38.74,25.9,32.28,27.1,21.99,57.04,1247.0,0.884,0.052,7,48.74,18.69,252.0,0.85
Maharashtra,Chandrapur,20.1226,79.0317,7.17,0.88,9.34,40.04,27.48,37.05,27.27,22.59,55.47,1023.3,0.871,0.061,8,48.47,18.69,198.0,0.36
Maharashtra,Chandrapur,20.4178,79.3853,7.19,1.02,8.6,42.04,23.16,37.47,27.1,21.99,57.04,1247.0,0.884,0.052,7,48.74,18.69,224.0,0.12
Maharashtra,Chandrapur,20.5949,79.6877,7.17,1.07,9.26,42.91,23.67,39.8,26.73,21.57,59.21,1389.1,0.885,0.053,7,48.34,18.69,247.0,0.45
Maharashtra,Chandrapur,19.7498,79.3822,7.05,0.98,9.79,35.96,29.14,34.55,27.29,22.82,57.42,1106.3,0.859,0.072,7,48.16,18.7,222.0,0.51
Maharashtra,Dhule,20.7819,74.709,7.02,0.88,8.53,43.72,28.87,36.5,27.0,22.78,52.22,766.4,0.878,0.083,8,47.57,19.18,455.0,0.38
Maharashtra,Dhule,21.1656,74.6903,7.28,0.78,9.8,40.98,29.61,41.08,27.0,22.78,52.22,766.4,0.878,0.083,8,47.57,19.05,207.0,0.8
Maharashtra,Dhule,21.3113,74.4945,7.27,0.87,7.36,40.61,29.52,34.74,26.32,22.13,54.49,908.0,0.921,0.054,8,47.02,19.05,218.0,0.84
Maharashtra,Dhule,20.9459,73.973,6.86,1.12,10.06,42.85,28.99,36.6,26.08,22.88,58.26,1393.7,0.944,0.043,8,45.52,18.72,631.0,2.76
Maharashtra,Dhule,21.0331,74.7012,7.19,0.78,7.78,34.38,33.81,32.67,27.0,22.78,52.22,766.4,0.878,0.083,8,47.57,19.05,312.0,0.66
Maharashtra,Garhchiroli,20.0649,80.2638,5.96,1.56,15.91,36.33,29.1,27.42,27.0,22.37,59.19,1363.0,0.874,0.06,7,48.53,18.56,298.0,0.61
Maharashtra,Garhchiroli,19.2911,80.6895,5.93,1.85,26.2,30.9,34.89,20.01,26.04,22.02,62.11,1431.8,0.848,0.07,7,47.22,18.41,233.0,0.17
Maharashtra,Garhchiroli,19.6828,80.6193,5.92,1.97,17.18,33.49,33.42,22.02,26.04,22.02,62.11,1431.8,0.848,0.07,7,47.22,18.41,300.0,0.54
Maharashtra,Garhchiroli,19.6799,80.6051,5.86,1.88,15.83,32.47,33.2,21.42,26.04,22.02,62.11,1431.8,0.848,0.07,7,47.22,18.41,292.0,1.24
Maharashtra,Garhchiroli,19.0139,79.9567,6.38,1.37,16.97,38.72,26.63,28.22,27.72,23.69,59.22,1203.1,0.845,0.083,7,48.5,18.7,219.0,2.08
Maharashtra,Gondiya,21.0277,80.2306,6.23,1.75,20.37,43.24,22.73,34.86,26.66,21.39,57.52,1360.2,0.886,0.05,7,48.16,18.45,419.0,10.83
Maharashtra,Gondiya,21.2988,80.2678,7.39,1.23,9.48,43.17,17.44,32.2,26.47,21.14,55.62,1338.3,0.884,0.048,8,48.12,18.45,334.0,0.66
Maharashtra,Gondiya,20.9524,80.1319,6.19,1.91,20.17,41.3,22.51,32.43,26.66,21.39,57.52,1360.2,0.886,0.05,7,48.16,18.56,375.0,3.77
Maharashtra,Gondiya,21.0877,80.2053,6.36,1.73,18.62,42.45,23.38,32.55,26.66,21.39,57.52,1360.2,0.886,0.05,7,48.16,18.45,405.0,6.56
Maharashtra,Gondiya,20.8337,80.4991,6.95,1.08,9.51,46.01,21.38,34.57,26.06,20.49,59.27,1346.6,0.881,0.051,7,47.55,18.56,409.0,0.46
Maharashtra,Hingoli,19.9435,77.029,7.32,0.98,9.23,45.76,23.38,45.54,26.26,22.12,53.4,874.7,0.863,0.077,7,45.46,19.07,504.0,0.34
Maharashtra,Hingoli,19.715,77.2283,7.3,0.92,8.33,42.14,28.13,43.19,26.67,22.54,54.16,889.1,0.856,0.074,7,46.23,19.07,456.0,0.26
Maharashtra,Hingoli,19.3888,77.2274,7.24,1.01,8.81,39.39,28.7,36.69,26.67,22.54,54.16,889.1,0.856,0.074,7,46.23,19.07,388.0,0.11
Maharashtra,Hingoli,19.5665,77.3025,7.24,0.99,7.57,45.91,25.22,42.18,26.67,22.54,54.16,889.1,0.856,0.074,7,46.23,19.07,430.0,0.73
Maharashtra,Hingoli,19.683,77.4484,7.13,0.97,8.73,43.77,28.04,39.79,26.67,22.54,54.16,889.1,0.856,0.074,7,46.23,19.07,410.0,1.28
Maharashtra,Greater Bombay,19.1851,72.8985,5.82,2.22,25.08,36.7,36.46,29.23,26.77,24.07,67.39,2508.6,0.937,0.05,7,44.91,19.06,343.0,6.1
Maharashtra,Greater Bombay,19.151,72.9253,6.1,2.79,24.93,37.46,35.57,30.22,26.77,24.07,67.39,2508.6,0.937,0.05,7,44.91,19.06,67.0,3.02
Maharashtra,Greater Bombay,19.2958,72.8309,6.67,1.87,22.85,36.1,29.11,25.7,26.81,24.36,64.38,2491.5,0.945,0.045,7,45.82,19.06,2.0,0.07
Maharashtra,Greater Bombay,19.1639,72.8027,6.67,6.01,34.46,33.92,30.61,27.79,27.27,25.17,75.76,1859.2,0.926,0.055,7,32.21,19.06,3.0,0.05
Maharashtra,Greater Bombay,19.1757,72.8817,6.41,2.26,19.45,35.21,32.18,28.8,26.77,24.07,67.39,2508.6,0.937,0.05,7,44.91,19.06,90.0,7.0
Maharashtra,Jalgaon,21.3358,75.4154,7.24,1.22,11.88,40.66,27.81,39.23,26.29,21.55,52.95,844.6,0.898,0.064,8,47.54,19.04,301.0,2.12
Maharashtra,Jalgaon,20.7196,75.0754,7.14,0.75,8.77,42.14,29.75,38.21,26.17,22.28,53.16,761.6,0.856,0.1,7,45.91,19.22,293.0,0.43
Maharashtra,Jalgaon,20.9015,75.0867,7.45,0.85,6.34,37.25,31.13,40.28,27.0,22.78,52.22,766.4,0.878,0.083,8,47.57,19.22,227.0,0.39
Maharashtra,Jalgaon,20.9111,75.1815,7.42,0.9,6.49,38.7,32.07,39.22,27.0,22.78,52.22,766.4,0.878,0.083,8,47.57,19.22,249.0,0.51
Maharashtra,Jalgaon,21.3497,75.8132,7.07,1.26,14.37,43.98,25.47,45.06,26.29,21.55,52.95,844.6,0.898,0.064,8,47.54,19.04,648.0,4.02
Maharashtra,Jalna,19.3102,76.059,7.37,0.95,8.72,46.72,22.97,44.94,26.61,22.77,52.43,809.2,0.839,0.104,7,46.0,19.21,431.0,0.33
Maharashtra,Jalna,19.6258,76.1819,7.37,0.98,7.53,44.14,25.57,44.3,26.61,22.77,52.43,809.2,0.839,0.104,7,46.0,19.21,451.0,0.47
Maharashtra,Jalna,19.3938,75.977,7.39,1.06,8.7,46.09,22.79,43.19,26.61,22.77,52.43,809.2,0.839,0.104,7,46.0,19.34,422.0,0.27
Maharashtra,Jalna,19.7985,76.0427,7.39,0.88,7.64,43.53,22.79,47.65,25.96,21.99,53.19,842.4,0.854,0.092,7,45.55,19.21,485.0,0.17
Maharashtra,Jalna,19.5446,76.0184,7.33,0.91,6.88,47.07,24.37,44.52,26.61,22.77,52.43,809.2,0.839,0.104,7,46.0,19.21,480.0,0.88
Maharashtra,Kolhapur,16.5182,74.0934,6.45,1.57,18.29,33.53,39.64,30.5,24.83,23.15,65.19,1213.8,0.852,0.09,7,43.07,19.17,638.0,7.88
Maharashtra,Kolhapur,16.1418,73.8884,5.64,3.11,35.43,39.76,31.08,26.67,26.72,25.8,72.29,2417.5,0.892,0.068,6,41.46,18.89,505.0,21.6
Maharashtra,Kolhapur,16.2372,74.2666,6.23,1.25,13.95,35.1,36.96,34.38,24.3,22.92,68.66,1552.4,0.848,0.089,6,42.34,19.17,662.0,1.69
Maharashtra,Kolhapur,17.0618,73.8539,6.22,2.2,23.07,38.66,32.47,27.03,25.46,23.89,68.52,2108.3,0.906,0.062,6,44.19,18.47,830.0,13.65
Maharashtra,Kolhapur,15.8497,74.1241,5.86,2.1,22.13,33.1,39.14,27.85,24.3,22.92,68.66,1552.4,0.848,0.089,6,42.34,18.63,814.0,1.28
Maharashtra,Latur,18.6386,77.0809,7.21,1.03,8.89,40.3,31.83,37.69,26.23,22.71,54.28,788.1,0.798,0.114,7,44.58,19.23,542.0,0.84
Maharashtra,Latur,18.6195,77.0761,7.21,1.02,8.77,40.06,30.74,37.25,26.23,22.71,54.28,788.1,0.798,0.114,7,44.58,19.23,530.0,1.16
Maharashtra,Latur,17.9935,76.8559,7.0,1.01,8.35,39.3,32.14,33.92,26.06,22.76,55.28,788.5,0.779,0.121,7,44.16,19.47,599.0,1.03
Maharashtra,Latur,18.5819,76.4503,7.28,0.99,9.11,42.02,30.07,38.19,25.91,22.54,53.87,736.8,0.786,0.131,7,44.24,19.3,619.0,0.54
Maharashtra,Latur,18.5668,76.5037,7.16,1.05,9.06,38.3,30.51,37.09,25.91,22.54,53.87,736.8,0.786,0.131,7,44.24,19.3,642.0,0.57
Maharashtra,Nagpur,21.1,79.3429,7.56,0.88,7.57,45.76,16.05,43.72,26.91,21.63,55.84,1234.0,0.886,0.05,8,48.42,18.62,269.0,0.17
Maharashtra,Nagpur,20.9948,78.7522,6.97,0.96,10.95,44.54,16.63,49.47,26.72,21.46,54.79,1052.3,0.881,0.053,8,48.0,18.87,346.0,4.47
Maharashtra,Nagpur,20.7672,79.0234,7.26,0.94,8.32,41.74,18.98,40.56,26.72,21.46,54.79,1052.3,0.881,0.053,8,48.0,18.69,237.0,0.26
Maharashtra,Nagpur,20.8193,79.453,6.51,1.14,11.92,48.07,18.36,42.04,26.91,21.63,55.84,1234.0,0.886,0.05,8,48.42,18.69,294.0,1.21
Maharashtra,Nagpur,21.2634,79.0264,7.55,0.79,6.84,45.67,13.76,47.9,26.1,20.95,53.85,1091.2,0.885,0.051,8,47.08,18.62,316.0,0.16
Maharashtra,Nanded,19.3453,78.1054,7.12,1.04,9.53,43.11,25.52,38.67,26.87,22.61,54.98,927.6,0.857,0.073,7,46.94,18.86,441.0,1.44
Maharashtra,Nanded,19.5551,78.2651,7.2,0.97,10.0,40.24,27.29,35.39,26.87,22.61,54.98,927.6,0.857,0.073,7,46.94,18.86,355.0,1.25
Maharashtra,Nanded,18.9546,77.0755,7.24,0.94,9.54,41.1,32.38,39.3,26.76,23.03,53.08,804.4,0.824,0.102,7,45.76,19.23,404.0,1.44
Maharashtra,Nanded,19.1246,77.6667,7.05,1.04,9.96,43.23,26.73,38.89,27.0,23.16,53.85,858.8,0.835,0.087,7,46.18,19.07,442.0,0.21
Maharashtra,Nanded,19.0905,77.4212,7.26,0.94,9.42,39.75,29.6,35.82,27.0,23.16,53.85,858.8,0.835,0.087,7,46.18,19.07,355.0,1.15
Maharashtra,Nandurbar,21.2732,74.1283,6.93,1.03,7.08,39.26,31.28,32.69,26.32,22.13,54.49,908.0,0.921,0.054,8,47.02,19.05,264.0,2.04
Maharashtra,Nandurbar,21.0709,73.8048,6.72,1.53,16.48,41.86,30.38,34.94,26.08,22.88,58.26,1393.7,0.944,0.043,8,45.52,19.03,512.0,8.04
Maharashtra,Nandurbar,21.7942,73.9055,6.46,1.95,20.63,43.53,24.98,38.11,26.81,22.53,54.1,1133.8,0.956,0.03,8,47.25,19.03,716.0,15.25
Maharashtra,Nandurbar,21.0527,73.8622,6.75,1.15,17.36,37.49,29.88,32.5,26.08,22.88,58.26,1393.7,0.944,0.043,8,45.52,19.03,239.0,5.37
Maharashtra,Nandurbar,21.0069,73.8228,6.81,1.22,12.0,44.41,26.13,36.74,26.08,22.88,58.26,1393.7,0.944,0.043,8,45.52,19.03,440.0,4.01
Maharashtra,Nashik,19.9503,73.78,6.66,1.25,10.26,42.92,29.81,37.95,24.43,21.63,61.17,1639.1,0.927,0.058,7,43.99,18.57,613.0,1.43
Maharashtra,Nashik,20.203,73.3356,6.47,2.35,16.83,36.08,36.55,27.86,26.63,24.23,62.63,2326.1,0.949,0.041,7,45.41,18.72,125.0,1.72
Maharashtra,Nashik,20.642,73.9272,6.83,1.45,17.84,49.14,20.41,44.96,24.88,22.01,59.84,1512.2,0.934,0.051,7,44.36,18.72,972.0,2.68
Maharashtra,Nashik,20.0699,73.3004,6.32,2.25,18.82,36.28,36.0,27.86,26.63,24.23,62.63,2326.1,0.949,0.041,7,45.41,18.72,263.0,7.24
Maharashtra,Nashik,20.2959,74.0787,7.08,1.0,8.36,44.81,25.99,39.4,25.18,21.56,55.75,859.5,0.882,0.086,7,44.93,19.18,683.0,0.44
Maharashtra,Osmanabad,18.5594,75.9591,7.34,1.0,8.96,43.43,25.43,46.09,25.91,22.54,53.87,736.8,0.786,0.131,7,44.24,19.34,667.0,0.78
Maharashtra,Osmanabad,18.5566,76.0825,7.43,0.92,9.11,46.91,24.39,45.58,25.91,22.54,53.87,736.8,0.786,0.131,7,44.24,19.3,648.0,0.53
Maharashtra,Osmanabad,18.586,75.7715,7.16,1.0,8.22,43.02,28.24,42.05,25.92,22.51,53.78,664.8,0.779,0.146,7,44.13,19.34,723.0,0.77
Maharashtra,Osmanabad,17.8755,76.3934,7.14,1.03,10.05,36.0,34.38,34.47,26.25,23.05,54.03,722.7,0.764,0.14,7,44.22,19.47,603.0,0.53
Maharashtra,Osmanabad,18.298,76.0714,7.27,1.01,8.17,41.91,25.77,42.59,25.91,22.54,53.87,736.8,0.786,0.131,7,44.24,19.3,674.0,0.31
Maharashtra,Parbhani,19.3091,76.3217,7.29,1.02,8.24,44.21,26.04,39.6,26.61,22.77,52.43,809.2,0.839,0.104,7,46.0,19.21,412.0,0.31
Maharashtra,Parbhani,18.9546,76.8283,7.32,0.98,8.62,43.53,30.17,37.73,26.76,23.03,53.08,804.4,0.824,0.102,7,45.76,19.3,381.0,0.26
Maharashtra,Parbhani,18.8743,76.9211,7.29,0.98,8.98,43.92,28.74,38.22,26.76,23.03,53.08,804.4,0.824,0.102,7,45.76,19.3,405.0,0.48
Maharashtra,Parbhani,19.7272,76.5263,7.13,0.92,8.59,46.06,24.62,46.6,26.61,22.77,52.43,809.2,0.839,0.104,7,46.0,19.21,534.0,0.47
Maharashtra,Parbhani,19.1255,76.8248,7.39,1.11,9.02,43.33,25.07,37.37,26.76,23.03,53.08,804.4,0.824,0.102,7,45.76,19.21,402.0,0.22
Maharashtra,Raigarh,18.0707,73.2923,6.2,2.29,28.84,34.93,34.91,26.3,26.83,24.79,71.27,2328.4,0.905,0.071,7,42.59,18.49,2.0,1.08
Maharashtra,Raigarh,19.0068,73.3314,6.49,2.05,17.86,36.84,38.55,27.94,26.77,24.07,67.39,2508.6,0.937,0.05,7,44.91,18.57,52.0,1.15
Maharashtra,Raigarh,17.8839,73.4814,6.05,2.46,24.33,39.78,30.73,26.15,24.16,21.43,67.22,1908.4,0.904,0.071,7,43.58,18.47,331.0,16.87
Maharashtra,Raigarh,18.6412,73.1495,6.36,2.08,21.54,36.23,35.12,26.61,26.59,24.11,69.54,2462.5,0.924,0.059,7,44.04,18.49,97.0,10.94
Maharashtra,Raigarh,18.8344,73.3597,6.31,1.99,19.21,35.81,36.81,27.77,26.77,24.07,67.39,2508.6,0.937,0.05,7,44.91,18.49,317.0,8.92
Maharashtra,Pune,18.5463,73.4132,6.09,2.75,27.82,41.51,31.07,33.97,26.59,24.11,69.54,2462.5,0.924,0.059,7,44.04,18.49,661.0,9.07
Maharashtra,Pune,18.2385,73.669,6.22,2.24,22.15,41.37,29.76,36.36,24.16,21.43,67.22,1908.4,0.904,0.071,7,43.58,18.49,964.0,8.09
Maharashtra,Pune,18.4344,74.53,7.07,1.1,11.91,35.65,38.63,29.75,25.25,22.25,58.24,806.3,0.828,0.128,7,43.55,19.43,539.0,0.65
Maharashtra,Pune,18.4858,74.3929,7.15,1.16,11.67,37.07,34.46,31.96,25.25,22.25,58.24,806.3,0.828,0.128,7,43.55,19.43,535.0,0.38
Maharashtra,Pune,19.1325,73.7973,6.5,1.68,18.21,39.07,29.19,41.32,24.22,21.19,65.01,1693.5,0.911,0.072,7,43.76,18.57,988.0,5.16
Maharashtra,Ratnagiri,16.5554,73.5456,6.23,2.17,26.13,34.33,36.19,24.55,26.1,24.84,69.96,2253.4,0.9,0.064,6,43.67,18.89,202.0,3.09
Maharashtra,Ratnagiri,16.8547,73.7256,5.99,2.06,24.45,35.93,35.36,23.23,25.46,23.89,68.52,2108.3,0.906,0.062,6,44.19,18.89,327.0,2.44
Maharashtra,Ratnagiri,17.6975,73.1505,6.22,2.73,24.27,32.47,38.69,26.6,27.15,25.66,73.47,2266.0,0.898,0.072,6,40.36,18.47,48.0,5.15
Maharashtra,Ratnagiri,16.6199,73.5326,6.2,1.98,23.78,33.83,36.14,24.65,26.1,24.84,69.96,2253.4,0.9,0.064,6,43.67,18.89,167.0,4.02
Maharashtra,Ratnagiri,17.3398,73.6499,6.04,2.07,25.98,40.03,34.17,25.98,24.8,22.79,67.38,2046.9,0.907,0.065,7,43.98,18.47,154.0,8.03
Maharashtra,Sangli,17.0523,74.7842,7.32,0.98,10.51,40.8,35.46,36.01,25.78,23.22,56.93,552.6,0.746,0.157,7,43.14,19.25,666.0,0.64
Maharashtra,Sangli,17.1685,73.8856,6.1,1.89,19.57,37.12,36.85,30.56,25.46,23.89,68.52,2108.3,0.906,0.062,6,44.19,18.47,910.0,1.39
Maharashtra,Sangli,16.8429,74.819,7.29,0.96,12.29,39.38,36.94,44.19,25.78,23.22,56.93,552.6,0.746,0.157,7,43.14,19.17,645.0,0.86
Maharashtra,Sangli,17.2003,75.5452,7.5,0.84,9.65,37.98,34.61,37.48,26.53,23.57,54.77,553.7,0.716,0.17,7,44.1,19.66,508.0,0.41
Maharashtra,Sangli,17.5972,74.9169,7.2,0.96,10.35,37.02,34.14,39.02,25.98,23.0,55.44,557.2,0.754,0.16,7,43.51,19.25,619.0,0.43
Maharashtra,Satara,17.8043,73.6414,6.04,2.73,24.85,41.02,32.46,30.55,24.16,21.43,67.22,1908.4,0.904,0.071,7,43.58,18.47,689.0,1.5
Maharashtra,Satara,17.4859,73.8752,6.36,1.99,20.91,37.11,34.12,32.41,24.8,22.79,67.38,2046.9,0.907,0.065,7,43.98,18.47,1064.0,2.76
Maharashtra,Satara,17.4888,74.1897,6.87,1.24,11.79,42.94,31.7,31.42,24.58,22.05,61.46,946.6,0.852,0.099,7,42.67,19.25,683.0,1.82
Maharashtra,Satara,17.1635,74.1626,6.76,1.23,11.5,36.59,39.19,26.06,24.92,22.89,62.7,1025.5,0.856,0.092,7,43.25,19.25,573.0,0.53
Maharashtra,Satara,17.6851,74.0469,6.93,1.52,12.07,41.35,31.8,26.78,24.8,22.79,67.38,2046.9,0.907,0.065,7,43.98,19.25,633.0,0.39
Maharashtra,Sindhudurg,16.5016,73.3345,6.29,2.6,23.86,32.14,37.86,25.23,27.69,26.71,75.5,2126.6,0.89,0.07,6,35.84,18.89,91.0,3.12
Maharashtra,Sindhudurg,16.2554,73.4415,6.31,3.23,29.47,31.51,38.34,23.77,26.1,24.84,69.96,2253.4,0.9,0.064,6,43.67,18.89,57.0,0.95
Maharashtra,Sindhudurg,15.8293,73.7244,6.32,1.96,19.26,32.95,35.97,21.19,26.72,25.8,72.29,2417.5,0.892,0.068,6,41.46,19.14,34.0,0.78
Maharashtra,Sindhudurg,16.5273,73.6506,6.14,1.95,20.35,33.27,34.94,22.93,26.1,24.84,69.96,2253.4,0.9,0.064,6,43.67,18.89,117.0,2.53
Maharashtra,Sindhudurg,16.3148,73.6736,6.16,1.89,22.18,34.68,34.72,24.04,26.1,24.84,69.96,2253.4,0.9,0.064,6,43.67,18.89,164.0,1.9
Maharashtra,Solapur,17.7649,74.9251,7.11,1.03,10.21,41.18,36.09,32.33,26.28,23.11,54.66,581.1,0.763,0.161,7,44.12,19.25,554.0,0.49
Maharashtra,Solapur,17.2642,75.1116,7.09,0.9,9.82,34.0,42.23,30.68,25.98,23.0,55.44,557.2,0.754,0.16,7,43.51,19.66,562.0,0.76
Maharashtra,Solapur,18.0857,75.2181,7.13,0.96,10.3,50.56,25.05,31.0,26.28,23.11,54.66,581.1,0.763,0.161,7,44.12,19.34,518.0,0.49
Maharashtra,Solapur,18.4015,75.2122,7.47,1.0,8.65,50.24,24.17,40.14,25.98,22.62,54.54,616.3,0.78,0.154,7,44.13,19.34,565.0,1.17
Maharashtra,Solapur,18.1151,75.2933,7.71,0.96,9.14,52.19,22.95,44.54,26.28,23.11,54.66,581.1,0.763,0.161,7,44.12,19.34,562.0,0.54
Maharashtra,Thane,20.2073,72.9289,7.23,1.4,11.64,39.31,30.78,25.53,26.63,24.23,62.63,2326.1,0.949,0.041,7,45.41,19.09,30.0,0.38
Maharashtra,Thane,19.5844,73.1025,6.5,1.96,15.04,36.67,34.62,26.79,26.81,24.36,64.38,2491.5,0.945,0.045,7,45.82,18.57,72.0,0.36
Maharashtra,Thane,19.4884,73.2236,6.18,3.11,21.58,35.7,35.73,27.13,26.81,24.36,64.38,2491.5,0.945,0.045,7,45.82,18.57,104.0,1.17
Maharashtra,Thane,19.9654,73.1051,6.51,3.0,16.68,35.6,33.84,27.63,26.63,24.23,62.63,2326.1,0.949,0.041,7,45.41,18.57,142.0,3.15
Maharashtra,Thane,19.1483,73.4866,6.4,2.56,15.36,34.04,36.57,26.17,24.22,21.19,65.01,1693.5,0.911,0.072,7,43.76,18.57,121.0,0.79
Maharashtra,Wardha,20.7893,78.5756,7.33,0.95,9.23,43.67,17.75,43.06,26.72,21.46,54.79,1052.3,0.881,0.053,8,48.0,18.87,271.0,0.41
Maharashtra,Wardha,20.8832,78.6585,7.17,0.85,10.05,47.42,16.2,46.17,26.72,21.46,54.79,1052.3,0.881,0.053,8,48.0,18.87,279.0,1.76
Maharashtra,Wardha,20.607,78.6982,7.3,0.96,9.3,42.44,20.43,42.04,27.12,22.05,55.32,1049.9,0.878,0.055,8,48.59,18.87,258.0,0.21
Maharashtra,Wardha,21.2463,78.2801,7.33,1.04,10.22,47.31,16.61,50.7,26.82,21.94,53.15,1020.8,0.881,0.055,8,47.63,18.63,452.0,1.66
Maharashtra,Wardha,20.6034,78.586,7.34,0.94,8.81,41.78,20.38,39.04,27.12,22.05,55.32,1049.9,0.878,0.055,8,48.59,18.87,231.0,0.12
Maharashtra,Washim,20.2757,77.2339,7.21,0.99,10.0,48.61,23.86,46.33,26.7,22.11,53.44,933.1,0.873,0.061,8,46.97,18.99,505.0,0.47
Maharashtra,Washim,20.3072,77.1844,7.28,0.99,11.31,49.66,23.1,44.53,26.66,22.33,52.58,881.2,0.868,0.072,8,46.69,18.99,451.0,0.05
Maharashtra,Washim,20.1017,77.5107,7.11,0.97,10.73,41.69,25.35,46.83,26.5,22.08,54.16,925.3,0.868,0.065,8,46.2,18.99,527.0,0.45
Maharashtra,Washim,20.5265,77.5036,7.42,0.76,10.45,44.63,25.61,42.62,26.7,22.11,53.44,933.1,0.873,0.061,8,46.97,18.99,388.0,0.73
Maharashtra,Washim,20.3956,77.4698,7.32,0.85,8.21,45.78,23.89,43.61,26.7,22.11,53.44,933.1,0.873,0.061,8,46.97,18.99,404.0,1.1
Maharashtra,Yavatmal,20.4012,78.4884,7.11,0.87,9.11,43.73,26.56,40.13,27.12,22.05,55.32,1049.9,0.878,0.055,8,48.59,18.87,269.0,0.71
Maharashtra,Yavatmal,19.9935,77.7154,7.13,1.02,12.18,41.15,28.97,41.01,26.5,22.08,54.16,925.3,0.868,0.065,8,46.2,19.07,400.0,4.2
Maharashtra,Yavatmal,20.0586,78.8342,7.13,0.97,8.56,40.78,28.14,34.35,27.27,22.59,55.47,1023.3,0.871,0.061,8,48.47,18.87,231.0,0.16
Maharashtra,Yavatmal,20.2799,78.0432,7.02,0.87,13.66,42.64,26.93,38.04,26.97,22.1,54.2,1012.5,0.877,0.058,8,48.05,18.87,358.0,2.03
Maharashtra,Yavatmal,19.7381,77.7508,7.06,1.0,8.84,39.82,30.7,38.63,26.67,22.54,54.16,889.1,0.856,0.074,7,46.23,19.07,315.0,1.34
Manipur,Bishnupur,24.6644,93.797,5.45,2.2,21.28,35.13,29.63,17.43,21.24,15.9,73.33,1265.9,0.592,0.118,5,36.12,16.51,769.0,0.0
Manipur,Bishnupur,24.4961,93.7373,5.51,1.77,19.5,35.95,28.56,16.18,21.24,15.9,73.33,1265.9,0.592,0.118,5,36.12,16.51,801.0,0.91
Manipur,Bishnupur,24.7225,93.7782,5.45,2.55,21.33,34.23,29.38,17.87,21.24,15.9,73.33,1265.9,0.592,0.118,5,36.12,16.51,824.0,1.35
Manipur,Bishnupur,24.3156,93.8569,5.66,1.68,18.24,32.39,30.76,16.19,21.24,15.9,73.33,1265.9,0.592,0.118,5,36.12,16.51,770.0,0.73
Manipur,Bishnupur,24.5142,93.839,5.68,4.42,37.42,33.8,30.61,17.75,21.24,15.9,73.33,1265.9,0.592,0.118,5,36.12,16.51,767.0,0.0
Manipur,Chandel,24.271,94.0575,5.26,2.56,26.0,29.55,33.54,19.16,21.24,15.9,73.33,1265.9,0.592,0.118,5,36.12,16.15,1340.0,14.11
Manipur,Chandel,24.5204,94.356,5.31,2.1,21.73,28.53,34.25,20.95,23.65,17.98,66.08,1052.7,0.597,0.12,5,40.5,16.15,476.0,21.81
Manipur,Chandel,24.6087,94.2587,5.22,2.29,23.84,29.41,32.94,19.37,23.65,17.98,66.08,1052.7,0.597,0.12,5,40.5,16.15,676.0,16.26
Manipur,Chandel,24.0938,93.87,5.38,3.53,24.54,30.7,29.73,18.13,21.31,16.09,69.78,968.1,0.591,0.124,5,37.07,16.51,1094.0,9.16
Manipur,Chandel,24.2114,93.9279,5.38,2.54,21.6,30.03,30.6,17.27,21.31,16.09,69.78,968.1,0.591,0.124,5,37.07,16.51,929.0,10.87
Manipur,Churachandpur,24.4475,93.2476,5.36,3.61,20.34,31.53,26.78,16.75,23.39,17.67,73.65,1703.2,0.601,0.103,4,39.31,16.51,130.0,7.01
Manipur,Churachandpur,24.1337,93.5008,5.25,3.84,23.99,33.27,27.25,19.2,21.31,16.09,69.78,968.1,0.591,0.124,5,37.07,16.51,1179.0,15.54
Manipur,Churachandpur,24.3622,93.2519,5.26,4.71,22.88,34.19,23.96,17.65,23.39,17.67,73.65,1703.2,0.601,0.103,4,39.31,16.51,663.0,11.11
Manipur,Churachandpur,24.1972,93.5959,5.32,2.96,24.25,31.81,27.71,16.68,21.31,16.09,69.78,968.1,0.591,0.124,5,37.07,16.51,1147.0,10.38
Manipur,Churachandpur,24.2343,93.6831,5.4,2.62,24.08,29.95,30.79,17.76,21.31,16.09,69.78,968.1,0.591,0.124,5,37.07,16.51,919.0,3.44
Manipur,East Imphal,24.9178,94.1245,5.55,2.09,19.09,33.35,31.18,16.97,19.95,14.3,71.36,1154.8,0.607,0.114,5,36.33,16.15,809.0,0.35
Manipur,East Imphal,24.7912,93.1807,5.27,6.96,19.07,33.11,31.62,16.41,22.76,16.74,76.49,1780.2,0.601,0.098,4,39.0,16.51,40.0,3.01
Manipur,East Imphal,24.8608,93.9618,5.41,1.8,19.69,34.86,31.08,16.81,20.46,15.02,74.92,1350.4,0.596,0.113,4,35.25,16.51,818.0,4.8
Manipur,East Imphal,24.7806,93.9958,5.45,2.5,19.96,32.23,31.42,15.49,20.46,15.02,74.92,1350.4,0.596,0.113,4,35.25,16.51,804.0,4.66
Manipur,East Imphal,24.7832,94.0339,5.28,5.36,28.98,32.35,30.29,19.73,20.46,15.02,74.92,1350.4,0.596,0.113,4,35.25,16.15,1423.0,7.59
Manipur,Senapati,25.2554,94.2938,5.45,4.41,19.47,32.31,30.48,16.53,18.39,12.51,74.01,1240.6,0.624,0.102,5,34.36,15.51,1193.0,7.89
Manipur,Senapati,25.3293,94.3266,5.4,6.87,21.46,32.32,28.63,18.57,18.39,12.51,74.01,1240.6,0.624,0.102,5,34.36,15.51,1253.0,10.96
Manipur,Senapati,25.4872,94.3436,5.24,12.48,33.42,32.59,30.37,19.4,18.39,12.51,74.01,1240.6,0.624,0.102,5,34.36,15.51,1617.0,13.68
Manipur,Senapati,24.8567,93.799,5.33,2.8,21.84,34.17,30.76,16.84,20.46,15.02,74.92,1350.4,0.596,0.113,4,35.25,16.51,873.0,4.8
Manipur,Senapati,24.8289,94.1177,5.35,2.63,21.77,31.03,33.82,19.46,19.95,14.3,71.36,1154.8,0.607,0.114,5,36.33,16.15,965.0,12.6
Manipur,Tamenglong,25.3125,93.7294,5.1,6.97,28.68,34.83,29.06,19.3,20.45,14.57,75.01,1307.4,0.607,0.104,5,36.8,15.98,1338.0,17.23
Manipur,Tamenglong,25.2108,93.4395,5.04,4.96,25.18,35.62,31.52,19.12,20.46,15.02,74.92,1350.4,0.596,0.113,4,35.25,15.98,788.0,14.54
Manipur,Tamenglong,24.9854,93.655,4.94,6.27,31.06,34.84,32.81,18.52,20.46,15.02,74.92,1350.4,0.596,0.113,4,35.25,16.51,1388.0,13.0
Manipur,Tamenglong,25.1339,93.7536,4.98,6.68,30.95,35.22,30.18,18.66,20.46,15.02,74.92,1350.4,0.596,0.113,4,35.25,15.98,1222.0,6.98
Manipur,Tamenglong,25.1048,93.5425,4.82,10.23,34.43,35.1,32.78,19.29,20.46,15.02,74.92,1350.4,0.596,0.113,4,35.25,15.98,1448.0,19.43
Manipur,Thoubal,24.4895,94.0272,5.34,2.2,20.83,30.74,32.04,16.13,21.24,15.9,73.33,1265.9,0.592,0.118,5,36.12,16.15,894.0,7.79
Manipur,Thoubal,24.4575,93.9298,5.55,1.6,19.39,32.37,33.11,16.55,21.24,15.9,73.33,1265.9,0.592,0.118,5,36.12,16.51,768.0,0.06
Manipur,Thoubal,24.4915,93.9369,5.66,1.61,18.38,35.37,31.68,15.67,21.24,15.9,73.33,1265.9,0.592,0.118,5,36.12,16.51,770.0,0.16
Manipur,Thoubal,24.406,93.9045,5.64,1.64,18.34,33.09,32.79,16.0,21.24,15.9,73.33,1265.9,0.592,0.118,5,36.12,16.51,776.0,0.52
Manipur,Thoubal,24.4889,93.9906,5.54,1.62,19.65,31.35,32.73,16.77,21.24,15.9,73.33,1265.9,0.592,0.118,5,36.12,16.51,781.0,0.06
Manipur,Ukhrul,25.278,94.5396,5.55,4.48,22.79,29.5,30.46,18.69,18.39,12.51,74.01,1240.6,0.624,0.102,5,34.36,15.51,1178.0,11.22
Manipur,Ukhrul,25.0088,94.5355,5.28,10.6,25.11,28.24,33.4,19.67,19.95,14.3,71.36,1154.8,0.607,0.114,5,36.33,15.51,1224.0,12.01
Manipur,Ukhrul,24.9766,94.4628,5.26,10.75,28.19,31.09,29.5,20.4,19.95,14.3,71.36,1154.8,0.607,0.114,5,36.33,16.15,1542.0,17.63
Manipur,Ukhrul,25.2124,94.5864,5.23,16.17,43.71,34.32,30.32,21.54,19.95,14.3,71.36,1154.8,0.607,0.114,5,36.33,15.51,2191.0,21.65
Manipur,Ukhrul,25.0674,94.3525,5.28,10.34,30.51,31.94,27.69,21.88,19.95,14.3,71.36,1154.8,0.607,0.114,5,36.33,15.51,1892.0,2.08
Manipur,West Imphal,25.0635,93.9527,5.3,3.86,22.41,30.84,30.9,18.64,20.46,15.02,74.92,1350.4,0.596,0.113,4,35.25,15.98,1131.0,2.6
Manipur,West Imphal,24.6546,93.8782,5.7,2.79,24.38,38.05,27.52,15.77,21.24,15.9,73.33,1265.9,0.592,0.118,5,36.12,16.51,769.0,0.0
Manipur,West Imphal,25.051,93.9508,5.29,3.56,21.62,33.19,30.14,19.15,20.46,15.02,74.92,1350.4,0.596,0.113,4,35.25,15.98,984.0,5.42
Manipur,West Imphal,24.8027,93.9165,5.67,1.58,21.5,34.33,28.17,16.47,20.46,15.02,74.92,1350.4,0.596,0.113,4,35.25,16.51,780.0,0.3
Manipur,West Imphal,24.8255,93.8233,5.59,1.8,18.58,33.23,30.86,17.29,20.46,15.02,74.92,1350.4,0.596,0.113,4,35.25,16.51,787.0,0.19
Meghalaya,East Garo Hills,25.7338,90.7834,5.13,1.9,17.6,31.07,38.99,19.41,23.37,17.28,75.46,2521.0,0.647,0.083,4,40.18,15.62,334.0,3.0
Meghalaya,East Garo Hills,25.7456,90.4929,4.98,1.78,17.41,32.39,34.81,23.59,23.37,17.28,75.46,2521.0,0.647,0.083,4,40.18,15.62,245.0,2.34
Meghalaya,East Garo Hills,25.4596,90.468,5.09,5.2,43.96,30.45,36.88,21.28,23.37,17.28,75.46,2521.0,0.647,0.083,4,40.18,15.62,884.0,10.55
Meghalaya,East Garo Hills,25.7086,90.7632,5.05,1.97,17.49,30.85,37.49,19.94,23.37,17.28,75.46,2521.0,0.647,0.083,4,40.18,15.62,354.0,1.84
Meghalaya,East Garo Hills,25.8223,90.6415,4.98,1.82,16.05,32.32,36.57,19.94,24.19,17.07,77.54,2178.6,0.642,0.08,4,39.68,15.62,259.0,2.23
Meghalaya,East Khasi Hills,25.419,91.7413,5.08,7.37,42.09,38.37,31.24,20.52,17.96,11.94,81.91,3043.3,0.644,0.074,4,29.91,15.43,1741.0,12.8
Meghalaya,East Khasi Hills,25.5062,91.728,5.27,5.03,35.12,36.6,30.98,20.18,17.96,11.94,81.91,3043.3,0.644,0.074,4,29.91,15.43,1745.0,1.64
Meghalaya,East Khasi Hills,25.529,91.6989,5.31,5.57,34.94,38.39,32.76,21.39,17.96,11.94,81.91,3043.3,0.644,0.074,4,29.91,15.43,1765.0,5.25
Meghalaya,East Khasi Hills,25.2835,91.7906,5.05,3.57,30.11,32.29,38.05,19.56,17.96,11.94,81.91,3043.3,0.644,0.074,4,29.91,15.43,394.0,3.68
Meghalaya,East Khasi Hills,25.5107,91.6521,5.21,6.5,37.7,38.61,30.24,21.04,17.96,11.94,81.91,3043.3,0.644,0.074,4,29.91,15.43,1706.0,2.96
Meghalaya,Jaintia Hills,25.0959,92.3789,4.98,7.02,38.01,31.62,38.47,20.56,23.65,17.53,78.13,2911.3,0.628,0.079,4,38.82,15.61,660.0,10.77
Meghalaya,Jaintia Hills,25.3924,92.1582,5.3,4.44,33.7,33.14,34.9,20.69,17.96,11.94,81.91,3043.3,0.644,0.074,4,29.91,15.61,1260.0,1.71
Meghalaya,Jaintia Hills,25.1496,92.206,5.07,3.14,26.24,26.72,44.91,15.96,23.65,17.53,78.13,2911.3,0.628,0.079,4,38.82,15.61,133.0,3.21
Meghalaya,Jaintia Hills,25.7159,92.3417,5.27,3.74,28.89,31.37,37.47,20.6,20.02,13.78,81.29,2331.7,0.632,0.079,4,36.47,15.61,958.0,5.07
Meghalaya,Jaintia Hills,25.4808,92.1561,5.33,4.38,36.12,31.36,36.62,20.98,17.96,11.94,81.91,3043.3,0.644,0.074,4,29.91,15.61,1391.0,1.96
Meghalaya,Ri-Bhoi,25.9746,91.9189,5.21,2.47,20.9,29.69,39.33,20.66,22.94,16.03,77.29,2011.9,0.622,0.078,4,38.21,15.43,431.0,2.77
Meghalaya,Ri-Bhoi,25.7319,92.0645,5.14,3.14,24.28,30.91,39.34,22.35,17.96,11.94,81.91,3043.3,0.644,0.074,4,29.91,15.61,883.0,7.09
Meghalaya,Ri-Bhoi,26.0299,92.1705,5.38,2.14,17.08,31.5,33.45,19.29,22.94,16.03,77.29,2011.9,0.622,0.078,4,38.21,15.77,354.0,6.45
Meghalaya,Ri-Bhoi,25.749,92.0525,5.08,3.06,23.52,30.79,38.26,21.03,17.96,11.94,81.91,3043.3,0.644,0.074,4,29.91,15.61,883.0,5.71
Meghalaya,Ri-Bhoi,25.8536,91.7693,5.02,3.09,27.34,30.34,39.01,21.42,22.94,16.03,77.29,2011.9,0.622,0.078,4,38.21,15.43,661.0,6.57
Meghalaya,South Garo Hills,25.2662,90.4885,5.27,1.64,18.67,29.55,38.45,17.85,23.37,17.28,75.46,2521.0,0.647,0.083,4,40.18,15.62,147.0,8.94
Meghalaya,South Garo Hills,25.2559,90.5761,5.33,1.89,19.0,29.77,38.38,19.54,23.37,17.28,75.46,2521.0,0.647,0.083,4,40.18,15.62,136.0,4.57
Meghalaya,South Garo Hills,25.3445,90.7294,5.02,2.82,35.26,28.65,37.71,21.68,23.37,17.28,75.46,2521.0,0.647,0.083,4,40.18,15.62,625.0,6.87
Meghalaya,South Garo Hills,25.2543,90.86,5.04,4.12,26.57,27.43,39.98,18.71,23.37,17.28,75.46,2521.0,0.647,0.083,4,40.18,15.62,615.0,7.6
Meghalaya,South Garo Hills,25.5152,90.7381,4.93,2.22,21.1,29.66,37.38,20.74,23.37,17.28,75.46,2521.0,0.647,0.083,4,40.18,15.62,363.0,3.87
Meghalaya,West Garo Hills,25.3817,90.271,5.27,3.26,15.62,29.66,37.31,18.5,24.43,17.71,74.24,2194.9,0.666,0.092,5,41.67,15.62,106.0,2.79
Meghalaya,West Garo Hills,25.5602,90.1901,5.19,1.61,18.32,30.52,39.95,18.55,24.43,17.71,74.24,2194.9,0.666,0.092,5,41.67,15.62,186.0,7.01
Meghalaya,West Garo Hills,25.8405,90.262,5.12,2.34,15.24,31.33,37.47,19.32,24.57,17.38,75.49,2165.3,0.675,0.085,5,41.02,15.62,130.0,0.92
Meghalaya,West Garo Hills,25.7043,90.1522,5.03,1.86,18.95,31.41,36.22,21.08,24.43,17.71,74.24,2194.9,0.666,0.092,5,41.67,15.62,284.0,3.91
Meghalaya,West Garo Hills,25.7598,90.1083,5.18,1.34,16.12,30.55,36.8,20.3,24.57,17.38,75.49,2165.3,0.675,0.085,5,41.02,15.62,147.0,0.85
Meghalaya,West Khasi Hills,25.7673,91.5954,5.03,2.86,30.85,31.09,39.22,22.56,22.94,16.03,77.29,2011.9,0.622,0.078,4,38.21,15.43,592.0,5.03
Meghalaya,West Khasi Hills,25.5359,90.821,5.04,3.12,25.53,28.72,37.76,20.44,23.37,17.28,75.46,2521.0,0.647,0.083,4,40.18,15.62,528.0,8.5
Meghalaya,West Khasi Hills,25.6176,91.4563,5.2,3.93,41.07,33.31,33.81,20.74,19.15,13.14,81.17,3048.5,0.646,0.075,4,31.34,15.43,1339.0,5.18
Meghalaya,West Khasi Hills,25.5573,90.9614,5.09,2.66,26.25,30.21,39.15,21.7,19.15,13.14,81.17,3048.5,0.646,0.075,4,31.34,15.62,827.0,3.22
Mizoram,Aizawl,23.7016,92.8624,5.34,3.61,22.67,33.96,23.2,17.78,21.04,16.19,72.68,1198.3,0.638,0.113,5,36.22,17.01,888.0,1.34
Mizoram,Aizawl,23.6384,92.8565,5.3,4.11,25.22,32.08,24.41,19.07,21.04,16.19,72.68,1198.3,0.638,0.113,5,36.22,17.01,1013.0,3.91
Mizoram,Aizawl,23.8426,93.1077,5.31,5.04,25.04,35.6,23.19,17.05,21.91,16.85,73.53,1407.3,0.609,0.11,5,36.49,16.63,883.0,32.31
Meghalaya,West Khasi Hills,25.2239,91.186,5.15,4.05,26.19,29.21,39.65,18.1,24.82,18.89,76.66,3584.3,0.642,0.077,4,40.99,15.43,520.0,7.58
Mizoram,Aizawl,23.8222,93.0504,5.4,3.75,20.97,35.5,17.68,16.63,21.91,16.85,73.53,1407.3,0.609,0.11,5,36.49,16.63,772.0,16.1
Mizoram,Aizawl,23.8461,92.8921,5.35,3.94,19.94,34.65,21.41,17.94,21.91,16.85,73.53,1407.3,0.609,0.11,5,36.49,17.01,549.0,8.54
Mizoram,Champhai,23.7097,93.3195,5.36,2.02,22.7,35.64,25.05,18.95,21.04,16.19,72.68,1198.3,0.638,0.113,5,36.22,16.63,1098.0,9.4
Mizoram,Champhai,23.9416,93.2541,5.31,4.57,25.0,36.35,25.07,17.4,21.91,16.85,73.53,1407.3,0.609,0.11,5,36.49,16.63,907.0,8.18
Mizoram,Champhai,23.3514,93.2561,5.35,3.51,24.86,34.13,24.46,20.02,21.04,16.19,72.68,1198.3,0.638,0.113,5,36.22,16.63,1191.0,15.24
Mizoram,Champhai,23.7523,93.3743,5.31,3.89,24.64,34.46,25.15,18.9,21.91,16.85,73.53,1407.3,0.609,0.11,5,36.49,16.63,1173.0,22.81
Mizoram,Champhai,23.1951,93.3462,5.4,5.04,25.25,33.33,25.98,19.51,21.12,16.23,71.22,1219.3,0.687,0.108,5,37.31,16.63,1300.0,19.09
Mizoram,Lawngtlai,22.5861,92.8218,5.32,3.59,22.02,33.03,36.38,17.07,21.17,16.38,71.43,1504.5,0.73,0.102,5,37.29,17.55,697.0,17.03
Mizoram,Lawngtlai,22.5175,92.8024,5.26,2.6,19.85,30.07,35.93,18.09,24.49,19.55,74.59,2540.3,0.738,0.095,5,40.31,17.55,447.0,13.26
Mizoram,Lawngtlai,22.4771,92.6385,5.55,1.53,13.67,29.0,36.59,17.81,24.49,19.55,74.59,2540.3,0.738,0.095,5,40.31,17.55,97.0,1.71
Mizoram,Lawngtlai,22.375,92.6801,5.36,1.67,14.91,30.94,35.5,16.28,24.49,19.55,74.59,2540.3,0.738,0.095,5,40.31,17.55,263.0,5.13
Mizoram,Lawngtlai,22.4074,92.9448,5.48,4.27,19.89,29.28,36.63,17.75,21.17,16.38,71.43,1504.5,0.73,0.102,5,37.29,17.55,253.0,13.77
Mizoram,Kolasib,24.0601,92.6907,5.38,5.05,25.14,31.55,30.47,18.36,23.63,18.39,77.63,2192.9,0.617,0.097,4,38.63,16.63,443.0,11.79
Mizoram,Kolasib,24.2443,92.7789,5.23,3.04,20.23,31.59,31.07,17.03,23.63,18.39,77.63,2192.9,0.617,0.097,4,38.63,16.63,342.0,12.71
Mizoram,Kolasib,24.1018,92.6695,5.19,4.92,22.53,31.29,31.44,17.83,23.63,18.39,77.63,2192.9,0.617,0.097,4,38.63,16.63,298.0,13.56
Mizoram,Kolasib,24.1984,92.742,5.21,2.26,20.04,29.14,29.85,16.51,23.63,18.39,77.63,2192.9,0.617,0.097,4,38.63,16.63,120.0,1.08
Mizoram,Kolasib,24.4697,92.7444,5.15,2.23,19.12,30.65,34.24,16.46,24.76,18.43,76.26,2617.5,0.614,0.086,4,43.07,16.63,114.0,6.66
Mizoram,Lunglei,23.0899,92.9703,5.22,3.6,25.47,31.82,30.11,15.8,21.12,16.23,71.22,1219.3,0.687,0.108,5,37.31,17.01,741.0,14.16
Mizoram,Lunglei,22.7734,92.7088,5.32,2.65,22.58,32.34,34.38,18.01,24.31,19.17,74.61,2308.0,0.702,0.099,5,40.25,17.55,356.0,9.37
Mizoram,Lunglei,22.6407,92.864,5.28,3.67,27.67,33.23,35.29,20.49,21.17,16.38,71.43,1504.5,0.73,0.102,5,37.29,17.55,1128.0,1.45
Mizoram,Lunglei,22.8085,92.8001,5.3,3.75,20.62,32.32,34.29,18.42,24.31,19.17,74.61,2308.0,0.702,0.099,5,40.25,17.55,561.0,23.26
Mizoram,Lunglei,22.597,92.8842,5.45,3.29,29.38,32.89,35.08,19.5,21.17,16.38,71.43,1504.5,0.73,0.102,5,37.29,17.55,1183.0,10.94
Mizoram,Mamit,24.0383,92.611,5.21,2.53,18.32,30.86,30.66,17.37,23.63,18.39,77.63,2192.9,0.617,0.097,4,38.63,16.63,175.0,8.65
Mizoram,Mamit,23.8223,92.6253,5.34,2.92,17.74,32.2,26.41,18.13,23.63,18.39,77.63,2192.9,0.617,0.097,4,38.63,17.01,353.0,9.89
Mizoram,Mamit,24.0901,92.3854,5.05,3.05,25.21,33.53,32.54,18.4,23.63,18.39,77.63,2192.9,0.617,0.097,4,38.63,16.63,421.0,6.88
Mizoram,Mamit,23.4724,92.4828,5.14,3.86,21.89,31.1,31.37,17.16,22.9,17.7,78.51,2142.5,0.653,0.101,5,38.07,17.01,463.0,8.66
Mizoram,Mamit,23.4469,92.4689,5.23,2.0,18.45,30.37,31.21,15.53,22.9,17.7,78.51,2142.5,0.653,0.101,5,38.07,17.01,327.0,5.79
Mizoram,Saiha,22.4393,92.9829,5.29,2.89,21.79,31.36,34.72,18.06,21.17,16.38,71.43,1504.5,0.73,0.102,5,37.29,17.55,965.0,7.28
Mizoram,Saiha,22.7944,93.0422,5.4,5.17,28.66,31.8,32.31,20.57,21.12,16.23,71.22,1219.3,0.687,0.108,5,37.31,17.22,952.0,15.52
Mizoram,Saiha,22.0803,92.8677,5.41,2.05,18.77,28.38,34.97,14.93,21.79,17.25,71.71,1885.1,0.757,0.096,5,38.06,17.55,331.0,10.46
Mizoram,Saiha,22.3829,93.1523,5.37,4.89,31.38,31.54,31.15,20.12,21.17,16.38,71.43,1504.5,0.73,0.102,5,37.29,17.22,1390.0,11.48
Mizoram,Saiha,22.6251,93.1033,5.35,6.66,23.82,32.07,33.2,17.44,21.17,16.38,71.43,1504.5,0.73,0.102,5,37.29,17.22,606.0,16.23
Nagaland,Dimapur,25.6778,93.8203,5.57,2.3,18.73,40.97,28.75,18.35,20.45,14.57,75.01,1307.4,0.607,0.104,5,36.8,15.98,395.0,1.45
Nagaland,Dimapur,25.8138,93.8277,5.23,2.99,21.28,35.69,31.0,18.66,22.77,16.45,74.12,1409.6,0.627,0.089,5,39.59,15.98,306.0,11.78
Nagaland,Dimapur,25.6881,93.8604,5.64,2.57,19.17,40.43,29.16,17.9,20.45,14.57,75.01,1307.4,0.607,0.104,5,36.8,15.98,415.0,2.25
Nagaland,Dimapur,25.8707,93.9323,5.2,2.54,20.89,32.27,33.02,18.22,22.77,16.45,74.12,1409.6,0.627,0.089,5,39.59,15.98,231.0,3.66
Nagaland,Dimapur,25.7035,93.657,5.28,1.94,20.48,32.87,32.15,19.7,20.45,14.57,75.01,1307.4,0.607,0.104,5,36.8,15.98,303.0,1.27
Mizoram,Serchhip,23.2093,92.8784,5.28,1.97,19.38,33.05,29.02,16.85,21.12,16.23,71.22,1219.3,0.687,0.108,5,37.31,17.01,495.0,5.6
Mizoram,Serchhip,23.4077,92.8636,5.37,2.2,20.57,32.38,24.86,17.25,21.04,16.19,72.68,1198.3,0.638,0.113,5,36.22,17.01,770.0,9.61
Mizoram,Serchhip,23.4353,92.9159,5.28,2.88,20.81,32.39,25.91,17.0,21.04,16.19,72.68,1198.3,0.638,0.113,5,36.22,17.01,620.0,1.79
Mizoram,Serchhip,23.4888,92.9967,5.41,4.09,21.41,32.87,24.11,18.2,21.04,16.19,72.68,1198.3,0.638,0.113,5,36.22,17.01,770.0,23.54
Mizoram,Serchhip,23.2183,93.0357,5.34,3.06,21.19,31.36,27.53,19.26,21.12,16.23,71.22,1219.3,0.687,0.108,5,37.31,16.63,739.0,14.07
Nagaland,Kohima,25.5388,93.4976,5.23,2.58,21.93,35.87,27.72,19.67,20.45,14.57,75.01,1307.4,0.607,0.104,5,36.8,15.98,357.0,1.82
Nagaland,Kohima,25.5712,93.3879,5.33,2.04,23.51,36.67,28.55,19.75,22.06,16.0,77.89,1539.8,0.605,0.095,4,37.86,15.98,300.0,2.56
Nagaland,Kohima,25.404,93.7077,5.03,7.9,25.04,37.35,28.13,17.97,20.45,14.57,75.01,1307.4,0.607,0.104,5,36.8,15.98,1118.0,12.07
Nagaland,Kohima,25.8278,94.0573,5.24,8.0,20.77,36.61,30.01,17.02,22.77,16.45,74.12,1409.6,0.627,0.089,5,39.59,15.51,835.0,12.89
Nagaland,Kohima,25.3293,93.5919,5.02,6.52,24.45,35.46,31.16,17.51,20.45,14.57,75.01,1307.4,0.607,0.104,5,36.8,15.98,974.0,11.2
Nagaland,Mokokchung,26.4216,94.4083,5.13,6.27,27.77,33.93,33.14,17.75,22.75,16.19,74.62,1753.9,0.655,0.073,4,39.97,15.59,664.0,15.45
Nagaland,Mokokchung,26.4112,94.4674,5.2,4.13,23.61,34.65,33.08,17.43,22.75,16.19,74.62,1753.9,0.655,0.073,4,39.97,15.59,404.0,5.11
Nagaland,Mokokchung,26.5401,94.4428,5.13,4.46,29.7,31.74,37.25,20.24,22.75,16.19,74.62,1753.9,0.655,0.073,4,39.97,15.59,515.0,11.0
Nagaland,Mokokchung,26.3979,94.5445,5.16,8.25,28.64,33.83,35.43,20.33,22.75,16.19,74.62,1753.9,0.655,0.073,4,39.97,15.59,876.0,12.36
Nagaland,Mokokchung,26.4322,94.4989,5.1,4.33,28.15,32.39,33.98,18.92,22.75,16.19,74.62,1753.9,0.655,0.073,4,39.97,15.59,496.0,4.88
Nagaland,Mon,26.3082,95.0158,5.3,8.7,44.25,29.89,33.87,22.19,19.83,13.59,75.18,1700.5,0.651,0.069,4,38.83,14.57,1960.0,19.68
Nagaland,Mon,26.5182,94.933,5.3,6.68,28.11,31.36,31.94,18.04,19.83,13.59,75.18,1700.5,0.651,0.069,4,38.83,15.59,1294.0,13.0
Nagaland,Mon,26.7037,94.9159,5.22,6.98,32.03,32.33,37.61,19.22,19.83,13.59,75.18,1700.5,0.651,0.069,4,38.83,15.59,1025.0,22.24
Nagaland,Mon,26.7649,94.8343,5.16,6.49,28.71,31.11,41.1,18.91,23.66,17.17,72.95,1980.6,0.65,0.064,4,42.61,15.59,367.0,9.1
Nagaland,Mon,26.6866,94.8197,4.97,6.2,30.93,28.03,38.62,17.86,19.83,13.59,75.18,1700.5,0.651,0.069,4,38.83,15.59,362.0,9.18
Nagaland,Phek,25.6205,94.7221,5.25,10.09,22.53,29.23,30.88,18.91,20.73,14.75,69.05,1125.7,0.641,0.095,5,38.84,15.51,1446.0,10.83
Nagaland,Phek,25.7244,94.7653,5.37,6.19,25.27,27.19,31.59,19.22,20.73,14.75,69.05,1125.7,0.641,0.095,5,38.84,15.51,1055.0,6.12
Nagaland,Phek,25.642,94.3603,5.25,16.01,35.83,31.47,28.07,22.13,18.39,12.51,74.01,1240.6,0.624,0.102,5,34.36,15.51,1836.0,13.94
Nagaland,Phek,25.6479,94.2873,5.25,11.63,24.58,32.68,29.79,18.65,18.39,12.51,74.01,1240.6,0.624,0.102,5,34.36,15.51,1635.0,17.47
Nagaland,Phek,25.6804,94.2266,5.39,5.69,20.51,34.66,30.38,17.5,18.39,12.51,74.01,1240.6,0.624,0.102,5,34.36,15.51,848.0,9.14
Nagaland,Tuensang,25.8363,94.8618,5.29,8.72,24.49,28.71,31.13,18.47,17.73,11.78,74.72,1428.5,0.651,0.079,4,35.42,15.51,1441.0,18.32
Nagaland,Tuensang,26.3524,94.7839,5.26,6.69,28.33,30.82,34.21,19.2,19.83,13.59,75.18,1700.5,0.651,0.069,4,38.83,15.59,1357.0,11.91
Nagaland,Tuensang,25.7649,94.8974,5.48,11.29,33.45,30.62,30.83,21.78,17.73,11.78,74.72,1428.5,0.651,0.079,4,35.42,15.51,1920.0,11.84
Nagaland,Tuensang,25.6667,94.9151,5.25,18.89,44.86,29.54,32.2,21.27,20.73,14.75,69.05,1125.7,0.641,0.095,5,38.84,15.51,2135.0,19.68
Nagaland,Tuensang,26.2061,94.7938,5.4,10.8,35.0,28.69,32.23,23.01,17.73,11.78,74.72,1428.5,0.651,0.079,4,35.42,15.59,1639.0,18.07
Nagaland,Wokha,26.1559,94.3083,5.3,8.77,26.01,35.86,31.89,19.47,20.27,14.05,74.09,1453.0,0.643,0.085,4,38.63,15.59,939.0,7.4
Nagaland,Wokha,26.2657,94.1177,5.25,4.7,24.72,34.31,33.74,20.69,22.75,16.19,74.62,1753.9,0.655,0.073,4,39.97,15.59,215.0,10.71
Nagaland,Wokha,26.3464,94.2893,5.1,7.24,26.01,35.49,34.18,18.62,22.75,16.19,74.62,1753.9,0.655,0.073,4,39.97,15.59,480.0,16.64
Nagaland,Wokha,26.2444,94.1126,5.3,4.63,25.28,34.78,32.31,19.88,20.27,14.05,74.09,1453.0,0.643,0.085,4,38.63,15.59,304.0,5.29
Nagaland,Wokha,26.0452,94.1075,5.16,3.73,23.06,32.34,29.5,16.92,20.27,14.05,74.09,1453.0,0.643,0.085,4,38.63,15.59,251.0,1.65
Nagaland,Zunheboto,26.1859,94.5387,5.25,8.61,28.39,31.94,31.67,20.52,20.27,14.05,74.09,1453.0,0.643,0.085,4,38.63,15.59,1161.0,11.7
Nagaland,Zunheboto,25.8359,94.3985,5.15,14.27,26.44,32.91,30.33,20.14,20.27,14.05,74.09,1453.0,0.643,0.085,4,38.63,15.51,1396.0,19.91
Nagaland,Zunheboto,26.0079,94.3963,5.35,8.2,23.18,34.39,31.46,20.06,20.27,14.05,74.09,1453.0,0.643,0.085,4,38.63,15.59,866.0,13.07
Nagaland,Zunheboto,26.0006,94.5521,5.36,8.3,23.93,32.69,28.97,17.88,20.27,14.05,74.09,1453.0,0.643,0.085,4,38.63,15.59,1006.0,5.56
Nagaland,Zunheboto,26.041,94.5563,5.22,9.25,27.68,30.87,30.68,19.04,20.27,14.05,74.09,1453.0,0.643,0.085,4,38.63,15.59,1328.0,19.18
Orissa,Angul,20.7468,85.0727,6.35,1.01,10.71,28.3,53.12,12.91,26.13,20.46,69.21,1518.4,0.769,0.116,6,47.7,17.41,137.0,0.15
Orissa,Angul,20.9562,84.8869,6.4,1.11,11.88,31.89,42.77,14.85,26.07,20.24,67.59,1495.0,0.788,0.1,6,47.4,17.53,205.0,0.94
Orissa,Angul,21.0772,84.8105,6.37,1.34,13.17,33.35,39.14,22.1,26.07,20.24,67.59,1495.0,0.788,0.1,6,47.4,17.89,178.0,0.66
Orissa,Angul,20.7288,84.6858,5.86,1.74,19.32,27.08,44.34,15.55,25.35,19.86,66.02,1492.4,0.792,0.105,6,46.17,17.53,325.0,4.44
Orissa,Angul,20.6616,84.7494,5.83,1.4,21.01,29.07,40.12,16.39,26.13,20.46,69.21,1518.4,0.769,0.116,6,47.7,17.53,226.0,9.96
Orissa,Baleshwar,21.9083,87.1337,6.18,1.16,14.06,37.0,30.47,18.68,25.85,19.24,72.02,1564.3,0.72,0.119,5,48.83,16.99,43.0,0.46
Orissa,Baleshwar,21.3882,86.7894,6.41,1.25,17.08,37.26,30.95,17.31,26.31,20.67,73.98,1719.4,0.708,0.128,5,45.8,16.92,15.0,0.5
Orissa,Baleshwar,21.6744,87.1619,6.78,1.61,20.12,38.07,19.16,17.28,26.31,20.67,73.98,1719.4,0.708,0.128,5,45.8,16.99,5.0,0.0
Orissa,Baleshwar,21.2241,86.5117,6.48,1.29,15.98,41.65,26.55,16.96,26.35,21.04,72.17,1618.6,0.726,0.129,5,47.36,16.92,18.0,0.06
Orissa,Baleshwar,21.3047,86.5264,6.31,1.26,15.91,41.97,27.79,17.26,25.03,19.53,71.16,1602.2,0.728,0.122,5,45.65,16.92,31.0,0.23
Orissa,Baragarh,21.2191,83.676,6.99,1.71,12.55,37.33,24.01,27.81,26.62,20.46,62.85,1416.9,0.848,0.074,7,47.95,18.27,158.0,0.31
Orissa,Baragarh,21.5211,83.5908,6.74,1.46,17.05,39.87,23.06,27.32,26.35,19.92,62.49,1397.5,0.858,0.066,7,47.2,18.27,232.0,3.88
Orissa,Baragarh,21.3631,83.3035,7.14,1.09,9.2,39.89,22.75,32.31,26.06,19.42,62.01,1339.3,0.862,0.062,7,48.03,18.27,253.0,0.23
Orissa,Baragarh,20.9949,83.1992,7.01,1.17,9.87,37.99,26.41,25.18,26.12,19.71,62.63,1339.2,0.862,0.065,7,47.72,17.9,174.0,0.16
Orissa,Baragarh,21.3672,83.7585,7.01,2.05,14.68,37.3,24.44,27.09,26.35,19.92,62.49,1397.5,0.858,0.066,7,47.2,18.27,170.0,0.39
Orissa,Bhadrak,20.8359,86.6379,6.67,1.69,17.05,41.87,13.94,19.83,26.7,21.91,75.98,1857.0,0.708,0.125,5,43.11,17.2,2.0,0.0
Orissa,Bhadrak,20.8912,86.8097,6.81,1.64,14.67,41.38,13.47,17.82,26.7,21.91,75.98,1857.0,0.708,0.125,5,43.11,17.2,3.0,0.05
Orissa,Bhadrak,21.1259,86.6678,6.65,1.28,16.96,41.72,21.14,16.86,26.7,21.91,75.98,1857.0,0.708,0.125,5,43.11,16.92,8.0,0.17
Orissa,Bhadrak,20.9361,86.5627,6.76,1.38,14.57,43.25,18.77,17.07,26.7,21.91,75.98,1857.0,0.708,0.125,5,43.11,17.2,4.0,0.39
Orissa,Bhadrak,21.09,86.3733,6.5,1.27,17.41,41.31,24.54,17.53,26.35,21.04,72.17,1618.6,0.726,0.129,5,47.36,16.92,25.0,0.11
Orissa,Bolangir,20.5576,82.7353,6.89,1.13,12.49,39.92,26.54,28.96,25.44,19.64,62.96,1370.7,0.862,0.062,7,46.77,18.19,367.0,0.88
Orissa,Bolangir,20.6068,82.7645,6.9,1.21,9.56,39.83,28.33,28.31,25.44,19.64,62.96,1370.7,0.862,0.062,7,46.77,18.19,334.0,1.36
Orissa,Bolangir,20.6107,83.4352,6.48,1.26,11.11,36.13,29.67,23.1,26.24,20.09,63.37,1338.8,0.847,0.074,7,47.74,17.9,195.0,0.38
Orissa,Bolangir,20.8476,83.5556,6.9,1.28,9.44,34.02,27.26,25.37,26.62,20.46,62.85,1416.9,0.848,0.074,7,47.95,17.9,148.0,0.45
Orissa,Bolangir,20.6753,83.5102,6.5,1.19,9.96,34.7,29.28,23.11,25.85,20.07,64.28,1423.3,0.826,0.088,6,46.78,17.9,176.0,0.31
Orissa,Boudh,20.6207,84.6028,6.44,1.22,13.05,31.73,36.2,17.29,25.35,19.86,66.02,1492.4,0.792,0.105,6,46.17,17.53,83.0,1.32
Orissa,Boudh,20.6808,84.4287,6.53,1.13,10.07,33.8,35.24,22.07,25.35,19.86,66.02,1492.4,0.792,0.105,6,46.17,17.53,110.0,0.56
Orissa,Boudh,20.6442,84.1064,5.97,1.4,16.38,32.86,36.47,20.66,25.35,19.86,66.02,1492.4,0.792,0.105,6,46.17,17.53,229.0,4.93
Orissa,Boudh,20.5965,83.8122,6.38,1.28,13.08,32.53,36.87,19.71,25.85,20.07,64.28,1423.3,0.826,0.088,6,46.78,17.9,167.0,1.2
Orissa,Boudh,20.5198,84.5392,5.68,2.31,24.91,31.26,37.72,18.57,25.35,19.86,66.02,1492.4,0.792,0.105,6,46.17,17.53,664.0,10.76
Orissa,Cuttack,20.3695,85.2593,6.64,1.2,24.26,31.82,34.0,19.56,26.13,20.46,69.21,1518.4,0.769,0.116,6,47.7,17.41,34.0,0.39
Orissa,Cuttack,20.5479,86.148,6.52,1.17,13.12,41.62,24.85,19.44,26.57,21.51,74.86,1635.3,0.725,0.13,5,46.39,17.2,10.0,0.11
Orissa,Cuttack,20.4754,85.3794,6.18,2.14,24.31,27.85,36.07,19.66,26.39,20.79,72.84,1573.5,0.752,0.125,6,48.07,17.41,169.0,11.06
Orissa,Cuttack,20.4384,85.8885,6.65,1.17,17.84,32.88,29.15,17.9,26.39,20.79,72.84,1573.5,0.752,0.125,6,48.07,17.41,14.0,0.68
Orissa,Cuttack,20.5779,85.8079,6.2,1.09,12.1,31.84,34.2,16.88,26.39,20.79,72.84,1573.5,0.752,0.125,6,48.07,17.41,41.0,0.68
Orissa,Deogarh,21.4992,84.6525,6.27,1.43,18.24,33.88,33.3,25.58,25.96,19.67,64.06,1445.1,0.835,0.075,6,46.9,17.89,338.0,8.38
Orissa,Deogarh,21.4893,85.1397,6.3,1.56,17.5,35.06,33.11,22.67,25.58,19.68,66.02,1460.3,0.805,0.086,6,46.62,17.1,230.0,4.41
Orissa,Deogarh,21.5325,84.7451,6.35,1.51,13.76,38.19,33.24,23.87,25.58,19.68,66.02,1460.3,0.805,0.086,6,46.62,17.89,200.0,1.15
Orissa,Deogarh,21.5909,84.8434,6.43,1.33,13.17,39.44,31.72,22.99,25.58,19.68,66.02,1460.3,0.805,0.086,6,46.62,17.89,187.0,0.59
Orissa,Deogarh,21.5698,84.8169,6.43,1.66,18.08,38.64,32.49,22.64,25.58,19.68,66.02,1460.3,0.805,0.086,6,46.62,17.89,190.0,5.21
Orissa,Dhenkanal,21.0467,85.6197,6.34,1.54,17.15,29.57,36.44,16.71,25.99,20.37,70.49,1539.6,0.759,0.115,6,47.31,17.1,119.0,0.82
Orissa,Dhenkanal,21.0818,85.6744,5.95,2.31,27.03,31.07,36.32,22.06,25.99,20.37,70.49,1539.6,0.759,0.115,6,47.31,17.1,406.0,8.67
Orissa,Dhenkanal,21.0848,85.455,6.39,1.42,15.17,31.26,38.58,14.8,25.99,20.37,70.49,1539.6,0.759,0.115,6,47.31,17.1,104.0,0.33
Orissa,Dhenkanal,20.8008,85.3107,6.35,1.05,11.47,33.53,37.86,15.07,26.07,20.24,67.59,1495.0,0.788,0.1,6,47.4,17.41,66.0,0.97
Orissa,Dhenkanal,21.1439,85.4307,6.31,1.53,16.51,30.03,38.6,15.93,25.99,20.37,70.49,1539.6,0.759,0.115,6,47.31,17.1,165.0,0.54
Orissa,Gajapati,19.2679,84.2509,5.96,1.54,18.14,33.04,38.68,18.0,25.27,20.66,71.03,1412.5,0.726,0.161,6,45.99,17.34,601.0,3.89
Orissa,Gajapati,19.4421,84.3073,5.93,1.43,17.24,31.76,35.74,14.94,25.27,20.66,71.03,1412.5,0.726,0.161,6,45.99,17.34,554.0,1.39
Orissa,Gajapati,18.8584,84.072,6.21,1.45,19.95,29.98,37.3,15.78,26.03,21.99,74.13,1367.8,0.686,0.194,5,44.4,17.79,327.0,16.01
Orissa,Gajapati,19.2269,84.0881,5.93,1.67,19.91,31.89,40.06,15.48,26.03,21.99,74.13,1367.8,0.686,0.194,5,44.4,17.34,266.0,6.54
Orissa,Gajapati,19.5172,84.0359,5.82,2.11,25.8,33.13,36.14,16.14,25.13,20.45,67.56,1369.5,0.748,0.148,6,46.04,17.34,558.0,9.55
Orissa,Ganjam,19.6888,84.4154,6.21,1.04,13.37,28.78,41.4,13.02,25.27,20.66,71.03,1412.5,0.726,0.161,6,45.99,17.34,107.0,0.48
Orissa,Ganjam,19.6436,85.1038,6.45,1.51,14.53,32.43,34.74,16.81,27.1,22.94,72.77,1488.3,0.716,0.159,6,42.42,17.57,16.0,0.82
Orissa,Ganjam,19.4299,84.4879,6.29,1.05,12.38,30.86,40.5,16.89,25.27,20.66,71.03,1412.5,0.726,0.161,6,45.99,17.34,83.0,0.75
Orissa,Ganjam,19.5267,85.0466,6.39,1.43,17.38,30.47,40.21,16.66,27.1,22.94,72.77,1488.3,0.716,0.159,6,42.42,17.57,47.0,5.72
Orissa,Ganjam,20.1516,84.7257,6.33,1.74,17.16,30.02,36.06,16.86,26.61,21.54,70.05,1504.9,0.747,0.134,6,47.17,17.53,148.0,1.19
Orissa,Jagatsinghpur,20.1211,86.4171,6.77,1.36,14.14,34.62,22.1,17.63,26.89,22.76,76.73,1636.3,0.717,0.139,5,40.42,17.2,8.0,0.12
Orissa,Jagatsinghpur,20.1042,86.4198,6.74,1.52,18.22,34.92,21.42,17.3,26.89,22.76,76.73,1636.3,0.717,0.139,5,40.42,17.2,2.0,0.05
Orissa,Jagatsinghpur,20.0341,86.3623,6.82,1.35,14.38,34.36,21.98,17.64,26.89,22.76,76.73,1636.3,0.717,0.139,5,40.42,17.2,2.0,0.16
Orissa,Jagatsinghpur,20.2917,86.1437,6.68,1.17,13.98,37.97,26.69,17.75,26.57,21.51,74.86,1635.3,0.725,0.13,5,46.39,17.2,18.0,0.1
Orissa,Jagatsinghpur,20.0358,86.3425,6.72,1.29,15.62,34.61,21.9,17.21,26.89,22.76,76.73,1636.3,0.717,0.139,5,40.42,17.2,3.0,0.11
Orissa,Jajpur,20.8282,86.0585,6.45,1.13,12.25,37.87,25.71,18.62,26.35,21.04,72.17,1618.6,0.726,0.129,5,47.36,17.2,19.0,0.55
Orissa,Jajpur,20.7369,86.2491,6.53,1.17,12.17,38.11,24.01,18.08,26.57,21.51,74.86,1635.3,0.725,0.13,5,46.39,17.2,16.0,0.67
Orissa,Jajpur,21.0048,85.8674,6.21,1.37,12.95,34.33,35.44,17.65,25.99,20.37,70.49,1539.6,0.759,0.115,6,47.31,17.1,61.0,0.44
Orissa,Jajpur,20.8364,86.507,6.65,1.37,16.01,42.34,18.17,18.25,26.35,21.04,72.17,1618.6,0.726,0.129,5,47.36,17.2,5.0,0.05
Orissa,Jajpur,20.9346,85.8962,6.3,1.3,13.83,35.24,34.89,17.01,25.99,20.37,70.49,1539.6,0.759,0.115,6,47.31,17.41,67.0,3.21
Orissa,Jharsuguda,21.8179,83.9924,6.82,1.08,10.84,38.34,24.63,29.5,25.92,19.28,61.62,1372.2,0.857,0.064,7,46.89,18.27,205.0,0.94
Orissa,Jharsuguda,21.7627,83.701,6.76,1.22,10.6,38.81,22.76,30.33,25.92,19.28,61.62,1372.2,0.857,0.064,7,46.89,18.27,198.0,0.21
Orissa,Jharsuguda,21.8437,84.0117,6.74,1.1,9.97,37.7,24.84,28.29,25.92,19.28,61.62,1372.2,0.857,0.064,7,46.89,17.89,222.0,0.23
Orissa,Jharsuguda,21.8927,84.0928,6.73,1.14,10.71,37.41,24.57,29.05,25.73,19.18,62.68,1394.4,0.841,0.069,6,46.76,17.89,234.0,0.57
Orissa,Jharsuguda,21.8135,83.7719,6.09,1.41,17.19,37.3,25.66,30.83,25.92,19.28,61.62,1372.2,0.857,0.064,7,46.89,18.27,294.0,0.87
Orissa,Kalahandi,20.0876,83.52,6.32,1.36,15.43,33.01,36.97,23.3,24.92,19.72,66.22,1403.6,0.793,0.112,6,45.65,17.9,282.0,5.42
Orissa,Kalahandi,19.8777,83.1836,6.41,1.29,12.99,32.05,36.95,23.53,25.77,20.22,64.29,1335.4,0.82,0.089,7,46.72,17.4,273.0,0.9
Orissa,Kalahandi,20.0245,82.8926,6.35,1.46,16.66,32.85,35.15,23.15,25.77,20.22,64.29,1335.4,0.82,0.089,7,46.72,18.19,314.0,7.45
Orissa,Kalahandi,19.5923,83.0452,5.87,2.1,21.62,29.61,38.13,18.93,24.45,19.48,66.78,1383.9,0.786,0.113,6,45.05,17.4,917.0,4.1
Orissa,Kalahandi,19.8121,83.3245,6.17,1.51,16.04,32.33,37.9,17.41,25.77,20.22,64.29,1335.4,0.82,0.089,7,46.72,17.4,640.0,6.5
Orissa,Kandhamal,19.6714,84.0165,5.64,2.41,29.87,30.09,35.16,16.61,25.13,20.45,67.56,1369.5,0.748,0.148,6,46.04,17.34,870.0,13.55
Orissa,Kandhamal,19.7736,84.1092,5.73,2.34,31.08,29.67,35.07,17.22,24.97,19.92,67.99,1466.9,0.762,0.129,6,45.83,17.34,822.0,0.93
Orissa,Kandhamal,19.8504,84.3737,5.84,1.43,17.69,30.02,37.24,13.45,24.97,19.92,67.99,1466.9,0.762,0.129,6,45.83,17.34,136.0,6.05
Orissa,Kandhamal,20.4826,84.2732,6.05,1.6,19.21,32.04,40.4,16.65,25.35,19.86,66.02,1492.4,0.792,0.105,6,46.17,17.53,590.0,4.35
Orissa,Kandhamal,20.4758,84.1093,5.92,2.07,27.07,33.74,37.61,18.56,25.35,19.86,66.02,1492.4,0.792,0.105,6,46.17,17.53,542.0,4.45
Orissa,Kendrapara,20.3588,86.4574,6.64,1.41,13.95,37.2,18.07,17.36,26.57,21.51,74.86,1635.3,0.725,0.13,5,46.39,17.2,3.0,0.0
Orissa,Kendrapara,20.7133,86.6414,6.7,1.51,15.24,40.63,14.59,18.91,26.97,22.89,76.73,1851.9,0.711,0.125,5,39.44,17.2,2.0,0.0
Orissa,Kendrapara,20.3966,86.2713,6.7,1.14,13.58,39.37,21.92,19.05,26.57,21.51,74.86,1635.3,0.725,0.13,5,46.39,17.2,10.0,0.35
Orissa,Kendrapara,20.5986,86.7188,6.74,1.48,18.61,38.26,16.59,18.7,26.97,22.89,76.73,1851.9,0.711,0.125,5,39.44,17.2,7.0,0.11
Orissa,Kendrapara,20.449,86.3388,6.75,1.18,16.66,40.76,20.87,18.64,26.57,21.51,74.86,1635.3,0.725,0.13,5,46.39,17.2,10.0,0.26
Orissa,Keonjhar,21.1753,85.5931,6.45,1.51,17.24,31.48,34.6,17.02,25.99,20.37,70.49,1539.6,0.759,0.115,6,47.31,17.1,106.0,0.6
Orissa,Keonjhar,21.6841,85.8836,6.09,1.22,12.64,37.97,32.49,18.87,25.12,19.5,68.56,1515.6,0.768,0.103,6,45.85,17.1,335.0,1.39
Orissa,Keonjhar,21.6736,85.4621,6.19,1.33,15.47,36.64,35.95,19.21,25.12,19.5,68.56,1515.6,0.768,0.103,6,45.85,17.1,547.0,1.19
Orissa,Keonjhar,21.1828,85.6611,5.77,2.47,25.48,32.28,35.92,21.35,25.99,20.37,70.49,1539.6,0.759,0.115,6,47.31,17.1,349.0,17.65
Orissa,Keonjhar,22.1086,85.3246,6.35,1.64,20.7,40.17,32.43,29.5,24.78,18.92,66.21,1502.9,0.783,0.089,6,45.97,17.32,594.0,13.5
Orissa,Koraput,18.5996,82.6228,6.12,1.31,14.03,31.85,39.47,23.63,23.14,19.26,70.46,1561.6,0.762,0.133,6,43.04,17.62,855.0,0.0
Orissa,Koraput,18.8737,82.9135,5.88,1.72,16.99,30.88,38.33,15.32,23.96,19.48,68.75,1448.4,0.751,0.144,6,44.4,17.62,914.0,8.49
Orissa,Koraput,19.0712,82.8218,6.11,2.02,18.03,30.47,39.09,15.82,23.96,19.48,68.75,1448.4,0.751,0.144,6,44.4,18.05,718.0,2.44
Orissa,Koraput,18.7451,83.0118,5.93,1.75,18.29,32.35,35.78,20.82,24.59,20.39,70.21,1416.9,0.709,0.185,5,45.12,17.65,1159.0,7.03
Orissa,Koraput,18.8653,82.7849,6.03,1.46,15.74,28.89,38.92,17.06,23.9,19.33,68.56,1600.0,0.794,0.1,5,44.4,17.62,829.0,4.08
Orissa,Khordha,19.894,85.1387,6.12,1.93,23.7,30.55,36.16,19.29,26.61,21.54,70.05,1504.9,0.747,0.134,6,47.17,17.57,207.0,5.96
Orissa,Khordha,19.9487,85.5607,6.6,1.29,14.53,33.68,27.85,19.12,26.81,22.15,74.25,1587.4,0.736,0.139,6,43.76,17.57,2.0,0.0
Orissa,Khordha,20.1967,85.9598,6.51,1.23,14.33,37.03,29.55,17.32,26.89,22.76,76.73,1636.3,0.717,0.139,5,40.42,17.41,12.0,0.12
Orissa,Khordha,19.7225,85.204,6.63,1.83,23.3,30.85,32.35,20.2,27.1,22.94,72.77,1488.3,0.716,0.159,6,42.42,17.57,1.0,0.16
Orissa,Khordha,19.8832,85.5488,6.7,1.38,18.28,31.53,26.99,19.16,26.81,22.15,74.25,1587.4,0.736,0.139,6,43.76,17.57,1.0,0.05
Orissa,Malkangiri,18.1203,81.8703,6.3,1.82,20.39,27.68,38.42,21.4,25.6,22.11,69.57,1384.1,0.739,0.161,6,46.26,18.21,320.0,5.9
Orissa,Malkangiri,17.9142,81.7198,5.65,2.58,25.59,28.82,39.65,23.51,25.6,22.11,69.57,1384.1,0.739,0.161,6,46.26,18.21,388.0,0.37
Orissa,Malkangiri,17.9939,81.5674,6.53,1.12,11.29,28.7,36.47,16.63,25.6,22.11,69.57,1384.1,0.739,0.161,6,46.26,18.21,109.0,0.79
Orissa,Malkangiri,18.4608,81.9514,6.39,1.15,17.39,26.87,38.84,15.74,25.68,21.62,67.75,1516.2,0.784,0.113,6,46.51,18.21,267.0,0.51
Orissa,Malkangiri,18.4613,82.0888,6.41,1.35,13.18,26.64,35.42,16.6,25.68,21.62,67.75,1516.2,0.784,0.113,6,46.51,17.62,260.0,0.75
Orissa,Mayurbhanj,21.981,86.925,6.3,1.22,12.88,36.5,32.2,18.5,25.85,19.24,72.02,1564.3,0.72,0.119,5,48.83,16.92,35.0,0.61
Orissa,Mayurbhanj,21.8996,86.8584,6.22,1.16,14.37,35.58,32.52,18.12,25.85,19.24,72.02,1564.3,0.72,0.119,5,48.83,16.92,63.0,0.31
Orissa,Mayurbhanj,22.0497,86.695,6.21,1.14,12.72,35.35,35.87,15.95,25.85,19.24,72.02,1564.3,0.72,0.119,5,48.83,17.37,85.0,0.45
Orissa,Mayurbhanj,21.9578,86.3449,5.5,2.1,30.81,29.05,33.62,22.57,24.4,18.38,69.39,1564.5,0.745,0.106,5,45.66,16.92,855.0,5.01
Orissa,Mayurbhanj,21.874,86.8736,6.23,1.18,13.98,36.09,31.57,18.9,25.85,19.24,72.02,1564.3,0.72,0.119,5,48.83,16.92,37.0,0.75
Orissa,Nabarangpur,19.7395,82.459,6.05,1.59,16.46,33.26,38.63,27.84,24.67,19.47,66.73,1510.5,0.816,0.082,6,45.77,18.05,471.0,8.57
Orissa,Nabarangpur,19.7,82.1519,6.44,1.38,12.55,34.82,40.02,27.57,24.04,18.81,67.49,1503.8,0.826,0.074,6,45.33,18.05,612.0,0.22
Orissa,Nabarangpur,19.9211,82.188,6.43,1.25,11.0,35.91,36.92,35.55,25.32,19.75,64.47,1407.7,0.839,0.07,7,46.47,18.05,631.0,0.15
Orissa,Nabarangpur,19.8252,82.1115,6.48,1.41,11.99,34.16,38.49,30.78,24.37,18.93,65.23,1441.5,0.846,0.067,7,45.49,18.05,662.0,1.17
Orissa,Nabarangpur,20.032,81.9303,6.48,1.32,10.47,36.01,39.92,36.55,24.37,18.93,65.23,1441.5,0.846,0.067,7,45.49,18.53,642.0,0.88
Orissa,Nayagarh,20.0777,85.0654,6.21,1.17,13.41,33.37,35.37,15.55,26.61,21.54,70.05,1504.9,0.747,0.134,6,47.17,17.41,113.0,0.71
Orissa,Nayagarh,20.3764,85.1403,6.36,1.24,15.71,30.87,36.51,16.81,26.13,20.46,69.21,1518.4,0.769,0.116,6,47.7,17.41,46.0,0.27
Orissa,Nayagarh,20.217,84.5649,5.93,1.7,19.45,29.02,36.38,15.7,24.97,19.92,67.99,1466.9,0.762,0.129,6,45.83,17.53,276.0,8.93
Orissa,Nayagarh,20.2513,85.122,6.32,1.8,20.01,29.41,36.98,17.33,26.13,20.46,69.21,1518.4,0.769,0.116,6,47.7,17.41,135.0,10.49
Orissa,Nayagarh,20.0279,85.0702,6.19,1.6,17.97,32.79,37.59,16.6,26.61,21.54,70.05,1504.9,0.747,0.134,6,47.17,17.41,217.0,8.54
Orissa,Nuapada,20.525,82.5733,6.72,1.11,9.18,37.83,29.76,27.04,25.44,19.64,62.96,1370.7,0.862,0.062,7,46.77,18.19,307.0,0.76
Orissa,Nuapada,20.3931,82.4916,6.05,1.75,20.05,38.6,35.89,32.97,25.44,19.64,62.96,1370.7,0.862,0.062,7,46.77,18.19,750.0,9.92
Orissa,Nuapada,20.7544,82.6428,7.16,1.08,8.67,36.82,25.23,27.04,25.81,19.63,61.64,1353.8,0.873,0.057,7,47.64,18.19,328.0,0.9
Orissa,Nuapada,20.3792,82.5987,6.22,1.55,17.67,40.25,31.95,29.33,25.44,19.64,62.96,1370.7,0.862,0.062,7,46.77,18.19,494.0,9.24
Orissa,Nuapada,20.2638,82.679,6.87,1.04,10.01,35.91,33.57,26.7,25.44,19.64,62.96,1370.7,0.862,0.062,7,46.77,18.19,254.0,1.02
Orissa,Puri,20.0332,85.7757,6.6,1.33,13.7,32.42,29.49,16.86,26.81,22.15,74.25,1587.4,0.736,0.139,6,43.76,17.41,5.0,0.16
Orissa,Puri,20.056,86.0256,6.55,1.29,13.22,33.24,26.97,17.06,26.89,22.76,76.73,1636.3,0.717,0.139,5,40.42,17.2,7.0,0.0
Orissa,Puri,20.0267,85.9462,6.5,1.45,13.69,33.98,27.24,18.4,26.89,22.76,76.73,1636.3,0.717,0.139,5,40.42,17.41,6.0,0.0
Orissa,Puri,19.9433,85.9482,6.54,1.28,13.77,34.34,28.25,17.36,26.89,22.76,76.73,1636.3,0.717,0.139,5,40.42,17.57,6.0,0.05
Orissa,Puri,19.8197,85.8555,6.61,1.57,14.59,31.42,30.32,18.78,26.81,22.15,74.25,1587.4,0.736,0.139,6,43.76,17.57,9.0,0.15
Orissa,Rayagada,19.9083,83.5426,5.81,2.52,20.26,32.54,35.17,17.09,24.92,19.72,66.22,1403.6,0.793,0.112,6,45.65,17.4,952.0,9.3
Orissa,Rayagada,19.1192,83.8374,6.24,1.25,15.7,29.28,37.63,16.21,26.1,21.7,69.2,1327.7,0.7,0.192,5,47.23,17.4,86.0,1.25
Orissa,Rayagada,19.4863,83.339,6.3,1.43,13.52,31.51,34.66,15.54,24.45,19.48,66.78,1383.9,0.786,0.113,6,45.05,17.4,385.0,3.19
Orissa,Rayagada,19.5312,83.9121,5.99,2.42,22.11,31.51,37.43,14.34,25.13,20.45,67.56,1369.5,0.748,0.148,6,46.04,17.4,612.0,12.82
Orissa,Rayagada,19.3969,83.69,6.28,2.2,20.48,28.01,37.87,15.16,25.13,20.45,67.56,1369.5,0.748,0.148,6,46.04,17.4,340.0,9.82
Orissa,Sambalpur,21.7428,84.6244,5.97,1.73,19.14,36.6,31.65,28.52,25.96,19.67,64.06,1445.1,0.835,0.075,6,46.9,17.89,343.0,5.65
Orissa,Sambalpur,22.0252,84.4225,6.32,1.7,18.32,36.54,27.58,29.21,25.73,19.18,62.68,1394.4,0.841,0.069,6,46.76,18.0,332.0,1.4
Orissa,Sambalpur,22.1569,84.413,6.52,1.16,10.56,38.59,25.31,30.19,25.73,19.18,62.68,1394.4,0.841,0.069,6,46.76,18.0,304.0,0.61
Orissa,Sambalpur,21.3526,84.369,6.02,1.89,22.7,33.79,32.04,28.37,25.96,19.67,64.06,1445.1,0.835,0.075,6,46.9,17.89,331.0,5.5
Orissa,Sambalpur,21.2935,84.3429,6.22,1.88,21.12,34.51,32.69,27.58,25.96,19.67,64.06,1445.1,0.835,0.075,6,46.9,17.89,328.0,3.4
Orissa,Sonepur,20.672,83.6989,6.57,1.2,10.21,32.91,33.66,21.63,25.85,20.07,64.28,1423.3,0.826,0.088,6,46.78,17.9,141.0,0.57
Orissa,Sonepur,20.9113,84.212,6.68,1.2,12.35,34.68,29.99,22.48,26.26,20.37,64.33,1483.2,0.817,0.087,6,47.38,17.53,98.0,0.58
Orissa,Sonepur,21.1726,83.9003,6.7,1.24,13.45,34.55,28.41,25.92,26.62,20.46,62.85,1416.9,0.848,0.074,7,47.95,18.27,136.0,0.97
Orissa,Sonepur,21.1036,83.7791,6.91,1.45,12.24,37.09,24.81,25.53,26.62,20.46,62.85,1416.9,0.848,0.074,7,47.95,18.27,132.0,0.17
Orissa,Sonepur,20.9624,84.0193,6.7,1.24,10.29,37.6,29.26,23.89,26.62,20.46,62.85,1416.9,0.848,0.074,7,47.95,17.53,123.0,0.53
Orissa,Sundargarh,21.8652,85.2157,5.87,1.74,23.62,37.37,33.24,29.22,25.03,18.98,64.22,1429.8,0.817,0.077,6,46.11,17.1,725.0,7.15
Orissa,Sundargarh,21.7335,84.7582,6.36,1.88,18.73,40.69,30.71,25.83,25.58,19.68,66.02,1460.3,0.805,0.086,6,46.62,17.89,279.0,1.29
Orissa,Sundargarh,22.4117,84.0234,6.4,1.58,16.77,34.49,24.3,31.94,24.62,17.87,61.3,1358.7,0.852,0.066,7,46.19,18.0,398.0,2.9
Orissa,Sundargarh,22.1685,84.9848,6.06,1.93,23.37,36.76,33.23,30.32,25.03,18.98,64.22,1429.8,0.817,0.077,6,46.11,18.0,454.0,5.3
Orissa,Sundargarh,21.8183,84.9232,6.61,1.18,10.68,38.78,30.87,26.08,25.03,18.98,64.22,1429.8,0.817,0.077,6,46.11,17.89,152.0,0.5
Puducherry,Karaikal,10.9219,79.8194,6.86,2.2,33.0,33.99,29.88,24.8,28.28,25.96,75.24,1050.8,0.274,0.558,5,35.77,19.53,2.0,0.07
Puducherry,Karaikal,10.9345,79.7753,6.7,2.13,34.8,32.87,30.92,24.91,28.28,25.96,75.24,1050.8,0.274,0.558,5,35.77,19.53,3.0,0.07
Puducherry,Karaikal,10.9341,79.8179,6.86,2.14,32.54,32.75,29.85,26.27,28.28,25.96,75.24,1050.8,0.274,0.558,5,35.77,19.53,4.0,0.05
Puducherry,Karaikal,10.9578,79.7766,6.78,2.01,31.66,31.62,31.49,26.59,28.28,25.96,75.24,1050.8,0.274,0.558,5,35.77,19.53,4.0,0.1
Puducherry,Karaikal,10.8961,79.8201,6.73,2.22,37.42,34.7,29.78,25.54,28.28,25.96,75.24,1050.8,0.274,0.558,5,35.77,19.53,3.0,0.3
Puducherry,Mahe,12.0505,75.2426,5.77,2.66,36.8,36.79,38.87,21.59,27.54,27.38,78.56,3176.4,0.749,0.134,4,33.1,18.14,3.0,0.89
Puducherry,Mahe,12.1014,75.3086,5.73,2.55,23.88,36.11,45.66,20.29,27.54,27.38,78.56,3176.4,0.749,0.134,4,33.1,18.14,57.0,0.77
Puducherry,Mahe,12.0877,75.235,5.7,2.77,31.14,36.15,40.47,20.3,27.54,27.38,78.56,3176.4,0.749,0.134,4,33.1,18.14,15.0,0.49
Puducherry,Mahe,12.0196,75.249,5.76,2.49,29.99,35.68,40.01,19.16,27.54,27.38,78.56,3176.4,0.749,0.134,4,33.1,18.14,5.0,0.16
Puducherry,Mahe,12.0923,75.271,5.63,2.71,26.54,36.54,45.51,20.03,27.54,27.38,78.56,3176.4,0.749,0.134,4,33.1,18.14,49.0,2.32
Puducherry,Puducherry,11.9482,79.7049,7.04,1.6,23.19,34.63,31.4,26.86,28.09,25.45,75.17,1152.6,0.323,0.552,4,37.02,19.44,12.0,0.33
Puducherry,Puducherry,11.9283,79.75,6.78,1.57,21.88,34.28,33.2,25.84,28.09,25.45,75.17,1152.6,0.323,0.552,4,37.02,19.44,11.0,0.05
Puducherry,Puducherry,11.8618,79.7261,6.74,1.66,25.14,38.51,31.28,24.08,28.09,25.45,75.17,1152.6,0.323,0.552,4,37.02,19.44,12.0,0.19
Puducherry,Puducherry,11.8949,79.6866,6.83,1.6,22.7,36.52,31.22,22.47,27.85,24.34,70.56,1086.5,0.349,0.518,4,43.78,19.44,15.0,0.21
Puducherry,Puducherry,11.8614,79.7779,6.79,1.69,27.16,34.92,33.98,26.09,28.09,25.45,75.17,1152.6,0.323,0.552,4,37.02,19.44,7.0,0.19
Puducherry,Yanam,16.7111,82.2141,6.68,2.26,30.08,30.16,37.69,25.19,27.85,25.44,78.29,1230.0,0.64,0.261,5,37.22,18.12,8.0,0.44
Puducherry,Yanam,16.6922,82.2665,6.73,2.24,23.68,32.71,33.26,26.71,27.85,25.44,78.29,1230.0,0.64,0.261,5,37.22,18.12,5.0,0.22
Puducherry,Yanam,16.6956,82.265,6.71,2.25,25.66,32.76,33.94,26.1,27.85,25.44,78.29,1230.0,0.64,0.261,5,37.22,18.12,2.0,0.12
Puducherry,Yanam,16.7378,82.2082,6.73,1.99,22.57,27.07,37.31,24.54,27.85,25.44,78.29,1230.0,0.64,0.261,5,37.22,18.12,5.0,0.27
Puducherry,Yanam,16.7376,82.293,6.7,2.1,19.59,30.03,32.46,27.42,27.85,25.44,78.29,1230.0,0.64,0.261,5,37.22,18.12,2.0,0.23
Punjab,Amritsar,31.4895,74.9064,7.86,0.8,9.3,28.51,31.89,13.22,25.4,14.23,43.1,679.4,0.763,0.041,8,50.14,17.75,229.0,0.05
Punjab,Amritsar,31.3058,75.0321,7.92,0.89,9.54,29.82,35.14,14.41,25.4,14.23,43.1,679.4,0.763,0.041,8,50.14,17.43,226.0,0.0
Punjab,Amritsar,31.5437,74.7537,8.01,0.88,10.8,30.49,30.59,15.76,25.4,14.23,43.1,679.4,0.763,0.041,8,50.14,17.75,225.0,0.32
Punjab,Amritsar,31.2967,74.7364,7.95,0.83,9.57,24.68,33.03,17.09,25.4,14.23,43.1,679.4,0.763,0.041,8,50.14,17.75,217.0,0.12
Punjab,Amritsar,31.6714,74.6516,8.35,1.0,9.39,27.39,33.34,14.48,25.72,14.34,41.12,590.1,0.751,0.045,8,50.61,17.75,226.0,0.08
Punjab,Bathinda,30.1059,74.7823,7.95,0.94,7.83,25.44,47.19,13.97,26.17,15.0,39.16,446.0,0.76,0.035,8,49.54,18.38,202.0,0.13
Punjab,Bathinda,30.0129,74.7764,7.85,0.76,6.84,22.86,49.12,11.39,26.17,15.0,39.16,446.0,0.76,0.035,8,49.54,18.38,200.0,0.06
Punjab,Bathinda,30.2352,75.1833,7.89,0.88,9.09,25.73,46.07,12.97,26.17,15.0,39.16,446.0,0.76,0.035,8,49.54,18.11,214.0,0.05
Punjab,Bathinda,30.3179,75.2373,7.89,0.78,9.47,26.38,44.58,13.84,25.94,14.66,40.02,490.5,0.76,0.038,8,50.12,18.11,220.0,0.05
Punjab,Bathinda,30.1316,74.8134,7.93,0.95,7.57,24.18,47.88,13.64,26.17,15.0,39.16,446.0,0.76,0.035,8,49.54,18.38,203.0,0.08
Punjab,Faridkot,30.3948,74.9954,7.86,0.84,8.31,26.21,42.48,14.06,25.94,14.66,40.02,490.5,0.76,0.038,8,50.12,18.38,211.0,0.18
Punjab,Faridkot,30.5096,74.8077,7.83,0.83,7.59,26.69,40.64,15.6,25.94,14.66,40.02,490.5,0.76,0.038,8,50.12,18.38,207.0,0.06
Punjab,Faridkot,30.5568,74.734,7.83,0.82,7.9,25.06,42.63,12.05,25.94,14.66,40.02,490.5,0.76,0.038,8,50.12,18.38,205.0,0.0
Punjab,Faridkot,30.6917,74.4718,7.85,0.79,9.96,26.92,41.88,15.42,26.39,14.94,37.91,421.7,0.744,0.048,8,49.94,18.38,191.0,0.0
Punjab,Faridkot,30.8236,74.6195,7.78,0.81,8.59,28.35,39.45,16.44,26.12,14.64,38.95,489.6,0.747,0.047,8,50.55,18.38,197.0,0.1
Punjab,Fatehgarh Sahib,30.608,76.297,7.75,0.94,10.91,35.75,23.6,21.79,25.21,14.61,44.61,732.5,0.781,0.031,8,49.68,18.81,262.0,0.08
Punjab,Fatehgarh Sahib,30.5312,76.4385,7.87,1.03,10.7,35.56,24.31,21.22,25.21,14.61,44.61,732.5,0.781,0.031,8,49.68,18.81,261.0,0.05
Punjab,Fatehgarh Sahib,30.6093,76.4092,7.78,1.04,11.99,35.39,26.47,18.92,25.21,14.61,44.61,732.5,0.781,0.031,8,49.68,18.81,268.0,0.08
Punjab,Fatehgarh Sahib,30.6551,76.4427,7.75,1.15,11.6,32.42,29.3,18.85,25.21,14.61,44.61,732.5,0.781,0.031,8,49.68,18.81,269.0,0.06
Punjab,Fatehgarh Sahib,30.5554,76.3577,7.78,1.07,11.26,33.96,28.3,20.48,25.21,14.61,44.61,732.5,0.781,0.031,8,49.68,18.81,261.0,0.08
Punjab,Firozpur,30.7154,74.2448,7.89,0.77,7.11,22.76,44.12,17.26,26.39,14.94,37.91,421.7,0.744,0.048,8,49.94,18.38,187.0,0.08
Punjab,Firozpur,30.122,74.2506,7.92,0.8,6.15,23.65,46.08,13.3,26.59,15.26,36.98,382.0,0.744,0.049,8,49.61,18.38,189.0,0.0
Punjab,Firozpur,30.0796,74.0747,7.89,0.75,6.17,24.08,45.8,18.4,26.59,15.26,36.98,382.0,0.744,0.049,8,49.61,18.38,184.0,0.0
Punjab,Firozpur,30.026,73.9025,7.78,0.75,6.34,24.01,44.41,16.22,27.04,15.46,34.54,303.2,0.695,0.089,9,49.69,17.82,177.0,0.13
Punjab,Firozpur,30.2574,74.1552,7.9,0.84,6.69,24.07,45.39,13.49,26.39,14.94,37.91,421.7,0.744,0.048,8,49.94,18.38,187.0,0.06
Punjab,Gurdaspur,32.275,75.428,7.3,1.79,15.78,24.95,34.64,16.93,20.29,11.19,48.74,984.5,0.692,0.055,6,42.84,17.76,267.0,0.21
Punjab,Gurdaspur,31.8562,75.2244,7.77,1.01,10.56,28.27,34.48,13.52,25.14,14.41,44.66,818.3,0.751,0.045,8,49.77,17.43,251.0,0.16
Punjab,Gurdaspur,31.8357,75.4238,7.58,1.04,11.51,30.16,37.27,17.41,24.67,14.67,45.0,943.4,0.755,0.043,7,48.12,17.43,257.0,0.12
Punjab,Gurdaspur,32.0511,75.2907,7.78,1.04,10.23,28.35,32.95,17.57,25.14,14.41,44.66,818.3,0.751,0.045,8,49.77,17.76,251.0,0.24
Punjab,Gurdaspur,32.1516,75.5055,7.63,1.62,15.28,25.8,32.95,16.17,24.67,14.67,45.0,943.4,0.755,0.043,7,48.12,17.76,278.0,0.13
Punjab,Hoshiarpur,31.5525,75.9366,6.93,1.06,10.84,23.41,39.04,15.48,25.03,14.29,45.01,800.6,0.771,0.038,8,49.43,17.43,322.0,0.13
Punjab,Hoshiarpur,31.765,75.5667,7.6,1.16,15.92,27.97,43.68,16.85,24.67,14.67,45.0,943.4,0.755,0.043,7,48.12,17.43,235.0,0.32
Punjab,Hoshiarpur,31.3817,75.8869,7.41,0.98,11.22,24.23,45.37,13.6,25.03,14.29,45.01,800.6,0.771,0.038,8,49.43,17.43,260.0,0.21
Punjab,Hoshiarpur,31.5375,75.8787,7.09,0.89,9.85,24.62,42.93,15.78,25.03,14.29,45.01,800.6,0.771,0.038,8,49.43,17.43,290.0,0.39
Punjab,Hoshiarpur,31.8797,75.5936,7.63,1.56,13.57,25.79,39.19,16.16,24.67,14.67,45.0,943.4,0.755,0.043,7,48.12,17.43,248.0,0.44
Punjab,Jalandhar,31.1504,75.2298,7.99,0.76,9.63,24.24,39.32,15.0,25.73,14.43,41.16,565.1,0.761,0.04,8,50.43,17.43,217.0,0.08
Punjab,Jalandhar,31.0642,75.3264,7.85,0.75,10.01,22.31,39.86,16.13,25.33,14.29,43.43,660.0,0.772,0.035,8,49.99,17.43,221.0,0.05
Punjab,Jalandhar,31.1778,75.3405,7.82,0.73,8.24,25.59,36.52,16.52,25.33,14.29,43.43,660.0,0.772,0.035,8,49.99,17.43,226.0,0.13
Punjab,Jalandhar,31.1293,75.8242,7.77,0.83,9.91,27.04,39.97,17.18,25.33,14.29,43.43,660.0,0.772,0.035,8,49.99,17.43,245.0,0.17
Punjab,Jalandhar,31.3065,75.6558,7.79,0.89,9.4,27.45,41.45,13.19,25.03,14.29,45.01,800.6,0.771,0.038,8,49.43,17.43,237.0,0.06
Punjab,Kapurthala,31.353,75.3361,7.8,0.84,10.39,27.14,36.31,17.59,25.03,14.29,45.01,800.6,0.771,0.038,8,49.43,17.43,220.0,0.06
Punjab,Kapurthala,31.3672,75.8263,7.49,0.89,9.87,23.6,44.4,12.01,25.03,14.29,45.01,800.6,0.771,0.038,8,49.43,17.43,247.0,0.08
Punjab,Kapurthala,31.2335,75.712,7.83,0.8,9.67,27.0,39.25,15.48,25.33,14.29,43.43,660.0,0.772,0.035,8,49.99,17.43,238.0,0.0
Punjab,Kapurthala,31.6044,75.4241,7.76,0.89,10.25,31.29,34.43,15.19,25.03,14.29,45.01,800.6,0.771,0.038,8,49.43,17.43,231.0,0.06
Punjab,Kapurthala,31.6106,75.4587,7.68,0.82,10.83,33.83,36.79,16.8,25.03,14.29,45.01,800.6,0.771,0.038,8,49.43,17.43,232.0,0.0
Punjab,Ludhiana,30.6056,75.503,7.84,0.87,9.69,25.51,36.5,16.98,25.52,14.38,41.99,565.8,0.769,0.033,8,49.96,18.11,232.0,0.0
Punjab,Ludhiana,30.7658,75.7765,7.79,0.83,10.11,26.23,39.73,15.83,25.33,14.29,43.43,660.0,0.772,0.035,8,49.99,18.11,248.0,0.08
Punjab,Ludhiana,30.7114,75.5537,7.92,0.83,9.06,26.63,38.33,18.63,25.52,14.38,41.99,565.8,0.769,0.033,8,49.96,18.11,236.0,0.08
Punjab,Ludhiana,30.9307,76.0049,7.75,0.81,10.87,29.81,37.56,16.38,25.05,14.86,45.1,848.1,0.778,0.032,8,49.05,18.81,245.0,0.32
Punjab,Ludhiana,30.9824,76.1251,7.6,0.88,12.37,25.92,39.02,16.45,25.05,14.86,45.1,848.1,0.778,0.032,8,49.05,18.81,249.0,0.13
Punjab,Mansa,30.0791,75.615,7.97,0.79,7.75,28.11,38.31,16.68,25.79,14.73,40.74,508.1,0.765,0.033,8,49.76,18.11,223.0,0.0
Punjab,Mansa,29.9481,75.4559,8.11,0.82,6.76,22.9,45.64,13.69,25.79,14.73,40.74,508.1,0.765,0.033,8,49.76,17.89,218.0,0.05
Punjab,Mansa,29.6564,75.2911,7.91,0.88,7.76,23.0,47.45,13.02,26.37,15.34,38.2,423.5,0.758,0.034,8,48.84,17.89,215.0,0.13
Punjab,Mansa,30.0728,75.2658,8.18,1.14,8.12,22.85,46.06,12.52,26.17,15.0,39.16,446.0,0.76,0.035,8,49.54,18.11,216.0,0.13
Punjab,Mansa,29.9537,75.2729,7.97,0.82,6.8,20.53,46.63,11.39,26.17,15.0,39.16,446.0,0.76,0.035,8,49.54,17.89,213.0,0.08
Punjab,Moga,30.7749,75.3607,7.98,0.72,8.89,26.22,35.28,17.89,25.33,14.29,43.43,660.0,0.772,0.035,8,49.99,18.11,233.0,0.18
Punjab,Moga,30.5565,75.2558,7.86,0.81,8.71,25.77,41.09,16.09,25.94,14.66,40.02,490.5,0.76,0.038,8,50.12,18.11,221.0,0.08
Punjab,Moga,30.7526,75.1573,7.96,0.78,10.32,27.32,39.14,17.64,25.73,14.43,41.16,565.1,0.761,0.04,8,50.43,18.11,221.0,0.08
Punjab,Moga,30.5788,75.2629,7.88,0.88,10.73,26.01,40.2,16.8,25.94,14.66,40.02,490.5,0.76,0.038,8,50.12,18.11,220.0,0.05
Punjab,Moga,30.8075,75.1083,8.01,0.76,9.68,29.62,39.01,16.12,25.73,14.43,41.16,565.1,0.761,0.04,8,50.43,18.11,221.0,0.06
Punjab,Muktsar,30.0402,74.6696,7.9,0.81,7.12,23.2,45.55,11.49,26.59,15.26,36.98,382.0,0.744,0.049,8,49.61,18.38,198.0,0.12
Punjab,Muktsar,30.3595,74.3998,7.85,0.81,8.46,25.67,44.48,15.82,26.39,14.94,37.91,421.7,0.744,0.048,8,49.94,18.38,195.0,0.08
Punjab,Muktsar,29.9922,74.5588,7.88,0.85,7.42,27.65,45.17,13.56,26.59,15.26,36.98,382.0,0.744,0.049,8,49.61,18.19,194.0,0.31
Punjab,Muktsar,30.0615,74.6873,7.91,0.85,7.67,23.62,45.0,12.32,26.59,15.26,36.98,382.0,0.744,0.049,8,49.61,18.38,200.0,0.24
Punjab,Muktsar,30.0964,74.6671,7.95,0.83,7.27,22.22,45.37,12.02,26.59,15.26,36.98,382.0,0.744,0.049,8,49.61,18.38,199.0,0.12
Punjab,Nawan Shehar,31.1728,75.8596,7.79,0.85,10.74,26.34,42.2,18.04,25.33,14.29,43.43,660.0,0.772,0.035,8,49.99,17.43,248.0,0.06
Punjab,Nawan Shehar,31.243,76.012,7.55,1.27,12.39,26.56,40.86,14.34,25.05,14.86,45.1,848.1,0.778,0.032,8,49.05,18.05,249.0,0.05
Punjab,Nawan Shehar,30.9824,76.3455,7.35,0.95,13.35,29.72,37.54,16.84,25.05,14.86,45.1,848.1,0.778,0.032,8,49.05,18.81,255.0,0.24
Punjab,Nawan Shehar,31.0074,76.2248,7.67,0.95,14.52,28.53,36.91,15.91,25.05,14.86,45.1,848.1,0.778,0.032,8,49.05,18.05,251.0,0.2
Punjab,Nawan Shehar,31.166,76.0871,7.71,1.14,11.69,26.83,45.74,15.39,25.05,14.86,45.1,848.1,0.778,0.032,8,49.05,18.05,253.0,0.13
Punjab,Rupnagar,30.7244,76.5874,7.28,1.14,12.37,25.79,37.32,13.0,24.16,14.72,47.72,1053.0,0.806,0.027,8,47.93,18.81,291.0,0.13
Punjab,Rupnagar,30.9263,76.4528,7.39,1.21,11.8,27.21,38.72,16.34,25.05,14.86,45.1,848.1,0.778,0.032,8,49.05,18.81,265.0,0.1
Punjab,Rupnagar,30.7431,76.5538,7.25,1.24,12.84,27.58,38.54,14.59,25.21,14.61,44.61,732.5,0.781,0.031,8,49.68,18.81,287.0,0.1
Punjab,Rupnagar,31.1945,76.5414,7.23,1.66,15.4,26.64,38.88,14.55,25.05,14.86,45.1,848.1,0.778,0.032,8,49.05,18.05,286.0,0.0
Punjab,Rupnagar,31.3132,76.4407,6.89,1.68,14.74,23.62,36.16,14.8,24.13,14.49,46.22,976.9,0.773,0.035,8,47.3,18.05,338.0,3.46
Punjab,Patiala,30.434,76.622,7.66,1.15,10.74,29.97,33.94,15.77,24.16,14.72,47.72,1053.0,0.806,0.027,8,47.93,18.81,267.0,0.05
Punjab,Patiala,30.3126,76.4579,7.92,0.91,9.11,27.82,30.72,14.28,25.21,14.61,44.61,732.5,0.781,0.031,8,49.68,18.81,253.0,0.0
Punjab,Patiala,30.2659,76.2591,7.99,1.1,9.03,38.81,23.37,19.43,25.21,14.61,44.61,732.5,0.781,0.031,8,49.68,18.81,246.0,0.08
Punjab,Patiala,30.4547,76.7431,7.54,1.08,13.35,28.21,35.85,14.48,24.16,14.72,47.72,1053.0,0.806,0.027,8,47.93,18.81,272.0,0.05
Punjab,Patiala,30.3907,76.6069,7.73,1.06,10.98,32.36,31.01,18.59,24.16,14.72,47.72,1053.0,0.806,0.027,8,47.93,18.81,263.0,0.0
Rajasthan,Ajmer,26.5006,74.73,7.53,0.85,6.24,26.45,32.52,20.17,25.59,16.55,41.58,513.9,0.878,0.035,8,47.16,19.84,475.0,0.47
Rajasthan,Ajmer,25.7888,75.2511,7.32,1.23,10.34,28.21,40.64,19.42,25.8,17.03,42.48,559.4,0.896,0.033,8,47.39,19.54,368.0,9.64
Rajasthan,Ajmer,26.0876,75.0344,7.44,0.82,8.72,18.22,25.0,22.29,25.8,17.03,42.48,559.4,0.896,0.033,8,47.39,19.57,347.0,0.08
Rajasthan,Ajmer,25.7398,75.2309,7.43,0.87,5.95,23.39,35.11,20.55,25.8,17.39,43.74,638.6,0.914,0.03,8,47.45,19.54,330.0,0.36
Rajasthan,Ajmer,26.4434,74.6597,7.6,1.04,6.83,30.42,37.22,18.78,25.69,16.74,40.9,462.2,0.872,0.035,8,47.08,19.84,478.0,0.71
Punjab,Sangrur,30.1309,75.8628,7.95,0.95,9.44,29.3,37.97,18.46,25.79,14.73,40.74,508.1,0.765,0.033,8,49.76,18.11,237.0,0.06
Punjab,Sangrur,30.1036,75.9892,8.08,1.1,9.83,30.1,33.93,18.17,25.37,14.6,43.48,638.8,0.779,0.031,8,49.68,18.11,234.0,0.05
Punjab,Sangrur,30.4051,75.3104,7.85,0.84,9.03,28.04,37.8,17.36,25.94,14.66,40.02,490.5,0.76,0.038,8,50.12,18.11,222.0,0.0
Punjab,Sangrur,30.252,75.7232,7.93,0.99,10.22,25.95,38.37,18.24,25.52,14.38,41.99,565.8,0.769,0.033,8,49.96,18.11,232.0,0.0
Punjab,Sangrur,30.607,75.8469,7.94,0.89,9.89,32.87,30.32,19.5,25.52,14.38,41.99,565.8,0.769,0.033,8,49.96,18.11,245.0,0.0
Rajasthan,Alwar,27.38,76.798,7.52,0.97,7.49,22.22,50.75,17.59,26.22,16.3,41.86,579.8,0.834,0.04,8,48.44,17.99,232.0,0.12
Rajasthan,Alwar,27.7371,76.4077,7.26,0.74,7.76,24.74,44.74,20.93,25.38,15.82,41.84,557.8,0.84,0.036,8,47.08,17.99,358.0,0.87
Rajasthan,Alwar,27.5143,76.6685,7.72,0.77,6.37,26.85,42.06,16.52,26.22,16.3,41.86,579.8,0.834,0.04,8,48.44,17.99,257.0,0.16
Rajasthan,Alwar,27.5551,76.867,7.76,0.84,7.69,30.0,41.54,17.63,26.22,16.3,41.86,579.8,0.834,0.04,8,48.44,17.99,227.0,0.0
Rajasthan,Alwar,28.0919,76.7333,7.89,0.81,7.77,26.28,43.82,20.89,25.86,15.72,42.99,604.7,0.817,0.036,8,48.48,17.86,252.0,0.06
Rajasthan,Banswara,23.6853,74.3895,7.3,1.02,8.15,27.93,34.32,29.0,26.42,20.57,49.07,819.1,0.939,0.033,8,48.31,19.26,191.0,0.87
Rajasthan,Banswara,23.4824,74.5111,7.22,0.91,8.66,30.03,37.48,32.74,26.42,20.57,49.07,819.1,0.939,0.033,8,48.31,19.26,290.0,0.62
Rajasthan,Banswara,23.3899,74.1165,7.33,0.97,8.67,23.72,38.54,35.91,26.42,20.57,49.07,819.1,0.939,0.033,8,48.31,19.26,169.0,1.02
Rajasthan,Banswara,23.4888,74.2958,7.34,0.88,7.07,28.36,34.98,33.82,26.42,20.57,49.07,819.1,0.939,0.033,8,48.31,19.26,214.0,0.26
Rajasthan,Banswara,23.2375,74.636,7.38,0.82,7.68,34.51,26.4,41.22,26.12,20.84,51.08,882.6,0.939,0.035,8,47.58,19.26,425.0,1.02
Rajasthan,Baran,24.8863,76.5901,7.39,0.88,6.61,28.45,42.31,27.12,25.83,18.09,47.99,827.5,0.911,0.038,8,48.08,19.08,284.0,0.19
Rajasthan,Baran,24.5035,76.6363,7.13,0.91,7.86,28.54,40.61,29.85,25.82,18.54,49.0,913.5,0.916,0.037,8,48.19,19.08,423.0,1.89
Rajasthan,Baran,24.7717,76.5671,7.28,0.96,6.29,26.24,44.07,25.12,25.83,18.09,47.99,827.5,0.911,0.038,8,48.08,19.08,283.0,0.5
Rajasthan,Baran,25.0728,77.1097,7.14,0.76,6.52,30.15,38.96,29.31,25.83,18.09,47.99,827.5,0.911,0.038,8,48.08,18.99,447.0,0.52
Rajasthan,Baran,24.7492,76.8217,7.38,0.88,6.55,27.73,38.86,27.79,25.82,18.54,49.0,913.5,0.916,0.037,8,48.19,19.08,326.0,0.43
Rajasthan,Barmer,26.1431,71.9154,7.99,0.43,3.93,25.63,48.26,9.95,27.41,17.98,37.02,314.3,0.881,0.035,10,47.59,20.67,177.0,1.19
Rajasthan,Barmer,25.8304,71.5939,7.99,0.4,4.86,23.77,53.33,10.87,27.41,17.98,37.02,314.3,0.881,0.035,10,47.59,20.52,164.0,0.49
Rajasthan,Barmer,25.7633,71.429,7.8,0.43,4.84,21.49,58.14,10.99,27.26,17.95,37.0,295.5,0.869,0.043,10,47.15,20.52,171.0,0.18
Rajasthan,Barmer,25.7904,70.6076,8.06,0.51,4.23,27.13,49.24,11.7,27.66,18.42,36.77,261.5,0.855,0.055,10,47.59,20.66,142.0,0.78
Rajasthan,Barmer,25.4942,72.2785,7.54,0.85,7.74,26.64,47.64,21.22,27.06,18.59,40.65,426.3,0.918,0.024,9,48.01,20.56,227.0,0.33
Rajasthan,Bhilwara,25.6304,74.5296,7.56,0.85,6.36,22.92,24.44,24.47,25.26,17.07,43.33,567.2,0.914,0.03,8,46.44,19.73,433.0,0.13
Rajasthan,Bhilwara,25.1506,74.3235,7.42,0.77,6.49,36.88,36.92,35.63,25.38,17.57,44.47,645.0,0.928,0.028,8,46.94,19.73,476.0,0.19
Rajasthan,Bhilwara,25.4799,74.8488,7.43,0.87,6.27,28.11,31.12,21.6,25.8,17.39,43.74,638.6,0.914,0.03,8,47.45,19.73,388.0,0.08
Rajasthan,Bhilwara,25.6032,74.7973,7.57,0.89,5.67,23.67,33.64,21.5,25.8,17.39,43.74,638.6,0.914,0.03,8,47.45,19.73,399.0,0.16
Rajasthan,Bhilwara,25.4493,75.2947,7.32,0.94,6.52,28.99,37.74,20.04,25.8,17.39,43.74,638.6,0.914,0.03,8,47.45,19.54,350.0,1.01
Rajasthan,Bharatpur,27.474,77.3504,7.87,0.91,6.75,27.18,42.89,16.89,26.38,16.24,42.94,596.6,0.835,0.045,8,48.76,17.84,179.0,0.12
Rajasthan,Bharatpur,26.8077,77.4069,7.43,0.98,8.38,27.35,47.31,19.73,26.48,16.6,43.0,594.7,0.848,0.049,8,48.84,18.99,249.0,4.49
Rajasthan,Bharatpur,27.4655,77.2083,7.86,0.88,7.6,27.93,41.15,19.95,26.38,16.24,42.94,596.6,0.835,0.045,8,48.76,17.84,188.0,0.06
Rajasthan,Bharatpur,27.3959,77.2882,7.81,0.93,8.16,30.06,42.6,20.46,26.38,16.24,42.94,596.6,0.835,0.045,8,48.76,17.84,182.0,0.06
Rajasthan,Bharatpur,27.5878,77.2732,7.8,0.98,8.0,27.08,47.03,20.25,26.38,16.24,42.94,596.6,0.835,0.045,8,48.76,17.84,205.0,2.13
Rajasthan,Bundi,25.5814,75.4393,7.47,0.81,6.36,25.32,43.71,23.79,26.22,17.66,44.4,686.2,0.915,0.03,8,48.11,19.54,332.0,1.36
Rajasthan,Bundi,25.5456,75.4556,7.45,0.77,6.61,24.95,38.33,26.49,26.22,17.66,44.4,686.2,0.915,0.03,8,48.11,19.54,308.0,0.13
Rajasthan,Bundi,25.8575,76.0533,7.34,0.74,6.46,25.91,44.77,25.2,26.2,17.26,44.97,674.3,0.899,0.035,8,48.38,19.1,294.0,0.0
Rajasthan,Bundi,25.454,76.1728,7.46,1.12,7.72,27.73,42.2,16.68,26.49,17.99,45.51,738.2,0.909,0.034,8,48.6,19.1,215.0,0.76
Rajasthan,Bundi,25.3835,76.0994,7.45,1.05,7.82,28.48,39.0,22.68,26.49,17.99,45.51,738.2,0.909,0.034,8,48.6,19.1,236.0,0.15
Rajasthan,Bikaner,28.2321,73.1617,8.11,0.64,6.16,26.66,44.24,14.38,27.16,16.5,33.64,284.8,0.767,0.045,10,47.43,20.06,186.0,0.87
Rajasthan,Bikaner,27.7281,72.6271,8.1,0.54,3.84,23.56,54.39,11.9,27.34,16.85,33.75,280.4,0.8,0.041,10,47.7,20.48,213.0,0.18
Rajasthan,Bikaner,28.0541,73.4047,8.11,0.56,4.89,26.04,44.47,13.6,27.16,16.5,33.64,284.8,0.767,0.045,10,47.43,20.06,218.0,0.23
Rajasthan,Bikaner,27.6954,73.5087,7.95,0.42,5.06,22.8,55.63,18.75,26.58,16.43,36.06,352.3,0.811,0.035,10,46.96,20.25,290.0,0.19
Rajasthan,Bikaner,28.3429,73.1116,8.14,0.68,6.12,28.19,45.48,14.84,27.51,16.52,32.71,262.5,0.731,0.059,10,48.07,20.06,185.0,0.39
Rajasthan,Churu,28.6992,75.1017,7.96,0.76,5.69,20.01,66.5,14.53,26.49,15.95,36.72,429.4,0.784,0.031,8,47.17,19.19,225.0,0.08
Rajasthan,Churu,27.873,74.3801,7.96,0.66,5.04,26.36,49.22,19.74,26.46,16.14,36.25,402.6,0.804,0.033,8,46.9,19.7,308.0,0.43
Rajasthan,Churu,27.8093,74.7081,7.97,0.66,5.48,23.72,49.71,20.6,26.11,15.99,37.39,451.7,0.814,0.031,8,46.67,19.7,333.0,0.16
Rajasthan,Churu,28.775,75.3227,7.93,0.75,6.51,21.33,61.55,13.51,26.24,15.47,39.15,468.9,0.77,0.031,8,48.04,19.19,219.0,0.27
Rajasthan,Churu,28.1318,74.1251,8.07,0.61,5.44,22.15,54.97,18.21,26.46,16.14,36.25,402.6,0.804,0.033,8,46.9,19.58,277.0,1.0
Rajasthan,Chittaurgarh,24.6524,74.4976,7.33,0.84,6.51,39.26,34.44,39.15,25.57,18.4,46.25,706.7,0.935,0.028,8,47.53,19.44,443.0,1.17
Rajasthan,Chittaurgarh,25.0726,74.6944,7.31,0.85,6.33,29.46,35.82,28.84,25.46,17.49,45.94,721.4,0.926,0.028,8,47.06,19.73,404.0,0.42
Rajasthan,Chittaurgarh,24.8656,75.4412,7.21,0.83,6.4,32.87,39.24,26.59,25.77,17.66,46.67,760.6,0.924,0.029,8,47.32,19.22,449.0,0.48
Rajasthan,Chittaurgarh,25.091,74.8393,7.31,0.93,7.05,32.63,37.04,23.12,25.46,17.49,45.94,721.4,0.926,0.028,8,47.06,19.73,393.0,0.31
Rajasthan,Chittaurgarh,24.9247,75.1097,7.28,0.82,6.67,32.3,36.88,27.92,25.46,17.49,45.94,721.4,0.926,0.028,8,47.06,19.22,435.0,0.5
Rajasthan,Dausa,26.413,76.3837,7.54,0.89,8.07,24.5,46.89,19.58,26.12,16.96,43.36,620.9,0.883,0.037,8,48.19,19.19,253.0,0.31
Rajasthan,Dausa,27.0114,76.9653,7.53,0.74,6.75,28.22,48.39,18.41,26.37,16.72,42.04,586.0,0.853,0.044,8,48.66,17.99,229.0,0.12
Rajasthan,Dausa,26.7429,76.4305,7.24,0.91,8.55,25.31,50.68,18.93,26.12,16.96,43.36,620.9,0.883,0.037,8,48.19,19.19,379.0,0.64
Rajasthan,Dausa,26.9635,76.5863,7.59,0.81,7.01,25.2,49.24,16.78,26.37,16.72,42.04,586.0,0.853,0.044,8,48.66,19.19,279.0,0.16
Rajasthan,Dausa,27.0084,76.5637,7.54,0.85,6.7,25.91,50.53,16.05,26.37,16.72,42.04,586.0,0.853,0.044,8,48.66,17.99,282.0,0.92
Rajasthan,Dhaulpur,26.6643,77.8082,7.51,0.91,6.67,26.14,42.43,21.65,26.5,17.07,43.82,655.4,0.86,0.048,8,49.15,18.99,208.0,0.92
Rajasthan,Dhaulpur,26.6105,77.5795,7.62,0.89,8.28,28.63,39.94,21.5,26.5,17.07,43.82,655.4,0.86,0.048,8,49.15,18.99,211.0,0.35
Rajasthan,Dhaulpur,26.7022,77.9319,7.73,0.93,6.44,27.1,42.85,20.12,26.58,17.09,44.74,675.8,0.86,0.05,8,49.28,18.99,169.0,0.94
Rajasthan,Dhaulpur,26.8454,77.7007,7.92,0.91,6.62,28.4,42.99,22.5,26.48,16.6,43.0,594.7,0.848,0.049,8,48.84,18.99,180.0,0.0
Rajasthan,Dhaulpur,26.738,78.0316,7.82,0.93,6.39,26.97,42.32,19.43,26.58,17.09,44.74,675.8,0.86,0.05,8,49.28,18.17,167.0,0.7
Rajasthan,Dungarpur,23.6847,73.856,7.32,1.03,8.7,23.47,41.95,31.69,26.76,20.66,48.1,768.4,0.954,0.022,8,48.39,19.58,219.0,1.11
Rajasthan,Dungarpur,23.7913,73.5536,7.33,1.16,7.54,31.41,36.19,33.67,26.0,19.55,46.74,701.3,0.951,0.021,8,47.75,19.58,324.0,1.06
Rajasthan,Dungarpur,23.5837,73.8531,7.36,0.94,7.51,26.31,41.84,29.1,26.76,20.66,48.1,768.4,0.954,0.022,8,48.39,19.58,240.0,0.72
Rajasthan,Dungarpur,23.8589,73.8089,7.34,1.04,8.31,29.87,37.45,30.01,26.0,19.55,46.74,701.3,0.951,0.021,8,47.75,19.58,262.0,0.52
Rajasthan,Dungarpur,23.7138,73.5384,7.34,1.25,14.29,29.91,37.79,29.06,26.76,20.66,48.1,768.4,0.954,0.022,8,48.39,19.58,320.0,4.84
Rajasthan,Ganganagar,29.8131,73.5651,7.94,0.7,5.83,24.1,50.61,19.64,27.04,15.46,34.54,303.2,0.695,0.089,9,49.69,18.59,170.0,0.12
Rajasthan,Ganganagar,29.1071,73.8913,8.04,0.74,4.67,23.13,56.56,17.81,27.25,16.11,33.33,287.4,0.724,0.067,10,48.31,18.59,190.0,1.87
Rajasthan,Ganganagar,29.8636,73.7826,7.79,0.78,6.46,24.29,48.38,18.74,27.04,15.46,34.54,303.2,0.695,0.089,9,49.69,18.59,172.0,0.08
Rajasthan,Ganganagar,29.026,73.4092,8.12,0.72,4.85,23.92,56.63,14.18,27.5,16.22,32.64,243.1,0.686,0.086,11,48.87,18.59,169.0,0.31
Rajasthan,Ganganagar,28.9473,73.0785,7.9,0.72,5.56,22.34,54.99,13.02,27.5,16.22,32.64,243.1,0.686,0.086,11,48.87,20.06,152.0,0.17
Rajasthan,Hanumangarh,29.0951,74.8257,8.12,0.69,4.24,21.23,65.79,13.6,26.55,15.68,37.06,417.6,0.764,0.032,8,47.77,18.19,198.0,0.59
Rajasthan,Hanumangarh,28.9558,74.3559,8.19,0.64,4.42,20.77,59.1,14.78,26.9,15.92,35.1,361.0,0.755,0.041,8,48.01,19.58,191.0,0.98
Rajasthan,Hanumangarh,29.0282,74.5181,8.08,0.71,4.52,20.97,61.31,13.58,26.9,15.92,35.1,361.0,0.755,0.041,8,48.01,18.19,186.0,0.26
Rajasthan,Hanumangarh,29.7149,74.5362,7.86,0.8,6.81,24.26,53.59,14.68,26.8,15.62,35.81,362.9,0.746,0.047,8,48.69,18.19,188.0,0.12
Rajasthan,Hanumangarh,29.4396,74.4707,7.89,0.8,5.82,22.65,55.39,11.26,26.8,15.62,35.81,362.9,0.746,0.047,8,48.69,18.19,191.0,0.06
Rajasthan,Jaipur,27.3673,75.981,7.61,0.84,7.1,26.16,45.59,26.13,25.38,15.82,41.84,557.8,0.84,0.036,8,47.08,19.31,436.0,0.43
Rajasthan,Jaipur,26.6663,75.9782,7.62,0.8,7.15,23.24,51.9,14.91,26.12,16.96,43.36,620.9,0.883,0.037,8,48.19,19.57,310.0,0.08
Rajasthan,Jaipur,26.6146,75.776,7.45,0.74,6.13,22.61,49.72,16.44,25.99,16.86,42.12,560.9,0.885,0.034,8,47.69,19.57,311.0,0.12
Rajasthan,Jaipur,26.9704,75.5475,7.56,0.81,6.85,27.5,42.38,17.69,25.58,16.29,40.94,524.5,0.867,0.034,8,46.92,19.57,398.0,0.26
Rajasthan,Jaipur,26.8617,75.9622,7.57,0.78,7.08,19.54,59.55,13.41,25.78,16.44,42.19,578.1,0.864,0.037,8,47.63,19.57,354.0,0.21
Rajasthan,Jaisalmer,27.5624,71.5797,8.05,0.43,3.18,14.31,74.14,8.47,27.66,17.03,32.95,255.0,0.794,0.048,10,48.05,20.39,145.0,0.83
Rajasthan,Jaisalmer,26.8197,70.6316,8.0,0.44,3.37,23.83,57.79,8.24,27.6,17.44,34.23,233.7,0.809,0.05,10,47.92,20.76,200.0,0.28
Rajasthan,Jaisalmer,27.9834,70.3737,8.17,0.49,3.84,24.28,46.6,11.42,28.2,16.98,31.11,179.1,0.711,0.058,12,50.59,20.48,106.0,0.69
Rajasthan,Jaisalmer,26.7046,71.4914,8.0,0.34,3.58,25.08,55.41,8.56,27.0,17.35,36.12,285.3,0.849,0.044,10,47.05,20.67,306.0,0.42
Rajasthan,Jaisalmer,27.3986,71.5828,8.03,0.42,3.35,16.64,71.21,7.01,27.66,17.03,32.95,255.0,0.794,0.048,10,48.05,20.39,172.0,0.35
Rajasthan,Jalor,25.3159,72.1998,7.71,0.92,7.01,22.74,48.51,23.19,27.06,18.59,40.65,426.3,0.918,0.024,9,48.01,20.56,109.0,0.38
Rajasthan,Jalor,24.855,72.2802,7.55,0.99,6.67,20.44,42.17,23.72,26.51,18.9,43.11,536.9,0.939,0.021,8,47.28,19.87,215.0,0.5
Rajasthan,Jalor,25.0405,71.7644,7.74,1.11,8.4,20.7,50.23,20.46,27.63,19.4,40.57,427.0,0.926,0.03,9,47.95,20.52,41.0,0.38
Rajasthan,Jalor,24.9515,71.8343,7.57,0.99,8.29,21.92,47.94,22.48,27.63,19.4,40.57,427.0,0.926,0.03,9,47.95,20.18,49.0,0.19
Rajasthan,Jalor,25.4171,72.0688,7.8,0.83,6.96,20.02,50.65,21.28,27.66,18.67,38.53,347.6,0.902,0.034,9,47.88,20.56,95.0,0.29
Rajasthan,Jhalawar,24.265,76.5238,7.41,1.0,7.05,29.32,36.72,27.1,26.05,18.53,48.37,856.2,0.919,0.035,8,48.04,19.08,322.0,0.29
Rajasthan,Jhalawar,24.2536,75.8778,7.3,0.89,6.68,32.17,34.98,29.65,25.7,18.22,48.78,802.0,0.928,0.03,8,47.07,19.22,376.0,0.37
Rajasthan,Jhalawar,24.628,76.1719,7.27,0.82,6.63,32.15,42.23,22.28,26.05,18.53,48.37,856.2,0.919,0.035,8,48.04,19.08,307.0,0.58
Rajasthan,Jhalawar,24.2703,76.8301,7.37,0.92,7.03,29.93,33.65,27.23,25.82,18.54,49.0,913.5,0.916,0.037,8,48.19,19.08,360.0,0.23
Rajasthan,Jhalawar,24.4966,76.3127,7.27,0.79,6.81,25.96,37.86,27.87,26.05,18.53,48.37,856.2,0.919,0.035,8,48.04,19.08,317.0,0.27
Rajasthan,Jhunjhunun,28.0316,75.4649,7.69,0.68,6.47,24.63,46.64,21.33,25.76,15.77,38.82,486.7,0.814,0.032,8,46.73,19.19,357.0,0.35
Rajasthan,Jhunjhunun,28.1452,75.1235,7.79,0.71,6.19,26.49,45.62,19.44,26.11,15.99,37.39,451.7,0.814,0.031,8,46.67,19.19,318.0,0.12
Rajasthan,Jhunjhunun,28.1357,75.9912,7.72,0.78,9.26,26.87,48.18,21.8,25.73,15.71,41.21,548.9,0.814,0.034,8,47.9,19.19,307.0,0.28
Rajasthan,Jhunjhunun,28.0739,75.3236,7.62,0.71,6.06,27.78,42.76,22.95,25.76,15.77,38.82,486.7,0.814,0.032,8,46.73,19.19,337.0,0.13
Rajasthan,Jhunjhunun,27.865,75.503,7.55,0.68,5.91,26.66,46.84,25.14,25.76,15.77,38.82,486.7,0.814,0.032,8,46.73,19.31,431.0,0.15
Rajasthan,Jodhpur,26.8057,72.4249,7.9,0.38,3.84,23.86,55.35,11.78,26.95,16.89,35.32,301.7,0.838,0.033,10,47.18,20.77,278.0,0.48
Rajasthan,Jodhpur,26.1942,73.3126,7.46,0.82,5.47,21.48,55.8,9.49,26.74,17.95,40.11,394.1,0.898,0.023,9,48.11,20.38,220.0,0.0
Rajasthan,Jodhpur,27.1304,73.0709,7.86,0.45,4.85,25.02,53.65,16.75,26.59,16.68,36.37,326.4,0.838,0.032,10,47.06,20.25,280.0,0.1
Rajasthan,Jodhpur,26.5511,73.6623,7.65,0.7,5.05,23.08,52.29,13.24,26.19,17.1,39.77,396.4,0.871,0.029,9,47.51,20.38,316.0,0.82
Rajasthan,Jodhpur,26.7809,72.3378,7.95,0.39,4.09,25.57,53.49,11.22,26.95,16.89,35.32,301.7,0.838,0.033,10,47.18,20.77,287.0,0.28
Rajasthan,Karauli,26.4302,77.2704,7.2,0.88,8.21,27.53,46.39,23.64,26.5,17.07,43.82,655.4,0.86,0.048,8,49.15,18.99,304.0,1.76
Rajasthan,Karauli,26.3776,76.6861,7.42,0.98,8.75,23.48,48.0,21.01,26.16,16.91,43.84,620.3,0.87,0.043,8,48.47,19.19,269.0,1.45
Rajasthan,Karauli,26.8794,76.9131,7.42,0.84,6.17,26.0,50.92,21.41,26.37,16.72,42.04,586.0,0.853,0.044,8,48.66,19.19,229.0,0.1
Rajasthan,Karauli,26.357,76.7308,7.29,1.27,11.12,23.4,50.56,18.61,26.16,16.91,43.84,620.3,0.87,0.043,8,48.47,19.19,376.0,2.59
Rajasthan,Karauli,26.5919,76.9916,7.45,0.77,5.78,26.75,49.71,16.85,26.16,16.91,43.84,620.3,0.87,0.043,8,48.47,19.19,260.0,0.65
Rajasthan,Kota,25.5944,76.4545,7.44,1.06,7.0,27.05,41.67,20.93,26.49,17.99,45.51,738.2,0.909,0.034,8,48.6,19.1,219.0,0.46
Rajasthan,Kota,25.4023,76.3267,7.42,1.12,12.12,26.05,41.77,16.66,26.49,17.99,45.51,738.2,0.909,0.034,8,48.6,19.1,221.0,1.97
Rajasthan,Kota,25.0001,75.9367,7.24,0.77,6.81,29.75,43.83,20.19,25.77,17.66,46.67,760.6,0.924,0.029,8,47.32,19.54,335.0,0.53
Rajasthan,Kota,24.8836,75.7978,7.15,1.24,11.98,31.41,41.39,23.46,25.77,17.66,46.67,760.6,0.924,0.029,8,47.32,19.22,370.0,4.13
Rajasthan,Kota,25.1531,76.1958,7.18,0.97,6.45,29.1,35.58,19.81,26.28,18.2,46.91,808.3,0.917,0.033,8,48.32,19.1,250.0,0.12
Rajasthan,Nagaur,27.3297,73.6443,7.76,0.51,4.2,27.03,53.34,19.4,26.58,16.43,36.06,352.3,0.811,0.035,10,46.96,20.25,286.0,0.28
Rajasthan,Nagaur,27.5747,74.5772,7.88,0.56,4.69,24.9,55.68,19.71,26.23,16.32,37.43,425.7,0.83,0.034,8,46.73,19.7,329.0,0.39
Rajasthan,Nagaur,26.953,74.473,7.75,0.67,4.74,24.86,49.63,14.77,25.94,16.49,39.1,442.9,0.853,0.035,8,46.88,19.84,363.0,0.15
Rajasthan,Nagaur,27.2271,73.6247,7.75,0.44,4.79,26.48,54.9,18.6,26.24,16.6,38.1,373.1,0.841,0.032,10,47.12,20.25,290.0,0.46
Rajasthan,Nagaur,26.9163,74.0445,7.63,0.55,4.84,26.47,55.11,13.9,26.24,16.6,38.1,373.1,0.841,0.032,10,47.12,19.84,314.0,0.13
Rajasthan,Pali,25.0828,73.3523,7.49,1.09,8.86,29.65,37.45,30.12,25.79,18.6,43.59,571.8,0.943,0.019,8,46.84,20.17,392.0,1.39
Rajasthan,Pali,25.9251,74.0702,7.68,1.12,8.63,27.37,39.34,22.11,25.39,16.86,42.24,499.8,0.892,0.033,8,46.86,19.73,469.0,1.3
Rajasthan,Pali,26.0544,73.44,7.65,1.01,5.61,22.91,53.91,10.62,26.21,17.74,40.89,433.7,0.896,0.026,8,47.45,20.38,228.0,0.13
Rajasthan,Pali,25.4217,73.6277,7.34,0.75,6.44,30.27,37.67,29.39,25.47,17.59,42.55,492.6,0.92,0.024,8,46.37,20.17,336.0,0.23
Rajasthan,Pali,25.8079,73.8677,7.8,0.96,6.1,22.68,41.9,9.57,26.21,17.74,40.89,433.7,0.896,0.026,8,47.45,20.17,337.0,0.28
Rajasthan,Rajsamand,24.765,73.6783,7.21,0.99,12.16,36.57,36.51,40.6,24.48,17.09,44.83,571.5,0.937,0.022,8,45.39,19.6,697.0,0.88
Rajasthan,Rajsamand,25.1257,74.082,7.4,0.71,6.42,34.32,37.6,35.96,25.38,17.57,44.47,645.0,0.928,0.028,8,46.94,19.73,512.0,0.21
Rajasthan,Rajsamand,25.019,73.7747,7.37,0.86,6.64,35.13,36.37,39.42,24.48,17.09,44.83,571.5,0.937,0.022,8,45.39,20.17,605.0,1.05
Rajasthan,Rajsamand,25.0125,73.6858,7.3,0.98,8.43,38.07,36.07,39.15,24.48,17.09,44.83,571.5,0.937,0.022,8,45.39,20.17,697.0,1.87
Rajasthan,Rajsamand,25.5859,73.9461,7.4,0.82,6.59,32.29,38.56,27.57,25.47,17.59,42.55,492.6,0.92,0.024,8,46.37,20.17,636.0,0.31
Rajasthan,Sawai Madhopur,25.9115,76.6062,7.46,0.98,6.71,26.77,40.38,21.5,26.32,17.54,44.47,668.7,0.885,0.041,8,48.56,19.1,219.0,0.25
Rajasthan,Sawai Madhopur,26.2171,76.1637,7.47,0.91,8.06,27.69,43.94,22.9,26.2,17.26,44.97,674.3,0.899,0.035,8,48.38,19.19,253.0,0.21
Rajasthan,Sawai Madhopur,26.0738,76.6192,7.36,1.2,10.79,24.5,47.13,19.28,26.32,17.54,44.47,668.7,0.885,0.041,8,48.56,19.19,240.0,5.22
Rajasthan,Sawai Madhopur,26.3918,76.4197,7.52,0.9,8.2,23.85,44.58,21.26,26.12,16.96,43.36,620.9,0.883,0.037,8,48.19,19.19,247.0,0.31
Rajasthan,Sawai Madhopur,26.162,76.5732,7.26,1.09,11.07,26.39,48.85,19.8,26.32,17.54,44.47,668.7,0.885,0.041,8,48.56,19.19,314.0,5.12
Rajasthan,Sikar,27.3549,74.9234,7.63,0.66,5.76,30.16,41.41,24.22,25.69,16.0,38.76,470.3,0.842,0.033,8,46.3,19.7,421.0,0.31
Rajasthan,Sikar,27.7872,75.8133,7.23,0.71,7.95,26.01,48.11,28.12,25.76,15.77,38.82,486.7,0.814,0.032,8,46.73,19.31,424.0,0.99
Rajasthan,Sikar,27.9965,74.9135,7.86,0.67,5.53,24.62,46.76,19.64,26.11,15.99,37.39,451.7,0.814,0.031,8,46.67,19.7,325.0,0.58
Rajasthan,Sikar,27.7174,75.1455,7.52,0.66,6.51,24.73,47.87,24.14,25.69,16.0,38.76,470.3,0.842,0.033,8,46.3,19.31,408.0,0.41
Rajasthan,Sikar,28.1831,74.9781,7.83,0.69,5.71,21.77,47.37,20.04,26.11,15.99,37.39,451.7,0.814,0.031,8,46.67,19.58,301.0,0.0
Rajasthan,Sirohi,24.5805,72.9763,7.31,1.15,8.45,24.42,39.87,31.53,25.55,19.08,45.45,682.9,0.955,0.017,8,46.45,19.87,346.0,1.76
Rajasthan,Sirohi,25.0048,72.9599,7.3,1.01,12.28,28.37,40.13,32.09,25.79,18.6,43.59,571.8,0.943,0.019,8,46.84,20.56,332.0,9.3
Rajasthan,Sirohi,25.0496,73.1209,7.32,0.89,8.22,29.46,41.72,28.76,25.79,18.6,43.59,571.8,0.943,0.019,8,46.84,20.17,331.0,2.12
Rajasthan,Sirohi,24.9319,72.8538,7.42,1.04,7.96,24.71,40.72,27.85,25.79,18.6,43.59,571.8,0.943,0.019,8,46.84,19.87,271.0,0.35
Rajasthan,Sirohi,24.9265,72.9848,7.35,0.93,7.29,28.65,38.49,30.06,25.79,18.6,43.59,571.8,0.943,0.019,8,46.84,19.87,370.0,1.69
Rajasthan,Tonk,25.9642,76.1059,7.44,0.91,6.74,25.38,43.98,24.8,26.2,17.26,44.97,674.3,0.899,0.035,8,48.38,19.1,283.0,0.29
Rajasthan,Tonk,26.2936,75.1328,7.44,0.77,6.71,21.51,35.48,18.41,25.59,16.55,41.58,513.9,0.878,0.035,8,47.16,19.57,369.0,0.54
Rajasthan,Tonk,25.948,75.9418,7.41,0.9,7.35,25.32,40.35,23.13,26.2,17.26,44.97,674.3,0.899,0.035,8,48.38,19.54,282.0,0.28
Rajasthan,Tonk,25.9259,75.3139,7.43,0.9,6.75,21.89,32.07,20.93,26.09,17.16,43.45,611.2,0.901,0.032,8,47.99,19.54,334.0,0.35
Rajasthan,Tonk,26.3614,75.882,7.45,0.86,7.48,23.28,50.69,20.41,25.99,16.86,42.12,560.9,0.885,0.034,8,47.69,19.57,328.0,0.63
Rajasthan,Udaipur,24.0629,73.8105,7.32,1.32,11.16,32.07,37.46,32.38,26.0,19.55,46.74,701.3,0.951,0.021,8,47.75,19.6,291.0,4.36
Rajasthan,Udaipur,24.6411,74.0751,7.47,0.87,8.67,33.07,33.93,37.14,25.57,18.4,46.25,706.7,0.935,0.028,8,47.53,19.44,489.0,0.66
Rajasthan,Udaipur,24.8196,73.3517,7.25,1.16,11.52,37.77,36.07,39.62,25.79,18.6,43.59,571.8,0.943,0.019,8,46.84,19.6,733.0,3.65
Rajasthan,Udaipur,24.1934,74.1343,7.31,1.11,11.86,33.26,34.53,36.39,26.25,19.8,47.36,758.0,0.937,0.03,8,48.23,19.44,461.0,7.16
Rajasthan,Udaipur,24.6109,73.433,7.35,1.3,13.1,35.71,36.55,38.18,25.55,19.08,45.45,682.9,0.955,0.017,8,46.45,19.6,653.0,5.31
Sikkim,East,27.2885,88.4721,5.31,8.93,30.7,28.87,33.4,21.04,7.45,0.96,73.79,1092.0,0.755,0.049,6,22.33,14.65,1747.0,23.15
Sikkim,East,27.2214,88.6141,5.17,6.36,26.02,30.3,35.14,17.88,18.76,12.57,69.37,1705.1,0.773,0.053,5,33.36,14.65,914.0,10.47
Sikkim,East,27.3648,88.8408,6.52,2.66,55.1,18.47,47.23,25.74,7.45,0.96,73.79,1092.0,0.755,0.049,6,22.33,14.65,3859.0,15.78
Sikkim,East,27.3947,88.6948,5.94,3.75,51.18,29.52,37.73,22.35,7.45,0.96,73.79,1092.0,0.755,0.049,6,22.33,14.65,3126.0,31.95
Sikkim,East,27.1827,88.6547,5.33,11.25,25.87,30.39,36.52,19.05,18.76,12.57,69.37,1705.1,0.773,0.053,5,33.36,14.65,1435.0,12.5
Sikkim,North Sikkim,27.9696,88.5158,6.93,2.24,23.02,12.9,59.1,27.07,-0.06,-7.68,69.6,633.0,0.75,0.046,7,18.26,14.65,5041.0,23.91
Sikkim,North Sikkim,27.9039,88.5613,6.6,2.88,40.26,13.89,53.33,28.22,-0.06,-7.68,69.6,633.0,0.75,0.046,7,18.26,14.65,4382.0,17.9
Sikkim,North Sikkim,27.865,88.6732,6.79,2.18,30.78,13.78,56.56,26.11,-0.06,-7.68,69.6,633.0,0.75,0.046,7,18.26,14.65,4673.0,28.17
Sikkim,North Sikkim,27.4755,88.7297,6.25,3.18,51.19,19.91,43.67,21.97,7.45,0.96,73.79,1092.0,0.755,0.049,6,22.33,14.65,3819.0,22.69
Sikkim,North Sikkim,27.8928,88.4583,6.85,2.53,24.6,15.01,54.1,28.1,-0.06,-7.68,69.6,633.0,0.75,0.046,7,18.26,14.65,5227.0,22.06
Sikkim,South Sikkim,27.2099,88.4162,5.31,9.73,51.52,29.15,37.49,23.68,18.42,12.38,67.07,1544.8,0.785,0.05,5,33.23,14.65,2269.0,20.04
Sikkim,South Sikkim,27.1833,88.4375,5.26,5.94,34.06,28.77,36.64,19.36,18.76,12.57,69.37,1705.1,0.773,0.053,5,33.36,14.65,1210.0,33.06
Sikkim,South Sikkim,27.2573,88.3339,5.37,6.75,23.7,28.04,34.49,19.36,5.32,-1.4,74.43,1097.7,0.77,0.047,6,18.89,14.65,1229.0,22.73
Sikkim,South Sikkim,27.2212,88.4302,5.26,7.83,32.08,29.3,36.95,20.72,18.42,12.38,67.07,1544.8,0.785,0.05,5,33.23,14.65,1471.0,19.19
Sikkim,South Sikkim,27.2215,88.3418,5.4,5.97,27.89,27.6,34.29,17.88,18.42,12.38,67.07,1544.8,0.785,0.05,5,33.23,14.65,1356.0,40.39
Sikkim,West Sikkim,27.3529,88.2216,5.44,5.21,34.15,26.36,35.94,19.18,5.32,-1.4,74.43,1097.7,0.77,0.047,6,18.89,14.65,1284.0,30.68
Sikkim,West Sikkim,27.3642,88.1165,5.38,6.65,50.53,23.6,43.08,23.42,5.32,-1.4,74.43,1097.7,0.77,0.047,6,18.89,14.65,2226.0,12.24
Sikkim,West Sikkim,27.3958,88.1092,5.56,3.96,51.27,20.66,45.02,22.56,5.32,-1.4,74.43,1097.7,0.77,0.047,6,18.89,14.65,2915.0,8.61
Sikkim,West Sikkim,27.584,88.1239,7.02,2.82,32.3,15.47,58.06,23.44,5.32,-1.4,74.43,1097.7,0.77,0.047,6,18.89,14.65,5777.0,35.79
Sikkim,West Sikkim,27.1719,88.2166,5.24,6.02,28.32,26.88,36.04,19.66,18.42,12.38,67.07,1544.8,0.785,0.05,5,33.23,14.65,1410.0,25.46
Tamil Nadu,Ariyalur,11.3099,79.1909,7.11,1.57,15.74,35.44,35.44,26.42,28.12,24.74,70.55,1044.5,0.317,0.543,5,42.9,19.44,65.0,0.67
Tamil Nadu,Ariyalur,11.1976,79.2099,7.07,1.7,16.65,37.31,32.17,29.96,28.22,24.94,70.7,1011.0,0.295,0.554,5,42.45,19.44,110.0,0.38
Tamil Nadu,Ariyalur,11.1275,79.1396,7.23,1.52,17.52,37.9,33.2,31.87,28.22,24.94,70.7,1011.0,0.295,0.554,5,42.45,19.44,77.0,0.78
Tamil Nadu,Ariyalur,11.2678,79.2499,7.26,1.85,18.55,37.32,32.48,26.75,28.12,24.74,70.55,1044.5,0.317,0.543,5,42.9,19.44,106.0,0.12
Tamil Nadu,Ariyalur,11.0416,79.2184,7.33,1.51,15.35,35.86,34.05,28.42,28.22,24.94,70.7,1011.0,0.295,0.554,5,42.45,19.44,39.0,0.51
Tamil Nadu,Coimbatore,10.4308,77.2765,6.68,1.39,18.49,31.75,43.31,23.33,25.28,23.16,70.33,855.9,0.386,0.401,5,40.7,19.42,332.0,1.88
Tamil Nadu,Coimbatore,10.6172,77.2273,7.19,1.15,12.59,29.09,45.98,23.53,25.28,23.16,70.33,855.9,0.386,0.401,5,40.7,19.42,358.0,0.32
Tamil Nadu,Coimbatore,11.1762,77.2307,7.46,1.25,16.3,30.82,42.93,25.72,27.13,24.85,66.12,708.9,0.364,0.423,6,43.2,19.74,346.0,0.48
Tamil Nadu,Coimbatore,10.3814,76.9743,5.27,3.86,34.48,34.32,34.37,15.92,24.2,23.27,78.77,1558.3,0.537,0.27,4,40.09,18.3,1196.0,9.0
Tamil Nadu,Coimbatore,11.1072,77.2777,7.37,1.11,19.17,31.03,40.46,26.96,27.13,24.85,66.12,708.9,0.364,0.423,6,43.2,19.74,308.0,0.19
Tamil Nadu,Chennai,13.0119,80.2342,6.43,2.23,22.5,33.25,37.63,25.1,27.95,24.7,72.39,1253.0,0.362,0.544,4,42.7,18.8,17.0,0.67
Tamil Nadu,Chennai,13.0077,80.1897,6.58,1.82,23.32,35.51,35.73,22.71,27.95,24.7,72.39,1253.0,0.362,0.544,4,42.7,18.8,21.0,0.96
Tamil Nadu,Chennai,12.9622,80.2106,6.75,2.0,29.03,38.1,30.77,27.25,27.95,24.7,72.39,1253.0,0.362,0.544,4,42.7,19.34,3.0,0.12
Tamil Nadu,Chennai,12.9721,80.2183,6.75,2.11,23.57,34.15,32.97,26.98,27.95,24.7,72.39,1253.0,0.362,0.544,4,42.7,19.34,8.0,0.16
Tamil Nadu,Chennai,12.9649,80.2442,6.67,1.71,30.0,32.99,33.23,25.13,27.95,24.7,72.39,1253.0,0.362,0.544,4,42.7,19.34,12.0,0.21
Tamil Nadu,Cuddalore,11.5448,79.653,6.79,1.68,34.7,37.45,27.87,27.81,28.12,24.74,70.55,1044.5,0.317,0.543,5,42.9,19.44,4.0,0.05
Tamil Nadu,Cuddalore,11.329,79.5959,6.55,1.7,21.88,33.36,31.99,27.34,28.12,24.74,70.55,1044.5,0.317,0.543,5,42.9,19.44,9.0,0.0
Tamil Nadu,Cuddalore,11.5839,79.1102,7.15,1.37,17.99,37.27,34.84,26.26,28.12,24.74,70.55,1044.5,0.317,0.543,5,42.9,19.44,67.0,0.05
Tamil Nadu,Cuddalore,11.4753,78.9541,7.24,1.41,14.68,35.53,34.14,30.46,26.84,23.66,69.32,873.4,0.377,0.449,5,43.87,19.59,108.0,0.28
Tamil Nadu,Cuddalore,11.5962,79.0891,7.1,1.34,15.12,35.04,37.49,28.2,28.12,24.74,70.55,1044.5,0.317,0.543,5,42.9,19.44,76.0,0.26
Tamil Nadu,Dharmapuri,11.9826,77.6981,6.5,1.74,21.51,33.45,37.49,29.95,24.88,22.67,67.69,795.9,0.445,0.33,4,42.08,19.74,400.0,2.58
Tamil Nadu,Dharmapuri,12.4697,77.9637,6.66,1.3,12.07,34.54,40.16,29.49,24.83,22.21,69.01,897.7,0.468,0.327,4,42.42,19.73,633.0,0.93
Tamil Nadu,Dharmapuri,12.2685,78.2049,6.95,1.34,15.27,31.98,36.74,31.46,24.83,22.21,69.01,897.7,0.468,0.327,4,42.42,19.58,452.0,0.15
Tamil Nadu,Dharmapuri,12.1446,78.3598,7.05,1.31,12.94,31.73,38.61,29.61,25.87,23.08,68.02,870.0,0.426,0.376,5,43.27,19.58,430.0,0.44
Tamil Nadu,Dharmapuri,12.4503,77.6407,6.45,1.51,17.21,34.67,39.56,25.29,24.45,22.34,68.11,833.3,0.495,0.275,4,41.69,19.73,886.0,3.92
Tamil Nadu,Dindigul,10.0743,78.1831,7.09,1.51,16.49,36.09,36.6,25.92,27.31,24.55,68.93,959.4,0.347,0.451,4,43.34,19.96,229.0,2.8
Tamil Nadu,Dindigul,10.3996,77.3359,6.15,2.55,34.97,32.97,41.1,21.88,25.28,23.16,70.33,855.9,0.386,0.401,5,40.7,19.42,1038.0,25.06
Tamil Nadu,Dindigul,10.2089,77.4414,5.34,3.8,57.5,33.93,34.07,21.25,23.77,21.78,74.08,1123.7,0.412,0.372,4,39.08,19.42,2429.0,9.39
Tamil Nadu,Dindigul,10.5262,77.5187,7.06,1.2,12.34,31.26,43.15,28.32,25.28,23.16,70.33,855.9,0.386,0.401,5,40.7,19.42,307.0,0.48
Tamil Nadu,Dindigul,10.4559,78.0767,7.33,1.43,15.77,30.9,41.26,29.94,27.28,24.44,67.9,824.5,0.349,0.456,5,43.04,19.96,269.0,0.38
Tamil Nadu,Erode,10.7463,77.3659,7.26,1.01,14.46,31.53,42.13,27.97,25.28,23.16,70.33,855.9,0.386,0.401,5,40.7,19.42,298.0,0.4
Tamil Nadu,Erode,11.5129,77.152,7.05,1.32,14.29,35.53,38.62,29.19,23.5,21.97,72.73,947.1,0.493,0.299,4,40.27,19.74,289.0,1.32
Tamil Nadu,Erode,10.8512,77.7749,7.5,1.09,22.23,32.72,39.05,31.67,27.13,24.85,66.12,708.9,0.364,0.423,6,43.2,19.42,201.0,0.23
Tamil Nadu,Erode,11.3183,77.2604,7.24,1.29,14.42,31.1,39.75,30.75,26.48,24.1,65.39,727.2,0.391,0.392,6,43.36,19.74,317.0,0.83
Tamil Nadu,Erode,11.3171,77.3754,7.33,1.2,16.24,29.32,35.7,27.62,26.48,24.1,65.39,727.2,0.391,0.392,6,43.36,19.74,340.0,0.33
Tamil Nadu,Kancheepuram,12.418,79.9207,6.79,1.69,19.73,32.65,36.03,24.59,27.98,24.99,73.73,1240.6,0.345,0.549,4,40.18,19.46,40.0,0.42
Tamil Nadu,Kancheepuram,12.6624,79.8712,7.05,1.54,20.63,38.0,36.47,24.85,27.98,24.99,73.73,1240.6,0.345,0.549,4,40.18,19.46,41.0,0.22
Tamil Nadu,Kancheepuram,12.8541,79.9233,6.93,1.76,24.6,36.07,36.98,23.73,27.95,24.7,72.39,1253.0,0.362,0.544,4,42.7,19.46,57.0,0.41
Tamil Nadu,Kancheepuram,12.4103,80.0041,6.82,1.59,23.42,33.46,32.71,25.78,27.98,24.99,73.73,1240.6,0.345,0.549,4,40.18,19.34,13.0,0.7
Tamil Nadu,Kancheepuram,12.4562,79.7378,6.83,1.42,18.91,34.91,34.96,23.99,27.98,24.99,73.73,1240.6,0.345,0.549,4,40.18,19.46,57.0,0.33
Tamil Nadu,Kanniyakumari,8.4213,77.3018,5.74,2.7,26.87,38.66,31.83,19.72,25.82,24.59,79.44,1293.0,0.363,0.408,3,39.75,18.93,76.0,0.37
Tamil Nadu,Kanniyakumari,8.4898,77.2128,5.61,3.21,26.67,34.38,36.86,17.72,25.82,24.59,79.44,1293.0,0.363,0.408,3,39.75,18.93,149.0,2.4
Tamil Nadu,Kanniyakumari,8.3473,77.306,5.71,2.89,26.18,36.5,33.56,18.79,25.82,24.59,79.44,1293.0,0.363,0.408,3,39.75,18.93,70.0,2.81
Tamil Nadu,Kanniyakumari,8.3764,77.1922,5.61,3.58,33.88,35.0,38.86,18.77,25.82,24.59,79.44,1293.0,0.363,0.408,3,39.75,18.93,65.0,1.17
Tamil Nadu,Kanniyakumari,8.2895,77.5012,5.63,2.84,33.15,36.84,35.15,15.63,25.82,24.59,79.44,1293.0,0.363,0.408,3,39.75,18.93,396.0,14.42
Tamil Nadu,Karur,10.7051,77.9191,7.53,1.19,23.84,32.31,40.59,32.96,27.28,24.44,67.9,824.5,0.349,0.456,5,43.04,19.42,207.0,0.21
Tamil Nadu,Karur,11.0663,78.0073,6.86,1.26,16.78,35.37,35.43,28.43,27.48,24.73,66.87,763.5,0.355,0.452,6,43.6,19.59,149.0,0.37
Tamil Nadu,Karur,10.8515,77.8503,7.18,1.25,14.98,34.49,38.79,29.32,27.48,24.73,66.87,763.5,0.355,0.452,6,43.6,19.42,176.0,0.53
Tamil Nadu,Karur,10.5669,78.1617,7.15,1.41,18.24,33.82,38.19,28.96,27.28,24.44,67.9,824.5,0.349,0.456,5,43.04,19.96,464.0,5.12
Tamil Nadu,Karur,10.7986,78.4544,7.51,1.12,11.88,34.97,38.03,30.5,27.64,24.52,68.62,829.1,0.346,0.482,5,43.99,19.96,126.0,0.05
Tamil Nadu,Madurai,9.8776,77.7073,6.98,1.94,18.47,32.68,41.14,25.7,23.77,21.78,74.08,1123.7,0.412,0.372,4,39.08,18.93,214.0,0.46
Tamil Nadu,Madurai,9.9784,78.1361,7.43,1.68,13.25,32.64,42.3,29.79,27.31,24.55,68.93,959.4,0.347,0.451,4,43.34,20.03,146.0,0.15
Tamil Nadu,Madurai,10.0109,78.1916,7.15,1.58,15.81,34.28,38.42,33.35,27.31,24.55,68.93,959.4,0.347,0.451,4,43.34,19.96,154.0,0.15
Tamil Nadu,Madurai,9.9736,77.9577,7.24,1.71,14.89,30.2,42.99,24.62,27.31,24.55,68.93,959.4,0.347,0.451,4,43.34,18.93,185.0,3.92
Tamil Nadu,Madurai,9.9519,77.9127,7.16,1.61,17.58,31.57,40.18,28.68,27.31,24.55,68.93,959.4,0.347,0.451,4,43.34,18.93,159.0,0.15
Tamil Nadu,Nagapattinam,10.3619,79.8726,6.67,3.78,44.93,32.69,31.23,28.98,28.28,26.19,76.34,1126.4,0.25,0.56,4,34.22,19.53,1.0,0.07
Tamil Nadu,Nagapattinam,10.6293,79.7276,6.49,2.58,36.2,34.05,32.88,23.17,28.28,26.19,76.34,1126.4,0.25,0.56,4,34.22,19.53,9.0,0.0
Tamil Nadu,Nagapattinam,10.8955,79.7021,6.75,2.13,30.0,35.24,32.67,23.51,28.28,25.96,75.24,1050.8,0.274,0.558,5,35.77,19.53,7.0,0.05
Tamil Nadu,Nagapattinam,10.7216,79.8184,6.83,2.61,33.59,33.06,29.68,24.54,28.28,26.19,76.34,1126.4,0.25,0.56,4,34.22,19.53,3.0,0.05
Tamil Nadu,Nagapattinam,11.0391,79.5502,6.72,2.27,26.87,34.46,30.75,24.26,28.22,24.94,70.7,1011.0,0.295,0.554,5,42.45,19.44,15.0,0.15
Tamil Nadu,Namakkal,11.3432,77.8147,7.14,1.09,12.26,31.73,35.38,32.26,26.99,24.17,66.66,802.5,0.384,0.422,6,43.74,19.74,195.0,0.53
Tamil Nadu,Namakkal,11.1724,77.8591,6.92,1.12,15.09,36.87,34.7,30.95,27.48,24.73,66.87,763.5,0.355,0.452,6,43.6,19.74,148.0,0.76
Tamil Nadu,Namakkal,11.0869,77.9271,6.86,1.18,15.87,38.76,32.66,29.14,27.48,24.73,66.87,763.5,0.355,0.452,6,43.6,19.74,141.0,0.16
Tamil Nadu,Namakkal,11.3518,78.1531,7.17,1.17,12.86,31.72,34.44,30.43,26.99,24.17,66.66,802.5,0.384,0.422,6,43.74,19.59,197.0,0.37
Tamil Nadu,Namakkal,11.1211,77.9566,7.04,1.1,14.63,38.45,32.56,31.22,27.48,24.73,66.87,763.5,0.355,0.452,6,43.6,19.74,148.0,0.54
Tamil Nadu,Nilgiris,11.4785,76.82,6.25,2.73,31.3,32.77,38.45,26.46,23.5,21.97,72.73,947.1,0.493,0.299,4,40.27,18.58,1501.0,5.83
Tamil Nadu,Nilgiris,11.49,76.9149,5.85,3.64,43.99,31.77,37.75,26.36,23.5,21.97,72.73,947.1,0.493,0.299,4,40.27,18.58,1892.0,8.38
Tamil Nadu,Nilgiris,11.3097,76.6661,5.74,2.83,43.11,33.85,34.59,22.77,23.5,21.97,72.73,947.1,0.493,0.299,4,40.27,18.58,2128.0,7.7
Tamil Nadu,Nilgiris,11.3766,76.5151,5.59,3.4,47.35,32.22,33.45,21.34,23.56,22.96,78.53,1852.7,0.663,0.185,4,38.78,18.58,2196.0,33.41
Tamil Nadu,Nilgiris,11.4981,76.3504,5.59,2.28,24.48,29.27,40.59,17.88,23.56,22.96,78.53,1852.7,0.663,0.185,4,38.78,18.58,943.0,1.25
Tamil Nadu,Perambalur,11.0694,78.7007,7.34,1.15,15.01,35.97,39.02,32.22,27.64,24.52,68.62,829.1,0.346,0.482,5,43.99,19.59,117.0,0.74
Tamil Nadu,Perambalur,11.3753,79.1125,7.14,1.38,18.85,33.62,35.13,29.72,28.12,24.74,70.55,1044.5,0.317,0.543,5,42.9,19.44,67.0,0.16
Tamil Nadu,Perambalur,11.403,78.8938,7.38,1.39,14.43,34.43,34.97,33.45,26.84,23.66,69.32,873.4,0.377,0.449,5,43.87,19.59,107.0,0.26
Tamil Nadu,Perambalur,11.3926,78.7383,7.33,1.27,14.88,35.7,36.78,30.68,26.84,23.66,69.32,873.4,0.377,0.449,5,43.87,19.59,154.0,0.22
Tamil Nadu,Perambalur,11.1538,78.7441,7.25,1.4,14.5,34.68,37.04,34.6,27.64,24.52,68.62,829.1,0.346,0.482,5,43.99,19.59,134.0,0.42
Tamil Nadu,Pudukkottai,10.1999,79.1074,7.1,1.97,19.38,38.5,31.35,28.06,28.38,25.98,74.5,1033.3,0.228,0.585,5,36.15,19.53,34.0,0.35
Tamil Nadu,Pudukkottai,10.5079,78.5952,7.29,1.53,15.12,34.48,37.92,28.62,28.09,25.05,68.58,844.2,0.32,0.502,5,43.6,19.96,152.0,0.26
Tamil Nadu,Pudukkottai,10.5378,78.8942,7.44,1.58,16.81,33.9,35.23,29.52,28.09,25.05,68.58,844.2,0.32,0.502,5,43.6,19.96,92.0,0.32
Tamil Nadu,Pudukkottai,10.2552,78.8709,7.33,1.7,17.15,35.7,35.01,28.24,28.09,25.05,68.58,844.2,0.32,0.502,5,43.6,19.96,103.0,1.41
Tamil Nadu,Pudukkottai,10.2445,78.4695,6.72,1.74,17.37,32.86,37.84,25.63,28.17,25.35,69.93,916.1,0.287,0.522,5,42.49,19.96,167.0,0.55
Tamil Nadu,Ramanathapuram,9.2676,79.1095,6.97,2.48,34.6,36.22,31.82,28.82,28.27,26.48,77.4,1003.3,0.169,0.619,6,33.6,20.17,8.0,0.68
Tamil Nadu,Ramanathapuram,9.4635,78.7459,7.31,1.91,27.2,37.02,31.58,27.55,28.23,25.95,72.68,968.8,0.248,0.545,5,39.55,20.03,17.0,0.1
Tamil Nadu,Ramanathapuram,9.9114,78.9452,7.4,1.82,18.38,38.76,33.75,28.42,28.17,25.35,69.93,916.1,0.287,0.522,5,42.49,20.03,25.0,0.1
Tamil Nadu,Ramanathapuram,9.2677,78.8738,7.0,2.17,37.49,37.93,31.13,27.13,28.23,25.95,72.68,968.8,0.248,0.545,5,39.55,20.03,3.0,0.15
Tamil Nadu,Ramanathapuram,9.5615,78.7751,7.47,1.72,18.33,37.73,32.03,31.39,28.23,25.95,72.68,968.8,0.248,0.545,5,39.55,20.03,18.0,0.19
Tamil Nadu,Salem,11.8054,78.087,6.87,1.21,15.39,39.02,33.45,27.78,25.87,23.08,68.02,870.0,0.426,0.376,5,43.27,19.59,323.0,0.58
Tamil Nadu,Salem,11.7276,78.4974,6.43,1.78,23.65,35.87,35.97,28.98,26.84,23.66,69.32,873.4,0.377,0.449,5,43.87,19.59,398.0,9.32
Tamil Nadu,Salem,11.6252,77.6931,6.86,1.42,13.55,30.28,37.78,31.09,26.48,24.1,65.39,727.2,0.391,0.392,6,43.36,19.74,220.0,0.62
Tamil Nadu,Salem,11.7189,78.5718,6.31,2.07,28.01,38.1,35.3,26.79,26.84,23.66,69.32,873.4,0.377,0.449,5,43.87,19.59,514.0,13.86
Tamil Nadu,Salem,11.9046,78.0712,6.55,1.67,18.86,37.77,35.55,29.56,25.87,23.08,68.02,870.0,0.426,0.376,5,43.27,19.59,409.0,16.2
Tamil Nadu,Sivaganga,9.7533,78.5568,7.68,1.53,16.52,37.71,36.65,33.49,28.17,25.35,69.93,916.1,0.287,0.522,5,42.49,20.03,59.0,0.31
Tamil Nadu,Sivaganga,9.8821,78.7597,7.81,1.74,18.81,39.38,33.86,35.53,28.17,25.35,69.93,916.1,0.287,0.522,5,42.49,20.03,52.0,0.12
Tamil Nadu,Sivaganga,9.8955,78.6018,7.27,1.72,15.0,36.98,34.3,32.3,28.17,25.35,69.93,916.1,0.287,0.522,5,42.49,20.03,88.0,0.32
Tamil Nadu,Sivaganga,9.8188,78.4331,7.54,1.59,15.33,36.53,35.71,31.38,27.31,24.55,68.93,959.4,0.347,0.451,4,43.34,20.03,84.0,0.16
Tamil Nadu,Sivaganga,9.8092,78.454,7.37,1.63,18.69,33.32,35.6,27.31,28.17,25.35,69.93,916.1,0.287,0.522,5,42.49,20.03,95.0,0.31
Tamil Nadu,Thanjavur,10.9511,79.4664,6.62,2.08,23.67,33.55,30.74,27.57,28.22,24.94,70.7,1011.0,0.295,0.554,5,42.45,19.53,20.0,0.05
Tamil Nadu,Thanjavur,11.0846,79.4091,7.01,2.03,22.82,34.91,31.71,27.38,28.22,24.94,70.7,1011.0,0.295,0.554,5,42.45,19.44,23.0,0.26
Tamil Nadu,Thanjavur,10.5932,79.2768,6.91,1.8,20.38,40.51,29.73,25.26,28.34,25.37,71.81,1018.0,0.272,0.562,5,40.18,19.53,36.0,0.05
Tamil Nadu,Thanjavur,10.3854,79.3003,6.55,1.99,23.19,36.79,28.55,22.96,28.34,25.37,71.81,1018.0,0.272,0.562,5,40.18,19.53,15.0,0.17
Tamil Nadu,Thanjavur,10.8462,78.9135,7.49,1.6,18.37,39.44,34.07,32.2,27.64,24.52,68.62,829.1,0.346,0.482,5,43.99,19.96,56.0,0.36
Tamil Nadu,Theni,9.7236,77.5059,6.54,2.02,20.87,32.09,42.25,23.17,24.93,23.33,76.47,1321.1,0.408,0.369,4,40.79,18.93,400.0,1.77
Tamil Nadu,Theni,10.0736,77.5577,7.2,1.31,16.98,33.17,41.85,25.97,23.77,21.78,74.08,1123.7,0.412,0.372,4,39.08,19.42,285.0,2.27
Tamil Nadu,Theni,10.1837,77.6824,6.85,1.57,19.82,35.33,41.29,24.24,23.77,21.78,74.08,1123.7,0.412,0.372,4,39.08,19.42,298.0,1.58
Tamil Nadu,Theni,9.713,77.5346,6.46,2.06,23.79,33.72,41.9,22.21,24.93,23.33,76.47,1321.1,0.408,0.369,4,40.79,18.93,457.0,5.49
Tamil Nadu,Theni,9.9617,77.6669,6.64,1.97,23.63,35.11,40.33,24.28,23.77,21.78,74.08,1123.7,0.412,0.372,4,39.08,18.93,615.0,16.25
Tamil Nadu,Thiruvallur,13.211,80.0397,6.97,1.54,20.08,37.6,34.97,25.76,27.95,24.7,72.39,1253.0,0.362,0.544,4,42.7,18.8,24.0,0.21
Tamil Nadu,Thiruvallur,13.2415,79.9689,6.93,1.48,18.59,35.72,36.46,25.67,27.95,24.7,72.39,1253.0,0.362,0.544,4,42.7,19.21,34.0,0.85
Tamil Nadu,Thiruvallur,12.9663,79.8899,6.74,1.72,18.88,32.56,36.75,25.12,27.95,24.7,72.39,1253.0,0.362,0.544,4,42.7,19.46,67.0,0.53
Tamil Nadu,Thiruvallur,13.2609,79.6549,6.98,1.59,18.51,34.86,34.58,25.38,26.63,22.7,69.3,987.5,0.424,0.458,4,44.66,19.21,83.0,0.12
Tamil Nadu,Thiruvallur,13.1859,80.3037,6.96,1.83,29.49,36.02,31.13,27.43,27.95,24.7,72.39,1253.0,0.362,0.544,4,42.7,18.8,4.0,0.48
Tamil Nadu,Thiruvarur,10.856,79.4212,6.7,1.88,23.29,36.41,30.2,25.71,28.22,24.94,70.7,1011.0,0.295,0.554,5,42.45,19.53,26.0,0.28
Tamil Nadu,Thiruvarur,10.6355,79.3649,6.81,1.97,19.97,37.85,31.81,23.03,28.34,25.37,71.81,1018.0,0.272,0.562,5,40.18,19.53,21.0,0.17
Tamil Nadu,Thiruvarur,10.76,79.5197,6.6,2.15,26.3,33.65,32.04,26.07,28.22,24.94,70.7,1011.0,0.295,0.554,5,42.45,19.53,14.0,0.0
Tamil Nadu,Thiruvarur,10.585,79.4748,6.75,2.19,21.67,32.38,31.14,26.12,28.34,25.37,71.81,1018.0,0.272,0.562,5,40.18,19.53,11.0,0.05
Tamil Nadu,Thiruvarur,10.563,79.6736,6.49,2.55,39.74,32.72,33.14,23.71,28.34,25.37,71.81,1018.0,0.272,0.562,5,40.18,19.53,2.0,0.22
Tamil Nadu,Tiruchchirappalli,10.3896,78.4628,7.08,1.78,15.79,35.46,38.72,25.29,28.09,25.05,68.58,844.2,0.32,0.502,5,43.6,19.96,185.0,0.53
Tamil Nadu,Tiruchchirappalli,10.7574,78.7132,7.4,1.24,13.77,39.08,34.6,29.47,27.64,24.52,68.62,829.1,0.346,0.482,5,43.99,19.96,86.0,0.51
Tamil Nadu,Tiruchchirappalli,11.0514,78.2043,7.08,1.49,13.42,32.36,33.51,30.3,27.48,24.73,66.87,763.5,0.355,0.452,6,43.6,19.59,126.0,0.47
Tamil Nadu,Tiruchchirappalli,10.8263,78.6213,7.4,1.35,15.55,39.01,34.84,33.01,27.64,24.52,68.62,829.1,0.346,0.482,5,43.99,19.96,73.0,0.19
Tamil Nadu,Tiruchchirappalli,10.6295,78.4236,7.4,1.39,16.22,33.44,38.37,30.41,27.28,24.44,67.9,824.5,0.349,0.456,5,43.04,19.96,153.0,0.33
Tamil Nadu,Thoothukudi,8.7164,77.8782,6.75,1.72,19.63,33.95,37.98,23.56,27.93,26.42,76.59,1048.9,0.267,0.507,4,36.65,18.93,77.0,9.62
Tamil Nadu,Thoothukudi,8.7677,78.0716,7.07,1.49,36.06,33.73,35.8,24.0,27.9,26.07,73.77,1052.6,0.288,0.493,3,40.95,20.24,11.0,0.07
Tamil Nadu,Thoothukudi,9.0241,78.0653,7.52,1.32,31.29,35.35,39.39,25.9,27.9,26.07,73.77,1052.6,0.288,0.493,3,40.95,20.03,27.0,0.07
Tamil Nadu,Thoothukudi,9.123,78.0788,7.83,1.42,27.07,37.82,38.18,27.75,27.9,26.07,73.77,1052.6,0.288,0.493,3,40.95,20.03,41.0,0.21
Tamil Nadu,Thoothukudi,8.9999,77.8534,7.11,1.47,25.95,35.3,40.84,26.35,27.9,26.07,73.77,1052.6,0.288,0.493,3,40.95,18.93,93.0,0.26
Tamil Nadu,Tirunelveli Kattabo,8.9049,77.5728,6.61,1.96,21.27,33.23,40.12,21.05,25.85,24.44,78.19,1342.3,0.381,0.391,3,41.36,18.93,86.0,0.21
Tamil Nadu,Tirunelveli Kattabo,8.6174,77.3221,5.32,2.77,37.32,35.61,37.04,16.5,25.82,24.59,79.44,1293.0,0.363,0.408,3,39.75,18.93,647.0,14.52
Tamil Nadu,Tirunelveli Kattabo,8.7139,77.7149,6.74,1.48,19.85,37.67,33.3,21.85,25.82,24.59,79.44,1293.0,0.363,0.408,3,39.75,18.93,38.0,0.31
Tamil Nadu,Tirunelveli Kattabo,8.3635,77.7058,7.03,1.81,32.97,37.06,37.1,26.46,25.82,24.59,79.44,1293.0,0.363,0.408,3,39.75,18.93,61.0,0.19
Tamil Nadu,Tirunelveli Kattabo,9.1784,77.2889,5.55,3.01,33.19,39.84,33.2,15.94,25.85,24.44,78.19,1342.3,0.381,0.391,3,41.36,18.93,771.0,22.93
Tamil Nadu,Tiruvannamalai,12.1419,78.7426,6.69,1.66,29.9,34.7,36.8,28.92,26.3,23.12,69.6,917.3,0.42,0.402,4,43.74,19.58,227.0,1.22
Tamil Nadu,Tiruvannamalai,12.6003,79.2151,7.09,1.44,16.09,35.56,37.13,32.6,27.3,23.59,70.84,1097.0,0.389,0.482,4,44.6,19.46,155.0,0.12
Tamil Nadu,Tiruvannamalai,12.5035,79.2056,7.11,1.48,16.87,35.9,36.19,34.19,27.3,23.59,70.84,1097.0,0.389,0.482,4,44.6,19.46,152.0,0.52
Tamil Nadu,Tiruvannamalai,12.2468,78.6695,6.8,1.34,14.3,31.84,39.53,28.54,26.3,23.12,69.6,917.3,0.42,0.402,4,43.74,19.58,326.0,1.04
Tamil Nadu,Tiruvannamalai,12.3845,79.0042,7.05,1.39,16.31,30.77,37.78,29.73,26.04,22.9,69.42,918.9,0.465,0.35,5,43.83,19.46,202.0,0.31
Tamil Nadu,Vellore,12.3726,78.6916,6.64,1.64,24.43,35.11,37.86,28.16,26.04,22.9,69.42,918.9,0.465,0.35,5,43.83,19.58,957.0,1.75
Tamil Nadu,Vellore,12.8908,78.8961,6.96,1.2,12.96,35.31,36.91,28.68,25.37,22.22,68.99,886.0,0.495,0.316,5,43.06,19.58,271.0,0.78
Tamil Nadu,Vellore,12.5807,78.7756,6.53,1.51,17.25,33.74,39.6,27.85,26.04,22.9,69.42,918.9,0.465,0.35,5,43.83,19.58,521.0,2.33
Tamil Nadu,Vellore,12.47,78.578,6.83,1.3,12.93,33.18,37.95,28.16,26.04,22.9,69.42,918.9,0.465,0.35,5,43.83,19.58,380.0,0.42
Tamil Nadu,Vellore,12.8744,78.858,6.9,1.4,15.07,36.17,37.83,29.78,25.37,22.22,68.99,886.0,0.495,0.316,5,43.06,19.58,280.0,4.59
Tamil Nadu,Villupuram,11.9932,78.8985,7.04,1.38,17.93,33.79,35.51,29.56,26.3,23.12,69.6,917.3,0.42,0.402,4,43.74,19.59,183.0,0.76
Tamil Nadu,Villupuram,12.2445,79.2754,7.09,1.54,20.19,32.25,36.01,30.4,27.85,24.34,70.56,1086.5,0.349,0.518,4,43.78,19.46,124.0,0.12
Tamil Nadu,Villupuram,12.1507,79.8122,6.8,1.51,16.7,33.9,33.34,22.64,28.09,25.45,75.17,1152.6,0.323,0.552,4,37.02,19.46,32.0,0.85
Tamil Nadu,Villupuram,12.2312,79.4613,6.92,1.52,19.24,34.6,35.74,25.87,27.85,24.34,70.56,1086.5,0.349,0.518,4,43.78,19.46,85.0,2.81
Tamil Nadu,Villupuram,11.7131,78.6761,6.4,2.27,28.82,34.52,37.5,25.77,26.84,23.66,69.32,873.4,0.377,0.449,5,43.87,19.59,957.0,2.8
Tamil Nadu,Virudhunagar,9.5738,77.8703,7.46,1.88,21.98,34.09,41.9,28.36,27.83,25.62,71.08,1053.7,0.325,0.463,3,43.51,18.93,116.0,0.32
Tamil Nadu,Virudhunagar,9.6416,77.7147,7.2,2.05,23.02,34.79,39.73,30.07,24.93,23.33,76.47,1321.1,0.408,0.369,4,40.79,18.93,139.0,0.21
Tamil Nadu,Virudhunagar,9.4784,77.4634,6.34,2.18,26.8,33.69,41.83,21.27,24.93,23.33,76.47,1321.1,0.408,0.369,4,40.79,18.93,268.0,1.4
Tamil Nadu,Virudhunagar,9.3445,78.2263,7.73,1.92,34.95,36.2,36.99,32.04,27.83,25.62,71.08,1053.7,0.325,0.463,3,43.51,20.03,51.0,0.19
Tamil Nadu,Virudhunagar,9.627,78.3377,7.28,1.6,18.62,38.86,34.37,28.91,27.83,25.62,71.08,1053.7,0.325,0.463,3,43.51,20.03,70.0,0.1
Tripura,Dhalai,24.0012,91.915,5.23,2.4,17.25,31.27,31.93,15.57,24.59,19.11,77.55,2312.9,0.611,0.096,4,40.45,16.51,172.0,8.85
Tripura,Dhalai,23.9602,91.8948,5.26,1.36,14.63,32.29,30.82,15.96,24.59,19.11,77.55,2312.9,0.611,0.096,4,40.45,17.04,135.0,0.91
Tripura,Dhalai,24.0849,91.8344,5.45,1.44,15.21,31.67,34.19,14.55,24.59,19.11,77.55,2312.9,0.611,0.096,4,40.45,16.51,45.0,0.73
Tripura,Dhalai,23.6529,91.7968,5.4,1.17,12.98,29.81,33.81,15.62,24.28,18.48,79.14,2406.2,0.651,0.101,4,40.6,17.04,114.0,0.76
Tripura,Dhalai,23.9961,91.9889,5.42,1.27,15.11,31.93,32.44,14.37,24.59,19.11,77.55,2312.9,0.611,0.096,4,40.45,17.04,52.0,1.76
Tripura,North Tripura,23.9838,92.0918,5.13,1.75,18.67,31.15,34.38,15.62,24.59,19.11,77.55,2312.9,0.611,0.096,4,40.45,17.01,293.0,3.9
Tripura,North Tripura,23.9267,92.1345,5.08,3.07,20.42,32.74,33.16,17.12,24.59,19.11,77.55,2312.9,0.611,0.096,4,40.45,17.01,302.0,7.97
Tripura,North Tripura,24.1272,92.0014,5.38,1.32,14.64,31.75,34.29,14.41,24.59,19.11,77.55,2312.9,0.611,0.096,4,40.45,16.63,30.0,0.58
Tripura,North Tripura,23.8425,92.214,5.4,1.84,15.96,29.45,31.78,17.33,23.63,18.39,77.63,2192.9,0.617,0.097,4,38.63,17.01,104.0,4.0
Tripura,North Tripura,24.3094,91.9926,5.5,2.53,14.15,29.88,34.88,15.28,24.91,18.71,77.49,3024.3,0.619,0.084,4,41.62,16.51,27.0,0.21
Tripura,South Tripura,23.7226,91.6178,5.43,1.21,13.72,31.74,32.03,15.69,24.28,18.48,79.14,2406.2,0.651,0.101,4,40.6,17.04,73.0,1.36
Tripura,South Tripura,23.6117,91.7683,5.39,1.28,14.85,30.62,33.34,16.47,24.28,18.48,79.14,2406.2,0.651,0.101,4,40.6,17.04,120.0,1.09
Tripura,South Tripura,23.4538,91.721,5.39,1.38,13.95,32.58,32.34,15.48,24.28,18.48,79.14,2406.2,0.651,0.101,4,40.6,17.04,76.0,2.3
Tripura,South Tripura,23.3723,91.4559,5.51,1.38,13.98,32.74,32.43,16.69,24.95,18.87,78.58,2394.6,0.654,0.103,4,42.04,17.04,65.0,0.34
Tripura,South Tripura,23.7052,91.5334,5.43,1.31,13.8,33.02,32.86,16.85,24.95,18.87,78.58,2394.6,0.654,0.103,4,42.04,17.04,97.0,1.35
Tripura,West Tripura,23.7592,91.5943,5.38,1.36,13.89,30.57,32.09,15.51,24.59,19.11,77.55,2312.9,0.611,0.096,4,40.45,17.04,96.0,1.46
Tripura,West Tripura,23.332,91.3118,5.43,1.27,12.9,39.4,26.49,15.62,24.95,18.87,78.58,2394.6,0.654,0.103,4,42.04,17.04,33.0,0.26
Tripura,West Tripura,23.9735,91.4399,5.37,1.36,14.52,31.78,31.17,15.72,25.24,19.35,76.05,2295.2,0.616,0.098,4,41.85,17.04,57.0,0.58
Tripura,West Tripura,23.9525,91.3669,5.4,1.23,13.38,36.41,27.3,14.94,25.24,19.35,76.05,2295.2,0.616,0.098,4,41.85,17.04,34.0,0.27
Tripura,West Tripura,23.7974,91.3181,5.45,1.23,12.4,37.33,25.76,14.99,25.24,19.35,76.05,2295.2,0.616,0.098,4,41.85,17.04,22.0,0.42
Uttar Pradesh,Aligarh,27.803,77.8895,8.44,0.97,6.57,25.73,44.77,11.82,25.77,15.74,46.3,729.2,0.844,0.039,8,48.71,17.84,183.0,0.06
Uttar Pradesh,Aligarh,28.0117,78.3541,8.45,0.92,8.43,24.27,45.92,11.0,25.77,15.74,46.3,729.2,0.844,0.039,8,48.71,17.2,184.0,0.13
Uttar Pradesh,Aligarh,27.8092,77.8497,8.42,0.94,7.03,26.13,41.98,14.58,25.77,15.74,46.3,729.2,0.844,0.039,8,48.71,17.84,184.0,0.0
Uttar Pradesh,Aligarh,27.8624,78.3872,8.93,0.9,6.61,24.6,46.28,10.36,25.77,15.74,46.3,729.2,0.844,0.039,8,48.71,17.56,177.0,0.33
Uttar Pradesh,Aligarh,27.911,77.77,8.61,0.95,6.84,27.24,41.26,11.62,25.98,15.8,44.26,670.5,0.83,0.038,8,48.63,17.84,187.0,0.08
Uttar Pradesh,Agra,26.9148,77.6318,7.84,0.9,6.32,27.85,41.48,22.29,26.48,16.6,43.0,594.7,0.848,0.049,8,48.84,18.99,175.0,0.05
Uttar Pradesh,Agra,27.1657,77.7415,8.08,0.93,6.78,27.62,39.4,16.87,26.48,16.6,43.0,594.7,0.848,0.049,8,48.84,17.84,172.0,0.18
Uttar Pradesh,Agra,26.9465,78.0596,8.07,0.92,7.94,27.72,41.9,16.28,26.54,16.71,44.09,626.3,0.849,0.05,8,49.01,18.17,158.0,0.31
Uttar Pradesh,Agra,27.0948,77.7444,7.93,0.95,6.55,27.98,37.91,20.21,26.48,16.6,43.0,594.7,0.848,0.049,8,48.84,17.84,170.0,0.05
Uttar Pradesh,Agra,26.8512,78.6338,8.54,0.98,8.23,23.46,40.4,16.05,26.52,16.77,44.79,622.7,0.851,0.049,8,49.09,18.17,158.0,0.13
Uttar Pradesh,Allahabad,24.9864,81.983,7.56,1.43,7.98,32.57,37.4,25.42,26.31,17.82,52.43,913.6,0.87,0.052,8,48.59,18.6,116.0,0.1
Uttar Pradesh,Allahabad,25.0699,81.6668,7.49,0.96,6.61,29.53,31.7,22.38,26.31,17.82,52.43,913.6,0.87,0.052,8,48.59,17.64,103.0,0.24
Uttar Pradesh,Allahabad,25.5214,81.8067,7.16,0.88,6.36,25.27,32.7,15.69,26.59,17.59,51.44,861.0,0.869,0.052,8,49.29,17.64,82.0,0.52
Uttar Pradesh,Allahabad,25.1676,81.8394,7.36,0.94,6.99,29.98,32.66,15.42,26.31,17.82,52.43,913.6,0.87,0.052,8,48.59,17.64,94.0,0.11
Uttar Pradesh,Allahabad,25.0894,81.6631,7.44,0.95,7.09,30.02,30.59,20.74,26.31,17.82,52.43,913.6,0.87,0.052,8,48.59,17.64,102.0,0.11
Uttar Pradesh,Ambedkar Nagar,26.5026,82.6041,7.34,1.19,10.03,26.2,28.69,23.0,25.99,16.78,53.4,961.9,0.865,0.046,8,48.61,17.08,89.0,0.16
Uttar Pradesh,Ambedkar Nagar,26.5579,82.3597,7.01,0.93,11.35,25.83,26.72,22.75,25.99,16.78,53.4,961.9,0.865,0.046,8,48.61,17.08,93.0,0.06
Uttar Pradesh,Ambedkar Nagar,26.4293,82.8933,7.44,1.57,9.61,22.69,28.78,19.08,25.95,16.82,54.2,1029.1,0.863,0.045,8,48.58,17.08,85.0,0.06
Uttar Pradesh,Ambedkar Nagar,26.3896,82.4138,7.48,0.95,8.35,28.13,28.23,22.15,25.99,16.78,53.4,961.9,0.865,0.046,8,48.61,17.08,93.0,0.05
Uttar Pradesh,Ambedkar Nagar,26.562,82.5769,7.35,1.05,11.39,26.27,30.16,27.16,25.99,16.78,53.4,961.9,0.865,0.046,8,48.61,17.08,91.0,0.24
Uttar Pradesh,Auraiya,26.5636,79.5766,7.76,1.14,8.75,28.77,33.74,13.62,26.57,17.06,46.57,695.9,0.86,0.05,8,49.37,18.14,137.0,0.12
Uttar Pradesh,Auraiya,26.8002,79.4832,7.88,1.09,9.49,24.2,39.98,12.8,26.35,16.71,46.44,691.6,0.858,0.046,8,49.19,18.14,144.0,0.08
Uttar Pradesh,Auraiya,26.6036,79.5014,7.38,1.17,9.59,26.08,35.04,11.1,26.57,17.06,46.57,695.9,0.86,0.05,8,49.37,18.14,139.0,0.12
Uttar Pradesh,Auraiya,26.8108,79.4028,7.81,1.14,9.05,24.26,38.72,11.31,26.35,16.71,46.44,691.6,0.858,0.046,8,49.19,18.14,145.0,0.06
Uttar Pradesh,Auraiya,26.5605,79.4791,7.75,1.14,9.31,25.9,35.26,13.56,26.57,17.06,46.57,695.9,0.86,0.05,8,49.37,18.14,139.0,0.13
Uttar Pradesh,Azamgarh,26.2715,82.9621,7.58,1.03,8.03,20.1,24.76,18.3,25.95,16.82,54.2,1029.1,0.863,0.045,8,48.58,17.08,82.0,0.0
Uttar Pradesh,Azamgarh,26.0855,82.9996,7.52,1.01,8.67,28.93,26.86,23.53,26.16,17.06,53.52,891.3,0.865,0.047,8,48.68,17.08,82.0,0.33
Uttar Pradesh,Azamgarh,25.8209,83.122,7.21,1.07,9.32,30.47,23.34,31.0,26.16,17.06,53.52,891.3,0.865,0.047,8,48.68,17.32,77.0,0.06
Uttar Pradesh,Azamgarh,26.088,82.8582,7.61,1.23,11.12,27.77,28.59,24.74,26.16,17.06,53.52,891.3,0.865,0.047,8,48.68,17.08,84.0,0.08
Uttar Pradesh,Azamgarh,25.928,83.1194,7.31,1.07,11.63,30.39,27.45,27.0,26.16,17.06,53.52,891.3,0.865,0.047,8,48.68,17.32,77.0,0.13
Uttar Pradesh,Badaun,28.1403,78.7332,8.12,1.16,8.47,23.15,40.12,14.26,25.75,15.85,47.5,743.1,0.844,0.037,8,48.77,17.2,178.0,0.42
Uttar Pradesh,Badaun,28.0457,78.9347,7.89,1.06,9.44,23.55,39.09,12.05,25.75,15.85,47.5,743.1,0.844,0.037,8,48.77,17.2,171.0,0.18
Uttar Pradesh,Badaun,28.1102,79.0868,7.54,1.23,8.51,21.96,39.01,10.6,25.5,15.75,50.43,926.0,0.866,0.034,8,48.59,17.03,171.0,0.05
Uttar Pradesh,Badaun,28.1717,78.5379,7.97,1.28,8.31,27.01,38.13,11.92,25.75,15.85,47.5,743.1,0.844,0.037,8,48.77,17.2,177.0,0.06
Uttar Pradesh,Badaun,28.151,79.415,7.33,1.45,9.78,25.39,36.33,10.89,25.5,15.75,50.43,926.0,0.866,0.034,8,48.59,17.03,159.0,0.0
Uttar Pradesh,Baghpat,28.9418,77.2816,8.38,0.87,6.56,23.25,40.97,10.65,25.22,15.1,47.16,831.4,0.827,0.031,8,49.13,17.6,223.0,0.06
Uttar Pradesh,Baghpat,28.9743,77.4388,8.08,0.85,6.91,22.47,41.06,10.19,25.22,15.1,47.16,831.4,0.827,0.031,8,49.13,17.6,225.0,0.13
Uttar Pradesh,Baghpat,28.9761,77.4501,7.79,0.86,6.63,21.96,39.58,10.26,25.22,15.1,47.16,831.4,0.827,0.031,8,49.13,17.6,222.0,0.42
Uttar Pradesh,Baghpat,28.8768,77.2416,8.27,0.9,6.5,23.98,41.69,11.76,25.22,15.1,47.16,831.4,0.827,0.031,8,49.13,17.6,217.0,0.47
Uttar Pradesh,Baghpat,29.2444,77.3952,7.51,0.93,7.71,24.17,38.85,11.41,25.22,15.1,47.16,831.4,0.827,0.031,8,49.13,17.48,236.0,0.18
Uttar Pradesh,Bahraich,28.1542,81.388,6.81,1.05,12.13,22.02,35.74,13.63,25.48,16.33,53.96,1227.6,0.841,0.036,7,48.2,16.88,139.0,0.35
Uttar Pradesh,Bahraich,28.3549,81.1578,6.67,1.4,20.3,25.81,34.15,14.94,24.74,16.54,52.38,1248.6,0.823,0.033,7,46.29,16.88,148.0,0.28
Uttar Pradesh,Bahraich,28.0242,81.3239,6.88,1.01,12.71,21.76,39.19,14.97,25.48,16.33,53.96,1227.6,0.841,0.036,7,48.2,16.88,132.0,0.5
Uttar Pradesh,Bahraich,27.9986,81.3455,6.51,1.12,13.76,22.45,39.15,14.39,25.48,16.33,53.96,1227.6,0.841,0.036,7,48.2,17.57,159.0,0.43
Uttar Pradesh,Bahraich,27.7552,81.546,6.92,0.86,9.99,27.16,36.03,13.89,25.48,16.33,53.96,1227.6,0.841,0.036,7,48.2,17.57,131.0,0.12
Uttar Pradesh,Ballia,25.9083,84.1454,7.4,0.99,8.99,31.71,26.29,26.2,26.08,17.18,55.53,1011.6,0.849,0.05,7,48.19,17.21,59.0,0.08
Uttar Pradesh,Ballia,25.6249,83.9569,7.33,0.97,8.67,30.4,25.3,27.06,26.47,17.62,53.29,889.7,0.857,0.052,8,48.49,17.32,60.0,0.16
Uttar Pradesh,Ballia,26.1098,83.8337,7.25,0.95,8.51,25.0,27.66,16.9,26.07,17.06,54.73,952.1,0.858,0.048,8,48.44,16.98,66.0,0.19
Uttar Pradesh,Ballia,25.9452,84.0113,6.9,0.99,9.0,29.24,27.12,26.17,26.07,17.06,54.73,952.1,0.858,0.048,8,48.44,17.21,64.0,0.08
Uttar Pradesh,Ballia,25.7154,84.2228,7.39,0.97,14.23,31.69,28.18,26.84,26.23,17.38,55.25,968.2,0.85,0.053,8,48.31,17.21,50.0,0.88
Uttar Pradesh,Balrampur,27.4715,82.1784,6.99,1.02,11.3,24.52,33.2,15.29,25.64,16.49,53.49,1155.0,0.851,0.038,8,48.25,17.9,106.0,0.08
Uttar Pradesh,Balrampur,27.6043,82.6491,6.95,1.05,10.47,21.8,31.71,11.65,25.58,16.82,52.99,1208.3,0.852,0.041,7,47.86,17.9,125.0,0.19
Uttar Pradesh,Balrampur,27.2858,82.37,7.17,0.99,10.55,25.45,32.23,13.21,25.58,16.82,52.99,1208.3,0.852,0.041,7,47.86,17.9,99.0,0.12
Uttar Pradesh,Balrampur,27.4357,82.5647,7.18,0.93,9.62,25.05,33.67,13.64,25.58,16.82,52.99,1208.3,0.852,0.041,7,47.86,17.9,99.0,0.05
Uttar Pradesh,Balrampur,27.6372,82.3591,6.21,1.09,11.39,22.34,36.9,12.47,25.58,16.82,52.99,1208.3,0.852,0.041,7,47.86,17.9,148.0,0.1
Uttar Pradesh,Banda,25.8442,80.2923,7.42,1.04,8.43,25.5,35.83,23.2,26.71,17.44,47.94,738.0,0.861,0.052,8,49.84,17.67,117.0,0.08
Uttar Pradesh,Banda,25.4053,80.7296,7.29,1.38,7.78,28.12,34.22,17.58,26.68,17.66,50.4,854.1,0.868,0.051,8,49.69,17.67,121.0,0.08
Uttar Pradesh,Banda,25.2577,80.7093,7.35,1.06,6.65,28.18,35.45,19.25,26.68,17.66,50.4,854.1,0.868,0.051,8,49.69,17.67,125.0,0.06
Uttar Pradesh,Banda,25.6533,80.9172,7.23,1.04,7.03,26.14,28.61,22.12,26.68,17.66,50.4,854.1,0.868,0.051,8,49.69,17.67,108.0,0.33
Uttar Pradesh,Banda,25.6036,80.5126,7.49,1.09,7.47,22.73,33.91,21.59,26.68,17.66,50.4,854.1,0.868,0.051,8,49.69,17.67,119.0,0.23
Uttar Pradesh,Bara Banki,27.1639,81.1165,7.08,1.39,12.63,30.24,34.17,21.7,25.84,16.42,52.52,1032.2,0.861,0.043,8,48.77,17.57,123.0,0.06
Uttar Pradesh,Bara Banki,27.1915,81.2748,6.98,0.99,10.25,29.03,34.7,19.2,25.84,16.42,52.52,1032.2,0.861,0.043,8,48.77,17.57,122.0,0.24
Uttar Pradesh,Bara Banki,26.7865,81.6869,7.33,0.93,9.04,31.28,29.11,22.5,25.77,16.47,53.86,1044.3,0.861,0.041,8,48.2,17.4,108.0,0.17
Uttar Pradesh,Bara Banki,26.8374,81.2939,7.18,0.98,10.04,30.18,32.4,25.26,25.84,16.42,52.52,1032.2,0.861,0.043,8,48.77,17.4,115.0,0.06
Uttar Pradesh,Bara Banki,26.876,81.5514,7.09,0.98,10.28,29.67,32.85,20.63,25.84,16.42,52.52,1032.2,0.861,0.043,8,48.77,17.4,114.0,0.05
Uttar Pradesh,Bareilly,28.6502,79.46,7.0,1.21,12.64,26.95,33.7,13.34,25.2,15.63,51.8,1075.3,0.862,0.03,8,48.6,17.03,182.0,0.12
Uttar Pradesh,Bareilly,28.4262,79.6027,6.99,1.36,10.52,26.97,32.43,13.76,25.2,15.63,51.8,1075.3,0.862,0.03,8,48.6,17.03,175.0,0.12
Uttar Pradesh,Bareilly,28.7771,79.5702,6.91,1.24,12.91,25.57,38.56,13.48,24.72,15.81,51.46,1216.0,0.848,0.029,8,47.57,17.03,193.0,0.1
Uttar Pradesh,Bareilly,28.6774,79.3839,6.99,1.22,11.3,28.02,33.13,13.65,25.2,15.63,51.8,1075.3,0.862,0.03,8,48.6,17.03,181.0,0.12
Uttar Pradesh,Bareilly,28.4033,79.0581,7.39,1.16,9.26,27.56,36.87,10.26,25.37,15.52,49.18,850.2,0.843,0.033,8,48.62,17.03,178.0,0.18
Uttar Pradesh,Basti,26.8574,82.4261,7.09,1.26,10.67,26.27,32.33,20.51,25.72,16.49,54.45,1087.6,0.86,0.044,8,48.5,17.08,94.0,0.15
Uttar Pradesh,Basti,26.7157,82.4608,7.17,1.05,9.38,26.09,31.59,20.0,25.99,16.78,53.4,961.9,0.865,0.046,8,48.61,17.08,91.0,0.08
Uttar Pradesh,Basti,26.6441,82.5089,7.53,1.09,10.36,25.85,33.3,20.34,25.99,16.78,53.4,961.9,0.865,0.046,8,48.61,17.08,87.0,0.08
Uttar Pradesh,Basti,26.7534,82.2325,7.23,1.02,9.69,28.98,33.21,22.95,25.72,16.49,54.45,1087.6,0.86,0.044,8,48.5,17.08,91.0,0.0
Uttar Pradesh,Basti,26.7754,82.726,7.11,1.14,10.02,23.99,29.23,12.66,25.72,16.49,54.45,1087.6,0.86,0.044,8,48.5,17.08,83.0,0.24
Uttar Pradesh,Bijnor,29.6966,78.3316,6.46,2.65,18.21,24.08,39.07,16.51,24.73,15.14,51.14,1115.0,0.844,0.028,8,48.43,18.02,286.0,0.62
Uttar Pradesh,Bijnor,29.5325,77.9985,7.13,1.19,11.27,24.59,38.26,14.01,24.73,15.14,51.14,1115.0,0.844,0.028,8,48.43,17.48,225.0,0.06
Uttar Pradesh,Bijnor,29.6409,78.1863,6.97,1.58,14.0,24.51,40.71,16.68,24.73,15.14,51.14,1115.0,0.844,0.028,8,48.43,18.02,262.0,0.13
Uttar Pradesh,Bijnor,29.4484,78.5011,6.79,1.59,13.6,24.55,39.29,16.99,23.8,15.09,50.37,1129.1,0.838,0.028,8,46.15,18.02,251.0,0.54
Uttar Pradesh,Bijnor,29.238,78.2649,7.07,1.08,10.76,26.61,36.53,14.43,25.05,15.09,49.64,944.4,0.844,0.031,8,49.02,18.02,234.0,0.17
Uttar Pradesh,Bulandshahr,28.251,77.9631,7.91,0.81,6.59,25.8,42.14,11.59,25.4,15.38,47.87,830.6,0.845,0.034,8,48.96,17.6,198.0,0.35
Uttar Pradesh,Bulandshahr,28.3974,78.0304,8.4,1.23,7.41,25.85,37.87,11.48,25.4,15.38,47.87,830.6,0.845,0.034,8,48.96,17.2,200.0,0.05
Uttar Pradesh,Bulandshahr,28.3936,77.9882,8.35,0.91,7.5,29.4,36.85,11.98,25.4,15.38,47.87,830.6,0.845,0.034,8,48.96,17.6,201.0,0.13
Uttar Pradesh,Bulandshahr,28.564,78.1358,7.35,0.96,8.16,26.45,37.82,11.11,25.4,15.38,47.87,830.6,0.845,0.034,8,48.96,17.2,206.0,0.26
Uttar Pradesh,Bulandshahr,28.1827,78.0788,8.55,0.89,7.06,25.65,41.21,13.65,25.77,15.74,46.3,729.2,0.844,0.039,8,48.71,17.2,193.0,0.19
Uttar Pradesh,Chandauli,25.1563,83.3058,7.51,1.34,8.8,36.12,24.07,29.48,26.18,17.76,52.99,823.4,0.864,0.053,8,48.29,17.32,78.0,0.08
Uttar Pradesh,Chandauli,25.2871,83.2484,7.27,1.47,10.55,33.14,28.88,29.91,26.63,17.77,51.9,813.9,0.865,0.049,8,48.72,17.32,78.0,0.35
Uttar Pradesh,Chandauli,24.7382,83.1582,7.31,0.97,8.67,40.76,20.11,42.87,25.94,17.91,53.72,910.4,0.86,0.057,8,47.72,18.02,305.0,0.48
Uttar Pradesh,Chandauli,24.8865,83.1022,7.13,0.95,8.91,42.37,25.49,41.41,26.18,17.76,52.99,823.4,0.864,0.053,8,48.29,18.02,275.0,1.1
Uttar Pradesh,Chandauli,24.8847,83.0928,7.14,0.93,8.98,43.08,24.87,42.15,26.18,17.76,52.99,823.4,0.864,0.053,8,48.29,18.02,276.0,0.73
Uttar Pradesh,Chitrakoot,25.2358,81.164,7.33,1.01,6.53,28.34,35.11,16.92,26.18,17.75,51.9,903.1,0.869,0.051,8,48.54,17.64,117.0,0.21
Uttar Pradesh,Chitrakoot,25.2398,81.5198,7.38,1.0,6.82,28.79,39.12,16.55,26.18,17.75,51.9,903.1,0.869,0.051,8,48.54,17.64,144.0,0.77
Uttar Pradesh,Chitrakoot,25.2481,81.34,7.39,1.01,7.35,29.08,35.49,22.92,26.18,17.75,51.9,903.1,0.869,0.051,8,48.54,17.64,117.0,0.19
Uttar Pradesh,Chitrakoot,25.014,81.0429,7.38,0.91,6.43,24.39,40.17,23.66,26.18,17.75,51.9,903.1,0.869,0.051,8,48.54,17.64,229.0,0.36
Uttar Pradesh,Chitrakoot,25.3139,80.7942,7.3,1.06,6.75,28.44,35.44,18.41,26.68,17.66,50.4,854.1,0.868,0.051,8,49.69,17.67,111.0,0.18
Uttar Pradesh,Deoria,26.5701,83.6185,7.28,1.41,12.55,27.29,27.6,14.99,25.88,16.88,55.34,1084.0,0.856,0.046,7,48.35,16.98,71.0,0.15
Uttar Pradesh,Deoria,26.4221,83.7904,7.19,1.22,10.59,27.23,29.84,15.26,25.88,16.88,55.34,1084.0,0.856,0.046,7,48.35,16.98,72.0,0.29
Uttar Pradesh,Deoria,26.3917,84.0191,7.23,0.94,9.0,30.21,31.87,14.1,25.88,16.88,55.34,1084.0,0.856,0.046,7,48.35,16.86,69.0,0.05
Uttar Pradesh,Deoria,26.4407,84.0075,7.13,1.0,9.1,29.46,31.27,14.56,25.88,16.88,55.34,1084.0,0.856,0.046,7,48.35,16.86,70.0,0.36
Uttar Pradesh,Deoria,26.2435,83.8554,7.23,1.26,10.58,28.92,30.66,14.98,26.07,17.06,54.73,952.1,0.858,0.048,8,48.44,16.98,67.0,0.0
Uttar Pradesh,Etah,27.3508,78.3317,8.28,0.92,6.76,25.75,40.12,16.15,26.24,16.27,44.41,635.3,0.843,0.046,8,48.73,17.56,168.0,0.13
Uttar Pradesh,Etah,27.4773,78.2435,8.52,0.96,6.49,26.48,42.47,11.73,26.24,16.27,44.41,635.3,0.843,0.046,8,48.73,17.56,172.0,0.05
Uttar Pradesh,Etah,27.4936,78.2417,8.45,0.97,6.14,26.5,41.46,12.27,26.24,16.27,44.41,635.3,0.843,0.046,8,48.73,17.56,173.0,0.12
Uttar Pradesh,Etah,27.708,78.814,8.74,1.05,8.06,22.9,43.24,10.66,26.21,16.33,45.28,638.4,0.842,0.045,8,48.72,17.56,169.0,0.17
Uttar Pradesh,Etah,27.6035,79.1049,8.2,1.22,7.94,23.1,43.41,11.0,25.97,16.24,47.95,766.4,0.86,0.04,8,48.9,17.42,161.0,0.15
Uttar Pradesh,Etawah,26.6838,78.956,8.23,1.03,19.59,26.54,45.49,12.79,26.65,17.09,45.4,680.7,0.86,0.049,8,49.39,18.17,114.0,0.67
Uttar Pradesh,Etawah,26.9489,79.0489,8.21,1.85,10.92,25.53,38.04,11.72,26.52,16.77,44.79,622.7,0.851,0.049,8,49.09,18.14,152.0,0.0
Uttar Pradesh,Etawah,26.6785,79.2676,7.81,1.07,10.7,25.37,36.41,11.73,26.57,17.06,46.57,695.9,0.86,0.05,8,49.37,18.14,143.0,0.12
Uttar Pradesh,Etawah,26.7434,79.2288,8.05,1.8,9.77,25.62,37.51,11.06,26.57,17.06,46.57,695.9,0.86,0.05,8,49.37,18.14,145.0,0.21
Uttar Pradesh,Etawah,26.8215,79.2893,7.48,1.63,10.25,26.46,36.51,11.52,26.35,16.71,46.44,691.6,0.858,0.046,8,49.19,18.14,148.0,0.06
Uttar Pradesh,Faizabad,26.6249,82.4564,7.26,1.18,10.31,27.05,30.53,22.55,25.99,16.78,53.4,961.9,0.865,0.046,8,48.61,17.08,99.0,0.29
Uttar Pradesh,Faizabad,26.7511,81.8892,7.23,1.02,9.91,27.73,31.0,23.51,25.77,16.47,53.86,1044.3,0.861,0.041,8,48.2,17.4,104.0,0.13
Uttar Pradesh,Faizabad,26.454,82.1802,7.24,0.93,9.91,26.85,29.95,21.97,26.02,16.76,52.66,938.3,0.865,0.045,8,48.97,17.08,97.0,0.08
Uttar Pradesh,Faizabad,26.7635,82.1035,7.24,1.01,9.28,26.54,32.41,23.3,25.77,16.47,53.86,1044.3,0.861,0.041,8,48.2,17.08,101.0,0.35
Uttar Pradesh,Faizabad,26.4878,82.2324,7.24,0.87,10.99,26.71,28.1,21.99,25.99,16.78,53.4,961.9,0.865,0.046,8,48.61,17.08,96.0,0.0
Uttar Pradesh,Farrukhabad,27.3293,79.5763,7.71,1.29,9.12,22.69,39.24,17.76,25.97,16.24,47.95,766.4,0.86,0.04,8,48.9,17.42,147.0,0.17
Uttar Pradesh,Farrukhabad,27.3977,79.6732,7.94,1.21,9.55,23.92,39.43,21.36,25.97,16.24,47.95,766.4,0.86,0.04,8,48.9,17.42,137.0,0.12
Uttar Pradesh,Farrukhabad,27.5719,79.4193,7.98,1.34,9.11,22.33,39.54,14.28,25.97,16.24,47.95,766.4,0.86,0.04,8,48.9,17.42,146.0,0.0
Uttar Pradesh,Farrukhabad,27.4348,79.3067,8.1,1.38,9.03,23.23,43.05,14.97,25.97,16.24,47.95,766.4,0.86,0.04,8,48.9,17.42,157.0,0.0
Uttar Pradesh,Farrukhabad,27.6323,79.169,8.04,1.16,8.47,23.98,45.67,12.51,25.97,16.24,47.95,766.4,0.86,0.04,8,48.9,17.42,152.0,0.12
Uttar Pradesh,Fatehpur,25.637,80.9896,7.21,1.07,6.51,25.83,28.91,19.41,26.68,17.7,50.55,855.1,0.868,0.051,8,49.4,17.67,97.0,0.62
Uttar Pradesh,Fatehpur,25.9629,80.2272,7.43,1.07,7.14,26.21,29.99,25.59,26.71,17.44,47.94,738.0,0.861,0.052,8,49.84,17.67,121.0,0.06
Uttar Pradesh,Fatehpur,25.7833,80.68,7.41,1.03,6.32,24.93,28.38,20.03,26.43,17.12,49.98,812.1,0.863,0.051,8,49.62,17.67,115.0,0.12
Uttar Pradesh,Fatehpur,25.8942,80.9282,7.19,0.97,6.29,23.07,28.06,19.82,26.43,17.12,49.98,812.1,0.863,0.051,8,49.62,17.67,113.0,0.11
Uttar Pradesh,Fatehpur,25.8933,81.0709,7.13,0.98,7.48,24.84,27.54,17.57,26.29,17.03,51.18,864.1,0.868,0.049,8,49.37,17.64,111.0,0.1
Uttar Pradesh,Firozabad,27.3357,78.0903,8.02,0.98,8.52,27.23,39.94,16.71,26.24,16.27,44.41,635.3,0.843,0.046,8,48.73,17.56,166.0,0.47
Uttar Pradesh,Firozabad,26.9582,78.7003,8.68,0.9,6.93,25.16,40.29,12.22,26.52,16.77,44.79,622.7,0.851,0.049,8,49.09,18.17,158.0,0.05
Uttar Pradesh,Firozabad,26.9894,78.7595,8.73,0.91,7.89,25.56,41.15,13.51,26.52,16.77,44.79,622.7,0.851,0.049,8,49.09,18.17,160.0,0.12
Uttar Pradesh,Firozabad,27.2282,78.2916,8.16,0.94,7.52,26.28,41.28,14.91,26.54,16.71,44.09,626.3,0.849,0.05,8,49.01,17.56,167.0,0.08
Uttar Pradesh,Firozabad,27.0472,78.5409,8.76,0.99,7.69,25.87,37.75,15.05,26.52,16.77,44.79,622.7,0.851,0.049,8,49.09,17.56,161.0,0.12
Uttar Pradesh,Gautam Buddha Nagar,28.5041,77.5526,8.42,0.82,6.25,26.51,42.69,12.35,25.6,15.42,45.56,751.0,0.827,0.033,8,48.79,17.6,207.0,0.06
Uttar Pradesh,Gautam Buddha Nagar,28.1399,77.7201,8.49,1.04,7.73,25.32,43.67,11.27,25.98,15.8,44.26,670.5,0.83,0.038,8,48.63,17.6,194.0,0.0
Uttar Pradesh,Gautam Buddha Nagar,28.2496,77.6768,8.74,0.9,6.88,24.9,45.13,10.02,25.98,15.8,44.26,670.5,0.83,0.038,8,48.63,17.6,198.0,0.05
Uttar Pradesh,Gautam Buddha Nagar,28.1092,77.5943,8.6,1.1,7.05,27.03,41.51,11.9,25.98,15.8,44.26,670.5,0.83,0.038,8,48.63,17.6,194.0,0.0
Uttar Pradesh,Gautam Buddha Nagar,28.4633,77.5564,8.22,0.82,5.82,23.67,42.57,12.24,25.6,15.42,45.56,751.0,0.827,0.033,8,48.79,17.6,208.0,0.1
Uttar Pradesh,Ghaziabad,28.8613,77.6163,7.72,0.79,7.57,24.29,36.67,10.97,25.22,15.1,47.16,831.4,0.827,0.031,8,49.13,17.6,222.0,0.0
Uttar Pradesh,Ghaziabad,28.8353,77.546,8.1,0.89,7.48,23.4,38.37,11.05,25.22,15.1,47.16,831.4,0.827,0.031,8,49.13,17.6,219.0,0.08
Uttar Pradesh,Ghaziabad,28.7532,77.3259,8.15,0.85,6.83,24.84,40.63,11.3,25.22,15.1,47.16,831.4,0.827,0.031,8,49.13,17.6,210.0,0.59
Uttar Pradesh,Ghaziabad,28.8059,77.8816,7.36,0.93,8.19,25.91,35.61,11.63,25.05,15.09,49.64,944.4,0.844,0.031,8,49.02,17.6,213.0,0.13
Uttar Pradesh,Ghaziabad,28.7782,77.8398,7.52,0.85,7.72,25.71,38.67,10.87,25.05,15.09,49.64,944.4,0.844,0.031,8,49.02,17.6,215.0,0.05
Uttar Pradesh,Ghazipur,25.3352,83.554,6.6,1.79,13.75,33.43,26.35,27.38,26.47,17.62,53.29,889.7,0.857,0.052,8,48.49,17.32,70.0,0.0
Uttar Pradesh,Ghazipur,25.7922,83.5806,7.32,0.98,9.21,30.46,25.33,26.96,26.07,17.06,54.73,952.1,0.858,0.048,8,48.44,17.32,69.0,0.16
Uttar Pradesh,Ghazipur,25.595,83.81,7.32,0.85,7.9,30.85,27.13,29.13,26.47,17.62,53.29,889.7,0.857,0.052,8,48.49,17.32,63.0,0.24
Uttar Pradesh,Ghazipur,25.7556,83.7415,7.22,1.0,11.11,31.73,23.18,28.64,26.07,17.06,54.73,952.1,0.858,0.048,8,48.44,17.32,66.0,0.08
Uttar Pradesh,Ghazipur,25.3455,83.5366,6.56,1.92,13.87,33.33,26.52,27.26,26.47,17.62,53.29,889.7,0.857,0.052,8,48.49,17.32,71.0,0.21
Uttar Pradesh,Gonda,26.8783,82.0016,7.11,1.05,9.77,27.24,32.42,21.12,25.77,16.47,53.86,1044.3,0.861,0.041,8,48.2,17.08,98.0,0.25
Uttar Pradesh,Gonda,27.2291,81.9295,7.17,0.99,10.87,27.59,32.54,20.62,25.77,16.47,53.86,1044.3,0.861,0.041,8,48.2,17.57,111.0,0.15
Uttar Pradesh,Gonda,27.0257,82.4912,7.18,1.14,10.81,24.62,31.78,13.84,25.72,16.49,54.45,1087.6,0.86,0.044,8,48.5,17.9,94.0,0.1
Uttar Pradesh,Gonda,27.1402,81.925,7.12,1.06,10.45,26.41,33.83,21.46,25.77,16.47,53.86,1044.3,0.861,0.041,8,48.2,17.57,109.0,0.29
Uttar Pradesh,Gonda,27.1338,82.2408,7.17,0.93,9.48,25.89,31.88,21.03,25.72,16.49,54.45,1087.6,0.86,0.044,8,48.5,17.9,102.0,0.06
Uttar Pradesh,Gorakhpur,26.7645,83.2136,7.33,1.29,11.62,26.8,31.42,14.7,25.68,16.57,55.44,1200.0,0.857,0.045,7,48.44,16.98,81.0,0.08
Uttar Pradesh,Gorakhpur,26.8421,83.1839,7.17,1.38,13.18,28.41,30.57,14.93,25.68,16.57,55.44,1200.0,0.857,0.045,7,48.44,16.98,78.0,0.23
Uttar Pradesh,Gorakhpur,26.6914,83.2098,7.25,1.13,11.09,27.86,29.36,14.9,25.95,16.82,54.2,1029.1,0.863,0.045,8,48.58,16.98,79.0,0.19
Uttar Pradesh,Gorakhpur,26.852,83.4296,7.14,1.25,11.33,27.85,31.21,14.23,25.68,16.57,55.44,1200.0,0.857,0.045,7,48.44,16.98,81.0,0.13
Uttar Pradesh,Gorakhpur,26.4624,83.4226,7.2,1.11,9.58,24.42,31.2,12.89,25.95,16.82,54.2,1029.1,0.863,0.045,8,48.58,16.98,77.0,0.23
Uttar Pradesh,Hamirpur,25.8259,79.8818,7.45,1.02,7.09,29.97,34.05,21.23,26.71,17.44,47.94,738.0,0.861,0.052,8,49.84,18.21,123.0,0.21
Uttar Pradesh,Hamirpur,25.6969,79.4206,7.49,1.02,7.64,28.43,33.52,22.52,26.57,17.62,48.85,788.7,0.876,0.047,8,49.25,18.21,153.0,0.08
Uttar Pradesh,Hamirpur,25.7828,79.9932,7.52,1.06,8.43,27.96,37.07,18.67,26.71,17.44,47.94,738.0,0.861,0.052,8,49.84,18.21,127.0,0.08
Uttar Pradesh,Hamirpur,25.5061,79.5654,7.42,1.13,7.45,23.59,35.27,19.5,26.57,17.62,48.85,788.7,0.876,0.047,8,49.25,18.21,152.0,0.47
Uttar Pradesh,Hamirpur,25.8819,79.6772,7.44,1.02,7.59,27.55,33.31,21.63,26.75,17.52,47.1,729.3,0.865,0.05,8,49.62,18.21,135.0,0.54
Uttar Pradesh,Hardoi,27.1821,80.468,7.43,1.07,10.31,27.65,35.4,24.55,25.98,16.48,50.64,914.5,0.863,0.043,8,49.37,17.75,133.0,0.0
Uttar Pradesh,Hardoi,27.1603,80.0406,7.57,1.17,10.11,27.48,37.54,28.05,26.17,16.61,48.38,790.5,0.862,0.044,8,49.28,17.75,139.0,0.24
Uttar Pradesh,Hardoi,27.6171,80.0918,7.34,1.13,9.58,27.06,36.44,23.79,25.73,16.07,50.67,903.9,0.868,0.038,8,49.0,17.75,146.0,0.05
Uttar Pradesh,Hardoi,27.3521,79.7912,7.65,1.17,9.53,24.97,38.09,22.58,25.73,16.07,50.67,903.9,0.868,0.038,8,49.0,17.42,135.0,0.06
Uttar Pradesh,Hardoi,27.7517,80.2105,7.25,1.48,9.8,28.12,32.66,20.24,25.37,15.82,52.23,1085.9,0.868,0.032,8,48.75,17.75,152.0,0.06
Uttar Pradesh,Hathras,27.5821,78.0188,8.61,0.96,6.3,26.48,44.3,14.87,26.24,16.27,44.41,635.3,0.843,0.046,8,48.73,17.56,178.0,0.08
Uttar Pradesh,Hathras,27.337,77.9233,8.05,0.94,8.32,28.69,39.0,17.94,26.24,16.27,44.41,635.3,0.843,0.046,8,48.73,17.84,171.0,0.05
Uttar Pradesh,Hathras,27.4615,77.9789,8.18,0.96,7.04,26.12,41.61,16.4,26.24,16.27,44.41,635.3,0.843,0.046,8,48.73,17.84,173.0,0.13
Uttar Pradesh,Hathras,27.5587,78.0712,8.68,0.97,6.07,25.74,43.24,12.2,26.24,16.27,44.41,635.3,0.843,0.046,8,48.73,17.56,176.0,0.27
Uttar Pradesh,Hathras,27.5601,78.1174,8.64,0.96,6.36,25.77,45.7,13.04,26.24,16.27,44.41,635.3,0.843,0.046,8,48.73,17.56,176.0,0.05
Uttar Pradesh,Jalaun,25.8727,79.2747,7.59,1.01,7.87,26.19,37.23,18.69,26.75,17.52,47.1,729.3,0.865,0.05,8,49.62,18.21,152.0,0.05
Uttar Pradesh,Jalaun,25.9132,79.3762,7.8,1.11,10.13,29.74,34.0,22.76,26.75,17.52,47.1,729.3,0.865,0.05,8,49.62,18.21,146.0,0.08
Uttar Pradesh,Jalaun,26.0199,79.9374,7.6,1.08,7.56,27.14,35.47,19.81,26.71,17.44,47.94,738.0,0.861,0.052,8,49.84,18.14,127.0,0.05
Uttar Pradesh,Jalaun,25.7937,79.3321,7.47,1.01,7.89,29.52,37.17,17.88,26.75,17.52,47.1,729.3,0.865,0.05,8,49.62,18.21,137.0,0.63
Uttar Pradesh,Jalaun,26.2857,79.2191,7.6,1.15,9.05,25.4,39.76,19.08,26.57,17.06,46.57,695.9,0.86,0.05,8,49.37,18.14,144.0,0.12
Uttar Pradesh,Jaunpur,25.4141,82.6746,7.21,0.96,8.84,29.88,29.57,28.04,26.59,17.67,52.03,827.0,0.869,0.051,8,48.76,17.4,77.0,0.23
Uttar Pradesh,Jaunpur,25.6338,82.771,7.32,0.93,10.89,28.61,28.5,26.46,26.59,17.67,52.03,827.0,0.869,0.051,8,48.76,17.4,78.0,0.5
Uttar Pradesh,Jaunpur,25.7393,82.315,7.35,1.17,10.2,27.22,29.01,24.71,26.59,17.67,52.03,827.0,0.869,0.051,8,48.76,17.4,92.0,0.06
Uttar Pradesh,Jaunpur,25.6867,82.3641,7.42,1.12,9.49,28.63,27.28,24.98,26.59,17.67,52.03,827.0,0.869,0.051,8,48.76,17.4,90.0,0.05
Uttar Pradesh,Jaunpur,25.7495,82.6606,7.38,0.93,10.4,30.19,28.13,26.34,26.59,17.67,52.03,827.0,0.869,0.051,8,48.76,17.4,77.0,0.31
Uttar Pradesh,Jhansi,25.4765,78.4833,7.49,1.0,6.06,29.2,40.27,18.98,26.5,17.76,47.64,771.4,0.883,0.044,8,48.87,18.27,254.0,0.06
Uttar Pradesh,Jhansi,25.7095,79.3293,7.44,1.01,8.4,30.08,35.16,21.74,26.57,17.62,48.85,788.7,0.876,0.047,8,49.25,18.21,139.0,0.81
Uttar Pradesh,Jhansi,25.2687,78.4388,7.44,0.95,6.0,25.4,40.64,20.4,26.5,17.76,47.64,771.4,0.883,0.044,8,48.87,18.27,282.0,0.35
Uttar Pradesh,Jhansi,25.3505,78.5185,7.31,1.13,7.49,24.31,40.89,22.61,26.5,17.76,47.64,771.4,0.883,0.044,8,48.87,18.27,275.0,1.77
Uttar Pradesh,Jhansi,25.892,78.9823,7.91,1.03,7.57,26.72,38.73,18.88,26.64,17.48,46.37,727.4,0.87,0.046,8,49.2,18.27,165.0,0.08
Uttar Pradesh,Jyotiba Phule Nagar,28.9728,78.6122,7.03,1.03,10.09,27.29,37.85,12.47,25.17,15.56,49.83,957.8,0.84,0.03,8,48.49,17.2,204.0,0.12
Uttar Pradesh,Jyotiba Phule Nagar,28.8808,78.625,7.09,0.98,9.33,24.94,34.97,11.35,25.17,15.56,49.83,957.8,0.84,0.03,8,48.49,17.2,202.0,0.06
Uttar Pradesh,Jyotiba Phule Nagar,28.7558,78.1636,7.21,1.33,17.14,25.05,39.99,13.3,25.05,15.09,49.64,944.4,0.844,0.031,8,49.02,17.2,195.0,0.12
Uttar Pradesh,Jyotiba Phule Nagar,28.5864,78.3761,7.66,1.18,8.76,26.91,40.46,12.21,25.4,15.38,47.87,830.6,0.845,0.034,8,48.96,17.2,197.0,0.12
Uttar Pradesh,Jyotiba Phule Nagar,29.0603,78.1227,7.08,1.15,9.61,27.19,34.96,11.8,25.05,15.09,49.64,944.4,0.844,0.031,8,49.02,18.02,209.0,0.08
Uttar Pradesh,Kannauj,26.796,79.8187,7.64,1.23,10.36,29.07,39.26,25.06,26.17,16.61,48.38,790.5,0.862,0.044,8,49.28,18.14,139.0,0.06
Uttar Pradesh,Kannauj,26.9565,79.4676,7.79,1.2,9.71,23.24,41.59,13.86,26.35,16.71,46.44,691.6,0.858,0.046,8,49.19,18.14,146.0,0.17
Uttar Pradesh,Kannauj,26.8348,79.7772,7.59,1.16,9.99,25.51,39.1,21.71,26.17,16.61,48.38,790.5,0.862,0.044,8,49.28,18.14,139.0,0.12
Uttar Pradesh,Kannauj,26.9635,79.4935,7.92,1.76,9.88,22.97,41.11,11.48,26.35,16.71,46.44,691.6,0.858,0.046,8,49.19,18.14,146.0,0.06
Uttar Pradesh,Kannauj,26.9405,79.3397,8.23,1.24,9.46,23.8,41.54,12.26,26.35,16.71,46.44,691.6,0.858,0.046,8,49.19,18.14,147.0,0.12
Uttar Pradesh,Kanpur Dehat,26.227,79.6799,7.57,1.12,9.61,26.81,34.43,17.32,26.75,17.52,47.1,729.3,0.865,0.05,8,49.62,18.14,131.0,0.19
Uttar Pradesh,Kanpur Dehat,26.7013,79.7528,7.42,1.47,9.47,28.33,33.04,24.52,26.44,16.97,47.87,737.9,0.86,0.049,8,49.47,18.14,138.0,0.06
Uttar Pradesh,Kanpur Dehat,26.5829,79.6589,7.41,1.13,10.17,28.55,35.61,14.13,26.57,17.06,46.57,695.9,0.86,0.05,8,49.37,18.14,145.0,0.08
Uttar Pradesh,Kanpur Dehat,26.1767,80.4374,7.4,1.05,8.17,25.59,28.68,21.4,26.43,17.12,49.98,812.1,0.863,0.051,8,49.62,17.56,120.0,0.0
Uttar Pradesh,Kanpur Dehat,26.35,80.0934,7.31,1.13,8.34,26.27,32.89,24.86,26.44,16.97,47.87,737.9,0.86,0.049,8,49.47,17.56,127.0,0.28
Uttar Pradesh,Kanpur,26.3998,80.4161,7.33,1.02,8.97,27.9,30.41,25.2,26.27,16.87,49.7,844.0,0.862,0.047,8,49.47,17.56,124.0,0.08
Uttar Pradesh,Kanpur,26.2343,80.4741,7.5,1.03,7.72,25.73,31.48,20.19,26.43,17.12,49.98,812.1,0.863,0.051,8,49.62,17.56,121.0,0.12
Uttar Pradesh,Kanpur,26.5608,80.2659,7.37,1.1,10.21,29.95,31.0,27.79,26.44,16.97,47.87,737.9,0.86,0.049,8,49.47,17.56,116.0,0.12
Uttar Pradesh,Kanpur,26.2808,80.4318,7.37,1.07,8.53,26.55,30.29,20.91,26.27,16.87,49.7,844.0,0.862,0.047,8,49.47,17.56,121.0,0.15
Uttar Pradesh,Kanpur,26.4468,80.2316,7.31,1.13,10.35,29.25,31.83,26.16,26.44,16.97,47.87,737.9,0.86,0.049,8,49.47,17.56,124.0,0.21
Uttar Pradesh,Kaushambi,25.6075,81.3732,7.08,0.99,6.76,23.38,30.75,12.08,26.68,17.7,50.55,855.1,0.868,0.051,8,49.4,17.64,104.0,0.05
Uttar Pradesh,Kaushambi,25.3998,81.7062,7.12,0.95,6.26,26.09,30.91,19.56,26.59,17.59,51.44,861.0,0.869,0.052,8,49.29,17.64,96.0,0.28
Uttar Pradesh,Kaushambi,25.6032,81.2347,7.11,0.92,5.94,26.27,31.73,14.28,26.68,17.7,50.55,855.1,0.868,0.051,8,49.4,17.64,107.0,0.41
Uttar Pradesh,Kaushambi,25.3258,81.4109,7.24,0.98,6.7,26.04,33.53,14.85,26.68,17.7,50.55,855.1,0.868,0.051,8,49.4,17.64,96.0,0.31
Uttar Pradesh,Kaushambi,25.6644,81.3441,7.07,0.99,8.14,24.1,29.9,18.45,26.68,17.7,50.55,855.1,0.868,0.051,8,49.4,17.64,105.0,0.15
Uttar Pradesh,Kushinagar,27.0886,83.7849,7.04,0.96,12.46,29.03,31.67,13.02,25.52,16.57,56.9,1262.1,0.846,0.046,6,48.11,17.82,92.0,0.21
Uttar Pradesh,Kushinagar,26.7567,83.6575,7.06,1.16,10.8,29.55,30.44,12.74,25.52,16.57,56.9,1262.1,0.846,0.046,6,48.11,16.98,82.0,0.12
Uttar Pradesh,Kushinagar,26.9722,84.0006,6.98,0.99,10.51,26.56,32.55,13.4,25.52,16.57,56.9,1262.1,0.846,0.046,6,48.11,16.86,86.0,0.05
Uttar Pradesh,Kushinagar,26.6918,84.3132,6.91,0.9,9.23,25.44,34.62,13.22,25.81,16.97,56.46,1112.0,0.842,0.046,7,47.99,16.86,76.0,0.13
Uttar Pradesh,Kushinagar,27.266,83.8406,6.86,1.22,22.48,26.76,35.16,13.89,24.91,16.81,55.54,1408.0,0.828,0.05,6,46.33,17.82,96.0,0.06
Uttar Pradesh,Lakhimpur Kheri,27.9116,80.1321,7.23,1.41,9.85,26.67,33.44,11.54,25.37,15.82,52.23,1085.9,0.868,0.032,8,48.75,17.75,155.0,0.24
Uttar Pradesh,Lakhimpur Kheri,28.2401,80.4882,6.52,1.4,14.63,27.22,36.89,14.05,25.43,16.07,53.17,1156.0,0.853,0.033,8,49.0,17.1,161.0,0.33
Uttar Pradesh,Lakhimpur Kheri,27.7403,81.2153,7.08,1.03,12.2,25.68,35.37,15.08,25.71,16.39,53.05,1129.3,0.853,0.039,8,48.43,17.57,123.0,0.31
Uttar Pradesh,Lakhimpur Kheri,28.1482,80.2384,6.98,0.98,10.65,26.25,37.75,12.58,25.37,15.82,52.23,1085.9,0.868,0.032,8,48.75,17.1,162.0,0.18
Uttar Pradesh,Lakhimpur Kheri,28.1302,80.3405,7.04,1.16,10.88,27.67,35.63,12.93,25.43,16.07,53.17,1156.0,0.853,0.033,8,49.0,17.1,160.0,0.08
Uttar Pradesh,Lalitpur,24.4209,78.8037,7.52,0.79,7.66,35.62,24.52,30.03,25.52,17.76,52.05,1019.6,0.911,0.036,8,47.48,18.78,391.0,0.23
Uttar Pradesh,Lalitpur,25.0875,78.4767,7.37,0.95,6.7,28.86,36.42,22.07,25.99,17.8,50.36,877.6,0.901,0.04,8,47.96,18.27,303.0,0.6
Uttar Pradesh,Lalitpur,24.6016,78.3343,7.34,0.88,6.82,30.43,25.96,30.39,25.53,17.97,50.9,1013.3,0.91,0.039,8,47.5,18.78,380.0,0.4
Uttar Pradesh,Lalitpur,24.5221,78.5736,7.5,0.82,12.61,34.03,25.15,28.14,25.52,17.76,52.05,1019.6,0.911,0.036,8,47.48,18.78,375.0,0.31
Uttar Pradesh,Lalitpur,24.4229,78.3089,7.34,0.79,6.99,33.55,25.4,29.62,25.53,17.97,50.9,1013.3,0.91,0.039,8,47.5,18.78,383.0,0.33
Uttar Pradesh,Lucknow,26.6257,81.1644,7.2,1.23,7.53,29.74,31.24,23.12,26.09,16.77,51.53,933.1,0.865,0.047,8,49.04,17.4,117.0,0.12
Uttar Pradesh,Lucknow,26.7127,80.7925,7.3,1.04,8.33,30.51,33.58,26.28,26.27,16.87,49.7,844.0,0.862,0.047,8,49.47,17.56,121.0,0.18
Uttar Pradesh,Lucknow,27.0307,80.6993,7.08,1.2,10.65,30.43,31.37,28.88,25.98,16.48,50.64,914.5,0.863,0.043,8,49.37,17.75,131.0,0.21
Uttar Pradesh,Lucknow,26.7002,80.8105,7.36,0.98,7.61,29.52,31.79,26.77,26.27,16.87,49.7,844.0,0.862,0.047,8,49.47,17.56,122.0,0.15
Uttar Pradesh,Lucknow,26.7248,81.0332,7.23,1.02,8.1,27.2,36.94,18.86,26.09,16.77,51.53,933.1,0.865,0.047,8,49.04,17.4,119.0,0.05
Uttar Pradesh,Maharajganj,27.3192,83.6661,6.99,1.14,12.81,28.34,30.58,14.22,24.91,16.81,55.54,1408.0,0.828,0.05,6,46.33,17.82,98.0,0.26
Uttar Pradesh,Maharajganj,27.1458,83.6536,7.01,0.99,12.08,27.55,30.38,13.5,25.52,16.57,56.9,1262.1,0.846,0.046,6,48.11,17.82,93.0,0.05
Uttar Pradesh,Maharajganj,27.0861,83.2969,6.12,1.62,14.21,25.03,30.27,12.28,25.68,16.57,55.44,1200.0,0.857,0.045,7,48.44,17.82,105.0,0.52
Uttar Pradesh,Maharajganj,27.4294,83.6314,6.82,1.18,13.68,27.24,27.93,14.46,24.91,16.81,55.54,1408.0,0.828,0.05,6,46.33,17.82,100.0,0.43
Uttar Pradesh,Maharajganj,27.2396,83.2261,7.13,1.14,11.92,29.09,27.4,14.01,25.68,16.57,55.44,1200.0,0.857,0.045,7,48.44,17.82,83.0,0.1
Uttar Pradesh,Mahoba,25.4463,79.4024,7.53,1.12,7.44,26.17,43.96,16.72,26.57,17.62,48.85,788.7,0.876,0.047,8,49.25,18.21,174.0,0.28
Uttar Pradesh,Mahoba,25.4691,79.7664,7.6,1.04,7.27,23.44,35.83,21.57,26.62,17.6,49.74,814.2,0.87,0.049,8,49.69,18.21,167.0,0.35
Uttar Pradesh,Mahoba,25.1131,79.4979,7.44,0.93,6.52,23.2,41.91,23.77,26.13,17.84,50.96,912.4,0.89,0.042,8,48.42,18.21,249.0,0.2
Uttar Pradesh,Mahoba,25.3381,79.5446,7.43,1.02,7.31,23.69,39.58,21.63,26.57,17.62,48.85,788.7,0.876,0.047,8,49.25,18.21,188.0,0.37
Uttar Pradesh,Mahoba,25.2026,79.5809,7.36,1.03,7.14,23.92,42.02,18.31,26.13,17.84,50.96,912.4,0.89,0.042,8,48.42,18.21,216.0,0.72
Uttar Pradesh,Mainpuri,27.3589,79.1248,8.23,1.13,8.43,22.08,40.47,11.51,25.97,16.24,47.95,766.4,0.86,0.04,8,48.9,17.42,156.0,0.13
Uttar Pradesh,Mainpuri,27.4131,79.0182,8.33,1.18,8.11,21.66,40.73,11.24,26.21,16.33,45.28,638.4,0.842,0.045,8,48.72,17.42,159.0,0.16
Uttar Pradesh,Mainpuri,27.1349,79.177,8.27,1.31,10.21,24.1,43.82,12.61,26.35,16.71,46.44,691.6,0.858,0.046,8,49.19,17.42,153.0,0.05
Uttar Pradesh,Mainpuri,27.055,79.0301,8.84,1.81,9.75,25.02,43.56,10.75,26.52,16.77,44.79,622.7,0.851,0.049,8,49.09,17.42,154.0,0.05
Uttar Pradesh,Mainpuri,27.2102,79.2282,8.14,1.29,9.43,22.67,43.24,14.22,26.35,16.71,46.44,691.6,0.858,0.046,8,49.19,17.42,151.0,0.31
Uttar Pradesh,Mathura,27.4538,77.557,8.08,0.94,6.22,27.8,39.96,13.94,26.38,16.24,42.94,596.6,0.835,0.045,8,48.76,17.84,179.0,0.36
Uttar Pradesh,Mathura,27.4054,77.5176,8.0,0.97,7.22,28.35,42.22,17.73,26.38,16.24,42.94,596.6,0.835,0.045,8,48.76,17.84,178.0,0.08
Uttar Pradesh,Mathura,27.8768,77.4754,8.25,0.94,6.99,26.39,44.83,12.42,25.98,15.8,44.26,670.5,0.83,0.038,8,48.63,17.84,188.0,0.05
Uttar Pradesh,Mathura,27.3293,77.708,8.1,0.93,7.12,27.48,39.97,15.53,26.38,16.24,42.94,596.6,0.835,0.045,8,48.76,17.84,175.0,0.0
Uttar Pradesh,Mathura,27.6804,77.748,8.4,0.93,6.26,24.19,44.53,13.34,26.38,16.24,42.94,596.6,0.835,0.045,8,48.76,17.84,181.0,0.16
Uttar Pradesh,Mau,26.0878,83.5676,7.09,0.91,8.99,29.59,25.95,22.82,26.07,17.06,54.73,952.1,0.858,0.048,8,48.44,16.98,72.0,0.05
Uttar Pradesh,Mau,25.8727,83.3836,7.36,1.06,7.19,30.75,27.88,24.86,26.16,17.06,53.52,891.3,0.865,0.047,8,48.68,17.32,71.0,0.08
Uttar Pradesh,Mau,26.0891,83.5291,7.31,0.98,8.65,30.42,27.87,22.21,26.07,17.06,54.73,952.1,0.858,0.048,8,48.44,16.98,70.0,0.12
Uttar Pradesh,Mau,26.148,83.6349,7.22,0.98,9.33,27.93,25.25,18.99,26.07,17.06,54.73,952.1,0.858,0.048,8,48.44,16.98,71.0,0.06
Uttar Pradesh,Mau,25.8678,83.3114,7.35,1.08,8.24,29.02,23.59,27.28,26.16,17.06,53.52,891.3,0.865,0.047,8,48.68,17.32,75.0,0.08
Uttar Pradesh,Mirzapur,24.7786,82.2778,7.24,0.94,7.87,34.85,32.34,34.72,26.43,17.94,52.11,850.4,0.868,0.052,8,48.55,18.35,176.0,0.36
Uttar Pradesh,Mirzapur,24.8735,82.9219,7.19,1.11,10.34,42.35,21.15,40.61,26.18,17.76,52.99,823.4,0.864,0.053,8,48.29,18.35,299.0,0.34
Uttar Pradesh,Mirzapur,25.1406,82.8795,7.33,0.91,22.87,36.46,25.63,29.51,26.18,17.76,52.99,823.4,0.864,0.053,8,48.29,17.4,63.0,1.07
Uttar Pradesh,Mirzapur,25.2039,82.4833,7.33,0.93,8.42,31.19,30.22,31.18,26.43,17.94,52.11,850.4,0.868,0.052,8,48.55,17.4,79.0,0.23
Uttar Pradesh,Mirzapur,25.0992,83.0622,7.46,1.16,7.98,37.13,23.98,28.41,26.18,17.76,52.99,823.4,0.864,0.053,8,48.29,17.32,84.0,0.12
Uttar Pradesh,Meerut,28.7545,77.7024,8.04,0.79,7.65,24.63,36.96,11.23,25.22,15.1,47.16,831.4,0.827,0.031,8,49.13,17.6,214.0,0.08
Uttar Pradesh,Meerut,29.0077,77.737,7.53,0.85,7.5,24.02,40.93,11.53,25.22,15.1,47.16,831.4,0.827,0.031,8,49.13,17.48,228.0,0.06
Uttar Pradesh,Meerut,29.2181,77.6907,7.26,0.81,9.1,24.12,35.3,11.29,25.22,15.1,47.16,831.4,0.827,0.031,8,49.13,17.48,234.0,0.05
Uttar Pradesh,Meerut,29.0666,78.028,7.14,0.91,9.06,25.78,34.48,11.96,25.05,15.09,49.64,944.4,0.844,0.031,8,49.02,18.02,209.0,0.06
Uttar Pradesh,Meerut,29.1875,77.8391,7.18,0.89,8.99,25.86,35.07,11.26,25.05,15.09,49.64,944.4,0.844,0.031,8,49.02,17.48,231.0,0.16
Uttar Pradesh,Muzaffarnagar,29.5832,77.8407,7.17,0.96,11.33,25.97,35.96,14.14,24.73,15.14,51.14,1115.0,0.844,0.028,8,48.43,17.48,255.0,0.06
Uttar Pradesh,Muzaffarnagar,29.5127,77.8958,7.05,0.94,11.66,25.02,37.54,13.6,24.73,15.14,51.14,1115.0,0.844,0.028,8,48.43,17.48,251.0,0.05
Uttar Pradesh,Muzaffarnagar,29.5035,77.1273,7.9,1.0,7.89,28.84,35.22,11.93,25.17,14.78,45.76,754.9,0.809,0.029,8,49.4,17.48,232.0,0.08
Uttar Pradesh,Muzaffarnagar,29.2902,77.898,7.2,0.92,9.89,27.96,34.98,12.85,24.73,15.14,51.14,1115.0,0.844,0.028,8,48.43,17.48,239.0,0.21
Uttar Pradesh,Muzaffarnagar,29.2382,77.7053,7.26,0.82,9.61,24.33,34.48,11.46,25.22,15.1,47.16,831.4,0.827,0.031,8,49.13,17.48,235.0,0.05
Uttar Pradesh,Moradabad,28.6277,78.5432,7.43,1.05,8.34,25.26,41.42,10.99,25.37,15.52,49.18,850.2,0.843,0.033,8,48.62,17.2,200.0,0.13
Uttar Pradesh,Moradabad,28.6906,78.4336,7.33,1.02,8.36,26.19,41.79,10.16,25.4,15.38,47.87,830.6,0.845,0.034,8,48.96,17.2,204.0,0.06
Uttar Pradesh,Moradabad,28.5728,78.8178,7.29,1.16,10.04,27.64,40.0,11.86,25.37,15.52,49.18,850.2,0.843,0.033,8,48.62,17.2,189.0,0.06
Uttar Pradesh,Moradabad,28.9024,78.6796,7.09,0.97,9.61,26.25,34.23,12.03,25.17,15.56,49.83,957.8,0.84,0.03,8,48.49,17.2,201.0,0.17
Uttar Pradesh,Moradabad,28.7417,78.8676,7.14,1.07,10.51,27.76,36.94,11.35,25.37,15.52,49.18,850.2,0.843,0.033,8,48.62,17.2,186.0,0.17
Uttar Pradesh,Pratapgarh,25.8514,81.8378,7.35,1.17,7.09,27.75,28.98,20.08,26.25,17.03,51.95,869.9,0.867,0.049,8,49.28,17.64,98.0,0.06
Uttar Pradesh,Pratapgarh,25.8903,82.2763,7.3,0.93,8.5,28.98,27.94,22.44,26.24,17.08,52.58,867.2,0.868,0.049,8,48.87,17.4,93.0,0.12
Uttar Pradesh,Pratapgarh,25.8578,81.7887,7.33,1.03,6.02,27.17,30.31,17.05,26.25,17.03,51.95,869.9,0.867,0.049,8,49.28,17.64,100.0,0.0
Uttar Pradesh,Pratapgarh,25.984,81.9824,7.21,0.92,8.96,28.62,28.08,20.9,26.25,17.03,51.95,869.9,0.867,0.049,8,49.28,17.64,91.0,0.42
Uttar Pradesh,Pratapgarh,25.7511,81.8722,7.24,0.97,7.0,24.71,32.2,17.0,26.25,17.03,51.95,869.9,0.867,0.049,8,49.28,17.64,103.0,0.16
Uttar Pradesh,Pilibhit,28.6994,80.2259,7.01,1.26,25.2,21.78,39.87,13.67,25.09,15.81,53.79,1264.8,0.853,0.029,8,48.37,17.1,172.0,0.06
Uttar Pradesh,Pilibhit,28.4628,80.0778,6.93,1.03,12.26,27.73,34.86,15.27,25.09,15.81,53.79,1264.8,0.853,0.029,8,48.37,17.1,177.0,0.05
Uttar Pradesh,Pilibhit,28.4973,79.9938,6.66,1.11,13.53,26.06,33.26,14.29,25.09,15.81,53.79,1264.8,0.853,0.029,8,48.37,17.03,181.0,1.23
Uttar Pradesh,Pilibhit,28.6795,80.0405,6.37,1.28,18.35,26.17,36.39,12.41,25.09,15.81,53.79,1264.8,0.853,0.029,8,48.37,17.1,205.0,0.41
Uttar Pradesh,Pilibhit,28.4418,80.1734,6.96,1.03,11.74,26.92,37.08,13.98,25.09,15.81,53.79,1264.8,0.853,0.029,8,48.37,17.1,176.0,0.08
Uttar Pradesh,Rae Bareli,26.4846,81.1064,7.26,1.42,9.25,30.01,29.45,23.07,26.09,16.77,51.53,933.1,0.865,0.047,8,49.04,17.4,117.0,0.0
Uttar Pradesh,Rae Bareli,26.0025,81.43,7.29,1.26,7.75,26.24,28.91,23.38,26.29,17.03,51.18,864.1,0.868,0.049,8,49.37,17.4,109.0,0.13
Uttar Pradesh,Rae Bareli,26.2551,81.1427,7.33,1.02,6.68,27.75,29.89,25.97,26.09,16.77,51.53,933.1,0.865,0.047,8,49.04,17.4,109.0,0.13
Uttar Pradesh,Rae Bareli,26.206,81.4164,7.1,1.3,7.31,28.16,31.68,21.08,26.29,17.03,51.18,864.1,0.868,0.049,8,49.37,17.4,109.0,0.05
Uttar Pradesh,Rae Bareli,26.4053,81.1223,7.37,1.32,7.97,29.06,28.99,20.85,26.09,16.77,51.53,933.1,0.865,0.047,8,49.04,17.4,113.0,0.17
Uttar Pradesh,Rampur,28.5783,79.1001,7.15,1.38,10.76,27.43,36.79,10.78,25.2,15.63,51.8,1075.3,0.862,0.03,8,48.6,17.03,177.0,0.12
Uttar Pradesh,Rampur,29.0134,79.1219,6.97,0.95,11.33,27.21,36.03,12.84,24.72,15.81,51.46,1216.0,0.848,0.029,8,47.57,17.73,206.0,0.26
Uttar Pradesh,Rampur,28.5992,79.1544,7.1,1.3,12.18,26.86,35.16,12.85,25.2,15.63,51.8,1075.3,0.862,0.03,8,48.6,17.03,175.0,0.06
Uttar Pradesh,Rampur,28.9026,79.3099,6.93,1.06,11.37,28.65,36.17,13.71,24.72,15.81,51.46,1216.0,0.848,0.029,8,47.57,17.03,197.0,0.1
Uttar Pradesh,Rampur,29.0109,79.1402,6.98,0.99,12.36,27.45,37.07,13.45,24.72,15.81,51.46,1216.0,0.848,0.029,8,47.57,17.73,204.0,0.05
Uttar Pradesh,Sant Kabir Nagar,26.8498,82.8895,7.13,1.46,13.22,27.1,31.7,15.18,25.68,16.57,55.44,1200.0,0.857,0.045,7,48.44,17.08,85.0,0.05
Uttar Pradesh,Sant Kabir Nagar,26.6834,83.0345,7.17,1.19,12.03,26.93,29.67,14.98,25.95,16.82,54.2,1029.1,0.863,0.045,8,48.58,16.98,82.0,0.06
Uttar Pradesh,Sant Kabir Nagar,26.5866,82.9557,7.26,1.48,11.06,24.97,28.45,13.44,25.95,16.82,54.2,1029.1,0.863,0.045,8,48.58,17.08,84.0,0.17
Uttar Pradesh,Sant Kabir Nagar,26.5599,83.0753,7.31,1.31,11.55,25.66,27.91,13.88,25.95,16.82,54.2,1029.1,0.863,0.045,8,48.58,16.98,77.0,0.08
Uttar Pradesh,Sant Kabir Nagar,26.9775,83.0823,7.08,1.18,10.57,29.15,30.53,14.49,25.68,16.57,55.44,1200.0,0.857,0.045,7,48.44,16.98,82.0,0.05
Uttar Pradesh,Saharanpur,29.8995,77.2089,7.3,1.01,11.31,27.46,36.38,14.02,24.39,14.85,51.05,1251.1,0.835,0.026,8,48.94,17.48,253.0,0.19
Uttar Pradesh,Saharanpur,29.7291,77.7587,7.15,0.94,11.27,27.95,34.05,14.83,24.85,14.93,49.16,986.1,0.831,0.028,8,49.21,17.48,257.0,0.19
Uttar Pradesh,Saharanpur,29.8362,77.7139,7.16,1.26,11.92,26.84,38.54,16.39,24.39,14.85,51.05,1251.1,0.835,0.026,8,48.94,17.48,267.0,0.26
Uttar Pradesh,Saharanpur,30.05,77.5899,6.9,1.44,12.4,24.91,39.73,15.19,24.39,14.85,51.05,1251.1,0.835,0.026,8,48.94,18.15,284.0,0.24
Uttar Pradesh,Saharanpur,29.9333,77.2915,7.29,1.16,10.44,29.22,36.0,15.75,24.39,14.85,51.05,1251.1,0.835,0.026,8,48.94,17.48,260.0,0.0
Uttar Pradesh,Sant Ravi Das Nagar,25.2669,82.4875,7.35,1.03,8.09,30.47,29.08,35.34,26.59,17.67,52.03,827.0,0.869,0.051,8,48.76,17.4,91.0,0.16
Uttar Pradesh,Sant Ravi Das Nagar,25.3812,82.346,7.16,1.04,7.84,28.24,30.37,34.83,26.59,17.67,52.03,827.0,0.869,0.051,8,48.76,17.4,87.0,0.33
Uttar Pradesh,Sant Ravi Das Nagar,25.3841,82.4217,7.29,0.97,7.57,29.85,29.57,33.18,26.59,17.67,52.03,827.0,0.869,0.051,8,48.76,17.4,87.0,0.08
Uttar Pradesh,Sant Ravi Das Nagar,25.4151,82.5575,7.27,1.01,9.3,28.94,28.63,28.59,26.59,17.67,52.03,827.0,0.869,0.051,8,48.76,17.4,84.0,0.16
Uttar Pradesh,Sant Ravi Das Nagar,25.3961,82.4894,7.31,0.98,7.96,29.33,32.3,33.48,26.59,17.67,52.03,827.0,0.869,0.051,8,48.76,17.4,87.0,0.27
Uttar Pradesh,Shahjahanpur,28.1571,80.1064,7.02,1.06,11.35,28.1,35.65,13.65,25.37,15.82,52.23,1085.9,0.868,0.032,8,48.75,17.1,162.0,0.23
Uttar Pradesh,Shahjahanpur,27.7611,79.5537,7.68,1.17,9.17,24.23,39.65,13.47,25.5,15.75,50.43,926.0,0.866,0.034,8,48.59,17.42,146.0,0.06
Uttar Pradesh,Shahjahanpur,28.1913,79.6524,7.15,1.14,10.65,24.19,38.46,11.21,25.5,15.75,50.43,926.0,0.866,0.034,8,48.59,17.03,161.0,0.1
Uttar Pradesh,Shahjahanpur,28.3328,80.033,6.93,0.98,13.29,25.83,34.46,14.34,25.09,15.81,53.79,1264.8,0.853,0.029,8,48.37,17.1,171.0,0.24
Uttar Pradesh,Shahjahanpur,28.0016,79.604,7.32,1.2,8.89,24.31,36.61,11.04,25.5,15.75,50.43,926.0,0.866,0.034,8,48.59,17.03,155.0,0.23
Uttar Pradesh,Shravasti,27.7023,81.5329,7.04,0.94,9.1,27.14,33.43,13.42,25.71,16.39,53.05,1129.3,0.853,0.039,8,48.43,17.57,126.0,0.0
Uttar Pradesh,Shravasti,27.8416,81.7905,6.94,0.88,11.18,22.26,38.5,14.79,25.05,16.7,52.46,1263.6,0.84,0.035,7,47.05,17.57,126.0,0.12
Uttar Pradesh,Shravasti,27.7094,82.1065,6.75,1.15,12.43,23.94,38.09,15.55,25.64,16.49,53.49,1155.0,0.851,0.038,8,48.25,17.9,129.0,0.21
Uttar Pradesh,Shravasti,27.6009,81.8154,6.93,0.92,9.85,24.7,36.4,12.68,25.64,16.49,53.49,1155.0,0.851,0.038,8,48.25,17.57,120.0,0.0
Uttar Pradesh,Shravasti,27.7894,81.9923,6.97,1.01,10.06,19.01,37.16,15.17,25.05,16.7,52.46,1263.6,0.84,0.035,7,47.05,17.57,125.0,0.17
Uttar Pradesh,Siddharth Nagar,27.2463,83.1093,7.12,1.05,10.37,28.38,29.86,11.82,25.68,16.57,55.44,1200.0,0.857,0.045,7,48.44,17.82,84.0,0.43
Uttar Pradesh,Siddharth Nagar,27.3032,82.8713,7.12,1.01,10.17,29.07,31.5,14.43,25.37,17.03,53.52,1342.0,0.845,0.046,6,47.35,17.9,92.0,0.16
Uttar Pradesh,Siddharth Nagar,27.3836,82.8112,7.09,0.94,10.45,27.54,34.05,13.55,25.58,16.82,52.99,1208.3,0.852,0.041,7,47.86,17.9,92.0,0.12
Uttar Pradesh,Siddharth Nagar,27.1682,82.6774,7.02,0.97,10.41,26.1,33.9,15.45,25.72,16.49,54.45,1087.6,0.86,0.044,8,48.5,17.9,96.0,0.12
Uttar Pradesh,Siddharth Nagar,27.3365,82.6496,7.1,1.13,12.39,25.22,30.52,15.32,25.58,16.82,52.99,1208.3,0.852,0.041,7,47.86,17.9,95.0,0.16
Uttar Pradesh,Sitapur,27.3391,80.8168,7.12,1.16,9.46,25.11,34.99,13.96,25.67,16.15,51.93,1006.3,0.86,0.038,8,49.09,17.75,131.0,0.05
Uttar Pradesh,Sitapur,27.5368,80.3289,7.63,1.25,10.15,28.75,36.69,24.86,25.67,16.15,51.93,1006.3,0.86,0.038,8,49.09,17.75,133.0,0.23
Uttar Pradesh,Sitapur,27.5884,81.1846,7.08,0.99,10.11,25.01,37.17,14.57,25.71,16.39,53.05,1129.3,0.853,0.039,8,48.43,17.57,119.0,0.08
Uttar Pradesh,Sitapur,27.6359,80.5836,7.13,1.17,11.08,24.68,37.28,12.21,25.67,16.15,51.93,1006.3,0.86,0.038,8,49.09,17.75,139.0,0.0
Uttar Pradesh,Sitapur,27.4839,81.1351,7.1,1.05,9.37,27.04,34.5,11.33,25.71,16.39,53.05,1129.3,0.853,0.039,8,48.43,17.57,121.0,0.16
Uttar Pradesh,Sonbhadra,24.5139,82.8854,7.37,1.06,10.86,38.49,21.69,42.22,25.94,17.91,53.72,910.4,0.86,0.057,8,47.72,18.35,217.0,0.38
Uttar Pradesh,Sonbhadra,24.0679,82.9109,7.44,0.98,9.07,40.28,17.48,41.85,25.54,18.16,55.35,1047.6,0.852,0.062,7,46.64,18.35,279.0,1.04
Uttar Pradesh,Sonbhadra,24.7452,82.5607,7.23,0.89,9.0,37.84,26.22,37.8,25.73,17.72,53.67,930.7,0.863,0.054,8,47.77,18.35,234.0,2.39
Uttar Pradesh,Sonbhadra,24.2069,83.1522,7.2,0.95,9.05,40.51,19.75,46.79,25.54,18.16,55.35,1047.6,0.852,0.062,7,46.64,18.02,287.0,0.81
Uttar Pradesh,Sonbhadra,24.7374,83.4416,7.15,0.93,10.31,44.02,24.84,42.12,25.78,17.74,55.19,1011.9,0.859,0.059,7,47.45,18.02,336.0,1.21
Uttar Pradesh,Sultanpur,26.272,81.7796,7.25,1.09,7.24,30.18,28.21,23.06,26.02,16.76,52.66,938.3,0.865,0.045,8,48.97,17.4,105.0,0.26
Uttar Pradesh,Sultanpur,26.3361,82.3444,7.5,1.03,8.42,29.04,30.59,21.63,25.99,16.78,53.4,961.9,0.865,0.046,8,48.61,17.08,98.0,0.06
Uttar Pradesh,Sultanpur,26.1579,82.3892,7.52,1.02,9.22,31.16,28.68,23.32,26.24,17.08,52.58,867.2,0.868,0.049,8,48.87,17.08,98.0,0.24
Uttar Pradesh,Sultanpur,26.3519,82.3194,7.48,1.12,8.11,30.23,29.38,22.68,25.99,16.78,53.4,961.9,0.865,0.046,8,48.61,17.08,94.0,0.06
Uttar Pradesh,Sultanpur,26.085,82.2631,7.49,0.98,10.14,31.07,26.62,22.35,26.24,17.08,52.58,867.2,0.868,0.049,8,48.87,17.08,90.0,0.08
Uttar Pradesh,Unnao,26.8221,80.6829,7.38,1.47,10.53,30.24,32.57,24.08,25.98,16.48,50.64,914.5,0.863,0.043,8,49.37,17.56,124.0,0.05
Uttar Pradesh,Unnao,26.8055,80.116,7.53,1.17,15.55,26.3,37.4,27.17,26.17,16.61,48.38,790.5,0.862,0.044,8,49.28,17.56,124.0,0.84
Uttar Pradesh,Unnao,26.9816,80.1603,7.55,1.1,10.32,27.27,36.26,27.57,26.17,16.61,48.38,790.5,0.862,0.044,8,49.28,17.56,124.0,0.26
Uttar Pradesh,Unnao,26.6043,80.3254,7.56,1.04,9.93,26.5,34.73,27.58,26.27,16.87,49.7,844.0,0.862,0.047,8,49.47,17.56,116.0,0.29
Uttar Pradesh,Unnao,26.1921,80.6353,7.38,1.04,24.51,25.62,31.6,16.6,26.43,17.12,49.98,812.1,0.863,0.051,8,49.62,17.56,105.0,0.0
Uttar Pradesh,Varanasi,25.5013,82.7381,7.45,1.09,9.79,29.56,26.85,27.49,26.59,17.67,52.03,827.0,0.869,0.051,8,48.76,17.4,82.0,0.2
Uttar Pradesh,Varanasi,25.4088,82.7298,7.23,0.92,7.71,29.77,30.28,33.1,26.59,17.67,52.03,827.0,0.869,0.051,8,48.76,17.4,81.0,0.23
Uttar Pradesh,Varanasi,25.2679,82.8541,7.33,0.95,7.25,29.77,28.67,34.43,26.63,17.77,51.9,813.9,0.865,0.049,8,48.72,17.4,82.0,0.17
Uttar Pradesh,Varanasi,25.3627,83.1055,7.31,0.92,8.27,31.44,26.22,30.61,26.63,17.77,51.9,813.9,0.865,0.049,8,48.72,17.32,74.0,0.06
Uttar Pradesh,Varanasi,25.1725,82.8482,7.34,0.89,7.39,34.55,27.76,33.58,26.18,17.76,52.99,823.4,0.864,0.053,8,48.29,17.4,74.0,0.0
Uttaranchal,Almora,29.4566,79.7648,5.54,4.54,53.07,26.65,35.33,23.11,17.95,10.49,56.86,1240.0,0.786,0.031,6,38.21,17.73,2197.0,10.96
Uttaranchal,Almora,29.6436,79.8901,5.89,2.93,31.13,25.86,32.78,20.83,17.95,10.49,56.86,1240.0,0.786,0.031,6,38.21,17.73,1713.0,22.07
Uttaranchal,Almora,29.6984,79.4221,6.11,2.05,26.44,24.14,32.06,19.78,20.12,12.25,54.88,1298.7,0.829,0.029,8,41.27,17.73,1180.0,3.49
Uttaranchal,Almora,29.7912,79.6068,5.95,2.26,24.39,25.12,31.82,18.99,15.25,7.65,57.62,1219.7,0.805,0.029,7,35.05,17.73,1407.0,6.67
Uttaranchal,Almora,29.5073,79.865,6.21,2.2,24.48,24.24,32.87,20.08,17.95,10.49,56.86,1240.0,0.786,0.031,6,38.21,17.73,985.0,11.03
Uttaranchal,Bageshwar,30.157,79.8131,5.81,4.38,62.36,21.56,48.8,23.42,12.45,4.88,57.25,963.8,0.742,0.035,7,31.24,16.85,2468.0,15.91
Uttaranchal,Bageshwar,29.9714,79.7969,5.92,3.34,37.91,25.99,32.33,20.33,12.45,4.88,57.25,963.8,0.742,0.035,7,31.24,17.73,1573.0,3.93
Uttaranchal,Bageshwar,30.0674,79.8857,5.75,3.88,52.74,18.39,46.92,20.28,12.45,4.88,57.25,963.8,0.742,0.035,7,31.24,16.85,2589.0,18.97
Uttaranchal,Bageshwar,29.8914,79.7149,6.14,2.39,22.89,24.1,31.37,18.28,12.45,4.88,57.25,963.8,0.742,0.035,7,31.24,17.73,1329.0,16.48
Uttaranchal,Bageshwar,29.8086,79.7641,6.14,2.28,22.86,26.19,31.18,18.96,12.45,4.88,57.25,963.8,0.742,0.035,7,31.24,17.73,1277.0,20.48
Uttaranchal,Chamoli,30.1883,79.4823,5.74,3.89,49.99,19.54,45.06,20.6,15.25,7.65,57.62,1219.7,0.805,0.029,7,35.05,16.85,2500.0,20.68
Uttaranchal,Chamoli,30.1099,79.6855,5.77,4.58,61.13,17.69,44.56,20.67,15.25,7.65,57.62,1219.7,0.805,0.029,7,35.05,16.85,2478.0,35.07
Uttaranchal,Chamoli,30.0626,79.5609,5.89,4.4,45.92,24.69,34.49,20.68,15.25,7.65,57.62,1219.7,0.805,0.029,7,35.05,16.85,2140.0,15.97
Uttaranchal,Chamoli,30.8545,79.5124,6.58,3.6,54.74,17.91,45.35,27.84,-5.32,-15.26,70.24,550.4,0.735,0.042,8,15.6,16.85,5377.0,15.21
Uttaranchal,Chamoli,30.5731,79.5667,6.1,2.83,38.97,25.19,37.87,19.58,6.74,-1.11,60.55,944.2,0.778,0.033,8,26.07,16.85,2283.0,10.91
Uttaranchal,Champawat,29.272,79.9428,5.67,2.38,32.89,25.87,32.81,18.46,17.95,10.49,56.86,1240.0,0.786,0.031,6,38.21,17.73,1480.0,17.31
Uttaranchal,Champawat,29.128,80.2228,6.01,2.09,26.69,24.86,36.22,16.12,24.0,15.62,53.32,1352.7,0.823,0.029,7,45.81,18.13,419.0,6.45
Uttaranchal,Champawat,29.2356,80.1345,6.01,3.1,25.33,25.56,35.23,18.57,24.0,15.62,53.32,1352.7,0.823,0.029,7,45.81,18.13,699.0,3.07
Uttaranchal,Champawat,29.2076,80.2164,6.02,3.6,23.33,24.71,34.61,17.11,24.0,15.62,53.32,1352.7,0.823,0.029,7,45.81,18.13,389.0,10.58
Uttaranchal,Champawat,29.348,80.1367,5.65,1.9,27.95,24.99,32.25,17.32,17.95,10.49,56.86,1240.0,0.786,0.031,6,38.21,18.13,1553.0,5.7
Uttaranchal,Dehra Dun,30.8264,77.7642,6.15,2.73,25.79,25.08,35.51,21.57,14.67,6.83,58.07,1175.6,0.796,0.03,8,35.62,18.15,797.0,0.21
Uttaranchal,Dehra Dun,30.7746,77.7978,5.68,4.37,51.01,27.17,40.85,19.59,14.67,6.83,58.07,1175.6,0.796,0.03,8,35.62,18.15,2373.0,30.5
Uttaranchal,Dehra Dun,30.36,77.8313,6.59,2.31,20.53,29.04,36.91,22.41,17.99,10.01,55.8,1294.5,0.822,0.027,8,39.9,18.15,494.0,1.01
Uttaranchal,Dehra Dun,30.1353,78.0855,5.96,3.2,24.03,23.74,36.16,18.79,23.25,14.43,51.83,1289.0,0.839,0.026,8,46.35,18.02,508.0,3.61
Uttaranchal,Dehra Dun,30.2789,78.074,6.43,2.67,24.55,27.69,34.33,20.2,17.99,10.01,55.8,1294.5,0.822,0.027,8,39.9,18.02,627.0,0.66
Uttaranchal,Haridwar,30.0256,78.0581,6.05,2.73,26.75,24.32,36.78,22.42,23.25,14.43,51.83,1289.0,0.839,0.026,8,46.35,18.02,582.0,4.05
Uttaranchal,Haridwar,30.0414,78.0467,6.06,2.79,26.04,25.54,35.91,20.43,23.25,14.43,51.83,1289.0,0.839,0.026,8,46.35,18.02,577.0,3.35
Uttaranchal,Haridwar,29.895,78.0363,6.8,1.62,14.32,23.82,41.2,16.46,23.25,14.43,51.83,1289.0,0.839,0.026,8,46.35,18.02,266.0,0.36
Uttaranchal,Haridwar,29.8575,77.9407,7.16,1.41,12.82,26.38,40.31,15.2,23.25,14.43,51.83,1289.0,0.839,0.026,8,46.35,17.48,253.0,0.18
Uttaranchal,Haridwar,29.8968,78.1178,6.85,2.3,15.53,25.42,36.76,17.05,23.25,14.43,51.83,1289.0,0.839,0.026,8,46.35,18.02,278.0,0.12
Uttaranchal,Naini Tal,29.0351,79.8515,6.12,1.62,19.49,23.46,40.3,13.21,24.0,15.62,53.32,1352.7,0.823,0.029,7,45.81,17.73,231.0,0.51
Uttaranchal,Naini Tal,29.2626,79.3986,5.91,2.25,24.54,26.49,36.21,18.07,20.12,12.25,54.88,1298.7,0.829,0.029,8,41.27,17.73,410.0,1.85
Uttaranchal,Naini Tal,29.0568,79.7835,6.17,1.72,21.63,22.99,38.76,12.38,24.0,15.62,53.32,1352.7,0.823,0.029,7,45.81,17.73,250.0,0.75
Uttaranchal,Naini Tal,29.3459,79.2007,6.1,2.56,24.33,26.22,34.66,19.4,20.12,12.25,54.88,1298.7,0.829,0.029,8,41.27,17.73,410.0,0.78
Uttaranchal,Naini Tal,29.1472,79.3071,6.1,1.79,18.41,24.64,35.86,12.47,24.72,15.81,51.46,1216.0,0.848,0.029,8,47.57,17.73,242.0,0.83
Uttaranchal,Pauri Garhwal,30.0509,79.17,5.54,4.25,62.02,26.28,40.11,20.31,15.25,7.65,57.62,1219.7,0.805,0.029,7,35.05,16.85,2405.0,8.54
Uttaranchal,Pauri Garhwal,29.8229,78.7335,6.1,2.48,25.49,24.85,35.27,18.86,19.01,11.16,55.61,1331.3,0.833,0.027,8,40.15,18.02,1082.0,15.09
Uttaranchal,Pauri Garhwal,29.621,78.7913,6.11,2.61,23.7,24.4,35.41,17.91,23.8,15.09,50.37,1129.1,0.838,0.028,8,46.15,18.02,400.0,2.59
Uttaranchal,Pauri Garhwal,30.2488,78.9898,5.95,2.57,28.75,26.29,35.67,18.18,19.01,11.16,55.61,1331.3,0.833,0.027,8,40.15,18.02,1609.0,14.92
Uttaranchal,Pauri Garhwal,30.1883,78.7608,6.05,2.24,25.46,24.92,36.37,17.84,19.01,11.16,55.61,1331.3,0.833,0.027,8,40.15,18.02,1103.0,17.88
Uttaranchal,Pithoragarh,30.4514,80.1852,6.39,3.99,55.24,17.1,45.82,29.7,-1.86,-10.81,70.06,621.5,0.695,0.041,8,17.83,18.19,4589.0,33.71
Uttaranchal,Pithoragarh,30.0801,80.6516,6.1,3.54,58.59,17.19,50.0,22.01,6.1,-1.7,62.7,681.4,0.652,0.044,7,25.34,18.19,3086.0,30.3
Uttaranchal,Pithoragarh,29.5692,80.311,6.1,2.21,21.97,24.69,29.24,18.09,17.95,10.49,56.86,1240.0,0.786,0.031,6,38.21,18.13,1317.0,9.1
Uttaranchal,Pithoragarh,29.9775,80.6948,5.93,2.95,32.32,22.71,37.34,19.05,6.1,-1.7,62.7,681.4,0.652,0.044,7,25.34,18.13,1490.0,8.1
Uttaranchal,Pithoragarh,30.1681,80.1687,6.24,4.2,58.38,22.33,45.85,23.94,12.45,4.88,57.25,963.8,0.742,0.035,7,31.24,18.19,4087.0,39.01
Uttaranchal,Rudra Prayag,30.5925,78.9989,5.67,4.69,50.34,21.46,44.55,21.21,13.49,6.07,57.79,1296.2,0.818,0.028,8,33.34,18.02,2480.0,15.52
Uttaranchal,Rudra Prayag,30.7338,79.0536,6.18,4.52,67.78,18.39,50.9,25.75,13.49,6.07,57.79,1296.2,0.818,0.028,8,33.34,16.85,4035.0,17.09
Uttaranchal,Rudra Prayag,30.7327,79.0428,6.23,4.44,68.49,19.62,50.64,25.58,13.49,6.07,57.79,1296.2,0.818,0.028,8,33.34,16.85,4543.0,18.06
Uttaranchal,Rudra Prayag,30.6731,79.2866,6.37,4.25,53.47,17.97,50.06,23.88,6.74,-1.11,60.55,944.2,0.778,0.033,8,26.07,16.85,4624.0,19.38
Uttaranchal,Rudra Prayag,30.3329,78.9739,6.2,2.43,25.31,27.38,35.67,17.14,13.49,6.07,57.79,1296.2,0.818,0.028,8,33.34,18.02,882.0,18.49
Uttaranchal,Tehri Garhwal,30.4257,78.6158,6.0,2.5,28.62,25.78,35.59,16.96,13.49,6.07,57.79,1296.2,0.818,0.028,8,33.34,18.02,1247.0,14.43
Uttaranchal,Tehri Garhwal,30.3428,78.4346,5.9,2.39,28.06,25.76,34.58,19.02,17.99,10.01,55.8,1294.5,0.822,0.027,8,39.9,18.02,1426.0,13.18
Uttaranchal,Tehri Garhwal,30.1079,78.5583,6.1,2.61,29.25,25.61,35.5,19.04,19.01,11.16,55.61,1331.3,0.833,0.027,8,40.15,18.02,881.0,24.89
Uttaranchal,Tehri Garhwal,30.6963,78.7737,5.74,4.24,69.13,21.9,49.66,24.06,13.49,6.07,57.79,1296.2,0.818,0.028,8,33.34,18.02,3175.0,27.32
Uttaranchal,Tehri Garhwal,30.357,78.2014,5.93,4.23,36.96,26.27,35.23,19.26,17.99,10.01,55.8,1294.5,0.822,0.027,8,39.9,18.02,1641.0,14.6
Uttaranchal,Udham Singh Nagar,28.976,79.5441,6.55,1.16,13.48,24.1,36.43,11.07,24.72,15.81,51.46,1216.0,0.848,0.029,8,47.57,17.03,216.0,0.0
Uttaranchal,Udham Singh Nagar,28.9315,80.0067,6.27,1.73,19.12,24.55,38.0,12.84,24.0,15.62,53.32,1352.7,0.823,0.029,7,45.81,17.1,239.0,1.08
Uttaranchal,Udham Singh Nagar,29.0178,79.3644,6.88,1.13,11.52,25.07,37.05,11.72,24.72,15.81,51.46,1216.0,0.848,0.029,8,47.57,17.73,214.0,0.12
Uttaranchal,Udham Singh Nagar,28.9035,79.7426,6.89,1.06,12.99,24.76,35.08,12.55,24.0,15.62,53.32,1352.7,0.823,0.029,7,45.81,17.03,207.0,0.18
Uttaranchal,Udham Singh Nagar,28.8969,79.8016,6.9,1.03,13.92,25.07,34.09,13.92,24.0,15.62,53.32,1352.7,0.823,0.029,7,45.81,17.03,204.0,0.08
Uttaranchal,Uttarkashi,31.1376,79.2484,6.59,3.68,49.77,18.58,42.77,34.07,-5.32,-15.26,70.24,550.4,0.735,0.042,8,15.6,20.08,5545.0,9.89
Uttaranchal,Uttarkashi,30.8696,79.2297,6.7,3.5,49.83,16.24,47.86,26.93,-5.32,-15.26,70.24,550.4,0.735,0.042,8,15.6,16.85,5687.0,26.91
Uttaranchal,Uttarkashi,30.9207,78.1181,6.09,2.59,25.18,25.6,39.13,20.76,10.96,3.24,58.24,1031.4,0.784,0.032,8,32.34,18.02,1564.0,6.03
Uttaranchal,Uttarkashi,30.9589,78.7535,6.38,4.11,59.22,19.81,43.2,25.64,0.39,-8.21,68.73,960.4,0.783,0.033,8,20.24,18.02,4485.0,4.32
Uttaranchal,Uttarkashi,31.2381,78.3072,6.32,3.84,68.13,18.39,48.29,26.63,10.96,3.24,58.24,1031.4,0.784,0.032,8,32.34,17.82,4142.0,34.25
West Bengal,Bankura,23.4056,87.4114,6.22,0.98,11.33,25.55,39.58,11.92,25.61,18.17,69.19,1366.8,0.741,0.093,6,47.14,16.73,57.0,0.35
West Bengal,Bankura,23.1245,86.7713,6.09,1.06,9.16,30.0,39.93,16.57,25.32,17.94,70.04,1453.1,0.757,0.087,6,47.26,17.21,145.0,0.67
West Bengal,Bankura,23.118,87.5445,6.54,1.18,12.55,32.5,29.48,15.53,25.53,18.19,71.74,1442.3,0.735,0.098,5,47.3,16.73,40.0,0.12
West Bengal,Bankura,23.4639,86.9613,6.32,1.09,10.54,28.76,41.07,17.53,25.36,17.85,67.66,1404.0,0.767,0.082,6,47.09,17.21,140.0,0.45
West Bengal,Bankura,23.2947,87.0939,6.34,0.83,8.54,26.95,47.5,15.97,25.36,17.85,67.66,1404.0,0.767,0.082,6,47.09,16.73,99.0,0.61
West Bengal,Barddhaman,23.6598,87.9112,6.51,1.3,10.25,34.37,22.69,17.07,25.82,18.65,69.51,1349.9,0.717,0.103,5,46.75,16.73,21.0,0.28
West Bengal,Barddhaman,23.6714,88.1044,6.69,1.24,12.31,36.79,19.65,18.9,25.82,18.65,69.51,1349.9,0.717,0.103,5,46.75,16.4,15.0,0.06
West Bengal,Barddhaman,23.0806,87.9353,6.48,1.43,13.83,39.95,19.59,18.28,25.74,18.62,71.95,1458.9,0.721,0.107,6,46.81,16.73,23.0,0.06
West Bengal,Barddhaman,23.4439,87.7531,6.37,1.06,11.48,37.04,24.68,16.31,25.61,18.17,69.19,1366.8,0.741,0.093,6,47.14,16.73,43.0,0.23
West Bengal,Barddhaman,23.1714,87.9142,6.31,1.27,12.71,39.75,22.6,19.24,25.74,18.62,71.95,1458.9,0.721,0.107,6,46.81,16.73,27.0,0.12
West Bengal,Birbhum,24.0848,87.5445,5.93,1.24,10.37,27.47,38.09,16.7,25.54,18.09,66.93,1304.2,0.742,0.092,6,46.96,16.49,62.0,0.15
West Bengal,Birbhum,23.8265,87.7819,6.37,1.1,10.38,32.18,29.22,16.94,25.54,18.09,66.93,1304.2,0.742,0.092,6,46.96,16.73,47.0,0.08
West Bengal,Birbhum,24.1365,87.6946,6.17,1.6,11.37,27.36,36.26,18.04,25.54,18.09,66.93,1304.2,0.742,0.092,6,46.96,16.49,46.0,0.15
West Bengal,Birbhum,23.7877,87.8978,6.56,1.23,10.14,31.34,24.12,17.39,25.89,18.65,67.63,1285.3,0.71,0.103,5,46.55,16.73,22.0,0.05
West Bengal,Birbhum,24.2421,87.7861,6.22,1.32,10.44,28.34,35.48,16.61,25.54,18.09,66.93,1304.2,0.742,0.092,6,46.96,16.49,40.0,0.18
West Bengal,Dakshin Dinajpur,25.4915,88.811,6.25,1.21,12.17,37.89,22.29,17.48,25.22,17.86,69.71,1669.2,0.726,0.085,5,44.56,16.32,30.0,0.06
West Bengal,Dakshin Dinajpur,25.241,88.4799,6.79,1.38,11.79,36.39,23.78,16.57,25.42,18.03,69.57,1457.5,0.702,0.1,5,45.2,16.32,27.0,0.06
West Bengal,Dakshin Dinajpur,25.3022,88.261,6.54,1.23,12.35,34.78,26.83,23.76,25.3,17.59,67.38,1475.6,0.743,0.082,5,45.35,16.32,30.0,0.1
West Bengal,Dakshin Dinajpur,25.3542,88.4443,6.51,1.32,11.78,35.36,25.59,24.39,25.22,17.86,69.71,1669.2,0.726,0.085,5,44.56,16.32,29.0,0.11
West Bengal,Dakshin Dinajpur,25.4682,88.5561,6.79,1.15,11.54,36.95,22.86,17.04,25.22,17.86,69.71,1669.2,0.726,0.085,5,44.56,16.32,33.0,0.24
West Bengal,Darjiling,26.9197,88.5062,5.28,3.15,23.61,28.27,38.67,18.77,18.76,12.57,69.37,1705.1,0.773,0.053,5,33.36,15.56,467.0,19.1
West Bengal,Darjiling,27.0831,88.2537,5.35,4.45,26.29,27.64,35.0,18.17,18.42,12.38,67.07,1544.8,0.785,0.05,5,33.23,14.65,1348.0,22.21
West Bengal,Darjiling,26.9713,88.3227,5.34,9.06,54.44,27.88,39.26,25.89,18.42,12.38,67.07,1544.8,0.785,0.05,5,33.23,15.56,2133.0,5.85
West Bengal,Darjiling,27.0687,88.0961,5.33,6.32,41.55,28.67,36.29,24.11,18.42,12.38,67.07,1544.8,0.785,0.05,5,33.23,14.65,1963.0,18.05
West Bengal,Darjiling,27.1513,88.5754,5.33,9.05,37.62,28.91,35.9,19.76,18.76,12.57,69.37,1705.1,0.773,0.053,5,33.36,14.65,1440.0,27.67
West Bengal,Haora,22.6506,88.114,6.9,1.55,16.2,39.9,6.84,18.32,25.81,19.03,73.93,1564.8,0.722,0.113,5,46.81,16.46,4.0,0.11
West Bengal,Haora,22.6439,88.3141,6.9,2.11,15.86,39.98,7.94,17.02,25.81,19.03,73.93,1564.8,0.722,0.113,5,46.81,16.46,7.0,0.23
West Bengal,Haora,22.433,88.0381,6.76,2.49,26.19,42.31,7.03,18.98,25.81,19.03,73.93,1564.8,0.722,0.113,5,46.81,16.46,3.0,0.2
West Bengal,Haora,22.7478,87.9938,6.7,1.32,14.69,33.33,16.77,19.45,25.81,19.03,73.93,1564.8,0.722,0.113,5,46.81,16.86,11.0,0.34
West Bengal,Haora,22.3734,88.075,6.85,1.74,19.21,34.89,5.25,17.44,25.81,19.03,73.93,1564.8,0.722,0.113,5,46.81,16.46,3.0,0.17
West Bengal,East Midnapore,21.8152,87.7274,6.86,1.51,17.41,41.91,9.32,16.35,25.91,19.36,75.44,1646.6,0.714,0.121,5,46.99,16.99,3.0,0.06
West Bengal,East Midnapore,22.0651,87.6511,6.65,2.99,22.91,45.55,8.95,17.68,25.91,19.36,75.44,1646.6,0.714,0.121,5,46.99,16.86,3.0,0.12
West Bengal,East Midnapore,22.189,87.8986,6.65,2.01,19.74,38.6,7.58,19.12,26.21,20.32,75.28,1716.7,0.721,0.121,5,44.3,16.86,7.0,0.26
West Bengal,East Midnapore,22.2229,87.8151,6.73,2.93,24.9,40.39,10.63,18.44,26.21,20.32,75.28,1716.7,0.721,0.121,5,44.3,16.86,1.0,0.08
West Bengal,East Midnapore,21.9565,87.8836,6.88,1.63,16.76,39.96,6.54,16.17,26.21,20.32,75.28,1716.7,0.721,0.121,5,44.3,16.99,3.0,0.0
West Bengal,Hugli,22.9597,88.3183,6.9,1.49,14.08,39.94,7.88,18.82,25.74,18.62,71.95,1458.9,0.721,0.107,6,46.81,16.46,7.0,0.16
West Bengal,Hugli,22.8599,88.2092,6.84,1.39,12.53,42.01,8.17,19.16,25.74,18.62,71.95,1458.9,0.721,0.107,6,46.81,16.46,8.0,0.0
West Bengal,Hugli,22.9005,87.5178,6.36,1.12,11.52,32.8,31.92,17.18,25.53,18.19,71.74,1442.3,0.735,0.098,5,47.3,16.86,44.0,0.35
West Bengal,Hugli,22.8072,87.8881,6.84,1.32,14.51,35.92,17.86,16.92,25.74,18.62,71.95,1458.9,0.721,0.107,6,46.81,16.86,17.0,0.12
West Bengal,Hugli,22.861,87.9394,6.71,1.37,16.92,36.41,17.94,18.04,25.74,18.62,71.95,1458.9,0.721,0.107,6,46.81,16.86,13.0,0.3
West Bengal,Jalpaiguri,26.4857,89.4334,5.49,1.74,15.58,24.82,47.94,17.73,24.3,17.69,69.31,2066.5,0.736,0.07,5,41.74,15.39,52.0,0.08
West Bengal,Jalpaiguri,26.7188,89.327,5.57,1.82,16.01,29.54,40.56,14.79,24.3,17.69,69.31,2066.5,0.736,0.07,5,41.74,15.39,109.0,0.18
West Bengal,Jalpaiguri,26.6579,88.607,5.71,2.16,16.64,25.4,39.56,18.86,24.88,18.28,66.37,2047.7,0.773,0.06,5,42.67,15.56,103.0,0.1
West Bengal,Jalpaiguri,26.4465,88.6406,5.77,1.69,16.59,27.99,40.43,19.59,24.88,18.28,66.37,2047.7,0.773,0.06,5,42.67,15.56,80.0,0.18
West Bengal,Jalpaiguri,26.6306,89.614,5.22,1.93,25.21,26.98,42.54,20.06,24.3,17.69,69.31,2066.5,0.736,0.07,5,41.74,15.39,100.0,0.47
West Bengal,Kochbihar,26.1973,89.2666,5.82,2.25,15.51,24.67,48.3,17.82,25.0,17.93,72.11,2141.0,0.717,0.081,5,43.15,15.39,45.0,0.0
West Bengal,Kochbihar,26.1379,89.2124,5.99,1.76,16.09,25.87,49.86,17.96,25.0,17.93,72.11,2141.0,0.717,0.081,5,43.15,15.39,46.0,0.0
West Bengal,Kochbihar,26.4259,89.2612,5.71,1.66,16.13,24.56,53.25,18.31,24.3,17.69,69.31,2066.5,0.736,0.07,5,41.74,15.39,53.0,0.06
West Bengal,Kochbihar,26.1755,89.2358,5.85,1.64,19.15,25.34,48.68,17.77,25.0,17.93,72.11,2141.0,0.717,0.081,5,43.15,15.39,49.0,0.2
West Bengal,Kochbihar,26.3097,88.899,5.89,1.74,25.78,27.74,34.86,17.22,24.88,18.28,66.37,2047.7,0.773,0.06,5,42.67,15.56,63.0,0.16
West Bengal,Maldah,25.0149,88.0899,6.79,1.01,11.61,29.83,25.72,16.29,25.69,18.13,66.56,1316.9,0.719,0.096,5,45.08,16.32,25.0,0.31
West Bengal,Maldah,25.223,87.8361,6.48,1.05,11.48,31.26,32.49,19.62,25.69,18.13,66.56,1316.9,0.719,0.096,5,45.08,16.66,27.0,0.0
West Bengal,Maldah,25.0021,88.1292,6.74,1.17,15.21,29.23,22.98,16.86,25.69,18.13,66.56,1316.9,0.719,0.096,5,45.08,16.32,29.0,0.24
West Bengal,Maldah,25.328,87.8966,6.65,1.28,13.34,29.7,27.69,17.47,25.3,17.59,67.38,1475.6,0.743,0.082,5,45.35,16.66,24.0,0.06
West Bengal,Maldah,24.7713,87.9719,6.61,1.1,11.06,31.21,27.16,20.4,25.69,18.13,66.56,1316.9,0.719,0.096,5,45.08,16.49,24.0,0.05
West Bengal,Kolkata,22.5452,88.3351,6.56,1.72,15.92,37.32,9.95,17.17,25.81,19.03,73.93,1564.8,0.722,0.113,5,46.81,16.46,6.0,0.23
West Bengal,Murshidabad,23.8306,87.9471,6.64,1.22,11.85,30.91,21.8,19.92,25.89,18.65,67.63,1285.3,0.71,0.103,5,46.55,16.73,20.0,0.0
West Bengal,Murshidabad,24.2829,88.1374,6.6,1.16,11.72,33.71,25.2,18.46,25.88,18.5,66.69,1269.8,0.709,0.103,5,45.64,16.23,37.0,0.15
West Bengal,Murshidabad,24.2629,88.1747,6.59,1.24,12.32,35.32,22.39,19.86,25.88,18.5,66.69,1269.8,0.709,0.103,5,45.64,16.23,24.0,0.4
West Bengal,Murshidabad,23.964,88.3052,6.83,1.48,12.23,31.62,14.22,18.06,25.89,18.65,67.63,1285.3,0.71,0.103,5,46.55,16.4,14.0,0.2
West Bengal,Murshidabad,24.321,88.0057,6.51,1.16,10.54,31.44,24.89,17.02,25.88,18.5,66.69,1269.8,0.709,0.103,5,45.64,16.23,25.0,0.26
West Bengal,Nadia,23.6914,88.3891,6.73,1.31,14.27,33.28,15.29,17.31,25.82,18.65,69.51,1349.9,0.717,0.103,5,46.75,16.4,20.0,0.26
West Bengal,Nadia,23.4134,88.67,6.63,1.29,13.43,43.73,12.68,17.35,25.86,19.05,70.6,1469.8,0.696,0.111,5,46.17,16.4,11.0,0.62
West Bengal,Nadia,23.2953,88.46,6.89,1.31,15.87,38.2,11.16,18.5,25.86,19.05,70.6,1469.8,0.696,0.111,5,46.17,16.4,12.0,0.12
West Bengal,Nadia,23.8284,88.555,6.86,1.48,12.48,36.24,14.74,17.28,25.84,18.86,69.55,1410.7,0.688,0.111,5,45.61,16.4,14.0,0.16
West Bengal,Nadia,23.4353,88.519,6.71,1.2,11.81,39.43,13.98,17.28,25.86,19.05,70.6,1469.8,0.696,0.111,5,46.17,16.4,14.0,0.16
West Bengal,North 24 Parganas,22.5411,88.673,6.15,3.2,28.9,37.67,9.99,19.85,25.94,19.72,73.52,1718.1,0.716,0.119,5,45.74,16.46,2.0,0.06
West Bengal,North 24 Parganas,22.4153,88.9538,6.05,2.67,18.49,37.45,8.32,17.62,25.94,19.72,73.52,1718.1,0.716,0.119,5,45.74,16.46,1.0,0.0
West Bengal,North 24 Parganas,22.6666,88.5131,6.56,1.66,16.32,42.84,8.52,17.59,25.94,19.72,73.52,1718.1,0.716,0.119,5,45.74,16.46,8.0,0.27
West Bengal,North 24 Parganas,22.4974,88.695,6.28,2.75,23.45,42.33,9.47,18.32,25.94,19.72,73.52,1718.1,0.716,0.119,5,45.74,16.46,1.0,0.05
West Bengal,North 24 Parganas,22.7083,88.4878,6.6,1.5,15.2,38.32,9.55,17.57,25.94,19.72,73.52,1718.1,0.716,0.119,5,45.74,16.46,9.0,0.28
West Bengal,Puruliya,23.3108,86.4961,6.39,1.14,10.39,32.56,34.72,22.24,24.93,17.42,65.66,1391.1,0.798,0.076,6,46.79,17.21,233.0,0.43
West Bengal,Puruliya,23.095,86.5087,6.29,1.12,9.69,29.99,37.95,18.25,25.22,18.07,66.41,1476.1,0.787,0.079,6,47.6,17.21,194.0,0.28
West Bengal,Puruliya,23.1549,86.0388,6.47,1.16,11.37,35.43,27.67,25.68,25.22,18.07,66.41,1476.1,0.787,0.079,6,47.6,17.21,222.0,0.12
West Bengal,Puruliya,23.1727,86.0971,6.41,1.51,17.44,34.27,30.03,24.75,25.22,18.07,66.41,1476.1,0.787,0.079,6,47.6,17.21,273.0,6.76
West Bengal,Puruliya,23.398,86.4626,6.49,1.16,9.97,32.89,32.14,21.69,24.93,17.42,65.66,1391.1,0.798,0.076,6,46.79,17.21,247.0,0.61
West Bengal,South 24 Parganas,22.226,88.1223,6.76,2.0,15.84,37.08,4.79,17.72,26.21,20.32,75.28,1716.7,0.721,0.121,5,44.3,16.46,3.0,0.06
West Bengal,South 24 Parganas,21.9907,88.4479,6.59,2.51,15.32,36.92,5.04,18.1,26.24,20.69,75.03,1831.6,0.724,0.124,5,42.66,16.5,3.0,0.28
West Bengal,South 24 Parganas,22.3521,88.7201,6.08,2.2,17.06,40.25,8.48,19.64,25.94,19.72,73.52,1718.1,0.716,0.119,5,45.74,16.46,1.0,0.08
West Bengal,South 24 Parganas,21.9435,88.5633,6.57,2.95,16.59,39.17,6.87,19.73,26.24,20.69,75.03,1831.6,0.724,0.124,5,42.66,16.5,5.0,0.08
West Bengal,South 24 Parganas,22.2493,88.1589,6.85,2.7,19.61,37.93,5.68,17.3,26.21,20.32,75.28,1716.7,0.721,0.121,5,44.3,16.46,2.0,0.21
West Bengal,Uttar Dinajpur,26.1879,88.2328,6.0,1.32,13.48,25.4,30.85,18.79,25.11,17.61,66.9,1700.7,0.77,0.067,5,44.96,15.56,56.0,0.16
West Bengal,Uttar Dinajpur,26.3184,88.383,5.94,1.44,14.78,24.54,33.67,18.63,24.23,17.59,64.88,1774.1,0.786,0.056,5,42.4,15.56,72.0,0.12
West Bengal,Uttar Dinajpur,25.7346,88.189,6.77,1.19,12.19,35.38,27.15,16.26,25.3,17.59,67.38,1475.6,0.743,0.082,5,45.35,16.32,36.0,0.06
West Bengal,Uttar Dinajpur,25.704,88.3501,6.78,1.18,12.14,34.18,25.68,16.86,25.3,17.59,67.38,1475.6,0.743,0.082,5,45.35,16.32,41.0,0.18
West Bengal,Uttar Dinajpur,25.6195,88.1161,6.69,1.32,11.98,33.59,25.24,16.62,25.3,17.59,67.38,1475.6,0.743,0.082,5,45.35,16.32,28.0,0.28
West Bengal,West Midnapore,22.1195,87.3021,6.52,1.01,10.94,38.74,27.37,16.1,25.91,19.36,75.44,1646.6,0.714,0.121,5,46.99,16.86,22.0,0.38
West Bengal,West Midnapore,22.7225,87.6067,6.66,1.04,11.29,31.82,23.01,15.91,25.52,18.32,74.22,1515.9,0.725,0.109,5,47.81,16.86,19.0,0.4
West Bengal,West Midnapore,22.2462,87.2394,6.28,1.14,11.08,35.68,31.93,16.3,25.91,19.36,75.44,1646.6,0.714,0.121,5,46.99,16.86,49.0,0.12
West Bengal,West Midnapore,22.107,87.1434,6.46,1.17,12.04,36.1,28.95,15.51,25.85,19.24,72.02,1564.3,0.72,0.119,5,48.83,16.86,25.0,0.17
West Bengal,West Midnapore,22.5737,87.7371,6.78,1.23,17.16,34.12,18.23,17.85,25.52,18.32,74.22,1515.9,0.725,0.109,5,47.81,16.86,11.0,0.06
Karnataka,Bagalkot,16.0844,75.6567,7.53,0.88,12.39,34.23,41.88,32.59,26.07,23.83,58.12,590.4,0.659,0.176,6,43.05,19.65,576.0,1.07
Karnataka,Bagalkot,15.9402,75.5082,7.2,0.94,13.43,30.69,44.21,27.09,26.07,23.83,58.12,590.4,0.659,0.176,6,43.05,19.53,587.0,0.59
Karnataka,Bagalkot,16.023,75.7234,7.54,0.89,17.31,33.18,40.52,32.26,26.07,23.83,58.12,590.4,0.659,0.176,6,43.05,19.65,565.0,1.03
Karnataka,Bagalkot,15.9913,75.486,6.93,0.93,11.63,31.42,46.07,25.25,26.07,23.83,58.12,590.4,0.659,0.176,6,43.05,19.53,625.0,1.29
Karnataka,Bagalkot,16.1933,75.4953,7.68,0.87,11.55,32.46,45.39,29.7,26.07,23.83,58.12,590.4,0.659,0.176,6,43.05,19.65,533.0,0.54
Karnataka,Bagalkot,16.155,75.6859,7.42,0.88,12.76,35.27,42.4,30.07,26.07,23.83,58.12,590.4,0.659,0.176,6,43.05,19.65,545.0,0.56
Karnataka,Bagalkot,16.2015,75.4814,7.68,0.83,12.42,33.65,45.52,33.72,26.07,23.83,58.12,590.4,0.659,0.176,6,43.05,19.65,543.0,0.59
Karnataka,Bagalkot,16.1936,75.9346,7.58,0.81,11.33,35.1,40.6,34.43,26.07,23.83,58.12,590.4,0.659,0.176,6,43.05,19.65,550.0,0.29
Karnataka,Bagalkot,16.2965,75.928,7.63,0.84,11.56,34.05,40.92,31.75,26.25,23.69,56.3,541.3,0.686,0.174,7,43.44,19.65,517.0,0.83
Karnataka,Bagalkot,16.2397,75.9657,7.57,0.79,11.8,37.2,37.92,32.96,26.47,23.92,57.11,576.1,0.65,0.178,6,43.8,19.65,522.0,0.7
Karnataka,Bagalkot,16.3721,75.7147,7.36,0.92,20.92,36.38,38.47,31.85,26.25,23.69,56.3,541.3,0.686,0.174,7,43.44,19.65,519.0,0.86
Karnataka,Bagalkot,16.376,75.5048,7.25,0.97,11.12,28.66,56.1,24.46,26.25,23.69,56.3,541.3,0.686,0.174,7,43.44,19.65,548.0,0.6
Karnataka,Bagalkot,16.3768,75.5497,7.4,0.89,10.08,34.76,43.8,32.15,26.25,23.69,56.3,541.3,0.686,0.174,7,43.44,19.65,547.0,0.75
Karnataka,Bagalkot,16.3395,75.6448,7.32,0.91,11.35,33.0,47.08,27.13,26.25,23.69,56.3,541.3,0.686,0.174,7,43.44,19.65,551.0,0.6
Karnataka,Bagalkot,16.3843,75.4019,7.1,1.02,11.15,32.88,49.65,22.33,26.25,23.69,56.3,541.3,0.686,0.174,7,43.44,19.65,526.0,0.72
Karnataka,Bagalkot,16.2966,75.5318,7.27,0.88,10.75,30.06,51.74,25.88,26.25,23.69,56.3,541.3,0.686,0.174,7,43.44,19.65,560.0,0.68
Karnataka,Bagalkot,15.9928,76.2876,7.4,0.77,9.75,30.21,44.25,30.87,26.47,23.92,57.11,576.1,0.65,0.178,6,43.8,19.94,562.0,0.6
Karnataka,Bagalkot,16.0425,75.9533,7.6,0.96,10.66,35.25,36.98,38.6,26.47,23.92,57.11,576.1,0.65,0.178,6,43.8,19.65,536.0,0.83
Karnataka,Bagalkot,16.0913,75.9254,7.04,0.99,11.28,32.76,41.86,29.32,26.07,23.83,58.12,590.4,0.659,0.176,6,43.05,19.65,550.0,1.39
Karnataka,Bagalkot,15.9421,76.2206,7.42,1.05,11.46,32.43,41.01,38.12,26.47,23.92,57.11,576.1,0.65,0.178,6,43.8,19.94,580.0,0.19
Karnataka,Bagalkot,15.9466,76.1727,7.41,0.95,15.21,32.38,41.89,37.84,26.47,23.92,57.11,576.1,0.65,0.178,6,43.8,19.94,588.0,0.7
Karnataka,Bagalkot,16.0104,75.9892,7.57,1.03,21.6,33.22,37.53,41.95,26.47,23.92,57.11,576.1,0.65,0.178,6,43.8,19.65,565.0,0.79
Karnataka,Bagalkot,16.0511,75.9725,7.59,0.95,11.38,36.23,36.44,39.28,26.47,23.92,57.11,576.1,0.65,0.178,6,43.8,19.65,525.0,0.78
Karnataka,Bagalkot,16.1908,76.0323,7.47,0.91,11.57,36.73,38.52,28.78,26.47,23.92,57.11,576.1,0.65,0.178,6,43.8,19.87,499.0,0.73
Karnataka,Bagalkot,16.1298,75.9167,7.37,0.91,11.88,38.56,33.89,30.47,26.07,23.83,58.12,590.4,0.659,0.176,6,43.05,19.65,503.0,0.42
Karnataka,Bagalkot,16.5339,75.2839,7.82,0.89,10.71,33.53,45.04,30.8,25.86,23.78,58.45,612.5,0.737,0.15,7,43.3,19.65,529.0,0.21
Karnataka,Bagalkot,16.6746,75.275,7.51,0.87,10.04,36.53,38.99,34.61,25.86,23.78,58.45,612.5,0.737,0.15,7,43.3,19.65,559.0,0.49
Karnataka,Bagalkot,16.6286,75.3048,7.55,0.97,14.35,40.85,33.55,38.93,25.86,23.78,58.45,612.5,0.737,0.15,7,43.3,19.65,536.0,0.21
Karnataka,Bagalkot,16.4565,75.1146,7.12,1.22,14.45,33.81,46.4,24.08,25.86,23.78,58.45,612.5,0.737,0.15,7,43.3,19.65,545.0,0.56
Karnataka,Bagalkot,16.4322,75.3119,7.45,0.84,12.36,37.22,38.84,32.98,25.86,23.78,58.45,612.5,0.737,0.15,7,43.3,19.65,581.0,0.57
Karnataka,Bagalkot,16.5608,75.4576,7.6,0.99,13.47,41.44,32.8,41.17,26.25,23.69,56.3,541.3,0.686,0.174,7,43.44,19.65,557.0,0.49
Karnataka,Bagalkot,16.2047,75.3547,7.5,0.88,10.68,31.26,49.0,27.25,26.07,23.83,58.12,590.4,0.659,0.176,6,43.05,19.65,538.0,0.96
Karnataka,Bagalkot,16.3678,75.3429,7.12,0.87,11.0,31.98,49.03,22.37,26.25,23.69,56.3,541.3,0.686,0.174,7,43.44,19.65,557.0,0.34
Karnataka,Bagalkot,16.1452,75.3611,7.1,0.95,11.77,29.93,51.98,24.14,26.07,23.83,58.12,590.4,0.659,0.176,6,43.05,19.65,565.0,2.28
Karnataka,Bagalkot,16.2375,75.3933,7.11,0.89,10.58,31.78,47.02,24.51,26.07,23.83,58.12,590.4,0.659,0.176,6,43.05,19.65,532.0,0.67
Karnataka,Bagalkot,16.2258,75.3016,7.4,0.96,18.05,29.75,48.21,28.08,25.2,23.39,62.04,795.3,0.74,0.139,6,42.53,19.65,582.0,0.63
Karnataka,Bellary,15.3287,77.0121,7.38,0.99,23.07,43.91,33.39,32.1,27.12,24.58,57.77,597.5,0.632,0.187,6,44.35,20.05,411.0,0.44
Karnataka,Bellary,15.1769,76.9973,7.05,1.09,10.63,36.31,39.39,21.48,26.5,24.05,59.76,589.7,0.585,0.215,6,43.11,19.94,428.0,0.41
Karnataka,Bellary,15.2151,76.9945,6.99,1.05,11.98,35.1,42.41,18.82,26.5,24.05,59.76,589.7,0.585,0.215,6,43.11,19.94,425.0,0.21
Karnataka,Bellary,15.2658,76.7931,6.91,1.0,12.84,32.32,40.18,22.91,27.12,24.58,57.77,597.5,0.632,0.187,6,44.35,19.94,453.0,0.26
Karnataka,Bellary,15.3749,76.682,6.97,0.95,10.58,37.51,44.17,19.63,27.12,24.58,57.77,597.5,0.632,0.187,6,44.35,19.94,410.0,0.69
Karnataka,Bellary,15.228,76.9193,7.04,1.1,11.71,35.99,38.75,21.01,26.5,24.05,59.76,589.7,0.585,0.215,6,43.11,19.94,444.0,0.28
Karnataka,Bellary,14.8136,75.7736,7.68,1.02,10.27,41.37,29.5,40.76,25.49,23.83,63.97,800.7,0.658,0.177,6,42.13,19.76,569.0,0.89
Karnataka,Bellary,14.7853,75.7923,7.58,1.11,10.65,37.7,35.46,33.73,25.49,23.83,63.97,800.7,0.658,0.177,6,42.13,19.76,562.0,0.87
Karnataka,Bellary,14.8942,75.7665,7.71,0.95,10.51,41.32,27.68,41.02,25.49,23.83,63.97,800.7,0.658,0.177,6,42.13,19.76,544.0,0.72
Karnataka,Bellary,15.1245,75.9886,7.04,0.91,9.6,36.22,38.15,22.32,25.65,23.58,62.51,634.8,0.583,0.214,6,41.41,19.53,511.0,0.17
Karnataka,Bellary,14.9321,75.9372,7.85,0.92,10.75,30.03,29.49,42.22,25.49,23.83,63.97,800.7,0.658,0.177,6,42.13,19.76,568.0,1.16
Karnataka,Bellary,14.9494,75.9162,7.99,0.92,11.89,36.75,27.45,43.4,25.49,23.83,63.97,800.7,0.658,0.177,6,42.13,19.76,549.0,0.81
Karnataka,Bellary,15.2635,76.5062,6.83,0.99,11.11,29.51,49.57,26.87,26.15,23.81,59.49,600.0,0.614,0.194,6,42.97,19.94,520.0,1.6
Karnataka,Bellary,15.2994,76.5595,7.0,1.01,13.31,30.45,47.65,25.0,26.15,23.81,59.49,600.0,0.614,0.194,6,42.97,19.94,491.0,0.38
Karnataka,Bellary,15.2449,76.6181,6.99,0.99,24.59,30.81,48.44,23.73,26.5,24.05,59.76,589.7,0.585,0.215,6,43.11,19.94,507.0,3.78
Karnataka,Bellary,15.2776,76.402,6.8,1.34,13.84,27.77,50.72,18.08,26.15,23.81,59.49,600.0,0.614,0.194,6,42.97,19.94,482.0,0.8
Karnataka,Bellary,15.3911,76.5892,6.88,1.08,12.95,34.07,44.94,20.03,27.12,24.58,57.77,597.5,0.632,0.187,6,44.35,19.94,395.0,0.27
Karnataka,Bellary,15.0719,76.1199,7.23,1.23,28.15,37.45,35.52,37.23,25.65,23.58,62.51,634.8,0.583,0.214,6,41.41,19.94,536.0,1.0
Karnataka,Bellary,14.9421,76.2875,7.36,1.1,12.81,41.1,31.04,43.81,25.65,23.58,62.51,634.8,0.583,0.214,6,41.41,20.22,547.0,0.26
Karnataka,Bellary,15.1261,76.2964,6.94,0.98,11.43,34.54,37.95,34.64,25.65,23.58,62.51,634.8,0.583,0.214,6,41.41,19.94,522.0,0.29
Karnataka,Bellary,15.0498,76.1582,7.2,1.0,21.24,36.75,32.2,39.36,25.65,23.58,62.51,634.8,0.583,0.214,6,41.41,19.94,527.0,0.72
Karnataka,Bellary,15.1364,76.0359,6.91,0.91,17.41,34.48,41.96,13.36,25.65,23.58,62.51,634.8,0.583,0.214,6,41.41,19.94,499.0,0.56
Karnataka,Bellary,15.017,76.2455,7.12,1.14,28.98,39.59,30.46,41.37,25.65,23.58,62.51,634.8,0.583,0.214,6,41.41,19.94,528.0,0.54
Karnataka,Bellary,15.0015,76.1656,7.11,0.96,13.07,38.42,30.67,33.19,25.65,23.58,62.51,634.8,0.583,0.214,6,41.41,19.94,532.0,0.54
Karnataka,Bellary,15.13,76.1295,7.18,0.95,17.03,34.32,35.35,35.78,25.65,23.58,62.51,634.8,0.583,0.214,6,41.41,19.94,515.0,0.69
Karnataka,Bellary,14.9865,76.081,7.35,0.8,13.12,39.1,34.2,28.61,25.65,23.58,62.51,634.8,0.583,0.214,6,41.41,20.22,569.0,0.48
Karnataka,Bellary,14.6778,76.3665,7.07,1.16,15.46,37.66,34.9,44.06,25.16,23.39,64.13,702.4,0.583,0.22,6,41.6,20.22,666.0,0.82
Karnataka,Bellary,14.8794,76.3221,7.29,1.14,13.53,38.59,35.1,40.54,25.65,23.58,62.51,634.8,0.583,0.214,6,41.41,20.22,594.0,0.24
Karnataka,Bellary,14.8647,76.4704,7.15,1.21,12.26,34.61,45.57,27.85,25.65,23.58,62.51,634.8,0.583,0.214,6,41.41,20.22,682.0,2.24
Karnataka,Bellary,14.818,76.6251,7.18,1.2,14.24,34.67,44.86,33.04,26.5,24.05,59.76,589.7,0.585,0.215,6,43.11,20.22,597.0,1.0
Karnataka,Bellary,15.2668,76.6423,6.91,1.06,13.86,31.33,48.79,22.5,27.12,24.58,57.77,597.5,0.632,0.187,6,44.35,19.94,531.0,3.68
Karnataka,Bellary,14.915,76.5397,7.42,1.25,14.35,36.41,42.11,37.28,25.65,23.58,62.51,634.8,0.583,0.214,6,41.41,20.22,700.0,0.71
Karnataka,Bellary,15.0051,76.642,7.06,1.42,19.87,32.37,43.29,28.36,26.5,24.05,59.76,589.7,0.585,0.215,6,43.11,19.94,907.0,11.15
Karnataka,Bellary,14.8973,76.5791,7.01,1.34,12.02,33.37,46.94,31.78,26.5,24.05,59.76,589.7,0.585,0.215,6,43.11,20.22,755.0,2.01
Karnataka,Bellary,14.9085,76.671,6.97,1.22,12.23,34.34,46.28,24.82,26.5,24.05,59.76,589.7,0.585,0.215,6,43.11,20.22,718.0,2.77
Karnataka,Bellary,14.9966,76.7609,7.07,1.18,12.57,31.99,45.69,33.11,26.5,24.05,59.76,589.7,0.585,0.215,6,43.11,20.22,626.0,3.27
Karnataka,Chitradurga,14.997,76.7293,7.13,1.08,12.98,32.53,47.81,31.98,26.5,24.05,59.76,589.7,0.585,0.215,6,43.11,20.22,642.0,0.17
Karnataka,Bellary,15.4803,76.8515,7.33,0.91,9.35,41.36,34.32,30.59,27.12,24.58,57.77,597.5,0.632,0.187,6,44.35,19.94,403.0,0.79
Karnataka,Bellary,15.5953,76.9402,6.96,0.91,12.81,32.82,43.61,19.88,27.12,24.58,57.77,597.5,0.632,0.187,6,44.35,19.94,370.0,0.81
Karnataka,Bellary,15.6657,76.9666,7.06,1.01,10.78,32.7,44.21,20.49,27.12,24.58,57.77,597.5,0.632,0.187,6,44.35,19.94,354.0,0.34
Karnataka,Bellary,15.6345,76.9714,7.1,0.94,12.02,32.8,45.09,18.35,27.12,24.58,57.77,597.5,0.632,0.187,6,44.35,19.94,353.0,0.15
Karnataka,Bellary,15.6985,77.0407,7.29,0.88,13.19,35.57,37.35,28.92,27.12,24.58,57.77,597.5,0.632,0.187,6,44.35,20.05,365.0,0.71
Karnataka,Bellary,15.4141,76.8495,7.01,0.92,19.12,38.67,38.98,22.13,27.12,24.58,57.77,597.5,0.632,0.187,6,44.35,19.94,417.0,0.67
Karnataka,Bellary,15.4801,76.858,7.3,0.9,9.47,41.11,34.22,29.34,27.12,24.58,57.77,597.5,0.632,0.187,6,44.35,19.94,410.0,0.69
Karnataka,Bellary,15.4466,76.8095,7.06,0.94,10.75,36.85,42.86,20.53,27.12,24.58,57.77,597.5,0.632,0.187,6,44.35,19.94,393.0,0.5
Karnataka,Bellary,15.4858,76.8858,7.01,0.84,9.56,41.3,37.4,20.13,27.12,24.58,57.77,597.5,0.632,0.187,6,44.35,19.94,401.0,0.29
Karnataka,Belgaum,16.696,75.0398,7.53,0.9,12.46,41.86,35.29,36.74,25.86,23.78,58.45,612.5,0.737,0.15,7,43.3,19.65,552.0,0.53
Karnataka,Belgaum,16.7884,75.0124,7.53,0.95,12.63,41.94,33.28,42.21,25.78,23.22,56.93,552.6,0.746,0.157,7,43.14,19.65,549.0,0.42
Karnataka,Belgaum,16.825,75.1141,7.32,0.88,10.31,35.03,39.44,40.44,25.78,23.22,56.93,552.6,0.746,0.157,7,43.14,19.65,588.0,0.48
Karnataka,Belgaum,16.761,74.9658,7.62,0.97,12.36,41.25,33.17,40.3,25.78,23.22,56.93,552.6,0.746,0.157,7,43.14,19.17,558.0,0.64
Karnataka,Belgaum,16.8474,75.1551,7.02,0.99,10.81,34.51,40.74,35.8,25.78,23.22,56.93,552.6,0.746,0.157,7,43.14,19.65,648.0,0.29
Karnataka,Belgaum,16.7163,74.7741,7.62,0.87,11.48,41.5,34.79,38.66,25.86,23.78,58.45,612.5,0.737,0.15,7,43.3,19.17,596.0,0.53
Karnataka,Belgaum,16.7426,75.2829,7.41,0.96,10.73,31.13,41.92,36.37,25.86,23.78,58.45,612.5,0.737,0.15,7,43.3,19.65,602.0,1.15
Karnataka,Belgaum,15.9694,74.8296,6.89,1.09,11.85,36.38,34.51,38.33,25.2,23.39,62.04,795.3,0.74,0.139,6,42.53,18.63,716.0,0.53
Karnataka,Belgaum,15.8362,74.7611,6.78,1.12,12.71,36.25,33.71,42.37,25.2,23.39,62.04,795.3,0.74,0.139,6,42.53,18.63,703.0,1.28
Karnataka,Belgaum,15.5776,74.7563,6.29,1.27,12.38,33.6,41.8,32.16,24.84,23.23,66.04,1064.2,0.762,0.127,6,42.17,18.63,709.0,0.97
Karnataka,Belgaum,15.5916,74.7167,6.31,1.26,13.19,33.54,41.46,31.61,24.84,23.23,66.04,1064.2,0.762,0.127,6,42.17,18.63,690.0,1.63
Karnataka,Belgaum,15.9007,74.719,6.22,1.45,16.44,31.89,38.35,35.36,25.2,23.39,62.04,795.3,0.74,0.139,6,42.53,18.63,805.0,5.44
Karnataka,Belgaum,15.6986,74.7987,6.54,0.96,10.81,38.27,34.91,30.83,24.84,23.23,66.04,1064.2,0.762,0.127,6,42.17,18.63,661.0,0.88
Karnataka,Belgaum,15.9385,74.7614,6.31,1.41,15.9,32.49,39.63,36.41,25.2,23.39,62.04,795.3,0.74,0.139,6,42.53,18.63,833.0,3.05
Karnataka,Belgaum,15.7028,74.799,6.6,0.93,10.6,39.04,35.05,29.93,24.84,23.23,66.04,1064.2,0.762,0.127,6,42.17,18.63,645.0,1.28
Karnataka,Belgaum,15.7807,74.4151,6.38,1.38,14.71,34.12,37.54,36.82,24.3,22.92,68.66,1552.4,0.848,0.089,6,42.34,18.63,792.0,0.31
Karnataka,Belgaum,15.8111,74.5971,6.32,1.39,14.5,33.33,36.59,38.96,24.3,22.92,68.66,1552.4,0.848,0.089,6,42.34,18.63,825.0,0.44
Karnataka,Belgaum,15.7095,74.5848,6.34,1.59,16.2,34.95,42.2,33.34,25.17,24.13,70.94,1889.4,0.854,0.085,6,42.39,18.63,775.0,1.02
Karnataka,Belgaum,16.0354,74.5333,6.34,1.35,14.85,31.99,40.72,36.7,24.3,22.92,68.66,1552.4,0.848,0.089,6,42.34,19.17,798.0,3.25
Karnataka,Belgaum,15.837,74.6127,6.47,1.32,14.76,33.31,36.46,38.37,24.3,22.92,68.66,1552.4,0.848,0.089,6,42.34,18.63,812.0,1.83
Karnataka,Belgaum,15.8468,74.4187,6.26,1.34,14.32,34.03,40.99,36.13,24.3,22.92,68.66,1552.4,0.848,0.089,6,42.34,18.63,774.0,0.72
Karnataka,Belgaum,15.8495,74.493,6.14,1.34,13.6,33.47,42.7,35.87,24.3,22.92,68.66,1552.4,0.848,0.089,6,42.34,18.63,757.0,0.64
Karnataka,Belgaum,16.4409,74.6846,7.3,0.87,10.89,37.62,38.88,36.25,24.83,23.15,65.19,1213.8,0.852,0.09,7,43.07,19.17,591.0,0.64
Karnataka,Belgaum,16.5321,74.4558,6.83,1.1,11.9,32.86,41.57,26.08,24.83,23.15,65.19,1213.8,0.852,0.09,7,43.07,19.17,550.0,0.51
Karnataka,Belgaum,16.5031,74.4705,7.19,0.93,11.07,35.2,42.51,27.07,24.83,23.15,65.19,1213.8,0.852,0.09,7,43.07,19.17,580.0,1.07
Karnataka,Belgaum,16.5544,74.6575,7.35,1.22,13.13,33.36,40.65,27.89,24.83,23.15,65.19,1213.8,0.852,0.09,7,43.07,19.17,532.0,0.41
Karnataka,Belgaum,16.5652,74.6122,7.04,1.2,13.37,32.83,40.78,25.58,24.83,23.15,65.19,1213.8,0.852,0.09,7,43.07,19.17,537.0,0.16
Karnataka,Belgaum,16.2571,75.0091,7.54,0.84,10.16,38.91,36.89,38.15,25.86,23.78,58.45,612.5,0.737,0.15,7,43.3,19.65,574.0,0.73
Karnataka,Belgaum,16.2379,74.7696,6.88,0.97,12.07,36.91,42.97,31.74,25.2,23.39,62.04,795.3,0.74,0.139,6,42.53,19.17,620.0,0.83
Karnataka,Belgaum,16.2671,75.0607,7.64,0.89,11.87,39.87,35.03,40.89,25.86,23.78,58.45,612.5,0.737,0.15,7,43.3,19.65,592.0,1.14
Karnataka,Belgaum,16.3258,75.1252,7.22,1.13,13.06,35.79,46.21,24.36,25.86,23.78,58.45,612.5,0.737,0.15,7,43.3,19.65,534.0,0.48
Karnataka,Belgaum,16.1725,74.8645,7.12,0.9,11.39,38.87,38.46,31.84,25.2,23.39,62.04,795.3,0.74,0.139,6,42.53,19.17,549.0,0.07
Karnataka,Belgaum,16.0136,74.661,6.58,1.21,13.68,32.98,37.79,39.97,24.3,22.92,68.66,1552.4,0.848,0.089,6,42.34,19.17,746.0,3.16
Karnataka,Belgaum,15.9975,74.8249,7.01,1.07,11.47,38.13,34.2,38.37,25.2,23.39,62.04,795.3,0.74,0.139,6,42.53,18.63,674.0,0.59
Karnataka,Belgaum,16.3094,75.0373,7.19,1.11,12.5,35.38,44.13,25.4,25.86,23.78,58.45,612.5,0.737,0.15,7,43.3,19.65,538.0,0.82
Karnataka,Belgaum,16.3286,74.5375,6.61,1.17,12.54,32.93,41.2,31.45,24.83,23.15,65.19,1213.8,0.852,0.09,7,43.07,19.17,723.0,2.65
Karnataka,Belgaum,16.3181,74.5618,6.64,1.28,13.44,33.47,40.03,40.06,24.83,23.15,65.19,1213.8,0.852,0.09,7,43.07,19.17,788.0,0.19
Karnataka,Belgaum,16.1959,74.5398,6.59,1.0,10.25,39.17,33.68,34.47,24.3,22.92,68.66,1552.4,0.848,0.089,6,42.34,19.17,646.0,0.82
Karnataka,Belgaum,16.2904,74.4661,6.49,1.13,12.18,35.08,38.97,40.42,24.83,23.15,65.19,1213.8,0.852,0.09,7,43.07,19.17,700.0,1.36
Karnataka,Belgaum,16.2314,74.6835,6.67,1.0,13.27,36.99,41.87,26.09,24.3,22.92,68.66,1552.4,0.848,0.089,6,42.34,19.17,621.0,0.81
Karnataka,Belgaum,15.9831,74.581,6.17,1.45,16.49,32.95,37.5,33.72,24.3,22.92,68.66,1552.4,0.848,0.089,6,42.34,18.63,810.0,3.63
Karnataka,Belgaum,16.1023,74.6672,6.62,0.97,10.24,32.51,41.94,32.9,24.3,22.92,68.66,1552.4,0.848,0.089,6,42.34,19.17,669.0,0.41
Karnataka,Belgaum,16.3172,74.5332,6.69,1.07,11.4,34.0,40.73,32.62,24.83,23.15,65.19,1213.8,0.852,0.09,7,43.07,19.17,707.0,0.7
Karnataka,Belgaum,16.1237,74.5873,6.43,1.25,19.36,33.41,43.74,33.31,24.3,22.92,68.66,1552.4,0.848,0.089,6,42.34,19.17,659.0,0.0
Karnataka,Belgaum,15.7026,74.6499,6.44,1.21,12.03,35.82,39.66,33.72,25.17,24.13,70.94,1889.4,0.854,0.085,6,42.39,18.63,662.0,1.15
Karnataka,Belgaum,15.5984,74.5042,6.3,1.35,14.87,32.68,38.83,34.11,25.17,24.13,70.94,1889.4,0.854,0.085,6,42.39,18.63,677.0,1.04
Karnataka,Belgaum,15.6368,74.7069,6.38,1.2,11.91,35.74,40.58,32.48,24.84,23.23,66.04,1064.2,0.762,0.127,6,42.17,18.63,656.0,0.84
Karnataka,Belgaum,15.4733,74.5878,5.76,1.59,18.69,29.66,42.71,31.92,25.17,24.13,70.94,1889.4,0.854,0.085,6,42.39,18.63,702.0,3.72
Karnataka,Belgaum,15.5716,74.4271,5.83,2.0,19.14,30.19,40.17,31.35,25.17,24.13,70.94,1889.4,0.854,0.085,6,42.39,18.63,690.0,2.14
Karnataka,Belgaum,15.5651,74.6028,6.29,1.26,12.68,32.2,41.78,34.46,25.17,24.13,70.94,1889.4,0.854,0.085,6,42.39,18.63,701.0,0.64
Karnataka,Belgaum,15.6272,74.4298,5.86,1.94,18.39,31.57,40.12,29.82,25.17,24.13,70.94,1889.4,0.854,0.085,6,42.39,18.63,688.0,3.96
Karnataka,Belgaum,15.482,74.6615,5.88,1.65,17.15,32.29,41.94,30.9,25.17,24.13,70.94,1889.4,0.854,0.085,6,42.39,18.63,651.0,1.71
Karnataka,Belgaum,16.4378,74.8744,7.38,0.9,12.84,41.09,36.19,35.09,25.86,23.78,58.45,612.5,0.737,0.15,7,43.3,19.17,620.0,0.54
Karnataka,Belgaum,16.4676,74.9654,7.18,1.09,14.17,36.42,44.62,25.22,25.86,23.78,58.45,612.5,0.737,0.15,7,43.3,19.17,562.0,0.28
Karnataka,Belgaum,16.3232,74.8566,6.88,0.95,11.06,34.98,42.29,29.86,25.86,23.78,58.45,612.5,0.737,0.15,7,43.3,19.17,599.0,0.63
Karnataka,Belgaum,16.4775,74.8086,7.23,0.89,10.46,34.41,43.42,31.07,25.86,23.78,58.45,612.5,0.737,0.15,7,43.3,19.17,582.0,0.28
Karnataka,Belgaum,16.3445,74.8557,6.91,0.92,11.0,34.99,42.11,29.59,25.86,23.78,58.45,612.5,0.737,0.15,7,43.3,19.17,603.0,0.46
Karnataka,Belgaum,16.4305,74.7925,7.17,1.01,13.03,35.15,41.18,36.59,25.86,23.78,58.45,612.5,0.737,0.15,7,43.3,19.17,647.0,0.84
Karnataka,Belgaum,16.499,74.7655,7.27,0.95,12.34,35.83,44.9,33.3,25.86,23.78,58.45,612.5,0.737,0.15,7,43.3,19.17,594.0,1.27
Karnataka,Belgaum,16.3251,74.8317,7.2,0.89,10.46,37.02,35.83,39.59,25.86,23.78,58.45,612.5,0.737,0.15,7,43.3,19.17,610.0,0.83
Karnataka,Belgaum,16.4062,74.8296,7.04,1.06,13.17,36.29,41.16,33.13,25.86,23.78,58.45,612.5,0.737,0.15,7,43.3,19.17,666.0,2.67
Karnataka,Belgaum,16.0931,75.2396,6.98,0.95,12.74,32.56,41.15,34.47,25.2,23.39,62.04,795.3,0.74,0.139,6,42.53,19.65,676.0,0.87
Karnataka,Belgaum,16.1385,75.1496,7.08,0.98,12.68,34.04,42.63,33.51,25.2,23.39,62.04,795.3,0.74,0.139,6,42.53,19.65,624.0,2.75
Karnataka,Belgaum,15.9967,75.268,7.2,0.94,13.22,30.89,47.72,25.41,25.2,23.39,62.04,795.3,0.74,0.139,6,42.53,19.53,604.0,1.15
Karnataka,Belgaum,15.9847,75.127,7.22,1.04,13.16,34.6,36.16,38.8,25.2,23.39,62.04,795.3,0.74,0.139,6,42.53,19.53,654.0,0.65
Karnataka,Belgaum,15.9376,75.369,7.09,1.03,11.96,31.1,49.29,24.69,26.07,23.83,58.12,590.4,0.659,0.176,6,43.05,19.53,556.0,0.38
Karnataka,Belgaum,16.0063,75.1,7.23,0.95,12.57,31.95,39.96,36.97,25.2,23.39,62.04,795.3,0.74,0.139,6,42.53,19.65,663.0,1.02
Karnataka,Belgaum,15.9018,75.2843,6.75,1.14,13.08,29.9,48.89,27.38,25.2,23.39,62.04,795.3,0.74,0.139,6,42.53,19.53,677.0,3.42
Karnataka,Belgaum,15.8761,74.8947,7.0,0.93,12.45,33.19,38.65,36.41,25.2,23.39,62.04,795.3,0.74,0.139,6,42.53,18.63,705.0,0.72
Karnataka,Belgaum,15.8955,74.8416,6.76,1.21,13.94,33.95,35.0,37.45,25.2,23.39,62.04,795.3,0.74,0.139,6,42.53,18.63,762.0,0.59
Karnataka,Belgaum,16.057,75.0617,7.0,0.97,13.14,33.2,42.94,34.57,25.2,23.39,62.04,795.3,0.74,0.139,6,42.53,19.65,671.0,1.08
Karnataka,Belgaum,15.7257,75.2185,7.27,1.04,21.45,37.47,30.78,44.46,24.84,23.23,66.04,1064.2,0.762,0.127,6,42.17,19.53,628.0,0.41
Karnataka,Belgaum,15.8631,75.0968,6.79,1.01,17.6,34.55,45.58,27.77,25.2,23.39,62.04,795.3,0.74,0.139,6,42.53,19.53,614.0,0.62
Karnataka,Belgaum,15.6818,75.0657,7.26,1.1,26.68,39.03,30.69,44.29,24.84,23.23,66.04,1064.2,0.762,0.127,6,42.17,19.53,633.0,0.43
Karnataka,Belgaum,15.9884,74.8729,6.96,0.98,11.84,35.93,35.62,37.21,25.2,23.39,62.04,795.3,0.74,0.139,6,42.53,18.63,694.0,0.9
Karnataka,Bangalore Rural,13.2257,77.7935,6.67,1.01,9.58,27.75,54.52,15.47,23.74,21.61,67.94,842.5,0.522,0.251,4,40.38,20.19,870.0,0.45
Karnataka,Bangalore Rural,13.2105,77.6917,6.65,0.86,9.38,25.97,57.94,15.89,23.74,21.61,67.94,842.5,0.522,0.251,4,40.38,20.19,909.0,0.82
Karnataka,Bangalore Rural,13.3332,77.7699,6.49,0.88,10.14,30.08,51.76,12.92,24.02,21.74,66.33,800.0,0.529,0.257,5,40.42,20.19,891.0,0.7
Karnataka,Bangalore Rural,13.259,77.6696,6.42,1.05,8.69,26.46,53.61,12.11,24.02,21.74,66.33,800.0,0.529,0.257,5,40.42,20.19,906.0,1.01
Karnataka,Bangalore Rural,13.1363,77.7574,6.59,1.06,10.22,29.98,53.47,13.57,23.74,21.61,67.94,842.5,0.522,0.251,4,40.38,20.19,865.0,0.28
Karnataka,Bangalore,13.1509,77.7307,6.53,1.02,9.08,26.91,57.38,12.11,23.74,21.61,67.94,842.5,0.522,0.251,4,40.38,20.19,884.0,0.69
Karnataka,Bangalore Rural,13.3074,77.6516,6.43,1.18,10.57,29.62,51.66,16.06,24.02,21.74,66.33,800.0,0.529,0.257,5,40.42,20.19,966.0,0.21
Karnataka,Bangalore Rural,13.1282,77.7629,6.72,1.1,9.4,29.67,53.04,15.31,23.74,21.61,67.94,842.5,0.522,0.251,4,40.38,20.19,864.0,0.17
Karnataka,Bangalore Rural,13.2026,77.89,6.53,0.84,9.16,26.22,56.46,12.52,23.83,21.25,69.24,876.1,0.497,0.296,4,40.91,20.19,911.0,1.87
Karnataka,Bangalore Rural,12.9488,77.8197,6.6,0.97,10.02,32.37,48.57,20.35,23.83,21.25,69.24,876.1,0.497,0.296,4,40.91,19.73,858.0,0.5
Karnataka,Bangalore Rural,12.996,77.7925,6.5,0.92,9.39,29.81,51.74,17.31,23.74,21.61,67.94,842.5,0.522,0.251,4,40.38,19.73,878.0,0.62
Karnataka,Bangalore Rural,13.1221,77.8014,6.61,0.81,8.93,27.7,58.08,13.38,23.74,21.61,67.94,842.5,0.522,0.251,4,40.38,20.19,918.0,0.96
Karnataka,Bangalore Rural,13.1366,77.3506,6.46,1.25,10.1,28.09,56.68,11.96,23.74,21.61,67.94,842.5,0.522,0.251,4,40.38,20.19,876.0,0.62
Karnataka,Bangalore Rural,13.2005,77.354,6.32,1.33,9.85,29.41,57.5,12.68,23.74,21.61,67.94,842.5,0.522,0.251,4,40.38,20.19,904.0,0.98
Karnataka,Bangalore Rural,13.3211,77.3383,6.16,1.29,10.96,27.3,57.59,10.15,24.02,21.74,66.33,800.0,0.529,0.257,5,40.42,20.19,871.0,2.04
Karnataka,Bangalore Rural,13.1647,77.3361,6.37,1.14,9.57,27.57,57.54,12.11,23.74,21.61,67.94,842.5,0.522,0.251,4,40.38,20.19,890.0,0.37
Karnataka,Bangalore,12.7427,77.7415,6.43,1.16,11.03,32.22,48.13,19.52,24.45,22.34,68.11,833.3,0.495,0.275,4,41.69,19.73,893.0,0.67
Karnataka,Bangalore,12.722,77.7105,6.42,1.16,14.49,31.69,46.53,20.58,24.45,22.34,68.11,833.3,0.495,0.275,4,41.69,19.73,904.0,0.99
Karnataka,Bangalore,12.8061,77.4943,6.5,1.15,10.85,26.68,54.46,16.45,23.74,21.61,67.94,842.5,0.522,0.251,4,40.38,19.73,789.0,0.61
Karnataka,Bangalore,12.9165,77.4476,6.46,1.13,10.08,26.98,53.23,15.06,23.74,21.61,67.94,842.5,0.522,0.251,4,40.38,19.73,782.0,0.37
Karnataka,Bangalore,12.9618,77.4199,6.45,1.09,10.08,29.7,51.89,12.57,23.74,21.61,67.94,842.5,0.522,0.251,4,40.38,19.73,846.0,1.32
Karnataka,Bangalore,12.8718,77.5103,6.43,1.17,11.59,26.19,54.48,19.08,23.74,21.61,67.94,842.5,0.522,0.251,4,40.38,19.73,846.0,0.46
Karnataka,Bangalore,12.9163,77.6227,6.55,1.61,15.7,29.07,47.83,22.47,23.74,21.61,67.94,842.5,0.522,0.251,4,40.38,19.73,884.0,0.43
Karnataka,Bangalore,12.8497,77.4403,6.51,1.19,11.89,25.62,53.74,15.48,23.74,21.61,67.94,842.5,0.522,0.251,4,40.38,19.73,751.0,0.7
Karnataka,Bangalore,12.8995,77.438,6.48,1.22,10.77,25.94,53.04,14.36,23.74,21.61,67.94,842.5,0.522,0.251,4,40.38,19.73,776.0,1.32
Karnataka,Bidar,18.1868,77.2674,7.4,0.98,8.55,40.34,30.98,35.14,26.18,22.78,56.29,858.8,0.792,0.109,7,44.55,19.23,546.0,0.19
Karnataka,Bangalore,13.0643,77.6356,6.6,0.81,10.96,28.18,55.71,15.68,23.74,21.61,67.94,842.5,0.522,0.251,4,40.38,20.19,900.0,0.93
Karnataka,Bangalore,13.1123,77.6468,6.52,1.02,11.34,25.92,57.36,16.16,23.74,21.61,67.94,842.5,0.522,0.251,4,40.38,20.19,914.0,1.1
Karnataka,Bangalore,13.0109,77.7436,6.45,1.19,10.78,28.43,51.44,17.92,23.74,21.61,67.94,842.5,0.522,0.251,4,40.38,20.19,862.0,0.79
Karnataka,Bangalore,13.0164,77.6926,6.41,1.29,12.97,27.91,55.15,16.73,23.74,21.61,67.94,842.5,0.522,0.251,4,40.38,20.19,882.0,0.68
Karnataka,Bangalore,13.0445,77.6719,6.52,1.05,11.4,27.27,53.18,18.36,23.74,21.61,67.94,842.5,0.522,0.251,4,40.38,20.19,877.0,0.58
Karnataka,Bangalore,12.8976,77.7247,6.54,1.06,9.99,29.76,51.06,20.04,23.74,21.61,67.94,842.5,0.522,0.251,4,40.38,19.73,887.0,0.21
Karnataka,Bangalore,12.936,77.7408,6.54,1.06,11.07,29.28,48.43,20.5,23.74,21.61,67.94,842.5,0.522,0.251,4,40.38,19.73,877.0,1.0
Karnataka,Bangalore,12.8812,77.7158,6.44,1.06,11.34,30.81,48.54,20.12,23.74,21.61,67.94,842.5,0.522,0.251,4,40.38,19.73,908.0,0.1
Karnataka,Bidar,17.8968,76.9214,6.89,0.99,10.24,36.0,36.53,29.67,26.06,22.76,55.28,788.5,0.779,0.121,7,44.16,19.47,629.0,0.62
Karnataka,Bidar,17.8683,76.9895,6.95,1.1,10.05,37.81,34.44,31.48,26.06,22.76,55.28,788.5,0.779,0.121,7,44.16,19.47,617.0,0.61
Karnataka,Bidar,17.6673,76.739,6.99,1.09,10.32,36.58,35.97,33.88,26.58,23.47,55.25,770.7,0.765,0.125,7,44.6,19.47,562.0,0.99
Karnataka,Bidar,17.8568,76.9225,6.88,1.04,9.96,35.01,38.61,31.01,26.06,22.76,55.28,788.5,0.779,0.121,7,44.16,19.47,645.0,0.36
Karnataka,Bidar,17.7898,76.7688,6.9,1.05,11.48,33.64,35.96,33.51,26.06,22.76,55.28,788.5,0.779,0.121,7,44.16,19.47,628.0,0.41
Karnataka,Bidar,17.8493,77.0526,6.88,1.05,10.29,36.08,36.38,31.95,26.06,22.76,55.28,788.5,0.779,0.121,7,44.16,19.29,648.0,0.57
Karnataka,Bidar,17.9445,77.2353,7.17,1.13,8.58,41.61,33.31,31.34,26.18,22.78,56.29,858.8,0.792,0.109,7,44.55,19.29,565.0,0.33
Karnataka,Bidar,17.9881,77.2171,7.34,1.01,8.92,40.12,32.11,30.56,26.18,22.78,56.29,858.8,0.792,0.109,7,44.55,19.29,572.0,0.42
Karnataka,Bidar,18.1174,77.0435,7.26,1.01,8.8,39.48,31.9,34.56,26.06,22.76,55.28,788.5,0.779,0.121,7,44.16,19.23,553.0,0.95
Karnataka,Bidar,18.0656,76.9694,7.14,0.99,9.03,41.18,29.34,34.16,26.06,22.76,55.28,788.5,0.779,0.121,7,44.16,19.3,578.0,0.54
Karnataka,Bidar,18.055,77.3816,7.32,1.21,9.88,39.63,29.06,38.1,26.18,22.78,56.29,858.8,0.792,0.109,7,44.55,19.23,539.0,0.49
Karnataka,Bidar,17.7946,77.4088,6.92,1.01,9.72,38.38,36.75,28.75,26.18,22.78,56.29,858.8,0.792,0.109,7,44.55,19.29,620.0,0.38
Karnataka,Bidar,17.7371,77.5101,7.18,1.13,8.94,39.13,33.41,31.29,26.11,22.97,57.34,831.4,0.773,0.117,7,44.4,19.29,611.0,0.65
Karnataka,Bidar,17.7664,77.3838,7.33,1.05,9.05,40.4,33.38,31.7,26.18,22.78,56.29,858.8,0.792,0.109,7,44.55,19.29,590.0,0.49
Karnataka,Bidar,17.7591,77.453,6.89,1.06,9.46,38.07,35.73,29.57,26.18,22.78,56.29,858.8,0.792,0.109,7,44.55,19.29,629.0,1.45
Karnataka,Bidar,17.7743,77.5088,7.2,1.01,9.51,40.4,38.17,25.4,26.18,22.78,56.29,858.8,0.792,0.109,7,44.55,19.29,610.0,0.5
Karnataka,Bidar,17.8241,77.3208,7.14,0.94,26.14,41.92,29.45,36.38,26.18,22.78,56.29,858.8,0.792,0.109,7,44.55,19.29,580.0,0.0
Karnataka,Bidar,17.9902,77.3997,7.05,1.14,9.67,36.36,34.54,31.54,26.18,22.78,56.29,858.8,0.792,0.109,7,44.55,19.29,591.0,1.2
Karnataka,Bidar,17.7056,77.2273,7.07,1.1,9.02,36.9,37.2,27.44,26.11,22.97,57.34,831.4,0.773,0.117,7,44.4,19.29,607.0,0.29
Karnataka,Bidar,17.6101,77.3401,6.81,1.1,10.62,36.87,39.01,25.91,26.11,22.97,57.34,831.4,0.773,0.117,7,44.4,19.29,600.0,1.79
Karnataka,Bidar,17.8748,77.2918,7.16,1.01,10.21,42.47,32.62,28.27,26.18,22.78,56.29,858.8,0.792,0.109,7,44.55,19.29,593.0,0.45
Karnataka,Bidar,17.8816,77.2836,7.18,1.03,9.73,41.99,32.11,30.41,26.18,22.78,56.29,858.8,0.792,0.109,7,44.55,19.29,591.0,0.87
Karnataka,Bidar,17.7487,77.0993,6.88,0.96,9.22,35.11,36.21,28.62,26.58,23.47,55.25,770.7,0.765,0.125,7,44.6,19.29,645.0,0.94
Karnataka,Bidar,17.6813,77.4077,6.91,1.13,9.43,37.55,36.51,31.41,26.11,22.97,57.34,831.4,0.773,0.117,7,44.4,19.29,618.0,0.72
Karnataka,Bidar,17.7681,77.1419,6.88,0.99,9.58,36.25,36.83,29.36,26.06,22.76,55.28,788.5,0.779,0.121,7,44.16,19.29,621.0,0.68
Karnataka,Chamrajnagar,11.7763,76.8636,6.98,1.22,18.4,31.62,41.09,29.06,23.86,22.49,69.82,886.2,0.508,0.266,4,40.67,18.58,841.0,0.48
Karnataka,Chamrajnagar,11.9919,76.8722,7.07,1.31,12.96,31.14,40.19,31.97,23.86,22.49,69.82,886.2,0.508,0.266,4,40.67,18.58,750.0,1.25
Karnataka,Chamrajnagar,11.8261,77.0572,6.75,1.56,15.51,34.49,38.53,29.54,23.86,22.49,69.82,886.2,0.508,0.266,4,40.67,19.74,765.0,1.14
Karnataka,Chamrajnagar,11.8436,77.0407,6.83,1.46,13.46,34.44,39.14,29.64,23.86,22.49,69.82,886.2,0.508,0.266,4,40.67,19.74,778.0,0.89
Karnataka,Chamrajnagar,11.7684,76.6484,6.66,1.26,12.39,34.65,38.16,30.54,23.86,22.49,69.82,886.2,0.508,0.266,4,40.67,18.58,853.0,2.07
Karnataka,Chamrajnagar,11.7764,76.4641,5.93,1.78,18.24,35.38,42.02,24.15,23.31,22.41,76.05,1737.8,0.693,0.161,4,40.03,18.58,859.0,1.65
Karnataka,Chamrajnagar,11.7307,76.4449,5.85,1.91,18.02,33.99,40.09,22.26,23.56,22.96,78.53,1852.7,0.663,0.185,4,38.78,18.58,852.0,0.26
Karnataka,Chamrajnagar,11.7043,76.7113,6.74,1.31,12.31,35.34,39.79,29.81,23.5,21.97,72.73,947.1,0.493,0.299,4,40.27,18.58,866.0,0.77
Karnataka,Chamrajnagar,11.9484,76.6868,7.07,1.29,13.83,32.42,38.6,32.5,23.86,22.49,69.82,886.2,0.508,0.266,4,40.67,18.58,748.0,0.77
Karnataka,Chikkaballapura,13.7618,77.9518,6.91,1.1,18.33,33.05,46.85,18.55,25.33,22.27,64.54,733.4,0.513,0.311,5,41.84,20.19,721.0,2.59
Karnataka,Chikkaballapura,13.7645,78.0866,7.02,0.88,24.04,35.84,41.3,22.52,25.33,22.27,64.54,733.4,0.513,0.311,5,41.84,19.83,680.0,0.17
Karnataka,Chikkaballapura,13.8102,78.0536,6.95,0.98,11.93,35.59,43.27,22.5,25.33,22.27,64.54,733.4,0.513,0.311,5,41.84,19.83,687.0,0.7
Karnataka,Chikkaballapura,13.7414,77.9255,6.64,1.38,23.19,32.12,48.56,18.65,23.98,21.24,67.6,814.7,0.506,0.299,5,40.44,20.19,788.0,12.03
Karnataka,Chamrajnagar,12.0427,77.0039,6.82,1.33,12.26,34.37,34.91,29.22,23.86,22.49,69.82,886.2,0.508,0.266,4,40.67,19.73,662.0,0.11
Karnataka,Chamrajnagar,12.0479,77.0042,6.86,1.31,11.65,34.05,35.11,28.95,23.86,22.49,69.82,886.2,0.508,0.266,4,40.67,19.73,665.0,0.63
Karnataka,Chamrajnagar,12.0429,77.0611,6.57,1.26,14.73,32.14,37.81,26.85,23.86,22.49,69.82,886.2,0.508,0.266,4,40.67,19.73,657.0,0.38
Karnataka,Chamrajnagar,11.9127,77.1604,5.97,3.11,30.94,34.32,37.81,25.26,23.86,22.49,69.82,886.2,0.508,0.266,4,40.67,19.74,1226.0,3.4
Karnataka,Chamrajnagar,11.9591,77.134,6.06,3.44,26.79,35.21,38.29,24.72,23.86,22.49,69.82,886.2,0.508,0.266,4,40.67,19.74,1224.0,18.06
Karnataka,Chamrajnagar,12.0258,77.1372,6.27,2.19,22.19,32.25,39.59,21.71,23.86,22.49,69.82,886.2,0.508,0.266,4,40.67,19.73,981.0,7.13
Karnataka,Chamrajnagar,12.0723,77.0797,6.55,1.36,13.92,31.45,39.66,27.36,23.86,22.49,69.82,886.2,0.508,0.266,4,40.67,19.73,650.0,0.3
Karnataka,Chamrajnagar,12.1048,77.0063,6.72,1.28,12.06,34.41,34.83,27.88,23.86,22.49,69.82,886.2,0.508,0.266,4,40.67,19.73,654.0,0.22
Karnataka,Chamrajnagar,12.0403,77.075,6.59,1.28,13.08,31.91,39.19,28.11,23.86,22.49,69.82,886.2,0.508,0.266,4,40.67,19.73,662.0,0.37
Karnataka,Chikkaballapura,13.47,77.6723,6.11,1.64,26.72,26.98,56.34,15.81,24.02,21.74,66.33,800.0,0.529,0.257,5,40.42,20.19,1115.0,2.99
Karnataka,Chikkaballapura,13.5531,77.8026,6.46,1.06,17.81,29.98,53.95,14.42,24.02,21.74,66.33,800.0,0.529,0.257,5,40.42,20.19,852.0,1.26
Karnataka,Chikkaballapura,13.3917,77.777,6.33,1.17,17.27,29.48,54.22,12.81,24.02,21.74,66.33,800.0,0.529,0.257,5,40.42,20.19,928.0,0.69
Karnataka,Chikkaballapura,13.4559,77.6239,6.24,0.89,12.63,28.06,58.17,10.47,24.02,21.74,66.33,800.0,0.529,0.257,5,40.42,20.19,780.0,1.25
Karnataka,Chikkaballapura,13.3793,77.6829,6.12,1.66,18.94,27.83,52.84,14.01,24.02,21.74,66.33,800.0,0.529,0.257,5,40.42,20.19,976.0,10.24
Karnataka,Chikkaballapura,13.5858,77.7849,6.69,1.15,19.24,30.72,50.6,15.64,24.02,21.74,66.33,800.0,0.529,0.257,5,40.42,20.19,852.0,0.6
Karnataka,Chikkaballapura,13.3721,78.1291,6.85,0.81,9.65,31.92,48.95,18.5,23.98,21.24,67.6,814.7,0.506,0.299,5,40.44,19.83,843.0,0.92
Karnataka,Chikkaballapura,13.5692,77.9827,6.98,0.94,11.05,32.55,45.25,20.16,23.98,21.24,67.6,814.7,0.506,0.299,5,40.44,20.19,780.0,1.03
Karnataka,Chikkaballapura,13.4875,78.0382,6.75,0.97,11.14,32.7,46.24,18.63,23.98,21.24,67.6,814.7,0.506,0.299,5,40.44,19.83,832.0,1.43
Karnataka,Chikkaballapura,13.3226,78.0826,6.53,1.0,12.37,31.21,50.58,15.83,23.98,21.24,67.6,814.7,0.506,0.299,5,40.44,19.83,848.0,1.04
Karnataka,Chikkaballapura,13.5728,78.0136,6.85,0.97,11.25,32.3,47.04,18.6,23.98,21.24,67.6,814.7,0.506,0.299,5,40.44,19.83,760.0,1.66
Karnataka,Chikkaballapura,13.3177,78.0674,6.5,0.99,12.93,29.58,50.66,14.87,23.98,21.24,67.6,814.7,0.506,0.299,5,40.44,19.83,867.0,0.24
Karnataka,Chikkaballapura,13.5657,78.1453,6.86,0.86,9.48,34.66,42.21,18.9,23.98,21.24,67.6,814.7,0.506,0.299,5,40.44,19.83,781.0,1.05
Karnataka,Chikkaballapura,13.4332,77.9916,6.64,1.04,17.6,28.4,50.7,16.08,23.98,21.24,67.6,814.7,0.506,0.299,5,40.44,20.19,915.0,0.54
Karnataka,Chikkaballapura,13.6947,77.6124,6.71,1.9,14.91,31.52,52.05,20.95,24.02,21.74,66.33,800.0,0.529,0.257,5,40.42,20.19,680.0,0.43
Karnataka,Chikkaballapura,13.7488,77.5433,7.06,1.05,10.44,36.01,44.26,26.15,24.02,21.74,66.33,800.0,0.529,0.257,5,40.42,20.19,646.0,0.74
Karnataka,Chikkaballapura,13.7019,77.5592,6.74,1.27,12.04,35.0,43.95,24.93,24.02,21.74,66.33,800.0,0.529,0.257,5,40.42,20.19,663.0,0.33
Karnataka,Chikkaballapura,13.5622,77.5739,6.43,1.02,11.66,28.8,56.5,12.85,24.02,21.74,66.33,800.0,0.529,0.257,5,40.42,20.19,758.0,4.87
Karnataka,Chikkaballapura,13.5626,77.6263,6.37,1.13,12.38,31.0,53.58,16.5,24.02,21.74,66.33,800.0,0.529,0.257,5,40.42,20.19,762.0,1.88
Karnataka,Chikkaballapura,13.7137,77.78,6.76,1.03,20.25,34.0,43.67,22.36,24.02,21.74,66.33,800.0,0.529,0.257,5,40.42,20.19,750.0,0.53
Karnataka,Chikkaballapura,13.7139,77.7328,6.62,1.04,17.81,30.42,52.25,16.73,24.02,21.74,66.33,800.0,0.529,0.257,5,40.42,20.19,799.0,0.79
Karnataka,Chikkaballapura,13.6553,77.6709,6.42,1.79,23.04,30.8,52.38,15.21,24.02,21.74,66.33,800.0,0.529,0.257,5,40.42,20.19,866.0,5.62
Karnataka,Chikkaballapura,13.6722,77.7304,6.74,1.07,19.42,31.26,51.53,19.11,24.02,21.74,66.33,800.0,0.529,0.257,5,40.42,20.19,813.0,1.52
Karnataka,Chikkaballapura,13.7201,77.7411,6.69,1.04,18.74,31.96,49.16,18.61,24.02,21.74,66.33,800.0,0.529,0.257,5,40.42,20.19,773.0,0.12
Karnataka,Chikkaballapura,13.6292,77.7117,6.5,1.11,20.97,30.23,53.9,16.04,24.02,21.74,66.33,800.0,0.529,0.257,5,40.42,20.19,824.0,0.63
Karnataka,Chikkaballapura,13.6514,77.7474,6.73,1.03,20.01,30.12,53.45,16.91,24.02,21.74,66.33,800.0,0.529,0.257,5,40.42,20.19,814.0,0.59
Karnataka,Chikkaballapura,13.5838,77.9175,6.72,1.08,18.69,30.55,51.82,18.26,23.98,21.24,67.6,814.7,0.506,0.299,5,40.44,20.19,860.0,2.13
Karnataka,Chikkaballapura,13.4313,77.9304,6.72,1.21,18.5,29.02,51.23,16.37,23.98,21.24,67.6,814.7,0.506,0.299,5,40.44,20.19,903.0,0.84
Karnataka,Chikkaballapura,13.6309,77.8428,6.95,1.01,18.49,33.52,46.77,19.5,23.98,21.24,67.6,814.7,0.506,0.299,5,40.44,20.19,780.0,0.5
Karnataka,Chikkaballapura,13.3755,77.9577,6.64,1.1,14.05,30.45,47.17,19.4,23.98,21.24,67.6,814.7,0.506,0.299,5,40.44,20.19,930.0,0.74
Karnataka,Chikkaballapura,13.4783,77.9866,6.65,1.03,13.28,28.63,54.11,17.86,23.98,21.24,67.6,814.7,0.506,0.299,5,40.44,20.19,874.0,1.86
Karnataka,Chikkaballapura,13.2873,77.8932,6.61,0.95,10.21,27.87,54.93,15.69,23.98,21.24,67.6,814.7,0.506,0.299,5,40.44,20.19,910.0,1.38
Karnataka,Chikkaballapura,13.4824,77.8697,6.59,1.08,18.65,30.96,52.55,18.83,23.98,21.24,67.6,814.7,0.506,0.299,5,40.44,20.19,878.0,1.5
Karnataka,Chikmagalur,13.3876,75.9916,7.3,1.07,11.0,31.83,40.5,31.17,23.65,21.88,68.79,1137.3,0.684,0.164,6,40.36,18.72,873.0,1.39
Karnataka,Chikmagalur,13.6074,75.9327,6.82,1.03,12.33,30.85,42.09,26.35,22.53,20.5,77.64,2460.4,0.819,0.102,5,39.03,18.72,834.0,1.28
Karnataka,Chikmagalur,13.7253,76.1585,7.04,1.11,11.18,36.1,41.13,32.96,23.65,21.88,68.79,1137.3,0.684,0.164,6,40.36,19.82,731.0,1.2
Karnataka,Chikmagalur,13.5204,76.206,7.0,1.32,11.84,32.91,44.98,32.15,23.65,21.88,68.79,1137.3,0.684,0.164,6,40.36,19.82,785.0,1.02
Karnataka,Chikmagalur,13.5488,76.1946,6.9,1.32,11.88,33.85,44.01,30.27,23.65,21.88,68.79,1137.3,0.684,0.164,6,40.36,19.82,748.0,0.64
Karnataka,Chikmagalur,13.5087,75.6951,5.73,2.53,24.16,34.78,38.92,26.94,22.53,20.5,77.64,2460.4,0.819,0.102,5,39.03,18.72,858.0,4.34
Karnataka,Chikmagalur,13.3557,75.6001,5.6,4.11,42.18,33.49,38.3,29.76,22.53,20.5,77.64,2460.4,0.819,0.102,5,39.03,18.72,1309.0,10.45
Karnataka,Chikmagalur,13.4507,75.6661,5.6,2.31,20.21,32.65,40.69,27.92,22.53,20.5,77.64,2460.4,0.819,0.102,5,39.03,18.72,814.0,1.43
Karnataka,Chikmagalur,13.2578,75.6592,5.87,2.8,26.83,34.69,40.48,29.74,22.53,20.5,77.64,2460.4,0.819,0.102,5,39.03,18.72,1045.0,0.66
Karnataka,Chikmagalur,13.1968,75.6864,5.76,2.85,26.74,31.83,38.11,25.43,23.41,22.06,78.12,2852.8,0.82,0.099,5,39.7,18.72,1092.0,2.82
Karnataka,Chikmagalur,13.3611,75.6432,5.61,3.42,34.43,32.82,38.89,27.11,22.53,20.5,77.64,2460.4,0.819,0.102,5,39.03,18.72,1062.0,8.55
Karnataka,Chikmagalur,13.3933,75.5652,5.63,3.21,32.33,35.09,38.41,27.64,22.53,20.5,77.64,2460.4,0.819,0.102,5,39.03,18.72,1017.0,9.99
Karnataka,Chikmagalur,13.2522,75.365,5.45,3.25,37.65,33.4,40.83,26.26,22.53,20.5,77.64,2460.4,0.819,0.102,5,39.03,18.72,864.0,12.12
Karnataka,Chikmagalur,13.0472,75.6997,5.66,1.91,19.97,30.99,42.85,27.34,23.41,22.06,78.12,2852.8,0.82,0.099,5,39.7,18.72,905.0,1.03
Karnataka,Chikmagalur,13.2318,75.5855,5.56,2.82,32.61,38.78,39.61,25.38,23.41,22.06,78.12,2852.8,0.82,0.099,5,39.7,18.72,879.0,3.31
Karnataka,Chikmagalur,13.4066,75.3184,5.44,2.52,24.54,33.82,40.9,24.95,22.53,20.5,77.64,2460.4,0.819,0.102,5,39.03,18.72,717.0,6.85
Karnataka,Chikmagalur,13.3186,75.3168,5.46,3.5,36.42,34.37,39.45,25.45,22.53,20.5,77.64,2460.4,0.819,0.102,5,39.03,18.72,873.0,8.64
Karnataka,Chikmagalur,13.5451,75.2558,5.5,2.08,21.75,30.64,42.01,24.16,25.38,24.34,77.32,3354.6,0.848,0.09,5,38.61,18.72,648.0,0.26
Karnataka,Chikmagalur,13.3702,75.3244,5.48,3.35,35.51,34.98,39.82,24.5,22.53,20.5,77.64,2460.4,0.819,0.102,5,39.03,18.72,826.0,10.1
Karnataka,Chikmagalur,13.3092,75.2901,5.48,3.68,38.98,34.52,38.1,28.4,25.38,24.34,77.32,3354.6,0.848,0.09,5,38.61,18.72,1123.0,17.74
Karnataka,Chikmagalur,13.3471,75.3896,5.46,3.26,33.25,35.62,39.38,26.7,22.53,20.5,77.64,2460.4,0.819,0.102,5,39.03,18.72,767.0,4.56
Karnataka,Chikmagalur,13.5807,75.3977,5.59,2.89,38.94,34.78,39.56,25.13,22.53,20.5,77.64,2460.4,0.819,0.102,5,39.03,18.72,848.0,5.76
Karnataka,Chikmagalur,13.5295,75.3279,5.44,2.52,26.83,31.55,41.64,25.51,22.53,20.5,77.64,2460.4,0.819,0.102,5,39.03,18.72,800.0,8.1
Karnataka,Chikmagalur,13.5584,75.3599,5.51,2.11,21.35,30.47,40.88,25.62,22.53,20.5,77.64,2460.4,0.819,0.102,5,39.03,18.72,742.0,1.44
Karnataka,Chikmagalur,13.5386,75.3161,5.46,2.23,21.53,31.61,42.2,24.05,22.53,20.5,77.64,2460.4,0.819,0.102,5,39.03,18.72,674.0,4.79
Karnataka,Chikmagalur,13.6218,75.427,5.65,1.99,20.6,30.14,41.4,26.12,22.53,20.5,77.64,2460.4,0.819,0.102,5,39.03,18.72,648.0,0.21
Karnataka,Chikmagalur,13.5712,75.6234,5.69,2.7,31.98,34.7,39.62,34.34,22.53,20.5,77.64,2460.4,0.819,0.102,5,39.03,18.72,774.0,6.91
Karnataka,Chikmagalur,13.5762,75.5561,5.67,2.34,28.68,32.57,42.42,31.84,22.53,20.5,77.64,2460.4,0.819,0.102,5,39.03,18.72,674.0,1.78
Karnataka,Chikmagalur,13.2948,75.4406,5.41,3.18,35.77,36.13,39.02,25.28,22.53,20.5,77.64,2460.4,0.819,0.102,5,39.03,18.72,957.0,10.9
Karnataka,Chikmagalur,13.6365,75.415,5.55,2.44,23.28,29.79,40.7,25.85,22.53,20.5,77.64,2460.4,0.819,0.102,5,39.03,18.72,716.0,2.35
Karnataka,Chikmagalur,13.6428,75.5787,5.76,2.48,34.29,32.52,44.05,33.27,22.53,20.5,77.64,2460.4,0.819,0.102,5,39.03,18.72,688.0,0.85
Karnataka,Chikmagalur,13.5223,75.5314,5.6,2.27,21.44,32.19,40.45,29.68,22.53,20.5,77.64,2460.4,0.819,0.102,5,39.03,18.72,793.0,4.56
Karnataka,Chikmagalur,13.5345,75.7736,5.85,3.34,28.74,38.59,33.02,35.27,22.53,20.5,77.64,2460.4,0.819,0.102,5,39.03,18.72,1703.0,6.5
Karnataka,Chikmagalur,13.8073,75.831,6.38,1.44,16.88,33.73,38.5,23.15,23.87,21.87,73.34,1866.3,0.802,0.112,6,41.12,18.72,746.0,3.91
Karnataka,Chikmagalur,13.6343,75.6005,5.75,2.59,27.84,34.33,40.02,32.91,22.53,20.5,77.64,2460.4,0.819,0.102,5,39.03,18.72,733.0,4.33
Karnataka,Chikmagalur,13.6742,75.9613,7.02,1.02,9.93,32.57,43.39,28.69,23.65,21.88,68.79,1137.3,0.684,0.164,6,40.36,18.72,778.0,0.48
Karnataka,Chikmagalur,13.3153,75.1389,5.47,3.1,33.18,30.79,42.16,25.32,25.38,24.34,77.32,3354.6,0.848,0.09,5,38.61,18.72,737.0,2.51
Karnataka,Chikmagalur,13.4035,75.1757,5.51,3.36,34.42,32.31,41.88,24.78,25.38,24.34,77.32,3354.6,0.848,0.09,5,38.61,18.72,709.0,4.52
Karnataka,Chikmagalur,13.2745,75.2501,5.61,4.69,45.17,36.75,35.86,31.49,25.38,24.34,77.32,3354.6,0.848,0.09,5,38.61,18.72,1363.0,13.74
Karnataka,Chikmagalur,13.4417,75.2509,5.45,1.91,22.57,30.08,42.99,23.25,25.38,24.34,77.32,3354.6,0.848,0.09,5,38.61,18.72,699.0,1.48
Karnataka,Chikmagalur,13.3496,75.1628,5.5,2.93,31.65,32.19,40.25,25.08,25.38,24.34,77.32,3354.6,0.848,0.09,5,38.61,18.72,752.0,2.11
Karnataka,Chikmagalur,13.4794,75.168,5.52,3.05,39.32,33.47,42.84,24.67,25.38,24.34,77.32,3354.6,0.848,0.09,5,38.61,18.72,699.0,3.31
Karnataka,Chikmagalur,13.3313,75.153,5.52,3.12,33.99,31.56,40.87,27.21,25.38,24.34,77.32,3354.6,0.848,0.09,5,38.61,18.72,682.0,4.51
Karnataka,Chikmagalur,13.3823,75.177,5.47,3.25,35.79,32.8,40.22,25.29,25.38,24.34,77.32,3354.6,0.848,0.09,5,38.61,18.72,789.0,6.67
Karnataka,Chikmagalur,13.3312,75.2112,5.48,3.15,35.5,33.89,39.97,26.41,25.38,24.34,77.32,3354.6,0.848,0.09,5,38.61,18.72,849.0,6.4
Karnataka,Chikmagalur,13.438,75.2026,5.51,2.44,28.57,30.01,43.72,24.24,25.38,24.34,77.32,3354.6,0.848,0.09,5,38.61,18.72,682.0,5.7
Karnataka,Chitradurga,14.2019,76.6021,7.18,1.09,15.31,36.34,38.08,40.69,25.15,23.04,63.39,683.6,0.537,0.244,6,41.44,20.22,595.0,0.44
Karnataka,Chitradurga,14.1043,76.8776,7.28,1.11,11.43,40.52,34.37,38.88,25.15,23.04,63.39,683.6,0.537,0.244,6,41.44,20.22,589.0,0.24
Karnataka,Chitradurga,13.741,76.5789,6.97,1.11,10.98,34.74,45.02,27.67,24.29,22.48,65.46,798.0,0.542,0.233,5,40.72,19.82,701.0,0.75
Karnataka,Chitradurga,14.0253,76.717,7.14,1.0,10.07,36.57,40.9,26.19,25.15,23.04,63.39,683.6,0.537,0.244,6,41.44,20.22,574.0,0.33
Karnataka,Chitradurga,13.9828,76.4914,6.99,1.12,11.71,36.3,40.75,35.97,24.57,22.79,66.3,865.0,0.629,0.196,6,41.15,19.82,668.0,0.9
Karnataka,Chitradurga,14.3494,76.4499,7.03,1.01,11.38,34.75,37.08,38.9,25.16,23.39,64.13,702.4,0.583,0.22,6,41.6,20.22,660.0,0.53
Karnataka,Chitradurga,14.3843,76.1592,6.89,1.29,12.56,36.42,36.38,34.37,25.16,23.39,64.13,702.4,0.583,0.22,6,41.6,20.22,701.0,4.36
Karnataka,Chitradurga,14.2278,76.4081,6.84,1.07,10.41,30.93,48.84,26.06,24.57,22.79,66.3,865.0,0.629,0.196,6,41.15,20.22,718.0,1.07
Karnataka,Chitradurga,14.2562,76.171,6.85,1.04,10.69,34.67,40.15,31.2,25.16,23.39,64.13,702.4,0.583,0.22,6,41.6,20.22,795.0,1.11
Karnataka,Chitradurga,14.3016,76.1176,6.88,1.24,12.31,36.03,36.88,35.43,25.16,23.39,64.13,702.4,0.583,0.22,6,41.6,20.22,717.0,1.03
Karnataka,Chitradurga,14.2851,76.1215,6.89,1.14,11.57,35.76,37.76,34.66,25.16,23.39,64.13,702.4,0.583,0.22,6,41.6,20.22,704.0,1.82
Karnataka,Chitradurga,14.3689,76.479,7.13,1.0,20.03,36.14,37.73,40.26,25.16,23.39,64.13,702.4,0.583,0.22,6,41.6,20.22,639.0,0.85
Karnataka,Chitradurga,14.084,76.4206,6.85,1.27,15.57,31.54,41.86,29.57,24.57,22.79,66.3,865.0,0.629,0.196,6,41.15,20.22,866.0,4.24
Karnataka,Chitradurga,14.0582,76.1811,6.92,1.05,9.83,35.07,41.99,28.51,24.57,22.79,66.3,865.0,0.629,0.196,6,41.15,20.22,695.0,0.3
Karnataka,Chitradurga,14.0569,76.1807,6.92,1.05,11.28,34.85,42.37,28.63,24.57,22.79,66.3,865.0,0.629,0.196,6,41.15,20.22,691.0,0.43
Karnataka,Chitradurga,14.2238,76.1483,7.05,1.17,11.91,36.24,39.96,35.38,24.57,22.79,66.3,865.0,0.629,0.196,6,41.15,20.22,690.0,4.78
Karnataka,Chitradurga,14.1295,76.2055,6.81,1.13,12.29,34.04,45.05,28.28,24.57,22.79,66.3,865.0,0.629,0.196,6,41.15,20.22,775.0,0.85
Karnataka,Chitradurga,13.9659,76.1796,6.85,1.19,11.41,32.34,43.71,29.06,24.57,22.79,66.3,865.0,0.629,0.196,6,41.15,19.82,741.0,3.9
Karnataka,Chitradurga,14.0281,76.3116,7.05,1.23,12.5,34.16,40.66,32.09,24.57,22.79,66.3,865.0,0.629,0.196,6,41.15,20.22,817.0,6.72
Karnataka,Chitradurga,13.6726,76.4287,7.18,1.13,11.63,35.03,38.33,35.91,23.65,21.88,68.79,1137.3,0.684,0.164,6,40.36,19.82,707.0,0.62
Karnataka,Chitradurga,13.7887,76.1636,7.11,1.04,11.3,36.75,37.8,37.1,24.57,22.79,66.3,865.0,0.629,0.196,6,41.15,19.82,717.0,0.54
Karnataka,Chitradurga,13.7606,76.1895,7.13,1.16,12.33,38.59,36.56,38.64,24.57,22.79,66.3,865.0,0.629,0.196,6,41.15,19.82,709.0,0.48
Karnataka,Chitradurga,13.6939,76.2323,7.27,1.11,11.8,39.27,36.1,38.55,23.65,21.88,68.79,1137.3,0.684,0.164,6,40.36,19.82,676.0,0.37
Karnataka,Chitradurga,13.7689,76.4396,7.17,1.08,17.45,34.64,42.68,36.25,24.57,22.79,66.3,865.0,0.629,0.196,6,41.15,19.82,676.0,1.28
Karnataka,Chitradurga,13.8617,76.2637,6.85,1.13,12.79,30.24,45.4,22.54,24.57,22.79,66.3,865.0,0.629,0.196,6,41.15,19.82,778.0,2.8
Karnataka,Chitradurga,13.8843,76.2004,6.87,1.03,11.13,34.27,43.34,28.19,24.57,22.79,66.3,865.0,0.629,0.196,6,41.15,19.82,732.0,0.23
Karnataka,Chitradurga,13.7884,76.4237,7.18,1.37,13.45,34.39,39.85,39.45,24.57,22.79,66.3,865.0,0.629,0.196,6,41.15,19.82,660.0,2.37
Karnataka,Dakshina Kannada,12.8917,75.0809,5.8,2.47,29.03,38.92,41.49,23.81,26.74,26.33,76.55,3614.3,0.835,0.095,5,38.08,18.14,35.0,1.11
Karnataka,Dakshina Kannada,12.9065,75.0376,5.72,2.62,30.62,39.21,45.66,21.39,26.74,26.33,76.55,3614.3,0.835,0.095,5,38.08,18.14,71.0,3.44
Karnataka,Dakshina Kannada,12.7425,75.0004,5.67,2.04,24.21,35.59,47.47,17.62,27.08,26.85,77.98,3521.1,0.795,0.113,4,36.03,18.14,80.0,4.09
Karnataka,Dakshina Kannada,12.9639,75.0294,5.72,2.54,28.34,37.26,43.9,18.6,26.74,26.33,76.55,3614.3,0.835,0.095,5,38.08,18.14,49.0,0.53
Karnataka,Dakshina Kannada,12.895,75.1912,5.62,2.64,26.2,35.07,41.36,18.93,26.74,26.33,76.55,3614.3,0.835,0.095,5,38.08,18.14,81.0,1.96
Karnataka,Dakshina Kannada,12.7339,75.0118,5.67,1.99,25.08,35.82,49.02,19.09,27.08,26.85,77.98,3521.1,0.795,0.113,4,36.03,18.14,60.0,1.54
Karnataka,Chitradurga,14.786,76.7463,7.04,1.04,14.15,34.46,42.1,30.26,26.5,24.05,59.76,589.7,0.585,0.215,6,43.11,20.22,523.0,0.59
Karnataka,Chitradurga,14.8866,76.792,7.14,1.04,10.81,35.16,37.01,37.34,26.5,24.05,59.76,589.7,0.585,0.215,6,43.11,20.22,510.0,0.48
Karnataka,Chitradurga,14.9864,76.702,7.26,1.21,11.55,32.24,49.0,31.87,26.5,24.05,59.76,589.7,0.585,0.215,6,43.11,20.22,649.0,0.6
Karnataka,Chitradurga,14.8386,76.8172,7.01,1.0,11.72,35.1,38.73,34.19,26.5,24.05,59.76,589.7,0.585,0.215,6,43.11,20.22,493.0,1.06
Karnataka,Chitradurga,14.931,76.7507,7.09,1.12,11.58,33.53,44.53,32.54,26.5,24.05,59.76,589.7,0.585,0.215,6,43.11,20.22,570.0,3.1
Karnataka,Chitradurga,14.9179,76.7378,7.09,1.07,10.83,33.16,45.52,27.49,26.5,24.05,59.76,589.7,0.585,0.215,6,43.11,20.22,557.0,1.28
Karnataka,Chitradurga,14.8683,76.801,7.08,0.99,10.13,34.12,41.05,29.61,26.5,24.05,59.76,589.7,0.585,0.215,6,43.11,20.22,503.0,0.22
Karnataka,Chitradurga,14.6244,76.6928,6.98,0.99,28.35,33.63,44.71,32.41,25.83,23.51,61.8,605.5,0.545,0.239,6,42.12,20.22,577.0,0.31
Karnataka,Chitradurga,14.641,76.7255,7.04,0.97,14.1,32.26,44.68,32.07,25.83,23.51,61.8,605.5,0.545,0.239,6,42.12,20.22,567.0,0.38
Karnataka,Chitradurga,14.8831,76.8035,7.15,1.04,10.58,34.94,37.15,37.16,26.5,24.05,59.76,589.7,0.585,0.215,6,43.11,20.22,501.0,0.34
Karnataka,Dakshina Kannada,12.9074,75.4373,5.66,1.86,22.54,30.77,49.72,17.43,23.41,22.06,78.12,2852.8,0.82,0.099,5,39.7,18.14,119.0,3.91
Karnataka,Dakshina Kannada,12.9283,75.3635,5.6,1.7,22.59,31.91,44.27,16.87,23.41,22.06,78.12,2852.8,0.82,0.099,5,39.7,18.14,65.0,1.15
Karnataka,Dakshina Kannada,13.0023,75.3814,5.65,3.26,22.96,31.79,46.9,15.69,23.41,22.06,78.12,2852.8,0.82,0.099,5,39.7,18.72,154.0,3.42
Karnataka,Dakshina Kannada,13.1329,75.1931,5.43,4.11,44.06,32.61,46.01,25.33,26.74,26.33,76.55,3614.3,0.835,0.095,5,38.08,18.72,561.0,8.97
Karnataka,Dakshina Kannada,12.942,74.8348,5.87,2.0,42.69,37.77,37.96,23.88,26.74,26.33,76.55,3614.3,0.835,0.095,5,38.08,19.05,4.0,0.64
Karnataka,Udupi,13.048,74.9955,5.6,2.31,28.65,38.26,45.33,19.59,26.74,26.33,76.55,3614.3,0.835,0.095,5,38.08,19.02,152.0,2.72
Karnataka,Dakshina Kannada,13.0363,74.8512,6.02,1.81,31.47,37.46,43.45,22.48,26.74,26.33,76.55,3614.3,0.835,0.095,5,38.08,19.02,6.0,1.04
Karnataka,Dakshina Kannada,12.8173,75.2367,5.6,2.26,27.15,35.0,45.21,17.98,26.74,26.33,76.55,3614.3,0.835,0.095,5,38.08,18.14,101.0,2.83
Karnataka,Dakshina Kannada,12.8094,75.3622,5.64,1.73,22.34,29.97,51.35,16.92,23.41,22.06,78.12,2852.8,0.82,0.099,5,39.7,18.14,114.0,2.07
Karnataka,Dakshina Kannada,12.7961,75.3382,5.71,1.81,23.32,31.35,44.72,16.78,23.41,22.06,78.12,2852.8,0.82,0.099,5,39.7,18.14,104.0,1.34
Karnataka,Dakshina Kannada,12.7856,75.2526,5.6,2.37,26.3,34.0,46.88,15.89,26.74,26.33,76.55,3614.3,0.835,0.095,5,38.08,18.14,94.0,1.95
Karnataka,Dakshina Kannada,12.8677,75.5907,5.55,4.88,42.99,36.29,41.19,26.13,23.41,22.06,78.12,2852.8,0.82,0.099,5,39.7,18.14,565.0,15.92
Karnataka,Dakshina Kannada,12.7004,75.295,5.62,2.02,26.47,33.7,42.61,18.61,27.08,26.85,77.98,3521.1,0.795,0.113,4,36.03,18.14,95.0,0.92
Karnataka,Dakshina Kannada,12.6386,75.577,5.6,2.39,25.01,31.84,50.33,14.24,23.82,23.05,79.01,2994.4,0.793,0.112,4,38.9,18.14,197.0,3.78
Karnataka,Dakshina Kannada,12.6639,75.6409,5.49,3.75,32.78,32.85,45.45,22.46,23.82,23.05,79.01,2994.4,0.793,0.112,4,38.9,18.14,582.0,17.74
Karnataka,Dakshina Kannada,12.4987,75.3273,5.42,3.58,37.38,33.23,44.84,19.14,23.82,23.05,79.01,2994.4,0.793,0.112,4,38.9,18.14,479.0,5.18
Karnataka,Dakshina Kannada,12.5732,75.4359,5.53,1.97,24.56,28.28,51.9,13.93,23.82,23.05,79.01,2994.4,0.793,0.112,4,38.9,18.14,108.0,2.9
Karnataka,Dakshina Kannada,12.575,75.6028,5.54,3.15,27.42,31.97,50.34,13.27,23.82,23.05,79.01,2994.4,0.793,0.112,4,38.9,18.14,176.0,2.3
Karnataka,Dakshina Kannada,12.5273,75.4117,5.59,1.96,23.44,29.03,51.87,13.23,23.82,23.05,79.01,2994.4,0.793,0.112,4,38.9,18.14,127.0,5.37
Karnataka,Davanagere,14.0354,75.9845,6.99,1.16,12.35,35.68,37.33,32.67,24.57,22.79,66.3,865.0,0.629,0.196,6,41.15,19.76,693.0,1.91
Karnataka,Davanagere,14.2892,75.8733,6.93,1.25,11.81,35.26,41.55,24.55,24.92,23.46,67.99,1365.1,0.768,0.129,6,42.2,19.76,572.0,1.17
Karnataka,Davanagere,14.2193,76.0081,6.87,1.02,10.63,35.97,43.0,24.19,24.57,22.79,66.3,865.0,0.629,0.196,6,41.15,20.22,604.0,0.3
Karnataka,Davanagere,14.2352,75.8244,6.74,1.09,11.76,34.34,46.0,19.83,23.87,21.87,73.34,1866.3,0.802,0.112,6,41.12,19.76,587.0,0.62
Karnataka,Davanagere,14.6837,75.8292,7.45,0.95,9.64,41.69,31.71,31.39,24.92,23.46,67.99,1365.1,0.768,0.129,6,42.2,19.76,531.0,0.8
Karnataka,Bellary,14.8778,75.8064,7.63,1.03,10.71,34.71,31.09,39.59,25.49,23.83,63.97,800.7,0.658,0.177,6,42.13,19.76,572.0,1.28
Karnataka,Davanagere,14.7309,76.0725,7.31,1.06,10.55,35.62,34.57,42.56,25.16,23.39,64.13,702.4,0.583,0.22,6,41.6,20.22,621.0,0.7
Karnataka,Davanagere,14.8995,75.9831,7.53,1.13,15.67,33.56,36.22,31.57,25.65,23.58,62.51,634.8,0.583,0.214,6,41.41,19.76,634.0,6.31
Karnataka,Davanagere,14.3177,76.0945,6.96,1.43,13.53,37.8,35.53,41.18,25.16,23.39,64.13,702.4,0.583,0.22,6,41.6,20.22,677.0,3.86
Karnataka,Davanagere,14.3663,76.0592,6.98,1.21,10.89,37.76,36.72,35.04,25.16,23.39,64.13,702.4,0.583,0.22,6,41.6,20.22,665.0,0.31
Karnataka,Davanagere,14.3542,75.9371,6.8,1.11,10.43,34.08,43.21,22.53,24.92,23.46,67.99,1365.1,0.768,0.129,6,42.2,19.76,589.0,1.07
Karnataka,Davanagere,14.5093,76.0185,6.99,1.03,10.13,37.57,38.17,32.52,25.16,23.39,64.13,702.4,0.583,0.22,6,41.6,20.22,616.0,0.69
Karnataka,Davanagere,14.5266,75.8527,7.05,0.93,9.46,40.77,32.75,32.23,24.92,23.46,67.99,1365.1,0.768,0.129,6,42.2,19.76,547.0,0.44
Karnataka,Davanagere,14.4519,75.8767,6.8,1.05,11.88,36.18,37.92,22.18,24.92,23.46,67.99,1365.1,0.768,0.129,6,42.2,19.76,584.0,0.57
Karnataka,Chitradurga,14.2868,76.1192,6.89,1.12,11.78,36.06,37.61,34.91,25.16,23.39,64.13,702.4,0.583,0.22,6,41.6,20.22,693.0,0.9
Karnataka,Davanagere,14.4505,75.9539,6.84,1.16,11.89,34.76,39.51,23.2,25.16,23.39,64.13,702.4,0.583,0.22,6,41.6,19.76,580.0,0.49
Karnataka,Davanagere,14.3517,76.0255,7.11,1.05,10.04,37.67,36.01,39.6,25.16,23.39,64.13,702.4,0.583,0.22,6,41.6,20.22,631.0,0.43
Karnataka,Davanagere,14.37,75.8608,6.95,1.32,12.0,36.76,40.08,22.55,24.92,23.46,67.99,1365.1,0.768,0.129,6,42.2,19.76,550.0,0.05
Karnataka,Davanagere,14.2601,75.5399,6.78,1.1,11.06,34.35,36.12,32.58,24.92,23.46,67.99,1365.1,0.768,0.129,6,42.2,19.76,661.0,1.93
Karnataka,Davanagere,14.1876,75.6572,7.25,0.86,10.34,43.18,30.12,35.63,23.87,21.87,73.34,1866.3,0.802,0.112,6,41.12,19.76,567.0,0.78
Karnataka,Davanagere,14.1918,75.7349,6.89,1.2,12.44,37.1,35.54,33.42,23.87,21.87,73.34,1866.3,0.802,0.112,6,41.12,19.76,616.0,2.45
Karnataka,Davanagere,14.1542,75.5245,6.64,1.15,12.85,33.53,35.62,29.92,23.87,21.87,73.34,1866.3,0.802,0.112,6,41.12,19.76,651.0,1.8
Karnataka,Davanagere,14.4606,75.7862,7.06,0.99,10.02,39.59,34.4,27.74,24.92,23.46,67.99,1365.1,0.768,0.129,6,42.2,19.76,543.0,1.01
Karnataka,Davanagere,14.4505,75.6425,7.01,0.98,10.57,42.63,33.24,28.35,24.92,23.46,67.99,1365.1,0.768,0.129,6,42.2,19.76,548.0,0.88
Karnataka,Davanagere,14.5806,75.8467,6.95,1.01,10.28,37.8,37.06,24.97,24.92,23.46,67.99,1365.1,0.768,0.129,6,42.2,19.76,535.0,0.31
Karnataka,Davanagere,14.3701,75.626,6.98,0.99,10.91,38.55,34.33,25.55,24.92,23.46,67.99,1365.1,0.768,0.129,6,42.2,19.76,530.0,0.39
Karnataka,Davanagere,14.3828,75.649,6.98,1.01,11.66,36.9,39.07,23.52,24.92,23.46,67.99,1365.1,0.768,0.129,6,42.2,19.76,551.0,0.83
Karnataka,Davanagere,14.5969,75.8358,7.03,0.98,10.72,37.37,36.68,26.83,24.92,23.46,67.99,1365.1,0.768,0.129,6,42.2,19.76,530.0,0.27
Karnataka,Davanagere,14.5694,75.8264,6.99,1.06,13.07,38.0,36.79,22.27,24.92,23.46,67.99,1365.1,0.768,0.129,6,42.2,19.76,537.0,1.01
Karnataka,Davanagere,14.4079,75.7329,6.88,1.03,10.14,37.69,37.48,25.21,24.92,23.46,67.99,1365.1,0.768,0.129,6,42.2,19.76,556.0,0.87
Karnataka,Dharwad,15.5241,75.0089,6.99,0.99,11.43,34.51,36.23,33.97,24.84,23.23,66.04,1064.2,0.762,0.127,6,42.17,19.53,688.0,0.44
Karnataka,Dharwad,15.5034,75.03,6.95,1.01,12.28,35.91,34.65,34.74,24.84,23.23,66.04,1064.2,0.762,0.127,6,42.17,19.53,693.0,0.86
Karnataka,Davanagere,14.4422,76.2903,7.11,1.1,12.92,37.43,36.17,41.11,25.16,23.39,64.13,702.4,0.583,0.22,6,41.6,20.22,681.0,0.46
Karnataka,Davanagere,14.667,76.1341,7.27,0.92,10.29,37.1,32.51,42.66,25.16,23.39,64.13,702.4,0.583,0.22,6,41.6,20.22,598.0,0.8
Karnataka,Davanagere,14.6771,76.2639,7.35,1.06,11.23,36.84,33.45,43.92,25.16,23.39,64.13,702.4,0.583,0.22,6,41.6,20.22,608.0,0.28
Karnataka,Davanagere,14.5823,76.1698,7.09,0.97,11.75,36.86,33.85,40.96,25.16,23.39,64.13,702.4,0.583,0.22,6,41.6,20.22,626.0,0.23
Karnataka,Davanagere,14.6502,76.1573,7.22,1.06,11.31,34.43,31.03,41.98,25.16,23.39,64.13,702.4,0.583,0.22,6,41.6,20.22,637.0,0.8
Karnataka,Davanagere,14.5394,76.3603,7.19,0.99,11.65,35.26,36.05,42.23,25.16,23.39,64.13,702.4,0.583,0.22,6,41.6,20.22,670.0,0.64
Karnataka,Dharwad,15.4768,75.2662,7.69,1.03,30.73,49.5,25.1,45.4,24.84,23.23,66.04,1064.2,0.762,0.127,6,42.17,19.53,594.0,0.3
Karnataka,Dharwad,15.3404,75.0272,6.38,1.04,10.99,35.64,38.62,25.28,24.84,23.23,66.04,1064.2,0.762,0.127,6,42.17,19.53,668.0,0.88
Karnataka,Dharwad,15.3561,75.27,7.48,1.14,18.98,44.08,26.08,42.96,24.84,23.23,66.04,1064.2,0.762,0.127,6,42.17,19.53,591.0,0.21
Karnataka,Dharwad,15.3507,75.4322,7.56,1.0,18.76,38.36,32.11,35.93,25.6,23.63,61.26,680.1,0.647,0.178,6,42.37,19.53,628.0,0.64
Karnataka,Dharwad,15.3588,75.1484,6.71,1.06,11.32,33.17,41.91,26.4,24.84,23.23,66.04,1064.2,0.762,0.127,6,42.17,19.53,656.0,0.45
Karnataka,Dharwad,15.3719,75.1609,7.07,1.0,10.84,35.26,38.05,34.69,24.84,23.23,66.04,1064.2,0.762,0.127,6,42.17,19.53,654.0,0.21
Karnataka,Dharwad,15.296,75.1509,7.24,0.99,10.52,40.11,34.38,33.11,24.84,23.23,66.04,1064.2,0.762,0.127,6,42.17,19.53,608.0,1.34
Karnataka,Dharwad,15.3898,75.085,6.63,1.05,11.39,36.12,39.14,28.2,24.84,23.23,66.04,1064.2,0.762,0.127,6,42.17,19.53,666.0,1.67
Karnataka,Dharwad,15.135,75.0883,6.57,1.05,10.71,39.95,34.34,29.19,24.93,23.44,69.68,1392.9,0.79,0.117,6,42.17,19.53,601.0,0.99
Karnataka,Dharwad,15.1471,74.8653,6.11,1.24,11.53,37.54,36.36,33.6,24.93,23.44,69.68,1392.9,0.79,0.117,6,42.17,18.63,489.0,1.62
Karnataka,Dharwad,15.0744,74.8868,6.08,1.21,12.63,37.04,36.95,34.15,24.93,23.44,69.68,1392.9,0.79,0.117,6,42.17,18.63,558.0,0.93
Karnataka,Dharwad,15.2015,74.9412,6.41,1.14,11.25,37.87,37.37,26.61,24.93,23.44,69.68,1392.9,0.79,0.117,6,42.17,18.63,546.0,2.03
Karnataka,Dharwad,15.2348,75.0059,6.88,0.93,10.3,40.38,36.92,31.6,24.93,23.44,69.68,1392.9,0.79,0.117,6,42.17,19.53,561.0,0.9
Karnataka,Dharwad,15.1629,75.0107,6.58,0.95,10.35,41.62,33.62,30.44,24.93,23.44,69.68,1392.9,0.79,0.117,6,42.17,19.53,538.0,0.62
Karnataka,Dharwad,15.2064,75.0828,6.97,0.95,10.25,40.95,35.32,32.51,24.93,23.44,69.68,1392.9,0.79,0.117,6,42.17,19.53,566.0,1.0
Karnataka,Dharwad,15.5451,75.3445,7.87,1.0,24.53,47.71,23.89,44.63,25.6,23.63,61.26,680.1,0.647,0.178,6,42.37,19.53,582.0,0.57
Karnataka,Dharwad,15.575,75.4331,7.78,1.05,12.61,45.86,25.47,43.88,25.6,23.63,61.26,680.1,0.647,0.178,6,42.37,19.53,586.0,0.4
Karnataka,Dharwad,15.6407,75.1742,7.52,1.03,23.91,46.69,26.33,46.62,24.84,23.23,66.04,1064.2,0.762,0.127,6,42.17,19.53,613.0,0.19
Karnataka,Dharwad,15.2107,75.2194,7.48,1.03,11.83,39.14,29.68,41.14,24.93,23.44,69.68,1392.9,0.79,0.117,6,42.17,19.53,630.0,0.66
Karnataka,Dharwad,15.1438,75.2112,7.33,1.02,11.0,37.84,31.78,39.91,24.93,23.44,69.68,1392.9,0.79,0.117,6,42.17,19.53,648.0,0.38
Karnataka,Dharwad,15.1375,75.3483,7.46,1.12,10.85,40.15,31.26,41.2,25.49,23.83,63.97,800.7,0.658,0.177,6,42.13,19.53,673.0,0.6
Karnataka,Dharwad,15.3239,75.2722,7.52,1.13,24.52,45.71,25.98,42.29,24.84,23.23,66.04,1064.2,0.762,0.127,6,42.17,19.53,598.0,0.47
Karnataka,Dharwad,15.1818,75.3126,7.59,0.97,11.55,37.77,32.48,38.29,25.49,23.83,63.97,800.7,0.658,0.177,6,42.13,19.53,637.0,0.59
Karnataka,Dharwad,15.2905,75.2086,7.55,1.01,11.42,45.39,26.3,42.3,24.84,23.23,66.04,1064.2,0.762,0.127,6,42.17,19.53,620.0,0.42
Karnataka,Dharwad,15.2193,75.2027,7.39,1.1,11.03,37.26,29.44,39.5,24.93,23.44,69.68,1392.9,0.79,0.117,6,42.17,19.53,651.0,0.63
Karnataka,Gadag,15.4189,75.5396,7.54,1.04,15.91,33.37,35.96,36.12,25.6,23.63,61.26,680.1,0.647,0.178,6,42.37,19.53,660.0,0.46
Karnataka,Gadag,15.6113,75.5501,7.62,1.1,28.63,37.92,30.96,39.24,25.6,23.63,61.26,680.1,0.647,0.178,6,42.37,19.53,577.0,0.38
Karnataka,Gadag,15.255,75.5888,7.62,1.01,11.68,34.76,31.78,41.09,25.6,23.63,61.26,680.1,0.647,0.178,6,42.37,19.53,694.0,1.35
Karnataka,Gadag,15.4597,75.5961,7.7,1.03,12.13,31.49,36.72,34.12,25.6,23.63,61.26,680.1,0.647,0.178,6,42.37,19.53,636.0,0.53
Karnataka,Gadag,15.411,75.7191,7.48,0.91,12.5,30.37,42.21,30.66,25.6,23.63,61.26,680.1,0.647,0.178,6,42.37,19.53,654.0,0.39
Karnataka,Gadag,15.3088,75.6826,7.41,1.16,11.78,29.46,42.81,30.62,25.6,23.63,61.26,680.1,0.647,0.178,6,42.37,19.53,705.0,3.06
Karnataka,Gadag,15.3131,75.8877,7.51,0.81,10.98,32.54,38.91,29.05,25.6,23.63,61.26,680.1,0.647,0.178,6,42.37,19.53,561.0,0.45
Karnataka,Gadag,15.25,75.7931,7.86,1.0,11.34,34.4,32.17,39.68,25.6,23.63,61.26,680.1,0.647,0.178,6,42.37,19.53,583.0,0.52
Karnataka,Gadag,15.17,75.8064,7.67,1.02,10.7,32.23,36.14,33.97,25.49,23.83,63.97,800.7,0.658,0.177,6,42.13,19.53,592.0,1.0
Karnataka,Gadag,15.2717,75.7544,7.61,1.01,11.39,30.54,40.66,31.98,25.6,23.63,61.26,680.1,0.647,0.178,6,42.37,19.53,630.0,3.23
Karnataka,Gadag,15.646,75.7936,7.4,0.98,12.77,32.3,36.13,33.17,25.6,23.63,61.26,680.1,0.647,0.178,6,42.37,19.53,594.0,0.56
Karnataka,Gadag,15.2114,75.5779,7.74,1.01,10.99,37.74,32.13,39.59,25.49,23.83,63.97,800.7,0.658,0.177,6,42.13,19.53,656.0,0.62
Karnataka,Gadag,15.1812,75.4704,7.6,1.05,12.1,38.79,32.22,40.52,25.49,23.83,63.97,800.7,0.658,0.177,6,42.13,19.53,650.0,0.77
Karnataka,Gadag,15.0488,75.4845,7.68,1.09,11.3,38.73,29.63,46.84,25.49,23.83,63.97,800.7,0.658,0.177,6,42.13,19.53,613.0,0.81
Karnataka,Gadag,15.2047,75.5984,7.79,1.12,11.88,38.2,29.87,44.42,25.49,23.83,63.97,800.7,0.658,0.177,6,42.13,19.53,635.0,1.03
Karnataka,Gadag,15.0956,75.5828,7.75,1.18,25.01,40.51,29.66,44.21,25.49,23.83,63.97,800.7,0.658,0.177,6,42.13,19.53,574.0,0.99
Karnataka,Gadag,15.7538,75.3939,7.93,1.08,22.0,48.75,28.19,46.34,26.07,23.83,58.12,590.4,0.659,0.176,6,43.05,19.53,588.0,0.34
Karnataka,Gadag,15.6596,75.3561,8.03,1.11,12.99,52.61,23.63,50.82,25.6,23.63,61.26,680.1,0.647,0.178,6,42.37,19.53,575.0,0.38
Karnataka,Gadag,15.7506,75.4565,7.9,1.08,12.83,47.42,26.84,46.91,26.07,23.83,58.12,590.4,0.659,0.176,6,43.05,19.53,589.0,0.47
Karnataka,Gadag,15.6469,75.3533,8.12,1.11,13.45,50.84,24.25,49.32,25.6,23.63,61.26,680.1,0.647,0.178,6,42.37,19.53,584.0,0.05
Karnataka,Gadag,15.8519,75.4942,7.42,0.99,18.09,36.19,36.99,28.21,26.07,23.83,58.12,590.4,0.659,0.176,6,43.05,19.53,548.0,0.56
Karnataka,Gadag,15.8046,75.3176,7.73,1.08,13.67,45.67,30.65,48.79,26.07,23.83,58.12,590.4,0.659,0.176,6,43.05,19.53,605.0,0.27
Karnataka,Gadag,15.8451,75.4709,7.91,1.1,23.49,44.64,30.54,47.36,26.07,23.83,58.12,590.4,0.659,0.176,6,43.05,19.53,562.0,0.52
Karnataka,Gadag,15.7806,75.355,7.83,1.04,12.22,47.11,29.8,43.57,26.07,23.83,58.12,590.4,0.659,0.176,6,43.05,19.53,601.0,0.57
Karnataka,Gadag,15.6919,75.4551,7.81,1.06,12.32,44.66,29.36,45.63,25.6,23.63,61.26,680.1,0.647,0.178,6,42.37,19.53,557.0,0.15
Karnataka,Gadag,15.8387,75.4606,8.02,1.16,27.31,45.4,30.0,49.6,26.07,23.83,58.12,590.4,0.659,0.176,6,43.05,19.53,567.0,0.49
Karnataka,Hassan,12.8992,75.9142,5.64,2.01,20.45,34.16,37.04,30.6,23.41,22.06,78.12,2852.8,0.82,0.099,5,39.7,18.14,995.0,1.81
Karnataka,Hassan,13.0217,76.0033,6.41,1.38,11.93,34.84,36.17,27.8,23.02,21.46,71.84,1417.6,0.715,0.144,4,39.67,19.82,941.0,0.67
Karnataka,Hassan,12.9892,75.9384,6.07,1.6,13.65,36.14,36.24,26.7,23.02,21.46,71.84,1417.6,0.715,0.144,4,39.67,18.14,941.0,1.06
Karnataka,Hassan,13.0405,75.9175,6.05,1.54,14.8,33.91,40.52,27.2,23.41,22.06,78.12,2852.8,0.82,0.099,5,39.7,18.72,995.0,1.14
Karnataka,Hassan,12.8498,75.842,5.98,1.85,17.77,30.64,41.01,27.75,23.41,22.06,78.12,2852.8,0.82,0.099,5,39.7,18.14,886.0,2.34
Karnataka,Hassan,12.8283,76.021,6.67,1.73,25.14,38.59,36.82,31.53,23.02,21.46,71.84,1417.6,0.715,0.144,4,39.67,19.49,893.0,0.68
Karnataka,Hassan,12.964,76.0386,6.65,1.23,11.9,37.37,35.37,28.08,23.02,21.46,71.84,1417.6,0.715,0.144,4,39.67,19.49,929.0,0.91
Karnataka,Hassan,12.9884,75.9717,6.21,1.53,12.81,34.97,38.79,26.35,23.02,21.46,71.84,1417.6,0.715,0.144,4,39.67,18.14,956.0,0.43
Karnataka,Hassan,12.8272,76.0324,6.78,1.69,20.66,37.29,36.45,32.22,23.02,21.46,71.84,1417.6,0.715,0.144,4,39.67,19.49,887.0,0.79
Karnataka,Hassan,12.8114,75.9524,6.13,1.82,21.77,36.63,38.47,25.25,23.02,21.46,71.84,1417.6,0.715,0.144,4,39.67,18.14,883.0,1.56
Karnataka,Hassan,13.1387,76.3601,6.87,1.11,10.91,32.13,42.37,25.13,23.02,21.46,71.84,1417.6,0.715,0.144,4,39.67,19.82,889.0,0.31
Karnataka,Hassan,13.3085,76.3043,6.89,1.15,10.75,33.59,43.15,22.69,23.65,21.88,68.79,1137.3,0.684,0.164,6,40.36,19.82,828.0,0.3
Karnataka,Hassan,13.282,76.2504,6.93,1.04,10.69,35.06,39.35,25.05,23.65,21.88,68.79,1137.3,0.684,0.164,6,40.36,19.82,824.0,0.85
Karnataka,Hassan,13.5149,76.3508,6.98,0.97,10.09,34.5,45.74,25.05,23.65,21.88,68.79,1137.3,0.684,0.164,6,40.36,19.82,745.0,0.68
Karnataka,Hassan,13.341,76.3253,6.79,1.01,12.18,32.63,47.12,22.6,23.65,21.88,68.79,1137.3,0.684,0.164,6,40.36,19.82,861.0,0.83
Karnataka,Hassan,13.4696,76.258,6.86,1.13,11.37,32.89,45.44,24.32,23.65,21.88,68.79,1137.3,0.684,0.164,6,40.36,19.82,786.0,0.97
Karnataka,Hassan,13.3454,76.0325,7.24,1.02,10.82,32.04,40.55,31.07,23.65,21.88,68.79,1137.3,0.684,0.164,6,40.36,19.82,803.0,1.54
Karnataka,Hassan,13.1618,76.3261,6.98,1.22,11.12,31.69,42.55,24.58,23.02,21.46,71.84,1417.6,0.715,0.144,4,39.67,19.82,903.0,0.51
Karnataka,Hassan,13.2477,76.0763,7.05,1.52,16.1,31.42,41.43,29.26,23.02,21.46,71.84,1417.6,0.715,0.144,4,39.67,19.82,882.0,2.3
Karnataka,Hassan,13.0167,75.7408,5.69,1.82,19.77,32.79,42.65,28.64,23.41,22.06,78.12,2852.8,0.82,0.099,5,39.7,18.72,937.0,2.12
Karnataka,Hassan,13.1303,75.7762,5.67,1.84,19.46,31.27,38.5,28.98,23.41,22.06,78.12,2852.8,0.82,0.099,5,39.7,18.72,1032.0,2.09
Karnataka,Hassan,13.2181,75.9923,6.9,1.1,11.33,32.59,43.7,28.95,23.02,21.46,71.84,1417.6,0.715,0.144,4,39.67,18.72,870.0,1.37
Karnataka,Hassan,13.2403,75.9436,6.73,1.33,12.29,31.06,43.91,29.82,23.02,21.46,71.84,1417.6,0.715,0.144,4,39.67,18.72,887.0,1.35
Karnataka,Hassan,13.1607,76.01,6.87,1.18,11.81,33.36,41.11,24.5,23.02,21.46,71.84,1417.6,0.715,0.144,4,39.67,19.82,897.0,0.68
Karnataka,Hassan,13.2336,76.0228,7.09,1.13,12.58,34.82,38.19,30.69,23.02,21.46,71.84,1417.6,0.715,0.144,4,39.67,19.82,847.0,0.89
Karnataka,Hassan,12.6948,76.0094,6.36,1.48,14.29,33.56,40.16,25.4,23.2,22.02,73.35,1604.3,0.717,0.143,4,39.89,19.49,950.0,1.35
Karnataka,Hassan,12.5829,76.0845,6.81,1.27,12.32,37.35,37.97,28.41,23.2,22.02,73.35,1604.3,0.717,0.143,4,39.89,19.49,843.0,0.9
Karnataka,Hassan,12.7495,76.1286,7.0,1.17,13.1,36.18,38.74,30.83,23.2,22.02,73.35,1604.3,0.717,0.143,4,39.89,19.49,921.0,0.07
Karnataka,Hassan,12.6142,76.1067,6.75,1.39,12.98,38.29,37.32,25.89,23.2,22.02,73.35,1604.3,0.717,0.143,4,39.89,19.49,832.0,0.7
Karnataka,Hassan,12.613,75.9767,6.32,1.63,14.4,31.75,40.83,26.71,23.2,22.02,73.35,1604.3,0.717,0.143,4,39.89,18.14,849.0,0.82
Karnataka,Hassan,12.6491,76.1613,6.97,1.36,13.44,35.08,39.86,26.07,23.2,22.02,73.35,1604.3,0.717,0.143,4,39.89,19.49,841.0,0.96
Karnataka,Hassan,12.6575,76.1384,6.84,1.42,13.05,37.98,40.62,27.72,23.2,22.02,73.35,1604.3,0.717,0.143,4,39.89,19.49,868.0,0.8
Karnataka,Hassan,12.5897,76.0944,6.7,1.34,12.83,38.14,38.45,26.76,23.2,22.02,73.35,1604.3,0.717,0.143,4,39.89,19.49,820.0,0.6
Karnataka,Hassan,12.5841,76.0205,6.49,1.37,14.02,37.72,34.82,25.2,23.2,22.02,73.35,1604.3,0.717,0.143,4,39.89,19.49,812.0,0.38
Karnataka,Hassan,12.6959,76.1192,6.89,1.39,12.7,35.58,40.73,30.22,23.2,22.02,73.35,1604.3,0.717,0.143,4,39.89,19.49,897.0,0.49
Karnataka,Hassan,12.8582,76.4011,6.94,1.21,13.4,34.6,38.64,21.95,23.02,21.46,71.84,1417.6,0.715,0.144,4,39.67,19.49,818.0,0.22
Karnataka,Hassan,12.8293,76.4495,7.01,1.13,11.3,33.91,40.13,23.7,23.02,21.46,71.84,1417.6,0.715,0.144,4,39.67,19.49,859.0,1.5
Karnataka,Hassan,13.1167,76.362,6.97,1.07,11.69,33.74,42.31,22.31,23.02,21.46,71.84,1417.6,0.715,0.144,4,39.67,19.82,880.0,0.36
Karnataka,Hassan,12.8719,76.5426,6.97,1.03,11.52,30.74,42.85,22.94,23.02,21.46,71.84,1417.6,0.715,0.144,4,39.67,19.49,897.0,0.88
Karnataka,Hassan,12.7903,76.4888,7.02,1.04,11.46,32.77,42.54,23.67,23.02,21.46,71.84,1417.6,0.715,0.144,4,39.67,19.49,872.0,0.4
Karnataka,Hassan,12.9292,76.2887,7.01,1.3,13.3,31.75,40.65,25.93,23.02,21.46,71.84,1417.6,0.715,0.144,4,39.67,19.49,947.0,2.08
Karnataka,Hassan,12.9112,76.0612,6.6,1.34,13.52,33.22,39.2,29.2,23.02,21.46,71.84,1417.6,0.715,0.144,4,39.67,19.49,963.0,0.53
Karnataka,Hassan,12.8874,76.203,6.94,1.28,12.81,32.84,40.08,28.85,23.02,21.46,71.84,1417.6,0.715,0.144,4,39.67,19.49,909.0,1.77
Karnataka,Hassan,12.996,76.1537,6.99,1.09,11.49,33.38,40.43,25.94,23.02,21.46,71.84,1417.6,0.715,0.144,4,39.67,19.49,933.0,0.47
Karnataka,Hassan,12.6377,76.1919,7.0,1.38,12.79,33.79,42.0,25.83,23.2,22.02,73.35,1604.3,0.717,0.143,4,39.89,19.49,863.0,0.22
Karnataka,Hassan,12.8541,76.2612,6.93,1.34,13.88,33.52,41.53,26.31,23.02,21.46,71.84,1417.6,0.715,0.144,4,39.67,19.49,858.0,4.22
Karnataka,Hassan,12.7946,76.2336,7.04,1.21,13.1,35.33,37.98,25.64,23.02,21.46,71.84,1417.6,0.715,0.144,4,39.67,19.49,851.0,0.58
Karnataka,Hassan,12.658,76.3291,7.09,1.27,11.9,33.81,41.61,26.46,23.2,22.02,73.35,1604.3,0.717,0.143,4,39.89,19.49,861.0,1.24
Karnataka,Hassan,12.6828,76.2935,7.02,1.17,12.83,32.14,43.56,26.54,23.2,22.02,73.35,1604.3,0.717,0.143,4,39.89,19.49,873.0,1.3
Karnataka,Hassan,12.7177,76.2247,7.0,1.33,13.04,33.14,42.14,26.92,23.2,22.02,73.35,1604.3,0.717,0.143,4,39.89,19.49,899.0,0.82
Karnataka,Hassan,12.7561,75.826,5.64,2.19,22.41,29.01,39.57,25.34,23.41,22.06,78.12,2852.8,0.82,0.099,5,39.7,18.14,973.0,3.42
Karnataka,Hassan,12.7037,75.8578,5.81,2.31,19.51,29.69,40.48,26.07,23.82,23.05,79.01,2994.4,0.793,0.112,4,38.9,18.14,931.0,2.6
Karnataka,Hassan,12.8794,75.6428,5.48,3.07,35.38,34.0,39.89,25.91,23.41,22.06,78.12,2852.8,0.82,0.099,5,39.7,18.14,841.0,7.41
Karnataka,Hassan,12.7642,75.7699,5.72,2.27,29.18,31.73,40.9,28.9,23.41,22.06,78.12,2852.8,0.82,0.099,5,39.7,18.14,893.0,1.49
Karnataka,Hassan,12.7864,75.6559,5.58,3.12,35.14,31.17,41.72,26.7,23.41,22.06,78.12,2852.8,0.82,0.099,5,39.7,18.14,915.0,4.34
Karnataka,Hassan,12.9161,75.6451,5.56,2.89,34.7,30.88,40.57,24.42,23.41,22.06,78.12,2852.8,0.82,0.099,5,39.7,18.14,945.0,1.78
Karnataka,Haveri,14.7142,75.445,7.35,1.08,11.7,42.7,28.31,41.78,24.92,23.46,67.99,1365.1,0.768,0.129,6,42.2,19.76,584.0,0.71
Karnataka,Haveri,14.6833,75.4994,7.5,1.13,10.87,43.68,27.92,41.54,24.92,23.46,67.99,1365.1,0.768,0.129,6,42.2,19.76,619.0,0.59
Karnataka,Haveri,14.6966,75.4162,7.09,1.2,12.87,36.68,33.21,38.93,24.92,23.46,67.99,1365.1,0.768,0.129,6,42.2,19.76,592.0,0.58
Karnataka,Haveri,14.7046,75.5738,8.03,0.99,14.74,41.6,28.03,45.66,24.92,23.46,67.99,1365.1,0.768,0.129,6,42.2,19.76,593.0,0.75
Karnataka,Haveri,14.6028,75.4815,7.24,1.14,10.48,35.76,37.33,33.69,24.92,23.46,67.99,1365.1,0.768,0.129,6,42.2,19.76,641.0,0.95
Karnataka,Haveri,14.6453,75.3424,6.86,1.1,10.19,36.85,36.57,33.64,24.92,23.46,67.99,1365.1,0.768,0.129,6,42.2,19.76,611.0,0.45
Karnataka,Haveri,14.6944,75.5065,7.74,1.15,11.61,43.02,28.89,44.12,24.92,23.46,67.99,1365.1,0.768,0.129,6,42.2,19.76,629.0,1.26
Karnataka,Haveri,14.8285,75.3491,7.32,1.03,10.92,42.25,28.89,42.25,25.49,23.83,63.97,800.7,0.658,0.177,6,42.13,19.76,558.0,0.58
Karnataka,Haveri,14.7426,75.1804,6.35,1.1,9.81,40.13,33.8,30.35,24.39,22.64,74.71,1885.8,0.821,0.105,6,41.54,19.76,562.0,1.3
Karnataka,Haveri,14.7893,75.2285,6.46,1.13,10.44,44.21,30.14,33.67,24.93,23.44,69.68,1392.9,0.79,0.117,6,42.17,19.76,572.0,2.32
Karnataka,Haveri,14.8491,75.1525,6.29,1.0,10.33,35.8,36.0,30.64,24.93,23.44,69.68,1392.9,0.79,0.117,6,42.17,19.76,597.0,0.79
Karnataka,Haveri,14.6438,75.214,6.59,1.07,10.05,39.14,35.83,27.45,24.39,22.64,74.71,1885.8,0.821,0.105,6,41.54,19.76,542.0,0.33
Karnataka,Haveri,14.6505,75.186,6.38,1.15,10.7,37.95,34.3,35.94,24.39,22.64,74.71,1885.8,0.821,0.105,6,41.54,19.76,569.0,0.41
Karnataka,Haveri,14.6571,75.1999,6.46,1.03,9.83,37.73,34.45,32.22,24.39,22.64,74.71,1885.8,0.821,0.105,6,41.54,19.76,550.0,1.04
Karnataka,Haveri,14.7175,75.1829,6.47,1.0,9.58,37.82,35.35,25.26,24.39,22.64,74.71,1885.8,0.821,0.105,6,41.54,19.76,548.0,0.9
Karnataka,Haveri,14.3802,75.5603,6.79,1.16,13.78,34.13,36.89,29.55,24.92,23.46,67.99,1365.1,0.768,0.129,6,42.2,19.76,689.0,3.36
Karnataka,Haveri,14.2983,75.5713,6.91,1.18,15.96,35.46,35.67,31.98,24.92,23.46,67.99,1365.1,0.768,0.129,6,42.2,19.76,610.0,0.47
Karnataka,Haveri,14.5719,75.3931,6.74,1.05,10.66,37.28,36.94,31.35,24.92,23.46,67.99,1365.1,0.768,0.129,6,42.2,19.76,637.0,0.66
Karnataka,Haveri,14.3784,75.3656,6.56,1.39,13.26,34.09,37.57,28.67,24.92,23.46,67.99,1365.1,0.768,0.129,6,42.2,19.76,691.0,3.69
Karnataka,Haveri,14.4297,75.5273,7.0,1.03,11.13,43.63,29.56,36.14,24.92,23.46,67.99,1365.1,0.768,0.129,6,42.2,19.76,551.0,0.38
Karnataka,Haveri,14.4023,75.3764,6.61,1.3,11.56,36.03,33.87,31.41,24.92,23.46,67.99,1365.1,0.768,0.129,6,42.2,19.76,644.0,3.76
Karnataka,Haveri,14.4393,75.504,7.25,1.0,10.66,43.4,29.0,40.72,24.92,23.46,67.99,1365.1,0.768,0.129,6,42.2,19.76,578.0,0.68
Karnataka,Haveri,14.697,75.5478,7.92,1.08,10.97,40.45,28.98,45.16,24.92,23.46,67.99,1365.1,0.768,0.129,6,42.2,19.76,610.0,0.78
Karnataka,Haveri,14.6441,75.8114,7.12,0.99,17.29,38.87,34.28,23.35,24.92,23.46,67.99,1365.1,0.768,0.129,6,42.2,19.76,519.0,0.16
Karnataka,Haveri,14.6009,75.7648,7.44,1.22,12.57,37.53,36.63,34.27,24.92,23.46,67.99,1365.1,0.768,0.129,6,42.2,19.76,629.0,4.69
Karnataka,Haveri,14.6076,75.687,8.06,1.07,16.8,44.33,27.23,45.44,24.92,23.46,67.99,1365.1,0.768,0.129,6,42.2,19.76,577.0,0.93
Karnataka,Haveri,14.6467,75.6194,7.94,0.98,11.76,42.74,27.89,44.54,24.92,23.46,67.99,1365.1,0.768,0.129,6,42.2,19.76,575.0,0.37
Karnataka,Haveri,14.6311,75.7335,7.83,1.12,11.18,44.7,27.52,43.94,24.92,23.46,67.99,1365.1,0.768,0.129,6,42.2,19.76,544.0,0.8
Karnataka,Haveri,14.6786,75.7902,7.35,1.04,17.98,38.37,34.85,22.45,24.92,23.46,67.99,1365.1,0.768,0.129,6,42.2,19.76,526.0,0.79
Karnataka,Haveri,15.0034,75.5223,7.69,1.01,10.79,41.27,28.44,43.23,25.49,23.83,63.97,800.7,0.658,0.177,6,42.13,19.53,559.0,0.73
Karnataka,Haveri,15.0079,75.4055,7.74,1.07,10.82,40.63,31.49,43.8,25.49,23.83,63.97,800.7,0.658,0.177,6,42.13,19.53,598.0,0.79
Karnataka,Haveri,14.9683,75.3432,7.24,1.03,10.14,38.98,35.31,34.31,25.49,23.83,63.97,800.7,0.658,0.177,6,42.13,19.76,578.0,1.01
Karnataka,Haveri,14.9959,75.3542,7.71,1.03,10.76,36.37,32.66,46.48,25.49,23.83,63.97,800.7,0.658,0.177,6,42.13,19.76,599.0,0.69
Karnataka,Haveri,14.9362,75.4877,7.65,1.06,10.54,43.88,28.05,40.94,25.49,23.83,63.97,800.7,0.658,0.177,6,42.13,19.76,526.0,0.57
Karnataka,Haveri,15.0328,75.4021,7.71,1.04,10.46,40.01,31.1,44.11,25.49,23.83,63.97,800.7,0.658,0.177,6,42.13,19.53,604.0,1.2
Karnataka,Haveri,15.0159,75.2848,7.62,1.0,10.11,37.54,34.32,39.76,24.93,23.44,69.68,1392.9,0.79,0.117,6,42.17,19.53,602.0,0.67
Karnataka,Haveri,14.9613,75.3701,7.54,1.04,10.49,42.73,30.28,42.37,25.49,23.83,63.97,800.7,0.658,0.177,6,42.13,19.76,577.0,1.28
Karnataka,Haveri,14.9371,75.1328,6.43,1.19,10.84,36.84,38.57,27.59,24.93,23.44,69.68,1392.9,0.79,0.117,6,42.17,19.76,623.0,0.62
Karnataka,Haveri,14.9208,75.1035,6.14,1.28,11.56,34.28,41.03,24.8,24.93,23.44,69.68,1392.9,0.79,0.117,6,42.17,19.76,626.0,1.66
Karnataka,Haveri,14.8966,75.19,6.53,1.2,11.4,36.65,34.83,34.46,24.93,23.44,69.68,1392.9,0.79,0.117,6,42.17,19.76,614.0,0.63
Karnataka,Haveri,15.0481,75.1241,6.3,1.36,13.01,35.99,39.08,23.15,24.93,23.44,69.68,1392.9,0.79,0.117,6,42.17,19.53,689.0,2.88
Karnataka,Haveri,14.9329,75.1645,6.46,1.14,10.77,37.56,37.06,29.23,24.93,23.44,69.68,1392.9,0.79,0.117,6,42.17,19.76,645.0,0.76
Karnataka,Haveri,15.0998,75.2726,7.35,1.02,10.86,36.32,31.6,41.25,24.93,23.44,69.68,1392.9,0.79,0.117,6,42.17,19.53,666.0,1.34
Karnataka,Haveri,14.9973,75.2644,7.52,1.03,10.37,36.91,31.43,41.39,24.93,23.44,69.68,1392.9,0.79,0.117,6,42.17,19.76,580.0,0.26
Karnataka,Haveri,14.9336,75.2124,6.76,1.11,10.37,37.69,36.82,34.16,24.93,23.44,69.68,1392.9,0.79,0.117,6,42.17,19.76,617.0,0.93
Karnataka,Haveri,14.9997,75.2484,7.57,1.01,10.19,37.7,32.72,42.04,24.93,23.44,69.68,1392.9,0.79,0.117,6,42.17,19.76,586.0,0.48
Karnataka,Gulbarga,17.5525,76.8627,7.03,1.22,10.46,36.78,33.26,31.33,26.58,23.47,55.25,770.7,0.765,0.125,7,44.6,19.47,453.0,0.77
Karnataka,Gulbarga,17.6341,76.8372,7.12,1.08,10.33,34.39,38.03,33.05,26.58,23.47,55.25,770.7,0.765,0.125,7,44.6,19.47,525.0,0.99
Karnataka,Gulbarga,17.2688,76.3207,7.39,0.86,22.92,41.34,30.11,34.87,26.88,23.79,53.69,691.2,0.748,0.145,7,44.94,19.47,424.0,0.68
Karnataka,Gulbarga,17.4038,77.0498,7.09,1.28,10.5,34.9,32.76,30.2,26.58,23.47,55.25,770.7,0.765,0.125,7,44.6,19.29,429.0,0.68
Karnataka,Gulbarga,16.902,76.9789,7.11,1.03,20.16,39.32,32.57,26.33,27.23,24.25,55.04,720.5,0.746,0.132,7,45.04,19.87,382.0,0.22
Karnataka,Gulbarga,17.0007,77.0958,6.69,0.98,10.37,35.3,39.09,23.89,27.23,24.25,55.04,720.5,0.746,0.132,7,45.04,19.29,439.0,0.31
Karnataka,Gulbarga,17.3703,77.3703,7.28,1.18,9.09,41.04,31.87,33.26,26.11,22.97,57.34,831.4,0.773,0.117,7,44.4,19.29,488.0,0.16
Karnataka,Gulbarga,17.545,77.3917,7.03,1.27,10.39,35.85,34.05,32.9,26.11,22.97,57.34,831.4,0.773,0.117,7,44.4,19.29,487.0,0.45
Karnataka,Gulbarga,17.4083,77.3237,7.07,1.27,11.44,37.67,36.31,30.14,26.11,22.97,57.34,831.4,0.773,0.117,7,44.4,19.29,535.0,1.36
Karnataka,Gulbarga,17.4755,77.5057,6.7,1.34,13.8,35.34,38.88,23.51,26.11,22.97,57.34,831.4,0.773,0.117,7,44.4,19.29,644.0,4.1
Karnataka,Gulbarga,17.4899,77.1245,6.83,1.23,11.76,35.12,33.88,32.86,26.58,23.47,55.25,770.7,0.765,0.125,7,44.6,19.29,504.0,4.08
Karnataka,Gulbarga,17.3077,77.416,7.12,1.26,11.19,40.95,30.84,31.88,26.11,22.97,57.34,831.4,0.773,0.117,7,44.4,19.29,433.0,0.43
Karnataka,Gulbarga,17.5701,77.1513,6.88,1.14,12.62,38.58,33.77,32.88,26.58,23.47,55.25,770.7,0.765,0.125,7,44.6,19.29,554.0,2.59
Karnataka,Gulbarga,17.4169,76.9876,7.13,1.13,9.87,40.85,29.46,32.01,26.58,23.47,55.25,770.7,0.765,0.125,7,44.6,19.47,447.0,0.67
Karnataka,Gulbarga,17.5755,77.0212,6.9,1.08,11.37,34.88,37.06,30.07,26.58,23.47,55.25,770.7,0.765,0.125,7,44.6,19.29,515.0,0.69
Karnataka,Gulbarga,17.2318,76.7391,7.26,1.07,10.78,37.72,32.5,32.73,27.23,24.25,55.04,720.5,0.746,0.132,7,45.04,19.47,428.0,1.5
Karnataka,Gulbarga,17.0702,76.7943,7.31,0.96,10.0,36.73,32.69,30.6,27.23,24.25,55.04,720.5,0.746,0.132,7,45.04,19.47,383.0,0.95
Karnataka,Gulbarga,17.3224,76.9104,6.99,1.36,10.65,37.53,36.26,30.51,26.58,23.47,55.25,770.7,0.765,0.125,7,44.6,19.47,487.0,1.35
Karnataka,Gulbarga,17.5134,76.9744,6.92,1.14,11.02,36.2,34.34,32.2,26.58,23.47,55.25,770.7,0.765,0.125,7,44.6,19.47,462.0,0.92
Karnataka,Gulbarga,17.6373,77.1498,6.89,1.08,11.47,37.8,34.74,30.43,26.58,23.47,55.25,770.7,0.765,0.125,7,44.6,19.29,569.0,3.7
Karnataka,Gulbarga,17.525,76.9482,7.04,1.16,10.72,36.14,36.25,31.38,26.58,23.47,55.25,770.7,0.765,0.125,7,44.6,19.47,483.0,2.37
Karnataka,Gulbarga,16.7701,76.4649,7.22,0.88,9.73,38.24,36.28,28.62,27.06,24.05,54.06,632.3,0.728,0.152,7,44.82,19.87,457.0,0.68
Karnataka,Gulbarga,16.9945,76.8917,7.23,0.92,10.57,40.51,33.19,32.24,27.23,24.25,55.04,720.5,0.746,0.132,7,45.04,19.87,408.0,0.44
Karnataka,Gulbarga,16.9329,76.8277,7.11,0.99,10.51,39.57,34.03,29.59,27.23,24.25,55.04,720.5,0.746,0.132,7,45.04,19.87,448.0,0.87
Karnataka,Gulbarga,16.8619,76.7497,7.34,0.94,9.58,36.96,36.06,30.96,27.23,24.25,55.04,720.5,0.746,0.132,7,45.04,19.87,478.0,0.78
Karnataka,Gulbarga,17.0405,76.8424,7.25,0.92,10.66,36.7,38.05,28.88,27.23,24.25,55.04,720.5,0.746,0.132,7,45.04,19.47,393.0,0.95
Karnataka,Gulbarga,17.1165,76.4432,7.31,0.9,17.77,40.13,31.78,34.5,27.06,24.05,54.06,632.3,0.728,0.152,7,44.82,19.47,404.0,0.43
Karnataka,Kodagu,12.4158,75.6201,5.48,4.41,53.41,33.22,38.81,28.3,23.82,23.05,79.01,2994.4,0.793,0.112,4,38.9,18.14,1132.0,10.16
Karnataka,Kodagu,12.3645,75.8247,5.67,3.12,25.8,30.72,39.3,24.03,23.82,23.05,79.01,2994.4,0.793,0.112,4,38.9,18.14,1046.0,12.61
Karnataka,Kodagu,12.6902,75.9506,6.1,1.48,14.85,35.88,38.64,25.85,23.2,22.02,73.35,1604.3,0.717,0.143,4,39.89,18.14,929.0,1.34
Karnataka,Kodagu,12.5411,75.8411,5.64,2.95,32.14,31.17,38.92,29.68,23.82,23.05,79.01,2994.4,0.793,0.112,4,38.9,18.14,921.0,5.15
Karnataka,Kodagu,12.5279,75.8018,5.57,2.74,32.24,33.77,39.37,28.49,23.82,23.05,79.01,2994.4,0.793,0.112,4,38.9,18.14,885.0,2.81
Karnataka,Kodagu,12.2574,75.8089,5.58,2.28,20.16,33.92,42.24,25.26,23.82,23.05,79.01,2994.4,0.793,0.112,4,38.9,18.14,894.0,1.25
Karnataka,Gulbarga,17.1043,77.3845,7.07,1.13,9.49,38.06,33.75,26.67,26.66,23.74,57.53,777.7,0.752,0.127,7,44.7,19.29,440.0,0.41
Karnataka,Gulbarga,17.1982,77.1534,7.12,1.12,11.01,38.38,32.88,25.93,27.23,24.25,55.04,720.5,0.746,0.132,7,45.04,19.29,401.0,0.58
Karnataka,Gulbarga,17.0982,77.2274,7.34,1.08,9.55,38.65,33.68,28.89,26.66,23.74,57.53,777.7,0.752,0.127,7,44.7,19.29,444.0,0.31
Karnataka,Gulbarga,17.1602,77.137,7.34,1.01,11.21,41.33,32.1,26.79,27.23,24.25,55.04,720.5,0.746,0.132,7,45.04,19.29,414.0,0.27
Karnataka,Gulbarga,16.986,77.4181,7.01,1.03,10.43,35.09,37.83,31.7,26.66,23.74,57.53,777.7,0.752,0.127,7,44.7,19.96,576.0,0.65
Karnataka,Gulbarga,17.1599,77.2621,7.41,1.16,10.37,38.35,32.78,27.8,26.66,23.74,57.53,777.7,0.752,0.127,7,44.7,19.29,429.0,0.27
Karnataka,Gulbarga,17.1255,77.2412,7.34,1.17,11.54,38.1,34.3,28.01,26.66,23.74,57.53,777.7,0.752,0.127,7,44.7,19.29,438.0,0.39
Karnataka,Gulbarga,16.9212,77.3852,6.81,0.96,10.25,35.31,37.89,29.38,26.66,23.74,57.53,777.7,0.752,0.127,7,44.7,19.96,590.0,1.35
Karnataka,Gulbarga,17.1837,77.1839,7.33,1.11,9.68,36.92,32.74,26.94,27.23,24.25,55.04,720.5,0.746,0.132,7,45.04,19.29,410.0,0.33
Karnataka,Kolar,12.9311,78.3853,7.06,1.01,12.97,35.89,39.38,27.41,23.83,21.25,69.24,876.1,0.497,0.296,4,40.91,19.58,751.0,0.41
Karnataka,Kolar,13.0101,78.4614,7.01,0.95,11.58,35.27,37.26,27.4,25.37,22.22,68.99,886.0,0.495,0.316,5,43.06,19.83,758.0,0.33
Karnataka,Kolar,12.8179,78.2226,6.79,1.12,11.88,33.4,42.2,28.92,23.83,21.25,69.24,876.1,0.497,0.296,4,40.91,19.58,714.0,1.25
Karnataka,Kolar,13.1721,78.1529,6.76,0.92,9.25,28.54,50.54,15.87,23.83,21.25,69.24,876.1,0.497,0.296,4,40.91,19.83,830.0,0.53
Karnataka,Kolar,13.1771,78.0041,6.56,0.94,9.8,25.85,54.49,15.5,23.83,21.25,69.24,876.1,0.497,0.296,4,40.91,19.83,854.0,0.51
Karnataka,Kolar,13.2247,78.2141,6.82,0.99,11.62,32.18,47.28,18.19,23.83,21.25,69.24,876.1,0.497,0.296,4,40.91,19.83,823.0,0.99
Karnataka,Kolar,13.1744,78.4757,6.97,0.94,11.85,36.57,38.69,24.6,25.37,22.22,68.99,886.0,0.495,0.316,5,43.06,19.83,780.0,1.46
Karnataka,Kolar,13.0524,78.4069,7.09,0.92,12.11,35.87,41.31,24.4,23.83,21.25,69.24,876.1,0.497,0.296,4,40.91,19.83,781.0,0.67
Karnataka,Kolar,13.1169,78.3588,6.86,0.93,11.17,34.49,44.52,19.02,23.83,21.25,69.24,876.1,0.497,0.296,4,40.91,19.83,832.0,0.38
Karnataka,Kolar,13.0698,78.4363,7.03,0.89,11.42,36.72,42.0,22.91,23.83,21.25,69.24,876.1,0.497,0.296,4,40.91,19.83,768.0,0.89
Karnataka,Kolar,13.2826,78.4529,7.11,0.97,11.18,34.1,40.95,24.87,24.89,21.68,68.28,827.6,0.505,0.313,5,41.84,19.83,776.0,0.57
Karnataka,Kolar,13.1232,78.4933,7.17,0.9,10.99,35.37,41.71,25.37,25.37,22.22,68.99,886.0,0.495,0.316,5,43.06,19.83,748.0,0.24
Karnataka,Kolar,13.3182,78.4172,7.14,1.06,10.99,34.79,42.18,24.61,23.98,21.24,67.6,814.7,0.506,0.299,5,40.44,19.83,799.0,0.31
Karnataka,Kolar,12.8722,78.0552,6.57,1.16,11.93,32.36,44.63,27.07,23.83,21.25,69.24,876.1,0.497,0.296,4,40.91,19.58,845.0,0.59
Karnataka,Kolar,12.8789,78.0389,6.61,1.17,11.49,32.49,44.96,25.81,23.83,21.25,69.24,876.1,0.497,0.296,4,40.91,19.58,862.0,0.93
Karnataka,Kolar,12.9926,77.9985,6.82,0.9,10.45,32.06,48.43,23.47,23.83,21.25,69.24,876.1,0.497,0.296,4,40.91,19.73,863.0,0.43
Karnataka,Kolar,12.9027,77.8888,6.55,0.95,10.01,31.17,51.07,19.62,23.83,21.25,69.24,876.1,0.497,0.296,4,40.91,19.73,866.0,0.33
Karnataka,Kolar,12.9069,77.9079,6.58,0.95,10.37,32.03,49.61,20.93,23.83,21.25,69.24,876.1,0.497,0.296,4,40.91,19.73,880.0,1.02
Karnataka,Kolar,12.9152,78.0468,6.57,1.2,12.15,32.19,45.67,25.93,23.83,21.25,69.24,876.1,0.497,0.296,4,40.91,19.58,864.0,0.92
Karnataka,Kolar,12.9014,78.0323,6.51,1.16,11.68,32.41,47.91,24.32,23.83,21.25,69.24,876.1,0.497,0.296,4,40.91,19.58,861.0,0.99
Karnataka,Kolar,12.9289,77.9161,6.62,0.93,10.35,31.49,49.62,20.95,23.83,21.25,69.24,876.1,0.497,0.296,4,40.91,19.73,900.0,0.15
Karnataka,Koppal,15.664,76.4986,7.02,0.97,11.08,27.15,50.12,20.76,26.15,23.81,59.49,600.0,0.614,0.194,6,42.97,19.94,465.0,1.05
Karnataka,Kolar,13.3114,78.1457,6.82,0.79,9.8,31.55,48.36,16.19,23.98,21.24,67.6,814.7,0.506,0.299,5,40.44,19.83,823.0,0.71
Karnataka,Kolar,13.3255,78.1934,7.03,0.89,9.52,31.81,46.53,21.02,23.98,21.24,67.6,814.7,0.506,0.299,5,40.44,19.83,832.0,0.8
Karnataka,Kolar,13.276,78.2178,6.94,0.98,11.27,33.33,45.62,22.59,23.98,21.24,67.6,814.7,0.506,0.299,5,40.44,19.83,820.0,0.75
Karnataka,Kolar,13.5181,78.2402,6.9,0.85,9.29,32.99,44.99,19.13,23.98,21.24,67.6,814.7,0.506,0.299,5,40.44,19.83,748.0,0.67
Karnataka,Kolar,13.2968,78.2683,7.09,0.93,10.08,31.69,44.06,24.62,23.98,21.24,67.6,814.7,0.506,0.299,5,40.44,19.83,830.0,0.92
Karnataka,Kolar,13.3333,78.3368,7.02,0.98,9.9,34.74,42.82,22.07,23.98,21.24,67.6,814.7,0.506,0.299,5,40.44,19.83,829.0,0.58
Karnataka,Koppal,15.829,76.1714,7.19,1.05,12.23,32.16,43.39,31.4,26.47,23.92,57.11,576.1,0.65,0.178,6,43.8,19.94,640.0,0.59
Karnataka,Koppal,15.1919,75.9685,7.28,1.04,26.53,34.24,35.11,35.41,25.65,23.58,62.51,634.8,0.583,0.214,6,41.41,19.53,519.0,0.65
Karnataka,Koppal,15.2995,76.0948,6.94,0.97,19.69,32.37,36.09,29.58,26.15,23.81,59.49,600.0,0.614,0.194,6,42.97,19.94,505.0,0.45
Karnataka,Koppal,15.2629,75.9449,7.49,0.84,12.35,34.26,37.49,30.04,26.15,23.81,59.49,600.0,0.614,0.194,6,42.97,19.53,542.0,0.64
Karnataka,Koppal,15.4294,76.3693,6.86,1.09,12.14,26.3,53.34,19.3,26.15,23.81,59.49,600.0,0.614,0.194,6,42.97,19.94,504.0,0.67
Karnataka,Koppal,15.5909,76.278,7.0,0.9,20.06,28.78,50.14,25.74,26.15,23.81,59.49,600.0,0.614,0.194,6,42.97,19.94,575.0,0.39
Karnataka,Koppal,15.3928,76.1395,7.09,1.07,14.44,34.9,35.69,26.18,26.15,23.81,59.49,600.0,0.614,0.194,6,42.97,19.94,522.0,0.31
Karnataka,Koppal,15.3713,76.3509,6.83,1.06,13.91,28.97,45.22,28.74,26.15,23.81,59.49,600.0,0.614,0.194,6,42.97,19.94,528.0,1.45
Karnataka,Koppal,15.4481,75.8713,7.47,0.88,11.2,29.84,41.01,29.21,25.6,23.63,61.26,680.1,0.647,0.178,6,42.37,19.53,595.0,0.22
Karnataka,Koppal,15.4707,76.1555,7.12,1.03,16.95,29.49,49.3,28.86,26.15,23.81,59.49,600.0,0.614,0.194,6,42.97,19.94,553.0,0.65
Karnataka,Koppal,15.6001,76.1682,7.06,0.99,15.23,30.21,47.44,28.53,26.15,23.81,59.49,600.0,0.614,0.194,6,42.97,19.94,616.0,0.61
Karnataka,Koppal,15.6739,75.9352,7.11,0.92,9.97,29.2,40.55,27.69,25.6,23.63,61.26,680.1,0.647,0.178,6,42.37,19.53,618.0,0.42
Karnataka,Koppal,15.6999,76.1812,6.89,1.01,12.0,31.95,41.31,29.63,26.15,23.81,59.49,600.0,0.614,0.194,6,42.97,19.94,660.0,0.23
Karnataka,Koppal,15.5128,76.0807,7.27,0.97,16.62,30.89,45.11,27.93,26.15,23.81,59.49,600.0,0.614,0.194,6,42.97,19.94,553.0,0.31
Karnataka,Koppal,15.439,75.8783,7.51,0.99,11.43,29.88,38.85,32.21,25.6,23.63,61.26,680.1,0.647,0.178,6,42.37,19.53,600.0,0.62
Karnataka,Mandya,12.5929,76.5788,7.0,1.16,13.06,34.3,40.21,27.75,24.52,23.11,67.75,883.0,0.534,0.232,4,41.44,19.49,846.0,1.44
Karnataka,Mandya,12.7357,76.4354,6.95,1.32,14.44,37.35,36.65,23.94,23.2,22.02,73.35,1604.3,0.717,0.143,4,39.89,19.49,807.0,0.96
Karnataka,Mandya,12.4889,76.5023,7.29,1.35,12.66,32.2,39.99,31.81,23.2,22.02,73.35,1604.3,0.717,0.143,4,39.89,19.49,769.0,1.68
Karnataka,Mandya,12.5647,76.468,6.97,1.17,13.11,34.15,36.85,26.84,23.2,22.02,73.35,1604.3,0.717,0.143,4,39.89,19.49,751.0,0.33
Karnataka,Mandya,12.5249,76.4926,7.24,1.29,12.08,33.25,38.75,30.65,23.2,22.02,73.35,1604.3,0.717,0.143,4,39.89,19.49,800.0,1.07
Karnataka,Mandya,12.4463,76.9952,6.69,1.24,12.13,36.85,33.93,26.32,24.52,23.11,67.75,883.0,0.534,0.232,4,41.44,19.49,667.0,0.95
Karnataka,Mandya,12.5827,77.0294,6.67,1.35,13.7,36.45,35.62,24.79,24.52,23.11,67.75,883.0,0.534,0.232,4,41.44,19.73,639.0,0.4
Karnataka,Mandya,12.7151,77.0241,6.59,1.01,11.11,34.98,38.73,19.32,24.52,23.11,67.75,883.0,0.534,0.232,4,41.44,19.73,650.0,0.44
Karnataka,Mandya,12.4918,77.0551,6.61,1.52,14.97,36.99,33.09,24.6,24.52,23.11,67.75,883.0,0.534,0.232,4,41.44,19.73,623.0,1.0
Karnataka,Mandya,12.4883,76.9561,6.62,1.49,14.21,37.1,34.61,23.26,24.52,23.11,67.75,883.0,0.534,0.232,4,41.44,19.49,653.0,0.38
Karnataka,Mandya,12.6759,77.0444,6.58,1.23,12.58,38.94,36.7,21.58,24.52,23.11,67.75,883.0,0.534,0.232,4,41.44,19.73,627.0,0.21
Karnataka,Mandya,12.6848,76.9893,6.62,1.03,11.34,36.77,37.06,20.39,24.52,23.11,67.75,883.0,0.534,0.232,4,41.44,19.49,672.0,1.33
Karnataka,Mandya,12.374,76.941,6.71,1.29,15.36,35.43,36.11,25.63,24.52,23.11,67.75,883.0,0.534,0.232,4,41.44,19.49,681.0,0.82
Karnataka,Mandya,12.3594,77.304,6.66,2.17,19.94,30.97,41.81,21.52,24.45,22.34,68.11,833.3,0.495,0.275,4,41.69,19.73,855.0,7.72
Karnataka,Mandya,12.4027,77.2189,6.68,1.13,11.58,33.65,39.84,26.37,24.45,22.34,68.11,833.3,0.495,0.275,4,41.69,19.73,595.0,0.81
Karnataka,Mandya,12.3906,76.947,6.7,1.32,14.98,34.9,35.55,25.99,24.52,23.11,67.75,883.0,0.534,0.232,4,41.44,19.49,681.0,1.16
Karnataka,Mandya,12.2668,77.0738,6.97,1.33,11.06,39.78,31.16,31.04,24.52,23.11,67.75,883.0,0.534,0.232,4,41.44,19.73,662.0,0.58
Karnataka,Mandya,12.4164,76.9803,6.79,1.46,16.61,36.66,35.58,24.37,24.52,23.11,67.75,883.0,0.534,0.232,4,41.44,19.49,667.0,0.62
Karnataka,Mandya,12.4224,77.0564,6.8,1.39,14.49,37.53,34.95,24.26,24.52,23.11,67.75,883.0,0.534,0.232,4,41.44,19.73,642.0,0.9
Karnataka,Mandya,12.4123,77.0407,6.78,1.28,13.85,35.11,34.91,25.95,24.52,23.11,67.75,883.0,0.534,0.232,4,41.44,19.73,639.0,1.05
Karnataka,Mandya,12.7524,76.8852,6.58,0.95,10.61,34.82,42.68,21.17,24.11,22.5,67.12,880.9,0.546,0.222,5,40.63,19.49,708.0,1.39
Karnataka,Mandya,12.4925,76.9534,6.66,1.43,14.17,36.74,34.86,23.19,24.52,23.11,67.75,883.0,0.534,0.232,4,41.44,19.49,672.0,0.74
Karnataka,Mandya,12.6597,76.7751,6.78,1.03,11.59,34.15,40.76,23.43,24.52,23.11,67.75,883.0,0.534,0.232,4,41.44,19.49,823.0,0.72
Karnataka,Mandya,12.704,76.8107,6.7,1.02,10.72,34.04,42.35,23.87,24.52,23.11,67.75,883.0,0.534,0.232,4,41.44,19.49,765.0,0.67
Karnataka,Mandya,12.8773,76.6053,6.79,1.25,12.66,31.28,42.44,24.13,24.11,22.5,67.12,880.9,0.546,0.222,5,40.63,19.49,898.0,1.27
Karnataka,Mandya,12.7903,76.7893,6.76,1.09,10.64,32.98,43.2,24.87,24.11,22.5,67.12,880.9,0.546,0.222,5,40.63,19.49,782.0,1.3
Karnataka,Mandya,12.856,76.7688,6.8,1.09,9.95,33.54,44.16,24.38,24.11,22.5,67.12,880.9,0.546,0.222,5,40.63,19.49,781.0,1.7
Karnataka,Mandya,12.9339,76.8462,6.91,1.01,9.8,37.83,42.07,26.29,24.11,22.5,67.12,880.9,0.546,0.222,5,40.63,19.49,751.0,0.95
Karnataka,Mandya,12.8957,76.713,6.78,0.95,9.97,31.55,46.33,23.44,24.11,22.5,67.12,880.9,0.546,0.222,5,40.63,19.49,842.0,0.74
Karnataka,Mandya,12.4965,76.565,7.02,1.2,11.27,32.04,41.72,26.81,24.52,23.11,67.75,883.0,0.534,0.232,4,41.44,19.49,796.0,1.5
Karnataka,Mandya,12.5135,76.5613,6.98,1.31,12.28,32.61,41.46,27.16,23.2,22.02,73.35,1604.3,0.717,0.143,4,39.89,19.49,794.0,1.16
Karnataka,Mandya,12.4757,76.5567,7.1,1.15,12.02,31.57,41.12,29.66,23.2,22.02,73.35,1604.3,0.717,0.143,4,39.89,19.49,783.0,1.28
Karnataka,Mandya,12.5421,76.6375,6.94,1.1,11.69,32.32,41.51,26.94,24.52,23.11,67.75,883.0,0.534,0.232,4,41.44,19.49,781.0,1.71
Karnataka,Mandya,12.5282,76.7118,6.66,1.23,13.65,35.46,39.3,23.87,24.52,23.11,67.75,883.0,0.534,0.232,4,41.44,19.49,758.0,0.3
Karnataka,Mandya,12.6118,76.653,6.91,1.19,12.2,35.04,39.29,26.45,24.52,23.11,67.75,883.0,0.534,0.232,4,41.44,19.49,862.0,0.93
Karnataka,Mandya,12.6303,76.6151,7.08,1.3,12.72,32.43,42.22,25.25,24.52,23.11,67.75,883.0,0.534,0.232,4,41.44,19.49,877.0,1.04
Karnataka,Mandya,12.549,76.7384,6.8,1.12,12.22,34.34,41.78,24.99,24.52,23.11,67.75,883.0,0.534,0.232,4,41.44,19.49,738.0,1.96
Karnataka,Mysore,12.0839,76.3745,6.47,1.12,11.33,33.43,39.61,26.27,23.31,22.41,76.05,1737.8,0.693,0.161,4,40.03,19.49,693.0,1.15
Karnataka,Mysore,11.9114,76.3964,6.06,1.5,13.6,33.36,43.54,24.92,23.31,22.41,76.05,1737.8,0.693,0.161,4,40.03,18.58,809.0,1.28
Karnataka,Mysore,11.8401,76.3225,5.66,1.8,19.06,32.67,41.73,23.04,23.31,22.41,76.05,1737.8,0.693,0.161,4,40.03,18.58,815.0,1.38
Karnataka,Mandya,12.3185,76.7606,6.83,1.17,11.16,35.64,36.4,28.56,24.52,23.11,67.75,883.0,0.534,0.232,4,41.44,19.49,715.0,1.31
Karnataka,Mandya,12.3442,76.7589,6.63,1.35,12.37,33.16,37.43,24.65,24.52,23.11,67.75,883.0,0.534,0.232,4,41.44,19.49,683.0,0.6
Karnataka,Mandya,12.3807,76.6205,6.81,1.18,12.25,33.96,39.52,23.93,24.52,23.11,67.75,883.0,0.534,0.232,4,41.44,19.49,743.0,1.03
Karnataka,Mandya,12.3757,76.5677,6.95,1.17,11.89,33.69,39.44,27.63,24.52,23.11,67.75,883.0,0.534,0.232,4,41.44,19.49,804.0,1.19
Karnataka,Mandya,12.4575,76.6621,6.6,1.23,14.05,35.24,36.97,24.57,24.52,23.11,67.75,883.0,0.534,0.232,4,41.44,19.49,725.0,0.6
Karnataka,Mandya,12.3775,76.5983,6.82,1.21,12.23,34.03,39.78,26.83,24.52,23.11,67.75,883.0,0.534,0.232,4,41.44,19.49,736.0,1.26
Karnataka,Mandya,12.4017,76.7548,6.66,1.2,13.19,35.45,35.79,24.72,24.52,23.11,67.75,883.0,0.534,0.232,4,41.44,19.49,672.0,0.98
Karnataka,Mysore,12.4205,76.5678,7.05,1.03,20.93,33.97,39.43,25.9,24.52,23.11,67.75,883.0,0.534,0.232,4,41.44,19.49,748.0,0.95
Karnataka,Mandya,12.3498,76.7233,6.75,1.19,13.7,35.5,36.59,28.74,24.52,23.11,67.75,883.0,0.534,0.232,4,41.44,19.49,714.0,0.83
Karnataka,Mysore,12.1843,76.3272,6.65,1.12,11.37,33.09,37.85,25.77,23.31,22.41,76.05,1737.8,0.693,0.161,4,40.03,19.49,755.0,1.12
Karnataka,Mysore,12.3941,76.2796,6.82,1.18,12.71,32.99,42.51,27.97,23.2,22.02,73.35,1604.3,0.717,0.143,4,39.89,19.49,811.0,0.65
Karnataka,Mysore,12.3958,76.2516,6.8,1.13,12.27,33.61,41.22,26.97,23.2,22.02,73.35,1604.3,0.717,0.143,4,39.89,19.49,808.0,0.73
Karnataka,Mysore,12.2411,76.2083,6.5,1.19,11.24,33.43,36.84,26.57,23.31,22.41,76.05,1737.8,0.693,0.161,4,40.03,19.49,789.0,0.49
Karnataka,Mysore,12.1814,76.3652,6.66,1.2,11.25,33.87,38.27,25.04,23.31,22.41,76.05,1737.8,0.693,0.161,4,40.03,19.49,732.0,1.38
Karnataka,Mysore,12.2577,76.3062,6.68,1.13,11.1,31.19,40.75,24.38,23.2,22.02,73.35,1604.3,0.717,0.143,4,39.89,19.49,779.0,1.16
Karnataka,Mysore,12.6324,76.3332,7.03,1.24,12.78,33.13,42.47,27.16,23.2,22.02,73.35,1604.3,0.717,0.143,4,39.89,19.49,825.0,0.9
Karnataka,Mysore,12.6107,76.2809,6.94,1.53,13.48,32.46,43.77,24.84,23.2,22.02,73.35,1604.3,0.717,0.143,4,39.89,19.49,835.0,0.83
Karnataka,Mysore,12.4795,76.42,7.03,1.22,12.72,33.79,37.39,24.81,23.2,22.02,73.35,1604.3,0.717,0.143,4,39.89,19.49,771.0,0.45
Karnataka,Mysore,12.5283,76.3681,7.0,1.48,13.98,36.41,38.4,26.98,23.2,22.02,73.35,1604.3,0.717,0.143,4,39.89,19.49,790.0,0.22
Karnataka,Mysore,12.4317,76.3304,7.06,1.17,12.58,35.77,39.3,29.24,23.2,22.02,73.35,1604.3,0.717,0.143,4,39.89,19.49,841.0,1.07
Karnataka,Hassan,12.64,76.2147,7.04,1.36,12.76,34.55,41.65,26.52,23.2,22.02,73.35,1604.3,0.717,0.143,4,39.89,19.49,857.0,1.81
Karnataka,Mysore,12.5615,76.3212,6.97,1.35,15.74,34.89,40.19,26.79,23.2,22.02,73.35,1604.3,0.717,0.143,4,39.89,19.49,799.0,1.08
Karnataka,Mysore,12.6192,76.2333,7.13,1.27,12.18,33.12,43.09,26.4,23.2,22.02,73.35,1604.3,0.717,0.143,4,39.89,19.49,854.0,0.77
Karnataka,Mysore,12.2791,76.7014,6.7,1.28,13.98,34.38,39.02,26.16,24.52,23.11,67.75,883.0,0.534,0.232,4,41.44,19.49,739.0,1.7
Karnataka,Mysore,12.4204,76.5012,7.09,1.58,12.92,34.52,38.14,26.43,23.2,22.02,73.35,1604.3,0.717,0.143,4,39.89,19.49,770.0,0.58
Karnataka,Mysore,12.2326,76.7817,6.86,1.11,10.79,33.65,36.28,27.77,23.86,22.49,69.82,886.2,0.508,0.266,4,40.67,19.49,697.0,1.43
Karnataka,Mysore,12.2006,76.5519,6.88,1.19,11.7,33.52,39.15,28.99,23.31,22.41,76.05,1737.8,0.693,0.161,4,40.03,19.49,744.0,1.15
Karnataka,Mysore,12.3946,76.5136,7.04,1.24,12.43,34.58,38.65,28.28,23.2,22.02,73.35,1604.3,0.717,0.143,4,39.89,19.49,782.0,1.58
Karnataka,Mysore,12.1641,76.4849,6.65,1.19,12.04,31.34,42.93,26.95,23.31,22.41,76.05,1737.8,0.693,0.161,4,40.03,19.49,737.0,3.16
Karnataka,Mysore,12.0258,76.9215,7.25,1.33,15.04,32.72,38.33,32.9,23.86,22.49,69.82,886.2,0.508,0.266,4,40.67,19.49,695.0,0.33
Karnataka,Mysore,12.1168,76.6571,6.84,1.42,13.19,35.6,35.08,27.53,23.86,22.49,69.82,886.2,0.508,0.266,4,40.67,19.49,675.0,0.89
Karnataka,Mysore,11.9948,76.5105,6.65,1.28,12.86,34.51,39.82,29.77,23.31,22.41,76.05,1737.8,0.693,0.161,4,40.03,18.58,700.0,1.26
Karnataka,Mysore,12.1748,76.6607,6.94,1.18,10.61,35.19,37.08,27.84,23.86,22.49,69.82,886.2,0.508,0.266,4,40.67,19.49,671.0,0.89
Karnataka,Mysore,12.0323,76.698,7.24,1.3,14.03,33.52,38.43,30.65,23.86,22.49,69.82,886.2,0.508,0.266,4,40.67,19.49,694.0,0.59
Karnataka,Mysore,12.4013,76.1527,6.74,1.26,12.61,33.15,41.88,31.5,23.2,22.02,73.35,1604.3,0.717,0.143,4,39.89,19.49,908.0,0.58
Karnataka,Mysore,12.3159,76.0044,5.87,2.44,22.34,31.53,38.83,24.02,23.2,22.02,73.35,1604.3,0.717,0.143,4,39.89,19.49,948.0,1.1
Karnataka,Mysore,12.4942,76.1263,6.87,1.26,12.18,33.09,42.5,28.47,23.2,22.02,73.35,1604.3,0.717,0.143,4,39.89,19.49,847.0,0.77
Karnataka,Mysore,12.363,76.0238,6.23,1.34,12.01,31.24,39.08,27.07,23.2,22.02,73.35,1604.3,0.717,0.143,4,39.89,19.49,901.0,1.26
Karnataka,Mysore,12.3687,75.9756,5.98,2.22,19.11,33.07,39.54,25.09,23.2,22.02,73.35,1604.3,0.717,0.143,4,39.89,18.14,945.0,1.79
Karnataka,Mysore,12.2948,76.0186,5.83,2.46,24.98,32.66,39.21,24.44,23.2,22.02,73.35,1604.3,0.717,0.143,4,39.89,19.49,959.0,2.37
Karnataka,Mysore,12.5105,76.087,6.72,1.34,14.13,35.29,38.1,35.23,23.2,22.02,73.35,1604.3,0.717,0.143,4,39.89,19.49,902.0,0.73
Karnataka,Mysore,12.4679,76.1123,6.65,1.44,16.31,31.58,43.4,26.93,23.2,22.02,73.35,1604.3,0.717,0.143,4,39.89,19.49,1012.0,5.69
Karnataka,Mysore,12.4988,76.1041,6.84,1.21,12.05,33.9,40.61,31.65,23.2,22.02,73.35,1604.3,0.717,0.143,4,39.89,19.49,895.0,1.23
Karnataka,Mysore,12.1025,76.9543,6.73,1.15,11.69,35.69,34.11,28.57,23.86,22.49,69.82,886.2,0.508,0.266,4,40.67,19.49,661.0,0.19
Karnataka,Mysore,12.4084,76.9046,6.68,1.29,11.96,35.55,34.51,27.19,24.52,23.11,67.75,883.0,0.534,0.232,4,41.44,19.49,710.0,0.46
Karnataka,Mysore,12.2674,76.8308,6.67,1.21,10.55,32.95,36.71,28.57,24.52,23.11,67.75,883.0,0.534,0.232,4,41.44,19.49,671.0,0.85
Karnataka,Mysore,12.2728,76.9686,6.8,1.21,10.6,36.14,33.73,29.27,24.52,23.11,67.75,883.0,0.534,0.232,4,41.44,19.49,663.0,0.66
Karnataka,Mysore,12.3857,76.8539,6.82,1.06,11.18,31.41,37.17,27.45,24.52,23.11,67.75,883.0,0.534,0.232,4,41.44,19.49,701.0,0.45
Karnataka,Mysore,12.374,76.8621,6.67,1.39,12.76,33.21,36.53,26.77,24.52,23.11,67.75,883.0,0.534,0.232,4,41.44,19.49,679.0,0.56
Karnataka,Mysore,12.3585,76.8614,6.62,1.5,15.86,35.11,34.58,25.82,24.52,23.11,67.75,883.0,0.534,0.232,4,41.44,19.49,682.0,0.77
Karnataka,Mysore,12.1921,77.1055,6.71,1.33,14.82,35.12,36.04,26.44,23.86,22.49,69.82,886.2,0.508,0.266,4,40.67,19.73,631.0,0.26
Karnataka,Mysore,12.3094,76.9298,6.81,1.23,11.48,35.14,37.48,27.8,24.52,23.11,67.75,883.0,0.534,0.232,4,41.44,19.49,705.0,1.37
Karnataka,Raichur,15.9525,76.9605,6.96,1.14,12.33,36.78,39.82,19.79,27.18,24.44,56.69,611.1,0.676,0.162,6,44.66,19.94,370.0,0.33
Karnataka,Raichur,16.0291,77.1474,7.04,0.9,12.19,35.95,36.09,23.2,27.18,24.44,56.69,611.1,0.676,0.162,6,44.66,19.96,350.0,0.21
Karnataka,Raichur,16.2266,77.0893,7.09,0.93,15.76,37.89,37.17,22.73,27.18,24.44,56.69,611.1,0.676,0.162,6,44.66,19.96,408.0,0.15
Karnataka,Raichur,16.4138,77.0242,7.36,1.0,19.12,41.96,29.33,37.73,27.26,24.37,55.84,655.1,0.717,0.144,7,44.84,19.96,393.0,0.31
Karnataka,Raichur,16.3501,76.7532,6.85,0.97,12.23,31.99,44.69,21.41,27.26,24.37,55.84,655.1,0.717,0.144,7,44.84,19.87,452.0,1.75
Karnataka,Raichur,16.2581,76.9398,6.99,1.05,21.8,38.8,38.49,26.79,27.26,24.37,55.84,655.1,0.717,0.144,7,44.84,19.87,493.0,1.28
Karnataka,Raichur,16.4009,76.9868,7.12,1.02,12.8,42.47,29.78,28.68,27.26,24.37,55.84,655.1,0.717,0.144,7,44.84,19.87,387.0,0.42
Karnataka,Raichur,16.3177,76.806,7.06,0.97,9.49,37.03,35.77,24.26,27.26,24.37,55.84,655.1,0.717,0.144,7,44.84,19.87,411.0,0.33
Karnataka,Raichur,16.3742,77.0913,7.48,0.94,11.56,38.34,31.29,35.01,27.26,24.37,55.84,655.1,0.717,0.144,7,44.84,19.96,383.0,0.47
Karnataka,Raichur,16.2687,76.9384,6.87,1.13,13.2,35.18,43.58,24.89,27.26,24.37,55.84,655.1,0.717,0.144,7,44.84,19.87,487.0,1.94
Karnataka,Raichur,16.3037,76.7739,7.11,1.01,10.54,37.51,36.61,28.4,27.26,24.37,55.84,655.1,0.717,0.144,7,44.84,19.87,426.0,0.41
Karnataka,Raichur,16.0603,77.439,7.27,1.16,16.93,35.56,36.21,24.76,27.35,24.52,58.34,678.6,0.7,0.153,6,45.08,19.96,356.0,0.23
Karnataka,Raichur,16.394,77.3182,7.18,1.0,13.16,40.71,29.01,26.54,27.07,24.18,57.95,717.6,0.727,0.139,7,45.0,19.96,329.0,0.59
Karnataka,Raichur,16.2818,77.5126,7.09,1.04,19.82,35.67,35.14,26.74,27.07,24.18,57.95,717.6,0.727,0.139,7,45.0,19.96,353.0,0.34
Karnataka,Raichur,16.3205,77.3144,7.25,1.0,9.77,37.99,32.65,32.31,27.07,24.18,57.95,717.6,0.727,0.139,7,45.0,19.96,351.0,0.31
Karnataka,Raichur,16.37,77.3482,7.03,1.07,10.35,36.7,34.55,21.2,27.07,24.18,57.95,717.6,0.727,0.139,7,45.0,19.96,352.0,0.43
Karnataka,Raichur,16.3799,77.3793,7.03,1.08,14.38,37.37,32.02,20.13,27.07,24.18,57.95,717.6,0.727,0.139,7,45.0,19.96,336.0,1.19
Karnataka,Raichur,16.3611,77.47,7.13,1.1,19.85,36.69,32.9,23.38,27.07,24.18,57.95,717.6,0.727,0.139,7,45.0,19.96,337.0,0.15
Karnataka,Raichur,16.3098,77.3827,7.22,1.15,10.73,37.73,31.3,33.48,27.07,24.18,57.95,717.6,0.727,0.139,7,45.0,19.96,349.0,0.35
Karnataka,Raichur,15.9968,77.4616,7.2,1.07,11.32,36.63,34.18,31.88,27.35,24.52,58.34,678.6,0.7,0.153,6,45.08,20.05,339.0,0.48
Karnataka,Raichur,15.7307,76.7511,7.03,1.64,12.6,38.14,41.79,19.94,27.12,24.58,57.77,597.5,0.632,0.187,6,44.35,19.94,385.0,0.43
Karnataka,Raichur,15.881,76.9194,7.33,0.96,22.37,36.97,38.41,19.91,27.18,24.44,56.69,611.1,0.676,0.162,6,44.66,19.94,367.0,0.43
Karnataka,Raichur,15.6738,76.6766,7.11,1.05,10.92,39.21,39.51,21.8,27.12,24.58,57.77,597.5,0.632,0.187,6,44.35,19.94,407.0,0.3
Karnataka,Raichur,15.9052,76.9012,7.37,0.99,13.72,36.71,37.31,20.02,27.18,24.44,56.69,611.1,0.676,0.162,6,44.66,19.94,364.0,0.44
Karnataka,Raichur,15.7302,76.4738,7.27,0.82,9.33,29.81,47.09,23.93,26.15,23.81,59.49,600.0,0.614,0.194,6,42.97,19.94,486.0,0.22
Karnataka,Raichur,15.8229,76.8968,7.33,0.96,19.88,37.07,37.52,25.07,27.18,24.44,56.69,611.1,0.676,0.162,6,44.66,19.94,371.0,0.19
Karnataka,Ramanagara,12.5972,77.2042,6.64,1.37,11.15,35.05,38.55,22.96,24.45,22.34,68.11,833.3,0.495,0.275,4,41.69,19.73,639.0,0.35
Karnataka,Ramanagara,12.524,77.1634,6.66,1.07,10.72,38.12,36.77,24.54,24.52,23.11,67.75,883.0,0.534,0.232,4,41.44,19.73,638.0,0.45
Karnataka,Ramanagara,12.6337,77.1204,6.5,1.21,11.55,36.09,39.45,18.72,24.52,23.11,67.75,883.0,0.534,0.232,4,41.44,19.73,662.0,0.45
Karnataka,Ramanagara,12.7231,77.1696,6.55,1.22,13.25,31.28,45.22,17.22,24.52,23.11,67.75,883.0,0.534,0.232,4,41.44,19.73,700.0,3.1
Karnataka,Ramanagara,12.7219,77.1793,6.51,1.37,14.11,32.36,45.27,17.0,24.52,23.11,67.75,883.0,0.534,0.232,4,41.44,19.73,695.0,1.16
Karnataka,Ramanagara,12.6369,77.2,6.62,1.5,13.96,34.94,40.52,17.91,24.45,22.34,68.11,833.3,0.495,0.275,4,41.69,19.73,655.0,0.64
Karnataka,Ramanagara,12.7682,77.0994,6.46,1.36,14.4,30.74,48.1,16.03,24.11,22.5,67.12,880.9,0.546,0.222,5,40.63,19.73,777.0,4.49
Karnataka,Ramanagara,13.094,77.2143,6.36,1.08,9.59,28.49,57.67,10.18,23.74,21.61,67.94,842.5,0.522,0.251,4,40.38,20.19,883.0,1.31
Karnataka,Ramanagara,13.0833,77.152,6.36,1.02,10.07,27.85,57.02,10.62,24.11,22.5,67.12,880.9,0.546,0.222,5,40.63,20.19,816.0,0.85
Karnataka,Ramanagara,13.1064,77.2506,6.31,1.2,9.82,28.48,57.1,10.94,23.74,21.61,67.94,842.5,0.522,0.251,4,40.38,20.19,909.0,1.29
Karnataka,Ramanagara,13.0997,77.2988,6.34,1.07,9.26,28.83,57.18,8.67,23.74,21.61,67.94,842.5,0.522,0.251,4,40.38,20.19,882.0,1.3
Karnataka,Ramanagara,12.9848,77.1877,6.42,0.99,10.78,27.91,53.88,11.89,23.74,21.61,67.94,842.5,0.522,0.251,4,40.38,19.73,879.0,0.96
Karnataka,Ramanagara,12.7779,77.4173,6.61,1.14,14.82,29.4,47.1,19.84,23.74,21.61,67.94,842.5,0.522,0.251,4,40.38,19.73,723.0,0.26
Karnataka,Ramanagara,12.83,77.4159,6.47,0.96,9.4,27.58,54.35,15.46,23.74,21.61,67.94,842.5,0.522,0.251,4,40.38,19.73,760.0,0.48
Karnataka,Ramanagara,12.7805,77.4478,6.51,1.16,11.45,27.05,50.54,17.34,23.74,21.61,67.94,842.5,0.522,0.251,4,40.38,19.73,732.0,1.38
Karnataka,Ramanagara,12.6972,77.3608,6.39,1.46,15.36,29.93,47.37,15.58,24.45,22.34,68.11,833.3,0.495,0.275,4,41.69,19.73,754.0,3.57
Karnataka,Ramanagara,12.8209,77.3367,6.45,1.29,13.64,26.41,56.13,12.07,23.74,21.61,67.94,842.5,0.522,0.251,4,40.38,19.73,766.0,2.57
Karnataka,Ramanagara,12.7391,77.3782,6.5,1.26,10.9,29.74,50.39,14.29,24.45,22.34,68.11,833.3,0.495,0.275,4,41.69,19.73,720.0,0.91
Karnataka,Shimoga,14.0386,75.7579,6.88,1.2,14.59,35.49,43.82,22.07,23.87,21.87,73.34,1866.3,0.802,0.112,6,41.12,19.76,576.0,0.96
Karnataka,Shimoga,14.0188,75.7658,6.74,1.16,14.01,33.82,44.18,21.94,23.87,21.87,73.34,1866.3,0.802,0.112,6,41.12,19.76,604.0,1.7
Karnataka,Shimoga,13.8015,75.7424,6.65,1.16,14.54,32.81,41.9,23.13,23.87,21.87,73.34,1866.3,0.802,0.112,6,41.12,18.72,605.0,0.22
Karnataka,Shimoga,13.8004,75.6123,6.29,1.33,13.88,34.54,38.46,25.74,23.87,21.87,73.34,1866.3,0.802,0.112,6,41.12,18.72,653.0,0.89
Karnataka,Shimoga,13.8993,75.8097,6.43,1.32,15.81,33.94,37.83,24.14,23.87,21.87,73.34,1866.3,0.802,0.112,6,41.12,18.72,712.0,1.52
Karnataka,Shimoga,13.7587,75.631,6.2,1.43,13.41,34.69,39.52,25.22,23.87,21.87,73.34,1866.3,0.802,0.112,6,41.12,18.72,644.0,2.41
Karnataka,Shimoga,13.8302,75.6956,6.63,1.0,11.59,33.79,37.45,23.14,23.87,21.87,73.34,1866.3,0.802,0.112,6,41.12,18.72,596.0,0.33
Karnataka,Shimoga,13.8909,75.7147,6.59,1.55,15.5,35.64,39.19,24.2,23.87,21.87,73.34,1866.3,0.802,0.112,6,41.12,18.72,580.0,0.84
Karnataka,Shimoga,13.9603,75.8159,6.64,1.58,21.12,33.69,43.13,21.09,23.87,21.87,73.34,1866.3,0.802,0.112,6,41.12,18.72,781.0,4.99
Karnataka,Shimoga,14.0517,75.7568,6.8,1.19,14.01,32.98,45.33,21.68,23.87,21.87,73.34,1866.3,0.802,0.112,6,41.12,19.76,611.0,3.0
Karnataka,Shimoga,14.1278,75.1903,6.11,1.49,14.4,31.76,42.07,32.11,24.33,22.54,79.02,2754.3,0.846,0.092,5,40.38,19.76,644.0,1.96
Karnataka,Shimoga,14.1979,74.7567,5.53,3.03,57.67,24.87,44.43,25.35,24.33,22.54,79.02,2754.3,0.846,0.092,5,40.38,19.17,552.0,1.82
Karnataka,Shimoga,14.0621,74.9704,5.89,2.11,34.04,27.31,44.58,27.19,24.33,22.54,79.02,2754.3,0.846,0.092,5,40.38,19.17,557.0,2.44
Karnataka,Shimoga,13.9941,74.9612,5.9,2.48,48.5,29.32,39.68,30.2,24.33,22.54,79.02,2754.3,0.846,0.092,5,40.38,19.02,557.0,0.0
Karnataka,Shimoga,14.2291,75.3936,6.4,1.25,11.48,36.21,37.13,31.39,23.87,21.87,73.34,1866.3,0.802,0.112,6,41.12,19.76,666.0,1.56
Karnataka,Shimoga,14.1093,75.3441,6.17,1.52,15.69,33.85,40.4,32.15,23.87,21.87,73.34,1866.3,0.802,0.112,6,41.12,19.76,681.0,3.22
Karnataka,Shimoga,14.3206,75.3507,6.45,1.06,10.44,37.15,37.27,30.75,24.92,23.46,67.99,1365.1,0.768,0.129,6,42.2,19.76,591.0,0.87
Karnataka,Shimoga,14.2179,75.4548,6.48,1.61,17.87,32.96,40.74,25.89,23.87,21.87,73.34,1866.3,0.802,0.112,6,41.12,19.76,747.0,0.8
Karnataka,Shimoga,14.4805,75.342,6.51,1.08,10.02,34.59,38.89,29.27,24.92,23.46,67.99,1365.1,0.768,0.129,6,42.2,19.76,649.0,0.29
Karnataka,Shimoga,14.2803,75.2508,6.33,1.38,13.08,37.54,33.93,35.27,24.39,22.64,74.71,1885.8,0.821,0.105,6,41.54,19.76,634.0,1.13
Karnataka,Shimoga,14.3188,75.277,6.33,1.13,12.51,37.95,34.81,35.7,24.39,22.64,74.71,1885.8,0.821,0.105,6,41.54,19.76,614.0,0.77
Karnataka,Shimoga,14.44,75.3051,6.42,1.1,10.52,34.63,36.52,35.27,24.39,22.64,74.71,1885.8,0.821,0.105,6,41.54,19.76,647.0,1.14
Karnataka,Shimoga,13.7973,75.5687,6.14,1.34,14.52,36.86,34.98,25.15,23.87,21.87,73.34,1866.3,0.802,0.112,6,41.12,18.72,618.0,1.24
Karnataka,Shimoga,13.7557,75.5629,6.02,1.54,15.6,34.95,37.66,30.53,23.87,21.87,73.34,1866.3,0.802,0.112,6,41.12,18.72,620.0,0.42
Karnataka,Shimoga,14.0729,75.7161,6.9,1.04,11.47,36.93,40.12,21.28,23.87,21.87,73.34,1866.3,0.802,0.112,6,41.12,19.76,566.0,0.63
Karnataka,Shimoga,13.7338,75.5507,5.81,1.65,16.97,33.78,39.37,33.98,22.53,20.5,77.64,2460.4,0.819,0.102,5,39.03,18.72,712.0,4.37
Karnataka,Shimoga,14.0733,75.308,6.13,1.65,16.96,32.02,40.43,31.45,24.33,22.54,79.02,2754.3,0.846,0.092,5,40.38,19.76,758.0,4.42
Karnataka,Shimoga,14.0385,75.3836,6.43,1.21,11.52,36.39,38.31,33.46,23.87,21.87,73.34,1866.3,0.802,0.112,6,41.12,19.76,639.0,0.17
Karnataka,Shimoga,14.0979,75.3576,6.19,1.36,13.2,34.38,39.9,31.86,23.87,21.87,73.34,1866.3,0.802,0.112,6,41.12,19.76,641.0,1.68
Karnataka,Shimoga,14.4498,75.0981,5.82,1.66,18.41,30.42,40.32,28.56,24.39,22.64,74.71,1885.8,0.821,0.105,6,41.54,19.76,618.0,1.07
Karnataka,Shimoga,14.5536,75.0987,6.36,1.19,12.63,37.49,32.13,35.47,24.39,22.64,74.71,1885.8,0.821,0.105,6,41.54,19.76,578.0,0.64
Karnataka,Shimoga,14.5858,75.0732,6.32,1.22,12.48,38.29,32.09,36.72,24.39,22.64,74.71,1885.8,0.821,0.105,6,41.54,19.76,555.0,0.75
Karnataka,Shimoga,14.4397,75.1508,6.42,1.14,11.47,35.66,36.73,35.41,24.39,22.64,74.71,1885.8,0.821,0.105,6,41.54,19.76,569.0,0.78
Karnataka,Shimoga,14.4235,75.0894,5.95,1.53,16.21,30.2,40.48,29.12,24.39,22.64,74.71,1885.8,0.821,0.105,6,41.54,19.76,616.0,2.26
Karnataka,Shimoga,14.3927,74.9669,6.35,1.36,14.28,30.29,40.97,30.32,24.39,22.64,74.71,1885.8,0.821,0.105,6,41.54,19.17,551.0,1.21
Karnataka,Shimoga,14.4594,75.1333,6.4,1.19,12.23,35.53,36.71,34.88,24.39,22.64,74.71,1885.8,0.821,0.105,6,41.54,19.76,563.0,0.17
Karnataka,Shimoga,14.5006,75.1157,6.3,1.28,13.03,33.74,38.44,34.13,24.39,22.64,74.71,1885.8,0.821,0.105,6,41.54,19.76,554.0,0.36
Karnataka,Shimoga,13.6302,75.2843,5.63,1.85,19.76,31.23,43.18,25.16,25.38,24.34,77.32,3354.6,0.848,0.09,5,38.61,18.72,659.0,1.65
Karnataka,Shimoga,13.643,75.1317,5.61,2.83,33.65,30.92,44.73,27.44,25.38,24.34,77.32,3354.6,0.848,0.09,5,38.61,18.72,650.0,1.81
Karnataka,Shimoga,13.8471,75.2525,6.22,1.62,16.82,31.02,43.74,31.4,24.33,22.54,79.02,2754.3,0.846,0.092,5,40.38,18.72,672.0,0.72
Karnataka,Shimoga,13.7232,75.2997,5.67,1.75,19.2,30.66,42.17,26.59,25.38,24.34,77.32,3354.6,0.848,0.09,5,38.61,18.72,650.0,3.18
Karnataka,Shimoga,13.5134,75.177,5.56,2.5,29.32,31.94,43.44,27.09,25.38,24.34,77.32,3354.6,0.848,0.09,5,38.61,18.72,638.0,0.35
Karnataka,Shimoga,13.6693,75.3622,5.6,1.91,19.8,31.12,41.69,27.21,22.53,20.5,77.64,2460.4,0.819,0.102,5,39.03,18.72,629.0,2.13
Karnataka,Shimoga,13.738,75.3277,6.09,1.62,17.74,30.65,42.02,28.7,22.53,20.5,77.64,2460.4,0.819,0.102,5,39.03,18.72,645.0,1.96
Karnataka,Shimoga,13.6325,75.1426,5.57,2.8,30.08,30.74,44.34,28.05,25.38,24.34,77.32,3354.6,0.848,0.09,5,38.61,18.72,629.0,2.03
Karnataka,Shimoga,13.8697,75.2494,6.06,2.05,18.76,29.96,40.46,26.45,24.33,22.54,79.02,2754.3,0.846,0.092,5,40.38,18.72,695.0,2.81
Karnataka,Tumkur,13.4255,76.5355,6.96,0.98,10.76,35.4,42.59,24.79,23.65,21.88,68.79,1137.3,0.684,0.164,6,40.36,19.82,740.0,0.55
Karnataka,Tumkur,13.3729,76.5619,6.94,0.92,10.12,32.73,45.78,23.74,23.65,21.88,68.79,1137.3,0.684,0.164,6,40.36,19.82,774.0,0.41
Karnataka,Tumkur,13.5875,76.6408,7.18,1.19,16.35,35.63,38.99,30.66,24.29,22.48,65.46,798.0,0.542,0.233,5,40.72,19.82,700.0,7.05
Karnataka,Tumkur,13.4238,76.4726,6.96,1.1,10.49,34.9,46.39,28.37,23.65,21.88,68.79,1137.3,0.684,0.164,6,40.36,19.82,780.0,0.72
Karnataka,Tumkur,13.5604,76.4148,7.11,1.05,11.63,33.26,44.28,34.45,23.65,21.88,68.79,1137.3,0.684,0.164,6,40.36,19.82,756.0,0.24
Karnataka,Tumkur,13.6797,76.5615,7.12,1.42,12.09,32.81,45.37,28.1,23.65,21.88,68.79,1137.3,0.684,0.164,6,40.36,19.82,766.0,1.86
Karnataka,Tumkur,13.6795,76.6197,7.14,1.04,10.19,33.5,45.95,29.23,24.29,22.48,65.46,798.0,0.542,0.233,5,40.72,19.82,679.0,1.21
Karnataka,Tumkur,13.5769,76.4645,7.2,1.06,13.52,37.8,39.28,34.19,23.65,21.88,68.79,1137.3,0.684,0.164,6,40.36,19.82,723.0,0.43
Karnataka,Tumkur,13.505,76.7206,7.07,1.11,10.15,34.98,39.97,28.62,24.29,22.48,65.46,798.0,0.542,0.233,5,40.72,19.82,734.0,1.13
Karnataka,Tumkur,13.4671,76.9004,6.99,0.98,10.17,31.26,50.45,21.44,24.29,22.48,65.46,798.0,0.542,0.233,5,40.72,19.82,828.0,0.5
Karnataka,Tumkur,13.5233,76.7528,7.04,1.05,10.04,33.51,45.74,23.67,24.29,22.48,65.46,798.0,0.542,0.233,5,40.72,19.82,760.0,1.77
Karnataka,Tumkur,13.1624,76.9358,6.75,0.99,9.82,35.63,44.56,18.72,24.11,22.5,67.12,880.9,0.546,0.222,5,40.63,19.82,780.0,0.98
Karnataka,Tumkur,13.3139,76.9579,6.74,0.92,9.95,32.62,49.74,14.34,24.29,22.48,65.46,798.0,0.542,0.233,5,40.72,19.82,789.0,0.67
Karnataka,Tumkur,13.3716,76.9856,6.88,0.98,11.06,32.85,44.41,16.9,24.29,22.48,65.46,798.0,0.542,0.233,5,40.72,19.82,809.0,0.75
Karnataka,Tumkur,13.3426,76.7262,6.87,1.05,10.77,33.17,48.87,25.67,24.29,22.48,65.46,798.0,0.542,0.233,5,40.72,19.82,888.0,0.6
Karnataka,Tumkur,13.5508,76.7924,6.97,1.13,11.9,32.98,45.35,23.77,24.29,22.48,65.46,798.0,0.542,0.233,5,40.72,19.82,770.0,1.59
Karnataka,Tumkur,12.8887,77.0192,6.6,1.2,11.4,32.43,47.12,23.24,24.11,22.5,67.12,880.9,0.546,0.222,5,40.63,19.73,743.0,4.03
Karnataka,Tumkur,12.8023,77.0522,6.45,1.1,11.37,34.52,45.65,15.04,24.11,22.5,67.12,880.9,0.546,0.222,5,40.63,19.73,721.0,2.22
Karnataka,Tumkur,12.8,77.0387,6.47,0.96,9.66,34.88,46.52,14.91,24.11,22.5,67.12,880.9,0.546,0.222,5,40.63,19.73,725.0,1.57
Karnataka,Tumkur,12.9981,76.8567,6.82,1.17,9.42,38.05,39.12,27.04,24.11,22.5,67.12,880.9,0.546,0.222,5,40.63,19.49,764.0,0.26
Karnataka,Tumkur,12.8209,77.1302,6.34,1.06,11.32,28.95,53.16,13.71,24.11,22.5,67.12,880.9,0.546,0.222,5,40.63,19.73,826.0,1.49
Karnataka,Tumkur,12.8617,76.9011,6.53,0.99,11.23,37.89,41.13,20.08,24.11,22.5,67.12,880.9,0.546,0.222,5,40.63,19.49,708.0,1.18
Karnataka,Tumkur,12.9775,77.0641,6.45,1.17,10.89,31.32,48.75,17.13,24.11,22.5,67.12,880.9,0.546,0.222,5,40.63,19.73,808.0,0.71
Karnataka,Tumkur,13.5901,77.1982,6.76,1.04,11.5,33.13,49.58,20.84,24.02,21.74,66.33,800.0,0.529,0.257,5,40.42,20.19,830.0,2.58
Karnataka,Tumkur,13.5857,77.2663,6.89,1.07,10.58,32.47,45.48,24.76,24.02,21.74,66.33,800.0,0.529,0.257,5,40.42,20.19,767.0,1.23
Karnataka,Tumkur,13.4993,77.2355,6.62,0.96,10.43,28.95,54.31,16.11,24.02,21.74,66.33,800.0,0.529,0.257,5,40.42,20.19,774.0,2.18
Karnataka,Tumkur,13.5254,77.3184,6.6,0.94,9.43,29.56,53.41,12.84,24.02,21.74,66.33,800.0,0.529,0.257,5,40.42,20.19,744.0,1.18
Karnataka,Tumkur,13.4569,77.2493,6.47,0.97,9.38,28.17,54.22,15.2,24.02,21.74,66.33,800.0,0.529,0.257,5,40.42,20.19,800.0,1.36
Karnataka,Tumkur,13.5357,77.378,6.69,0.95,10.09,28.38,55.07,14.5,24.02,21.74,66.33,800.0,0.529,0.257,5,40.42,20.19,769.0,0.87
Karnataka,Tumkur,13.5206,77.2741,6.65,0.91,9.25,27.48,55.34,14.43,24.02,21.74,66.33,800.0,0.529,0.257,5,40.42,20.19,759.0,1.03
Karnataka,Tumkur,13.4842,77.2776,6.72,0.92,9.3,30.12,52.28,14.35,24.02,21.74,66.33,800.0,0.529,0.257,5,40.42,20.19,762.0,0.77
Karnataka,Tumkur,13.3946,77.303,6.26,1.06,10.66,31.42,48.36,14.78,24.02,21.74,66.33,800.0,0.529,0.257,5,40.42,20.19,827.0,1.32
Karnataka,Tumkur,13.8206,77.1983,6.74,1.55,14.31,30.45,48.52,25.1,25.39,22.89,63.31,715.1,0.543,0.261,5,41.9,20.19,738.0,3.05
Karnataka,Tumkur,13.6164,77.0336,7.02,1.01,11.06,34.3,45.09,25.61,24.29,22.48,65.46,798.0,0.542,0.233,5,40.72,20.19,797.0,3.42
Karnataka,Tumkur,13.7572,77.3824,6.99,1.12,10.47,37.65,44.16,23.43,25.39,22.89,63.31,715.1,0.543,0.261,5,41.9,20.19,662.0,0.15
Karnataka,Tumkur,13.7763,77.3449,7.03,1.33,10.71,36.57,43.06,29.91,25.39,22.89,63.31,715.1,0.543,0.261,5,41.9,20.19,665.0,0.98
Karnataka,Tumkur,13.7618,77.1796,6.91,1.36,10.94,31.68,48.65,24.35,25.15,23.04,63.39,683.6,0.537,0.244,6,41.44,20.19,753.0,0.82
Karnataka,Tumkur,13.7009,77.402,6.91,1.42,11.43,38.44,42.51,29.07,24.02,21.74,66.33,800.0,0.529,0.257,5,40.42,20.19,663.0,0.31
Karnataka,Tumkur,14.204,77.1871,6.94,1.12,11.56,33.34,38.64,30.16,25.15,23.04,63.39,683.6,0.537,0.244,6,41.44,20.36,651.0,4.29
Karnataka,Tumkur,14.2391,77.2095,6.85,1.15,15.31,33.02,46.2,22.77,25.39,22.89,63.31,715.1,0.543,0.261,5,41.9,20.36,696.0,2.62
Karnataka,Tumkur,14.2203,77.1804,6.95,1.19,11.69,33.87,41.46,29.4,25.15,23.04,63.39,683.6,0.537,0.244,6,41.44,20.36,664.0,1.16
Karnataka,Tumkur,14.1085,77.0273,7.03,1.09,10.58,34.49,37.32,36.31,25.15,23.04,63.39,683.6,0.537,0.244,6,41.44,20.36,618.0,0.53
Karnataka,Tumkur,14.1569,77.0889,6.75,1.34,15.9,30.4,47.39,20.11,25.15,23.04,63.39,683.6,0.537,0.244,6,41.44,20.36,828.0,7.14
Karnataka,Tumkur,14.2092,77.3249,7.05,1.04,10.84,34.09,39.69,31.2,25.39,22.89,63.31,715.1,0.543,0.261,5,41.9,20.36,578.0,0.44
Karnataka,Tumkur,14.163,77.2024,6.98,0.98,10.08,33.13,39.63,28.13,25.39,22.89,63.31,715.1,0.543,0.261,5,41.9,20.36,652.0,0.57
Karnataka,Tumkur,13.5681,76.9945,7.27,1.08,10.45,34.49,42.6,32.94,24.29,22.48,65.46,798.0,0.542,0.233,5,40.72,19.82,754.0,0.68
Karnataka,Tumkur,13.6955,76.9298,6.98,1.25,10.65,33.34,39.28,22.35,24.29,22.48,65.46,798.0,0.542,0.233,5,40.72,19.82,661.0,0.11
Karnataka,Tumkur,13.9119,76.8292,7.25,1.1,16.93,41.11,32.29,37.27,25.15,23.04,63.39,683.6,0.537,0.244,6,41.44,19.82,622.0,0.67
Karnataka,Tumkur,13.7777,76.9752,7.09,1.23,10.79,38.14,35.82,32.06,25.15,23.04,63.39,683.6,0.537,0.244,6,41.44,19.82,671.0,0.37
Karnataka,Tumkur,13.7434,76.7838,7.1,1.15,12.36,36.48,36.96,39.97,24.29,22.48,65.46,798.0,0.542,0.233,5,40.72,19.82,659.0,0.89
Karnataka,Tumkur,13.8122,76.9779,7.07,1.08,10.23,37.32,35.34,24.06,25.15,23.04,63.39,683.6,0.537,0.244,6,41.44,19.82,652.0,0.21
Karnataka,Tumkur,13.6613,76.9859,7.24,1.16,11.14,35.72,38.41,33.89,24.29,22.48,65.46,798.0,0.542,0.233,5,40.72,19.82,704.0,0.39
Karnataka,Tumkur,13.0856,76.5194,6.7,1.07,10.83,32.09,45.34,21.34,23.02,21.46,71.84,1417.6,0.715,0.144,4,39.67,19.82,875.0,0.05
Karnataka,Tumkur,13.2387,76.5339,6.81,1.35,13.78,33.86,45.82,21.1,23.02,21.46,71.84,1417.6,0.715,0.144,4,39.67,19.82,827.0,0.86
Karnataka,Tumkur,13.2505,76.4336,6.81,1.27,11.88,33.32,43.55,24.31,23.65,21.88,68.79,1137.3,0.684,0.164,6,40.36,19.82,875.0,0.21
Karnataka,Tumkur,13.3347,76.4274,6.87,1.03,10.07,32.36,43.63,30.34,23.65,21.88,68.79,1137.3,0.684,0.164,6,40.36,19.82,839.0,0.8
Karnataka,Tumkur,13.2288,76.4126,6.89,1.26,12.07,35.32,41.54,23.23,23.02,21.46,71.84,1417.6,0.715,0.144,4,39.67,19.82,849.0,0.6
Karnataka,Tumkur,13.1317,76.5302,6.77,1.02,12.07,34.01,45.01,22.36,23.02,21.46,71.84,1417.6,0.715,0.144,4,39.67,19.82,842.0,0.37
Karnataka,Tumkur,13.1661,76.5274,6.68,1.24,16.61,36.68,43.63,19.61,23.02,21.46,71.84,1417.6,0.715,0.144,4,39.67,19.82,811.0,0.41
Karnataka,Tumkur,13.1876,76.4596,6.8,1.05,12.89,33.76,44.31,22.09,23.02,21.46,71.84,1417.6,0.715,0.144,4,39.67,19.82,825.0,0.19
Karnataka,Tumkur,13.3316,76.4462,6.83,1.05,10.28,32.8,47.34,25.58,23.65,21.88,68.79,1137.3,0.684,0.164,6,40.36,19.82,808.0,0.8
Karnataka,Tumkur,13.4713,77.0246,6.87,0.94,10.19,31.86,50.78,21.11,24.29,22.48,65.46,798.0,0.542,0.233,5,40.72,20.19,815.0,0.37
Karnataka,Tumkur,13.1645,77.0824,6.47,1.1,10.19,28.47,54.96,15.61,24.11,22.5,67.12,880.9,0.546,0.222,5,40.63,20.19,828.0,0.58
Karnataka,Tumkur,13.1747,77.0458,6.84,1.21,9.94,29.83,51.1,23.31,24.11,22.5,67.12,880.9,0.546,0.222,5,40.63,20.19,816.0,1.08
Karnataka,Tumkur,13.2104,77.0279,6.72,1.13,10.65,30.05,48.36,19.82,24.11,22.5,67.12,880.9,0.546,0.222,5,40.63,20.19,802.0,0.81
Karnataka,Tumkur,13.217,77.1422,6.46,1.09,10.08,28.24,52.09,16.26,24.11,22.5,67.12,880.9,0.546,0.222,5,40.63,20.19,844.0,1.02
Karnataka,Tumkur,13.2651,77.1497,6.56,1.16,10.65,28.96,53.76,18.23,24.29,22.48,65.46,798.0,0.542,0.233,5,40.72,20.19,863.0,1.66
Karnataka,Udupi,13.3162,75.0061,5.73,1.55,19.69,33.34,43.2,20.34,25.38,24.34,77.32,3354.6,0.848,0.09,5,38.61,18.72,56.0,1.29
Karnataka,Udupi,13.4626,75.0385,5.66,2.66,28.53,29.39,46.19,17.54,25.38,24.34,77.32,3354.6,0.848,0.09,5,38.61,18.72,210.0,12.15
Karnataka,Udupi,13.3036,74.9789,5.68,1.91,25.39,36.21,41.09,21.21,25.38,24.34,77.32,3354.6,0.848,0.09,5,38.61,19.02,33.0,1.2
Karnataka,Udupi,13.4432,74.9868,5.66,1.8,22.35,36.22,42.39,19.78,25.38,24.34,77.32,3354.6,0.848,0.09,5,38.61,19.02,78.0,1.26
Karnataka,Udupi,13.246,75.1247,5.65,2.51,24.96,32.19,46.93,17.41,26.74,26.33,76.55,3614.3,0.835,0.095,5,38.08,18.72,258.0,3.22
Karnataka,Tumkur,13.0719,76.8345,6.79,0.95,9.07,36.13,43.34,23.59,24.11,22.5,67.12,880.9,0.546,0.222,5,40.63,19.82,752.0,1.11
Karnataka,Tumkur,13.0722,76.8909,6.71,1.19,9.61,35.73,43.42,22.29,24.11,22.5,67.12,880.9,0.546,0.222,5,40.63,19.82,771.0,0.91
Karnataka,Tumkur,13.185,76.7547,6.76,0.98,10.46,34.38,46.58,19.1,24.11,22.5,67.12,880.9,0.546,0.222,5,40.63,19.82,786.0,1.11
Karnataka,Tumkur,13.1985,76.7161,6.76,0.96,10.85,35.27,46.18,20.24,24.11,22.5,67.12,880.9,0.546,0.222,5,40.63,19.82,801.0,0.58
Karnataka,Tumkur,13.2568,76.6338,6.87,0.97,10.72,33.12,47.28,23.51,24.29,22.48,65.46,798.0,0.542,0.233,5,40.72,19.82,826.0,0.59
Karnataka,Tumkur,13.1592,76.6656,6.69,1.0,10.97,34.58,45.69,20.43,24.11,22.5,67.12,880.9,0.546,0.222,5,40.63,19.82,808.0,0.37
Karnataka,Tumkur,13.2017,76.6297,6.78,1.18,11.67,34.82,44.22,24.87,24.11,22.5,67.12,880.9,0.546,0.222,5,40.63,19.82,815.0,0.52
Karnataka,Tumkur,13.2269,76.6273,6.74,1.29,12.07,33.11,46.04,26.99,24.11,22.5,67.12,880.9,0.546,0.222,5,40.63,19.82,831.0,1.39
Karnataka,Tumkur,13.1496,76.6777,6.65,1.05,11.86,34.55,46.24,19.85,24.11,22.5,67.12,880.9,0.546,0.222,5,40.63,19.82,796.0,0.75
Karnataka,Udupi,13.3271,74.7707,6.01,1.98,28.44,34.48,43.1,19.5,25.38,24.34,77.32,3354.6,0.848,0.09,5,38.61,19.02,17.0,1.23
Karnataka,Udupi,13.2232,74.8455,5.85,1.92,28.17,33.59,41.85,20.18,26.74,26.33,76.55,3614.3,0.835,0.095,5,38.08,19.02,28.0,1.6
Karnataka,Udupi,13.3897,74.905,5.74,1.98,29.13,35.75,41.41,22.6,25.38,24.34,77.32,3354.6,0.848,0.09,5,38.61,19.02,55.0,0.79
Karnataka,Udupi,13.427,74.8725,5.75,1.97,27.72,37.83,42.45,22.1,25.38,24.34,77.32,3354.6,0.848,0.09,5,38.61,19.02,42.0,0.58
Karnataka,Uttara Kannada,14.6208,74.3667,5.67,2.16,32.72,28.76,44.45,21.69,26.42,25.2,77.43,2873.6,0.863,0.084,6,35.89,19.17,80.0,13.27
Karnataka,Uttara Kannada,14.6371,74.4979,5.59,3.87,37.6,28.14,41.99,24.1,26.42,25.2,77.43,2873.6,0.863,0.084,6,35.89,19.17,206.0,8.13
Karnataka,Uttara Kannada,14.7811,74.5464,5.68,2.31,28.73,30.85,42.09,23.3,25.32,23.72,77.14,2320.2,0.86,0.085,6,39.71,19.17,142.0,17.33
Karnataka,Uttara Kannada,14.6309,74.3048,6.18,2.02,31.0,32.07,41.03,22.7,26.42,25.2,77.43,2873.6,0.863,0.084,6,35.89,19.17,11.0,0.56
Karnataka,Uttara Kannada,14.7433,74.3978,5.62,3.83,39.82,27.91,42.41,24.08,26.42,25.2,77.43,2873.6,0.863,0.084,6,35.89,19.17,397.0,4.04
Karnataka,Uttara Kannada,14.7424,74.4155,5.69,3.67,37.42,28.87,41.59,22.43,26.42,25.2,77.43,2873.6,0.863,0.084,6,35.89,19.17,197.0,7.76
Karnataka,Uttara Kannada,14.6975,74.2809,6.18,1.96,32.06,32.72,36.21,24.23,26.42,25.2,77.43,2873.6,0.863,0.084,6,35.89,19.17,5.0,0.44
Karnataka,Uttara Kannada,15.2128,74.6232,5.84,2.21,20.55,30.65,41.98,31.68,25.32,23.72,77.14,2320.2,0.86,0.085,6,39.71,18.63,581.0,6.29
Karnataka,Uttara Kannada,15.1669,74.7197,6.12,1.39,13.78,32.84,39.72,32.07,24.93,23.44,69.68,1392.9,0.79,0.117,6,42.17,18.63,442.0,1.52
Karnataka,Uttara Kannada,15.2769,74.618,6.03,1.44,17.06,31.26,42.35,30.49,25.17,24.13,70.94,1889.4,0.854,0.085,6,42.39,18.63,472.0,1.15
Karnataka,Uttara Kannada,15.2849,74.8178,6.39,1.1,11.15,40.8,32.66,27.26,24.84,23.23,66.04,1064.2,0.762,0.127,6,42.17,18.63,512.0,0.21
Karnataka,Uttara Kannada,14.0455,74.507,6.15,2.6,36.72,34.92,36.54,27.0,26.96,26.14,78.24,3553.6,0.866,0.083,5,33.42,19.17,1.0,0.12
Karnataka,Uttara Kannada,14.1025,74.6415,5.66,3.42,32.73,27.56,45.06,19.08,26.96,26.14,78.24,3553.6,0.866,0.083,5,33.42,19.17,167.0,10.39
Karnataka,Uttara Kannada,13.9677,74.5494,6.02,1.91,29.96,34.16,40.93,24.88,26.96,26.14,78.24,3553.6,0.866,0.083,5,33.42,19.02,17.0,2.94
Karnataka,Uttara Kannada,14.0254,74.6376,5.67,2.32,30.17,29.86,45.43,19.75,26.96,26.14,78.24,3553.6,0.866,0.083,5,33.42,19.17,73.0,7.17
Karnataka,Uttara Kannada,14.0186,74.551,6.06,1.91,32.61,32.11,41.5,25.78,26.96,26.14,78.24,3553.6,0.866,0.083,5,33.42,19.17,30.0,2.85
Karnataka,Uttara Kannada,13.9919,74.5856,6.0,1.94,31.83,31.98,43.01,22.06,26.96,26.14,78.24,3553.6,0.866,0.083,5,33.42,19.02,105.0,3.36
Karnataka,Uttara Kannada,14.0596,74.5068,6.03,2.42,33.56,34.54,37.4,24.49,26.96,26.14,78.24,3553.6,0.866,0.083,5,33.42,19.17,18.0,1.0
Karnataka,Uttara Kannada,14.0723,74.4978,6.11,2.39,37.49,34.31,37.92,23.64,26.96,26.14,78.24,3553.6,0.866,0.083,5,33.42,19.17,3.0,0.28
Karnataka,Uttara Kannada,14.0488,74.5749,5.87,1.94,27.31,28.65,46.86,23.47,26.96,26.14,78.24,3553.6,0.866,0.083,5,33.42,19.17,95.0,0.99
Karnataka,Udupi,13.9436,74.6363,5.61,2.53,32.13,30.12,46.52,19.73,26.96,26.14,78.24,3553.6,0.866,0.083,5,33.42,19.02,96.0,7.08
Karnataka,Uttara Kannada,14.1978,74.5959,5.64,2.47,26.13,30.15,43.64,20.36,26.96,26.14,78.24,3553.6,0.866,0.083,5,33.42,19.17,65.0,3.87
Karnataka,Uttara Kannada,14.2245,74.5205,5.89,2.1,31.09,31.36,44.91,21.95,26.96,26.14,78.24,3553.6,0.866,0.083,5,33.42,19.17,79.0,6.67
Karnataka,Uttara Kannada,14.3399,74.5598,5.63,2.85,28.59,30.45,44.22,20.51,26.42,25.2,77.43,2873.6,0.863,0.084,6,35.89,19.17,110.0,3.36
Karnataka,Uttara Kannada,14.1792,74.6244,5.61,2.6,32.62,24.91,44.24,23.45,26.96,26.14,78.24,3553.6,0.866,0.083,5,33.42,19.17,409.0,3.12
Karnataka,Uttara Kannada,14.2322,74.6958,5.67,3.42,32.52,29.5,43.16,21.45,24.33,22.54,79.02,2754.3,0.846,0.092,5,40.38,19.17,146.0,4.59
Karnataka,Uttara Kannada,14.3494,74.6207,5.62,2.52,28.92,27.14,43.64,21.27,26.42,25.2,77.43,2873.6,0.863,0.084,6,35.89,19.17,163.0,12.6
Karnataka,Uttara Kannada,14.3518,74.5284,5.61,3.12,40.4,30.71,44.21,21.82,26.42,25.2,77.43,2873.6,0.863,0.084,6,35.89,19.17,173.0,7.64
Karnataka,Uttara Kannada,14.296,74.6555,5.61,3.14,31.03,26.11,43.68,21.76,26.42,25.2,77.43,2873.6,0.863,0.084,6,35.89,19.17,280.0,20.65
Karnataka,Uttara Kannada,14.3771,74.5287,5.6,2.05,24.72,29.17,45.09,19.05,26.42,25.2,77.43,2873.6,0.863,0.084,6,35.89,19.17,112.0,5.25
Karnataka,Uttara Kannada,14.3219,74.4965,5.74,1.93,27.5,28.15,47.91,21.42,26.42,25.2,77.43,2873.6,0.863,0.084,6,35.89,19.17,87.0,1.84
Karnataka,Uttara Kannada,14.9117,74.1385,5.89,2.16,23.6,28.62,40.86,22.72,25.32,23.72,77.14,2320.2,0.86,0.085,6,39.71,19.17,83.0,3.08
Karnataka,Uttara Kannada,14.9035,74.3702,5.68,3.81,59.29,31.18,39.75,23.56,25.32,23.72,77.14,2320.2,0.86,0.085,6,39.71,19.17,32.0,2.75
Karnataka,Uttara Kannada,14.9124,74.1912,5.69,3.35,31.69,29.65,43.12,21.34,25.32,23.72,77.14,2320.2,0.86,0.085,6,39.71,19.17,79.0,8.38
Karnataka,Uttara Kannada,14.8433,74.4675,5.62,2.97,35.02,29.49,41.7,24.76,25.32,23.72,77.14,2320.2,0.86,0.085,6,39.71,19.17,376.0,10.46
Karnataka,Uttara Kannada,14.974,74.2806,5.62,3.53,32.78,30.54,41.69,22.82,25.32,23.72,77.14,2320.2,0.86,0.085,6,39.71,19.17,113.0,10.58
Karnataka,Uttara Kannada,14.8201,74.2479,5.65,2.49,28.09,27.97,44.41,20.92,25.32,23.72,77.14,2320.2,0.86,0.085,6,39.71,19.17,331.0,7.3
Karnataka,Uttara Kannada,15.0402,74.3091,5.68,3.21,39.67,31.04,41.61,25.75,25.32,23.72,77.14,2320.2,0.86,0.085,6,39.71,18.63,678.0,2.4
Karnataka,Uttara Kannada,14.9243,74.2405,5.72,3.09,28.46,31.34,41.09,20.85,25.32,23.72,77.14,2320.2,0.86,0.085,6,39.71,19.17,99.0,7.76
Karnataka,Uttara Kannada,14.8401,74.382,5.64,4.25,40.55,27.29,41.5,24.98,25.32,23.72,77.14,2320.2,0.86,0.085,6,39.71,19.17,517.0,15.44
Karnataka,Uttara Kannada,14.729,74.1972,5.71,3.74,55.9,33.7,39.48,23.69,26.42,25.2,77.43,2873.6,0.863,0.084,6,35.89,19.17,108.0,7.11
Karnataka,Uttara Kannada,14.5158,74.4123,5.83,2.77,35.47,31.68,40.85,22.72,26.42,25.2,77.43,2873.6,0.863,0.084,6,35.89,19.17,55.0,1.96
Karnataka,Uttara Kannada,14.5409,74.35,5.99,2.37,35.0,29.44,43.68,22.07,26.42,25.2,77.43,2873.6,0.863,0.084,6,35.89,19.17,-1.0,2.96
Karnataka,Uttara Kannada,14.3714,74.5702,5.6,3.21,38.26,29.05,42.82,23.52,26.42,25.2,77.43,2873.6,0.863,0.084,6,35.89,19.17,274.0,14.87
Karnataka,Uttara Kannada,14.5321,74.4406,5.61,2.46,33.75,32.96,41.5,23.47,26.42,25.2,77.43,2873.6,0.863,0.084,6,35.89,19.17,155.0,3.31
Karnataka,Uttara Kannada,14.4201,74.5708,5.78,2.04,22.88,28.99,44.1,20.19,26.42,25.2,77.43,2873.6,0.863,0.084,6,35.89,19.17,83.0,4.04
Karnataka,Uttara Kannada,14.6046,74.436,5.62,2.39,26.94,29.68,41.79,22.42,26.42,25.2,77.43,2873.6,0.863,0.084,6,35.89,19.17,92.0,3.29
Karnataka,Uttara Kannada,14.4379,74.6671,5.61,3.6,32.26,27.73,42.23,23.28,26.42,25.2,77.43,2873.6,0.863,0.084,6,35.89,19.17,219.0,8.98
Karnataka,Uttara Kannada,14.4539,74.5093,5.97,2.43,23.07,29.34,41.64,21.68,26.42,25.2,77.43,2873.6,0.863,0.084,6,35.89,19.17,14.0,0.15
Karnataka,Uttara Kannada,14.501,74.443,5.59,2.37,32.64,30.8,45.23,23.56,26.42,25.2,77.43,2873.6,0.863,0.084,6,35.89,19.17,127.0,2.92
Karnataka,Uttara Kannada,14.9016,75.0554,6.38,1.15,10.76,37.77,36.89,34.5,24.93,23.44,69.68,1392.9,0.79,0.117,6,42.17,19.76,552.0,0.53
Karnataka,Uttara Kannada,14.8016,74.9725,5.9,1.65,18.91,28.89,44.02,30.72,24.93,23.44,69.68,1392.9,0.79,0.117,6,42.17,19.17,587.0,1.24
Karnataka,Uttara Kannada,14.9796,74.9541,5.9,1.36,14.27,35.11,39.18,34.52,24.93,23.44,69.68,1392.9,0.79,0.117,6,42.17,19.17,544.0,1.55
Karnataka,Uttara Kannada,14.9947,74.9415,5.88,1.41,14.96,33.61,40.37,33.67,24.93,23.44,69.68,1392.9,0.79,0.117,6,42.17,19.17,540.0,2.68
Karnataka,Uttara Kannada,15.0614,74.9399,5.95,1.38,13.87,37.74,35.83,25.9,24.93,23.44,69.68,1392.9,0.79,0.117,6,42.17,18.63,496.0,0.15
Karnataka,Uttara Kannada,15.0512,74.9699,6.32,1.09,10.45,39.77,34.03,26.07,24.93,23.44,69.68,1392.9,0.79,0.117,6,42.17,18.63,523.0,0.31
Karnataka,Uttara Kannada,14.8687,75.0156,5.99,1.26,14.46,33.87,39.46,34.06,24.93,23.44,69.68,1392.9,0.79,0.117,6,42.17,19.76,545.0,0.97
Karnataka,Uttara Kannada,14.9544,74.8959,5.9,1.49,16.12,30.18,41.07,30.02,24.93,23.44,69.68,1392.9,0.79,0.117,6,42.17,19.17,494.0,1.63
Karnataka,Uttara Kannada,14.7181,75.0095,6.34,1.31,13.52,34.54,38.61,35.14,24.39,22.64,74.71,1885.8,0.821,0.105,6,41.54,19.76,580.0,0.43
Karnataka,Uttara Kannada,14.9418,75.0964,5.98,1.39,13.94,35.28,41.5,23.63,24.93,23.44,69.68,1392.9,0.79,0.117,6,42.17,19.76,630.0,2.09
Karnataka,Uttara Kannada,14.5305,74.6853,5.68,2.67,26.73,29.76,44.37,25.3,26.42,25.2,77.43,2873.6,0.863,0.084,6,35.89,19.17,559.0,1.88
Karnataka,Uttara Kannada,14.5259,74.6297,5.62,2.39,28.89,30.55,42.42,26.81,26.42,25.2,77.43,2873.6,0.863,0.084,6,35.89,19.17,463.0,3.48
Karnataka,Uttara Kannada,14.5457,74.5925,5.62,2.52,32.39,27.09,42.52,24.69,26.42,25.2,77.43,2873.6,0.863,0.084,6,35.89,19.17,505.0,2.44
Karnataka,Uttara Kannada,14.5791,74.9075,5.91,1.67,16.73,29.09,42.54,31.76,24.39,22.64,74.71,1885.8,0.821,0.105,6,41.54,19.17,581.0,1.09
Karnataka,Uttara Kannada,14.7281,74.7448,5.69,2.06,20.99,29.49,42.51,26.71,24.39,22.64,74.71,1885.8,0.821,0.105,6,41.54,19.17,525.0,1.37
Karnataka,Uttara Kannada,14.6962,74.9518,6.02,1.71,19.59,30.75,41.31,29.77,24.39,22.64,74.71,1885.8,0.821,0.105,6,41.54,19.17,641.0,0.43
Karnataka,Uttara Kannada,14.3313,74.7332,5.68,2.44,23.93,27.56,42.69,24.77,24.39,22.64,74.71,1885.8,0.821,0.105,6,41.54,19.17,548.0,3.74
Karnataka,Uttara Kannada,14.505,74.6571,5.65,2.87,33.26,27.94,41.6,25.12,26.42,25.2,77.43,2873.6,0.863,0.084,6,35.89,19.17,523.0,4.55
Karnataka,Uttara Kannada,14.306,74.7649,5.61,2.6,26.42,27.41,43.02,25.41,24.39,22.64,74.71,1885.8,0.821,0.105,6,41.54,19.17,538.0,2.24
Karnataka,Uttara Kannada,14.4033,74.7076,5.66,2.93,29.12,26.56,42.1,24.66,24.39,22.64,74.71,1885.8,0.821,0.105,6,41.54,19.17,536.0,2.59
Karnataka,Uttara Kannada,14.3799,74.8479,5.86,1.73,19.52,28.2,42.78,24.91,24.39,22.64,74.71,1885.8,0.821,0.105,6,41.54,19.17,583.0,1.49
Karnataka,Uttara Kannada,14.4109,74.8628,6.01,1.69,18.6,27.33,42.82,26.32,24.39,22.64,74.71,1885.8,0.821,0.105,6,41.54,19.17,591.0,0.98
Karnataka,Shimoga,14.3196,74.9706,6.12,1.34,14.59,30.93,41.16,32.92,24.39,22.64,74.71,1885.8,0.821,0.105,6,41.54,19.17,562.0,0.3
Karnataka,Uttara Kannada,14.3741,74.8171,5.98,1.82,20.15,30.38,42.12,26.38,24.39,22.64,74.71,1885.8,0.821,0.105,6,41.54,19.17,522.0,1.75
Karnataka,Uttara Kannada,14.9556,74.4037,5.64,3.01,33.37,31.26,41.55,25.57,25.32,23.72,77.14,2320.2,0.86,0.085,6,39.71,19.17,488.0,1.97
Karnataka,Uttara Kannada,15.479,74.2646,5.7,2.54,28.81,31.55,38.43,28.24,25.17,24.13,70.94,1889.4,0.854,0.085,6,42.39,18.63,623.0,2.85
Karnataka,Uttara Kannada,15.4982,74.2566,5.77,3.13,30.4,30.4,40.71,27.68,25.17,24.13,70.94,1889.4,0.854,0.085,6,42.39,18.63,714.0,5.94
Karnataka,Uttara Kannada,15.3071,74.5341,5.82,2.37,21.15,29.21,40.42,28.71,25.17,24.13,70.94,1889.4,0.854,0.085,6,42.39,18.63,560.0,2.37
Karnataka,Uttara Kannada,15.284,74.3899,5.75,2.23,21.7,30.47,41.02,28.27,25.17,24.13,70.94,1889.4,0.854,0.085,6,42.39,18.63,631.0,4.46
Karnataka,Uttara Kannada,15.11,74.5324,5.68,2.2,27.64,29.17,42.78,28.08,25.32,23.72,77.14,2320.2,0.86,0.085,6,39.71,18.63,466.0,1.99
Karnataka,Uttara Kannada,15.0032,74.7392,5.73,1.91,19.64,30.67,41.29,28.23,24.93,23.44,69.68,1392.9,0.79,0.117,6,42.17,18.63,559.0,2.12
Karnataka,Uttara Kannada,14.8516,74.7984,5.75,2.05,19.94,28.12,43.66,27.69,24.93,23.44,69.68,1392.9,0.79,0.117,6,42.17,19.17,518.0,1.26
Karnataka,Uttara Kannada,15.0698,74.8478,6.14,1.32,13.3,35.14,38.4,34.95,24.93,23.44,69.68,1392.9,0.79,0.117,6,42.17,18.63,546.0,0.42
Karnataka,Uttara Kannada,14.9611,74.8781,5.9,1.42,15.53,30.02,40.28,30.04,24.93,23.44,69.68,1392.9,0.79,0.117,6,42.17,19.17,493.0,0.76
Karnataka,Uttara Kannada,14.8062,74.8217,5.77,1.96,21.58,27.28,43.9,26.5,24.93,23.44,69.68,1392.9,0.79,0.117,6,42.17,19.17,555.0,0.59
Karnataka,Uttara Kannada,14.8349,74.7859,5.77,2.47,20.76,27.32,43.74,26.62,24.93,23.44,69.68,1392.9,0.79,0.117,6,42.17,19.17,490.0,0.69
Karnataka,Bijapur,16.713,75.5352,7.04,0.97,10.12,34.35,37.78,32.49,26.25,23.69,56.3,541.3,0.686,0.174,7,43.44,19.65,612.0,0.36
Karnataka,Bijapur,16.5765,75.577,7.31,0.88,10.87,35.11,36.02,33.72,26.25,23.69,56.3,541.3,0.686,0.174,7,43.44,19.65,578.0,0.97
Karnataka,Bijapur,16.8706,75.5294,7.02,1.08,12.7,34.18,37.41,37.22,26.53,23.57,54.77,553.7,0.716,0.17,7,44.1,19.65,679.0,1.12
Karnataka,Bagalkot,16.6985,75.4482,7.18,0.96,10.36,33.68,40.68,35.08,26.25,23.69,56.3,541.3,0.686,0.174,7,43.44,19.65,607.0,0.75
Karnataka,Bijapur,16.9077,75.5375,6.96,1.02,10.78,32.55,39.71,34.36,26.53,23.57,54.77,553.7,0.716,0.17,7,44.1,19.65,620.0,0.74
Karnataka,Bijapur,16.4138,75.9473,7.39,0.89,11.01,32.54,38.6,33.61,26.66,23.84,55.64,584.1,0.692,0.164,7,44.19,19.65,572.0,0.43
Karnataka,Bijapur,16.6442,76.0547,7.01,0.97,12.17,32.47,38.94,35.19,26.66,23.84,55.64,584.1,0.692,0.164,7,44.19,19.87,637.0,2.75
Karnataka,Bijapur,16.6318,75.8878,7.32,0.85,10.12,31.75,41.66,32.23,26.25,23.69,56.3,541.3,0.686,0.174,7,43.44,19.65,591.0,0.81
Karnataka,Bijapur,16.6208,75.9958,7.1,0.93,11.17,33.34,41.1,35.57,26.66,23.84,55.64,584.1,0.692,0.164,7,44.19,19.65,639.0,0.72
Karnataka,Bijapur,16.6764,75.8479,7.04,1.24,12.57,31.43,38.4,33.85,26.25,23.69,56.3,541.3,0.686,0.174,7,43.44,19.65,632.0,2.54
Karnataka,Bijapur,16.6584,75.8539,7.16,0.95,10.73,31.06,39.82,32.14,26.25,23.69,56.3,541.3,0.686,0.174,7,43.44,19.65,608.0,0.67
Karnataka,Bijapur,16.4862,75.8031,7.42,0.96,10.78,32.25,37.85,37.7,26.25,23.69,56.3,541.3,0.686,0.174,7,43.44,19.65,583.0,0.37
Karnataka,Bijapur,16.7128,76.1049,7.35,0.88,11.19,32.18,39.61,35.89,26.66,23.84,55.64,584.1,0.692,0.164,7,44.19,19.87,550.0,0.72
Karnataka,Bijapur,17.0239,76.2411,7.42,0.85,11.72,43.54,31.83,36.7,27.06,24.05,54.06,632.3,0.728,0.152,7,44.82,19.47,461.0,0.77
Karnataka,Yadgir,16.5639,76.8332,6.99,0.93,12.11,40.47,34.49,20.57,27.26,24.37,55.84,655.1,0.717,0.144,7,44.84,19.87,400.0,0.32
Karnataka,Bijapur,16.5307,76.2933,7.57,0.9,22.38,35.23,36.32,36.29,26.66,23.84,55.64,584.1,0.692,0.164,7,44.19,19.87,508.0,0.19
Karnataka,Bijapur,16.2526,76.0871,7.53,0.88,9.78,36.36,36.54,32.59,26.66,23.84,55.64,584.1,0.692,0.164,7,44.19,19.87,500.0,0.68
Karnataka,Bijapur,16.3153,76.2817,7.02,1.02,11.9,30.79,43.68,26.43,26.66,23.84,55.64,584.1,0.692,0.164,7,44.19,19.87,507.0,0.48
Karnataka,Bijapur,16.5701,76.4028,7.2,0.89,10.98,34.41,40.39,31.35,26.66,23.84,55.64,584.1,0.692,0.164,7,44.19,19.87,565.0,2.48
Karnataka,Bijapur,16.5027,76.1483,7.4,0.85,9.69,33.72,42.91,31.83,26.66,23.84,55.64,584.1,0.692,0.164,7,44.19,19.87,563.0,0.85
Karnataka,Bijapur,16.4018,76.1899,7.43,0.91,11.37,35.07,39.16,37.03,26.66,23.84,55.64,584.1,0.692,0.164,7,44.19,19.87,553.0,0.81
Karnataka,Bijapur,16.4895,76.1997,7.36,0.83,10.5,35.04,39.42,33.27,26.66,23.84,55.64,584.1,0.692,0.164,7,44.19,19.87,541.0,0.67
Karnataka,Bijapur,16.3631,76.1446,7.17,0.86,10.75,30.95,47.35,28.69,26.66,23.84,55.64,584.1,0.692,0.164,7,44.19,19.87,582.0,1.25
Karnataka,Yadgir,16.4321,76.7327,7.33,0.89,15.28,38.74,35.13,24.6,27.26,24.37,55.84,655.1,0.717,0.144,7,44.84,19.87,371.0,0.29
Karnataka,Yadgir,16.4474,76.5086,7.14,1.06,15.1,37.88,36.78,24.35,26.66,23.84,55.64,584.1,0.692,0.164,7,44.19,19.87,443.0,0.33
Karnataka,Yadgir,16.4647,76.7825,7.24,0.83,10.84,40.27,34.71,24.48,27.26,24.37,55.84,655.1,0.717,0.144,7,44.84,19.87,380.0,0.46
Karnataka,Yadgir,16.3214,76.3949,6.91,1.12,12.74,36.11,40.31,25.18,26.66,23.84,55.64,584.1,0.692,0.164,7,44.19,19.87,445.0,0.49
Karnataka,Yadgir,16.7609,77.1963,6.84,0.91,9.6,35.26,38.5,25.94,26.66,23.74,57.53,777.7,0.752,0.127,7,44.7,19.96,402.0,1.02
Karnataka,Bijapur,17.1638,76.1521,7.5,0.88,11.67,43.79,29.89,38.12,27.06,24.05,54.06,632.3,0.728,0.152,7,44.82,19.47,420.0,0.56
Karnataka,Bijapur,17.1953,75.8321,7.52,0.86,11.04,40.57,34.57,34.69,26.53,23.57,54.77,553.7,0.716,0.17,7,44.1,19.66,502.0,0.61
Karnataka,Bijapur,17.1629,75.8319,7.31,0.92,9.69,37.02,37.4,33.33,26.53,23.57,54.77,553.7,0.716,0.17,7,44.1,19.66,510.0,0.83
Karnataka,Bijapur,17.3901,75.737,7.5,0.92,11.87,45.81,28.36,36.64,26.87,23.69,53.44,598.1,0.737,0.164,7,44.8,19.66,443.0,0.17
