Year,District_code,District,Taluk_code,Taluk,Census_crop,Crop,Holdings,Irrigated_ha,Unirrigated_ha,Area_ha
2015,2,BAGALKOTE,4,BADAMI,PADDY,rice,227,1499,228,1727
2015,2,BAGALKOTE,4,BADAMI,JOWAR,jowar,17678,2162,22959,25121
2015,2,BAGALKOTE,4,BADAMI,BAJRA,bajra,14292,1047,16947,17994
2015,2,BAGALKOTE,4,BADAMI,MAIZE,maize,12690,9916,10167,20083
2015,2,BAGALKOTE,4,BADAMI,RAGI,ragi,25,2,9,11
2015,2,BAGALKOTE,4,BADAMI,WHEAT,wheat,2347,1735,857,2593
2015,2,BAGALKOTE,4,BADAMI,BARLEY,barley,113,79,70,149
2015,2,BAGALKOTE,4,BADAMI,GRAM,chickpea,8656,540,9419,9958
2015,2,BAGALKOTE,4,BADAMI,TUR (ARHAR),pigeonpea (tur),5020,398,5320,5718
2015,2,BAGALKOTE,4,BADAMI,URAD,black gram,25,0,22,22
2015,2,BAGALKOTE,4,BADAMI,MOONG,green gram,12851,460,18127,18587
2015,2,BAGALKOTE,4,BADAMI,MASUR,lentil,6,0,6,6
2015,2,BAGALKOTE,4,BADAMI,HORSEGRAM,horse gram,2227,36,886,922
2015,2,BAGALKOTE,4,BADAMI,MOTH,moth bean,6,0,5,5
2015,2,BAGALKOTE,4,BADAMI,SUGARCANE,sugarcane,3175,4761,0,4761
2015,2,BAGALKOTE,4,BADAMI,PEPPER (BLACK),black pepper,51,8,9,16
2015,2,BAGALKOTE,4,BADAMI,CHILLIES,chilli,50,17,35,52
2015,2,BAGALKOTE,4,BADAMI,GINGER,ginger,0,0,0,0
2015,2,BAGALKOTE,4,BADAMI,TURMERIC,turmeric,0,0,0,0
2015,2,BAGALKOTE,4,BADAMI,CARDAMOM (SMALL),cardamom,0,0,0,0
2015,2,BAGALKOTE,4,BADAMI,CARDAMOM (LARGE),cardamom,0,0,0,0
2015,2,BAGALKOTE,4,BADAMI,BETELNUTS (ARECANUTS),arecanut,0,0,0,0
2015,2,BAGALKOTE,4,BADAMI,MANGOES,mango,13,23,0,23
2015,2,BAGALKOTE,4,BADAMI,BANANA,banana,7,3,0,3
2015,2,BAGALKOTE,4,BADAMI,TABLE GRAPES,grapes,6,9,0,9
2015,2,BAGALKOTE,4,BADAMI,WINE GRAPES (BLACK),grapes,0,0,0,0
2015,2,BAGALKOTE,4,BADAMI,CASHEWNUTS,cashewnut,0,0,0,0
2015,2,BAGALKOTE,4,BADAMI,POMEGRANATE,pomegranate,19,35,0,35
2015,2,BAGALKOTE,4,BADAMI,POTATO,potato,0,0,0,0
2015,2,BAGALKOTE,4,BADAMI,TAPIOCA (CASSAVA),tapioca,20,5,15,20
2015,2,BAGALKOTE,4,BADAMI,SWEET POTATO,sweet potato,30,0,33,33
2015,2,BAGALKOTE,4,BADAMI,ONION,onion,2880,1569,1674,3243
2015,2,BAGALKOTE,4,BADAMI,TOMATO,tomato,68,25,0,25
2015,2,BAGALKOTE,4,BADAMI,GROUNDNUT,groundnut,5215,5789,1469,7258
2015,2,BAGALKOTE,4,BADAMI,CASTORSEED,castor,80,26,84,110
2015,2,BAGALKOTE,4,BADAMI,SESAMUM (TIL),sesame,1636,79,1246,1325
2015,2,BAGALKOTE,4,BADAMI,RAPESEED & MUSTARD (TORIA/TARAMIRA),mustard,407,374,381,755
2015,2,BAGALKOTE,4,BADAMI,LINSEED,linseed,319,0,155,155
2015,2,BAGALKOTE,4,BADAMI,COCONUT,coconut,68,11,54,64
2015,2,BAGALKOTE,4,BADAMI,SUNFLOWER,sunflower,8920,5684,7765,13450
2015,2,BAGALKOTE,4,BADAMI,SOYABEAN,soybean,0,0,0,0
2015,2,BAGALKOTE,4,BADAMI,NIGERSEED,niger seed,0,0,0,0
2015,2,BAGALKOTE,4,BADAMI,COTTON,cotton,1265,879,602,1481
2015,2,BAGALKOTE,4,BADAMI,JUTE,jute,6,0,12,12
2015,2,BAGALKOTE,4,BADAMI,MESTA,mesta,0,0,0,0
2015,2,BAGALKOTE,4,BADAMI,TOBACCO,tobacco,0,0,0,0
2015,2,BAGALKOTE,4,BADAMI,GUAR,guar,0,0,0,0
2015,2,BAGALKOTE,4,BADAMI,COFFEE,coffee,0,0,0,0
2015,2,BAGALKOTE,5,BAGALKOTE,PADDY,rice,1679,5215,251,5465
2015,2,BAGALKOTE,5,BAGALKOTE,JOWAR,jowar,7256,1250,8251,9502
2015,2,BAGALKOTE,5,BAGALKOTE,BAJRA,bajra,2797,703,4296,4998
2015,2,BAGALKOTE,5,BAGALKOTE,MAIZE,maize,3874,4487,1720,6207
2015,2,BAGALKOTE,5,BAGALKOTE,RAGI,ragi,13,2,14,16
2015,2,BAGALKOTE,5,BAGALKOTE,WHEAT,wheat,3549,2316,1516,3832
2015,2,BAGALKOTE,5,BAGALKOTE,BARLEY,barley,44,37,29,66
2015,2,BAGALKOTE,5,BAGALKOTE,GRAM,chickpea,3770,981,4335,5316
2015,2,BAGALKOTE,5,BAGALKOTE,TUR (ARHAR),pigeonpea (tur),3701,4069,8616,12685
2015,2,BAGALKOTE,5,BAGALKOTE,URAD,black gram,31,13,44,57
2015,2,BAGALKOTE,5,BAGALKOTE,MOONG,green gram,6999,498,10099,10597
2015,2,BAGALKOTE,5,BAGALKOTE,MASUR,lentil,4,11,0,11
2015,2,BAGALKOTE,5,BAGALKOTE,HORSEGRAM,horse gram,474,171,391,562
2015,2,BAGALKOTE,5,BAGALKOTE,MOTH,moth bean,5,8,0,8
2015,2,BAGALKOTE,5,BAGALKOTE,SUGARCANE,sugarcane,1585,3323,0,3323
2015,2,BAGALKOTE,5,BAGALKOTE,PEPPER (BLACK),black pepper,28,27,0,27
2015,2,BAGALKOTE,5,BAGALKOTE,CHILLIES,chilli,337,673,52,725
2015,2,BAGALKOTE,5,BAGALKOTE,GINGER,ginger,124,75,13,88
2015,2,BAGALKOTE,5,BAGALKOTE,TURMERIC,turmeric,104,91,0,91
2015,2,BAGALKOTE,5,BAGALKOTE,CARDAMOM (SMALL),cardamom,0,0,0,0
2015,2,BAGALKOTE,5,BAGALKOTE,CARDAMOM (LARGE),cardamom,0,0,0,0
2015,2,BAGALKOTE,5,BAGALKOTE,BETELNUTS (ARECANUTS),arecanut,0,0,0,0
2015,2,BAGALKOTE,5,BAGALKOTE,MANGOES,mango,112,136,0,136
2015,2,BAGALKOTE,5,BAGALKOTE,BANANA,banana,22,22,0,22
2015,2,BAGALKOTE,5,BAGALKOTE,TABLE GRAPES,grapes,75,95,0,95
2015,2,BAGALKOTE,5,BAGALKOTE,WINE GRAPES (BLACK),grapes,0,0,0,0
2015,2,BAGALKOTE,5,BAGALKOTE,CASHEWNUTS,cashewnut,0,0,0,0
2015,2,BAGALKOTE,5,BAGALKOTE,POMEGRANATE,pomegranate,1633,4746,0,4746
2015,2,BAGALKOTE,5,BAGALKOTE,POTATO,potato,251,171,9,180
2015,2,BAGALKOTE,5,BAGALKOTE,TAPIOCA (CASSAVA),tapioca,36,25,2,27
2015,2,BAGALKOTE,5,BAGALKOTE,SWEET POTATO,sweet potato,84,65,0,65
2015,2,BAGALKOTE,5,BAGALKOTE,ONION,onion,3795,2273,2827,5100
2015,2,BAGALKOTE,5,BAGALKOTE,TOMATO,tomato,453,188,20,208
2015,2,BAGALKOTE,5,BAGALKOTE,GROUNDNUT,groundnut,2951,4610,1360,5969
2015,2,BAGALKOTE,5,BAGALKOTE,CASTORSEED,castor,13,18,11,29
2015,2,BAGALKOTE,5,BAGALKOTE,SESAMUM (TIL),sesame,363,226,254,480
2015,2,BAGALKOTE,5,BAGALKOTE,RAPESEED & MUSTARD (TORIA/TARAMIRA),mustard,55,75,12,86
2015,2,BAGALKOTE,5,BAGALKOTE,LINSEED,linseed,81,32,48,80
2015,2,BAGALKOTE,5,BAGALKOTE,COCONUT,coconut,34,20,18,38
2015,2,BAGALKOTE,5,BAGALKOTE,SUNFLOWER,sunflower,3222,2595,2603,5198
2015,2,BAGALKOTE,5,BAGALKOTE,SOYABEAN,soybean,258,435,24,459
2015,2,BAGALKOTE,5,BAGALKOTE,NIGERSEED,niger seed,19,14,12,26
2015,2,BAGALKOTE,5,BAGALKOTE,COTTON,cotton,136,77,133,210
2015,2,BAGALKOTE,5,BAGALKOTE,JUTE,jute,0,0,0,0
2015,2,BAGALKOTE,5,BAGALKOTE,MESTA,mesta,5,0,5,5
2015,2,BAGALKOTE,5,BAGALKOTE,TOBACCO,tobacco,0,0,0,0
2015,2,BAGALKOTE,5,BAGALKOTE,GUAR,guar,4,9,0,9
2015,2,BAGALKOTE,5,BAGALKOTE,COFFEE,coffee,0,0,0,0
2015,2,BAGALKOTE,2,BILGI,PADDY,rice,1642,5922,19,5941
2015,2,BAGALKOTE,2,BILGI,JOWAR,jowar,3240,2344,1182,3526
2015,2,BAGALKOTE,2,BILGI,BAJRA,bajra,2872,1964,817,2781
2015,2,BAGALKOTE,2,BILGI,MAIZE,maize,7707,8349,846,9195
2015,2,BAGALKOTE,2,BILGI,RAGI,ragi,23,18,1,19
2015,2,BAGALKOTE,2,BILGI,WHEAT,wheat,2556,2474,89,2564
2015,2,BAGALKOTE,2,BILGI,BARLEY,barley,22,34,0,34
2015,2,BAGALKOTE,2,BILGI,GRAM,chickpea,1789,1305,281,1586
2015,2,BAGALKOTE,2,BILGI,TUR (ARHAR),pigeonpea (tur),1273,3158,402,3559
2015,2,BAGALKOTE,2,BILGI,URAD,black gram,52,21,6,27
2015,2,BAGALKOTE,2,BILGI,MOONG,green gram,187,51,101,152
2015,2,BAGALKOTE,2,BILGI,MASUR,lentil,14,22,2,23
2015,2,BAGALKOTE,2,BILGI,HORSEGRAM,horse gram,24,40,7,47
2015,2,BAGALKOTE,2,BILGI,MOTH,moth bean,0,0,0,0
2015,2,BAGALKOTE,2,BILGI,SUGARCANE,sugarcane,9912,15761,0,15761
2015,2,BAGALKOTE,2,BILGI,PEPPER (BLACK),black pepper,3,2,0,2
2015,2,BAGALKOTE,2,BILGI,CHILLIES,chilli,117,99,0,99
2015,2,BAGALKOTE,2,BILGI,GINGER,ginger,40,22,0,22
2015,2,BAGALKOTE,2,BILGI,TURMERIC,turmeric,69,68,0,68
2015,2,BAGALKOTE,2,BILGI,CARDAMOM (SMALL),cardamom,4,4,0,4
2015,2,BAGALKOTE,2,BILGI,CARDAMOM (LARGE),cardamom,4,3,0,3
2015,2,BAGALKOTE,2,BILGI,BETELNUTS (ARECANUTS),arecanut,0,0,0,0
2015,2,BAGALKOTE,2,BILGI,MANGOES,mango,281,342,0,342
2015,2,BAGALKOTE,2,BILGI,BANANA,banana,87,81,0,81
2015,2,BAGALKOTE,2,BILGI,TABLE GRAPES,grapes,64,86,0,86
2015,2,BAGALKOTE,2,BILGI,WINE GRAPES (BLACK),grapes,0,0,0,0
2015,2,BAGALKOTE,2,BILGI,CASHEWNUTS,cashewnut,0,0,0,0
2015,2,BAGALKOTE,2,BILGI,POMEGRANATE,pomegranate,43,55,0,55
2015,2,BAGALKOTE,2,BILGI,POTATO,potato,149,73,1,74
2015,2,BAGALKOTE,2,BILGI,TAPIOCA (CASSAVA),tapioca,28,8,0,8
2015,2,BAGALKOTE,2,BILGI,SWEET POTATO,sweet potato,20,11,0,11
2015,2,BAGALKOTE,2,BILGI,ONION,onion,2956,2604,29,2633
2015,2,BAGALKOTE,2,BILGI,TOMATO,tomato,242,114,0,114
2015,2,BAGALKOTE,2,BILGI,GROUNDNUT,groundnut,1829,2356,2,2357
2015,2,BAGALKOTE,2,BILGI,CASTORSEED,castor,16,17,0,17
2015,2,BAGALKOTE,2,BILGI,SESAMUM (TIL),sesame,73,87,14,102
2015,2,BAGALKOTE,2,BILGI,RAPESEED & MUSTARD (TORIA/TARAMIRA),mustard,19,54,0,54
2015,2,BAGALKOTE,2,BILGI,LINSEED,linseed,27,21,10,32
2015,2,BAGALKOTE,2,BILGI,COCONUT,coconut,92,43,0,43
2015,2,BAGALKOTE,2,BILGI,SUNFLOWER,sunflower,1579,1927,128,2055
2015,2,BAGALKOTE,2,BILGI,SOYABEAN,soybean,121,150,0,150
2015,2,BAGALKOTE,2,BILGI,NIGERSEED,niger seed,0,0,0,0
2015,2,BAGALKOTE,2,BILGI,COTTON,cotton,109,158,1,158
2015,2,BAGALKOTE,2,BILGI,JUTE,jute,74,140,0,140
2015,2,BAGALKOTE,2,BILGI,MESTA,mesta,0,0,0,0
2015,2,BAGALKOTE,2,BILGI,TOBACCO,tobacco,0,0,0,0
2015,2,BAGALKOTE,2,BILGI,GUAR,guar,44,17,1,18
2015,2,BAGALKOTE,2,BILGI,COFFEE,coffee,0,0,0,0
2015,2,BAGALKOTE,6,HUNGUNDA,PADDY,rice,151,53,210,263
2015,2,BAGALKOTE,6,HUNGUNDA,JOWAR,jowar,21263,2540,31320,33860
2015,2,BAGALKOTE,6,HUNGUNDA,BAJRA,bajra,12903,4103,17108,21211
2015,2,BAGALKOTE,6,HUNGUNDA,MAIZE,maize,6868,7522,3903,11426
2015,2,BAGALKOTE,6,HUNGUNDA,RAGI,ragi,0,0,0,0
2015,2,BAGALKOTE,6,HUNGUNDA,WHEAT,wheat,1489,553,1305,1859
2015,2,BAGALKOTE,6,HUNGUNDA,BARLEY,barley,95,55,59,114
2015,2,BAGALKOTE,6,HUNGUNDA,GRAM,chickpea,12125,1186,17097,18283
2015,2,BAGALKOTE,6,HUNGUNDA,TUR (ARHAR),pigeonpea (tur),6555,789,11819,12608
2015,2,BAGALKOTE,6,HUNGUNDA,URAD,black gram,37,0,53,53
2015,2,BAGALKOTE,6,HUNGUNDA,MOONG,green gram,14250,444,22171,22615
2015,2,BAGALKOTE,6,HUNGUNDA,MASUR,lentil,0,0,0,0
2015,2,BAGALKOTE,6,HUNGUNDA,HORSEGRAM,horse gram,625,0,593,593
2015,2,BAGALKOTE,6,HUNGUNDA,MOTH,moth bean,6,0,14,14
2015,2,BAGALKOTE,6,HUNGUNDA,SUGARCANE,sugarcane,1405,3177,0,3177
2015,2,BAGALKOTE,6,HUNGUNDA,PEPPER (BLACK),black pepper,54,19,34,53
2015,2,BAGALKOTE,6,HUNGUNDA,CHILLIES,chilli,97,23,40,63
2015,2,BAGALKOTE,6,HUNGUNDA,GINGER,ginger,0,0,0,0
2015,2,BAGALKOTE,6,HUNGUNDA,TURMERIC,turmeric,12,12,0,12
2015,2,BAGALKOTE,6,HUNGUNDA,CARDAMOM (SMALL),cardamom,0,0,0,0
2015,2,BAGALKOTE,6,HUNGUNDA,CARDAMOM (LARGE),cardamom,0,0,0,0
2015,2,BAGALKOTE,6,HUNGUNDA,BETELNUTS (ARECANUTS),arecanut,0,0,0,0
2015,2,BAGALKOTE,6,HUNGUNDA,MANGOES,mango,0,0,0,0
2015,2,BAGALKOTE,6,HUNGUNDA,BANANA,banana,11,14,0,14
2015,2,BAGALKOTE,6,HUNGUNDA,TABLE GRAPES,grapes,0,0,0,0
2015,2,BAGALKOTE,6,HUNGUNDA,WINE GRAPES (BLACK),grapes,0,0,0,0
2015,2,BAGALKOTE,6,HUNGUNDA,CASHEWNUTS,cashewnut,0,0,0,0
2015,2,BAGALKOTE,6,HUNGUNDA,POMEGRANATE,pomegranate,0,0,0,0
2015,2,BAGALKOTE,6,HUNGUNDA,POTATO,potato,19,8,8,15
2015,2,BAGALKOTE,6,HUNGUNDA,TAPIOCA (CASSAVA),tapioca,18,28,13,40
2015,2,BAGALKOTE,6,HUNGUNDA,SWEET POTATO,sweet potato,6,12,0,12
2015,2,BAGALKOTE,6,HUNGUNDA,ONION,onion,1790,1985,1101,3086
2015,2,BAGALKOTE,6,HUNGUNDA,TOMATO,tomato,6,3,0,3
2015,2,BAGALKOTE,6,HUNGUNDA,GROUNDNUT,groundnut,2080,2658,833,3490
2015,2,BAGALKOTE,6,HUNGUNDA,CASTORSEED,castor,18,0,17,17
2015,2,BAGALKOTE,6,HUNGUNDA,SESAMUM (TIL),sesame,813,10,994,1004
2015,2,BAGALKOTE,6,HUNGUNDA,RAPESEED & MUSTARD (TORIA/TARAMIRA),mustard,24,13,25,37
2015,2,BAGALKOTE,6,HUNGUNDA,LINSEED,linseed,218,0,110,110
2015,2,BAGALKOTE,6,HUNGUNDA,COCONUT,coconut,5205,1083,6649,7732
2015,2,BAGALKOTE,6,HUNGUNDA,SUNFLOWER,sunflower,12135,6627,13108,19735
2015,2,BAGALKOTE,6,HUNGUNDA,SOYABEAN,soybean,61,12,48,60
2015,2,BAGALKOTE,6,HUNGUNDA,NIGERSEED,niger seed,18,0,13,13
2015,2,BAGALKOTE,6,HUNGUNDA,COTTON,cotton,271,101,567,668
2015,2,BAGALKOTE,6,HUNGUNDA,JUTE,jute,6,0,5,5
2015,2,BAGALKOTE,6,HUNGUNDA,MESTA,mesta,12,0,28,28
2015,2,BAGALKOTE,6,HUNGUNDA,TOBACCO,tobacco,0,0,0,0
2015,2,BAGALKOTE,6,HUNGUNDA,GUAR,guar,25,0,41,41
2015,2,BAGALKOTE,6,HUNGUNDA,COFFEE,coffee,0,0,0,0
2015,2,BAGALKOTE,1,JAMKHANDI,PADDY,rice,186,114,128,242
2015,2,BAGALKOTE,1,JAMKHANDI,JOWAR,jowar,7630,606,10288,10894
2015,2,BAGALKOTE,1,JAMKHANDI,BAJRA,bajra,57,24,37,61
2015,2,BAGALKOTE,1,JAMKHANDI,MAIZE,maize,17778,14208,778,14986
2015,2,BAGALKOTE,1,JAMKHANDI,RAGI,ragi,7,12,0,12
2015,2,BAGALKOTE,1,JAMKHANDI,WHEAT,wheat,4285,3115,94,3209
2015,2,BAGALKOTE,1,JAMKHANDI,BARLEY,barley,18,9,0,9
2015,2,BAGALKOTE,1,JAMKHANDI,GRAM,chickpea,1245,442,336,778
2015,2,BAGALKOTE,1,JAMKHANDI,TUR (ARHAR),pigeonpea (tur),329,23,270,293
2015,2,BAGALKOTE,1,JAMKHANDI,URAD,black gram,42,1,25,26
2015,2,BAGALKOTE,1,JAMKHANDI,MOONG,green gram,67,23,10,33
2015,2,BAGALKOTE,1,JAMKHANDI,MASUR,lentil,6,0,5,5
2015,2,BAGALKOTE,1,JAMKHANDI,HORSEGRAM,horse gram,450,106,335,441
2015,2,BAGALKOTE,1,JAMKHANDI,MOTH,moth bean,0,0,0,0
2015,2,BAGALKOTE,1,JAMKHANDI,SUGARCANE,sugarcane,26721,37005,0,37005
2015,2,BAGALKOTE,1,JAMKHANDI,PEPPER (BLACK),black pepper,79,27,0,27
2015,2,BAGALKOTE,1,JAMKHANDI,CHILLIES,chilli,26,5,0,5
2015,2,BAGALKOTE,1,JAMKHANDI,GINGER,ginger,126,74,0,74
2015,2,BAGALKOTE,1,JAMKHANDI,TURMERIC,turmeric,5022,4375,3,4378
2015,2,BAGALKOTE,1,JAMKHANDI,CARDAMOM (SMALL),cardamom,0,0,0,0
2015,2,BAGALKOTE,1,JAMKHANDI,CARDAMOM (LARGE),cardamom,0,0,0,0
2015,2,BAGALKOTE,1,JAMKHANDI,BETELNUTS (ARECANUTS),arecanut,0,0,0,0
2015,2,BAGALKOTE,1,JAMKHANDI,MANGOES,mango,253,125,1,126
2015,2,BAGALKOTE,1,JAMKHANDI,BANANA,banana,527,808,5,813
2015,2,BAGALKOTE,1,JAMKHANDI,TABLE GRAPES,grapes,204,393,0,393
2015,2,BAGALKOTE,1,JAMKHANDI,WINE GRAPES (BLACK),grapes,0,0,0,0
2015,2,BAGALKOTE,1,JAMKHANDI,CASHEWNUTS,cashewnut,0,0,0,0
2015,2,BAGALKOTE,1,JAMKHANDI,POMEGRANATE,pomegranate,13,7,0,7
2015,2,BAGALKOTE,1,JAMKHANDI,POTATO,potato,15,1,0,1
2015,2,BAGALKOTE,1,JAMKHANDI,TAPIOCA (CASSAVA),tapioca,0,0,0,0
2015,2,BAGALKOTE,1,JAMKHANDI,SWEET POTATO,sweet potato,7,1,0,1
2015,2,BAGALKOTE,1,JAMKHANDI,ONION,onion,2992,1014,93,1107
2015,2,BAGALKOTE,1,JAMKHANDI,TOMATO,tomato,689,205,0,205
2015,2,BAGALKOTE,1,JAMKHANDI,GROUNDNUT,groundnut,202,107,0,107
2015,2,BAGALKOTE,1,JAMKHANDI,CASTORSEED,castor,0,0,0,0
2015,2,BAGALKOTE,1,JAMKHANDI,SESAMUM (TIL),sesame,7,3,0,3
2015,2,BAGALKOTE,1,JAMKHANDI,RAPESEED & MUSTARD (TORIA/TARAMIRA),mustard,6,2,0,2
2015,2,BAGALKOTE,1,JAMKHANDI,LINSEED,linseed,20,0,6,6
2015,2,BAGALKOTE,1,JAMKHANDI,COCONUT,coconut,338,89,0,89
2015,2,BAGALKOTE,1,JAMKHANDI,SUNFLOWER,sunflower,1983,964,0,964
2015,2,BAGALKOTE,1,JAMKHANDI,SOYABEAN,soybean,73,19,35,54
2015,2,BAGALKOTE,1,JAMKHANDI,NIGERSEED,niger seed,0,0,0,0
2015,2,BAGALKOTE,1,JAMKHANDI,COTTON,cotton,33,26,0,26
2015,2,BAGALKOTE,1,JAMKHANDI,JUTE,jute,0,0,0,0
2015,2,BAGALKOTE,1,JAMKHANDI,MESTA,mesta,0,0,0,0
2015,2,BAGALKOTE,1,JAMKHANDI,TOBACCO,tobacco,0,0,0,0
2015,2,BAGALKOTE,1,JAMKHANDI,GUAR,guar,1227,2003,0,2003
2015,2,BAGALKOTE,1,JAMKHANDI,COFFEE,coffee,0,0,0,0
2015,2,BAGALKOTE,3,MUDHOL,PADDY,rice,539,1570,12,1581
2015,2,BAGALKOTE,3,MUDHOL,JOWAR,jowar,5309,3134,4427,7560
2015,2,BAGALKOTE,3,MUDHOL,BAJRA,bajra,129,64,578,642
2015,2,BAGALKOTE,3,MUDHOL,MAIZE,maize,7555,10733,66,10799
2015,2,BAGALKOTE,3,MUDHOL,RAGI,ragi,7,0,2,2
2015,2,BAGALKOTE,3,MUDHOL,WHEAT,wheat,2795,3271,89,3360
2015,2,BAGALKOTE,3,MUDHOL,BARLEY,barley,7,0,8,8
2015,2,BAGALKOTE,3,MUDHOL,GRAM,chickpea,4038,1956,1763,3719
2015,2,BAGALKOTE,3,MUDHOL,TUR (ARHAR),pigeonpea (tur),79,19,55,74
2015,2,BAGALKOTE,3,MUDHOL,URAD,black gram,0,0,0,0
2015,2,BAGALKOTE,3,MUDHOL,MOONG,green gram,1159,319,1381,1700
2015,2,BAGALKOTE,3,MUDHOL,MASUR,lentil,0,0,0,0
2015,2,BAGALKOTE,3,MUDHOL,HORSEGRAM,horse gram,0,0,0,0
2015,2,BAGALKOTE,3,MUDHOL,MOTH,moth bean,0,0,0,0
2015,2,BAGALKOTE,3,MUDHOL,SUGARCANE,sugarcane,26456,46643,0,46643
2015,2,BAGALKOTE,3,MUDHOL,PEPPER (BLACK),black pepper,0,0,0,0
2015,2,BAGALKOTE,3,MUDHOL,CHILLIES,chilli,45,15,0,15
2015,2,BAGALKOTE,3,MUDHOL,GINGER,ginger,0,0,0,0
2015,2,BAGALKOTE,3,MUDHOL,TURMERIC,turmeric,1241,1489,0,1489
2015,2,BAGALKOTE,3,MUDHOL,CARDAMOM (SMALL),cardamom,0,0,0,0
2015,2,BAGALKOTE,3,MUDHOL,CARDAMOM (LARGE),cardamom,0,0,0,0
2015,2,BAGALKOTE,3,MUDHOL,BETELNUTS (ARECANUTS),arecanut,0,0,0,0
2015,2,BAGALKOTE,3,MUDHOL,MANGOES,mango,39,56,0,56
2015,2,BAGALKOTE,3,MUDHOL,BANANA,banana,143,138,0,138
2015,2,BAGALKOTE,3,MUDHOL,TABLE GRAPES,grapes,0,0,0,0
2015,2,BAGALKOTE,3,MUDHOL,WINE GRAPES (BLACK),grapes,0,0,0,0
2015,2,BAGALKOTE,3,MUDHOL,CASHEWNUTS,cashewnut,0,0,0,0
2015,2,BAGALKOTE,3,MUDHOL,POMEGRANATE,pomegranate,32,97,0,97
2015,2,BAGALKOTE,3,MUDHOL,POTATO,potato,0,0,0,0
2015,2,BAGALKOTE,3,MUDHOL,TAPIOCA (CASSAVA),tapioca,7,0,8,8
2015,2,BAGALKOTE,3,MUDHOL,SWEET POTATO,sweet potato,0,0,0,0
2015,2,BAGALKOTE,3,MUDHOL,ONION,onion,2057,2769,25,2794
2015,2,BAGALKOTE,3,MUDHOL,TOMATO,tomato,284,159,0,159
2015,2,BAGALKOTE,3,MUDHOL,GROUNDNUT,groundnut,686,625,11,636
2015,2,BAGALKOTE,3,MUDHOL,CASTORSEED,castor,19,55,0,55
2015,2,BAGALKOTE,3,MUDHOL,SESAMUM (TIL),sesame,0,0,0,0
2015,2,BAGALKOTE,3,MUDHOL,RAPESEED & MUSTARD (TORIA/TARAMIRA),mustard,7,5,0,5
2015,2,BAGALKOTE,3,MUDHOL,LINSEED,linseed,1182,384,486,870
2015,2,BAGALKOTE,3,MUDHOL,COCONUT,coconut,53,15,0,15
2015,2,BAGALKOTE,3,MUDHOL,SUNFLOWER,sunflower,289,166,0,166
2015,2,BAGALKOTE,3,MUDHOL,SOYABEAN,soybean,2979,2761,19,2780
2015,2,BAGALKOTE,3,MUDHOL,NIGERSEED,niger seed,0,0,0,0
2015,2,BAGALKOTE,3,MUDHOL,COTTON,cotton,186,201,0,201
2015,2,BAGALKOTE,3,MUDHOL,JUTE,jute,0,0,0,0
2015,2,BAGALKOTE,3,MUDHOL,MESTA,mesta,0,0,0,0
2015,2,BAGALKOTE,3,MUDHOL,TOBACCO,tobacco,0,0,0,0
2015,2,BAGALKOTE,3,MUDHOL,GUAR,guar,701,1588,0,1588
2015,2,BAGALKOTE,3,MUDHOL,COFFEE,coffee,0,0,0,0
2015,12,BALLARI,5,BELLARY,PADDY,rice,26524,42133,1128,43261
2015,12,BALLARI,5,BELLARY,JOWAR,jowar,6963,7957,4546,12502
2015,12,BALLARI,5,BELLARY,BAJRA,bajra,1871,280,2197,2477
2015,12,BALLARI,5,BELLARY,MAIZE,maize,6462,10658,336,10994
2015,12,BALLARI,5,BELLARY,RAGI,ragi,73,20,41,61
2015,12,BALLARI,5,BELLARY,WHEAT,wheat,54,76,0,76
2015,12,BALLARI,5,BELLARY,BARLEY,barley,4,1,0,1
2015,12,BALLARI,5,BELLARY,GRAM,chickpea,1925,4671,177,4848
2015,12,BALLARI,5,BELLARY,TUR (ARHAR),pigeonpea (tur),1666,1023,1423,2446
2015,12,BALLARI,5,BELLARY,URAD,black gram,0,0,0,0
2015,12,BALLARI,5,BELLARY,MOONG,green gram,6,21,0,21
2015,12,BALLARI,5,BELLARY,MASUR,lentil,0,0,0,0
2015,12,BALLARI,5,BELLARY,HORSEGRAM,horse gram,11,71,0,71
2015,12,BALLARI,5,BELLARY,MOTH,moth bean,0,0,0,0
2015,12,BALLARI,5,BELLARY,SUGARCANE,sugarcane,83,159,0,159
2015,12,BALLARI,5,BELLARY,PEPPER (BLACK),black pepper,45,47,36,82
2015,12,BALLARI,5,BELLARY,CHILLIES,chilli,9595,14838,2551,17389
2015,12,BALLARI,5,BELLARY,GINGER,ginger,0,0,0,0
2015,12,BALLARI,5,BELLARY,TURMERIC,turmeric,37,62,10,72
2015,12,BALLARI,5,BELLARY,CARDAMOM (SMALL),cardamom,15,6,34,40
2015,12,BALLARI,5,BELLARY,CARDAMOM (LARGE),cardamom,5,5,0,5
2015,12,BALLARI,5,BELLARY,BETELNUTS (ARECANUTS),arecanut,16,21,0,21
2015,12,BALLARI,5,BELLARY,MANGOES,mango,0,0,0,0
2015,12,BALLARI,5,BELLARY,BANANA,banana,0,0,0,0
2015,12,BALLARI,5,BELLARY,TABLE GRAPES,grapes,0,0,0,0
2015,12,BALLARI,5,BELLARY,WINE GRAPES (BLACK),grapes,0,0,0,0
2015,12,BALLARI,5,BELLARY,CASHEWNUTS,cashewnut,0,0,0,0
2015,12,BALLARI,5,BELLARY,POMEGRANATE,pomegranate,41,55,5,60
2015,12,BALLARI,5,BELLARY,POTATO,potato,0,0,0,0
2015,12,BALLARI,5,BELLARY,TAPIOCA (CASSAVA),tapioca,0,0,0,0
2015,12,BALLARI,5,BELLARY,SWEET POTATO,sweet potato,0,0,0,0
2015,12,BALLARI,5,BELLARY,ONION,onion,0,0,0,0
2015,12,BALLARI,5,BELLARY,TOMATO,tomato,0,0,0,0
2015,12,BALLARI,5,BELLARY,GROUNDNUT,groundnut,506,774,0,774
2015,12,BALLARI,5,BELLARY,CASTORSEED,castor,557,45,446,491
2015,12,BALLARI,5,BELLARY,SESAMUM (TIL),sesame,22,39,17,56
2015,12,BALLARI,5,BELLARY,RAPESEED & MUSTARD (TORIA/TARAMIRA),mustard,26,51,0,51
2015,12,BALLARI,5,BELLARY,LINSEED,linseed,0,0,0,0
2015,12,BALLARI,5,BELLARY,COCONUT,coconut,0,0,0,0
2015,12,BALLARI,5,BELLARY,SUNFLOWER,sunflower,633,666,549,1215
2015,12,BALLARI,5,BELLARY,SOYABEAN,soybean,0,0,0,0
2015,12,BALLARI,5,BELLARY,NIGERSEED,niger seed,32,74,0,74
2015,12,BALLARI,5,BELLARY,COTTON,cotton,8923,11364,4631,15995
2015,12,BALLARI,5,BELLARY,JUTE,jute,4,1,0,1
2015,12,BALLARI,5,BELLARY,MESTA,mesta,5,7,0,7
2015,12,BALLARI,5,BELLARY,TOBACCO,tobacco,0,0,0,0
2015,12,BALLARI,5,BELLARY,GUAR,guar,0,0,0,0
2015,12,BALLARI,5,BELLARY,COFFEE,coffee,8,0,43,43
2015,12,BALLARI,1,HADAGALI,PADDY,rice,2078,1843,1457,3300
2015,12,BALLARI,1,HADAGALI,JOWAR,jowar,5938,1583,5836,7419
2015,12,BALLARI,1,HADAGALI,BAJRA,bajra,5491,404,6664,7069
2015,12,BALLARI,1,HADAGALI,MAIZE,maize,18235,6881,26180,33061
2015,12,BALLARI,1,HADAGALI,RAGI,ragi,562,6,979,985
2015,2,BAGALKOTE,4,BADAMI,GROSS CROPPED AREA,,47524,37678,99097,136774
2015,2,BAGALKOTE,5,BAGALKOTE,GROSS CROPPED AREA,,30020,44713,47394,92107
2015,2,BAGALKOTE,2,BILGI,GROSS CROPPED AREA,,24073,51234,3983,55216
2015,2,BAGALKOTE,6,HUNGUNDA,GROSS CROPPED AREA,,48855,33219,130125,163344
2015,2,BAGALKOTE,1,JAMKHANDI,GROSS CROPPED AREA,,56156,78445,12483,90928
2015,2,BAGALKOTE,3,MUDHOL,GROSS CROPPED AREA,,43381,78882,8943,87825
2015,12,BALLARI,5,BELLARY,GROSS CROPPED AREA,,70607,97161,18388,115549
2015,12,BALLARI,1,HADAGALI,WHEAT,wheat,257,36,544,580
2015,12,BALLARI,1,HADAGALI,BARLEY,barley,62,29,75,105
2015,12,BALLARI,1,HADAGALI,GRAM,chickpea,492,87,689,776
2015,12,BALLARI,1,HADAGALI,TUR (ARHAR),pigeonpea (tur),566,557,321,879
2015,12,BALLARI,1,HADAGALI,URAD,black gram,407,10,561,571
2015,12,BALLARI,1,HADAGALI,MOONG,green gram,312,16,540,557
2015,12,BALLARI,1,HADAGALI,MASUR,lentil,80,32,125,156
2015,12,BALLARI,1,HADAGALI,HORSEGRAM,horse gram,103,0,207,207
2015,12,BALLARI,1,HADAGALI,MOTH,moth bean,10,0,25,25
2015,12,BALLARI,1,HADAGALI,SUGARCANE,sugarcane,835,1271,0,1271
2015,12,BALLARI,1,HADAGALI,PEPPER (BLACK),black pepper,9,6,0,6
2015,12,BALLARI,1,HADAGALI,CHILLIES,chilli,229,275,423,698
2015,12,BALLARI,1,HADAGALI,GINGER,ginger,0,0,0,0
2015,12,BALLARI,1,HADAGALI,TURMERIC,turmeric,0,0,0,0
2015,12,BALLARI,1,HADAGALI,CARDAMOM (SMALL),cardamom,0,0,0,0
2015,12,BALLARI,1,HADAGALI,CARDAMOM (LARGE),cardamom,0,0,0,0
2015,12,BALLARI,1,HADAGALI,BETELNUTS (ARECANUTS),arecanut,0,0,0,0
2015,12,BALLARI,1,HADAGALI,MANGOES,mango,129,51,136,187
2015,12,BALLARI,1,HADAGALI,BANANA,banana,34,45,4,49
2015,12,BALLARI,1,HADAGALI,TABLE GRAPES,grapes,0,0,0,0
2015,12,BALLARI,1,HADAGALI,WINE GRAPES (BLACK),grapes,0,0,0,0
2015,12,BALLARI,1,HADAGALI,CASHEWNUTS,cashewnut,0,0,0,0
2015,12,BALLARI,1,HADAGALI,POMEGRANATE,pomegranate,20,20,2,23
2015,12,BALLARI,1,HADAGALI,POTATO,potato,0,0,0,0
2015,12,BALLARI,1,HADAGALI,TAPIOCA (CASSAVA),tapioca,0,0,0,0
2015,12,BALLARI,1,HADAGALI,SWEET POTATO,sweet potato,0,0,0,0
2015,12,BALLARI,1,HADAGALI,ONION,onion,93,37,124,161
2015,12,BALLARI,1,HADAGALI,TOMATO,tomato,20,7,4,10
2015,12,BALLARI,1,HADAGALI,GROUNDNUT,groundnut,1055,220,1319,1539
2015,12,BALLARI,1,HADAGALI,CASTORSEED,castor,85,29,81,111
2015,12,BALLARI,1,HADAGALI,SESAMUM (TIL),sesame,76,0,127,127
2015,12,BALLARI,1,HADAGALI,RAPESEED & MUSTARD (TORIA/TARAMIRA),mustard,114,3,203,205
2015,12,BALLARI,1,HADAGALI,LINSEED,linseed,52,0,153,153
2015,12,BALLARI,1,HADAGALI,COCONUT,coconut,100,66,156,222
2015,12,BALLARI,1,HADAGALI,SUNFLOWER,sunflower,888,366,1192,1558
2015,12,BALLARI,1,HADAGALI,SOYABEAN,soybean,0,0,0,0
2015,12,BALLARI,1,HADAGALI,NIGERSEED,niger seed,28,0,44,44
2015,12,BALLARI,1,HADAGALI,COTTON,cotton,894,933,669,1602
2015,12,BALLARI,1,HADAGALI,JUTE,jute,4,2,3,5
2015,12,BALLARI,1,HADAGALI,MESTA,mesta,11,10,4,14
2015,12,BALLARI,1,HADAGALI,TOBACCO,tobacco,0,0,0,0
2015,12,BALLARI,1,HADAGALI,GUAR,guar,5,0,13,13
2015,12,BALLARI,1,HADAGALI,COFFEE,coffee,0,0,0,0
2015,12,BALLARI,1,HADAGALI,GROSS CROPPED AREA,,39265,15628,49424,65051
2015,12,BALLARI,2,HAGARIBOMMANAHALLI,PADDY,rice,1501,1752,170,1922
2015,12,BALLARI,2,HAGARIBOMMANAHALLI,JOWAR,jowar,4292,324,4009,4334
2015,12,BALLARI,2,HAGARIBOMMANAHALLI,BAJRA,bajra,7455,581,7735,8317
2015,12,BALLARI,2,HAGARIBOMMANAHALLI,MAIZE,maize,14921,2643,19366,22009
2015,12,BALLARI,2,HAGARIBOMMANAHALLI,RAGI,ragi,640,38,470,507
2015,12,BALLARI,2,HAGARIBOMMANAHALLI,WHEAT,wheat,308,70,200,270
2015,12,BALLARI,2,HAGARIBOMMANAHALLI,BARLEY,barley,250,0,234,234
2015,12,BALLARI,2,HAGARIBOMMANAHALLI,GRAM,chickpea,4163,254,4417,4670
2015,12,BALLARI,2,HAGARIBOMMANAHALLI,TUR (ARHAR),pigeonpea (tur),1028,82,958,1040
2015,12,BALLARI,2,HAGARIBOMMANAHALLI,URAD,black gram,48,11,14,26
2015,12,BALLARI,2,HAGARIBOMMANAHALLI,MOONG,green gram,168,6,92,98
2015,12,BALLARI,2,HAGARIBOMMANAHALLI,MASUR,lentil,5,0,5,5
2015,12,BALLARI,2,HAGARIBOMMANAHALLI,HORSEGRAM,horse gram,442,9,188,198
2015,12,BALLARI,2,HAGARIBOMMANAHALLI,MOTH,moth bean,0,0,0,0
2015,12,BALLARI,2,HAGARIBOMMANAHALLI,SUGARCANE,sugarcane,508,725,0,725
2015,12,BALLARI,2,HAGARIBOMMANAHALLI,PEPPER (BLACK),black pepper,10,4,0,4
2015,12,BALLARI,2,HAGARIBOMMANAHALLI,CHILLIES,chilli,163,27,180,206
2015,12,BALLARI,2,HAGARIBOMMANAHALLI,GINGER,ginger,10,2,62,64
2015,12,BALLARI,2,HAGARIBOMMANAHALLI,TURMERIC,turmeric,0,0,0,0
2015,12,BALLARI,2,HAGARIBOMMANAHALLI,CARDAMOM (SMALL),cardamom,5,0,1,1
2015,12,BALLARI,2,HAGARIBOMMANAHALLI,CARDAMOM (LARGE),cardamom,5,0,5,5
2015,12,BALLARI,2,HAGARIBOMMANAHALLI,BETELNUTS (ARECANUTS),arecanut,0,0,0,0
2015,12,BALLARI,2,HAGARIBOMMANAHALLI,MANGOES,mango,113,161,5,167
2015,12,BALLARI,2,HAGARIBOMMANAHALLI,BANANA,banana,43,72,0,72
2015,12,BALLARI,2,HAGARIBOMMANAHALLI,TABLE GRAPES,grapes,48,170,0,170
2015,12,BALLARI,2,HAGARIBOMMANAHALLI,WINE GRAPES (BLACK),grapes,0,0,0,0
2015,12,BALLARI,2,HAGARIBOMMANAHALLI,CASHEWNUTS,cashewnut,0,0,0,0
2015,12,BALLARI,2,HAGARIBOMMANAHALLI,POMEGRANATE,pomegranate,960,2454,32,2485
2015,12,BALLARI,2,HAGARIBOMMANAHALLI,POTATO,potato,15,2,0,2
2015,12,BALLARI,2,HAGARIBOMMANAHALLI,TAPIOCA (CASSAVA),tapioca,0,0,0,0
2015,12,BALLARI,2,HAGARIBOMMANAHALLI,SWEET POTATO,sweet potato,0,0,0,0
2015,12,BALLARI,2,HAGARIBOMMANAHALLI,ONION,onion,443,340,116,456
2015,12,BALLARI,2,HAGARIBOMMANAHALLI,TOMATO,tomato,198,92,0,92
2015,12,BALLARI,2,HAGARIBOMMANAHALLI,GROUNDNUT,groundnut,1619,337,1658,1995
2015,12,BALLARI,2,HAGARIBOMMANAHALLI,CASTORSEED,castor,35,30,29,59
2015,12,BALLARI,2,HAGARIBOMMANAHALLI,SESAMUM (TIL),sesame,601,20,204,224
2015,12,BALLARI,2,HAGARIBOMMANAHALLI,RAPESEED & MUSTARD (TORIA/TARAMIRA),mustard,20,5,13,18
2015,12,BALLARI,2,HAGARIBOMMANAHALLI,LINSEED,linseed,11,0,17,17
2015,12,BALLARI,2,HAGARIBOMMANAHALLI,COCONUT,coconut,20,6,11,17
2015,12,BALLARI,2,HAGARIBOMMANAHALLI,SUNFLOWER,sunflower,7184,580,11606,12186
2015,12,BALLARI,2,HAGARIBOMMANAHALLI,SOYABEAN,soybean,17,16,9,26
2015,12,BALLARI,2,HAGARIBOMMANAHALLI,NIGERSEED,niger seed,15,0,5,5
2015,12,BALLARI,2,HAGARIBOMMANAHALLI,COTTON,cotton,114,93,40,133
2015,12,BALLARI,2,HAGARIBOMMANAHALLI,JUTE,jute,9,2,2,4
2015,12,BALLARI,2,HAGARIBOMMANAHALLI,MESTA,mesta,0,0,0,0
2015,12,BALLARI,2,HAGARIBOMMANAHALLI,TOBACCO,tobacco,24,19,0,19
2015,12,BALLARI,2,HAGARIBOMMANAHALLI,GUAR,guar,0,0,0,0
2015,12,BALLARI,2,HAGARIBOMMANAHALLI,COFFEE,coffee,5,0,1,1
2015,12,BALLARI,2,HAGARIBOMMANAHALLI,GROSS CROPPED AREA,,47933,12491,52095,64586
2015,12,BALLARI,3,HOSPET,PADDY,rice,19417,23692,1076,24768
2015,12,BALLARI,3,HOSPET,JOWAR,jowar,4632,274,4642,4915
2015,12,BALLARI,3,HOSPET,BAJRA,bajra,837,296,301,597
2015,12,BALLARI,3,HOSPET,MAIZE,maize,4829,692,4776,5468
2015,12,BALLARI,3,HOSPET,RAGI,ragi,30,1,42,43
2015,12,BALLARI,3,HOSPET,WHEAT,wheat,9,11,8,19
2015,12,BALLARI,3,HOSPET,BARLEY,barley,10,3,12,15
2015,12,BALLARI,3,HOSPET,GRAM,chickpea,0,0,0,0
2015,12,BALLARI,3,HOSPET,TUR (ARHAR),pigeonpea (tur),68,21,68,89
2015,12,BALLARI,3,HOSPET,URAD,black gram,5,0,1,1
2015,12,BALLARI,3,HOSPET,MOONG,green gram,5,0,5,5
2015,12,BALLARI,3,HOSPET,MASUR,lentil,0,0,0,0
2015,12,BALLARI,3,HOSPET,HORSEGRAM,horse gram,9,0,5,5
2015,12,BALLARI,3,HOSPET,MOTH,moth bean,0,0,0,0
2015,12,BALLARI,3,HOSPET,SUGARCANE,sugarcane,1253,1036,0,1036
2015,12,BALLARI,3,HOSPET,PEPPER (BLACK),black pepper,9,8,0,8
2015,12,BALLARI,3,HOSPET,CHILLIES,chilli,254,290,6,297
2015,12,BALLARI,3,HOSPET,GINGER,ginger,0,0,0,0
2015,12,BALLARI,3,HOSPET,TURMERIC,turmeric,0,0,0,0
2015,12,BALLARI,3,HOSPET,CARDAMOM (SMALL),cardamom,0,0,0,0
2015,12,BALLARI,3,HOSPET,CARDAMOM (LARGE),cardamom,0,0,0,0
2015,12,BALLARI,3,HOSPET,BETELNUTS (ARECANUTS),arecanut,0,0,0,0
2015,12,BALLARI,3,HOSPET,MANGOES,mango,63,30,13,43
2015,12,BALLARI,3,HOSPET,BANANA,banana,2071,1633,4,1638
2015,12,BALLARI,3,HOSPET,TABLE GRAPES,grapes,0,0,0,0
2015,12,BALLARI,3,HOSPET,WINE GRAPES (BLACK),grapes,0,0,0,0
2015,12,BALLARI,3,HOSPET,CASHEWNUTS,cashewnut,5,6,0,6
2015,12,BALLARI,3,HOSPET,POMEGRANATE,pomegranate,9,17,0,17
2015,12,BALLARI,3,HOSPET,POTATO,potato,3,0,2,2
2015,12,BALLARI,3,HOSPET,TAPIOCA (CASSAVA),tapioca,0,0,0,0
2015,12,BALLARI,3,HOSPET,SWEET POTATO,sweet potato,0,0,0,0
2015,12,BALLARI,3,HOSPET,ONION,onion,31,13,0,13
2015,12,BALLARI,3,HOSPET,TOMATO,tomato,33,10,1,11
2015,12,BALLARI,3,HOSPET,GROUNDNUT,groundnut,810,195,773,968
2015,12,BALLARI,3,HOSPET,CASTORSEED,castor,0,0,0,0
2015,12,BALLARI,3,HOSPET,SESAMUM (TIL),sesame,13,3,2,5
2015,12,BALLARI,3,HOSPET,RAPESEED & MUSTARD (TORIA/TARAMIRA),mustard,0,0,0,0
2015,12,BALLARI,3,HOSPET,LINSEED,linseed,0,0,0,0
2015,12,BALLARI,3,HOSPET,COCONUT,coconut,47,25,0,25
2015,12,BALLARI,3,HOSPET,SUNFLOWER,sunflower,209,179,108,287
2015,12,BALLARI,3,HOSPET,SOYABEAN,soybean,0,0,0,0
2015,12,BALLARI,3,HOSPET,NIGERSEED,niger seed,0,0,0,0
2015,12,BALLARI,3,HOSPET,COTTON,cotton,1158,621,486,1106
2015,12,BALLARI,3,HOSPET,JUTE,jute,0,0,0,0
2015,12,BALLARI,3,HOSPET,MESTA,mesta,0,0,0,0
2015,12,BALLARI,3,HOSPET,TOBACCO,tobacco,0,0,0,0
2015,12,BALLARI,3,HOSPET,GUAR,guar,5,0,7,7
2015,12,BALLARI,3,HOSPET,COFFEE,coffee,0,0,0,0
2015,12,BALLARI,3,HOSPET,GROSS CROPPED AREA,,35318,29183,12363,41547
2015,12,BALLARI,7,KUDALGI,PADDY,rice,4326,2810,1312,4121
2015,12,BALLARI,7,KUDALGI,JOWAR,jowar,10322,1285,4324,5609
2015,12,BALLARI,7,KUDALGI,BAJRA,bajra,2679,237,2254,2490
2015,12,BALLARI,7,KUDALGI,MAIZE,maize,14019,3266,13092,16358
2015,12,BALLARI,7,KUDALGI,RAGI,ragi,14071,10549,6485,17034
2015,12,BALLARI,7,KUDALGI,WHEAT,wheat,573,175,271,447
2015,12,BALLARI,7,KUDALGI,BARLEY,barley,131,41,110,152
2015,12,BALLARI,7,KUDALGI,GRAM,chickpea,3938,134,2974,3108
2015,12,BALLARI,7,KUDALGI,TUR (ARHAR),pigeonpea (tur),1047,76,498,574
2015,12,BALLARI,7,KUDALGI,URAD,black gram,12,2,9,11
2015,12,BALLARI,7,KUDALGI,MOONG,green gram,436,0,418,418
2015,12,BALLARI,7,KUDALGI,MASUR,lentil,14,0,10,10
2015,12,BALLARI,7,KUDALGI,HORSEGRAM,horse gram,195,9,214,223
2015,12,BALLARI,7,KUDALGI,MOTH,moth bean,0,0,0,0
2015,12,BALLARI,7,KUDALGI,SUGARCANE,sugarcane,16,7,0,7
2015,12,BALLARI,7,KUDALGI,PEPPER (BLACK),black pepper,0,0,0,0
2015,12,BALLARI,7,KUDALGI,CHILLIES,chilli,104,47,2,49
2015,12,BALLARI,7,KUDALGI,GINGER,ginger,0,0,0,0
2015,12,BALLARI,7,KUDALGI,TURMERIC,turmeric,0,0,0,0
2015,12,BALLARI,7,KUDALGI,CARDAMOM (SMALL),cardamom,0,0,0,0
2015,12,BALLARI,7,KUDALGI,CARDAMOM (LARGE),cardamom,0,0,0,0
2015,12,BALLARI,7,KUDALGI,BETELNUTS (ARECANUTS),arecanut,118,170,68,238
2015,12,BALLARI,7,KUDALGI,MANGOES,mango,143,93,9,102
2015,12,BALLARI,7,KUDALGI,BANANA,banana,98,45,0,45
2015,12,BALLARI,7,KUDALGI,TABLE GRAPES,grapes,8,6,0,6
2015,12,BALLARI,7,KUDALGI,WINE GRAPES (BLACK),grapes,0,0,0,0
2015,12,BALLARI,7,KUDALGI,CASHEWNUTS,cashewnut,0,0,0,0
2015,12,BALLARI,7,KUDALGI,POMEGRANATE,pomegranate,186,157,3,160
2015,12,BALLARI,7,KUDALGI,POTATO,potato,0,0,0,0
2015,12,BALLARI,7,KUDALGI,TAPIOCA (CASSAVA),tapioca,19,5,12,17
2015,12,BALLARI,7,KUDALGI,SWEET POTATO,sweet potato,16,7,14,21
2015,12,BALLARI,7,KUDALGI,ONION,onion,1486,1384,112,1496
2015,12,BALLARI,7,KUDALGI,TOMATO,tomato,875,554,94,648
2015,12,BALLARI,7,KUDALGI,GROUNDNUT,groundnut,19956,2720,30857,33578
2015,12,BALLARI,7,KUDALGI,CASTORSEED,castor,420,9,223,232
2015,12,BALLARI,7,KUDALGI,SESAMUM (TIL),sesame,985,0,949,949
2015,12,BALLARI,7,KUDALGI,RAPESEED & MUSTARD (TORIA/TARAMIRA),mustard,38,19,30,49
2015,12,BALLARI,7,KUDALGI,LINSEED,linseed,92,0,50,50
2015,12,BALLARI,7,KUDALGI,COCONUT,coconut,64,38,27,66
2015,12,BALLARI,7,KUDALGI,SUNFLOWER,sunflower,3443,1018,3952,4970
2015,12,BALLARI,7,KUDALGI,SOYABEAN,soybean,0,0,0,0
2015,12,BALLARI,7,KUDALGI,NIGERSEED,niger seed,9,0,7,7
2015,12,BALLARI,7,KUDALGI,COTTON,cotton,984,414,562,976
2015,12,BALLARI,7,KUDALGI,JUTE,jute,10,12,6,18
2015,12,BALLARI,7,KUDALGI,MESTA,mesta,3,0,3,3
2015,12,BALLARI,7,KUDALGI,TOBACCO,tobacco,0,0,0,0
2015,12,BALLARI,7,KUDALGI,GUAR,guar,0,0,0,0
2015,12,BALLARI,7,KUDALGI,COFFEE,coffee,0,0,0,0
2015,12,BALLARI,7,KUDALGI,GROSS CROPPED AREA,,48653,26730,69976,96706
2015,12,BALLARI,6,SANDUR,PADDY,rice,1854,40,2102,2142
2015,12,BALLARI,6,SANDUR,JOWAR,jowar,4586,114,5478,5593
2015,12,BALLARI,6,SANDUR,BAJRA,bajra,2415,5,2550,2555
2015,12,BALLARI,6,SANDUR,MAIZE,maize,13020,417,18132,18549
2015,12,BALLARI,6,SANDUR,RAGI,ragi,689,32,758,790
2015,12,BALLARI,6,SANDUR,WHEAT,wheat,0,0,0,0
2015,12,BALLARI,6,SANDUR,BARLEY,barley,116,28,71,99
2015,12,BALLARI,6,SANDUR,GRAM,chickpea,7,0,8,8
2015,12,BALLARI,6,SANDUR,TUR (ARHAR),pigeonpea (tur),252,18,118,135
2015,12,BALLARI,6,SANDUR,URAD,black gram,0,0,0,0
2015,12,BALLARI,6,SANDUR,MOONG,green gram,0,0,0,0
2015,12,BALLARI,6,SANDUR,MASUR,lentil,0,0,0,0
2015,12,BALLARI,6,SANDUR,HORSEGRAM,horse gram,69,0,63,63
2015,12,BALLARI,6,SANDUR,MOTH,moth bean,0,0,0,0
2015,12,BALLARI,6,SANDUR,SUGARCANE,sugarcane,8,3,0,3
2015,12,BALLARI,6,SANDUR,PEPPER (BLACK),black pepper,0,0,0,0
2015,12,BALLARI,6,SANDUR,CHILLIES,chilli,8,0,7,7
2015,12,BALLARI,6,SANDUR,GINGER,ginger,0,0,0,0
2015,12,BALLARI,6,SANDUR,TURMERIC,turmeric,0,0,0,0
2015,12,BALLARI,6,SANDUR,CARDAMOM (SMALL),cardamom,0,0,0,0
2015,12,BALLARI,6,SANDUR,CARDAMOM (LARGE),cardamom,0,0,0,0
2015,12,BALLARI,6,SANDUR,BETELNUTS (ARECANUTS),arecanut,0,0,0,0
2015,12,BALLARI,6,SANDUR,MANGOES,mango,67,10,9,19
2015,12,BALLARI,6,SANDUR,BANANA,banana,108,85,4,90
2015,12,BALLARI,6,SANDUR,TABLE GRAPES,grapes,0,0,0,0
2015,12,BALLARI,6,SANDUR,WINE GRAPES (BLACK),grapes,0,0,0,0
2015,12,BALLARI,6,SANDUR,CASHEWNUTS,cashewnut,0,0,0,0
2015,12,BALLARI,6,SANDUR,POMEGRANATE,pomegranate,0,0,0,0
2015,12,BALLARI,6,SANDUR,POTATO,potato,0,0,0,0
2015,12,BALLARI,6,SANDUR,TAPIOCA (CASSAVA),tapioca,0,0,0,0
2015,12,BALLARI,6,SANDUR,SWEET POTATO,sweet potato,0,0,0,0
2015,12,BALLARI,6,SANDUR,ONION,onion,139,42,15,58
2015,12,BALLARI,6,SANDUR,TOMATO,tomato,31,12,0,12
2015,12,BALLARI,6,SANDUR,GROUNDNUT,groundnut,2203,269,4119,4388
2015,12,BALLARI,6,SANDUR,CASTORSEED,castor,7,0,10,10
2015,12,BALLARI,6,SANDUR,SESAMUM (TIL),sesame,129,0,79,79
2015,12,BALLARI,6,SANDUR,RAPESEED & MUSTARD (TORIA/TARAMIRA),mustard,46,0,107,107
2015,12,BALLARI,6,SANDUR,LINSEED,linseed,0,0,0,0
2015,12,BALLARI,6,SANDUR,COCONUT,coconut,8,3,0,3
2015,12,BALLARI,6,SANDUR,SUNFLOWER,sunflower,169,21,201,222
2015,12,BALLARI,6,SANDUR,SOYABEAN,soybean,0,0,0,0
2015,12,BALLARI,6,SANDUR,NIGERSEED,niger seed,75,0,41,41
2015,12,BALLARI,6,SANDUR,COTTON,cotton,1173,67,1293,1360
2015,12,BALLARI,6,SANDUR,JUTE,jute,8,0,12,12
2015,12,BALLARI,6,SANDUR,MESTA,mesta,0,0,0,0
2015,12,BALLARI,6,SANDUR,TOBACCO,tobacco,0,0,0,0
2015,12,BALLARI,6,SANDUR,GUAR,guar,0,0,0,0
2015,12,BALLARI,6,SANDUR,COFFEE,coffee,0,0,0,0
2015,12,BALLARI,6,SANDUR,GROSS CROPPED AREA,,26482,1201,35282,36483
2015,12,BALLARI,4,SIRUGUPPA,PADDY,rice,25653,37738,2512,40250
2015,12,BALLARI,4,SIRUGUPPA,JOWAR,jowar,276,138,365,503
2015,12,BALLARI,4,SIRUGUPPA,BAJRA,bajra,153,8,199,207
2015,12,BALLARI,4,SIRUGUPPA,MAIZE,maize,262,165,429,594
2015,12,BALLARI,4,SIRUGUPPA,RAGI,ragi,18,0,26,26
2015,12,BALLARI,4,SIRUGUPPA,WHEAT,wheat,0,0,0,0
2015,12,BALLARI,4,SIRUGUPPA,BARLEY,barley,65,7,126,132
2015,12,BALLARI,4,SIRUGUPPA,GRAM,chickpea,11,10,8,18
2015,12,BALLARI,4,SIRUGUPPA,TUR (ARHAR),pigeonpea (tur),350,131,508,639
2015,12,BALLARI,4,SIRUGUPPA,URAD,black gram,0,0,0,0
2015,12,BALLARI,4,SIRUGUPPA,MOONG,green gram,0,0,0,0
2015,12,BALLARI,4,SIRUGUPPA,MASUR,lentil,0,0,0,0
2015,12,BALLARI,4,SIRUGUPPA,HORSEGRAM,horse gram,0,0,0,0
2015,12,BALLARI,4,SIRUGUPPA,MOTH,moth bean,0,0,0,0
2015,12,BALLARI,4,SIRUGUPPA,SUGARCANE,sugarcane,174,503,0,503
2015,12,BALLARI,4,SIRUGUPPA,PEPPER (BLACK),black pepper,4,2,0,2
2015,12,BALLARI,4,SIRUGUPPA,CHILLIES,chilli,330,411,413,824
2015,12,BALLARI,4,SIRUGUPPA,GINGER,ginger,0,0,0,0
2015,12,BALLARI,4,SIRUGUPPA,TURMERIC,turmeric,0,0,0,0
2015,12,BALLARI,4,SIRUGUPPA,CARDAMOM (SMALL),cardamom,5,0,18,18
2015,12,BALLARI,4,SIRUGUPPA,CARDAMOM (LARGE),cardamom,0,0,0,0
2015,12,BALLARI,4,SIRUGUPPA,BETELNUTS (ARECANUTS),arecanut,0,0,0,0
2015,12,BALLARI,4,SIRUGUPPA,MANGOES,mango,0,0,0,0
2015,12,BALLARI,4,SIRUGUPPA,BANANA,banana,0,0,0,0
2015,12,BALLARI,4,SIRUGUPPA,TABLE GRAPES,grapes,0,0,0,0
2015,12,BALLARI,4,SIRUGUPPA,WINE GRAPES (BLACK),grapes,0,0,0,0
2015,12,BALLARI,4,SIRUGUPPA,CASHEWNUTS,cashewnut,0,0,0,0
2015,12,BALLARI,4,SIRUGUPPA,POMEGRANATE,pomegranate,16,51,0,51
2015,12,BALLARI,4,SIRUGUPPA,POTATO,potato,0,0,0,0
2015,12,BALLARI,4,SIRUGUPPA,TAPIOCA (CASSAVA),tapioca,0,0,0,0
2015,12,BALLARI,4,SIRUGUPPA,SWEET POTATO,sweet potato,0,0,0,0
2015,12,BALLARI,4,SIRUGUPPA,ONION,onion,21,0,28,28
2015,12,BALLARI,4,SIRUGUPPA,TOMATO,tomato,0,0,0,0
2015,12,BALLARI,4,SIRUGUPPA,GROUNDNUT,groundnut,167,46,154,200
2015,12,BALLARI,4,SIRUGUPPA,CASTORSEED,castor,0,0,0,0
2015,12,BALLARI,4,SIRUGUPPA,SESAMUM (TIL),sesame,5,4,0,4
2015,12,BALLARI,4,SIRUGUPPA,RAPESEED & MUSTARD (TORIA/TARAMIRA),mustard,0,0,0,0
2015,12,BALLARI,4,SIRUGUPPA,LINSEED,linseed,0,0,0,0
2015,12,BALLARI,4,SIRUGUPPA,COCONUT,coconut,0,0,0,0
2015,12,BALLARI,4,SIRUGUPPA,SUNFLOWER,sunflower,810,393,751,1144
2015,12,BALLARI,4,SIRUGUPPA,SOYABEAN,soybean,27,30,9,39
2015,12,BALLARI,4,SIRUGUPPA,NIGERSEED,niger seed,5,0,5,5
2015,12,BALLARI,4,SIRUGUPPA,COTTON,cotton,20031,13261,24836,38097
2015,12,BALLARI,4,SIRUGUPPA,JUTE,jute,5,0,6,6
2015,12,BALLARI,4,SIRUGUPPA,MESTA,mesta,0,0,0,0
2015,12,BALLARI,4,SIRUGUPPA,TOBACCO,tobacco,0,0,0,0
2015,12,BALLARI,4,SIRUGUPPA,GUAR,guar,0,0,0,0
2015,12,BALLARI,4,SIRUGUPPA,COFFEE,coffee,0,0,0,0
2015,12,BALLARI,4,SIRUGUPPA,GROSS CROPPED AREA,,48034,53279,31142,84421
2015,1,BELAGAVI,2,ATHANI,PADDY,rice,918,449,529,978
2015,1,BELAGAVI,2,ATHANI,JOWAR,jowar,28092,4253,26419,30671
2015,1,BELAGAVI,2,ATHANI,BAJRA,bajra,2714,917,2192,3109
2015,1,BELAGAVI,2,ATHANI,MAIZE,maize,44067,29286,16206,45492
2015,1,BELAGAVI,2,ATHANI,RAGI,ragi,79,66,24,90
2015,1,BELAGAVI,2,ATHANI,WHEAT,wheat,27898,13513,9563,23075
2015,1,BELAGAVI,2,ATHANI,BARLEY,barley,75,31,42,74
2015,1,BELAGAVI,2,ATHANI,GRAM,chickpea,23277,7427,8775,16203
2015,1,BELAGAVI,2,ATHANI,TUR (ARHAR),pigeonpea (tur),6075,1579,3576,5155
2015,1,BELAGAVI,2,ATHANI,URAD,black gram,7030,2005,3244,5248
2015,1,BELAGAVI,2,ATHANI,MOONG,green gram,6763,1265,3179,4445
2015,1,BELAGAVI,2,ATHANI,MASUR,lentil,392,4,165,169
2015,1,BELAGAVI,2,ATHANI,HORSEGRAM,horse gram,779,69,899,969
2015,1,BELAGAVI,2,ATHANI,MOTH,moth bean,119,49,23,72
2015,1,BELAGAVI,2,ATHANI,SUGARCANE,sugarcane,38854,51090,0,51090
2015,1,BELAGAVI,2,ATHANI,PEPPER (BLACK),black pepper,67,57,0,57
2015,1,BELAGAVI,2,ATHANI,CHILLIES,chilli,12,3,0,3
2015,1,BELAGAVI,2,ATHANI,GINGER,ginger,0,0,0,0
2015,1,BELAGAVI,2,ATHANI,TURMERIC,turmeric,5761,4170,31,4201
2015,1,BELAGAVI,2,ATHANI,CARDAMOM (SMALL),cardamom,0,0,0,0
2015,1,BELAGAVI,2,ATHANI,CARDAMOM (LARGE),cardamom,4,2,0,2
2015,1,BELAGAVI,2,ATHANI,BETELNUTS (ARECANUTS),arecanut,0,0,0,0
2015,1,BELAGAVI,2,ATHANI,MANGOES,mango,175,104,2,107
2015,1,BELAGAVI,2,ATHANI,BANANA,banana,804,614,7,621
2015,1,BELAGAVI,2,ATHANI,TABLE GRAPES,grapes,1682,1327,0,1327
2015,1,BELAGAVI,2,ATHANI,WINE GRAPES (BLACK),grapes,0,0,0,0
2015,1,BELAGAVI,2,ATHANI,CASHEWNUTS,cashewnut,37,25,10,34
2015,1,BELAGAVI,2,ATHANI,POMEGRANATE,pomegranate,393,284,6,290
2015,1,BELAGAVI,2,ATHANI,POTATO,potato,12,2,11,12
2015,1,BELAGAVI,2,ATHANI,TAPIOCA (CASSAVA),tapioca,0,0,0,0
2015,1,BELAGAVI,2,ATHANI,SWEET POTATO,sweet potato,4,1,0,1
2015,1,BELAGAVI,2,ATHANI,ONION,onion,749,473,33,506
2015,1,BELAGAVI,2,ATHANI,TOMATO,tomato,1676,906,228,1134
2015,1,BELAGAVI,2,ATHANI,GROUNDNUT,groundnut,9975,4617,1969,6587
2015,1,BELAGAVI,2,ATHANI,CASTORSEED,castor,16,1,8,10
2015,1,BELAGAVI,2,ATHANI,SESAMUM (TIL),sesame,9,10,0,10
2015,1,BELAGAVI,2,ATHANI,RAPESEED & MUSTARD (TORIA/TARAMIRA),mustard,531,16,1165,1181
2015,1,BELAGAVI,2,ATHANI,LINSEED,linseed,887,748,44,792
2015,1,BELAGAVI,2,ATHANI,COCONUT,coconut,59,36,16,52
2015,1,BELAGAVI,2,ATHANI,SUNFLOWER,sunflower,2137,244,1054,1298
2015,1,BELAGAVI,2,ATHANI,SOYABEAN,soybean,5273,3654,364,4018
2015,1,BELAGAVI,2,ATHANI,NIGERSEED,niger seed,0,0,0,0
2015,1,BELAGAVI,2,ATHANI,COTTON,cotton,78,53,0,54
2015,1,BELAGAVI,2,ATHANI,JUTE,jute,22,5,0,5
2015,1,BELAGAVI,2,ATHANI,MESTA,mesta,0,0,0,0
2015,1,BELAGAVI,2,ATHANI,TOBACCO,tobacco,0,0,0,0
2015,1,BELAGAVI,2,ATHANI,GUAR,guar,203,232,0,232
2015,1,BELAGAVI,2,ATHANI,COFFEE,coffee,0,0,0,0
2015,1,BELAGAVI,2,ATHANI,GROSS CROPPED AREA,,105529,134367,80933,215300
2015,1,BELAGAVI,8,BAILHONGAL,PADDY,rice,11528,2587,4550,7137
2015,1,BELAGAVI,8,BAILHONGAL,JOWAR,jowar,24077,285,20809,21095
2015,1,BELAGAVI,8,BAILHONGAL,BAJRA,bajra,538,0,498,498
2015,1,BELAGAVI,8,BAILHONGAL,MAIZE,maize,8463,459,7730,8189
2015,1,BELAGAVI,8,BAILHONGAL,RAGI,ragi,6,0,10,10
2015,1,BELAGAVI,8,BAILHONGAL,WHEAT,wheat,3650,57,3011,3068
2015,1,BELAGAVI,8,BAILHONGAL,BARLEY,barley,19,0,32,32
2015,1,BELAGAVI,8,BAILHONGAL,GRAM,chickpea,6412,126,5364,5491
2015,1,BELAGAVI,8,BAILHONGAL,TUR (ARHAR),pigeonpea (tur),324,0,177,177
2015,1,BELAGAVI,8,BAILHONGAL,URAD,black gram,436,15,222,237
2015,1,BELAGAVI,8,BAILHONGAL,MOONG,green gram,4340,112,3291,3403
2015,1,BELAGAVI,8,BAILHONGAL,MASUR,lentil,6,0,2,2
2015,1,BELAGAVI,8,BAILHONGAL,HORSEGRAM,horse gram,47,0,41,41
2015,1,BELAGAVI,8,BAILHONGAL,MOTH,moth bean,12,0,8,8
2015,1,BELAGAVI,8,BAILHONGAL,SUGARCANE,sugarcane,14126,12696,0,12696
2015,1,BELAGAVI,8,BAILHONGAL,PEPPER (BLACK),black pepper,0,0,0,0
2015,1,BELAGAVI,8,BAILHONGAL,CHILLIES,chilli,6,1,0,1
2015,1,BELAGAVI,8,BAILHONGAL,GINGER,ginger,16,4,3,7
2015,1,BELAGAVI,8,BAILHONGAL,TURMERIC,turmeric,12,7,0,7
2015,1,BELAGAVI,8,BAILHONGAL,CARDAMOM (SMALL),cardamom,0,0,0,0
2015,1,BELAGAVI,8,BAILHONGAL,CARDAMOM (LARGE),cardamom,0,0,0,0
2015,1,BELAGAVI,8,BAILHONGAL,BETELNUTS (ARECANUTS),arecanut,0,0,0,0
2015,1,BELAGAVI,8,BAILHONGAL,MANGOES,mango,510,249,1290,1539
2015,1,BELAGAVI,8,BAILHONGAL,BANANA,banana,34,19,8,27
2015,1,BELAGAVI,8,BAILHONGAL,TABLE GRAPES,grapes,0,0,0,0
2015,1,BELAGAVI,8,BAILHONGAL,WINE GRAPES (BLACK),grapes,0,0,0,0
2015,1,BELAGAVI,8,BAILHONGAL,CASHEWNUTS,cashewnut,8,0,61,61
2015,1,BELAGAVI,8,BAILHONGAL,POMEGRANATE,pomegranate,0,0,0,0
2015,1,BELAGAVI,8,BAILHONGAL,POTATO,potato,6,9,0,9
2015,1,BELAGAVI,8,BAILHONGAL,TAPIOCA (CASSAVA),tapioca,22,0,8,8
2015,1,BELAGAVI,8,BAILHONGAL,SWEET POTATO,sweet potato,101,85,0,85
2015,1,BELAGAVI,8,BAILHONGAL,ONION,onion,88,50,7,57
2015,1,BELAGAVI,8,BAILHONGAL,TOMATO,tomato,1494,544,49,592
2015,1,BELAGAVI,8,BAILHONGAL,GROUNDNUT,groundnut,8244,71,6868,6939
2015,1,BELAGAVI,8,BAILHONGAL,CASTORSEED,castor,62,3,30,33
2015,1,BELAGAVI,8,BAILHONGAL,SESAMUM (TIL),sesame,25,0,6,6
2015,1,BELAGAVI,8,BAILHONGAL,RAPESEED & MUSTARD (TORIA/TARAMIRA),mustard,33,0,25,25
2015,1,BELAGAVI,8,BAILHONGAL,LINSEED,linseed,6,0,4,4
2015,1,BELAGAVI,8,BAILHONGAL,COCONUT,coconut,35,4,18,22
2015,1,BELAGAVI,8,BAILHONGAL,SUNFLOWER,sunflower,754,11,489,499
2015,1,BELAGAVI,8,BAILHONGAL,SOYABEAN,soybean,28186,858,27671,28529
2015,1,BELAGAVI,8,BAILHONGAL,NIGERSEED,niger seed,6,5,0,5
2015,1,BELAGAVI,8,BAILHONGAL,COTTON,cotton,14128,586,13714,14300
2015,1,BELAGAVI,8,BAILHONGAL,JUTE,jute,204,0,203,203
2015,1,BELAGAVI,8,BAILHONGAL,MESTA,mesta,5,0,2,2
2015,1,BELAGAVI,8,BAILHONGAL,TOBACCO,tobacco,456,4,492,496
2015,1,BELAGAVI,8,BAILHONGAL,GUAR,guar,5,0,2,2
2015,1,BELAGAVI,8,BAILHONGAL,COFFEE,coffee,0,0,0,0
2015,1,BELAGAVI,8,BAILHONGAL,GROSS CROPPED AREA,,58114,20761,98425,119187
2015,1,BELAGAVI,6,BELGAUM,PADDY,rice,41586,1736,27791,29526
2015,1,BELAGAVI,6,BELGAUM,JOWAR,jowar,8727,266,4846,5112
2015,1,BELAGAVI,6,BELGAUM,BAJRA,bajra,720,35,410,445
2015,1,BELAGAVI,6,BELGAUM,MAIZE,maize,616,59,283,342
2015,1,BELAGAVI,6,BELGAUM,RAGI,ragi,1716,14,1016,1030
2015,1,BELAGAVI,6,BELGAUM,WHEAT,wheat,1415,249,259,508
2015,1,BELAGAVI,6,BELGAUM,BARLEY,barley,16,2,3,5
2015,1,BELAGAVI,6,BELGAUM,GRAM,chickpea,1678,41,803,843
2015,1,BELAGAVI,6,BELGAUM,TUR (ARHAR),pigeonpea (tur),5,0,4,4
2015,1,BELAGAVI,6,BELGAUM,URAD,black gram,12,0,7,7
2015,1,BELAGAVI,6,BELGAUM,MOONG,green gram,17,0,2,2
2015,1,BELAGAVI,6,BELGAUM,MASUR,lentil,2319,48,1279,1326
2015,1,BELAGAVI,6,BELGAUM,HORSEGRAM,horse gram,16,0,8,8
2015,1,BELAGAVI,6,BELGAUM,MOTH,moth bean,0,0,0,0
2015,1,BELAGAVI,6,BELGAUM,SUGARCANE,sugarcane,2756,2872,0,2872
2015,1,BELAGAVI,6,BELGAUM,PEPPER (BLACK),black pepper,0,0,0,0
2015,1,BELAGAVI,6,BELGAUM,CHILLIES,chilli,63,19,0,19
2015,1,BELAGAVI,6,BELGAUM,GINGER,ginger,0,0,0,0
2015,1,BELAGAVI,6,BELGAUM,TURMERIC,turmeric,0,0,0,0
2015,1,BELAGAVI,6,BELGAUM,CARDAMOM (SMALL),cardamom,0,0,0,0
2015,1,BELAGAVI,6,BELGAUM,CARDAMOM (LARGE),cardamom,0,0,0,0
2015,1,BELAGAVI,6,BELGAUM,BETELNUTS (ARECANUTS),arecanut,9,14,0,14
2015,1,BELAGAVI,6,BELGAUM,MANGOES,mango,329,29,569,598
2015,1,BELAGAVI,6,BELGAUM,BANANA,banana,66,57,0,57
2015,1,BELAGAVI,6,BELGAUM,TABLE GRAPES,grapes,0,0,0,0
2015,1,BELAGAVI,6,BELGAUM,WINE GRAPES (BLACK),grapes,4,9,0,9
2015,1,BELAGAVI,6,BELGAUM,CASHEWNUTS,cashewnut,258,22,309,332
2015,1,BELAGAVI,6,BELGAUM,POMEGRANATE,pomegranate,0,0,0,0
2015,1,BELAGAVI,6,BELGAUM,POTATO,potato,5815,30,4785,4815
2015,1,BELAGAVI,6,BELGAUM,TAPIOCA (CASSAVA),tapioca,19,0,19,19
2015,1,BELAGAVI,6,BELGAUM,SWEET POTATO,sweet potato,2047,9,1747,1756
2015,1,BELAGAVI,6,BELGAUM,ONION,onion,37,13,0,13
2015,1,BELAGAVI,6,BELGAUM,TOMATO,tomato,1282,392,186,578
2015,1,BELAGAVI,6,BELGAUM,GROUNDNUT,groundnut,6026,11,4188,4199
2015,1,BELAGAVI,6,BELGAUM,CASTORSEED,castor,5,0,2,2
2015,1,BELAGAVI,6,BELGAUM,SESAMUM (TIL),sesame,0,0,0,0
2015,1,BELAGAVI,6,BELGAUM,RAPESEED & MUSTARD (TORIA/TARAMIRA),mustard,657,9,232,241
2015,1,BELAGAVI,6,BELGAUM,LINSEED,linseed,10,0,4,4
2015,1,BELAGAVI,6,BELGAUM,COCONUT,coconut,4,2,0,2
2015,1,BELAGAVI,6,BELGAUM,SUNFLOWER,sunflower,46,5,13,17
2015,1,BELAGAVI,6,BELGAUM,SOYABEAN,soybean,6406,77,5136,5213
2015,1,BELAGAVI,6,BELGAUM,NIGERSEED,niger seed,5,0,4,4
2015,1,BELAGAVI,6,BELGAUM,COTTON,cotton,1824,13,2378,2390
2015,1,BELAGAVI,6,BELGAUM,JUTE,jute,11,0,17,17
2015,1,BELAGAVI,6,BELGAUM,MESTA,mesta,0,0,0,0
2015,1,BELAGAVI,6,BELGAUM,TOBACCO,tobacco,0,0,0,0
2015,1,BELAGAVI,6,BELGAUM,GUAR,guar,0,0,0,0
2015,1,BELAGAVI,6,BELGAUM,COFFEE,coffee,0,0,0,0
2015,1,BELAGAVI,6,BELGAUM,GROSS CROPPED AREA,,53991,7919,58250,66169
2015,1,BELAGAVI,1,CHIKKODI,PADDY,rice,3118,345,1728,2073
2015,1,BELAGAVI,1,CHIKKODI,JOWAR,jowar,29868,2045,16472,18517
2015,1,BELAGAVI,1,CHIKKODI,BAJRA,bajra,2025,61,1196,1257
2015,1,BELAGAVI,1,CHIKKODI,MAIZE,maize,21650,7155,9300,16455
2015,1,BELAGAVI,1,CHIKKODI,RAGI,ragi,288,10,46,56
2015,1,BELAGAVI,1,CHIKKODI,WHEAT,wheat,9952,3593,2692,6285
2015,1,BELAGAVI,1,CHIKKODI,BARLEY,barley,20,5,18,24
2015,1,BELAGAVI,1,CHIKKODI,GRAM,chickpea,9659,1471,3421,4892
2015,1,BELAGAVI,1,CHIKKODI,TUR (ARHAR),pigeonpea (tur),1511,20,824,843
2015,1,BELAGAVI,1,CHIKKODI,URAD,black gram,4044,132,3085,3217
2015,1,BELAGAVI,1,CHIKKODI,MOONG,green gram,3206,151,2758,2909
2015,1,BELAGAVI,1,CHIKKODI,MASUR,lentil,6,0,2,2
2015,1,BELAGAVI,1,CHIKKODI,HORSEGRAM,horse gram,298,37,102,139
2015,1,BELAGAVI,1,CHIKKODI,MOTH,moth bean,0,0,0,0
2015,1,BELAGAVI,1,CHIKKODI,SUGARCANE,sugarcane,35815,35390,0,35390
2015,1,BELAGAVI,1,CHIKKODI,PEPPER (BLACK),black pepper,352,134,21,156
2015,1,BELAGAVI,1,CHIKKODI,CHILLIES,chilli,162,23,1,24
2015,1,BELAGAVI,1,CHIKKODI,GINGER,ginger,0,0,0,0
2015,1,BELAGAVI,1,CHIKKODI,TURMERIC,turmeric,0,0,0,0
2015,1,BELAGAVI,1,CHIKKODI,CARDAMOM (SMALL),cardamom,0,0,0,0
2015,1,BELAGAVI,1,CHIKKODI,CARDAMOM (LARGE),cardamom,0,0,0,0
2015,1,BELAGAVI,1,CHIKKODI,BETELNUTS (ARECANUTS),arecanut,0,0,0,0
2015,1,BELAGAVI,1,CHIKKODI,MANGOES,mango,5,0,2,2
2015,1,BELAGAVI,1,CHIKKODI,BANANA,banana,92,51,2,53
2015,1,BELAGAVI,1,CHIKKODI,TABLE GRAPES,grapes,45,56,0,56
2015,1,BELAGAVI,1,CHIKKODI,WINE GRAPES (BLACK),grapes,0,0,0,0
2015,1,BELAGAVI,1,CHIKKODI,CASHEWNUTS,cashewnut,0,0,0,0
2015,1,BELAGAVI,1,CHIKKODI,POMEGRANATE,pomegranate,0,0,0,0
2015,1,BELAGAVI,1,CHIKKODI,POTATO,potato,5,0,2,2
2015,1,BELAGAVI,1,CHIKKODI,TAPIOCA (CASSAVA),tapioca,11,0,4,4
2015,1,BELAGAVI,1,CHIKKODI,SWEET POTATO,sweet potato,11,0,4,4
2015,1,BELAGAVI,1,CHIKKODI,ONION,onion,232,14,105,120
2015,1,BELAGAVI,1,CHIKKODI,TOMATO,tomato,90,14,6,20
2015,1,BELAGAVI,1,CHIKKODI,GROUNDNUT,groundnut,11396,1437,5862,7299
2015,1,BELAGAVI,1,CHIKKODI,CASTORSEED,castor,36,8,16,24
2015,1,BELAGAVI,1,CHIKKODI,SESAMUM (TIL),sesame,11,0,5,5
2015,1,BELAGAVI,1,CHIKKODI,RAPESEED & MUSTARD (TORIA/TARAMIRA),mustard,21,20,24,44
2015,1,BELAGAVI,1,CHIKKODI,LINSEED,linseed,37,4,11,15
2015,1,BELAGAVI,1,CHIKKODI,COCONUT,coconut,5,0,2,2
2015,1,BELAGAVI,1,CHIKKODI,SUNFLOWER,sunflower,222,22,185,207
2015,1,BELAGAVI,1,CHIKKODI,SOYABEAN,soybean,20179,4132,8992,13124
2015,1,BELAGAVI,1,CHIKKODI,NIGERSEED,niger seed,16,0,4,4
2015,1,BELAGAVI,1,CHIKKODI,COTTON,cotton,2907,476,2390,2866
2015,1,BELAGAVI,1,CHIKKODI,JUTE,jute,5,0,4,4
2015,1,BELAGAVI,1,CHIKKODI,MESTA,mesta,0,0,0,0
2015,1,BELAGAVI,1,CHIKKODI,TOBACCO,tobacco,9921,4514,4798,9311
2015,1,BELAGAVI,1,CHIKKODI,GUAR,guar,5,2,0,2
2015,1,BELAGAVI,1,CHIKKODI,COFFEE,coffee,0,0,0,0
2015,1,BELAGAVI,1,CHIKKODI,GROSS CROPPED AREA,,95388,61810,65381,127191
2015,1,BELAGAVI,4,GOKAK,PADDY,rice,975,259,1388,1648
2015,1,BELAGAVI,4,GOKAK,JOWAR,jowar,8403,4116,2966,7082
2015,1,BELAGAVI,4,GOKAK,BAJRA,bajra,454,79,413,492
2015,1,BELAGAVI,4,GOKAK,MAIZE,maize,36670,34625,6391,41016
2015,1,BELAGAVI,4,GOKAK,RAGI,ragi,353,431,0,431
2015,1,BELAGAVI,4,GOKAK,WHEAT,wheat,16501,12286,3819,16105
2015,1,BELAGAVI,4,GOKAK,BARLEY,barley,49,19,11,31
2015,1,BELAGAVI,4,GOKAK,GRAM,chickpea,717,333,54,387
2015,1,BELAGAVI,4,GOKAK,TUR (ARHAR),pigeonpea (tur),411,238,5,243
2015,1,BELAGAVI,4,GOKAK,URAD,black gram,8,0,6,6
2015,1,BELAGAVI,4,GOKAK,MOONG,green gram,1138,763,40,803
2015,1,BELAGAVI,4,GOKAK,MASUR,lentil,0,0,0,0
2015,1,BELAGAVI,4,GOKAK,HORSEGRAM,horse gram,1458,1050,37,1088
2015,1,BELAGAVI,4,GOKAK,MOTH,moth bean,12,6,0,6
2015,1,BELAGAVI,4,GOKAK,SUGARCANE,sugarcane,32355,49641,0,49641
2015,1,BELAGAVI,4,GOKAK,PEPPER (BLACK),black pepper,18,9,0,9
2015,1,BELAGAVI,4,GOKAK,CHILLIES,chilli,0,0,0,0
2015,1,BELAGAVI,4,GOKAK,GINGER,ginger,0,0,0,0
2015,1,BELAGAVI,4,GOKAK,TURMERIC,turmeric,2867,2339,0,2339
2015,1,BELAGAVI,4,GOKAK,CARDAMOM (SMALL),cardamom,0,0,0,0
2015,1,BELAGAVI,4,GOKAK,CARDAMOM (LARGE),cardamom,6,8,0,8
2015,1,BELAGAVI,4,GOKAK,BETELNUTS (ARECANUTS),arecanut,6,9,0,9
2015,1,BELAGAVI,4,GOKAK,MANGOES,mango,0,0,0,0
2015,1,BELAGAVI,4,GOKAK,BANANA,banana,152,145,0,145
2015,1,BELAGAVI,4,GOKAK,TABLE GRAPES,grapes,0,0,0,0
2015,1,BELAGAVI,4,GOKAK,WINE GRAPES (BLACK),grapes,0,0,0,0
2015,1,BELAGAVI,4,GOKAK,CASHEWNUTS,cashewnut,0,0,0,0
2015,1,BELAGAVI,4,GOKAK,POMEGRANATE,pomegranate,0,0,0,0
2015,1,BELAGAVI,4,GOKAK,POTATO,potato,6,2,0,2
2015,1,BELAGAVI,4,GOKAK,TAPIOCA (CASSAVA),tapioca,0,0,0,0
2015,1,BELAGAVI,4,GOKAK,SWEET POTATO,sweet potato,56,11,0,11
2015,1,BELAGAVI,4,GOKAK,ONION,onion,138,37,0,37
2015,1,BELAGAVI,4,GOKAK,TOMATO,tomato,739,268,0,268
2015,1,BELAGAVI,4,GOKAK,GROUNDNUT,groundnut,1799,976,520,1495
2015,1,BELAGAVI,4,GOKAK,CASTORSEED,castor,213,191,2,193
2015,1,BELAGAVI,4,GOKAK,SESAMUM (TIL),sesame,405,175,0,175
2015,1,BELAGAVI,4,GOKAK,RAPESEED & MUSTARD (TORIA/TARAMIRA),mustard,119,141,0,141
2015,1,BELAGAVI,4,GOKAK,LINSEED,linseed,14,18,0,18
2015,1,BELAGAVI,4,GOKAK,COCONUT,coconut,187,134,5,139
2015,1,BELAGAVI,4,GOKAK,SUNFLOWER,sunflower,4158,2953,585,3538
2015,1,BELAGAVI,4,GOKAK,SOYABEAN,soybean,7880,6889,296,7184
2015,1,BELAGAVI,4,GOKAK,NIGERSEED,niger seed,6,3,0,3
2015,1,BELAGAVI,4,GOKAK,COTTON,cotton,4915,2608,1818,4426
2015,1,BELAGAVI,4,GOKAK,JUTE,jute,72,52,0,52
2015,1,BELAGAVI,4,GOKAK,MESTA,mesta,0,0,0,0
2015,1,BELAGAVI,4,GOKAK,TOBACCO,tobacco,552,0,395,395
2015,1,BELAGAVI,4,GOKAK,GUAR,guar,12,7,0,7
2015,1,BELAGAVI,4,GOKAK,COFFEE,coffee,0,0,0,0
2015,1,BELAGAVI,4,GOKAK,GROSS CROPPED AREA,,67512,128725,18982,147707
2015,1,BELAGAVI,5,HUKKERI,PADDY,rice,4794,700,2118,2818
2015,1,BELAGAVI,5,HUKKERI,JOWAR,jowar,23421,549,12828,13377
2015,1,BELAGAVI,5,HUKKERI,BAJRA,bajra,125,7,42,50
2015,1,BELAGAVI,5,HUKKERI,MAIZE,maize,12795,3153,3373,6526
2015,1,BELAGAVI,5,HUKKERI,RAGI,ragi,23,2,5,7
2015,1,BELAGAVI,5,HUKKERI,WHEAT,wheat,1509,385,224,609
2015,1,BELAGAVI,5,HUKKERI,BARLEY,barley,27,9,4,13
2015,1,BELAGAVI,5,HUKKERI,GRAM,chickpea,7895,103,2441,2544
2015,1,BELAGAVI,5,HUKKERI,TUR (ARHAR),pigeonpea (tur),377,1,120,121
2015,1,BELAGAVI,5,HUKKERI,URAD,black gram,1177,2,206,208
2015,1,BELAGAVI,5,HUKKERI,MOONG,green gram,1089,2,204,206
2015,1,BELAGAVI,5,HUKKERI,MASUR,lentil,6,0,1,1
2015,1,BELAGAVI,5,HUKKERI,HORSEGRAM,horse gram,20,0,9,9
2015,1,BELAGAVI,5,HUKKERI,MOTH,moth bean,36,0,11,11
2015,1,BELAGAVI,5,HUKKERI,SUGARCANE,sugarcane,13346,13533,0,13533
2015,1,BELAGAVI,5,HUKKERI,PEPPER (BLACK),black pepper,1051,73,173,246
2015,1,BELAGAVI,5,HUKKERI,CHILLIES,chilli,439,13,126,139
2015,1,BELAGAVI,5,HUKKERI,GINGER,ginger,5,0,1,1
2015,1,BELAGAVI,5,HUKKERI,TURMERIC,turmeric,13,1,2,3
2015,1,BELAGAVI,5,HUKKERI,CARDAMOM (SMALL),cardamom,0,0,0,0
2015,1,BELAGAVI,5,HUKKERI,CARDAMOM (LARGE),cardamom,0,0,0,0
2015,1,BELAGAVI,5,HUKKERI,BETELNUTS (ARECANUTS),arecanut,112,5,21,26
2015,1,BELAGAVI,5,HUKKERI,MANGOES,mango,102,11,30,42
2015,1,BELAGAVI,5,HUKKERI,BANANA,banana,79,33,18,52
2015,1,BELAGAVI,5,HUKKERI,TABLE GRAPES,grapes,0,0,0,0
2015,1,BELAGAVI,5,HUKKERI,WINE GRAPES (BLACK),grapes,0,0,0,0
2015,1,BELAGAVI,5,HUKKERI,CASHEWNUTS,cashewnut,74,0,36,36
2015,1,BELAGAVI,5,HUKKERI,POMEGRANATE,pomegranate,0,0,0,0
2015,1,BELAGAVI,5,HUKKERI,POTATO,potato,489,9,292,301
2015,1,BELAGAVI,5,HUKKERI,TAPIOCA (CASSAVA),tapioca,83,5,31,36
2015,1,BELAGAVI,5,HUKKERI,SWEET POTATO,sweet potato,4,0,1,1
2015,1,BELAGAVI,5,HUKKERI,ONION,onion,13,3,0,3
2015,1,BELAGAVI,5,HUKKERI,TOMATO,tomato,476,153,0,153
2015,1,BELAGAVI,5,HUKKERI,GROUNDNUT,groundnut,8885,288,4504,4791
2015,1,BELAGAVI,5,HUKKERI,CASTORSEED,castor,82,13,20,33
2015,1,BELAGAVI,5,HUKKERI,SESAMUM (TIL),sesame,6,0,4,4
2015,1,BELAGAVI,5,HUKKERI,RAPESEED & MUSTARD (TORIA/TARAMIRA),mustard,74,2,72,74
2015,1,BELAGAVI,5,HUKKERI,LINSEED,linseed,22,3,11,14
2015,1,BELAGAVI,5,HUKKERI,COCONUT,coconut,4,1,0,1
2015,1,BELAGAVI,5,HUKKERI,SUNFLOWER,sunflower,803,0,197,197
2015,1,BELAGAVI,5,HUKKERI,SOYABEAN,soybean,32464,2383,24295,26677
2015,1,BELAGAVI,5,HUKKERI,NIGERSEED,niger seed,14,0,10,10
2015,1,BELAGAVI,5,HUKKERI,COTTON,cotton,4795,175,2737,2912
2015,1,BELAGAVI,5,HUKKERI,JUTE,jute,61,20,26,46
2015,1,BELAGAVI,5,HUKKERI,MESTA,mesta,14,0,10,10
2015,1,BELAGAVI,5,HUKKERI,TOBACCO,tobacco,4149,72,2420,2492
2015,1,BELAGAVI,5,HUKKERI,GUAR,guar,550,418,22,440
2015,1,BELAGAVI,5,HUKKERI,COFFEE,coffee,0,0,0,0
2015,1,BELAGAVI,5,HUKKERI,GROSS CROPPED AREA,,54125,22770,57629,80399
2015,1,BELAGAVI,7,KHANAPUR,PADDY,rice,33580,1690,36669,38359
2015,1,BELAGAVI,7,KHANAPUR,JOWAR,jowar,6,0,10,10
2015,1,BELAGAVI,7,KHANAPUR,BAJRA,bajra,0,0,0,0
2015,1,BELAGAVI,7,KHANAPUR,MAIZE,maize,282,156,170,326
2015,1,BELAGAVI,7,KHANAPUR,RAGI,ragi,190,5,40,46
2015,1,BELAGAVI,7,KHANAPUR,WHEAT,wheat,16,0,29,29
2015,1,BELAGAVI,7,KHANAPUR,BARLEY,barley,31,0,30,30
2015,1,BELAGAVI,7,KHANAPUR,GRAM,chickpea,249,3,150,153
2015,1,BELAGAVI,7,KHANAPUR,TUR (ARHAR),pigeonpea (tur),0,0,0,0
2015,1,BELAGAVI,7,KHANAPUR,URAD,black gram,0,0,0,0
2015,1,BELAGAVI,7,KHANAPUR,MOONG,green gram,0,0,0,0
2015,1,BELAGAVI,7,KHANAPUR,MASUR,lentil,0,0,0,0
2015,1,BELAGAVI,7,KHANAPUR,HORSEGRAM,horse gram,52,0,57,57
2015,1,BELAGAVI,7,KHANAPUR,MOTH,moth bean,0,0,0,0
2015,1,BELAGAVI,7,KHANAPUR,SUGARCANE,sugarcane,10495,8853,0,8853
2015,1,BELAGAVI,7,KHANAPUR,PEPPER (BLACK),black pepper,13,0,4,4
2015,1,BELAGAVI,7,KHANAPUR,CHILLIES,chilli,0,0,0,0
2015,1,BELAGAVI,7,KHANAPUR,GINGER,ginger,0,0,0,0
2015,1,BELAGAVI,7,KHANAPUR,TURMERIC,turmeric,0,0,0,0
2015,1,BELAGAVI,7,KHANAPUR,CARDAMOM (SMALL),cardamom,0,0,0,0
2015,1,BELAGAVI,7,KHANAPUR,CARDAMOM (LARGE),cardamom,0,0,0,0
2015,1,BELAGAVI,7,KHANAPUR,BETELNUTS (ARECANUTS),arecanut,12,0,8,8
2015,1,BELAGAVI,7,KHANAPUR,MANGOES,mango,664,19,554,573
2015,1,BELAGAVI,7,KHANAPUR,BANANA,banana,80,57,5,61
2015,1,BELAGAVI,7,KHANAPUR,TABLE GRAPES,grapes,0,0,0,0
2015,1,BELAGAVI,7,KHANAPUR,WINE GRAPES (BLACK),grapes,0,0,0,0
2015,1,BELAGAVI,7,KHANAPUR,CASHEWNUTS,cashewnut,702,247,739,986
2015,1,BELAGAVI,7,KHANAPUR,POMEGRANATE,pomegranate,0,0,0,0
2015,1,BELAGAVI,7,KHANAPUR,POTATO,potato,7,0,2,2
2015,1,BELAGAVI,7,KHANAPUR,TAPIOCA (CASSAVA),tapioca,12,0,7,7
2015,1,BELAGAVI,7,KHANAPUR,SWEET POTATO,sweet potato,2121,0,1713,1713
2015,1,BELAGAVI,7,KHANAPUR,ONION,onion,0,0,0,0
2015,1,BELAGAVI,7,KHANAPUR,TOMATO,tomato,0,0,0,0
2015,1,BELAGAVI,7,KHANAPUR,GROUNDNUT,groundnut,829,18,397,415
2015,1,BELAGAVI,7,KHANAPUR,CASTORSEED,castor,0,0,0,0
2015,1,BELAGAVI,7,KHANAPUR,SESAMUM (TIL),sesame,0,0,0,0
2015,1,BELAGAVI,7,KHANAPUR,RAPESEED & MUSTARD (TORIA/TARAMIRA),mustard,0,0,0,0
2015,1,BELAGAVI,7,KHANAPUR,LINSEED,linseed,0,0,0,0
2015,1,BELAGAVI,7,KHANAPUR,COCONUT,coconut,28,0,7,7
2015,1,BELAGAVI,7,KHANAPUR,SUNFLOWER,sunflower,0,0,0,0
2015,1,BELAGAVI,7,KHANAPUR,SOYABEAN,soybean,0,0,0,0
2015,1,BELAGAVI,7,KHANAPUR,NIGERSEED,niger seed,0,0,0,0
2015,1,BELAGAVI,7,KHANAPUR,COTTON,cotton,34,0,33,33
2015,1,BELAGAVI,7,KHANAPUR,JUTE,jute,0,0,0,0
2015,1,BELAGAVI,7,KHANAPUR,MESTA,mesta,0,0,0,0
2015,1,BELAGAVI,7,KHANAPUR,TOBACCO,tobacco,0,0,0,0
2015,1,BELAGAVI,7,KHANAPUR,GUAR,guar,0,0,0,0
2015,1,BELAGAVI,7,KHANAPUR,COFFEE,coffee,0,0,0,0
2015,1,BELAGAVI,7,KHANAPUR,GROSS CROPPED AREA,,38153,11145,42158,53303
2015,1,BELAGAVI,3,RAIBAG,PADDY,rice,293,151,335,486
2015,1,BELAGAVI,3,RAIBAG,JOWAR,jowar,1010,195,886,1080
2015,1,BELAGAVI,3,RAIBAG,BAJRA,bajra,689,104,635,740
2015,1,BELAGAVI,3,RAIBAG,MAIZE,maize,24098,19038,3898,22937
2015,1,BELAGAVI,3,RAIBAG,RAGI,ragi,4,6,0,6
2015,1,BELAGAVI,3,RAIBAG,WHEAT,wheat,2908,2498,42,2540
2015,1,BELAGAVI,3,RAIBAG,BARLEY,barley,18,19,0,19
2015,1,BELAGAVI,3,RAIBAG,GRAM,chickpea,34,0,22,22
2015,1,BELAGAVI,3,RAIBAG,TUR (ARHAR),pigeonpea (tur),108,0,118,118
2015,1,BELAGAVI,3,RAIBAG,URAD,black gram,0,0,0,0
2015,1,BELAGAVI,3,RAIBAG,MOONG,green gram,0,0,0,0
2015,1,BELAGAVI,3,RAIBAG,MASUR,lentil,0,0,0,0
2015,1,BELAGAVI,3,RAIBAG,HORSEGRAM,horse gram,345,318,29,348
2015,1,BELAGAVI,3,RAIBAG,MOTH,moth bean,0,0,0,0
2015,1,BELAGAVI,3,RAIBAG,SUGARCANE,sugarcane,27242,39010,0,39010
2015,1,BELAGAVI,3,RAIBAG,PEPPER (BLACK),black pepper,10,7,0,7
2015,1,BELAGAVI,3,RAIBAG,CHILLIES,chilli,4,0,0,0
2015,1,BELAGAVI,3,RAIBAG,GINGER,ginger,0,0,0,0
2015,1,BELAGAVI,3,RAIBAG,TURMERIC,turmeric,783,856,0,856
2015,1,BELAGAVI,3,RAIBAG,CARDAMOM (SMALL),cardamom,0,0,0,0
2015,1,BELAGAVI,3,RAIBAG,CARDAMOM (LARGE),cardamom,0,0,0,0
2015,1,BELAGAVI,3,RAIBAG,BETELNUTS (ARECANUTS),arecanut,0,0,0,0
2015,1,BELAGAVI,3,RAIBAG,MANGOES,mango,0,0,0,0
2015,1,BELAGAVI,3,RAIBAG,BANANA,banana,148,256,0,256
2015,1,BELAGAVI,3,RAIBAG,TABLE GRAPES,grapes,4,8,0,8
2015,1,BELAGAVI,3,RAIBAG,WINE GRAPES (BLACK),grapes,0,0,0,0
2015,1,BELAGAVI,3,RAIBAG,CASHEWNUTS,cashewnut,0,0,0,0
2015,1,BELAGAVI,3,RAIBAG,POMEGRANATE,pomegranate,0,0,0,0
2015,1,BELAGAVI,3,RAIBAG,POTATO,potato,0,0,0,0
2015,1,BELAGAVI,3,RAIBAG,TAPIOCA (CASSAVA),tapioca,0,0,0,0
2015,1,BELAGAVI,3,RAIBAG,SWEET POTATO,sweet potato,4,5,0,5
2015,1,BELAGAVI,3,RAIBAG,ONION,onion,48,4,2,6
2015,1,BELAGAVI,3,RAIBAG,TOMATO,tomato,117,32,3,34
2015,1,BELAGAVI,3,RAIBAG,GROUNDNUT,groundnut,49,28,24,52
2015,1,BELAGAVI,3,RAIBAG,CASTORSEED,castor,0,0,0,0
2015,1,BELAGAVI,3,RAIBAG,SESAMUM (TIL),sesame,8,5,0,5
2015,1,BELAGAVI,3,RAIBAG,RAPESEED & MUSTARD (TORIA/TARAMIRA),mustard,4,3,0,3
2015,1,BELAGAVI,3,RAIBAG,LINSEED,linseed,4,8,0,8
2015,1,BELAGAVI,3,RAIBAG,COCONUT,coconut,101,85,1,86
2015,1,BELAGAVI,3,RAIBAG,SUNFLOWER,sunflower,642,604,0,604
2015,1,BELAGAVI,3,RAIBAG,SOYABEAN,soybean,1496,1554,8,1561
2015,1,BELAGAVI,3,RAIBAG,NIGERSEED,niger seed,0,0,0,0
2015,1,BELAGAVI,3,RAIBAG,COTTON,cotton,1773,88,1890,1978
2015,1,BELAGAVI,3,RAIBAG,JUTE,jute,5,4,0,4
2015,1,BELAGAVI,3,RAIBAG,MESTA,mesta,0,0,0,0
2015,1,BELAGAVI,3,RAIBAG,TOBACCO,tobacco,0,0,0,0
2015,1,BELAGAVI,3,RAIBAG,GUAR,guar,4,3,0,3
2015,1,BELAGAVI,3,RAIBAG,COFFEE,coffee,0,0,0,0
2015,1,BELAGAVI,3,RAIBAG,GROSS CROPPED AREA,,47901,65496,8008,73504
2015,1,BELAGAVI,10,RAMDURGA,PADDY,rice,1883,3531,2998,6530
2015,1,BELAGAVI,10,RAMDURGA,JOWAR,jowar,17324,5812,26815,32627
2015,1,BELAGAVI,10,RAMDURGA,BAJRA,bajra,4250,763,5293,6056
2015,1,BELAGAVI,10,RAMDURGA,MAIZE,maize,15429,7368,15925,23293
2015,1,BELAGAVI,10,RAMDURGA,RAGI,ragi,150,20,204,224
2015,1,BELAGAVI,10,RAMDURGA,WHEAT,wheat,6530,3855,5546,9401
2015,1,BELAGAVI,10,RAMDURGA,BARLEY,barley,89,13,181,195
2015,1,BELAGAVI,10,RAMDURGA,GRAM,chickpea,5574,490,5921,6411
2015,1,BELAGAVI,10,RAMDURGA,TUR (ARHAR),pigeonpea (tur),200,22,126,148
2015,1,BELAGAVI,10,RAMDURGA,URAD,black gram,90,6,94,100
2015,1,BELAGAVI,10,RAMDURGA,MOONG,green gram,3489,57,5800,5856
2015,1,BELAGAVI,10,RAMDURGA,MASUR,lentil,28,0,96,96
2015,1,BELAGAVI,10,RAMDURGA,HORSEGRAM,horse gram,139,0,105,105
2015,1,BELAGAVI,10,RAMDURGA,MOTH,moth bean,0,0,0,0
2015,1,BELAGAVI,10,RAMDURGA,SUGARCANE,sugarcane,5851,8020,0,8020
2015,1,BELAGAVI,10,RAMDURGA,PEPPER (BLACK),black pepper,15,0,3,3
2015,1,BELAGAVI,10,RAMDURGA,CHILLIES,chilli,0,0,0,0
2015,1,BELAGAVI,10,RAMDURGA,GINGER,ginger,0,0,0,0
2015,1,BELAGAVI,10,RAMDURGA,TURMERIC,turmeric,7,3,0,3
2015,1,BELAGAVI,10,RAMDURGA,CARDAMOM (SMALL),cardamom,0,0,0,0
2015,1,BELAGAVI,10,RAMDURGA,CARDAMOM (LARGE),cardamom,0,0,0,0
2015,1,BELAGAVI,10,RAMDURGA,BETELNUTS (ARECANUTS),arecanut,0,0,0,0
2015,1,BELAGAVI,10,RAMDURGA,MANGOES,mango,0,0,0,0
2015,1,BELAGAVI,10,RAMDURGA,BANANA,banana,29,37,0,37
2015,1,BELAGAVI,10,RAMDURGA,TABLE GRAPES,grapes,0,0,0,0
2015,1,BELAGAVI,10,RAMDURGA,WINE GRAPES (BLACK),grapes,0,0,0,0
2015,1,BELAGAVI,10,RAMDURGA,CASHEWNUTS,cashewnut,0,0,0,0
2015,1,BELAGAVI,10,RAMDURGA,POMEGRANATE,pomegranate,0,0,0,0
2015,1,BELAGAVI,10,RAMDURGA,POTATO,potato,11,4,0,4
2015,1,BELAGAVI,10,RAMDURGA,TAPIOCA (CASSAVA),tapioca,20,0,16,16
2015,1,BELAGAVI,10,RAMDURGA,SWEET POTATO,sweet potato,0,0,0,0
2015,1,BELAGAVI,10,RAMDURGA,ONION,onion,100,73,10,83
2015,1,BELAGAVI,10,RAMDURGA,TOMATO,tomato,31,9,0,9
2015,1,BELAGAVI,10,RAMDURGA,GROUNDNUT,groundnut,2564,1723,1612,3335
2015,1,BELAGAVI,10,RAMDURGA,CASTORSEED,castor,54,29,44,74
2015,1,BELAGAVI,10,RAMDURGA,SESAMUM (TIL),sesame,7,0,9,9
2015,1,BELAGAVI,10,RAMDURGA,RAPESEED & MUSTARD (TORIA/TARAMIRA),mustard,34,8,23,31
2015,1,BELAGAVI,10,RAMDURGA,LINSEED,linseed,213,0,118,118
2015,1,BELAGAVI,10,RAMDURGA,COCONUT,coconut,7,6,0,6
2015,1,BELAGAVI,10,RAMDURGA,SUNFLOWER,sunflower,2479,683,2869,3552
2015,1,BELAGAVI,10,RAMDURGA,SOYABEAN,soybean,43,0,36,36
2015,1,BELAGAVI,10,RAMDURGA,NIGERSEED,niger seed,0,0,0,0
2015,1,BELAGAVI,10,RAMDURGA,COTTON,cotton,1029,311,1192,1503
2015,1,BELAGAVI,10,RAMDURGA,JUTE,jute,0,0,0,0
2015,1,BELAGAVI,10,RAMDURGA,MESTA,mesta,7,0,11,11
2015,1,BELAGAVI,10,RAMDURGA,TOBACCO,tobacco,0,0,0,0
2015,1,BELAGAVI,10,RAMDURGA,GUAR,guar,0,0,0,0
2015,1,BELAGAVI,10,RAMDURGA,COFFEE,coffee,0,0,0,0
2015,1,BELAGAVI,10,RAMDURGA,GROSS CROPPED AREA,,43657,33162,76019,109180
2015,1,BELAGAVI,9,SOUNDATTI,PADDY,rice,369,100,501,601
2015,1,BELAGAVI,9,SOUNDATTI,JOWAR,jowar,14531,1196,15850,17046
2015,1,BELAGAVI,9,SOUNDATTI,BAJRA,bajra,1642,22,2251,2272
2015,1,BELAGAVI,9,SOUNDATTI,MAIZE,maize,12170,5224,9414,14638
2015,1,BELAGAVI,9,SOUNDATTI,RAGI,ragi,13,2,25,27
2015,1,BELAGAVI,9,SOUNDATTI,WHEAT,wheat,3420,438,3094,3532
2015,1,BELAGAVI,9,SOUNDATTI,BARLEY,barley,12,0,12,12
2015,1,BELAGAVI,9,SOUNDATTI,GRAM,chickpea,10282,1470,10679,12149
2015,1,BELAGAVI,9,SOUNDATTI,TUR (ARHAR),pigeonpea (tur),1114,21,729,750
2015,1,BELAGAVI,9,SOUNDATTI,URAD,black gram,81,3,34,37
2015,1,BELAGAVI,9,SOUNDATTI,MOONG,green gram,12868,565,17620,18185
2015,1,BELAGAVI,9,SOUNDATTI,MASUR,lentil,20,0,24,24
2015,1,BELAGAVI,9,SOUNDATTI,HORSEGRAM,horse gram,87,15,75,90
2015,1,BELAGAVI,9,SOUNDATTI,MOTH,moth bean,105,8,81,89
2015,1,BELAGAVI,9,SOUNDATTI,SUGARCANE,sugarcane,12632,24218,0,24218
2015,1,BELAGAVI,9,SOUNDATTI,PEPPER (BLACK),black pepper,8,0,32,33
2015,1,BELAGAVI,9,SOUNDATTI,CHILLIES,chilli,13,5,0,5
2015,1,BELAGAVI,9,SOUNDATTI,GINGER,ginger,0,0,0,0
2015,1,BELAGAVI,9,SOUNDATTI,TURMERIC,turmeric,7,0,17,17
2015,1,BELAGAVI,9,SOUNDATTI,CARDAMOM (SMALL),cardamom,0,0,0,0
2015,1,BELAGAVI,9,SOUNDATTI,CARDAMOM (LARGE),cardamom,0,0,0,0
2015,1,BELAGAVI,9,SOUNDATTI,BETELNUTS (ARECANUTS),arecanut,4,1,0,1
2015,1,BELAGAVI,9,SOUNDATTI,MANGOES,mango,34,18,30,48
2015,1,BELAGAVI,9,SOUNDATTI,BANANA,banana,547,453,5,458
2015,1,BELAGAVI,9,SOUNDATTI,TABLE GRAPES,grapes,4,2,0,2
2015,1,BELAGAVI,9,SOUNDATTI,WINE GRAPES (BLACK),grapes,0,0,0,0
2015,1,BELAGAVI,9,SOUNDATTI,CASHEWNUTS,cashewnut,0,0,0,0
2015,1,BELAGAVI,9,SOUNDATTI,POMEGRANATE,pomegranate,22,32,0,32
2015,1,BELAGAVI,9,SOUNDATTI,POTATO,potato,8,0,12,12
2015,1,BELAGAVI,9,SOUNDATTI,TAPIOCA (CASSAVA),tapioca,27,2,24,25
2015,1,BELAGAVI,9,SOUNDATTI,SWEET POTATO,sweet potato,18,10,5,14
2015,1,BELAGAVI,9,SOUNDATTI,ONION,onion,10614,1332,14316,15648
2015,1,BELAGAVI,9,SOUNDATTI,TOMATO,tomato,570,174,13,187
2015,1,BELAGAVI,9,SOUNDATTI,GROUNDNUT,groundnut,2153,433,1323,1756
2015,1,BELAGAVI,9,SOUNDATTI,CASTORSEED,castor,13,0,15,15
2015,1,BELAGAVI,9,SOUNDATTI,SESAMUM (TIL),sesame,17,0,16,16
2015,1,BELAGAVI,9,SOUNDATTI,RAPESEED & MUSTARD (TORIA/TARAMIRA),mustard,23,0,29,29
2015,1,BELAGAVI,9,SOUNDATTI,LINSEED,linseed,14,0,3,3
2015,1,BELAGAVI,9,SOUNDATTI,COCONUT,coconut,17,11,7,18
2015,1,BELAGAVI,9,SOUNDATTI,SUNFLOWER,sunflower,1012,74,1145,1219
2015,1,BELAGAVI,9,SOUNDATTI,SOYABEAN,soybean,1760,11,2070,2082
2015,1,BELAGAVI,9,SOUNDATTI,NIGERSEED,niger seed,0,0,0,0
2015,1,BELAGAVI,9,SOUNDATTI,COTTON,cotton,18894,2705,23679,26384
2015,1,BELAGAVI,9,SOUNDATTI,JUTE,jute,27,0,17,17
2015,1,BELAGAVI,9,SOUNDATTI,MESTA,mesta,0,0,0,0
2015,1,BELAGAVI,9,SOUNDATTI,TOBACCO,tobacco,4,0,5,5
2015,1,BELAGAVI,9,SOUNDATTI,GUAR,guar,9,46,0,46
2015,1,BELAGAVI,9,SOUNDATTI,COFFEE,coffee,0,0,0,0
2015,1,BELAGAVI,9,SOUNDATTI,GROSS CROPPED AREA,,55191,39510,104921,144430
2015,21,BENGALURU (R ),3,DEVANAHALLI,PADDY,rice,276,80,55,134
2015,21,BENGALURU (R ),3,DEVANAHALLI,JOWAR,jowar,1474,48,494,541
2015,21,BENGALURU (R ),3,DEVANAHALLI,BAJRA,bajra,49,2,17,19
2015,21,BENGALURU (R ),3,DEVANAHALLI,MAIZE,maize,4996,42,1710,1752
2015,21,BENGALURU (R ),3,DEVANAHALLI,RAGI,ragi,24711,853,11770,12623
2015,21,BENGALURU (R ),3,DEVANAHALLI,WHEAT,wheat,46,1,23,24
2015,21,BENGALURU (R ),3,DEVANAHALLI,BARLEY,barley,0,0,0,0
2015,21,BENGALURU (R ),3,DEVANAHALLI,GRAM,chickpea,14,0,5,5
2015,21,BENGALURU (R ),3,DEVANAHALLI,TUR (ARHAR),pigeonpea (tur),276,5,110,115
2015,21,BENGALURU (R ),3,DEVANAHALLI,URAD,black gram,0,0,0,0
2015,21,BENGALURU (R ),3,DEVANAHALLI,MOONG,green gram,5,0,1,1
2015,21,BENGALURU (R ),3,DEVANAHALLI,MASUR,lentil,0,0,0,0
2015,21,BENGALURU (R ),3,DEVANAHALLI,HORSEGRAM,horse gram,61,0,20,20
2015,21,BENGALURU (R ),3,DEVANAHALLI,MOTH,moth bean,5,2,0,2
2015,21,BENGALURU (R ),3,DEVANAHALLI,SUGARCANE,sugarcane,25,33,0,33
2015,21,BENGALURU (R ),3,DEVANAHALLI,PEPPER (BLACK),black pepper,0,0,0,0
2015,21,BENGALURU (R ),3,DEVANAHALLI,CHILLIES,chilli,0,0,0,0
2015,21,BENGALURU (R ),3,DEVANAHALLI,GINGER,ginger,10,5,0,5
2015,21,BENGALURU (R ),3,DEVANAHALLI,TURMERIC,turmeric,5,4,0,4
2015,21,BENGALURU (R ),3,DEVANAHALLI,CARDAMOM (SMALL),cardamom,10,7,0,7
2015,21,BENGALURU (R ),3,DEVANAHALLI,CARDAMOM (LARGE),cardamom,5,2,0,2
2015,21,BENGALURU (R ),3,DEVANAHALLI,BETELNUTS (ARECANUTS),arecanut,21,48,0,48
2015,21,BENGALURU (R ),3,DEVANAHALLI,MANGOES,mango,542,195,115,310
2015,21,BENGALURU (R ),3,DEVANAHALLI,BANANA,banana,725,460,47,508
2015,21,BENGALURU (R ),3,DEVANAHALLI,TABLE GRAPES,grapes,1425,1615,25,1640
2015,21,BENGALURU (R ),3,DEVANAHALLI,WINE GRAPES (BLACK),grapes,52,45,3,48
2015,21,BENGALURU (R ),3,DEVANAHALLI,CASHEWNUTS,cashewnut,0,0,0,0
2015,21,BENGALURU (R ),3,DEVANAHALLI,POMEGRANATE,pomegranate,26,13,0,13
2015,21,BENGALURU (R ),3,DEVANAHALLI,POTATO,potato,913,396,32,428
2015,21,BENGALURU (R ),3,DEVANAHALLI,TAPIOCA (CASSAVA),tapioca,17,7,0,7
2015,21,BENGALURU (R ),3,DEVANAHALLI,SWEET POTATO,sweet potato,28,18,0,18
2015,21,BENGALURU (R ),3,DEVANAHALLI,ONION,onion,59,36,0,36
2015,21,BENGALURU (R ),3,DEVANAHALLI,TOMATO,tomato,2956,826,13,839
2015,21,BENGALURU (R ),3,DEVANAHALLI,GROUNDNUT,groundnut,5,1,0,1
2015,21,BENGALURU (R ),3,DEVANAHALLI,CASTORSEED,castor,5,1,0,1
2015,21,BENGALURU (R ),3,DEVANAHALLI,SESAMUM (TIL),sesame,0,0,0,0
2015,21,BENGALURU (R ),3,DEVANAHALLI,RAPESEED & MUSTARD (TORIA/TARAMIRA),mustard,250,0,6,6
2015,21,BENGALURU (R ),3,DEVANAHALLI,LINSEED,linseed,0,0,0,0
2015,21,BENGALURU (R ),3,DEVANAHALLI,COCONUT,coconut,44,33,0,33
2015,21,BENGALURU (R ),3,DEVANAHALLI,SUNFLOWER,sunflower,5,14,0,14
2015,21,BENGALURU (R ),3,DEVANAHALLI,SOYABEAN,soybean,0,0,0,0
2015,21,BENGALURU (R ),3,DEVANAHALLI,NIGERSEED,niger seed,138,0,2,2
2015,21,BENGALURU (R ),3,DEVANAHALLI,COTTON,cotton,5,3,0,3
2015,21,BENGALURU (R ),3,DEVANAHALLI,JUTE,jute,0,0,0,0
2015,21,BENGALURU (R ),3,DEVANAHALLI,MESTA,mesta,0,0,0,0
2015,21,BENGALURU (R ),3,DEVANAHALLI,TOBACCO,tobacco,0,0,0,0
2015,21,BENGALURU (R ),3,DEVANAHALLI,GUAR,guar,0,0,0,0
2015,21,BENGALURU (R ),3,DEVANAHALLI,COFFEE,coffee,0,0,0,0
2015,21,BENGALURU (R ),3,DEVANAHALLI,GROSS CROPPED AREA,,41772,9867,18367,28235
2015,21,BENGALURU (R ),2,DODDABALLAPUR,PADDY,rice,202,61,25,86
2015,21,BENGALURU (R ),2,DODDABALLAPUR,JOWAR,jowar,5750,327,4101,4428
2015,21,BENGALURU (R ),2,DODDABALLAPUR,BAJRA,bajra,37,3,9,12
2015,21,BENGALURU (R ),2,DODDABALLAPUR,MAIZE,maize,9255,236,6602,6838
2015,21,BENGALURU (R ),2,DODDABALLAPUR,RAGI,ragi,22108,406,14557,14962
2015,21,BENGALURU (R ),2,DODDABALLAPUR,WHEAT,wheat,87,5,49,54
2015,21,BENGALURU (R ),2,DODDABALLAPUR,BARLEY,barley,19,13,9,22
2015,21,BENGALURU (R ),2,DODDABALLAPUR,GRAM,chickpea,18,15,4,19
2015,21,BENGALURU (R ),2,DODDABALLAPUR,TUR (ARHAR),pigeonpea (tur),1762,68,509,577
2015,21,BENGALURU (R ),2,DODDABALLAPUR,URAD,black gram,0,0,0,0
2015,21,BENGALURU (R ),2,DODDABALLAPUR,MOONG,green gram,0,0,0,0
2015,21,BENGALURU (R ),2,DODDABALLAPUR,MASUR,lentil,4,0,3,3
2015,21,BENGALURU (R ),2,DODDABALLAPUR,HORSEGRAM,horse gram,513,6,249,255
2015,21,BENGALURU (R ),2,DODDABALLAPUR,MOTH,moth bean,0,0,0,0
2015,21,BENGALURU (R ),2,DODDABALLAPUR,SUGARCANE,sugarcane,20,10,0,10
2015,21,BENGALURU (R ),2,DODDABALLAPUR,PEPPER (BLACK),black pepper,20,31,0,31
2015,21,BENGALURU (R ),2,DODDABALLAPUR,CHILLIES,chilli,103,30,17,47
2015,21,BENGALURU (R ),2,DODDABALLAPUR,GINGER,ginger,24,3,5,8
2015,21,BENGALURU (R ),2,DODDABALLAPUR,TURMERIC,turmeric,0,0,0,0
2015,21,BENGALURU (R ),2,DODDABALLAPUR,CARDAMOM (SMALL),cardamom,0,0,0,0
2015,21,BENGALURU (R ),2,DODDABALLAPUR,CARDAMOM (LARGE),cardamom,0,0,0,0
2015,21,BENGALURU (R ),2,DODDABALLAPUR,BETELNUTS (ARECANUTS),arecanut,1207,666,218,884
2015,21,BENGALURU (R ),2,DODDABALLAPUR,MANGOES,mango,1427,240,769,1008
2015,21,BENGALURU (R ),2,DODDABALLAPUR,BANANA,banana,857,654,37,692
2015,21,BENGALURU (R ),2,DODDABALLAPUR,TABLE GRAPES,grapes,502,484,72,556
2015,21,BENGALURU (R ),2,DODDABALLAPUR,WINE GRAPES (BLACK),grapes,5,4,0,4
2015,21,BENGALURU (R ),2,DODDABALLAPUR,CASHEWNUTS,cashewnut,0,0,0,0
2015,21,BENGALURU (R ),2,DODDABALLAPUR,POMEGRANATE,pomegranate,22,10,0,10
2015,21,BENGALURU (R ),2,DODDABALLAPUR,POTATO,potato,33,16,3,19
2015,21,BENGALURU (R ),2,DODDABALLAPUR,TAPIOCA (CASSAVA),tapioca,0,0,0,0
2015,21,BENGALURU (R ),2,DODDABALLAPUR,SWEET POTATO,sweet potato,13,3,0,4
2015,21,BENGALURU (R ),2,DODDABALLAPUR,ONION,onion,10,5,2,7
2015,21,BENGALURU (R ),2,DODDABALLAPUR,TOMATO,tomato,363,193,9,203
2015,21,BENGALURU (R ),2,DODDABALLAPUR,GROUNDNUT,groundnut,55,5,15,19
2015,21,BENGALURU (R ),2,DODDABALLAPUR,CASTORSEED,castor,17,0,7,7
2015,21,BENGALURU (R ),2,DODDABALLAPUR,SESAMUM (TIL),sesame,0,0,0,0
2015,21,BENGALURU (R ),2,DODDABALLAPUR,RAPESEED & MUSTARD (TORIA/TARAMIRA),mustard,298,1,64,65
2015,21,BENGALURU (R ),2,DODDABALLAPUR,LINSEED,linseed,9,0,7,7
2015,21,BENGALURU (R ),2,DODDABALLAPUR,COCONUT,coconut,1426,573,325,898
2015,21,BENGALURU (R ),2,DODDABALLAPUR,SUNFLOWER,sunflower,18,0,13,13
2015,21,BENGALURU (R ),2,DODDABALLAPUR,SOYABEAN,soybean,0,0,0,0
2015,21,BENGALURU (R ),2,DODDABALLAPUR,NIGERSEED,niger seed,18,0,2,2
2015,21,BENGALURU (R ),2,DODDABALLAPUR,COTTON,cotton,0,0,0,0
2015,21,BENGALURU (R ),2,DODDABALLAPUR,JUTE,jute,0,0,0,0
2015,21,BENGALURU (R ),2,DODDABALLAPUR,MESTA,mesta,0,0,0,0
2015,21,BENGALURU (R ),2,DODDABALLAPUR,TOBACCO,tobacco,0,0,0,0
2015,21,BENGALURU (R ),2,DODDABALLAPUR,GUAR,guar,0,0,0,0
2015,21,BENGALURU (R ),2,DODDABALLAPUR,COFFEE,coffee,0,0,0,0
2015,21,BENGALURU (R ),2,DODDABALLAPUR,GROSS CROPPED AREA,,63076,5589,36123,41711
2015,21,BENGALURU (R ),4,HOSAKOTE,PADDY,rice,85,0,121,121
2015,21,BENGALURU (R ),4,HOSAKOTE,JOWAR,jowar,2538,0,1592,1592
2015,21,BENGALURU (R ),4,HOSAKOTE,BAJRA,bajra,59,0,17,17
2015,21,BENGALURU (R ),4,HOSAKOTE,MAIZE,maize,3677,1,2521,2522
2015,21,BENGALURU (R ),4,HOSAKOTE,RAGI,ragi,26412,555,17502,18056
2015,21,BENGALURU (R ),4,HOSAKOTE,WHEAT,wheat,120,0,120,120
2015,21,BENGALURU (R ),4,HOSAKOTE,BARLEY,barley,18,0,4,4
2015,21,BENGALURU (R ),4,HOSAKOTE,GRAM,chickpea,0,0,0,0
2015,21,BENGALURU (R ),4,HOSAKOTE,TUR (ARHAR),pigeonpea (tur),1311,7,845,851
2015,21,BENGALURU (R ),4,HOSAKOTE,URAD,black gram,0,0,0,0
2015,21,BENGALURU (R ),4,HOSAKOTE,MOONG,green gram,5,7,0,7
2015,21,BENGALURU (R ),4,HOSAKOTE,MASUR,lentil,0,0,0,0
2015,21,BENGALURU (R ),4,HOSAKOTE,HORSEGRAM,horse gram,65,12,15,27
2015,21,BENGALURU (R ),4,HOSAKOTE,MOTH,moth bean,0,0,0,0
2015,21,BENGALURU (R ),4,HOSAKOTE,SUGARCANE,sugarcane,20,20,0,20
2015,21,BENGALURU (R ),4,HOSAKOTE,PEPPER (BLACK),black pepper,110,0,133,133
2015,21,BENGALURU (R ),4,HOSAKOTE,CHILLIES,chilli,0,0,0,0
2015,21,BENGALURU (R ),4,HOSAKOTE,GINGER,ginger,0,0,0,0
2015,21,BENGALURU (R ),4,HOSAKOTE,TURMERIC,turmeric,0,0,0,0
2015,21,BENGALURU (R ),4,HOSAKOTE,CARDAMOM (SMALL),cardamom,0,0,0,0
2015,21,BENGALURU (R ),4,HOSAKOTE,CARDAMOM (LARGE),cardamom,0,0,0,0
2015,21,BENGALURU (R ),4,HOSAKOTE,BETELNUTS (ARECANUTS),arecanut,0,0,0,0
2015,21,BENGALURU (R ),4,HOSAKOTE,MANGOES,mango,1048,138,1206,1345
2015,21,BENGALURU (R ),4,HOSAKOTE,BANANA,banana,191,125,5,130
2015,21,BENGALURU (R ),4,HOSAKOTE,TABLE GRAPES,grapes,231,150,58,208
2015,21,BENGALURU (R ),4,HOSAKOTE,WINE GRAPES (BLACK),grapes,5,0,1,1
2015,21,BENGALURU (R ),4,HOSAKOTE,CASHEWNUTS,cashewnut,0,0,0,0
2015,21,BENGALURU (R ),4,HOSAKOTE,POMEGRANATE,pomegranate,0,0,0,0
2015,21,BENGALURU (R ),4,HOSAKOTE,POTATO,potato,211,94,57,151
2015,21,BENGALURU (R ),4,HOSAKOTE,TAPIOCA (CASSAVA),tapioca,5,0,2,2
2015,21,BENGALURU (R ),4,HOSAKOTE,SWEET POTATO,sweet potato,0,0,0,0
2015,21,BENGALURU (R ),4,HOSAKOTE,ONION,onion,29,5,29,34
2015,21,BENGALURU (R ),4,HOSAKOTE,TOMATO,tomato,154,111,1,112
2015,21,BENGALURU (R ),4,HOSAKOTE,GROUNDNUT,groundnut,9,0,4,4
2015,21,BENGALURU (R ),4,HOSAKOTE,CASTORSEED,castor,0,0,0,0
2015,21,BENGALURU (R ),4,HOSAKOTE,SESAMUM (TIL),sesame,5,0,16,16
2015,21,BENGALURU (R ),4,HOSAKOTE,RAPESEED & MUSTARD (TORIA/TARAMIRA),mustard,0,0,0,0
2015,21,BENGALURU (R ),4,HOSAKOTE,LINSEED,linseed,0,0,0,0
2015,21,BENGALURU (R ),4,HOSAKOTE,COCONUT,coconut,261,29,169,198
2015,21,BENGALURU (R ),4,HOSAKOTE,SUNFLOWER,sunflower,10,20,0,20
2015,21,BENGALURU (R ),4,HOSAKOTE,SOYABEAN,soybean,0,0,0,0
2015,21,BENGALURU (R ),4,HOSAKOTE,NIGERSEED,niger seed,0,0,0,0
2015,21,BENGALURU (R ),4,HOSAKOTE,COTTON,cotton,0,0,0,0
2015,21,BENGALURU (R ),4,HOSAKOTE,JUTE,jute,5,2,0,2
2015,21,BENGALURU (R ),4,HOSAKOTE,MESTA,mesta,0,0,0,0
2015,21,BENGALURU (R ),4,HOSAKOTE,TOBACCO,tobacco,0,0,0,0
2015,21,BENGALURU (R ),4,HOSAKOTE,GUAR,guar,0,0,0,0
2015,21,BENGALURU (R ),4,HOSAKOTE,COFFEE,coffee,0,0,0,0
2015,21,BENGALURU (R ),4,HOSAKOTE,GROSS CROPPED AREA,,49586,4542,30330,34873
2015,21,BENGALURU (R ),1,NELAMANGALA,PADDY,rice,844,321,107,428
2015,21,BENGALURU (R ),1,NELAMANGALA,JOWAR,jowar,6193,433,1182,1615
2015,21,BENGALURU (R ),1,NELAMANGALA,BAJRA,bajra,15,0,7,7
2015,21,BENGALURU (R ),1,NELAMANGALA,MAIZE,maize,4108,354,1136,1490
2015,21,BENGALURU (R ),1,NELAMANGALA,RAGI,ragi,25394,1646,12014,13660
2015,21,BENGALURU (R ),1,NELAMANGALA,WHEAT,wheat,186,47,76,123
2015,21,BENGALURU (R ),1,NELAMANGALA,BARLEY,barley,5,0,2,2
2015,21,BENGALURU (R ),1,NELAMANGALA,GRAM,chickpea,15,4,1,5
2015,21,BENGALURU (R ),1,NELAMANGALA,TUR (ARHAR),pigeonpea (tur),1979,124,518,642
2015,21,BENGALURU (R ),1,NELAMANGALA,URAD,black gram,15,0,2,2
2015,21,BENGALURU (R ),1,NELAMANGALA,MOONG,green gram,101,4,87,90
2015,21,BENGALURU (R ),1,NELAMANGALA,MASUR,lentil,14,4,0,4
2015,21,BENGALURU (R ),1,NELAMANGALA,HORSEGRAM,horse gram,2920,75,1013,1087
2015,21,BENGALURU (R ),1,NELAMANGALA,MOTH,moth bean,0,0,0,0
2015,21,BENGALURU (R ),1,NELAMANGALA,SUGARCANE,sugarcane,0,0,0,0
2015,21,BENGALURU (R ),1,NELAMANGALA,PEPPER (BLACK),black pepper,46,1,12,12
2015,21,BENGALURU (R ),1,NELAMANGALA,CHILLIES,chilli,5,0,1,1
2015,21,BENGALURU (R ),1,NELAMANGALA,GINGER,ginger,0,0,0,0
2015,21,BENGALURU (R ),1,NELAMANGALA,TURMERIC,turmeric,5,0,3,3
2015,21,BENGALURU (R ),1,NELAMANGALA,CARDAMOM (SMALL),cardamom,0,0,0,0
2015,21,BENGALURU (R ),1,NELAMANGALA,CARDAMOM (LARGE),cardamom,29,0,9,9
2015,21,BENGALURU (R ),1,NELAMANGALA,BETELNUTS (ARECANUTS),arecanut,1086,517,32,549
2015,21,BENGALURU (R ),1,NELAMANGALA,MANGOES,mango,1210,400,276,676
2015,21,BENGALURU (R ),1,NELAMANGALA,BANANA,banana,840,392,9,401
2015,21,BENGALURU (R ),1,NELAMANGALA,TABLE GRAPES,grapes,14,6,0,6
2015,21,BENGALURU (R ),1,NELAMANGALA,WINE GRAPES (BLACK),grapes,0,0,0,0
2015,21,BENGALURU (R ),1,NELAMANGALA,CASHEWNUTS,cashewnut,14,6,0,6
2015,21,BENGALURU (R ),1,NELAMANGALA,POMEGRANATE,pomegranate,18,17,0,17
2015,21,BENGALURU (R ),1,NELAMANGALA,POTATO,potato,69,32,2,34
2015,21,BENGALURU (R ),1,NELAMANGALA,TAPIOCA (CASSAVA),tapioca,16,3,0,3
2015,21,BENGALURU (R ),1,NELAMANGALA,SWEET POTATO,sweet potato,4,1,0,1
2015,21,BENGALURU (R ),1,NELAMANGALA,ONION,onion,9,3,3,6
2015,21,BENGALURU (R ),1,NELAMANGALA,TOMATO,tomato,867,219,87,306
2015,21,BENGALURU (R ),1,NELAMANGALA,GROUNDNUT,groundnut,30,5,5,10
2015,21,BENGALURU (R ),1,NELAMANGALA,CASTORSEED,castor,9,0,0,0
2015,21,BENGALURU (R ),1,NELAMANGALA,SESAMUM (TIL),sesame,0,0,0,0
2015,21,BENGALURU (R ),1,NELAMANGALA,RAPESEED & MUSTARD (TORIA/TARAMIRA),mustard,230,2,20,22
2015,21,BENGALURU (R ),1,NELAMANGALA,LINSEED,linseed,27,2,16,18
2015,21,BENGALURU (R ),1,NELAMANGALA,COCONUT,coconut,2388,969,256,1225
2015,21,BENGALURU (R ),1,NELAMANGALA,SUNFLOWER,sunflower,4,2,0,2
2015,21,BENGALURU (R ),1,NELAMANGALA,SOYABEAN,soybean,0,0,0,0
2015,21,BENGALURU (R ),1,NELAMANGALA,NIGERSEED,niger seed,174,0,9,9
2015,21,BENGALURU (R ),1,NELAMANGALA,COTTON,cotton,0,0,0,0
2015,21,BENGALURU (R ),1,NELAMANGALA,JUTE,jute,0,0,0,0
2015,21,BENGALURU (R ),1,NELAMANGALA,MESTA,mesta,0,0,0,0
2015,21,BENGALURU (R ),1,NELAMANGALA,TOBACCO,tobacco,0,0,0,0
2015,21,BENGALURU (R ),1,NELAMANGALA,GUAR,guar,0,0,0,0
2015,21,BENGALURU (R ),1,NELAMANGALA,COFFEE,coffee,0,0,0,0
2015,21,BENGALURU (R ),1,NELAMANGALA,GROSS CROPPED AREA,,38913,6972,19904,26877
2015,20,BENGALURU (U ),3,ANEKAL,PADDY,rice,578,182,11,194
2015,20,BENGALURU (U ),3,ANEKAL,JOWAR,jowar,8,0,1,1
2015,20,BENGALURU (U ),3,ANEKAL,BAJRA,bajra,4,2,0,2
2015,20,BENGALURU (U ),3,ANEKAL,MAIZE,maize,707,63,223,286
2015,20,BENGALURU (U ),3,ANEKAL,RAGI,ragi,12700,8,6968,6975
2015,20,BENGALURU (U ),3,ANEKAL,WHEAT,wheat,0,0,0,0
2015,20,BENGALURU (U ),3,ANEKAL,BARLEY,barley,0,0,0,0
2015,20,BENGALURU (U ),3,ANEKAL,GRAM,chickpea,0,0,0,0
2015,20,BENGALURU (U ),3,ANEKAL,TUR (ARHAR),pigeonpea (tur),602,38,131,169
2015,20,BENGALURU (U ),3,ANEKAL,URAD,black gram,0,0,0,0
2015,20,BENGALURU (U ),3,ANEKAL,MOONG,green gram,0,0,0,0
2015,20,BENGALURU (U ),3,ANEKAL,MASUR,lentil,0,0,0,0
2015,20,BENGALURU (U ),3,ANEKAL,HORSEGRAM,horse gram,872,1,352,353
2015,20,BENGALURU (U ),3,ANEKAL,MOTH,moth bean,0,0,0,0
2015,20,BENGALURU (U ),3,ANEKAL,SUGARCANE,sugarcane,20,15,0,15
2015,20,BENGALURU (U ),3,ANEKAL,PEPPER (BLACK),black pepper,0,0,0,0
2015,20,BENGALURU (U ),3,ANEKAL,CHILLIES,chilli,0,0,0,0
2015,20,BENGALURU (U ),3,ANEKAL,GINGER,ginger,0,0,0,0
2015,20,BENGALURU (U ),3,ANEKAL,TURMERIC,turmeric,0,0,0,0
2015,20,BENGALURU (U ),3,ANEKAL,CARDAMOM (SMALL),cardamom,0,0,0,0
2015,20,BENGALURU (U ),3,ANEKAL,CARDAMOM (LARGE),cardamom,0,0,0,0
2015,20,BENGALURU (U ),3,ANEKAL,BETELNUTS (ARECANUTS),arecanut,5,3,0,3
2015,20,BENGALURU (U ),3,ANEKAL,MANGOES,mango,203,102,103,204
2015,20,BENGALURU (U ),3,ANEKAL,BANANA,banana,162,82,2,84
2015,20,BENGALURU (U ),3,ANEKAL,TABLE GRAPES,grapes,84,84,4,88
2015,20,BENGALURU (U ),3,ANEKAL,WINE GRAPES (BLACK),grapes,0,0,0,0
2015,20,BENGALURU (U ),3,ANEKAL,CASHEWNUTS,cashewnut,0,0,0,0
2015,20,BENGALURU (U ),3,ANEKAL,POMEGRANATE,pomegranate,4,0,5,5
2015,20,BENGALURU (U ),3,ANEKAL,POTATO,potato,35,25,0,25
2015,20,BENGALURU (U ),3,ANEKAL,TAPIOCA (CASSAVA),tapioca,0,0,0,0
2015,20,BENGALURU (U ),3,ANEKAL,SWEET POTATO,sweet potato,0,0,0,0
2015,20,BENGALURU (U ),3,ANEKAL,ONION,onion,8,3,0,3
2015,20,BENGALURU (U ),3,ANEKAL,TOMATO,tomato,878,373,5,378
2015,20,BENGALURU (U ),3,ANEKAL,GROUNDNUT,groundnut,27,0,6,6
2015,20,BENGALURU (U ),3,ANEKAL,CASTORSEED,castor,5,0,0,0
2015,20,BENGALURU (U ),3,ANEKAL,SESAMUM (TIL),sesame,0,0,0,0
2015,20,BENGALURU (U ),3,ANEKAL,RAPESEED & MUSTARD (TORIA/TARAMIRA),mustard,1890,0,22,22
2015,20,BENGALURU (U ),3,ANEKAL,LINSEED,linseed,8,0,0,0
2015,20,BENGALURU (U ),3,ANEKAL,COCONUT,coconut,245,127,53,180
2015,20,BENGALURU (U ),3,ANEKAL,SUNFLOWER,sunflower,9,10,0,10
2015,20,BENGALURU (U ),3,ANEKAL,SOYABEAN,soybean,1258,0,17,17
2015,20,BENGALURU (U ),3,ANEKAL,NIGERSEED,niger seed,463,0,5,5
2015,20,BENGALURU (U ),3,ANEKAL,COTTON,cotton,0,0,0,0
2015,20,BENGALURU (U ),3,ANEKAL,JUTE,jute,0,0,0,0
2015,20,BENGALURU (U ),3,ANEKAL,MESTA,mesta,0,0,0,0
2015,20,BENGALURU (U ),3,ANEKAL,TOBACCO,tobacco,0,0,0,0
2015,20,BENGALURU (U ),3,ANEKAL,GUAR,guar,0,0,0,0
2015,20,BENGALURU (U ),3,ANEKAL,COFFEE,coffee,0,0,0,0
2015,20,BENGALURU (U ),3,ANEKAL,GROSS CROPPED AREA,,39746,2516,15785,18301
2015,20,BENGALURU (U ),4,BANGALORE EAST,PADDY,rice,5,6,0,6
2015,20,BENGALURU (U ),4,BANGALORE EAST,JOWAR,jowar,84,0,56,56
2015,20,BENGALURU (U ),4,BANGALORE EAST,BAJRA,bajra,0,0,0,0
2015,20,BENGALURU (U ),4,BANGALORE EAST,MAIZE,maize,33,0,33,33
2015,20,BENGALURU (U ),4,BANGALORE EAST,RAGI,ragi,4862,96,2819,2915
2015,20,BENGALURU (U ),4,BANGALORE EAST,WHEAT,wheat,0,0,0,0
2015,20,BENGALURU (U ),4,BANGALORE EAST,BARLEY,barley,0,0,0,0
2015,20,BENGALURU (U ),4,BANGALORE EAST,GRAM,chickpea,0,0,0,0
2015,20,BENGALURU (U ),4,BANGALORE EAST,TUR (ARHAR),pigeonpea (tur),0,0,0,0
2015,20,BENGALURU (U ),4,BANGALORE EAST,URAD,black gram,0,0,0,0
2015,20,BENGALURU (U ),4,BANGALORE EAST,MOONG,green gram,0,0,0,0
2015,20,BENGALURU (U ),4,BANGALORE EAST,MASUR,lentil,0,0,0,0
2015,20,BENGALURU (U ),4,BANGALORE EAST,HORSEGRAM,horse gram,5,0,2,2
2015,20,BENGALURU (U ),4,BANGALORE EAST,MOTH,moth bean,0,0,0,0
2015,20,BENGALURU (U ),4,BANGALORE EAST,SUGARCANE,sugarcane,0,0,0,0
2015,20,BENGALURU (U ),4,BANGALORE EAST,PEPPER (BLACK),black pepper,0,0,0,0
2015,20,BENGALURU (U ),4,BANGALORE EAST,CHILLIES,chilli,0,0,0,0
2015,20,BENGALURU (U ),4,BANGALORE EAST,GINGER,ginger,0,0,0,0
2015,20,BENGALURU (U ),4,BANGALORE EAST,TURMERIC,turmeric,0,0,0,0
2015,20,BENGALURU (U ),4,BANGALORE EAST,CARDAMOM (SMALL),cardamom,0,0,0,0
2015,20,BENGALURU (U ),4,BANGALORE EAST,CARDAMOM (LARGE),cardamom,0,0,0,0
2015,20,BENGALURU (U ),4,BANGALORE EAST,BETELNUTS (ARECANUTS),arecanut,0,0,0,0
2015,20,BENGALURU (U ),4,BANGALORE EAST,MANGOES,mango,17,0,35,35
2015,20,BENGALURU (U ),4,BANGALORE EAST,BANANA,banana,0,0,0,0
2015,20,BENGALURU (U ),4,BANGALORE EAST,TABLE GRAPES,grapes,0,0,0,0
2015,20,BENGALURU (U ),4,BANGALORE EAST,WINE GRAPES (BLACK),grapes,0,0,0,0
2015,20,BENGALURU (U ),4,BANGALORE EAST,CASHEWNUTS,cashewnut,0,0,0,0
2015,20,BENGALURU (U ),4,BANGALORE EAST,POMEGRANATE,pomegranate,0,0,0,0
2015,20,BENGALURU (U ),4,BANGALORE EAST,POTATO,potato,11,14,0,14
2015,20,BENGALURU (U ),4,BANGALORE EAST,TAPIOCA (CASSAVA),tapioca,0,0,0,0
2015,20,BENGALURU (U ),4,BANGALORE EAST,SWEET POTATO,sweet potato,0,0,0,0
2015,20,BENGALURU (U ),4,BANGALORE EAST,ONION,onion,0,0,0,0
2015,20,BENGALURU (U ),4,BANGALORE EAST,TOMATO,tomato,108,103,0,103
2015,20,BENGALURU (U ),4,BANGALORE EAST,GROUNDNUT,groundnut,0,0,0,0
2015,20,BENGALURU (U ),4,BANGALORE EAST,CASTORSEED,castor,0,0,0,0
2015,20,BENGALURU (U ),4,BANGALORE EAST,SESAMUM (TIL),sesame,0,0,0,0
2015,20,BENGALURU (U ),4,BANGALORE EAST,RAPESEED & MUSTARD (TORIA/TARAMIRA),mustard,0,0,0,0
2015,20,BENGALURU (U ),4,BANGALORE EAST,LINSEED,linseed,0,0,0,0
2015,20,BENGALURU (U ),4,BANGALORE EAST,COCONUT,coconut,0,0,0,0
2015,20,BENGALURU (U ),4,BANGALORE EAST,SUNFLOWER,sunflower,0,0,0,0
2015,20,BENGALURU (U ),4,BANGALORE EAST,SOYABEAN,soybean,0,0,0,0
2015,20,BENGALURU (U ),4,BANGALORE EAST,NIGERSEED,niger seed,0,0,0,0
2015,20,BENGALURU (U ),4,BANGALORE EAST,COTTON,cotton,0,0,0,0
2015,20,BENGALURU (U ),4,BANGALORE EAST,JUTE,jute,0,0,0,0
2015,20,BENGALURU (U ),4,BANGALORE EAST,MESTA,mesta,0,0,0,0
2015,20,BENGALURU (U ),4,BANGALORE EAST,TOBACCO,tobacco,0,0,0,0
2015,20,BENGALURU (U ),4,BANGALORE EAST,GUAR,guar,0,0,0,0
2015,20,BENGALURU (U ),4,BANGALORE EAST,COFFEE,coffee,0,0,0,0
2015,20,BENGALURU (U ),4,BANGALORE EAST,GROSS CROPPED AREA,,7201,376,4331,4707
2015,20,BENGALURU (U ),1,BANGALORE NORTH,PADDY,rice,159,62,17,79
2015,20,BENGALURU (U ),1,BANGALORE NORTH,JOWAR,jowar,175,24,26,50
2015,20,BENGALURU (U ),1,BANGALORE NORTH,BAJRA,bajra,5,0,5,5
2015,20,BENGALURU (U ),1,BANGALORE NORTH,MAIZE,maize,757,244,186,430
2015,20,BENGALURU (U ),1,BANGALORE NORTH,RAGI,ragi,14186,44,7123,7167
2015,20,BENGALURU (U ),1,BANGALORE NORTH,WHEAT,wheat,5,0,4,4
2015,20,BENGALURU (U ),1,BANGALORE NORTH,BARLEY,barley,0,0,0,0
2015,20,BENGALURU (U ),1,BANGALORE NORTH,GRAM,chickpea,0,0,0,0
2015,20,BENGALURU (U ),1,BANGALORE NORTH,TUR (ARHAR),pigeonpea (tur),448,22,27,49
2015,20,BENGALURU (U ),1,BANGALORE NORTH,URAD,black gram,0,0,0,0
2015,20,BENGALURU (U ),1,BANGALORE NORTH,MOONG,green gram,0,0,0,0
2015,20,BENGALURU (U ),1,BANGALORE NORTH,MASUR,lentil,0,0,0,0
2015,20,BENGALURU (U ),1,BANGALORE NORTH,HORSEGRAM,horse gram,386,10,144,154
2015,20,BENGALURU (U ),1,BANGALORE NORTH,MOTH,moth bean,0,0,0,0
2015,20,BENGALURU (U ),1,BANGALORE NORTH,SUGARCANE,sugarcane,5,2,0,2
2015,20,BENGALURU (U ),1,BANGALORE NORTH,PEPPER (BLACK),black pepper,10,0,8,8
2015,20,BENGALURU (U ),1,BANGALORE NORTH,CHILLIES,chilli,5,0,0,0
2015,20,BENGALURU (U ),1,BANGALORE NORTH,GINGER,ginger,5,0,0,0
2015,20,BENGALURU (U ),1,BANGALORE NORTH,TURMERIC,turmeric,0,0,0,0
2015,20,BENGALURU (U ),1,BANGALORE NORTH,CARDAMOM (SMALL),cardamom,0,0,0,0
2015,20,BENGALURU (U ),1,BANGALORE NORTH,CARDAMOM (LARGE),cardamom,0,0,0,0
2015,20,BENGALURU (U ),1,BANGALORE NORTH,BETELNUTS (ARECANUTS),arecanut,489,336,5,340
2015,20,BENGALURU (U ),1,BANGALORE NORTH,MANGOES,mango,429,310,201,511
2015,20,BENGALURU (U ),1,BANGALORE NORTH,BANANA,banana,211,142,0,142
2015,20,BENGALURU (U ),1,BANGALORE NORTH,TABLE GRAPES,grapes,674,633,15,648
2015,20,BENGALURU (U ),1,BANGALORE NORTH,WINE GRAPES (BLACK),grapes,0,0,0,0
2015,20,BENGALURU (U ),1,BANGALORE NORTH,CASHEWNUTS,cashewnut,5,2,0,2
2015,20,BENGALURU (U ),1,BANGALORE NORTH,POMEGRANATE,pomegranate,18,11,0,11
2015,20,BENGALURU (U ),1,BANGALORE NORTH,POTATO,potato,0,0,0,0
2015,20,BENGALURU (U ),1,BANGALORE NORTH,TAPIOCA (CASSAVA),tapioca,0,0,0,0
2015,20,BENGALURU (U ),1,BANGALORE NORTH,SWEET POTATO,sweet potato,0,0,0,0
2015,20,BENGALURU (U ),1,BANGALORE NORTH,ONION,onion,0,0,0,0
2015,20,BENGALURU (U ),1,BANGALORE NORTH,TOMATO,tomato,443,225,3,229
2015,20,BENGALURU (U ),1,BANGALORE NORTH,GROUNDNUT,groundnut,52,0,1,1
2015,20,BENGALURU (U ),1,BANGALORE NORTH,CASTORSEED,castor,0,0,0,0
2015,20,BENGALURU (U ),1,BANGALORE NORTH,SESAMUM (TIL),sesame,5,0,0,0
2015,20,BENGALURU (U ),1,BANGALORE NORTH,RAPESEED & MUSTARD (TORIA/TARAMIRA),mustard,1088,10,12,23
2015,20,BENGALURU (U ),1,BANGALORE NORTH,LINSEED,linseed,24,4,8,12
2015,20,BENGALURU (U ),1,BANGALORE NORTH,COCONUT,coconut,1025,742,139,881
2015,20,BENGALURU (U ),1,BANGALORE NORTH,SUNFLOWER,sunflower,0,0,0,0
2015,20,BENGALURU (U ),1,BANGALORE NORTH,SOYABEAN,soybean,0,0,0,0
2015,20,BENGALURU (U ),1,BANGALORE NORTH,NIGERSEED,niger seed,603,0,7,7
2015,20,BENGALURU (U ),1,BANGALORE NORTH,COTTON,cotton,0,0,0,0
2015,20,BENGALURU (U ),1,BANGALORE NORTH,JUTE,jute,0,0,0,0
2015,20,BENGALURU (U ),1,BANGALORE NORTH,MESTA,mesta,5,0,6,6
2015,20,BENGALURU (U ),1,BANGALORE NORTH,TOBACCO,tobacco,0,0,0,0
2015,20,BENGALURU (U ),1,BANGALORE NORTH,GUAR,guar,0,0,0,0
2015,20,BENGALURU (U ),1,BANGALORE NORTH,COFFEE,coffee,0,0,0,0
2015,20,BENGALURU (U ),1,BANGALORE NORTH,GROSS CROPPED AREA,,42056,4056,14473,18529
2015,20,BENGALURU (U ),2,BANGALORE SOUTH,PADDY,rice,211,93,12,104
2015,20,BENGALURU (U ),2,BANGALORE SOUTH,JOWAR,jowar,0,0,0,0
2015,20,BENGALURU (U ),2,BANGALORE SOUTH,BAJRA,bajra,0,0,0,0
2015,20,BENGALURU (U ),2,BANGALORE SOUTH,MAIZE,maize,140,66,13,80
2015,20,BENGALURU (U ),2,BANGALORE SOUTH,RAGI,ragi,11438,31,6818,6849
2015,20,BENGALURU (U ),2,BANGALORE SOUTH,WHEAT,wheat,15,3,26,29
2015,20,BENGALURU (U ),2,BANGALORE SOUTH,BARLEY,barley,0,0,0,0
2015,20,BENGALURU (U ),2,BANGALORE SOUTH,GRAM,chickpea,0,0,0,0
2015,20,BENGALURU (U ),2,BANGALORE SOUTH,TUR (ARHAR),pigeonpea (tur),156,20,24,44
2015,20,BENGALURU (U ),2,BANGALORE SOUTH,URAD,black gram,0,0,0,0
2015,20,BENGALURU (U ),2,BANGALORE SOUTH,MOONG,green gram,0,0,0,0
2015,20,BENGALURU (U ),2,BANGALORE SOUTH,MASUR,lentil,0,0,0,0
2015,20,BENGALURU (U ),2,BANGALORE SOUTH,HORSEGRAM,horse gram,353,4,129,133
2015,20,BENGALURU (U ),2,BANGALORE SOUTH,MOTH,moth bean,0,0,0,0
2015,20,BENGALURU (U ),2,BANGALORE SOUTH,SUGARCANE,sugarcane,0,0,0,0
2015,20,BENGALURU (U ),2,BANGALORE SOUTH,PEPPER (BLACK),black pepper,6,0,7,7
2015,20,BENGALURU (U ),2,BANGALORE SOUTH,CHILLIES,chilli,0,0,0,0
2015,20,BENGALURU (U ),2,BANGALORE SOUTH,GINGER,ginger,0,0,0,0
2015,20,BENGALURU (U ),2,BANGALORE SOUTH,TURMERIC,turmeric,0,0,0,0
2015,20,BENGALURU (U ),2,BANGALORE SOUTH,CARDAMOM (SMALL),cardamom,6,6,0,6
2015,20,BENGALURU (U ),2,BANGALORE SOUTH,CARDAMOM (LARGE),cardamom,0,0,0,0
2015,20,BENGALURU (U ),2,BANGALORE SOUTH,BETELNUTS (ARECANUTS),arecanut,166,135,0,135
2015,20,BENGALURU (U ),2,BANGALORE SOUTH,MANGOES,mango,847,666,240,906
2015,20,BENGALURU (U ),2,BANGALORE SOUTH,BANANA,banana,173,115,13,127
2015,20,BENGALURU (U ),2,BANGALORE SOUTH,TABLE GRAPES,grapes,20,23,0,23
2015,20,BENGALURU (U ),2,BANGALORE SOUTH,WINE GRAPES (BLACK),grapes,0,0,0,0
2015,20,BENGALURU (U ),2,BANGALORE SOUTH,CASHEWNUTS,cashewnut,5,8,0,8
2015,20,BENGALURU (U ),2,BANGALORE SOUTH,POMEGRANATE,pomegranate,0,0,0,0
2015,20,BENGALURU (U ),2,BANGALORE SOUTH,POTATO,potato,0,0,0,0
2015,20,BENGALURU (U ),2,BANGALORE SOUTH,TAPIOCA (CASSAVA),tapioca,0,0,0,0
2015,20,BENGALURU (U ),2,BANGALORE SOUTH,SWEET POTATO,sweet potato,0,0,0,0
2015,20,BENGALURU (U ),2,BANGALORE SOUTH,ONION,onion,0,0,0,0
2015,20,BENGALURU (U ),2,BANGALORE SOUTH,TOMATO,tomato,90,54,0,54
2015,20,BENGALURU (U ),2,BANGALORE SOUTH,GROUNDNUT,groundnut,0,0,0,0
2015,20,BENGALURU (U ),2,BANGALORE SOUTH,CASTORSEED,castor,0,0,0,0
2015,20,BENGALURU (U ),2,BANGALORE SOUTH,SESAMUM (TIL),sesame,5,0,0,0
2015,20,BENGALURU (U ),2,BANGALORE SOUTH,RAPESEED & MUSTARD (TORIA/TARAMIRA),mustard,901,0,13,13
2015,20,BENGALURU (U ),2,BANGALORE SOUTH,LINSEED,linseed,5,0,1,1
2015,20,BENGALURU (U ),2,BANGALORE SOUTH,COCONUT,coconut,1870,1565,247,1812
2015,20,BENGALURU (U ),2,BANGALORE SOUTH,SUNFLOWER,sunflower,0,0,0,0
2015,20,BENGALURU (U ),2,BANGALORE SOUTH,SOYABEAN,soybean,698,0,10,10
2015,20,BENGALURU (U ),2,BANGALORE SOUTH,NIGERSEED,niger seed,182,0,3,3
2015,20,BENGALURU (U ),2,BANGALORE SOUTH,COTTON,cotton,0,0,0,0
2015,20,BENGALURU (U ),2,BANGALORE SOUTH,JUTE,jute,0,0,0,0
2015,20,BENGALURU (U ),2,BANGALORE SOUTH,MESTA,mesta,0,0,0,0
2015,20,BENGALURU (U ),2,BANGALORE SOUTH,TOBACCO,tobacco,0,0,0,0
2015,20,BENGALURU (U ),2,BANGALORE SOUTH,GUAR,guar,0,0,0,0
2015,20,BENGALURU (U ),2,BANGALORE SOUTH,COFFEE,coffee,14,9,0,9
2015,20,BENGALURU (U ),2,BANGALORE SOUTH,GROSS CROPPED AREA,,18231,3450,9190,12640
2015,5,BIDAR,3,AURAD,PADDY,rice,290,5,309,314
2015,5,BIDAR,3,AURAD,JOWAR,jowar,5431,165,3341,3506
2015,5,BIDAR,3,AURAD,BAJRA,bajra,706,0,813,813
2015,5,BIDAR,3,AURAD,MAIZE,maize,458,54,553,607
2015,5,BIDAR,3,AURAD,RAGI,ragi,129,0,356,356
2015,5,BIDAR,3,AURAD,WHEAT,wheat,405,245,342,586
2015,5,BIDAR,3,AURAD,BARLEY,barley,92,0,516,516
2015,5,BIDAR,3,AURAD,GRAM,chickpea,4591,209,2962,3172
2015,5,BIDAR,3,AURAD,TUR (ARHAR),pigeonpea (tur),41946,58,27285,27343
2015,5,BIDAR,3,AURAD,URAD,black gram,16327,17,10365,10383
2015,5,BIDAR,3,AURAD,MOONG,green gram,12923,75,8910,8985
2015,5,BIDAR,3,AURAD,MASUR,lentil,35,0,16,16
2015,5,BIDAR,3,AURAD,HORSEGRAM,horse gram,13,0,7,7
2015,5,BIDAR,3,AURAD,MOTH,moth bean,87,0,91,91
2015,5,BIDAR,3,AURAD,SUGARCANE,sugarcane,437,517,0,517
2015,5,BIDAR,3,AURAD,PEPPER (BLACK),black pepper,0,0,0,0
2015,5,BIDAR,3,AURAD,CHILLIES,chilli,5,0,5,5
2015,5,BIDAR,3,AURAD,GINGER,ginger,181,54,3,57
2015,5,BIDAR,3,AURAD,TURMERIC,turmeric,40,7,3,10
2015,5,BIDAR,3,AURAD,CARDAMOM (SMALL),cardamom,0,0,0,0
2015,5,BIDAR,3,AURAD,CARDAMOM (LARGE),cardamom,0,0,0,0
2015,5,BIDAR,3,AURAD,BETELNUTS (ARECANUTS),arecanut,0,0,0,0
2015,5,BIDAR,3,AURAD,MANGOES,mango,0,0,0,0
2015,5,BIDAR,3,AURAD,BANANA,banana,0,0,0,0
2015,5,BIDAR,3,AURAD,TABLE GRAPES,grapes,0,0,0,0
2015,5,BIDAR,3,AURAD,WINE GRAPES (BLACK),grapes,0,0,0,0
2015,5,BIDAR,3,AURAD,CASHEWNUTS,cashewnut,0,0,0,0
2015,5,BIDAR,3,AURAD,POMEGRANATE,pomegranate,0,0,0,0
2015,5,BIDAR,3,AURAD,POTATO,potato,0,0,0,0
2015,5,BIDAR,3,AURAD,TAPIOCA (CASSAVA),tapioca,0,0,0,0
2015,5,BIDAR,3,AURAD,SWEET POTATO,sweet potato,0,0,0,0
2015,5,BIDAR,3,AURAD,ONION,onion,5,2,0,2
2015,5,BIDAR,3,AURAD,TOMATO,tomato,0,0,0,0
2015,5,BIDAR,3,AURAD,GROUNDNUT,groundnut,87,0,60,60
2015,5,BIDAR,3,AURAD,CASTORSEED,castor,5,0,1,1
2015,5,BIDAR,3,AURAD,SESAMUM (TIL),sesame,178,3,64,67
2015,5,BIDAR,3,AURAD,RAPESEED & MUSTARD (TORIA/TARAMIRA),mustard,29,0,25,25
2015,5,BIDAR,3,AURAD,LINSEED,linseed,5,0,1,1
2015,5,BIDAR,3,AURAD,COCONUT,coconut,113,10,103,113
2015,5,BIDAR,3,AURAD,SUNFLOWER,sunflower,31,0,25,25
2015,5,BIDAR,3,AURAD,SOYABEAN,soybean,44962,278,48650,48928
2015,5,BIDAR,3,AURAD,NIGERSEED,niger seed,0,0,0,0
2015,5,BIDAR,3,AURAD,COTTON,cotton,0,0,0,0
2015,5,BIDAR,3,AURAD,JUTE,jute,0,0,0,0
2015,5,BIDAR,3,AURAD,MESTA,mesta,0,0,0,0
2015,5,BIDAR,3,AURAD,TOBACCO,tobacco,0,0,0,0
2015,5,BIDAR,3,AURAD,GUAR,guar,0,0,0,0
2015,5,BIDAR,3,AURAD,COFFEE,coffee,4,0,2,2
2015,5,BIDAR,3,AURAD,GROSS CROPPED AREA,,54908,1704,106046,107749
2015,5,BIDAR,1,BASAVAKALYAN,PADDY,rice,217,83,149,232
2015,5,BIDAR,1,BASAVAKALYAN,JOWAR,jowar,7428,53,5325,5378
2015,5,BIDAR,1,BASAVAKALYAN,BAJRA,bajra,1809,0,1281,1281
2015,5,BIDAR,1,BASAVAKALYAN,MAIZE,maize,100,27,17,44
2015,5,BIDAR,1,BASAVAKALYAN,RAGI,ragi,42,12,31,43
2015,5,BIDAR,1,BASAVAKALYAN,WHEAT,wheat,421,266,38,304
2015,5,BIDAR,1,BASAVAKALYAN,BARLEY,barley,33,0,23,23
2015,5,BIDAR,1,BASAVAKALYAN,GRAM,chickpea,10144,141,7813,7954
2015,5,BIDAR,1,BASAVAKALYAN,TUR (ARHAR),pigeonpea (tur),46049,89,26748,26836
2015,5,BIDAR,1,BASAVAKALYAN,URAD,black gram,9358,87,8040,8128
2015,5,BIDAR,1,BASAVAKALYAN,MOONG,green gram,8869,5,7523,7529
2015,5,BIDAR,1,BASAVAKALYAN,MASUR,lentil,12,0,11,11
2015,5,BIDAR,1,BASAVAKALYAN,HORSEGRAM,horse gram,17,0,18,18
2015,5,BIDAR,1,BASAVAKALYAN,MOTH,moth bean,55,0,39,39
2015,5,BIDAR,1,BASAVAKALYAN,SUGARCANE,sugarcane,2521,2669,0,2669
2015,5,BIDAR,1,BASAVAKALYAN,PEPPER (BLACK),black pepper,6,2,0,2
2015,5,BIDAR,1,BASAVAKALYAN,CHILLIES,chilli,2,0,2,2
2015,5,BIDAR,1,BASAVAKALYAN,GINGER,ginger,55,36,7,42
2015,5,BIDAR,1,BASAVAKALYAN,TURMERIC,turmeric,0,0,0,0
2015,5,BIDAR,1,BASAVAKALYAN,CARDAMOM (SMALL),cardamom,0,0,0,0
2015,5,BIDAR,1,BASAVAKALYAN,CARDAMOM (LARGE),cardamom,0,0,0,0
2015,5,BIDAR,1,BASAVAKALYAN,BETELNUTS (ARECANUTS),arecanut,0,0,0,0
2015,5,BIDAR,1,BASAVAKALYAN,MANGOES,mango,90,7,47,53
2015,5,BIDAR,1,BASAVAKALYAN,BANANA,banana,18,15,0,15
2015,5,BIDAR,1,BASAVAKALYAN,TABLE GRAPES,grapes,12,5,0,5
2015,5,BIDAR,1,BASAVAKALYAN,WINE GRAPES (BLACK),grapes,0,0,0,0
2015,5,BIDAR,1,BASAVAKALYAN,CASHEWNUTS,cashewnut,0,0,0,0
2015,5,BIDAR,1,BASAVAKALYAN,POMEGRANATE,pomegranate,0,0,0,0
2015,5,BIDAR,1,BASAVAKALYAN,POTATO,potato,0,0,0,0
2015,5,BIDAR,1,BASAVAKALYAN,TAPIOCA (CASSAVA),tapioca,0,0,0,0
2015,5,BIDAR,1,BASAVAKALYAN,SWEET POTATO,sweet potato,0,0,0,0
2015,5,BIDAR,1,BASAVAKALYAN,ONION,onion,18,5,0,5
2015,5,BIDAR,1,BASAVAKALYAN,TOMATO,tomato,71,39,0,39
2015,5,BIDAR,1,BASAVAKALYAN,GROUNDNUT,groundnut,92,0,99,99
2015,5,BIDAR,1,BASAVAKALYAN,CASTORSEED,castor,12,0,7,7
2015,5,BIDAR,1,BASAVAKALYAN,SESAMUM (TIL),sesame,473,7,116,123
2015,5,BIDAR,1,BASAVAKALYAN,RAPESEED & MUSTARD (TORIA/TARAMIRA),mustard,30,0,39,39
2015,5,BIDAR,1,BASAVAKALYAN,LINSEED,linseed,13,0,10,10
2015,5,BIDAR,1,BASAVAKALYAN,COCONUT,coconut,30,2,12,14
2015,5,BIDAR,1,BASAVAKALYAN,SUNFLOWER,sunflower,1076,0,555,555
2015,5,BIDAR,1,BASAVAKALYAN,SOYABEAN,soybean,38559,419,41360,41779
2015,5,BIDAR,1,BASAVAKALYAN,NIGERSEED,niger seed,76,0,26,26
2015,5,BIDAR,1,BASAVAKALYAN,COTTON,cotton,6,0,7,7
2015,5,BIDAR,1,BASAVAKALYAN,JUTE,jute,0,0,0,0
2015,5,BIDAR,1,BASAVAKALYAN,MESTA,mesta,0,0,0,0
2015,5,BIDAR,1,BASAVAKALYAN,TOBACCO,tobacco,0,0,0,0
2015,5,BIDAR,1,BASAVAKALYAN,GUAR,guar,5,4,0,4
2015,5,BIDAR,1,BASAVAKALYAN,COFFEE,coffee,0,0,0,0
2015,5,BIDAR,1,BASAVAKALYAN,GROSS CROPPED AREA,,57017,4007,99790,103798
2015,5,BIDAR,2,BHALKI,PADDY,rice,259,23,282,306
2015,5,BIDAR,2,BHALKI,JOWAR,jowar,3087,0,2008,2008
2015,5,BIDAR,2,BHALKI,BAJRA,bajra,694,3,460,463
2015,5,BIDAR,2,BHALKI,MAIZE,maize,21,0,18,18
2015,5,BIDAR,2,BHALKI,RAGI,ragi,90,5,99,104
2015,5,BIDAR,2,BHALKI,WHEAT,wheat,0,0,0,0
2015,5,BIDAR,2,BHALKI,BARLEY,barley,10,0,12,12
2015,5,BIDAR,2,BHALKI,GRAM,chickpea,16083,0,10488,10488
2015,5,BIDAR,2,BHALKI,TUR (ARHAR),pigeonpea (tur),43974,115,26487,26602
2015,5,BIDAR,2,BHALKI,URAD,black gram,14163,0,12030,12030
2015,5,BIDAR,2,BHALKI,MOONG,green gram,13696,12,11486,11498
2015,5,BIDAR,2,BHALKI,MASUR,lentil,31,0,24,24
2015,5,BIDAR,2,BHALKI,HORSEGRAM,horse gram,11,0,12,12
2015,5,BIDAR,2,BHALKI,MOTH,moth bean,29,0,28,28
2015,5,BIDAR,2,BHALKI,SUGARCANE,sugarcane,3267,3404,0,3404
2015,5,BIDAR,2,BHALKI,PEPPER (BLACK),black pepper,31,18,2,20
2015,5,BIDAR,2,BHALKI,CHILLIES,chilli,0,0,0,0
2015,5,BIDAR,2,BHALKI,GINGER,ginger,19,9,0,9
2015,5,BIDAR,2,BHALKI,TURMERIC,turmeric,5,0,8,8
2015,5,BIDAR,2,BHALKI,CARDAMOM (SMALL),cardamom,0,0,0,0
2015,5,BIDAR,2,BHALKI,CARDAMOM (LARGE),cardamom,0,0,0,0
2015,5,BIDAR,2,BHALKI,BETELNUTS (ARECANUTS),arecanut,0,0,0,0
2015,5,BIDAR,2,BHALKI,MANGOES,mango,10,4,0,4
2015,5,BIDAR,2,BHALKI,BANANA,banana,0,0,0,0
2015,5,BIDAR,2,BHALKI,TABLE GRAPES,grapes,0,0,0,0
2015,5,BIDAR,2,BHALKI,WINE GRAPES (BLACK),grapes,0,0,0,0
2015,5,BIDAR,2,BHALKI,CASHEWNUTS,cashewnut,0,0,0,0
2015,5,BIDAR,2,BHALKI,POMEGRANATE,pomegranate,0,0,0,0
2015,5,BIDAR,2,BHALKI,POTATO,potato,11,4,1,5
2015,5,BIDAR,2,BHALKI,TAPIOCA (CASSAVA),tapioca,0,0,0,0
2015,5,BIDAR,2,BHALKI,SWEET POTATO,sweet potato,0,0,0,0
2015,5,BIDAR,2,BHALKI,ONION,onion,26,19,0,19
2015,5,BIDAR,2,BHALKI,TOMATO,tomato,0,0,0,0
2015,5,BIDAR,2,BHALKI,GROUNDNUT,groundnut,198,4,211,215
2015,5,BIDAR,2,BHALKI,CASTORSEED,castor,15,0,13,13
2015,5,BIDAR,2,BHALKI,SESAMUM (TIL),sesame,232,0,129,129
2015,5,BIDAR,2,BHALKI,RAPESEED & MUSTARD (TORIA/TARAMIRA),mustard,45,0,49,49
2015,5,BIDAR,2,BHALKI,LINSEED,linseed,5,0,1,1
2015,5,BIDAR,2,BHALKI,COCONUT,coconut,46,0,50,50
2015,5,BIDAR,2,BHALKI,SUNFLOWER,sunflower,964,0,489,489
2015,5,BIDAR,2,BHALKI,SOYABEAN,soybean,33667,105,31189,31294
2015,5,BIDAR,2,BHALKI,NIGERSEED,niger seed,0,0,0,0
2015,5,BIDAR,2,BHALKI,COTTON,cotton,0,0,0,0
2015,5,BIDAR,2,BHALKI,JUTE,jute,0,0,0,0
2015,5,BIDAR,2,BHALKI,MESTA,mesta,0,0,0,0
2015,5,BIDAR,2,BHALKI,TOBACCO,tobacco,0,0,0,0
2015,5,BIDAR,2,BHALKI,GUAR,guar,20,5,11,16
2015,5,BIDAR,2,BHALKI,COFFEE,coffee,0,0,0,0
2015,5,BIDAR,2,BHALKI,GROSS CROPPED AREA,,59328,3757,96281,100038
2015,5,BIDAR,4,BIDAR,PADDY,rice,1058,376,720,1095
2015,5,BIDAR,4,BIDAR,JOWAR,jowar,2600,9,2192,2201
2015,5,BIDAR,4,BIDAR,BAJRA,bajra,66,0,35,35
2015,5,BIDAR,4,BIDAR,MAIZE,maize,236,40,109,150
2015,5,BIDAR,4,BIDAR,RAGI,ragi,0,0,0,0
2015,5,BIDAR,4,BIDAR,WHEAT,wheat,40,48,2,50
2015,5,BIDAR,4,BIDAR,BARLEY,barley,0,0,0,0
2015,5,BIDAR,4,BIDAR,GRAM,chickpea,3517,318,3811,4129
2015,5,BIDAR,4,BIDAR,TUR (ARHAR),pigeonpea (tur),24261,300,17811,18111
2015,5,BIDAR,4,BIDAR,URAD,black gram,5276,65,4795,4860
2015,5,BIDAR,4,BIDAR,MOONG,green gram,7136,17,5345,5361
2015,5,BIDAR,4,BIDAR,MASUR,lentil,17,0,29,29
2015,5,BIDAR,4,BIDAR,HORSEGRAM,horse gram,5,0,0,0
2015,5,BIDAR,4,BIDAR,MOTH,moth bean,0,0,0,0
2015,5,BIDAR,4,BIDAR,SUGARCANE,sugarcane,6008,6540,0,6540
2015,5,BIDAR,4,BIDAR,PEPPER (BLACK),black pepper,9,3,7,10
2015,5,BIDAR,4,BIDAR,CHILLIES,chilli,11,6,0,6
2015,5,BIDAR,4,BIDAR,GINGER,ginger,1113,885,17,902
2015,5,BIDAR,4,BIDAR,TURMERIC,turmeric,67,42,0,42
2015,5,BIDAR,4,BIDAR,CARDAMOM (SMALL),cardamom,5,2,0,2
2015,5,BIDAR,4,BIDAR,CARDAMOM (LARGE),cardamom,0,0,0,0
2015,5,BIDAR,4,BIDAR,BETELNUTS (ARECANUTS),arecanut,0,0,0,0
2015,5,BIDAR,4,BIDAR,MANGOES,mango,90,190,4,194
2015,5,BIDAR,4,BIDAR,BANANA,banana,6,11,0,11
2015,5,BIDAR,4,BIDAR,TABLE GRAPES,grapes,0,0,0,0
2015,5,BIDAR,4,BIDAR,WINE GRAPES (BLACK),grapes,0,0,0,0
2015,5,BIDAR,4,BIDAR,CASHEWNUTS,cashewnut,0,0,0,0
2015,5,BIDAR,4,BIDAR,POMEGRANATE,pomegranate,0,0,0,0
2015,5,BIDAR,4,BIDAR,POTATO,potato,0,0,0,0
2015,5,BIDAR,4,BIDAR,TAPIOCA (CASSAVA),tapioca,0,0,0,0
2015,5,BIDAR,4,BIDAR,SWEET POTATO,sweet potato,0,0,0,0
2015,5,BIDAR,4,BIDAR,ONION,onion,0,0,0,0
2015,5,BIDAR,4,BIDAR,TOMATO,tomato,41,21,0,21
2015,5,BIDAR,4,BIDAR,GROUNDNUT,groundnut,21,0,20,20
2015,5,BIDAR,4,BIDAR,CASTORSEED,castor,0,0,0,0
2015,5,BIDAR,4,BIDAR,SESAMUM (TIL),sesame,50,4,39,43
2015,5,BIDAR,4,BIDAR,RAPESEED & MUSTARD (TORIA/TARAMIRA),mustard,215,1,194,194
2015,5,BIDAR,4,BIDAR,LINSEED,linseed,9,0,6,6
2015,5,BIDAR,4,BIDAR,COCONUT,coconut,5,0,4,4
2015,5,BIDAR,4,BIDAR,SUNFLOWER,sunflower,210,0,216,216
2015,5,BIDAR,4,BIDAR,SOYABEAN,soybean,16623,184,16608,16792
2015,5,BIDAR,4,BIDAR,NIGERSEED,niger seed,45,2,43,45
2015,5,BIDAR,4,BIDAR,COTTON,cotton,61,17,41,58
2015,5,BIDAR,4,BIDAR,JUTE,jute,42,12,18,29
2015,5,BIDAR,4,BIDAR,MESTA,mesta,0,0,0,0
2015,5,BIDAR,4,BIDAR,TOBACCO,tobacco,0,0,0,0
2015,5,BIDAR,4,BIDAR,GUAR,guar,5,4,0,4
2015,5,BIDAR,4,BIDAR,COFFEE,coffee,0,0,0,0
2015,5,BIDAR,4,BIDAR,GROSS CROPPED AREA,,45265,9207,53435,62642
2015,5,BIDAR,5,HUMNABAD,PADDY,rice,1344,647,176,822
2015,5,BIDAR,5,HUMNABAD,JOWAR,jowar,18672,64,9841,9905
2015,5,BIDAR,5,HUMNABAD,BAJRA,bajra,3229,2,1087,1089
2015,5,BIDAR,5,HUMNABAD,MAIZE,maize,1873,42,353,395
2015,5,BIDAR,5,HUMNABAD,RAGI,ragi,65,3,38,41
2015,5,BIDAR,5,HUMNABAD,WHEAT,wheat,3275,1566,422,1988
2015,5,BIDAR,5,HUMNABAD,BARLEY,barley,10,0,1,1
2015,5,BIDAR,5,HUMNABAD,GRAM,chickpea,16061,69,7677,7746
2015,5,BIDAR,5,HUMNABAD,TUR (ARHAR),pigeonpea (tur),25276,76,11938,12014
2015,5,BIDAR,5,HUMNABAD,URAD,black gram,18476,111,6873,6985
2015,5,BIDAR,5,HUMNABAD,MOONG,green gram,7357,12,2423,2436
2015,5,BIDAR,5,HUMNABAD,MASUR,lentil,5198,5,2202,2207
2015,5,BIDAR,5,HUMNABAD,HORSEGRAM,horse gram,37,0,13,13
2015,5,BIDAR,5,HUMNABAD,MOTH,moth bean,12,0,5,5
2015,5,BIDAR,5,HUMNABAD,SUGARCANE,sugarcane,14505,10684,0,10684
2015,5,BIDAR,5,HUMNABAD,PEPPER (BLACK),black pepper,33,5,9,14
2015,5,BIDAR,5,HUMNABAD,CHILLIES,chilli,57,14,1,16
2015,5,BIDAR,5,HUMNABAD,GINGER,ginger,12521,6640,106,6746
2015,5,BIDAR,5,HUMNABAD,TURMERIC,turmeric,3094,1678,53,1731
2015,5,BIDAR,5,HUMNABAD,CARDAMOM (SMALL),cardamom,0,0,0,0
2015,5,BIDAR,5,HUMNABAD,CARDAMOM (LARGE),cardamom,15,5,3,8
2015,5,BIDAR,5,HUMNABAD,BETELNUTS (ARECANUTS),arecanut,0,0,0,0
2015,5,BIDAR,5,HUMNABAD,MANGOES,mango,4224,72,1685,1757
2015,5,BIDAR,5,HUMNABAD,BANANA,banana,0,0,0,0
2015,5,BIDAR,5,HUMNABAD,TABLE GRAPES,grapes,0,0,0,0
2015,5,BIDAR,5,HUMNABAD,WINE GRAPES (BLACK),grapes,0,0,0,0
2015,5,BIDAR,5,HUMNABAD,CASHEWNUTS,cashewnut,0,0,0,0
2015,5,BIDAR,5,HUMNABAD,POMEGRANATE,pomegranate,0,0,0,0
2015,5,BIDAR,5,HUMNABAD,POTATO,potato,10,4,0,4
2015,5,BIDAR,5,HUMNABAD,TAPIOCA (CASSAVA),tapioca,0,0,0,0
2015,5,BIDAR,5,HUMNABAD,SWEET POTATO,sweet potato,0,0,0,0
2015,5,BIDAR,5,HUMNABAD,ONION,onion,450,244,17,261
2015,5,BIDAR,5,HUMNABAD,TOMATO,tomato,5,0,0,0
2015,5,BIDAR,5,HUMNABAD,GROUNDNUT,groundnut,2395,1224,25,1249
2015,5,BIDAR,5,HUMNABAD,CASTORSEED,castor,10,0,5,5
2015,5,BIDAR,5,HUMNABAD,SESAMUM (TIL),sesame,3230,10,577,587
2015,5,BIDAR,5,HUMNABAD,RAPESEED & MUSTARD (TORIA/TARAMIRA),mustard,0,0,0,0
2015,5,BIDAR,5,HUMNABAD,LINSEED,linseed,0,0,0,0
2015,5,BIDAR,5,HUMNABAD,COCONUT,coconut,17,5,4,9
2015,5,BIDAR,5,HUMNABAD,SUNFLOWER,sunflower,1792,0,617,617
2015,5,BIDAR,5,HUMNABAD,SOYABEAN,soybean,6337,8,2650,2658
2015,5,BIDAR,5,HUMNABAD,NIGERSEED,niger seed,0,0,0,0
2015,5,BIDAR,5,HUMNABAD,COTTON,cotton,0,0,0,0
2015,5,BIDAR,5,HUMNABAD,JUTE,jute,0,0,0,0
2015,5,BIDAR,5,HUMNABAD,MESTA,mesta,0,0,0,0
2015,5,BIDAR,5,HUMNABAD,TOBACCO,tobacco,0,0,0,0
2015,5,BIDAR,5,HUMNABAD,GUAR,guar,5,2,0,2
2015,5,BIDAR,5,HUMNABAD,COFFEE,coffee,0,0,0,0
2015,5,BIDAR,5,HUMNABAD,GROSS CROPPED AREA,,44863,23892,50225,74116
2015,27,CHAMARAJANAGAR,2,CHAMARAJANAGAR,PADDY,rice,1771,1571,176,1746
2015,27,CHAMARAJANAGAR,2,CHAMARAJANAGAR,JOWAR,jowar,20760,1207,13540,14747
2015,27,CHAMARAJANAGAR,2,CHAMARAJANAGAR,BAJRA,bajra,143,40,82,121
2015,27,CHAMARAJANAGAR,2,CHAMARAJANAGAR,MAIZE,maize,3841,492,2251,2743
2015,27,CHAMARAJANAGAR,2,CHAMARAJANAGAR,RAGI,ragi,3983,42,2853,2895
2015,27,CHAMARAJANAGAR,2,CHAMARAJANAGAR,WHEAT,wheat,110,29,47,75
2015,27,CHAMARAJANAGAR,2,CHAMARAJANAGAR,BARLEY,barley,80,0,83,83
2015,27,CHAMARAJANAGAR,2,CHAMARAJANAGAR,GRAM,chickpea,1001,8,726,734
2015,27,CHAMARAJANAGAR,2,CHAMARAJANAGAR,TUR (ARHAR),pigeonpea (tur),1097,28,499,527
2015,27,CHAMARAJANAGAR,2,CHAMARAJANAGAR,URAD,black gram,5892,204,3732,3936
2015,27,CHAMARAJANAGAR,2,CHAMARAJANAGAR,MOONG,green gram,2190,232,1493,1725
2015,27,CHAMARAJANAGAR,2,CHAMARAJANAGAR,MASUR,lentil,33,0,30,30
2015,27,CHAMARAJANAGAR,2,CHAMARAJANAGAR,HORSEGRAM,horse gram,5297,209,4158,4367
2015,27,CHAMARAJANAGAR,2,CHAMARAJANAGAR,MOTH,moth bean,6,0,21,21
2015,27,CHAMARAJANAGAR,2,CHAMARAJANAGAR,SUGARCANE,sugarcane,2508,2899,0,2899
2015,27,CHAMARAJANAGAR,2,CHAMARAJANAGAR,PEPPER (BLACK),black pepper,0,0,0,0
2015,27,CHAMARAJANAGAR,2,CHAMARAJANAGAR,CHILLIES,chilli,5,2,0,2
2015,27,CHAMARAJANAGAR,2,CHAMARAJANAGAR,GINGER,ginger,42,67,0,67
2015,27,CHAMARAJANAGAR,2,CHAMARAJANAGAR,TURMERIC,turmeric,2705,3867,326,4193
2015,27,CHAMARAJANAGAR,2,CHAMARAJANAGAR,CARDAMOM (SMALL),cardamom,9,2,6,7
2015,27,CHAMARAJANAGAR,2,CHAMARAJANAGAR,CARDAMOM (LARGE),cardamom,48,19,1,19
2015,27,CHAMARAJANAGAR,2,CHAMARAJANAGAR,BETELNUTS (ARECANUTS),arecanut,504,349,144,493
2015,27,CHAMARAJANAGAR,2,CHAMARAJANAGAR,MANGOES,mango,9,3,0,3
2015,27,CHAMARAJANAGAR,2,CHAMARAJANAGAR,BANANA,banana,2626,3195,156,3352
2015,27,CHAMARAJANAGAR,2,CHAMARAJANAGAR,TABLE GRAPES,grapes,0,0,0,0
2015,27,CHAMARAJANAGAR,2,CHAMARAJANAGAR,WINE GRAPES (BLACK),grapes,0,0,0,0
2015,27,CHAMARAJANAGAR,2,CHAMARAJANAGAR,CASHEWNUTS,cashewnut,0,0,0,0
2015,27,CHAMARAJANAGAR,2,CHAMARAJANAGAR,POMEGRANATE,pomegranate,0,0,0,0
2015,27,CHAMARAJANAGAR,2,CHAMARAJANAGAR,POTATO,potato,0,0,0,0
2015,27,CHAMARAJANAGAR,2,CHAMARAJANAGAR,TAPIOCA (CASSAVA),tapioca,3,7,0,7
2015,27,CHAMARAJANAGAR,2,CHAMARAJANAGAR,SWEET POTATO,sweet potato,40,25,16,41
2015,27,CHAMARAJANAGAR,2,CHAMARAJANAGAR,ONION,onion,389,316,18,334
2015,27,CHAMARAJANAGAR,2,CHAMARAJANAGAR,TOMATO,tomato,577,428,26,454
2015,27,CHAMARAJANAGAR,2,CHAMARAJANAGAR,GROUNDNUT,groundnut,870,0,853,853
2015,27,CHAMARAJANAGAR,2,CHAMARAJANAGAR,CASTORSEED,castor,41,0,38,38
2015,27,CHAMARAJANAGAR,2,CHAMARAJANAGAR,SESAMUM (TIL),sesame,2083,9,1128,1138
2015,27,CHAMARAJANAGAR,2,CHAMARAJANAGAR,RAPESEED & MUSTARD (TORIA/TARAMIRA),mustard,27,2,15,17
2015,27,CHAMARAJANAGAR,2,CHAMARAJANAGAR,LINSEED,linseed,33,0,28,28
2015,27,CHAMARAJANAGAR,2,CHAMARAJANAGAR,COCONUT,coconut,4684,5258,1327,6585
2015,27,CHAMARAJANAGAR,2,CHAMARAJANAGAR,SUNFLOWER,sunflower,3798,52,2717,2769
2015,27,CHAMARAJANAGAR,2,CHAMARAJANAGAR,SOYABEAN,soybean,19,21,9,31
2015,27,CHAMARAJANAGAR,2,CHAMARAJANAGAR,NIGERSEED,niger seed,0,0,0,0
2015,27,CHAMARAJANAGAR,2,CHAMARAJANAGAR,COTTON,cotton,176,23,105,129
2015,27,CHAMARAJANAGAR,2,CHAMARAJANAGAR,JUTE,jute,9,0,5,5
2015,27,CHAMARAJANAGAR,2,CHAMARAJANAGAR,MESTA,mesta,0,0,0,0
2015,27,CHAMARAJANAGAR,2,CHAMARAJANAGAR,TOBACCO,tobacco,0,0,0,0
2015,27,CHAMARAJANAGAR,2,CHAMARAJANAGAR,GUAR,guar,0,0,0,0
2015,27,CHAMARAJANAGAR,2,CHAMARAJANAGAR,COFFEE,coffee,11,110,0,110
2015,27,CHAMARAJANAGAR,2,CHAMARAJANAGAR,GROSS CROPPED AREA,,80479,21521,36750,58271
2015,27,CHAMARAJANAGAR,1,GUDLUPET,PADDY,rice,121,4,76,80
2015,27,CHAMARAJANAGAR,1,GUDLUPET,JOWAR,jowar,19643,1276,13407,14683
2015,27,CHAMARAJANAGAR,1,GUDLUPET,BAJRA,bajra,59,0,28,28
2015,27,CHAMARAJANAGAR,1,GUDLUPET,MAIZE,maize,2258,115,1475,1590
2015,27,CHAMARAJANAGAR,1,GUDLUPET,RAGI,ragi,637,14,286,300
2015,27,CHAMARAJANAGAR,1,GUDLUPET,WHEAT,wheat,29,0,21,21
2015,27,CHAMARAJANAGAR,1,GUDLUPET,BARLEY,barley,73,0,44,44
2015,27,CHAMARAJANAGAR,1,GUDLUPET,GRAM,chickpea,405,0,474,474
2015,27,CHAMARAJANAGAR,1,GUDLUPET,TUR (ARHAR),pigeonpea (tur),97,0,30,30
2015,27,CHAMARAJANAGAR,1,GUDLUPET,URAD,black gram,6,0,4,4
2015,27,CHAMARAJANAGAR,1,GUDLUPET,MOONG,green gram,6,3,0,3
2015,27,CHAMARAJANAGAR,1,GUDLUPET,MASUR,lentil,6,5,0,5
2015,27,CHAMARAJANAGAR,1,GUDLUPET,HORSEGRAM,horse gram,425,0,462,462
2015,27,CHAMARAJANAGAR,1,GUDLUPET,MOTH,moth bean,0,0,0,0
2015,27,CHAMARAJANAGAR,1,GUDLUPET,SUGARCANE,sugarcane,69,62,0,62
2015,27,CHAMARAJANAGAR,1,GUDLUPET,PEPPER (BLACK),black pepper,6,4,0,4
2015,27,CHAMARAJANAGAR,1,GUDLUPET,CHILLIES,chilli,0,0,0,0
2015,27,CHAMARAJANAGAR,1,GUDLUPET,GINGER,ginger,126,127,21,147
2015,27,CHAMARAJANAGAR,1,GUDLUPET,TURMERIC,turmeric,2133,2339,181,2521
2015,27,CHAMARAJANAGAR,1,GUDLUPET,CARDAMOM (SMALL),cardamom,45,51,0,51
2015,27,CHAMARAJANAGAR,1,GUDLUPET,CARDAMOM (LARGE),cardamom,7,0,7,7
2015,27,CHAMARAJANAGAR,1,GUDLUPET,BETELNUTS (ARECANUTS),arecanut,13,28,0,28
2015,27,CHAMARAJANAGAR,1,GUDLUPET,MANGOES,mango,78,6,82,88
2015,27,CHAMARAJANAGAR,1,GUDLUPET,BANANA,banana,1022,822,52,873
2015,27,CHAMARAJANAGAR,1,GUDLUPET,TABLE GRAPES,grapes,6,3,0,3
2015,27,CHAMARAJANAGAR,1,GUDLUPET,WINE GRAPES (BLACK),grapes,0,0,0,0
2015,27,CHAMARAJANAGAR,1,GUDLUPET,CASHEWNUTS,cashewnut,0,0,0,0
2015,27,CHAMARAJANAGAR,1,GUDLUPET,POMEGRANATE,pomegranate,0,0,0,0
2015,27,CHAMARAJANAGAR,1,GUDLUPET,POTATO,potato,6,3,0,3
2015,27,CHAMARAJANAGAR,1,GUDLUPET,TAPIOCA (CASSAVA),tapioca,0,0,0,0
2015,27,CHAMARAJANAGAR,1,GUDLUPET,SWEET POTATO,sweet potato,19,13,0,13
2015,27,CHAMARAJANAGAR,1,GUDLUPET,ONION,onion,1620,1445,54,1498
2015,27,CHAMARAJANAGAR,1,GUDLUPET,TOMATO,tomato,1085,764,103,867
2015,27,CHAMARAJANAGAR,1,GUDLUPET,GROUNDNUT,groundnut,4115,34,3579,3613
2015,27,CHAMARAJANAGAR,1,GUDLUPET,CASTORSEED,castor,325,9,271,280
2015,27,CHAMARAJANAGAR,1,GUDLUPET,SESAMUM (TIL),sesame,32,5,37,42
2015,27,CHAMARAJANAGAR,1,GUDLUPET,RAPESEED & MUSTARD (TORIA/TARAMIRA),mustard,17,0,17,17
2015,27,CHAMARAJANAGAR,1,GUDLUPET,LINSEED,linseed,23,0,16,16
2015,27,CHAMARAJANAGAR,1,GUDLUPET,COCONUT,coconut,531,296,227,523
2015,27,CHAMARAJANAGAR,1,GUDLUPET,SUNFLOWER,sunflower,14677,179,14259,14438
2015,27,CHAMARAJANAGAR,1,GUDLUPET,SOYABEAN,soybean,0,0,0,0
2015,27,CHAMARAJANAGAR,1,GUDLUPET,NIGERSEED,niger seed,0,0,0,0
2015,27,CHAMARAJANAGAR,1,GUDLUPET,COTTON,cotton,12640,319,11465,11784
2015,27,CHAMARAJANAGAR,1,GUDLUPET,JUTE,jute,570,4,334,338
2015,27,CHAMARAJANAGAR,1,GUDLUPET,MESTA,mesta,0,0,0,0
2015,27,CHAMARAJANAGAR,1,GUDLUPET,TOBACCO,tobacco,0,0,0,0
2015,27,CHAMARAJANAGAR,1,GUDLUPET,GUAR,guar,0,0,0,0
2015,27,CHAMARAJANAGAR,1,GUDLUPET,COFFEE,coffee,0,0,0,0
2015,27,CHAMARAJANAGAR,1,GUDLUPET,GROSS CROPPED AREA,,50919,8519,47539,56058
2015,27,CHAMARAJANAGAR,4,KOLLEGAL,PADDY,rice,8554,4192,452,4644
2015,27,CHAMARAJANAGAR,4,KOLLEGAL,JOWAR,jowar,12408,396,14297,14692
2015,27,CHAMARAJANAGAR,4,KOLLEGAL,BAJRA,bajra,1747,23,834,856
2015,27,CHAMARAJANAGAR,4,KOLLEGAL,MAIZE,maize,9082,1178,8092,9270
2015,27,CHAMARAJANAGAR,4,KOLLEGAL,RAGI,ragi,9756,146,9792,9939
2015,27,CHAMARAJANAGAR,4,KOLLEGAL,WHEAT,wheat,99,45,78,123
2015,27,CHAMARAJANAGAR,4,KOLLEGAL,BARLEY,barley,4,0,2,2
2015,27,CHAMARAJANAGAR,4,KOLLEGAL,GRAM,chickpea,9,10,7,17
2015,27,CHAMARAJANAGAR,4,KOLLEGAL,TUR (ARHAR),pigeonpea (tur),39,0,47,47
2015,27,CHAMARAJANAGAR,4,KOLLEGAL,URAD,black gram,21,4,14,17
2015,27,CHAMARAJANAGAR,4,KOLLEGAL,MOONG,green gram,18,4,12,16
2015,27,CHAMARAJANAGAR,4,KOLLEGAL,MASUR,lentil,13,0,17,17
2015,27,CHAMARAJANAGAR,4,KOLLEGAL,HORSEGRAM,horse gram,5632,121,5218,5339
2015,27,CHAMARAJANAGAR,4,KOLLEGAL,MOTH,moth bean,0,0,0,0
2015,27,CHAMARAJANAGAR,4,KOLLEGAL,SUGARCANE,sugarcane,414,720,0,720
2015,27,CHAMARAJANAGAR,4,KOLLEGAL,PEPPER (BLACK),black pepper,0,0,0,0
2015,27,CHAMARAJANAGAR,4,KOLLEGAL,CHILLIES,chilli,12,8,14,22
2015,27,CHAMARAJANAGAR,4,KOLLEGAL,GINGER,ginger,4,0,3,3
2015,27,CHAMARAJANAGAR,4,KOLLEGAL,TURMERIC,turmeric,2039,3733,170,3903
2015,27,CHAMARAJANAGAR,4,KOLLEGAL,CARDAMOM (SMALL),cardamom,0,0,0,0
2015,27,CHAMARAJANAGAR,4,KOLLEGAL,CARDAMOM (LARGE),cardamom,4,0,4,4
2015,27,CHAMARAJANAGAR,4,KOLLEGAL,BETELNUTS (ARECANUTS),arecanut,10,22,0,22
2015,27,CHAMARAJANAGAR,4,KOLLEGAL,MANGOES,mango,13,4,12,16
2015,27,CHAMARAJANAGAR,4,KOLLEGAL,BANANA,banana,1847,3445,98,3543
2015,27,CHAMARAJANAGAR,4,KOLLEGAL,TABLE GRAPES,grapes,0,0,0,0
2015,27,CHAMARAJANAGAR,4,KOLLEGAL,WINE GRAPES (BLACK),grapes,0,0,0,0
2015,27,CHAMARAJANAGAR,4,KOLLEGAL,CASHEWNUTS,cashewnut,0,0,0,0
2015,27,CHAMARAJANAGAR,4,KOLLEGAL,POMEGRANATE,pomegranate,292,446,0,446
2015,27,CHAMARAJANAGAR,4,KOLLEGAL,POTATO,potato,79,39,37,76
2015,27,CHAMARAJANAGAR,4,KOLLEGAL,TAPIOCA (CASSAVA),tapioca,5,0,11,11
2015,27,CHAMARAJANAGAR,4,KOLLEGAL,SWEET POTATO,sweet potato,4,8,0,8
2015,27,CHAMARAJANAGAR,4,KOLLEGAL,ONION,onion,1375,1665,13,1678
2015,27,CHAMARAJANAGAR,4,KOLLEGAL,TOMATO,tomato,88,135,0,135
2015,27,CHAMARAJANAGAR,4,KOLLEGAL,GROUNDNUT,groundnut,6817,54,5685,5738
2015,27,CHAMARAJANAGAR,4,KOLLEGAL,CASTORSEED,castor,0,0,0,0
2015,27,CHAMARAJANAGAR,4,KOLLEGAL,SESAMUM (TIL),sesame,1035,0,479,479
2015,27,CHAMARAJANAGAR,4,KOLLEGAL,RAPESEED & MUSTARD (TORIA/TARAMIRA),mustard,0,0,0,0
2015,27,CHAMARAJANAGAR,4,KOLLEGAL,LINSEED,linseed,22,12,7,19
2015,27,CHAMARAJANAGAR,4,KOLLEGAL,COCONUT,coconut,957,1559,54,1613
2015,27,CHAMARAJANAGAR,4,KOLLEGAL,SUNFLOWER,sunflower,13,4,5,9
2015,27,CHAMARAJANAGAR,4,KOLLEGAL,SOYABEAN,soybean,0,0,0,0
2015,27,CHAMARAJANAGAR,4,KOLLEGAL,NIGERSEED,niger seed,0,0,0,0
2015,27,CHAMARAJANAGAR,4,KOLLEGAL,COTTON,cotton,119,121,41,162
2015,27,CHAMARAJANAGAR,4,KOLLEGAL,JUTE,jute,0,0,0,0
2015,27,CHAMARAJANAGAR,4,KOLLEGAL,MESTA,mesta,0,0,0,0
2015,27,CHAMARAJANAGAR,4,KOLLEGAL,TOBACCO,tobacco,0,0,0,0
2015,27,CHAMARAJANAGAR,4,KOLLEGAL,GUAR,guar,0,0,0,0
2015,27,CHAMARAJANAGAR,4,KOLLEGAL,COFFEE,coffee,0,0,0,0
2015,27,CHAMARAJANAGAR,4,KOLLEGAL,GROSS CROPPED AREA,,66309,19788,45565,65353
2015,27,CHAMARAJANAGAR,3,YELANDUR,PADDY,rice,5367,2291,280,2571
2015,27,CHAMARAJANAGAR,3,YELANDUR,JOWAR,jowar,1210,199,439,639
2015,27,CHAMARAJANAGAR,3,YELANDUR,BAJRA,bajra,23,2,9,11
2015,27,CHAMARAJANAGAR,3,YELANDUR,MAIZE,maize,229,58,40,98
2015,27,CHAMARAJANAGAR,3,YELANDUR,RAGI,ragi,1268,187,210,397
2015,27,CHAMARAJANAGAR,3,YELANDUR,WHEAT,wheat,6,3,0,3
2015,27,CHAMARAJANAGAR,3,YELANDUR,BARLEY,barley,0,0,0,0
2015,27,CHAMARAJANAGAR,3,YELANDUR,GRAM,chickpea,4,2,0,2
2015,27,CHAMARAJANAGAR,3,YELANDUR,TUR (ARHAR),pigeonpea (tur),43,3,17,20
2015,27,CHAMARAJANAGAR,3,YELANDUR,URAD,black gram,3516,251,779,1030
2015,27,CHAMARAJANAGAR,3,YELANDUR,MOONG,green gram,1762,149,415,564
2015,27,CHAMARAJANAGAR,3,YELANDUR,MASUR,lentil,0,0,0,0
2015,27,CHAMARAJANAGAR,3,YELANDUR,HORSEGRAM,horse gram,0,0,0,0
2015,27,CHAMARAJANAGAR,3,YELANDUR,MOTH,moth bean,0,0,0,0
2015,27,CHAMARAJANAGAR,3,YELANDUR,SUGARCANE,sugarcane,3589,2419,0,2419
2015,27,CHAMARAJANAGAR,3,YELANDUR,PEPPER (BLACK),black pepper,3,0,2,2
2015,27,CHAMARAJANAGAR,3,YELANDUR,CHILLIES,chilli,0,0,0,0
2015,27,CHAMARAJANAGAR,3,YELANDUR,GINGER,ginger,0,0,0,0
2015,27,CHAMARAJANAGAR,3,YELANDUR,TURMERIC,turmeric,193,102,22,124
2015,27,CHAMARAJANAGAR,3,YELANDUR,CARDAMOM (SMALL),cardamom,0,0,0,0
2015,27,CHAMARAJANAGAR,3,YELANDUR,CARDAMOM (LARGE),cardamom,0,0,0,0
2015,27,CHAMARAJANAGAR,3,YELANDUR,BETELNUTS (ARECANUTS),arecanut,0,0,0,0
2015,27,CHAMARAJANAGAR,3,YELANDUR,MANGOES,mango,0,0,0,0
2015,27,CHAMARAJANAGAR,3,YELANDUR,BANANA,banana,514,398,3,401
2015,27,CHAMARAJANAGAR,3,YELANDUR,TABLE GRAPES,grapes,0,0,0,0
2015,27,CHAMARAJANAGAR,3,YELANDUR,WINE GRAPES (BLACK),grapes,0,0,0,0
2015,27,CHAMARAJANAGAR,3,YELANDUR,CASHEWNUTS,cashewnut,0,0,0,0
2015,27,CHAMARAJANAGAR,3,YELANDUR,POMEGRANATE,pomegranate,0,0,0,0
2015,27,CHAMARAJANAGAR,3,YELANDUR,POTATO,potato,0,0,0,0
2015,27,CHAMARAJANAGAR,3,YELANDUR,TAPIOCA (CASSAVA),tapioca,0,0,0,0
2015,27,CHAMARAJANAGAR,3,YELANDUR,SWEET POTATO,sweet potato,0,0,0,0
2015,27,CHAMARAJANAGAR,3,YELANDUR,ONION,onion,0,0,0,0
2015,27,CHAMARAJANAGAR,3,YELANDUR,TOMATO,tomato,0,0,0,0
2015,27,CHAMARAJANAGAR,3,YELANDUR,GROUNDNUT,groundnut,0,0,0,0
2015,27,CHAMARAJANAGAR,3,YELANDUR,CASTORSEED,castor,0,0,0,0
2015,27,CHAMARAJANAGAR,3,YELANDUR,SESAMUM (TIL),sesame,4,5,0,5
2015,27,CHAMARAJANAGAR,3,YELANDUR,RAPESEED & MUSTARD (TORIA/TARAMIRA),mustard,0,0,0,0
2015,27,CHAMARAJANAGAR,3,YELANDUR,LINSEED,linseed,0,0,0,0
2015,27,CHAMARAJANAGAR,3,YELANDUR,COCONUT,coconut,74,61,12,73
2015,27,CHAMARAJANAGAR,3,YELANDUR,SUNFLOWER,sunflower,0,0,0,0
2015,27,CHAMARAJANAGAR,3,YELANDUR,SOYABEAN,soybean,0,0,0,0
2015,27,CHAMARAJANAGAR,3,YELANDUR,NIGERSEED,niger seed,0,0,0,0
2015,27,CHAMARAJANAGAR,3,YELANDUR,COTTON,cotton,0,0,0,0
2015,27,CHAMARAJANAGAR,3,YELANDUR,JUTE,jute,0,0,0,0
2015,27,CHAMARAJANAGAR,3,YELANDUR,MESTA,mesta,0,0,0,0
2015,27,CHAMARAJANAGAR,3,YELANDUR,TOBACCO,tobacco,0,0,0,0
2015,27,CHAMARAJANAGAR,3,YELANDUR,GUAR,guar,19,7,0,7
2015,27,CHAMARAJANAGAR,3,YELANDUR,COFFEE,coffee,0,0,0,0
2015,27,CHAMARAJANAGAR,3,YELANDUR,GROSS CROPPED AREA,,18779,6167,2232,8399
2015,29,CHICHBALLAPURA,4,BAGEPALLI,PADDY,rice,205,585,153,738
2015,29,CHICHBALLAPURA,4,BAGEPALLI,JOWAR,jowar,1414,13,1476,1490
2015,29,CHICHBALLAPURA,4,BAGEPALLI,BAJRA,bajra,11,0,5,5
2015,29,CHICHBALLAPURA,4,BAGEPALLI,MAIZE,maize,13945,57,18231,18288
2015,29,CHICHBALLAPURA,4,BAGEPALLI,RAGI,ragi,8190,129,9995,10124
2015,29,CHICHBALLAPURA,4,BAGEPALLI,WHEAT,wheat,11,0,7,7
2015,29,CHICHBALLAPURA,4,BAGEPALLI,BARLEY,barley,6,0,18,18
2015,29,CHICHBALLAPURA,4,BAGEPALLI,GRAM,chickpea,24,0,7,7
2015,29,CHICHBALLAPURA,4,BAGEPALLI,TUR (ARHAR),pigeonpea (tur),1323,0,1105,1105
2015,29,CHICHBALLAPURA,4,BAGEPALLI,URAD,black gram,0,0,0,0
2015,29,CHICHBALLAPURA,4,BAGEPALLI,MOONG,green gram,0,0,0,0
2015,29,CHICHBALLAPURA,4,BAGEPALLI,MASUR,lentil,0,0,0,0
2015,29,CHICHBALLAPURA,4,BAGEPALLI,HORSEGRAM,horse gram,0,0,0,0
2015,29,CHICHBALLAPURA,4,BAGEPALLI,MOTH,moth bean,0,0,0,0
2015,29,CHICHBALLAPURA,4,BAGEPALLI,SUGARCANE,sugarcane,0,0,0,0
2015,29,CHICHBALLAPURA,4,BAGEPALLI,PEPPER (BLACK),black pepper,0,0,0,0
2015,29,CHICHBALLAPURA,4,BAGEPALLI,CHILLIES,chilli,0,0,0,0
2015,29,CHICHBALLAPURA,4,BAGEPALLI,GINGER,ginger,0,0,0,0
2015,29,CHICHBALLAPURA,4,BAGEPALLI,TURMERIC,turmeric,0,0,0,0
2015,29,CHICHBALLAPURA,4,BAGEPALLI,CARDAMOM (SMALL),cardamom,0,0,0,0
2015,29,CHICHBALLAPURA,4,BAGEPALLI,CARDAMOM (LARGE),cardamom,0,0,0,0
2015,29,CHICHBALLAPURA,4,BAGEPALLI,BETELNUTS (ARECANUTS),arecanut,0,0,0,0
2015,29,CHICHBALLAPURA,4,BAGEPALLI,MANGOES,mango,6,0,10,10
2015,29,CHICHBALLAPURA,4,BAGEPALLI,BANANA,banana,0,0,0,0
2015,29,CHICHBALLAPURA,4,BAGEPALLI,TABLE GRAPES,grapes,0,0,0,0
2015,29,CHICHBALLAPURA,4,BAGEPALLI,WINE GRAPES (BLACK),grapes,0,0,0,0
2015,29,CHICHBALLAPURA,4,BAGEPALLI,CASHEWNUTS,cashewnut,0,0,0,0
2015,29,CHICHBALLAPURA,4,BAGEPALLI,POMEGRANATE,pomegranate,0,0,0,0
2015,29,CHICHBALLAPURA,4,BAGEPALLI,POTATO,potato,116,334,9,343
2015,29,CHICHBALLAPURA,4,BAGEPALLI,TAPIOCA (CASSAVA),tapioca,0,0,0,0
2015,29,CHICHBALLAPURA,4,BAGEPALLI,SWEET POTATO,sweet potato,0,0,0,0
2015,29,CHICHBALLAPURA,4,BAGEPALLI,ONION,onion,206,381,0,381
2015,29,CHICHBALLAPURA,4,BAGEPALLI,TOMATO,tomato,87,93,23,116
2015,29,CHICHBALLAPURA,4,BAGEPALLI,GROUNDNUT,groundnut,4522,845,6876,7722
2015,29,CHICHBALLAPURA,4,BAGEPALLI,CASTORSEED,castor,0,0,0,0
2015,29,CHICHBALLAPURA,4,BAGEPALLI,SESAMUM (TIL),sesame,0,0,0,0
2015,29,CHICHBALLAPURA,4,BAGEPALLI,RAPESEED & MUSTARD (TORIA/TARAMIRA),mustard,34,0,27,27
2015,29,CHICHBALLAPURA,4,BAGEPALLI,LINSEED,linseed,0,0,0,0
2015,29,CHICHBALLAPURA,4,BAGEPALLI,COCONUT,coconut,0,0,0,0
2015,29,CHICHBALLAPURA,4,BAGEPALLI,SUNFLOWER,sunflower,0,0,0,0
2015,29,CHICHBALLAPURA,4,BAGEPALLI,SOYABEAN,soybean,0,0,0,0
2015,29,CHICHBALLAPURA,4,BAGEPALLI,NIGERSEED,niger seed,0,0,0,0
2015,29,CHICHBALLAPURA,4,BAGEPALLI,COTTON,cotton,0,0,0,0
2015,29,CHICHBALLAPURA,4,BAGEPALLI,JUTE,jute,0,0,0,0
2015,29,CHICHBALLAPURA,4,BAGEPALLI,MESTA,mesta,0,0,0,0
2015,29,CHICHBALLAPURA,4,BAGEPALLI,TOBACCO,tobacco,0,0,0,0
2015,29,CHICHBALLAPURA,4,BAGEPALLI,GUAR,guar,0,0,0,0
2015,29,CHICHBALLAPURA,4,BAGEPALLI,COFFEE,coffee,0,0,0,0
2015,29,CHICHBALLAPURA,4,BAGEPALLI,GROSS CROPPED AREA,,31908,2629,38550,41179
2015,29,CHICHBALLAPURA,2,CHICHBALLAPURA,PADDY,rice,1108,397,146,542
2015,29,CHICHBALLAPURA,2,CHICHBALLAPURA,JOWAR,jowar,4860,419,3143,3562
2015,29,CHICHBALLAPURA,2,CHICHBALLAPURA,BAJRA,bajra,64,0,33,33
2015,29,CHICHBALLAPURA,2,CHICHBALLAPURA,MAIZE,maize,2432,271,1171,1442
2015,29,CHICHBALLAPURA,2,CHICHBALLAPURA,RAGI,ragi,26971,308,15451,15760
2015,29,CHICHBALLAPURA,2,CHICHBALLAPURA,WHEAT,wheat,143,2,71,73
2015,29,CHICHBALLAPURA,2,CHICHBALLAPURA,BARLEY,barley,15,17,1,18
2015,29,CHICHBALLAPURA,2,CHICHBALLAPURA,GRAM,chickpea,100,16,44,60
2015,29,CHICHBALLAPURA,2,CHICHBALLAPURA,TUR (ARHAR),pigeonpea (tur),1667,143,795,938
2015,29,CHICHBALLAPURA,2,CHICHBALLAPURA,URAD,black gram,6,0,6,6
2015,29,CHICHBALLAPURA,2,CHICHBALLAPURA,MOONG,green gram,0,0,0,0
2015,29,CHICHBALLAPURA,2,CHICHBALLAPURA,MASUR,lentil,13,0,11,11
2015,29,CHICHBALLAPURA,2,CHICHBALLAPURA,HORSEGRAM,horse gram,597,281,187,468
2015,29,CHICHBALLAPURA,2,CHICHBALLAPURA,MOTH,moth bean,26,0,5,5
2015,29,CHICHBALLAPURA,2,CHICHBALLAPURA,SUGARCANE,sugarcane,0,0,0,0
2015,29,CHICHBALLAPURA,2,CHICHBALLAPURA,PEPPER (BLACK),black pepper,0,0,0,0
2015,29,CHICHBALLAPURA,2,CHICHBALLAPURA,CHILLIES,chilli,0,0,0,0
2015,29,CHICHBALLAPURA,2,CHICHBALLAPURA,GINGER,ginger,0,0,0,0
2015,29,CHICHBALLAPURA,2,CHICHBALLAPURA,TURMERIC,turmeric,0,0,0,0
2015,29,CHICHBALLAPURA,2,CHICHBALLAPURA,CARDAMOM (SMALL),cardamom,0,0,0,0
2015,29,CHICHBALLAPURA,2,CHICHBALLAPURA,CARDAMOM (LARGE),cardamom,0,0,0,0
2015,29,CHICHBALLAPURA,2,CHICHBALLAPURA,BETELNUTS (ARECANUTS),arecanut,0,0,0,0
2015,29,CHICHBALLAPURA,2,CHICHBALLAPURA,MANGOES,mango,838,6,698,704
2015,29,CHICHBALLAPURA,2,CHICHBALLAPURA,BANANA,banana,37,9,6,15
2015,29,CHICHBALLAPURA,2,CHICHBALLAPURA,TABLE GRAPES,grapes,476,382,86,468
2015,29,CHICHBALLAPURA,2,CHICHBALLAPURA,WINE GRAPES (BLACK),grapes,0,0,0,0
2015,29,CHICHBALLAPURA,2,CHICHBALLAPURA,CASHEWNUTS,cashewnut,53,0,41,41
2015,29,CHICHBALLAPURA,2,CHICHBALLAPURA,POMEGRANATE,pomegranate,6,0,5,5
2015,29,CHICHBALLAPURA,2,CHICHBALLAPURA,POTATO,potato,339,542,57,599
2015,29,CHICHBALLAPURA,2,CHICHBALLAPURA,TAPIOCA (CASSAVA),tapioca,11,0,6,6
2015,29,CHICHBALLAPURA,2,CHICHBALLAPURA,SWEET POTATO,sweet potato,0,0,0,0
2015,29,CHICHBALLAPURA,2,CHICHBALLAPURA,ONION,onion,4,3,0,3
2015,29,CHICHBALLAPURA,2,CHICHBALLAPURA,TOMATO,tomato,196,104,13,117
2015,29,CHICHBALLAPURA,2,CHICHBALLAPURA,GROUNDNUT,groundnut,11,4,3,7
2015,29,CHICHBALLAPURA,2,CHICHBALLAPURA,CASTORSEED,castor,0,0,0,0
2015,29,CHICHBALLAPURA,2,CHICHBALLAPURA,SESAMUM (TIL),sesame,0,0,0,0
2015,29,CHICHBALLAPURA,2,CHICHBALLAPURA,RAPESEED & MUSTARD (TORIA/TARAMIRA),mustard,0,0,0,0
2015,29,CHICHBALLAPURA,2,CHICHBALLAPURA,LINSEED,linseed,0,0,0,0
2015,29,CHICHBALLAPURA,2,CHICHBALLAPURA,COCONUT,coconut,0,0,0,0
2015,29,CHICHBALLAPURA,2,CHICHBALLAPURA,SUNFLOWER,sunflower,0,0,0,0
2015,29,CHICHBALLAPURA,2,CHICHBALLAPURA,SOYABEAN,soybean,0,0,0,0
2015,29,CHICHBALLAPURA,2,CHICHBALLAPURA,NIGERSEED,niger seed,0,0,0,0
2015,29,CHICHBALLAPURA,2,CHICHBALLAPURA,COTTON,cotton,0,0,0,0
2015,29,CHICHBALLAPURA,2,CHICHBALLAPURA,JUTE,jute,0,0,0,0
2015,29,CHICHBALLAPURA,2,CHICHBALLAPURA,MESTA,mesta,0,0,0,0
2015,29,CHICHBALLAPURA,2,CHICHBALLAPURA,TOBACCO,tobacco,0,0,0,0
2015,29,CHICHBALLAPURA,2,CHICHBALLAPURA,GUAR,guar,0,0,0,0
2015,29,CHICHBALLAPURA,2,CHICHBALLAPURA,COFFEE,coffee,0,0,0,0
2015,29,CHICHBALLAPURA,2,CHICHBALLAPURA,GROSS CROPPED AREA,,45743,3734,23711,27445
2015,29,CHICHBALLAPURA,6,CHINTAMANI,PADDY,rice,206,62,73,135
2015,29,CHICHBALLAPURA,6,CHINTAMANI,JOWAR,jowar,2905,0,2097,2097
2015,29,CHICHBALLAPURA,6,CHINTAMANI,BAJRA,bajra,0,0,0,0
2015,29,CHICHBALLAPURA,6,CHINTAMANI,MAIZE,maize,4080,0,3027,3027
2015,29,CHICHBALLAPURA,6,CHINTAMANI,RAGI,ragi,30703,54,22178,22232
2015,29,CHICHBALLAPURA,6,CHINTAMANI,WHEAT,wheat,25,0,23,23
2015,29,CHICHBALLAPURA,6,CHINTAMANI,BARLEY,barley,15,0,4,4
2015,29,CHICHBALLAPURA,6,CHINTAMANI,GRAM,chickpea,19,3,7,10
2015,29,CHICHBALLAPURA,6,CHINTAMANI,TUR (ARHAR),pigeonpea (tur),1861,26,1349,1376
2015,29,CHICHBALLAPURA,6,CHINTAMANI,URAD,black gram,0,0,0,0
2015,29,CHICHBALLAPURA,6,CHINTAMANI,MOONG,green gram,5,0,1,1
2015,29,CHICHBALLAPURA,6,CHINTAMANI,MASUR,lentil,7,0,3,3
2015,29,CHICHBALLAPURA,6,CHINTAMANI,HORSEGRAM,horse gram,2930,19,979,998
2015,29,CHICHBALLAPURA,6,CHINTAMANI,MOTH,moth bean,0,0,0,0
2015,29,CHICHBALLAPURA,6,CHINTAMANI,SUGARCANE,sugarcane,0,0,0,0
2015,29,CHICHBALLAPURA,6,CHINTAMANI,PEPPER (BLACK),black pepper,0,0,0,0
2015,29,CHICHBALLAPURA,6,CHINTAMANI,CHILLIES,chilli,0,0,0,0
2015,29,CHICHBALLAPURA,6,CHINTAMANI,GINGER,ginger,0,0,0,0
2015,29,CHICHBALLAPURA,6,CHINTAMANI,TURMERIC,turmeric,0,0,0,0
2015,29,CHICHBALLAPURA,6,CHINTAMANI,CARDAMOM (SMALL),cardamom,0,0,0,0
2015,29,CHICHBALLAPURA,6,CHINTAMANI,CARDAMOM (LARGE),cardamom,0,0,0,0
2015,29,CHICHBALLAPURA,6,CHINTAMANI,BETELNUTS (ARECANUTS),arecanut,0,0,0,0
2015,29,CHICHBALLAPURA,6,CHINTAMANI,MANGOES,mango,1962,56,2517,2573
2015,29,CHICHBALLAPURA,6,CHINTAMANI,BANANA,banana,0,0,0,0
2015,29,CHICHBALLAPURA,6,CHINTAMANI,TABLE GRAPES,grapes,150,64,17,81
2015,29,CHICHBALLAPURA,6,CHINTAMANI,WINE GRAPES (BLACK),grapes,0,0,0,0
2015,29,CHICHBALLAPURA,6,CHINTAMANI,CASHEWNUTS,cashewnut,0,0,0,0
2015,29,CHICHBALLAPURA,6,CHINTAMANI,POMEGRANATE,pomegranate,15,14,0,14
2015,29,CHICHBALLAPURA,6,CHINTAMANI,POTATO,potato,72,18,24,42
2015,29,CHICHBALLAPURA,6,CHINTAMANI,TAPIOCA (CASSAVA),tapioca,7,0,0,0
2015,29,CHICHBALLAPURA,6,CHINTAMANI,SWEET POTATO,sweet potato,520,260,0,260
2015,29,CHICHBALLAPURA,6,CHINTAMANI,ONION,onion,102,23,43,66
2015,29,CHICHBALLAPURA,6,CHINTAMANI,TOMATO,tomato,405,315,16,331
2015,29,CHICHBALLAPURA,6,CHINTAMANI,GROUNDNUT,groundnut,3936,2,3903,3904
2015,29,CHICHBALLAPURA,6,CHINTAMANI,CASTORSEED,castor,0,0,0,0
2015,29,CHICHBALLAPURA,6,CHINTAMANI,SESAMUM (TIL),sesame,0,0,0,0
2015,29,CHICHBALLAPURA,6,CHINTAMANI,RAPESEED & MUSTARD (TORIA/TARAMIRA),mustard,10,0,2,2
2015,29,CHICHBALLAPURA,6,CHINTAMANI,LINSEED,linseed,7,0,4,4
2015,29,CHICHBALLAPURA,6,CHINTAMANI,COCONUT,coconut,0,0,0,0
2015,29,CHICHBALLAPURA,6,CHINTAMANI,SUNFLOWER,sunflower,0,0,0,0
2015,29,CHICHBALLAPURA,6,CHINTAMANI,SOYABEAN,soybean,0,0,0,0
2015,29,CHICHBALLAPURA,6,CHINTAMANI,NIGERSEED,niger seed,0,0,0,0
2015,29,CHICHBALLAPURA,6,CHINTAMANI,COTTON,cotton,0,0,0,0
2015,29,CHICHBALLAPURA,6,CHINTAMANI,JUTE,jute,0,0,0,0
2015,29,CHICHBALLAPURA,6,CHINTAMANI,MESTA,mesta,0,0,0,0
2015,29,CHICHBALLAPURA,6,CHINTAMANI,TOBACCO,tobacco,0,0,0,0
2015,29,CHICHBALLAPURA,6,CHINTAMANI,GUAR,guar,0,0,0,0
2015,29,CHICHBALLAPURA,6,CHINTAMANI,COFFEE,coffee,0,0,0,0
2015,29,CHICHBALLAPURA,6,CHINTAMANI,GROSS CROPPED AREA,,49928,1096,37873,38969
2015,29,CHICHBALLAPURA,1,GOURIBADANUR,PADDY,rice,770,158,182,340
2015,29,CHICHBALLAPURA,1,GOURIBADANUR,JOWAR,jowar,2858,1067,778,1845
2015,29,CHICHBALLAPURA,1,GOURIBADANUR,BAJRA,bajra,6,5,0,5
2015,29,CHICHBALLAPURA,1,GOURIBADANUR,MAIZE,maize,35939,4654,20984,25638
2015,29,CHICHBALLAPURA,1,GOURIBADANUR,RAGI,ragi,9404,833,4942,5775
2015,29,CHICHBALLAPURA,1,GOURIBADANUR,WHEAT,wheat,71,10,35,46
2015,29,CHICHBALLAPURA,1,GOURIBADANUR,BARLEY,barley,34,0,7,7
2015,29,CHICHBALLAPURA,1,GOURIBADANUR,GRAM,chickpea,275,0,48,48
2015,29,CHICHBALLAPURA,1,GOURIBADANUR,TUR (ARHAR),pigeonpea (tur),4355,227,1196,1423
2015,29,CHICHBALLAPURA,1,GOURIBADANUR,URAD,black gram,0,0,0,0
2015,29,CHICHBALLAPURA,1,GOURIBADANUR,MOONG,green gram,108,0,20,20
2015,29,CHICHBALLAPURA,1,GOURIBADANUR,MASUR,lentil,23,0,3,3
2015,29,CHICHBALLAPURA,1,GOURIBADANUR,HORSEGRAM,horse gram,457,308,47,355
2015,29,CHICHBALLAPURA,1,GOURIBADANUR,MOTH,moth bean,0,0,0,0
2015,29,CHICHBALLAPURA,1,GOURIBADANUR,SUGARCANE,sugarcane,6,5,0,5
2015,29,CHICHBALLAPURA,1,GOURIBADANUR,PEPPER (BLACK),black pepper,0,0,0,0
2015,29,CHICHBALLAPURA,1,GOURIBADANUR,CHILLIES,chilli,34,36,1,37
2015,29,CHICHBALLAPURA,1,GOURIBADANUR,GINGER,ginger,0,0,0,0
2015,29,CHICHBALLAPURA,1,GOURIBADANUR,TURMERIC,turmeric,0,0,0,0
2015,29,CHICHBALLAPURA,1,GOURIBADANUR,CARDAMOM (SMALL),cardamom,0,0,0,0
2015,29,CHICHBALLAPURA,1,GOURIBADANUR,CARDAMOM (LARGE),cardamom,0,0,0,0
2015,29,CHICHBALLAPURA,1,GOURIBADANUR,BETELNUTS (ARECANUTS),arecanut,0,0,0,0
2015,29,CHICHBALLAPURA,1,GOURIBADANUR,MANGOES,mango,556,133,293,427
2015,29,CHICHBALLAPURA,1,GOURIBADANUR,BANANA,banana,870,602,11,613
2015,29,CHICHBALLAPURA,1,GOURIBADANUR,TABLE GRAPES,grapes,40,0,33,33
2015,29,CHICHBALLAPURA,1,GOURIBADANUR,WINE GRAPES (BLACK),grapes,0,0,0,0
2015,29,CHICHBALLAPURA,1,GOURIBADANUR,CASHEWNUTS,cashewnut,29,0,18,18
2015,29,CHICHBALLAPURA,1,GOURIBADANUR,POMEGRANATE,pomegranate,0,0,0,0
2015,29,CHICHBALLAPURA,1,GOURIBADANUR,POTATO,potato,12,4,0,4
2015,29,CHICHBALLAPURA,1,GOURIBADANUR,TAPIOCA (CASSAVA),tapioca,6,0,2,2
2015,29,CHICHBALLAPURA,1,GOURIBADANUR,SWEET POTATO,sweet potato,0,0,0,0
2015,29,CHICHBALLAPURA,1,GOURIBADANUR,ONION,onion,5,3,0,3
2015,29,CHICHBALLAPURA,1,GOURIBADANUR,TOMATO,tomato,1461,628,15,643
2015,29,CHICHBALLAPURA,1,GOURIBADANUR,GROUNDNUT,groundnut,1757,93,740,833
2015,29,CHICHBALLAPURA,1,GOURIBADANUR,CASTORSEED,castor,5,1,0,1
2015,29,CHICHBALLAPURA,1,GOURIBADANUR,SESAMUM (TIL),sesame,0,0,0,0
2015,29,CHICHBALLAPURA,1,GOURIBADANUR,RAPESEED & MUSTARD (TORIA/TARAMIRA),mustard,0,0,0,0
2015,29,CHICHBALLAPURA,1,GOURIBADANUR,LINSEED,linseed,20,4,5,9
2015,29,CHICHBALLAPURA,1,GOURIBADANUR,COCONUT,coconut,7,3,0,3
2015,29,CHICHBALLAPURA,1,GOURIBADANUR,SUNFLOWER,sunflower,0,0,0,0
2015,29,CHICHBALLAPURA,1,GOURIBADANUR,SOYABEAN,soybean,0,0,0,0
2015,29,CHICHBALLAPURA,1,GOURIBADANUR,NIGERSEED,niger seed,0,0,0,0
2015,29,CHICHBALLAPURA,1,GOURIBADANUR,COTTON,cotton,0,0,0,0
2015,29,CHICHBALLAPURA,1,GOURIBADANUR,JUTE,jute,0,0,0,0
2015,29,CHICHBALLAPURA,1,GOURIBADANUR,MESTA,mesta,0,0,0,0
2015,29,CHICHBALLAPURA,1,GOURIBADANUR,TOBACCO,tobacco,0,0,0,0
2015,29,CHICHBALLAPURA,1,GOURIBADANUR,GUAR,guar,0,0,0,0
2015,29,CHICHBALLAPURA,1,GOURIBADANUR,COFFEE,coffee,0,0,0,0
2015,29,CHICHBALLAPURA,1,GOURIBADANUR,GROSS CROPPED AREA,,58975,13441,33619,47060
2015,29,CHICHBALLAPURA,3,GUDIBANDA,PADDY,rice,125,17,28,45
2015,29,CHICHBALLAPURA,3,GUDIBANDA,JOWAR,jowar,19,0,12,12
2015,29,CHICHBALLAPURA,3,GUDIBANDA,BAJRA,bajra,0,0,0,0
2015,29,CHICHBALLAPURA,3,GUDIBANDA,MAIZE,maize,5445,534,2230,2763
2015,29,CHICHBALLAPURA,3,GUDIBANDA,RAGI,ragi,5336,203,1497,1700
2015,29,CHICHBALLAPURA,3,GUDIBANDA,WHEAT,wheat,9,2,1,3
2015,29,CHICHBALLAPURA,3,GUDIBANDA,BARLEY,barley,0,0,0,0
2015,29,CHICHBALLAPURA,3,GUDIBANDA,GRAM,chickpea,0,0,0,0
2015,29,CHICHBALLAPURA,3,GUDIBANDA,TUR (ARHAR),pigeonpea (tur),2233,26,424,450
2015,29,CHICHBALLAPURA,3,GUDIBANDA,URAD,black gram,0,0,0,0
2015,29,CHICHBALLAPURA,3,GUDIBANDA,MOONG,green gram,0,0,0,0
2015,29,CHICHBALLAPURA,3,GUDIBANDA,MASUR,lentil,0,0,0,0
2015,29,CHICHBALLAPURA,3,GUDIBANDA,HORSEGRAM,horse gram,9,0,3,3
2015,29,CHICHBALLAPURA,3,GUDIBANDA,MOTH,moth bean,0,0,0,0
2015,29,CHICHBALLAPURA,3,GUDIBANDA,SUGARCANE,sugarcane,0,0,0,0
2015,29,CHICHBALLAPURA,3,GUDIBANDA,PEPPER (BLACK),black pepper,0,0,0,0
2015,29,CHICHBALLAPURA,3,GUDIBANDA,CHILLIES,chilli,3,0,1,1
2015,29,CHICHBALLAPURA,3,GUDIBANDA,GINGER,ginger,0,0,0,0
2015,29,CHICHBALLAPURA,3,GUDIBANDA,TURMERIC,turmeric,0,0,0,0
2015,29,CHICHBALLAPURA,3,GUDIBANDA,CARDAMOM (SMALL),cardamom,0,0,0,0
2015,29,CHICHBALLAPURA,3,GUDIBANDA,CARDAMOM (LARGE),cardamom,0,0,0,0
2015,29,CHICHBALLAPURA,3,GUDIBANDA,BETELNUTS (ARECANUTS),arecanut,0,0,0,0
2015,29,CHICHBALLAPURA,3,GUDIBANDA,MANGOES,mango,0,0,0,0
2015,29,CHICHBALLAPURA,3,GUDIBANDA,BANANA,banana,24,11,0,11
2015,29,CHICHBALLAPURA,3,GUDIBANDA,TABLE GRAPES,grapes,0,0,0,0
2015,29,CHICHBALLAPURA,3,GUDIBANDA,WINE GRAPES (BLACK),grapes,0,0,0,0
2015,29,CHICHBALLAPURA,3,GUDIBANDA,CASHEWNUTS,cashewnut,0,0,0,0
2015,29,CHICHBALLAPURA,3,GUDIBANDA,POMEGRANATE,pomegranate,0,0,0,0
2015,29,CHICHBALLAPURA,3,GUDIBANDA,POTATO,potato,30,6,3,9
2015,29,CHICHBALLAPURA,3,GUDIBANDA,TAPIOCA (CASSAVA),tapioca,0,0,0,0
2015,29,CHICHBALLAPURA,3,GUDIBANDA,SWEET POTATO,sweet potato,0,0,0,0
2015,29,CHICHBALLAPURA,3,GUDIBANDA,ONION,onion,100,3,72,75
2015,29,CHICHBALLAPURA,3,GUDIBANDA,TOMATO,tomato,353,133,15,148
2015,29,CHICHBALLAPURA,3,GUDIBANDA,GROUNDNUT,groundnut,2395,47,833,880
2015,29,CHICHBALLAPURA,3,GUDIBANDA,CASTORSEED,castor,9,1,1,2
2015,29,CHICHBALLAPURA,3,GUDIBANDA,SESAMUM (TIL),sesame,0,0,0,0
2015,29,CHICHBALLAPURA,3,GUDIBANDA,RAPESEED & MUSTARD (TORIA/TARAMIRA),mustard,0,0,0,0
2015,29,CHICHBALLAPURA,3,GUDIBANDA,LINSEED,linseed,3,1,0,1
2015,29,CHICHBALLAPURA,3,GUDIBANDA,COCONUT,coconut,0,0,0,0
2015,29,CHICHBALLAPURA,3,GUDIBANDA,SUNFLOWER,sunflower,4,0,2,2
2015,29,CHICHBALLAPURA,3,GUDIBANDA,SOYABEAN,soybean,0,0,0,0
2015,29,CHICHBALLAPURA,3,GUDIBANDA,NIGERSEED,niger seed,5,0,1,1
2015,29,CHICHBALLAPURA,3,GUDIBANDA,COTTON,cotton,0,0,0,0
2015,29,CHICHBALLAPURA,3,GUDIBANDA,JUTE,jute,0,0,0,0
2015,29,CHICHBALLAPURA,3,GUDIBANDA,MESTA,mesta,0,0,0,0
2015,29,CHICHBALLAPURA,3,GUDIBANDA,TOBACCO,tobacco,0,0,0,0
2015,29,CHICHBALLAPURA,3,GUDIBANDA,GUAR,guar,0,0,0,0
2015,29,CHICHBALLAPURA,3,GUDIBANDA,COFFEE,coffee,0,0,0,0
2015,29,CHICHBALLAPURA,3,GUDIBANDA,GROSS CROPPED AREA,,12979,1641,5543,7184
2015,29,CHICHBALLAPURA,5,SIDLAGHATTA,PADDY,rice,4160,1188,518,1707
2015,29,CHICHBALLAPURA,5,SIDLAGHATTA,JOWAR,jowar,1217,25,749,774
2015,29,CHICHBALLAPURA,5,SIDLAGHATTA,BAJRA,bajra,27,11,16,27
2015,29,CHICHBALLAPURA,5,SIDLAGHATTA,MAIZE,maize,2282,474,877,1351
2015,29,CHICHBALLAPURA,5,SIDLAGHATTA,RAGI,ragi,18362,483,11462,11945
2015,29,CHICHBALLAPURA,5,SIDLAGHATTA,WHEAT,wheat,709,11,475,486
2015,29,CHICHBALLAPURA,5,SIDLAGHATTA,BARLEY,barley,29,0,18,18
2015,29,CHICHBALLAPURA,5,SIDLAGHATTA,GRAM,chickpea,47,28,0,28
2015,29,CHICHBALLAPURA,5,SIDLAGHATTA,TUR (ARHAR),pigeonpea (tur),763,30,258,288
2015,29,CHICHBALLAPURA,5,SIDLAGHATTA,URAD,black gram,12,4,5,9
2015,29,CHICHBALLAPURA,5,SIDLAGHATTA,MOONG,green gram,6,4,0,4
2015,29,CHICHBALLAPURA,5,SIDLAGHATTA,MASUR,lentil,15,1,7,9
2015,29,CHICHBALLAPURA,5,SIDLAGHATTA,HORSEGRAM,horse gram,1406,360,683,1043
2015,29,CHICHBALLAPURA,5,SIDLAGHATTA,MOTH,moth bean,0,0,0,0
2015,29,CHICHBALLAPURA,5,SIDLAGHATTA,SUGARCANE,sugarcane,0,0,0,0
2015,29,CHICHBALLAPURA,5,SIDLAGHATTA,PEPPER (BLACK),black pepper,9,0,1,1
2015,29,CHICHBALLAPURA,5,SIDLAGHATTA,CHILLIES,chilli,0,0,0,0
2015,29,CHICHBALLAPURA,5,SIDLAGHATTA,GINGER,ginger,0,0,0,0
2015,29,CHICHBALLAPURA,5,SIDLAGHATTA,TURMERIC,turmeric,0,0,0,0
2015,29,CHICHBALLAPURA,5,SIDLAGHATTA,CARDAMOM (SMALL),cardamom,5,0,2,2
2015,29,CHICHBALLAPURA,5,SIDLAGHATTA,CARDAMOM (LARGE),cardamom,2,0,2,2
2015,29,CHICHBALLAPURA,5,SIDLAGHATTA,BETELNUTS (ARECANUTS),arecanut,0,0,0,0
2015,29,CHICHBALLAPURA,5,SIDLAGHATTA,MANGOES,mango,2165,535,845,1380
2015,29,CHICHBALLAPURA,5,SIDLAGHATTA,BANANA,banana,22,5,8,13
2015,29,CHICHBALLAPURA,5,SIDLAGHATTA,TABLE GRAPES,grapes,307,179,56,235
2015,29,CHICHBALLAPURA,5,SIDLAGHATTA,WINE GRAPES (BLACK),grapes,0,0,0,0
2015,29,CHICHBALLAPURA,5,SIDLAGHATTA,CASHEWNUTS,cashewnut,0,0,0,0
2015,29,CHICHBALLAPURA,5,SIDLAGHATTA,POMEGRANATE,pomegranate,104,75,17,93
2015,29,CHICHBALLAPURA,5,SIDLAGHATTA,POTATO,potato,172,93,0,93
2015,29,CHICHBALLAPURA,5,SIDLAGHATTA,TAPIOCA (CASSAVA),tapioca,0,0,0,0
2015,29,CHICHBALLAPURA,5,SIDLAGHATTA,SWEET POTATO,sweet potato,22,46,0,46
2015,29,CHICHBALLAPURA,5,SIDLAGHATTA,ONION,onion,38,32,0,32
2015,29,CHICHBALLAPURA,5,SIDLAGHATTA,TOMATO,tomato,376,287,7,293
2015,29,CHICHBALLAPURA,5,SIDLAGHATTA,GROUNDNUT,groundnut,26,8,0,8
2015,29,CHICHBALLAPURA,5,SIDLAGHATTA,CASTORSEED,castor,0,0,0,0
2015,29,CHICHBALLAPURA,5,SIDLAGHATTA,SESAMUM (TIL),sesame,7,8,0,8
2015,29,CHICHBALLAPURA,5,SIDLAGHATTA,RAPESEED & MUSTARD (TORIA/TARAMIRA),mustard,0,0,0,0
2015,29,CHICHBALLAPURA,5,SIDLAGHATTA,LINSEED,linseed,0,0,0,0
2015,29,CHICHBALLAPURA,5,SIDLAGHATTA,COCONUT,coconut,0,0,0,0
2015,29,CHICHBALLAPURA,5,SIDLAGHATTA,SUNFLOWER,sunflower,0,0,0,0
2015,29,CHICHBALLAPURA,5,SIDLAGHATTA,SOYABEAN,soybean,0,0,0,0
2015,29,CHICHBALLAPURA,5,SIDLAGHATTA,NIGERSEED,niger seed,0,0,0,0
2015,29,CHICHBALLAPURA,5,SIDLAGHATTA,COTTON,cotton,9,4,1,5
2015,29,CHICHBALLAPURA,5,SIDLAGHATTA,JUTE,jute,11,11,0,11
2015,29,CHICHBALLAPURA,5,SIDLAGHATTA,MESTA,mesta,0,0,0,0
2015,29,CHICHBALLAPURA,5,SIDLAGHATTA,TOBACCO,tobacco,0,0,0,0
2015,29,CHICHBALLAPURA,5,SIDLAGHATTA,GUAR,guar,0,0,0,0
2015,29,CHICHBALLAPURA,5,SIDLAGHATTA,COFFEE,coffee,0,0,0,0
2015,29,CHICHBALLAPURA,5,SIDLAGHATTA,GROSS CROPPED AREA,,33284,7652,17260,24912
2015,17,CHIKKAMAGALUR,6,CHIKKAMAGALUR,PADDY,rice,9252,1381,3679,5060
2015,17,CHIKKAMAGALUR,6,CHIKKAMAGALUR,JOWAR,jowar,5229,20,2363,2383
2015,17,CHIKKAMAGALUR,6,CHIKKAMAGALUR,BAJRA,bajra,6,0,0,0
2015,17,CHIKKAMAGALUR,6,CHIKKAMAGALUR,MAIZE,maize,11196,1,5275,5276
2015,17,CHIKKAMAGALUR,6,CHIKKAMAGALUR,RAGI,ragi,10863,18,5168,5186
2015,17,CHIKKAMAGALUR,6,CHIKKAMAGALUR,WHEAT,wheat,39,0,24,24
2015,17,CHIKKAMAGALUR,6,CHIKKAMAGALUR,BARLEY,barley,17,0,7,7
2015,17,CHIKKAMAGALUR,6,CHIKKAMAGALUR,GRAM,chickpea,1611,4,525,529
2015,17,CHIKKAMAGALUR,6,CHIKKAMAGALUR,TUR (ARHAR),pigeonpea (tur),17,0,6,6
2015,17,CHIKKAMAGALUR,6,CHIKKAMAGALUR,URAD,black gram,5,0,2,2
2015,17,CHIKKAMAGALUR,6,CHIKKAMAGALUR,MOONG,green gram,0,0,0,0
2015,17,CHIKKAMAGALUR,6,CHIKKAMAGALUR,MASUR,lentil,0,0,0,0
2015,17,CHIKKAMAGALUR,6,CHIKKAMAGALUR,HORSEGRAM,horse gram,2735,4,1058,1062
2015,17,CHIKKAMAGALUR,6,CHIKKAMAGALUR,MOTH,moth bean,0,0,0,0
2015,17,CHIKKAMAGALUR,6,CHIKKAMAGALUR,SUGARCANE,sugarcane,256,243,0,243
2015,17,CHIKKAMAGALUR,6,CHIKKAMAGALUR,PEPPER (BLACK),black pepper,8622,65,4575,4640
2015,17,CHIKKAMAGALUR,6,CHIKKAMAGALUR,CHILLIES,chilli,370,11,407,418
2015,17,CHIKKAMAGALUR,6,CHIKKAMAGALUR,GINGER,ginger,122,33,10,43
2015,17,CHIKKAMAGALUR,6,CHIKKAMAGALUR,TURMERIC,turmeric,0,0,0,0
2015,17,CHIKKAMAGALUR,6,CHIKKAMAGALUR,CARDAMOM (SMALL),cardamom,319,16,56,72
2015,17,CHIKKAMAGALUR,6,CHIKKAMAGALUR,CARDAMOM (LARGE),cardamom,23,0,9,9
2015,17,CHIKKAMAGALUR,6,CHIKKAMAGALUR,BETELNUTS (ARECANUTS),arecanut,2416,970,275,1245
2015,17,CHIKKAMAGALUR,6,CHIKKAMAGALUR,MANGOES,mango,0,0,0,0
2015,17,CHIKKAMAGALUR,6,CHIKKAMAGALUR,BANANA,banana,107,0,15,15
2015,17,CHIKKAMAGALUR,6,CHIKKAMAGALUR,TABLE GRAPES,grapes,0,0,0,0
2015,17,CHIKKAMAGALUR,6,CHIKKAMAGALUR,WINE GRAPES (BLACK),grapes,0,0,0,0
2015,17,CHIKKAMAGALUR,6,CHIKKAMAGALUR,CASHEWNUTS,cashewnut,0,0,0,0
2015,17,CHIKKAMAGALUR,6,CHIKKAMAGALUR,POMEGRANATE,pomegranate,0,0,0,0
2015,17,CHIKKAMAGALUR,6,CHIKKAMAGALUR,POTATO,potato,2088,720,556,1275
2015,17,CHIKKAMAGALUR,6,CHIKKAMAGALUR,TAPIOCA (CASSAVA),tapioca,5,4,0,4
2015,17,CHIKKAMAGALUR,6,CHIKKAMAGALUR,SWEET POTATO,sweet potato,16,8,0,8
2015,17,CHIKKAMAGALUR,6,CHIKKAMAGALUR,ONION,onion,409,159,18,177
2015,17,CHIKKAMAGALUR,6,CHIKKAMAGALUR,TOMATO,tomato,1630,710,10,720
2015,17,CHIKKAMAGALUR,6,CHIKKAMAGALUR,GROUNDNUT,groundnut,941,0,436,436
2015,17,CHIKKAMAGALUR,6,CHIKKAMAGALUR,CASTORSEED,castor,0,0,0,0
2015,17,CHIKKAMAGALUR,6,CHIKKAMAGALUR,SESAMUM (TIL),sesame,1362,5,513,518
2015,17,CHIKKAMAGALUR,6,CHIKKAMAGALUR,RAPESEED & MUSTARD (TORIA/TARAMIRA),mustard,0,0,0,0
2015,17,CHIKKAMAGALUR,6,CHIKKAMAGALUR,LINSEED,linseed,5,0,4,4
2015,17,CHIKKAMAGALUR,6,CHIKKAMAGALUR,COCONUT,coconut,2342,1088,552,1641
2015,17,CHIKKAMAGALUR,6,CHIKKAMAGALUR,SUNFLOWER,sunflower,1930,6,863,869
2015,17,CHIKKAMAGALUR,6,CHIKKAMAGALUR,SOYABEAN,soybean,6,0,4,4
2015,17,CHIKKAMAGALUR,6,CHIKKAMAGALUR,NIGERSEED,niger seed,0,0,0,0
2015,17,CHIKKAMAGALUR,6,CHIKKAMAGALUR,COTTON,cotton,3189,0,1542,1542
2015,17,CHIKKAMAGALUR,6,CHIKKAMAGALUR,JUTE,jute,0,0,0,0
2015,17,CHIKKAMAGALUR,6,CHIKKAMAGALUR,MESTA,mesta,6,0,3,3
2015,17,CHIKKAMAGALUR,6,CHIKKAMAGALUR,TOBACCO,tobacco,0,0,0,0
2015,17,CHIKKAMAGALUR,6,CHIKKAMAGALUR,GUAR,guar,0,0,0,0
2015,17,CHIKKAMAGALUR,6,CHIKKAMAGALUR,COFFEE,coffee,14042,591,30954,31545
2015,17,CHIKKAMAGALUR,6,CHIKKAMAGALUR,GROSS CROPPED AREA,,48157,7558,59014,66572
2015,17,CHIKKAMAGALUR,5,KADUR,PADDY,rice,504,70,301,371
2015,17,CHIKKAMAGALUR,5,KADUR,JOWAR,jowar,5859,137,3408,3545
2015,17,CHIKKAMAGALUR,5,KADUR,BAJRA,bajra,104,0,64,64
2015,17,CHIKKAMAGALUR,5,KADUR,MAIZE,maize,14076,1064,10057,11121
2015,17,CHIKKAMAGALUR,5,KADUR,RAGI,ragi,42396,955,27190,28145
2015,17,CHIKKAMAGALUR,5,KADUR,WHEAT,wheat,200,101,122,222
2015,17,CHIKKAMAGALUR,5,KADUR,BARLEY,barley,54,0,39,39
2015,17,CHIKKAMAGALUR,5,KADUR,GRAM,chickpea,3260,90,2187,2276
2015,17,CHIKKAMAGALUR,5,KADUR,TUR (ARHAR),pigeonpea (tur),552,12,244,256
2015,17,CHIKKAMAGALUR,5,KADUR,URAD,black gram,3408,152,1313,1465
2015,17,CHIKKAMAGALUR,5,KADUR,MOONG,green gram,8140,157,3567,3724
2015,17,CHIKKAMAGALUR,5,KADUR,MASUR,lentil,418,0,158,158
2015,17,CHIKKAMAGALUR,5,KADUR,HORSEGRAM,horse gram,16629,374,7946,8320
2015,17,CHIKKAMAGALUR,5,KADUR,MOTH,moth bean,11,4,3,7
2015,17,CHIKKAMAGALUR,5,KADUR,SUGARCANE,sugarcane,38,39,0,39
2015,17,CHIKKAMAGALUR,5,KADUR,PEPPER (BLACK),black pepper,94,33,18,51
2015,17,CHIKKAMAGALUR,5,KADUR,CHILLIES,chilli,1205,14,214,228
2015,17,CHIKKAMAGALUR,5,KADUR,GINGER,ginger,48,28,0,28
2015,17,CHIKKAMAGALUR,5,KADUR,TURMERIC,turmeric,22,16,8,24
2015,17,CHIKKAMAGALUR,5,KADUR,CARDAMOM (SMALL),cardamom,0,0,0,0
2015,17,CHIKKAMAGALUR,5,KADUR,CARDAMOM (LARGE),cardamom,9,4,3,7
2015,17,CHIKKAMAGALUR,5,KADUR,BETELNUTS (ARECANUTS),arecanut,7966,6583,413,6997
2015,17,CHIKKAMAGALUR,5,KADUR,MANGOES,mango,492,97,184,281
2015,17,CHIKKAMAGALUR,5,KADUR,BANANA,banana,625,284,8,292
2015,17,CHIKKAMAGALUR,5,KADUR,TABLE GRAPES,grapes,6,4,0,4
2015,17,CHIKKAMAGALUR,5,KADUR,WINE GRAPES (BLACK),grapes,0,0,0,0
2015,17,CHIKKAMAGALUR,5,KADUR,CASHEWNUTS,cashewnut,0,0,0,0
2015,17,CHIKKAMAGALUR,5,KADUR,POMEGRANATE,pomegranate,320,250,10,260
2015,17,CHIKKAMAGALUR,5,KADUR,POTATO,potato,340,14,281,294
2015,17,CHIKKAMAGALUR,5,KADUR,TAPIOCA (CASSAVA),tapioca,29,4,7,12
2015,17,CHIKKAMAGALUR,5,KADUR,SWEET POTATO,sweet potato,11,5,0,5
2015,17,CHIKKAMAGALUR,5,KADUR,ONION,onion,1323,260,602,862
2015,17,CHIKKAMAGALUR,5,KADUR,TOMATO,tomato,1627,687,317,1004
2015,17,CHIKKAMAGALUR,5,KADUR,GROUNDNUT,groundnut,4165,344,2609,2953
2015,17,CHIKKAMAGALUR,5,KADUR,CASTORSEED,castor,379,0,47,47
2015,17,CHIKKAMAGALUR,5,KADUR,SESAMUM (TIL),sesame,6147,228,3285,3513
2015,17,CHIKKAMAGALUR,5,KADUR,RAPESEED & MUSTARD (TORIA/TARAMIRA),mustard,76,9,45,54
2015,17,CHIKKAMAGALUR,5,KADUR,LINSEED,linseed,273,13,227,240
2015,17,CHIKKAMAGALUR,5,KADUR,COCONUT,coconut,18630,14170,3815,17985
2015,17,CHIKKAMAGALUR,5,KADUR,SUNFLOWER,sunflower,2244,131,1318,1449
2015,17,CHIKKAMAGALUR,5,KADUR,SOYABEAN,soybean,0,0,0,0
2015,17,CHIKKAMAGALUR,5,KADUR,NIGERSEED,niger seed,0,0,0,0
2015,17,CHIKKAMAGALUR,5,KADUR,COTTON,cotton,1404,48,672,720
2015,17,CHIKKAMAGALUR,5,KADUR,JUTE,jute,0,0,0,0
2015,17,CHIKKAMAGALUR,5,KADUR,MESTA,mesta,5,0,2,2
2015,17,CHIKKAMAGALUR,5,KADUR,TOBACCO,tobacco,0,0,0,0
2015,17,CHIKKAMAGALUR,5,KADUR,GUAR,guar,0,0,0,0
2015,17,CHIKKAMAGALUR,5,KADUR,COFFEE,coffee,0,0,0,0
2015,17,CHIKKAMAGALUR,5,KADUR,GROSS CROPPED AREA,,77378,27727,71793,99521
2015,17,CHIKKAMAGALUR,2,KOPPA,PADDY,rice,7021,1884,4501,6386
2015,17,CHIKKAMAGALUR,2,KOPPA,JOWAR,jowar,4,0,4,4
2015,17,CHIKKAMAGALUR,2,KOPPA,BAJRA,bajra,0,0,0,0
2015,17,CHIKKAMAGALUR,2,KOPPA,MAIZE,maize,0,0,0,0
2015,17,CHIKKAMAGALUR,2,KOPPA,RAGI,ragi,12,0,19,19
2015,17,CHIKKAMAGALUR,2,KOPPA,WHEAT,wheat,4,0,0,0
2015,17,CHIKKAMAGALUR,2,KOPPA,BARLEY,barley,0,0,0,0
2015,17,CHIKKAMAGALUR,2,KOPPA,GRAM,chickpea,0,0,0,0
2015,17,CHIKKAMAGALUR,2,KOPPA,TUR (ARHAR),pigeonpea (tur),0,0,0,0
2015,17,CHIKKAMAGALUR,2,KOPPA,URAD,black gram,0,0,0,0
2015,17,CHIKKAMAGALUR,2,KOPPA,MOONG,green gram,0,0,0,0
2015,17,CHIKKAMAGALUR,2,KOPPA,MASUR,lentil,0,0,0,0
2015,17,CHIKKAMAGALUR,2,KOPPA,HORSEGRAM,horse gram,0,0,0,0
2015,17,CHIKKAMAGALUR,2,KOPPA,MOTH,moth bean,0,0,0,0
2015,17,CHIKKAMAGALUR,2,KOPPA,SUGARCANE,sugarcane,0,0,0,0
2015,17,CHIKKAMAGALUR,2,KOPPA,PEPPER (BLACK),black pepper,2752,130,640,769
2015,17,CHIKKAMAGALUR,2,KOPPA,CHILLIES,chilli,95,3,60,63
2015,17,CHIKKAMAGALUR,2,KOPPA,GINGER,ginger,12,0,3,3
2015,17,CHIKKAMAGALUR,2,KOPPA,TURMERIC,turmeric,9,2,1,3
2015,17,CHIKKAMAGALUR,2,KOPPA,CARDAMOM (SMALL),cardamom,885,23,110,133
2015,17,CHIKKAMAGALUR,2,KOPPA,CARDAMOM (LARGE),cardamom,0,0,0,0
2015,17,CHIKKAMAGALUR,2,KOPPA,BETELNUTS (ARECANUTS),arecanut,6643,1127,3075,4202
2015,17,CHIKKAMAGALUR,2,KOPPA,MANGOES,mango,9,0,1,1
2015,17,CHIKKAMAGALUR,2,KOPPA,BANANA,banana,836,20,138,159
2015,17,CHIKKAMAGALUR,2,KOPPA,TABLE GRAPES,grapes,4,0,7,7
2015,17,CHIKKAMAGALUR,2,KOPPA,WINE GRAPES (BLACK),grapes,0,0,0,0
2015,17,CHIKKAMAGALUR,2,KOPPA,CASHEWNUTS,cashewnut,56,0,47,47
2015,17,CHIKKAMAGALUR,2,KOPPA,POMEGRANATE,pomegranate,0,0,0,0
2015,17,CHIKKAMAGALUR,2,KOPPA,POTATO,potato,0,0,0,0
2015,17,CHIKKAMAGALUR,2,KOPPA,TAPIOCA (CASSAVA),tapioca,0,0,0,0
2015,17,CHIKKAMAGALUR,2,KOPPA,SWEET POTATO,sweet potato,0,0,0,0
2015,17,CHIKKAMAGALUR,2,KOPPA,ONION,onion,0,0,0,0
2015,17,CHIKKAMAGALUR,2,KOPPA,TOMATO,tomato,0,0,0,0
2015,17,CHIKKAMAGALUR,2,KOPPA,GROUNDNUT,groundnut,4,3,0,3
2015,17,CHIKKAMAGALUR,2,KOPPA,CASTORSEED,castor,0,0,0,0
2015,17,CHIKKAMAGALUR,2,KOPPA,SESAMUM (TIL),sesame,0,0,0,0
2015,17,CHIKKAMAGALUR,2,KOPPA,RAPESEED & MUSTARD (TORIA/TARAMIRA),mustard,0,0,0,0
2015,17,CHIKKAMAGALUR,2,KOPPA,LINSEED,linseed,0,0,0,0
2015,17,CHIKKAMAGALUR,2,KOPPA,COCONUT,coconut,226,6,81,87
2015,17,CHIKKAMAGALUR,2,KOPPA,SUNFLOWER,sunflower,0,0,0,0
2015,17,CHIKKAMAGALUR,2,KOPPA,SOYABEAN,soybean,0,0,0,0
2015,17,CHIKKAMAGALUR,2,KOPPA,NIGERSEED,niger seed,0,0,0,0
2015,17,CHIKKAMAGALUR,2,KOPPA,COTTON,cotton,0,0,0,0
2015,17,CHIKKAMAGALUR,2,KOPPA,JUTE,jute,0,0,0,0
2015,17,CHIKKAMAGALUR,2,KOPPA,MESTA,mesta,0,0,0,0
2015,17,CHIKKAMAGALUR,2,KOPPA,TOBACCO,tobacco,0,0,0,0
2015,17,CHIKKAMAGALUR,2,KOPPA,GUAR,guar,0,0,0,0
2015,17,CHIKKAMAGALUR,2,KOPPA,COFFEE,coffee,3343,676,5935,6611
2015,17,CHIKKAMAGALUR,2,KOPPA,GROSS CROPPED AREA,,11832,3895,14849,18744
2015,17,CHIKKAMAGALUR,7,MUDIGERE,PADDY,rice,9924,13,6204,6217
2015,17,CHIKKAMAGALUR,7,MUDIGERE,JOWAR,jowar,6,0,6,6
2015,17,CHIKKAMAGALUR,7,MUDIGERE,BAJRA,bajra,0,0,0,0
2015,17,CHIKKAMAGALUR,7,MUDIGERE,MAIZE,maize,0,0,0,0
2015,17,CHIKKAMAGALUR,7,MUDIGERE,RAGI,ragi,16,0,11,11
2015,17,CHIKKAMAGALUR,7,MUDIGERE,WHEAT,wheat,0,0,0,0
2015,17,CHIKKAMAGALUR,7,MUDIGERE,BARLEY,barley,0,0,0,0
2015,17,CHIKKAMAGALUR,7,MUDIGERE,GRAM,chickpea,0,0,0,0
2015,17,CHIKKAMAGALUR,7,MUDIGERE,TUR (ARHAR),pigeonpea (tur),0,0,0,0
2015,17,CHIKKAMAGALUR,7,MUDIGERE,URAD,black gram,0,0,0,0
2015,17,CHIKKAMAGALUR,7,MUDIGERE,MOONG,green gram,0,0,0,0
2015,17,CHIKKAMAGALUR,7,MUDIGERE,MASUR,lentil,0,0,0,0
2015,17,CHIKKAMAGALUR,7,MUDIGERE,HORSEGRAM,horse gram,0,0,0,0
2015,17,CHIKKAMAGALUR,7,MUDIGERE,MOTH,moth bean,0,0,0,0
2015,17,CHIKKAMAGALUR,7,MUDIGERE,SUGARCANE,sugarcane,0,0,0,0
2015,17,CHIKKAMAGALUR,7,MUDIGERE,PEPPER (BLACK),black pepper,5944,8,2164,2172
2015,17,CHIKKAMAGALUR,7,MUDIGERE,CHILLIES,chilli,164,0,197,197
2015,17,CHIKKAMAGALUR,7,MUDIGERE,GINGER,ginger,106,16,36,52
2015,17,CHIKKAMAGALUR,7,MUDIGERE,TURMERIC,turmeric,7,0,1,1
2015,17,CHIKKAMAGALUR,7,MUDIGERE,CARDAMOM (SMALL),cardamom,155,50,62,112
2015,17,CHIKKAMAGALUR,7,MUDIGERE,CARDAMOM (LARGE),cardamom,0,0,0,0
2015,17,CHIKKAMAGALUR,7,MUDIGERE,BETELNUTS (ARECANUTS),arecanut,2090,355,848,1204
2015,17,CHIKKAMAGALUR,7,MUDIGERE,MANGOES,mango,0,0,0,0
2015,17,CHIKKAMAGALUR,7,MUDIGERE,BANANA,banana,744,63,296,359
2015,17,CHIKKAMAGALUR,7,MUDIGERE,TABLE GRAPES,grapes,0,0,0,0
2015,17,CHIKKAMAGALUR,7,MUDIGERE,WINE GRAPES (BLACK),grapes,0,0,0,0
2015,17,CHIKKAMAGALUR,7,MUDIGERE,CASHEWNUTS,cashewnut,0,0,0,0
2015,17,CHIKKAMAGALUR,7,MUDIGERE,POMEGRANATE,pomegranate,0,0,0,0
2015,17,CHIKKAMAGALUR,7,MUDIGERE,POTATO,potato,0,0,0,0
2015,17,CHIKKAMAGALUR,7,MUDIGERE,TAPIOCA (CASSAVA),tapioca,0,0,0,0
2015,17,CHIKKAMAGALUR,7,MUDIGERE,SWEET POTATO,sweet potato,0,0,0,0
2015,17,CHIKKAMAGALUR,7,MUDIGERE,ONION,onion,0,0,0,0
2015,17,CHIKKAMAGALUR,7,MUDIGERE,TOMATO,tomato,0,0,0,0
2015,17,CHIKKAMAGALUR,7,MUDIGERE,GROUNDNUT,groundnut,0,0,0,0
2015,17,CHIKKAMAGALUR,7,MUDIGERE,CASTORSEED,castor,0,0,0,0
2015,17,CHIKKAMAGALUR,7,MUDIGERE,SESAMUM (TIL),sesame,0,0,0,0
2015,17,CHIKKAMAGALUR,7,MUDIGERE,RAPESEED & MUSTARD (TORIA/TARAMIRA),mustard,0,0,0,0
2015,17,CHIKKAMAGALUR,7,MUDIGERE,LINSEED,linseed,0,0,0,0
2015,17,CHIKKAMAGALUR,7,MUDIGERE,COCONUT,coconut,13,0,7,7
2015,17,CHIKKAMAGALUR,7,MUDIGERE,SUNFLOWER,sunflower,0,0,0,0
2015,17,CHIKKAMAGALUR,7,MUDIGERE,SOYABEAN,soybean,0,0,0,0
2015,17,CHIKKAMAGALUR,7,MUDIGERE,NIGERSEED,niger seed,0,0,0,0
2015,17,CHIKKAMAGALUR,7,MUDIGERE,COTTON,cotton,8,0,6,6
2015,17,CHIKKAMAGALUR,7,MUDIGERE,JUTE,jute,0,0,0,0
2015,17,CHIKKAMAGALUR,7,MUDIGERE,MESTA,mesta,0,0,0,0
2015,17,CHIKKAMAGALUR,7,MUDIGERE,TOBACCO,tobacco,0,0,0,0
2015,17,CHIKKAMAGALUR,7,MUDIGERE,GUAR,guar,0,0,0,0
2015,17,CHIKKAMAGALUR,7,MUDIGERE,COFFEE,coffee,12906,324,27646,27970
2015,17,CHIKKAMAGALUR,7,MUDIGERE,GROSS CROPPED AREA,,23365,830,45614,46445
2015,17,CHIKKAMAGALUR,3,N.R. PURA,PADDY,rice,7581,2755,3496,6251
2015,17,CHIKKAMAGALUR,3,N.R. PURA,JOWAR,jowar,0,0,0,0
2015,17,CHIKKAMAGALUR,3,N.R. PURA,BAJRA,bajra,0,0,0,0
2015,17,CHIKKAMAGALUR,3,N.R. PURA,MAIZE,maize,462,172,98,270
2015,17,CHIKKAMAGALUR,3,N.R. PURA,RAGI,ragi,4,3,0,3
2015,17,CHIKKAMAGALUR,3,N.R. PURA,WHEAT,wheat,14,22,0,22
2015,17,CHIKKAMAGALUR,3,N.R. PURA,BARLEY,barley,0,0,0,0
2015,17,CHIKKAMAGALUR,3,N.R. PURA,GRAM,chickpea,9,1,0,1
2015,17,CHIKKAMAGALUR,1,SRINGERI,PADDY,rice,3073,58,1659,1717
2015,17,CHIKKAMAGALUR,4,TARIKERE,PADDY,rice,2666,1856,468,2324
2015,17,CHIKKAMAGALUR,3,N.R. PURA,TUR (ARHAR),pigeonpea (tur),0,0,0,0
2015,17,CHIKKAMAGALUR,1,SRINGERI,JOWAR,jowar,0,0,0,0
2015,17,CHIKKAMAGALUR,4,TARIKERE,JOWAR,jowar,5719,65,4725,4790
2015,17,CHIKKAMAGALUR,3,N.R. PURA,URAD,black gram,0,0,0,0
2015,17,CHIKKAMAGALUR,1,SRINGERI,BAJRA,bajra,0,0,0,0
2015,17,CHIKKAMAGALUR,4,TARIKERE,BAJRA,bajra,83,22,69,91
2015,17,CHIKKAMAGALUR,3,N.R. PURA,MOONG,green gram,0,0,0,0
2015,17,CHIKKAMAGALUR,1,SRINGERI,MAIZE,maize,0,0,0,0
2015,17,CHIKKAMAGALUR,4,TARIKERE,MAIZE,maize,7158,303,7827,8130
2015,17,CHIKKAMAGALUR,3,N.R. PURA,MASUR,lentil,0,0,0,0
2015,17,CHIKKAMAGALUR,1,SRINGERI,RAGI,ragi,7,0,0,0
2015,17,CHIKKAMAGALUR,4,TARIKERE,RAGI,ragi,10647,681,8363,9044
2015,17,CHIKKAMAGALUR,3,N.R. PURA,HORSEGRAM,horse gram,0,0,0,0
2015,17,CHIKKAMAGALUR,1,SRINGERI,WHEAT,wheat,0,0,0,0
2015,17,CHIKKAMAGALUR,4,TARIKERE,WHEAT,wheat,198,13,110,123
2015,17,CHIKKAMAGALUR,3,N.R. PURA,MOTH,moth bean,0,0,0,0
2015,17,CHIKKAMAGALUR,1,SRINGERI,BARLEY,barley,0,0,0,0
2015,17,CHIKKAMAGALUR,4,TARIKERE,BARLEY,barley,20,14,4,18
2015,17,CHIKKAMAGALUR,3,N.R. PURA,SUGARCANE,sugarcane,16,11,0,11
2015,17,CHIKKAMAGALUR,1,SRINGERI,GRAM,chickpea,6,0,0,0
2015,17,CHIKKAMAGALUR,4,TARIKERE,GRAM,chickpea,4206,94,2774,2868
2015,17,CHIKKAMAGALUR,3,N.R. PURA,PEPPER (BLACK),black pepper,998,65,49,115
2015,17,CHIKKAMAGALUR,1,SRINGERI,TUR (ARHAR),pigeonpea (tur),0,0,0,0
2015,17,CHIKKAMAGALUR,4,TARIKERE,TUR (ARHAR),pigeonpea (tur),294,0,172,172
2015,17,CHIKKAMAGALUR,3,N.R. PURA,CHILLIES,chilli,5,0,2,2
2015,17,CHIKKAMAGALUR,1,SRINGERI,URAD,black gram,0,0,0,0
2015,17,CHIKKAMAGALUR,4,TARIKERE,URAD,black gram,326,42,182,224
2015,17,CHIKKAMAGALUR,3,N.R. PURA,GINGER,ginger,341,145,49,194
2015,17,CHIKKAMAGALUR,1,SRINGERI,MOONG,green gram,7,0,9,9
2015,17,CHIKKAMAGALUR,4,TARIKERE,MOONG,green gram,103,0,44,44
2015,17,CHIKKAMAGALUR,3,N.R. PURA,TURMERIC,turmeric,0,0,0,0
2015,17,CHIKKAMAGALUR,1,SRINGERI,MASUR,lentil,0,0,0,0
2015,17,CHIKKAMAGALUR,4,TARIKERE,MASUR,lentil,0,0,0,0
2015,17,CHIKKAMAGALUR,3,N.R. PURA,CARDAMOM (SMALL),cardamom,37,1,2,3
2015,17,CHIKKAMAGALUR,1,SRINGERI,HORSEGRAM,horse gram,0,0,0,0
2015,17,CHIKKAMAGALUR,4,TARIKERE,HORSEGRAM,horse gram,1965,180,1295,1476
2015,17,CHIKKAMAGALUR,3,N.R. PURA,CARDAMOM (LARGE),cardamom,5,0,0,0
2015,17,CHIKKAMAGALUR,1,SRINGERI,MOTH,moth bean,0,0,0,0
2015,17,CHIKKAMAGALUR,4,TARIKERE,MOTH,moth bean,7,0,6,6
2015,17,CHIKKAMAGALUR,3,N.R. PURA,BETELNUTS (ARECANUTS),arecanut,2118,1383,257,1640
2015,17,CHIKKAMAGALUR,1,SRINGERI,SUGARCANE,sugarcane,0,0,0,0
2015,17,CHIKKAMAGALUR,4,TARIKERE,SUGARCANE,sugarcane,621,983,0,983
2015,17,CHIKKAMAGALUR,3,N.R. PURA,MANGOES,mango,119,14,0,15
2015,17,CHIKKAMAGALUR,1,SRINGERI,PEPPER (BLACK),black pepper,1612,28,181,210
2015,17,CHIKKAMAGALUR,4,TARIKERE,PEPPER (BLACK),black pepper,19,5,11,16
2015,17,CHIKKAMAGALUR,3,N.R. PURA,BANANA,banana,1469,236,92,327
2015,17,CHIKKAMAGALUR,1,SRINGERI,CHILLIES,chilli,138,5,23,28
2015,17,CHIKKAMAGALUR,4,TARIKERE,CHILLIES,chilli,347,107,449,556
2015,17,CHIKKAMAGALUR,3,N.R. PURA,TABLE GRAPES,grapes,0,0,0,0
2015,17,CHIKKAMAGALUR,1,SRINGERI,GINGER,ginger,6,0,0,0
2015,17,CHIKKAMAGALUR,4,TARIKERE,GINGER,ginger,12,11,0,11
2015,17,CHIKKAMAGALUR,3,N.R. PURA,WINE GRAPES (BLACK),grapes,0,0,0,0
2015,17,CHIKKAMAGALUR,1,SRINGERI,TURMERIC,turmeric,0,0,0,0
2015,17,CHIKKAMAGALUR,3,N.R. PURA,CASHEWNUTS,cashewnut,3,5,0,5
2015,17,CHIKKAMAGALUR,4,TARIKERE,TURMERIC,turmeric,7,0,3,3
2015,17,CHIKKAMAGALUR,1,SRINGERI,CARDAMOM (SMALL),cardamom,541,8,42,50
2015,17,CHIKKAMAGALUR,3,N.R. PURA,POMEGRANATE,pomegranate,0,0,0,0
2015,17,CHIKKAMAGALUR,3,N.R. PURA,POTATO,potato,0,0,0,0
2015,17,CHIKKAMAGALUR,3,N.R. PURA,TAPIOCA (CASSAVA),tapioca,0,0,0,0
2015,17,CHIKKAMAGALUR,3,N.R. PURA,SWEET POTATO,sweet potato,0,0,0,0
2015,17,CHIKKAMAGALUR,3,N.R. PURA,ONION,onion,0,0,0,0
2015,17,CHIKKAMAGALUR,3,N.R. PURA,TOMATO,tomato,0,0,0,0
2015,17,CHIKKAMAGALUR,3,N.R. PURA,GROUNDNUT,groundnut,0,0,0,0
2015,17,CHIKKAMAGALUR,3,N.R. PURA,CASTORSEED,castor,0,0,0,0
2015,17,CHIKKAMAGALUR,3,N.R. PURA,SESAMUM (TIL),sesame,0,0,0,0
2015,17,CHIKKAMAGALUR,3,N.R. PURA,RAPESEED & MUSTARD (TORIA/TARAMIRA),mustard,0,0,0,0
2015,17,CHIKKAMAGALUR,3,N.R. PURA,LINSEED,linseed,0,0,0,0
2015,17,CHIKKAMAGALUR,3,N.R. PURA,COCONUT,coconut,1335,156,52,208
2015,17,CHIKKAMAGALUR,3,N.R. PURA,SUNFLOWER,sunflower,0,0,0,0
2015,17,CHIKKAMAGALUR,3,N.R. PURA,SOYABEAN,soybean,0,0,0,0
2015,17,CHIKKAMAGALUR,4,TARIKERE,CARDAMOM (SMALL),cardamom,118,154,0,154
2015,17,CHIKKAMAGALUR,3,N.R. PURA,NIGERSEED,niger seed,0,0,0,0
2015,17,CHIKKAMAGALUR,1,SRINGERI,CARDAMOM (LARGE),cardamom,19,0,5,5
2015,17,CHIKKAMAGALUR,4,TARIKERE,CARDAMOM (LARGE),cardamom,0,0,0,0
2015,17,CHIKKAMAGALUR,3,N.R. PURA,COTTON,cotton,0,0,0,0
2015,17,CHIKKAMAGALUR,1,SRINGERI,BETELNUTS (ARECANUTS),arecanut,5000,461,2260,2721
2015,17,CHIKKAMAGALUR,4,TARIKERE,BETELNUTS (ARECANUTS),arecanut,11093,12757,649,13405
2015,17,CHIKKAMAGALUR,3,N.R. PURA,JUTE,jute,0,0,0,0
2015,17,CHIKKAMAGALUR,1,SRINGERI,MANGOES,mango,6,2,0,2
2015,17,CHIKKAMAGALUR,3,N.R. PURA,MESTA,mesta,0,0,0,0
2015,17,CHIKKAMAGALUR,4,TARIKERE,MANGOES,mango,1315,580,2507,3087
2015,17,CHIKKAMAGALUR,1,SRINGERI,BANANA,banana,1699,38,241,279
2015,17,CHIKKAMAGALUR,3,N.R. PURA,TOBACCO,tobacco,0,0,0,0
2015,17,CHIKKAMAGALUR,4,TARIKERE,BANANA,banana,648,524,50,574
2015,17,CHIKKAMAGALUR,1,SRINGERI,TABLE GRAPES,grapes,0,0,0,0
2015,17,CHIKKAMAGALUR,3,N.R. PURA,GUAR,guar,0,0,0,0
2015,17,CHIKKAMAGALUR,4,TARIKERE,TABLE GRAPES,grapes,24,29,0,29
2015,17,CHIKKAMAGALUR,1,SRINGERI,WINE GRAPES (BLACK),grapes,0,0,0,0
2015,17,CHIKKAMAGALUR,3,N.R. PURA,COFFEE,coffee,823,95,2949,3044
2015,17,CHIKKAMAGALUR,4,TARIKERE,WINE GRAPES (BLACK),grapes,199,0,153,153
2015,17,CHIKKAMAGALUR,1,SRINGERI,CASHEWNUTS,cashewnut,33,0,3,3
2015,17,CHIKKAMAGALUR,3,N.R. PURA,GROSS CROPPED AREA,,8214,5705,7649,13353
2015,17,CHIKKAMAGALUR,4,TARIKERE,CASHEWNUTS,cashewnut,0,0,0,0
2015,17,CHIKKAMAGALUR,1,SRINGERI,POMEGRANATE,pomegranate,0,0,0,0
2015,17,CHIKKAMAGALUR,4,TARIKERE,POMEGRANATE,pomegranate,0,0,0,0
2015,17,CHIKKAMAGALUR,1,SRINGERI,POTATO,potato,0,0,0,0
2015,13,CHITRADURGA,2,CHALLAKERE,PADDY,rice,517,438,275,714
2015,17,CHIKKAMAGALUR,4,TARIKERE,POTATO,potato,488,49,292,341
2015,17,CHIKKAMAGALUR,1,SRINGERI,TAPIOCA (CASSAVA),tapioca,0,0,0,0
2015,13,CHITRADURGA,2,CHALLAKERE,JOWAR,jowar,1037,182,1032,1214
2015,17,CHIKKAMAGALUR,4,TARIKERE,TAPIOCA (CASSAVA),tapioca,19,0,12,12
2015,17,CHIKKAMAGALUR,1,SRINGERI,SWEET POTATO,sweet potato,0,0,0,0
2015,13,CHITRADURGA,2,CHALLAKERE,BAJRA,bajra,531,37,300,337
2015,17,CHIKKAMAGALUR,4,TARIKERE,SWEET POTATO,sweet potato,0,0,0,0
2015,17,CHIKKAMAGALUR,1,SRINGERI,ONION,onion,0,0,0,0
2015,13,CHITRADURGA,2,CHALLAKERE,MAIZE,maize,2477,2851,273,3124
2015,17,CHIKKAMAGALUR,4,TARIKERE,ONION,onion,6583,147,5434,5581
2015,17,CHIKKAMAGALUR,1,SRINGERI,TOMATO,tomato,0,0,0,0
2015,13,CHITRADURGA,2,CHALLAKERE,RAGI,ragi,3494,2225,1096,3321
2015,17,CHIKKAMAGALUR,4,TARIKERE,TOMATO,tomato,177,131,112,243
2015,17,CHIKKAMAGALUR,1,SRINGERI,GROUNDNUT,groundnut,0,0,0,0
2015,13,CHITRADURGA,2,CHALLAKERE,WHEAT,wheat,52,19,22,41
2015,17,CHIKKAMAGALUR,1,SRINGERI,CASTORSEED,castor,0,0,0,0
2015,17,CHIKKAMAGALUR,4,TARIKERE,GROUNDNUT,groundnut,796,164,502,666
2015,13,CHITRADURGA,2,CHALLAKERE,BARLEY,barley,24,10,23,33
2015,17,CHIKKAMAGALUR,1,SRINGERI,SESAMUM (TIL),sesame,0,0,0,0
2015,17,CHIKKAMAGALUR,4,TARIKERE,CASTORSEED,castor,619,7,40,47
2015,13,CHITRADURGA,2,CHALLAKERE,GRAM,chickpea,112,12,75,88
2015,17,CHIKKAMAGALUR,1,SRINGERI,RAPESEED & MUSTARD (TORIA/TARAMIRA),mustard,0,0,0,0
2015,17,CHIKKAMAGALUR,4,TARIKERE,SESAMUM (TIL),sesame,865,69,676,746
2015,13,CHITRADURGA,2,CHALLAKERE,TUR (ARHAR),pigeonpea (tur),18712,123,12131,12254
2015,17,CHIKKAMAGALUR,1,SRINGERI,LINSEED,linseed,0,0,0,0
2015,17,CHIKKAMAGALUR,4,TARIKERE,RAPESEED & MUSTARD (TORIA/TARAMIRA),mustard,14,29,4,33
2015,13,CHITRADURGA,2,CHALLAKERE,URAD,black gram,31,0,11,11
2015,17,CHIKKAMAGALUR,1,SRINGERI,COCONUT,coconut,54,1,9,10
2015,17,CHIKKAMAGALUR,4,TARIKERE,LINSEED,linseed,6,0,5,5
2015,13,CHITRADURGA,2,CHALLAKERE,MOONG,green gram,143,7,220,227
2015,17,CHIKKAMAGALUR,1,SRINGERI,SUNFLOWER,sunflower,0,0,0,0
2015,17,CHIKKAMAGALUR,4,TARIKERE,COCONUT,coconut,3089,2758,1697,4455
2015,13,CHITRADURGA,2,CHALLAKERE,MASUR,lentil,0,0,0,0
2015,17,CHIKKAMAGALUR,1,SRINGERI,SOYABEAN,soybean,0,0,0,0
2015,17,CHIKKAMAGALUR,4,TARIKERE,SUNFLOWER,sunflower,136,49,59,109
2015,13,CHITRADURGA,2,CHALLAKERE,HORSEGRAM,horse gram,5121,36,3375,3411
2015,17,CHIKKAMAGALUR,1,SRINGERI,NIGERSEED,niger seed,0,0,0,0
2015,17,CHIKKAMAGALUR,4,TARIKERE,SOYABEAN,soybean,0,0,0,0
2015,13,CHITRADURGA,2,CHALLAKERE,MOTH,moth bean,0,0,0,0
2015,17,CHIKKAMAGALUR,1,SRINGERI,COTTON,cotton,0,0,0,0
2015,17,CHIKKAMAGALUR,4,TARIKERE,NIGERSEED,niger seed,0,0,0,0
2015,17,CHIKKAMAGALUR,4,TARIKERE,COTTON,cotton,58,13,40,54
2015,17,CHIKKAMAGALUR,4,TARIKERE,JUTE,jute,7,0,3,3
2015,17,CHIKKAMAGALUR,4,TARIKERE,MESTA,mesta,0,0,0,0
2015,17,CHIKKAMAGALUR,4,TARIKERE,TOBACCO,tobacco,0,0,0,0
2015,17,CHIKKAMAGALUR,4,TARIKERE,GUAR,guar,0,0,0,0
2015,17,CHIKKAMAGALUR,4,TARIKERE,COFFEE,coffee,13,12,0,12
2015,17,CHIKKAMAGALUR,4,TARIKERE,GROSS CROPPED AREA,,53692,22151,41185,63337
2015,13,CHITRADURGA,3,CHITRADURGA,PADDY,rice,67,17,47,64
2015,13,CHITRADURGA,3,CHITRADURGA,JOWAR,jowar,1454,0,986,986
2015,13,CHITRADURGA,3,CHITRADURGA,BAJRA,bajra,614,10,238,248
2015,13,CHITRADURGA,3,CHITRADURGA,MAIZE,maize,40586,2367,59344,61711
2015,13,CHITRADURGA,3,CHITRADURGA,RAGI,ragi,8416,223,6710,6933
2015,13,CHITRADURGA,3,CHITRADURGA,WHEAT,wheat,7,4,0,4
2015,13,CHITRADURGA,3,CHITRADURGA,BARLEY,barley,38,0,52,52
2015,13,CHITRADURGA,3,CHITRADURGA,GRAM,chickpea,26,0,19,19
2015,13,CHITRADURGA,3,CHITRADURGA,TUR (ARHAR),pigeonpea (tur),2809,14,1393,1407
2015,13,CHITRADURGA,3,CHITRADURGA,URAD,black gram,0,0,0,0
2015,13,CHITRADURGA,3,CHITRADURGA,MOONG,green gram,55,0,39,39
2015,13,CHITRADURGA,3,CHITRADURGA,MASUR,lentil,0,0,0,0
2015,13,CHITRADURGA,3,CHITRADURGA,HORSEGRAM,horse gram,1234,0,467,467
2015,13,CHITRADURGA,3,CHITRADURGA,MOTH,moth bean,5,0,1,1
2015,13,CHITRADURGA,3,CHITRADURGA,SUGARCANE,sugarcane,5,4,0,4
2015,13,CHITRADURGA,3,CHITRADURGA,PEPPER (BLACK),black pepper,7,6,0,6
2015,13,CHITRADURGA,3,CHITRADURGA,CHILLIES,chilli,22,14,0,14
2015,13,CHITRADURGA,3,CHITRADURGA,GINGER,ginger,0,0,0,0
2015,13,CHITRADURGA,3,CHITRADURGA,TURMERIC,turmeric,7,8,0,8
2015,13,CHITRADURGA,3,CHITRADURGA,CARDAMOM (SMALL),cardamom,7,0,2,2
2015,13,CHITRADURGA,3,CHITRADURGA,CARDAMOM (LARGE),cardamom,0,0,0,0
2015,13,CHITRADURGA,3,CHITRADURGA,BETELNUTS (ARECANUTS),arecanut,8177,8719,74,8793
2015,13,CHITRADURGA,3,CHITRADURGA,MANGOES,mango,25,33,58,91
2015,13,CHITRADURGA,3,CHITRADURGA,BANANA,banana,231,251,0,251
2015,13,CHITRADURGA,3,CHITRADURGA,TABLE GRAPES,grapes,8,10,0,10
2015,13,CHITRADURGA,3,CHITRADURGA,WINE GRAPES (BLACK),grapes,0,0,0,0
2015,13,CHITRADURGA,3,CHITRADURGA,CASHEWNUTS,cashewnut,0,0,0,0
2015,13,CHITRADURGA,3,CHITRADURGA,POMEGRANATE,pomegranate,139,161,0,161
2015,13,CHITRADURGA,3,CHITRADURGA,POTATO,potato,0,0,0,0
2015,13,CHITRADURGA,3,CHITRADURGA,TAPIOCA (CASSAVA),tapioca,5,7,0,7
2015,13,CHITRADURGA,3,CHITRADURGA,SWEET POTATO,sweet potato,6,9,0,9
2015,13,CHITRADURGA,3,CHITRADURGA,ONION,onion,2881,4083,120,4202
2015,13,CHITRADURGA,3,CHITRADURGA,TOMATO,tomato,198,84,15,99
2015,13,CHITRADURGA,3,CHITRADURGA,GROUNDNUT,groundnut,5472,42,5872,5914
2015,13,CHITRADURGA,3,CHITRADURGA,CASTORSEED,castor,48,1,10,12
2015,13,CHITRADURGA,3,CHITRADURGA,SESAMUM (TIL),sesame,0,0,0,0
2015,13,CHITRADURGA,3,CHITRADURGA,RAPESEED & MUSTARD (TORIA/TARAMIRA),mustard,0,0,0,0
2015,13,CHITRADURGA,3,CHITRADURGA,LINSEED,linseed,27,26,18,44
2015,13,CHITRADURGA,3,CHITRADURGA,COCONUT,coconut,1894,784,103,887
2015,13,CHITRADURGA,3,CHITRADURGA,SUNFLOWER,sunflower,1612,22,1285,1307
2015,13,CHITRADURGA,3,CHITRADURGA,SOYABEAN,soybean,0,0,0,0
2015,13,CHITRADURGA,3,CHITRADURGA,NIGERSEED,niger seed,6,0,3,3
2015,13,CHITRADURGA,3,CHITRADURGA,COTTON,cotton,2085,186,1339,1525
2015,13,CHITRADURGA,3,CHITRADURGA,JUTE,jute,10,0,8,8
2015,13,CHITRADURGA,3,CHITRADURGA,MESTA,mesta,0,0,0,0
2015,13,CHITRADURGA,3,CHITRADURGA,TOBACCO,tobacco,0,0,0,0
2015,13,CHITRADURGA,3,CHITRADURGA,GUAR,guar,0,0,0,0
2015,13,CHITRADURGA,3,CHITRADURGA,COFFEE,coffee,0,0,0,0
2015,13,CHITRADURGA,3,CHITRADURGA,GROSS CROPPED AREA,,58850,17896,78636,96532
2015,13,CHITRADURGA,6,HIRIYUR,PADDY,rice,62,43,98,141
2015,13,CHITRADURGA,6,HIRIYUR,JOWAR,jowar,3034,217,4017,4234
2015,13,CHITRADURGA,6,HIRIYUR,BAJRA,bajra,256,25,97,122
2015,13,CHITRADURGA,6,HIRIYUR,MAIZE,maize,2656,361,7139,7500
2015,13,CHITRADURGA,6,HIRIYUR,RAGI,ragi,7114,1119,9589,10708
2015,17,CHIKKAMAGALUR,1,SRINGERI,JUTE,jute,0,0,0,0
2015,13,CHITRADURGA,6,HIRIYUR,WHEAT,wheat,341,190,90,280
2015,17,CHIKKAMAGALUR,1,SRINGERI,MESTA,mesta,0,0,0,0
2015,13,CHITRADURGA,6,HIRIYUR,BARLEY,barley,18,3,20,23
2015,17,CHIKKAMAGALUR,1,SRINGERI,TOBACCO,tobacco,0,0,0,0
2015,13,CHITRADURGA,6,HIRIYUR,GRAM,chickpea,1222,105,1779,1884
2015,17,CHIKKAMAGALUR,1,SRINGERI,GUAR,guar,0,0,0,0
2015,13,CHITRADURGA,6,HIRIYUR,TUR (ARHAR),pigeonpea (tur),8228,309,14404,14713
2015,17,CHIKKAMAGALUR,1,SRINGERI,COFFEE,coffee,2033,80,491,571
2015,13,CHITRADURGA,6,HIRIYUR,URAD,black gram,0,0,0,0
2015,17,CHIKKAMAGALUR,1,SRINGERI,GROSS CROPPED AREA,,6022,682,4970,5652
2015,13,CHITRADURGA,6,HIRIYUR,MOONG,green gram,62,4,138,142
2015,13,CHITRADURGA,6,HIRIYUR,MASUR,lentil,5,4,0,4
2015,13,CHITRADURGA,4,HOLALKERE,PADDY,rice,28,1,11,12
2015,13,CHITRADURGA,6,HIRIYUR,HORSEGRAM,horse gram,3015,36,1068,1103
2015,13,CHITRADURGA,4,HOLALKERE,JOWAR,jowar,428,0,230,230
2015,13,CHITRADURGA,6,HIRIYUR,MOTH,moth bean,0,0,0,0
2015,13,CHITRADURGA,4,HOLALKERE,BAJRA,bajra,8,0,3,3
2015,13,CHITRADURGA,6,HIRIYUR,SUGARCANE,sugarcane,12,4,0,4
2015,13,CHITRADURGA,4,HOLALKERE,MAIZE,maize,36472,477,40165,40642
2015,13,CHITRADURGA,6,HIRIYUR,PEPPER (BLACK),black pepper,18,2,19,21
2015,13,CHITRADURGA,4,HOLALKERE,RAGI,ragi,6425,24,5274,5298
2015,13,CHITRADURGA,6,HIRIYUR,CHILLIES,chilli,11,5,21,26
2015,13,CHITRADURGA,4,HOLALKERE,WHEAT,wheat,24,2,23,25
2015,13,CHITRADURGA,6,HIRIYUR,GINGER,ginger,0,0,0,0
2015,13,CHITRADURGA,4,HOLALKERE,BARLEY,barley,4,0,2,2
2015,13,CHITRADURGA,6,HIRIYUR,TURMERIC,turmeric,8,5,0,5
2015,13,CHITRADURGA,4,HOLALKERE,GRAM,chickpea,636,3,489,492
2015,13,CHITRADURGA,6,HIRIYUR,CARDAMOM (SMALL),cardamom,0,0,0,0
2015,13,CHITRADURGA,4,HOLALKERE,TUR (ARHAR),pigeonpea (tur),3038,17,961,978
2015,13,CHITRADURGA,4,HOLALKERE,URAD,black gram,0,0,0,0
2015,13,CHITRADURGA,5,HOSADURGA,PADDY,rice,356,39,165,204
2015,13,CHITRADURGA,4,HOLALKERE,MOONG,green gram,55,0,25,25
2015,13,CHITRADURGA,5,HOSADURGA,JOWAR,jowar,1315,18,938,956
2015,13,CHITRADURGA,4,HOLALKERE,MASUR,lentil,4,0,3,3
2015,13,CHITRADURGA,5,HOSADURGA,BAJRA,bajra,95,0,59,59
2015,13,CHITRADURGA,4,HOLALKERE,HORSEGRAM,horse gram,71,9,39,48
2015,13,CHITRADURGA,4,HOLALKERE,MOTH,moth bean,0,0,0,0
2015,13,CHITRADURGA,5,HOSADURGA,MAIZE,maize,9081,51,7917,7969
2015,13,CHITRADURGA,6,HIRIYUR,CARDAMOM (LARGE),cardamom,0,0,0,0
2015,13,CHITRADURGA,6,HIRIYUR,BETELNUTS (ARECANUTS),arecanut,2536,2192,22,2214
2015,13,CHITRADURGA,6,HIRIYUR,MANGOES,mango,102,189,7,196
2015,13,CHITRADURGA,6,HIRIYUR,BANANA,banana,1071,1013,0,1013
2015,13,CHITRADURGA,6,HIRIYUR,TABLE GRAPES,grapes,4,4,0,4
2015,13,CHITRADURGA,6,HIRIYUR,WINE GRAPES (BLACK),grapes,0,0,0,0
2015,13,CHITRADURGA,6,HIRIYUR,CASHEWNUTS,cashewnut,3,0,2,2
2015,13,CHITRADURGA,6,HIRIYUR,POMEGRANATE,pomegranate,773,1395,0,1395
2015,13,CHITRADURGA,6,HIRIYUR,POTATO,potato,0,0,0,0
2015,13,CHITRADURGA,6,HIRIYUR,TAPIOCA (CASSAVA),tapioca,8,0,10,10
2015,13,CHITRADURGA,6,HIRIYUR,SWEET POTATO,sweet potato,0,0,0,0
2015,13,CHITRADURGA,6,HIRIYUR,ONION,onion,6446,9312,1114,10425
2015,13,CHITRADURGA,6,HIRIYUR,TOMATO,tomato,176,111,2,113
2015,13,CHITRADURGA,6,HIRIYUR,GROUNDNUT,groundnut,9934,744,19559,20303
2015,13,CHITRADURGA,6,HIRIYUR,CASTORSEED,castor,80,22,78,100
2015,13,CHITRADURGA,6,HIRIYUR,SESAMUM (TIL),sesame,18,4,16,20
2015,13,CHITRADURGA,6,HIRIYUR,RAPESEED & MUSTARD (TORIA/TARAMIRA),mustard,12,5,20,25
2015,13,CHITRADURGA,6,HIRIYUR,LINSEED,linseed,22,2,15,17
2015,13,CHITRADURGA,6,HIRIYUR,COCONUT,coconut,9869,12591,212,12803
2015,13,CHITRADURGA,6,HIRIYUR,SUNFLOWER,sunflower,3870,349,8086,8434
2015,13,CHITRADURGA,6,HIRIYUR,SOYABEAN,soybean,13,0,15,15
2015,13,CHITRADURGA,4,HOLALKERE,SUGARCANE,sugarcane,0,0,0,0
2015,13,CHITRADURGA,5,HOSADURGA,RAGI,ragi,29405,463,21707,22171
2015,13,CHITRADURGA,6,HIRIYUR,NIGERSEED,niger seed,0,0,0,0
2015,13,CHITRADURGA,4,HOLALKERE,PEPPER (BLACK),black pepper,243,205,21,226
2015,13,CHITRADURGA,5,HOSADURGA,WHEAT,wheat,138,72,66,138
2015,13,CHITRADURGA,6,HIRIYUR,COTTON,cotton,3574,669,3800,4469
2015,13,CHITRADURGA,4,HOLALKERE,CHILLIES,chilli,12,28,0,28
2015,13,CHITRADURGA,5,HOSADURGA,BARLEY,barley,26,12,9,22
2015,13,CHITRADURGA,4,HOLALKERE,GINGER,ginger,0,0,0,0
2015,13,CHITRADURGA,6,HIRIYUR,JUTE,jute,9,0,30,30
2015,13,CHITRADURGA,5,HOSADURGA,GRAM,chickpea,272,25,182,207
2015,13,CHITRADURGA,6,HIRIYUR,MESTA,mesta,0,0,0,0
2015,13,CHITRADURGA,4,HOLALKERE,TURMERIC,turmeric,48,29,1,30
2015,13,CHITRADURGA,5,HOSADURGA,TUR (ARHAR),pigeonpea (tur),2352,45,1233,1278
2015,13,CHITRADURGA,4,HOLALKERE,CARDAMOM (SMALL),cardamom,0,0,0,0
2015,13,CHITRADURGA,6,HIRIYUR,TOBACCO,tobacco,27,4,8,12
2015,13,CHITRADURGA,5,HOSADURGA,URAD,black gram,141,3,56,58
2015,13,CHITRADURGA,6,HIRIYUR,GUAR,guar,0,0,0,0
2015,13,CHITRADURGA,4,HOLALKERE,CARDAMOM (LARGE),cardamom,112,41,0,41
2015,13,CHITRADURGA,5,HOSADURGA,MOONG,green gram,6418,35,4237,4272
2015,13,CHITRADURGA,6,HIRIYUR,COFFEE,coffee,0,0,0,0
2015,13,CHITRADURGA,4,HOLALKERE,BETELNUTS (ARECANUTS),arecanut,9835,10159,94,10252
2015,13,CHITRADURGA,5,HOSADURGA,MASUR,lentil,4,0,6,6
2015,13,CHITRADURGA,6,HIRIYUR,GROSS CROPPED AREA,,55745,32049,72035,104084
2015,13,CHITRADURGA,4,HOLALKERE,MANGOES,mango,508,81,384,464
2015,13,CHITRADURGA,5,HOSADURGA,HORSEGRAM,horse gram,4176,8,2835,2843
2015,13,CHITRADURGA,5,HOSADURGA,MOTH,moth bean,13,0,10,10
2015,13,CHITRADURGA,5,HOSADURGA,SUGARCANE,sugarcane,0,0,0,0
2015,13,CHITRADURGA,5,HOSADURGA,PEPPER (BLACK),black pepper,4,0,5,5
2015,13,CHITRADURGA,5,HOSADURGA,CHILLIES,chilli,21,9,1,10
2015,13,CHITRADURGA,5,HOSADURGA,GINGER,ginger,0,0,0,0
2015,13,CHITRADURGA,5,HOSADURGA,TURMERIC,turmeric,12,8,0,8
2015,13,CHITRADURGA,5,HOSADURGA,CARDAMOM (SMALL),cardamom,4,0,5,5
2015,13,CHITRADURGA,5,HOSADURGA,CARDAMOM (LARGE),cardamom,3,13,0,13
2015,13,CHITRADURGA,5,HOSADURGA,BETELNUTS (ARECANUTS),arecanut,2754,2259,27,2287
2015,13,CHITRADURGA,5,HOSADURGA,MANGOES,mango,18,7,5,12
2015,13,CHITRADURGA,5,HOSADURGA,BANANA,banana,1425,1193,1,1194
2015,13,CHITRADURGA,5,HOSADURGA,TABLE GRAPES,grapes,4,3,0,3
2015,13,CHITRADURGA,5,HOSADURGA,WINE GRAPES (BLACK),grapes,0,0,0,0
2015,13,CHITRADURGA,5,HOSADURGA,CASHEWNUTS,cashewnut,0,0,0,0
2015,13,CHITRADURGA,5,HOSADURGA,POMEGRANATE,pomegranate,5516,5212,34,5246
2015,13,CHITRADURGA,5,HOSADURGA,POTATO,potato,0,0,0,0
2015,13,CHITRADURGA,5,HOSADURGA,TAPIOCA (CASSAVA),tapioca,0,0,0,0
2015,13,CHITRADURGA,5,HOSADURGA,SWEET POTATO,sweet potato,9,0,6,6
2015,13,CHITRADURGA,5,HOSADURGA,ONION,onion,1681,285,848,1133
2015,13,CHITRADURGA,5,HOSADURGA,TOMATO,tomato,43,13,4,18
2015,13,CHITRADURGA,5,HOSADURGA,GROUNDNUT,groundnut,2390,76,1802,1878
2015,13,CHITRADURGA,5,HOSADURGA,CASTORSEED,castor,106,10,37,47
2015,13,CHITRADURGA,5,HOSADURGA,SESAMUM (TIL),sesame,1699,11,1042,1053
2015,13,CHITRADURGA,5,HOSADURGA,RAPESEED & MUSTARD (TORIA/TARAMIRA),mustard,180,5,121,126
2015,13,CHITRADURGA,5,HOSADURGA,LINSEED,linseed,122,39,110,149
2015,13,CHITRADURGA,5,HOSADURGA,COCONUT,coconut,14465,10662,4659,15320
2015,13,CHITRADURGA,5,HOSADURGA,SUNFLOWER,sunflower,38,0,27,27
2015,13,CHITRADURGA,5,HOSADURGA,SOYABEAN,soybean,0,0,0,0
2015,13,CHITRADURGA,5,HOSADURGA,NIGERSEED,niger seed,4,0,7,7
2015,13,CHITRADURGA,5,HOSADURGA,COTTON,cotton,1916,23,2220,2243
2015,13,CHITRADURGA,5,HOSADURGA,JUTE,jute,0,0,0,0
2015,13,CHITRADURGA,4,HOLALKERE,BANANA,banana,764,547,0,547
2015,13,CHITRADURGA,1,MOLKALMUR,PADDY,rice,194,89,33,122
2015,13,CHITRADURGA,5,HOSADURGA,MESTA,mesta,0,0,0,0
2015,13,CHITRADURGA,4,HOLALKERE,TABLE GRAPES,grapes,8,4,0,4
2015,13,CHITRADURGA,1,MOLKALMUR,JOWAR,jowar,2409,724,2046,2770
2015,13,CHITRADURGA,5,HOSADURGA,TOBACCO,tobacco,0,0,0,0
2015,13,CHITRADURGA,4,HOLALKERE,WINE GRAPES (BLACK),grapes,4,3,0,3
2015,13,CHITRADURGA,1,MOLKALMUR,BAJRA,bajra,1788,280,1914,2194
2015,13,CHITRADURGA,5,HOSADURGA,GUAR,guar,0,0,0,0
2015,13,CHITRADURGA,4,HOLALKERE,CASHEWNUTS,cashewnut,0,0,0,0
2015,13,CHITRADURGA,1,MOLKALMUR,MAIZE,maize,2582,773,2935,3708
2015,13,CHITRADURGA,5,HOSADURGA,COFFEE,coffee,0,0,0,0
2015,13,CHITRADURGA,4,HOLALKERE,POMEGRANATE,pomegranate,370,361,0,361
2015,13,CHITRADURGA,1,MOLKALMUR,RAGI,ragi,2310,516,1144,1660
2015,13,CHITRADURGA,5,HOSADURGA,GROSS CROPPED AREA,,52278,20825,53601,74425
2015,13,CHITRADURGA,4,HOLALKERE,POTATO,potato,4,2,0,2
2015,13,CHITRADURGA,1,MOLKALMUR,WHEAT,wheat,58,31,27,58
2015,24,DAKSHINA KANNADA,2,BANTWAL,PADDY,rice,4711,662,1179,1840
2015,13,CHITRADURGA,4,HOLALKERE,TAPIOCA (CASSAVA),tapioca,0,0,0,0
2015,13,CHITRADURGA,1,MOLKALMUR,BARLEY,barley,16,0,21,21
2015,13,CHITRADURGA,4,HOLALKERE,SWEET POTATO,sweet potato,0,0,0,0
2015,13,CHITRADURGA,1,MOLKALMUR,GRAM,chickpea,30,0,29,29
2015,13,CHITRADURGA,4,HOLALKERE,ONION,onion,1040,113,642,755
2015,13,CHITRADURGA,1,MOLKALMUR,TUR (ARHAR),pigeonpea (tur),662,24,265,289
2015,13,CHITRADURGA,4,HOLALKERE,TOMATO,tomato,52,22,0,22
2015,13,CHITRADURGA,1,MOLKALMUR,URAD,black gram,11,6,5,11
2015,13,CHITRADURGA,4,HOLALKERE,GROUNDNUT,groundnut,535,3,401,403
2015,13,CHITRADURGA,1,MOLKALMUR,MOONG,green gram,2,0,5,5
2015,13,CHITRADURGA,4,HOLALKERE,CASTORSEED,castor,120,3,12,15
2015,13,CHITRADURGA,1,MOLKALMUR,MASUR,lentil,4,0,2,2
2015,13,CHITRADURGA,4,HOLALKERE,SESAMUM (TIL),sesame,141,3,101,104
2015,13,CHITRADURGA,1,MOLKALMUR,HORSEGRAM,horse gram,1069,10,258,268
2015,13,CHITRADURGA,4,HOLALKERE,RAPESEED & MUSTARD (TORIA/TARAMIRA),mustard,40,6,28,34
2015,13,CHITRADURGA,1,MOLKALMUR,MOTH,moth bean,0,0,0,0
2015,13,CHITRADURGA,4,HOLALKERE,LINSEED,linseed,64,33,34,67
2015,13,CHITRADURGA,1,MOLKALMUR,SUGARCANE,sugarcane,0,0,0,0
2015,13,CHITRADURGA,4,HOLALKERE,COCONUT,coconut,6210,4958,1077,6036
2015,13,CHITRADURGA,1,MOLKALMUR,PEPPER (BLACK),black pepper,0,0,0,0
2015,13,CHITRADURGA,4,HOLALKERE,SUNFLOWER,sunflower,73,2,40,41
2015,13,CHITRADURGA,1,MOLKALMUR,CHILLIES,chilli,73,48,7,56
2015,13,CHITRADURGA,4,HOLALKERE,SOYABEAN,soybean,49,0,19,19
2015,13,CHITRADURGA,1,MOLKALMUR,GINGER,ginger,0,0,0,0
2015,13,CHITRADURGA,1,MOLKALMUR,TURMERIC,turmeric,0,0,0,0
2015,13,CHITRADURGA,4,HOLALKERE,NIGERSEED,niger seed,12,0,1,1
2015,13,CHITRADURGA,1,MOLKALMUR,CARDAMOM (SMALL),cardamom,0,0,0,0
2015,13,CHITRADURGA,4,HOLALKERE,COTTON,cotton,741,8,630,638
2015,13,CHITRADURGA,1,MOLKALMUR,CARDAMOM (LARGE),cardamom,0,0,0,0
2015,13,CHITRADURGA,4,HOLALKERE,JUTE,jute,0,0,0,0
2015,13,CHITRADURGA,1,MOLKALMUR,BETELNUTS (ARECANUTS),arecanut,0,0,0,0
2015,13,CHITRADURGA,4,HOLALKERE,MESTA,mesta,0,0,0,0
2015,13,CHITRADURGA,1,MOLKALMUR,MANGOES,mango,31,27,0,27
2015,13,CHITRADURGA,4,HOLALKERE,TOBACCO,tobacco,0,0,0,0
2015,24,DAKSHINA KANNADA,2,BANTWAL,JOWAR,jowar,0,0,0,0
2015,13,CHITRADURGA,1,MOLKALMUR,BANANA,banana,11,4,0,4
2015,13,CHITRADURGA,4,HOLALKERE,GUAR,guar,0,0,0,0
2015,24,DAKSHINA KANNADA,2,BANTWAL,BAJRA,bajra,0,0,0,0
2015,13,CHITRADURGA,1,MOLKALMUR,TABLE GRAPES,grapes,0,0,0,0
2015,13,CHITRADURGA,4,HOLALKERE,COFFEE,coffee,0,0,0,0
2015,24,DAKSHINA KANNADA,2,BANTWAL,MAIZE,maize,0,0,0,0
2015,13,CHITRADURGA,1,MOLKALMUR,WINE GRAPES (BLACK),grapes,0,0,0,0
2015,13,CHITRADURGA,4,HOLALKERE,GROSS CROPPED AREA,,48708,17331,50874,68204
2015,24,DAKSHINA KANNADA,2,BANTWAL,RAGI,ragi,55,0,36,36
2015,13,CHITRADURGA,1,MOLKALMUR,CASHEWNUTS,cashewnut,0,0,0,0
2015,24,DAKSHINA KANNADA,2,BANTWAL,WHEAT,wheat,92,17,0,17
2015,24,DAKSHINA KANNADA,3,BELTANGADY,PADDY,rice,2742,951,317,1268
2015,13,CHITRADURGA,1,MOLKALMUR,POMEGRANATE,pomegranate,35,56,0,56
2015,24,DAKSHINA KANNADA,2,BANTWAL,BARLEY,barley,0,0,0,0
2015,24,DAKSHINA KANNADA,3,BELTANGADY,JOWAR,jowar,0,0,0,0
2015,13,CHITRADURGA,1,MOLKALMUR,POTATO,potato,0,0,0,0
2015,24,DAKSHINA KANNADA,2,BANTWAL,GRAM,chickpea,0,0,0,0
2015,24,DAKSHINA KANNADA,3,BELTANGADY,BAJRA,bajra,0,0,0,0
2015,13,CHITRADURGA,1,MOLKALMUR,TAPIOCA (CASSAVA),tapioca,8,2,0,2
2015,24,DAKSHINA KANNADA,2,BANTWAL,TUR (ARHAR),pigeonpea (tur),0,0,0,0
2015,24,DAKSHINA KANNADA,3,BELTANGADY,MAIZE,maize,0,0,0,0
2015,13,CHITRADURGA,1,MOLKALMUR,SWEET POTATO,sweet potato,0,0,0,0
2015,24,DAKSHINA KANNADA,2,BANTWAL,URAD,black gram,0,0,0,0
2015,24,DAKSHINA KANNADA,3,BELTANGADY,RAGI,ragi,0,0,0,0
2015,13,CHITRADURGA,1,MOLKALMUR,ONION,onion,1148,662,23,685
2015,24,DAKSHINA KANNADA,2,BANTWAL,MOONG,green gram,0,0,0,0
2015,24,DAKSHINA KANNADA,3,BELTANGADY,WHEAT,wheat,297,73,1,75
2015,13,CHITRADURGA,1,MOLKALMUR,TOMATO,tomato,333,111,0,111
2015,24,DAKSHINA KANNADA,2,BANTWAL,MASUR,lentil,0,0,0,0
2015,24,DAKSHINA KANNADA,3,BELTANGADY,BARLEY,barley,0,0,0,0
2015,13,CHITRADURGA,1,MOLKALMUR,GROUNDNUT,groundnut,13379,499,19366,19866
2015,24,DAKSHINA KANNADA,2,BANTWAL,HORSEGRAM,horse gram,0,0,0,0
2015,24,DAKSHINA KANNADA,3,BELTANGADY,GRAM,chickpea,0,0,0,0
2015,13,CHITRADURGA,1,MOLKALMUR,CASTORSEED,castor,33,1,14,16
2015,24,DAKSHINA KANNADA,2,BANTWAL,MOTH,moth bean,0,0,0,0
2015,24,DAKSHINA KANNADA,3,BELTANGADY,TUR (ARHAR),pigeonpea (tur),0,0,0,0
2015,13,CHITRADURGA,1,MOLKALMUR,SESAMUM (TIL),sesame,9,0,10,10
2015,24,DAKSHINA KANNADA,2,BANTWAL,SUGARCANE,sugarcane,167,31,0,31
2015,24,DAKSHINA KANNADA,3,BELTANGADY,URAD,black gram,0,0,0,0
2015,13,CHITRADURGA,1,MOLKALMUR,RAPESEED & MUSTARD (TORIA/TARAMIRA),mustard,17,4,31,35
2015,24,DAKSHINA KANNADA,2,BANTWAL,PEPPER (BLACK),black pepper,249,59,5,64
2015,24,DAKSHINA KANNADA,3,BELTANGADY,MOONG,green gram,0,0,0,0
2015,13,CHITRADURGA,1,MOLKALMUR,LINSEED,linseed,0,0,0,0
2015,24,DAKSHINA KANNADA,3,BELTANGADY,MASUR,lentil,0,0,0,0
2015,24,DAKSHINA KANNADA,2,BANTWAL,CHILLIES,chilli,94,4,19,23
2015,13,CHITRADURGA,1,MOLKALMUR,COCONUT,coconut,21,13,24,37
2015,24,DAKSHINA KANNADA,3,BELTANGADY,HORSEGRAM,horse gram,0,0,0,0
2015,24,DAKSHINA KANNADA,2,BANTWAL,GINGER,ginger,40,0,26,26
2015,13,CHITRADURGA,1,MOLKALMUR,SUNFLOWER,sunflower,1421,9,2185,2194
2015,24,DAKSHINA KANNADA,3,BELTANGADY,MOTH,moth bean,0,0,0,0
2015,24,DAKSHINA KANNADA,2,BANTWAL,TURMERIC,turmeric,11,9,0,9
2015,13,CHITRADURGA,1,MOLKALMUR,SOYABEAN,soybean,10,1,3,3
2015,24,DAKSHINA KANNADA,3,BELTANGADY,SUGARCANE,sugarcane,0,0,0,0
2015,24,DAKSHINA KANNADA,2,BANTWAL,CARDAMOM (SMALL),cardamom,22,9,0,9
2015,24,DAKSHINA KANNADA,2,BANTWAL,CARDAMOM (LARGE),cardamom,142,41,0,41
2015,24,DAKSHINA KANNADA,2,BANTWAL,BETELNUTS (ARECANUTS),arecanut,29601,13707,885,14593
2015,24,DAKSHINA KANNADA,2,BANTWAL,MANGOES,mango,1577,21,308,329
2015,24,DAKSHINA KANNADA,2,BANTWAL,BANANA,banana,6008,1291,20,1311
2015,24,DAKSHINA KANNADA,2,BANTWAL,TABLE GRAPES,grapes,29,9,11,20
2015,24,DAKSHINA KANNADA,2,BANTWAL,WINE GRAPES (BLACK),grapes,0,0,0,0
2015,24,DAKSHINA KANNADA,2,BANTWAL,CASHEWNUTS,cashewnut,11692,179,5428,5607
2015,24,DAKSHINA KANNADA,2,BANTWAL,POMEGRANATE,pomegranate,27,3,10,13
2015,24,DAKSHINA KANNADA,2,BANTWAL,POTATO,potato,0,0,0,0
2015,24,DAKSHINA KANNADA,2,BANTWAL,TAPIOCA (CASSAVA),tapioca,0,0,0,0
2015,24,DAKSHINA KANNADA,2,BANTWAL,SWEET POTATO,sweet potato,0,0,0,0
2015,24,DAKSHINA KANNADA,2,BANTWAL,ONION,onion,0,0,0,0
2015,24,DAKSHINA KANNADA,2,BANTWAL,TOMATO,tomato,0,0,0,0
2015,24,DAKSHINA KANNADA,2,BANTWAL,GROUNDNUT,groundnut,4,2,0,2
2015,24,DAKSHINA KANNADA,2,BANTWAL,CASTORSEED,castor,0,0,0,0
2015,24,DAKSHINA KANNADA,2,BANTWAL,SESAMUM (TIL),sesame,0,0,0,0
2015,24,DAKSHINA KANNADA,2,BANTWAL,RAPESEED & MUSTARD (TORIA/TARAMIRA),mustard,0,0,0,0
2015,24,DAKSHINA KANNADA,2,BANTWAL,LINSEED,linseed,5,0,0,0
2015,24,DAKSHINA KANNADA,2,BANTWAL,COCONUT,coconut,21791,5645,590,6235
2015,24,DAKSHINA KANNADA,2,BANTWAL,SUNFLOWER,sunflower,0,0,0,0
2015,24,DAKSHINA KANNADA,2,BANTWAL,SOYABEAN,soybean,0,0,0,0
2015,24,DAKSHINA KANNADA,2,BANTWAL,NIGERSEED,niger seed,5,0,0,0
2015,24,DAKSHINA KANNADA,2,BANTWAL,COTTON,cotton,0,0,0,0
2015,24,DAKSHINA KANNADA,2,BANTWAL,JUTE,jute,0,0,0,0
2015,24,DAKSHINA KANNADA,2,BANTWAL,MESTA,mesta,0,0,0,0
2015,24,DAKSHINA KANNADA,2,BANTWAL,TOBACCO,tobacco,0,0,0,0
2015,24,DAKSHINA KANNADA,2,BANTWAL,GUAR,guar,0,0,0,0
2015,24,DAKSHINA KANNADA,2,BANTWAL,COFFEE,coffee,0,0,0,0
2015,24,DAKSHINA KANNADA,2,BANTWAL,GROSS CROPPED AREA,,53281,22323,9817,32140
2015,24,DAKSHINA KANNADA,1,MANGALORE,PADDY,rice,17217,2503,8720,11223
2015,24,DAKSHINA KANNADA,1,MANGALORE,JOWAR,jowar,0,0,0,0
2015,24,DAKSHINA KANNADA,1,MANGALORE,BAJRA,bajra,6,2,0,2
2015,24,DAKSHINA KANNADA,1,MANGALORE,MAIZE,maize,0,0,0,0
2015,24,DAKSHINA KANNADA,1,MANGALORE,RAGI,ragi,0,0,0,0
2015,24,DAKSHINA KANNADA,1,MANGALORE,WHEAT,wheat,253,44,0,44
2015,24,DAKSHINA KANNADA,1,MANGALORE,BARLEY,barley,0,0,0,0
2015,24,DAKSHINA KANNADA,1,MANGALORE,GRAM,chickpea,0,0,0,0
2015,24,DAKSHINA KANNADA,1,MANGALORE,TUR (ARHAR),pigeonpea (tur),0,0,0,0
2015,24,DAKSHINA KANNADA,1,MANGALORE,URAD,black gram,6,0,0,0
2015,24,DAKSHINA KANNADA,1,MANGALORE,MOONG,green gram,42,2,0,2
2015,24,DAKSHINA KANNADA,1,MANGALORE,MASUR,lentil,0,0,0,0
2015,24,DAKSHINA KANNADA,1,MANGALORE,HORSEGRAM,horse gram,0,0,0,0
2015,24,DAKSHINA KANNADA,1,MANGALORE,MOTH,moth bean,0,0,0,0
2015,24,DAKSHINA KANNADA,1,MANGALORE,SUGARCANE,sugarcane,0,0,0,0
2015,24,DAKSHINA KANNADA,1,MANGALORE,PEPPER (BLACK),black pepper,1299,31,3,34
2015,24,DAKSHINA KANNADA,1,MANGALORE,CHILLIES,chilli,1144,89,0,89
2015,24,DAKSHINA KANNADA,1,MANGALORE,GINGER,ginger,57,3,30,34
2015,24,DAKSHINA KANNADA,1,MANGALORE,TURMERIC,turmeric,12,10,0,10
2015,24,DAKSHINA KANNADA,1,MANGALORE,CARDAMOM (SMALL),cardamom,6,2,0,2
2015,24,DAKSHINA KANNADA,1,MANGALORE,CARDAMOM (LARGE),cardamom,0,0,0,0
2015,24,DAKSHINA KANNADA,1,MANGALORE,BETELNUTS (ARECANUTS),arecanut,29228,8716,27,8743
2015,24,DAKSHINA KANNADA,1,MANGALORE,MANGOES,mango,766,4,111,115
2015,24,DAKSHINA KANNADA,1,MANGALORE,BANANA,banana,4631,374,3,377
2015,24,DAKSHINA KANNADA,1,MANGALORE,TABLE GRAPES,grapes,7,0,0,0
2015,24,DAKSHINA KANNADA,1,MANGALORE,WINE GRAPES (BLACK),grapes,0,0,0,0
2015,24,DAKSHINA KANNADA,1,MANGALORE,CASHEWNUTS,cashewnut,7422,38,2380,2418
2015,24,DAKSHINA KANNADA,1,MANGALORE,POMEGRANATE,pomegranate,0,0,0,0
2015,24,DAKSHINA KANNADA,1,MANGALORE,POTATO,potato,0,0,0,0
2015,24,DAKSHINA KANNADA,1,MANGALORE,TAPIOCA (CASSAVA),tapioca,0,0,0,0
2015,24,DAKSHINA KANNADA,1,MANGALORE,SWEET POTATO,sweet potato,0,0,0,0
2015,24,DAKSHINA KANNADA,1,MANGALORE,ONION,onion,17,6,1,6
2015,24,DAKSHINA KANNADA,1,MANGALORE,TOMATO,tomato,0,0,0,0
2015,24,DAKSHINA KANNADA,1,MANGALORE,GROUNDNUT,groundnut,18,0,10,10
2015,24,DAKSHINA KANNADA,1,MANGALORE,CASTORSEED,castor,0,0,0,0
2015,24,DAKSHINA KANNADA,1,MANGALORE,SESAMUM (TIL),sesame,42,12,0,12
2015,24,DAKSHINA KANNADA,1,MANGALORE,RAPESEED & MUSTARD (TORIA/TARAMIRA),mustard,0,0,0,0
2015,24,DAKSHINA KANNADA,1,MANGALORE,LINSEED,linseed,0,0,0,0
2015,24,DAKSHINA KANNADA,1,MANGALORE,COCONUT,coconut,26952,5598,43,5640
2015,24,DAKSHINA KANNADA,1,MANGALORE,SUNFLOWER,sunflower,0,0,0,0
2015,24,DAKSHINA KANNADA,1,MANGALORE,SOYABEAN,soybean,18,6,0,6
2015,24,DAKSHINA KANNADA,1,MANGALORE,NIGERSEED,niger seed,25,0,5,5
2015,24,DAKSHINA KANNADA,1,MANGALORE,COTTON,cotton,0,0,0,0
2015,24,DAKSHINA KANNADA,1,MANGALORE,JUTE,jute,0,0,0,0
2015,24,DAKSHINA KANNADA,1,MANGALORE,MESTA,mesta,0,0,0,0
2015,24,DAKSHINA KANNADA,1,MANGALORE,TOBACCO,tobacco,0,0,0,0
2015,24,DAKSHINA KANNADA,1,MANGALORE,GUAR,guar,0,0,0,0
2015,24,DAKSHINA KANNADA,1,MANGALORE,COFFEE,coffee,0,0,0,0
2015,24,DAKSHINA KANNADA,1,MANGALORE,GROSS CROPPED AREA,,40085,17489,11633,29123
2015,24,DAKSHINA KANNADA,5,SULYA,PADDY,rice,141,5,57,62
2015,24,DAKSHINA KANNADA,5,SULYA,JOWAR,jowar,0,0,0,0
2015,24,DAKSHINA KANNADA,5,SULYA,BAJRA,bajra,0,0,0,0
2015,24,DAKSHINA KANNADA,5,SULYA,MAIZE,maize,0,0,0,0
2015,24,DAKSHINA KANNADA,5,SULYA,RAGI,ragi,0,0,0,0
2015,24,DAKSHINA KANNADA,5,SULYA,WHEAT,wheat,148,17,6,23
2015,24,DAKSHINA KANNADA,5,SULYA,BARLEY,barley,0,0,0,0
2015,24,DAKSHINA KANNADA,5,SULYA,GRAM,chickpea,0,0,0,0
2015,24,DAKSHINA KANNADA,5,SULYA,TUR (ARHAR),pigeonpea (tur),0,0,0,0
2015,24,DAKSHINA KANNADA,5,SULYA,URAD,black gram,0,0,0,0
2015,24,DAKSHINA KANNADA,5,SULYA,MOONG,green gram,0,0,0,0
2015,24,DAKSHINA KANNADA,5,SULYA,MASUR,lentil,0,0,0,0
2015,24,DAKSHINA KANNADA,5,SULYA,HORSEGRAM,horse gram,0,0,0,0
2015,24,DAKSHINA KANNADA,5,SULYA,MOTH,moth bean,0,0,0,0
2015,24,DAKSHINA KANNADA,5,SULYA,SUGARCANE,sugarcane,0,0,0,0
2015,24,DAKSHINA KANNADA,5,SULYA,PEPPER (BLACK),black pepper,2670,228,37,265
2015,24,DAKSHINA KANNADA,5,SULYA,CHILLIES,chilli,4,3,0,3
2015,24,DAKSHINA KANNADA,5,SULYA,GINGER,ginger,181,56,15,70
2015,24,DAKSHINA KANNADA,5,SULYA,TURMERIC,turmeric,13,4,0,4
2015,24,DAKSHINA KANNADA,5,SULYA,CARDAMOM (SMALL),cardamom,8,0,0,0
2015,24,DAKSHINA KANNADA,5,SULYA,CARDAMOM (LARGE),cardamom,4,1,0,1
2015,24,DAKSHINA KANNADA,5,SULYA,BETELNUTS (ARECANUTS),arecanut,19761,11941,223,12165
2015,24,DAKSHINA KANNADA,5,SULYA,MANGOES,mango,38,2,1,3
2015,24,DAKSHINA KANNADA,5,SULYA,BANANA,banana,5169,728,51,779
2015,24,DAKSHINA KANNADA,5,SULYA,TABLE GRAPES,grapes,13,13,0,13
2015,24,DAKSHINA KANNADA,5,SULYA,WINE GRAPES (BLACK),grapes,0,0,0,0
2015,24,DAKSHINA KANNADA,5,SULYA,CASHEWNUTS,cashewnut,4527,94,1560,1654
2015,24,DAKSHINA KANNADA,5,SULYA,POMEGRANATE,pomegranate,0,0,0,0
2015,24,DAKSHINA KANNADA,5,SULYA,POTATO,potato,0,0,0,0
2015,24,DAKSHINA KANNADA,5,SULYA,TAPIOCA (CASSAVA),tapioca,0,0,0,0
2015,24,DAKSHINA KANNADA,5,SULYA,SWEET POTATO,sweet potato,0,0,0,0
2015,24,DAKSHINA KANNADA,5,SULYA,ONION,onion,0,0,0,0
2015,24,DAKSHINA KANNADA,5,SULYA,TOMATO,tomato,0,0,0,0
2015,24,DAKSHINA KANNADA,5,SULYA,GROUNDNUT,groundnut,7,1,0,1
2015,24,DAKSHINA KANNADA,5,SULYA,CASTORSEED,castor,0,0,0,0
2015,24,DAKSHINA KANNADA,5,SULYA,SESAMUM (TIL),sesame,11,2,0,2
2015,24,DAKSHINA KANNADA,5,SULYA,RAPESEED & MUSTARD (TORIA/TARAMIRA),mustard,0,0,0,0
2015,24,DAKSHINA KANNADA,5,SULYA,LINSEED,linseed,0,0,0,0
2015,24,DAKSHINA KANNADA,5,SULYA,COCONUT,coconut,16111,3687,178,3865
2015,24,DAKSHINA KANNADA,5,SULYA,SUNFLOWER,sunflower,0,0,0,0
2015,24,DAKSHINA KANNADA,5,SULYA,SOYABEAN,soybean,5,0,0,0
2015,24,DAKSHINA KANNADA,5,SULYA,NIGERSEED,niger seed,0,0,0,0
2015,24,DAKSHINA KANNADA,5,SULYA,COTTON,cotton,0,0,0,0
2015,24,DAKSHINA KANNADA,5,SULYA,JUTE,jute,0,0,0,0
2015,24,DAKSHINA KANNADA,5,SULYA,MESTA,mesta,0,0,0,0
2015,24,DAKSHINA KANNADA,5,SULYA,TOBACCO,tobacco,0,0,0,0
2015,24,DAKSHINA KANNADA,5,SULYA,GUAR,guar,0,0,0,0
2015,24,DAKSHINA KANNADA,5,SULYA,COFFEE,coffee,4,0,3,3
2015,14,DAVANAGERE,6,CHANNAGIRI,PADDY,rice,13420,11241,1848,13090
2015,24,DAKSHINA KANNADA,5,SULYA,GROSS CROPPED AREA,,25773,17783,5908,23691
2015,14,DAVANAGERE,6,CHANNAGIRI,JOWAR,jowar,1586,637,568,1205
2015,14,DAVANAGERE,6,CHANNAGIRI,BAJRA,bajra,5,0,7,7
2015,14,DAVANAGERE,4,DAVANAGERE,PADDY,rice,16176,16868,385,17253
2015,14,DAVANAGERE,6,CHANNAGIRI,MAIZE,maize,29838,1928,29298,31226
2015,14,DAVANAGERE,4,DAVANAGERE,JOWAR,jowar,803,745,288,1033
2015,14,DAVANAGERE,6,CHANNAGIRI,RAGI,ragi,2170,178,1338,1515
2015,14,DAVANAGERE,4,DAVANAGERE,BAJRA,bajra,12,5,0,5
2015,14,DAVANAGERE,6,CHANNAGIRI,WHEAT,wheat,113,2,75,77
2015,14,DAVANAGERE,4,DAVANAGERE,MAIZE,maize,23476,4580,23267,27847
2015,14,DAVANAGERE,6,CHANNAGIRI,BARLEY,barley,109,0,94,94
2015,14,DAVANAGERE,4,DAVANAGERE,RAGI,ragi,2056,517,1278,1796
2015,14,DAVANAGERE,6,CHANNAGIRI,GRAM,chickpea,4,0,1,1
2015,14,DAVANAGERE,4,DAVANAGERE,WHEAT,wheat,196,294,25,319
2015,14,DAVANAGERE,6,CHANNAGIRI,TUR (ARHAR),pigeonpea (tur),133,7,28,36
2015,14,DAVANAGERE,4,DAVANAGERE,BARLEY,barley,11,0,6,6
2015,14,DAVANAGERE,6,CHANNAGIRI,URAD,black gram,0,0,0,0
2015,14,DAVANAGERE,4,DAVANAGERE,GRAM,chickpea,28,25,12,37
2015,14,DAVANAGERE,6,CHANNAGIRI,MOONG,green gram,8,11,0,11
2015,14,DAVANAGERE,4,DAVANAGERE,TUR (ARHAR),pigeonpea (tur),92,46,10,55
2015,14,DAVANAGERE,6,CHANNAGIRI,MASUR,lentil,0,0,0,0
2015,14,DAVANAGERE,4,DAVANAGERE,URAD,black gram,0,0,0,0
2015,14,DAVANAGERE,6,CHANNAGIRI,HORSEGRAM,horse gram,17,0,12,12
2015,14,DAVANAGERE,4,DAVANAGERE,MOONG,green gram,0,0,0,0
2015,14,DAVANAGERE,6,CHANNAGIRI,MOTH,moth bean,0,0,0,0
2015,14,DAVANAGERE,4,DAVANAGERE,MASUR,lentil,0,0,0,0
2015,14,DAVANAGERE,6,CHANNAGIRI,SUGARCANE,sugarcane,20,12,0,12
2015,14,DAVANAGERE,4,DAVANAGERE,HORSEGRAM,horse gram,0,0,0,0
2015,14,DAVANAGERE,6,CHANNAGIRI,PEPPER (BLACK),black pepper,51,40,4,44
2015,14,DAVANAGERE,6,CHANNAGIRI,CHILLIES,chilli,4,0,6,6
2015,14,DAVANAGERE,6,CHANNAGIRI,GINGER,ginger,0,0,0,0
2015,14,DAVANAGERE,6,CHANNAGIRI,TURMERIC,turmeric,63,47,3,51
2015,14,DAVANAGERE,6,CHANNAGIRI,CARDAMOM (SMALL),cardamom,0,0,0,0
2015,14,DAVANAGERE,6,CHANNAGIRI,CARDAMOM (LARGE),cardamom,5,0,4,4
2015,14,DAVANAGERE,6,CHANNAGIRI,BETELNUTS (ARECANUTS),arecanut,18508,20110,276,20386
2015,14,DAVANAGERE,6,CHANNAGIRI,MANGOES,mango,2116,365,1585,1950
2015,14,DAVANAGERE,6,CHANNAGIRI,BANANA,banana,762,232,0,232
2015,14,DAVANAGERE,6,CHANNAGIRI,TABLE GRAPES,grapes,4,0,5,5
2015,14,DAVANAGERE,6,CHANNAGIRI,WINE GRAPES (BLACK),grapes,0,0,0,0
2015,14,DAVANAGERE,6,CHANNAGIRI,CASHEWNUTS,cashewnut,0,0,0,0
2015,14,DAVANAGERE,6,CHANNAGIRI,POMEGRANATE,pomegranate,170,84,0,84
2015,14,DAVANAGERE,6,CHANNAGIRI,POTATO,potato,0,0,0,0
2015,14,DAVANAGERE,6,CHANNAGIRI,TAPIOCA (CASSAVA),tapioca,0,0,0,0
2015,14,DAVANAGERE,6,CHANNAGIRI,SWEET POTATO,sweet potato,0,0,0,0
2015,14,DAVANAGERE,6,CHANNAGIRI,ONION,onion,206,4,143,148
2015,14,DAVANAGERE,6,CHANNAGIRI,TOMATO,tomato,4,0,4,4
2015,14,DAVANAGERE,6,CHANNAGIRI,GROUNDNUT,groundnut,41,1,28,28
2015,14,DAVANAGERE,6,CHANNAGIRI,CASTORSEED,castor,9,13,0,13
2015,14,DAVANAGERE,6,CHANNAGIRI,SESAMUM (TIL),sesame,44,12,21,33
2015,14,DAVANAGERE,6,CHANNAGIRI,RAPESEED & MUSTARD (TORIA/TARAMIRA),mustard,4,0,3,3
2015,14,DAVANAGERE,6,CHANNAGIRI,LINSEED,linseed,5,11,0,11
2015,14,DAVANAGERE,6,CHANNAGIRI,COCONUT,coconut,1892,510,479,989
2015,14,DAVANAGERE,6,CHANNAGIRI,SUNFLOWER,sunflower,25,1,14,15
2015,14,DAVANAGERE,6,CHANNAGIRI,SOYABEAN,soybean,0,0,0,0
2015,14,DAVANAGERE,6,CHANNAGIRI,NIGERSEED,niger seed,0,0,0,0
2015,14,DAVANAGERE,6,CHANNAGIRI,COTTON,cotton,531,6,275,281
2015,14,DAVANAGERE,6,CHANNAGIRI,JUTE,jute,0,0,0,0
2015,14,DAVANAGERE,6,CHANNAGIRI,MESTA,mesta,0,0,0,0
2015,14,DAVANAGERE,6,CHANNAGIRI,TOBACCO,tobacco,0,0,0,0
2015,14,DAVANAGERE,6,CHANNAGIRI,GUAR,guar,0,0,0,0
2015,14,DAVANAGERE,6,CHANNAGIRI,COFFEE,coffee,0,0,0,0
2015,14,DAVANAGERE,6,CHANNAGIRI,GROSS CROPPED AREA,,60877,35547,36280,71827
2015,13,CHITRADURGA,2,CHALLAKERE,SUGARCANE,sugarcane,0,0,0,0
2015,13,CHITRADURGA,2,CHALLAKERE,PEPPER (BLACK),black pepper,4,6,0,6
2015,13,CHITRADURGA,2,CHALLAKERE,CHILLIES,chilli,4,0,3,3
2015,13,CHITRADURGA,2,CHALLAKERE,GINGER,ginger,0,0,0,0
2015,13,CHITRADURGA,2,CHALLAKERE,TURMERIC,turmeric,0,0,0,0
2015,13,CHITRADURGA,2,CHALLAKERE,CARDAMOM (SMALL),cardamom,3,0,0,0
2015,13,CHITRADURGA,2,CHALLAKERE,CARDAMOM (LARGE),cardamom,0,0,0,0
2015,13,CHITRADURGA,2,CHALLAKERE,BETELNUTS (ARECANUTS),arecanut,646,762,109,871
2015,13,CHITRADURGA,2,CHALLAKERE,MANGOES,mango,39,41,0,41
2015,13,CHITRADURGA,2,CHALLAKERE,BANANA,banana,13,13,0,13
2015,13,CHITRADURGA,2,CHALLAKERE,TABLE GRAPES,grapes,0,0,0,0
2015,13,CHITRADURGA,2,CHALLAKERE,WINE GRAPES (BLACK),grapes,0,0,0,0
2015,13,CHITRADURGA,2,CHALLAKERE,CASHEWNUTS,cashewnut,0,0,0,0
2015,13,CHITRADURGA,2,CHALLAKERE,POMEGRANATE,pomegranate,126,218,21,239
2015,13,CHITRADURGA,2,CHALLAKERE,POTATO,potato,93,66,0,66
2015,13,CHITRADURGA,2,CHALLAKERE,TAPIOCA (CASSAVA),tapioca,5,0,20,20
2015,13,CHITRADURGA,2,CHALLAKERE,SWEET POTATO,sweet potato,8,8,0,8
2015,13,CHITRADURGA,2,CHALLAKERE,ONION,onion,8478,8591,518,9109
2015,13,CHITRADURGA,2,CHALLAKERE,TOMATO,tomato,225,152,0,152
2015,13,CHITRADURGA,2,CHALLAKERE,GROUNDNUT,groundnut,45181,1107,84930,86037
2015,13,CHITRADURGA,2,CHALLAKERE,CASTORSEED,castor,30,0,30,30
2015,13,CHITRADURGA,2,CHALLAKERE,SESAMUM (TIL),sesame,0,0,0,0
2015,13,CHITRADURGA,2,CHALLAKERE,RAPESEED & MUSTARD (TORIA/TARAMIRA),mustard,7,0,22,22
2015,13,CHITRADURGA,2,CHALLAKERE,LINSEED,linseed,15,7,0,8
2015,13,CHITRADURGA,2,CHALLAKERE,COCONUT,coconut,257,317,28,345
2015,13,CHITRADURGA,2,CHALLAKERE,SUNFLOWER,sunflower,1762,58,3853,3911
2015,13,CHITRADURGA,2,CHALLAKERE,SOYABEAN,soybean,10,0,8,8
2015,13,CHITRADURGA,2,CHALLAKERE,NIGERSEED,niger seed,0,0,0,0
2015,13,CHITRADURGA,2,CHALLAKERE,COTTON,cotton,502,13,799,811
2015,13,CHITRADURGA,2,CHALLAKERE,JUTE,jute,0,0,0,0
2015,13,CHITRADURGA,2,CHALLAKERE,MESTA,mesta,0,0,0,0
2015,13,CHITRADURGA,2,CHALLAKERE,TOBACCO,tobacco,0,0,0,0
2015,13,CHITRADURGA,2,CHALLAKERE,GUAR,guar,0,0,0,0
2015,13,CHITRADURGA,2,CHALLAKERE,COFFEE,coffee,0,0,0,0
2015,13,CHITRADURGA,2,CHALLAKERE,GROSS CROPPED AREA,,64476,18185,109276,127461
2015,13,CHITRADURGA,1,MOLKALMUR,NIGERSEED,niger seed,0,0,0,0
2015,13,CHITRADURGA,1,MOLKALMUR,COTTON,cotton,2865,406,4296,4702
2015,13,CHITRADURGA,1,MOLKALMUR,JUTE,jute,50,35,0,35
2015,13,CHITRADURGA,1,MOLKALMUR,MESTA,mesta,8,0,7,7
2015,13,CHITRADURGA,1,MOLKALMUR,TOBACCO,tobacco,0,0,0,0
2015,13,CHITRADURGA,1,MOLKALMUR,GUAR,guar,0,0,0,0
2015,13,CHITRADURGA,1,MOLKALMUR,COFFEE,coffee,0,0,0,0
2015,13,CHITRADURGA,1,MOLKALMUR,GROSS CROPPED AREA,,22448,5202,35451,40653
2015,24,DAKSHINA KANNADA,3,BELTANGADY,PEPPER (BLACK),black pepper,1518,241,15,257
2015,24,DAKSHINA KANNADA,3,BELTANGADY,CHILLIES,chilli,11,1,1,2
2015,24,DAKSHINA KANNADA,3,BELTANGADY,GINGER,ginger,290,123,2,126
2015,24,DAKSHINA KANNADA,3,BELTANGADY,TURMERIC,turmeric,5,0,0,0
2015,24,DAKSHINA KANNADA,3,BELTANGADY,CARDAMOM (SMALL),cardamom,16,14,0,14
2015,24,DAKSHINA KANNADA,3,BELTANGADY,CARDAMOM (LARGE),cardamom,0,0,0,0
2015,24,DAKSHINA KANNADA,3,BELTANGADY,BETELNUTS (ARECANUTS),arecanut,36569,19224,741,19964
2015,24,DAKSHINA KANNADA,3,BELTANGADY,MANGOES,mango,11,0,1,1
2015,24,DAKSHINA KANNADA,3,BELTANGADY,BANANA,banana,6849,683,10,694
2015,24,DAKSHINA KANNADA,3,BELTANGADY,TABLE GRAPES,grapes,0,0,0,0
2015,24,DAKSHINA KANNADA,3,BELTANGADY,WINE GRAPES (BLACK),grapes,0,0,0,0
2015,24,DAKSHINA KANNADA,3,BELTANGADY,CASHEWNUTS,cashewnut,2436,374,906,1281
2015,24,DAKSHINA KANNADA,3,BELTANGADY,POMEGRANATE,pomegranate,0,0,0,0
2015,24,DAKSHINA KANNADA,3,BELTANGADY,POTATO,potato,0,0,0,0
2015,24,DAKSHINA KANNADA,3,BELTANGADY,TAPIOCA (CASSAVA),tapioca,0,0,0,0
2015,24,DAKSHINA KANNADA,3,BELTANGADY,SWEET POTATO,sweet potato,0,0,0,0
2015,24,DAKSHINA KANNADA,3,BELTANGADY,ONION,onion,0,0,0,0
2015,24,DAKSHINA KANNADA,3,BELTANGADY,TOMATO,tomato,0,0,0,0
2015,24,DAKSHINA KANNADA,3,BELTANGADY,GROUNDNUT,groundnut,11,2,0,2
2015,24,DAKSHINA KANNADA,3,BELTANGADY,CASTORSEED,castor,0,0,0,0
2015,24,DAKSHINA KANNADA,3,BELTANGADY,SESAMUM (TIL),sesame,17,20,0,20
2015,24,DAKSHINA KANNADA,3,BELTANGADY,RAPESEED & MUSTARD (TORIA/TARAMIRA),mustard,0,0,0,0
2015,24,DAKSHINA KANNADA,3,BELTANGADY,LINSEED,linseed,5,0,0,0
2015,24,DAKSHINA KANNADA,3,BELTANGADY,COCONUT,coconut,29697,7576,381,7957
2015,24,DAKSHINA KANNADA,3,BELTANGADY,SUNFLOWER,sunflower,0,0,0,0
2015,24,DAKSHINA KANNADA,3,BELTANGADY,SOYABEAN,soybean,0,0,0,0
2015,24,DAKSHINA KANNADA,3,BELTANGADY,NIGERSEED,niger seed,0,0,0,0
2015,24,DAKSHINA KANNADA,3,BELTANGADY,COTTON,cotton,0,0,0,0
2015,24,DAKSHINA KANNADA,3,BELTANGADY,JUTE,jute,0,0,0,0
2015,24,DAKSHINA KANNADA,3,BELTANGADY,MESTA,mesta,0,0,0,0
2015,24,DAKSHINA KANNADA,3,BELTANGADY,TOBACCO,tobacco,0,0,0,0
2015,24,DAKSHINA KANNADA,3,BELTANGADY,GUAR,guar,0,0,0,0
2015,24,DAKSHINA KANNADA,3,BELTANGADY,COFFEE,coffee,5,1,0,1
2015,24,DAKSHINA KANNADA,3,BELTANGADY,GROSS CROPPED AREA,,42040,32618,4158,36776
2015,24,DAKSHINA KANNADA,4,PUTTUR,PADDY,rice,1068,209,178,387
2015,24,DAKSHINA KANNADA,4,PUTTUR,JOWAR,jowar,0,0,0,0
2015,24,DAKSHINA KANNADA,4,PUTTUR,BAJRA,bajra,11,2,0,2
2015,24,DAKSHINA KANNADA,4,PUTTUR,MAIZE,maize,0,0,0,0
2015,24,DAKSHINA KANNADA,4,PUTTUR,RAGI,ragi,0,0,0,0
2015,24,DAKSHINA KANNADA,4,PUTTUR,WHEAT,wheat,237,33,0,33
2015,24,DAKSHINA KANNADA,4,PUTTUR,BARLEY,barley,0,0,0,0
2015,24,DAKSHINA KANNADA,4,PUTTUR,GRAM,chickpea,0,0,0,0
2015,24,DAKSHINA KANNADA,4,PUTTUR,TUR (ARHAR),pigeonpea (tur),0,0,0,0
2015,24,DAKSHINA KANNADA,4,PUTTUR,URAD,black gram,0,0,0,0
2015,24,DAKSHINA KANNADA,4,PUTTUR,MOONG,green gram,0,0,0,0
2015,24,DAKSHINA KANNADA,4,PUTTUR,MASUR,lentil,0,0,0,0
2015,24,DAKSHINA KANNADA,4,PUTTUR,HORSEGRAM,horse gram,0,0,0,0
2015,24,DAKSHINA KANNADA,4,PUTTUR,MOTH,moth bean,0,0,0,0
2015,24,DAKSHINA KANNADA,4,PUTTUR,SUGARCANE,sugarcane,0,0,0,0
2015,24,DAKSHINA KANNADA,4,PUTTUR,PEPPER (BLACK),black pepper,2673,453,1,454
2015,24,DAKSHINA KANNADA,4,PUTTUR,CHILLIES,chilli,2858,172,4,176
2015,24,DAKSHINA KANNADA,4,PUTTUR,GINGER,ginger,71,34,9,43
2015,24,DAKSHINA KANNADA,4,PUTTUR,TURMERIC,turmeric,0,0,0,0
2015,24,DAKSHINA KANNADA,4,PUTTUR,CARDAMOM (SMALL),cardamom,11,0,0,0
2015,24,DAKSHINA KANNADA,4,PUTTUR,CARDAMOM (LARGE),cardamom,0,0,0,0
2015,24,DAKSHINA KANNADA,4,PUTTUR,BETELNUTS (ARECANUTS),arecanut,32710,17305,1349,18654
2015,24,DAKSHINA KANNADA,4,PUTTUR,MANGOES,mango,1364,7,87,94
2015,24,DAKSHINA KANNADA,4,PUTTUR,BANANA,banana,10200,1340,11,1352
2015,24,DAKSHINA KANNADA,4,PUTTUR,TABLE GRAPES,grapes,32,3,0,3
2015,24,DAKSHINA KANNADA,4,PUTTUR,WINE GRAPES (BLACK),grapes,0,0,0,0
2015,24,DAKSHINA KANNADA,4,PUTTUR,CASHEWNUTS,cashewnut,14301,1701,2387,4088
2015,24,DAKSHINA KANNADA,4,PUTTUR,POMEGRANATE,pomegranate,0,0,0,0
2015,24,DAKSHINA KANNADA,4,PUTTUR,POTATO,potato,0,0,0,0
2015,24,DAKSHINA KANNADA,4,PUTTUR,TAPIOCA (CASSAVA),tapioca,0,0,0,0
2015,24,DAKSHINA KANNADA,4,PUTTUR,SWEET POTATO,sweet potato,0,0,0,0
2015,24,DAKSHINA KANNADA,4,PUTTUR,ONION,onion,0,0,0,0
2015,24,DAKSHINA KANNADA,4,PUTTUR,TOMATO,tomato,0,0,0,0
2015,24,DAKSHINA KANNADA,4,PUTTUR,GROUNDNUT,groundnut,5,3,0,3
2015,24,DAKSHINA KANNADA,4,PUTTUR,CASTORSEED,castor,0,0,0,0
2015,24,DAKSHINA KANNADA,4,PUTTUR,SESAMUM (TIL),sesame,0,0,0,0
2015,24,DAKSHINA KANNADA,4,PUTTUR,RAPESEED & MUSTARD (TORIA/TARAMIRA),mustard,0,0,0,0
2015,24,DAKSHINA KANNADA,4,PUTTUR,LINSEED,linseed,28,5,0,5
2015,24,DAKSHINA KANNADA,4,PUTTUR,COCONUT,coconut,17391,2596,188,2784
2015,24,DAKSHINA KANNADA,4,PUTTUR,SUNFLOWER,sunflower,6,0,0,0
2015,24,DAKSHINA KANNADA,4,PUTTUR,SOYABEAN,soybean,17,1,0,1
2015,24,DAKSHINA KANNADA,4,PUTTUR,NIGERSEED,niger seed,6,2,0,2
2015,24,DAKSHINA KANNADA,4,PUTTUR,COTTON,cotton,0,0,0,0
2015,24,DAKSHINA KANNADA,4,PUTTUR,JUTE,jute,0,0,0,0
2015,24,DAKSHINA KANNADA,4,PUTTUR,MESTA,mesta,0,0,0,0
2015,24,DAKSHINA KANNADA,4,PUTTUR,TOBACCO,tobacco,0,0,0,0
2015,24,DAKSHINA KANNADA,4,PUTTUR,GUAR,guar,0,0,0,0
2015,24,DAKSHINA KANNADA,4,PUTTUR,COFFEE,coffee,40,0,4,5
2015,24,DAKSHINA KANNADA,4,PUTTUR,GROSS CROPPED AREA,,47739,26457,8984,35440
2015,14,DAVANAGERE,4,DAVANAGERE,MOTH,moth bean,0,0,0,0
2015,14,DAVANAGERE,4,DAVANAGERE,SUGARCANE,sugarcane,471,645,0,645
2015,14,DAVANAGERE,4,DAVANAGERE,PEPPER (BLACK),black pepper,66,29,0,29
2015,14,DAVANAGERE,4,DAVANAGERE,CHILLIES,chilli,78,63,0,63
2015,14,DAVANAGERE,4,DAVANAGERE,GINGER,ginger,0,0,0,0
2015,14,DAVANAGERE,4,DAVANAGERE,TURMERIC,turmeric,0,0,0,0
2015,14,DAVANAGERE,4,DAVANAGERE,CARDAMOM (SMALL),cardamom,0,0,0,0
2015,14,DAVANAGERE,4,DAVANAGERE,CARDAMOM (LARGE),cardamom,6,1,0,1
2015,14,DAVANAGERE,4,DAVANAGERE,BETELNUTS (ARECANUTS),arecanut,6571,7763,434,8197
2015,14,DAVANAGERE,4,DAVANAGERE,MANGOES,mango,408,379,36,415
2015,14,DAVANAGERE,4,DAVANAGERE,BANANA,banana,410,389,0,389
2015,14,DAVANAGERE,4,DAVANAGERE,TABLE GRAPES,grapes,11,30,0,30
2015,14,DAVANAGERE,4,DAVANAGERE,WINE GRAPES (BLACK),grapes,5,6,0,6
2015,14,DAVANAGERE,4,DAVANAGERE,CASHEWNUTS,cashewnut,0,0,0,0
2015,14,DAVANAGERE,4,DAVANAGERE,POMEGRANATE,pomegranate,738,510,4,514
2015,14,DAVANAGERE,4,DAVANAGERE,POTATO,potato,0,0,0,0
2015,14,DAVANAGERE,4,DAVANAGERE,TAPIOCA (CASSAVA),tapioca,0,0,0,0
2015,14,DAVANAGERE,4,DAVANAGERE,SWEET POTATO,sweet potato,7,0,6,6
2015,14,DAVANAGERE,4,DAVANAGERE,ONION,onion,36,19,21,40
2015,14,DAVANAGERE,4,DAVANAGERE,TOMATO,tomato,877,986,92,1078
2015,14,DAVANAGERE,4,DAVANAGERE,GROUNDNUT,groundnut,379,358,16,374
2015,14,DAVANAGERE,4,DAVANAGERE,CASTORSEED,castor,0,0,0,0
2015,14,DAVANAGERE,4,DAVANAGERE,SESAMUM (TIL),sesame,0,0,0,0
2015,14,DAVANAGERE,4,DAVANAGERE,RAPESEED & MUSTARD (TORIA/TARAMIRA),mustard,0,0,0,0
2015,14,DAVANAGERE,4,DAVANAGERE,LINSEED,linseed,0,0,0,0
2015,14,DAVANAGERE,4,DAVANAGERE,COCONUT,coconut,2170,2557,49,2605
2015,14,DAVANAGERE,4,DAVANAGERE,SUNFLOWER,sunflower,5,3,0,3
2015,14,DAVANAGERE,4,DAVANAGERE,SOYABEAN,soybean,0,0,0,0
2015,14,DAVANAGERE,4,DAVANAGERE,NIGERSEED,niger seed,6,3,0,3
2015,14,DAVANAGERE,4,DAVANAGERE,COTTON,cotton,8,0,3,3
2015,14,DAVANAGERE,4,DAVANAGERE,JUTE,jute,0,0,0,0
2015,14,DAVANAGERE,4,DAVANAGERE,MESTA,mesta,0,0,0,0
2015,14,DAVANAGERE,4,DAVANAGERE,TOBACCO,tobacco,0,0,0,0
2015,14,DAVANAGERE,4,DAVANAGERE,GUAR,guar,0,0,0,0
2015,14,DAVANAGERE,4,DAVANAGERE,COFFEE,coffee,0,0,0,0
2015,14,DAVANAGERE,4,DAVANAGERE,GROSS CROPPED AREA,,53734,37995,25999,63994
2015,14,DAVANAGERE,2,HARAPANAHALLI,PADDY,rice,4305,3551,1288,4839
2015,14,DAVANAGERE,2,HARAPANAHALLI,JOWAR,jowar,4416,262,1793,2055
2015,14,DAVANAGERE,2,HARAPANAHALLI,BAJRA,bajra,19,0,26,26
2015,14,DAVANAGERE,2,HARAPANAHALLI,MAIZE,maize,48356,4317,60893,65210
2015,14,DAVANAGERE,2,HARAPANAHALLI,RAGI,ragi,8806,1366,7418,8784
2015,14,DAVANAGERE,2,HARAPANAHALLI,WHEAT,wheat,0,0,0,0
2015,14,DAVANAGERE,2,HARAPANAHALLI,BARLEY,barley,200,38,269,307
2015,14,DAVANAGERE,2,HARAPANAHALLI,GRAM,chickpea,21,0,7,7
2015,14,DAVANAGERE,2,HARAPANAHALLI,TUR (ARHAR),pigeonpea (tur),3802,86,1017,1103
2015,14,DAVANAGERE,2,HARAPANAHALLI,URAD,black gram,0,0,0,0
2015,14,DAVANAGERE,2,HARAPANAHALLI,MOONG,green gram,9,0,7,7
2015,14,DAVANAGERE,2,HARAPANAHALLI,MASUR,lentil,24,0,4,4
2015,14,DAVANAGERE,2,HARAPANAHALLI,HORSEGRAM,horse gram,879,60,274,333
2015,14,DAVANAGERE,2,HARAPANAHALLI,MOTH,moth bean,4,0,2,2
2015,14,DAVANAGERE,2,HARAPANAHALLI,SUGARCANE,sugarcane,1570,1198,0,1198
2015,14,DAVANAGERE,2,HARAPANAHALLI,PEPPER (BLACK),black pepper,14,0,5,5
2015,14,DAVANAGERE,2,HARAPANAHALLI,CHILLIES,chilli,0,0,0,0
2015,14,DAVANAGERE,2,HARAPANAHALLI,GINGER,ginger,0,0,0,0
2015,14,DAVANAGERE,2,HARAPANAHALLI,TURMERIC,turmeric,0,0,0,0
2015,14,DAVANAGERE,2,HARAPANAHALLI,CARDAMOM (SMALL),cardamom,0,0,0,0
2015,14,DAVANAGERE,2,HARAPANAHALLI,CARDAMOM (LARGE),cardamom,8,6,9,15
2015,14,DAVANAGERE,2,HARAPANAHALLI,BETELNUTS (ARECANUTS),arecanut,387,221,806,1028
2015,14,DAVANAGERE,2,HARAPANAHALLI,MANGOES,mango,13,0,15,15
2015,14,DAVANAGERE,2,HARAPANAHALLI,BANANA,banana,61,48,1,49
2015,14,DAVANAGERE,2,HARAPANAHALLI,TABLE GRAPES,grapes,0,0,0,0
2015,14,DAVANAGERE,2,HARAPANAHALLI,WINE GRAPES (BLACK),grapes,0,0,0,0
2015,14,DAVANAGERE,2,HARAPANAHALLI,CASHEWNUTS,cashewnut,0,0,0,0
2015,14,DAVANAGERE,2,HARAPANAHALLI,POMEGRANATE,pomegranate,39,35,20,55
2015,14,DAVANAGERE,2,HARAPANAHALLI,POTATO,potato,0,0,0,0
2015,14,DAVANAGERE,2,HARAPANAHALLI,TAPIOCA (CASSAVA),tapioca,11,0,3,3
2015,14,DAVANAGERE,2,HARAPANAHALLI,SWEET POTATO,sweet potato,4,3,0,3
2015,14,DAVANAGERE,2,HARAPANAHALLI,ONION,onion,2232,1357,241,1598
2015,14,DAVANAGERE,2,HARAPANAHALLI,TOMATO,tomato,86,15,18,33
2015,14,DAVANAGERE,2,HARAPANAHALLI,GROUNDNUT,groundnut,4069,1972,1074,3046
2015,14,DAVANAGERE,2,HARAPANAHALLI,CASTORSEED,castor,24,6,7,13
2015,14,DAVANAGERE,2,HARAPANAHALLI,SESAMUM (TIL),sesame,8,0,7,7
2015,14,DAVANAGERE,2,HARAPANAHALLI,RAPESEED & MUSTARD (TORIA/TARAMIRA),mustard,37,27,14,41
2015,14,DAVANAGERE,2,HARAPANAHALLI,LINSEED,linseed,23,0,10,10
2015,14,DAVANAGERE,2,HARAPANAHALLI,COCONUT,coconut,49,119,0,119
2015,14,DAVANAGERE,2,HARAPANAHALLI,SUNFLOWER,sunflower,4449,298,2071,2369
2015,14,DAVANAGERE,2,HARAPANAHALLI,SOYABEAN,soybean,4,2,0,2
2015,14,DAVANAGERE,2,HARAPANAHALLI,NIGERSEED,niger seed,0,0,0,0
2015,14,DAVANAGERE,2,HARAPANAHALLI,COTTON,cotton,792,65,493,558
2015,14,DAVANAGERE,2,HARAPANAHALLI,JUTE,jute,0,0,0,0
2015,14,DAVANAGERE,2,HARAPANAHALLI,MESTA,mesta,0,0,0,0
2015,14,DAVANAGERE,2,HARAPANAHALLI,TOBACCO,tobacco,4,0,3,3
2015,14,DAVANAGERE,2,HARAPANAHALLI,GUAR,guar,0,0,0,0
2015,14,DAVANAGERE,2,HARAPANAHALLI,COFFEE,coffee,0,0,0,0
2015,14,DAVANAGERE,2,HARAPANAHALLI,GROSS CROPPED AREA,,59884,15589,78052,93641
2015,14,DAVANAGERE,1,HARIHARA,PADDY,rice,23197,52480,332,52812
2015,14,DAVANAGERE,1,HARIHARA,JOWAR,jowar,308,116,155,271
2015,14,DAVANAGERE,1,HARIHARA,BAJRA,bajra,0,0,0,0
2015,14,DAVANAGERE,1,HARIHARA,MAIZE,maize,5090,1088,5405,6493
2015,14,DAVANAGERE,1,HARIHARA,RAGI,ragi,24,16,2,18
2015,14,DAVANAGERE,1,HARIHARA,WHEAT,wheat,35,25,5,30
2015,14,DAVANAGERE,1,HARIHARA,BARLEY,barley,5,25,0,25
2015,14,DAVANAGERE,1,HARIHARA,GRAM,chickpea,5,23,0,23
2015,14,DAVANAGERE,1,HARIHARA,TUR (ARHAR),pigeonpea (tur),21,6,4,10
2015,14,DAVANAGERE,1,HARIHARA,URAD,black gram,0,0,0,0
2015,14,DAVANAGERE,1,HARIHARA,MOONG,green gram,5,5,0,5
2015,14,DAVANAGERE,1,HARIHARA,MASUR,lentil,0,0,0,0
2015,14,DAVANAGERE,1,HARIHARA,HORSEGRAM,horse gram,0,0,0,0
2015,14,DAVANAGERE,1,HARIHARA,MOTH,moth bean,0,0,0,0
2015,14,DAVANAGERE,1,HARIHARA,SUGARCANE,sugarcane,568,661,0,661
2015,14,DAVANAGERE,1,HARIHARA,PEPPER (BLACK),black pepper,0,0,0,0
2015,14,DAVANAGERE,1,HARIHARA,CHILLIES,chilli,0,0,0,0
2015,14,DAVANAGERE,1,HARIHARA,GINGER,ginger,0,0,0,0
2015,14,DAVANAGERE,1,HARIHARA,TURMERIC,turmeric,0,0,0,0
2015,14,DAVANAGERE,1,HARIHARA,CARDAMOM (SMALL),cardamom,0,0,0,0
2015,14,DAVANAGERE,1,HARIHARA,CARDAMOM (LARGE),cardamom,41,29,0,29
2015,14,DAVANAGERE,1,HARIHARA,BETELNUTS (ARECANUTS),arecanut,686,590,23,613
2015,14,DAVANAGERE,1,HARIHARA,MANGOES,mango,15,17,4,21
2015,14,DAVANAGERE,1,HARIHARA,BANANA,banana,77,46,0,46
2015,14,DAVANAGERE,1,HARIHARA,TABLE GRAPES,grapes,0,0,0,0
2015,14,DAVANAGERE,1,HARIHARA,WINE GRAPES (BLACK),grapes,0,0,0,0
2015,14,DAVANAGERE,1,HARIHARA,CASHEWNUTS,cashewnut,0,0,0,0
2015,14,DAVANAGERE,1,HARIHARA,POMEGRANATE,pomegranate,0,0,0,0
2015,14,DAVANAGERE,1,HARIHARA,POTATO,potato,0,0,0,0
2015,14,DAVANAGERE,1,HARIHARA,TAPIOCA (CASSAVA),tapioca,0,0,0,0
2015,14,DAVANAGERE,1,HARIHARA,SWEET POTATO,sweet potato,0,0,0,0
2015,14,DAVANAGERE,1,HARIHARA,ONION,onion,25,2,12,14
2015,14,DAVANAGERE,1,HARIHARA,TOMATO,tomato,0,0,0,0
2015,14,DAVANAGERE,1,HARIHARA,GROUNDNUT,groundnut,9,9,0,9
2015,14,DAVANAGERE,1,HARIHARA,CASTORSEED,castor,0,0,0,0
2015,14,DAVANAGERE,1,HARIHARA,SESAMUM (TIL),sesame,0,0,0,0
2015,14,DAVANAGERE,1,HARIHARA,RAPESEED & MUSTARD (TORIA/TARAMIRA),mustard,0,0,0,0
2015,14,DAVANAGERE,1,HARIHARA,LINSEED,linseed,0,0,0,0
2015,14,DAVANAGERE,1,HARIHARA,COCONUT,coconut,1086,905,45,950
2015,14,DAVANAGERE,1,HARIHARA,SUNFLOWER,sunflower,4,0,0,0
2015,14,DAVANAGERE,1,HARIHARA,SOYABEAN,soybean,0,0,0,0
2015,14,DAVANAGERE,1,HARIHARA,NIGERSEED,niger seed,5,10,0,10
2015,14,DAVANAGERE,1,HARIHARA,COTTON,cotton,179,41,143,183
2015,14,DAVANAGERE,1,HARIHARA,JUTE,jute,0,0,0,0
2015,14,DAVANAGERE,1,HARIHARA,MESTA,mesta,0,0,0,0
2015,14,DAVANAGERE,1,HARIHARA,TOBACCO,tobacco,4,0,2,2
2015,14,DAVANAGERE,1,HARIHARA,GUAR,guar,9,12,0,12
2015,14,DAVANAGERE,1,HARIHARA,COFFEE,coffee,0,0,0,0
2015,14,DAVANAGERE,1,HARIHARA,GROSS CROPPED AREA,,31675,56297,6143,62440
2015,14,DAVANAGERE,5,HONNALI,PADDY,rice,10034,8928,297,9225
2015,14,DAVANAGERE,5,HONNALI,JOWAR,jowar,504,51,189,239
2015,14,DAVANAGERE,5,HONNALI,BAJRA,bajra,12,7,1,8
2015,14,DAVANAGERE,5,HONNALI,MAIZE,maize,30947,1653,32705,34358
2015,14,DAVANAGERE,5,HONNALI,RAGI,ragi,538,1,242,243
2015,14,DAVANAGERE,5,HONNALI,WHEAT,wheat,15,0,22,22
2015,14,DAVANAGERE,5,HONNALI,BARLEY,barley,19,1,16,17
2015,14,DAVANAGERE,5,HONNALI,GRAM,chickpea,0,0,0,0
2015,14,DAVANAGERE,5,HONNALI,TUR (ARHAR),pigeonpea (tur),207,3,35,38
2015,14,DAVANAGERE,5,HONNALI,URAD,black gram,0,0,0,0
2015,14,DAVANAGERE,5,HONNALI,MOONG,green gram,3,1,0,1
2015,14,DAVANAGERE,5,HONNALI,MASUR,lentil,0,0,0,0
2015,14,DAVANAGERE,5,HONNALI,HORSEGRAM,horse gram,0,0,0,0
2015,14,DAVANAGERE,5,HONNALI,MOTH,moth bean,0,0,0,0
2015,14,DAVANAGERE,5,HONNALI,SUGARCANE,sugarcane,208,145,0,145
2015,14,DAVANAGERE,5,HONNALI,PEPPER (BLACK),black pepper,8,0,6,6
2015,14,DAVANAGERE,5,HONNALI,CHILLIES,chilli,73,63,4,67
2015,14,DAVANAGERE,5,HONNALI,GINGER,ginger,58,51,2,54
2015,14,DAVANAGERE,5,HONNALI,TURMERIC,turmeric,3,1,0,1
2015,14,DAVANAGERE,5,HONNALI,CARDAMOM (SMALL),cardamom,3,2,0,2
2015,14,DAVANAGERE,5,HONNALI,CARDAMOM (LARGE),cardamom,3,15,0,15
2015,14,DAVANAGERE,5,HONNALI,BETELNUTS (ARECANUTS),arecanut,6652,6004,185,6190
2015,14,DAVANAGERE,5,HONNALI,MANGOES,mango,627,367,25,392
2015,14,DAVANAGERE,5,HONNALI,BANANA,banana,276,103,0,103
2015,14,DAVANAGERE,5,HONNALI,TABLE GRAPES,grapes,9,4,0,4
2015,14,DAVANAGERE,5,HONNALI,WINE GRAPES (BLACK),grapes,0,0,0,0
2015,14,DAVANAGERE,5,HONNALI,CASHEWNUTS,cashewnut,0,0,0,0
2015,14,DAVANAGERE,5,HONNALI,POMEGRANATE,pomegranate,0,0,0,0
2015,14,DAVANAGERE,5,HONNALI,POTATO,potato,0,0,0,0
2015,14,DAVANAGERE,5,HONNALI,TAPIOCA (CASSAVA),tapioca,3,0,3,3
2015,14,DAVANAGERE,5,HONNALI,SWEET POTATO,sweet potato,0,0,0,0
2015,14,DAVANAGERE,5,HONNALI,ONION,onion,1851,5,1279,1284
2015,14,DAVANAGERE,5,HONNALI,TOMATO,tomato,1003,222,109,331
2015,14,DAVANAGERE,5,HONNALI,GROUNDNUT,groundnut,3116,41,2116,2158
2015,14,DAVANAGERE,5,HONNALI,CASTORSEED,castor,0,0,0,0
2015,14,DAVANAGERE,5,HONNALI,SESAMUM (TIL),sesame,0,0,0,0
2015,14,DAVANAGERE,5,HONNALI,RAPESEED & MUSTARD (TORIA/TARAMIRA),mustard,39,0,29,29
2015,14,DAVANAGERE,5,HONNALI,LINSEED,linseed,7,1,1,2
2015,14,DAVANAGERE,5,HONNALI,COCONUT,coconut,230,139,27,167
2015,14,DAVANAGERE,5,HONNALI,SUNFLOWER,sunflower,348,0,214,214
2015,14,DAVANAGERE,5,HONNALI,SOYABEAN,soybean,0,0,0,0
2015,14,DAVANAGERE,5,HONNALI,NIGERSEED,niger seed,0,0,0,0
2015,14,DAVANAGERE,5,HONNALI,COTTON,cotton,182,1,135,136
2015,14,DAVANAGERE,5,HONNALI,JUTE,jute,0,0,0,0
2015,14,DAVANAGERE,5,HONNALI,MESTA,mesta,0,0,0,0
2015,14,DAVANAGERE,5,HONNALI,TOBACCO,tobacco,116,0,123,123
2015,14,DAVANAGERE,5,HONNALI,GUAR,guar,0,0,0,0
2015,14,DAVANAGERE,5,HONNALI,COFFEE,coffee,0,0,0,0
2015,14,DAVANAGERE,5,HONNALI,GROSS CROPPED AREA,,44421,18039,37845,55884
2015,14,DAVANAGERE,3,JAGALUR,PADDY,rice,852,346,1211,1557
2015,14,DAVANAGERE,3,JAGALUR,JOWAR,jowar,1339,87,1373,1460
2015,14,DAVANAGERE,3,JAGALUR,BAJRA,bajra,495,33,304,337
2015,14,DAVANAGERE,3,JAGALUR,MAIZE,maize,18849,3300,25291,28591
2015,14,DAVANAGERE,3,JAGALUR,RAGI,ragi,9526,1532,12039,13571
2015,14,DAVANAGERE,3,JAGALUR,WHEAT,wheat,23,0,78,78
2015,14,DAVANAGERE,3,JAGALUR,BARLEY,barley,48,2,71,73
2015,14,DAVANAGERE,3,JAGALUR,GRAM,chickpea,4,1,0,1
2015,14,DAVANAGERE,3,JAGALUR,TUR (ARHAR),pigeonpea (tur),2111,14,556,570
2015,14,DAVANAGERE,3,JAGALUR,URAD,black gram,0,0,0,0
2015,14,DAVANAGERE,3,JAGALUR,MOONG,green gram,38,0,12,12
2015,14,DAVANAGERE,3,JAGALUR,MASUR,lentil,0,0,0,0
2015,14,DAVANAGERE,3,JAGALUR,HORSEGRAM,horse gram,160,0,35,35
2015,14,DAVANAGERE,3,JAGALUR,MOTH,moth bean,0,0,0,0
2015,14,DAVANAGERE,3,JAGALUR,SUGARCANE,sugarcane,0,0,0,0
2015,14,DAVANAGERE,3,JAGALUR,PEPPER (BLACK),black pepper,4,0,1,1
2015,14,DAVANAGERE,3,JAGALUR,CHILLIES,chilli,0,0,0,0
2015,14,DAVANAGERE,3,JAGALUR,GINGER,ginger,0,0,0,0
2015,14,DAVANAGERE,3,JAGALUR,TURMERIC,turmeric,4,0,6,6
2015,14,DAVANAGERE,3,JAGALUR,CARDAMOM (SMALL),cardamom,12,3,5,8
2015,14,DAVANAGERE,3,JAGALUR,CARDAMOM (LARGE),cardamom,0,0,0,0
2015,14,DAVANAGERE,3,JAGALUR,BETELNUTS (ARECANUTS),arecanut,908,324,513,837
2015,14,DAVANAGERE,3,JAGALUR,MANGOES,mango,141,14,250,264
2015,14,DAVANAGERE,3,JAGALUR,BANANA,banana,130,50,93,143
2015,14,DAVANAGERE,3,JAGALUR,TABLE GRAPES,grapes,7,7,4,11
2015,14,DAVANAGERE,3,JAGALUR,WINE GRAPES (BLACK),grapes,0,0,0,0
2015,14,DAVANAGERE,3,JAGALUR,CASHEWNUTS,cashewnut,0,0,0,0
2015,14,DAVANAGERE,3,JAGALUR,POMEGRANATE,pomegranate,47,21,17,38
2015,14,DAVANAGERE,3,JAGALUR,POTATO,potato,4,0,10,10
2015,14,DAVANAGERE,3,JAGALUR,TAPIOCA (CASSAVA),tapioca,8,4,4,8
2015,14,DAVANAGERE,3,JAGALUR,SWEET POTATO,sweet potato,0,0,0,0
2015,14,DAVANAGERE,3,JAGALUR,ONION,onion,1128,512,1133,1645
2015,14,DAVANAGERE,3,JAGALUR,TOMATO,tomato,106,47,37,84
2015,14,DAVANAGERE,3,JAGALUR,GROUNDNUT,groundnut,4871,853,6380,7233
2015,14,DAVANAGERE,3,JAGALUR,CASTORSEED,castor,11,0,12,12
2015,14,DAVANAGERE,3,JAGALUR,SESAMUM (TIL),sesame,0,0,0,0
2015,14,DAVANAGERE,3,JAGALUR,RAPESEED & MUSTARD (TORIA/TARAMIRA),mustard,32,0,19,19
2015,14,DAVANAGERE,3,JAGALUR,LINSEED,linseed,7,3,5,8
2015,14,DAVANAGERE,3,JAGALUR,COCONUT,coconut,288,77,115,192
2015,14,DAVANAGERE,3,JAGALUR,SUNFLOWER,sunflower,225,45,275,320
2015,14,DAVANAGERE,3,JAGALUR,SOYABEAN,soybean,0,0,0,0
2015,14,DAVANAGERE,3,JAGALUR,NIGERSEED,niger seed,15,0,6,6
2015,14,DAVANAGERE,3,JAGALUR,COTTON,cotton,4869,1015,6463,7478
2015,14,DAVANAGERE,3,JAGALUR,JUTE,jute,101,3,160,163
2015,14,DAVANAGERE,3,JAGALUR,MESTA,mesta,0,0,0,0
2015,14,DAVANAGERE,3,JAGALUR,TOBACCO,tobacco,0,0,0,0
2015,14,DAVANAGERE,3,JAGALUR,GUAR,guar,0,0,0,0
2015,14,DAVANAGERE,3,JAGALUR,COFFEE,coffee,0,0,0,0
2015,14,DAVANAGERE,3,JAGALUR,GROSS CROPPED AREA,,38472,8454,56770,65224
2015,9,DHARWAD,1,DHARWAD,PADDY,rice,10681,771,11010,11781
2015,9,DHARWAD,1,DHARWAD,JOWAR,jowar,7433,139,6329,6468
2015,9,DHARWAD,1,DHARWAD,BAJRA,bajra,11,0,6,6
2015,9,DHARWAD,1,DHARWAD,MAIZE,maize,9770,1478,8037,9515
2015,9,DHARWAD,1,DHARWAD,RAGI,ragi,5,0,2,2
2015,9,DHARWAD,1,DHARWAD,WHEAT,wheat,5362,559,4196,4755
2015,9,DHARWAD,1,DHARWAD,BARLEY,barley,0,0,0,0
2015,9,DHARWAD,1,DHARWAD,GRAM,chickpea,11699,837,11481,12317
2015,9,DHARWAD,1,DHARWAD,TUR (ARHAR),pigeonpea (tur),215,2,143,146
2015,9,DHARWAD,1,DHARWAD,URAD,black gram,1732,2,1202,1205
2015,9,DHARWAD,1,DHARWAD,MOONG,green gram,8192,137,9097,9234
2015,9,DHARWAD,1,DHARWAD,MASUR,lentil,0,0,0,0
2015,9,DHARWAD,1,DHARWAD,HORSEGRAM,horse gram,356,5,198,203
2015,9,DHARWAD,1,DHARWAD,MOTH,moth bean,0,0,0,0
2015,9,DHARWAD,1,DHARWAD,SUGARCANE,sugarcane,3924,5109,0,5109
2015,9,DHARWAD,1,DHARWAD,PEPPER (BLACK),black pepper,4,0,11,11
2015,9,DHARWAD,1,DHARWAD,CHILLIES,chilli,52,6,6,13
2015,9,DHARWAD,1,DHARWAD,GINGER,ginger,0,0,0,0
2015,9,DHARWAD,1,DHARWAD,TURMERIC,turmeric,0,0,0,0
2015,9,DHARWAD,1,DHARWAD,CARDAMOM (SMALL),cardamom,0,0,0,0
2015,9,DHARWAD,1,DHARWAD,CARDAMOM (LARGE),cardamom,0,0,0,0
2015,9,DHARWAD,1,DHARWAD,BETELNUTS (ARECANUTS),arecanut,5,0,8,8
2015,9,DHARWAD,1,DHARWAD,MANGOES,mango,5109,396,5971,6367
2015,9,DHARWAD,1,DHARWAD,BANANA,banana,39,25,17,42
2015,9,DHARWAD,1,DHARWAD,TABLE GRAPES,grapes,0,0,0,0
2015,9,DHARWAD,1,DHARWAD,WINE GRAPES (BLACK),grapes,0,0,0,0
2015,9,DHARWAD,1,DHARWAD,CASHEWNUTS,cashewnut,0,0,0,0
2015,9,DHARWAD,1,DHARWAD,POMEGRANATE,pomegranate,0,0,0,0
2015,9,DHARWAD,1,DHARWAD,POTATO,potato,304,95,137,231
2015,9,DHARWAD,1,DHARWAD,TAPIOCA (CASSAVA),tapioca,0,0,0,0
2015,9,DHARWAD,1,DHARWAD,SWEET POTATO,sweet potato,5,0,1,1
2015,9,DHARWAD,1,DHARWAD,ONION,onion,3168,76,3611,3687
2015,9,DHARWAD,1,DHARWAD,TOMATO,tomato,243,105,2,107
2015,9,DHARWAD,1,DHARWAD,GROUNDNUT,groundnut,4102,142,3707,3849
2015,9,DHARWAD,1,DHARWAD,CASTORSEED,castor,0,0,0,0
2015,9,DHARWAD,1,DHARWAD,SESAMUM (TIL),sesame,0,0,0,0
2015,9,DHARWAD,1,DHARWAD,RAPESEED & MUSTARD (TORIA/TARAMIRA),mustard,9,0,12,12
2015,9,DHARWAD,1,DHARWAD,LINSEED,linseed,0,0,0,0
2015,9,DHARWAD,1,DHARWAD,COCONUT,coconut,126,13,69,82
2015,9,DHARWAD,1,DHARWAD,SUNFLOWER,sunflower,40,6,58,64
2015,9,DHARWAD,1,DHARWAD,SOYABEAN,soybean,7669,273,7614,7887
2015,9,DHARWAD,1,DHARWAD,NIGERSEED,niger seed,0,0,0,0
2015,9,DHARWAD,1,DHARWAD,COTTON,cotton,7178,708,7497,8205
2015,9,DHARWAD,1,DHARWAD,JUTE,jute,15,0,16,16
2015,9,DHARWAD,1,DHARWAD,MESTA,mesta,0,0,0,0
2015,9,DHARWAD,1,DHARWAD,TOBACCO,tobacco,0,0,0,0
2015,9,DHARWAD,1,DHARWAD,GUAR,guar,0,0,0,0
2015,9,DHARWAD,1,DHARWAD,COFFEE,coffee,0,0,0,0
2015,9,DHARWAD,1,DHARWAD,GROSS CROPPED AREA,,39228,11558,81874,93432
2015,9,DHARWAD,3,HUBLI,PADDY,rice,387,64,256,319
2015,9,DHARWAD,3,HUBLI,JOWAR,jowar,5632,134,3938,4072
2015,9,DHARWAD,3,HUBLI,BAJRA,bajra,0,0,0,0
2015,9,DHARWAD,3,HUBLI,MAIZE,maize,2984,388,2952,3340
2015,9,DHARWAD,3,HUBLI,RAGI,ragi,10,0,9,9
2015,9,DHARWAD,3,HUBLI,WHEAT,wheat,2336,7,1513,1521
2015,9,DHARWAD,3,HUBLI,BARLEY,barley,9,0,7,7
2015,9,DHARWAD,3,HUBLI,GRAM,chickpea,1481,18,2173,2191
2015,9,DHARWAD,3,HUBLI,TUR (ARHAR),pigeonpea (tur),91,3,38,41
2015,9,DHARWAD,3,HUBLI,URAD,black gram,71,5,20,25
2015,9,DHARWAD,3,HUBLI,MOONG,green gram,7299,5,6980,6984
2015,9,DHARWAD,3,HUBLI,MASUR,lentil,5,0,1,1
2015,9,DHARWAD,3,HUBLI,HORSEGRAM,horse gram,1133,0,628,628
2015,9,DHARWAD,3,HUBLI,MOTH,moth bean,5,0,6,6
2015,9,DHARWAD,3,HUBLI,SUGARCANE,sugarcane,0,0,0,0
2015,9,DHARWAD,3,HUBLI,PEPPER (BLACK),black pepper,5,0,2,2
2015,9,DHARWAD,3,HUBLI,CHILLIES,chilli,16863,299,13170,13468
2015,9,DHARWAD,3,HUBLI,GINGER,ginger,0,0,0,0
2015,9,DHARWAD,3,HUBLI,TURMERIC,turmeric,0,0,0,0
2015,9,DHARWAD,3,HUBLI,CARDAMOM (SMALL),cardamom,32,0,30,30
2015,9,DHARWAD,3,HUBLI,CARDAMOM (LARGE),cardamom,5,0,4,4
2015,9,DHARWAD,3,HUBLI,BETELNUTS (ARECANUTS),arecanut,10,6,4,10
2015,9,DHARWAD,3,HUBLI,MANGOES,mango,214,161,42,203
2015,9,DHARWAD,3,HUBLI,BANANA,banana,5,2,0,2
2015,9,DHARWAD,3,HUBLI,TABLE GRAPES,grapes,0,0,0,0
2015,9,DHARWAD,3,HUBLI,WINE GRAPES (BLACK),grapes,0,0,0,0
2015,9,DHARWAD,3,HUBLI,CASHEWNUTS,cashewnut,5,6,0,6
2015,9,DHARWAD,3,HUBLI,POMEGRANATE,pomegranate,0,0,0,0
2015,9,DHARWAD,3,HUBLI,POTATO,potato,0,0,0,0
2015,9,DHARWAD,3,HUBLI,TAPIOCA (CASSAVA),tapioca,5,0,3,3
2015,9,DHARWAD,3,HUBLI,SWEET POTATO,sweet potato,5,0,11,11
2015,9,DHARWAD,3,HUBLI,ONION,onion,12414,0,11064,11064
2015,9,DHARWAD,3,HUBLI,TOMATO,tomato,93,37,0,37
2015,9,DHARWAD,3,HUBLI,GROUNDNUT,groundnut,3252,11,4296,4307
2015,9,DHARWAD,3,HUBLI,CASTORSEED,castor,0,0,0,0
2015,9,DHARWAD,3,HUBLI,SESAMUM (TIL),sesame,0,0,0,0
2015,9,DHARWAD,3,HUBLI,RAPESEED & MUSTARD (TORIA/TARAMIRA),mustard,10,0,19,19
2015,9,DHARWAD,3,HUBLI,LINSEED,linseed,0,0,0,0
2015,9,DHARWAD,3,HUBLI,COCONUT,coconut,35,31,32,62
2015,9,DHARWAD,3,HUBLI,SUNFLOWER,sunflower,942,0,1068,1068
2015,9,DHARWAD,3,HUBLI,SOYABEAN,soybean,4614,122,6588,6711
2015,9,DHARWAD,3,HUBLI,NIGERSEED,niger seed,0,0,0,0
2015,9,DHARWAD,3,HUBLI,COTTON,cotton,9397,34,11382,11416
2015,9,DHARWAD,3,HUBLI,JUTE,jute,0,0,0,0
2015,9,DHARWAD,3,HUBLI,MESTA,mesta,0,0,0,0
2015,9,DHARWAD,3,HUBLI,TOBACCO,tobacco,0,0,0,0
2015,9,DHARWAD,3,HUBLI,GUAR,guar,0,0,0,0
2015,9,DHARWAD,3,HUBLI,COFFEE,coffee,0,0,0,0
2015,9,DHARWAD,3,HUBLI,GROSS CROPPED AREA,,29829,1774,67494,69268
2015,9,DHARWAD,4,KALGHATGI,PADDY,rice,13583,1776,14940,16716
2015,9,DHARWAD,4,KALGHATGI,JOWAR,jowar,2788,85,3008,3093
2015,9,DHARWAD,4,KALGHATGI,BAJRA,bajra,0,0,0,0
2015,9,DHARWAD,4,KALGHATGI,MAIZE,maize,8933,458,10503,10961
2015,9,DHARWAD,4,KALGHATGI,RAGI,ragi,25,0,28,28
2015,9,DHARWAD,4,KALGHATGI,WHEAT,wheat,0,0,0,0
2015,9,DHARWAD,4,KALGHATGI,BARLEY,barley,0,0,0,0
2015,9,DHARWAD,4,KALGHATGI,GRAM,chickpea,22,5,7,11
2015,9,DHARWAD,4,KALGHATGI,TUR (ARHAR),pigeonpea (tur),377,0,43,43
2015,9,DHARWAD,4,KALGHATGI,URAD,black gram,11,0,7,7
2015,9,DHARWAD,4,KALGHATGI,MOONG,green gram,1646,39,1114,1153
2015,9,DHARWAD,4,KALGHATGI,MASUR,lentil,0,0,0,0
2015,9,DHARWAD,4,KALGHATGI,HORSEGRAM,horse gram,306,5,172,177
2015,9,DHARWAD,4,KALGHATGI,MOTH,moth bean,0,0,0,0
2015,9,DHARWAD,4,KALGHATGI,SUGARCANE,sugarcane,3318,3900,0,3900
2015,9,DHARWAD,4,KALGHATGI,PEPPER (BLACK),black pepper,6,0,6,6
2015,9,DHARWAD,4,KALGHATGI,CHILLIES,chilli,6,0,3,3
2015,9,DHARWAD,4,KALGHATGI,GINGER,ginger,0,0,0,0
2015,9,DHARWAD,4,KALGHATGI,TURMERIC,turmeric,6,0,2,2
2015,9,DHARWAD,4,KALGHATGI,CARDAMOM (SMALL),cardamom,0,0,0,0
2015,9,DHARWAD,4,KALGHATGI,CARDAMOM (LARGE),cardamom,0,0,0,0
2015,9,DHARWAD,4,KALGHATGI,BETELNUTS (ARECANUTS),arecanut,6,1,0,1
2015,9,DHARWAD,4,KALGHATGI,MANGOES,mango,441,77,435,512
2015,9,DHARWAD,4,KALGHATGI,BANANA,banana,24,17,14,30
2015,9,DHARWAD,4,KALGHATGI,TABLE GRAPES,grapes,0,0,0,0
2015,9,DHARWAD,4,KALGHATGI,WINE GRAPES (BLACK),grapes,0,0,0,0
2015,9,DHARWAD,4,KALGHATGI,CASHEWNUTS,cashewnut,0,0,0,0
2015,9,DHARWAD,4,KALGHATGI,POMEGRANATE,pomegranate,0,0,0,0
2015,9,DHARWAD,4,KALGHATGI,POTATO,potato,0,0,0,0
2015,9,DHARWAD,4,KALGHATGI,TAPIOCA (CASSAVA),tapioca,0,0,0,0
2015,9,DHARWAD,4,KALGHATGI,SWEET POTATO,sweet potato,0,0,0,0
2015,9,DHARWAD,4,KALGHATGI,ONION,onion,0,0,0,0
2015,9,DHARWAD,4,KALGHATGI,TOMATO,tomato,17,5,1,6
2015,9,DHARWAD,4,KALGHATGI,GROUNDNUT,groundnut,13,0,32,32
2015,9,DHARWAD,4,KALGHATGI,CASTORSEED,castor,13,0,12,12
2015,9,DHARWAD,4,KALGHATGI,SESAMUM (TIL),sesame,0,0,0,0
2015,9,DHARWAD,4,KALGHATGI,RAPESEED & MUSTARD (TORIA/TARAMIRA),mustard,5,0,4,4
2015,9,DHARWAD,4,KALGHATGI,LINSEED,linseed,8,0,11,11
2015,9,DHARWAD,4,KALGHATGI,COCONUT,coconut,0,0,0,0
2015,9,DHARWAD,4,KALGHATGI,SUNFLOWER,sunflower,0,0,0,0
2015,9,DHARWAD,4,KALGHATGI,SOYABEAN,soybean,6796,47,9806,9853
2015,9,DHARWAD,4,KALGHATGI,NIGERSEED,niger seed,45,0,21,21
2015,9,DHARWAD,4,KALGHATGI,COTTON,cotton,2229,59,1902,1961
2015,9,DHARWAD,4,KALGHATGI,JUTE,jute,5,0,7,7
2015,9,DHARWAD,4,KALGHATGI,MESTA,mesta,0,0,0,0
2015,9,DHARWAD,4,KALGHATGI,TOBACCO,tobacco,0,0,0,0
2015,9,DHARWAD,4,KALGHATGI,GUAR,guar,0,0,0,0
2015,9,DHARWAD,4,KALGHATGI,COFFEE,coffee,0,0,0,0
2015,9,DHARWAD,4,KALGHATGI,GROSS CROPPED AREA,,23984,6579,43323,49902
2015,9,DHARWAD,5,KUNDGOL,PADDY,rice,401,0,380,380
2015,9,DHARWAD,5,KUNDGOL,JOWAR,jowar,9594,14,7352,7365
2015,9,DHARWAD,5,KUNDGOL,BAJRA,bajra,10,0,3,3
2015,9,DHARWAD,5,KUNDGOL,MAIZE,maize,1208,0,1792,1792
2015,9,DHARWAD,5,KUNDGOL,RAGI,ragi,16,0,6,6
2015,9,DHARWAD,5,KUNDGOL,WHEAT,wheat,8219,19,6186,6205
2015,9,DHARWAD,5,KUNDGOL,BARLEY,barley,0,0,0,0
2015,9,DHARWAD,5,KUNDGOL,GRAM,chickpea,7808,13,5977,5991
2015,9,DHARWAD,5,KUNDGOL,TUR (ARHAR),pigeonpea (tur),42,0,27,27
2015,9,DHARWAD,5,KUNDGOL,URAD,black gram,27,0,13,13
2015,9,DHARWAD,5,KUNDGOL,MOONG,green gram,2871,4,3112,3116
2015,9,DHARWAD,5,KUNDGOL,MASUR,lentil,0,0,0,0
2015,9,DHARWAD,5,KUNDGOL,HORSEGRAM,horse gram,123,0,87,87
2015,9,DHARWAD,5,KUNDGOL,MOTH,moth bean,10,0,21,21
2015,9,DHARWAD,5,KUNDGOL,SUGARCANE,sugarcane,0,0,0,0
2015,9,DHARWAD,5,KUNDGOL,PEPPER (BLACK),black pepper,0,0,0,0
2015,9,DHARWAD,5,KUNDGOL,CHILLIES,chilli,10493,0,11918,11918
2015,9,DHARWAD,5,KUNDGOL,GINGER,ginger,5,0,2,2
2015,9,DHARWAD,5,KUNDGOL,TURMERIC,turmeric,5,0,5,5
2015,9,DHARWAD,5,KUNDGOL,CARDAMOM (SMALL),cardamom,0,0,0,0
2015,9,DHARWAD,5,KUNDGOL,CARDAMOM (LARGE),cardamom,6,0,1,1
2015,9,DHARWAD,5,KUNDGOL,BETELNUTS (ARECANUTS),arecanut,0,0,0,0
2015,9,DHARWAD,5,KUNDGOL,MANGOES,mango,36,72,9,81
2015,9,DHARWAD,5,KUNDGOL,BANANA,banana,0,0,0,0
2015,9,DHARWAD,5,KUNDGOL,TABLE GRAPES,grapes,163,1,73,74
2015,9,DHARWAD,5,KUNDGOL,WINE GRAPES (BLACK),grapes,0,0,0,0
2015,9,DHARWAD,5,KUNDGOL,CASHEWNUTS,cashewnut,0,0,0,0
2015,9,DHARWAD,5,KUNDGOL,POMEGRANATE,pomegranate,0,0,0,0
2015,9,DHARWAD,5,KUNDGOL,POTATO,potato,0,0,0,0
2015,9,DHARWAD,5,KUNDGOL,TAPIOCA (CASSAVA),tapioca,0,0,0,0
2015,9,DHARWAD,5,KUNDGOL,SWEET POTATO,sweet potato,5,0,4,4
2015,9,DHARWAD,5,KUNDGOL,ONION,onion,684,0,710,710
2015,9,DHARWAD,5,KUNDGOL,TOMATO,tomato,0,0,0,0
2015,9,DHARWAD,5,KUNDGOL,GROUNDNUT,groundnut,14265,21,16163,16183
2015,9,DHARWAD,5,KUNDGOL,CASTORSEED,castor,69,0,53,53
2015,9,DHARWAD,5,KUNDGOL,SESAMUM (TIL),sesame,26,0,5,5
2015,9,DHARWAD,5,KUNDGOL,RAPESEED & MUSTARD (TORIA/TARAMIRA),mustard,5,0,4,4
2015,9,DHARWAD,5,KUNDGOL,LINSEED,linseed,0,0,0,0
2015,9,DHARWAD,5,KUNDGOL,COCONUT,coconut,61,0,55,55
2015,9,DHARWAD,5,KUNDGOL,SUNFLOWER,sunflower,5,0,9,9
2015,9,DHARWAD,5,KUNDGOL,SOYABEAN,soybean,4044,8,3330,3338
2015,9,DHARWAD,5,KUNDGOL,NIGERSEED,niger seed,62,0,18,18
2015,9,DHARWAD,5,KUNDGOL,COTTON,cotton,15971,817,18547,19364
2015,9,DHARWAD,5,KUNDGOL,JUTE,jute,10,0,7,7
2015,9,DHARWAD,5,KUNDGOL,MESTA,mesta,5,0,7,7
2015,9,DHARWAD,5,KUNDGOL,TOBACCO,tobacco,0,0,0,0
2015,9,DHARWAD,5,KUNDGOL,GUAR,guar,0,0,0,0
2015,9,DHARWAD,5,KUNDGOL,COFFEE,coffee,16,0,13,13
2015,9,DHARWAD,5,KUNDGOL,GROSS CROPPED AREA,,29464,1000,79929,80929
2015,9,DHARWAD,2,NAVALGUND,PADDY,rice,51,22,101,123
2015,9,DHARWAD,2,NAVALGUND,JOWAR,jowar,10247,3562,11093,14655
2015,9,DHARWAD,2,NAVALGUND,BAJRA,bajra,15,9,5,15
2015,9,DHARWAD,2,NAVALGUND,MAIZE,maize,5672,4463,4829,9292
2015,9,DHARWAD,2,NAVALGUND,RAGI,ragi,0,0,0,0
2015,9,DHARWAD,2,NAVALGUND,WHEAT,wheat,7600,6792,5142,11934
2015,9,DHARWAD,2,NAVALGUND,BARLEY,barley,24,0,24,24
2015,9,DHARWAD,2,NAVALGUND,GRAM,chickpea,16113,9433,13272,22705
2015,9,DHARWAD,2,NAVALGUND,TUR (ARHAR),pigeonpea (tur),132,144,266,409
2015,9,DHARWAD,2,NAVALGUND,URAD,black gram,0,0,0,0
2015,9,DHARWAD,2,NAVALGUND,MOONG,green gram,17632,2156,21561,23717
2015,9,DHARWAD,2,NAVALGUND,MASUR,lentil,0,0,0,0
2015,9,DHARWAD,2,NAVALGUND,HORSEGRAM,horse gram,72,11,406,418
2015,9,DHARWAD,2,NAVALGUND,MOTH,moth bean,6,0,6,6
2015,9,DHARWAD,2,NAVALGUND,SUGARCANE,sugarcane,0,0,0,0
2015,9,DHARWAD,2,NAVALGUND,PEPPER (BLACK),black pepper,0,0,0,0
2015,9,DHARWAD,2,NAVALGUND,CHILLIES,chilli,3381,0,2498,2498
2015,9,DHARWAD,2,NAVALGUND,GINGER,ginger,0,0,0,0
2015,9,DHARWAD,2,NAVALGUND,TURMERIC,turmeric,0,0,0,0
2015,9,DHARWAD,2,NAVALGUND,CARDAMOM (SMALL),cardamom,0,0,0,0
2015,9,DHARWAD,2,NAVALGUND,CARDAMOM (LARGE),cardamom,0,0,0,0
2015,9,DHARWAD,2,NAVALGUND,BETELNUTS (ARECANUTS),arecanut,6,0,6,6
2015,9,DHARWAD,2,NAVALGUND,MANGOES,mango,0,0,0,0
2015,9,DHARWAD,2,NAVALGUND,BANANA,banana,0,0,0,0
2015,9,DHARWAD,2,NAVALGUND,TABLE GRAPES,grapes,0,0,0,0
2015,9,DHARWAD,2,NAVALGUND,WINE GRAPES (BLACK),grapes,0,0,0,0
2015,9,DHARWAD,2,NAVALGUND,CASHEWNUTS,cashewnut,0,0,0,0
2015,9,DHARWAD,2,NAVALGUND,POMEGRANATE,pomegranate,0,0,0,0
2015,9,DHARWAD,2,NAVALGUND,POTATO,potato,0,0,0,0
2015,9,DHARWAD,2,NAVALGUND,TAPIOCA (CASSAVA),tapioca,11,0,11,11
2015,9,DHARWAD,2,NAVALGUND,SWEET POTATO,sweet potato,0,0,0,0
2015,9,DHARWAD,2,NAVALGUND,ONION,onion,12863,1040,18593,19633
2015,9,DHARWAD,2,NAVALGUND,TOMATO,tomato,0,0,0,0
2015,9,DHARWAD,2,NAVALGUND,GROUNDNUT,groundnut,1077,82,2010,2093
2015,9,DHARWAD,2,NAVALGUND,CASTORSEED,castor,0,0,0,0
2015,9,DHARWAD,2,NAVALGUND,SESAMUM (TIL),sesame,0,0,0,0
2015,9,DHARWAD,2,NAVALGUND,RAPESEED & MUSTARD (TORIA/TARAMIRA),mustard,0,0,0,0
2015,9,DHARWAD,2,NAVALGUND,LINSEED,linseed,0,0,0,0
2015,9,DHARWAD,2,NAVALGUND,COCONUT,coconut,13,5,7,13
2015,9,DHARWAD,2,NAVALGUND,SUNFLOWER,sunflower,1159,1274,1145,2419
2015,9,DHARWAD,2,NAVALGUND,SOYABEAN,soybean,0,0,0,0
2015,9,DHARWAD,2,NAVALGUND,NIGERSEED,niger seed,0,0,0,0
2015,9,DHARWAD,2,NAVALGUND,COTTON,cotton,9486,7557,8755,16312
2015,9,DHARWAD,2,NAVALGUND,JUTE,jute,6,26,0,26
2015,9,DHARWAD,2,NAVALGUND,MESTA,mesta,0,0,0,0
2015,9,DHARWAD,2,NAVALGUND,TOBACCO,tobacco,0,0,0,0
2015,9,DHARWAD,2,NAVALGUND,GUAR,guar,0,0,0,0
2015,9,DHARWAD,2,NAVALGUND,COFFEE,coffee,0,0,0,0
2015,9,DHARWAD,2,NAVALGUND,GROSS CROPPED AREA,,39382,38244,92576,130820
2015,8,GADAG,3,GADAG,PADDY,rice,610,8,1749,1757
2015,8,GADAG,3,GADAG,JOWAR,jowar,9158,197,12220,12417
2015,8,GADAG,3,GADAG,BAJRA,bajra,19,0,10,10
2015,8,GADAG,3,GADAG,MAIZE,maize,5560,580,8111,8691
2015,8,GADAG,3,GADAG,RAGI,ragi,18,0,13,13
2015,8,GADAG,3,GADAG,WHEAT,wheat,7958,461,11495,11956
2015,8,GADAG,3,GADAG,BARLEY,barley,0,0,0,0
2015,8,GADAG,3,GADAG,GRAM,chickpea,10643,254,15966,16220
2015,8,GADAG,3,GADAG,TUR (ARHAR),pigeonpea (tur),165,8,179,186
2015,8,GADAG,3,GADAG,URAD,black gram,59,0,44,44
2015,8,GADAG,3,GADAG,MOONG,green gram,19609,752,28667,29420
2015,8,GADAG,3,GADAG,MASUR,lentil,16,0,42,42
2015,8,GADAG,3,GADAG,HORSEGRAM,horse gram,179,0,242,242
2015,8,GADAG,3,GADAG,MOTH,moth bean,0,0,0,0
2015,8,GADAG,3,GADAG,SUGARCANE,sugarcane,21,23,0,23
2015,8,GADAG,3,GADAG,PEPPER (BLACK),black pepper,104,0,106,106
2015,8,GADAG,3,GADAG,CHILLIES,chilli,6291,128,9391,9519
2015,8,GADAG,3,GADAG,GINGER,ginger,0,0,0,0
2015,8,GADAG,3,GADAG,TURMERIC,turmeric,0,0,0,0
2015,8,GADAG,3,GADAG,CARDAMOM (SMALL),cardamom,0,0,0,0
2015,8,GADAG,3,GADAG,CARDAMOM (LARGE),cardamom,0,0,0,0
2015,8,GADAG,3,GADAG,BETELNUTS (ARECANUTS),arecanut,5,0,4,4
2015,8,GADAG,3,GADAG,MANGOES,mango,257,0,652,652
2015,8,GADAG,3,GADAG,BANANA,banana,10,6,0,6
2015,8,GADAG,3,GADAG,TABLE GRAPES,grapes,0,0,0,0
2015,8,GADAG,3,GADAG,WINE GRAPES (BLACK),grapes,0,0,0,0
2015,8,GADAG,3,GADAG,CASHEWNUTS,cashewnut,0,0,0,0
2015,8,GADAG,3,GADAG,POMEGRANATE,pomegranate,0,0,0,0
2015,8,GADAG,3,GADAG,POTATO,potato,5,3,0,3
2015,8,GADAG,3,GADAG,TAPIOCA (CASSAVA),tapioca,21,0,24,24
2015,8,GADAG,3,GADAG,SWEET POTATO,sweet potato,20,0,35,35
2015,8,GADAG,3,GADAG,ONION,onion,7782,497,12362,12858
2015,8,GADAG,3,GADAG,TOMATO,tomato,183,6,403,409
2015,8,GADAG,3,GADAG,GROUNDNUT,groundnut,5515,476,8106,8582
2015,8,GADAG,3,GADAG,CASTORSEED,castor,5,0,4,4
2015,8,GADAG,3,GADAG,SESAMUM (TIL),sesame,0,0,0,0
2015,8,GADAG,3,GADAG,RAPESEED & MUSTARD (TORIA/TARAMIRA),mustard,0,0,0,0
2015,8,GADAG,3,GADAG,LINSEED,linseed,16,0,4,4
2015,8,GADAG,3,GADAG,COCONUT,coconut,31,6,38,44
2015,8,GADAG,3,GADAG,SUNFLOWER,sunflower,3269,186,5460,5646
2015,8,GADAG,3,GADAG,SOYABEAN,soybean,726,0,1561,1561
2015,8,GADAG,3,GADAG,NIGERSEED,niger seed,32,2,23,25
2015,8,GADAG,3,GADAG,COTTON,cotton,8606,604,15400,16004
2015,8,GADAG,3,GADAG,JUTE,jute,10,4,4,8
2015,8,GADAG,3,GADAG,MESTA,mesta,0,0,0,0
2015,8,GADAG,3,GADAG,TOBACCO,tobacco,0,0,0,0
2015,8,GADAG,3,GADAG,GUAR,guar,0,0,0,0
2015,8,GADAG,3,GADAG,COFFEE,coffee,0,0,0,0
2015,8,GADAG,3,GADAG,GROSS CROPPED AREA,,40547,4453,134114,138567
2015,8,GADAG,5,MUNDARGI,PADDY,rice,1665,5553,222,5774
2015,8,GADAG,5,MUNDARGI,JOWAR,jowar,5877,817,7514,8331
2015,8,GADAG,5,MUNDARGI,BAJRA,bajra,1115,146,1528,1674
2015,8,GADAG,5,MUNDARGI,MAIZE,maize,14615,5775,19188,24963
2015,8,GADAG,5,MUNDARGI,RAGI,ragi,5,0,4,4
2015,8,GADAG,5,MUNDARGI,WHEAT,wheat,1080,135,1139,1275
2015,8,GADAG,5,MUNDARGI,BARLEY,barley,0,0,0,0
2015,8,GADAG,5,MUNDARGI,GRAM,chickpea,1360,54,1674,1728
2015,8,GADAG,5,MUNDARGI,TUR (ARHAR),pigeonpea (tur),5181,559,3937,4496
2015,8,GADAG,5,MUNDARGI,URAD,black gram,0,0,0,0
2015,8,GADAG,5,MUNDARGI,MOONG,green gram,5664,35,9590,9625
2015,8,GADAG,5,MUNDARGI,MASUR,lentil,0,0,0,0
2015,8,GADAG,5,MUNDARGI,HORSEGRAM,horse gram,82,0,48,48
2015,8,GADAG,5,MUNDARGI,MOTH,moth bean,0,0,0,0
2015,8,GADAG,5,MUNDARGI,SUGARCANE,sugarcane,574,1730,0,1730
2015,8,GADAG,5,MUNDARGI,PEPPER (BLACK),black pepper,0,0,0,0
2015,8,GADAG,5,MUNDARGI,CHILLIES,chilli,359,18,62,80
2015,8,GADAG,5,MUNDARGI,GINGER,ginger,0,0,0,0
2015,8,GADAG,5,MUNDARGI,TURMERIC,turmeric,0,0,0,0
2015,8,GADAG,5,MUNDARGI,CARDAMOM (SMALL),cardamom,0,0,0,0
2015,8,GADAG,5,MUNDARGI,CARDAMOM (LARGE),cardamom,0,0,0,0
2015,8,GADAG,5,MUNDARGI,BETELNUTS (ARECANUTS),arecanut,0,0,0,0
2015,8,GADAG,5,MUNDARGI,MANGOES,mango,15,17,0,17
2015,8,GADAG,5,MUNDARGI,BANANA,banana,102,85,3,88
2015,8,GADAG,5,MUNDARGI,TABLE GRAPES,grapes,0,0,0,0
2015,8,GADAG,5,MUNDARGI,WINE GRAPES (BLACK),grapes,0,0,0,0
2015,8,GADAG,5,MUNDARGI,CASHEWNUTS,cashewnut,0,0,0,0
2015,8,GADAG,5,MUNDARGI,POMEGRANATE,pomegranate,16,34,0,34
2015,8,GADAG,5,MUNDARGI,POTATO,potato,8,17,0,17
2015,8,GADAG,5,MUNDARGI,TAPIOCA (CASSAVA),tapioca,0,0,0,0
2015,8,GADAG,5,MUNDARGI,SWEET POTATO,sweet potato,0,0,0,0
2015,8,GADAG,5,MUNDARGI,ONION,onion,793,200,621,820
2015,8,GADAG,5,MUNDARGI,TOMATO,tomato,0,0,0,0
2015,8,GADAG,5,MUNDARGI,GROUNDNUT,groundnut,7862,3267,9712,12979
2015,8,GADAG,5,MUNDARGI,CASTORSEED,castor,28,0,46,46
2015,8,GADAG,5,MUNDARGI,SESAMUM (TIL),sesame,15,0,13,13
2015,8,GADAG,5,MUNDARGI,RAPESEED & MUSTARD (TORIA/TARAMIRA),mustard,7,0,2,2
2015,8,GADAG,5,MUNDARGI,LINSEED,linseed,23,0,5,5
2015,8,GADAG,5,MUNDARGI,COCONUT,coconut,66,0,81,81
2015,8,GADAG,5,MUNDARGI,SUNFLOWER,sunflower,9874,1490,15587,17077
2015,8,GADAG,5,MUNDARGI,SOYABEAN,soybean,0,0,0,0
2015,8,GADAG,5,MUNDARGI,NIGERSEED,niger seed,0,0,0,0
2015,8,GADAG,5,MUNDARGI,COTTON,cotton,1201,209,1316,1525
2015,8,GADAG,5,MUNDARGI,JUTE,jute,0,0,0,0
2015,8,GADAG,5,MUNDARGI,MESTA,mesta,0,0,0,0
2015,8,GADAG,5,MUNDARGI,TOBACCO,tobacco,0,0,0,0
2015,8,GADAG,5,MUNDARGI,GUAR,guar,0,0,0,0
2015,8,GADAG,5,MUNDARGI,COFFEE,coffee,0,0,0,0
2015,8,GADAG,5,MUNDARGI,GROSS CROPPED AREA,,28410,20536,72654,93190
2015,8,GADAG,1,NARAGUND,PADDY,rice,42,61,2,64
2015,8,GADAG,1,NARAGUND,JOWAR,jowar,5911,6001,1046,7047
2015,8,GADAG,1,NARAGUND,BAJRA,bajra,79,46,0,46
2015,8,GADAG,1,NARAGUND,MAIZE,maize,1359,1894,57,1951
2015,8,GADAG,1,NARAGUND,RAGI,ragi,0,0,0,0
2015,8,GADAG,1,NARAGUND,WHEAT,wheat,5810,7091,326,7416
2015,8,GADAG,1,NARAGUND,BARLEY,barley,10,19,0,19
2015,8,GADAG,1,NARAGUND,GRAM,chickpea,8115,10180,988,11168
2015,8,GADAG,1,NARAGUND,TUR (ARHAR),pigeonpea (tur),18,10,9,19
2015,8,GADAG,1,NARAGUND,URAD,black gram,0,0,0,0
2015,8,GADAG,1,NARAGUND,MOONG,green gram,11840,15431,2437,17868
2015,8,GADAG,1,NARAGUND,MASUR,lentil,0,0,0,0
2015,8,GADAG,1,NARAGUND,HORSEGRAM,horse gram,17,8,0,8
2015,8,GADAG,1,NARAGUND,MOTH,moth bean,4,45,0,45
2015,8,GADAG,1,NARAGUND,SUGARCANE,sugarcane,116,191,0,191
2015,8,GADAG,1,NARAGUND,PEPPER (BLACK),black pepper,0,0,0,0
2015,8,GADAG,1,NARAGUND,CHILLIES,chilli,0,0,0,0
2015,8,GADAG,1,NARAGUND,GINGER,ginger,0,0,0,0
2015,8,GADAG,1,NARAGUND,TURMERIC,turmeric,0,0,0,0
2015,8,GADAG,1,NARAGUND,CARDAMOM (SMALL),cardamom,0,0,0,0
2015,8,GADAG,1,NARAGUND,CARDAMOM (LARGE),cardamom,0,0,0,0
2015,8,GADAG,1,NARAGUND,BETELNUTS (ARECANUTS),arecanut,0,0,0,0
2015,8,GADAG,1,NARAGUND,MANGOES,mango,0,0,0,0
2015,8,GADAG,1,NARAGUND,BANANA,banana,23,11,0,11
2015,8,GADAG,1,NARAGUND,TABLE GRAPES,grapes,0,0,0,0
2015,8,GADAG,1,NARAGUND,WINE GRAPES (BLACK),grapes,0,0,0,0
2015,8,GADAG,1,NARAGUND,CASHEWNUTS,cashewnut,0,0,0,0
2015,8,GADAG,1,NARAGUND,POMEGRANATE,pomegranate,0,0,0,0
2015,8,GADAG,1,NARAGUND,POTATO,potato,0,0,0,0
2015,8,GADAG,1,NARAGUND,TAPIOCA (CASSAVA),tapioca,0,0,0,0
2015,8,GADAG,1,NARAGUND,SWEET POTATO,sweet potato,0,0,0,0
2015,8,GADAG,1,NARAGUND,ONION,onion,4044,2737,1842,4579
2015,8,GADAG,1,NARAGUND,TOMATO,tomato,0,0,0,0
2015,8,GADAG,1,NARAGUND,GROUNDNUT,groundnut,40,44,0,44
2015,8,GADAG,1,NARAGUND,CASTORSEED,castor,0,0,0,0
2015,8,GADAG,1,NARAGUND,SESAMUM (TIL),sesame,0,0,0,0
2015,8,GADAG,1,NARAGUND,RAPESEED & MUSTARD (TORIA/TARAMIRA),mustard,6,14,0,14
2015,8,GADAG,1,NARAGUND,LINSEED,linseed,18,0,24,24
2015,8,GADAG,1,NARAGUND,COCONUT,coconut,12,4,0,4
2015,8,GADAG,1,NARAGUND,SUNFLOWER,sunflower,1665,1874,226,2100
2015,8,GADAG,1,NARAGUND,SOYABEAN,soybean,6,7,0,7
2015,8,GADAG,1,NARAGUND,NIGERSEED,niger seed,0,0,0,0
2015,8,GADAG,1,NARAGUND,COTTON,cotton,1583,1729,271,2000
2015,8,GADAG,1,NARAGUND,JUTE,jute,19,27,0,27
2015,8,GADAG,1,NARAGUND,MESTA,mesta,0,0,0,0
2015,8,GADAG,1,NARAGUND,TOBACCO,tobacco,0,0,0,0
2015,8,GADAG,1,NARAGUND,GUAR,guar,0,0,0,0
2015,8,GADAG,1,NARAGUND,COFFEE,coffee,0,0,0,0
2015,8,GADAG,1,NARAGUND,GROSS CROPPED AREA,,18048,47719,7330,55049
2015,8,GADAG,2,RON,PADDY,rice,80,0,160,160
2015,8,GADAG,2,RON,JOWAR,jowar,19049,160,26806,26966
2015,8,GADAG,2,RON,BAJRA,bajra,557,12,914,926
2015,8,GADAG,2,RON,MAIZE,maize,3408,1894,3852,5747
2015,8,GADAG,2,RON,RAGI,ragi,9,1,3,5
2015,8,GADAG,2,RON,WHEAT,wheat,7645,696,10494,11190
2015,8,GADAG,2,RON,BARLEY,barley,8,0,11,11
2015,8,GADAG,2,RON,GRAM,chickpea,13158,18,20437,20456
2015,8,GADAG,2,RON,TUR (ARHAR),pigeonpea (tur),1951,6,1583,1589
2015,8,GADAG,2,RON,URAD,black gram,0,0,0,0
2015,8,GADAG,2,RON,MOONG,green gram,25304,136,39067,39202
2015,8,GADAG,2,RON,MASUR,lentil,0,0,0,0
2015,8,GADAG,2,RON,HORSEGRAM,horse gram,149,8,235,244
2015,8,GADAG,2,RON,MOTH,moth bean,21,0,24,24
2015,8,GADAG,2,RON,SUGARCANE,sugarcane,361,280,0,280
2015,8,GADAG,2,RON,PEPPER (BLACK),black pepper,0,0,0,0
2015,8,GADAG,2,RON,CHILLIES,chilli,2582,18,1622,1639
2015,8,GADAG,2,RON,GINGER,ginger,0,0,0,0
2015,8,GADAG,2,RON,TURMERIC,turmeric,0,0,0,0
2015,8,GADAG,2,RON,CARDAMOM (SMALL),cardamom,0,0,0,0
2015,8,GADAG,2,RON,CARDAMOM (LARGE),cardamom,0,0,0,0
2015,8,GADAG,2,RON,BETELNUTS (ARECANUTS),arecanut,0,0,0,0
2015,8,GADAG,2,RON,MANGOES,mango,98,52,24,77
2015,8,GADAG,2,RON,BANANA,banana,28,11,0,11
2015,8,GADAG,2,RON,TABLE GRAPES,grapes,42,39,0,39
2015,8,GADAG,2,RON,WINE GRAPES (BLACK),grapes,0,0,0,0
2015,8,GADAG,2,RON,CASHEWNUTS,cashewnut,0,0,0,0
2015,8,GADAG,2,RON,POMEGRANATE,pomegranate,50,34,0,34
2015,8,GADAG,2,RON,POTATO,potato,7,0,14,14
2015,8,GADAG,2,RON,TAPIOCA (CASSAVA),tapioca,15,0,18,18
2015,8,GADAG,2,RON,SWEET POTATO,sweet potato,30,0,10,10
2015,8,GADAG,2,RON,ONION,onion,9068,311,12049,12359
2015,8,GADAG,2,RON,TOMATO,tomato,45,27,0,27
2015,8,GADAG,2,RON,GROUNDNUT,groundnut,9900,324,15870,16195
2015,8,GADAG,2,RON,CASTORSEED,castor,100,0,205,205
2015,8,GADAG,2,RON,SESAMUM (TIL),sesame,465,0,754,754
2015,8,GADAG,2,RON,RAPESEED & MUSTARD (TORIA/TARAMIRA),mustard,7,0,16,16
2015,8,GADAG,2,RON,LINSEED,linseed,64,0,14,14
2015,8,GADAG,2,RON,COCONUT,coconut,120,62,28,91
2015,8,GADAG,2,RON,SUNFLOWER,sunflower,5811,282,8792,9073
2015,8,GADAG,2,RON,SOYABEAN,soybean,0,0,0,0
2015,8,GADAG,2,RON,NIGERSEED,niger seed,0,0,0,0
2015,8,GADAG,2,RON,COTTON,cotton,4585,468,7230,7698
2015,8,GADAG,2,RON,JUTE,jute,14,0,21,21
2015,8,GADAG,2,RON,MESTA,mesta,0,0,0,0
2015,8,GADAG,2,RON,TOBACCO,tobacco,0,0,0,0
2015,8,GADAG,2,RON,GUAR,guar,0,0,0,0
2015,8,GADAG,2,RON,COFFEE,coffee,0,0,0,0
2015,8,GADAG,2,RON,GROSS CROPPED AREA,,55136,5176,152603,157779
2015,8,GADAG,4,SHIRAHATTI,PADDY,rice,2218,736,2722,3458
2015,8,GADAG,4,SHIRAHATTI,JOWAR,jowar,3558,362,4955,5317
2015,8,GADAG,4,SHIRAHATTI,BAJRA,bajra,17,16,0,16
2015,8,GADAG,4,SHIRAHATTI,MAIZE,maize,5235,3743,5881,9624
2015,8,GADAG,4,SHIRAHATTI,RAGI,ragi,24,37,3,41
2015,8,GADAG,4,SHIRAHATTI,WHEAT,wheat,980,795,550,1345
2015,8,GADAG,4,SHIRAHATTI,BARLEY,barley,5,0,16,16
2015,8,GADAG,4,SHIRAHATTI,GRAM,chickpea,730,402,368,770
2015,8,GADAG,4,SHIRAHATTI,TUR (ARHAR),pigeonpea (tur),135,2,31,33
2015,8,GADAG,4,SHIRAHATTI,URAD,black gram,4,3,0,3
2015,8,GADAG,4,SHIRAHATTI,MOONG,green gram,5622,52,7440,7492
2015,8,GADAG,4,SHIRAHATTI,MASUR,lentil,0,0,0,0
2015,8,GADAG,4,SHIRAHATTI,HORSEGRAM,horse gram,10,0,9,9
2015,8,GADAG,4,SHIRAHATTI,MOTH,moth bean,5,0,16,16
2015,8,GADAG,4,SHIRAHATTI,SUGARCANE,sugarcane,14,30,0,30
2015,8,GADAG,4,SHIRAHATTI,PEPPER (BLACK),black pepper,0,0,0,0
2015,8,GADAG,4,SHIRAHATTI,CHILLIES,chilli,1402,172,1673,1845
2015,8,GADAG,4,SHIRAHATTI,GINGER,ginger,0,0,0,0
2015,8,GADAG,4,SHIRAHATTI,TURMERIC,turmeric,0,0,0,0
2015,8,GADAG,4,SHIRAHATTI,CARDAMOM (SMALL),cardamom,0,0,0,0
2015,8,GADAG,4,SHIRAHATTI,CARDAMOM (LARGE),cardamom,0,0,0,0
2015,8,GADAG,4,SHIRAHATTI,BETELNUTS (ARECANUTS),arecanut,0,0,0,0
2015,8,GADAG,4,SHIRAHATTI,MANGOES,mango,37,18,21,39
2015,8,GADAG,4,SHIRAHATTI,BANANA,banana,0,0,0,0
2015,8,GADAG,4,SHIRAHATTI,TABLE GRAPES,grapes,0,0,0,0
2015,8,GADAG,4,SHIRAHATTI,WINE GRAPES (BLACK),grapes,0,0,0,0
2015,8,GADAG,4,SHIRAHATTI,CASHEWNUTS,cashewnut,0,0,0,0
2015,8,GADAG,4,SHIRAHATTI,POMEGRANATE,pomegranate,0,0,0,0
2015,8,GADAG,4,SHIRAHATTI,POTATO,potato,0,0,0,0
2015,8,GADAG,4,SHIRAHATTI,TAPIOCA (CASSAVA),tapioca,0,0,0,0
2015,8,GADAG,4,SHIRAHATTI,SWEET POTATO,sweet potato,0,0,0,0
2015,8,GADAG,4,SHIRAHATTI,ONION,onion,933,1153,415,1568
2015,8,GADAG,4,SHIRAHATTI,TOMATO,tomato,0,0,0,0
2015,8,GADAG,4,SHIRAHATTI,GROUNDNUT,groundnut,6969,190,10358,10548
2015,8,GADAG,4,SHIRAHATTI,CASTORSEED,castor,0,0,0,0
2015,8,GADAG,4,SHIRAHATTI,SESAMUM (TIL),sesame,88,0,82,82
2015,8,GADAG,4,SHIRAHATTI,RAPESEED & MUSTARD (TORIA/TARAMIRA),mustard,0,0,0,0
2015,8,GADAG,4,SHIRAHATTI,LINSEED,linseed,0,0,0,0
2015,8,GADAG,4,SHIRAHATTI,COCONUT,coconut,0,0,0,0
2015,8,GADAG,4,SHIRAHATTI,SUNFLOWER,sunflower,2706,1277,3754,5030
2015,8,GADAG,4,SHIRAHATTI,SOYABEAN,soybean,33,0,15,15
2015,8,GADAG,4,SHIRAHATTI,NIGERSEED,niger seed,24,0,1,1
2015,8,GADAG,4,SHIRAHATTI,COTTON,cotton,20601,2969,37573,40542
2015,8,GADAG,4,SHIRAHATTI,JUTE,jute,22,0,32,32
2015,8,GADAG,4,SHIRAHATTI,MESTA,mesta,0,0,0,0
2015,8,GADAG,4,SHIRAHATTI,TOBACCO,tobacco,0,0,0,0
2015,8,GADAG,4,SHIRAHATTI,GUAR,guar,0,0,0,0
2015,8,GADAG,4,SHIRAHATTI,COFFEE,coffee,0,0,0,0
2015,8,GADAG,4,SHIRAHATTI,GROSS CROPPED AREA,,37261,12002,75982,87983
2015,23,HASSAN,5,ALUR,PADDY,rice,10666,4586,241,4826
2015,23,HASSAN,5,ALUR,JOWAR,jowar,7156,100,5462,5563
2015,23,HASSAN,5,ALUR,BAJRA,bajra,45,9,4,13
2015,23,HASSAN,5,ALUR,MAIZE,maize,9526,222,5951,6173
2015,23,HASSAN,5,ALUR,RAGI,ragi,5726,23,1971,1994
2015,23,HASSAN,5,ALUR,WHEAT,wheat,36,0,21,21
2015,23,HASSAN,5,ALUR,BARLEY,barley,13,4,1,5
2015,23,HASSAN,5,ALUR,GRAM,chickpea,9,0,1,1
2015,23,HASSAN,5,ALUR,TUR (ARHAR),pigeonpea (tur),6,0,2,2
2015,23,HASSAN,5,ALUR,URAD,black gram,0,0,0,0
2015,23,HASSAN,5,ALUR,MOONG,green gram,0,0,0,0
2015,23,HASSAN,5,ALUR,MASUR,lentil,12,0,3,3
2015,23,HASSAN,5,ALUR,HORSEGRAM,horse gram,74,0,14,14
2015,23,HASSAN,5,ALUR,MOTH,moth bean,0,0,0,0
2015,23,HASSAN,5,ALUR,SUGARCANE,sugarcane,9,11,0,11
2015,23,HASSAN,5,ALUR,PEPPER (BLACK),black pepper,1401,37,804,841
2015,23,HASSAN,5,ALUR,CHILLIES,chilli,133,5,138,144
2015,23,HASSAN,5,ALUR,GINGER,ginger,1124,434,75,509
2015,23,HASSAN,5,ALUR,TURMERIC,turmeric,0,0,0,0
2015,23,HASSAN,5,ALUR,CARDAMOM (SMALL),cardamom,32,2,11,13
2015,23,HASSAN,5,ALUR,CARDAMOM (LARGE),cardamom,20,2,4,6
2015,23,HASSAN,5,ALUR,BETELNUTS (ARECANUTS),arecanut,60,32,23,55
2015,23,HASSAN,5,ALUR,MANGOES,mango,19,4,4,8
2015,23,HASSAN,5,ALUR,BANANA,banana,68,25,4,29
2015,23,HASSAN,5,ALUR,TABLE GRAPES,grapes,0,0,0,0
2015,23,HASSAN,5,ALUR,WINE GRAPES (BLACK),grapes,0,0,0,0
2015,23,HASSAN,5,ALUR,CASHEWNUTS,cashewnut,0,0,0,0
2015,23,HASSAN,5,ALUR,POMEGRANATE,pomegranate,0,0,0,0
2015,23,HASSAN,5,ALUR,POTATO,potato,1314,0,545,545
2015,23,HASSAN,5,ALUR,TAPIOCA (CASSAVA),tapioca,0,0,0,0
2015,23,HASSAN,5,ALUR,SWEET POTATO,sweet potato,0,0,0,0
2015,23,HASSAN,5,ALUR,ONION,onion,5,0,8,8
2015,23,HASSAN,5,ALUR,TOMATO,tomato,0,0,0,0
2015,23,HASSAN,5,ALUR,GROUNDNUT,groundnut,0,0,0,0
2015,23,HASSAN,5,ALUR,CASTORSEED,castor,7,0,11,11
2015,23,HASSAN,5,ALUR,SESAMUM (TIL),sesame,0,0,0,0
2015,23,HASSAN,5,ALUR,RAPESEED & MUSTARD (TORIA/TARAMIRA),mustard,0,0,0,0
2015,23,HASSAN,5,ALUR,LINSEED,linseed,5,0,4,4
2015,23,HASSAN,5,ALUR,COCONUT,coconut,551,22,429,451
2015,23,HASSAN,5,ALUR,SUNFLOWER,sunflower,0,0,0,0
2015,23,HASSAN,5,ALUR,SOYABEAN,soybean,0,0,0,0
2015,23,HASSAN,5,ALUR,NIGERSEED,niger seed,0,0,0,0
2015,23,HASSAN,5,ALUR,COTTON,cotton,37,18,0,18
2015,23,HASSAN,5,ALUR,JUTE,jute,0,0,0,0
2015,23,HASSAN,5,ALUR,MESTA,mesta,0,0,0,0
2015,23,HASSAN,5,ALUR,TOBACCO,tobacco,0,0,0,0
2015,23,HASSAN,5,ALUR,GUAR,guar,0,0,0,0
2015,23,HASSAN,5,ALUR,COFFEE,coffee,3601,69,7049,7118
2015,23,HASSAN,5,ALUR,GROSS CROPPED AREA,,26659,5655,23128,28784
2015,23,HASSAN,3,ARASIKERE,PADDY,rice,141,41,28,69
2015,23,HASSAN,3,ARASIKERE,JOWAR,jowar,8533,256,3583,3839
2015,23,HASSAN,3,ARASIKERE,BAJRA,bajra,233,26,82,107
2015,23,HASSAN,3,ARASIKERE,MAIZE,maize,20546,1589,10278,11867
2015,23,HASSAN,3,ARASIKERE,RAGI,ragi,51469,1730,24638,26368
2015,23,HASSAN,3,ARASIKERE,WHEAT,wheat,796,331,327,658
2015,23,HASSAN,3,ARASIKERE,BARLEY,barley,10,0,3,3
2015,23,HASSAN,3,ARASIKERE,GRAM,chickpea,841,13,243,256
2015,23,HASSAN,3,ARASIKERE,TUR (ARHAR),pigeonpea (tur),3177,93,783,876
2015,23,HASSAN,3,ARASIKERE,URAD,black gram,2779,32,806,838
2015,23,HASSAN,3,ARASIKERE,MOONG,green gram,12540,286,4424,4711
2015,23,HASSAN,3,ARASIKERE,MASUR,lentil,703,80,213,293
2015,23,HASSAN,3,ARASIKERE,HORSEGRAM,horse gram,7108,74,2544,2619
2015,23,HASSAN,3,ARASIKERE,MOTH,moth bean,20,0,3,3
2015,23,HASSAN,3,ARASIKERE,SUGARCANE,sugarcane,146,81,0,81
2015,23,HASSAN,3,ARASIKERE,PEPPER (BLACK),black pepper,21,11,0,11
2015,23,HASSAN,3,ARASIKERE,CHILLIES,chilli,5,0,0,0
2015,23,HASSAN,3,ARASIKERE,GINGER,ginger,665,344,26,370
2015,23,HASSAN,3,ARASIKERE,TURMERIC,turmeric,10,2,8,10
2015,23,HASSAN,3,ARASIKERE,CARDAMOM (SMALL),cardamom,0,0,0,0
2015,23,HASSAN,3,ARASIKERE,CARDAMOM (LARGE),cardamom,5,0,3,3
2015,23,HASSAN,3,ARASIKERE,BETELNUTS (ARECANUTS),arecanut,796,454,36,490
2015,23,HASSAN,3,ARASIKERE,MANGOES,mango,399,130,77,207
2015,23,HASSAN,3,ARASIKERE,BANANA,banana,1908,838,28,867
2015,23,HASSAN,3,ARASIKERE,TABLE GRAPES,grapes,0,0,0,0
2015,23,HASSAN,3,ARASIKERE,WINE GRAPES (BLACK),grapes,0,0,0,0
2015,23,HASSAN,3,ARASIKERE,CASHEWNUTS,cashewnut,1,1,0,1
2015,23,HASSAN,3,ARASIKERE,POMEGRANATE,pomegranate,929,637,63,700
2015,23,HASSAN,3,ARASIKERE,POTATO,potato,2253,325,801,1125
2015,23,HASSAN,3,ARASIKERE,TAPIOCA (CASSAVA),tapioca,5,0,4,4
2015,23,HASSAN,3,ARASIKERE,SWEET POTATO,sweet potato,15,2,2,5
2015,23,HASSAN,3,ARASIKERE,ONION,onion,5,2,2,4
2015,23,HASSAN,3,ARASIKERE,TOMATO,tomato,2348,1665,113,1779
2015,23,HASSAN,3,ARASIKERE,GROUNDNUT,groundnut,16,21,0,21
2015,23,HASSAN,3,ARASIKERE,CASTORSEED,castor,94,5,35,40
2015,23,HASSAN,3,ARASIKERE,SESAMUM (TIL),sesame,2556,61,960,1020
2015,23,HASSAN,3,ARASIKERE,RAPESEED & MUSTARD (TORIA/TARAMIRA),mustard,130,3,70,74
2015,23,HASSAN,3,ARASIKERE,LINSEED,linseed,198,30,73,103
2015,23,HASSAN,3,ARASIKERE,COCONUT,coconut,35719,15118,9531,24649
2015,23,HASSAN,3,ARASIKERE,SUNFLOWER,sunflower,223,23,119,142
2015,23,HASSAN,3,ARASIKERE,SOYABEAN,soybean,5,0,6,6
2015,23,HASSAN,3,ARASIKERE,NIGERSEED,niger seed,69,3,11,14
2015,23,HASSAN,3,ARASIKERE,COTTON,cotton,5,0,2,2
2015,23,HASSAN,3,ARASIKERE,JUTE,jute,0,0,0,0
2015,23,HASSAN,3,ARASIKERE,MESTA,mesta,0,0,0,0
2015,23,HASSAN,3,ARASIKERE,TOBACCO,tobacco,0,0,0,0
2015,23,HASSAN,3,ARASIKERE,GUAR,guar,0,0,0,0
2015,23,HASSAN,3,ARASIKERE,COFFEE,coffee,0,0,0,0
2015,23,HASSAN,3,ARASIKERE,GROSS CROPPED AREA,,89061,24896,60914,85810
2015,23,HASSAN,6,ARKALGUD,PADDY,rice,7418,3411,477,3888
2015,23,HASSAN,6,ARKALGUD,JOWAR,jowar,446,35,261,296
2015,23,HASSAN,6,ARKALGUD,BAJRA,bajra,4,4,0,4
2015,23,HASSAN,6,ARKALGUD,MAIZE,maize,33329,402,24925,25326
2015,23,HASSAN,6,ARKALGUD,RAGI,ragi,17223,156,6697,6852
2015,23,HASSAN,6,ARKALGUD,WHEAT,wheat,77,15,31,46
2015,23,HASSAN,6,ARKALGUD,BARLEY,barley,27,0,34,34
2015,23,HASSAN,6,ARKALGUD,GRAM,chickpea,11,0,3,3
2015,23,HASSAN,6,ARKALGUD,TUR (ARHAR),pigeonpea (tur),110,23,21,44
2015,23,HASSAN,6,ARKALGUD,URAD,black gram,4,0,3,3
2015,23,HASSAN,6,ARKALGUD,MOONG,green gram,25,3,9,12
2015,23,HASSAN,6,ARKALGUD,MASUR,lentil,0,0,0,0
2015,23,HASSAN,6,ARKALGUD,HORSEGRAM,horse gram,377,2,53,55
2015,23,HASSAN,6,ARKALGUD,MOTH,moth bean,0,0,0,0
2015,23,HASSAN,6,ARKALGUD,SUGARCANE,sugarcane,181,190,0,190
2015,23,HASSAN,6,ARKALGUD,PEPPER (BLACK),black pepper,47,22,3,25
2015,23,HASSAN,6,ARKALGUD,CHILLIES,chilli,14,4,5,9
2015,23,HASSAN,6,ARKALGUD,GINGER,ginger,2047,785,226,1011
2015,23,HASSAN,6,ARKALGUD,TURMERIC,turmeric,6,12,0,12
2015,23,HASSAN,6,ARKALGUD,CARDAMOM (SMALL),cardamom,11,3,1,4
2015,23,HASSAN,6,ARKALGUD,CARDAMOM (LARGE),cardamom,0,0,0,0
2015,23,HASSAN,6,ARKALGUD,BETELNUTS (ARECANUTS),arecanut,2048,587,503,1090
2015,23,HASSAN,6,ARKALGUD,MANGOES,mango,0,0,0,0
2015,23,HASSAN,6,ARKALGUD,BANANA,banana,500,161,95,257
2015,23,HASSAN,6,ARKALGUD,TABLE GRAPES,grapes,0,0,0,0
2015,23,HASSAN,6,ARKALGUD,WINE GRAPES (BLACK),grapes,0,0,0,0
2015,23,HASSAN,6,ARKALGUD,CASHEWNUTS,cashewnut,0,0,0,0
2015,23,HASSAN,6,ARKALGUD,POMEGRANATE,pomegranate,0,0,0,0
2015,23,HASSAN,6,ARKALGUD,POTATO,potato,2543,208,1341,1549
2015,23,HASSAN,6,ARKALGUD,TAPIOCA (CASSAVA),tapioca,38,6,12,18
2015,23,HASSAN,6,ARKALGUD,SWEET POTATO,sweet potato,117,17,66,83
2015,23,HASSAN,6,ARKALGUD,ONION,onion,0,0,0,0
2015,23,HASSAN,6,ARKALGUD,TOMATO,tomato,0,0,0,0
2015,23,HASSAN,6,ARKALGUD,GROUNDNUT,groundnut,10,3,3,5
2015,23,HASSAN,6,ARKALGUD,CASTORSEED,castor,4,2,0,2
2015,23,HASSAN,6,ARKALGUD,SESAMUM (TIL),sesame,0,0,0,0
2015,23,HASSAN,6,ARKALGUD,RAPESEED & MUSTARD (TORIA/TARAMIRA),mustard,0,0,0,0
2015,23,HASSAN,6,ARKALGUD,LINSEED,linseed,14,13,0,13
2015,23,HASSAN,6,ARKALGUD,COCONUT,coconut,3309,1551,527,2078
2015,23,HASSAN,6,ARKALGUD,SUNFLOWER,sunflower,5,0,4,4
2015,23,HASSAN,6,ARKALGUD,SOYABEAN,soybean,0,0,0,0
2015,23,HASSAN,6,ARKALGUD,NIGERSEED,niger seed,0,0,0,0
2015,23,HASSAN,6,ARKALGUD,COTTON,cotton,0,0,0,0
2015,23,HASSAN,6,ARKALGUD,JUTE,jute,0,0,0,0
2015,23,HASSAN,6,ARKALGUD,MESTA,mesta,0,0,0,0
2015,23,HASSAN,6,ARKALGUD,TOBACCO,tobacco,8722,88,6167,6254
2015,23,HASSAN,6,ARKALGUD,GUAR,guar,0,0,0,0
2015,23,HASSAN,6,ARKALGUD,COFFEE,coffee,1171,549,952,1501
2015,23,HASSAN,6,ARKALGUD,GROSS CROPPED AREA,,63352,8541,42484,51025
2015,23,HASSAN,2,BELUR,PADDY,rice,12488,6171,598,6769
2015,23,HASSAN,2,BELUR,JOWAR,jowar,10733,827,5875,6702
2015,23,HASSAN,2,BELUR,BAJRA,bajra,94,15,61,76
2015,23,HASSAN,2,BELUR,MAIZE,maize,18414,410,16282,16692
2015,23,HASSAN,2,BELUR,RAGI,ragi,6882,547,3796,4343
2015,23,HASSAN,2,BELUR,WHEAT,wheat,70,2,58,60
2015,23,HASSAN,2,BELUR,BARLEY,barley,15,1,7,8
2015,23,HASSAN,2,BELUR,GRAM,chickpea,26,3,8,11
2015,23,HASSAN,2,BELUR,TUR (ARHAR),pigeonpea (tur),219,4,76,80
2015,23,HASSAN,2,BELUR,URAD,black gram,0,0,0,0
2015,23,HASSAN,2,BELUR,MOONG,green gram,6,5,0,5
2015,23,HASSAN,2,BELUR,MASUR,lentil,0,0,0,0
2015,23,HASSAN,2,BELUR,HORSEGRAM,horse gram,159,3,131,135
2015,23,HASSAN,2,BELUR,MOTH,moth bean,9,0,8,8
2015,23,HASSAN,2,BELUR,SUGARCANE,sugarcane,143,67,0,67
2015,23,HASSAN,2,BELUR,PEPPER (BLACK),black pepper,2879,43,1535,1577
2015,23,HASSAN,2,BELUR,CHILLIES,chilli,403,21,228,248
2015,23,HASSAN,2,BELUR,GINGER,ginger,1988,940,264,1203
2015,23,HASSAN,2,BELUR,TURMERIC,turmeric,10,0,5,5
2015,23,HASSAN,2,BELUR,CARDAMOM (SMALL),cardamom,10,6,0,6
2015,23,HASSAN,2,BELUR,CARDAMOM (LARGE),cardamom,0,0,0,0
2015,23,HASSAN,2,BELUR,BETELNUTS (ARECANUTS),arecanut,68,63,52,116
2015,23,HASSAN,2,BELUR,MANGOES,mango,65,4,39,43
2015,23,HASSAN,2,BELUR,BANANA,banana,126,20,62,82
2015,23,HASSAN,2,BELUR,TABLE GRAPES,grapes,0,0,0,0
2015,23,HASSAN,2,BELUR,WINE GRAPES (BLACK),grapes,0,0,0,0
2015,23,HASSAN,2,BELUR,CASHEWNUTS,cashewnut,0,0,0,0
2015,23,HASSAN,2,BELUR,POMEGRANATE,pomegranate,62,44,21,65
2015,23,HASSAN,2,BELUR,POTATO,potato,1164,37,621,658
2015,23,HASSAN,2,BELUR,TAPIOCA (CASSAVA),tapioca,3,0,20,20
2015,23,HASSAN,2,BELUR,SWEET POTATO,sweet potato,53,1,28,29
2015,23,HASSAN,2,BELUR,ONION,onion,7,3,0,3
2015,23,HASSAN,2,BELUR,TOMATO,tomato,642,260,161,421
2015,23,HASSAN,2,BELUR,GROUNDNUT,groundnut,587,4,258,262
2015,23,HASSAN,2,BELUR,CASTORSEED,castor,5,2,0,2
2015,23,HASSAN,2,BELUR,SESAMUM (TIL),sesame,175,0,196,196
2015,23,HASSAN,2,BELUR,RAPESEED & MUSTARD (TORIA/TARAMIRA),mustard,10,0,11,11
2015,23,HASSAN,2,BELUR,LINSEED,linseed,22,2,6,8
2015,23,HASSAN,2,BELUR,COCONUT,coconut,922,120,566,686
2015,23,HASSAN,2,BELUR,SUNFLOWER,sunflower,655,17,551,568
2015,23,HASSAN,2,BELUR,SOYABEAN,soybean,0,0,0,0
2015,23,HASSAN,2,BELUR,NIGERSEED,niger seed,0,0,0,0
2015,23,HASSAN,2,BELUR,COTTON,cotton,5,0,6,6
2015,23,HASSAN,2,BELUR,JUTE,jute,0,0,0,0
2015,23,HASSAN,2,BELUR,MESTA,mesta,0,0,0,0
2015,23,HASSAN,2,BELUR,TOBACCO,tobacco,0,0,0,0
2015,23,HASSAN,2,BELUR,GUAR,guar,0,0,0,0
2015,23,HASSAN,2,BELUR,COFFEE,coffee,9452,553,12237,12791
2015,23,HASSAN,2,BELUR,GROSS CROPPED AREA,,56134,10582,47088,57669
2015,23,HASSAN,8,CHANNARAYAPATNA,PADDY,rice,4767,898,436,1335
2015,23,HASSAN,8,CHANNARAYAPATNA,JOWAR,jowar,28378,452,7649,8101
2015,23,HASSAN,8,CHANNARAYAPATNA,BAJRA,bajra,134,0,60,60
2015,23,HASSAN,8,CHANNARAYAPATNA,MAIZE,maize,8826,1372,2827,4199
2015,23,HASSAN,8,CHANNARAYAPATNA,RAGI,ragi,87897,4963,30655,35618
2015,23,HASSAN,8,CHANNARAYAPATNA,WHEAT,wheat,571,74,170,244
2015,23,HASSAN,8,CHANNARAYAPATNA,BARLEY,barley,5,4,0,4
2015,23,HASSAN,8,CHANNARAYAPATNA,GRAM,chickpea,3530,8,1596,1604
2015,23,HASSAN,8,CHANNARAYAPATNA,TUR (ARHAR),pigeonpea (tur),1523,61,198,259
2015,23,HASSAN,8,CHANNARAYAPATNA,URAD,black gram,757,1,94,95
2015,23,HASSAN,8,CHANNARAYAPATNA,MOONG,green gram,833,3,123,126
2015,23,HASSAN,8,CHANNARAYAPATNA,MASUR,lentil,91,0,36,36
2015,23,HASSAN,8,CHANNARAYAPATNA,HORSEGRAM,horse gram,14676,19,3892,3911
2015,23,HASSAN,8,CHANNARAYAPATNA,MOTH,moth bean,522,2,24,27
2015,23,HASSAN,8,CHANNARAYAPATNA,SUGARCANE,sugarcane,1755,1290,0,1290
2015,23,HASSAN,8,CHANNARAYAPATNA,PEPPER (BLACK),black pepper,7,0,1,1
2015,23,HASSAN,8,CHANNARAYAPATNA,CHILLIES,chilli,852,2,433,435
2015,23,HASSAN,8,CHANNARAYAPATNA,GINGER,ginger,1253,235,493,728
2015,23,HASSAN,8,CHANNARAYAPATNA,TURMERIC,turmeric,5,0,1,1
2015,23,HASSAN,8,CHANNARAYAPATNA,CARDAMOM (SMALL),cardamom,5,0,2,2
2015,23,HASSAN,8,CHANNARAYAPATNA,CARDAMOM (LARGE),cardamom,10,0,5,5
2015,23,HASSAN,8,CHANNARAYAPATNA,BETELNUTS (ARECANUTS),arecanut,22,3,3,6
2015,23,HASSAN,8,CHANNARAYAPATNA,MANGOES,mango,15,0,3,3
2015,23,HASSAN,8,CHANNARAYAPATNA,BANANA,banana,1108,191,510,700
2015,23,HASSAN,8,CHANNARAYAPATNA,TABLE GRAPES,grapes,0,0,0,0
2015,23,HASSAN,8,CHANNARAYAPATNA,WINE GRAPES (BLACK),grapes,0,0,0,0
2015,23,HASSAN,8,CHANNARAYAPATNA,CASHEWNUTS,cashewnut,0,0,0,0
2015,23,HASSAN,8,CHANNARAYAPATNA,POMEGRANATE,pomegranate,0,0,0,0
2015,23,HASSAN,8,CHANNARAYAPATNA,POTATO,potato,271,83,28,112
2015,23,HASSAN,8,CHANNARAYAPATNA,TAPIOCA (CASSAVA),tapioca,0,0,0,0
2015,23,HASSAN,8,CHANNARAYAPATNA,SWEET POTATO,sweet potato,26,3,0,3
2015,23,HASSAN,8,CHANNARAYAPATNA,ONION,onion,0,0,0,0
2015,23,HASSAN,8,CHANNARAYAPATNA,TOMATO,tomato,242,87,6,93
2015,23,HASSAN,8,CHANNARAYAPATNA,GROUNDNUT,groundnut,25,12,1,13
2015,23,HASSAN,8,CHANNARAYAPATNA,CASTORSEED,castor,165,13,88,101
2015,23,HASSAN,8,CHANNARAYAPATNA,SESAMUM (TIL),sesame,243,2,42,44
2015,23,HASSAN,8,CHANNARAYAPATNA,RAPESEED & MUSTARD (TORIA/TARAMIRA),mustard,15,2,1,3
2015,23,HASSAN,8,CHANNARAYAPATNA,LINSEED,linseed,132,10,49,59
2015,23,HASSAN,8,CHANNARAYAPATNA,COCONUT,coconut,37570,6854,11014,17869
2015,23,HASSAN,8,CHANNARAYAPATNA,SUNFLOWER,sunflower,16,5,4,9
2015,23,HASSAN,8,CHANNARAYAPATNA,SOYABEAN,soybean,36,5,3,8
2015,23,HASSAN,8,CHANNARAYAPATNA,NIGERSEED,niger seed,21,1,1,2
2015,23,HASSAN,8,CHANNARAYAPATNA,COTTON,cotton,26,4,4,8
2015,23,HASSAN,8,CHANNARAYAPATNA,JUTE,jute,0,0,0,0
2015,23,HASSAN,8,CHANNARAYAPATNA,MESTA,mesta,0,0,0,0
2015,23,HASSAN,8,CHANNARAYAPATNA,TOBACCO,tobacco,0,0,0,0
2015,23,HASSAN,8,CHANNARAYAPATNA,GUAR,guar,5,4,0,4
2015,23,HASSAN,8,CHANNARAYAPATNA,COFFEE,coffee,0,0,0,0
2015,23,HASSAN,8,CHANNARAYAPATNA,GROSS CROPPED AREA,,120876,16783,60826,77610
2015,23,HASSAN,4,HASSAN,PADDY,rice,4206,904,1136,2040
2015,23,HASSAN,4,HASSAN,JOWAR,jowar,344,89,146,235
2015,23,HASSAN,4,HASSAN,BAJRA,bajra,97,11,16,26
2015,23,HASSAN,4,HASSAN,MAIZE,maize,67555,5893,31999,37892
2015,23,HASSAN,4,HASSAN,RAGI,ragi,32659,2255,11705,13960
2015,23,HASSAN,4,HASSAN,WHEAT,wheat,136,19,51,70
2015,23,HASSAN,4,HASSAN,BARLEY,barley,143,16,53,69
2015,23,HASSAN,4,HASSAN,GRAM,chickpea,482,58,167,225
2015,23,HASSAN,4,HASSAN,TUR (ARHAR),pigeonpea (tur),20,0,6,6
2015,23,HASSAN,4,HASSAN,URAD,black gram,10,0,1,1
2015,23,HASSAN,4,HASSAN,MOONG,green gram,862,10,227,236
2015,23,HASSAN,4,HASSAN,MASUR,lentil,47,0,10,10
2015,23,HASSAN,4,HASSAN,HORSEGRAM,horse gram,2079,0,560,560
2015,23,HASSAN,4,HASSAN,MOTH,moth bean,4,0,1,1
2015,23,HASSAN,4,HASSAN,SUGARCANE,sugarcane,326,336,0,336
2015,23,HASSAN,4,HASSAN,PEPPER (BLACK),black pepper,55,4,15,19
2015,23,HASSAN,4,HASSAN,CHILLIES,chilli,54,2,16,18
2015,23,HASSAN,4,HASSAN,GINGER,ginger,3514,573,1034,1607
2015,23,HASSAN,4,HASSAN,TURMERIC,turmeric,58,8,30,37
2015,23,HASSAN,4,HASSAN,CARDAMOM (SMALL),cardamom,19,0,9,9
2015,23,HASSAN,4,HASSAN,CARDAMOM (LARGE),cardamom,5,0,1,1
2015,23,HASSAN,4,HASSAN,BETELNUTS (ARECANUTS),arecanut,352,162,107,269
2015,23,HASSAN,4,HASSAN,MANGOES,mango,15,4,2,6
2015,23,HASSAN,4,HASSAN,BANANA,banana,150,103,33,136
2015,23,HASSAN,4,HASSAN,TABLE GRAPES,grapes,0,0,0,0
2015,23,HASSAN,4,HASSAN,WINE GRAPES (BLACK),grapes,0,0,0,0
2015,23,HASSAN,4,HASSAN,CASHEWNUTS,cashewnut,0,0,0,0
2015,23,HASSAN,4,HASSAN,POMEGRANATE,pomegranate,0,0,0,0
2015,23,HASSAN,4,HASSAN,POTATO,potato,11941,1615,4604,6219
2015,23,HASSAN,4,HASSAN,TAPIOCA (CASSAVA),tapioca,35,4,4,7
2015,23,HASSAN,4,HASSAN,SWEET POTATO,sweet potato,74,25,24,49
2015,23,HASSAN,4,HASSAN,ONION,onion,65,8,13,21
2015,23,HASSAN,4,HASSAN,TOMATO,tomato,2181,1058,154,1212
2015,23,HASSAN,4,HASSAN,GROUNDNUT,groundnut,225,37,93,130
2015,23,HASSAN,4,HASSAN,CASTORSEED,castor,72,1,35,37
2015,23,HASSAN,4,HASSAN,SESAMUM (TIL),sesame,191,0,42,42
2015,23,HASSAN,4,HASSAN,RAPESEED & MUSTARD (TORIA/TARAMIRA),mustard,30,0,7,7
2015,23,HASSAN,4,HASSAN,LINSEED,linseed,80,4,22,26
2015,23,HASSAN,4,HASSAN,COCONUT,coconut,4821,1532,1894,3426
2015,23,HASSAN,4,HASSAN,SUNFLOWER,sunflower,1106,131,302,433
2015,23,HASSAN,4,HASSAN,SOYABEAN,soybean,14,0,10,10
2015,23,HASSAN,4,HASSAN,NIGERSEED,niger seed,0,0,0,0
2015,23,HASSAN,4,HASSAN,COTTON,cotton,20,0,11,11
2015,23,HASSAN,4,HASSAN,JUTE,jute,0,0,0,0
2015,23,HASSAN,4,HASSAN,MESTA,mesta,0,0,0,0
2015,23,HASSAN,4,HASSAN,TOBACCO,tobacco,0,0,0,0
2015,23,HASSAN,4,HASSAN,GUAR,guar,0,0,0,0
2015,23,HASSAN,4,HASSAN,COFFEE,coffee,0,0,0,0
2015,23,HASSAN,4,HASSAN,GROSS CROPPED AREA,,103426,16024,55621,71644
2015,23,HASSAN,7,HOLENARASIPURA,PADDY,rice,7681,3704,265,3969
2015,23,HASSAN,7,HOLENARASIPURA,JOWAR,jowar,4894,20,3294,3314
2015,23,HASSAN,7,HOLENARASIPURA,BAJRA,bajra,16,0,13,13
2015,23,HASSAN,7,HOLENARASIPURA,MAIZE,maize,18293,75,14243,14318
2015,23,HASSAN,7,HOLENARASIPURA,RAGI,ragi,23747,412,10446,10858
2015,23,HASSAN,7,HOLENARASIPURA,WHEAT,wheat,95,12,62,74
2015,23,HASSAN,7,HOLENARASIPURA,BARLEY,barley,17,0,6,6
2015,23,HASSAN,7,HOLENARASIPURA,GRAM,chickpea,5,0,2,2
2015,23,HASSAN,7,HOLENARASIPURA,TUR (ARHAR),pigeonpea (tur),9,0,3,3
2015,23,HASSAN,7,HOLENARASIPURA,URAD,black gram,0,0,0,0
2015,23,HASSAN,7,HOLENARASIPURA,MOONG,green gram,773,0,188,188
2015,23,HASSAN,7,HOLENARASIPURA,MASUR,lentil,4,0,1,1
2015,23,HASSAN,7,HOLENARASIPURA,HORSEGRAM,horse gram,1828,4,493,497
2015,23,HASSAN,7,HOLENARASIPURA,MOTH,moth bean,0,0,0,0
2015,23,HASSAN,7,HOLENARASIPURA,SUGARCANE,sugarcane,1159,706,0,706
2015,23,HASSAN,7,HOLENARASIPURA,PEPPER (BLACK),black pepper,6,0,2,2
2015,23,HASSAN,7,HOLENARASIPURA,CHILLIES,chilli,221,7,58,65
2015,23,HASSAN,7,HOLENARASIPURA,GINGER,ginger,718,268,38,305
2015,23,HASSAN,7,HOLENARASIPURA,TURMERIC,turmeric,10,1,2,3
2015,23,HASSAN,7,HOLENARASIPURA,CARDAMOM (SMALL),cardamom,0,0,0,0
2015,23,HASSAN,7,HOLENARASIPURA,CARDAMOM (LARGE),cardamom,0,0,0,0
2015,23,HASSAN,7,HOLENARASIPURA,BETELNUTS (ARECANUTS),arecanut,327,122,7,129
2015,23,HASSAN,7,HOLENARASIPURA,MANGOES,mango,4,0,0,0
2015,23,HASSAN,7,HOLENARASIPURA,BANANA,banana,227,81,0,81
2015,23,HASSAN,7,HOLENARASIPURA,TABLE GRAPES,grapes,0,0,0,0
2015,23,HASSAN,7,HOLENARASIPURA,WINE GRAPES (BLACK),grapes,0,0,0,0
2015,23,HASSAN,7,HOLENARASIPURA,CASHEWNUTS,cashewnut,0,0,0,0
2015,23,HASSAN,7,HOLENARASIPURA,POMEGRANATE,pomegranate,0,0,0,0
2015,23,HASSAN,7,HOLENARASIPURA,POTATO,potato,812,42,399,440
2015,23,HASSAN,7,HOLENARASIPURA,TAPIOCA (CASSAVA),tapioca,8,2,1,3
2015,23,HASSAN,7,HOLENARASIPURA,SWEET POTATO,sweet potato,9,0,2,2
2015,23,HASSAN,7,HOLENARASIPURA,ONION,onion,4,0,0,0
2015,23,HASSAN,7,HOLENARASIPURA,TOMATO,tomato,69,21,1,22
2015,23,HASSAN,7,HOLENARASIPURA,GROUNDNUT,groundnut,5,2,0,2
2015,23,HASSAN,7,HOLENARASIPURA,CASTORSEED,castor,0,0,0,0
2015,23,HASSAN,7,HOLENARASIPURA,SESAMUM (TIL),sesame,54,8,3,12
2015,23,HASSAN,7,HOLENARASIPURA,RAPESEED & MUSTARD (TORIA/TARAMIRA),mustard,4,0,1,1
2015,23,HASSAN,7,HOLENARASIPURA,LINSEED,linseed,0,0,0,0
2015,23,HASSAN,7,HOLENARASIPURA,COCONUT,coconut,2884,884,481,1366
2015,23,HASSAN,7,HOLENARASIPURA,SUNFLOWER,sunflower,10,14,0,14
2015,23,HASSAN,7,HOLENARASIPURA,SOYABEAN,soybean,0,0,0,0
2015,23,HASSAN,7,HOLENARASIPURA,NIGERSEED,niger seed,0,0,0,0
2015,23,HASSAN,7,HOLENARASIPURA,COTTON,cotton,0,0,0,0
2015,23,HASSAN,7,HOLENARASIPURA,JUTE,jute,0,0,0,0
2015,23,HASSAN,7,HOLENARASIPURA,MESTA,mesta,0,0,0,0
2015,23,HASSAN,7,HOLENARASIPURA,TOBACCO,tobacco,1749,68,1615,1683
2015,23,HASSAN,7,HOLENARASIPURA,GUAR,guar,0,0,0,0
2015,23,HASSAN,7,HOLENARASIPURA,COFFEE,coffee,9,0,5,5
2015,23,HASSAN,7,HOLENARASIPURA,GROSS CROPPED AREA,,51978,6567,31736,38303
2015,23,HASSAN,1,SAKALESHPUR,PADDY,rice,16766,160,9168,9328
2015,23,HASSAN,1,SAKALESHPUR,JOWAR,jowar,9,0,3,3
2015,23,HASSAN,1,SAKALESHPUR,BAJRA,bajra,8,2,1,3
2015,23,HASSAN,1,SAKALESHPUR,MAIZE,maize,21,0,9,9
2015,23,HASSAN,1,SAKALESHPUR,RAGI,ragi,2671,0,348,348
2015,23,HASSAN,1,SAKALESHPUR,WHEAT,wheat,4,1,0,1
2015,23,HASSAN,1,SAKALESHPUR,BARLEY,barley,0,0,0,0
2015,23,HASSAN,1,SAKALESHPUR,GRAM,chickpea,0,0,0,0
2015,23,HASSAN,1,SAKALESHPUR,TUR (ARHAR),pigeonpea (tur),0,0,0,0
2015,23,HASSAN,1,SAKALESHPUR,URAD,black gram,3,0,3,3
2015,23,HASSAN,1,SAKALESHPUR,MOONG,green gram,0,0,0,0
2015,23,HASSAN,1,SAKALESHPUR,MASUR,lentil,0,0,0,0
2015,23,HASSAN,1,SAKALESHPUR,HORSEGRAM,horse gram,4,0,0,0
2015,23,HASSAN,1,SAKALESHPUR,MOTH,moth bean,0,0,0,0
2015,23,HASSAN,1,SAKALESHPUR,SUGARCANE,sugarcane,0,0,0,0
2015,23,HASSAN,1,SAKALESHPUR,PEPPER (BLACK),black pepper,13184,19,5316,5334
2015,23,HASSAN,1,SAKALESHPUR,CHILLIES,chilli,2957,0,2401,2401
2015,23,HASSAN,1,SAKALESHPUR,GINGER,ginger,1556,470,370,840
2015,23,HASSAN,1,SAKALESHPUR,TURMERIC,turmeric,21,3,6,9
2015,23,HASSAN,1,SAKALESHPUR,CARDAMOM (SMALL),cardamom,2076,1,1121,1123
2015,23,HASSAN,1,SAKALESHPUR,CARDAMOM (LARGE),cardamom,33,11,0,11
2015,23,HASSAN,1,SAKALESHPUR,BETELNUTS (ARECANUTS),arecanut,3773,105,906,1011
2015,23,HASSAN,1,SAKALESHPUR,MANGOES,mango,58,4,23,27
2015,23,HASSAN,1,SAKALESHPUR,BANANA,banana,3645,116,691,807
2015,23,HASSAN,1,SAKALESHPUR,TABLE GRAPES,grapes,42,0,15,15
2015,23,HASSAN,1,SAKALESHPUR,WINE GRAPES (BLACK),grapes,0,0,0,0
2015,23,HASSAN,1,SAKALESHPUR,CASHEWNUTS,cashewnut,0,0,0,0
2015,23,HASSAN,1,SAKALESHPUR,POMEGRANATE,pomegranate,0,0,0,0
2015,23,HASSAN,1,SAKALESHPUR,POTATO,potato,0,0,0,0
2015,23,HASSAN,1,SAKALESHPUR,TAPIOCA (CASSAVA),tapioca,0,0,0,0
2015,23,HASSAN,1,SAKALESHPUR,SWEET POTATO,sweet potato,30,14,0,14
2015,23,HASSAN,1,SAKALESHPUR,ONION,onion,0,0,0,0
2015,23,HASSAN,1,SAKALESHPUR,TOMATO,tomato,0,0,0,0
2015,23,HASSAN,1,SAKALESHPUR,GROUNDNUT,groundnut,0,0,0,0
2015,23,HASSAN,1,SAKALESHPUR,CASTORSEED,castor,0,0,0,0
2015,23,HASSAN,1,SAKALESHPUR,SESAMUM (TIL),sesame,0,0,0,0
2015,23,HASSAN,1,SAKALESHPUR,RAPESEED & MUSTARD (TORIA/TARAMIRA),mustard,0,0,0,0
2015,23,HASSAN,1,SAKALESHPUR,LINSEED,linseed,0,0,0,0
2015,23,HASSAN,1,SAKALESHPUR,COCONUT,coconut,90,0,28,28
2015,23,HASSAN,1,SAKALESHPUR,SUNFLOWER,sunflower,0,0,0,0
2015,23,HASSAN,1,SAKALESHPUR,SOYABEAN,soybean,0,0,0,0
2015,23,HASSAN,1,SAKALESHPUR,NIGERSEED,niger seed,0,0,0,0
2015,23,HASSAN,1,SAKALESHPUR,COTTON,cotton,0,0,0,0
2015,23,HASSAN,1,SAKALESHPUR,JUTE,jute,0,0,0,0
2015,23,HASSAN,1,SAKALESHPUR,MESTA,mesta,0,0,0,0
2015,23,HASSAN,1,SAKALESHPUR,TOBACCO,tobacco,9,0,8,8
2015,23,HASSAN,1,SAKALESHPUR,GUAR,guar,0,0,0,0
2015,23,HASSAN,1,SAKALESHPUR,COFFEE,coffee,16621,181,25307,25488
2015,23,HASSAN,1,SAKALESHPUR,GROSS CROPPED AREA,,27815,1967,47130,49097
2015,11,HAVERI,5,BYADAGI,PADDY,rice,1144,487,313,800
2015,11,HAVERI,5,BYADAGI,JOWAR,jowar,2817,127,1921,2047
2015,11,HAVERI,5,BYADAGI,BAJRA,bajra,26,7,8,15
2015,11,HAVERI,5,BYADAGI,MAIZE,maize,18908,2614,20270,22884
2015,11,HAVERI,5,BYADAGI,RAGI,ragi,17,1,23,24
2015,11,HAVERI,5,BYADAGI,WHEAT,wheat,0,0,0,0
2015,11,HAVERI,5,BYADAGI,BARLEY,barley,11,0,14,14
2015,11,HAVERI,5,BYADAGI,GRAM,chickpea,0,0,0,0
2015,11,HAVERI,5,BYADAGI,TUR (ARHAR),pigeonpea (tur),0,0,0,0
2015,11,HAVERI,5,BYADAGI,URAD,black gram,0,0,0,0
2015,11,HAVERI,5,BYADAGI,MOONG,green gram,256,10,128,138
2015,11,HAVERI,5,BYADAGI,MASUR,lentil,0,0,0,0
2015,11,HAVERI,5,BYADAGI,HORSEGRAM,horse gram,443,5,203,209
2015,11,HAVERI,5,BYADAGI,MOTH,moth bean,0,0,0,0
2015,11,HAVERI,5,BYADAGI,SUGARCANE,sugarcane,119,102,0,102
2015,11,HAVERI,5,BYADAGI,PEPPER (BLACK),black pepper,11,7,0,7
2015,11,HAVERI,5,BYADAGI,CHILLIES,chilli,5,13,0,13
2015,11,HAVERI,5,BYADAGI,GINGER,ginger,68,116,0,116
2015,11,HAVERI,5,BYADAGI,TURMERIC,turmeric,0,0,0,0
2015,11,HAVERI,5,BYADAGI,CARDAMOM (SMALL),cardamom,0,0,0,0
2015,11,HAVERI,5,BYADAGI,CARDAMOM (LARGE),cardamom,0,0,0,0
2015,11,HAVERI,5,BYADAGI,BETELNUTS (ARECANUTS),arecanut,45,46,0,46
2015,11,HAVERI,5,BYADAGI,MANGOES,mango,32,26,7,33
2015,11,HAVERI,5,BYADAGI,BANANA,banana,38,19,0,19
2015,11,HAVERI,5,BYADAGI,TABLE GRAPES,grapes,0,0,0,0
2015,11,HAVERI,5,BYADAGI,WINE GRAPES (BLACK),grapes,0,0,0,0
2015,11,HAVERI,5,BYADAGI,CASHEWNUTS,cashewnut,0,0,0,0
2015,11,HAVERI,5,BYADAGI,POMEGRANATE,pomegranate,0,0,0,0
2015,11,HAVERI,5,BYADAGI,POTATO,potato,0,0,0,0
2015,11,HAVERI,5,BYADAGI,TAPIOCA (CASSAVA),tapioca,0,0,0,0
2015,11,HAVERI,5,BYADAGI,SWEET POTATO,sweet potato,0,0,0,0
2015,11,HAVERI,5,BYADAGI,ONION,onion,0,0,0,0
2015,11,HAVERI,5,BYADAGI,TOMATO,tomato,934,525,0,525
2015,11,HAVERI,5,BYADAGI,GROUNDNUT,groundnut,41,17,5,21
2015,11,HAVERI,5,BYADAGI,CASTORSEED,castor,5,0,8,8
2015,11,HAVERI,5,BYADAGI,SESAMUM (TIL),sesame,0,0,0,0
2015,11,HAVERI,5,BYADAGI,RAPESEED & MUSTARD (TORIA/TARAMIRA),mustard,0,0,0,0
2015,11,HAVERI,5,BYADAGI,LINSEED,linseed,5,2,0,2
2015,11,HAVERI,5,BYADAGI,COCONUT,coconut,27,13,0,13
2015,11,HAVERI,5,BYADAGI,SUNFLOWER,sunflower,194,86,21,107
2015,11,HAVERI,5,BYADAGI,SOYABEAN,soybean,149,18,46,64
2015,11,HAVERI,5,BYADAGI,NIGERSEED,niger seed,0,0,0,0
2015,11,HAVERI,5,BYADAGI,COTTON,cotton,9941,466,7482,7948
2015,11,HAVERI,5,BYADAGI,JUTE,jute,11,4,2,6
2015,11,HAVERI,5,BYADAGI,MESTA,mesta,11,0,2,2
2015,11,HAVERI,5,BYADAGI,TOBACCO,tobacco,0,0,0,0
2015,11,HAVERI,5,BYADAGI,GUAR,guar,0,0,0,0
2015,11,HAVERI,5,BYADAGI,COFFEE,coffee,0,0,0,0
2015,11,HAVERI,5,BYADAGI,GROSS CROPPED AREA,,22607,6422,30766,37188
2015,11,HAVERI,3,HANAGAL,PADDY,rice,16456,11416,5243,16659
2015,11,HAVERI,3,HANAGAL,JOWAR,jowar,777,157,422,579
2015,11,HAVERI,3,HANAGAL,BAJRA,bajra,19,9,13,22
2015,11,HAVERI,3,HANAGAL,MAIZE,maize,19070,4255,17077,21332
2015,11,HAVERI,3,HANAGAL,RAGI,ragi,36,0,28,28
2015,11,HAVERI,3,HANAGAL,WHEAT,wheat,5,11,0,11
2015,11,HAVERI,3,HANAGAL,BARLEY,barley,5,1,0,1
2015,11,HAVERI,3,HANAGAL,GRAM,chickpea,30,2,12,14
2015,11,HAVERI,3,HANAGAL,TUR (ARHAR),pigeonpea (tur),0,0,0,0
2015,11,HAVERI,3,HANAGAL,URAD,black gram,55,14,2,16
2015,11,HAVERI,3,HANAGAL,MOONG,green gram,338,116,73,189
2015,11,HAVERI,3,HANAGAL,MASUR,lentil,0,0,0,0
2015,11,HAVERI,3,HANAGAL,HORSEGRAM,horse gram,159,10,80,90
2015,11,HAVERI,3,HANAGAL,MOTH,moth bean,5,3,0,3
2015,11,HAVERI,3,HANAGAL,SUGARCANE,sugarcane,1698,2032,0,2032
2015,11,HAVERI,3,HANAGAL,PEPPER (BLACK),black pepper,5,0,3,3
2015,11,HAVERI,3,HANAGAL,CHILLIES,chilli,21,14,0,14
2015,11,HAVERI,3,HANAGAL,GINGER,ginger,181,120,14,135
2015,11,HAVERI,3,HANAGAL,TURMERIC,turmeric,0,0,0,0
2015,11,HAVERI,3,HANAGAL,CARDAMOM (SMALL),cardamom,5,0,2,2
2015,11,HAVERI,3,HANAGAL,CARDAMOM (LARGE),cardamom,11,4,0,4
2015,11,HAVERI,3,HANAGAL,BETELNUTS (ARECANUTS),arecanut,1584,980,92,1072
2015,11,HAVERI,3,HANAGAL,MANGOES,mango,1362,170,1186,1356
2015,11,HAVERI,3,HANAGAL,BANANA,banana,393,180,3,184
2015,11,HAVERI,3,HANAGAL,TABLE GRAPES,grapes,0,0,0,0
2015,11,HAVERI,3,HANAGAL,WINE GRAPES (BLACK),grapes,0,0,0,0
2015,11,HAVERI,3,HANAGAL,CASHEWNUTS,cashewnut,4,8,0,8
2015,11,HAVERI,3,HANAGAL,POMEGRANATE,pomegranate,0,0,0,0
2015,11,HAVERI,3,HANAGAL,POTATO,potato,0,0,0,0
2015,11,HAVERI,3,HANAGAL,TAPIOCA (CASSAVA),tapioca,0,0,0,0
2015,11,HAVERI,3,HANAGAL,SWEET POTATO,sweet potato,0,0,0,0
2015,11,HAVERI,3,HANAGAL,ONION,onion,0,0,0,0
2015,11,HAVERI,3,HANAGAL,TOMATO,tomato,0,0,0,0
2015,11,HAVERI,3,HANAGAL,GROUNDNUT,groundnut,494,247,337,584
2015,11,HAVERI,3,HANAGAL,CASTORSEED,castor,0,0,0,0
2015,11,HAVERI,3,HANAGAL,SESAMUM (TIL),sesame,6,0,3,3
2015,11,HAVERI,3,HANAGAL,RAPESEED & MUSTARD (TORIA/TARAMIRA),mustard,0,0,0,0
2015,11,HAVERI,3,HANAGAL,LINSEED,linseed,5,4,0,4
2015,11,HAVERI,3,HANAGAL,COCONUT,coconut,354,59,64,123
2015,11,HAVERI,3,HANAGAL,SUNFLOWER,sunflower,54,18,7,24
2015,11,HAVERI,3,HANAGAL,SOYABEAN,soybean,2874,176,2709,2886
2015,11,HAVERI,3,HANAGAL,NIGERSEED,niger seed,0,0,0,0
2015,11,HAVERI,3,HANAGAL,COTTON,cotton,7387,584,6931,7515
2015,11,HAVERI,3,HANAGAL,JUTE,jute,9,0,3,3
2015,11,HAVERI,3,HANAGAL,MESTA,mesta,0,0,0,0
2015,11,HAVERI,3,HANAGAL,TOBACCO,tobacco,0,0,0,0
2015,11,HAVERI,3,HANAGAL,GUAR,guar,10,17,0,17
2015,11,HAVERI,3,HANAGAL,COFFEE,coffee,0,0,0,0
2015,11,HAVERI,3,HANAGAL,GROSS CROPPED AREA,,38385,21108,34856,55965
2015,11,HAVERI,4,HAVERI,PADDY,rice,1668,1630,566,2196
2015,11,HAVERI,4,HAVERI,JOWAR,jowar,2873,292,1933,2225
2015,11,HAVERI,4,HAVERI,BAJRA,bajra,0,0,0,0
2015,11,HAVERI,4,HAVERI,MAIZE,maize,24797,7723,29639,37362
2015,11,HAVERI,4,HAVERI,RAGI,ragi,10,0,8,8
2015,11,HAVERI,4,HAVERI,WHEAT,wheat,18,13,1,14
2015,11,HAVERI,4,HAVERI,BARLEY,barley,11,54,8,62
2015,11,HAVERI,4,HAVERI,GRAM,chickpea,60,0,74,74
2015,11,HAVERI,4,HAVERI,TUR (ARHAR),pigeonpea (tur),530,1,191,192
2015,11,HAVERI,4,HAVERI,URAD,black gram,0,0,0,0
2015,11,HAVERI,4,HAVERI,MOONG,green gram,310,0,180,180
2015,11,HAVERI,4,HAVERI,MASUR,lentil,5,0,1,1
2015,11,HAVERI,4,HAVERI,HORSEGRAM,horse gram,0,0,0,0
2015,11,HAVERI,4,HAVERI,MOTH,moth bean,0,0,0,0
2015,11,HAVERI,4,HAVERI,SUGARCANE,sugarcane,1296,1905,0,1905
2015,11,HAVERI,4,HAVERI,PEPPER (BLACK),black pepper,0,0,0,0
2015,11,HAVERI,4,HAVERI,CHILLIES,chilli,54,36,0,36
2015,11,HAVERI,4,HAVERI,GINGER,ginger,0,0,0,0
2015,11,HAVERI,4,HAVERI,TURMERIC,turmeric,0,0,0,0
2015,11,HAVERI,4,HAVERI,CARDAMOM (SMALL),cardamom,0,0,0,0
2015,11,HAVERI,4,HAVERI,CARDAMOM (LARGE),cardamom,0,0,0,0
2015,11,HAVERI,4,HAVERI,BETELNUTS (ARECANUTS),arecanut,5,8,0,8
2015,11,HAVERI,4,HAVERI,MANGOES,mango,6,7,0,7
2015,11,HAVERI,4,HAVERI,BANANA,banana,125,98,0,98
2015,11,HAVERI,4,HAVERI,TABLE GRAPES,grapes,0,0,0,0
2015,11,HAVERI,4,HAVERI,WINE GRAPES (BLACK),grapes,0,0,0,0
2015,11,HAVERI,4,HAVERI,CASHEWNUTS,cashewnut,0,0,0,0
2015,11,HAVERI,4,HAVERI,POMEGRANATE,pomegranate,0,0,0,0
2015,11,HAVERI,4,HAVERI,POTATO,potato,0,0,0,0
2015,11,HAVERI,4,HAVERI,TAPIOCA (CASSAVA),tapioca,0,0,0,0
2015,11,HAVERI,4,HAVERI,SWEET POTATO,sweet potato,0,0,0,0
2015,11,HAVERI,4,HAVERI,ONION,onion,356,247,117,364
2015,11,HAVERI,4,HAVERI,TOMATO,tomato,421,139,2,141
2015,11,HAVERI,4,HAVERI,GROUNDNUT,groundnut,1695,274,1462,1736
2015,11,HAVERI,4,HAVERI,CASTORSEED,castor,0,0,0,0
2015,11,HAVERI,4,HAVERI,SESAMUM (TIL),sesame,49,0,15,15
2015,11,HAVERI,4,HAVERI,RAPESEED & MUSTARD (TORIA/TARAMIRA),mustard,11,0,7,7
2015,11,HAVERI,4,HAVERI,LINSEED,linseed,0,0,0,0
2015,11,HAVERI,4,HAVERI,COCONUT,coconut,35,21,0,21
2015,11,HAVERI,4,HAVERI,SUNFLOWER,sunflower,213,191,1,192
2015,11,HAVERI,4,HAVERI,SOYABEAN,soybean,2378,11,1702,1713
2015,11,HAVERI,4,HAVERI,NIGERSEED,niger seed,0,0,0,0
2015,11,HAVERI,4,HAVERI,COTTON,cotton,12991,3247,12581,15828
2015,11,HAVERI,4,HAVERI,JUTE,jute,22,0,13,13
2015,11,HAVERI,4,HAVERI,MESTA,mesta,10,0,15,15
2015,11,HAVERI,4,HAVERI,TOBACCO,tobacco,0,0,0,0
2015,11,HAVERI,4,HAVERI,GUAR,guar,5,0,2,2
2015,11,HAVERI,4,HAVERI,COFFEE,coffee,0,0,0,0
2015,11,HAVERI,4,HAVERI,GROSS CROPPED AREA,,35770,18941,48799,67741
2015,11,HAVERI,6,HIREKERUR,PADDY,rice,2401,1279,621,1900
2015,11,HAVERI,6,HIREKERUR,JOWAR,jowar,1678,157,878,1035
2015,11,HAVERI,6,HIREKERUR,BAJRA,bajra,0,0,0,0
2015,11,HAVERI,6,HIREKERUR,MAIZE,maize,36893,1754,40727,42481
2015,11,HAVERI,6,HIREKERUR,RAGI,ragi,115,0,63,63
2015,11,HAVERI,6,HIREKERUR,WHEAT,wheat,6,0,4,4
2015,11,HAVERI,6,HIREKERUR,BARLEY,barley,0,0,0,0
2015,11,HAVERI,6,HIREKERUR,GRAM,chickpea,33,0,22,22
2015,11,HAVERI,6,HIREKERUR,TUR (ARHAR),pigeonpea (tur),394,16,82,98
2015,11,HAVERI,6,HIREKERUR,URAD,black gram,0,0,0,0
2015,11,HAVERI,6,HIREKERUR,MOONG,green gram,76,0,15,15
2015,11,HAVERI,6,HIREKERUR,MASUR,lentil,24,0,14,14
2015,11,HAVERI,6,HIREKERUR,HORSEGRAM,horse gram,2780,19,2165,2184
2015,11,HAVERI,6,HIREKERUR,MOTH,moth bean,0,0,0,0
2015,11,HAVERI,6,HIREKERUR,SUGARCANE,sugarcane,199,184,0,184
2015,11,HAVERI,6,HIREKERUR,PEPPER (BLACK),black pepper,64,22,0,22
2015,11,HAVERI,6,HIREKERUR,CHILLIES,chilli,0,0,0,0
2015,11,HAVERI,6,HIREKERUR,GINGER,ginger,125,97,4,101
2015,11,HAVERI,6,HIREKERUR,TURMERIC,turmeric,0,0,0,0
2015,11,HAVERI,6,HIREKERUR,CARDAMOM (SMALL),cardamom,0,0,0,0
2015,11,HAVERI,6,HIREKERUR,CARDAMOM (LARGE),cardamom,11,4,0,4
2015,11,HAVERI,6,HIREKERUR,BETELNUTS (ARECANUTS),arecanut,693,478,22,499
2015,11,HAVERI,6,HIREKERUR,MANGOES,mango,194,193,21,214
2015,11,HAVERI,6,HIREKERUR,BANANA,banana,315,281,24,305
2015,11,HAVERI,6,HIREKERUR,TABLE GRAPES,grapes,0,0,0,0
2015,11,HAVERI,6,HIREKERUR,WINE GRAPES (BLACK),grapes,0,0,0,0
2015,11,HAVERI,6,HIREKERUR,CASHEWNUTS,cashewnut,0,0,0,0
2015,11,HAVERI,6,HIREKERUR,POMEGRANATE,pomegranate,11,9,0,9
2015,11,HAVERI,6,HIREKERUR,POTATO,potato,0,0,0,0
2015,11,HAVERI,6,HIREKERUR,TAPIOCA (CASSAVA),tapioca,0,0,0,0
2015,11,HAVERI,6,HIREKERUR,SWEET POTATO,sweet potato,0,0,0,0
2015,11,HAVERI,6,HIREKERUR,ONION,onion,6,1,0,1
2015,11,HAVERI,6,HIREKERUR,TOMATO,tomato,1051,379,0,379
2015,11,HAVERI,6,HIREKERUR,GROUNDNUT,groundnut,12,8,0,8
2015,11,HAVERI,6,HIREKERUR,CASTORSEED,castor,0,0,0,0
2015,11,HAVERI,6,HIREKERUR,SESAMUM (TIL),sesame,0,0,0,0
2015,11,HAVERI,6,HIREKERUR,RAPESEED & MUSTARD (TORIA/TARAMIRA),mustard,0,0,0,0
2015,11,HAVERI,6,HIREKERUR,LINSEED,linseed,0,0,0,0
2015,11,HAVERI,6,HIREKERUR,COCONUT,coconut,253,113,28,141
2015,11,HAVERI,6,HIREKERUR,SUNFLOWER,sunflower,488,202,61,263
2015,11,HAVERI,6,HIREKERUR,SOYABEAN,soybean,12,0,53,53
2015,11,HAVERI,6,HIREKERUR,NIGERSEED,niger seed,0,0,0,0
2015,11,HAVERI,6,HIREKERUR,COTTON,cotton,13512,851,9628,10479
2015,11,HAVERI,6,HIREKERUR,JUTE,jute,95,0,63,63
2015,11,HAVERI,6,HIREKERUR,MESTA,mesta,5,0,7,7
2015,11,HAVERI,6,HIREKERUR,TOBACCO,tobacco,0,0,0,0
2015,11,HAVERI,6,HIREKERUR,GUAR,guar,0,0,0,0
2015,11,HAVERI,6,HIREKERUR,COFFEE,coffee,0,0,0,0
2015,11,HAVERI,6,HIREKERUR,GROSS CROPPED AREA,,43218,7087,54864,61950
2015,11,HAVERI,7,RANEBENNUR,PADDY,rice,3904,4791,296,5086
2015,11,HAVERI,7,RANEBENNUR,JOWAR,jowar,2890,335,1754,2089
2015,11,HAVERI,7,RANEBENNUR,BAJRA,bajra,11,0,7,7
2015,11,HAVERI,7,RANEBENNUR,MAIZE,maize,25823,3629,29659,33289
2015,11,HAVERI,7,RANEBENNUR,RAGI,ragi,744,0,323,323
2015,11,HAVERI,7,RANEBENNUR,WHEAT,wheat,1899,0,1821,1821
2015,11,HAVERI,7,RANEBENNUR,BARLEY,barley,1991,12,2322,2334
2015,11,HAVERI,7,RANEBENNUR,GRAM,chickpea,93,15,50,65
2015,11,HAVERI,7,RANEBENNUR,TUR (ARHAR),pigeonpea (tur),571,20,149,168
2015,11,HAVERI,7,RANEBENNUR,URAD,black gram,0,0,0,0
2015,11,HAVERI,7,RANEBENNUR,MOONG,green gram,132,16,30,46
2015,11,HAVERI,7,RANEBENNUR,MASUR,lentil,0,0,0,0
2015,11,HAVERI,7,RANEBENNUR,HORSEGRAM,horse gram,68,5,85,91
2015,11,HAVERI,7,RANEBENNUR,MOTH,moth bean,0,0,0,0
2015,11,HAVERI,7,RANEBENNUR,SUGARCANE,sugarcane,852,749,0,749
2015,11,HAVERI,7,RANEBENNUR,PEPPER (BLACK),black pepper,11,4,0,4
2015,11,HAVERI,7,RANEBENNUR,CHILLIES,chilli,48,10,18,28
2015,11,HAVERI,7,RANEBENNUR,GINGER,ginger,0,0,0,0
2015,11,HAVERI,7,RANEBENNUR,TURMERIC,turmeric,6,6,0,6
2015,11,HAVERI,7,RANEBENNUR,CARDAMOM (SMALL),cardamom,0,0,0,0
2015,11,HAVERI,7,RANEBENNUR,CARDAMOM (LARGE),cardamom,16,23,4,27
2015,11,HAVERI,7,RANEBENNUR,BETELNUTS (ARECANUTS),arecanut,320,243,46,289
2015,11,HAVERI,7,RANEBENNUR,MANGOES,mango,34,27,0,27
2015,11,HAVERI,7,RANEBENNUR,BANANA,banana,178,147,28,175
2015,11,HAVERI,7,RANEBENNUR,TABLE GRAPES,grapes,11,4,0,4
2015,11,HAVERI,7,RANEBENNUR,WINE GRAPES (BLACK),grapes,0,0,0,0
2015,11,HAVERI,7,RANEBENNUR,CASHEWNUTS,cashewnut,0,0,0,0
2015,11,HAVERI,7,RANEBENNUR,POMEGRANATE,pomegranate,0,0,0,0
2015,11,HAVERI,7,RANEBENNUR,POTATO,potato,6,4,0,4
2015,11,HAVERI,7,RANEBENNUR,TAPIOCA (CASSAVA),tapioca,5,1,0,1
2015,11,HAVERI,7,RANEBENNUR,SWEET POTATO,sweet potato,5,6,0,6
2015,11,HAVERI,7,RANEBENNUR,ONION,onion,4370,488,3262,3750
2015,11,HAVERI,7,RANEBENNUR,TOMATO,tomato,759,385,58,443
2015,11,HAVERI,7,RANEBENNUR,GROUNDNUT,groundnut,872,184,406,590
2015,11,HAVERI,7,RANEBENNUR,CASTORSEED,castor,0,0,0,0
2015,11,HAVERI,7,RANEBENNUR,SESAMUM (TIL),sesame,0,0,0,0
2015,11,HAVERI,7,RANEBENNUR,RAPESEED & MUSTARD (TORIA/TARAMIRA),mustard,27,16,8,24
2015,11,HAVERI,7,RANEBENNUR,LINSEED,linseed,6,2,0,2
2015,11,HAVERI,7,RANEBENNUR,COCONUT,coconut,362,237,9,246
2015,11,HAVERI,7,RANEBENNUR,SUNFLOWER,sunflower,1195,362,619,980
2015,11,HAVERI,7,RANEBENNUR,SOYABEAN,soybean,220,16,113,129
2015,11,HAVERI,7,RANEBENNUR,NIGERSEED,niger seed,0,0,0,0
2015,11,HAVERI,7,RANEBENNUR,COTTON,cotton,10887,1666,9216,10882
2015,11,HAVERI,7,RANEBENNUR,JUTE,jute,69,0,35,35
2015,11,HAVERI,7,RANEBENNUR,MESTA,mesta,0,0,0,0
2015,11,HAVERI,7,RANEBENNUR,TOBACCO,tobacco,0,0,0,0
2015,11,HAVERI,7,RANEBENNUR,GUAR,guar,0,0,0,0
2015,11,HAVERI,7,RANEBENNUR,COFFEE,coffee,0,0,0,0
2015,11,HAVERI,7,RANEBENNUR,GROSS CROPPED AREA,,41431,15181,54321,69502
2015,11,HAVERI,2,SAVANUR,PADDY,rice,202,23,288,311
2015,11,HAVERI,2,SAVANUR,JOWAR,jowar,2026,82,1725,1806
2015,11,HAVERI,2,SAVANUR,BAJRA,bajra,6,0,27,27
2015,11,HAVERI,2,SAVANUR,MAIZE,maize,6585,233,9257,9490
2015,11,HAVERI,2,SAVANUR,RAGI,ragi,336,3,290,294
2015,11,HAVERI,2,SAVANUR,WHEAT,wheat,362,0,388,388
2015,11,HAVERI,2,SAVANUR,BARLEY,barley,0,0,0,0
2015,11,HAVERI,2,SAVANUR,GRAM,chickpea,605,0,700,700
2015,11,HAVERI,2,SAVANUR,TUR (ARHAR),pigeonpea (tur),1185,11,388,400
2015,11,HAVERI,2,SAVANUR,URAD,black gram,56,0,43,43
2015,11,HAVERI,2,SAVANUR,MOONG,green gram,810,6,401,407
2015,11,HAVERI,2,SAVANUR,MASUR,lentil,0,0,0,0
2015,11,HAVERI,2,SAVANUR,HORSEGRAM,horse gram,0,0,0,0
2015,11,HAVERI,2,SAVANUR,MOTH,moth bean,0,0,0,0
2015,11,HAVERI,2,SAVANUR,SUGARCANE,sugarcane,94,174,0,174
2015,11,HAVERI,2,SAVANUR,PEPPER (BLACK),black pepper,78,48,0,48
2015,11,HAVERI,2,SAVANUR,CHILLIES,chilli,164,200,2,202
2015,11,HAVERI,2,SAVANUR,GINGER,ginger,0,0,0,0
2015,11,HAVERI,2,SAVANUR,TURMERIC,turmeric,0,0,0,0
2015,11,HAVERI,2,SAVANUR,CARDAMOM (SMALL),cardamom,0,0,0,0
2015,11,HAVERI,2,SAVANUR,CARDAMOM (LARGE),cardamom,0,0,0,0
2015,11,HAVERI,2,SAVANUR,BETELNUTS (ARECANUTS),arecanut,12,4,10,14
2015,11,HAVERI,2,SAVANUR,MANGOES,mango,15,15,0,15
2015,11,HAVERI,2,SAVANUR,BANANA,banana,32,10,9,19
2015,11,HAVERI,2,SAVANUR,TABLE GRAPES,grapes,0,0,0,0
2015,11,HAVERI,2,SAVANUR,WINE GRAPES (BLACK),grapes,0,0,0,0
2015,11,HAVERI,2,SAVANUR,CASHEWNUTS,cashewnut,0,0,0,0
2015,11,HAVERI,2,SAVANUR,POMEGRANATE,pomegranate,0,0,0,0
2015,11,HAVERI,2,SAVANUR,POTATO,potato,0,0,0,0
2015,11,HAVERI,2,SAVANUR,TAPIOCA (CASSAVA),tapioca,1133,0,1702,1702
2015,11,HAVERI,2,SAVANUR,SWEET POTATO,sweet potato,0,0,0,0
2015,11,HAVERI,2,SAVANUR,ONION,onion,56,29,31,60
2015,11,HAVERI,2,SAVANUR,TOMATO,tomato,17,4,0,4
2015,11,HAVERI,2,SAVANUR,GROUNDNUT,groundnut,7565,193,9539,9732
2015,11,HAVERI,2,SAVANUR,CASTORSEED,castor,3,0,3,3
2015,11,HAVERI,2,SAVANUR,SESAMUM (TIL),sesame,60,0,40,40
2015,11,HAVERI,2,SAVANUR,RAPESEED & MUSTARD (TORIA/TARAMIRA),mustard,21,0,19,19
2015,11,HAVERI,2,SAVANUR,LINSEED,linseed,0,0,0,0
2015,11,HAVERI,2,SAVANUR,COCONUT,coconut,228,123,10,133
2015,11,HAVERI,2,SAVANUR,SUNFLOWER,sunflower,52,2,53,55
2015,11,HAVERI,2,SAVANUR,SOYABEAN,soybean,1170,5,1109,1114
2015,11,HAVERI,2,SAVANUR,NIGERSEED,niger seed,408,12,139,151
2015,11,HAVERI,2,SAVANUR,COTTON,cotton,13294,754,18873,19627
2015,11,HAVERI,2,SAVANUR,JUTE,jute,80,0,103,103
2015,11,HAVERI,2,SAVANUR,MESTA,mesta,0,0,0,0
2015,11,HAVERI,2,SAVANUR,TOBACCO,tobacco,0,0,0,0
2015,11,HAVERI,2,SAVANUR,GUAR,guar,0,0,0,0
2015,11,HAVERI,2,SAVANUR,COFFEE,coffee,0,0,0,0
2015,11,HAVERI,2,SAVANUR,GROSS CROPPED AREA,,24028,2585,46611,49196
2015,11,HAVERI,1,SHIGGAON,PADDY,rice,8147,835,8673,9508
2015,11,HAVERI,1,SHIGGAON,JOWAR,jowar,1048,74,623,696
2015,11,HAVERI,1,SHIGGAON,BAJRA,bajra,0,0,0,0
2015,11,HAVERI,1,SHIGGAON,MAIZE,maize,10478,984,13129,14113
2015,11,HAVERI,1,SHIGGAON,RAGI,ragi,116,0,68,68
2015,11,HAVERI,1,SHIGGAON,WHEAT,wheat,394,29,158,187
2015,11,HAVERI,1,SHIGGAON,BARLEY,barley,0,0,0,0
2015,11,HAVERI,1,SHIGGAON,GRAM,chickpea,150,7,57,64
2015,11,HAVERI,1,SHIGGAON,TUR (ARHAR),pigeonpea (tur),234,4,60,65
2015,11,HAVERI,1,SHIGGAON,URAD,black gram,17,0,10,10
2015,11,HAVERI,1,SHIGGAON,MOONG,green gram,373,96,82,177
2015,11,HAVERI,1,SHIGGAON,MASUR,lentil,0,0,0,0
2015,11,HAVERI,1,SHIGGAON,HORSEGRAM,horse gram,89,53,9,62
2015,11,HAVERI,1,SHIGGAON,MOTH,moth bean,0,0,0,0
2015,11,HAVERI,1,SHIGGAON,SUGARCANE,sugarcane,146,185,0,185
2015,11,HAVERI,1,SHIGGAON,PEPPER (BLACK),black pepper,16,0,8,8
2015,11,HAVERI,1,SHIGGAON,CHILLIES,chilli,193,21,228,249
2015,11,HAVERI,1,SHIGGAON,GINGER,ginger,0,0,0,0
2015,11,HAVERI,1,SHIGGAON,TURMERIC,turmeric,0,0,0,0
2015,11,HAVERI,1,SHIGGAON,CARDAMOM (SMALL),cardamom,0,0,0,0
2015,11,HAVERI,1,SHIGGAON,CARDAMOM (LARGE),cardamom,0,0,0,0
2015,11,HAVERI,1,SHIGGAON,BETELNUTS (ARECANUTS),arecanut,122,162,9,170
2015,11,HAVERI,1,SHIGGAON,MANGOES,mango,446,421,339,760
2015,11,HAVERI,1,SHIGGAON,BANANA,banana,92,138,3,141
2015,11,HAVERI,1,SHIGGAON,TABLE GRAPES,grapes,5,8,0,8
2015,11,HAVERI,1,SHIGGAON,WINE GRAPES (BLACK),grapes,0,0,0,0
2015,11,HAVERI,1,SHIGGAON,CASHEWNUTS,cashewnut,18,93,0,93
2015,11,HAVERI,1,SHIGGAON,POMEGRANATE,pomegranate,0,0,0,0
2015,11,HAVERI,1,SHIGGAON,POTATO,potato,0,0,0,0
2015,11,HAVERI,1,SHIGGAON,TAPIOCA (CASSAVA),tapioca,0,0,0,0
2015,11,HAVERI,1,SHIGGAON,SWEET POTATO,sweet potato,0,0,0,0
2015,11,HAVERI,1,SHIGGAON,ONION,onion,0,0,0,0
2015,11,HAVERI,1,SHIGGAON,TOMATO,tomato,0,0,0,0
2015,11,HAVERI,1,SHIGGAON,GROUNDNUT,groundnut,3224,88,3960,4048
2015,11,HAVERI,1,SHIGGAON,CASTORSEED,castor,0,0,0,0
2015,11,HAVERI,1,SHIGGAON,SESAMUM (TIL),sesame,11,0,0,0
2015,11,HAVERI,1,SHIGGAON,RAPESEED & MUSTARD (TORIA/TARAMIRA),mustard,18,0,16,16
2015,11,HAVERI,1,SHIGGAON,LINSEED,linseed,11,4,7,11
2015,11,HAVERI,1,SHIGGAON,COCONUT,coconut,83,74,9,82
2015,11,HAVERI,1,SHIGGAON,SUNFLOWER,sunflower,10,0,14,14
2015,11,HAVERI,1,SHIGGAON,SOYABEAN,soybean,2680,38,2826,2864
2015,11,HAVERI,1,SHIGGAON,NIGERSEED,niger seed,124,0,16,16
2015,11,HAVERI,1,SHIGGAON,COTTON,cotton,7371,108,9243,9350
2015,11,HAVERI,1,SHIGGAON,JUTE,jute,7,0,6,6
2015,11,HAVERI,1,SHIGGAON,MESTA,mesta,0,0,0,0
2015,11,HAVERI,1,SHIGGAON,TOBACCO,tobacco,0,0,0,0
2015,11,HAVERI,1,SHIGGAON,GUAR,guar,0,0,0,0
2015,11,HAVERI,1,SHIGGAON,COFFEE,coffee,0,0,0,0
2015,11,HAVERI,1,SHIGGAON,GROSS CROPPED AREA,,23506,3653,40420,44073
2015,4,KALABURGI,2,AFZALPUR,PADDY,rice,196,60,448,508
2015,4,KALABURGI,2,AFZALPUR,JOWAR,jowar,3358,40,4222,4262
2015,4,KALABURGI,2,AFZALPUR,BAJRA,bajra,419,0,637,637
2015,4,KALABURGI,2,AFZALPUR,MAIZE,maize,260,203,132,335
2015,4,KALABURGI,2,AFZALPUR,RAGI,ragi,4,0,20,20
2015,4,KALABURGI,2,AFZALPUR,WHEAT,wheat,525,389,146,534
2015,4,KALABURGI,2,AFZALPUR,BARLEY,barley,24,0,42,42
2015,4,KALABURGI,2,AFZALPUR,GRAM,chickpea,5654,50,6739,6790
2015,4,KALABURGI,2,AFZALPUR,TUR (ARHAR),pigeonpea (tur),32625,213,54464,54678
2015,4,KALABURGI,2,AFZALPUR,URAD,black gram,4412,21,6299,6320
2015,4,KALABURGI,2,AFZALPUR,MOONG,green gram,1777,17,2904,2920
2015,4,KALABURGI,2,AFZALPUR,MASUR,lentil,0,0,0,0
2015,4,KALABURGI,2,AFZALPUR,HORSEGRAM,horse gram,0,0,0,0
2015,4,KALABURGI,2,AFZALPUR,MOTH,moth bean,6,0,1,1
2015,4,KALABURGI,2,AFZALPUR,SUGARCANE,sugarcane,11568,21463,0,21463
2015,4,KALABURGI,2,AFZALPUR,PEPPER (BLACK),black pepper,0,0,0,0
2015,4,KALABURGI,2,AFZALPUR,CHILLIES,chilli,0,0,0,0
2015,4,KALABURGI,2,AFZALPUR,GINGER,ginger,0,0,0,0
2015,4,KALABURGI,2,AFZALPUR,TURMERIC,turmeric,0,0,0,0
2015,4,KALABURGI,2,AFZALPUR,CARDAMOM (SMALL),cardamom,0,0,0,0
2015,4,KALABURGI,2,AFZALPUR,CARDAMOM (LARGE),cardamom,0,0,0,0
2015,4,KALABURGI,2,AFZALPUR,BETELNUTS (ARECANUTS),arecanut,0,0,0,0
2015,4,KALABURGI,2,AFZALPUR,MANGOES,mango,8,0,3,3
2015,4,KALABURGI,2,AFZALPUR,BANANA,banana,893,1146,221,1367
2015,4,KALABURGI,2,AFZALPUR,TABLE GRAPES,grapes,242,455,11,465
2015,4,KALABURGI,2,AFZALPUR,WINE GRAPES (BLACK),grapes,0,0,0,0
2015,4,KALABURGI,2,AFZALPUR,CASHEWNUTS,cashewnut,0,0,0,0
2015,4,KALABURGI,2,AFZALPUR,POMEGRANATE,pomegranate,0,0,0,0
2015,4,KALABURGI,2,AFZALPUR,POTATO,potato,0,0,0,0
2015,4,KALABURGI,2,AFZALPUR,TAPIOCA (CASSAVA),tapioca,0,0,0,0
2015,4,KALABURGI,2,AFZALPUR,SWEET POTATO,sweet potato,0,0,0,0
2015,4,KALABURGI,2,AFZALPUR,ONION,onion,456,412,320,732
2015,4,KALABURGI,2,AFZALPUR,TOMATO,tomato,181,138,102,240
2015,4,KALABURGI,2,AFZALPUR,GROUNDNUT,groundnut,357,369,54,423
2015,4,KALABURGI,2,AFZALPUR,CASTORSEED,castor,0,0,0,0
2015,4,KALABURGI,2,AFZALPUR,SESAMUM (TIL),sesame,0,0,0,0
2015,4,KALABURGI,2,AFZALPUR,RAPESEED & MUSTARD (TORIA/TARAMIRA),mustard,17,0,23,23
2015,4,KALABURGI,2,AFZALPUR,LINSEED,linseed,0,0,0,0
2015,4,KALABURGI,2,AFZALPUR,COCONUT,coconut,0,0,0,0
2015,4,KALABURGI,2,AFZALPUR,SUNFLOWER,sunflower,2737,168,3108,3276
2015,4,KALABURGI,2,AFZALPUR,SOYABEAN,soybean,261,0,346,346
2015,4,KALABURGI,2,AFZALPUR,NIGERSEED,niger seed,0,0,0,0
2015,4,KALABURGI,2,AFZALPUR,COTTON,cotton,1429,224,2074,2298
2015,4,KALABURGI,2,AFZALPUR,JUTE,jute,0,0,0,0
2015,4,KALABURGI,2,AFZALPUR,MESTA,mesta,4,0,12,12
2015,4,KALABURGI,2,AFZALPUR,TOBACCO,tobacco,0,0,0,0
2015,4,KALABURGI,2,AFZALPUR,GUAR,guar,0,0,0,0
2015,4,KALABURGI,2,AFZALPUR,COFFEE,coffee,0,0,0,0
2015,4,KALABURGI,2,AFZALPUR,GROSS CROPPED AREA,,50505,25650,82380,108030
2015,4,KALABURGI,1,ALAND,PADDY,rice,18,6,20,26
2015,4,KALABURGI,1,ALAND,JOWAR,jowar,805,0,1109,1109
2015,4,KALABURGI,1,ALAND,BAJRA,bajra,10252,0,13045,13045
2015,4,KALABURGI,1,ALAND,MAIZE,maize,66,0,18,18
2015,4,KALABURGI,1,ALAND,RAGI,ragi,7,0,14,14
2015,4,KALABURGI,1,ALAND,WHEAT,wheat,9,0,4,4
2015,4,KALABURGI,1,ALAND,BARLEY,barley,35,0,39,39
2015,4,KALABURGI,1,ALAND,GRAM,chickpea,1674,0,2240,2240
2015,4,KALABURGI,1,ALAND,TUR (ARHAR),pigeonpea (tur),58204,2388,98796,101183
2015,4,KALABURGI,1,ALAND,URAD,black gram,7569,35,9131,9166
2015,4,KALABURGI,1,ALAND,MOONG,green gram,3869,0,4743,4743
2015,4,KALABURGI,1,ALAND,MASUR,lentil,7,0,23,23
2015,4,KALABURGI,1,ALAND,HORSEGRAM,horse gram,7,0,14,14
2015,4,KALABURGI,1,ALAND,MOTH,moth bean,0,0,0,0
2015,4,KALABURGI,1,ALAND,SUGARCANE,sugarcane,891,892,0,892
2015,4,KALABURGI,1,ALAND,PEPPER (BLACK),black pepper,0,0,0,0
2015,4,KALABURGI,1,ALAND,CHILLIES,chilli,0,0,0,0
2015,4,KALABURGI,1,ALAND,GINGER,ginger,0,0,0,0
2015,4,KALABURGI,1,ALAND,TURMERIC,turmeric,0,0,0,0
2015,4,KALABURGI,1,ALAND,CARDAMOM (SMALL),cardamom,0,0,0,0
2015,4,KALABURGI,1,ALAND,CARDAMOM (LARGE),cardamom,0,0,0,0
2015,4,KALABURGI,1,ALAND,BETELNUTS (ARECANUTS),arecanut,0,0,0,0
2015,4,KALABURGI,1,ALAND,MANGOES,mango,0,0,0,0
2015,4,KALABURGI,1,ALAND,BANANA,banana,79,41,2,43
2015,4,KALABURGI,1,ALAND,TABLE GRAPES,grapes,0,0,0,0
2015,4,KALABURGI,1,ALAND,WINE GRAPES (BLACK),grapes,0,0,0,0
2015,4,KALABURGI,1,ALAND,CASHEWNUTS,cashewnut,0,0,0,0
2015,4,KALABURGI,1,ALAND,POMEGRANATE,pomegranate,0,0,0,0
2015,4,KALABURGI,1,ALAND,POTATO,potato,0,0,0,0
2015,4,KALABURGI,1,ALAND,TAPIOCA (CASSAVA),tapioca,0,0,0,0
2015,4,KALABURGI,1,ALAND,SWEET POTATO,sweet potato,18,0,20,20
2015,4,KALABURGI,1,ALAND,ONION,onion,222,123,0,123
2015,4,KALABURGI,1,ALAND,TOMATO,tomato,42,16,0,16
2015,4,KALABURGI,1,ALAND,GROUNDNUT,groundnut,0,0,0,0
2015,4,KALABURGI,1,ALAND,CASTORSEED,castor,0,0,0,0
2015,4,KALABURGI,1,ALAND,SESAMUM (TIL),sesame,5244,0,6595,6595
2015,4,KALABURGI,1,ALAND,RAPESEED & MUSTARD (TORIA/TARAMIRA),mustard,0,0,0,0
2015,4,KALABURGI,1,ALAND,LINSEED,linseed,0,0,0,0
2015,4,KALABURGI,1,ALAND,COCONUT,coconut,0,0,0,0
2015,4,KALABURGI,1,ALAND,SUNFLOWER,sunflower,2608,2,4827,4830
2015,4,KALABURGI,1,ALAND,SOYABEAN,soybean,2230,0,3254,3254
2015,4,KALABURGI,1,ALAND,NIGERSEED,niger seed,0,0,0,0
2015,4,KALABURGI,1,ALAND,COTTON,cotton,1356,0,3069,3069
2015,4,KALABURGI,1,ALAND,JUTE,jute,0,0,0,0
2015,4,KALABURGI,1,ALAND,MESTA,mesta,14,0,2,2
2015,4,KALABURGI,1,ALAND,TOBACCO,tobacco,0,0,0,0
2015,4,KALABURGI,1,ALAND,GUAR,guar,0,0,0,0
2015,4,KALABURGI,1,ALAND,COFFEE,coffee,0,0,0,0
2015,4,KALABURGI,1,ALAND,GROSS CROPPED AREA,,66159,3670,147180,150849
2015,4,KALABURGI,4,CHINCHOLI,PADDY,rice,11,4,4,8
2015,4,KALABURGI,4,CHINCHOLI,JOWAR,jowar,676,3,515,518
2015,4,KALABURGI,4,CHINCHOLI,BAJRA,bajra,10,0,15,15
2015,4,KALABURGI,4,CHINCHOLI,MAIZE,maize,5,0,2,2
2015,4,KALABURGI,4,CHINCHOLI,RAGI,ragi,0,0,0,0
2015,4,KALABURGI,4,CHINCHOLI,WHEAT,wheat,0,0,0,0
2015,4,KALABURGI,4,CHINCHOLI,BARLEY,barley,0,0,0,0
2015,4,KALABURGI,4,CHINCHOLI,GRAM,chickpea,130,0,128,128
2015,4,KALABURGI,4,CHINCHOLI,TUR (ARHAR),pigeonpea (tur),49177,133,54449,54582
2015,4,KALABURGI,4,CHINCHOLI,URAD,black gram,32306,0,30886,30886
2015,4,KALABURGI,4,CHINCHOLI,MOONG,green gram,18284,6,15523,15529
2015,4,KALABURGI,4,CHINCHOLI,MASUR,lentil,18,0,19,19
2015,4,KALABURGI,4,CHINCHOLI,HORSEGRAM,horse gram,10,0,4,4
2015,4,KALABURGI,4,CHINCHOLI,MOTH,moth bean,46,0,52,52
2015,4,KALABURGI,4,CHINCHOLI,SUGARCANE,sugarcane,346,474,0,474
2015,4,KALABURGI,4,CHINCHOLI,PEPPER (BLACK),black pepper,0,0,0,0
2015,4,KALABURGI,4,CHINCHOLI,CHILLIES,chilli,5,0,8,8
2015,4,KALABURGI,4,CHINCHOLI,GINGER,ginger,0,0,0,0
2015,4,KALABURGI,4,CHINCHOLI,TURMERIC,turmeric,75,38,0,38
2015,4,KALABURGI,4,CHINCHOLI,CARDAMOM (SMALL),cardamom,0,0,0,0
2015,4,KALABURGI,4,CHINCHOLI,CARDAMOM (LARGE),cardamom,0,0,0,0
2015,4,KALABURGI,4,CHINCHOLI,BETELNUTS (ARECANUTS),arecanut,0,0,0,0
2015,4,KALABURGI,4,CHINCHOLI,MANGOES,mango,50,0,35,35
2015,4,KALABURGI,4,CHINCHOLI,BANANA,banana,5,7,0,7
2015,4,KALABURGI,4,CHINCHOLI,TABLE GRAPES,grapes,0,0,0,0
2015,4,KALABURGI,4,CHINCHOLI,WINE GRAPES (BLACK),grapes,0,0,0,0
2015,4,KALABURGI,4,CHINCHOLI,CASHEWNUTS,cashewnut,0,0,0,0
2015,4,KALABURGI,4,CHINCHOLI,POMEGRANATE,pomegranate,0,0,0,0
2015,4,KALABURGI,4,CHINCHOLI,POTATO,potato,0,0,0,0
2015,4,KALABURGI,4,CHINCHOLI,TAPIOCA (CASSAVA),tapioca,12,0,4,4
2015,4,KALABURGI,4,CHINCHOLI,SWEET POTATO,sweet potato,0,0,0,0
2015,4,KALABURGI,4,CHINCHOLI,ONION,onion,6,0,24,24
2015,4,KALABURGI,4,CHINCHOLI,TOMATO,tomato,0,0,0,0
2015,4,KALABURGI,4,CHINCHOLI,GROUNDNUT,groundnut,5,0,2,2
2015,4,KALABURGI,4,CHINCHOLI,CASTORSEED,castor,0,0,0,0
2015,4,KALABURGI,4,CHINCHOLI,SESAMUM (TIL),sesame,5,0,4,4
2015,4,KALABURGI,4,CHINCHOLI,RAPESEED & MUSTARD (TORIA/TARAMIRA),mustard,0,0,0,0
2015,4,KALABURGI,4,CHINCHOLI,LINSEED,linseed,0,0,0,0
2015,4,KALABURGI,4,CHINCHOLI,COCONUT,coconut,0,0,0,0
2015,4,KALABURGI,4,CHINCHOLI,SUNFLOWER,sunflower,5,0,9,9
2015,4,KALABURGI,4,CHINCHOLI,SOYABEAN,soybean,1332,7,910,917
2015,4,KALABURGI,4,CHINCHOLI,NIGERSEED,niger seed,0,0,0,0
2015,4,KALABURGI,4,CHINCHOLI,COTTON,cotton,6,0,42,42
2015,4,KALABURGI,4,CHINCHOLI,JUTE,jute,0,0,0,0
2015,4,KALABURGI,4,CHINCHOLI,MESTA,mesta,0,0,0,0
2015,4,KALABURGI,4,CHINCHOLI,TOBACCO,tobacco,0,0,0,0
2015,4,KALABURGI,4,CHINCHOLI,GUAR,guar,0,0,0,0
2015,4,KALABURGI,4,CHINCHOLI,COFFEE,coffee,0,0,0,0
2015,4,KALABURGI,4,CHINCHOLI,GROSS CROPPED AREA,,52443,687,102944,103631
2015,4,KALABURGI,6,CHITAPUR,PADDY,rice,658,392,302,695
2015,4,KALABURGI,6,CHITAPUR,JOWAR,jowar,3062,0,2274,2274
2015,4,KALABURGI,6,CHITAPUR,BAJRA,bajra,487,0,295,295
2015,4,KALABURGI,6,CHITAPUR,MAIZE,maize,0,0,0,0
2015,4,KALABURGI,6,CHITAPUR,RAGI,ragi,0,0,0,0
2015,4,KALABURGI,6,CHITAPUR,WHEAT,wheat,34,0,19,19
2015,4,KALABURGI,6,CHITAPUR,BARLEY,barley,0,0,0,0
2015,4,KALABURGI,6,CHITAPUR,GRAM,chickpea,9440,0,9289,9289
2015,4,KALABURGI,6,CHITAPUR,TUR (ARHAR),pigeonpea (tur),40312,200,110762,110961
2015,4,KALABURGI,6,CHITAPUR,URAD,black gram,3592,25,4278,4303
2015,4,KALABURGI,6,CHITAPUR,MOONG,green gram,11116,0,15145,15145
2015,4,KALABURGI,6,CHITAPUR,MASUR,lentil,8,0,17,17
2015,4,KALABURGI,6,CHITAPUR,HORSEGRAM,horse gram,0,0,0,0
2015,4,KALABURGI,6,CHITAPUR,MOTH,moth bean,4,0,6,6
2015,4,KALABURGI,6,CHITAPUR,SUGARCANE,sugarcane,6,7,0,7
2015,4,KALABURGI,6,CHITAPUR,PEPPER (BLACK),black pepper,0,0,0,0
2015,4,KALABURGI,6,CHITAPUR,CHILLIES,chilli,0,0,0,0
2015,4,KALABURGI,6,CHITAPUR,GINGER,ginger,0,0,0,0
2015,4,KALABURGI,6,CHITAPUR,TURMERIC,turmeric,0,0,0,0
2015,4,KALABURGI,6,CHITAPUR,CARDAMOM (SMALL),cardamom,0,0,0,0
2015,4,KALABURGI,6,CHITAPUR,CARDAMOM (LARGE),cardamom,0,0,0,0
2015,4,KALABURGI,6,CHITAPUR,BETELNUTS (ARECANUTS),arecanut,0,0,0,0
2015,4,KALABURGI,6,CHITAPUR,MANGOES,mango,0,0,0,0
2015,4,KALABURGI,6,CHITAPUR,BANANA,banana,0,0,0,0
2015,4,KALABURGI,6,CHITAPUR,TABLE GRAPES,grapes,0,0,0,0
2015,4,KALABURGI,6,CHITAPUR,WINE GRAPES (BLACK),grapes,0,0,0,0
2015,4,KALABURGI,6,CHITAPUR,CASHEWNUTS,cashewnut,0,0,0,0
2015,4,KALABURGI,6,CHITAPUR,POMEGRANATE,pomegranate,0,0,0,0
2015,4,KALABURGI,6,CHITAPUR,POTATO,potato,0,0,0,0
2015,4,KALABURGI,6,CHITAPUR,TAPIOCA (CASSAVA),tapioca,0,0,0,0
2015,4,KALABURGI,6,CHITAPUR,SWEET POTATO,sweet potato,0,0,0,0
2015,4,KALABURGI,6,CHITAPUR,ONION,onion,0,0,0,0
2015,4,KALABURGI,6,CHITAPUR,TOMATO,tomato,0,0,0,0
2015,4,KALABURGI,6,CHITAPUR,GROUNDNUT,groundnut,5,0,1,1
2015,4,KALABURGI,6,CHITAPUR,CASTORSEED,castor,0,0,0,0
2015,4,KALABURGI,6,CHITAPUR,SESAMUM (TIL),sesame,163,0,70,70
2015,4,KALABURGI,6,CHITAPUR,RAPESEED & MUSTARD (TORIA/TARAMIRA),mustard,0,0,0,0
2015,4,KALABURGI,6,CHITAPUR,LINSEED,linseed,0,0,0,0
2015,4,KALABURGI,6,CHITAPUR,COCONUT,coconut,0,0,0,0
2015,4,KALABURGI,6,CHITAPUR,SUNFLOWER,sunflower,26,0,33,33
2015,4,KALABURGI,6,CHITAPUR,SOYABEAN,soybean,43,0,16,16
2015,4,KALABURGI,6,CHITAPUR,NIGERSEED,niger seed,0,0,0,0
2015,4,KALABURGI,6,CHITAPUR,COTTON,cotton,135,5,162,167
2015,4,KALABURGI,6,CHITAPUR,JUTE,jute,8,0,23,23
2015,4,KALABURGI,6,CHITAPUR,MESTA,mesta,21,0,30,30
2015,4,KALABURGI,6,CHITAPUR,TOBACCO,tobacco,0,0,0,0
2015,4,KALABURGI,6,CHITAPUR,GUAR,guar,0,0,0,0
2015,4,KALABURGI,6,CHITAPUR,COFFEE,coffee,0,0,0,0
2015,4,KALABURGI,6,CHITAPUR,GROSS CROPPED AREA,,68436,630,142958,143588
2015,4,KALABURGI,3,GULBARGA,PADDY,rice,75,0,314,314
2015,4,KALABURGI,3,GULBARGA,JOWAR,jowar,3345,6,5317,5324
2015,4,KALABURGI,3,GULBARGA,BAJRA,bajra,1025,5,1100,1105
2015,4,KALABURGI,3,GULBARGA,MAIZE,maize,0,0,0,0
2015,4,KALABURGI,3,GULBARGA,RAGI,ragi,0,0,0,0
2015,4,KALABURGI,3,GULBARGA,WHEAT,wheat,51,40,14,54
2015,4,KALABURGI,3,GULBARGA,BARLEY,barley,56,0,95,95
2015,4,KALABURGI,3,GULBARGA,GRAM,chickpea,2741,0,4409,4410
2015,4,KALABURGI,3,GULBARGA,TUR (ARHAR),pigeonpea (tur),51272,248,104855,105103
2015,4,KALABURGI,3,GULBARGA,URAD,black gram,4459,0,6771,6771
2015,4,KALABURGI,3,GULBARGA,MOONG,green gram,3996,0,6501,6501
2015,4,KALABURGI,3,GULBARGA,MASUR,lentil,8,0,9,9
2015,4,KALABURGI,3,GULBARGA,HORSEGRAM,horse gram,8,0,2,2
2015,4,KALABURGI,3,GULBARGA,MOTH,moth bean,10,0,10,10
2015,4,KALABURGI,3,GULBARGA,SUGARCANE,sugarcane,665,660,0,660
2015,4,KALABURGI,3,GULBARGA,PEPPER (BLACK),black pepper,0,0,0,0
2015,4,KALABURGI,3,GULBARGA,CHILLIES,chilli,0,0,0,0
2015,4,KALABURGI,3,GULBARGA,GINGER,ginger,0,0,0,0
2015,4,KALABURGI,3,GULBARGA,TURMERIC,turmeric,0,0,0,0
2015,4,KALABURGI,3,GULBARGA,CARDAMOM (SMALL),cardamom,0,0,0,0
2015,4,KALABURGI,3,GULBARGA,CARDAMOM (LARGE),cardamom,0,0,0,0
2015,4,KALABURGI,3,GULBARGA,BETELNUTS (ARECANUTS),arecanut,0,0,0,0
2015,4,KALABURGI,3,GULBARGA,MANGOES,mango,8,7,0,7
2015,4,KALABURGI,3,GULBARGA,BANANA,banana,159,227,0,227
2015,4,KALABURGI,3,GULBARGA,TABLE GRAPES,grapes,0,0,0,0
2015,4,KALABURGI,3,GULBARGA,WINE GRAPES (BLACK),grapes,0,0,0,0
2015,4,KALABURGI,3,GULBARGA,CASHEWNUTS,cashewnut,0,0,0,0
2015,4,KALABURGI,3,GULBARGA,POMEGRANATE,pomegranate,0,0,0,0
2015,4,KALABURGI,3,GULBARGA,POTATO,potato,0,0,0,0
2015,4,KALABURGI,3,GULBARGA,TAPIOCA (CASSAVA),tapioca,10,0,27,27
2015,4,KALABURGI,3,GULBARGA,SWEET POTATO,sweet potato,14,13,37,50
2015,4,KALABURGI,3,GULBARGA,ONION,onion,645,747,282,1030
2015,4,KALABURGI,3,GULBARGA,TOMATO,tomato,147,61,0,61
2015,4,KALABURGI,3,GULBARGA,GROUNDNUT,groundnut,18,0,35,35
2015,4,KALABURGI,3,GULBARGA,CASTORSEED,castor,36,0,46,46
2015,4,KALABURGI,3,GULBARGA,SESAMUM (TIL),sesame,681,0,673,673
2015,4,KALABURGI,3,GULBARGA,RAPESEED & MUSTARD (TORIA/TARAMIRA),mustard,0,0,0,0
2015,4,KALABURGI,3,GULBARGA,LINSEED,linseed,0,0,0,0
2015,4,KALABURGI,3,GULBARGA,COCONUT,coconut,0,0,0,0
2015,4,KALABURGI,3,GULBARGA,SUNFLOWER,sunflower,4660,19,7885,7904
2015,4,KALABURGI,3,GULBARGA,SOYABEAN,soybean,540,11,629,641
2015,4,KALABURGI,3,GULBARGA,NIGERSEED,niger seed,0,0,0,0
2015,4,KALABURGI,3,GULBARGA,COTTON,cotton,2533,42,4518,4560
2015,4,KALABURGI,3,GULBARGA,JUTE,jute,0,0,0,0
2015,4,KALABURGI,3,GULBARGA,MESTA,mesta,0,0,0,0
2015,4,KALABURGI,3,GULBARGA,TOBACCO,tobacco,0,0,0,0
2015,4,KALABURGI,3,GULBARGA,GUAR,guar,0,0,0,0
2015,4,KALABURGI,3,GULBARGA,COFFEE,coffee,0,0,0,0
2015,4,KALABURGI,3,GULBARGA,GROSS CROPPED AREA,,62981,2535,144397,146932
2015,4,KALABURGI,7,JEWARGI,PADDY,rice,880,871,641,1512
2015,4,KALABURGI,7,JEWARGI,JOWAR,jowar,3450,112,6380,6492
2015,4,KALABURGI,7,JEWARGI,BAJRA,bajra,415,0,528,528
2015,4,KALABURGI,7,JEWARGI,MAIZE,maize,259,399,191,590
2015,4,KALABURGI,7,JEWARGI,RAGI,ragi,11,0,46,46
2015,4,KALABURGI,7,JEWARGI,WHEAT,wheat,491,904,119,1024
2015,4,KALABURGI,7,JEWARGI,BARLEY,barley,0,0,0,0
2015,4,KALABURGI,7,JEWARGI,GRAM,chickpea,2230,35,4476,4511
2015,4,KALABURGI,7,JEWARGI,TUR (ARHAR),pigeonpea (tur),50242,3218,91478,94695
2015,4,KALABURGI,7,JEWARGI,URAD,black gram,561,0,1234,1234
2015,4,KALABURGI,7,JEWARGI,MOONG,green gram,731,9,962,971
2015,4,KALABURGI,7,JEWARGI,MASUR,lentil,0,0,0,0
2015,4,KALABURGI,7,JEWARGI,HORSEGRAM,horse gram,0,0,0,0
2015,4,KALABURGI,7,JEWARGI,MOTH,moth bean,0,0,0,0
2015,4,KALABURGI,7,JEWARGI,SUGARCANE,sugarcane,982,2186,0,2186
2015,4,KALABURGI,7,JEWARGI,PEPPER (BLACK),black pepper,0,0,0,0
2015,4,KALABURGI,7,JEWARGI,CHILLIES,chilli,4,9,0,9
2015,4,KALABURGI,7,JEWARGI,GINGER,ginger,0,0,0,0
2015,4,KALABURGI,7,JEWARGI,TURMERIC,turmeric,0,0,0,0
2015,4,KALABURGI,7,JEWARGI,CARDAMOM (SMALL),cardamom,0,0,0,0
2015,4,KALABURGI,7,JEWARGI,CARDAMOM (LARGE),cardamom,0,0,0,0
2015,4,KALABURGI,7,JEWARGI,BETELNUTS (ARECANUTS),arecanut,0,0,0,0
2015,4,KALABURGI,7,JEWARGI,MANGOES,mango,0,0,0,0
2015,4,KALABURGI,7,JEWARGI,BANANA,banana,0,0,0,0
2015,4,KALABURGI,7,JEWARGI,TABLE GRAPES,grapes,0,0,0,0
2015,4,KALABURGI,7,JEWARGI,WINE GRAPES (BLACK),grapes,0,0,0,0
2015,4,KALABURGI,7,JEWARGI,CASHEWNUTS,cashewnut,0,0,0,0
2015,4,KALABURGI,7,JEWARGI,POMEGRANATE,pomegranate,0,0,0,0
2015,4,KALABURGI,7,JEWARGI,POTATO,potato,0,0,0,0
2015,4,KALABURGI,7,JEWARGI,TAPIOCA (CASSAVA),tapioca,0,0,0,0
2015,4,KALABURGI,7,JEWARGI,SWEET POTATO,sweet potato,0,0,0,0
2015,4,KALABURGI,7,JEWARGI,ONION,onion,0,0,0,0
2015,4,KALABURGI,7,JEWARGI,TOMATO,tomato,0,0,0,0
2015,4,KALABURGI,7,JEWARGI,GROUNDNUT,groundnut,33,12,48,60
2015,4,KALABURGI,7,JEWARGI,CASTORSEED,castor,0,0,0,0
2015,4,KALABURGI,7,JEWARGI,SESAMUM (TIL),sesame,198,0,259,259
2015,4,KALABURGI,7,JEWARGI,RAPESEED & MUSTARD (TORIA/TARAMIRA),mustard,0,0,0,0
2015,4,KALABURGI,7,JEWARGI,LINSEED,linseed,0,0,0,0
2015,4,KALABURGI,7,JEWARGI,COCONUT,coconut,0,0,0,0
2015,4,KALABURGI,7,JEWARGI,SUNFLOWER,sunflower,1473,0,2924,2924
2015,4,KALABURGI,7,JEWARGI,SOYABEAN,soybean,0,0,0,0
2015,4,KALABURGI,7,JEWARGI,NIGERSEED,niger seed,0,0,0,0
2015,4,KALABURGI,7,JEWARGI,COTTON,cotton,25271,8243,36816,45059
2015,4,KALABURGI,7,JEWARGI,JUTE,jute,37,0,46,46
2015,4,KALABURGI,7,JEWARGI,MESTA,mesta,4,0,4,4
2015,4,KALABURGI,7,JEWARGI,TOBACCO,tobacco,0,0,0,0
2015,4,KALABURGI,7,JEWARGI,GUAR,guar,146,241,34,275
2015,4,KALABURGI,7,JEWARGI,COFFEE,coffee,0,0,0,0
2015,4,KALABURGI,7,JEWARGI,GROSS CROPPED AREA,,73636,16300,146260,162561
2015,4,KALABURGI,5,SEDAM,PADDY,rice,1112,524,155,679
2015,4,KALABURGI,5,SEDAM,JOWAR,jowar,5077,8,4800,4808
2015,4,KALABURGI,5,SEDAM,BAJRA,bajra,0,0,0,0
2015,4,KALABURGI,5,SEDAM,MAIZE,maize,15,0,15,15
2015,4,KALABURGI,5,SEDAM,RAGI,ragi,0,0,0,0
2015,4,KALABURGI,5,SEDAM,WHEAT,wheat,0,0,0,0
2015,4,KALABURGI,5,SEDAM,BARLEY,barley,6,7,0,7
2015,4,KALABURGI,5,SEDAM,GRAM,chickpea,1805,8,1762,1770
2015,4,KALABURGI,5,SEDAM,TUR (ARHAR),pigeonpea (tur),42409,144,60677,60821
2015,4,KALABURGI,5,SEDAM,URAD,black gram,7014,8,8752,8760
2015,4,KALABURGI,5,SEDAM,MOONG,green gram,7037,8,8595,8602
2015,4,KALABURGI,5,SEDAM,MASUR,lentil,0,0,0,0
2015,4,KALABURGI,5,SEDAM,HORSEGRAM,horse gram,0,0,0,0
2015,4,KALABURGI,5,SEDAM,MOTH,moth bean,16,0,24,24
2015,4,KALABURGI,5,SEDAM,SUGARCANE,sugarcane,0,0,0,0
2015,4,KALABURGI,5,SEDAM,PEPPER (BLACK),black pepper,0,0,0,0
2015,4,KALABURGI,5,SEDAM,CHILLIES,chilli,0,0,0,0
2015,4,KALABURGI,5,SEDAM,GINGER,ginger,0,0,0,0
2015,4,KALABURGI,5,SEDAM,TURMERIC,turmeric,0,0,0,0
2015,4,KALABURGI,5,SEDAM,CARDAMOM (SMALL),cardamom,0,0,0,0
2015,4,KALABURGI,5,SEDAM,CARDAMOM (LARGE),cardamom,0,0,0,0
2015,4,KALABURGI,5,SEDAM,BETELNUTS (ARECANUTS),arecanut,0,0,0,0
2015,4,KALABURGI,5,SEDAM,MANGOES,mango,0,0,0,0
2015,4,KALABURGI,5,SEDAM,BANANA,banana,0,0,0,0
2015,4,KALABURGI,5,SEDAM,TABLE GRAPES,grapes,0,0,0,0
2015,4,KALABURGI,5,SEDAM,WINE GRAPES (BLACK),grapes,0,0,0,0
2015,4,KALABURGI,5,SEDAM,CASHEWNUTS,cashewnut,0,0,0,0
2015,4,KALABURGI,5,SEDAM,POMEGRANATE,pomegranate,0,0,0,0
2015,4,KALABURGI,5,SEDAM,POTATO,potato,0,0,0,0
2015,4,KALABURGI,5,SEDAM,TAPIOCA (CASSAVA),tapioca,14,0,9,9
2015,4,KALABURGI,5,SEDAM,SWEET POTATO,sweet potato,0,0,0,0
2015,4,KALABURGI,5,SEDAM,ONION,onion,0,0,0,0
2015,4,KALABURGI,5,SEDAM,TOMATO,tomato,0,0,0,0
2015,4,KALABURGI,5,SEDAM,GROUNDNUT,groundnut,760,670,30,699
2015,4,KALABURGI,5,SEDAM,CASTORSEED,castor,0,0,0,0
2015,4,KALABURGI,5,SEDAM,SESAMUM (TIL),sesame,0,0,0,0
2015,4,KALABURGI,5,SEDAM,RAPESEED & MUSTARD (TORIA/TARAMIRA),mustard,0,0,0,0
2015,4,KALABURGI,5,SEDAM,LINSEED,linseed,0,0,0,0
2015,4,KALABURGI,5,SEDAM,COCONUT,coconut,0,0,0,0
2015,4,KALABURGI,5,SEDAM,SUNFLOWER,sunflower,45,0,69,69
2015,4,KALABURGI,5,SEDAM,SOYABEAN,soybean,0,0,0,0
2015,4,KALABURGI,5,SEDAM,NIGERSEED,niger seed,0,0,0,0
2015,4,KALABURGI,5,SEDAM,COTTON,cotton,900,0,1909,1909
2015,4,KALABURGI,5,SEDAM,JUTE,jute,5,0,11,11
2015,4,KALABURGI,5,SEDAM,MESTA,mesta,0,0,0,0
2015,4,KALABURGI,5,SEDAM,TOBACCO,tobacco,0,0,0,0
2015,4,KALABURGI,5,SEDAM,GUAR,guar,0,0,0,0
2015,4,KALABURGI,5,SEDAM,COFFEE,coffee,0,0,0,0
2015,4,KALABURGI,5,SEDAM,GROSS CROPPED AREA,,47555,1405,86893,88298
2015,25,KODAGU,1,MADIKERI,PADDY,rice,6522,27,4661,4688
2015,25,KODAGU,1,MADIKERI,JOWAR,jowar,0,0,0,0
2015,25,KODAGU,1,MADIKERI,BAJRA,bajra,5,0,7,7
2015,25,KODAGU,1,MADIKERI,MAIZE,maize,0,0,0,0
2015,25,KODAGU,1,MADIKERI,RAGI,ragi,0,0,0,0
2015,25,KODAGU,1,MADIKERI,WHEAT,wheat,0,0,0,0
2015,25,KODAGU,1,MADIKERI,BARLEY,barley,0,0,0,0
2015,25,KODAGU,1,MADIKERI,GRAM,chickpea,0,0,0,0
2015,25,KODAGU,1,MADIKERI,TUR (ARHAR),pigeonpea (tur),0,0,0,0
2015,25,KODAGU,1,MADIKERI,URAD,black gram,0,0,0,0
2015,25,KODAGU,1,MADIKERI,MOONG,green gram,0,0,0,0
2015,25,KODAGU,1,MADIKERI,MASUR,lentil,0,0,0,0
2015,25,KODAGU,1,MADIKERI,HORSEGRAM,horse gram,0,0,0,0
2015,25,KODAGU,1,MADIKERI,MOTH,moth bean,0,0,0,0
2015,25,KODAGU,1,MADIKERI,SUGARCANE,sugarcane,0,0,0,0
2015,25,KODAGU,1,MADIKERI,PEPPER (BLACK),black pepper,1625,0,1231,1231
2015,25,KODAGU,1,MADIKERI,CHILLIES,chilli,39,0,37,37
2015,25,KODAGU,1,MADIKERI,GINGER,ginger,33,0,24,24
2015,25,KODAGU,1,MADIKERI,TURMERIC,turmeric,0,0,0,0
2015,25,KODAGU,1,MADIKERI,CARDAMOM (SMALL),cardamom,44,0,42,42
2015,25,KODAGU,1,MADIKERI,CARDAMOM (LARGE),cardamom,0,0,0,0
2015,25,KODAGU,1,MADIKERI,BETELNUTS (ARECANUTS),arecanut,1650,6,2270,2276
2015,25,KODAGU,1,MADIKERI,MANGOES,mango,30,0,8,8
2015,25,KODAGU,1,MADIKERI,BANANA,banana,103,0,117,117
2015,25,KODAGU,1,MADIKERI,TABLE GRAPES,grapes,0,0,0,0
2015,25,KODAGU,1,MADIKERI,WINE GRAPES (BLACK),grapes,0,0,0,0
2015,25,KODAGU,1,MADIKERI,CASHEWNUTS,cashewnut,148,0,86,86
2015,25,KODAGU,1,MADIKERI,POMEGRANATE,pomegranate,0,0,0,0
2015,25,KODAGU,1,MADIKERI,POTATO,potato,0,0,0,0
2015,25,KODAGU,1,MADIKERI,TAPIOCA (CASSAVA),tapioca,0,0,0,0
2015,25,KODAGU,1,MADIKERI,SWEET POTATO,sweet potato,0,0,0,0
2015,25,KODAGU,1,MADIKERI,ONION,onion,0,0,0,0
2015,25,KODAGU,1,MADIKERI,TOMATO,tomato,0,0,0,0
2015,25,KODAGU,1,MADIKERI,GROUNDNUT,groundnut,0,0,0,0
2015,25,KODAGU,1,MADIKERI,CASTORSEED,castor,0,0,0,0
2015,25,KODAGU,1,MADIKERI,SESAMUM (TIL),sesame,0,0,0,0
2015,25,KODAGU,1,MADIKERI,RAPESEED & MUSTARD (TORIA/TARAMIRA),mustard,0,0,0,0
2015,25,KODAGU,1,MADIKERI,LINSEED,linseed,0,0,0,0
2015,25,KODAGU,1,MADIKERI,COCONUT,coconut,122,10,56,66
2015,25,KODAGU,1,MADIKERI,SUNFLOWER,sunflower,0,0,0,0
2015,25,KODAGU,1,MADIKERI,SOYABEAN,soybean,0,0,0,0
2015,25,KODAGU,1,MADIKERI,NIGERSEED,niger seed,10,0,3,3
2015,25,KODAGU,1,MADIKERI,COTTON,cotton,0,0,0,0
2015,25,KODAGU,1,MADIKERI,JUTE,jute,0,0,0,0
2015,25,KODAGU,1,MADIKERI,MESTA,mesta,0,0,0,0
2015,25,KODAGU,1,MADIKERI,TOBACCO,tobacco,0,0,0,0
2015,25,KODAGU,1,MADIKERI,GUAR,guar,0,0,0,0
2015,25,KODAGU,1,MADIKERI,COFFEE,coffee,16729,252,43018,43270
2015,25,KODAGU,1,MADIKERI,GROSS CROPPED AREA,,20621,306,57803,58109
2015,25,KODAGU,2,SOMWARPET,PADDY,rice,4239,1179,2155,3335
2015,25,KODAGU,2,SOMWARPET,JOWAR,jowar,913,665,133,798
2015,25,KODAGU,2,SOMWARPET,BAJRA,bajra,0,0,0,0
2015,25,KODAGU,2,SOMWARPET,MAIZE,maize,0,0,0,0
2015,25,KODAGU,2,SOMWARPET,RAGI,ragi,155,81,42,123
2015,25,KODAGU,2,SOMWARPET,WHEAT,wheat,0,0,0,0
2015,25,KODAGU,2,SOMWARPET,BARLEY,barley,0,0,0,0
2015,25,KODAGU,2,SOMWARPET,GRAM,chickpea,0,0,0,0
2015,25,KODAGU,2,SOMWARPET,TUR (ARHAR),pigeonpea (tur),0,0,0,0
2015,25,KODAGU,2,SOMWARPET,URAD,black gram,0,0,0,0
2015,25,KODAGU,2,SOMWARPET,MOONG,green gram,0,0,0,0
2015,25,KODAGU,2,SOMWARPET,MASUR,lentil,0,0,0,0
2015,25,KODAGU,2,SOMWARPET,HORSEGRAM,horse gram,0,0,0,0
2015,25,KODAGU,2,SOMWARPET,MOTH,moth bean,0,0,0,0
2015,25,KODAGU,2,SOMWARPET,SUGARCANE,sugarcane,0,0,0,0
2015,25,KODAGU,2,SOMWARPET,PEPPER (BLACK),black pepper,4899,9,2466,2475
2015,25,KODAGU,2,SOMWARPET,CHILLIES,chilli,103,0,73,73
2015,25,KODAGU,2,SOMWARPET,GINGER,ginger,304,320,57,377
2015,25,KODAGU,2,SOMWARPET,TURMERIC,turmeric,0,0,0,0
2015,25,KODAGU,2,SOMWARPET,CARDAMOM (SMALL),cardamom,0,0,0,0
2015,25,KODAGU,2,SOMWARPET,CARDAMOM (LARGE),cardamom,0,0,0,0
2015,25,KODAGU,2,SOMWARPET,BETELNUTS (ARECANUTS),arecanut,38,0,15,15
2015,25,KODAGU,2,SOMWARPET,MANGOES,mango,0,0,0,0
2015,25,KODAGU,2,SOMWARPET,BANANA,banana,231,254,40,294
2015,25,KODAGU,2,SOMWARPET,TABLE GRAPES,grapes,0,0,0,0
2015,25,KODAGU,2,SOMWARPET,WINE GRAPES (BLACK),grapes,0,0,0,0
2015,25,KODAGU,2,SOMWARPET,CASHEWNUTS,cashewnut,0,0,0,0
2015,25,KODAGU,2,SOMWARPET,POMEGRANATE,pomegranate,0,0,0,0
2015,25,KODAGU,2,SOMWARPET,POTATO,potato,0,0,0,0
2015,25,KODAGU,2,SOMWARPET,TAPIOCA (CASSAVA),tapioca,62,74,1,75
2015,25,KODAGU,2,SOMWARPET,SWEET POTATO,sweet potato,71,65,11,76
2015,25,KODAGU,2,SOMWARPET,ONION,onion,0,0,0,0
2015,25,KODAGU,2,SOMWARPET,TOMATO,tomato,0,0,0,0
2015,25,KODAGU,2,SOMWARPET,GROUNDNUT,groundnut,0,0,0,0
2015,25,KODAGU,2,SOMWARPET,CASTORSEED,castor,0,0,0,0
2015,25,KODAGU,2,SOMWARPET,SESAMUM (TIL),sesame,0,0,0,0
2015,25,KODAGU,2,SOMWARPET,RAPESEED & MUSTARD (TORIA/TARAMIRA),mustard,0,0,0,0
2015,25,KODAGU,2,SOMWARPET,LINSEED,linseed,0,0,0,0
2015,25,KODAGU,2,SOMWARPET,COCONUT,coconut,20,0,3,3
2015,25,KODAGU,2,SOMWARPET,SUNFLOWER,sunflower,0,0,0,0
2015,25,KODAGU,2,SOMWARPET,SOYABEAN,soybean,0,0,0,0
2015,25,KODAGU,2,SOMWARPET,NIGERSEED,niger seed,10,0,13,13
2015,25,KODAGU,2,SOMWARPET,COTTON,cotton,0,0,0,0
2015,25,KODAGU,2,SOMWARPET,JUTE,jute,0,0,0,0
2015,25,KODAGU,2,SOMWARPET,MESTA,mesta,0,0,0,0
2015,25,KODAGU,2,SOMWARPET,TOBACCO,tobacco,0,0,0,0
2015,25,KODAGU,2,SOMWARPET,GUAR,guar,0,0,0,0
2015,25,KODAGU,2,SOMWARPET,COFFEE,coffee,23715,75,40648,40722
2015,25,KODAGU,2,SOMWARPET,GROSS CROPPED AREA,,26825,2722,45696,48418
2015,25,KODAGU,3,VIRAJPET,PADDY,rice,11539,6920,10305,17225
2015,25,KODAGU,3,VIRAJPET,JOWAR,jowar,0,0,0,0
2015,25,KODAGU,3,VIRAJPET,BAJRA,bajra,0,0,0,0
2015,25,KODAGU,3,VIRAJPET,MAIZE,maize,0,0,0,0
2015,25,KODAGU,3,VIRAJPET,RAGI,ragi,0,0,0,0
2015,25,KODAGU,3,VIRAJPET,WHEAT,wheat,0,0,0,0
2015,25,KODAGU,3,VIRAJPET,BARLEY,barley,0,0,0,0
2015,25,KODAGU,3,VIRAJPET,GRAM,chickpea,0,0,0,0
2015,25,KODAGU,3,VIRAJPET,TUR (ARHAR),pigeonpea (tur),0,0,0,0
2015,25,KODAGU,3,VIRAJPET,URAD,black gram,0,0,0,0
2015,25,KODAGU,3,VIRAJPET,MOONG,green gram,0,0,0,0
2015,25,KODAGU,3,VIRAJPET,MASUR,lentil,0,0,0,0
2015,25,KODAGU,3,VIRAJPET,HORSEGRAM,horse gram,0,0,0,0
2015,25,KODAGU,3,VIRAJPET,MOTH,moth bean,0,0,0,0
2015,25,KODAGU,3,VIRAJPET,SUGARCANE,sugarcane,0,0,0,0
2015,25,KODAGU,3,VIRAJPET,PEPPER (BLACK),black pepper,2811,0,667,667
2015,25,KODAGU,3,VIRAJPET,CHILLIES,chilli,7732,0,7254,7254
2015,25,KODAGU,3,VIRAJPET,GINGER,ginger,0,0,0,0
2015,25,KODAGU,3,VIRAJPET,TURMERIC,turmeric,0,0,0,0
2015,25,KODAGU,3,VIRAJPET,CARDAMOM (SMALL),cardamom,100,0,38,38
2015,25,KODAGU,3,VIRAJPET,CARDAMOM (LARGE),cardamom,0,0,0,0
2015,25,KODAGU,3,VIRAJPET,BETELNUTS (ARECANUTS),arecanut,3632,0,1091,1091
2015,25,KODAGU,3,VIRAJPET,MANGOES,mango,82,0,23,23
2015,25,KODAGU,3,VIRAJPET,BANANA,banana,227,6,104,111
2015,25,KODAGU,3,VIRAJPET,TABLE GRAPES,grapes,0,0,0,0
2015,25,KODAGU,3,VIRAJPET,WINE GRAPES (BLACK),grapes,0,0,0,0
2015,25,KODAGU,3,VIRAJPET,CASHEWNUTS,cashewnut,0,0,0,0
2015,25,KODAGU,3,VIRAJPET,POMEGRANATE,pomegranate,0,0,0,0
2015,25,KODAGU,3,VIRAJPET,POTATO,potato,0,0,0,0
2015,25,KODAGU,3,VIRAJPET,TAPIOCA (CASSAVA),tapioca,0,0,0,0
2015,25,KODAGU,3,VIRAJPET,SWEET POTATO,sweet potato,0,0,0,0
2015,25,KODAGU,3,VIRAJPET,ONION,onion,0,0,0,0
2015,25,KODAGU,3,VIRAJPET,TOMATO,tomato,0,0,0,0
2015,25,KODAGU,3,VIRAJPET,GROUNDNUT,groundnut,0,0,0,0
2015,25,KODAGU,3,VIRAJPET,CASTORSEED,castor,0,0,0,0
2015,25,KODAGU,3,VIRAJPET,SESAMUM (TIL),sesame,0,0,0,0
2015,25,KODAGU,3,VIRAJPET,RAPESEED & MUSTARD (TORIA/TARAMIRA),mustard,0,0,0,0
2015,25,KODAGU,3,VIRAJPET,LINSEED,linseed,0,0,0,0
2015,25,KODAGU,3,VIRAJPET,COCONUT,coconut,0,0,0,0
2015,25,KODAGU,3,VIRAJPET,SUNFLOWER,sunflower,0,0,0,0
2015,25,KODAGU,3,VIRAJPET,SOYABEAN,soybean,0,0,0,0
2015,25,KODAGU,3,VIRAJPET,NIGERSEED,niger seed,0,0,0,0
2015,25,KODAGU,3,VIRAJPET,COTTON,cotton,0,0,0,0
2015,25,KODAGU,3,VIRAJPET,JUTE,jute,0,0,0,0
2015,25,KODAGU,3,VIRAJPET,MESTA,mesta,0,0,0,0
2015,25,KODAGU,3,VIRAJPET,TOBACCO,tobacco,0,0,0,0
2015,25,KODAGU,3,VIRAJPET,GUAR,guar,0,0,0,0
2015,25,KODAGU,3,VIRAJPET,COFFEE,coffee,15550,8311,31472,39783
2015,25,KODAGU,3,VIRAJPET,GROSS CROPPED AREA,,20715,15331,50974,66305
2015,19,KOLAR,10,BANGARPET,PADDY,rice,821,229,246,476
2015,19,KOLAR,10,BANGARPET,JOWAR,jowar,32889,18,1314,1332
2015,19,KOLAR,10,BANGARPET,BAJRA,bajra,54,0,11,11
2015,19,KOLAR,10,BANGARPET,MAIZE,maize,424,7,77,84
2015,19,KOLAR,10,BANGARPET,RAGI,ragi,43004,285,17056,17341
2015,19,KOLAR,10,BANGARPET,WHEAT,wheat,95,1,17,18
2015,19,KOLAR,10,BANGARPET,BARLEY,barley,26,19,0,19
2015,19,KOLAR,10,BANGARPET,GRAM,chickpea,40,0,12,12
2015,19,KOLAR,10,BANGARPET,TUR (ARHAR),pigeonpea (tur),33245,0,1087,1088
2015,19,KOLAR,10,BANGARPET,URAD,black gram,23,0,1,1
2015,19,KOLAR,10,BANGARPET,MOONG,green gram,5,0,0,0
2015,19,KOLAR,10,BANGARPET,MASUR,lentil,10,0,2,2
2015,19,KOLAR,10,BANGARPET,HORSEGRAM,horse gram,1521,4,484,489
2015,19,KOLAR,10,BANGARPET,MOTH,moth bean,5,1,0,1
2015,19,KOLAR,10,BANGARPET,SUGARCANE,sugarcane,0,0,0,0
2015,19,KOLAR,10,BANGARPET,PEPPER (BLACK),black pepper,42,2,14,15
2015,19,KOLAR,10,BANGARPET,CHILLIES,chilli,16,8,0,8
2015,19,KOLAR,10,BANGARPET,GINGER,ginger,6,0,0,0
2015,19,KOLAR,10,BANGARPET,TURMERIC,turmeric,0,0,0,0
2015,19,KOLAR,10,BANGARPET,CARDAMOM (SMALL),cardamom,0,0,0,0
2015,19,KOLAR,10,BANGARPET,CARDAMOM (LARGE),cardamom,0,0,0,0
2015,19,KOLAR,10,BANGARPET,BETELNUTS (ARECANUTS),arecanut,0,0,0,0
2015,19,KOLAR,10,BANGARPET,MANGOES,mango,1583,136,1913,2049
2015,19,KOLAR,10,BANGARPET,BANANA,banana,367,335,32,367
2015,19,KOLAR,10,BANGARPET,TABLE GRAPES,grapes,5,8,0,8
2015,19,KOLAR,10,BANGARPET,WINE GRAPES (BLACK),grapes,12,2,0,2
2015,19,KOLAR,10,BANGARPET,CASHEWNUTS,cashewnut,0,0,0,0
2015,19,KOLAR,10,BANGARPET,POMEGRANATE,pomegranate,0,0,0,0
2015,19,KOLAR,10,BANGARPET,POTATO,potato,6084,6031,14,6045
2015,19,KOLAR,10,BANGARPET,TAPIOCA (CASSAVA),tapioca,33,8,0,8
2015,19,KOLAR,10,BANGARPET,SWEET POTATO,sweet potato,9,9,0,9
2015,19,KOLAR,10,BANGARPET,ONION,onion,32,9,0,9
2015,19,KOLAR,10,BANGARPET,TOMATO,tomato,9044,4098,84,4182
2015,19,KOLAR,10,BANGARPET,GROUNDNUT,groundnut,1680,17,878,895
2015,19,KOLAR,10,BANGARPET,CASTORSEED,castor,45,3,22,25
2015,19,KOLAR,10,BANGARPET,SESAMUM (TIL),sesame,0,0,0,0
2015,19,KOLAR,10,BANGARPET,RAPESEED & MUSTARD (TORIA/TARAMIRA),mustard,0,0,0,0
2015,19,KOLAR,10,BANGARPET,LINSEED,linseed,15,2,11,13
2015,19,KOLAR,10,BANGARPET,COCONUT,coconut,1655,31,280,312
2015,19,KOLAR,10,BANGARPET,SUNFLOWER,sunflower,6,0,3,3
2015,19,KOLAR,10,BANGARPET,SOYABEAN,soybean,0,0,0,0
2015,19,KOLAR,10,BANGARPET,NIGERSEED,niger seed,0,0,0,0
2015,19,KOLAR,10,BANGARPET,COTTON,cotton,0,0,0,0
2015,19,KOLAR,10,BANGARPET,JUTE,jute,5,0,0,0
2015,19,KOLAR,10,BANGARPET,MESTA,mesta,0,0,0,0
2015,19,KOLAR,10,BANGARPET,TOBACCO,tobacco,0,0,0,0
2015,19,KOLAR,10,BANGARPET,GUAR,guar,0,0,0,0
2015,19,KOLAR,10,BANGARPET,COFFEE,coffee,0,0,0,0
2015,19,KOLAR,10,BANGARPET,GROSS CROPPED AREA,,69059,14291,29155,43447
2015,19,KOLAR,8,KOLAR,PADDY,rice,352,76,19,95
2015,19,KOLAR,8,KOLAR,JOWAR,jowar,10637,44,806,850
2015,19,KOLAR,8,KOLAR,BAJRA,bajra,232,17,26,44
2015,19,KOLAR,8,KOLAR,MAIZE,maize,806,12,67,79
2015,19,KOLAR,8,KOLAR,RAGI,ragi,37081,447,18442,18889
2015,19,KOLAR,8,KOLAR,WHEAT,wheat,93,0,29,29
2015,19,KOLAR,8,KOLAR,BARLEY,barley,19,0,1,1
2015,19,KOLAR,8,KOLAR,GRAM,chickpea,37,2,2,4
2015,19,KOLAR,8,KOLAR,TUR (ARHAR),pigeonpea (tur),7739,4,1042,1046
2015,19,KOLAR,8,KOLAR,URAD,black gram,5,0,0,0
2015,19,KOLAR,8,KOLAR,MOONG,green gram,4,0,0,0
2015,19,KOLAR,8,KOLAR,MASUR,lentil,4,0,0,0
2015,19,KOLAR,8,KOLAR,HORSEGRAM,horse gram,1675,2,573,575
2015,19,KOLAR,8,KOLAR,MOTH,moth bean,0,0,0,0
2015,19,KOLAR,8,KOLAR,SUGARCANE,sugarcane,0,0,0,0
2015,19,KOLAR,8,KOLAR,PEPPER (BLACK),black pepper,18,0,13,14
2015,19,KOLAR,8,KOLAR,CHILLIES,chilli,9,4,0,4
2015,19,KOLAR,8,KOLAR,GINGER,ginger,0,0,0,0
2015,19,KOLAR,8,KOLAR,TURMERIC,turmeric,0,0,0,0
2015,19,KOLAR,8,KOLAR,CARDAMOM (SMALL),cardamom,0,0,0,0
2015,19,KOLAR,8,KOLAR,CARDAMOM (LARGE),cardamom,0,0,0,0
2015,19,KOLAR,8,KOLAR,BETELNUTS (ARECANUTS),arecanut,0,0,0,0
2015,19,KOLAR,8,KOLAR,MANGOES,mango,4110,92,5090,5182
2015,19,KOLAR,8,KOLAR,BANANA,banana,26,21,0,21
2015,19,KOLAR,8,KOLAR,TABLE GRAPES,grapes,0,0,0,0
2015,19,KOLAR,8,KOLAR,WINE GRAPES (BLACK),grapes,0,0,0,0
2015,19,KOLAR,8,KOLAR,CASHEWNUTS,cashewnut,13,0,8,8
2015,19,KOLAR,8,KOLAR,POMEGRANATE,pomegranate,5,4,0,4
2015,19,KOLAR,8,KOLAR,POTATO,potato,299,159,7,166
2015,19,KOLAR,8,KOLAR,TAPIOCA (CASSAVA),tapioca,4,0,0,0
2015,19,KOLAR,8,KOLAR,SWEET POTATO,sweet potato,9,1,3,3
2015,19,KOLAR,8,KOLAR,ONION,onion,22,4,1,5
2015,19,KOLAR,8,KOLAR,TOMATO,tomato,2229,1244,133,1377
2015,19,KOLAR,8,KOLAR,GROUNDNUT,groundnut,1022,4,579,583
2015,19,KOLAR,8,KOLAR,CASTORSEED,castor,24,0,2,2
2015,19,KOLAR,8,KOLAR,SESAMUM (TIL),sesame,0,0,0,0
2015,19,KOLAR,8,KOLAR,RAPESEED & MUSTARD (TORIA/TARAMIRA),mustard,10,0,3,3
2015,19,KOLAR,8,KOLAR,LINSEED,linseed,4,0,1,1
2015,19,KOLAR,8,KOLAR,COCONUT,coconut,70,2,51,52
2015,19,KOLAR,8,KOLAR,SUNFLOWER,sunflower,0,0,0,0
2015,19,KOLAR,8,KOLAR,SOYABEAN,soybean,8,5,2,7
2015,19,KOLAR,8,KOLAR,NIGERSEED,niger seed,0,0,0,0
2015,19,KOLAR,8,KOLAR,COTTON,cotton,0,0,0,0
2015,19,KOLAR,8,KOLAR,JUTE,jute,0,0,0,0
2015,19,KOLAR,8,KOLAR,MESTA,mesta,0,0,0,0
2015,19,KOLAR,8,KOLAR,TOBACCO,tobacco,0,0,0,0
2015,19,KOLAR,8,KOLAR,GUAR,guar,0,0,0,0
2015,19,KOLAR,8,KOLAR,COFFEE,coffee,0,0,0,0
2015,19,KOLAR,8,KOLAR,GROSS CROPPED AREA,,75474,5307,37846,43153
2015,19,KOLAR,9,MALUR,PADDY,rice,705,93,359,452
2015,19,KOLAR,9,MALUR,JOWAR,jowar,16630,13,976,989
2015,19,KOLAR,9,MALUR,BAJRA,bajra,18,5,8,13
2015,19,KOLAR,9,MALUR,MAIZE,maize,187,35,38,72
2015,19,KOLAR,9,MALUR,RAGI,ragi,27806,159,14394,14553
2015,19,KOLAR,9,MALUR,WHEAT,wheat,57,0,19,19
2015,19,KOLAR,9,MALUR,BARLEY,barley,12,2,0,2
2015,19,KOLAR,9,MALUR,GRAM,chickpea,4,0,2,2
2015,19,KOLAR,9,MALUR,TUR (ARHAR),pigeonpea (tur),8345,2,393,395
2015,19,KOLAR,9,MALUR,URAD,black gram,4,0,2,2
2015,19,KOLAR,9,MALUR,MOONG,green gram,256,0,16,16
2015,19,KOLAR,9,MALUR,MASUR,lentil,12,0,5,5
2015,19,KOLAR,9,MALUR,HORSEGRAM,horse gram,1294,36,511,547
2015,19,KOLAR,9,MALUR,MOTH,moth bean,0,0,0,0
2015,19,KOLAR,9,MALUR,SUGARCANE,sugarcane,5,1,0,1
2015,19,KOLAR,9,MALUR,PEPPER (BLACK),black pepper,88,38,2,41
2015,19,KOLAR,9,MALUR,CHILLIES,chilli,16,6,0,6
2015,19,KOLAR,9,MALUR,GINGER,ginger,0,0,0,0
2015,19,KOLAR,9,MALUR,TURMERIC,turmeric,0,0,0,0
2015,19,KOLAR,9,MALUR,CARDAMOM (SMALL),cardamom,0,0,0,0
2015,19,KOLAR,9,MALUR,CARDAMOM (LARGE),cardamom,0,0,0,0
2015,19,KOLAR,9,MALUR,BETELNUTS (ARECANUTS),arecanut,0,0,0,0
2015,19,KOLAR,9,MALUR,MANGOES,mango,591,236,399,635
2015,19,KOLAR,9,MALUR,BANANA,banana,8,9,0,9
2015,19,KOLAR,9,MALUR,TABLE GRAPES,grapes,20,19,0,19
2015,19,KOLAR,9,MALUR,WINE GRAPES (BLACK),grapes,4,0,0,0
2015,19,KOLAR,9,MALUR,CASHEWNUTS,cashewnut,0,0,0,0
2015,19,KOLAR,9,MALUR,POMEGRANATE,pomegranate,4,9,0,9
2015,19,KOLAR,9,MALUR,POTATO,potato,2405,2057,5,2062
2015,19,KOLAR,9,MALUR,TAPIOCA (CASSAVA),tapioca,27,21,0,21
2015,19,KOLAR,9,MALUR,SWEET POTATO,sweet potato,100,61,0,61
2015,19,KOLAR,9,MALUR,ONION,onion,8,9,0,9
2015,19,KOLAR,9,MALUR,TOMATO,tomato,5064,2545,34,2579
2015,19,KOLAR,9,MALUR,GROUNDNUT,groundnut,122,0,78,78
2015,19,KOLAR,9,MALUR,CASTORSEED,castor,20,0,4,4
2015,19,KOLAR,9,MALUR,SESAMUM (TIL),sesame,4,2,0,2
2015,19,KOLAR,9,MALUR,RAPESEED & MUSTARD (TORIA/TARAMIRA),mustard,588,0,25,25
2015,19,KOLAR,9,MALUR,LINSEED,linseed,10,0,6,6
2015,19,KOLAR,9,MALUR,COCONUT,coconut,137,6,28,33
2015,19,KOLAR,9,MALUR,SUNFLOWER,sunflower,0,0,0,0
2015,19,KOLAR,9,MALUR,SOYABEAN,soybean,0,0,0,0
2015,19,KOLAR,9,MALUR,NIGERSEED,niger seed,0,0,0,0
2015,19,KOLAR,9,MALUR,COTTON,cotton,0,0,0,0
2015,19,KOLAR,9,MALUR,JUTE,jute,0,0,0,0
2015,19,KOLAR,9,MALUR,MESTA,mesta,0,0,0,0
2015,19,KOLAR,9,MALUR,TOBACCO,tobacco,0,0,0,0
2015,19,KOLAR,9,MALUR,GUAR,guar,0,0,0,0
2015,19,KOLAR,9,MALUR,COFFEE,coffee,0,0,0,0
2015,19,KOLAR,9,MALUR,GROSS CROPPED AREA,,51141,8383,31439,39822
2015,19,KOLAR,11,MULBAGAL,PADDY,rice,2522,356,622,978
2015,19,KOLAR,11,MULBAGAL,JOWAR,jowar,4317,26,601,628
2015,19,KOLAR,11,MULBAGAL,BAJRA,bajra,153,6,39,45
2015,19,KOLAR,11,MULBAGAL,MAIZE,maize,115,3,29,32
2015,19,KOLAR,11,MULBAGAL,RAGI,ragi,29451,561,16075,16636
2015,19,KOLAR,11,MULBAGAL,WHEAT,wheat,540,16,227,244
2015,19,KOLAR,11,MULBAGAL,BARLEY,barley,89,4,38,42
2015,19,KOLAR,11,MULBAGAL,GRAM,chickpea,425,0,187,187
2015,19,KOLAR,11,MULBAGAL,TUR (ARHAR),pigeonpea (tur),3236,1,254,254
2015,19,KOLAR,11,MULBAGAL,URAD,black gram,20,0,9,9
2015,19,KOLAR,11,MULBAGAL,MOONG,green gram,20,0,9,9
2015,19,KOLAR,11,MULBAGAL,MASUR,lentil,14,0,10,10
2015,19,KOLAR,11,MULBAGAL,HORSEGRAM,horse gram,5114,9,2001,2010
2015,19,KOLAR,11,MULBAGAL,MOTH,moth bean,0,0,0,0
2015,19,KOLAR,11,MULBAGAL,SUGARCANE,sugarcane,60,37,0,37
2015,19,KOLAR,11,MULBAGAL,PEPPER (BLACK),black pepper,10,0,5,5
2015,19,KOLAR,11,MULBAGAL,CHILLIES,chilli,11,2,1,3
2015,19,KOLAR,11,MULBAGAL,GINGER,ginger,0,0,0,0
2015,19,KOLAR,11,MULBAGAL,TURMERIC,turmeric,0,0,0,0
2015,19,KOLAR,11,MULBAGAL,CARDAMOM (SMALL),cardamom,0,0,0,0
2015,19,KOLAR,11,MULBAGAL,CARDAMOM (LARGE),cardamom,10,0,4,4
2015,19,KOLAR,11,MULBAGAL,BETELNUTS (ARECANUTS),arecanut,0,0,0,0
2015,19,KOLAR,11,MULBAGAL,MANGOES,mango,5924,103,8466,8569
2015,19,KOLAR,11,MULBAGAL,BANANA,banana,19,9,0,9
2015,19,KOLAR,11,MULBAGAL,TABLE GRAPES,grapes,0,0,0,0
2015,19,KOLAR,11,MULBAGAL,WINE GRAPES (BLACK),grapes,0,0,0,0
2015,19,KOLAR,11,MULBAGAL,CASHEWNUTS,cashewnut,0,0,0,0
2015,19,KOLAR,11,MULBAGAL,POMEGRANATE,pomegranate,0,0,0,0
2015,19,KOLAR,11,MULBAGAL,POTATO,potato,946,580,33,613
2015,19,KOLAR,11,MULBAGAL,TAPIOCA (CASSAVA),tapioca,6,3,0,3
2015,19,KOLAR,11,MULBAGAL,SWEET POTATO,sweet potato,15,4,4,8
2015,19,KOLAR,11,MULBAGAL,ONION,onion,0,0,0,0
2015,19,KOLAR,11,MULBAGAL,TOMATO,tomato,3938,2382,107,2489
2015,19,KOLAR,11,MULBAGAL,GROUNDNUT,groundnut,13927,61,8877,8938
2015,19,KOLAR,11,MULBAGAL,CASTORSEED,castor,133,0,43,43
2015,19,KOLAR,11,MULBAGAL,SESAMUM (TIL),sesame,16,0,11,11
2015,19,KOLAR,11,MULBAGAL,RAPESEED & MUSTARD (TORIA/TARAMIRA),mustard,6,0,4,4
2015,19,KOLAR,11,MULBAGAL,LINSEED,linseed,13,0,3,3
2015,19,KOLAR,11,MULBAGAL,COCONUT,coconut,137,89,29,118
2015,19,KOLAR,11,MULBAGAL,SUNFLOWER,sunflower,5,0,3,3
2015,19,KOLAR,11,MULBAGAL,SOYABEAN,soybean,0,0,0,0
2015,19,KOLAR,11,MULBAGAL,NIGERSEED,niger seed,14,1,2,3
2015,19,KOLAR,11,MULBAGAL,COTTON,cotton,5,21,0,21
2015,19,KOLAR,11,MULBAGAL,JUTE,jute,0,0,0,0
2015,19,KOLAR,11,MULBAGAL,MESTA,mesta,0,0,0,0
2015,19,KOLAR,11,MULBAGAL,TOBACCO,tobacco,0,0,0,0
2015,19,KOLAR,11,MULBAGAL,GUAR,guar,0,0,0,0
2015,19,KOLAR,11,MULBAGAL,COFFEE,coffee,0,0,0,0
2015,19,KOLAR,11,MULBAGAL,GROSS CROPPED AREA,,60974,5905,40052,45958
2015,19,KOLAR,7,SRINIVASAPUR,PADDY,rice,1724,264,908,1171
2015,19,KOLAR,7,SRINIVASAPUR,JOWAR,jowar,4329,56,1302,1359
2015,19,KOLAR,7,SRINIVASAPUR,BAJRA,bajra,5,0,9,9
2015,19,KOLAR,7,SRINIVASAPUR,MAIZE,maize,311,187,150,338
2015,19,KOLAR,7,SRINIVASAPUR,RAGI,ragi,27861,1199,12428,13626
2015,19,KOLAR,7,SRINIVASAPUR,WHEAT,wheat,27,0,17,17
2015,19,KOLAR,7,SRINIVASAPUR,BARLEY,barley,14,0,11,11
2015,19,KOLAR,7,SRINIVASAPUR,GRAM,chickpea,156,10,68,78
2015,19,KOLAR,7,SRINIVASAPUR,TUR (ARHAR),pigeonpea (tur),1170,14,261,275
2015,19,KOLAR,7,SRINIVASAPUR,URAD,black gram,9,0,4,4
2015,19,KOLAR,7,SRINIVASAPUR,MOONG,green gram,0,0,0,0
2015,19,KOLAR,7,SRINIVASAPUR,MASUR,lentil,19,0,6,6
2015,19,KOLAR,7,SRINIVASAPUR,HORSEGRAM,horse gram,3166,7,1061,1069
2015,19,KOLAR,7,SRINIVASAPUR,MOTH,moth bean,9,3,0,3
2015,19,KOLAR,7,SRINIVASAPUR,SUGARCANE,sugarcane,0,0,0,0
2015,19,KOLAR,7,SRINIVASAPUR,PEPPER (BLACK),black pepper,82,0,41,41
2015,19,KOLAR,7,SRINIVASAPUR,CHILLIES,chilli,0,0,0,0
2015,19,KOLAR,7,SRINIVASAPUR,GINGER,ginger,0,0,0,0
2015,19,KOLAR,7,SRINIVASAPUR,TURMERIC,turmeric,0,0,0,0
2015,19,KOLAR,7,SRINIVASAPUR,CARDAMOM (SMALL),cardamom,0,0,0,0
2015,19,KOLAR,7,SRINIVASAPUR,CARDAMOM (LARGE),cardamom,5,0,2,2
2015,19,KOLAR,7,SRINIVASAPUR,BETELNUTS (ARECANUTS),arecanut,0,0,0,0
2015,19,KOLAR,7,SRINIVASAPUR,MANGOES,mango,19269,156,18351,18506
2015,19,KOLAR,7,SRINIVASAPUR,BANANA,banana,4,0,2,2
2015,19,KOLAR,7,SRINIVASAPUR,TABLE GRAPES,grapes,0,0,0,0
2015,19,KOLAR,7,SRINIVASAPUR,WINE GRAPES (BLACK),grapes,0,0,0,0
2015,19,KOLAR,7,SRINIVASAPUR,CASHEWNUTS,cashewnut,0,0,0,0
2015,19,KOLAR,7,SRINIVASAPUR,POMEGRANATE,pomegranate,0,0,0,0
2015,19,KOLAR,7,SRINIVASAPUR,POTATO,potato,238,140,0,140
2015,19,KOLAR,7,SRINIVASAPUR,TAPIOCA (CASSAVA),tapioca,124,0,12,12
2015,19,KOLAR,7,SRINIVASAPUR,SWEET POTATO,sweet potato,0,0,0,0
2015,19,KOLAR,7,SRINIVASAPUR,ONION,onion,0,0,0,0
2015,19,KOLAR,7,SRINIVASAPUR,TOMATO,tomato,3180,1713,310,2023
2015,19,KOLAR,7,SRINIVASAPUR,GROUNDNUT,groundnut,679,2,393,395
2015,19,KOLAR,7,SRINIVASAPUR,CASTORSEED,castor,14,0,4,4
2015,19,KOLAR,7,SRINIVASAPUR,SESAMUM (TIL),sesame,0,0,0,0
2015,19,KOLAR,7,SRINIVASAPUR,RAPESEED & MUSTARD (TORIA/TARAMIRA),mustard,0,0,0,0
2015,19,KOLAR,7,SRINIVASAPUR,LINSEED,linseed,0,0,0,0
2015,19,KOLAR,7,SRINIVASAPUR,COCONUT,coconut,9,4,0,4
2015,19,KOLAR,7,SRINIVASAPUR,SUNFLOWER,sunflower,0,0,0,0
2015,19,KOLAR,7,SRINIVASAPUR,SOYABEAN,soybean,0,0,0,0
2015,19,KOLAR,7,SRINIVASAPUR,NIGERSEED,niger seed,0,0,0,0
2015,19,KOLAR,7,SRINIVASAPUR,COTTON,cotton,0,0,0,0
2015,19,KOLAR,7,SRINIVASAPUR,JUTE,jute,0,0,0,0
2015,19,KOLAR,7,SRINIVASAPUR,MESTA,mesta,0,0,0,0
2015,19,KOLAR,7,SRINIVASAPUR,TOBACCO,tobacco,0,0,0,0
2015,19,KOLAR,7,SRINIVASAPUR,GUAR,guar,0,0,0,0
2015,19,KOLAR,7,SRINIVASAPUR,COFFEE,coffee,0,0,0,0
2015,19,KOLAR,7,SRINIVASAPUR,GROSS CROPPED AREA,,47118,4814,37338,42153
2015,7,KOPPAL,3,GANGAVATHI,PADDY,rice,50019,58707,6482,65188
2015,7,KOPPAL,3,GANGAVATHI,JOWAR,jowar,3370,1773,2935,4708
2015,7,KOPPAL,3,GANGAVATHI,BAJRA,bajra,4981,178,8121,8300
2015,7,KOPPAL,3,GANGAVATHI,MAIZE,maize,2206,753,2658,3411
2015,7,KOPPAL,3,GANGAVATHI,RAGI,ragi,0,0,0,0
2015,7,KOPPAL,3,GANGAVATHI,WHEAT,wheat,0,0,0,0
2015,7,KOPPAL,3,GANGAVATHI,BARLEY,barley,5,3,0,3
2015,7,KOPPAL,3,GANGAVATHI,GRAM,chickpea,399,0,413,413
2015,7,KOPPAL,3,GANGAVATHI,TUR (ARHAR),pigeonpea (tur),1383,91,2204,2295
2015,7,KOPPAL,3,GANGAVATHI,URAD,black gram,7,0,3,3
2015,7,KOPPAL,3,GANGAVATHI,MOONG,green gram,105,58,126,184
2015,7,KOPPAL,3,GANGAVATHI,MASUR,lentil,0,0,0,0
2015,7,KOPPAL,3,GANGAVATHI,HORSEGRAM,horse gram,526,3,594,597
2015,7,KOPPAL,3,GANGAVATHI,MOTH,moth bean,0,0,0,0
2015,7,KOPPAL,3,GANGAVATHI,SUGARCANE,sugarcane,0,0,0,0
2015,7,KOPPAL,3,GANGAVATHI,PEPPER (BLACK),black pepper,0,0,0,0
2015,7,KOPPAL,3,GANGAVATHI,CHILLIES,chilli,0,0,0,0
2015,7,KOPPAL,3,GANGAVATHI,GINGER,ginger,0,0,0,0
2015,7,KOPPAL,3,GANGAVATHI,TURMERIC,turmeric,0,0,0,0
2015,7,KOPPAL,3,GANGAVATHI,CARDAMOM (SMALL),cardamom,0,0,0,0
2015,7,KOPPAL,3,GANGAVATHI,CARDAMOM (LARGE),cardamom,0,0,0,0
2015,7,KOPPAL,3,GANGAVATHI,BETELNUTS (ARECANUTS),arecanut,0,0,0,0
2015,7,KOPPAL,3,GANGAVATHI,MANGOES,mango,7,0,21,21
2015,7,KOPPAL,3,GANGAVATHI,BANANA,banana,4,2,0,2
2015,7,KOPPAL,3,GANGAVATHI,TABLE GRAPES,grapes,11,18,0,18
2015,7,KOPPAL,3,GANGAVATHI,WINE GRAPES (BLACK),grapes,0,0,0,0
2015,7,KOPPAL,3,GANGAVATHI,CASHEWNUTS,cashewnut,0,0,0,0
2015,7,KOPPAL,3,GANGAVATHI,POMEGRANATE,pomegranate,0,0,0,0
2015,7,KOPPAL,3,GANGAVATHI,POTATO,potato,0,0,0,0
2015,7,KOPPAL,3,GANGAVATHI,TAPIOCA (CASSAVA),tapioca,0,0,0,0
2015,7,KOPPAL,3,GANGAVATHI,SWEET POTATO,sweet potato,0,0,0,0
2015,7,KOPPAL,3,GANGAVATHI,ONION,onion,0,0,0,0
2015,7,KOPPAL,3,GANGAVATHI,TOMATO,tomato,0,0,0,0
2015,7,KOPPAL,3,GANGAVATHI,GROUNDNUT,groundnut,245,244,0,244
2015,7,KOPPAL,3,GANGAVATHI,CASTORSEED,castor,0,0,0,0
2015,7,KOPPAL,3,GANGAVATHI,SESAMUM (TIL),sesame,432,15,675,691
2015,7,KOPPAL,3,GANGAVATHI,RAPESEED & MUSTARD (TORIA/TARAMIRA),mustard,0,0,0,0
2015,7,KOPPAL,3,GANGAVATHI,LINSEED,linseed,0,0,0,0
2015,7,KOPPAL,3,GANGAVATHI,COCONUT,coconut,0,0,0,0
2015,7,KOPPAL,3,GANGAVATHI,SUNFLOWER,sunflower,1289,258,1579,1838
2015,7,KOPPAL,3,GANGAVATHI,SOYABEAN,soybean,0,0,0,0
2015,7,KOPPAL,3,GANGAVATHI,NIGERSEED,niger seed,0,0,0,0
2015,7,KOPPAL,3,GANGAVATHI,COTTON,cotton,67,10,127,137
2015,7,KOPPAL,3,GANGAVATHI,JUTE,jute,0,0,0,0
2015,7,KOPPAL,3,GANGAVATHI,MESTA,mesta,0,0,0,0
2015,7,KOPPAL,3,GANGAVATHI,TOBACCO,tobacco,0,0,0,0
2015,7,KOPPAL,3,GANGAVATHI,GUAR,guar,5,1,0,1
2015,7,KOPPAL,3,GANGAVATHI,COFFEE,coffee,0,0,0,0
2015,7,KOPPAL,3,GANGAVATHI,GROSS CROPPED AREA,,64738,62144,26494,88638
2015,7,KOPPAL,4,KOPPAL,PADDY,rice,6154,7019,269,7288
2015,7,KOPPAL,4,KOPPAL,JOWAR,jowar,4744,1052,6324,7375
2015,7,KOPPAL,4,KOPPAL,BAJRA,bajra,12893,661,19085,19745
2015,7,KOPPAL,4,KOPPAL,MAIZE,maize,22264,10474,26889,37363
2015,7,KOPPAL,4,KOPPAL,RAGI,ragi,25,6,58,64
2015,7,KOPPAL,4,KOPPAL,WHEAT,wheat,188,35,204,239
2015,7,KOPPAL,4,KOPPAL,BARLEY,barley,4,3,0,3
2015,7,KOPPAL,4,KOPPAL,GRAM,chickpea,1001,66,1340,1406
2015,7,KOPPAL,4,KOPPAL,TUR (ARHAR),pigeonpea (tur),3356,186,2289,2474
2015,7,KOPPAL,4,KOPPAL,URAD,black gram,1032,0,227,227
2015,7,KOPPAL,4,KOPPAL,MOONG,green gram,507,6,715,721
2015,7,KOPPAL,4,KOPPAL,MASUR,lentil,0,0,0,0
2015,7,KOPPAL,4,KOPPAL,HORSEGRAM,horse gram,323,10,347,357
2015,7,KOPPAL,4,KOPPAL,MOTH,moth bean,0,0,0,0
2015,7,KOPPAL,4,KOPPAL,SUGARCANE,sugarcane,612,1305,0,1305
2015,7,KOPPAL,4,KOPPAL,PEPPER (BLACK),black pepper,0,0,0,0
2015,7,KOPPAL,4,KOPPAL,CHILLIES,chilli,0,0,0,0
2015,7,KOPPAL,4,KOPPAL,GINGER,ginger,0,0,0,0
2015,7,KOPPAL,4,KOPPAL,TURMERIC,turmeric,0,0,0,0
2015,7,KOPPAL,4,KOPPAL,CARDAMOM (SMALL),cardamom,0,0,0,0
2015,7,KOPPAL,4,KOPPAL,CARDAMOM (LARGE),cardamom,5,0,4,4
2015,7,KOPPAL,4,KOPPAL,BETELNUTS (ARECANUTS),arecanut,0,0,0,0
2015,7,KOPPAL,4,KOPPAL,MANGOES,mango,53,57,5,61
2015,7,KOPPAL,4,KOPPAL,BANANA,banana,95,167,0,167
2015,7,KOPPAL,4,KOPPAL,TABLE GRAPES,grapes,4,5,0,5
2015,7,KOPPAL,4,KOPPAL,WINE GRAPES (BLACK),grapes,26,10,0,10
2015,7,KOPPAL,4,KOPPAL,CASHEWNUTS,cashewnut,0,0,0,0
2015,7,KOPPAL,4,KOPPAL,POMEGRANATE,pomegranate,49,104,0,104
2015,7,KOPPAL,4,KOPPAL,POTATO,potato,0,0,0,0
2015,7,KOPPAL,4,KOPPAL,TAPIOCA (CASSAVA),tapioca,0,0,0,0
2015,7,KOPPAL,4,KOPPAL,SWEET POTATO,sweet potato,0,0,0,0
2015,7,KOPPAL,4,KOPPAL,ONION,onion,167,84,10,94
2015,7,KOPPAL,4,KOPPAL,TOMATO,tomato,21,5,0,5
2015,7,KOPPAL,4,KOPPAL,GROUNDNUT,groundnut,2593,1521,2306,3827
2015,7,KOPPAL,4,KOPPAL,CASTORSEED,castor,81,16,70,87
2015,7,KOPPAL,4,KOPPAL,SESAMUM (TIL),sesame,1464,30,1650,1680
2015,7,KOPPAL,4,KOPPAL,RAPESEED & MUSTARD (TORIA/TARAMIRA),mustard,67,25,68,93
2015,7,KOPPAL,4,KOPPAL,LINSEED,linseed,16,0,17,17
2015,7,KOPPAL,4,KOPPAL,COCONUT,coconut,53,0,48,48
2015,7,KOPPAL,4,KOPPAL,SUNFLOWER,sunflower,1823,864,1635,2499
2015,7,KOPPAL,4,KOPPAL,SOYABEAN,soybean,4,0,0,0
2015,7,KOPPAL,4,KOPPAL,NIGERSEED,niger seed,44,0,68,68
2015,7,KOPPAL,4,KOPPAL,COTTON,cotton,408,395,160,555
2015,7,KOPPAL,4,KOPPAL,JUTE,jute,8,0,14,14
2015,7,KOPPAL,4,KOPPAL,MESTA,mesta,0,0,0,0
2015,7,KOPPAL,4,KOPPAL,TOBACCO,tobacco,0,0,0,0
2015,7,KOPPAL,4,KOPPAL,GUAR,guar,0,0,0,0
2015,7,KOPPAL,4,KOPPAL,COFFEE,coffee,0,0,0,0
2015,7,KOPPAL,4,KOPPAL,GROSS CROPPED AREA,,47088,24385,64483,88868
2015,7,KOPPAL,2,KUSHTAGI,PADDY,rice,1739,160,3948,4108
2015,7,KOPPAL,2,KUSHTAGI,JOWAR,jowar,7960,444,12734,13177
2015,7,KOPPAL,2,KUSHTAGI,BAJRA,bajra,20366,552,35225,35777
2015,7,KOPPAL,2,KUSHTAGI,MAIZE,maize,17617,3346,23547,26893
2015,7,KOPPAL,2,KUSHTAGI,RAGI,ragi,92,14,145,159
2015,7,KOPPAL,2,KUSHTAGI,WHEAT,wheat,1084,39,1374,1413
2015,7,KOPPAL,2,KUSHTAGI,BARLEY,barley,138,43,194,237
2015,7,KOPPAL,2,KUSHTAGI,GRAM,chickpea,1651,55,2565,2620
2015,7,KOPPAL,2,KUSHTAGI,TUR (ARHAR),pigeonpea (tur),4883,175,7618,7793
2015,7,KOPPAL,2,KUSHTAGI,URAD,black gram,32,0,25,25
2015,7,KOPPAL,2,KUSHTAGI,MOONG,green gram,2455,303,3425,3728
2015,7,KOPPAL,2,KUSHTAGI,MASUR,lentil,5,0,4,4
2015,7,KOPPAL,2,KUSHTAGI,HORSEGRAM,horse gram,872,0,1381,1381
2015,7,KOPPAL,2,KUSHTAGI,MOTH,moth bean,0,0,0,0
2015,7,KOPPAL,2,KUSHTAGI,SUGARCANE,sugarcane,5,33,0,33
2015,7,KOPPAL,2,KUSHTAGI,PEPPER (BLACK),black pepper,14,3,2,5
2015,7,KOPPAL,2,KUSHTAGI,CHILLIES,chilli,0,0,0,0
2015,7,KOPPAL,2,KUSHTAGI,GINGER,ginger,0,0,0,0
2015,7,KOPPAL,2,KUSHTAGI,TURMERIC,turmeric,0,0,0,0
2015,7,KOPPAL,2,KUSHTAGI,CARDAMOM (SMALL),cardamom,0,0,0,0
2015,7,KOPPAL,2,KUSHTAGI,CARDAMOM (LARGE),cardamom,0,0,0,0
2015,7,KOPPAL,2,KUSHTAGI,BETELNUTS (ARECANUTS),arecanut,4,6,0,6
2015,7,KOPPAL,2,KUSHTAGI,MANGOES,mango,9,45,0,45
2015,7,KOPPAL,2,KUSHTAGI,BANANA,banana,160,96,75,171
2015,7,KOPPAL,2,KUSHTAGI,TABLE GRAPES,grapes,9,15,0,15
2015,7,KOPPAL,2,KUSHTAGI,WINE GRAPES (BLACK),grapes,0,0,0,0
2015,7,KOPPAL,2,KUSHTAGI,CASHEWNUTS,cashewnut,0,0,0,0
2015,7,KOPPAL,2,KUSHTAGI,POMEGRANATE,pomegranate,62,62,30,92
2015,7,KOPPAL,2,KUSHTAGI,POTATO,potato,0,0,0,0
2015,7,KOPPAL,2,KUSHTAGI,TAPIOCA (CASSAVA),tapioca,0,0,0,0
2015,7,KOPPAL,2,KUSHTAGI,SWEET POTATO,sweet potato,0,0,0,0
2015,7,KOPPAL,2,KUSHTAGI,ONION,onion,131,54,102,156
2015,7,KOPPAL,2,KUSHTAGI,TOMATO,tomato,82,24,42,67
2015,7,KOPPAL,2,KUSHTAGI,GROUNDNUT,groundnut,2194,782,2398,3179
2015,7,KOPPAL,2,KUSHTAGI,CASTORSEED,castor,4,0,9,9
2015,7,KOPPAL,2,KUSHTAGI,SESAMUM (TIL),sesame,1403,7,2225,2233
2015,7,KOPPAL,2,KUSHTAGI,RAPESEED & MUSTARD (TORIA/TARAMIRA),mustard,56,47,97,145
2015,7,KOPPAL,2,KUSHTAGI,LINSEED,linseed,77,0,89,89
2015,7,KOPPAL,2,KUSHTAGI,COCONUT,coconut,5,0,2,2
2015,7,KOPPAL,2,KUSHTAGI,SUNFLOWER,sunflower,5287,1587,7467,9054
2015,7,KOPPAL,2,KUSHTAGI,SOYABEAN,soybean,0,0,0,0
2015,7,KOPPAL,2,KUSHTAGI,NIGERSEED,niger seed,0,0,0,0
2015,7,KOPPAL,2,KUSHTAGI,COTTON,cotton,70,43,16,60
2015,7,KOPPAL,2,KUSHTAGI,JUTE,jute,0,0,0,0
2015,7,KOPPAL,2,KUSHTAGI,MESTA,mesta,0,0,0,0
2015,7,KOPPAL,2,KUSHTAGI,TOBACCO,tobacco,0,0,0,0
2015,7,KOPPAL,2,KUSHTAGI,GUAR,guar,0,0,0,0
2015,7,KOPPAL,2,KUSHTAGI,COFFEE,coffee,0,0,0,0
2015,7,KOPPAL,2,KUSHTAGI,GROSS CROPPED AREA,,59078,8270,104835,113105
2015,7,KOPPAL,1,YELBURGA,PADDY,rice,434,180,254,434
2015,7,KOPPAL,1,YELBURGA,JOWAR,jowar,11094,2072,9393,11465
2015,7,KOPPAL,1,YELBURGA,BAJRA,bajra,12223,352,14934,15286
2015,7,KOPPAL,1,YELBURGA,MAIZE,maize,13390,4978,15646,20624
2015,7,KOPPAL,1,YELBURGA,RAGI,ragi,62,32,54,86
2015,7,KOPPAL,1,YELBURGA,WHEAT,wheat,6155,21,10525,10547
2015,7,KOPPAL,1,YELBURGA,BARLEY,barley,92,24,85,109
2015,7,KOPPAL,1,YELBURGA,GRAM,chickpea,8961,155,10369,10525
2015,7,KOPPAL,1,YELBURGA,TUR (ARHAR),pigeonpea (tur),5481,29,3788,3817
2015,7,KOPPAL,1,YELBURGA,URAD,black gram,338,0,331,331
2015,7,KOPPAL,1,YELBURGA,MOONG,green gram,18295,258,29287,29545
2015,7,KOPPAL,1,YELBURGA,MASUR,lentil,8,0,9,9
2015,7,KOPPAL,1,YELBURGA,HORSEGRAM,horse gram,1790,9,2352,2361
2015,7,KOPPAL,1,YELBURGA,MOTH,moth bean,8,0,6,6
2015,7,KOPPAL,1,YELBURGA,SUGARCANE,sugarcane,18,20,0,20
2015,7,KOPPAL,1,YELBURGA,PEPPER (BLACK),black pepper,0,0,0,0
2015,7,KOPPAL,1,YELBURGA,CHILLIES,chilli,28,32,26,58
2015,7,KOPPAL,1,YELBURGA,GINGER,ginger,0,0,0,0
2015,7,KOPPAL,1,YELBURGA,TURMERIC,turmeric,0,0,0,0
2015,7,KOPPAL,1,YELBURGA,CARDAMOM (SMALL),cardamom,0,0,0,0
2015,7,KOPPAL,1,YELBURGA,CARDAMOM (LARGE),cardamom,11,0,2,2
2015,7,KOPPAL,1,YELBURGA,BETELNUTS (ARECANUTS),arecanut,7,0,3,3
2015,7,KOPPAL,1,YELBURGA,MANGOES,mango,31,17,4,21
2015,7,KOPPAL,1,YELBURGA,BANANA,banana,13,18,0,18
2015,7,KOPPAL,1,YELBURGA,TABLE GRAPES,grapes,22,31,51,82
2015,7,KOPPAL,1,YELBURGA,WINE GRAPES (BLACK),grapes,0,0,0,0
2015,7,KOPPAL,1,YELBURGA,CASHEWNUTS,cashewnut,0,0,0,0
2015,7,KOPPAL,1,YELBURGA,POMEGRANATE,pomegranate,4,6,0,6
2015,7,KOPPAL,1,YELBURGA,POTATO,potato,0,0,0,0
2015,7,KOPPAL,1,YELBURGA,TAPIOCA (CASSAVA),tapioca,0,0,0,0
2015,7,KOPPAL,1,YELBURGA,SWEET POTATO,sweet potato,15,0,5,5
2015,7,KOPPAL,1,YELBURGA,ONION,onion,2970,13,3567,3580
2015,7,KOPPAL,1,YELBURGA,TOMATO,tomato,27,18,0,18
2015,7,KOPPAL,1,YELBURGA,GROUNDNUT,groundnut,10983,2745,8740,11485
2015,7,KOPPAL,1,YELBURGA,CASTORSEED,castor,111,2,176,177
2015,7,KOPPAL,1,YELBURGA,SESAMUM (TIL),sesame,2564,34,1817,1852
2015,7,KOPPAL,1,YELBURGA,RAPESEED & MUSTARD (TORIA/TARAMIRA),mustard,176,42,198,240
2015,7,KOPPAL,1,YELBURGA,LINSEED,linseed,939,0,355,355
2015,7,KOPPAL,1,YELBURGA,COCONUT,coconut,27,5,11,16
2015,7,KOPPAL,1,YELBURGA,SUNFLOWER,sunflower,5594,2455,5597,8052
2015,7,KOPPAL,1,YELBURGA,SOYABEAN,soybean,12,0,11,11
2015,7,KOPPAL,1,YELBURGA,NIGERSEED,niger seed,148,0,57,57
2015,7,KOPPAL,1,YELBURGA,COTTON,cotton,2794,533,1164,1697
2015,7,KOPPAL,1,YELBURGA,JUTE,jute,4,2,0,2
2015,7,KOPPAL,1,YELBURGA,MESTA,mesta,13,4,8,12
2015,7,KOPPAL,1,YELBURGA,TOBACCO,tobacco,0,0,0,0
2015,7,KOPPAL,1,YELBURGA,GUAR,guar,0,0,0,0
2015,7,KOPPAL,1,YELBURGA,COFFEE,coffee,0,0,0,0
2015,7,KOPPAL,1,YELBURGA,GROSS CROPPED AREA,,61221,14408,121653,136061
2015,22,MANDYA,1,K.R. PET,PADDY,rice,13954,6588,470,7057
2015,22,MANDYA,1,K.R. PET,JOWAR,jowar,6167,11,574,585
2015,22,MANDYA,1,K.R. PET,BAJRA,bajra,184,1,44,46
2015,22,MANDYA,1,K.R. PET,MAIZE,maize,556,77,150,227
2015,22,MANDYA,1,K.R. PET,RAGI,ragi,56423,1060,19466,20526
2015,22,MANDYA,1,K.R. PET,WHEAT,wheat,532,108,93,201
2015,22,MANDYA,1,K.R. PET,BARLEY,barley,5,0,1,1
2015,22,MANDYA,1,K.R. PET,GRAM,chickpea,48,13,13,26
2015,22,MANDYA,1,K.R. PET,TUR (ARHAR),pigeonpea (tur),2100,10,180,190
2015,22,MANDYA,1,K.R. PET,URAD,black gram,323,3,68,70
2015,22,MANDYA,1,K.R. PET,MOONG,green gram,179,1,34,35
2015,22,MANDYA,1,K.R. PET,MASUR,lentil,88,2,31,33
2015,22,MANDYA,1,K.R. PET,HORSEGRAM,horse gram,24863,140,7780,7920
2015,22,MANDYA,1,K.R. PET,MOTH,moth bean,10,0,2,2
2015,22,MANDYA,1,K.R. PET,SUGARCANE,sugarcane,15163,7875,0,7875
2015,22,MANDYA,1,K.R. PET,PEPPER (BLACK),black pepper,41,11,5,16
2015,22,MANDYA,1,K.R. PET,CHILLIES,chilli,0,0,0,0
2015,22,MANDYA,1,K.R. PET,GINGER,ginger,5,2,0,2
2015,22,MANDYA,1,K.R. PET,TURMERIC,turmeric,23,10,0,10
2015,22,MANDYA,1,K.R. PET,CARDAMOM (SMALL),cardamom,5,1,0,1
2015,22,MANDYA,1,K.R. PET,CARDAMOM (LARGE),cardamom,25,1,4,4
2015,22,MANDYA,1,K.R. PET,BETELNUTS (ARECANUTS),arecanut,2224,557,10,567
2015,22,MANDYA,1,K.R. PET,MANGOES,mango,351,37,91,128
2015,22,MANDYA,1,K.R. PET,BANANA,banana,3836,775,57,832
2015,22,MANDYA,1,K.R. PET,TABLE GRAPES,grapes,10,3,0,3
2015,22,MANDYA,1,K.R. PET,WINE GRAPES (BLACK),grapes,0,0,0,0
2015,22,MANDYA,1,K.R. PET,CASHEWNUTS,cashewnut,0,0,0,0
2015,22,MANDYA,1,K.R. PET,POMEGRANATE,pomegranate,5,0,0,0
2015,22,MANDYA,1,K.R. PET,POTATO,potato,5,0,0,0
2015,22,MANDYA,1,K.R. PET,TAPIOCA (CASSAVA),tapioca,16,3,0,3
2015,22,MANDYA,1,K.R. PET,SWEET POTATO,sweet potato,317,95,6,101
2015,22,MANDYA,1,K.R. PET,ONION,onion,5,0,0,0
2015,22,MANDYA,1,K.R. PET,TOMATO,tomato,1165,282,9,290
2015,22,MANDYA,1,K.R. PET,GROUNDNUT,groundnut,25,10,0,10
2015,22,MANDYA,1,K.R. PET,CASTORSEED,castor,26,0,5,5
2015,22,MANDYA,1,K.R. PET,SESAMUM (TIL),sesame,6715,40,1861,1900
2015,22,MANDYA,1,K.R. PET,RAPESEED & MUSTARD (TORIA/TARAMIRA),mustard,17,3,2,5
2015,22,MANDYA,1,K.R. PET,LINSEED,linseed,26,5,5,10
2015,22,MANDYA,1,K.R. PET,COCONUT,coconut,15481,4954,1382,6336
2015,22,MANDYA,1,K.R. PET,SUNFLOWER,sunflower,5,1,0,1
2015,22,MANDYA,1,K.R. PET,SOYABEAN,soybean,5,0,1,1
2015,22,MANDYA,1,K.R. PET,NIGERSEED,niger seed,0,0,0,0
2015,22,MANDYA,1,K.R. PET,COTTON,cotton,5,0,2,2
2015,22,MANDYA,1,K.R. PET,JUTE,jute,0,0,0,0
2015,22,MANDYA,1,K.R. PET,MESTA,mesta,0,0,0,0
2015,22,MANDYA,1,K.R. PET,TOBACCO,tobacco,0,0,0,0
2015,22,MANDYA,1,K.R. PET,GUAR,guar,26,13,4,17
2015,22,MANDYA,1,K.R. PET,COFFEE,coffee,0,0,0,0
2015,22,MANDYA,1,K.R. PET,GROSS CROPPED AREA,,90800,23453,32692,56146
2015,22,MANDYA,6,MADDUR,PADDY,rice,44818,15509,777,16286
2015,22,MANDYA,6,MADDUR,JOWAR,jowar,4300,294,743,1037
2015,22,MANDYA,6,MADDUR,BAJRA,bajra,49,7,11,18
2015,22,MANDYA,6,MADDUR,MAIZE,maize,406,91,10,101
2015,22,MANDYA,6,MADDUR,RAGI,ragi,25234,3104,4277,7380
2015,22,MANDYA,6,MADDUR,WHEAT,wheat,167,17,15,32
2015,22,MANDYA,6,MADDUR,BARLEY,barley,17,3,0,4
2015,22,MANDYA,6,MADDUR,GRAM,chickpea,33,3,17,20
2015,22,MANDYA,6,MADDUR,TUR (ARHAR),pigeonpea (tur),51,6,7,13
2015,22,MANDYA,6,MADDUR,URAD,black gram,17,4,3,7
2015,22,MANDYA,6,MADDUR,MOONG,green gram,142,3,3,6
2015,22,MANDYA,6,MADDUR,MASUR,lentil,6,2,0,2
2015,22,MANDYA,6,MADDUR,HORSEGRAM,horse gram,6108,189,1476,1665
2015,22,MANDYA,6,MADDUR,MOTH,moth bean,0,0,0,0
2015,22,MANDYA,6,MADDUR,SUGARCANE,sugarcane,20899,10632,0,10632
2015,22,MANDYA,6,MADDUR,PEPPER (BLACK),black pepper,0,0,0,0
2015,22,MANDYA,6,MADDUR,CHILLIES,chilli,0,0,0,0
2015,22,MANDYA,6,MADDUR,GINGER,ginger,0,0,0,0
2015,22,MANDYA,6,MADDUR,TURMERIC,turmeric,0,0,0,0
2015,22,MANDYA,6,MADDUR,CARDAMOM (SMALL),cardamom,0,0,0,0
2015,22,MANDYA,6,MADDUR,CARDAMOM (LARGE),cardamom,12,9,0,9
2015,22,MANDYA,6,MADDUR,BETELNUTS (ARECANUTS),arecanut,147,82,0,82
2015,22,MANDYA,6,MADDUR,MANGOES,mango,190,61,3,63
2015,22,MANDYA,6,MADDUR,BANANA,banana,979,542,5,547
2015,22,MANDYA,6,MADDUR,TABLE GRAPES,grapes,0,0,0,0
2015,22,MANDYA,6,MADDUR,WINE GRAPES (BLACK),grapes,12,9,0,9
2015,22,MANDYA,6,MADDUR,CASHEWNUTS,cashewnut,0,0,0,0
2015,22,MANDYA,6,MADDUR,POMEGRANATE,pomegranate,0,0,0,0
2015,22,MANDYA,6,MADDUR,POTATO,potato,0,0,0,0
2015,22,MANDYA,6,MADDUR,TAPIOCA (CASSAVA),tapioca,6,3,0,3
2015,22,MANDYA,6,MADDUR,SWEET POTATO,sweet potato,0,0,0,0
2015,22,MANDYA,6,MADDUR,ONION,onion,6,6,0,6
2015,22,MANDYA,6,MADDUR,TOMATO,tomato,450,190,3,193
2015,22,MANDYA,6,MADDUR,GROUNDNUT,groundnut,633,62,118,180
2015,22,MANDYA,6,MADDUR,CASTORSEED,castor,0,0,0,0
2015,22,MANDYA,6,MADDUR,SESAMUM (TIL),sesame,2096,21,506,527
2015,22,MANDYA,6,MADDUR,RAPESEED & MUSTARD (TORIA/TARAMIRA),mustard,0,0,0,0
2015,22,MANDYA,6,MADDUR,LINSEED,linseed,11,3,0,3
2015,22,MANDYA,6,MADDUR,COCONUT,coconut,1128,450,70,520
2015,22,MANDYA,6,MADDUR,SUNFLOWER,sunflower,11,0,2,2
2015,22,MANDYA,6,MADDUR,SOYABEAN,soybean,0,0,0,0
2015,22,MANDYA,6,MADDUR,NIGERSEED,niger seed,168,26,10,36
2015,22,MANDYA,6,MADDUR,COTTON,cotton,50,14,1,15
2015,22,MANDYA,6,MADDUR,JUTE,jute,6,0,0,0
2015,22,MANDYA,6,MADDUR,MESTA,mesta,14,0,4,4
2015,22,MANDYA,6,MADDUR,TOBACCO,tobacco,0,0,0,0
2015,22,MANDYA,6,MADDUR,GUAR,guar,40,21,4,25
2015,22,MANDYA,6,MADDUR,COFFEE,coffee,6,1,0,1
2015,22,MANDYA,6,MADDUR,GROSS CROPPED AREA,,86901,33137,8807,41944
2015,22,MANDYA,7,MALAVALLI,PADDY,rice,32819,14604,817,15421
2015,22,MANDYA,7,MALAVALLI,JOWAR,jowar,5095,851,261,1112
2015,22,MANDYA,7,MALAVALLI,BAJRA,bajra,469,295,4,298
2015,22,MANDYA,7,MALAVALLI,MAIZE,maize,9183,2416,241,2657
2015,22,MANDYA,7,MALAVALLI,RAGI,ragi,21790,3617,5038,8655
2015,22,MANDYA,7,MALAVALLI,WHEAT,wheat,134,104,12,116
2015,22,MANDYA,7,MALAVALLI,BARLEY,barley,65,24,15,39
2015,22,MANDYA,7,MALAVALLI,GRAM,chickpea,26,9,0,9
2015,22,MANDYA,7,MALAVALLI,TUR (ARHAR),pigeonpea (tur),156,60,58,117
2015,22,MANDYA,7,MALAVALLI,URAD,black gram,69,48,4,52
2015,22,MANDYA,7,MALAVALLI,MOONG,green gram,64,32,36,67
2015,22,MANDYA,7,MALAVALLI,MASUR,lentil,10,0,5,5
2015,22,MANDYA,7,MALAVALLI,HORSEGRAM,horse gram,3914,583,1023,1606
2015,22,MANDYA,7,MALAVALLI,MOTH,moth bean,0,0,0,0
2015,22,MANDYA,7,MALAVALLI,SUGARCANE,sugarcane,6003,4492,0,4492
2015,22,MANDYA,7,MALAVALLI,PEPPER (BLACK),black pepper,0,0,0,0
2015,22,MANDYA,7,MALAVALLI,CHILLIES,chilli,16,6,0,6
2015,22,MANDYA,7,MALAVALLI,GINGER,ginger,6,4,0,4
2015,22,MANDYA,7,MALAVALLI,TURMERIC,turmeric,110,163,0,163
2015,22,MANDYA,7,MALAVALLI,CARDAMOM (SMALL),cardamom,0,0,0,0
2015,22,MANDYA,7,MALAVALLI,CARDAMOM (LARGE),cardamom,0,0,0,0
2015,22,MANDYA,7,MALAVALLI,BETELNUTS (ARECANUTS),arecanut,140,111,6,118
2015,22,MANDYA,7,MALAVALLI,MANGOES,mango,855,368,226,595
2015,22,MANDYA,7,MALAVALLI,BANANA,banana,1380,1691,28,1719
2015,22,MANDYA,7,MALAVALLI,TABLE GRAPES,grapes,252,111,48,159
2015,22,MANDYA,7,MALAVALLI,WINE GRAPES (BLACK),grapes,0,0,0,0
2015,22,MANDYA,7,MALAVALLI,CASHEWNUTS,cashewnut,0,0,0,0
2015,22,MANDYA,7,MALAVALLI,POMEGRANATE,pomegranate,0,0,0,0
2015,22,MANDYA,7,MALAVALLI,POTATO,potato,11,24,0,24
2015,22,MANDYA,7,MALAVALLI,TAPIOCA (CASSAVA),tapioca,0,0,0,0
2015,22,MANDYA,7,MALAVALLI,SWEET POTATO,sweet potato,10,1,0,1
2015,22,MANDYA,7,MALAVALLI,ONION,onion,40,0,7,7
2015,22,MANDYA,7,MALAVALLI,TOMATO,tomato,2934,595,3,598
2015,22,MANDYA,7,MALAVALLI,GROUNDNUT,groundnut,136,25,62,87
2015,22,MANDYA,7,MALAVALLI,CASTORSEED,castor,16,0,1,1
2015,22,MANDYA,7,MALAVALLI,SESAMUM (TIL),sesame,783,173,196,369
2015,22,MANDYA,7,MALAVALLI,RAPESEED & MUSTARD (TORIA/TARAMIRA),mustard,16,5,0,5
2015,22,MANDYA,7,MALAVALLI,LINSEED,linseed,0,0,0,0
2015,22,MANDYA,7,MALAVALLI,COCONUT,coconut,2650,750,855,1605
2015,22,MANDYA,7,MALAVALLI,SUNFLOWER,sunflower,0,0,0,0
2015,22,MANDYA,7,MALAVALLI,SOYABEAN,soybean,0,0,0,0
2015,22,MANDYA,7,MALAVALLI,NIGERSEED,niger seed,122,27,83,110
2015,22,MANDYA,7,MALAVALLI,COTTON,cotton,26,10,0,10
2015,22,MANDYA,7,MALAVALLI,JUTE,jute,0,0,0,0
2015,22,MANDYA,7,MALAVALLI,MESTA,mesta,0,0,0,0
2015,22,MANDYA,7,MALAVALLI,TOBACCO,tobacco,0,0,0,0
2015,22,MANDYA,7,MALAVALLI,GUAR,guar,11,5,0,5
2015,22,MANDYA,7,MALAVALLI,COFFEE,coffee,0,0,0,0
2015,22,MANDYA,7,MALAVALLI,GROSS CROPPED AREA,,90740,38937,9912,48849
2015,22,MANDYA,5,MANDYA,PADDY,rice,49433,14621,526,15148
2015,22,MANDYA,5,MANDYA,JOWAR,jowar,14687,69,1939,2008
2015,22,MANDYA,5,MANDYA,BAJRA,bajra,164,4,49,53
2015,22,MANDYA,5,MANDYA,MAIZE,maize,990,61,344,405
2015,22,MANDYA,5,MANDYA,RAGI,ragi,29539,859,11341,12200
2015,22,MANDYA,5,MANDYA,WHEAT,wheat,199,42,29,70
2015,22,MANDYA,5,MANDYA,BARLEY,barley,5,1,0,1
2015,22,MANDYA,5,MANDYA,GRAM,chickpea,39,0,10,10
2015,22,MANDYA,5,MANDYA,TUR (ARHAR),pigeonpea (tur),238,5,63,67
2015,22,MANDYA,5,MANDYA,URAD,black gram,517,17,73,90
2015,22,MANDYA,5,MANDYA,MOONG,green gram,719,11,134,144
2015,22,MANDYA,5,MANDYA,MASUR,lentil,16,1,9,10
2015,22,MANDYA,5,MANDYA,HORSEGRAM,horse gram,11467,74,4351,4425
2015,22,MANDYA,5,MANDYA,MOTH,moth bean,10,0,2,2
2015,22,MANDYA,5,MANDYA,SUGARCANE,sugarcane,18633,9885,0,9885
2015,22,MANDYA,5,MANDYA,PEPPER (BLACK),black pepper,10,13,0,13
2015,22,MANDYA,5,MANDYA,CHILLIES,chilli,11,0,3,3
2015,22,MANDYA,5,MANDYA,GINGER,ginger,0,0,0,0
2015,22,MANDYA,5,MANDYA,TURMERIC,turmeric,0,0,0,0
2015,22,MANDYA,5,MANDYA,CARDAMOM (SMALL),cardamom,0,0,0,0
2015,22,MANDYA,5,MANDYA,CARDAMOM (LARGE),cardamom,0,0,0,0
2015,22,MANDYA,5,MANDYA,BETELNUTS (ARECANUTS),arecanut,16,0,3,3
2015,22,MANDYA,5,MANDYA,MANGOES,mango,533,49,340,389
2015,22,MANDYA,5,MANDYA,BANANA,banana,516,115,14,129
2015,22,MANDYA,5,MANDYA,TABLE GRAPES,grapes,0,0,0,0
2015,22,MANDYA,5,MANDYA,WINE GRAPES (BLACK),grapes,0,0,0,0
2015,22,MANDYA,5,MANDYA,CASHEWNUTS,cashewnut,0,0,0,0
2015,22,MANDYA,5,MANDYA,POMEGRANATE,pomegranate,0,0,0,0
2015,22,MANDYA,5,MANDYA,POTATO,potato,38,0,4,4
2015,22,MANDYA,5,MANDYA,TAPIOCA (CASSAVA),tapioca,0,0,0,0
2015,22,MANDYA,5,MANDYA,SWEET POTATO,sweet potato,0,0,0,0
2015,22,MANDYA,5,MANDYA,ONION,onion,316,24,84,108
2015,22,MANDYA,5,MANDYA,TOMATO,tomato,989,151,84,235
2015,22,MANDYA,5,MANDYA,GROUNDNUT,groundnut,24,3,9,12
2015,22,MANDYA,5,MANDYA,CASTORSEED,castor,160,0,22,22
2015,22,MANDYA,5,MANDYA,SESAMUM (TIL),sesame,837,32,230,262
2015,22,MANDYA,5,MANDYA,RAPESEED & MUSTARD (TORIA/TARAMIRA),mustard,0,0,0,0
2015,22,MANDYA,5,MANDYA,LINSEED,linseed,10,0,7,7
2015,22,MANDYA,5,MANDYA,COCONUT,coconut,1902,353,566,919
2015,22,MANDYA,5,MANDYA,SUNFLOWER,sunflower,0,0,0,0
2015,22,MANDYA,5,MANDYA,SOYABEAN,soybean,0,0,0,0
2015,22,MANDYA,5,MANDYA,NIGERSEED,niger seed,168,0,32,32
2015,22,MANDYA,5,MANDYA,COTTON,cotton,37,16,0,16
2015,22,MANDYA,5,MANDYA,JUTE,jute,0,0,0,0
2015,22,MANDYA,5,MANDYA,MESTA,mesta,0,0,0,0
2015,22,MANDYA,5,MANDYA,TOBACCO,tobacco,0,0,0,0
2015,22,MANDYA,5,MANDYA,GUAR,guar,5,3,0,3
2015,22,MANDYA,5,MANDYA,COFFEE,coffee,0,0,0,0
2015,22,MANDYA,5,MANDYA,GROSS CROPPED AREA,,105331,26915,21485,48399
2015,22,MANDYA,2,NAGAMANGALA,PADDY,rice,2187,547,175,722
2015,22,MANDYA,2,NAGAMANGALA,JOWAR,jowar,10372,6,1239,1245
2015,22,MANDYA,2,NAGAMANGALA,BAJRA,bajra,77,3,11,14
2015,22,MANDYA,2,NAGAMANGALA,MAIZE,maize,4803,7,460,468
2015,22,MANDYA,2,NAGAMANGALA,RAGI,ragi,63340,2034,27893,29928
2015,22,MANDYA,2,NAGAMANGALA,WHEAT,wheat,542,114,160,274
2015,22,MANDYA,2,NAGAMANGALA,BARLEY,barley,53,1,9,10
2015,22,MANDYA,2,NAGAMANGALA,GRAM,chickpea,61,8,8,17
2015,22,MANDYA,2,NAGAMANGALA,TUR (ARHAR),pigeonpea (tur),12648,4,1457,1461
2015,22,MANDYA,2,NAGAMANGALA,URAD,black gram,530,0,104,104
2015,22,MANDYA,2,NAGAMANGALA,MOONG,green gram,172,3,43,46
2015,22,MANDYA,2,NAGAMANGALA,MASUR,lentil,152,0,53,53
2015,22,MANDYA,2,NAGAMANGALA,HORSEGRAM,horse gram,46924,80,15497,15578
2015,22,MANDYA,2,NAGAMANGALA,MOTH,moth bean,29,0,8,8
2015,22,MANDYA,2,NAGAMANGALA,SUGARCANE,sugarcane,110,48,0,48
2015,22,MANDYA,2,NAGAMANGALA,PEPPER (BLACK),black pepper,4,0,2,2
2015,22,MANDYA,2,NAGAMANGALA,CHILLIES,chilli,244,0,23,23
2015,22,MANDYA,2,NAGAMANGALA,GINGER,ginger,0,0,0,0
2015,22,MANDYA,2,NAGAMANGALA,TURMERIC,turmeric,0,0,0,0
2015,22,MANDYA,2,NAGAMANGALA,CARDAMOM (SMALL),cardamom,8,2,0,2
2015,22,MANDYA,2,NAGAMANGALA,CARDAMOM (LARGE),cardamom,8,0,4,4
2015,22,MANDYA,2,NAGAMANGALA,BETELNUTS (ARECANUTS),arecanut,131,22,22,44
2015,22,MANDYA,2,NAGAMANGALA,MANGOES,mango,256,16,125,141
2015,22,MANDYA,2,NAGAMANGALA,BANANA,banana,72,21,4,25
2015,22,MANDYA,2,NAGAMANGALA,TABLE GRAPES,grapes,5,0,0,0
2015,22,MANDYA,2,NAGAMANGALA,WINE GRAPES (BLACK),grapes,0,0,0,0
2015,22,MANDYA,2,NAGAMANGALA,CASHEWNUTS,cashewnut,0,0,0,0
2015,22,MANDYA,2,NAGAMANGALA,POMEGRANATE,pomegranate,0,0,0,0
2015,22,MANDYA,2,NAGAMANGALA,POTATO,potato,36,0,7,7
2015,22,MANDYA,2,NAGAMANGALA,TAPIOCA (CASSAVA),tapioca,5,0,0,0
2015,22,MANDYA,2,NAGAMANGALA,SWEET POTATO,sweet potato,122,6,5,11
2015,22,MANDYA,2,NAGAMANGALA,ONION,onion,2234,377,340,717
2015,22,MANDYA,2,NAGAMANGALA,TOMATO,tomato,908,217,28,245
2015,22,MANDYA,2,NAGAMANGALA,GROUNDNUT,groundnut,403,2,41,44
2015,22,MANDYA,2,NAGAMANGALA,CASTORSEED,castor,2269,2,157,159
2015,22,MANDYA,2,NAGAMANGALA,SESAMUM (TIL),sesame,4370,18,723,741
2015,22,MANDYA,2,NAGAMANGALA,RAPESEED & MUSTARD (TORIA/TARAMIRA),mustard,47,0,6,6
2015,22,MANDYA,2,NAGAMANGALA,LINSEED,linseed,2731,20,1253,1273
2015,22,MANDYA,2,NAGAMANGALA,COCONUT,coconut,12470,3937,3642,7579
2015,22,MANDYA,2,NAGAMANGALA,SUNFLOWER,sunflower,35,5,2,7
2015,22,MANDYA,2,NAGAMANGALA,SOYABEAN,soybean,8,0,5,5
2015,22,MANDYA,2,NAGAMANGALA,NIGERSEED,niger seed,3450,4,260,264
2015,22,MANDYA,2,NAGAMANGALA,COTTON,cotton,13,2,1,3
2015,22,MANDYA,2,NAGAMANGALA,JUTE,jute,0,0,0,0
2015,22,MANDYA,2,NAGAMANGALA,MESTA,mesta,0,0,0,0
2015,22,MANDYA,2,NAGAMANGALA,TOBACCO,tobacco,0,0,0,0
2015,22,MANDYA,2,NAGAMANGALA,GUAR,guar,0,0,0,0
2015,22,MANDYA,2,NAGAMANGALA,COFFEE,coffee,0,0,0,0
2015,22,MANDYA,2,NAGAMANGALA,GROSS CROPPED AREA,,89678,7816,56277,64093
2015,22,MANDYA,3,PANDAVAPURA,PADDY,rice,7375,2269,167,2436
2015,22,MANDYA,3,PANDAVAPURA,JOWAR,jowar,1200,2,252,254
2015,22,MANDYA,3,PANDAVAPURA,BAJRA,bajra,90,1,18,19
2015,22,MANDYA,3,PANDAVAPURA,MAIZE,maize,263,12,35,47
2015,22,MANDYA,3,PANDAVAPURA,RAGI,ragi,24008,246,11314,11560
2015,22,MANDYA,3,PANDAVAPURA,WHEAT,wheat,112,3,37,40
2015,22,MANDYA,3,PANDAVAPURA,BARLEY,barley,9,2,1,3
2015,22,MANDYA,3,PANDAVAPURA,GRAM,chickpea,31,2,2,4
2015,22,MANDYA,3,PANDAVAPURA,TUR (ARHAR),pigeonpea (tur),2803,44,260,304
2015,22,MANDYA,3,PANDAVAPURA,URAD,black gram,1842,8,250,258
2015,22,MANDYA,3,PANDAVAPURA,MOONG,green gram,1370,6,250,257
2015,22,MANDYA,3,PANDAVAPURA,MASUR,lentil,58,0,20,20
2015,22,MANDYA,3,PANDAVAPURA,HORSEGRAM,horse gram,19894,600,6582,7182
2015,22,MANDYA,3,PANDAVAPURA,MOTH,moth bean,16,0,6,6
2015,22,MANDYA,3,PANDAVAPURA,SUGARCANE,sugarcane,5297,2906,0,2906
2015,22,MANDYA,3,PANDAVAPURA,PEPPER (BLACK),black pepper,10,3,0,3
2015,22,MANDYA,3,PANDAVAPURA,CHILLIES,chilli,15,0,0,0
2015,22,MANDYA,3,PANDAVAPURA,GINGER,ginger,7,4,0,4
2015,22,MANDYA,3,PANDAVAPURA,TURMERIC,turmeric,0,0,0,0
2015,22,MANDYA,3,PANDAVAPURA,CARDAMOM (SMALL),cardamom,0,0,0,0
2015,22,MANDYA,3,PANDAVAPURA,CARDAMOM (LARGE),cardamom,0,0,0,0
2015,22,MANDYA,3,PANDAVAPURA,BETELNUTS (ARECANUTS),arecanut,117,53,0,53
2015,22,MANDYA,3,PANDAVAPURA,MANGOES,mango,207,82,6,88
2015,22,MANDYA,3,PANDAVAPURA,BANANA,banana,797,314,0,314
2015,22,MANDYA,3,PANDAVAPURA,TABLE GRAPES,grapes,3,1,0,1
2015,22,MANDYA,3,PANDAVAPURA,WINE GRAPES (BLACK),grapes,0,0,0,0
2015,22,MANDYA,3,PANDAVAPURA,CASHEWNUTS,cashewnut,0,0,0,0
2015,22,MANDYA,3,PANDAVAPURA,POMEGRANATE,pomegranate,5,0,0,0
2015,22,MANDYA,3,PANDAVAPURA,POTATO,potato,0,0,0,0
2015,22,MANDYA,3,PANDAVAPURA,TAPIOCA (CASSAVA),tapioca,0,0,0,0
2015,22,MANDYA,3,PANDAVAPURA,SWEET POTATO,sweet potato,0,0,0,0
2015,22,MANDYA,3,PANDAVAPURA,ONION,onion,48,10,1,11
2015,22,MANDYA,3,PANDAVAPURA,TOMATO,tomato,2372,1404,33,1437
2015,22,MANDYA,3,PANDAVAPURA,GROUNDNUT,groundnut,5,2,0,2
2015,22,MANDYA,3,PANDAVAPURA,CASTORSEED,castor,223,0,40,40
2015,22,MANDYA,3,PANDAVAPURA,SESAMUM (TIL),sesame,2698,4,603,607
2015,22,MANDYA,3,PANDAVAPURA,RAPESEED & MUSTARD (TORIA/TARAMIRA),mustard,12,0,0,0
2015,22,MANDYA,3,PANDAVAPURA,LINSEED,linseed,12,6,3,10
2015,22,MANDYA,3,PANDAVAPURA,COCONUT,coconut,2596,1069,872,1942
2015,22,MANDYA,3,PANDAVAPURA,SUNFLOWER,sunflower,56,2,6,8
2015,22,MANDYA,3,PANDAVAPURA,SOYABEAN,soybean,10,4,1,5
2015,22,MANDYA,3,PANDAVAPURA,NIGERSEED,niger seed,52,1,5,6
2015,22,MANDYA,3,PANDAVAPURA,COTTON,cotton,5,4,0,4
2015,22,MANDYA,3,PANDAVAPURA,JUTE,jute,0,0,0,0
2015,22,MANDYA,3,PANDAVAPURA,MESTA,mesta,0,0,0,0
2015,22,MANDYA,3,PANDAVAPURA,TOBACCO,tobacco,0,0,0,0
2015,22,MANDYA,3,PANDAVAPURA,GUAR,guar,5,1,0,1
2015,22,MANDYA,3,PANDAVAPURA,COFFEE,coffee,0,0,0,0
2015,22,MANDYA,3,PANDAVAPURA,GROSS CROPPED AREA,,56620,11095,21555,32650
2015,22,MANDYA,4,SRIRANGAPATNA,PADDY,rice,23460,11692,648,12339
2015,22,MANDYA,4,SRIRANGAPATNA,JOWAR,jowar,135,0,62,62
2015,22,MANDYA,4,SRIRANGAPATNA,BAJRA,bajra,5,0,1,1
2015,22,MANDYA,4,SRIRANGAPATNA,MAIZE,maize,37,3,2,5
2015,22,MANDYA,4,SRIRANGAPATNA,RAGI,ragi,7891,478,4009,4487
2015,22,MANDYA,4,SRIRANGAPATNA,WHEAT,wheat,64,43,36,78
2015,22,MANDYA,4,SRIRANGAPATNA,BARLEY,barley,0,0,0,0
2015,22,MANDYA,4,SRIRANGAPATNA,GRAM,chickpea,9,0,2,2
2015,22,MANDYA,4,SRIRANGAPATNA,TUR (ARHAR),pigeonpea (tur),125,21,7,28
2015,22,MANDYA,4,SRIRANGAPATNA,URAD,black gram,38,1,13,14
2015,22,MANDYA,4,SRIRANGAPATNA,MOONG,green gram,5,0,1,1
2015,22,MANDYA,4,SRIRANGAPATNA,MASUR,lentil,0,0,0,0
2015,22,MANDYA,4,SRIRANGAPATNA,HORSEGRAM,horse gram,1880,83,1098,1181
2015,22,MANDYA,4,SRIRANGAPATNA,MOTH,moth bean,0,0,0,0
2015,22,MANDYA,4,SRIRANGAPATNA,SUGARCANE,sugarcane,5121,2081,0,2081
2015,22,MANDYA,4,SRIRANGAPATNA,PEPPER (BLACK),black pepper,0,0,0,0
2015,22,MANDYA,4,SRIRANGAPATNA,CHILLIES,chilli,0,0,0,0
2015,22,MANDYA,4,SRIRANGAPATNA,GINGER,ginger,0,0,0,0
2015,22,MANDYA,4,SRIRANGAPATNA,TURMERIC,turmeric,0,0,0,0
2015,22,MANDYA,4,SRIRANGAPATNA,CARDAMOM (SMALL),cardamom,0,0,0,0
2015,22,MANDYA,4,SRIRANGAPATNA,CARDAMOM (LARGE),cardamom,0,0,0,0
2015,22,MANDYA,4,SRIRANGAPATNA,BETELNUTS (ARECANUTS),arecanut,0,0,0,0
2015,22,MANDYA,4,SRIRANGAPATNA,MANGOES,mango,10,0,13,13
2015,22,MANDYA,4,SRIRANGAPATNA,BANANA,banana,25,20,0,20
2015,22,MANDYA,4,SRIRANGAPATNA,TABLE GRAPES,grapes,0,0,0,0
2015,22,MANDYA,4,SRIRANGAPATNA,WINE GRAPES (BLACK),grapes,0,0,0,0
2015,22,MANDYA,4,SRIRANGAPATNA,CASHEWNUTS,cashewnut,0,0,0,0
2015,22,MANDYA,4,SRIRANGAPATNA,POMEGRANATE,pomegranate,0,0,0,0
2015,22,MANDYA,4,SRIRANGAPATNA,POTATO,potato,0,0,0,0
2015,22,MANDYA,4,SRIRANGAPATNA,TAPIOCA (CASSAVA),tapioca,0,0,0,0
2015,22,MANDYA,4,SRIRANGAPATNA,SWEET POTATO,sweet potato,0,0,0,0
2015,22,MANDYA,4,SRIRANGAPATNA,ONION,onion,0,0,0,0
2015,22,MANDYA,4,SRIRANGAPATNA,TOMATO,tomato,469,132,0,132
2015,22,MANDYA,4,SRIRANGAPATNA,GROUNDNUT,groundnut,5,4,0,4
2015,22,MANDYA,4,SRIRANGAPATNA,CASTORSEED,castor,0,0,0,0
2015,22,MANDYA,4,SRIRANGAPATNA,SESAMUM (TIL),sesame,37,0,17,17
2015,22,MANDYA,4,SRIRANGAPATNA,RAPESEED & MUSTARD (TORIA/TARAMIRA),mustard,0,0,0,0
2015,22,MANDYA,4,SRIRANGAPATNA,LINSEED,linseed,0,0,0,0
2015,22,MANDYA,4,SRIRANGAPATNA,COCONUT,coconut,558,86,268,354
2015,22,MANDYA,4,SRIRANGAPATNA,SUNFLOWER,sunflower,0,0,0,0
2015,22,MANDYA,4,SRIRANGAPATNA,SOYABEAN,soybean,0,0,0,0
2015,22,MANDYA,4,SRIRANGAPATNA,NIGERSEED,niger seed,0,0,0,0
2015,22,MANDYA,4,SRIRANGAPATNA,COTTON,cotton,0,0,0,0
2015,22,MANDYA,4,SRIRANGAPATNA,JUTE,jute,0,0,0,0
2015,22,MANDYA,4,SRIRANGAPATNA,MESTA,mesta,0,0,0,0
2015,22,MANDYA,4,SRIRANGAPATNA,TOBACCO,tobacco,0,0,0,0
2015,22,MANDYA,4,SRIRANGAPATNA,GUAR,guar,0,0,0,0
2015,22,MANDYA,4,SRIRANGAPATNA,COFFEE,coffee,0,0,0,0
2015,22,MANDYA,4,SRIRANGAPATNA,GROSS CROPPED AREA,,41581,16515,6220,22735
2015,26,MYSURU,5,H.D. KOTE,PADDY,rice,20546,2904,14352,17256
2015,26,MYSURU,5,H.D. KOTE,JOWAR,jowar,112,14,67,81
2015,26,MYSURU,5,H.D. KOTE,BAJRA,bajra,6,0,9,9
2015,26,MYSURU,5,H.D. KOTE,MAIZE,maize,2696,9,1488,1496
2015,26,MYSURU,5,H.D. KOTE,RAGI,ragi,6238,30,4720,4750
2015,26,MYSURU,5,H.D. KOTE,WHEAT,wheat,0,0,0,0
2015,26,MYSURU,5,H.D. KOTE,BARLEY,barley,8,8,2,11
2015,26,MYSURU,5,H.D. KOTE,GRAM,chickpea,3,0,1,1
2015,26,MYSURU,5,H.D. KOTE,TUR (ARHAR),pigeonpea (tur),100,0,24,24
2015,26,MYSURU,5,H.D. KOTE,URAD,black gram,14,0,1,1
2015,26,MYSURU,5,H.D. KOTE,MOONG,green gram,0,0,0,0
2015,26,MYSURU,5,H.D. KOTE,MASUR,lentil,0,0,0,0
2015,26,MYSURU,5,H.D. KOTE,HORSEGRAM,horse gram,48,0,22,22
2015,26,MYSURU,5,H.D. KOTE,MOTH,moth bean,0,0,0,0
2015,26,MYSURU,5,H.D. KOTE,SUGARCANE,sugarcane,92,95,0,95
2015,26,MYSURU,5,H.D. KOTE,PEPPER (BLACK),black pepper,15,0,9,9
2015,26,MYSURU,5,H.D. KOTE,CHILLIES,chilli,0,0,0,0
2015,26,MYSURU,5,H.D. KOTE,GINGER,ginger,197,48,108,157
2015,26,MYSURU,5,H.D. KOTE,TURMERIC,turmeric,143,72,17,88
2015,26,MYSURU,5,H.D. KOTE,CARDAMOM (SMALL),cardamom,0,0,0,0
2015,26,MYSURU,5,H.D. KOTE,CARDAMOM (LARGE),cardamom,0,0,0,0
2015,26,MYSURU,5,H.D. KOTE,BETELNUTS (ARECANUTS),arecanut,14,10,0,10
2015,26,MYSURU,5,H.D. KOTE,MANGOES,mango,22,0,18,18
2015,26,MYSURU,5,H.D. KOTE,BANANA,banana,334,188,68,256
2015,26,MYSURU,5,H.D. KOTE,TABLE GRAPES,grapes,3,0,5,5
2015,26,MYSURU,5,H.D. KOTE,WINE GRAPES (BLACK),grapes,0,0,0,0
2015,26,MYSURU,5,H.D. KOTE,CASHEWNUTS,cashewnut,0,0,0,0
2015,26,MYSURU,5,H.D. KOTE,POMEGRANATE,pomegranate,0,0,0,0
2015,26,MYSURU,5,H.D. KOTE,POTATO,potato,0,0,0,0
2015,26,MYSURU,5,H.D. KOTE,TAPIOCA (CASSAVA),tapioca,3,0,0,0
2015,26,MYSURU,5,H.D. KOTE,SWEET POTATO,sweet potato,0,0,0,0
2015,26,MYSURU,5,H.D. KOTE,ONION,onion,0,0,0,0
2015,26,MYSURU,5,H.D. KOTE,TOMATO,tomato,37,18,0,18
2015,26,MYSURU,5,H.D. KOTE,GROUNDNUT,groundnut,19,0,14,14
2015,26,MYSURU,5,H.D. KOTE,CASTORSEED,castor,81,0,8,8
2015,26,MYSURU,5,H.D. KOTE,SESAMUM (TIL),sesame,0,0,0,0
2015,26,MYSURU,5,H.D. KOTE,RAPESEED & MUSTARD (TORIA/TARAMIRA),mustard,0,0,0,0
2015,26,MYSURU,5,H.D. KOTE,LINSEED,linseed,0,0,0,0
2015,26,MYSURU,5,H.D. KOTE,COCONUT,coconut,95,19,49,68
2015,26,MYSURU,5,H.D. KOTE,SUNFLOWER,sunflower,370,0,210,210
2015,26,MYSURU,5,H.D. KOTE,SOYABEAN,soybean,0,0,0,0
2015,26,MYSURU,5,H.D. KOTE,NIGERSEED,niger seed,12,0,5,5
2015,26,MYSURU,5,H.D. KOTE,COTTON,cotton,16644,130,14511,14641
2015,26,MYSURU,5,H.D. KOTE,JUTE,jute,17,0,17,17
2015,26,MYSURU,5,H.D. KOTE,MESTA,mesta,0,0,0,0
2015,26,MYSURU,5,H.D. KOTE,TOBACCO,tobacco,4008,3,2970,2972
2015,26,MYSURU,5,H.D. KOTE,GUAR,guar,6,0,1,1
2015,26,MYSURU,5,H.D. KOTE,COFFEE,coffee,8,0,7,7
2015,26,MYSURU,5,H.D. KOTE,GROSS CROPPED AREA,,52799,3577,42264,45841
2015,26,MYSURU,2,HUNSUR,PADDY,rice,3197,2904,524,3428
2015,26,MYSURU,2,HUNSUR,JOWAR,jowar,439,0,528,528
2015,26,MYSURU,2,HUNSUR,BAJRA,bajra,14,0,19,19
2015,26,MYSURU,2,HUNSUR,MAIZE,maize,17269,37,15409,15445
2015,26,MYSURU,2,HUNSUR,RAGI,ragi,7022,21,5512,5533
2015,26,MYSURU,2,HUNSUR,WHEAT,wheat,26,7,4,11
2015,26,MYSURU,2,HUNSUR,BARLEY,barley,5,0,6,6
2015,26,MYSURU,2,HUNSUR,GRAM,chickpea,6,2,0,2
2015,26,MYSURU,2,HUNSUR,TUR (ARHAR),pigeonpea (tur),9,0,14,14
2015,26,MYSURU,2,HUNSUR,URAD,black gram,16,0,2,2
2015,26,MYSURU,2,HUNSUR,MOONG,green gram,43,0,17,17
2015,26,MYSURU,2,HUNSUR,MASUR,lentil,32,0,5,5
2015,26,MYSURU,2,HUNSUR,HORSEGRAM,horse gram,3,0,20,20
2015,26,MYSURU,2,HUNSUR,MOTH,moth bean,0,0,0,0
2015,26,MYSURU,2,HUNSUR,SUGARCANE,sugarcane,571,305,0,305
2015,26,MYSURU,2,HUNSUR,PEPPER (BLACK),black pepper,7,13,0,13
2015,26,MYSURU,2,HUNSUR,CHILLIES,chilli,0,0,0,0
2015,26,MYSURU,2,HUNSUR,GINGER,ginger,1174,510,213,723
2015,26,MYSURU,2,HUNSUR,TURMERIC,turmeric,652,352,21,373
2015,26,MYSURU,2,HUNSUR,CARDAMOM (SMALL),cardamom,0,0,0,0
2015,26,MYSURU,2,HUNSUR,CARDAMOM (LARGE),cardamom,42,10,15,24
2015,26,MYSURU,2,HUNSUR,BETELNUTS (ARECANUTS),arecanut,1586,1358,107,1465
2015,26,MYSURU,2,HUNSUR,MANGOES,mango,41,5,22,27
2015,26,MYSURU,2,HUNSUR,BANANA,banana,759,440,114,553
2015,26,MYSURU,2,HUNSUR,TABLE GRAPES,grapes,9,2,0,2
2015,26,MYSURU,2,HUNSUR,WINE GRAPES (BLACK),grapes,0,0,0,0
2015,26,MYSURU,2,HUNSUR,CASHEWNUTS,cashewnut,0,0,0,0
2015,26,MYSURU,2,HUNSUR,POMEGRANATE,pomegranate,0,0,0,0
2015,26,MYSURU,2,HUNSUR,POTATO,potato,0,0,0,0
2015,26,MYSURU,2,HUNSUR,TAPIOCA (CASSAVA),tapioca,0,0,0,0
2015,26,MYSURU,2,HUNSUR,SWEET POTATO,sweet potato,0,0,0,0
2015,26,MYSURU,2,HUNSUR,ONION,onion,0,0,0,0
2015,26,MYSURU,2,HUNSUR,TOMATO,tomato,0,0,0,0
2015,26,MYSURU,2,HUNSUR,GROUNDNUT,groundnut,17,5,11,16
2015,26,MYSURU,2,HUNSUR,CASTORSEED,castor,0,0,0,0
2015,26,MYSURU,2,HUNSUR,SESAMUM (TIL),sesame,9,0,5,5
2015,26,MYSURU,2,HUNSUR,RAPESEED & MUSTARD (TORIA/TARAMIRA),mustard,0,0,0,0
2015,26,MYSURU,2,HUNSUR,LINSEED,linseed,1,0,1,1
2015,26,MYSURU,2,HUNSUR,COCONUT,coconut,1960,236,1641,1877
2015,26,MYSURU,2,HUNSUR,SUNFLOWER,sunflower,0,0,0,0
2015,26,MYSURU,2,HUNSUR,SOYABEAN,soybean,0,0,0,0
2015,26,MYSURU,2,HUNSUR,NIGERSEED,niger seed,0,0,0,0
2015,26,MYSURU,2,HUNSUR,COTTON,cotton,1111,9,735,745
2015,26,MYSURU,2,HUNSUR,JUTE,jute,18,0,8,8
2015,26,MYSURU,2,HUNSUR,MESTA,mesta,0,0,0,0
2015,26,MYSURU,2,HUNSUR,TOBACCO,tobacco,21994,22,23462,23484
2015,26,MYSURU,2,HUNSUR,GUAR,guar,0,0,0,0
2015,26,MYSURU,2,HUNSUR,COFFEE,coffee,25,0,41,41
2015,26,MYSURU,2,HUNSUR,GROSS CROPPED AREA,,58286,6407,49387,55794
2015,26,MYSURU,3,K.R. NAGARA,PADDY,rice,31767,12697,5606,18303
2015,26,MYSURU,3,K.R. NAGARA,JOWAR,jowar,724,47,105,152
2015,26,MYSURU,3,K.R. NAGARA,BAJRA,bajra,37,9,22,30
2015,26,MYSURU,3,K.R. NAGARA,MAIZE,maize,2112,9,561,570
2015,26,MYSURU,3,K.R. NAGARA,RAGI,ragi,26753,470,15413,15883
2015,26,MYSURU,3,K.R. NAGARA,WHEAT,wheat,56,4,45,49
2015,26,MYSURU,3,K.R. NAGARA,BARLEY,barley,0,0,0,0
2015,26,MYSURU,3,K.R. NAGARA,GRAM,chickpea,0,0,0,0
2015,26,MYSURU,3,K.R. NAGARA,TUR (ARHAR),pigeonpea (tur),127,0,65,65
2015,26,MYSURU,3,K.R. NAGARA,URAD,black gram,62,10,25,35
2015,26,MYSURU,3,K.R. NAGARA,MOONG,green gram,99,9,41,51
2015,26,MYSURU,3,K.R. NAGARA,MASUR,lentil,0,0,0,0
2015,26,MYSURU,3,K.R. NAGARA,HORSEGRAM,horse gram,3744,36,1815,1851
2015,26,MYSURU,3,K.R. NAGARA,MOTH,moth bean,0,0,0,0
2015,26,MYSURU,3,K.R. NAGARA,SUGARCANE,sugarcane,300,183,0,183
2015,26,MYSURU,3,K.R. NAGARA,PEPPER (BLACK),black pepper,0,0,0,0
2015,26,MYSURU,3,K.R. NAGARA,CHILLIES,chilli,7,3,0,3
2015,26,MYSURU,3,K.R. NAGARA,GINGER,ginger,47,12,14,26
2015,26,MYSURU,3,K.R. NAGARA,TURMERIC,turmeric,21,21,2,23
2015,26,MYSURU,3,K.R. NAGARA,CARDAMOM (SMALL),cardamom,0,0,0,0
2015,26,MYSURU,3,K.R. NAGARA,CARDAMOM (LARGE),cardamom,6,0,2,2
2015,26,MYSURU,3,K.R. NAGARA,BETELNUTS (ARECANUTS),arecanut,103,42,15,57
2015,26,MYSURU,3,K.R. NAGARA,MANGOES,mango,18,22,11,33
2015,26,MYSURU,3,K.R. NAGARA,BANANA,banana,63,27,11,39
2015,26,MYSURU,3,K.R. NAGARA,TABLE GRAPES,grapes,0,0,0,0
2015,26,MYSURU,3,K.R. NAGARA,WINE GRAPES (BLACK),grapes,0,0,0,0
2015,26,MYSURU,3,K.R. NAGARA,CASHEWNUTS,cashewnut,0,0,0,0
2015,26,MYSURU,3,K.R. NAGARA,POMEGRANATE,pomegranate,0,0,0,0
2015,26,MYSURU,3,K.R. NAGARA,POTATO,potato,0,0,0,0
2015,26,MYSURU,3,K.R. NAGARA,TAPIOCA (CASSAVA),tapioca,0,0,0,0
2015,26,MYSURU,3,K.R. NAGARA,SWEET POTATO,sweet potato,0,0,0,0
2015,26,MYSURU,3,K.R. NAGARA,ONION,onion,0,0,0,0
2015,26,MYSURU,3,K.R. NAGARA,TOMATO,tomato,23,0,24,24
2015,26,MYSURU,3,K.R. NAGARA,GROUNDNUT,groundnut,17,14,0,14
2015,26,MYSURU,3,K.R. NAGARA,CASTORSEED,castor,0,0,0,0
2015,26,MYSURU,3,K.R. NAGARA,SESAMUM (TIL),sesame,183,88,187,274
2015,26,MYSURU,3,K.R. NAGARA,RAPESEED & MUSTARD (TORIA/TARAMIRA),mustard,0,0,0,0
2015,26,MYSURU,3,K.R. NAGARA,LINSEED,linseed,0,0,0,0
2015,26,MYSURU,3,K.R. NAGARA,COCONUT,coconut,831,410,330,739
2015,26,MYSURU,3,K.R. NAGARA,SUNFLOWER,sunflower,0,0,0,0
2015,26,MYSURU,3,K.R. NAGARA,SOYABEAN,soybean,0,0,0,0
2015,26,MYSURU,3,K.R. NAGARA,NIGERSEED,niger seed,100,79,0,80
2015,26,MYSURU,3,K.R. NAGARA,COTTON,cotton,7,11,0,11
2015,26,MYSURU,3,K.R. NAGARA,JUTE,jute,0,0,0,0
2015,26,MYSURU,3,K.R. NAGARA,MESTA,mesta,0,0,0,0
2015,26,MYSURU,3,K.R. NAGARA,TOBACCO,tobacco,5500,316,2496,2811
2015,26,MYSURU,3,K.R. NAGARA,GUAR,guar,11,20,0,20
2015,26,MYSURU,3,K.R. NAGARA,COFFEE,coffee,0,0,0,0
2015,26,MYSURU,3,K.R. NAGARA,GROSS CROPPED AREA,,68718,14627,27021,41648
2015,26,MYSURU,4,MYSORE,PADDY,rice,14804,3908,6315,10223
2015,26,MYSURU,4,MYSORE,JOWAR,jowar,6948,0,4503,4503
2015,26,MYSURU,4,MYSORE,BAJRA,bajra,78,0,42,42
2015,26,MYSURU,4,MYSORE,MAIZE,maize,26,3,9,12
2015,26,MYSURU,4,MYSORE,RAGI,ragi,23680,125,14642,14767
2015,26,MYSURU,4,MYSORE,WHEAT,wheat,12,0,12,12
2015,26,MYSURU,4,MYSORE,BARLEY,barley,0,0,0,0
2015,26,MYSURU,4,MYSORE,GRAM,chickpea,17,0,11,11
2015,26,MYSURU,4,MYSORE,TUR (ARHAR),pigeonpea (tur),1427,11,921,932
2015,26,MYSURU,4,MYSORE,URAD,black gram,2555,7,1617,1624
2015,26,MYSURU,4,MYSORE,MOONG,green gram,437,9,213,222
2015,26,MYSURU,4,MYSORE,MASUR,lentil,56,0,40,40
2015,26,MYSURU,4,MYSORE,HORSEGRAM,horse gram,1845,19,1025,1044
2015,26,MYSURU,4,MYSORE,MOTH,moth bean,0,0,0,0
2015,26,MYSURU,4,MYSORE,SUGARCANE,sugarcane,361,187,0,187
2015,26,MYSURU,4,MYSORE,PEPPER (BLACK),black pepper,0,0,0,0
2015,26,MYSURU,4,MYSORE,CHILLIES,chilli,0,0,0,0
2015,26,MYSURU,4,MYSORE,GINGER,ginger,0,0,0,0
2015,26,MYSURU,4,MYSORE,TURMERIC,turmeric,0,0,0,0
2015,26,MYSURU,4,MYSORE,CARDAMOM (SMALL),cardamom,83,0,70,70
2015,26,MYSURU,4,MYSORE,CARDAMOM (LARGE),cardamom,0,0,0,0
2015,26,MYSURU,4,MYSORE,BETELNUTS (ARECANUTS),arecanut,0,0,0,0
2015,26,MYSURU,4,MYSORE,MANGOES,mango,1364,18,722,740
2015,26,MYSURU,4,MYSORE,BANANA,banana,384,239,58,297
2015,26,MYSURU,4,MYSORE,TABLE GRAPES,grapes,3,6,0,6
2015,26,MYSURU,4,MYSORE,WINE GRAPES (BLACK),grapes,0,0,0,0
2015,26,MYSURU,4,MYSORE,CASHEWNUTS,cashewnut,0,0,0,0
2015,26,MYSURU,4,MYSORE,POMEGRANATE,pomegranate,0,0,0,0
2015,26,MYSURU,4,MYSORE,POTATO,potato,0,0,0,0
2015,26,MYSURU,4,MYSORE,TAPIOCA (CASSAVA),tapioca,0,0,0,0
2015,26,MYSURU,4,MYSORE,SWEET POTATO,sweet potato,0,0,0,0
2015,26,MYSURU,4,MYSORE,ONION,onion,0,0,0,0
2015,26,MYSURU,4,MYSORE,TOMATO,tomato,938,334,114,449
2015,26,MYSURU,4,MYSORE,GROUNDNUT,groundnut,82,7,19,26
2015,26,MYSURU,4,MYSORE,CASTORSEED,castor,140,0,49,49
2015,26,MYSURU,4,MYSORE,SESAMUM (TIL),sesame,1538,4,766,770
2015,26,MYSURU,4,MYSORE,RAPESEED & MUSTARD (TORIA/TARAMIRA),mustard,0,0,0,0
2015,26,MYSURU,4,MYSORE,LINSEED,linseed,15,0,7,7
2015,26,MYSURU,4,MYSORE,COCONUT,coconut,1792,94,837,930
2015,26,MYSURU,4,MYSORE,SUNFLOWER,sunflower,5,1,0,1
2015,26,MYSURU,4,MYSORE,SOYABEAN,soybean,0,0,0,0
2015,26,MYSURU,4,MYSORE,NIGERSEED,niger seed,0,0,0,0
2015,26,MYSURU,4,MYSORE,COTTON,cotton,2984,79,1681,1760
2015,26,MYSURU,4,MYSORE,JUTE,jute,10,0,0,0
2015,26,MYSURU,4,MYSORE,MESTA,mesta,0,0,0,0
2015,26,MYSURU,4,MYSORE,TOBACCO,tobacco,0,0,0,0
2015,26,MYSURU,4,MYSORE,GUAR,guar,0,0,0,0
2015,26,MYSURU,4,MYSORE,COFFEE,coffee,0,0,0,0
2015,26,MYSURU,4,MYSORE,GROSS CROPPED AREA,,62594,5549,35879,41428
2015,26,MYSURU,6,NANJANGUD,PADDY,rice,22915,11942,7039,18981
2015,26,MYSURU,6,NANJANGUD,JOWAR,jowar,16487,411,13724,14135
2015,26,MYSURU,6,NANJANGUD,BAJRA,bajra,26,13,13,26
2015,26,MYSURU,6,NANJANGUD,MAIZE,maize,262,103,166,269
2015,26,MYSURU,6,NANJANGUD,RAGI,ragi,10447,37,6464,6501
2015,26,MYSURU,6,NANJANGUD,WHEAT,wheat,81,5,41,47
2015,26,MYSURU,6,NANJANGUD,BARLEY,barley,24,11,10,21
2015,26,MYSURU,6,NANJANGUD,GRAM,chickpea,300,104,170,275
2015,26,MYSURU,6,NANJANGUD,TUR (ARHAR),pigeonpea (tur),597,9,429,438
2015,26,MYSURU,6,NANJANGUD,URAD,black gram,1466,342,776,1119
2015,26,MYSURU,6,NANJANGUD,MOONG,green gram,1117,356,326,682
2015,26,MYSURU,6,NANJANGUD,MASUR,lentil,113,11,45,57
2015,26,MYSURU,6,NANJANGUD,HORSEGRAM,horse gram,4258,21,3151,3172
2015,26,MYSURU,6,NANJANGUD,MOTH,moth bean,0,0,0,0
2015,26,MYSURU,6,NANJANGUD,SUGARCANE,sugarcane,1319,2086,0,2086
2015,26,MYSURU,6,NANJANGUD,PEPPER (BLACK),black pepper,64,55,28,84
2015,26,MYSURU,6,NANJANGUD,CHILLIES,chilli,9,2,1,2
2015,26,MYSURU,6,NANJANGUD,GINGER,ginger,9,0,4,4
2015,26,MYSURU,6,NANJANGUD,TURMERIC,turmeric,157,64,85,149
2015,26,MYSURU,6,NANJANGUD,CARDAMOM (SMALL),cardamom,0,0,0,0
2015,26,MYSURU,6,NANJANGUD,CARDAMOM (LARGE),cardamom,0,0,0,0
2015,26,MYSURU,6,NANJANGUD,BETELNUTS (ARECANUTS),arecanut,4,0,5,5
2015,26,MYSURU,6,NANJANGUD,MANGOES,mango,8,18,0,18
2015,26,MYSURU,6,NANJANGUD,BANANA,banana,500,351,153,503
2015,26,MYSURU,6,NANJANGUD,TABLE GRAPES,grapes,4,3,0,3
2015,26,MYSURU,6,NANJANGUD,WINE GRAPES (BLACK),grapes,0,0,0,0
2015,26,MYSURU,6,NANJANGUD,CASHEWNUTS,cashewnut,0,0,0,0
2015,26,MYSURU,6,NANJANGUD,POMEGRANATE,pomegranate,4,0,5,5
2015,26,MYSURU,6,NANJANGUD,POTATO,potato,0,0,0,0
2015,26,MYSURU,6,NANJANGUD,TAPIOCA (CASSAVA),tapioca,0,0,0,0
2015,26,MYSURU,6,NANJANGUD,SWEET POTATO,sweet potato,34,10,10,19
2015,26,MYSURU,6,NANJANGUD,ONION,onion,4,2,0,2
2015,26,MYSURU,6,NANJANGUD,TOMATO,tomato,239,135,65,201
2015,26,MYSURU,6,NANJANGUD,GROUNDNUT,groundnut,312,0,311,311
2015,26,MYSURU,6,NANJANGUD,CASTORSEED,castor,191,0,48,48
2015,26,MYSURU,6,NANJANGUD,SESAMUM (TIL),sesame,722,109,539,648
2015,26,MYSURU,6,NANJANGUD,RAPESEED & MUSTARD (TORIA/TARAMIRA),mustard,4,2,0,2
2015,26,MYSURU,6,NANJANGUD,LINSEED,linseed,12,0,8,8
2015,26,MYSURU,6,NANJANGUD,COCONUT,coconut,453,89,310,400
2015,26,MYSURU,6,NANJANGUD,SUNFLOWER,sunflower,346,0,300,300
2015,26,MYSURU,6,NANJANGUD,SOYABEAN,soybean,0,0,0,0
2015,26,MYSURU,6,NANJANGUD,NIGERSEED,niger seed,4906,0,2720,2720
2015,26,MYSURU,6,NANJANGUD,COTTON,cotton,13478,122,12143,12265
2015,26,MYSURU,6,NANJANGUD,JUTE,jute,53,0,65,65
2015,26,MYSURU,6,NANJANGUD,MESTA,mesta,12,10,0,10
2015,26,MYSURU,6,NANJANGUD,TOBACCO,tobacco,770,6,745,751
2015,26,MYSURU,6,NANJANGUD,GUAR,guar,12,7,0,7
2015,26,MYSURU,6,NANJANGUD,COFFEE,coffee,0,0,0,0
2015,26,MYSURU,6,NANJANGUD,GROSS CROPPED AREA,,78435,17017,50854,67871
2015,26,MYSURU,1,PERIYAPATNA,PADDY,rice,1332,404,1319,1723
2015,26,MYSURU,1,PERIYAPATNA,JOWAR,jowar,4641,137,5015,5152
2015,26,MYSURU,1,PERIYAPATNA,BAJRA,bajra,6,0,2,2
2015,26,MYSURU,1,PERIYAPATNA,MAIZE,maize,6674,444,7662,8106
2015,26,MYSURU,1,PERIYAPATNA,RAGI,ragi,8737,153,4426,4580
2015,26,MYSURU,1,PERIYAPATNA,WHEAT,wheat,3,0,1,1
2015,26,MYSURU,1,PERIYAPATNA,BARLEY,barley,72,0,63,63
2015,26,MYSURU,1,PERIYAPATNA,GRAM,chickpea,0,0,0,0
2015,26,MYSURU,1,PERIYAPATNA,TUR (ARHAR),pigeonpea (tur),0,0,0,0
2015,26,MYSURU,1,PERIYAPATNA,URAD,black gram,583,0,779,779
2015,26,MYSURU,1,PERIYAPATNA,MOONG,green gram,0,0,0,0
2015,26,MYSURU,1,PERIYAPATNA,MASUR,lentil,0,0,0,0
2015,26,MYSURU,1,PERIYAPATNA,HORSEGRAM,horse gram,2320,8,862,870
2015,26,MYSURU,1,PERIYAPATNA,MOTH,moth bean,0,0,0,0
2015,26,MYSURU,1,PERIYAPATNA,SUGARCANE,sugarcane,0,0,0,0
2015,26,MYSURU,1,PERIYAPATNA,PEPPER (BLACK),black pepper,5,4,0,4
2015,26,MYSURU,1,PERIYAPATNA,CHILLIES,chilli,0,0,0,0
2015,26,MYSURU,1,PERIYAPATNA,GINGER,ginger,473,508,58,566
2015,26,MYSURU,1,PERIYAPATNA,TURMERIC,turmeric,0,0,0,0
2015,26,MYSURU,1,PERIYAPATNA,CARDAMOM (SMALL),cardamom,0,0,0,0
2015,26,MYSURU,1,PERIYAPATNA,CARDAMOM (LARGE),cardamom,0,0,0,0
2015,26,MYSURU,1,PERIYAPATNA,BETELNUTS (ARECANUTS),arecanut,197,85,20,105
2015,26,MYSURU,1,PERIYAPATNA,MANGOES,mango,32,11,12,22
2015,26,MYSURU,1,PERIYAPATNA,BANANA,banana,998,766,0,766
2015,26,MYSURU,1,PERIYAPATNA,TABLE GRAPES,grapes,0,0,0,0
2015,26,MYSURU,1,PERIYAPATNA,WINE GRAPES (BLACK),grapes,0,0,0,0
2015,26,MYSURU,1,PERIYAPATNA,CASHEWNUTS,cashewnut,0,0,0,0
2015,26,MYSURU,1,PERIYAPATNA,POMEGRANATE,pomegranate,0,0,0,0
2015,26,MYSURU,1,PERIYAPATNA,POTATO,potato,0,0,0,0
2015,26,MYSURU,1,PERIYAPATNA,TAPIOCA (CASSAVA),tapioca,0,0,0,0
2015,26,MYSURU,1,PERIYAPATNA,SWEET POTATO,sweet potato,0,0,0,0
2015,26,MYSURU,1,PERIYAPATNA,ONION,onion,0,0,0,0
2015,26,MYSURU,1,PERIYAPATNA,TOMATO,tomato,0,0,0,0
2015,26,MYSURU,1,PERIYAPATNA,GROUNDNUT,groundnut,7,0,6,6
2015,26,MYSURU,1,PERIYAPATNA,CASTORSEED,castor,25,2,18,20
2015,26,MYSURU,1,PERIYAPATNA,SESAMUM (TIL),sesame,22,0,7,7
2015,26,MYSURU,1,PERIYAPATNA,RAPESEED & MUSTARD (TORIA/TARAMIRA),mustard,0,0,0,0
2015,26,MYSURU,1,PERIYAPATNA,LINSEED,linseed,0,0,0,0
2015,26,MYSURU,1,PERIYAPATNA,COCONUT,coconut,1408,957,40,996
2015,26,MYSURU,1,PERIYAPATNA,SUNFLOWER,sunflower,0,0,0,0
2015,26,MYSURU,1,PERIYAPATNA,SOYABEAN,soybean,0,0,0,0
2015,26,MYSURU,1,PERIYAPATNA,NIGERSEED,niger seed,0,0,0,0
2015,26,MYSURU,1,PERIYAPATNA,COTTON,cotton,582,0,261,261
2015,26,MYSURU,1,PERIYAPATNA,JUTE,jute,0,0,0,0
2015,26,MYSURU,1,PERIYAPATNA,MESTA,mesta,0,0,0,0
2015,26,MYSURU,1,PERIYAPATNA,TOBACCO,tobacco,30955,1598,24484,26082
2015,26,MYSURU,1,PERIYAPATNA,GUAR,guar,0,0,0,0
2015,26,MYSURU,1,PERIYAPATNA,COFFEE,coffee,138,353,0,353
2015,26,MYSURU,1,PERIYAPATNA,GROSS CROPPED AREA,,51069,5622,46225,51847
2015,26,MYSURU,7,T. NARASIPURA,PADDY,rice,46176,9616,15351,24967
2015,26,MYSURU,7,T. NARASIPURA,JOWAR,jowar,2365,137,1146,1282
2015,26,MYSURU,7,T. NARASIPURA,BAJRA,bajra,13,6,0,6
2015,26,MYSURU,7,T. NARASIPURA,MAIZE,maize,2999,322,1127,1449
2015,26,MYSURU,7,T. NARASIPURA,RAGI,ragi,13650,1062,5311,6373
2015,26,MYSURU,7,T. NARASIPURA,WHEAT,wheat,17,7,2,9
2015,26,MYSURU,7,T. NARASIPURA,BARLEY,barley,0,0,0,0
2015,26,MYSURU,7,T. NARASIPURA,GRAM,chickpea,5,0,2,2
2015,26,MYSURU,7,T. NARASIPURA,TUR (ARHAR),pigeonpea (tur),31,0,8,8
2015,26,MYSURU,7,T. NARASIPURA,URAD,black gram,2548,39,859,898
2015,26,MYSURU,7,T. NARASIPURA,MOONG,green gram,323,0,200,200
2015,26,MYSURU,7,T. NARASIPURA,MASUR,lentil,0,0,0,0
2015,26,MYSURU,7,T. NARASIPURA,HORSEGRAM,horse gram,3163,28,1203,1230
2015,26,MYSURU,7,T. NARASIPURA,MOTH,moth bean,0,0,0,0
2015,26,MYSURU,7,T. NARASIPURA,SUGARCANE,sugarcane,2637,1622,0,1622
2015,26,MYSURU,7,T. NARASIPURA,PEPPER (BLACK),black pepper,13,14,0,14
2015,26,MYSURU,7,T. NARASIPURA,CHILLIES,chilli,12,9,0,9
2015,26,MYSURU,7,T. NARASIPURA,GINGER,ginger,7,8,0,8
2015,26,MYSURU,7,T. NARASIPURA,TURMERIC,turmeric,75,29,0,29
2015,26,MYSURU,7,T. NARASIPURA,CARDAMOM (SMALL),cardamom,0,0,0,0
2015,26,MYSURU,7,T. NARASIPURA,CARDAMOM (LARGE),cardamom,6,0,1,1
2015,26,MYSURU,7,T. NARASIPURA,BETELNUTS (ARECANUTS),arecanut,38,32,32,64
2015,26,MYSURU,7,T. NARASIPURA,MANGOES,mango,65,25,43,68
2015,26,MYSURU,7,T. NARASIPURA,BANANA,banana,253,138,30,168
2015,26,MYSURU,7,T. NARASIPURA,TABLE GRAPES,grapes,0,0,0,0
2015,26,MYSURU,7,T. NARASIPURA,WINE GRAPES (BLACK),grapes,0,0,0,0
2015,26,MYSURU,7,T. NARASIPURA,CASHEWNUTS,cashewnut,0,0,0,0
2015,26,MYSURU,7,T. NARASIPURA,POMEGRANATE,pomegranate,7,9,0,9
2015,26,MYSURU,7,T. NARASIPURA,POTATO,potato,0,0,0,0
2015,26,MYSURU,7,T. NARASIPURA,TAPIOCA (CASSAVA),tapioca,0,0,0,0
2015,26,MYSURU,7,T. NARASIPURA,SWEET POTATO,sweet potato,12,3,0,3
2015,26,MYSURU,7,T. NARASIPURA,ONION,onion,0,0,0,0
2015,26,MYSURU,7,T. NARASIPURA,TOMATO,tomato,271,54,36,90
2015,26,MYSURU,7,T. NARASIPURA,GROUNDNUT,groundnut,3596,1570,15,1585
2015,26,MYSURU,7,T. NARASIPURA,CASTORSEED,castor,0,0,0,0
2015,26,MYSURU,7,T. NARASIPURA,SESAMUM (TIL),sesame,60,10,18,28
2015,26,MYSURU,7,T. NARASIPURA,RAPESEED & MUSTARD (TORIA/TARAMIRA),mustard,5,2,0,2
2015,26,MYSURU,7,T. NARASIPURA,LINSEED,linseed,11,2,2,4
2015,26,MYSURU,7,T. NARASIPURA,COCONUT,coconut,584,169,171,340
2015,26,MYSURU,7,T. NARASIPURA,SUNFLOWER,sunflower,92,44,0,44
2015,26,MYSURU,7,T. NARASIPURA,SOYABEAN,soybean,0,0,0,0
2015,26,MYSURU,7,T. NARASIPURA,NIGERSEED,niger seed,6,3,0,3
2015,26,MYSURU,7,T. NARASIPURA,COTTON,cotton,17,5,0,5
2015,26,MYSURU,7,T. NARASIPURA,JUTE,jute,0,0,0,0
2015,26,MYSURU,7,T. NARASIPURA,MESTA,mesta,0,0,0,0
2015,26,MYSURU,7,T. NARASIPURA,TOBACCO,tobacco,0,0,0,0
2015,26,MYSURU,7,T. NARASIPURA,GUAR,guar,13,11,0,11
2015,26,MYSURU,7,T. NARASIPURA,COFFEE,coffee,0,0,0,0
2015,26,MYSURU,7,T. NARASIPURA,GROSS CROPPED AREA,,83075,16320,26720,43040
2015,6,RAICHUR,2,DEVDURGA,PADDY,rice,14370,18749,2449,21198
2015,6,RAICHUR,2,DEVDURGA,JOWAR,jowar,4642,506,6607,7114
2015,6,RAICHUR,2,DEVDURGA,BAJRA,bajra,7276,2925,7251,10176
2015,6,RAICHUR,2,DEVDURGA,MAIZE,maize,11,0,6,6
2015,6,RAICHUR,2,DEVDURGA,RAGI,ragi,68,10,150,160
2015,6,RAICHUR,2,DEVDURGA,WHEAT,wheat,1003,179,633,812
2015,6,RAICHUR,2,DEVDURGA,BARLEY,barley,35,21,16,37
2015,6,RAICHUR,2,DEVDURGA,GRAM,chickpea,3120,3340,748,4088
2015,6,RAICHUR,2,DEVDURGA,TUR (ARHAR),pigeonpea (tur),8071,3732,10710,14442
2015,6,RAICHUR,2,DEVDURGA,URAD,black gram,64,67,40,108
2015,6,RAICHUR,2,DEVDURGA,MOONG,green gram,867,150,928,1079
2015,6,RAICHUR,2,DEVDURGA,MASUR,lentil,0,0,0,0
2015,6,RAICHUR,2,DEVDURGA,HORSEGRAM,horse gram,27,25,1,26
2015,6,RAICHUR,2,DEVDURGA,MOTH,moth bean,0,0,0,0
2015,6,RAICHUR,2,DEVDURGA,SUGARCANE,sugarcane,88,59,0,59
2015,6,RAICHUR,2,DEVDURGA,PEPPER (BLACK),black pepper,0,0,0,0
2015,6,RAICHUR,2,DEVDURGA,CHILLIES,chilli,2585,3886,1118,5004
2015,6,RAICHUR,2,DEVDURGA,GINGER,ginger,0,0,0,0
2015,6,RAICHUR,2,DEVDURGA,TURMERIC,turmeric,0,0,0,0
2015,6,RAICHUR,2,DEVDURGA,CARDAMOM (SMALL),cardamom,0,0,0,0
2015,6,RAICHUR,2,DEVDURGA,CARDAMOM (LARGE),cardamom,0,0,0,0
2015,6,RAICHUR,2,DEVDURGA,BETELNUTS (ARECANUTS),arecanut,0,0,0,0
2015,6,RAICHUR,2,DEVDURGA,MANGOES,mango,3,2,0,2
2015,6,RAICHUR,2,DEVDURGA,BANANA,banana,4,4,0,4
2015,6,RAICHUR,2,DEVDURGA,TABLE GRAPES,grapes,0,0,0,0
2015,6,RAICHUR,2,DEVDURGA,WINE GRAPES (BLACK),grapes,0,0,0,0
2015,6,RAICHUR,2,DEVDURGA,CASHEWNUTS,cashewnut,0,0,0,0
2015,6,RAICHUR,2,DEVDURGA,POMEGRANATE,pomegranate,0,0,0,0
2015,6,RAICHUR,2,DEVDURGA,POTATO,potato,0,0,0,0
2015,6,RAICHUR,2,DEVDURGA,TAPIOCA (CASSAVA),tapioca,0,0,0,0
2015,6,RAICHUR,2,DEVDURGA,SWEET POTATO,sweet potato,0,0,0,0
2015,6,RAICHUR,2,DEVDURGA,ONION,onion,98,18,0,18
2015,6,RAICHUR,2,DEVDURGA,TOMATO,tomato,0,0,0,0
2015,6,RAICHUR,2,DEVDURGA,GROUNDNUT,groundnut,10480,19580,1740,21320
2015,6,RAICHUR,2,DEVDURGA,CASTORSEED,castor,0,0,0,0
2015,6,RAICHUR,2,DEVDURGA,SESAMUM (TIL),sesame,52,6,16,22
2015,6,RAICHUR,2,DEVDURGA,RAPESEED & MUSTARD (TORIA/TARAMIRA),mustard,0,0,0,0
2015,6,RAICHUR,2,DEVDURGA,LINSEED,linseed,0,0,0,0
2015,6,RAICHUR,2,DEVDURGA,COCONUT,coconut,17,12,1,13
2015,6,RAICHUR,2,DEVDURGA,SUNFLOWER,sunflower,2196,1514,2339,3853
2015,6,RAICHUR,2,DEVDURGA,SOYABEAN,soybean,0,0,0,0
2015,6,RAICHUR,2,DEVDURGA,NIGERSEED,niger seed,158,334,0,334
2015,6,RAICHUR,2,DEVDURGA,COTTON,cotton,13625,16581,18853,35433
2015,6,RAICHUR,2,DEVDURGA,JUTE,jute,12,0,28,28
2015,6,RAICHUR,2,DEVDURGA,MESTA,mesta,10,6,1,8
2015,6,RAICHUR,2,DEVDURGA,TOBACCO,tobacco,0,0,0,0
2015,6,RAICHUR,2,DEVDURGA,GUAR,guar,0,0,0,0
2015,6,RAICHUR,2,DEVDURGA,COFFEE,coffee,0,0,0,0
2015,6,RAICHUR,2,DEVDURGA,GROSS CROPPED AREA,,61012,73101,53928,127028
2015,6,RAICHUR,1,LINGSUGUR,PADDY,rice,2818,5065,976,6041
2015,6,RAICHUR,1,LINGSUGUR,JOWAR,jowar,7545,882,13219,14101
2015,6,RAICHUR,1,LINGSUGUR,BAJRA,bajra,20209,9427,29955,39383
2015,6,RAICHUR,1,LINGSUGUR,MAIZE,maize,41,17,58,75
2015,6,RAICHUR,1,LINGSUGUR,RAGI,ragi,42,13,59,72
2015,6,RAICHUR,1,LINGSUGUR,WHEAT,wheat,5,0,11,11
2015,6,RAICHUR,1,LINGSUGUR,BARLEY,barley,30,13,15,28
2015,6,RAICHUR,1,LINGSUGUR,GRAM,chickpea,3496,176,5728,5904
2015,6,RAICHUR,1,LINGSUGUR,TUR (ARHAR),pigeonpea (tur),18881,3722,35809,39531
2015,6,RAICHUR,1,LINGSUGUR,URAD,black gram,98,58,119,177
2015,6,RAICHUR,1,LINGSUGUR,MOONG,green gram,413,3,696,699
2015,6,RAICHUR,1,LINGSUGUR,MASUR,lentil,0,0,0,0
2015,6,RAICHUR,1,LINGSUGUR,HORSEGRAM,horse gram,247,0,592,592
2015,6,RAICHUR,1,LINGSUGUR,MOTH,moth bean,0,0,0,0
2015,6,RAICHUR,1,LINGSUGUR,SUGARCANE,sugarcane,6,7,0,7
2015,6,RAICHUR,1,LINGSUGUR,PEPPER (BLACK),black pepper,0,0,0,0
2015,6,RAICHUR,1,LINGSUGUR,CHILLIES,chilli,0,0,0,0
2015,6,RAICHUR,1,LINGSUGUR,GINGER,ginger,0,0,0,0
2015,6,RAICHUR,1,LINGSUGUR,TURMERIC,turmeric,0,0,0,0
2015,6,RAICHUR,1,LINGSUGUR,CARDAMOM (SMALL),cardamom,0,0,0,0
2015,6,RAICHUR,1,LINGSUGUR,CARDAMOM (LARGE),cardamom,0,0,0,0
2015,6,RAICHUR,1,LINGSUGUR,BETELNUTS (ARECANUTS),arecanut,0,0,0,0
2015,6,RAICHUR,1,LINGSUGUR,MANGOES,mango,0,0,0,0
2015,6,RAICHUR,1,LINGSUGUR,BANANA,banana,0,0,0,0
2015,6,RAICHUR,1,LINGSUGUR,TABLE GRAPES,grapes,0,0,0,0
2015,6,RAICHUR,1,LINGSUGUR,WINE GRAPES (BLACK),grapes,0,0,0,0
2015,6,RAICHUR,1,LINGSUGUR,CASHEWNUTS,cashewnut,0,0,0,0
2015,6,RAICHUR,1,LINGSUGUR,POMEGRANATE,pomegranate,4,13,0,13
2015,6,RAICHUR,1,LINGSUGUR,POTATO,potato,0,0,0,0
2015,6,RAICHUR,1,LINGSUGUR,TAPIOCA (CASSAVA),tapioca,0,0,0,0
2015,6,RAICHUR,1,LINGSUGUR,SWEET POTATO,sweet potato,3,0,6,6
2015,6,RAICHUR,1,LINGSUGUR,ONION,onion,0,0,0,0
2015,6,RAICHUR,1,LINGSUGUR,TOMATO,tomato,0,0,0,0
2015,6,RAICHUR,1,LINGSUGUR,GROUNDNUT,groundnut,1214,1666,196,1862
2015,6,RAICHUR,1,LINGSUGUR,CASTORSEED,castor,78,0,112,112
2015,6,RAICHUR,1,LINGSUGUR,SESAMUM (TIL),sesame,1665,39,3129,3168
2015,6,RAICHUR,1,LINGSUGUR,RAPESEED & MUSTARD (TORIA/TARAMIRA),mustard,12,4,1,5
2015,6,RAICHUR,1,LINGSUGUR,LINSEED,linseed,0,0,0,0
2015,6,RAICHUR,1,LINGSUGUR,COCONUT,coconut,5,0,15,15
2015,6,RAICHUR,1,LINGSUGUR,SUNFLOWER,sunflower,2524,808,3403,4211
2015,6,RAICHUR,1,LINGSUGUR,SOYABEAN,soybean,0,0,0,0
2015,6,RAICHUR,1,LINGSUGUR,NIGERSEED,niger seed,10,0,16,16
2015,6,RAICHUR,1,LINGSUGUR,COTTON,cotton,5230,1001,11885,12886
2015,6,RAICHUR,1,LINGSUGUR,JUTE,jute,6,0,14,14
2015,6,RAICHUR,1,LINGSUGUR,MESTA,mesta,1396,10,4926,4937
2015,6,RAICHUR,1,LINGSUGUR,TOBACCO,tobacco,0,0,0,0
2015,6,RAICHUR,1,LINGSUGUR,GUAR,guar,0,0,0,0
2015,6,RAICHUR,1,LINGSUGUR,COFFEE,coffee,0,0,0,0
2015,6,RAICHUR,1,LINGSUGUR,GROSS CROPPED AREA,,58307,23000,111093,134093
2015,6,RAICHUR,4,MANVI,PADDY,rice,41012,62890,7395,70285
2015,6,RAICHUR,4,MANVI,JOWAR,jowar,9962,2347,15991,18338
2015,6,RAICHUR,4,MANVI,BAJRA,bajra,3201,9,5255,5264
2015,6,RAICHUR,4,MANVI,MAIZE,maize,61,0,77,77
2015,6,RAICHUR,4,MANVI,RAGI,ragi,58,56,118,175
2015,6,RAICHUR,4,MANVI,WHEAT,wheat,85,0,66,66
2015,6,RAICHUR,4,MANVI,BARLEY,barley,0,0,0,0
2015,6,RAICHUR,4,MANVI,GRAM,chickpea,1551,127,2067,2194
2015,6,RAICHUR,4,MANVI,TUR (ARHAR),pigeonpea (tur),5957,261,12040,12301
2015,6,RAICHUR,4,MANVI,URAD,black gram,14,0,13,13
2015,6,RAICHUR,4,MANVI,MOONG,green gram,218,30,347,377
2015,6,RAICHUR,4,MANVI,MASUR,lentil,0,0,0,0
2015,6,RAICHUR,4,MANVI,HORSEGRAM,horse gram,137,0,160,160
2015,6,RAICHUR,4,MANVI,MOTH,moth bean,0,0,0,0
2015,6,RAICHUR,4,MANVI,SUGARCANE,sugarcane,0,0,0,0
2015,6,RAICHUR,4,MANVI,PEPPER (BLACK),black pepper,0,0,0,0
2015,6,RAICHUR,4,MANVI,CHILLIES,chilli,0,0,0,0
2015,6,RAICHUR,4,MANVI,GINGER,ginger,0,0,0,0
2015,6,RAICHUR,4,MANVI,TURMERIC,turmeric,0,0,0,0
2015,6,RAICHUR,4,MANVI,CARDAMOM (SMALL),cardamom,0,0,0,0
2015,6,RAICHUR,4,MANVI,CARDAMOM (LARGE),cardamom,0,0,0,0
2015,6,RAICHUR,4,MANVI,BETELNUTS (ARECANUTS),arecanut,0,0,0,0
2015,6,RAICHUR,4,MANVI,MANGOES,mango,0,0,0,0
2015,6,RAICHUR,4,MANVI,BANANA,banana,0,0,0,0
2015,6,RAICHUR,4,MANVI,TABLE GRAPES,grapes,0,0,0,0
2015,6,RAICHUR,4,MANVI,WINE GRAPES (BLACK),grapes,0,0,0,0
2015,6,RAICHUR,4,MANVI,CASHEWNUTS,cashewnut,0,0,0,0
2015,6,RAICHUR,4,MANVI,POMEGRANATE,pomegranate,0,0,0,0
2015,6,RAICHUR,4,MANVI,POTATO,potato,0,0,0,0
2015,6,RAICHUR,4,MANVI,TAPIOCA (CASSAVA),tapioca,0,0,0,0
2015,6,RAICHUR,4,MANVI,SWEET POTATO,sweet potato,0,0,0,0
2015,6,RAICHUR,4,MANVI,ONION,onion,0,0,0,0
2015,6,RAICHUR,4,MANVI,TOMATO,tomato,0,0,0,0
2015,6,RAICHUR,4,MANVI,GROUNDNUT,groundnut,25,12,11,23
2015,6,RAICHUR,4,MANVI,CASTORSEED,castor,0,0,0,0
2015,6,RAICHUR,4,MANVI,SESAMUM (TIL),sesame,502,0,573,573
2015,6,RAICHUR,4,MANVI,RAPESEED & MUSTARD (TORIA/TARAMIRA),mustard,0,0,0,0
2015,6,RAICHUR,4,MANVI,LINSEED,linseed,0,0,0,0
2015,6,RAICHUR,4,MANVI,COCONUT,coconut,0,0,0,0
2015,6,RAICHUR,4,MANVI,SUNFLOWER,sunflower,816,18,1200,1218
2015,6,RAICHUR,4,MANVI,SOYABEAN,soybean,11,0,24,24
2015,6,RAICHUR,4,MANVI,NIGERSEED,niger seed,481,729,13,742
2015,6,RAICHUR,4,MANVI,COTTON,cotton,25274,9027,38173,47199
2015,6,RAICHUR,4,MANVI,JUTE,jute,21,8,39,47
2015,6,RAICHUR,4,MANVI,MESTA,mesta,5,0,16,16
2015,6,RAICHUR,4,MANVI,TOBACCO,tobacco,0,0,0,0
2015,6,RAICHUR,4,MANVI,GUAR,guar,0,0,0,0
2015,6,RAICHUR,4,MANVI,COFFEE,coffee,0,0,0,0
2015,6,RAICHUR,4,MANVI,GROSS CROPPED AREA,,81753,75609,83673,159282
2015,6,RAICHUR,3,RAICHUR,PADDY,rice,16427,18985,2203,21187
2015,6,RAICHUR,3,RAICHUR,JOWAR,jowar,4217,6135,629,6763
2015,6,RAICHUR,3,RAICHUR,BAJRA,bajra,230,35,134,170
2015,6,RAICHUR,3,RAICHUR,MAIZE,maize,8,5,0,5
2015,6,RAICHUR,3,RAICHUR,RAGI,ragi,53,0,73,73
2015,6,RAICHUR,3,RAICHUR,WHEAT,wheat,0,0,0,0
2015,6,RAICHUR,3,RAICHUR,BARLEY,barley,0,0,0,0
2015,6,RAICHUR,3,RAICHUR,GRAM,chickpea,132,383,116,500
2015,6,RAICHUR,3,RAICHUR,TUR (ARHAR),pigeonpea (tur),3485,109,3751,3860
2015,6,RAICHUR,3,RAICHUR,URAD,black gram,0,0,0,0
2015,6,RAICHUR,3,RAICHUR,MOONG,green gram,257,1135,23,1158
2015,6,RAICHUR,3,RAICHUR,MASUR,lentil,0,0,0,0
2015,6,RAICHUR,3,RAICHUR,HORSEGRAM,horse gram,0,0,0,0
2015,6,RAICHUR,3,RAICHUR,MOTH,moth bean,0,0,0,0
2015,6,RAICHUR,3,RAICHUR,SUGARCANE,sugarcane,0,0,0,0
2015,6,RAICHUR,3,RAICHUR,PEPPER (BLACK),black pepper,0,0,0,0
2015,6,RAICHUR,3,RAICHUR,CHILLIES,chilli,5,0,3,3
2015,6,RAICHUR,3,RAICHUR,GINGER,ginger,0,0,0,0
2015,6,RAICHUR,3,RAICHUR,TURMERIC,turmeric,0,0,0,0
2015,6,RAICHUR,3,RAICHUR,CARDAMOM (SMALL),cardamom,0,0,0,0
2015,6,RAICHUR,3,RAICHUR,CARDAMOM (LARGE),cardamom,0,0,0,0
2015,6,RAICHUR,3,RAICHUR,BETELNUTS (ARECANUTS),arecanut,0,0,0,0
2015,6,RAICHUR,3,RAICHUR,MANGOES,mango,275,0,580,580
2015,6,RAICHUR,3,RAICHUR,BANANA,banana,0,0,0,0
2015,6,RAICHUR,3,RAICHUR,TABLE GRAPES,grapes,0,0,0,0
2015,6,RAICHUR,3,RAICHUR,WINE GRAPES (BLACK),grapes,0,0,0,0
2015,6,RAICHUR,3,RAICHUR,CASHEWNUTS,cashewnut,0,0,0,0
2015,6,RAICHUR,3,RAICHUR,POMEGRANATE,pomegranate,0,0,0,0
2015,6,RAICHUR,3,RAICHUR,POTATO,potato,0,0,0,0
2015,6,RAICHUR,3,RAICHUR,TAPIOCA (CASSAVA),tapioca,0,0,0,0
2015,6,RAICHUR,3,RAICHUR,SWEET POTATO,sweet potato,0,0,0,0
2015,6,RAICHUR,3,RAICHUR,ONION,onion,80,14,41,55
2015,6,RAICHUR,3,RAICHUR,TOMATO,tomato,0,0,0,0
2015,6,RAICHUR,3,RAICHUR,GROUNDNUT,groundnut,1648,489,1023,1511
2015,6,RAICHUR,3,RAICHUR,CASTORSEED,castor,320,0,278,278
2015,6,RAICHUR,3,RAICHUR,SESAMUM (TIL),sesame,0,0,0,0
2015,6,RAICHUR,3,RAICHUR,RAPESEED & MUSTARD (TORIA/TARAMIRA),mustard,0,0,0,0
2015,6,RAICHUR,3,RAICHUR,LINSEED,linseed,0,0,0,0
2015,6,RAICHUR,3,RAICHUR,COCONUT,coconut,0,0,0,0
2015,6,RAICHUR,3,RAICHUR,SUNFLOWER,sunflower,27,0,32,32
2015,6,RAICHUR,3,RAICHUR,SOYABEAN,soybean,0,0,0,0
2015,6,RAICHUR,3,RAICHUR,NIGERSEED,niger seed,16,0,7,7
2015,6,RAICHUR,3,RAICHUR,COTTON,cotton,20276,7071,25416,32486
2015,6,RAICHUR,3,RAICHUR,JUTE,jute,5,0,1,1
2015,6,RAICHUR,3,RAICHUR,MESTA,mesta,8,0,4,4
2015,6,RAICHUR,3,RAICHUR,TOBACCO,tobacco,0,0,0,0
2015,6,RAICHUR,3,RAICHUR,GUAR,guar,11,7,0,7
2015,6,RAICHUR,3,RAICHUR,COFFEE,coffee,0,0,0,0
2015,6,RAICHUR,3,RAICHUR,GROSS CROPPED AREA,,55838,64922,34502,99424
2015,6,RAICHUR,5,SINDHANUR,PADDY,rice,27032,60606,3424,64031
2015,6,RAICHUR,5,SINDHANUR,JOWAR,jowar,6630,3161,10693,13854
2015,6,RAICHUR,5,SINDHANUR,BAJRA,bajra,1171,10,3299,3309
2015,6,RAICHUR,5,SINDHANUR,MAIZE,maize,47,66,40,106
2015,6,RAICHUR,5,SINDHANUR,RAGI,ragi,61,84,100,185
2015,6,RAICHUR,5,SINDHANUR,WHEAT,wheat,48,1,263,264
2015,6,RAICHUR,5,SINDHANUR,BARLEY,barley,3,2,0,2
2015,6,RAICHUR,5,SINDHANUR,GRAM,chickpea,952,263,1676,1939
2015,6,RAICHUR,5,SINDHANUR,TUR (ARHAR),pigeonpea (tur),1845,95,3849,3944
2015,6,RAICHUR,5,SINDHANUR,URAD,black gram,5,0,5,5
2015,6,RAICHUR,5,SINDHANUR,MOONG,green gram,2,0,14,14
2015,6,RAICHUR,5,SINDHANUR,MASUR,lentil,0,0,0,0
2015,6,RAICHUR,5,SINDHANUR,HORSEGRAM,horse gram,3,0,3,3
2015,6,RAICHUR,5,SINDHANUR,MOTH,moth bean,0,0,0,0
2015,6,RAICHUR,5,SINDHANUR,SUGARCANE,sugarcane,3,3,0,3
2015,6,RAICHUR,5,SINDHANUR,PEPPER (BLACK),black pepper,0,0,0,0
2015,6,RAICHUR,5,SINDHANUR,CHILLIES,chilli,0,0,0,0
2015,6,RAICHUR,5,SINDHANUR,GINGER,ginger,0,0,0,0
2015,6,RAICHUR,5,SINDHANUR,TURMERIC,turmeric,0,0,0,0
2015,6,RAICHUR,5,SINDHANUR,CARDAMOM (SMALL),cardamom,0,0,0,0
2015,6,RAICHUR,5,SINDHANUR,CARDAMOM (LARGE),cardamom,0,0,0,0
2015,6,RAICHUR,5,SINDHANUR,BETELNUTS (ARECANUTS),arecanut,0,0,0,0
2015,6,RAICHUR,5,SINDHANUR,MANGOES,mango,0,0,0,0
2015,6,RAICHUR,5,SINDHANUR,BANANA,banana,2,0,1,1
2015,6,RAICHUR,5,SINDHANUR,TABLE GRAPES,grapes,0,0,0,0
2015,6,RAICHUR,5,SINDHANUR,WINE GRAPES (BLACK),grapes,0,0,0,0
2015,6,RAICHUR,5,SINDHANUR,CASHEWNUTS,cashewnut,0,0,0,0
2015,6,RAICHUR,5,SINDHANUR,POMEGRANATE,pomegranate,0,0,0,0
2015,6,RAICHUR,5,SINDHANUR,POTATO,potato,0,0,0,0
2015,6,RAICHUR,5,SINDHANUR,TAPIOCA (CASSAVA),tapioca,0,0,0,0
2015,6,RAICHUR,5,SINDHANUR,SWEET POTATO,sweet potato,3,0,9,9
2015,6,RAICHUR,5,SINDHANUR,ONION,onion,0,0,0,0
2015,6,RAICHUR,5,SINDHANUR,TOMATO,tomato,0,0,0,0
2015,6,RAICHUR,5,SINDHANUR,GROUNDNUT,groundnut,16,52,12,64
2015,6,RAICHUR,5,SINDHANUR,CASTORSEED,castor,3,4,0,4
2015,6,RAICHUR,5,SINDHANUR,SESAMUM (TIL),sesame,17,0,132,132
2015,6,RAICHUR,5,SINDHANUR,RAPESEED & MUSTARD (TORIA/TARAMIRA),mustard,0,0,0,0
2015,6,RAICHUR,5,SINDHANUR,LINSEED,linseed,0,0,0,0
2015,6,RAICHUR,5,SINDHANUR,COCONUT,coconut,0,0,0,0
2015,6,RAICHUR,5,SINDHANUR,SUNFLOWER,sunflower,220,147,294,441
2015,6,RAICHUR,5,SINDHANUR,SOYABEAN,soybean,0,0,0,0
2015,6,RAICHUR,5,SINDHANUR,NIGERSEED,niger seed,20,40,0,40
2015,6,RAICHUR,5,SINDHANUR,COTTON,cotton,5314,12169,4350,16520
2015,6,RAICHUR,5,SINDHANUR,JUTE,jute,8,20,3,23
2015,6,RAICHUR,5,SINDHANUR,MESTA,mesta,3,0,3,3
2015,6,RAICHUR,5,SINDHANUR,TOBACCO,tobacco,0,0,0,0
2015,6,RAICHUR,5,SINDHANUR,GUAR,guar,0,0,0,0
2015,6,RAICHUR,5,SINDHANUR,COFFEE,coffee,0,0,0,0
2015,6,RAICHUR,5,SINDHANUR,GROSS CROPPED AREA,,42304,76755,28208,104964
2015,28,RAMANAGAR,7,CHANNAPATNA,PADDY,rice,2460,1199,49,1248
2015,28,RAMANAGAR,7,CHANNAPATNA,JOWAR,jowar,2722,197,469,666
2015,28,RAMANAGAR,7,CHANNAPATNA,BAJRA,bajra,5,0,1,1
2015,28,RAMANAGAR,7,CHANNAPATNA,MAIZE,maize,1127,21,202,223
2015,28,RAMANAGAR,7,CHANNAPATNA,RAGI,ragi,33628,2340,10043,12384
2015,28,RAMANAGAR,7,CHANNAPATNA,WHEAT,wheat,119,4,41,46
2015,28,RAMANAGAR,7,CHANNAPATNA,BARLEY,barley,5,0,1,1
2015,28,RAMANAGAR,7,CHANNAPATNA,GRAM,chickpea,5,0,1,1
2015,28,RAMANAGAR,7,CHANNAPATNA,TUR (ARHAR),pigeonpea (tur),1616,20,292,312
2015,28,RAMANAGAR,7,CHANNAPATNA,URAD,black gram,26,2,4,6
2015,28,RAMANAGAR,7,CHANNAPATNA,MOONG,green gram,24,0,3,3
2015,28,RAMANAGAR,7,CHANNAPATNA,MASUR,lentil,5,0,2,2
2015,28,RAMANAGAR,7,CHANNAPATNA,HORSEGRAM,horse gram,3214,129,915,1044
2015,28,RAMANAGAR,7,CHANNAPATNA,MOTH,moth bean,0,0,0,0
2015,28,RAMANAGAR,7,CHANNAPATNA,SUGARCANE,sugarcane,59,37,0,37
2015,28,RAMANAGAR,7,CHANNAPATNA,PEPPER (BLACK),black pepper,10,0,2,2
2015,28,RAMANAGAR,7,CHANNAPATNA,CHILLIES,chilli,0,0,0,0
2015,28,RAMANAGAR,7,CHANNAPATNA,GINGER,ginger,118,14,5,19
2015,28,RAMANAGAR,7,CHANNAPATNA,TURMERIC,turmeric,10,2,0,2
2015,28,RAMANAGAR,7,CHANNAPATNA,CARDAMOM (SMALL),cardamom,4,1,0,1
2015,28,RAMANAGAR,7,CHANNAPATNA,CARDAMOM (LARGE),cardamom,5,0,1,1
2015,28,RAMANAGAR,7,CHANNAPATNA,BETELNUTS (ARECANUTS),arecanut,44,18,0,18
2015,28,RAMANAGAR,7,CHANNAPATNA,MANGOES,mango,6747,233,3722,3956
2015,28,RAMANAGAR,7,CHANNAPATNA,BANANA,banana,443,162,6,168
2015,28,RAMANAGAR,7,CHANNAPATNA,TABLE GRAPES,grapes,0,0,0,0
2015,28,RAMANAGAR,7,CHANNAPATNA,WINE GRAPES (BLACK),grapes,0,0,0,0
2015,28,RAMANAGAR,7,CHANNAPATNA,CASHEWNUTS,cashewnut,5,2,0,2
2015,28,RAMANAGAR,7,CHANNAPATNA,POMEGRANATE,pomegranate,5,1,0,1
2015,28,RAMANAGAR,7,CHANNAPATNA,POTATO,potato,0,0,0,0
2015,28,RAMANAGAR,7,CHANNAPATNA,TAPIOCA (CASSAVA),tapioca,0,0,0,0
2015,28,RAMANAGAR,7,CHANNAPATNA,SWEET POTATO,sweet potato,10,1,1,2
2015,28,RAMANAGAR,7,CHANNAPATNA,ONION,onion,20,5,0,5
2015,28,RAMANAGAR,7,CHANNAPATNA,TOMATO,tomato,287,54,8,62
2015,28,RAMANAGAR,7,CHANNAPATNA,GROUNDNUT,groundnut,11,3,2,6
2015,28,RAMANAGAR,7,CHANNAPATNA,CASTORSEED,castor,19,0,2,2
2015,28,RAMANAGAR,7,CHANNAPATNA,SESAMUM (TIL),sesame,5,0,1,1
2015,28,RAMANAGAR,7,CHANNAPATNA,RAPESEED & MUSTARD (TORIA/TARAMIRA),mustard,0,0,0,0
2015,28,RAMANAGAR,7,CHANNAPATNA,LINSEED,linseed,61,3,21,24
2015,28,RAMANAGAR,7,CHANNAPATNA,COCONUT,coconut,17177,2911,4694,7605
2015,28,RAMANAGAR,7,CHANNAPATNA,SUNFLOWER,sunflower,0,0,0,0
2015,28,RAMANAGAR,7,CHANNAPATNA,SOYABEAN,soybean,0,0,0,0
2015,28,RAMANAGAR,7,CHANNAPATNA,NIGERSEED,niger seed,5,0,0,0
2015,28,RAMANAGAR,7,CHANNAPATNA,COTTON,cotton,5,3,0,3
2015,28,RAMANAGAR,7,CHANNAPATNA,JUTE,jute,0,0,0,0
2015,28,RAMANAGAR,7,CHANNAPATNA,MESTA,mesta,0,0,0,0
2015,28,RAMANAGAR,7,CHANNAPATNA,TOBACCO,tobacco,0,0,0,0
2015,28,RAMANAGAR,7,CHANNAPATNA,GUAR,guar,120,45,5,50
2015,28,RAMANAGAR,7,CHANNAPATNA,COFFEE,coffee,0,0,0,0
2015,28,RAMANAGAR,7,CHANNAPATNA,GROSS CROPPED AREA,,62744,9168,20982,30150
2015,28,RAMANAGAR,8,KANKAPUR,PADDY,rice,3358,1719,294,2012
2015,28,RAMANAGAR,8,KANKAPUR,JOWAR,jowar,23237,14,1814,1828
2015,28,RAMANAGAR,8,KANKAPUR,BAJRA,bajra,41,3,11,13
2015,28,RAMANAGAR,8,KANKAPUR,MAIZE,maize,1975,22,1050,1071
2015,28,RAMANAGAR,8,KANKAPUR,RAGI,ragi,62540,649,34051,34700
2015,28,RAMANAGAR,8,KANKAPUR,WHEAT,wheat,215,29,57,86
2015,28,RAMANAGAR,8,KANKAPUR,BARLEY,barley,14,0,1,1
2015,28,RAMANAGAR,8,KANKAPUR,GRAM,chickpea,185,6,49,55
2015,28,RAMANAGAR,8,KANKAPUR,TUR (ARHAR),pigeonpea (tur),10079,16,1403,1420
2015,28,RAMANAGAR,8,KANKAPUR,URAD,black gram,33,0,11,11
2015,28,RAMANAGAR,8,KANKAPUR,MOONG,green gram,26,0,16,16
2015,28,RAMANAGAR,8,KANKAPUR,MASUR,lentil,14,0,0,0
2015,28,RAMANAGAR,8,KANKAPUR,HORSEGRAM,horse gram,5098,25,1648,1673
2015,28,RAMANAGAR,8,KANKAPUR,MOTH,moth bean,0,0,0,0
2015,28,RAMANAGAR,8,KANKAPUR,SUGARCANE,sugarcane,121,76,0,76
2015,28,RAMANAGAR,8,KANKAPUR,PEPPER (BLACK),black pepper,7,0,0,0
2015,28,RAMANAGAR,8,KANKAPUR,CHILLIES,chilli,247,1,12,12
2015,28,RAMANAGAR,8,KANKAPUR,GINGER,ginger,0,0,0,0
2015,28,RAMANAGAR,8,KANKAPUR,TURMERIC,turmeric,0,0,0,0
2015,28,RAMANAGAR,8,KANKAPUR,CARDAMOM (SMALL),cardamom,22,0,34,34
2015,28,RAMANAGAR,8,KANKAPUR,CARDAMOM (LARGE),cardamom,0,0,0,0
2015,28,RAMANAGAR,8,KANKAPUR,BETELNUTS (ARECANUTS),arecanut,42,13,0,13
2015,28,RAMANAGAR,8,KANKAPUR,MANGOES,mango,2963,643,1849,2492
2015,28,RAMANAGAR,8,KANKAPUR,BANANA,banana,1218,719,103,822
2015,28,RAMANAGAR,8,KANKAPUR,TABLE GRAPES,grapes,7,8,0,8
2015,28,RAMANAGAR,8,KANKAPUR,WINE GRAPES (BLACK),grapes,0,0,0,0
2015,28,RAMANAGAR,8,KANKAPUR,CASHEWNUTS,cashewnut,0,0,0,0
2015,28,RAMANAGAR,8,KANKAPUR,POMEGRANATE,pomegranate,0,0,0,0
2015,28,RAMANAGAR,8,KANKAPUR,POTATO,potato,0,0,0,0
2015,28,RAMANAGAR,8,KANKAPUR,TAPIOCA (CASSAVA),tapioca,0,0,0,0
2015,28,RAMANAGAR,8,KANKAPUR,SWEET POTATO,sweet potato,0,0,0,0
2015,28,RAMANAGAR,8,KANKAPUR,ONION,onion,0,0,0,0
2015,28,RAMANAGAR,8,KANKAPUR,TOMATO,tomato,38,10,1,12
2015,28,RAMANAGAR,8,KANKAPUR,GROUNDNUT,groundnut,11521,55,6519,6574
2015,28,RAMANAGAR,8,KANKAPUR,CASTORSEED,castor,1051,12,85,97
2015,28,RAMANAGAR,8,KANKAPUR,SESAMUM (TIL),sesame,35,10,6,16
2015,28,RAMANAGAR,8,KANKAPUR,RAPESEED & MUSTARD (TORIA/TARAMIRA),mustard,0,0,0,0
2015,28,RAMANAGAR,8,KANKAPUR,LINSEED,linseed,239,59,29,88
2015,28,RAMANAGAR,8,KANKAPUR,COCONUT,coconut,11454,2457,2694,5151
2015,28,RAMANAGAR,8,KANKAPUR,SUNFLOWER,sunflower,7,0,0,0
2015,28,RAMANAGAR,8,KANKAPUR,SOYABEAN,soybean,0,0,0,0
2015,28,RAMANAGAR,8,KANKAPUR,NIGERSEED,niger seed,14,10,0,10
2015,28,RAMANAGAR,8,KANKAPUR,COTTON,cotton,58,4,29,34
2015,28,RAMANAGAR,8,KANKAPUR,JUTE,jute,14,0,0,0
2015,28,RAMANAGAR,8,KANKAPUR,MESTA,mesta,0,0,0,0
2015,28,RAMANAGAR,8,KANKAPUR,TOBACCO,tobacco,0,0,0,0
2015,28,RAMANAGAR,8,KANKAPUR,GUAR,guar,0,0,0,0
2015,28,RAMANAGAR,8,KANKAPUR,COFFEE,coffee,8,0,9,9
2015,28,RAMANAGAR,8,KANKAPUR,GROSS CROPPED AREA,,96062,11373,54182,65554
2015,28,RAMANAGAR,5,MAGADI,PADDY,rice,2731,631,444,1075
2015,28,RAMANAGAR,5,MAGADI,JOWAR,jowar,13165,142,1689,1831
2015,28,RAMANAGAR,5,MAGADI,BAJRA,bajra,27,3,1,4
2015,28,RAMANAGAR,5,MAGADI,MAIZE,maize,574,16,90,106
2015,28,RAMANAGAR,5,MAGADI,RAGI,ragi,41781,745,21756,22501
2015,28,RAMANAGAR,5,MAGADI,WHEAT,wheat,206,9,144,153
2015,28,RAMANAGAR,5,MAGADI,BARLEY,barley,5,2,0,2
2015,28,RAMANAGAR,5,MAGADI,GRAM,chickpea,10,0,1,1
2015,28,RAMANAGAR,5,MAGADI,TUR (ARHAR),pigeonpea (tur),6625,48,1856,1904
2015,28,RAMANAGAR,5,MAGADI,URAD,black gram,188,0,15,15
2015,28,RAMANAGAR,5,MAGADI,MOONG,green gram,64,0,7,7
2015,28,RAMANAGAR,5,MAGADI,MASUR,lentil,7,0,2,2
2015,28,RAMANAGAR,5,MAGADI,HORSEGRAM,horse gram,7473,18,2184,2202
2015,28,RAMANAGAR,5,MAGADI,MOTH,moth bean,0,0,0,0
2015,28,RAMANAGAR,5,MAGADI,SUGARCANE,sugarcane,5,2,0,2
2015,28,RAMANAGAR,5,MAGADI,PEPPER (BLACK),black pepper,46,8,42,50
2015,28,RAMANAGAR,5,MAGADI,CHILLIES,chilli,22,7,3,10
2015,28,RAMANAGAR,5,MAGADI,GINGER,ginger,0,0,0,0
2015,28,RAMANAGAR,5,MAGADI,TURMERIC,turmeric,0,0,0,0
2015,28,RAMANAGAR,5,MAGADI,CARDAMOM (SMALL),cardamom,5,2,0,2
2015,28,RAMANAGAR,5,MAGADI,CARDAMOM (LARGE),cardamom,0,0,0,0
2015,28,RAMANAGAR,5,MAGADI,BETELNUTS (ARECANUTS),arecanut,2256,1110,38,1149
2015,28,RAMANAGAR,5,MAGADI,MANGOES,mango,9583,317,10148,10465
2015,28,RAMANAGAR,5,MAGADI,BANANA,banana,865,363,18,381
2015,28,RAMANAGAR,5,MAGADI,TABLE GRAPES,grapes,5,2,0,2
2015,28,RAMANAGAR,5,MAGADI,WINE GRAPES (BLACK),grapes,0,0,0,0
2015,28,RAMANAGAR,5,MAGADI,CASHEWNUTS,cashewnut,0,0,0,0
2015,28,RAMANAGAR,5,MAGADI,POMEGRANATE,pomegranate,0,0,0,0
2015,28,RAMANAGAR,5,MAGADI,POTATO,potato,0,0,0,0
2015,28,RAMANAGAR,5,MAGADI,TAPIOCA (CASSAVA),tapioca,55,14,8,21
2015,28,RAMANAGAR,5,MAGADI,SWEET POTATO,sweet potato,0,0,0,0
2015,28,RAMANAGAR,5,MAGADI,ONION,onion,5,0,6,6
2015,28,RAMANAGAR,5,MAGADI,TOMATO,tomato,765,90,233,323
2015,28,RAMANAGAR,5,MAGADI,GROUNDNUT,groundnut,32,7,0,7
2015,28,RAMANAGAR,5,MAGADI,CASTORSEED,castor,158,2,22,24
2015,28,RAMANAGAR,5,MAGADI,SESAMUM (TIL),sesame,5,4,0,4
2015,28,RAMANAGAR,5,MAGADI,RAPESEED & MUSTARD (TORIA/TARAMIRA),mustard,2475,19,110,129
2015,28,RAMANAGAR,5,MAGADI,LINSEED,linseed,11,3,0,3
2015,28,RAMANAGAR,5,MAGADI,COCONUT,coconut,2642,1000,506,1506
2015,28,RAMANAGAR,5,MAGADI,SUNFLOWER,sunflower,6,0,0,0
2015,28,RAMANAGAR,5,MAGADI,SOYABEAN,soybean,0,0,0,0
2015,28,RAMANAGAR,5,MAGADI,NIGERSEED,niger seed,1809,1,75,77
2015,28,RAMANAGAR,5,MAGADI,COTTON,cotton,5,0,0,0
2015,28,RAMANAGAR,5,MAGADI,JUTE,jute,0,0,0,0
2015,28,RAMANAGAR,5,MAGADI,MESTA,mesta,0,0,0,0
2015,28,RAMANAGAR,5,MAGADI,TOBACCO,tobacco,5,2,0,2
2015,28,RAMANAGAR,5,MAGADI,GUAR,guar,0,0,0,0
2015,28,RAMANAGAR,5,MAGADI,COFFEE,coffee,0,0,0,0
2015,28,RAMANAGAR,5,MAGADI,GROSS CROPPED AREA,,65886,6030,40946,46976
2015,28,RAMANAGAR,6,RAMANAGAR,PADDY,rice,1404,642,66,708
2015,28,RAMANAGAR,6,RAMANAGAR,JOWAR,jowar,5904,93,475,568
2015,28,RAMANAGAR,6,RAMANAGAR,BAJRA,bajra,23,5,1,6
2015,28,RAMANAGAR,6,RAMANAGAR,MAIZE,maize,1234,149,155,304
2015,28,RAMANAGAR,6,RAMANAGAR,RAGI,ragi,27179,319,14443,14762
2015,28,RAMANAGAR,6,RAMANAGAR,WHEAT,wheat,237,4,142,146
2015,28,RAMANAGAR,6,RAMANAGAR,BARLEY,barley,0,0,0,0
2015,28,RAMANAGAR,6,RAMANAGAR,GRAM,chickpea,21,2,3,6
2015,28,RAMANAGAR,6,RAMANAGAR,TUR (ARHAR),pigeonpea (tur),5266,22,794,816
2015,28,RAMANAGAR,6,RAMANAGAR,URAD,black gram,5,0,0,0
2015,28,RAMANAGAR,6,RAMANAGAR,MOONG,green gram,23,7,2,9
2015,28,RAMANAGAR,6,RAMANAGAR,MASUR,lentil,4,0,1,1
2015,28,RAMANAGAR,6,RAMANAGAR,HORSEGRAM,horse gram,5395,169,1945,2114
2015,28,RAMANAGAR,6,RAMANAGAR,MOTH,moth bean,0,0,0,0
2015,28,RAMANAGAR,6,RAMANAGAR,SUGARCANE,sugarcane,43,19,0,19
2015,28,RAMANAGAR,6,RAMANAGAR,PEPPER (BLACK),black pepper,8,4,0,4
2015,28,RAMANAGAR,6,RAMANAGAR,CHILLIES,chilli,24,10,0,10
2015,28,RAMANAGAR,6,RAMANAGAR,GINGER,ginger,0,0,0,0
2015,28,RAMANAGAR,6,RAMANAGAR,TURMERIC,turmeric,0,0,0,0
2015,28,RAMANAGAR,6,RAMANAGAR,CARDAMOM (SMALL),cardamom,0,0,0,0
2015,28,RAMANAGAR,6,RAMANAGAR,CARDAMOM (LARGE),cardamom,4,0,2,2
2015,28,RAMANAGAR,6,RAMANAGAR,BETELNUTS (ARECANUTS),arecanut,426,202,0,202
2015,28,RAMANAGAR,6,RAMANAGAR,MANGOES,mango,7329,290,6866,7156
2015,28,RAMANAGAR,6,RAMANAGAR,BANANA,banana,1189,593,23,615
2015,28,RAMANAGAR,6,RAMANAGAR,TABLE GRAPES,grapes,18,9,4,13
2015,28,RAMANAGAR,6,RAMANAGAR,WINE GRAPES (BLACK),grapes,4,4,0,4
2015,28,RAMANAGAR,6,RAMANAGAR,CASHEWNUTS,cashewnut,0,0,0,0
2015,28,RAMANAGAR,6,RAMANAGAR,POMEGRANATE,pomegranate,0,0,0,0
2015,28,RAMANAGAR,6,RAMANAGAR,POTATO,potato,0,0,0,0
2015,28,RAMANAGAR,6,RAMANAGAR,TAPIOCA (CASSAVA),tapioca,4,0,1,1
2015,28,RAMANAGAR,6,RAMANAGAR,SWEET POTATO,sweet potato,0,0,0,0
2015,28,RAMANAGAR,6,RAMANAGAR,ONION,onion,5,0,0,0
2015,28,RAMANAGAR,6,RAMANAGAR,TOMATO,tomato,53,17,0,18
2015,28,RAMANAGAR,6,RAMANAGAR,GROUNDNUT,groundnut,42,3,25,27
2015,28,RAMANAGAR,6,RAMANAGAR,CASTORSEED,castor,0,0,0,0
2015,28,RAMANAGAR,6,RAMANAGAR,SESAMUM (TIL),sesame,39,8,4,12
2015,28,RAMANAGAR,6,RAMANAGAR,RAPESEED & MUSTARD (TORIA/TARAMIRA),mustard,43,0,10,10
2015,28,RAMANAGAR,6,RAMANAGAR,LINSEED,linseed,4,4,0,4
2015,28,RAMANAGAR,6,RAMANAGAR,COCONUT,coconut,3202,1163,676,1839
2015,28,RAMANAGAR,6,RAMANAGAR,SUNFLOWER,sunflower,0,0,0,0
2015,28,RAMANAGAR,6,RAMANAGAR,SOYABEAN,soybean,0,0,0,0
2015,28,RAMANAGAR,6,RAMANAGAR,NIGERSEED,niger seed,96,4,14,17
2015,28,RAMANAGAR,6,RAMANAGAR,COTTON,cotton,9,2,2,4
2015,28,RAMANAGAR,6,RAMANAGAR,JUTE,jute,5,0,2,2
2015,28,RAMANAGAR,6,RAMANAGAR,MESTA,mesta,0,0,0,0
2015,28,RAMANAGAR,6,RAMANAGAR,TOBACCO,tobacco,0,0,0,0
2015,28,RAMANAGAR,6,RAMANAGAR,GUAR,guar,0,0,0,0
2015,28,RAMANAGAR,6,RAMANAGAR,COFFEE,coffee,0,0,0,0
2015,28,RAMANAGAR,6,RAMANAGAR,GROSS CROPPED AREA,,44379,5347,25933,31280
2015,15,SHIVAMOGGA,7,BHADRAVATHI,PADDY,rice,10337,7368,39,7407
2015,15,SHIVAMOGGA,7,BHADRAVATHI,JOWAR,jowar,5,0,9,9
2015,15,SHIVAMOGGA,7,BHADRAVATHI,BAJRA,bajra,10,5,0,5
2015,15,SHIVAMOGGA,7,BHADRAVATHI,MAIZE,maize,4620,773,2681,3453
2015,15,SHIVAMOGGA,7,BHADRAVATHI,RAGI,ragi,200,27,105,131
2015,15,SHIVAMOGGA,7,BHADRAVATHI,WHEAT,wheat,54,21,9,30
2015,15,SHIVAMOGGA,7,BHADRAVATHI,BARLEY,barley,37,10,0,10
2015,15,SHIVAMOGGA,7,BHADRAVATHI,GRAM,chickpea,91,49,3,52
2015,15,SHIVAMOGGA,7,BHADRAVATHI,TUR (ARHAR),pigeonpea (tur),11,2,0,2
2015,15,SHIVAMOGGA,7,BHADRAVATHI,URAD,black gram,0,0,0,0
2015,15,SHIVAMOGGA,7,BHADRAVATHI,MOONG,green gram,16,5,0,5
2015,15,SHIVAMOGGA,7,BHADRAVATHI,MASUR,lentil,5,0,2,2
2015,15,SHIVAMOGGA,7,BHADRAVATHI,HORSEGRAM,horse gram,0,0,0,0
2015,15,SHIVAMOGGA,7,BHADRAVATHI,MOTH,moth bean,0,0,0,0
2015,15,SHIVAMOGGA,7,BHADRAVATHI,SUGARCANE,sugarcane,1811,1108,0,1108
2015,15,SHIVAMOGGA,7,BHADRAVATHI,PEPPER (BLACK),black pepper,42,49,0,49
2015,15,SHIVAMOGGA,7,BHADRAVATHI,CHILLIES,chilli,41,18,0,18
2015,15,SHIVAMOGGA,7,BHADRAVATHI,GINGER,ginger,16,3,0,3
2015,15,SHIVAMOGGA,7,BHADRAVATHI,TURMERIC,turmeric,186,172,0,172
2015,15,SHIVAMOGGA,7,BHADRAVATHI,CARDAMOM (SMALL),cardamom,0,0,0,0
2015,15,SHIVAMOGGA,7,BHADRAVATHI,CARDAMOM (LARGE),cardamom,0,0,0,0
2015,15,SHIVAMOGGA,7,BHADRAVATHI,BETELNUTS (ARECANUTS),arecanut,21777,15570,1287,16856
2015,15,SHIVAMOGGA,7,BHADRAVATHI,MANGOES,mango,288,71,104,175
2015,15,SHIVAMOGGA,7,BHADRAVATHI,BANANA,banana,222,75,17,92
2015,15,SHIVAMOGGA,7,BHADRAVATHI,TABLE GRAPES,grapes,16,22,5,28
2015,15,SHIVAMOGGA,7,BHADRAVATHI,WINE GRAPES (BLACK),grapes,0,0,0,0
2015,15,SHIVAMOGGA,7,BHADRAVATHI,CASHEWNUTS,cashewnut,0,0,0,0
2015,15,SHIVAMOGGA,7,BHADRAVATHI,POMEGRANATE,pomegranate,22,27,0,27
2015,15,SHIVAMOGGA,7,BHADRAVATHI,POTATO,potato,0,0,0,0
2015,15,SHIVAMOGGA,7,BHADRAVATHI,TAPIOCA (CASSAVA),tapioca,0,0,0,0
2015,15,SHIVAMOGGA,7,BHADRAVATHI,SWEET POTATO,sweet potato,0,0,0,0
2015,15,SHIVAMOGGA,7,BHADRAVATHI,ONION,onion,0,0,0,0
2015,15,SHIVAMOGGA,7,BHADRAVATHI,TOMATO,tomato,0,0,0,0
2015,15,SHIVAMOGGA,7,BHADRAVATHI,GROUNDNUT,groundnut,33,21,3,24
2015,15,SHIVAMOGGA,7,BHADRAVATHI,CASTORSEED,castor,0,0,0,0
2015,15,SHIVAMOGGA,7,BHADRAVATHI,SESAMUM (TIL),sesame,0,0,0,0
2015,15,SHIVAMOGGA,7,BHADRAVATHI,RAPESEED & MUSTARD (TORIA/TARAMIRA),mustard,14,2,7,9
2015,15,SHIVAMOGGA,7,BHADRAVATHI,LINSEED,linseed,0,0,0,0
2015,15,SHIVAMOGGA,7,BHADRAVATHI,COCONUT,coconut,3669,1217,150,1367
2015,15,SHIVAMOGGA,7,BHADRAVATHI,SUNFLOWER,sunflower,5,1,0,1
2015,15,SHIVAMOGGA,7,BHADRAVATHI,SOYABEAN,soybean,0,0,0,0
2015,15,SHIVAMOGGA,7,BHADRAVATHI,NIGERSEED,niger seed,0,0,0,0
2015,15,SHIVAMOGGA,7,BHADRAVATHI,COTTON,cotton,100,0,81,81
2015,15,SHIVAMOGGA,7,BHADRAVATHI,JUTE,jute,6,5,0,5
2015,15,SHIVAMOGGA,7,BHADRAVATHI,MESTA,mesta,0,0,0,0
2015,15,SHIVAMOGGA,7,BHADRAVATHI,TOBACCO,tobacco,0,0,0,0
2015,15,SHIVAMOGGA,7,BHADRAVATHI,GUAR,guar,0,0,0,0
2015,15,SHIVAMOGGA,7,BHADRAVATHI,COFFEE,coffee,0,0,0,0
2015,15,SHIVAMOGGA,7,BHADRAVATHI,GROSS CROPPED AREA,,41274,26718,4541,31259
2015,15,SHIVAMOGGA,4,HOSANAGARA,PADDY,rice,12707,2012,9403,11415
2015,15,SHIVAMOGGA,4,HOSANAGARA,JOWAR,jowar,122,6,85,91
2015,15,SHIVAMOGGA,4,HOSANAGARA,BAJRA,bajra,5,0,4,4
2015,15,SHIVAMOGGA,4,HOSANAGARA,MAIZE,maize,328,0,265,265
2015,15,SHIVAMOGGA,4,HOSANAGARA,RAGI,ragi,5,0,4,4
2015,15,SHIVAMOGGA,4,HOSANAGARA,WHEAT,wheat,0,0,0,0
2015,15,SHIVAMOGGA,4,HOSANAGARA,BARLEY,barley,14,2,23,25
2015,15,SHIVAMOGGA,4,HOSANAGARA,GRAM,chickpea,0,0,0,0
2015,15,SHIVAMOGGA,4,HOSANAGARA,TUR (ARHAR),pigeonpea (tur),0,0,0,0
2015,15,SHIVAMOGGA,4,HOSANAGARA,URAD,black gram,0,0,0,0
2015,15,SHIVAMOGGA,4,HOSANAGARA,MOONG,green gram,0,0,0,0
2015,15,SHIVAMOGGA,4,HOSANAGARA,MASUR,lentil,0,0,0,0
2015,15,SHIVAMOGGA,4,HOSANAGARA,HORSEGRAM,horse gram,5,5,0,5
2015,15,SHIVAMOGGA,4,HOSANAGARA,MOTH,moth bean,0,0,0,0
2015,15,SHIVAMOGGA,4,HOSANAGARA,SUGARCANE,sugarcane,304,35,0,35
2015,15,SHIVAMOGGA,4,HOSANAGARA,PEPPER (BLACK),black pepper,939,130,49,179
2015,15,SHIVAMOGGA,4,HOSANAGARA,CHILLIES,chilli,10,3,0,3
2015,15,SHIVAMOGGA,4,HOSANAGARA,GINGER,ginger,1599,159,636,796
2015,15,SHIVAMOGGA,4,HOSANAGARA,TURMERIC,turmeric,20,3,4,8
2015,15,SHIVAMOGGA,4,HOSANAGARA,CARDAMOM (SMALL),cardamom,216,8,10,18
2015,15,SHIVAMOGGA,4,HOSANAGARA,CARDAMOM (LARGE),cardamom,10,4,1,4
2015,15,SHIVAMOGGA,4,HOSANAGARA,BETELNUTS (ARECANUTS),arecanut,11059,3969,2106,6075
2015,15,SHIVAMOGGA,4,HOSANAGARA,MANGOES,mango,19,0,6,6
2015,15,SHIVAMOGGA,4,HOSANAGARA,BANANA,banana,2137,279,190,469
2015,15,SHIVAMOGGA,4,HOSANAGARA,TABLE GRAPES,grapes,20,3,1,4
2015,15,SHIVAMOGGA,4,HOSANAGARA,WINE GRAPES (BLACK),grapes,0,0,0,0
2015,15,SHIVAMOGGA,4,HOSANAGARA,CASHEWNUTS,cashewnut,925,0,696,696
2015,15,SHIVAMOGGA,4,HOSANAGARA,POMEGRANATE,pomegranate,0,0,0,0
2015,15,SHIVAMOGGA,4,HOSANAGARA,POTATO,potato,0,0,0,0
2015,15,SHIVAMOGGA,4,HOSANAGARA,TAPIOCA (CASSAVA),tapioca,0,0,0,0
2015,15,SHIVAMOGGA,4,HOSANAGARA,SWEET POTATO,sweet potato,0,0,0,0
2015,15,SHIVAMOGGA,4,HOSANAGARA,ONION,onion,0,0,0,0
2015,15,SHIVAMOGGA,4,HOSANAGARA,TOMATO,tomato,0,0,0,0
2015,15,SHIVAMOGGA,4,HOSANAGARA,GROUNDNUT,groundnut,5,0,2,2
2015,15,SHIVAMOGGA,4,HOSANAGARA,CASTORSEED,castor,0,0,0,0
2015,15,SHIVAMOGGA,4,HOSANAGARA,SESAMUM (TIL),sesame,0,0,0,0
2015,15,SHIVAMOGGA,4,HOSANAGARA,RAPESEED & MUSTARD (TORIA/TARAMIRA),mustard,0,0,0,0
2015,15,SHIVAMOGGA,4,HOSANAGARA,LINSEED,linseed,5,1,0,1
2015,15,SHIVAMOGGA,4,HOSANAGARA,COCONUT,coconut,853,146,222,369
2015,15,SHIVAMOGGA,4,HOSANAGARA,SUNFLOWER,sunflower,5,0,2,2
2015,15,SHIVAMOGGA,4,HOSANAGARA,SOYABEAN,soybean,20,0,16,16
2015,15,SHIVAMOGGA,4,HOSANAGARA,NIGERSEED,niger seed,0,0,0,0
2015,15,SHIVAMOGGA,4,HOSANAGARA,COTTON,cotton,5,0,2,2
2015,15,SHIVAMOGGA,4,HOSANAGARA,JUTE,jute,0,0,0,0
2015,15,SHIVAMOGGA,4,HOSANAGARA,MESTA,mesta,0,0,0,0
2015,15,SHIVAMOGGA,4,HOSANAGARA,TOBACCO,tobacco,0,0,0,0
2015,15,SHIVAMOGGA,4,HOSANAGARA,GUAR,guar,24,7,17,24
2015,15,SHIVAMOGGA,4,HOSANAGARA,COFFEE,coffee,49,4,4,8
2015,15,SHIVAMOGGA,4,HOSANAGARA,GROSS CROPPED AREA,,18043,6844,14900,21743
2015,15,SHIVAMOGGA,1,SAGARA,PADDY,rice,20125,6049,9793,15842
2015,15,SHIVAMOGGA,1,SAGARA,JOWAR,jowar,150,25,90,115
2015,15,SHIVAMOGGA,1,SAGARA,BAJRA,bajra,10,1,2,3
2015,15,SHIVAMOGGA,1,SAGARA,MAIZE,maize,2055,40,1694,1735
2015,15,SHIVAMOGGA,1,SAGARA,RAGI,ragi,15,0,6,6
2015,15,SHIVAMOGGA,1,SAGARA,WHEAT,wheat,39,0,16,16
2015,15,SHIVAMOGGA,1,SAGARA,BARLEY,barley,5,3,0,3
2015,15,SHIVAMOGGA,1,SAGARA,GRAM,chickpea,0,0,0,0
2015,15,SHIVAMOGGA,1,SAGARA,TUR (ARHAR),pigeonpea (tur),0,0,0,0
2015,15,SHIVAMOGGA,1,SAGARA,URAD,black gram,0,0,0,0
2015,15,SHIVAMOGGA,1,SAGARA,MOONG,green gram,0,0,0,0
2015,15,SHIVAMOGGA,1,SAGARA,MASUR,lentil,0,0,0,0
2015,15,SHIVAMOGGA,1,SAGARA,HORSEGRAM,horse gram,0,0,0,0
2015,15,SHIVAMOGGA,1,SAGARA,MOTH,moth bean,0,0,0,0
2015,15,SHIVAMOGGA,1,SAGARA,SUGARCANE,sugarcane,448,46,0,46
2015,15,SHIVAMOGGA,1,SAGARA,PEPPER (BLACK),black pepper,1729,297,12,309
2015,15,SHIVAMOGGA,1,SAGARA,CHILLIES,chilli,81,3,8,10
2015,15,SHIVAMOGGA,1,SAGARA,GINGER,ginger,1355,120,429,549
2015,15,SHIVAMOGGA,1,SAGARA,TURMERIC,turmeric,5,2,0,2
2015,15,SHIVAMOGGA,1,SAGARA,CARDAMOM (SMALL),cardamom,171,13,3,16
2015,15,SHIVAMOGGA,1,SAGARA,CARDAMOM (LARGE),cardamom,10,1,0,1
2015,15,SHIVAMOGGA,1,SAGARA,BETELNUTS (ARECANUTS),arecanut,14655,6837,526,7363
2015,15,SHIVAMOGGA,1,SAGARA,MANGOES,mango,175,5,113,118
2015,15,SHIVAMOGGA,1,SAGARA,BANANA,banana,5434,1132,61,1193
2015,15,SHIVAMOGGA,1,SAGARA,TABLE GRAPES,grapes,5,1,0,1
2015,15,SHIVAMOGGA,1,SAGARA,WINE GRAPES (BLACK),grapes,0,0,0,0
2015,15,SHIVAMOGGA,1,SAGARA,CASHEWNUTS,cashewnut,1782,50,731,781
2015,15,SHIVAMOGGA,1,SAGARA,POMEGRANATE,pomegranate,0,0,0,0
2015,15,SHIVAMOGGA,1,SAGARA,POTATO,potato,0,0,0,0
2015,15,SHIVAMOGGA,1,SAGARA,TAPIOCA (CASSAVA),tapioca,0,0,0,0
2015,15,SHIVAMOGGA,1,SAGARA,SWEET POTATO,sweet potato,0,0,0,0
2015,15,SHIVAMOGGA,1,SAGARA,ONION,onion,0,0,0,0
2015,15,SHIVAMOGGA,1,SAGARA,TOMATO,tomato,0,0,0,0
2015,15,SHIVAMOGGA,1,SAGARA,GROUNDNUT,groundnut,23,7,26,33
2015,15,SHIVAMOGGA,1,SAGARA,CASTORSEED,castor,5,0,4,4
2015,15,SHIVAMOGGA,1,SAGARA,SESAMUM (TIL),sesame,4,0,1,1
2015,15,SHIVAMOGGA,1,SAGARA,RAPESEED & MUSTARD (TORIA/TARAMIRA),mustard,0,0,0,0
2015,15,SHIVAMOGGA,1,SAGARA,LINSEED,linseed,9,0,15,15
2015,15,SHIVAMOGGA,1,SAGARA,COCONUT,coconut,1319,73,367,440
2015,15,SHIVAMOGGA,1,SAGARA,SUNFLOWER,sunflower,0,0,0,0
2015,15,SHIVAMOGGA,1,SAGARA,SOYABEAN,soybean,189,2,211,213
2015,15,SHIVAMOGGA,1,SAGARA,NIGERSEED,niger seed,4,1,0,1
2015,15,SHIVAMOGGA,1,SAGARA,COTTON,cotton,5,0,5,5
2015,15,SHIVAMOGGA,1,SAGARA,JUTE,jute,0,0,0,0
2015,15,SHIVAMOGGA,1,SAGARA,MESTA,mesta,0,0,0,0
2015,15,SHIVAMOGGA,1,SAGARA,TOBACCO,tobacco,0,0,0,0
2015,15,SHIVAMOGGA,1,SAGARA,GUAR,guar,5,6,0,6
2015,15,SHIVAMOGGA,1,SAGARA,COFFEE,coffee,255,69,5,74
2015,15,SHIVAMOGGA,1,SAGARA,GROSS CROPPED AREA,,32103,15041,17759,32800
2015,15,SHIVAMOGGA,3,SHIKARIPURA,PADDY,rice,23180,20156,1556,21712
2015,15,SHIVAMOGGA,3,SHIKARIPURA,JOWAR,jowar,104,22,35,56
2015,15,SHIVAMOGGA,3,SHIKARIPURA,BAJRA,bajra,230,80,39,118
2015,15,SHIVAMOGGA,3,SHIKARIPURA,MAIZE,maize,19207,2066,17346,19412
2015,15,SHIVAMOGGA,3,SHIKARIPURA,RAGI,ragi,73,8,56,64
2015,15,SHIVAMOGGA,3,SHIKARIPURA,WHEAT,wheat,24,3,17,20
2015,15,SHIVAMOGGA,3,SHIKARIPURA,BARLEY,barley,4,19,0,19
2015,15,SHIVAMOGGA,3,SHIKARIPURA,GRAM,chickpea,56,24,22,45
2015,15,SHIVAMOGGA,3,SHIKARIPURA,TUR (ARHAR),pigeonpea (tur),12,10,0,10
2015,15,SHIVAMOGGA,3,SHIKARIPURA,URAD,black gram,4,0,8,8
2015,15,SHIVAMOGGA,3,SHIKARIPURA,MOONG,green gram,28,15,3,18
2015,15,SHIVAMOGGA,3,SHIKARIPURA,MASUR,lentil,0,0,0,0
2015,15,SHIVAMOGGA,3,SHIKARIPURA,HORSEGRAM,horse gram,16,0,9,9
2015,15,SHIVAMOGGA,3,SHIKARIPURA,MOTH,moth bean,0,0,0,0
2015,15,SHIVAMOGGA,3,SHIKARIPURA,SUGARCANE,sugarcane,111,59,0,59
2015,15,SHIVAMOGGA,3,SHIKARIPURA,PEPPER (BLACK),black pepper,12,2,0,2
2015,15,SHIVAMOGGA,3,SHIKARIPURA,CHILLIES,chilli,12,12,0,12
2015,15,SHIVAMOGGA,3,SHIKARIPURA,GINGER,ginger,878,621,34,656
2015,15,SHIVAMOGGA,3,SHIKARIPURA,TURMERIC,turmeric,0,0,0,0
2015,15,SHIVAMOGGA,3,SHIKARIPURA,CARDAMOM (SMALL),cardamom,8,12,0,12
2015,15,SHIVAMOGGA,3,SHIKARIPURA,CARDAMOM (LARGE),cardamom,10,6,0,6
2015,15,SHIVAMOGGA,3,SHIKARIPURA,BETELNUTS (ARECANUTS),arecanut,3858,3536,324,3860
2015,15,SHIVAMOGGA,3,SHIKARIPURA,MANGOES,mango,380,153,304,457
2015,15,SHIVAMOGGA,3,SHIKARIPURA,BANANA,banana,365,213,7,220
2015,15,SHIVAMOGGA,3,SHIKARIPURA,TABLE GRAPES,grapes,20,14,4,18
2015,15,SHIVAMOGGA,3,SHIKARIPURA,WINE GRAPES (BLACK),grapes,0,0,0,0
2015,15,SHIVAMOGGA,3,SHIKARIPURA,CASHEWNUTS,cashewnut,0,0,0,0
2015,15,SHIVAMOGGA,3,SHIKARIPURA,POMEGRANATE,pomegranate,0,0,0,0
2015,15,SHIVAMOGGA,3,SHIKARIPURA,POTATO,potato,6,0,4,4
2015,15,SHIVAMOGGA,3,SHIKARIPURA,TAPIOCA (CASSAVA),tapioca,0,0,0,0
2015,15,SHIVAMOGGA,3,SHIKARIPURA,SWEET POTATO,sweet potato,0,0,0,0
2015,15,SHIVAMOGGA,3,SHIKARIPURA,ONION,onion,0,0,0,0
2015,15,SHIVAMOGGA,3,SHIKARIPURA,TOMATO,tomato,14,5,0,5
2015,15,SHIVAMOGGA,3,SHIKARIPURA,GROUNDNUT,groundnut,32,8,19,26
2015,15,SHIVAMOGGA,3,SHIKARIPURA,CASTORSEED,castor,0,0,0,0
2015,15,SHIVAMOGGA,3,SHIKARIPURA,SESAMUM (TIL),sesame,0,0,0,0
2015,15,SHIVAMOGGA,3,SHIKARIPURA,RAPESEED & MUSTARD (TORIA/TARAMIRA),mustard,0,0,0,0
2015,15,SHIVAMOGGA,3,SHIKARIPURA,LINSEED,linseed,0,0,0,0
2015,15,SHIVAMOGGA,3,SHIKARIPURA,COCONUT,coconut,105,65,0,65
2015,15,SHIVAMOGGA,3,SHIKARIPURA,SUNFLOWER,sunflower,429,248,42,290
2015,15,SHIVAMOGGA,3,SHIKARIPURA,SOYABEAN,soybean,0,0,0,0
2015,15,SHIVAMOGGA,3,SHIKARIPURA,NIGERSEED,niger seed,0,0,0,0
2015,15,SHIVAMOGGA,3,SHIKARIPURA,COTTON,cotton,606,29,711,740
2015,15,SHIVAMOGGA,3,SHIKARIPURA,JUTE,jute,6,0,5,5
2015,15,SHIVAMOGGA,3,SHIKARIPURA,MESTA,mesta,0,0,0,0
2015,15,SHIVAMOGGA,3,SHIKARIPURA,TOBACCO,tobacco,0,0,0,0
2015,15,SHIVAMOGGA,3,SHIKARIPURA,GUAR,guar,8,10,2,12
2015,15,SHIVAMOGGA,3,SHIKARIPURA,COFFEE,coffee,0,0,0,0
2015,15,SHIVAMOGGA,3,SHIKARIPURA,GROSS CROPPED AREA,,41301,27517,20646,48164
2015,15,SHIVAMOGGA,6,SHIMOGA,PADDY,rice,14729,11486,787,12273
2015,15,SHIVAMOGGA,6,SHIMOGA,JOWAR,jowar,60,4,29,33
2015,15,SHIVAMOGGA,6,SHIMOGA,BAJRA,bajra,25,23,3,26
2015,15,SHIVAMOGGA,6,SHIMOGA,MAIZE,maize,11024,658,10658,11316
2015,15,SHIVAMOGGA,6,SHIMOGA,RAGI,ragi,540,55,237,292
2015,15,SHIVAMOGGA,6,SHIMOGA,WHEAT,wheat,66,8,21,29
2015,15,SHIVAMOGGA,6,SHIMOGA,BARLEY,barley,4,0,1,1
2015,15,SHIVAMOGGA,6,SHIMOGA,GRAM,chickpea,5,0,2,2
2015,15,SHIVAMOGGA,6,SHIMOGA,TUR (ARHAR),pigeonpea (tur),38,1,4,5
2015,15,SHIVAMOGGA,6,SHIMOGA,URAD,black gram,4,0,0,0
2015,15,SHIVAMOGGA,6,SHIMOGA,MOONG,green gram,0,0,0,0
2015,15,SHIVAMOGGA,6,SHIMOGA,MASUR,lentil,4,3,0,3
2015,15,SHIVAMOGGA,6,SHIMOGA,HORSEGRAM,horse gram,12,0,3,3
2015,15,SHIVAMOGGA,6,SHIMOGA,MOTH,moth bean,0,0,0,0
2015,15,SHIVAMOGGA,6,SHIMOGA,SUGARCANE,sugarcane,108,57,0,57
2015,15,SHIVAMOGGA,6,SHIMOGA,PEPPER (BLACK),black pepper,92,26,3,29
2015,15,SHIVAMOGGA,6,SHIMOGA,CHILLIES,chilli,4,1,0,1
2015,15,SHIVAMOGGA,6,SHIMOGA,GINGER,ginger,1229,561,57,618
2015,15,SHIVAMOGGA,6,SHIMOGA,TURMERIC,turmeric,23,11,23,34
2015,15,SHIVAMOGGA,6,SHIMOGA,CARDAMOM (SMALL),cardamom,9,19,0,19
2015,15,SHIVAMOGGA,6,SHIMOGA,CARDAMOM (LARGE),cardamom,33,38,0,38
2015,15,SHIVAMOGGA,6,SHIMOGA,BETELNUTS (ARECANUTS),arecanut,12648,12491,263,12754
2015,15,SHIVAMOGGA,6,SHIMOGA,MANGOES,mango,467,103,295,398
2015,15,SHIVAMOGGA,6,SHIMOGA,BANANA,banana,1116,573,1,574
2015,15,SHIVAMOGGA,6,SHIMOGA,TABLE GRAPES,grapes,0,0,0,0
2015,15,SHIVAMOGGA,6,SHIMOGA,WINE GRAPES (BLACK),grapes,0,0,0,0
2015,15,SHIVAMOGGA,6,SHIMOGA,CASHEWNUTS,cashewnut,5,2,1,3
2015,15,SHIVAMOGGA,6,SHIMOGA,POMEGRANATE,pomegranate,0,0,0,0
2015,15,SHIVAMOGGA,6,SHIMOGA,POTATO,potato,0,0,0,0
2015,15,SHIVAMOGGA,6,SHIMOGA,TAPIOCA (CASSAVA),tapioca,0,0,0,0
2015,15,SHIVAMOGGA,6,SHIMOGA,SWEET POTATO,sweet potato,0,0,0,0
2015,15,SHIVAMOGGA,6,SHIMOGA,ONION,onion,0,0,0,0
2015,15,SHIVAMOGGA,6,SHIMOGA,TOMATO,tomato,11,4,0,4
2015,15,SHIVAMOGGA,6,SHIMOGA,GROUNDNUT,groundnut,120,26,50,76
2015,15,SHIVAMOGGA,6,SHIMOGA,CASTORSEED,castor,4,0,14,14
2015,15,SHIVAMOGGA,6,SHIMOGA,SESAMUM (TIL),sesame,4,0,1,1
2015,15,SHIVAMOGGA,6,SHIMOGA,RAPESEED & MUSTARD (TORIA/TARAMIRA),mustard,5,0,2,2
2015,15,SHIVAMOGGA,6,SHIMOGA,LINSEED,linseed,0,0,0,0
2015,15,SHIVAMOGGA,6,SHIMOGA,COCONUT,coconut,1350,799,169,968
2015,15,SHIVAMOGGA,6,SHIMOGA,SUNFLOWER,sunflower,0,0,0,0
2015,15,SHIVAMOGGA,6,SHIMOGA,SOYABEAN,soybean,0,0,0,0
2015,15,SHIVAMOGGA,6,SHIMOGA,NIGERSEED,niger seed,13,6,0,6
2015,15,SHIVAMOGGA,6,SHIMOGA,COTTON,cotton,139,6,63,69
2015,15,SHIVAMOGGA,6,SHIMOGA,JUTE,jute,0,0,0,0
2015,15,SHIVAMOGGA,6,SHIMOGA,MESTA,mesta,0,0,0,0
2015,15,SHIVAMOGGA,6,SHIMOGA,TOBACCO,tobacco,0,0,0,0
2015,15,SHIVAMOGGA,6,SHIMOGA,GUAR,guar,0,0,0,0
2015,15,SHIVAMOGGA,6,SHIMOGA,COFFEE,coffee,0,0,0,0
2015,15,SHIVAMOGGA,6,SHIMOGA,GROSS CROPPED AREA,,36498,27208,12976,40184
2015,15,SHIVAMOGGA,2,SORABA,PADDY,rice,30758,19057,13218,32276
2015,15,SHIVAMOGGA,2,SORABA,JOWAR,jowar,272,42,219,261
2015,15,SHIVAMOGGA,2,SORABA,BAJRA,bajra,0,0,0,0
2015,15,SHIVAMOGGA,2,SORABA,MAIZE,maize,8135,616,8138,8754
2015,15,SHIVAMOGGA,2,SORABA,RAGI,ragi,21,0,39,39
2015,15,SHIVAMOGGA,2,SORABA,WHEAT,wheat,5,3,0,3
2015,15,SHIVAMOGGA,2,SORABA,BARLEY,barley,15,9,6,15
2015,15,SHIVAMOGGA,2,SORABA,GRAM,chickpea,5,0,22,22
2015,15,SHIVAMOGGA,2,SORABA,TUR (ARHAR),pigeonpea (tur),0,0,0,0
2015,15,SHIVAMOGGA,2,SORABA,URAD,black gram,0,0,0,0
2015,15,SHIVAMOGGA,2,SORABA,MOONG,green gram,0,0,0,0
2015,15,SHIVAMOGGA,2,SORABA,MASUR,lentil,0,0,0,0
2015,15,SHIVAMOGGA,2,SORABA,HORSEGRAM,horse gram,5,0,2,2
2015,15,SHIVAMOGGA,2,SORABA,MOTH,moth bean,0,0,0,0
2015,15,SHIVAMOGGA,2,SORABA,SUGARCANE,sugarcane,185,25,0,25
2015,15,SHIVAMOGGA,2,SORABA,PEPPER (BLACK),black pepper,72,6,2,7
2015,15,SHIVAMOGGA,2,SORABA,CHILLIES,chilli,34,42,0,42
2015,15,SHIVAMOGGA,2,SORABA,GINGER,ginger,639,246,171,418
2015,15,SHIVAMOGGA,2,SORABA,TURMERIC,turmeric,15,11,0,11
2015,15,SHIVAMOGGA,2,SORABA,CARDAMOM (SMALL),cardamom,10,12,0,12
2015,15,SHIVAMOGGA,2,SORABA,CARDAMOM (LARGE),cardamom,28,49,0,49
2015,15,SHIVAMOGGA,2,SORABA,BETELNUTS (ARECANUTS),arecanut,7451,6106,274,6380
2015,15,SHIVAMOGGA,2,SORABA,MANGOES,mango,885,54,1007,1061
2015,15,SHIVAMOGGA,2,SORABA,BANANA,banana,1471,853,33,885
2015,15,SHIVAMOGGA,2,SORABA,TABLE GRAPES,grapes,5,0,3,3
2015,15,SHIVAMOGGA,2,SORABA,WINE GRAPES (BLACK),grapes,0,0,0,0
2015,15,SHIVAMOGGA,2,SORABA,CASHEWNUTS,cashewnut,78,25,47,71
2015,15,SHIVAMOGGA,2,SORABA,POMEGRANATE,pomegranate,0,0,0,0
2015,15,SHIVAMOGGA,2,SORABA,POTATO,potato,0,0,0,0
2015,15,SHIVAMOGGA,2,SORABA,TAPIOCA (CASSAVA),tapioca,0,0,0,0
2015,15,SHIVAMOGGA,2,SORABA,SWEET POTATO,sweet potato,0,0,0,0
2015,15,SHIVAMOGGA,2,SORABA,ONION,onion,0,0,0,0
2015,15,SHIVAMOGGA,2,SORABA,TOMATO,tomato,0,0,0,0
2015,15,SHIVAMOGGA,2,SORABA,GROUNDNUT,groundnut,16,6,0,6
2015,15,SHIVAMOGGA,2,SORABA,CASTORSEED,castor,0,0,0,0
2015,15,SHIVAMOGGA,2,SORABA,SESAMUM (TIL),sesame,0,0,0,0
2015,15,SHIVAMOGGA,2,SORABA,RAPESEED & MUSTARD (TORIA/TARAMIRA),mustard,0,0,0,0
2015,15,SHIVAMOGGA,2,SORABA,LINSEED,linseed,10,0,4,4
2015,15,SHIVAMOGGA,2,SORABA,COCONUT,coconut,184,58,121,178
2015,15,SHIVAMOGGA,2,SORABA,SUNFLOWER,sunflower,0,0,0,0
2015,15,SHIVAMOGGA,2,SORABA,SOYABEAN,soybean,0,0,0,0
2015,15,SHIVAMOGGA,2,SORABA,NIGERSEED,niger seed,0,0,0,0
2015,15,SHIVAMOGGA,2,SORABA,COTTON,cotton,111,48,62,110
2015,15,SHIVAMOGGA,2,SORABA,JUTE,jute,0,0,0,0
2015,15,SHIVAMOGGA,2,SORABA,MESTA,mesta,0,0,0,0
2015,15,SHIVAMOGGA,2,SORABA,TOBACCO,tobacco,0,0,0,0
2015,15,SHIVAMOGGA,2,SORABA,GUAR,guar,5,1,0,1
2015,15,SHIVAMOGGA,2,SORABA,COFFEE,coffee,4,4,0,4
2015,15,SHIVAMOGGA,2,SORABA,GROSS CROPPED AREA,,39571,28024,24869,52893
2015,15,SHIVAMOGGA,5,THIRTHAHALLI,PADDY,rice,18435,1529,12964,14494
2015,15,SHIVAMOGGA,5,THIRTHAHALLI,JOWAR,jowar,8,5,9,14
2015,15,SHIVAMOGGA,5,THIRTHAHALLI,BAJRA,bajra,0,0,0,0
2015,15,SHIVAMOGGA,5,THIRTHAHALLI,MAIZE,maize,39,0,50,50
2015,15,SHIVAMOGGA,5,THIRTHAHALLI,RAGI,ragi,0,0,0,0
2015,15,SHIVAMOGGA,5,THIRTHAHALLI,WHEAT,wheat,0,0,0,0
2015,15,SHIVAMOGGA,5,THIRTHAHALLI,BARLEY,barley,8,0,8,8
2015,15,SHIVAMOGGA,5,THIRTHAHALLI,GRAM,chickpea,17,2,2,4
2015,15,SHIVAMOGGA,5,THIRTHAHALLI,TUR (ARHAR),pigeonpea (tur),0,0,0,0
2015,15,SHIVAMOGGA,5,THIRTHAHALLI,URAD,black gram,0,0,0,0
2015,15,SHIVAMOGGA,5,THIRTHAHALLI,MOONG,green gram,4,0,0,0
2015,15,SHIVAMOGGA,5,THIRTHAHALLI,MASUR,lentil,0,0,0,0
2015,15,SHIVAMOGGA,5,THIRTHAHALLI,HORSEGRAM,horse gram,0,0,0,0
2015,15,SHIVAMOGGA,5,THIRTHAHALLI,MOTH,moth bean,0,0,0,0
2015,15,SHIVAMOGGA,5,THIRTHAHALLI,SUGARCANE,sugarcane,12,4,0,4
2015,15,SHIVAMOGGA,5,THIRTHAHALLI,PEPPER (BLACK),black pepper,2704,733,50,783
2015,15,SHIVAMOGGA,5,THIRTHAHALLI,CHILLIES,chilli,449,121,9,130
2015,15,SHIVAMOGGA,5,THIRTHAHALLI,GINGER,ginger,140,35,114,148
2015,15,SHIVAMOGGA,5,THIRTHAHALLI,TURMERIC,turmeric,0,0,0,0
2015,15,SHIVAMOGGA,5,THIRTHAHALLI,CARDAMOM (SMALL),cardamom,292,65,18,83
2015,15,SHIVAMOGGA,5,THIRTHAHALLI,CARDAMOM (LARGE),cardamom,17,3,0,3
2015,15,SHIVAMOGGA,5,THIRTHAHALLI,BETELNUTS (ARECANUTS),arecanut,15254,9057,1048,10105
2015,15,SHIVAMOGGA,5,THIRTHAHALLI,MANGOES,mango,34,4,47,51
2015,15,SHIVAMOGGA,5,THIRTHAHALLI,BANANA,banana,880,227,26,252
2015,15,SHIVAMOGGA,5,THIRTHAHALLI,TABLE GRAPES,grapes,17,10,0,10
2015,15,SHIVAMOGGA,5,THIRTHAHALLI,WINE GRAPES (BLACK),grapes,0,0,0,0
2015,15,SHIVAMOGGA,5,THIRTHAHALLI,CASHEWNUTS,cashewnut,87,6,74,80
2015,15,SHIVAMOGGA,5,THIRTHAHALLI,POMEGRANATE,pomegranate,4,16,0,16
2015,15,SHIVAMOGGA,5,THIRTHAHALLI,POTATO,potato,0,0,0,0
2015,15,SHIVAMOGGA,5,THIRTHAHALLI,TAPIOCA (CASSAVA),tapioca,0,0,0,0
2015,15,SHIVAMOGGA,5,THIRTHAHALLI,SWEET POTATO,sweet potato,0,0,0,0
2015,15,SHIVAMOGGA,5,THIRTHAHALLI,ONION,onion,0,0,0,0
2015,15,SHIVAMOGGA,5,THIRTHAHALLI,TOMATO,tomato,0,0,0,0
2015,15,SHIVAMOGGA,5,THIRTHAHALLI,GROUNDNUT,groundnut,0,0,0,0
2015,15,SHIVAMOGGA,5,THIRTHAHALLI,CASTORSEED,castor,0,0,0,0
2015,15,SHIVAMOGGA,5,THIRTHAHALLI,SESAMUM (TIL),sesame,0,0,0,0
2015,15,SHIVAMOGGA,5,THIRTHAHALLI,RAPESEED & MUSTARD (TORIA/TARAMIRA),mustard,0,0,0,0
2015,15,SHIVAMOGGA,5,THIRTHAHALLI,LINSEED,linseed,5,0,6,6
2015,15,SHIVAMOGGA,5,THIRTHAHALLI,COCONUT,coconut,256,47,129,176
2015,15,SHIVAMOGGA,5,THIRTHAHALLI,SUNFLOWER,sunflower,0,0,0,0
2015,15,SHIVAMOGGA,5,THIRTHAHALLI,SOYABEAN,soybean,5,0,2,2
2015,15,SHIVAMOGGA,5,THIRTHAHALLI,NIGERSEED,niger seed,9,1,6,7
2015,15,SHIVAMOGGA,5,THIRTHAHALLI,COTTON,cotton,0,0,0,0
2015,15,SHIVAMOGGA,5,THIRTHAHALLI,JUTE,jute,0,0,0,0
2015,15,SHIVAMOGGA,5,THIRTHAHALLI,MESTA,mesta,0,0,0,0
2015,15,SHIVAMOGGA,5,THIRTHAHALLI,TOBACCO,tobacco,0,0,0,0
2015,15,SHIVAMOGGA,5,THIRTHAHALLI,GUAR,guar,0,0,0,0
2015,15,SHIVAMOGGA,5,THIRTHAHALLI,COFFEE,coffee,308,138,57,195
2015,15,SHIVAMOGGA,5,THIRTHAHALLI,GROSS CROPPED AREA,,25134,12087,15409,27496
2015,18,TUMAKURU,1,CHIKKANAYAKANAHALLI,PADDY,rice,4036,3367,150,3516
2015,18,TUMAKURU,1,CHIKKANAYAKANAHALLI,JOWAR,jowar,2730,19,1074,1094
2015,18,TUMAKURU,1,CHIKKANAYAKANAHALLI,BAJRA,bajra,352,0,212,212
2015,18,TUMAKURU,1,CHIKKANAYAKANAHALLI,MAIZE,maize,881,52,452,504
2015,18,TUMAKURU,1,CHIKKANAYAKANAHALLI,RAGI,ragi,20747,357,14987,15344
2015,18,TUMAKURU,1,CHIKKANAYAKANAHALLI,WHEAT,wheat,451,126,211,337
2015,18,TUMAKURU,1,CHIKKANAYAKANAHALLI,BARLEY,barley,90,33,8,41
2015,18,TUMAKURU,1,CHIKKANAYAKANAHALLI,GRAM,chickpea,27,0,11,11
2015,18,TUMAKURU,1,CHIKKANAYAKANAHALLI,TUR (ARHAR),pigeonpea (tur),4011,36,1752,1788
2015,18,TUMAKURU,1,CHIKKANAYAKANAHALLI,URAD,black gram,933,0,217,217
2015,18,TUMAKURU,1,CHIKKANAYAKANAHALLI,MOONG,green gram,7148,63,3842,3905
2015,18,TUMAKURU,1,CHIKKANAYAKANAHALLI,MASUR,lentil,60,0,30,30
2015,18,TUMAKURU,1,CHIKKANAYAKANAHALLI,HORSEGRAM,horse gram,6923,85,3451,3536
2015,18,TUMAKURU,1,CHIKKANAYAKANAHALLI,MOTH,moth bean,30,0,12,12
2015,18,TUMAKURU,1,CHIKKANAYAKANAHALLI,SUGARCANE,sugarcane,46,45,0,45
2015,18,TUMAKURU,1,CHIKKANAYAKANAHALLI,PEPPER (BLACK),black pepper,34,30,0,31
2015,18,TUMAKURU,1,CHIKKANAYAKANAHALLI,CHILLIES,chilli,109,59,0,59
2015,18,TUMAKURU,1,CHIKKANAYAKANAHALLI,GINGER,ginger,10,6,0,6
2015,18,TUMAKURU,1,CHIKKANAYAKANAHALLI,TURMERIC,turmeric,31,21,2,23
2015,18,TUMAKURU,1,CHIKKANAYAKANAHALLI,CARDAMOM (SMALL),cardamom,0,0,0,0
2015,18,TUMAKURU,1,CHIKKANAYAKANAHALLI,CARDAMOM (LARGE),cardamom,24,19,0,19
2015,18,TUMAKURU,1,CHIKKANAYAKANAHALLI,BETELNUTS (ARECANUTS),arecanut,5551,4277,111,4388
2015,18,TUMAKURU,1,CHIKKANAYAKANAHALLI,MANGOES,mango,1336,81,1719,1801
2015,18,TUMAKURU,1,CHIKKANAYAKANAHALLI,BANANA,banana,1212,1094,36,1130
2015,18,TUMAKURU,1,CHIKKANAYAKANAHALLI,TABLE GRAPES,grapes,56,10,40,50
2015,18,TUMAKURU,1,CHIKKANAYAKANAHALLI,WINE GRAPES (BLACK),grapes,0,0,0,0
2015,18,TUMAKURU,1,CHIKKANAYAKANAHALLI,CASHEWNUTS,cashewnut,18,0,26,26
2015,18,TUMAKURU,1,CHIKKANAYAKANAHALLI,POMEGRANATE,pomegranate,217,165,22,188
2015,18,TUMAKURU,1,CHIKKANAYAKANAHALLI,POTATO,potato,15,0,30,30
2015,18,TUMAKURU,1,CHIKKANAYAKANAHALLI,TAPIOCA (CASSAVA),tapioca,0,0,0,0
2015,18,TUMAKURU,1,CHIKKANAYAKANAHALLI,SWEET POTATO,sweet potato,0,0,0,0
2015,18,TUMAKURU,1,CHIKKANAYAKANAHALLI,ONION,onion,417,268,14,282
2015,18,TUMAKURU,1,CHIKKANAYAKANAHALLI,TOMATO,tomato,879,512,14,526
2015,18,TUMAKURU,1,CHIKKANAYAKANAHALLI,GROUNDNUT,groundnut,73,40,24,63
2015,18,TUMAKURU,1,CHIKKANAYAKANAHALLI,CASTORSEED,castor,90,7,9,17
2015,18,TUMAKURU,1,CHIKKANAYAKANAHALLI,SESAMUM (TIL),sesame,293,45,55,100
2015,18,TUMAKURU,1,CHIKKANAYAKANAHALLI,RAPESEED & MUSTARD (TORIA/TARAMIRA),mustard,22,0,5,5
2015,18,TUMAKURU,1,CHIKKANAYAKANAHALLI,LINSEED,linseed,45,16,4,21
2015,18,TUMAKURU,1,CHIKKANAYAKANAHALLI,COCONUT,coconut,17825,11699,4405,16105
2015,18,TUMAKURU,1,CHIKKANAYAKANAHALLI,SUNFLOWER,sunflower,212,169,13,182
2015,18,TUMAKURU,1,CHIKKANAYAKANAHALLI,SOYABEAN,soybean,0,0,0,0
2015,18,TUMAKURU,1,CHIKKANAYAKANAHALLI,NIGERSEED,niger seed,60,24,17,41
2015,18,TUMAKURU,1,CHIKKANAYAKANAHALLI,COTTON,cotton,0,0,0,0
2015,18,TUMAKURU,1,CHIKKANAYAKANAHALLI,JUTE,jute,0,0,0,0
2015,18,TUMAKURU,1,CHIKKANAYAKANAHALLI,MESTA,mesta,0,0,0,0
2015,18,TUMAKURU,1,CHIKKANAYAKANAHALLI,TOBACCO,tobacco,0,0,0,0
2015,18,TUMAKURU,1,CHIKKANAYAKANAHALLI,GUAR,guar,0,0,0,0
2015,18,TUMAKURU,1,CHIKKANAYAKANAHALLI,COFFEE,coffee,0,0,0,0
2015,18,TUMAKURU,1,CHIKKANAYAKANAHALLI,GROSS CROPPED AREA,,46338,23736,35499,59234
2015,18,TUMAKURU,7,GUBBI,PADDY,rice,3179,2100,53,2153
2015,18,TUMAKURU,7,GUBBI,JOWAR,jowar,2800,37,481,519
2015,18,TUMAKURU,7,GUBBI,BAJRA,bajra,18,0,5,5
2015,18,TUMAKURU,7,GUBBI,MAIZE,maize,2033,42,820,862
2015,18,TUMAKURU,7,GUBBI,RAGI,ragi,22934,854,13299,14153
2015,18,TUMAKURU,7,GUBBI,WHEAT,wheat,464,327,103,430
2015,18,TUMAKURU,7,GUBBI,BARLEY,barley,35,26,1,27
2015,18,TUMAKURU,7,GUBBI,GRAM,chickpea,710,7,271,278
2015,18,TUMAKURU,7,GUBBI,TUR (ARHAR),pigeonpea (tur),3301,207,1030,1236
2015,18,TUMAKURU,7,GUBBI,URAD,black gram,6,0,0,0
2015,18,TUMAKURU,7,GUBBI,MOONG,green gram,922,15,364,379
2015,18,TUMAKURU,7,GUBBI,MASUR,lentil,16,2,4,5
2015,18,TUMAKURU,7,GUBBI,HORSEGRAM,horse gram,6140,55,2894,2949
2015,18,TUMAKURU,7,GUBBI,MOTH,moth bean,12,0,5,5
2015,18,TUMAKURU,7,GUBBI,SUGARCANE,sugarcane,160,137,0,137
2015,18,TUMAKURU,7,GUBBI,PEPPER (BLACK),black pepper,40,14,13,27
2015,18,TUMAKURU,7,GUBBI,CHILLIES,chilli,25,7,0,8
2015,18,TUMAKURU,7,GUBBI,GINGER,ginger,0,0,0,0
2015,18,TUMAKURU,7,GUBBI,TURMERIC,turmeric,30,21,0,21
2015,18,TUMAKURU,7,GUBBI,CARDAMOM (SMALL),cardamom,0,0,0,0
2015,18,TUMAKURU,7,GUBBI,CARDAMOM (LARGE),cardamom,17,8,0,8
2015,18,TUMAKURU,7,GUBBI,BETELNUTS (ARECANUTS),arecanut,13099,7974,143,8117
2015,18,TUMAKURU,7,GUBBI,MANGOES,mango,4330,474,3551,4025
2015,18,TUMAKURU,7,GUBBI,BANANA,banana,3286,1149,11,1160
2015,18,TUMAKURU,7,GUBBI,TABLE GRAPES,grapes,12,9,0,9
2015,18,TUMAKURU,7,GUBBI,WINE GRAPES (BLACK),grapes,0,0,0,0
2015,18,TUMAKURU,7,GUBBI,CASHEWNUTS,cashewnut,0,0,0,0
2015,18,TUMAKURU,7,GUBBI,POMEGRANATE,pomegranate,310,213,0,213
2015,18,TUMAKURU,7,GUBBI,POTATO,potato,6,2,0,2
2015,18,TUMAKURU,7,GUBBI,TAPIOCA (CASSAVA),tapioca,0,0,0,0
2015,18,TUMAKURU,7,GUBBI,SWEET POTATO,sweet potato,0,0,0,0
2015,18,TUMAKURU,7,GUBBI,ONION,onion,18,8,0,8
2015,18,TUMAKURU,7,GUBBI,TOMATO,tomato,103,46,0,46
2015,18,TUMAKURU,7,GUBBI,GROUNDNUT,groundnut,253,85,155,240
2015,18,TUMAKURU,7,GUBBI,CASTORSEED,castor,6,0,9,9
2015,18,TUMAKURU,7,GUBBI,SESAMUM (TIL),sesame,27,27,0,27
2015,18,TUMAKURU,7,GUBBI,RAPESEED & MUSTARD (TORIA/TARAMIRA),mustard,12,0,0,0
2015,18,TUMAKURU,7,GUBBI,LINSEED,linseed,18,12,4,16
2015,18,TUMAKURU,7,GUBBI,COCONUT,coconut,18937,13113,3068,16180
2015,18,TUMAKURU,7,GUBBI,SUNFLOWER,sunflower,238,199,0,199
2015,18,TUMAKURU,7,GUBBI,SOYABEAN,soybean,0,0,0,0
2015,18,TUMAKURU,7,GUBBI,NIGERSEED,niger seed,59,0,1,1
2015,18,TUMAKURU,7,GUBBI,COTTON,cotton,64,70,0,70
2015,18,TUMAKURU,7,GUBBI,JUTE,jute,0,0,0,0
2015,18,TUMAKURU,7,GUBBI,MESTA,mesta,5,6,0,6
2015,18,TUMAKURU,7,GUBBI,TOBACCO,tobacco,0,0,0,0
2015,18,TUMAKURU,7,GUBBI,GUAR,guar,0,0,0,0
2015,18,TUMAKURU,7,GUBBI,COFFEE,coffee,0,0,0,0
2015,18,TUMAKURU,7,GUBBI,GROSS CROPPED AREA,,61367,30203,28195,58399
2015,18,TUMAKURU,5,KORATAGERE,PADDY,rice,932,643,105,748
2015,18,TUMAKURU,5,KORATAGERE,JOWAR,jowar,2689,65,1954,2019
2015,18,TUMAKURU,5,KORATAGERE,BAJRA,bajra,54,0,33,33
2015,18,TUMAKURU,5,KORATAGERE,MAIZE,maize,10805,735,10913,11648
2015,18,TUMAKURU,5,KORATAGERE,RAGI,ragi,9173,379,5941,6321
2015,18,TUMAKURU,5,KORATAGERE,WHEAT,wheat,70,35,13,48
2015,18,TUMAKURU,5,KORATAGERE,BARLEY,barley,5,1,0,1
2015,18,TUMAKURU,5,KORATAGERE,GRAM,chickpea,168,0,65,65
2015,18,TUMAKURU,5,KORATAGERE,TUR (ARHAR),pigeonpea (tur),2933,0,698,698
2015,18,TUMAKURU,5,KORATAGERE,URAD,black gram,23,0,19,19
2015,18,TUMAKURU,5,KORATAGERE,MOONG,green gram,28,0,8,8
2015,18,TUMAKURU,5,KORATAGERE,MASUR,lentil,0,0,0,0
2015,18,TUMAKURU,5,KORATAGERE,HORSEGRAM,horse gram,2259,13,1501,1514
2015,18,TUMAKURU,5,KORATAGERE,MOTH,moth bean,0,0,0,0
2015,18,TUMAKURU,5,KORATAGERE,SUGARCANE,sugarcane,129,135,0,135
2015,18,TUMAKURU,5,KORATAGERE,PEPPER (BLACK),black pepper,38,3,7,9
2015,18,TUMAKURU,5,KORATAGERE,CHILLIES,chilli,15,4,3,6
2015,18,TUMAKURU,5,KORATAGERE,GINGER,ginger,0,0,0,0
2015,18,TUMAKURU,5,KORATAGERE,TURMERIC,turmeric,5,0,2,2
2015,18,TUMAKURU,5,KORATAGERE,CARDAMOM (SMALL),cardamom,18,4,5,9
2015,18,TUMAKURU,5,KORATAGERE,CARDAMOM (LARGE),cardamom,0,0,0,0
2015,18,TUMAKURU,5,KORATAGERE,BETELNUTS (ARECANUTS),arecanut,3020,2486,98,2583
2015,18,TUMAKURU,5,KORATAGERE,MANGOES,mango,1062,604,428,1032
2015,18,TUMAKURU,5,KORATAGERE,BANANA,banana,648,252,2,255
2015,18,TUMAKURU,5,KORATAGERE,TABLE GRAPES,grapes,22,14,0,14
2015,18,TUMAKURU,5,KORATAGERE,WINE GRAPES (BLACK),grapes,10,2,0,2
2015,18,TUMAKURU,5,KORATAGERE,CASHEWNUTS,cashewnut,0,0,0,0
2015,18,TUMAKURU,5,KORATAGERE,POMEGRANATE,pomegranate,88,44,0,44
2015,18,TUMAKURU,5,KORATAGERE,POTATO,potato,5,8,0,8
2015,18,TUMAKURU,5,KORATAGERE,TAPIOCA (CASSAVA),tapioca,22,1,7,9
2015,18,TUMAKURU,5,KORATAGERE,SWEET POTATO,sweet potato,18,4,0,4
2015,18,TUMAKURU,5,KORATAGERE,ONION,onion,0,0,0,0
2015,18,TUMAKURU,5,KORATAGERE,TOMATO,tomato,115,29,3,32
2015,18,TUMAKURU,5,KORATAGERE,GROUNDNUT,groundnut,4204,87,2781,2869
2015,18,TUMAKURU,5,KORATAGERE,CASTORSEED,castor,217,0,24,24
2015,18,TUMAKURU,5,KORATAGERE,SESAMUM (TIL),sesame,15,10,2,12
2015,18,TUMAKURU,5,KORATAGERE,RAPESEED & MUSTARD (TORIA/TARAMIRA),mustard,26,2,26,28
2015,18,TUMAKURU,5,KORATAGERE,LINSEED,linseed,15,5,5,10
2015,18,TUMAKURU,5,KORATAGERE,COCONUT,coconut,2204,1656,102,1758
2015,18,TUMAKURU,5,KORATAGERE,SUNFLOWER,sunflower,23,1,5,6
2015,18,TUMAKURU,5,KORATAGERE,SOYABEAN,soybean,0,0,0,0
2015,18,TUMAKURU,5,KORATAGERE,NIGERSEED,niger seed,0,0,0,0
2015,18,TUMAKURU,5,KORATAGERE,COTTON,cotton,26,12,26,38
2015,18,TUMAKURU,5,KORATAGERE,JUTE,jute,0,0,0,0
2015,18,TUMAKURU,5,KORATAGERE,MESTA,mesta,0,0,0,0
2015,18,TUMAKURU,5,KORATAGERE,TOBACCO,tobacco,0,0,0,0
2015,18,TUMAKURU,5,KORATAGERE,GUAR,guar,0,0,0,0
2015,18,TUMAKURU,5,KORATAGERE,COFFEE,coffee,0,0,0,0
2015,18,TUMAKURU,5,KORATAGERE,GROSS CROPPED AREA,,33366,8358,25935,34293
2015,18,TUMAKURU,10,KUNIGAL,PADDY,rice,6305,3235,125,3360
2015,18,TUMAKURU,10,KUNIGAL,JOWAR,jowar,4323,6,798,803
2015,18,TUMAKURU,10,KUNIGAL,BAJRA,bajra,44,38,8,46
2015,18,TUMAKURU,10,KUNIGAL,MAIZE,maize,989,35,523,557
2015,18,TUMAKURU,10,KUNIGAL,RAGI,ragi,31266,1059,19414,20473
2015,18,TUMAKURU,10,KUNIGAL,WHEAT,wheat,242,95,86,180
2015,18,TUMAKURU,10,KUNIGAL,BARLEY,barley,4,1,0,1
2015,18,TUMAKURU,10,KUNIGAL,GRAM,chickpea,34,1,12,13
2015,18,TUMAKURU,10,KUNIGAL,TUR (ARHAR),pigeonpea (tur),6020,12,648,660
2015,18,TUMAKURU,10,KUNIGAL,URAD,black gram,1028,0,45,45
2015,18,TUMAKURU,10,KUNIGAL,MOONG,green gram,292,2,115,117
2015,18,TUMAKURU,10,KUNIGAL,MASUR,lentil,56,0,7,7
2015,18,TUMAKURU,10,KUNIGAL,HORSEGRAM,horse gram,10948,40,3444,3484
2015,18,TUMAKURU,10,KUNIGAL,MOTH,moth bean,15,0,6,6
2015,18,TUMAKURU,10,KUNIGAL,SUGARCANE,sugarcane,3557,3276,0,3276
2015,18,TUMAKURU,10,KUNIGAL,PEPPER (BLACK),black pepper,20,13,0,13
2015,18,TUMAKURU,10,KUNIGAL,CHILLIES,chilli,4,5,0,5
2015,18,TUMAKURU,10,KUNIGAL,GINGER,ginger,5,0,0,0
2015,18,TUMAKURU,10,KUNIGAL,TURMERIC,turmeric,5,6,0,6
2015,18,TUMAKURU,10,KUNIGAL,CARDAMOM (SMALL),cardamom,4,3,0,3
2015,18,TUMAKURU,10,KUNIGAL,CARDAMOM (LARGE),cardamom,8,3,0,3
2015,18,TUMAKURU,10,KUNIGAL,BETELNUTS (ARECANUTS),arecanut,4999,4181,25,4206
2015,18,TUMAKURU,10,KUNIGAL,MANGOES,mango,756,247,304,551
2015,18,TUMAKURU,10,KUNIGAL,BANANA,banana,1132,529,24,553
2015,18,TUMAKURU,10,KUNIGAL,TABLE GRAPES,grapes,10,1,4,6
2015,18,TUMAKURU,10,KUNIGAL,WINE GRAPES (BLACK),grapes,10,9,0,9
2015,18,TUMAKURU,10,KUNIGAL,CASHEWNUTS,cashewnut,0,0,0,0
2015,18,TUMAKURU,10,KUNIGAL,POMEGRANATE,pomegranate,655,548,0,548
2015,18,TUMAKURU,10,KUNIGAL,POTATO,potato,9,2,0,2
2015,18,TUMAKURU,10,KUNIGAL,TAPIOCA (CASSAVA),tapioca,23,1,1,3
2015,18,TUMAKURU,10,KUNIGAL,SWEET POTATO,sweet potato,15,2,0,2
2015,18,TUMAKURU,10,KUNIGAL,ONION,onion,171,94,5,99
2015,18,TUMAKURU,10,KUNIGAL,TOMATO,tomato,165,61,2,63
2015,18,TUMAKURU,10,KUNIGAL,GROUNDNUT,groundnut,293,32,138,171
2015,18,TUMAKURU,10,KUNIGAL,CASTORSEED,castor,2012,4,260,264
2015,18,TUMAKURU,10,KUNIGAL,SESAMUM (TIL),sesame,15,4,4,8
2015,18,TUMAKURU,10,KUNIGAL,RAPESEED & MUSTARD (TORIA/TARAMIRA),mustard,354,0,30,30
2015,18,TUMAKURU,10,KUNIGAL,LINSEED,linseed,20,6,8,14
2015,18,TUMAKURU,10,KUNIGAL,COCONUT,coconut,8234,5776,1093,6869
2015,18,TUMAKURU,10,KUNIGAL,SUNFLOWER,sunflower,177,189,4,193
2015,18,TUMAKURU,10,KUNIGAL,SOYABEAN,soybean,0,0,0,0
2015,18,TUMAKURU,10,KUNIGAL,NIGERSEED,niger seed,1160,2,52,55
2015,18,TUMAKURU,10,KUNIGAL,COTTON,cotton,100,99,0,99
2015,18,TUMAKURU,10,KUNIGAL,JUTE,jute,0,0,0,0
2015,18,TUMAKURU,10,KUNIGAL,MESTA,mesta,0,0,0,0
2015,18,TUMAKURU,10,KUNIGAL,TOBACCO,tobacco,0,0,0,0
2015,18,TUMAKURU,10,KUNIGAL,GUAR,guar,0,0,0,0
2015,18,TUMAKURU,10,KUNIGAL,COFFEE,coffee,0,0,0,0
2015,18,TUMAKURU,10,KUNIGAL,GROSS CROPPED AREA,,58826,23402,28958,52360
2015,18,TUMAKURU,4,MADHUGIRI,PADDY,rice,1755,624,283,906
2015,18,TUMAKURU,4,MADHUGIRI,JOWAR,jowar,6525,22,1131,1153
2015,18,TUMAKURU,4,MADHUGIRI,BAJRA,bajra,12,0,4,4
2015,18,TUMAKURU,4,MADHUGIRI,MAIZE,maize,12089,1413,10169,11582
2015,18,TUMAKURU,4,MADHUGIRI,RAGI,ragi,8172,559,4958,5517
2015,18,TUMAKURU,4,MADHUGIRI,WHEAT,wheat,118,39,12,50
2015,18,TUMAKURU,4,MADHUGIRI,BARLEY,barley,0,0,0,0
2015,18,TUMAKURU,4,MADHUGIRI,GRAM,chickpea,423,9,245,254
2015,18,TUMAKURU,4,MADHUGIRI,TUR (ARHAR),pigeonpea (tur),11079,49,1263,1312
2015,18,TUMAKURU,4,MADHUGIRI,URAD,black gram,104,0,25,25
2015,18,TUMAKURU,4,MADHUGIRI,MOONG,green gram,476,6,47,53
2015,18,TUMAKURU,4,MADHUGIRI,MASUR,lentil,30,0,4,4
2015,18,TUMAKURU,4,MADHUGIRI,HORSEGRAM,horse gram,7192,19,1955,1974
2015,18,TUMAKURU,4,MADHUGIRI,MOTH,moth bean,90,0,4,4
2015,18,TUMAKURU,4,MADHUGIRI,SUGARCANE,sugarcane,5,6,0,6
2015,18,TUMAKURU,4,MADHUGIRI,PEPPER (BLACK),black pepper,5,2,0,2
2015,18,TUMAKURU,4,MADHUGIRI,CHILLIES,chilli,17,6,4,10
2015,18,TUMAKURU,4,MADHUGIRI,GINGER,ginger,0,0,0,0
2015,18,TUMAKURU,4,MADHUGIRI,TURMERIC,turmeric,5,4,0,4
2015,18,TUMAKURU,4,MADHUGIRI,CARDAMOM (SMALL),cardamom,0,0,0,0
2015,18,TUMAKURU,4,MADHUGIRI,CARDAMOM (LARGE),cardamom,0,0,0,0
2015,18,TUMAKURU,4,MADHUGIRI,BETELNUTS (ARECANUTS),arecanut,1883,997,23,1020
2015,18,TUMAKURU,4,MADHUGIRI,MANGOES,mango,579,918,180,1099
2015,18,TUMAKURU,4,MADHUGIRI,BANANA,banana,230,175,3,178
2015,18,TUMAKURU,4,MADHUGIRI,TABLE GRAPES,grapes,11,68,0,68
2015,18,TUMAKURU,4,MADHUGIRI,WINE GRAPES (BLACK),grapes,6,0,3,3
2015,18,TUMAKURU,4,MADHUGIRI,CASHEWNUTS,cashewnut,0,0,0,0
2015,18,TUMAKURU,4,MADHUGIRI,POMEGRANATE,pomegranate,123,166,0,166
2015,18,TUMAKURU,4,MADHUGIRI,POTATO,potato,0,0,0,0
2015,18,TUMAKURU,4,MADHUGIRI,TAPIOCA (CASSAVA),tapioca,0,0,0,0
2015,18,TUMAKURU,4,MADHUGIRI,SWEET POTATO,sweet potato,16,12,0,12
2015,18,TUMAKURU,4,MADHUGIRI,ONION,onion,0,0,0,0
2015,18,TUMAKURU,4,MADHUGIRI,TOMATO,tomato,49,14,0,14
2015,18,TUMAKURU,4,MADHUGIRI,GROUNDNUT,groundnut,17135,582,17467,18049
2015,18,TUMAKURU,4,MADHUGIRI,CASTORSEED,castor,59,0,3,3
2015,18,TUMAKURU,4,MADHUGIRI,SESAMUM (TIL),sesame,6,0,1,1
2015,18,TUMAKURU,4,MADHUGIRI,RAPESEED & MUSTARD (TORIA/TARAMIRA),mustard,37,0,44,44
2015,18,TUMAKURU,4,MADHUGIRI,LINSEED,linseed,200,68,32,100
2015,18,TUMAKURU,4,MADHUGIRI,COCONUT,coconut,2269,865,500,1365
2015,18,TUMAKURU,4,MADHUGIRI,SUNFLOWER,sunflower,9,2,14,16
2015,18,TUMAKURU,4,MADHUGIRI,SOYABEAN,soybean,10,1,10,11
2015,18,TUMAKURU,4,MADHUGIRI,NIGERSEED,niger seed,0,0,0,0
2015,18,TUMAKURU,4,MADHUGIRI,COTTON,cotton,76,21,16,36
2015,18,TUMAKURU,4,MADHUGIRI,JUTE,jute,0,0,0,0
2015,18,TUMAKURU,4,MADHUGIRI,MESTA,mesta,0,0,0,0
2015,18,TUMAKURU,4,MADHUGIRI,TOBACCO,tobacco,4,8,0,8
2015,18,TUMAKURU,4,MADHUGIRI,GUAR,guar,0,0,0,0
2015,18,TUMAKURU,4,MADHUGIRI,COFFEE,coffee,0,0,0,0
2015,18,TUMAKURU,4,MADHUGIRI,GROSS CROPPED AREA,,50251,8444,39677,48121
2015,18,TUMAKURU,3,PAVAGADA,PADDY,rice,3185,2160,609,2770
2015,18,TUMAKURU,3,PAVAGADA,JOWAR,jowar,1395,45,856,901
2015,18,TUMAKURU,3,PAVAGADA,BAJRA,bajra,78,40,15,55
2015,18,TUMAKURU,3,PAVAGADA,MAIZE,maize,479,108,528,635
2015,18,TUMAKURU,3,PAVAGADA,RAGI,ragi,3017,1014,1770,2784
2015,18,TUMAKURU,3,PAVAGADA,WHEAT,wheat,110,80,9,88
2015,18,TUMAKURU,3,PAVAGADA,BARLEY,barley,5,1,0,1
2015,18,TUMAKURU,3,PAVAGADA,GRAM,chickpea,44,6,43,49
2015,18,TUMAKURU,3,PAVAGADA,TUR (ARHAR),pigeonpea (tur),6992,135,4312,4446
2015,18,TUMAKURU,3,PAVAGADA,URAD,black gram,17,0,12,12
2015,18,TUMAKURU,3,PAVAGADA,MOONG,green gram,201,0,75,76
2015,18,TUMAKURU,3,PAVAGADA,MASUR,lentil,5,0,4,4
2015,18,TUMAKURU,3,PAVAGADA,HORSEGRAM,horse gram,1715,59,955,1014
2015,18,TUMAKURU,3,PAVAGADA,MOTH,moth bean,0,0,0,0
2015,18,TUMAKURU,3,PAVAGADA,SUGARCANE,sugarcane,5,6,0,6
2015,18,TUMAKURU,3,PAVAGADA,PEPPER (BLACK),black pepper,10,7,2,9
2015,18,TUMAKURU,3,PAVAGADA,CHILLIES,chilli,7,0,0,0
2015,18,TUMAKURU,3,PAVAGADA,GINGER,ginger,0,0,0,0
2015,18,TUMAKURU,3,PAVAGADA,TURMERIC,turmeric,15,17,0,17
2015,18,TUMAKURU,3,PAVAGADA,CARDAMOM (SMALL),cardamom,0,0,0,0
2015,18,TUMAKURU,3,PAVAGADA,CARDAMOM (LARGE),cardamom,0,0,0,0
2015,18,TUMAKURU,3,PAVAGADA,BETELNUTS (ARECANUTS),arecanut,1886,1903,59,1962
2015,18,TUMAKURU,3,PAVAGADA,MANGOES,mango,557,317,484,802
2015,18,TUMAKURU,3,PAVAGADA,BANANA,banana,82,31,30,61
2015,18,TUMAKURU,3,PAVAGADA,TABLE GRAPES,grapes,22,21,0,21
2015,18,TUMAKURU,3,PAVAGADA,WINE GRAPES (BLACK),grapes,10,4,0,4
2015,18,TUMAKURU,3,PAVAGADA,CASHEWNUTS,cashewnut,0,0,0,0
2015,18,TUMAKURU,3,PAVAGADA,POMEGRANATE,pomegranate,641,914,10,925
2015,18,TUMAKURU,3,PAVAGADA,POTATO,potato,0,0,0,0
2015,18,TUMAKURU,3,PAVAGADA,TAPIOCA (CASSAVA),tapioca,10,27,40,66
2015,18,TUMAKURU,3,PAVAGADA,SWEET POTATO,sweet potato,24,14,7,21
2015,18,TUMAKURU,3,PAVAGADA,ONION,onion,106,104,1,105
2015,18,TUMAKURU,3,PAVAGADA,TOMATO,tomato,556,664,7,672
2015,18,TUMAKURU,3,PAVAGADA,GROUNDNUT,groundnut,18845,1530,31871,33402
2015,18,TUMAKURU,3,PAVAGADA,CASTORSEED,castor,96,6,29,35
2015,18,TUMAKURU,3,PAVAGADA,SESAMUM (TIL),sesame,10,10,0,10
2015,18,TUMAKURU,3,PAVAGADA,RAPESEED & MUSTARD (TORIA/TARAMIRA),mustard,0,0,0,0
2015,18,TUMAKURU,3,PAVAGADA,LINSEED,linseed,9,2,3,5
2015,18,TUMAKURU,3,PAVAGADA,COCONUT,coconut,1126,953,64,1017
2015,18,TUMAKURU,3,PAVAGADA,SUNFLOWER,sunflower,51,27,28,55
2015,18,TUMAKURU,3,PAVAGADA,SOYABEAN,soybean,15,0,8,8
2015,18,TUMAKURU,3,PAVAGADA,NIGERSEED,niger seed,5,4,0,4
2015,18,TUMAKURU,3,PAVAGADA,COTTON,cotton,261,146,258,404
2015,18,TUMAKURU,3,PAVAGADA,JUTE,jute,0,0,0,0
2015,18,TUMAKURU,3,PAVAGADA,MESTA,mesta,0,0,0,0
2015,18,TUMAKURU,3,PAVAGADA,TOBACCO,tobacco,0,0,0,0
2015,18,TUMAKURU,3,PAVAGADA,GUAR,guar,0,0,0,0
2015,18,TUMAKURU,3,PAVAGADA,COFFEE,coffee,0,0,0,0
2015,18,TUMAKURU,3,PAVAGADA,GROSS CROPPED AREA,,38056,12011,42516,54527
2015,18,TUMAKURU,2,SIRA,PADDY,rice,430,91,294,385
2015,18,TUMAKURU,2,SIRA,JOWAR,jowar,7726,73,4958,5031
2015,18,TUMAKURU,2,SIRA,BAJRA,bajra,27,0,13,13
2015,18,TUMAKURU,2,SIRA,MAIZE,maize,281,52,211,263
2015,18,TUMAKURU,2,SIRA,RAGI,ragi,14407,667,10207,10874
2015,18,TUMAKURU,2,SIRA,WHEAT,wheat,192,46,62,107
2015,18,TUMAKURU,2,SIRA,BARLEY,barley,384,11,309,320
2015,18,TUMAKURU,2,SIRA,GRAM,chickpea,183,0,262,262
2015,18,TUMAKURU,2,SIRA,TUR (ARHAR),pigeonpea (tur),9170,39,2764,2804
2015,18,TUMAKURU,2,SIRA,URAD,black gram,95,0,21,21
2015,18,TUMAKURU,2,SIRA,MOONG,green gram,17,0,2,2
2015,18,TUMAKURU,2,SIRA,MASUR,lentil,13,0,4,4
2015,18,TUMAKURU,2,SIRA,HORSEGRAM,horse gram,5731,18,2460,2478
2015,18,TUMAKURU,2,SIRA,MOTH,moth bean,0,0,0,0
2015,18,TUMAKURU,2,SIRA,SUGARCANE,sugarcane,43,35,0,35
2015,18,TUMAKURU,2,SIRA,PEPPER (BLACK),black pepper,8,1,1,2
2015,18,TUMAKURU,2,SIRA,CHILLIES,chilli,50,6,5,11
2015,18,TUMAKURU,2,SIRA,GINGER,ginger,0,0,0,0
2015,18,TUMAKURU,2,SIRA,TURMERIC,turmeric,0,0,0,0
2015,18,TUMAKURU,2,SIRA,CARDAMOM (SMALL),cardamom,17,4,0,4
2015,18,TUMAKURU,2,SIRA,CARDAMOM (LARGE),cardamom,17,0,2,2
2015,18,TUMAKURU,2,SIRA,BETELNUTS (ARECANUTS),arecanut,6424,3980,203,4183
2015,18,TUMAKURU,2,SIRA,MANGOES,mango,611,177,255,432
2015,18,TUMAKURU,2,SIRA,BANANA,banana,224,77,32,108
2015,18,TUMAKURU,2,SIRA,TABLE GRAPES,grapes,6,17,0,17
2015,18,TUMAKURU,2,SIRA,WINE GRAPES (BLACK),grapes,0,0,0,0
2015,18,TUMAKURU,2,SIRA,CASHEWNUTS,cashewnut,193,2,72,74
2015,18,TUMAKURU,2,SIRA,POMEGRANATE,pomegranate,2001,2814,102,2916
2015,18,TUMAKURU,2,SIRA,POTATO,potato,0,0,0,0
2015,18,TUMAKURU,2,SIRA,TAPIOCA (CASSAVA),tapioca,0,0,0,0
2015,18,TUMAKURU,2,SIRA,SWEET POTATO,sweet potato,17,4,0,5
2015,18,TUMAKURU,2,SIRA,ONION,onion,482,257,15,272
2015,18,TUMAKURU,2,SIRA,TOMATO,tomato,70,44,0,44
2015,18,TUMAKURU,2,SIRA,GROUNDNUT,groundnut,21957,704,27554,28258
2015,18,TUMAKURU,2,SIRA,CASTORSEED,castor,125,0,56,56
2015,18,TUMAKURU,2,SIRA,SESAMUM (TIL),sesame,4,9,0,9
2015,18,TUMAKURU,2,SIRA,RAPESEED & MUSTARD (TORIA/TARAMIRA),mustard,17,0,26,26
2015,18,TUMAKURU,2,SIRA,LINSEED,linseed,254,80,42,122
2015,18,TUMAKURU,2,SIRA,COCONUT,coconut,8480,4377,2490,6867
2015,18,TUMAKURU,2,SIRA,SUNFLOWER,sunflower,423,39,507,546
2015,18,TUMAKURU,2,SIRA,SOYABEAN,soybean,52,0,36,36
2015,18,TUMAKURU,2,SIRA,NIGERSEED,niger seed,0,0,0,0
2015,18,TUMAKURU,2,SIRA,COTTON,cotton,825,383,260,642
2015,18,TUMAKURU,2,SIRA,JUTE,jute,0,0,0,0
2015,18,TUMAKURU,2,SIRA,MESTA,mesta,4,1,0,1
2015,18,TUMAKURU,2,SIRA,TOBACCO,tobacco,0,0,0,0
2015,18,TUMAKURU,2,SIRA,GUAR,guar,0,0,0,0
2015,18,TUMAKURU,2,SIRA,COFFEE,coffee,0,0,0,0
2015,18,TUMAKURU,2,SIRA,GROSS CROPPED AREA,,56200,14943,54253,69196
2015,18,TUMAKURU,8,TIPTUR,PADDY,rice,94,3,8,11
2015,18,TUMAKURU,8,TIPTUR,JOWAR,jowar,14103,13,1694,1706
2015,18,TUMAKURU,8,TIPTUR,BAJRA,bajra,59,0,4,4
2015,18,TUMAKURU,8,TIPTUR,MAIZE,maize,9,0,2,2
2015,18,TUMAKURU,8,TIPTUR,RAGI,ragi,44097,301,25126,25427
2015,18,TUMAKURU,8,TIPTUR,WHEAT,wheat,491,145,117,261
2015,18,TUMAKURU,8,TIPTUR,BARLEY,barley,5,0,0,0
2015,18,TUMAKURU,8,TIPTUR,GRAM,chickpea,36,5,5,10
2015,18,TUMAKURU,8,TIPTUR,TUR (ARHAR),pigeonpea (tur),9414,9,1238,1247
2015,18,TUMAKURU,8,TIPTUR,URAD,black gram,1490,0,69,69
2015,18,TUMAKURU,8,TIPTUR,MOONG,green gram,399,0,108,108
2015,18,TUMAKURU,8,TIPTUR,MASUR,lentil,35,0,6,6
2015,18,TUMAKURU,8,TIPTUR,HORSEGRAM,horse gram,12342,7,2661,2668
2015,18,TUMAKURU,8,TIPTUR,MOTH,moth bean,0,0,0,0
2015,18,TUMAKURU,8,TIPTUR,SUGARCANE,sugarcane,0,0,0,0
2015,18,TUMAKURU,8,TIPTUR,PEPPER (BLACK),black pepper,0,0,0,0
2015,18,TUMAKURU,8,TIPTUR,CHILLIES,chilli,4,0,1,1
2015,18,TUMAKURU,8,TIPTUR,GINGER,ginger,0,0,0,0
2015,18,TUMAKURU,8,TIPTUR,TURMERIC,turmeric,5,2,0,2
2015,18,TUMAKURU,8,TIPTUR,CARDAMOM (SMALL),cardamom,0,0,0,0
2015,18,TUMAKURU,8,TIPTUR,CARDAMOM (LARGE),cardamom,0,0,0,0
2015,18,TUMAKURU,8,TIPTUR,BETELNUTS (ARECANUTS),arecanut,2361,963,17,980
2015,18,TUMAKURU,8,TIPTUR,MANGOES,mango,104,24,25,49
2015,18,TUMAKURU,8,TIPTUR,BANANA,banana,597,486,9,494
2015,18,TUMAKURU,8,TIPTUR,TABLE GRAPES,grapes,0,0,0,0
2015,18,TUMAKURU,8,TIPTUR,WINE GRAPES (BLACK),grapes,0,0,0,0
2015,18,TUMAKURU,8,TIPTUR,CASHEWNUTS,cashewnut,0,0,0,0
2015,18,TUMAKURU,8,TIPTUR,POMEGRANATE,pomegranate,8,2,0,2
2015,18,TUMAKURU,8,TIPTUR,POTATO,potato,0,0,0,0
2015,18,TUMAKURU,8,TIPTUR,TAPIOCA (CASSAVA),tapioca,4,0,1,1
2015,18,TUMAKURU,8,TIPTUR,SWEET POTATO,sweet potato,0,0,0,0
2015,18,TUMAKURU,8,TIPTUR,ONION,onion,0,0,0,0
2015,18,TUMAKURU,8,TIPTUR,TOMATO,tomato,8,2,0,2
2015,18,TUMAKURU,8,TIPTUR,GROUNDNUT,groundnut,44,12,7,19
2015,18,TUMAKURU,8,TIPTUR,CASTORSEED,castor,6211,9,904,914
2015,18,TUMAKURU,8,TIPTUR,SESAMUM (TIL),sesame,18,8,1,9
2015,18,TUMAKURU,8,TIPTUR,RAPESEED & MUSTARD (TORIA/TARAMIRA),mustard,5,2,0,2
2015,18,TUMAKURU,8,TIPTUR,LINSEED,linseed,47,74,6,80
2015,18,TUMAKURU,8,TIPTUR,COCONUT,coconut,18249,20045,1438,21484
2015,18,TUMAKURU,8,TIPTUR,SUNFLOWER,sunflower,4,0,2,2
2015,18,TUMAKURU,8,TIPTUR,SOYABEAN,soybean,4,21,0,21
2015,18,TUMAKURU,8,TIPTUR,NIGERSEED,niger seed,63,0,4,4
2015,18,TUMAKURU,8,TIPTUR,COTTON,cotton,0,0,0,0
2015,18,TUMAKURU,8,TIPTUR,JUTE,jute,0,0,0,0
2015,18,TUMAKURU,8,TIPTUR,MESTA,mesta,0,0,0,0
2015,18,TUMAKURU,8,TIPTUR,TOBACCO,tobacco,0,0,0,0
2015,18,TUMAKURU,8,TIPTUR,GUAR,guar,0,0,0,0
2015,18,TUMAKURU,8,TIPTUR,COFFEE,coffee,0,0,0,0
2015,18,TUMAKURU,8,TIPTUR,GROSS CROPPED AREA,,51822,22223,33675,55898
2015,18,TUMAKURU,6,TUMKUR,PADDY,rice,2737,1343,120,1463
2015,18,TUMAKURU,6,TUMKUR,JOWAR,jowar,5949,1,1077,1078
2015,18,TUMAKURU,6,TUMKUR,BAJRA,bajra,18,2,8,9
2015,18,TUMAKURU,6,TUMKUR,MAIZE,maize,1925,46,1115,1161
2015,18,TUMAKURU,6,TUMKUR,RAGI,ragi,28987,553,16859,17412
2015,18,TUMAKURU,6,TUMKUR,WHEAT,wheat,272,72,93,165
2015,18,TUMAKURU,6,TUMKUR,BARLEY,barley,0,0,0,0
2015,18,TUMAKURU,6,TUMKUR,GRAM,chickpea,431,8,175,183
2015,18,TUMAKURU,6,TUMKUR,TUR (ARHAR),pigeonpea (tur),4602,12,677,689
2015,18,TUMAKURU,6,TUMKUR,URAD,black gram,4,0,1,1
2015,18,TUMAKURU,6,TUMKUR,MOONG,green gram,230,6,72,78
2015,18,TUMAKURU,6,TUMKUR,MASUR,lentil,0,0,0,0
2015,18,TUMAKURU,6,TUMKUR,HORSEGRAM,horse gram,4741,19,2025,2044
2015,18,TUMAKURU,6,TUMKUR,MOTH,moth bean,45,0,10,10
2015,18,TUMAKURU,6,TUMKUR,SUGARCANE,sugarcane,18,19,0,19
2015,18,TUMAKURU,6,TUMKUR,PEPPER (BLACK),black pepper,80,26,10,36
2015,18,TUMAKURU,6,TUMKUR,CHILLIES,chilli,8,3,0,3
2015,18,TUMAKURU,6,TUMKUR,GINGER,ginger,17,16,0,16
2015,18,TUMAKURU,6,TUMKUR,TURMERIC,turmeric,12,8,0,8
2015,18,TUMAKURU,6,TUMKUR,CARDAMOM (SMALL),cardamom,45,24,2,26
2015,18,TUMAKURU,6,TUMKUR,CARDAMOM (LARGE),cardamom,13,3,2,4
2015,18,TUMAKURU,6,TUMKUR,BETELNUTS (ARECANUTS),arecanut,15375,8902,84,8986
2015,18,TUMAKURU,6,TUMKUR,MANGOES,mango,5425,352,3520,3872
2015,18,TUMAKURU,6,TUMKUR,BANANA,banana,1751,616,11,628
2015,18,TUMAKURU,6,TUMKUR,TABLE GRAPES,grapes,49,20,2,21
2015,18,TUMAKURU,6,TUMKUR,WINE GRAPES (BLACK),grapes,0,0,0,0
2015,18,TUMAKURU,6,TUMKUR,CASHEWNUTS,cashewnut,0,0,0,0
2015,18,TUMAKURU,6,TUMKUR,POMEGRANATE,pomegranate,549,301,3,305
2015,18,TUMAKURU,6,TUMKUR,POTATO,potato,0,0,0,0
2015,18,TUMAKURU,6,TUMKUR,TAPIOCA (CASSAVA),tapioca,14,1,2,3
2015,18,TUMAKURU,6,TUMKUR,SWEET POTATO,sweet potato,20,7,0,7
2015,18,TUMAKURU,6,TUMKUR,ONION,onion,112,50,2,52
2015,18,TUMAKURU,6,TUMKUR,TOMATO,tomato,164,53,0,53
2015,18,TUMAKURU,6,TUMKUR,GROUNDNUT,groundnut,3851,2698,174,2872
2015,18,TUMAKURU,6,TUMKUR,CASTORSEED,castor,17,0,1,1
2015,18,TUMAKURU,6,TUMKUR,SESAMUM (TIL),sesame,4,1,0,1
2015,18,TUMAKURU,6,TUMKUR,RAPESEED & MUSTARD (TORIA/TARAMIRA),mustard,119,3,15,17
2015,18,TUMAKURU,6,TUMKUR,LINSEED,linseed,33,25,2,27
2015,18,TUMAKURU,6,TUMKUR,COCONUT,coconut,17547,10335,1298,11632
2015,18,TUMAKURU,6,TUMKUR,SUNFLOWER,sunflower,9,6,0,6
2015,18,TUMAKURU,6,TUMKUR,SOYABEAN,soybean,4,2,0,2
2015,18,TUMAKURU,6,TUMKUR,NIGERSEED,niger seed,17,2,0,2
2015,18,TUMAKURU,6,TUMKUR,COTTON,cotton,9,4,0,4
2015,18,TUMAKURU,6,TUMKUR,JUTE,jute,0,0,0,0
2015,18,TUMAKURU,6,TUMKUR,MESTA,mesta,0,0,0,0
2015,18,TUMAKURU,6,TUMKUR,TOBACCO,tobacco,0,0,0,0
2015,18,TUMAKURU,6,TUMKUR,GUAR,guar,0,0,0,0
2015,18,TUMAKURU,6,TUMKUR,COFFEE,coffee,0,0,0,0
2015,18,TUMAKURU,6,TUMKUR,GROSS CROPPED AREA,,67584,26408,29416,55824
2015,18,TUMAKURU,9,TURUVEKERE,PADDY,rice,3723,2732,78,2809
2015,18,TUMAKURU,9,TURUVEKERE,JOWAR,jowar,1760,3,426,430
2015,18,TUMAKURU,9,TURUVEKERE,BAJRA,bajra,35,7,12,18
2015,18,TUMAKURU,9,TURUVEKERE,MAIZE,maize,1191,42,471,514
2015,18,TUMAKURU,9,TURUVEKERE,RAGI,ragi,16151,505,8284,8790
2015,18,TUMAKURU,9,TURUVEKERE,WHEAT,wheat,288,108,135,244
2015,18,TUMAKURU,9,TURUVEKERE,BARLEY,barley,0,0,0,0
2015,18,TUMAKURU,9,TURUVEKERE,GRAM,chickpea,87,0,40,40
2015,18,TUMAKURU,9,TURUVEKERE,TUR (ARHAR),pigeonpea (tur),1109,1,448,449
2015,18,TUMAKURU,9,TURUVEKERE,URAD,black gram,17,8,4,13
2015,18,TUMAKURU,9,TURUVEKERE,MOONG,green gram,828,8,295,303
2015,18,TUMAKURU,9,TURUVEKERE,MASUR,lentil,18,0,9,9
2015,18,TUMAKURU,9,TURUVEKERE,HORSEGRAM,horse gram,6510,69,3001,3069
2015,18,TUMAKURU,9,TURUVEKERE,MOTH,moth bean,12,0,7,7
2015,18,TUMAKURU,9,TURUVEKERE,SUGARCANE,sugarcane,794,933,0,933
2015,18,TUMAKURU,9,TURUVEKERE,PEPPER (BLACK),black pepper,19,29,3,32
2015,18,TUMAKURU,9,TURUVEKERE,CHILLIES,chilli,6,5,0,5
2015,18,TUMAKURU,9,TURUVEKERE,GINGER,ginger,46,43,0,43
2015,18,TUMAKURU,9,TURUVEKERE,TURMERIC,turmeric,14,13,2,15
2015,18,TUMAKURU,9,TURUVEKERE,CARDAMOM (SMALL),cardamom,6,0,1,1
2015,18,TUMAKURU,9,TURUVEKERE,CARDAMOM (LARGE),cardamom,6,0,15,15
2015,18,TUMAKURU,9,TURUVEKERE,BETELNUTS (ARECANUTS),arecanut,6145,5491,18,5510
2015,18,TUMAKURU,9,TURUVEKERE,MANGOES,mango,1046,270,575,845
2015,18,TUMAKURU,9,TURUVEKERE,BANANA,banana,1061,562,12,575
2015,18,TUMAKURU,9,TURUVEKERE,TABLE GRAPES,grapes,34,18,0,18
2015,18,TUMAKURU,9,TURUVEKERE,WINE GRAPES (BLACK),grapes,30,20,0,20
2015,18,TUMAKURU,9,TURUVEKERE,CASHEWNUTS,cashewnut,0,0,0,0
2015,18,TUMAKURU,9,TURUVEKERE,POMEGRANATE,pomegranate,1318,858,88,947
2015,18,TUMAKURU,9,TURUVEKERE,POTATO,potato,0,0,0,0
2015,18,TUMAKURU,9,TURUVEKERE,TAPIOCA (CASSAVA),tapioca,0,0,0,0
2015,18,TUMAKURU,9,TURUVEKERE,SWEET POTATO,sweet potato,6,2,0,2
2015,18,TUMAKURU,9,TURUVEKERE,ONION,onion,343,179,0,179
2015,18,TUMAKURU,9,TURUVEKERE,TOMATO,tomato,121,54,0,54
2015,18,TUMAKURU,9,TURUVEKERE,GROUNDNUT,groundnut,94,59,33,92
2015,18,TUMAKURU,9,TURUVEKERE,CASTORSEED,castor,12,3,0,3
2015,18,TUMAKURU,9,TURUVEKERE,SESAMUM (TIL),sesame,65,86,0,86
2015,18,TUMAKURU,9,TURUVEKERE,RAPESEED & MUSTARD (TORIA/TARAMIRA),mustard,19,0,20,20
2015,18,TUMAKURU,9,TURUVEKERE,LINSEED,linseed,16,11,11,23
2015,18,TUMAKURU,9,TURUVEKERE,COCONUT,coconut,15347,9489,4185,13674
2015,18,TUMAKURU,9,TURUVEKERE,SUNFLOWER,sunflower,323,318,0,318
2015,18,TUMAKURU,9,TURUVEKERE,SOYABEAN,soybean,12,6,0,6
2015,18,TUMAKURU,9,TURUVEKERE,NIGERSEED,niger seed,17,0,1,1
2015,18,TUMAKURU,9,TURUVEKERE,COTTON,cotton,95,84,0,84
2015,18,TUMAKURU,9,TURUVEKERE,JUTE,jute,0,0,0,0
2015,18,TUMAKURU,9,TURUVEKERE,MESTA,mesta,0,0,0,0
2015,18,TUMAKURU,9,TURUVEKERE,TOBACCO,tobacco,0,0,0,0
2015,18,TUMAKURU,9,TURUVEKERE,GUAR,guar,0,0,0,0
2015,18,TUMAKURU,9,TURUVEKERE,COFFEE,coffee,0,0,0,0
2015,18,TUMAKURU,9,TURUVEKERE,GROSS CROPPED AREA,,51793,25824,19587,45412
2015,16,UDUPI,3,KARKALA,PADDY,rice,13766,3704,4607,8311
2015,16,UDUPI,3,KARKALA,JOWAR,jowar,19,1,5,6
2015,16,UDUPI,3,KARKALA,BAJRA,bajra,14,1,0,1
2015,16,UDUPI,3,KARKALA,MAIZE,maize,0,0,0,0
2015,16,UDUPI,3,KARKALA,RAGI,ragi,0,0,0,0
2015,16,UDUPI,3,KARKALA,WHEAT,wheat,152,33,0,33
2015,16,UDUPI,3,KARKALA,BARLEY,barley,0,0,0,0
2015,16,UDUPI,3,KARKALA,GRAM,chickpea,0,0,0,0
2015,16,UDUPI,3,KARKALA,TUR (ARHAR),pigeonpea (tur),0,0,0,0
2015,16,UDUPI,3,KARKALA,URAD,black gram,17,0,1,1
2015,16,UDUPI,3,KARKALA,MOONG,green gram,17,5,1,6
2015,16,UDUPI,3,KARKALA,MASUR,lentil,0,0,0,0
2015,16,UDUPI,3,KARKALA,HORSEGRAM,horse gram,19,0,2,2
2015,16,UDUPI,3,KARKALA,MOTH,moth bean,0,0,0,0
2015,16,UDUPI,3,KARKALA,SUGARCANE,sugarcane,0,0,0,0
2015,16,UDUPI,3,KARKALA,PEPPER (BLACK),black pepper,298,86,2,88
2015,16,UDUPI,3,KARKALA,CHILLIES,chilli,15,3,0,3
2015,16,UDUPI,3,KARKALA,GINGER,ginger,360,51,18,69
2015,16,UDUPI,3,KARKALA,TURMERIC,turmeric,303,12,27,39
2015,16,UDUPI,3,KARKALA,CARDAMOM (SMALL),cardamom,0,0,0,0
2015,16,UDUPI,3,KARKALA,CARDAMOM (LARGE),cardamom,9,2,0,2
2015,16,UDUPI,3,KARKALA,BETELNUTS (ARECANUTS),arecanut,17928,5638,332,5970
2015,16,UDUPI,3,KARKALA,MANGOES,mango,3079,51,100,151
2015,16,UDUPI,3,KARKALA,BANANA,banana,8098,1059,46,1106
2015,16,UDUPI,3,KARKALA,TABLE GRAPES,grapes,5,0,1,1
2015,16,UDUPI,3,KARKALA,WINE GRAPES (BLACK),grapes,14,6,0,6
2015,16,UDUPI,3,KARKALA,CASHEWNUTS,cashewnut,11422,50,1829,1879
2015,16,UDUPI,3,KARKALA,POMEGRANATE,pomegranate,0,0,0,0
2015,16,UDUPI,3,KARKALA,POTATO,potato,0,0,0,0
2015,16,UDUPI,3,KARKALA,TAPIOCA (CASSAVA),tapioca,343,5,50,55
2015,16,UDUPI,3,KARKALA,SWEET POTATO,sweet potato,410,35,15,50
2015,16,UDUPI,3,KARKALA,ONION,onion,0,0,0,0
2015,16,UDUPI,3,KARKALA,TOMATO,tomato,37,3,0,3
2015,16,UDUPI,3,KARKALA,GROUNDNUT,groundnut,5,4,0,4
2015,16,UDUPI,3,KARKALA,CASTORSEED,castor,5,0,0,0
2015,16,UDUPI,3,KARKALA,SESAMUM (TIL),sesame,1116,65,5,70
2015,16,UDUPI,3,KARKALA,RAPESEED & MUSTARD (TORIA/TARAMIRA),mustard,5,0,0,0
2015,16,UDUPI,3,KARKALA,LINSEED,linseed,5,0,0,0
2015,16,UDUPI,3,KARKALA,COCONUT,coconut,20041,3536,464,4000
2015,16,UDUPI,3,KARKALA,SUNFLOWER,sunflower,0,0,0,0
2015,16,UDUPI,3,KARKALA,SOYABEAN,soybean,5,0,4,4
2015,16,UDUPI,3,KARKALA,NIGERSEED,niger seed,51,38,11,50
2015,16,UDUPI,3,KARKALA,COTTON,cotton,0,0,0,0
2015,16,UDUPI,3,KARKALA,JUTE,jute,0,0,0,0
2015,16,UDUPI,3,KARKALA,MESTA,mesta,0,0,0,0
2015,16,UDUPI,3,KARKALA,TOBACCO,tobacco,0,0,0,0
2015,16,UDUPI,3,KARKALA,GUAR,guar,0,0,0,0
2015,16,UDUPI,3,KARKALA,COFFEE,coffee,9,0,5,5
2015,16,UDUPI,3,KARKALA,GROSS CROPPED AREA,,42441,15050,10779,25829
2015,16,UDUPI,1,KUNDAPURA,PADDY,rice,57615,1823,16829,18652
2015,16,UDUPI,1,KUNDAPURA,JOWAR,jowar,35,0,4,4
2015,16,UDUPI,1,KUNDAPURA,BAJRA,bajra,52,8,3,12
2015,16,UDUPI,1,KUNDAPURA,MAIZE,maize,214,3,31,33
2015,16,UDUPI,1,KUNDAPURA,RAGI,ragi,219,12,73,86
2015,16,UDUPI,1,KUNDAPURA,WHEAT,wheat,923,30,279,310
2015,16,UDUPI,1,KUNDAPURA,BARLEY,barley,5,3,0,3
2015,16,UDUPI,1,KUNDAPURA,GRAM,chickpea,10,0,3,3
2015,16,UDUPI,1,KUNDAPURA,TUR (ARHAR),pigeonpea (tur),9,0,2,2
2015,16,UDUPI,1,KUNDAPURA,URAD,black gram,6443,300,350,650
2015,16,UDUPI,1,KUNDAPURA,MOONG,green gram,1291,10,105,115
2015,16,UDUPI,1,KUNDAPURA,MASUR,lentil,0,0,0,0
2015,16,UDUPI,1,KUNDAPURA,HORSEGRAM,horse gram,367,0,27,27
2015,16,UDUPI,1,KUNDAPURA,MOTH,moth bean,0,0,0,0
2015,16,UDUPI,1,KUNDAPURA,SUGARCANE,sugarcane,0,0,0,0
2015,16,UDUPI,1,KUNDAPURA,PEPPER (BLACK),black pepper,87,24,6,30
2015,16,UDUPI,1,KUNDAPURA,CHILLIES,chilli,19,1,0,1
2015,16,UDUPI,1,KUNDAPURA,GINGER,ginger,91,14,18,32
2015,16,UDUPI,1,KUNDAPURA,TURMERIC,turmeric,39,3,0,3
2015,16,UDUPI,1,KUNDAPURA,CARDAMOM (SMALL),cardamom,5,0,0,0
2015,16,UDUPI,1,KUNDAPURA,CARDAMOM (LARGE),cardamom,0,0,0,0
2015,16,UDUPI,1,KUNDAPURA,BETELNUTS (ARECANUTS),arecanut,26458,6410,2570,8979
2015,16,UDUPI,1,KUNDAPURA,MANGOES,mango,1878,57,218,275
2015,16,UDUPI,1,KUNDAPURA,BANANA,banana,1233,170,147,317
2015,16,UDUPI,1,KUNDAPURA,TABLE GRAPES,grapes,10,1,0,1
2015,16,UDUPI,1,KUNDAPURA,WINE GRAPES (BLACK),grapes,0,0,0,0
2015,16,UDUPI,1,KUNDAPURA,CASHEWNUTS,cashewnut,8428,416,2754,3170
2015,16,UDUPI,1,KUNDAPURA,POMEGRANATE,pomegranate,0,0,0,0
2015,16,UDUPI,1,KUNDAPURA,POTATO,potato,0,0,0,0
2015,16,UDUPI,1,KUNDAPURA,TAPIOCA (CASSAVA),tapioca,0,0,0,0
2015,16,UDUPI,1,KUNDAPURA,SWEET POTATO,sweet potato,0,0,0,0
2015,16,UDUPI,1,KUNDAPURA,ONION,onion,6,0,0,0
2015,16,UDUPI,1,KUNDAPURA,TOMATO,tomato,14,2,9,10
2015,16,UDUPI,1,KUNDAPURA,GROUNDNUT,groundnut,4863,487,11,498
2015,16,UDUPI,1,KUNDAPURA,CASTORSEED,castor,5,1,1,2
2015,16,UDUPI,1,KUNDAPURA,SESAMUM (TIL),sesame,26,2,1,3
2015,16,UDUPI,1,KUNDAPURA,RAPESEED & MUSTARD (TORIA/TARAMIRA),mustard,0,0,0,0
2015,16,UDUPI,1,KUNDAPURA,LINSEED,linseed,0,0,0,0
2015,16,UDUPI,1,KUNDAPURA,COCONUT,coconut,35759,7485,2782,10267
2015,16,UDUPI,1,KUNDAPURA,SUNFLOWER,sunflower,9,1,0,1
2015,16,UDUPI,1,KUNDAPURA,SOYABEAN,soybean,24,10,0,10
2015,16,UDUPI,1,KUNDAPURA,NIGERSEED,niger seed,0,0,0,0
2015,16,UDUPI,1,KUNDAPURA,COTTON,cotton,0,0,0,0
2015,16,UDUPI,1,KUNDAPURA,JUTE,jute,0,0,0,0
2015,16,UDUPI,1,KUNDAPURA,MESTA,mesta,0,0,0,0
2015,16,UDUPI,1,KUNDAPURA,TOBACCO,tobacco,0,0,0,0
2015,16,UDUPI,1,KUNDAPURA,GUAR,guar,0,0,0,0
2015,16,UDUPI,1,KUNDAPURA,COFFEE,coffee,62,15,43,58
2015,16,UDUPI,1,KUNDAPURA,GROSS CROPPED AREA,,81481,17754,26852,44606
2015,16,UDUPI,2,UDUPI,PADDY,rice,43589,3613,14419,18032
2015,16,UDUPI,2,UDUPI,JOWAR,jowar,15,4,2,6
2015,16,UDUPI,2,UDUPI,BAJRA,bajra,25,4,4,8
2015,16,UDUPI,2,UDUPI,MAIZE,maize,6,0,1,1
2015,16,UDUPI,2,UDUPI,RAGI,ragi,5,0,0,0
2015,16,UDUPI,2,UDUPI,WHEAT,wheat,382,55,4,59
2015,16,UDUPI,2,UDUPI,BARLEY,barley,0,0,0,0
2015,16,UDUPI,2,UDUPI,GRAM,chickpea,3181,2,340,342
2015,16,UDUPI,2,UDUPI,TUR (ARHAR),pigeonpea (tur),5,0,0,0
2015,16,UDUPI,2,UDUPI,URAD,black gram,3497,170,435,605
2015,16,UDUPI,2,UDUPI,MOONG,green gram,253,5,20,26
2015,16,UDUPI,2,UDUPI,MASUR,lentil,0,0,0,0
2015,16,UDUPI,2,UDUPI,HORSEGRAM,horse gram,715,92,65,156
2015,16,UDUPI,2,UDUPI,MOTH,moth bean,5,2,0,2
2015,16,UDUPI,2,UDUPI,SUGARCANE,sugarcane,683,16,0,16
2015,16,UDUPI,2,UDUPI,PEPPER (BLACK),black pepper,377,6,11,17
2015,16,UDUPI,2,UDUPI,CHILLIES,chilli,16,0,1,1
2015,16,UDUPI,2,UDUPI,GINGER,ginger,230,8,1,8
2015,16,UDUPI,2,UDUPI,TURMERIC,turmeric,747,15,0,16
2015,16,UDUPI,2,UDUPI,CARDAMOM (SMALL),cardamom,0,0,0,0
2015,16,UDUPI,2,UDUPI,CARDAMOM (LARGE),cardamom,8,1,0,1
2015,16,UDUPI,2,UDUPI,BETELNUTS (ARECANUTS),arecanut,9493,930,1415,2344
2015,16,UDUPI,2,UDUPI,MANGOES,mango,2838,49,135,184
2015,16,UDUPI,2,UDUPI,BANANA,banana,9909,388,231,619
2015,16,UDUPI,2,UDUPI,TABLE GRAPES,grapes,14,1,0,1
2015,16,UDUPI,2,UDUPI,WINE GRAPES (BLACK),grapes,0,0,0,0
2015,16,UDUPI,2,UDUPI,CASHEWNUTS,cashewnut,6337,127,1470,1597
2015,16,UDUPI,2,UDUPI,POMEGRANATE,pomegranate,0,0,0,0
2015,16,UDUPI,2,UDUPI,POTATO,potato,5,2,0,2
2015,16,UDUPI,2,UDUPI,TAPIOCA (CASSAVA),tapioca,5,0,0,0
2015,16,UDUPI,2,UDUPI,SWEET POTATO,sweet potato,1027,105,59,165
2015,16,UDUPI,2,UDUPI,ONION,onion,0,0,0,0
2015,16,UDUPI,2,UDUPI,TOMATO,tomato,8,0,0,0
2015,16,UDUPI,2,UDUPI,GROUNDNUT,groundnut,116,4,62,66
2015,16,UDUPI,2,UDUPI,CASTORSEED,castor,0,0,0,0
2015,16,UDUPI,2,UDUPI,SESAMUM (TIL),sesame,451,13,5,18
2015,16,UDUPI,2,UDUPI,RAPESEED & MUSTARD (TORIA/TARAMIRA),mustard,0,0,0,0
2015,16,UDUPI,2,UDUPI,LINSEED,linseed,0,0,0,0
2015,16,UDUPI,2,UDUPI,COCONUT,coconut,41036,7343,2704,10047
2015,16,UDUPI,2,UDUPI,SUNFLOWER,sunflower,0,0,0,0
2015,16,UDUPI,2,UDUPI,SOYABEAN,soybean,5,1,0,1
2015,16,UDUPI,2,UDUPI,NIGERSEED,niger seed,16,0,7,7
2015,16,UDUPI,2,UDUPI,COTTON,cotton,15,0,10,10
2015,16,UDUPI,2,UDUPI,JUTE,jute,0,0,0,0
2015,16,UDUPI,2,UDUPI,MESTA,mesta,0,0,0,0
2015,16,UDUPI,2,UDUPI,TOBACCO,tobacco,0,0,0,0
2015,16,UDUPI,2,UDUPI,GUAR,guar,0,0,0,0
2015,16,UDUPI,2,UDUPI,COFFEE,coffee,0,0,0,0
2015,16,UDUPI,2,UDUPI,GROSS CROPPED AREA,,65960,14140,21846,35986
2015,10,UTTRA KANNADA,7,ANKOLA,PADDY,rice,17249,287,6692,6979
2015,10,UTTRA KANNADA,7,ANKOLA,JOWAR,jowar,0,0,0,0
2015,10,UTTRA KANNADA,7,ANKOLA,BAJRA,bajra,0,0,0,0
2015,10,UTTRA KANNADA,7,ANKOLA,MAIZE,maize,6,0,0,0
2015,10,UTTRA KANNADA,7,ANKOLA,RAGI,ragi,0,0,0,0
2015,10,UTTRA KANNADA,7,ANKOLA,WHEAT,wheat,28,4,0,4
2015,10,UTTRA KANNADA,7,ANKOLA,BARLEY,barley,0,0,0,0
2015,10,UTTRA KANNADA,7,ANKOLA,GRAM,chickpea,0,0,0,0
2015,10,UTTRA KANNADA,7,ANKOLA,TUR (ARHAR),pigeonpea (tur),0,0,0,0
2015,10,UTTRA KANNADA,7,ANKOLA,URAD,black gram,0,0,0,0
2015,10,UTTRA KANNADA,7,ANKOLA,MOONG,green gram,0,0,0,0
2015,10,UTTRA KANNADA,7,ANKOLA,MASUR,lentil,0,0,0,0
2015,10,UTTRA KANNADA,7,ANKOLA,HORSEGRAM,horse gram,0,0,0,0
2015,10,UTTRA KANNADA,7,ANKOLA,MOTH,moth bean,0,0,0,0
2015,10,UTTRA KANNADA,7,ANKOLA,SUGARCANE,sugarcane,29,1,0,1
2015,10,UTTRA KANNADA,7,ANKOLA,PEPPER (BLACK),black pepper,45,6,0,6
2015,10,UTTRA KANNADA,7,ANKOLA,CHILLIES,chilli,0,0,0,0
2015,10,UTTRA KANNADA,7,ANKOLA,GINGER,ginger,0,0,0,0
2015,10,UTTRA KANNADA,7,ANKOLA,TURMERIC,turmeric,6,0,0,0
2015,10,UTTRA KANNADA,7,ANKOLA,CARDAMOM (SMALL),cardamom,0,0,0,0
2015,10,UTTRA KANNADA,7,ANKOLA,CARDAMOM (LARGE),cardamom,0,0,0,0
2015,10,UTTRA KANNADA,7,ANKOLA,BETELNUTS (ARECANUTS),arecanut,3078,1479,22,1501
2015,10,UTTRA KANNADA,7,ANKOLA,MANGOES,mango,827,69,151,221
2015,10,UTTRA KANNADA,7,ANKOLA,BANANA,banana,585,164,29,193
2015,10,UTTRA KANNADA,7,ANKOLA,TABLE GRAPES,grapes,0,0,0,0
2015,10,UTTRA KANNADA,7,ANKOLA,WINE GRAPES (BLACK),grapes,0,0,0,0
2015,10,UTTRA KANNADA,7,ANKOLA,CASHEWNUTS,cashewnut,638,46,149,195
2015,10,UTTRA KANNADA,7,ANKOLA,POMEGRANATE,pomegranate,0,0,0,0
2015,10,UTTRA KANNADA,7,ANKOLA,POTATO,potato,0,0,0,0
2015,10,UTTRA KANNADA,7,ANKOLA,TAPIOCA (CASSAVA),tapioca,0,0,0,0
2015,10,UTTRA KANNADA,7,ANKOLA,SWEET POTATO,sweet potato,0,0,0,0
2015,10,UTTRA KANNADA,7,ANKOLA,ONION,onion,0,0,0,0
2015,10,UTTRA KANNADA,7,ANKOLA,TOMATO,tomato,0,0,0,0
2015,10,UTTRA KANNADA,7,ANKOLA,GROUNDNUT,groundnut,94,12,10,22
2015,10,UTTRA KANNADA,7,ANKOLA,CASTORSEED,castor,0,0,0,0
2015,10,UTTRA KANNADA,7,ANKOLA,SESAMUM (TIL),sesame,17,1,0,1
2015,10,UTTRA KANNADA,7,ANKOLA,RAPESEED & MUSTARD (TORIA/TARAMIRA),mustard,0,0,0,0
2015,10,UTTRA KANNADA,7,ANKOLA,LINSEED,linseed,0,0,0,0
2015,10,UTTRA KANNADA,7,ANKOLA,COCONUT,coconut,6553,1034,85,1119
2015,10,UTTRA KANNADA,7,ANKOLA,SUNFLOWER,sunflower,34,17,0,17
2015,10,UTTRA KANNADA,7,ANKOLA,SOYABEAN,soybean,0,0,0,0
2015,10,UTTRA KANNADA,7,ANKOLA,NIGERSEED,niger seed,18,0,19,19
2015,10,UTTRA KANNADA,7,ANKOLA,COTTON,cotton,0,0,0,0
2015,10,UTTRA KANNADA,7,ANKOLA,JUTE,jute,0,0,0,0
2015,10,UTTRA KANNADA,7,ANKOLA,MESTA,mesta,0,0,0,0
2015,10,UTTRA KANNADA,7,ANKOLA,TOBACCO,tobacco,0,0,0,0
2015,10,UTTRA KANNADA,7,ANKOLA,GUAR,guar,0,0,0,0
2015,10,UTTRA KANNADA,7,ANKOLA,COFFEE,coffee,0,0,0,0
2015,10,UTTRA KANNADA,7,ANKOLA,GROSS CROPPED AREA,,22763,3181,7176,10357
2015,10,UTTRA KANNADA,11,BHATKAL,PADDY,rice,8094,34,3919,3953
2015,10,UTTRA KANNADA,11,BHATKAL,JOWAR,jowar,0,0,0,0
2015,10,UTTRA KANNADA,11,BHATKAL,BAJRA,bajra,0,0,0,0
2015,10,UTTRA KANNADA,11,BHATKAL,MAIZE,maize,0,0,0,0
2015,10,UTTRA KANNADA,11,BHATKAL,RAGI,ragi,0,0,0,0
2015,10,UTTRA KANNADA,11,BHATKAL,WHEAT,wheat,52,7,5,12
2015,10,UTTRA KANNADA,11,BHATKAL,BARLEY,barley,0,0,0,0
2015,10,UTTRA KANNADA,11,BHATKAL,GRAM,chickpea,0,0,0,0
2015,10,UTTRA KANNADA,11,BHATKAL,TUR (ARHAR),pigeonpea (tur),0,0,0,0
2015,10,UTTRA KANNADA,11,BHATKAL,URAD,black gram,0,0,0,0
2015,10,UTTRA KANNADA,11,BHATKAL,MOONG,green gram,0,0,0,0
2015,10,UTTRA KANNADA,11,BHATKAL,MASUR,lentil,0,0,0,0
2015,10,UTTRA KANNADA,11,BHATKAL,HORSEGRAM,horse gram,0,0,0,0
2015,10,UTTRA KANNADA,11,BHATKAL,MOTH,moth bean,0,0,0,0
2015,10,UTTRA KANNADA,11,BHATKAL,SUGARCANE,sugarcane,143,75,0,75
2015,10,UTTRA KANNADA,11,BHATKAL,PEPPER (BLACK),black pepper,0,0,0,0
2015,10,UTTRA KANNADA,11,BHATKAL,CHILLIES,chilli,0,0,0,0
2015,10,UTTRA KANNADA,11,BHATKAL,GINGER,ginger,0,0,0,0
2015,10,UTTRA KANNADA,11,BHATKAL,TURMERIC,turmeric,4,0,0,0
2015,10,UTTRA KANNADA,11,BHATKAL,CARDAMOM (SMALL),cardamom,0,0,0,0
2015,10,UTTRA KANNADA,11,BHATKAL,CARDAMOM (LARGE),cardamom,0,0,0,0
2015,10,UTTRA KANNADA,11,BHATKAL,BETELNUTS (ARECANUTS),arecanut,1202,442,0,443
2015,10,UTTRA KANNADA,11,BHATKAL,MANGOES,mango,121,6,13,18
2015,10,UTTRA KANNADA,11,BHATKAL,BANANA,banana,885,81,0,81
2015,10,UTTRA KANNADA,11,BHATKAL,TABLE GRAPES,grapes,0,0,0,0
2015,10,UTTRA KANNADA,11,BHATKAL,WINE GRAPES (BLACK),grapes,0,0,0,0
2015,10,UTTRA KANNADA,11,BHATKAL,CASHEWNUTS,cashewnut,361,0,165,165
2015,10,UTTRA KANNADA,11,BHATKAL,POMEGRANATE,pomegranate,0,0,0,0
2015,10,UTTRA KANNADA,11,BHATKAL,POTATO,potato,0,0,0,0
2015,10,UTTRA KANNADA,11,BHATKAL,TAPIOCA (CASSAVA),tapioca,0,0,0,0
2015,10,UTTRA KANNADA,11,BHATKAL,SWEET POTATO,sweet potato,0,0,0,0
2015,10,UTTRA KANNADA,11,BHATKAL,ONION,onion,0,0,0,0
2015,10,UTTRA KANNADA,11,BHATKAL,TOMATO,tomato,0,0,0,0
2015,10,UTTRA KANNADA,11,BHATKAL,GROUNDNUT,groundnut,374,1,57,58
2015,10,UTTRA KANNADA,11,BHATKAL,CASTORSEED,castor,0,0,0,0
2015,10,UTTRA KANNADA,11,BHATKAL,SESAMUM (TIL),sesame,35,3,0,3
2015,10,UTTRA KANNADA,11,BHATKAL,RAPESEED & MUSTARD (TORIA/TARAMIRA),mustard,0,0,0,0
2015,10,UTTRA KANNADA,11,BHATKAL,LINSEED,linseed,0,0,0,0
2015,10,UTTRA KANNADA,11,BHATKAL,COCONUT,coconut,12337,2754,50,2804
2015,10,UTTRA KANNADA,11,BHATKAL,SUNFLOWER,sunflower,0,0,0,0
2015,10,UTTRA KANNADA,11,BHATKAL,SOYABEAN,soybean,0,0,0,0
2015,10,UTTRA KANNADA,11,BHATKAL,NIGERSEED,niger seed,0,0,0,0
2015,10,UTTRA KANNADA,11,BHATKAL,COTTON,cotton,0,0,0,0
2015,10,UTTRA KANNADA,11,BHATKAL,JUTE,jute,0,0,0,0
2015,10,UTTRA KANNADA,11,BHATKAL,MESTA,mesta,0,0,0,0
2015,10,UTTRA KANNADA,11,BHATKAL,TOBACCO,tobacco,0,0,0,0
2015,10,UTTRA KANNADA,11,BHATKAL,GUAR,guar,4,0,0,0
2015,10,UTTRA KANNADA,11,BHATKAL,COFFEE,coffee,0,0,0,0
2015,10,UTTRA KANNADA,11,BHATKAL,GROSS CROPPED AREA,,18033,3422,4218,7640
2015,10,UTTRA KANNADA,3,HALIYAL,PADDY,rice,9278,602,11349,11951
2015,10,UTTRA KANNADA,3,HALIYAL,JOWAR,jowar,0,0,0,0
2015,10,UTTRA KANNADA,3,HALIYAL,BAJRA,bajra,0,0,0,0
2015,10,UTTRA KANNADA,3,HALIYAL,MAIZE,maize,3411,70,2433,2503
2015,10,UTTRA KANNADA,3,HALIYAL,RAGI,ragi,0,0,0,0
2015,10,UTTRA KANNADA,3,HALIYAL,WHEAT,wheat,0,0,0,0
2015,10,UTTRA KANNADA,3,HALIYAL,BARLEY,barley,0,0,0,0
2015,10,UTTRA KANNADA,3,HALIYAL,GRAM,chickpea,0,0,0,0
2015,10,UTTRA KANNADA,3,HALIYAL,TUR (ARHAR),pigeonpea (tur),7,0,0,0
2015,10,UTTRA KANNADA,3,HALIYAL,URAD,black gram,6,0,3,3
2015,10,UTTRA KANNADA,3,HALIYAL,MOONG,green gram,30,5,10,15
2015,10,UTTRA KANNADA,3,HALIYAL,MASUR,lentil,0,0,0,0
2015,10,UTTRA KANNADA,3,HALIYAL,HORSEGRAM,horse gram,30,0,6,6
2015,10,UTTRA KANNADA,3,HALIYAL,MOTH,moth bean,0,0,0,0
2015,10,UTTRA KANNADA,3,HALIYAL,SUGARCANE,sugarcane,4740,5245,0,5245
2015,10,UTTRA KANNADA,3,HALIYAL,PEPPER (BLACK),black pepper,0,0,0,0
2015,10,UTTRA KANNADA,3,HALIYAL,CHILLIES,chilli,0,0,0,0
2015,10,UTTRA KANNADA,3,HALIYAL,GINGER,ginger,0,0,0,0
2015,10,UTTRA KANNADA,3,HALIYAL,TURMERIC,turmeric,0,0,0,0
2015,10,UTTRA KANNADA,3,HALIYAL,CARDAMOM (SMALL),cardamom,0,0,0,0
2015,10,UTTRA KANNADA,3,HALIYAL,CARDAMOM (LARGE),cardamom,0,0,0,0
2015,10,UTTRA KANNADA,3,HALIYAL,BETELNUTS (ARECANUTS),arecanut,13,6,0,6
2015,10,UTTRA KANNADA,3,HALIYAL,MANGOES,mango,293,0,117,117
2015,10,UTTRA KANNADA,3,HALIYAL,BANANA,banana,7,5,0,5
2015,10,UTTRA KANNADA,3,HALIYAL,TABLE GRAPES,grapes,0,0,0,0
2015,10,UTTRA KANNADA,3,HALIYAL,WINE GRAPES (BLACK),grapes,0,0,0,0
2015,10,UTTRA KANNADA,3,HALIYAL,CASHEWNUTS,cashewnut,51,0,10,10
2015,10,UTTRA KANNADA,3,HALIYAL,POMEGRANATE,pomegranate,0,0,0,0
2015,10,UTTRA KANNADA,3,HALIYAL,POTATO,potato,0,0,0,0
2015,10,UTTRA KANNADA,3,HALIYAL,TAPIOCA (CASSAVA),tapioca,0,0,0,0
2015,10,UTTRA KANNADA,3,HALIYAL,SWEET POTATO,sweet potato,0,0,0,0
2015,10,UTTRA KANNADA,3,HALIYAL,ONION,onion,0,0,0,0
2015,10,UTTRA KANNADA,3,HALIYAL,TOMATO,tomato,0,0,0,0
2015,10,UTTRA KANNADA,3,HALIYAL,GROUNDNUT,groundnut,0,0,0,0
2015,10,UTTRA KANNADA,3,HALIYAL,CASTORSEED,castor,0,0,0,0
2015,10,UTTRA KANNADA,3,HALIYAL,SESAMUM (TIL),sesame,0,0,0,0
2015,10,UTTRA KANNADA,3,HALIYAL,RAPESEED & MUSTARD (TORIA/TARAMIRA),mustard,0,0,0,0
2015,10,UTTRA KANNADA,3,HALIYAL,LINSEED,linseed,0,0,0,0
2015,10,UTTRA KANNADA,3,HALIYAL,COCONUT,coconut,20,15,3,18
2015,10,UTTRA KANNADA,3,HALIYAL,SUNFLOWER,sunflower,14,0,22,22
2015,10,UTTRA KANNADA,3,HALIYAL,SOYABEAN,soybean,0,0,0,0
2015,10,UTTRA KANNADA,3,HALIYAL,NIGERSEED,niger seed,0,0,0,0
2015,10,UTTRA KANNADA,3,HALIYAL,COTTON,cotton,674,3,474,477
2015,10,UTTRA KANNADA,3,HALIYAL,JUTE,jute,0,0,0,0
2015,10,UTTRA KANNADA,3,HALIYAL,MESTA,mesta,0,0,0,0
2015,10,UTTRA KANNADA,3,HALIYAL,TOBACCO,tobacco,0,0,0,0
2015,10,UTTRA KANNADA,3,HALIYAL,GUAR,guar,40,44,0,44
2015,10,UTTRA KANNADA,3,HALIYAL,COFFEE,coffee,0,0,0,0
2015,10,UTTRA KANNADA,3,HALIYAL,GROSS CROPPED AREA,,11550,6002,14439,20440
2015,10,UTTRA KANNADA,10,HONNAVAR,PADDY,rice,18018,572,5340,5911
2015,10,UTTRA KANNADA,10,HONNAVAR,JOWAR,jowar,4,3,0,3
2015,10,UTTRA KANNADA,10,HONNAVAR,BAJRA,bajra,0,0,0,0
2015,10,UTTRA KANNADA,10,HONNAVAR,MAIZE,maize,4,0,0,0
2015,10,UTTRA KANNADA,10,HONNAVAR,RAGI,ragi,4,1,0,1
2015,10,UTTRA KANNADA,10,HONNAVAR,WHEAT,wheat,30,2,1,3
2015,10,UTTRA KANNADA,10,HONNAVAR,BARLEY,barley,3,0,8,8
2015,10,UTTRA KANNADA,10,HONNAVAR,GRAM,chickpea,0,0,0,0
2015,10,UTTRA KANNADA,10,HONNAVAR,TUR (ARHAR),pigeonpea (tur),0,0,0,0
2015,10,UTTRA KANNADA,10,HONNAVAR,URAD,black gram,0,0,0,0
2015,10,UTTRA KANNADA,10,HONNAVAR,MOONG,green gram,0,0,0,0
2015,10,UTTRA KANNADA,10,HONNAVAR,MASUR,lentil,0,0,0,0
2015,10,UTTRA KANNADA,10,HONNAVAR,HORSEGRAM,horse gram,0,0,0,0
2015,10,UTTRA KANNADA,10,HONNAVAR,MOTH,moth bean,0,0,0,0
2015,10,UTTRA KANNADA,10,HONNAVAR,SUGARCANE,sugarcane,4,1,0,1
2015,10,UTTRA KANNADA,10,HONNAVAR,PEPPER (BLACK),black pepper,21,5,0,5
2015,10,UTTRA KANNADA,10,HONNAVAR,CHILLIES,chilli,6,3,0,3
2015,10,UTTRA KANNADA,10,HONNAVAR,GINGER,ginger,0,0,0,0
2015,10,UTTRA KANNADA,10,HONNAVAR,TURMERIC,turmeric,24,9,0,9
2015,10,UTTRA KANNADA,10,HONNAVAR,CARDAMOM (SMALL),cardamom,0,0,0,0
2015,10,UTTRA KANNADA,10,HONNAVAR,CARDAMOM (LARGE),cardamom,4,0,0,0
2015,10,UTTRA KANNADA,10,HONNAVAR,BETELNUTS (ARECANUTS),arecanut,12606,3982,19,4001
2015,10,UTTRA KANNADA,10,HONNAVAR,MANGOES,mango,200,0,8,9
2015,10,UTTRA KANNADA,10,HONNAVAR,BANANA,banana,822,21,0,21
2015,10,UTTRA KANNADA,10,HONNAVAR,TABLE GRAPES,grapes,0,0,0,0
2015,10,UTTRA KANNADA,10,HONNAVAR,WINE GRAPES (BLACK),grapes,0,0,0,0
2015,10,UTTRA KANNADA,10,HONNAVAR,CASHEWNUTS,cashewnut,1586,11,657,668
2015,10,UTTRA KANNADA,10,HONNAVAR,POMEGRANATE,pomegranate,0,0,0,0
2015,10,UTTRA KANNADA,10,HONNAVAR,POTATO,potato,0,0,0,0
2015,10,UTTRA KANNADA,10,HONNAVAR,TAPIOCA (CASSAVA),tapioca,0,0,0,0
2015,10,UTTRA KANNADA,10,HONNAVAR,SWEET POTATO,sweet potato,0,0,0,0
2015,10,UTTRA KANNADA,10,HONNAVAR,ONION,onion,0,0,0,0
2015,10,UTTRA KANNADA,10,HONNAVAR,TOMATO,tomato,0,0,0,0
2015,10,UTTRA KANNADA,10,HONNAVAR,GROUNDNUT,groundnut,4,0,1,1
2015,10,UTTRA KANNADA,10,HONNAVAR,CASTORSEED,castor,4,0,0,0
2015,10,UTTRA KANNADA,10,HONNAVAR,SESAMUM (TIL),sesame,13,1,0,1
2015,10,UTTRA KANNADA,10,HONNAVAR,RAPESEED & MUSTARD (TORIA/TARAMIRA),mustard,0,0,0,0
2015,10,UTTRA KANNADA,10,HONNAVAR,LINSEED,linseed,0,0,0,0
2015,10,UTTRA KANNADA,10,HONNAVAR,COCONUT,coconut,10957,958,4,962
2015,10,UTTRA KANNADA,10,HONNAVAR,SUNFLOWER,sunflower,0,0,0,0
2015,10,UTTRA KANNADA,10,HONNAVAR,SOYABEAN,soybean,4,0,0,0
2015,10,UTTRA KANNADA,10,HONNAVAR,NIGERSEED,niger seed,4,0,1,1
2015,10,UTTRA KANNADA,10,HONNAVAR,COTTON,cotton,4,0,0,0
2015,10,UTTRA KANNADA,10,HONNAVAR,JUTE,jute,0,0,0,0
2015,10,UTTRA KANNADA,10,HONNAVAR,MESTA,mesta,0,0,0,0
2015,10,UTTRA KANNADA,10,HONNAVAR,TOBACCO,tobacco,0,0,0,0
2015,10,UTTRA KANNADA,10,HONNAVAR,GUAR,guar,0,0,0,0
2015,10,UTTRA KANNADA,10,HONNAVAR,COFFEE,coffee,0,0,0,0
2015,10,UTTRA KANNADA,10,HONNAVAR,GROSS CROPPED AREA,,27299,5841,6062,11903
2015,10,UTTRA KANNADA,1,KARWAR,PADDY,rice,19854,262,7531,7793
2015,10,UTTRA KANNADA,1,KARWAR,JOWAR,jowar,0,0,0,0
2015,10,UTTRA KANNADA,1,KARWAR,BAJRA,bajra,0,0,0,0
2015,10,UTTRA KANNADA,1,KARWAR,MAIZE,maize,0,0,0,0
2015,10,UTTRA KANNADA,1,KARWAR,RAGI,ragi,0,0,0,0
2015,10,UTTRA KANNADA,1,KARWAR,WHEAT,wheat,45,3,1,4
2015,10,UTTRA KANNADA,1,KARWAR,BARLEY,barley,0,0,0,0
2015,10,UTTRA KANNADA,1,KARWAR,GRAM,chickpea,0,0,0,0
2015,10,UTTRA KANNADA,1,KARWAR,TUR (ARHAR),pigeonpea (tur),0,0,0,0
2015,10,UTTRA KANNADA,1,KARWAR,URAD,black gram,0,0,0,0
2015,10,UTTRA KANNADA,1,KARWAR,MOONG,green gram,0,0,0,0
2015,10,UTTRA KANNADA,1,KARWAR,MASUR,lentil,0,0,0,0
2015,10,UTTRA KANNADA,1,KARWAR,HORSEGRAM,horse gram,0,0,0,0
2015,10,UTTRA KANNADA,1,KARWAR,MOTH,moth bean,0,0,0,0
2015,10,UTTRA KANNADA,1,KARWAR,SUGARCANE,sugarcane,48,25,0,25
2015,10,UTTRA KANNADA,1,KARWAR,PEPPER (BLACK),black pepper,0,0,0,0
2015,10,UTTRA KANNADA,1,KARWAR,CHILLIES,chilli,24,1,0,1
2015,10,UTTRA KANNADA,1,KARWAR,GINGER,ginger,6,0,0,0
2015,10,UTTRA KANNADA,1,KARWAR,TURMERIC,turmeric,0,0,0,0
2015,10,UTTRA KANNADA,1,KARWAR,CARDAMOM (SMALL),cardamom,0,0,0,0
2015,10,UTTRA KANNADA,1,KARWAR,CARDAMOM (LARGE),cardamom,6,0,0,0
2015,10,UTTRA KANNADA,1,KARWAR,BETELNUTS (ARECANUTS),arecanut,5064,145,0,145
2015,10,UTTRA KANNADA,1,KARWAR,MANGOES,mango,850,29,3,32
2015,10,UTTRA KANNADA,1,KARWAR,BANANA,banana,5580,160,1,161
2015,10,UTTRA KANNADA,1,KARWAR,TABLE GRAPES,grapes,6,0,0,0
2015,10,UTTRA KANNADA,1,KARWAR,WINE GRAPES (BLACK),grapes,0,0,0,0
2015,10,UTTRA KANNADA,1,KARWAR,CASHEWNUTS,cashewnut,0,0,0,0
2015,10,UTTRA KANNADA,1,KARWAR,POMEGRANATE,pomegranate,0,0,0,0
2015,10,UTTRA KANNADA,1,KARWAR,POTATO,potato,0,0,0,0
2015,10,UTTRA KANNADA,1,KARWAR,TAPIOCA (CASSAVA),tapioca,0,0,0,0
2015,10,UTTRA KANNADA,1,KARWAR,SWEET POTATO,sweet potato,0,0,0,0
2015,10,UTTRA KANNADA,1,KARWAR,ONION,onion,0,0,0,0
2015,10,UTTRA KANNADA,1,KARWAR,TOMATO,tomato,0,0,0,0
2015,10,UTTRA KANNADA,1,KARWAR,GROUNDNUT,groundnut,0,0,0,0
2015,10,UTTRA KANNADA,1,KARWAR,CASTORSEED,castor,0,0,0,0
2015,10,UTTRA KANNADA,1,KARWAR,SESAMUM (TIL),sesame,12,2,0,2
2015,10,UTTRA KANNADA,1,KARWAR,RAPESEED & MUSTARD (TORIA/TARAMIRA),mustard,0,0,0,0
2015,10,UTTRA KANNADA,1,KARWAR,LINSEED,linseed,0,0,0,0
2015,10,UTTRA KANNADA,1,KARWAR,COCONUT,coconut,6410,475,5,480
2015,10,UTTRA KANNADA,1,KARWAR,SUNFLOWER,sunflower,0,0,0,0
2015,10,UTTRA KANNADA,1,KARWAR,SOYABEAN,soybean,0,0,0,0
2015,10,UTTRA KANNADA,1,KARWAR,NIGERSEED,niger seed,0,0,0,0
2015,10,UTTRA KANNADA,1,KARWAR,COTTON,cotton,0,0,0,0
2015,10,UTTRA KANNADA,1,KARWAR,JUTE,jute,0,0,0,0
2015,10,UTTRA KANNADA,1,KARWAR,MESTA,mesta,0,0,0,0
2015,10,UTTRA KANNADA,1,KARWAR,TOBACCO,tobacco,0,0,0,0
2015,10,UTTRA KANNADA,1,KARWAR,GUAR,guar,0,0,0,0
2015,10,UTTRA KANNADA,1,KARWAR,COFFEE,coffee,0,0,0,0
2015,10,UTTRA KANNADA,1,KARWAR,GROSS CROPPED AREA,,24464,1104,7542,8645
2015,10,UTTRA KANNADA,8,KUMTA,PADDY,rice,13420,112,5766,5877
2015,10,UTTRA KANNADA,8,KUMTA,JOWAR,jowar,0,0,0,0
2015,10,UTTRA KANNADA,8,KUMTA,BAJRA,bajra,0,0,0,0
2015,10,UTTRA KANNADA,8,KUMTA,MAIZE,maize,0,0,0,0
2015,10,UTTRA KANNADA,8,KUMTA,RAGI,ragi,29,1,0,1
2015,10,UTTRA KANNADA,8,KUMTA,WHEAT,wheat,66,3,1,3
2015,10,UTTRA KANNADA,8,KUMTA,BARLEY,barley,0,0,0,0
2015,10,UTTRA KANNADA,8,KUMTA,GRAM,chickpea,7,1,0,1
2015,10,UTTRA KANNADA,8,KUMTA,TUR (ARHAR),pigeonpea (tur),0,0,0,0
2015,10,UTTRA KANNADA,8,KUMTA,URAD,black gram,0,0,0,0
2015,10,UTTRA KANNADA,8,KUMTA,MOONG,green gram,0,0,0,0
2015,10,UTTRA KANNADA,8,KUMTA,MASUR,lentil,0,0,0,0
2015,10,UTTRA KANNADA,8,KUMTA,HORSEGRAM,horse gram,7,0,0,0
2015,10,UTTRA KANNADA,8,KUMTA,MOTH,moth bean,0,0,0,0
2015,10,UTTRA KANNADA,8,KUMTA,SUGARCANE,sugarcane,102,18,0,18
2015,10,UTTRA KANNADA,8,KUMTA,PEPPER (BLACK),black pepper,0,0,0,0
2015,10,UTTRA KANNADA,8,KUMTA,CHILLIES,chilli,0,0,0,0
2015,10,UTTRA KANNADA,8,KUMTA,GINGER,ginger,0,0,0,0
2015,10,UTTRA KANNADA,8,KUMTA,TURMERIC,turmeric,0,0,0,0
2015,10,UTTRA KANNADA,8,KUMTA,CARDAMOM (SMALL),cardamom,14,0,0,0
2015,10,UTTRA KANNADA,8,KUMTA,CARDAMOM (LARGE),cardamom,6,0,0,0
2015,10,UTTRA KANNADA,8,KUMTA,BETELNUTS (ARECANUTS),arecanut,5641,1249,4,1253
2015,10,UTTRA KANNADA,8,KUMTA,MANGOES,mango,808,9,36,45
2015,10,UTTRA KANNADA,8,KUMTA,BANANA,banana,2085,76,0,76
2015,10,UTTRA KANNADA,8,KUMTA,TABLE GRAPES,grapes,8,3,0,3
2015,10,UTTRA KANNADA,8,KUMTA,WINE GRAPES (BLACK),grapes,0,0,0,0
2015,10,UTTRA KANNADA,8,KUMTA,CASHEWNUTS,cashewnut,809,4,156,161
2015,10,UTTRA KANNADA,8,KUMTA,POMEGRANATE,pomegranate,0,0,0,0
2015,10,UTTRA KANNADA,8,KUMTA,POTATO,potato,0,0,0,0
2015,10,UTTRA KANNADA,8,KUMTA,TAPIOCA (CASSAVA),tapioca,0,0,0,0
2015,10,UTTRA KANNADA,8,KUMTA,SWEET POTATO,sweet potato,13,3,0,3
2015,10,UTTRA KANNADA,8,KUMTA,ONION,onion,0,0,0,0
2015,10,UTTRA KANNADA,8,KUMTA,TOMATO,tomato,0,0,0,0
2015,10,UTTRA KANNADA,8,KUMTA,GROUNDNUT,groundnut,0,0,0,0
2015,10,UTTRA KANNADA,8,KUMTA,CASTORSEED,castor,0,0,0,0
2015,10,UTTRA KANNADA,8,KUMTA,SESAMUM (TIL),sesame,31,2,0,2
2015,10,UTTRA KANNADA,8,KUMTA,RAPESEED & MUSTARD (TORIA/TARAMIRA),mustard,0,0,0,0
2015,10,UTTRA KANNADA,8,KUMTA,LINSEED,linseed,0,0,0,0
2015,10,UTTRA KANNADA,8,KUMTA,COCONUT,coconut,15714,1535,8,1542
2015,10,UTTRA KANNADA,8,KUMTA,SUNFLOWER,sunflower,6,0,0,0
2015,10,UTTRA KANNADA,8,KUMTA,SOYABEAN,soybean,0,0,0,0
2015,10,UTTRA KANNADA,8,KUMTA,NIGERSEED,niger seed,0,0,0,0
2015,10,UTTRA KANNADA,8,KUMTA,COTTON,cotton,0,0,0,0
2015,10,UTTRA KANNADA,8,KUMTA,JUTE,jute,0,0,0,0
2015,10,UTTRA KANNADA,8,KUMTA,MESTA,mesta,0,0,0,0
2015,10,UTTRA KANNADA,8,KUMTA,TOBACCO,tobacco,0,0,0,0
2015,10,UTTRA KANNADA,8,KUMTA,GUAR,guar,0,0,0,0
2015,10,UTTRA KANNADA,8,KUMTA,COFFEE,coffee,0,0,0,0
2015,10,UTTRA KANNADA,8,KUMTA,GROSS CROPPED AREA,,29696,3046,6002,9048
2015,10,UTTRA KANNADA,5,MUNDGOD,PADDY,rice,8412,1809,7356,9165
2015,10,UTTRA KANNADA,5,MUNDGOD,JOWAR,jowar,0,0,0,0
2015,10,UTTRA KANNADA,5,MUNDGOD,BAJRA,bajra,0,0,0,0
2015,10,UTTRA KANNADA,5,MUNDGOD,MAIZE,maize,2657,676,1765,2441
2015,10,UTTRA KANNADA,5,MUNDGOD,RAGI,ragi,0,0,0,0
2015,10,UTTRA KANNADA,5,MUNDGOD,WHEAT,wheat,0,0,0,0
2015,10,UTTRA KANNADA,5,MUNDGOD,BARLEY,barley,0,0,0,0
2015,10,UTTRA KANNADA,5,MUNDGOD,GRAM,chickpea,0,0,0,0
2015,10,UTTRA KANNADA,5,MUNDGOD,TUR (ARHAR),pigeonpea (tur),0,0,0,0
2015,10,UTTRA KANNADA,5,MUNDGOD,URAD,black gram,0,0,0,0
2015,10,UTTRA KANNADA,5,MUNDGOD,MOONG,green gram,0,0,0,0
2015,10,UTTRA KANNADA,5,MUNDGOD,MASUR,lentil,0,0,0,0
2015,10,UTTRA KANNADA,5,MUNDGOD,HORSEGRAM,horse gram,9,0,3,3
2015,10,UTTRA KANNADA,5,MUNDGOD,MOTH,moth bean,0,0,0,0
2015,10,UTTRA KANNADA,5,MUNDGOD,SUGARCANE,sugarcane,71,28,0,28
2015,10,UTTRA KANNADA,5,MUNDGOD,PEPPER (BLACK),black pepper,8,3,0,3
2015,10,UTTRA KANNADA,5,MUNDGOD,CHILLIES,chilli,0,0,0,0
2015,10,UTTRA KANNADA,5,MUNDGOD,GINGER,ginger,155,173,14,187
2015,10,UTTRA KANNADA,5,MUNDGOD,TURMERIC,turmeric,0,0,0,0
2015,10,UTTRA KANNADA,5,MUNDGOD,CARDAMOM (SMALL),cardamom,0,0,0,0
2015,10,UTTRA KANNADA,5,MUNDGOD,CARDAMOM (LARGE),cardamom,0,0,0,0
2015,10,UTTRA KANNADA,5,MUNDGOD,BETELNUTS (ARECANUTS),arecanut,1635,1458,28,1486
2015,10,UTTRA KANNADA,5,MUNDGOD,MANGOES,mango,413,108,308,416
2015,10,UTTRA KANNADA,5,MUNDGOD,BANANA,banana,714,418,15,434
2015,10,UTTRA KANNADA,5,MUNDGOD,TABLE GRAPES,grapes,0,0,0,0
2015,10,UTTRA KANNADA,5,MUNDGOD,WINE GRAPES (BLACK),grapes,0,0,0,0
2015,10,UTTRA KANNADA,5,MUNDGOD,CASHEWNUTS,cashewnut,60,2,18,20
2015,10,UTTRA KANNADA,5,MUNDGOD,POMEGRANATE,pomegranate,0,0,0,0
2015,10,UTTRA KANNADA,5,MUNDGOD,POTATO,potato,0,0,0,0
2015,10,UTTRA KANNADA,5,MUNDGOD,TAPIOCA (CASSAVA),tapioca,0,0,0,0
2015,10,UTTRA KANNADA,5,MUNDGOD,SWEET POTATO,sweet potato,0,0,0,0
2015,10,UTTRA KANNADA,5,MUNDGOD,ONION,onion,0,0,0,0
2015,10,UTTRA KANNADA,5,MUNDGOD,TOMATO,tomato,0,0,0,0
2015,10,UTTRA KANNADA,5,MUNDGOD,GROUNDNUT,groundnut,0,0,0,0
2015,10,UTTRA KANNADA,5,MUNDGOD,CASTORSEED,castor,0,0,0,0
2015,10,UTTRA KANNADA,5,MUNDGOD,SESAMUM (TIL),sesame,0,0,0,0
2015,10,UTTRA KANNADA,5,MUNDGOD,RAPESEED & MUSTARD (TORIA/TARAMIRA),mustard,0,0,0,0
2015,10,UTTRA KANNADA,5,MUNDGOD,LINSEED,linseed,0,0,0,0
2015,10,UTTRA KANNADA,5,MUNDGOD,COCONUT,coconut,100,21,21,43
2015,10,UTTRA KANNADA,5,MUNDGOD,SUNFLOWER,sunflower,0,0,0,0
2015,10,UTTRA KANNADA,5,MUNDGOD,SOYABEAN,soybean,6,0,3,3
2015,10,UTTRA KANNADA,5,MUNDGOD,NIGERSEED,niger seed,0,0,0,0
2015,10,UTTRA KANNADA,5,MUNDGOD,COTTON,cotton,604,384,18,403
2015,10,UTTRA KANNADA,5,MUNDGOD,JUTE,jute,0,0,0,0
2015,10,UTTRA KANNADA,5,MUNDGOD,MESTA,mesta,0,0,0,0
2015,10,UTTRA KANNADA,5,MUNDGOD,TOBACCO,tobacco,0,0,0,0
2015,10,UTTRA KANNADA,5,MUNDGOD,GUAR,guar,15,0,7,7
2015,10,UTTRA KANNADA,5,MUNDGOD,COFFEE,coffee,0,0,0,0
2015,10,UTTRA KANNADA,5,MUNDGOD,GROSS CROPPED AREA,,11073,5151,9669,14820
2015,10,UTTRA KANNADA,9,SIDDAPUR,PADDY,rice,11746,270,7871,8141
2015,10,UTTRA KANNADA,9,SIDDAPUR,JOWAR,jowar,0,0,0,0
2015,10,UTTRA KANNADA,9,SIDDAPUR,BAJRA,bajra,4,0,0,0
2015,10,UTTRA KANNADA,9,SIDDAPUR,MAIZE,maize,43,2,1,3
2015,10,UTTRA KANNADA,9,SIDDAPUR,RAGI,ragi,0,0,0,0
2015,10,UTTRA KANNADA,9,SIDDAPUR,WHEAT,wheat,0,0,0,0
2015,10,UTTRA KANNADA,9,SIDDAPUR,BARLEY,barley,0,0,0,0
2015,10,UTTRA KANNADA,9,SIDDAPUR,GRAM,chickpea,0,0,0,0
2015,10,UTTRA KANNADA,9,SIDDAPUR,TUR (ARHAR),pigeonpea (tur),0,0,0,0
2015,10,UTTRA KANNADA,9,SIDDAPUR,URAD,black gram,64,6,0,6
2015,10,UTTRA KANNADA,9,SIDDAPUR,MOONG,green gram,6,0,0,0
2015,10,UTTRA KANNADA,9,SIDDAPUR,MASUR,lentil,0,0,0,0
2015,10,UTTRA KANNADA,9,SIDDAPUR,HORSEGRAM,horse gram,0,0,0,0
2015,10,UTTRA KANNADA,9,SIDDAPUR,MOTH,moth bean,0,0,0,0
2015,10,UTTRA KANNADA,9,SIDDAPUR,SUGARCANE,sugarcane,295,38,0,38
2015,10,UTTRA KANNADA,9,SIDDAPUR,PEPPER (BLACK),black pepper,3147,63,136,199
2015,10,UTTRA KANNADA,9,SIDDAPUR,CHILLIES,chilli,16,0,1,1
2015,10,UTTRA KANNADA,9,SIDDAPUR,GINGER,ginger,84,7,1,8
2015,10,UTTRA KANNADA,9,SIDDAPUR,TURMERIC,turmeric,8,2,0,2
2015,10,UTTRA KANNADA,9,SIDDAPUR,CARDAMOM (SMALL),cardamom,2304,66,58,124
2015,10,UTTRA KANNADA,9,SIDDAPUR,CARDAMOM (LARGE),cardamom,47,1,11,12
2015,10,UTTRA KANNADA,9,SIDDAPUR,BETELNUTS (ARECANUTS),arecanut,9223,1438,2258,3695
2015,10,UTTRA KANNADA,9,SIDDAPUR,MANGOES,mango,117,5,8,13
2015,10,UTTRA KANNADA,9,SIDDAPUR,BANANA,banana,6307,195,245,441
2015,10,UTTRA KANNADA,9,SIDDAPUR,TABLE GRAPES,grapes,4,1,0,1
2015,10,UTTRA KANNADA,9,SIDDAPUR,WINE GRAPES (BLACK),grapes,0,0,0,0
2015,10,UTTRA KANNADA,9,SIDDAPUR,CASHEWNUTS,cashewnut,160,0,43,43
2015,10,UTTRA KANNADA,9,SIDDAPUR,POMEGRANATE,pomegranate,0,0,0,0
2015,10,UTTRA KANNADA,9,SIDDAPUR,POTATO,potato,0,0,0,0
2015,10,UTTRA KANNADA,9,SIDDAPUR,TAPIOCA (CASSAVA),tapioca,4,0,0,0
2015,10,UTTRA KANNADA,9,SIDDAPUR,SWEET POTATO,sweet potato,0,0,0,0
2015,10,UTTRA KANNADA,9,SIDDAPUR,ONION,onion,0,0,0,0
2015,10,UTTRA KANNADA,9,SIDDAPUR,TOMATO,tomato,0,0,0,0
2015,10,UTTRA KANNADA,9,SIDDAPUR,GROUNDNUT,groundnut,4,0,0,0
2015,10,UTTRA KANNADA,9,SIDDAPUR,CASTORSEED,castor,0,0,0,0
2015,10,UTTRA KANNADA,9,SIDDAPUR,SESAMUM (TIL),sesame,0,0,0,0
2015,10,UTTRA KANNADA,9,SIDDAPUR,RAPESEED & MUSTARD (TORIA/TARAMIRA),mustard,0,0,0,0
2015,10,UTTRA KANNADA,9,SIDDAPUR,LINSEED,linseed,0,0,0,0
2015,10,UTTRA KANNADA,9,SIDDAPUR,COCONUT,coconut,799,76,51,127
2015,10,UTTRA KANNADA,9,SIDDAPUR,SUNFLOWER,sunflower,0,0,0,0
2015,10,UTTRA KANNADA,9,SIDDAPUR,SOYABEAN,soybean,0,0,0,0
2015,10,UTTRA KANNADA,9,SIDDAPUR,NIGERSEED,niger seed,4,0,5,5
2015,10,UTTRA KANNADA,9,SIDDAPUR,COTTON,cotton,0,0,0,0
2015,10,UTTRA KANNADA,9,SIDDAPUR,JUTE,jute,0,0,0,0
2015,10,UTTRA KANNADA,9,SIDDAPUR,MESTA,mesta,0,0,0,0
2015,10,UTTRA KANNADA,9,SIDDAPUR,TOBACCO,tobacco,0,0,0,0
2015,10,UTTRA KANNADA,9,SIDDAPUR,GUAR,guar,0,0,0,0
2015,10,UTTRA KANNADA,9,SIDDAPUR,COFFEE,coffee,0,0,0,0
2015,10,UTTRA KANNADA,9,SIDDAPUR,GROSS CROPPED AREA,,17971,2331,10959,13290
2015,10,UTTRA KANNADA,6,SIRSI,PADDY,rice,12193,220,10261,10481
2015,10,UTTRA KANNADA,6,SIRSI,JOWAR,jowar,0,0,0,0
2015,10,UTTRA KANNADA,6,SIRSI,BAJRA,bajra,50,0,41,41
2015,10,UTTRA KANNADA,6,SIRSI,MAIZE,maize,134,29,67,96
2015,10,UTTRA KANNADA,6,SIRSI,RAGI,ragi,0,0,0,0
2015,10,UTTRA KANNADA,6,SIRSI,WHEAT,wheat,21,2,8,10
2015,10,UTTRA KANNADA,6,SIRSI,BARLEY,barley,0,0,0,0
2015,10,UTTRA KANNADA,6,SIRSI,GRAM,chickpea,4,0,0,0
2015,10,UTTRA KANNADA,6,SIRSI,TUR (ARHAR),pigeonpea (tur),0,0,0,0
2015,10,UTTRA KANNADA,6,SIRSI,URAD,black gram,0,0,0,0
2015,10,UTTRA KANNADA,6,SIRSI,MOONG,green gram,4,0,0,0
2015,10,UTTRA KANNADA,6,SIRSI,MASUR,lentil,0,0,0,0
2015,10,UTTRA KANNADA,6,SIRSI,HORSEGRAM,horse gram,0,0,0,0
2015,10,UTTRA KANNADA,6,SIRSI,MOTH,moth bean,0,0,0,0
2015,10,UTTRA KANNADA,6,SIRSI,SUGARCANE,sugarcane,487,241,0,241
2015,10,UTTRA KANNADA,6,SIRSI,PEPPER (BLACK),black pepper,2088,93,73,166
2015,10,UTTRA KANNADA,6,SIRSI,CHILLIES,chilli,4,1,0,1
2015,10,UTTRA KANNADA,6,SIRSI,GINGER,ginger,287,31,83,114
2015,10,UTTRA KANNADA,6,SIRSI,TURMERIC,turmeric,5,2,4,6
2015,10,UTTRA KANNADA,6,SIRSI,CARDAMOM (SMALL),cardamom,1603,72,88,160
2015,10,UTTRA KANNADA,6,SIRSI,CARDAMOM (LARGE),cardamom,22,1,1,2
2015,10,UTTRA KANNADA,6,SIRSI,BETELNUTS (ARECANUTS),arecanut,10078,4115,2593,6708
2015,10,UTTRA KANNADA,6,SIRSI,MANGOES,mango,287,7,71,77
2015,10,UTTRA KANNADA,6,SIRSI,BANANA,banana,4355,467,292,759
2015,10,UTTRA KANNADA,6,SIRSI,TABLE GRAPES,grapes,4,0,2,2
2015,10,UTTRA KANNADA,6,SIRSI,WINE GRAPES (BLACK),grapes,0,0,0,0
2015,10,UTTRA KANNADA,6,SIRSI,CASHEWNUTS,cashewnut,224,17,72,89
2015,10,UTTRA KANNADA,6,SIRSI,POMEGRANATE,pomegranate,2,1,0,1
2015,10,UTTRA KANNADA,6,SIRSI,POTATO,potato,0,0,0,0
2015,10,UTTRA KANNADA,6,SIRSI,TAPIOCA (CASSAVA),tapioca,0,0,0,0
2015,10,UTTRA KANNADA,6,SIRSI,SWEET POTATO,sweet potato,0,0,0,0
2015,10,UTTRA KANNADA,6,SIRSI,ONION,onion,0,0,0,0
2015,10,UTTRA KANNADA,6,SIRSI,TOMATO,tomato,0,0,0,0
2015,10,UTTRA KANNADA,6,SIRSI,GROUNDNUT,groundnut,4,0,2,2
2015,10,UTTRA KANNADA,6,SIRSI,CASTORSEED,castor,0,0,0,0
2015,10,UTTRA KANNADA,6,SIRSI,SESAMUM (TIL),sesame,0,0,0,0
2015,10,UTTRA KANNADA,6,SIRSI,RAPESEED & MUSTARD (TORIA/TARAMIRA),mustard,0,0,0,0
2015,10,UTTRA KANNADA,6,SIRSI,LINSEED,linseed,0,0,0,0
2015,10,UTTRA KANNADA,6,SIRSI,COCONUT,coconut,2062,196,336,533
2015,10,UTTRA KANNADA,6,SIRSI,SUNFLOWER,sunflower,0,0,0,0
2015,10,UTTRA KANNADA,6,SIRSI,SOYABEAN,soybean,0,0,0,0
2015,10,UTTRA KANNADA,6,SIRSI,NIGERSEED,niger seed,0,0,0,0
2015,10,UTTRA KANNADA,6,SIRSI,COTTON,cotton,0,0,0,0
2015,10,UTTRA KANNADA,6,SIRSI,JUTE,jute,0,0,0,0
2015,10,UTTRA KANNADA,6,SIRSI,MESTA,mesta,4,0,3,3
2015,10,UTTRA KANNADA,6,SIRSI,TOBACCO,tobacco,0,0,0,0
2015,10,UTTRA KANNADA,6,SIRSI,GUAR,guar,8,0,1,2
2015,10,UTTRA KANNADA,6,SIRSI,COFFEE,coffee,42,2,1,2
2015,10,UTTRA KANNADA,6,SIRSI,GROSS CROPPED AREA,,22009,5715,14389,20104
2015,10,UTTRA KANNADA,2,SUPA,PADDY,rice,5098,122,5865,5987
2015,10,UTTRA KANNADA,2,SUPA,JOWAR,jowar,0,0,0,0
2015,10,UTTRA KANNADA,2,SUPA,BAJRA,bajra,0,0,0,0
2015,10,UTTRA KANNADA,2,SUPA,MAIZE,maize,0,0,0,0
2015,10,UTTRA KANNADA,2,SUPA,RAGI,ragi,6,0,0,0
2015,10,UTTRA KANNADA,2,SUPA,WHEAT,wheat,6,1,0,1
2015,10,UTTRA KANNADA,2,SUPA,BARLEY,barley,0,0,0,0
2015,10,UTTRA KANNADA,2,SUPA,GRAM,chickpea,0,0,0,0
2015,10,UTTRA KANNADA,2,SUPA,TUR (ARHAR),pigeonpea (tur),0,0,0,0
2015,10,UTTRA KANNADA,2,SUPA,URAD,black gram,0,0,0,0
2015,10,UTTRA KANNADA,2,SUPA,MOONG,green gram,0,0,0,0
2015,10,UTTRA KANNADA,2,SUPA,MASUR,lentil,0,0,0,0
2015,10,UTTRA KANNADA,2,SUPA,HORSEGRAM,horse gram,0,0,0,0
2015,10,UTTRA KANNADA,2,SUPA,MOTH,moth bean,0,0,0,0
2015,10,UTTRA KANNADA,2,SUPA,SUGARCANE,sugarcane,20,19,0,19
2015,10,UTTRA KANNADA,2,SUPA,PEPPER (BLACK),black pepper,50,10,3,12
2015,10,UTTRA KANNADA,2,SUPA,CHILLIES,chilli,0,0,0,0
2015,10,UTTRA KANNADA,2,SUPA,GINGER,ginger,0,0,0,0
2015,10,UTTRA KANNADA,2,SUPA,TURMERIC,turmeric,0,0,0,0
2015,10,UTTRA KANNADA,2,SUPA,CARDAMOM (SMALL),cardamom,36,6,0,6
2015,10,UTTRA KANNADA,2,SUPA,CARDAMOM (LARGE),cardamom,0,0,0,0
2015,10,UTTRA KANNADA,2,SUPA,BETELNUTS (ARECANUTS),arecanut,226,180,1,182
2015,10,UTTRA KANNADA,2,SUPA,MANGOES,mango,200,17,32,49
2015,10,UTTRA KANNADA,2,SUPA,BANANA,banana,345,72,4,76
2015,10,UTTRA KANNADA,2,SUPA,TABLE GRAPES,grapes,0,0,0,0
2015,10,UTTRA KANNADA,2,SUPA,WINE GRAPES (BLACK),grapes,0,0,0,0
2015,10,UTTRA KANNADA,2,SUPA,CASHEWNUTS,cashewnut,193,4,29,32
2015,10,UTTRA KANNADA,2,SUPA,POMEGRANATE,pomegranate,0,0,0,0
2015,10,UTTRA KANNADA,2,SUPA,POTATO,potato,0,0,0,0
2015,10,UTTRA KANNADA,2,SUPA,TAPIOCA (CASSAVA),tapioca,0,0,0,0
2015,10,UTTRA KANNADA,2,SUPA,SWEET POTATO,sweet potato,0,0,0,0
2015,10,UTTRA KANNADA,2,SUPA,ONION,onion,0,0,0,0
2015,10,UTTRA KANNADA,2,SUPA,TOMATO,tomato,0,0,0,0
2015,10,UTTRA KANNADA,2,SUPA,GROUNDNUT,groundnut,5,0,1,1
2015,10,UTTRA KANNADA,2,SUPA,CASTORSEED,castor,0,0,0,0
2015,10,UTTRA KANNADA,2,SUPA,SESAMUM (TIL),sesame,0,0,0,0
2015,10,UTTRA KANNADA,2,SUPA,RAPESEED & MUSTARD (TORIA/TARAMIRA),mustard,0,0,0,0
2015,10,UTTRA KANNADA,2,SUPA,LINSEED,linseed,0,0,0,0
2015,10,UTTRA KANNADA,2,SUPA,COCONUT,coconut,223,86,4,90
2015,10,UTTRA KANNADA,2,SUPA,SUNFLOWER,sunflower,0,0,0,0
2015,10,UTTRA KANNADA,2,SUPA,SOYABEAN,soybean,0,0,0,0
2015,10,UTTRA KANNADA,2,SUPA,NIGERSEED,niger seed,0,0,0,0
2015,10,UTTRA KANNADA,2,SUPA,COTTON,cotton,0,0,0,0
2015,10,UTTRA KANNADA,2,SUPA,JUTE,jute,0,0,0,0
2015,10,UTTRA KANNADA,2,SUPA,MESTA,mesta,0,0,0,0
2015,10,UTTRA KANNADA,2,SUPA,TOBACCO,tobacco,0,0,0,0
2015,10,UTTRA KANNADA,2,SUPA,GUAR,guar,0,0,0,0
2015,10,UTTRA KANNADA,2,SUPA,COFFEE,coffee,0,0,0,0
2015,10,UTTRA KANNADA,2,SUPA,GROSS CROPPED AREA,,5596,535,5968,6504
2015,10,UTTRA KANNADA,4,YELLAPUR,PADDY,rice,5974,192,4580,4771
2015,10,UTTRA KANNADA,4,YELLAPUR,JOWAR,jowar,4,0,1,1
2015,10,UTTRA KANNADA,4,YELLAPUR,BAJRA,bajra,0,0,0,0
2015,10,UTTRA KANNADA,4,YELLAPUR,MAIZE,maize,25,0,17,17
2015,10,UTTRA KANNADA,4,YELLAPUR,RAGI,ragi,4,0,1,1
2015,10,UTTRA KANNADA,4,YELLAPUR,WHEAT,wheat,0,0,0,0
2015,10,UTTRA KANNADA,4,YELLAPUR,BARLEY,barley,4,8,0,8
2015,10,UTTRA KANNADA,4,YELLAPUR,GRAM,chickpea,4,0,2,2
2015,10,UTTRA KANNADA,4,YELLAPUR,TUR (ARHAR),pigeonpea (tur),0,0,0,0
2015,10,UTTRA KANNADA,4,YELLAPUR,URAD,black gram,0,0,0,0
2015,10,UTTRA KANNADA,4,YELLAPUR,MOONG,green gram,0,0,0,0
2015,10,UTTRA KANNADA,4,YELLAPUR,MASUR,lentil,0,0,0,0
2015,10,UTTRA KANNADA,4,YELLAPUR,HORSEGRAM,horse gram,0,0,0,0
2015,10,UTTRA KANNADA,4,YELLAPUR,MOTH,moth bean,0,0,0,0
2015,10,UTTRA KANNADA,4,YELLAPUR,SUGARCANE,sugarcane,146,39,0,39
2015,10,UTTRA KANNADA,4,YELLAPUR,PEPPER (BLACK),black pepper,132,16,0,16
2015,10,UTTRA KANNADA,4,YELLAPUR,CHILLIES,chilli,0,0,0,0
2015,10,UTTRA KANNADA,4,YELLAPUR,GINGER,ginger,0,0,0,0
2015,10,UTTRA KANNADA,4,YELLAPUR,TURMERIC,turmeric,0,0,0,0
2015,10,UTTRA KANNADA,4,YELLAPUR,CARDAMOM (SMALL),cardamom,28,5,0,5
2015,10,UTTRA KANNADA,4,YELLAPUR,CARDAMOM (LARGE),cardamom,0,0,0,0
2015,10,UTTRA KANNADA,4,YELLAPUR,BETELNUTS (ARECANUTS),arecanut,4650,2108,976,3084
2015,10,UTTRA KANNADA,4,YELLAPUR,MANGOES,mango,87,0,11,11
2015,10,UTTRA KANNADA,4,YELLAPUR,BANANA,banana,586,86,9,96
2015,10,UTTRA KANNADA,4,YELLAPUR,TABLE GRAPES,grapes,0,0,0,0
2015,10,UTTRA KANNADA,4,YELLAPUR,WINE GRAPES (BLACK),grapes,5,0,2,2
2015,10,UTTRA KANNADA,4,YELLAPUR,CASHEWNUTS,cashewnut,134,6,31,37
2015,10,UTTRA KANNADA,4,YELLAPUR,POMEGRANATE,pomegranate,0,0,0,0
2015,10,UTTRA KANNADA,4,YELLAPUR,POTATO,potato,0,0,0,0
2015,10,UTTRA KANNADA,4,YELLAPUR,TAPIOCA (CASSAVA),tapioca,0,0,0,0
2015,10,UTTRA KANNADA,4,YELLAPUR,SWEET POTATO,sweet potato,0,0,0,0
2015,10,UTTRA KANNADA,4,YELLAPUR,ONION,onion,0,0,0,0
2015,10,UTTRA KANNADA,4,YELLAPUR,TOMATO,tomato,0,0,0,0
2015,10,UTTRA KANNADA,4,YELLAPUR,GROUNDNUT,groundnut,14,0,8,8
2015,10,UTTRA KANNADA,4,YELLAPUR,CASTORSEED,castor,0,0,0,0
2015,10,UTTRA KANNADA,4,YELLAPUR,SESAMUM (TIL),sesame,0,0,0,0
2015,10,UTTRA KANNADA,4,YELLAPUR,RAPESEED & MUSTARD (TORIA/TARAMIRA),mustard,0,0,0,0
2015,10,UTTRA KANNADA,4,YELLAPUR,LINSEED,linseed,0,0,0,0
2015,10,UTTRA KANNADA,4,YELLAPUR,COCONUT,coconut,994,178,44,222
2015,10,UTTRA KANNADA,4,YELLAPUR,SUNFLOWER,sunflower,0,0,0,0
2015,10,UTTRA KANNADA,4,YELLAPUR,SOYABEAN,soybean,0,0,0,0
2015,10,UTTRA KANNADA,4,YELLAPUR,NIGERSEED,niger seed,0,0,0,0
2015,10,UTTRA KANNADA,4,YELLAPUR,COTTON,cotton,173,0,120,120
2015,10,UTTRA KANNADA,4,YELLAPUR,JUTE,jute,0,0,0,0
2015,10,UTTRA KANNADA,4,YELLAPUR,MESTA,mesta,0,0,0,0
2015,10,UTTRA KANNADA,4,YELLAPUR,TOBACCO,tobacco,0,0,0,0
2015,10,UTTRA KANNADA,4,YELLAPUR,GUAR,guar,4,0,2,2
2015,10,UTTRA KANNADA,4,YELLAPUR,COFFEE,coffee,0,0,0,0
2015,10,UTTRA KANNADA,4,YELLAPUR,GROSS CROPPED AREA,,8787,2640,6061,8700
2015,3,VIJAPURA,4,BASAVANA BAGEVADI,PADDY,rice,245,110,423,533
2015,3,VIJAPURA,4,BASAVANA BAGEVADI,JOWAR,jowar,16718,3254,39040,42294
2015,3,VIJAPURA,4,BASAVANA BAGEVADI,BAJRA,bajra,3978,527,6637,7164
2015,3,VIJAPURA,4,BASAVANA BAGEVADI,MAIZE,maize,3441,5445,1451,6896
2015,3,VIJAPURA,4,BASAVANA BAGEVADI,RAGI,ragi,20,3,12,15
2015,3,VIJAPURA,4,BASAVANA BAGEVADI,WHEAT,wheat,4337,2175,5902,8078
2015,3,VIJAPURA,4,BASAVANA BAGEVADI,BARLEY,barley,24,0,35,35
2015,3,VIJAPURA,4,BASAVANA BAGEVADI,GRAM,chickpea,16608,3320,37492,40811
2015,3,VIJAPURA,4,BASAVANA BAGEVADI,TUR (ARHAR),pigeonpea (tur),17478,4181,41387,45568
2015,3,VIJAPURA,4,BASAVANA BAGEVADI,URAD,black gram,0,0,0,0
2015,3,VIJAPURA,4,BASAVANA BAGEVADI,MOONG,green gram,92,0,82,82
2015,3,VIJAPURA,4,BASAVANA BAGEVADI,MASUR,lentil,7,0,16,16
2015,3,VIJAPURA,4,BASAVANA BAGEVADI,HORSEGRAM,horse gram,51,0,74,74
2015,3,VIJAPURA,4,BASAVANA BAGEVADI,MOTH,moth bean,0,0,0,0
2015,3,VIJAPURA,4,BASAVANA BAGEVADI,SUGARCANE,sugarcane,4613,9618,0,9618
2015,3,VIJAPURA,4,BASAVANA BAGEVADI,PEPPER (BLACK),black pepper,0,0,0,0
2015,3,VIJAPURA,4,BASAVANA BAGEVADI,CHILLIES,chilli,30,87,0,87
2015,3,VIJAPURA,4,BASAVANA BAGEVADI,GINGER,ginger,0,0,0,0
2015,3,VIJAPURA,4,BASAVANA BAGEVADI,TURMERIC,turmeric,6,4,0,4
2015,3,VIJAPURA,4,BASAVANA BAGEVADI,CARDAMOM (SMALL),cardamom,0,0,0,0
2015,3,VIJAPURA,4,BASAVANA BAGEVADI,CARDAMOM (LARGE),cardamom,0,0,0,0
2015,3,VIJAPURA,4,BASAVANA BAGEVADI,BETELNUTS (ARECANUTS),arecanut,19,10,32,42
2015,3,VIJAPURA,4,BASAVANA BAGEVADI,MANGOES,mango,12,8,5,13
2015,3,VIJAPURA,4,BASAVANA BAGEVADI,BANANA,banana,549,70,1128,1198
2015,3,VIJAPURA,4,BASAVANA BAGEVADI,TABLE GRAPES,grapes,417,49,846,895
2015,3,VIJAPURA,4,BASAVANA BAGEVADI,WINE GRAPES (BLACK),grapes,0,0,0,0
2015,3,VIJAPURA,4,BASAVANA BAGEVADI,CASHEWNUTS,cashewnut,0,0,0,0
2015,3,VIJAPURA,4,BASAVANA BAGEVADI,POMEGRANATE,pomegranate,86,47,118,165
2015,3,VIJAPURA,4,BASAVANA BAGEVADI,POTATO,potato,6,5,0,5
2015,3,VIJAPURA,4,BASAVANA BAGEVADI,TAPIOCA (CASSAVA),tapioca,8,10,0,10
2015,3,VIJAPURA,4,BASAVANA BAGEVADI,SWEET POTATO,sweet potato,0,0,0,0
2015,3,VIJAPURA,4,BASAVANA BAGEVADI,ONION,onion,5864,10062,160,10222
2015,3,VIJAPURA,4,BASAVANA BAGEVADI,TOMATO,tomato,12,10,0,10
2015,3,VIJAPURA,4,BASAVANA BAGEVADI,GROUNDNUT,groundnut,777,746,849,1595
2015,3,VIJAPURA,4,BASAVANA BAGEVADI,CASTORSEED,castor,0,0,0,0
2015,3,VIJAPURA,4,BASAVANA BAGEVADI,SESAMUM (TIL),sesame,115,0,308,308
2015,3,VIJAPURA,4,BASAVANA BAGEVADI,RAPESEED & MUSTARD (TORIA/TARAMIRA),mustard,12,3,9,12
2015,3,VIJAPURA,4,BASAVANA BAGEVADI,LINSEED,linseed,512,3,568,571
2015,3,VIJAPURA,4,BASAVANA BAGEVADI,COCONUT,coconut,56,0,95,95
2015,3,VIJAPURA,4,BASAVANA BAGEVADI,SUNFLOWER,sunflower,2963,358,5801,6159
2015,3,VIJAPURA,4,BASAVANA BAGEVADI,SOYABEAN,soybean,0,0,0,0
2015,3,VIJAPURA,4,BASAVANA BAGEVADI,NIGERSEED,niger seed,0,0,0,0
2015,3,VIJAPURA,4,BASAVANA BAGEVADI,COTTON,cotton,114,4,274,278
2015,3,VIJAPURA,4,BASAVANA BAGEVADI,JUTE,jute,0,0,0,0
2015,3,VIJAPURA,4,BASAVANA BAGEVADI,MESTA,mesta,0,0,0,0
2015,3,VIJAPURA,4,BASAVANA BAGEVADI,TOBACCO,tobacco,0,0,0,0
2015,3,VIJAPURA,4,BASAVANA BAGEVADI,GUAR,guar,0,0,0,0
2015,3,VIJAPURA,4,BASAVANA BAGEVADI,COFFEE,coffee,0,0,0,0
2015,3,VIJAPURA,4,BASAVANA BAGEVADI,GROSS CROPPED AREA,,64708,41302,144545,185846
2015,3,VIJAPURA,1,BIJAPUR,PADDY,rice,100,44,63,107
2015,3,VIJAPURA,1,BIJAPUR,JOWAR,jowar,25439,1085,42847,43932
2015,3,VIJAPURA,1,BIJAPUR,BAJRA,bajra,12397,1677,16017,17694
2015,3,VIJAPURA,1,BIJAPUR,MAIZE,maize,6687,7196,1617,8813
2015,3,VIJAPURA,1,BIJAPUR,RAGI,ragi,21,7,14,21
2015,3,VIJAPURA,1,BIJAPUR,WHEAT,wheat,6161,3312,4483,7795
2015,3,VIJAPURA,1,BIJAPUR,BARLEY,barley,65,0,104,104
2015,3,VIJAPURA,1,BIJAPUR,GRAM,chickpea,22164,1103,31997,33100
2015,3,VIJAPURA,1,BIJAPUR,TUR (ARHAR),pigeonpea (tur),32872,783,71145,71928
2015,3,VIJAPURA,1,BIJAPUR,URAD,black gram,216,26,296,322
2015,3,VIJAPURA,1,BIJAPUR,MOONG,green gram,2526,253,2185,2437
2015,3,VIJAPURA,1,BIJAPUR,MASUR,lentil,16,9,2,11
2015,3,VIJAPURA,1,BIJAPUR,HORSEGRAM,horse gram,1826,154,1337,1491
2015,3,VIJAPURA,1,BIJAPUR,MOTH,moth bean,0,0,0,0
2015,3,VIJAPURA,1,BIJAPUR,SUGARCANE,sugarcane,7004,15828,0,15828
2015,3,VIJAPURA,1,BIJAPUR,PEPPER (BLACK),black pepper,0,0,0,0
2015,3,VIJAPURA,1,BIJAPUR,CHILLIES,chilli,58,42,0,42
2015,3,VIJAPURA,1,BIJAPUR,GINGER,ginger,0,0,0,0
2015,3,VIJAPURA,1,BIJAPUR,TURMERIC,turmeric,85,72,7,78
2015,3,VIJAPURA,1,BIJAPUR,CARDAMOM (SMALL),cardamom,0,0,0,0
2015,3,VIJAPURA,1,BIJAPUR,CARDAMOM (LARGE),cardamom,0,0,0,0
2015,3,VIJAPURA,1,BIJAPUR,BETELNUTS (ARECANUTS),arecanut,21,17,0,17
2015,3,VIJAPURA,1,BIJAPUR,MANGOES,mango,58,54,0,54
2015,3,VIJAPURA,1,BIJAPUR,BANANA,banana,622,854,8,862
2015,3,VIJAPURA,1,BIJAPUR,TABLE GRAPES,grapes,9979,8586,177,8763
2015,3,VIJAPURA,1,BIJAPUR,WINE GRAPES (BLACK),grapes,6,4,0,4
2015,3,VIJAPURA,1,BIJAPUR,CASHEWNUTS,cashewnut,0,0,0,0
2015,3,VIJAPURA,1,BIJAPUR,POMEGRANATE,pomegranate,5504,4966,239,5205
2015,3,VIJAPURA,1,BIJAPUR,POTATO,potato,0,0,0,0
2015,3,VIJAPURA,1,BIJAPUR,TAPIOCA (CASSAVA),tapioca,11,0,26,26
2015,3,VIJAPURA,1,BIJAPUR,SWEET POTATO,sweet potato,18,8,20,28
2015,3,VIJAPURA,1,BIJAPUR,ONION,onion,1263,814,497,1311
2015,3,VIJAPURA,1,BIJAPUR,TOMATO,tomato,613,328,24,351
2015,3,VIJAPURA,1,BIJAPUR,GROUNDNUT,groundnut,4076,1850,2600,4450
2015,3,VIJAPURA,1,BIJAPUR,CASTORSEED,castor,15,26,8,34
2015,3,VIJAPURA,1,BIJAPUR,SESAMUM (TIL),sesame,42,0,12,12
2015,3,VIJAPURA,1,BIJAPUR,RAPESEED & MUSTARD (TORIA/TARAMIRA),mustard,16,27,0,27
2015,3,VIJAPURA,1,BIJAPUR,LINSEED,linseed,200,14,96,110
2015,3,VIJAPURA,1,BIJAPUR,COCONUT,coconut,77,79,12,91
2015,3,VIJAPURA,1,BIJAPUR,SUNFLOWER,sunflower,3747,880,4684,5565
2015,3,VIJAPURA,1,BIJAPUR,SOYABEAN,soybean,0,0,0,0
2015,3,VIJAPURA,1,BIJAPUR,NIGERSEED,niger seed,11,0,13,13
2015,3,VIJAPURA,1,BIJAPUR,COTTON,cotton,13,0,16,16
2015,3,VIJAPURA,1,BIJAPUR,JUTE,jute,0,0,0,0
2015,3,VIJAPURA,1,BIJAPUR,MESTA,mesta,0,0,0,0
2015,3,VIJAPURA,1,BIJAPUR,TOBACCO,tobacco,0,0,0,0
2015,3,VIJAPURA,1,BIJAPUR,GUAR,guar,0,0,0,0
2015,3,VIJAPURA,1,BIJAPUR,COFFEE,coffee,0,0,0,0
2015,3,VIJAPURA,1,BIJAPUR,GROSS CROPPED AREA,,88908,52576,181404,233980
2015,3,VIJAPURA,2,INDI,PADDY,rice,251,66,390,456
2015,3,VIJAPURA,2,INDI,JOWAR,jowar,18528,3576,19486,23061
2015,3,VIJAPURA,2,INDI,BAJRA,bajra,1928,325,1923,2248
2015,3,VIJAPURA,2,INDI,MAIZE,maize,11482,5669,5610,11279
2015,3,VIJAPURA,2,INDI,RAGI,ragi,14,4,7,11
2015,3,VIJAPURA,2,INDI,WHEAT,wheat,9319,2641,3163,5804
2015,3,VIJAPURA,2,INDI,BARLEY,barley,47,18,49,67
2015,3,VIJAPURA,2,INDI,GRAM,chickpea,14256,2778,16622,19399
2015,3,VIJAPURA,2,INDI,TUR (ARHAR),pigeonpea (tur),39957,5739,60616,66355
2015,3,VIJAPURA,2,INDI,URAD,black gram,111,29,67,96
2015,3,VIJAPURA,2,INDI,MOONG,green gram,4700,172,6057,6230
2015,3,VIJAPURA,2,INDI,MASUR,lentil,0,0,0,0
2015,3,VIJAPURA,2,INDI,HORSEGRAM,horse gram,176,4,209,213
2015,3,VIJAPURA,2,INDI,MOTH,moth bean,0,0,0,0
2015,3,VIJAPURA,2,INDI,SUGARCANE,sugarcane,22661,22251,0,22251
2015,3,VIJAPURA,2,INDI,PEPPER (BLACK),black pepper,0,0,0,0
2015,3,VIJAPURA,2,INDI,CHILLIES,chilli,0,0,0,0
2015,3,VIJAPURA,2,INDI,GINGER,ginger,0,0,0,0
2015,3,VIJAPURA,2,INDI,TURMERIC,turmeric,0,0,0,0
2015,3,VIJAPURA,2,INDI,CARDAMOM (SMALL),cardamom,0,0,0,0
2015,3,VIJAPURA,2,INDI,CARDAMOM (LARGE),cardamom,0,0,0,0
2015,3,VIJAPURA,2,INDI,BETELNUTS (ARECANUTS),arecanut,0,0,0,0
2015,3,VIJAPURA,2,INDI,MANGOES,mango,434,275,0,275
2015,3,VIJAPURA,2,INDI,BANANA,banana,1025,668,4,672
2015,3,VIJAPURA,2,INDI,TABLE GRAPES,grapes,3983,3282,35,3316
2015,3,VIJAPURA,2,INDI,WINE GRAPES (BLACK),grapes,5,2,0,2
2015,3,VIJAPURA,2,INDI,CASHEWNUTS,cashewnut,7,2,0,2
2015,3,VIJAPURA,2,INDI,POMEGRANATE,pomegranate,1735,1158,0,1158
2015,3,VIJAPURA,2,INDI,POTATO,potato,15,9,0,9
2015,3,VIJAPURA,2,INDI,TAPIOCA (CASSAVA),tapioca,5,0,0,0
2015,3,VIJAPURA,2,INDI,SWEET POTATO,sweet potato,10,1,0,1
2015,3,VIJAPURA,2,INDI,ONION,onion,246,117,10,127
2015,3,VIJAPURA,2,INDI,TOMATO,tomato,372,52,1,53
2015,3,VIJAPURA,2,INDI,GROUNDNUT,groundnut,9770,3808,3923,7731
2015,3,VIJAPURA,2,INDI,CASTORSEED,castor,116,18,93,111
2015,3,VIJAPURA,2,INDI,SESAMUM (TIL),sesame,5,6,0,6
2015,3,VIJAPURA,2,INDI,RAPESEED & MUSTARD (TORIA/TARAMIRA),mustard,24,5,9,13
2015,3,VIJAPURA,2,INDI,LINSEED,linseed,5,0,1,1
2015,3,VIJAPURA,2,INDI,COCONUT,coconut,162,66,20,85
2015,3,VIJAPURA,2,INDI,SUNFLOWER,sunflower,1824,197,1490,1687
2015,3,VIJAPURA,2,INDI,SOYABEAN,soybean,0,0,0,0
2015,3,VIJAPURA,2,INDI,NIGERSEED,niger seed,5,0,4,4
2015,3,VIJAPURA,2,INDI,COTTON,cotton,1037,507,51,558
2015,3,VIJAPURA,2,INDI,JUTE,jute,4847,878,3195,4074
2015,3,VIJAPURA,2,INDI,MESTA,mesta,0,0,0,0
2015,3,VIJAPURA,2,INDI,TOBACCO,tobacco,0,0,0,0
2015,3,VIJAPURA,2,INDI,GUAR,guar,5,0,4,4
2015,3,VIJAPURA,2,INDI,COFFEE,coffee,0,0,0,0
2015,3,VIJAPURA,2,INDI,GROSS CROPPED AREA,,82873,60237,123303,183540
2015,3,VIJAPURA,5,MUDDEBIHAL,PADDY,rice,118,0,160,160
2015,3,VIJAPURA,5,MUDDEBIHAL,JOWAR,jowar,8970,1001,14240,15241
2015,3,VIJAPURA,5,MUDDEBIHAL,BAJRA,bajra,4707,657,5483,6140
2015,3,VIJAPURA,5,MUDDEBIHAL,MAIZE,maize,1581,1104,822,1927
2015,3,VIJAPURA,5,MUDDEBIHAL,RAGI,ragi,0,0,0,0
2015,3,VIJAPURA,5,MUDDEBIHAL,WHEAT,wheat,683,124,723,847
2015,3,VIJAPURA,5,MUDDEBIHAL,BARLEY,barley,20,0,39,39
2015,3,VIJAPURA,5,MUDDEBIHAL,GRAM,chickpea,8170,979,12042,13022
2015,3,VIJAPURA,5,MUDDEBIHAL,TUR (ARHAR),pigeonpea (tur),36217,4420,70867,75287
2015,3,VIJAPURA,5,MUDDEBIHAL,URAD,black gram,20,12,19,32
2015,3,VIJAPURA,5,MUDDEBIHAL,MOONG,green gram,553,295,253,548
2015,3,VIJAPURA,5,MUDDEBIHAL,MASUR,lentil,0,0,0,0
2015,3,VIJAPURA,5,MUDDEBIHAL,HORSEGRAM,horse gram,37,20,19,38
2015,3,VIJAPURA,5,MUDDEBIHAL,MOTH,moth bean,5,0,4,4
2015,3,VIJAPURA,5,MUDDEBIHAL,SUGARCANE,sugarcane,3845,5942,0,5942
2015,3,VIJAPURA,5,MUDDEBIHAL,PEPPER (BLACK),black pepper,0,0,0,0
2015,3,VIJAPURA,5,MUDDEBIHAL,CHILLIES,chilli,156,146,32,178
2015,3,VIJAPURA,5,MUDDEBIHAL,GINGER,ginger,0,0,0,0
2015,3,VIJAPURA,5,MUDDEBIHAL,TURMERIC,turmeric,0,0,0,0
2015,3,VIJAPURA,5,MUDDEBIHAL,CARDAMOM (SMALL),cardamom,0,0,0,0
2015,3,VIJAPURA,5,MUDDEBIHAL,CARDAMOM (LARGE),cardamom,0,0,0,0
2015,3,VIJAPURA,5,MUDDEBIHAL,BETELNUTS (ARECANUTS),arecanut,0,0,0,0
2015,3,VIJAPURA,5,MUDDEBIHAL,MANGOES,mango,57,33,0,33
2015,3,VIJAPURA,5,MUDDEBIHAL,BANANA,banana,247,268,49,316
2015,3,VIJAPURA,5,MUDDEBIHAL,TABLE GRAPES,grapes,207,204,7,210
2015,3,VIJAPURA,5,MUDDEBIHAL,WINE GRAPES (BLACK),grapes,0,0,0,0
2015,3,VIJAPURA,5,MUDDEBIHAL,CASHEWNUTS,cashewnut,0,0,0,0
2015,3,VIJAPURA,5,MUDDEBIHAL,POMEGRANATE,pomegranate,346,258,0,258
2015,3,VIJAPURA,5,MUDDEBIHAL,POTATO,potato,5,0,8,8
2015,3,VIJAPURA,5,MUDDEBIHAL,TAPIOCA (CASSAVA),tapioca,0,0,0,0
2015,3,VIJAPURA,5,MUDDEBIHAL,SWEET POTATO,sweet potato,0,0,0,0
2015,3,VIJAPURA,5,MUDDEBIHAL,ONION,onion,421,397,12,409
2015,3,VIJAPURA,5,MUDDEBIHAL,TOMATO,tomato,211,115,0,115
2015,3,VIJAPURA,5,MUDDEBIHAL,GROUNDNUT,groundnut,862,480,656,1136
2015,3,VIJAPURA,5,MUDDEBIHAL,CASTORSEED,castor,9,0,7,7
2015,3,VIJAPURA,5,MUDDEBIHAL,SESAMUM (TIL),sesame,5,0,7,7
2015,3,VIJAPURA,5,MUDDEBIHAL,RAPESEED & MUSTARD (TORIA/TARAMIRA),mustard,0,0,0,0
2015,3,VIJAPURA,5,MUDDEBIHAL,LINSEED,linseed,15,0,12,12
2015,3,VIJAPURA,5,MUDDEBIHAL,COCONUT,coconut,5,0,8,8
2015,3,VIJAPURA,5,MUDDEBIHAL,SUNFLOWER,sunflower,2106,389,2344,2734
2015,3,VIJAPURA,5,MUDDEBIHAL,SOYABEAN,soybean,0,0,0,0
2015,3,VIJAPURA,5,MUDDEBIHAL,NIGERSEED,niger seed,0,0,0,0
2015,3,VIJAPURA,5,MUDDEBIHAL,COTTON,cotton,44,33,4,36
2015,3,VIJAPURA,5,MUDDEBIHAL,JUTE,jute,5,0,6,6
2015,3,VIJAPURA,5,MUDDEBIHAL,MESTA,mesta,0,0,0,0
2015,3,VIJAPURA,5,MUDDEBIHAL,TOBACCO,tobacco,0,0,0,0
2015,3,VIJAPURA,5,MUDDEBIHAL,GUAR,guar,0,0,0,0
2015,3,VIJAPURA,5,MUDDEBIHAL,COFFEE,coffee,0,0,0,0
2015,3,VIJAPURA,5,MUDDEBIHAL,GROSS CROPPED AREA,,49232,17281,108361,125642
2015,3,VIJAPURA,3,SINDGI,PADDY,rice,276,195,454,649
2015,3,VIJAPURA,3,SINDGI,JOWAR,jowar,14113,2339,31771,34110
2015,3,VIJAPURA,3,SINDGI,BAJRA,bajra,828,114,1449,1563
2015,3,VIJAPURA,3,SINDGI,MAIZE,maize,1585,1615,421,2037
2015,3,VIJAPURA,3,SINDGI,RAGI,ragi,9,8,0,8
2015,3,VIJAPURA,3,SINDGI,WHEAT,wheat,7081,7084,7934,15018
2015,3,VIJAPURA,3,SINDGI,BARLEY,barley,40,19,38,57
2015,3,VIJAPURA,3,SINDGI,GRAM,chickpea,15785,8155,30384,38539
2015,3,VIJAPURA,3,SINDGI,TUR (ARHAR),pigeonpea (tur),25618,22189,37912,60101
2015,3,VIJAPURA,3,SINDGI,URAD,black gram,5,0,10,10
2015,3,VIJAPURA,3,SINDGI,MOONG,green gram,62,36,49,85
2015,3,VIJAPURA,3,SINDGI,MASUR,lentil,5,0,10,10
2015,3,VIJAPURA,3,SINDGI,HORSEGRAM,horse gram,5,0,4,4
2015,3,VIJAPURA,3,SINDGI,MOTH,moth bean,0,0,0,0
2015,3,VIJAPURA,3,SINDGI,SUGARCANE,sugarcane,12747,22370,0,22370
2015,3,VIJAPURA,3,SINDGI,PEPPER (BLACK),black pepper,5,0,10,10
2015,3,VIJAPURA,3,SINDGI,CHILLIES,chilli,221,381,0,381
2015,3,VIJAPURA,3,SINDGI,GINGER,ginger,0,0,0,0
2015,3,VIJAPURA,3,SINDGI,TURMERIC,turmeric,5,9,0,9
2015,3,VIJAPURA,3,SINDGI,CARDAMOM (SMALL),cardamom,0,0,0,0
2015,3,VIJAPURA,3,SINDGI,CARDAMOM (LARGE),cardamom,0,0,0,0
2015,3,VIJAPURA,3,SINDGI,BETELNUTS (ARECANUTS),arecanut,0,0,0,0
2015,3,VIJAPURA,3,SINDGI,MANGOES,mango,11,31,0,31
2015,3,VIJAPURA,3,SINDGI,BANANA,banana,193,286,25,311
2015,3,VIJAPURA,3,SINDGI,TABLE GRAPES,grapes,90,125,0,125
2015,3,VIJAPURA,3,SINDGI,WINE GRAPES (BLACK),grapes,0,0,0,0
2015,3,VIJAPURA,3,SINDGI,CASHEWNUTS,cashewnut,0,0,0,0
2015,3,VIJAPURA,3,SINDGI,POMEGRANATE,pomegranate,18,38,0,38
2015,3,VIJAPURA,3,SINDGI,POTATO,potato,10,6,12,17
2015,3,VIJAPURA,3,SINDGI,TAPIOCA (CASSAVA),tapioca,199,47,319,367
2015,3,VIJAPURA,3,SINDGI,SWEET POTATO,sweet potato,9,11,0,11
2015,3,VIJAPURA,3,SINDGI,ONION,onion,725,603,12,614
2015,3,VIJAPURA,3,SINDGI,TOMATO,tomato,223,150,0,150
2015,3,VIJAPURA,3,SINDGI,GROUNDNUT,groundnut,958,790,798,1588
2015,3,VIJAPURA,3,SINDGI,CASTORSEED,castor,15,0,32,32
2015,3,VIJAPURA,3,SINDGI,SESAMUM (TIL),sesame,42,4,77,81
2015,3,VIJAPURA,3,SINDGI,RAPESEED & MUSTARD (TORIA/TARAMIRA),mustard,5,0,8,8
2015,3,VIJAPURA,3,SINDGI,LINSEED,linseed,10,0,4,4
2015,3,VIJAPURA,3,SINDGI,COCONUT,coconut,24,40,88,128
2015,3,VIJAPURA,3,SINDGI,SUNFLOWER,sunflower,2224,733,4020,4754
2015,3,VIJAPURA,3,SINDGI,SOYABEAN,soybean,0,0,0,0
2015,3,VIJAPURA,3,SINDGI,NIGERSEED,niger seed,0,0,0,0
2015,3,VIJAPURA,3,SINDGI,COTTON,cotton,8843,9172,6331,15503
2015,3,VIJAPURA,3,SINDGI,JUTE,jute,5,0,8,8
2015,3,VIJAPURA,3,SINDGI,MESTA,mesta,20,1,42,43
2015,3,VIJAPURA,3,SINDGI,TOBACCO,tobacco,0,0,0,0
2015,3,VIJAPURA,3,SINDGI,GUAR,guar,15,29,0,29
2015,3,VIJAPURA,3,SINDGI,COFFEE,coffee,0,0,0,0
2015,3,VIJAPURA,3,SINDGI,GROSS CROPPED AREA,,77258,78753,122472,201226
2015,30,YADGIR,9,SHAHAPUR,PADDY,rice,8988,15156,1529,16684
2015,30,YADGIR,9,SHAHAPUR,JOWAR,jowar,7865,972,6296,7269
2015,30,YADGIR,9,SHAHAPUR,BAJRA,bajra,1865,248,702,951
2015,30,YADGIR,9,SHAHAPUR,MAIZE,maize,237,92,70,162
2015,30,YADGIR,9,SHAHAPUR,RAGI,ragi,25,37,16,53
2015,30,YADGIR,9,SHAHAPUR,WHEAT,wheat,95,46,30,77
2015,30,YADGIR,9,SHAHAPUR,BARLEY,barley,0,0,0,0
2015,30,YADGIR,9,SHAHAPUR,GRAM,chickpea,957,182,412,595
2015,30,YADGIR,9,SHAHAPUR,TUR (ARHAR),pigeonpea (tur),28889,4014,32039,36053
2015,30,YADGIR,9,SHAHAPUR,URAD,black gram,11,5,15,19
2015,30,YADGIR,9,SHAHAPUR,MOONG,green gram,11655,3076,10512,13589
2015,30,YADGIR,9,SHAHAPUR,MASUR,lentil,5,0,9,9
2015,30,YADGIR,9,SHAHAPUR,HORSEGRAM,horse gram,6,0,5,5
2015,30,YADGIR,9,SHAHAPUR,MOTH,moth bean,0,0,0,0
2015,30,YADGIR,9,SHAHAPUR,SUGARCANE,sugarcane,15,13,0,13
2015,30,YADGIR,9,SHAHAPUR,PEPPER (BLACK),black pepper,0,0,0,0
2015,30,YADGIR,9,SHAHAPUR,CHILLIES,chilli,35,44,0,44
2015,30,YADGIR,9,SHAHAPUR,GINGER,ginger,0,0,0,0
2015,30,YADGIR,9,SHAHAPUR,TURMERIC,turmeric,0,0,0,0
2015,30,YADGIR,9,SHAHAPUR,CARDAMOM (SMALL),cardamom,0,0,0,0
2015,30,YADGIR,9,SHAHAPUR,CARDAMOM (LARGE),cardamom,0,0,0,0
2015,30,YADGIR,9,SHAHAPUR,BETELNUTS (ARECANUTS),arecanut,0,0,0,0
2015,30,YADGIR,9,SHAHAPUR,MANGOES,mango,0,0,0,0
2015,30,YADGIR,9,SHAHAPUR,BANANA,banana,0,0,0,0
2015,30,YADGIR,9,SHAHAPUR,TABLE GRAPES,grapes,0,0,0,0
2015,30,YADGIR,9,SHAHAPUR,WINE GRAPES (BLACK),grapes,0,0,0,0
2015,30,YADGIR,9,SHAHAPUR,CASHEWNUTS,cashewnut,0,0,0,0
2015,30,YADGIR,9,SHAHAPUR,POMEGRANATE,pomegranate,0,0,0,0
2015,30,YADGIR,9,SHAHAPUR,POTATO,potato,0,0,0,0
2015,30,YADGIR,9,SHAHAPUR,TAPIOCA (CASSAVA),tapioca,0,0,0,0
2015,30,YADGIR,9,SHAHAPUR,SWEET POTATO,sweet potato,5,10,0,10
2015,30,YADGIR,9,SHAHAPUR,ONION,onion,0,0,0,0
2015,30,YADGIR,9,SHAHAPUR,TOMATO,tomato,10,2,0,2
2015,30,YADGIR,9,SHAHAPUR,GROUNDNUT,groundnut,1439,1124,267,1391
2015,30,YADGIR,9,SHAHAPUR,CASTORSEED,castor,0,0,0,0
2015,30,YADGIR,9,SHAHAPUR,SESAMUM (TIL),sesame,10,0,3,3
2015,30,YADGIR,9,SHAHAPUR,RAPESEED & MUSTARD (TORIA/TARAMIRA),mustard,0,0,0,0
2015,30,YADGIR,9,SHAHAPUR,LINSEED,linseed,0,0,0,0
2015,30,YADGIR,9,SHAHAPUR,COCONUT,coconut,14,20,0,20
2015,30,YADGIR,9,SHAHAPUR,SUNFLOWER,sunflower,242,49,130,179
2015,30,YADGIR,9,SHAHAPUR,SOYABEAN,soybean,9,0,14,14
2015,30,YADGIR,9,SHAHAPUR,NIGERSEED,niger seed,0,0,0,0
2015,30,YADGIR,9,SHAHAPUR,COTTON,cotton,47390,29259,40617,69876
2015,30,YADGIR,9,SHAHAPUR,JUTE,jute,54,69,31,100
2015,30,YADGIR,9,SHAHAPUR,MESTA,mesta,4,0,1,1
2015,30,YADGIR,9,SHAHAPUR,TOBACCO,tobacco,0,0,0,0
2015,30,YADGIR,9,SHAHAPUR,GUAR,guar,0,0,0,0
2015,30,YADGIR,9,SHAHAPUR,COFFEE,coffee,0,0,0,0
2015,30,YADGIR,9,SHAHAPUR,GROSS CROPPED AREA,,73922,54473,93071,147544
2015,30,YADGIR,8,SHORAPUR,PADDY,rice,26349,73478,801,74280
2015,30,YADGIR,8,SHORAPUR,JOWAR,jowar,7992,378,10728,11106
2015,30,YADGIR,8,SHORAPUR,BAJRA,bajra,9711,2477,7592,10069
2015,30,YADGIR,8,SHORAPUR,MAIZE,maize,46,6,26,32
2015,30,YADGIR,8,SHORAPUR,RAGI,ragi,34,18,0,18
2015,30,YADGIR,8,SHORAPUR,WHEAT,wheat,988,18,713,731
2015,30,YADGIR,8,SHORAPUR,BARLEY,barley,44,0,48,48
2015,30,YADGIR,8,SHORAPUR,GRAM,chickpea,2855,48,3003,3051
2015,30,YADGIR,8,SHORAPUR,TUR (ARHAR),pigeonpea (tur),19566,4260,23352,27612
2015,30,YADGIR,8,SHORAPUR,URAD,black gram,96,69,31,100
2015,30,YADGIR,8,SHORAPUR,MOONG,green gram,443,7,395,402
2015,30,YADGIR,8,SHORAPUR,MASUR,lentil,11,19,0,19
2015,30,YADGIR,8,SHORAPUR,HORSEGRAM,horse gram,0,0,0,0
2015,30,YADGIR,8,SHORAPUR,MOTH,moth bean,0,0,0,0
2015,30,YADGIR,8,SHORAPUR,SUGARCANE,sugarcane,140,165,0,165
2015,30,YADGIR,8,SHORAPUR,PEPPER (BLACK),black pepper,0,0,0,0
2015,30,YADGIR,8,SHORAPUR,CHILLIES,chilli,76,133,14,147
2015,30,YADGIR,8,SHORAPUR,GINGER,ginger,0,0,0,0
2015,30,YADGIR,8,SHORAPUR,TURMERIC,turmeric,39,17,0,17
2015,30,YADGIR,8,SHORAPUR,CARDAMOM (SMALL),cardamom,0,0,0,0
2015,30,YADGIR,8,SHORAPUR,CARDAMOM (LARGE),cardamom,0,0,0,0
2015,30,YADGIR,8,SHORAPUR,BETELNUTS (ARECANUTS),arecanut,0,0,0,0
2015,30,YADGIR,8,SHORAPUR,MANGOES,mango,0,0,0,0
2015,30,YADGIR,8,SHORAPUR,BANANA,banana,68,65,3,68
2015,30,YADGIR,8,SHORAPUR,TABLE GRAPES,grapes,0,0,0,0
2015,30,YADGIR,8,SHORAPUR,WINE GRAPES (BLACK),grapes,0,0,0,0
2015,30,YADGIR,8,SHORAPUR,CASHEWNUTS,cashewnut,0,0,0,0
2015,30,YADGIR,8,SHORAPUR,POMEGRANATE,pomegranate,10,14,0,14
2015,30,YADGIR,8,SHORAPUR,POTATO,potato,0,0,0,0
2015,30,YADGIR,8,SHORAPUR,TAPIOCA (CASSAVA),tapioca,0,0,0,0
2015,30,YADGIR,8,SHORAPUR,SWEET POTATO,sweet potato,0,0,0,0
2015,30,YADGIR,8,SHORAPUR,ONION,onion,119,25,95,121
2015,30,YADGIR,8,SHORAPUR,TOMATO,tomato,5,2,0,2
2015,30,YADGIR,8,SHORAPUR,GROUNDNUT,groundnut,1946,712,1427,2139
2015,30,YADGIR,8,SHORAPUR,CASTORSEED,castor,7,0,5,5
2015,30,YADGIR,8,SHORAPUR,SESAMUM (TIL),sesame,19,16,3,20
2015,30,YADGIR,8,SHORAPUR,RAPESEED & MUSTARD (TORIA/TARAMIRA),mustard,0,0,0,0
2015,30,YADGIR,8,SHORAPUR,LINSEED,linseed,0,0,0,0
2015,30,YADGIR,8,SHORAPUR,COCONUT,coconut,30,8,15,23
2015,30,YADGIR,8,SHORAPUR,SUNFLOWER,sunflower,1638,429,1258,1687
2015,30,YADGIR,8,SHORAPUR,SOYABEAN,soybean,16,3,1,4
2015,30,YADGIR,8,SHORAPUR,NIGERSEED,niger seed,0,0,0,0
2015,30,YADGIR,8,SHORAPUR,COTTON,cotton,20207,6893,25044,31937
2015,30,YADGIR,8,SHORAPUR,JUTE,jute,0,0,0,0
2015,30,YADGIR,8,SHORAPUR,MESTA,mesta,28,5,31,37
2015,30,YADGIR,8,SHORAPUR,TOBACCO,tobacco,0,0,0,0
2015,30,YADGIR,8,SHORAPUR,GUAR,guar,6,10,0,10
2015,30,YADGIR,8,SHORAPUR,COFFEE,coffee,0,0,0,0
2015,30,YADGIR,8,SHORAPUR,GROSS CROPPED AREA,,74521,89366,75863,165229
2015,30,YADGIR,10,YADGIR,PADDY,rice,15418,15147,1054,16202
2015,30,YADGIR,10,YADGIR,JOWAR,jowar,17919,424,14387,14811
2015,30,YADGIR,10,YADGIR,BAJRA,bajra,944,297,419,717
2015,30,YADGIR,10,YADGIR,MAIZE,maize,1040,231,698,929
2015,30,YADGIR,10,YADGIR,RAGI,ragi,13,0,5,5
2015,30,YADGIR,10,YADGIR,WHEAT,wheat,14,10,0,10
2015,30,YADGIR,10,YADGIR,BARLEY,barley,7,0,6,6
2015,30,YADGIR,10,YADGIR,GRAM,chickpea,3219,253,1985,2238
2015,30,YADGIR,10,YADGIR,TUR (ARHAR),pigeonpea (tur),44837,507,48461,48967
2015,30,YADGIR,10,YADGIR,URAD,black gram,1187,11,659,669
2015,30,YADGIR,10,YADGIR,MOONG,green gram,25675,1121,22708,23828
2015,30,YADGIR,10,YADGIR,MASUR,lentil,0,0,0,0
2015,30,YADGIR,10,YADGIR,HORSEGRAM,horse gram,68,0,64,64
2015,30,YADGIR,10,YADGIR,MOTH,moth bean,5,0,6,6
2015,30,YADGIR,10,YADGIR,SUGARCANE,sugarcane,98,49,0,49
2015,30,YADGIR,10,YADGIR,PEPPER (BLACK),black pepper,0,0,0,0
2015,30,YADGIR,10,YADGIR,CHILLIES,chilli,0,0,0,0
2015,30,YADGIR,10,YADGIR,GINGER,ginger,0,0,0,0
2015,30,YADGIR,10,YADGIR,TURMERIC,turmeric,0,0,0,0
2015,30,YADGIR,10,YADGIR,CARDAMOM (SMALL),cardamom,0,0,0,0
2015,30,YADGIR,10,YADGIR,CARDAMOM (LARGE),cardamom,0,0,0,0
2015,30,YADGIR,10,YADGIR,BETELNUTS (ARECANUTS),arecanut,0,0,0,0
2015,30,YADGIR,10,YADGIR,MANGOES,mango,7,13,0,13
2015,30,YADGIR,10,YADGIR,BANANA,banana,0,0,0,0
2015,30,YADGIR,10,YADGIR,TABLE GRAPES,grapes,8,0,5,5
2015,30,YADGIR,10,YADGIR,WINE GRAPES (BLACK),grapes,0,0,0,0
2015,30,YADGIR,10,YADGIR,CASHEWNUTS,cashewnut,0,0,0,0
2015,30,YADGIR,10,YADGIR,POMEGRANATE,pomegranate,0,0,0,0
2015,30,YADGIR,10,YADGIR,POTATO,potato,0,0,0,0
2015,30,YADGIR,10,YADGIR,TAPIOCA (CASSAVA),tapioca,0,0,0,0
2015,30,YADGIR,10,YADGIR,SWEET POTATO,sweet potato,5,0,16,16
2015,30,YADGIR,10,YADGIR,ONION,onion,12,0,14,14
2015,30,YADGIR,10,YADGIR,TOMATO,tomato,0,0,0,0
2015,30,YADGIR,10,YADGIR,GROUNDNUT,groundnut,6501,5280,1185,6465
2015,30,YADGIR,10,YADGIR,CASTORSEED,castor,115,41,174,216
2015,30,YADGIR,10,YADGIR,SESAMUM (TIL),sesame,0,0,0,0
2015,30,YADGIR,10,YADGIR,RAPESEED & MUSTARD (TORIA/TARAMIRA),mustard,0,0,0,0
2015,30,YADGIR,10,YADGIR,LINSEED,linseed,0,0,0,0
2015,30,YADGIR,10,YADGIR,COCONUT,coconut,4,2,0,2
2015,30,YADGIR,10,YADGIR,SUNFLOWER,sunflower,42,0,70,70
2015,30,YADGIR,10,YADGIR,SOYABEAN,soybean,73,88,35,123
2015,30,YADGIR,10,YADGIR,NIGERSEED,niger seed,16,9,4,13
2015,30,YADGIR,10,YADGIR,COTTON,cotton,16583,551,21195,21746
2015,30,YADGIR,10,YADGIR,JUTE,jute,10,2,9,11
2015,30,YADGIR,10,YADGIR,MESTA,mesta,0,0,0,0
2015,30,YADGIR,10,YADGIR,TOBACCO,tobacco,0,0,0,0
2015,30,YADGIR,10,YADGIR,GUAR,guar,0,0,0,0
2015,30,YADGIR,10,YADGIR,COFFEE,coffee,0,0,0,0
2015,30,YADGIR,10,YADGIR,GROSS CROPPED AREA,,84180,24122,113329,137451
2010,2,BAGALKOTE,4,BADAMI,PADDY,rice,194,73,72,145
2010,2,BAGALKOTE,4,BADAMI,JOWAR,jowar,11286,1267,15042,16309
2010,2,BAGALKOTE,4,BADAMI,BAJRA,bajra,14873,1042,18927,19969
2010,2,BAGALKOTE,4,BADAMI,MAIZE,maize,14389,15566,11766,27332
2010,2,BAGALKOTE,4,BADAMI,RAGI,ragi,19,4,2,6
2010,2,BAGALKOTE,4,BADAMI,WHEAT,wheat,1835,825,511,1336
2010,2,BAGALKOTE,4,BADAMI,BARLEY,barley,47,8,57,65
2010,2,BAGALKOTE,4,BADAMI,GRAM,chickpea,5370,380,2927,3307
2010,2,BAGALKOTE,4,BADAMI,TUR (ARHAR),pigeonpea (tur),2834,26,1168,1194
2010,2,BAGALKOTE,4,BADAMI,URAD,black gram,25,0,28,28
2010,2,BAGALKOTE,4,BADAMI,MOONG,green gram,9070,436,12314,12750
2010,2,BAGALKOTE,4,BADAMI,MASUR,lentil,0,0,0,0
2010,2,BAGALKOTE,4,BADAMI,HORSEGRAM,horse gram,1100,4,560,564
2010,2,BAGALKOTE,4,BADAMI,MOTH,moth bean,0,0,0,0
2010,2,BAGALKOTE,4,BADAMI,SUGARCANE,sugarcane,2340,4001,0,4001
2010,2,BAGALKOTE,4,BADAMI,PEPPER (BLACK),black pepper,0,0,0,0
2010,2,BAGALKOTE,4,BADAMI,CHILLIES,chilli,30,3,3,6
2010,2,BAGALKOTE,4,BADAMI,GINGER,ginger,0,0,0,0
2010,2,BAGALKOTE,4,BADAMI,TURMERIC,turmeric,4,2,0,2
2010,2,BAGALKOTE,4,BADAMI,BETELNUTS (ARECANUTS),arecanut,20,0,2,2
2010,2,BAGALKOTE,4,BADAMI,MANGOES,mango,27,19,0,20
2010,2,BAGALKOTE,4,BADAMI,BANANA,banana,236,258,6,263
2010,2,BAGALKOTE,4,BADAMI,TABLE GRAPES,grapes,40,41,0,41
2010,2,BAGALKOTE,4,BADAMI,WINE GRAPES (BLACK),grapes,0,0,0,0
2010,2,BAGALKOTE,4,BADAMI,CASHEWNUTS,cashewnut,4,7,0,7
2010,2,BAGALKOTE,4,BADAMI,POTATO,potato,16,0,13,13
2010,2,BAGALKOTE,4,BADAMI,TAPIOCA (CASSAVA),tapioca,5,0,36,36
2010,2,BAGALKOTE,4,BADAMI,SWEET POTATO,sweet potato,9,0,1,1
2010,2,BAGALKOTE,4,BADAMI,ONION,onion,2502,705,2285,2990
2010,2,BAGALKOTE,4,BADAMI,TOMATO,tomato,26,9,2,11
2010,2,BAGALKOTE,4,BADAMI,GROUNDNUT,groundnut,5892,5409,2144,7553
2010,2,BAGALKOTE,4,BADAMI,CASTORSEED,castor,31,11,39,50
2010,2,BAGALKOTE,4,BADAMI,SESAMUM (TIL),sesame,376,6,213,219
2010,2,BAGALKOTE,4,BADAMI,RAPESEED & MUSTARD (TORIA/TARAMIRA),mustard,40,13,30,42
2010,2,BAGALKOTE,4,BADAMI,LINSEED,linseed,895,17,300,317
2010,2,BAGALKOTE,4,BADAMI,COCONUT,coconut,128,67,76,143
2010,2,BAGALKOTE,4,BADAMI,SUNFLOWER,sunflower,10574,7791,8902,16692
2010,2,BAGALKOTE,4,BADAMI,SOYABEAN,soybean,0,0,0,0
2010,2,BAGALKOTE,4,BADAMI,NIGERSEED,niger seed,13,0,2,2
2010,2,BAGALKOTE,4,BADAMI,COTTON,cotton,578,67,737,805
2010,2,BAGALKOTE,4,BADAMI,JUTE,jute,4,0,6,6
2010,2,BAGALKOTE,4,BADAMI,MESTA,mesta,0,0,0,0
2010,2,BAGALKOTE,4,BADAMI,TOBACCO,tobacco,0,0,0,0
2010,2,BAGALKOTE,4,BADAMI,GUAR,guar,29,27,0,27
2010,2,BAGALKOTE,4,BADAMI,COFFEE,coffee,0,0,0,0
2010,2,BAGALKOTE,4,BADAMI,GROSS CROPPED AREA,,42556,38613,78688,117301
2010,2,BAGALKOTE,5,BAGALKOTE,PADDY,rice,52,43,13,56
2010,2,BAGALKOTE,5,BAGALKOTE,JOWAR,jowar,12267,655,20906,21561
2010,2,BAGALKOTE,5,BAGALKOTE,BAJRA,bajra,7848,765,11676,12442
2010,2,BAGALKOTE,5,BAGALKOTE,MAIZE,maize,4221,5402,405,5808
2010,2,BAGALKOTE,5,BAGALKOTE,RAGI,ragi,0,0,0,0
2010,2,BAGALKOTE,5,BAGALKOTE,WHEAT,wheat,2094,1407,483,1890
2010,2,BAGALKOTE,5,BAGALKOTE,BARLEY,barley,43,5,35,39
2010,2,BAGALKOTE,5,BAGALKOTE,GRAM,chickpea,4051,171,3174,3346
2010,2,BAGALKOTE,5,BAGALKOTE,TUR (ARHAR),pigeonpea (tur),752,62,753,815
2010,2,BAGALKOTE,5,BAGALKOTE,URAD,black gram,0,0,0,0
2010,2,BAGALKOTE,5,BAGALKOTE,MOONG,green gram,4555,27,7190,7217
2010,2,BAGALKOTE,5,BAGALKOTE,MASUR,lentil,21,0,21,21
2010,2,BAGALKOTE,5,BAGALKOTE,HORSEGRAM,horse gram,39,4,36,40
2010,2,BAGALKOTE,5,BAGALKOTE,MOTH,moth bean,0,0,0,0
2010,2,BAGALKOTE,5,BAGALKOTE,SUGARCANE,sugarcane,3650,7219,0,7219
2010,2,BAGALKOTE,5,BAGALKOTE,PEPPER (BLACK),black pepper,0,0,0,0
2010,2,BAGALKOTE,5,BAGALKOTE,CHILLIES,chilli,4,5,0,5
2010,2,BAGALKOTE,5,BAGALKOTE,GINGER,ginger,0,0,0,0
2010,2,BAGALKOTE,5,BAGALKOTE,TURMERIC,turmeric,0,0,0,0
2010,2,BAGALKOTE,5,BAGALKOTE,BETELNUTS (ARECANUTS),arecanut,0,0,0,0
2010,2,BAGALKOTE,5,BAGALKOTE,MANGOES,mango,33,20,0,20
2010,2,BAGALKOTE,5,BAGALKOTE,BANANA,banana,283,213,0,213
2010,2,BAGALKOTE,5,BAGALKOTE,TABLE GRAPES,grapes,40,36,0,36
2010,2,BAGALKOTE,5,BAGALKOTE,WINE GRAPES (BLACK),grapes,0,0,0,0
2010,2,BAGALKOTE,5,BAGALKOTE,CASHEWNUTS,cashewnut,0,0,0,0
2010,2,BAGALKOTE,5,BAGALKOTE,POTATO,potato,0,0,0,0
2010,2,BAGALKOTE,5,BAGALKOTE,TAPIOCA (CASSAVA),tapioca,3,0,3,3
2010,2,BAGALKOTE,5,BAGALKOTE,SWEET POTATO,sweet potato,0,0,0,0
2010,2,BAGALKOTE,5,BAGALKOTE,ONION,onion,4335,1871,4080,5952
2010,2,BAGALKOTE,5,BAGALKOTE,TOMATO,tomato,33,8,0,8
2010,2,BAGALKOTE,5,BAGALKOTE,GROUNDNUT,groundnut,3654,3835,1024,4859
2010,2,BAGALKOTE,5,BAGALKOTE,CASTORSEED,castor,40,20,30,50
2010,2,BAGALKOTE,5,BAGALKOTE,SESAMUM (TIL),sesame,66,18,88,106
2010,2,BAGALKOTE,5,BAGALKOTE,RAPESEED & MUSTARD (TORIA/TARAMIRA),mustard,35,77,6,82
2010,2,BAGALKOTE,5,BAGALKOTE,LINSEED,linseed,371,8,94,102
2010,2,BAGALKOTE,5,BAGALKOTE,COCONUT,coconut,47,19,0,19
2010,2,BAGALKOTE,5,BAGALKOTE,SUNFLOWER,sunflower,2896,1079,2782,3861
2010,2,BAGALKOTE,5,BAGALKOTE,SOYABEAN,soybean,45,11,52,62
2010,2,BAGALKOTE,5,BAGALKOTE,NIGERSEED,niger seed,0,0,0,0
2010,2,BAGALKOTE,5,BAGALKOTE,COTTON,cotton,151,128,13,141
2010,2,BAGALKOTE,5,BAGALKOTE,JUTE,jute,0,0,0,0
2010,2,BAGALKOTE,5,BAGALKOTE,MESTA,mesta,0,0,0,0
2010,2,BAGALKOTE,5,BAGALKOTE,TOBACCO,tobacco,0,0,0,0
2010,2,BAGALKOTE,5,BAGALKOTE,GUAR,guar,5,4,0,4
2010,2,BAGALKOTE,5,BAGALKOTE,COFFEE,coffee,0,0,0,0
2010,2,BAGALKOTE,5,BAGALKOTE,GROSS CROPPED AREA,,28099,24349,53556,77905
2010,2,BAGALKOTE,2,BILGI,PADDY,rice,9,5,0,5
2010,2,BAGALKOTE,2,BILGI,JOWAR,jowar,6759,7351,4314,11666
2010,2,BAGALKOTE,2,BILGI,BAJRA,bajra,1739,777,2037,2814
2010,2,BAGALKOTE,2,BILGI,MAIZE,maize,5347,4800,425,5225
2010,2,BAGALKOTE,2,BILGI,RAGI,ragi,1,0,13,13
2010,2,BAGALKOTE,2,BILGI,WHEAT,wheat,1435,1146,179,1325
2010,2,BAGALKOTE,2,BILGI,BARLEY,barley,0,0,0,0
2010,2,BAGALKOTE,2,BILGI,GRAM,chickpea,1209,959,178,1138
2010,2,BAGALKOTE,2,BILGI,TUR (ARHAR),pigeonpea (tur),125,80,32,112
2010,2,BAGALKOTE,2,BILGI,URAD,black gram,0,0,0,0
2010,2,BAGALKOTE,2,BILGI,MOONG,green gram,67,37,11,48
2010,2,BAGALKOTE,2,BILGI,MASUR,lentil,0,0,0,0
2010,2,BAGALKOTE,2,BILGI,HORSEGRAM,horse gram,18,0,7,7
2010,2,BAGALKOTE,2,BILGI,MOTH,moth bean,0,0,0,0
2010,2,BAGALKOTE,2,BILGI,SUGARCANE,sugarcane,8390,14634,0,14634
2010,2,BAGALKOTE,2,BILGI,PEPPER (BLACK),black pepper,0,0,0,0
2010,2,BAGALKOTE,2,BILGI,CHILLIES,chilli,249,193,0,193
2010,2,BAGALKOTE,2,BILGI,GINGER,ginger,0,0,0,0
2010,2,BAGALKOTE,2,BILGI,TURMERIC,turmeric,4,0,1,1
2010,2,BAGALKOTE,2,BILGI,BETELNUTS (ARECANUTS),arecanut,0,0,0,0
2010,2,BAGALKOTE,2,BILGI,MANGOES,mango,55,19,0,19
2010,2,BAGALKOTE,2,BILGI,BANANA,banana,78,107,2,109
2010,2,BAGALKOTE,2,BILGI,TABLE GRAPES,grapes,31,17,11,28
2010,2,BAGALKOTE,2,BILGI,WINE GRAPES (BLACK),grapes,0,0,0,0
2010,2,BAGALKOTE,2,BILGI,CASHEWNUTS,cashewnut,0,0,0,0
2010,2,BAGALKOTE,2,BILGI,POTATO,potato,4,7,0,7
2010,2,BAGALKOTE,2,BILGI,TAPIOCA (CASSAVA),tapioca,0,0,0,0
2010,2,BAGALKOTE,2,BILGI,SWEET POTATO,sweet potato,0,0,0,0
2010,2,BAGALKOTE,2,BILGI,ONION,onion,514,514,25,539
2010,2,BAGALKOTE,2,BILGI,TOMATO,tomato,24,7,0,7
2010,2,BAGALKOTE,2,BILGI,GROUNDNUT,groundnut,873,965,447,1412
2010,2,BAGALKOTE,2,BILGI,CASTORSEED,castor,0,0,0,0
2010,2,BAGALKOTE,2,BILGI,SESAMUM (TIL),sesame,0,0,0,0
2010,2,BAGALKOTE,2,BILGI,RAPESEED & MUSTARD (TORIA/TARAMIRA),mustard,13,19,0,19
2010,2,BAGALKOTE,2,BILGI,LINSEED,linseed,57,17,1,18
2010,2,BAGALKOTE,2,BILGI,COCONUT,coconut,9,5,0,6
2010,2,BAGALKOTE,2,BILGI,SUNFLOWER,sunflower,1959,1756,738,2494
2010,2,BAGALKOTE,2,BILGI,SOYABEAN,soybean,9,16,0,16
2010,2,BAGALKOTE,2,BILGI,NIGERSEED,niger seed,0,0,0,0
2010,2,BAGALKOTE,2,BILGI,COTTON,cotton,397,460,4,464
2010,2,BAGALKOTE,2,BILGI,JUTE,jute,17,10,0,10
2010,2,BAGALKOTE,2,BILGI,MESTA,mesta,0,0,0,0
2010,2,BAGALKOTE,2,BILGI,TOBACCO,tobacco,0,0,0,0
2010,2,BAGALKOTE,2,BILGI,GUAR,guar,0,0,0,0
2010,2,BAGALKOTE,2,BILGI,COFFEE,coffee,0,0,0,0
2010,2,BAGALKOTE,2,BILGI,GROSS CROPPED AREA,,22787,34286,8655,42942
2010,2,BAGALKOTE,6,HUNGUNDA,PADDY,rice,75,69,25,95
2010,2,BAGALKOTE,6,HUNGUNDA,JOWAR,jowar,25799,394,43521,43915
2010,2,BAGALKOTE,6,HUNGUNDA,BAJRA,bajra,7806,178,9625,9804
2010,2,BAGALKOTE,6,HUNGUNDA,MAIZE,maize,2255,2659,1026,3685
2010,2,BAGALKOTE,6,HUNGUNDA,RAGI,ragi,14,0,20,20
2010,2,BAGALKOTE,6,HUNGUNDA,WHEAT,wheat,3624,1065,2002,3067
2010,2,BAGALKOTE,6,HUNGUNDA,BARLEY,barley,26,0,51,51
2010,2,BAGALKOTE,6,HUNGUNDA,GRAM,chickpea,17268,131,25788,25919
2010,2,BAGALKOTE,6,HUNGUNDA,TUR (ARHAR),pigeonpea (tur),4666,171,5494,5665
2010,2,BAGALKOTE,6,HUNGUNDA,URAD,black gram,37,0,68,68
2010,2,BAGALKOTE,6,HUNGUNDA,MOONG,green gram,15378,92,22903,22995
2010,2,BAGALKOTE,6,HUNGUNDA,MASUR,lentil,13,0,4,4
2010,2,BAGALKOTE,6,HUNGUNDA,HORSEGRAM,horse gram,176,0,107,107
2010,2,BAGALKOTE,6,HUNGUNDA,MOTH,moth bean,0,0,0,0
2010,2,BAGALKOTE,6,HUNGUNDA,SUGARCANE,sugarcane,979,1614,0,1614
2010,2,BAGALKOTE,6,HUNGUNDA,PEPPER (BLACK),black pepper,6,1,0,2
2010,2,BAGALKOTE,6,HUNGUNDA,CHILLIES,chilli,810,6,427,433
2010,2,BAGALKOTE,6,HUNGUNDA,GINGER,ginger,0,0,0,0
2010,2,BAGALKOTE,6,HUNGUNDA,TURMERIC,turmeric,3,0,8,8
2010,2,BAGALKOTE,6,HUNGUNDA,BETELNUTS (ARECANUTS),arecanut,7,0,1,1
2010,2,BAGALKOTE,6,HUNGUNDA,MANGOES,mango,9,3,0,3
2010,2,BAGALKOTE,6,HUNGUNDA,BANANA,banana,86,56,0,56
2010,2,BAGALKOTE,6,HUNGUNDA,TABLE GRAPES,grapes,0,0,0,0
2010,2,BAGALKOTE,6,HUNGUNDA,WINE GRAPES (BLACK),grapes,0,0,0,0
2010,2,BAGALKOTE,6,HUNGUNDA,CASHEWNUTS,cashewnut,0,0,0,0
2010,2,BAGALKOTE,6,HUNGUNDA,POTATO,potato,11,2,15,17
2010,2,BAGALKOTE,6,HUNGUNDA,TAPIOCA (CASSAVA),tapioca,6,3,3,5
2010,2,BAGALKOTE,6,HUNGUNDA,SWEET POTATO,sweet potato,0,0,0,0
2010,2,BAGALKOTE,6,HUNGUNDA,ONION,onion,1467,382,1463,1844
2010,2,BAGALKOTE,6,HUNGUNDA,TOMATO,tomato,0,0,0,0
2010,2,BAGALKOTE,6,HUNGUNDA,GROUNDNUT,groundnut,1738,1051,1058,2108
2010,2,BAGALKOTE,6,HUNGUNDA,CASTORSEED,castor,20,0,25,25
2010,2,BAGALKOTE,6,HUNGUNDA,SESAMUM (TIL),sesame,1893,13,2152,2166
2010,2,BAGALKOTE,6,HUNGUNDA,RAPESEED & MUSTARD (TORIA/TARAMIRA),mustard,16,10,8,18
2010,2,BAGALKOTE,6,HUNGUNDA,LINSEED,linseed,1037,0,314,314
2010,2,BAGALKOTE,6,HUNGUNDA,COCONUT,coconut,60,12,53,65
2010,2,BAGALKOTE,6,HUNGUNDA,SUNFLOWER,sunflower,8990,719,14611,15331
2010,2,BAGALKOTE,6,HUNGUNDA,SOYABEAN,soybean,26,0,44,44
2010,2,BAGALKOTE,6,HUNGUNDA,NIGERSEED,niger seed,4,0,7,7
2010,2,BAGALKOTE,6,HUNGUNDA,COTTON,cotton,98,87,37,124
2010,2,BAGALKOTE,6,HUNGUNDA,JUTE,jute,4,0,3,3
2010,2,BAGALKOTE,6,HUNGUNDA,MESTA,mesta,10,0,15,15
2010,2,BAGALKOTE,6,HUNGUNDA,TOBACCO,tobacco,0,0,0,0
2010,2,BAGALKOTE,6,HUNGUNDA,GUAR,guar,0,0,0,0
2010,2,BAGALKOTE,6,HUNGUNDA,COFFEE,coffee,0,0,0,0
2010,2,BAGALKOTE,6,HUNGUNDA,GROSS CROPPED AREA,,44757,8856,132747,141603
2010,2,BAGALKOTE,1,JAMKHANDI,PADDY,rice,101,28,28,56
2010,2,BAGALKOTE,1,JAMKHANDI,JOWAR,jowar,9421,4465,9015,13480
2010,2,BAGALKOTE,1,JAMKHANDI,BAJRA,bajra,2531,156,2183,2339
2010,2,BAGALKOTE,1,JAMKHANDI,MAIZE,maize,18227,22604,311,22915
2010,2,BAGALKOTE,1,JAMKHANDI,RAGI,ragi,24,29,60,90
2010,2,BAGALKOTE,1,JAMKHANDI,WHEAT,wheat,7869,4349,174,4523
2010,2,BAGALKOTE,1,JAMKHANDI,BARLEY,barley,53,42,0,42
2010,2,BAGALKOTE,1,JAMKHANDI,GRAM,chickpea,3779,1330,604,1934
2010,2,BAGALKOTE,1,JAMKHANDI,TUR (ARHAR),pigeonpea (tur),233,4,92,96
2010,2,BAGALKOTE,1,JAMKHANDI,URAD,black gram,0,0,0,0
2010,2,BAGALKOTE,1,JAMKHANDI,MOONG,green gram,114,28,57,85
2010,2,BAGALKOTE,1,JAMKHANDI,MASUR,lentil,4,12,0,12
2010,2,BAGALKOTE,1,JAMKHANDI,HORSEGRAM,horse gram,49,44,2,45
2010,2,BAGALKOTE,1,JAMKHANDI,MOTH,moth bean,0,0,0,0
2010,2,BAGALKOTE,1,JAMKHANDI,SUGARCANE,sugarcane,26575,37307,0,37307
2010,2,BAGALKOTE,1,JAMKHANDI,PEPPER (BLACK),black pepper,524,123,1,124
2010,2,BAGALKOTE,1,JAMKHANDI,CHILLIES,chilli,131,30,0,30
2010,2,BAGALKOTE,1,JAMKHANDI,GINGER,ginger,0,0,0,0
2010,2,BAGALKOTE,1,JAMKHANDI,TURMERIC,turmeric,2440,1224,2,1226
2010,2,BAGALKOTE,1,JAMKHANDI,BETELNUTS (ARECANUTS),arecanut,0,0,0,0
2010,2,BAGALKOTE,1,JAMKHANDI,MANGOES,mango,131,68,0,68
2010,2,BAGALKOTE,1,JAMKHANDI,BANANA,banana,458,212,0,212
2010,2,BAGALKOTE,1,JAMKHANDI,TABLE GRAPES,grapes,960,749,12,761
2010,2,BAGALKOTE,1,JAMKHANDI,WINE GRAPES (BLACK),grapes,3,3,0,3
2010,2,BAGALKOTE,1,JAMKHANDI,CASHEWNUTS,cashewnut,0,0,0,0
2010,2,BAGALKOTE,1,JAMKHANDI,POTATO,potato,0,0,0,0
2010,2,BAGALKOTE,1,JAMKHANDI,TAPIOCA (CASSAVA),tapioca,0,0,0,0
2010,2,BAGALKOTE,1,JAMKHANDI,SWEET POTATO,sweet potato,49,3,0,3
2010,2,BAGALKOTE,1,JAMKHANDI,ONION,onion,1932,800,4,805
2010,2,BAGALKOTE,1,JAMKHANDI,TOMATO,tomato,523,128,0,128
2010,2,BAGALKOTE,1,JAMKHANDI,GROUNDNUT,groundnut,1191,633,91,724
2010,2,BAGALKOTE,1,JAMKHANDI,CASTORSEED,castor,54,29,29,58
2010,2,BAGALKOTE,1,JAMKHANDI,SESAMUM (TIL),sesame,20,2,9,12
2010,2,BAGALKOTE,1,JAMKHANDI,RAPESEED & MUSTARD (TORIA/TARAMIRA),mustard,35,36,3,39
2010,2,BAGALKOTE,1,JAMKHANDI,LINSEED,linseed,64,0,26,26
2010,2,BAGALKOTE,1,JAMKHANDI,COCONUT,coconut,307,141,4,145
2010,2,BAGALKOTE,1,JAMKHANDI,SUNFLOWER,sunflower,5902,6248,1099,7347
2010,2,BAGALKOTE,1,JAMKHANDI,SOYABEAN,soybean,702,423,4,427
2010,2,BAGALKOTE,1,JAMKHANDI,NIGERSEED,niger seed,0,0,0,0
2010,2,BAGALKOTE,1,JAMKHANDI,COTTON,cotton,90,52,14,66
2010,2,BAGALKOTE,1,JAMKHANDI,JUTE,jute,0,0,0,0
2010,2,BAGALKOTE,1,JAMKHANDI,MESTA,mesta,0,0,0,0
2010,2,BAGALKOTE,1,JAMKHANDI,TOBACCO,tobacco,0,0,0,0
2010,2,BAGALKOTE,1,JAMKHANDI,GUAR,guar,8,14,0,14
2010,2,BAGALKOTE,1,JAMKHANDI,COFFEE,coffee,0,0,0,0
2010,2,BAGALKOTE,1,JAMKHANDI,GROSS CROPPED AREA,,50491,81971,13916,95887
2010,2,BAGALKOTE,3,MUDHOL,PADDY,rice,0,0,0,0
2010,2,BAGALKOTE,3,MUDHOL,JOWAR,jowar,5917,1740,7264,9004
2010,2,BAGALKOTE,3,MUDHOL,BAJRA,bajra,792,27,1049,1076
2010,2,BAGALKOTE,3,MUDHOL,MAIZE,maize,10286,11851,359,12209
2010,2,BAGALKOTE,3,MUDHOL,RAGI,ragi,9,0,82,82
2010,2,BAGALKOTE,3,MUDHOL,WHEAT,wheat,5980,4319,1012,5331
2010,2,BAGALKOTE,3,MUDHOL,BARLEY,barley,12,19,9,28
2010,2,BAGALKOTE,3,MUDHOL,GRAM,chickpea,1848,177,1762,1939
2010,2,BAGALKOTE,3,MUDHOL,TUR (ARHAR),pigeonpea (tur),54,0,88,88
2010,2,BAGALKOTE,3,MUDHOL,URAD,black gram,0,0,0,0
2010,2,BAGALKOTE,3,MUDHOL,MOONG,green gram,1529,2,1976,1978
2010,2,BAGALKOTE,3,MUDHOL,MASUR,lentil,0,0,0,0
2010,2,BAGALKOTE,3,MUDHOL,HORSEGRAM,horse gram,0,0,0,0
2010,2,BAGALKOTE,3,MUDHOL,MOTH,moth bean,0,0,0,0
2010,2,BAGALKOTE,3,MUDHOL,SUGARCANE,sugarcane,25543,51530,0,51530
2010,2,BAGALKOTE,3,MUDHOL,PEPPER (BLACK),black pepper,0,0,0,0
2010,2,BAGALKOTE,3,MUDHOL,CHILLIES,chilli,0,0,0,0
2010,2,BAGALKOTE,3,MUDHOL,GINGER,ginger,0,0,0,0
2010,2,BAGALKOTE,3,MUDHOL,TURMERIC,turmeric,805,537,0,537
2010,2,BAGALKOTE,3,MUDHOL,BETELNUTS (ARECANUTS),arecanut,6,5,0,5
2010,2,BAGALKOTE,3,MUDHOL,MANGOES,mango,24,15,0,15
2010,2,BAGALKOTE,3,MUDHOL,BANANA,banana,60,24,0,24
2010,2,BAGALKOTE,3,MUDHOL,TABLE GRAPES,grapes,94,221,0,221
2010,2,BAGALKOTE,3,MUDHOL,WINE GRAPES (BLACK),grapes,0,0,0,0
2010,2,BAGALKOTE,3,MUDHOL,CASHEWNUTS,cashewnut,0,0,0,0
2010,2,BAGALKOTE,3,MUDHOL,POTATO,potato,6,1,0,1
2010,2,BAGALKOTE,3,MUDHOL,TAPIOCA (CASSAVA),tapioca,0,0,0,0
2010,2,BAGALKOTE,3,MUDHOL,SWEET POTATO,sweet potato,0,0,0,0
2010,2,BAGALKOTE,3,MUDHOL,ONION,onion,952,881,258,1139
2010,2,BAGALKOTE,3,MUDHOL,TOMATO,tomato,0,0,0,0
2010,2,BAGALKOTE,3,MUDHOL,GROUNDNUT,groundnut,644,294,630,924
2010,2,BAGALKOTE,3,MUDHOL,CASTORSEED,castor,0,0,0,0
2010,2,BAGALKOTE,3,MUDHOL,SESAMUM (TIL),sesame,0,0,0,0
2010,2,BAGALKOTE,3,MUDHOL,RAPESEED & MUSTARD (TORIA/TARAMIRA),mustard,0,0,0,0
2010,2,BAGALKOTE,3,MUDHOL,LINSEED,linseed,363,5,124,129
2010,2,BAGALKOTE,3,MUDHOL,COCONUT,coconut,15,9,0,9
2010,2,BAGALKOTE,3,MUDHOL,SUNFLOWER,sunflower,850,729,287,1016
2010,2,BAGALKOTE,3,MUDHOL,SOYABEAN,soybean,209,214,15,228
2010,2,BAGALKOTE,3,MUDHOL,NIGERSEED,niger seed,0,0,0,0
2010,2,BAGALKOTE,3,MUDHOL,COTTON,cotton,261,208,13,221
2010,2,BAGALKOTE,3,MUDHOL,JUTE,jute,0,0,0,0
2010,2,BAGALKOTE,3,MUDHOL,MESTA,mesta,0,0,0,0
2010,2,BAGALKOTE,3,MUDHOL,TOBACCO,tobacco,0,0,0,0
2010,2,BAGALKOTE,3,MUDHOL,GUAR,guar,0,0,0,0
2010,2,BAGALKOTE,3,MUDHOL,COFFEE,coffee,0,0,0,0
2010,2,BAGALKOTE,3,MUDHOL,GROSS CROPPED AREA,,39041,73230,14959,88189
2010,21,BANGALORE RURAL,3,DEVANAHALLI,PADDY,rice,416,99,37,135
2010,21,BANGALORE RURAL,3,DEVANAHALLI,JOWAR,jowar,1589,115,212,327
2010,21,BANGALORE RURAL,3,DEVANAHALLI,BAJRA,bajra,37,0,8,8
2010,21,BANGALORE RURAL,3,DEVANAHALLI,MAIZE,maize,331,74,38,112
2010,21,BANGALORE RURAL,3,DEVANAHALLI,RAGI,ragi,18045,205,9356,9562
2010,21,BANGALORE RURAL,3,DEVANAHALLI,WHEAT,wheat,9,0,4,4
2010,21,BANGALORE RURAL,3,DEVANAHALLI,BARLEY,barley,0,0,0,0
2010,21,BANGALORE RURAL,3,DEVANAHALLI,GRAM,chickpea,10,1,0,1
2010,21,BANGALORE RURAL,3,DEVANAHALLI,TUR (ARHAR),pigeonpea (tur),256,28,71,99
2010,21,BANGALORE RURAL,3,DEVANAHALLI,URAD,black gram,0,0,0,0
2010,21,BANGALORE RURAL,3,DEVANAHALLI,MOONG,green gram,0,0,0,0
2010,21,BANGALORE RURAL,3,DEVANAHALLI,MASUR,lentil,5,0,2,2
2010,21,BANGALORE RURAL,3,DEVANAHALLI,HORSEGRAM,horse gram,189,0,77,77
2010,21,BANGALORE RURAL,3,DEVANAHALLI,MOTH,moth bean,0,0,0,0
2010,21,BANGALORE RURAL,3,DEVANAHALLI,SUGARCANE,sugarcane,0,0,0,0
2010,21,BANGALORE RURAL,3,DEVANAHALLI,PEPPER (BLACK),black pepper,4,0,2,2
2010,21,BANGALORE RURAL,3,DEVANAHALLI,CHILLIES,chilli,9,5,0,5
2010,21,BANGALORE RURAL,3,DEVANAHALLI,GINGER,ginger,15,2,2,4
2010,21,BANGALORE RURAL,3,DEVANAHALLI,TURMERIC,turmeric,0,0,0,0
2010,21,BANGALORE RURAL,3,DEVANAHALLI,BETELNUTS (ARECANUTS),arecanut,23,16,0,16
2010,21,BANGALORE RURAL,3,DEVANAHALLI,MANGOES,mango,513,224,398,621
2010,21,BANGALORE RURAL,3,DEVANAHALLI,BANANA,banana,151,97,7,104
2010,21,BANGALORE RURAL,3,DEVANAHALLI,TABLE GRAPES,grapes,1336,1302,17,1319
2010,21,BANGALORE RURAL,3,DEVANAHALLI,WINE GRAPES (BLACK),grapes,0,0,0,0
2010,21,BANGALORE RURAL,3,DEVANAHALLI,CASHEWNUTS,cashewnut,0,0,0,0
2010,21,BANGALORE RURAL,3,DEVANAHALLI,POTATO,potato,335,173,6,179
2010,21,BANGALORE RURAL,3,DEVANAHALLI,TAPIOCA (CASSAVA),tapioca,0,0,0,0
2010,21,BANGALORE RURAL,3,DEVANAHALLI,SWEET POTATO,sweet potato,0,0,0,0
2010,21,BANGALORE RURAL,3,DEVANAHALLI,ONION,onion,15,5,0,5
2010,21,BANGALORE RURAL,3,DEVANAHALLI,TOMATO,tomato,612,254,25,279
2010,21,BANGALORE RURAL,3,DEVANAHALLI,GROUNDNUT,groundnut,22,0,6,6
2010,21,BANGALORE RURAL,3,DEVANAHALLI,CASTORSEED,castor,5,3,0,3
2010,21,BANGALORE RURAL,3,DEVANAHALLI,SESAMUM (TIL),sesame,4,0,4,4
2010,21,BANGALORE RURAL,3,DEVANAHALLI,RAPESEED & MUSTARD (TORIA/TARAMIRA),mustard,95,0,1,1
2010,21,BANGALORE RURAL,3,DEVANAHALLI,LINSEED,linseed,5,0,0,0
2010,21,BANGALORE RURAL,3,DEVANAHALLI,COCONUT,coconut,311,204,136,340
2010,21,BANGALORE RURAL,3,DEVANAHALLI,SUNFLOWER,sunflower,0,0,0,0
2010,21,BANGALORE RURAL,3,DEVANAHALLI,SOYABEAN,soybean,0,0,0,0
2010,21,BANGALORE RURAL,3,DEVANAHALLI,NIGERSEED,niger seed,0,0,0,0
2010,21,BANGALORE RURAL,3,DEVANAHALLI,COTTON,cotton,0,0,0,0
2010,21,BANGALORE RURAL,3,DEVANAHALLI,JUTE,jute,0,0,0,0
2010,21,BANGALORE RURAL,3,DEVANAHALLI,MESTA,mesta,0,0,0,0
2010,21,BANGALORE RURAL,3,DEVANAHALLI,TOBACCO,tobacco,0,0,0,0
2010,21,BANGALORE RURAL,3,DEVANAHALLI,GUAR,guar,0,0,0,0
2010,21,BANGALORE RURAL,3,DEVANAHALLI,COFFEE,coffee,0,0,0,0
2010,21,BANGALORE RURAL,3,DEVANAHALLI,GROSS CROPPED AREA,,34350,7141,18164,25305
2010,21,BANGALORE RURAL,2,DODDABALLAPUR,PADDY,rice,793,514,69,582
2010,21,BANGALORE RURAL,2,DODDABALLAPUR,JOWAR,jowar,13542,1213,9613,10826
2010,21,BANGALORE RURAL,2,DODDABALLAPUR,BAJRA,bajra,21,5,10,15
2010,21,BANGALORE RURAL,2,DODDABALLAPUR,MAIZE,maize,704,106,343,449
2010,21,BANGALORE RURAL,2,DODDABALLAPUR,RAGI,ragi,28554,331,16561,16892
2010,21,BANGALORE RURAL,2,DODDABALLAPUR,WHEAT,wheat,69,16,39,54
2010,21,BANGALORE RURAL,2,DODDABALLAPUR,BARLEY,barley,0,0,0,0
2010,21,BANGALORE RURAL,2,DODDABALLAPUR,GRAM,chickpea,283,0,158,158
2010,21,BANGALORE RURAL,2,DODDABALLAPUR,TUR (ARHAR),pigeonpea (tur),1981,49,590,639
2010,21,BANGALORE RURAL,2,DODDABALLAPUR,URAD,black gram,4,0,1,1
2010,21,BANGALORE RURAL,2,DODDABALLAPUR,MOONG,green gram,4,0,1,1
2010,21,BANGALORE RURAL,2,DODDABALLAPUR,MASUR,lentil,12,0,7,7
2010,21,BANGALORE RURAL,2,DODDABALLAPUR,HORSEGRAM,horse gram,1578,61,767,827
2010,21,BANGALORE RURAL,2,DODDABALLAPUR,MOTH,moth bean,0,0,0,0
2010,21,BANGALORE RURAL,2,DODDABALLAPUR,SUGARCANE,sugarcane,13,6,0,6
2010,21,BANGALORE RURAL,2,DODDABALLAPUR,PEPPER (BLACK),black pepper,4,2,0,2
2010,21,BANGALORE RURAL,2,DODDABALLAPUR,CHILLIES,chilli,56,20,12,33
2010,21,BANGALORE RURAL,2,DODDABALLAPUR,GINGER,ginger,30,23,0,23
2010,21,BANGALORE RURAL,2,DODDABALLAPUR,TURMERIC,turmeric,0,0,0,0
2010,21,BANGALORE RURAL,2,DODDABALLAPUR,BETELNUTS (ARECANUTS),arecanut,1415,662,275,937
2010,21,BANGALORE RURAL,2,DODDABALLAPUR,MANGOES,mango,1084,321,700,1021
2010,21,BANGALORE RURAL,2,DODDABALLAPUR,BANANA,banana,883,546,30,576
2010,21,BANGALORE RURAL,2,DODDABALLAPUR,TABLE GRAPES,grapes,780,611,86,697
2010,21,BANGALORE RURAL,2,DODDABALLAPUR,WINE GRAPES (BLACK),grapes,0,0,0,0
2010,21,BANGALORE RURAL,2,DODDABALLAPUR,CASHEWNUTS,cashewnut,0,0,0,0
2010,21,BANGALORE RURAL,2,DODDABALLAPUR,POTATO,potato,235,104,51,155
2010,21,BANGALORE RURAL,2,DODDABALLAPUR,TAPIOCA (CASSAVA),tapioca,5,0,4,4
2010,21,BANGALORE RURAL,2,DODDABALLAPUR,SWEET POTATO,sweet potato,0,0,0,0
2010,21,BANGALORE RURAL,2,DODDABALLAPUR,ONION,onion,22,18,3,22
2010,21,BANGALORE RURAL,2,DODDABALLAPUR,TOMATO,tomato,531,214,44,259
2010,21,BANGALORE RURAL,2,DODDABALLAPUR,GROUNDNUT,groundnut,23,14,2,16
2010,21,BANGALORE RURAL,2,DODDABALLAPUR,CASTORSEED,castor,35,13,18,31
2010,21,BANGALORE RURAL,2,DODDABALLAPUR,SESAMUM (TIL),sesame,0,0,0,0
2010,21,BANGALORE RURAL,2,DODDABALLAPUR,RAPESEED & MUSTARD (TORIA/TARAMIRA),mustard,59,0,2,2
2010,21,BANGALORE RURAL,2,DODDABALLAPUR,LINSEED,linseed,21,0,13,13
2010,21,BANGALORE RURAL,2,DODDABALLAPUR,COCONUT,coconut,1953,941,835,1776
2010,21,BANGALORE RURAL,2,DODDABALLAPUR,SUNFLOWER,sunflower,6,6,0,6
2010,21,BANGALORE RURAL,2,DODDABALLAPUR,SOYABEAN,soybean,0,0,0,0
2010,21,BANGALORE RURAL,2,DODDABALLAPUR,NIGERSEED,niger seed,31,0,1,1
2010,21,BANGALORE RURAL,2,DODDABALLAPUR,COTTON,cotton,0,0,0,0
2010,21,BANGALORE RURAL,2,DODDABALLAPUR,JUTE,jute,26,2,19,20
2010,21,BANGALORE RURAL,2,DODDABALLAPUR,MESTA,mesta,0,0,0,0
2010,21,BANGALORE RURAL,2,DODDABALLAPUR,TOBACCO,tobacco,0,0,0,0
2010,21,BANGALORE RURAL,2,DODDABALLAPUR,GUAR,guar,0,0,0,0
2010,21,BANGALORE RURAL,2,DODDABALLAPUR,COFFEE,coffee,0,0,0,0
2010,21,BANGALORE RURAL,2,DODDABALLAPUR,GROSS CROPPED AREA,,54698,7133,40634,47767
2010,21,BANGALORE RURAL,4,HOSAKOTE,PADDY,rice,1479,838,199,1036
2010,21,BANGALORE RURAL,4,HOSAKOTE,JOWAR,jowar,1329,118,233,351
2010,21,BANGALORE RURAL,4,HOSAKOTE,BAJRA,bajra,11,0,1,1
2010,21,BANGALORE RURAL,4,HOSAKOTE,MAIZE,maize,245,14,43,57
2010,21,BANGALORE RURAL,4,HOSAKOTE,RAGI,ragi,24682,730,11439,12168
2010,21,BANGALORE RURAL,4,HOSAKOTE,WHEAT,wheat,6,0,0,0
2010,21,BANGALORE RURAL,4,HOSAKOTE,BARLEY,barley,0,0,0,0
2010,21,BANGALORE RURAL,4,HOSAKOTE,GRAM,chickpea,0,0,0,0
2010,21,BANGALORE RURAL,4,HOSAKOTE,TUR (ARHAR),pigeonpea (tur),340,13,65,78
2010,21,BANGALORE RURAL,4,HOSAKOTE,URAD,black gram,0,0,0,0
2010,21,BANGALORE RURAL,4,HOSAKOTE,MOONG,green gram,13,5,1,6
2010,21,BANGALORE RURAL,4,HOSAKOTE,MASUR,lentil,0,0,0,0
2010,21,BANGALORE RURAL,4,HOSAKOTE,HORSEGRAM,horse gram,541,39,187,226
2010,21,BANGALORE RURAL,4,HOSAKOTE,MOTH,moth bean,5,1,0,1
2010,21,BANGALORE RURAL,4,HOSAKOTE,SUGARCANE,sugarcane,0,0,0,0
2010,21,BANGALORE RURAL,4,HOSAKOTE,PEPPER (BLACK),black pepper,9,2,0,2
2010,21,BANGALORE RURAL,4,HOSAKOTE,CHILLIES,chilli,0,0,0,0
2010,21,BANGALORE RURAL,4,HOSAKOTE,GINGER,ginger,22,8,0,8
2010,21,BANGALORE RURAL,4,HOSAKOTE,TURMERIC,turmeric,0,0,0,0
2010,21,BANGALORE RURAL,4,HOSAKOTE,BETELNUTS (ARECANUTS),arecanut,27,13,0,13
2010,21,BANGALORE RURAL,4,HOSAKOTE,MANGOES,mango,1404,110,1307,1417
2010,21,BANGALORE RURAL,4,HOSAKOTE,BANANA,banana,596,316,97,413
2010,21,BANGALORE RURAL,4,HOSAKOTE,TABLE GRAPES,grapes,430,367,3,370
2010,21,BANGALORE RURAL,4,HOSAKOTE,WINE GRAPES (BLACK),grapes,0,0,0,0
2010,21,BANGALORE RURAL,4,HOSAKOTE,CASHEWNUTS,cashewnut,44,0,20,20
2010,21,BANGALORE RURAL,4,HOSAKOTE,POTATO,potato,616,332,50,382
2010,21,BANGALORE RURAL,4,HOSAKOTE,TAPIOCA (CASSAVA),tapioca,5,3,0,3
2010,21,BANGALORE RURAL,4,HOSAKOTE,SWEET POTATO,sweet potato,0,0,0,0
2010,21,BANGALORE RURAL,4,HOSAKOTE,ONION,onion,0,0,0,0
2010,21,BANGALORE RURAL,4,HOSAKOTE,TOMATO,tomato,850,445,31,475
2010,21,BANGALORE RURAL,4,HOSAKOTE,GROUNDNUT,groundnut,0,0,0,0
2010,21,BANGALORE RURAL,4,HOSAKOTE,CASTORSEED,castor,0,0,0,0
2010,21,BANGALORE RURAL,4,HOSAKOTE,SESAMUM (TIL),sesame,5,4,0,4
2010,21,BANGALORE RURAL,4,HOSAKOTE,RAPESEED & MUSTARD (TORIA/TARAMIRA),mustard,675,57,120,177
2010,21,BANGALORE RURAL,4,HOSAKOTE,LINSEED,linseed,13,0,9,9
2010,21,BANGALORE RURAL,4,HOSAKOTE,COCONUT,coconut,865,286,53,339
2010,21,BANGALORE RURAL,4,HOSAKOTE,SUNFLOWER,sunflower,0,0,0,0
2010,21,BANGALORE RURAL,4,HOSAKOTE,SOYABEAN,soybean,0,0,0,0
2010,21,BANGALORE RURAL,4,HOSAKOTE,NIGERSEED,niger seed,0,0,0,0
2010,21,BANGALORE RURAL,4,HOSAKOTE,COTTON,cotton,0,0,0,0
2010,21,BANGALORE RURAL,4,HOSAKOTE,JUTE,jute,0,0,0,0
2010,21,BANGALORE RURAL,4,HOSAKOTE,MESTA,mesta,0,0,0,0
2010,21,BANGALORE RURAL,4,HOSAKOTE,TOBACCO,tobacco,0,0,0,0
2010,21,BANGALORE RURAL,4,HOSAKOTE,GUAR,guar,0,0,0,0
2010,21,BANGALORE RURAL,4,HOSAKOTE,COFFEE,coffee,0,0,0,0
2010,21,BANGALORE RURAL,4,HOSAKOTE,GROSS CROPPED AREA,,48402,8564,25645,34208
2010,21,BANGALORE RURAL,1,NELAMANGALA,PADDY,rice,1157,318,147,465
2010,21,BANGALORE RURAL,1,NELAMANGALA,JOWAR,jowar,4742,119,1064,1183
2010,21,BANGALORE RURAL,1,NELAMANGALA,BAJRA,bajra,7,0,6,6
2010,21,BANGALORE RURAL,1,NELAMANGALA,MAIZE,maize,1382,98,511,609
2010,21,BANGALORE RURAL,1,NELAMANGALA,RAGI,ragi,21384,422,12313,12735
2010,21,BANGALORE RURAL,1,NELAMANGALA,WHEAT,wheat,64,4,57,61
2010,21,BANGALORE RURAL,1,NELAMANGALA,BARLEY,barley,0,0,0,0
2010,21,BANGALORE RURAL,1,NELAMANGALA,GRAM,chickpea,5,0,1,1
2010,21,BANGALORE RURAL,1,NELAMANGALA,TUR (ARHAR),pigeonpea (tur),1716,36,383,419
2010,21,BANGALORE RURAL,1,NELAMANGALA,URAD,black gram,5,0,0,0
2010,21,BANGALORE RURAL,1,NELAMANGALA,MOONG,green gram,14,0,5,5
2010,21,BANGALORE RURAL,1,NELAMANGALA,MASUR,lentil,0,0,0,0
2010,21,BANGALORE RURAL,1,NELAMANGALA,HORSEGRAM,horse gram,1626,10,593,603
2010,21,BANGALORE RURAL,1,NELAMANGALA,MOTH,moth bean,0,0,0,0
2010,21,BANGALORE RURAL,1,NELAMANGALA,SUGARCANE,sugarcane,15,20,0,20
2010,21,BANGALORE RURAL,1,NELAMANGALA,PEPPER (BLACK),black pepper,33,0,12,12
2010,21,BANGALORE RURAL,1,NELAMANGALA,CHILLIES,chilli,23,0,1,1
2010,21,BANGALORE RURAL,1,NELAMANGALA,GINGER,ginger,0,0,0,0
2010,21,BANGALORE RURAL,1,NELAMANGALA,TURMERIC,turmeric,0,0,0,0
2010,21,BANGALORE RURAL,1,NELAMANGALA,BETELNUTS (ARECANUTS),arecanut,1757,679,227,907
2010,21,BANGALORE RURAL,1,NELAMANGALA,MANGOES,mango,1715,170,1547,1717
2010,21,BANGALORE RURAL,1,NELAMANGALA,BANANA,banana,519,321,16,337
2010,21,BANGALORE RURAL,1,NELAMANGALA,TABLE GRAPES,grapes,34,19,4,23
2010,21,BANGALORE RURAL,1,NELAMANGALA,WINE GRAPES (BLACK),grapes,0,0,0,0
2010,21,BANGALORE RURAL,1,NELAMANGALA,CASHEWNUTS,cashewnut,0,0,0,0
2010,21,BANGALORE RURAL,1,NELAMANGALA,POTATO,potato,66,30,11,41
2010,21,BANGALORE RURAL,1,NELAMANGALA,TAPIOCA (CASSAVA),tapioca,4,0,0,0
2010,21,BANGALORE RURAL,1,NELAMANGALA,SWEET POTATO,sweet potato,10,8,7,15
2010,21,BANGALORE RURAL,1,NELAMANGALA,ONION,onion,0,0,0,0
2010,21,BANGALORE RURAL,1,NELAMANGALA,TOMATO,tomato,629,117,96,214
2010,21,BANGALORE RURAL,1,NELAMANGALA,GROUNDNUT,groundnut,22,0,5,5
2010,21,BANGALORE RURAL,1,NELAMANGALA,CASTORSEED,castor,127,0,10,10
2010,21,BANGALORE RURAL,1,NELAMANGALA,SESAMUM (TIL),sesame,6,2,0,3
2010,21,BANGALORE RURAL,1,NELAMANGALA,RAPESEED & MUSTARD (TORIA/TARAMIRA),mustard,437,2,24,26
2010,21,BANGALORE RURAL,1,NELAMANGALA,LINSEED,linseed,9,0,1,1
2010,21,BANGALORE RURAL,1,NELAMANGALA,COCONUT,coconut,2634,692,733,1426
2010,21,BANGALORE RURAL,1,NELAMANGALA,SUNFLOWER,sunflower,5,0,10,10
2010,21,BANGALORE RURAL,1,NELAMANGALA,SOYABEAN,soybean,0,0,0,0
2010,21,BANGALORE RURAL,1,NELAMANGALA,NIGERSEED,niger seed,548,0,30,30
2010,21,BANGALORE RURAL,1,NELAMANGALA,COTTON,cotton,0,0,0,0
2010,21,BANGALORE RURAL,1,NELAMANGALA,JUTE,jute,10,0,8,8
2010,21,BANGALORE RURAL,1,NELAMANGALA,MESTA,mesta,0,0,0,0
2010,21,BANGALORE RURAL,1,NELAMANGALA,TOBACCO,tobacco,0,0,0,0
2010,21,BANGALORE RURAL,1,NELAMANGALA,GUAR,guar,5,15,0,15
2010,21,BANGALORE RURAL,1,NELAMANGALA,COFFEE,coffee,0,0,0,0
2010,21,BANGALORE RURAL,1,NELAMANGALA,GROSS CROPPED AREA,,41417,3739,27121,30860
2010,20,BANGALORE URBAN,3,ANEKAL,PADDY,rice,597,197,12,210
2010,20,BANGALORE URBAN,3,ANEKAL,JOWAR,jowar,386,6,34,40
2010,20,BANGALORE URBAN,3,ANEKAL,BAJRA,bajra,20,1,2,3
2010,20,BANGALORE URBAN,3,ANEKAL,MAIZE,maize,87,0,15,15
2010,20,BANGALORE URBAN,3,ANEKAL,RAGI,ragi,10655,72,7149,7221
2010,20,BANGALORE URBAN,3,ANEKAL,WHEAT,wheat,5,2,0,2
2010,20,BANGALORE URBAN,3,ANEKAL,BARLEY,barley,0,0,0,0
2010,20,BANGALORE URBAN,3,ANEKAL,GRAM,chickpea,0,0,0,0
2010,20,BANGALORE URBAN,3,ANEKAL,TUR (ARHAR),pigeonpea (tur),114,10,20,30
2010,20,BANGALORE URBAN,3,ANEKAL,URAD,black gram,0,0,0,0
2010,20,BANGALORE URBAN,3,ANEKAL,MOONG,green gram,5,0,0,0
2010,20,BANGALORE URBAN,3,ANEKAL,MASUR,lentil,0,0,0,0
2010,20,BANGALORE URBAN,3,ANEKAL,HORSEGRAM,horse gram,342,1,111,113
2010,20,BANGALORE URBAN,3,ANEKAL,MOTH,moth bean,0,0,0,0
2010,20,BANGALORE URBAN,3,ANEKAL,SUGARCANE,sugarcane,0,0,0,0
2010,20,BANGALORE URBAN,3,ANEKAL,PEPPER (BLACK),black pepper,0,0,0,0
2010,20,BANGALORE URBAN,3,ANEKAL,CHILLIES,chilli,0,0,0,0
2010,20,BANGALORE URBAN,3,ANEKAL,GINGER,ginger,0,0,0,0
2010,20,BANGALORE URBAN,3,ANEKAL,TURMERIC,turmeric,0,0,0,0
2010,20,BANGALORE URBAN,3,ANEKAL,BETELNUTS (ARECANUTS),arecanut,21,18,0,18
2010,20,BANGALORE URBAN,3,ANEKAL,MANGOES,mango,137,62,59,121
2010,20,BANGALORE URBAN,3,ANEKAL,BANANA,banana,118,79,0,79
2010,20,BANGALORE URBAN,3,ANEKAL,TABLE GRAPES,grapes,74,63,0,63
2010,20,BANGALORE URBAN,3,ANEKAL,WINE GRAPES (BLACK),grapes,0,0,0,0
2010,20,BANGALORE URBAN,3,ANEKAL,CASHEWNUTS,cashewnut,0,0,0,0
2010,20,BANGALORE URBAN,3,ANEKAL,POTATO,potato,231,236,0,236
2010,20,BANGALORE URBAN,3,ANEKAL,TAPIOCA (CASSAVA),tapioca,5,4,0,4
2010,20,BANGALORE URBAN,3,ANEKAL,SWEET POTATO,sweet potato,0,0,0,0
2010,20,BANGALORE URBAN,3,ANEKAL,ONION,onion,26,19,0,19
2010,20,BANGALORE URBAN,3,ANEKAL,TOMATO,tomato,807,402,0,402
2010,20,BANGALORE URBAN,3,ANEKAL,GROUNDNUT,groundnut,5,0,0,0
2010,20,BANGALORE URBAN,3,ANEKAL,CASTORSEED,castor,0,0,0,0
2010,20,BANGALORE URBAN,3,ANEKAL,SESAMUM (TIL),sesame,0,0,0,0
2010,20,BANGALORE URBAN,3,ANEKAL,RAPESEED & MUSTARD (TORIA/TARAMIRA),mustard,745,0,13,13
2010,20,BANGALORE URBAN,3,ANEKAL,LINSEED,linseed,5,0,14,14
2010,20,BANGALORE URBAN,3,ANEKAL,COCONUT,coconut,660,202,146,348
2010,20,BANGALORE URBAN,3,ANEKAL,SUNFLOWER,sunflower,0,0,0,0
2010,20,BANGALORE URBAN,3,ANEKAL,SOYABEAN,soybean,0,0,0,0
2010,20,BANGALORE URBAN,3,ANEKAL,NIGERSEED,niger seed,791,2,12,14
2010,20,BANGALORE URBAN,3,ANEKAL,COTTON,cotton,0,0,0,0
2010,20,BANGALORE URBAN,3,ANEKAL,JUTE,jute,0,0,0,0
2010,20,BANGALORE URBAN,3,ANEKAL,MESTA,mesta,0,0,0,0
2010,20,BANGALORE URBAN,3,ANEKAL,TOBACCO,tobacco,0,0,0,0
2010,20,BANGALORE URBAN,3,ANEKAL,GUAR,guar,0,0,0,0
2010,20,BANGALORE URBAN,3,ANEKAL,COFFEE,coffee,0,0,0,0
2010,20,BANGALORE URBAN,3,ANEKAL,GROSS CROPPED AREA,,28202,2984,14874,17858
2010,20,BANGALORE URBAN,4,BANGALORE EAST,PADDY,rice,104,170,207,377
2010,20,BANGALORE URBAN,4,BANGALORE EAST,JOWAR,jowar,61,0,131,131
2010,20,BANGALORE URBAN,4,BANGALORE EAST,BAJRA,bajra,0,0,0,0
2010,20,BANGALORE URBAN,4,BANGALORE EAST,MAIZE,maize,0,0,0,0
2010,20,BANGALORE URBAN,4,BANGALORE EAST,RAGI,ragi,1294,45,3635,3680
2010,20,BANGALORE URBAN,4,BANGALORE EAST,WHEAT,wheat,0,0,0,0
2010,20,BANGALORE URBAN,4,BANGALORE EAST,BARLEY,barley,0,0,0,0
2010,20,BANGALORE URBAN,4,BANGALORE EAST,GRAM,chickpea,0,0,0,0
2010,20,BANGALORE URBAN,4,BANGALORE EAST,TUR (ARHAR),pigeonpea (tur),49,0,126,126
2010,20,BANGALORE URBAN,4,BANGALORE EAST,URAD,black gram,0,0,0,0
2010,20,BANGALORE URBAN,4,BANGALORE EAST,MOONG,green gram,0,0,0,0
2010,20,BANGALORE URBAN,4,BANGALORE EAST,MASUR,lentil,0,0,0,0
2010,20,BANGALORE URBAN,4,BANGALORE EAST,HORSEGRAM,horse gram,95,0,225,225
2010,20,BANGALORE URBAN,4,BANGALORE EAST,MOTH,moth bean,0,0,0,0
2010,20,BANGALORE URBAN,4,BANGALORE EAST,SUGARCANE,sugarcane,0,0,0,0
2010,20,BANGALORE URBAN,4,BANGALORE EAST,PEPPER (BLACK),black pepper,0,0,0,0
2010,20,BANGALORE URBAN,4,BANGALORE EAST,CHILLIES,chilli,0,0,0,0
2010,20,BANGALORE URBAN,4,BANGALORE EAST,GINGER,ginger,0,0,0,0
2010,20,BANGALORE URBAN,4,BANGALORE EAST,TURMERIC,turmeric,0,0,0,0
2010,20,BANGALORE URBAN,4,BANGALORE EAST,BETELNUTS (ARECANUTS),arecanut,0,0,0,0
2010,20,BANGALORE URBAN,4,BANGALORE EAST,MANGOES,mango,595,0,1489,1489
2010,20,BANGALORE URBAN,4,BANGALORE EAST,BANANA,banana,9,0,1,1
2010,20,BANGALORE URBAN,4,BANGALORE EAST,TABLE GRAPES,grapes,136,241,27,267
2010,20,BANGALORE URBAN,4,BANGALORE EAST,WINE GRAPES (BLACK),grapes,0,0,0,0
2010,20,BANGALORE URBAN,4,BANGALORE EAST,CASHEWNUTS,cashewnut,0,0,0,0
2010,20,BANGALORE URBAN,4,BANGALORE EAST,POTATO,potato,63,119,50,169
2010,20,BANGALORE URBAN,4,BANGALORE EAST,TAPIOCA (CASSAVA),tapioca,0,0,0,0
2010,20,BANGALORE URBAN,4,BANGALORE EAST,SWEET POTATO,sweet potato,0,0,0,0
2010,20,BANGALORE URBAN,4,BANGALORE EAST,ONION,onion,49,201,40,241
2010,20,BANGALORE URBAN,4,BANGALORE EAST,TOMATO,tomato,98,237,0,237
2010,20,BANGALORE URBAN,4,BANGALORE EAST,GROUNDNUT,groundnut,10,0,38,38
2010,20,BANGALORE URBAN,4,BANGALORE EAST,CASTORSEED,castor,0,0,0,0
2010,20,BANGALORE URBAN,4,BANGALORE EAST,SESAMUM (TIL),sesame,0,0,0,0
2010,20,BANGALORE URBAN,4,BANGALORE EAST,RAPESEED & MUSTARD (TORIA/TARAMIRA),mustard,0,0,0,0
2010,20,BANGALORE URBAN,4,BANGALORE EAST,LINSEED,linseed,0,0,0,0
2010,20,BANGALORE URBAN,4,BANGALORE EAST,COCONUT,coconut,11,0,32,32
2010,20,BANGALORE URBAN,4,BANGALORE EAST,SUNFLOWER,sunflower,0,0,0,0
2010,20,BANGALORE URBAN,4,BANGALORE EAST,SOYABEAN,soybean,0,0,0,0
2010,20,BANGALORE URBAN,4,BANGALORE EAST,NIGERSEED,niger seed,0,0,0,0
2010,20,BANGALORE URBAN,4,BANGALORE EAST,COTTON,cotton,0,0,0,0
2010,20,BANGALORE URBAN,4,BANGALORE EAST,JUTE,jute,0,0,0,0
2010,20,BANGALORE URBAN,4,BANGALORE EAST,MESTA,mesta,0,0,0,0
2010,20,BANGALORE URBAN,4,BANGALORE EAST,TOBACCO,tobacco,0,0,0,0
2010,20,BANGALORE URBAN,4,BANGALORE EAST,GUAR,guar,0,0,0,0
2010,20,BANGALORE URBAN,4,BANGALORE EAST,COFFEE,coffee,0,0,0,0
2010,20,BANGALORE URBAN,4,BANGALORE EAST,GROSS CROPPED AREA,,5194,2707,8230,10937
2010,20,BANGALORE URBAN,1,BANGALORE NORTH,PADDY,rice,610,214,33,247
2010,20,BANGALORE URBAN,1,BANGALORE NORTH,JOWAR,jowar,2575,82,663,745
2010,20,BANGALORE URBAN,1,BANGALORE NORTH,BAJRA,bajra,25,19,0,19
2010,20,BANGALORE URBAN,1,BANGALORE NORTH,MAIZE,maize,162,64,12,76
2010,20,BANGALORE URBAN,1,BANGALORE NORTH,RAGI,ragi,15930,130,8944,9074
2010,20,BANGALORE URBAN,1,BANGALORE NORTH,WHEAT,wheat,24,1,26,27
2010,20,BANGALORE URBAN,1,BANGALORE NORTH,BARLEY,barley,5,0,0,0
2010,20,BANGALORE URBAN,1,BANGALORE NORTH,GRAM,chickpea,0,0,0,0
2010,20,BANGALORE URBAN,1,BANGALORE NORTH,TUR (ARHAR),pigeonpea (tur),770,11,92,102
2010,20,BANGALORE URBAN,1,BANGALORE NORTH,URAD,black gram,0,0,0,0
2010,20,BANGALORE URBAN,1,BANGALORE NORTH,MOONG,green gram,5,0,3,3
2010,20,BANGALORE URBAN,1,BANGALORE NORTH,MASUR,lentil,0,0,0,0
2010,20,BANGALORE URBAN,1,BANGALORE NORTH,HORSEGRAM,horse gram,733,8,221,228
2010,20,BANGALORE URBAN,1,BANGALORE NORTH,MOTH,moth bean,0,0,0,0
2010,20,BANGALORE URBAN,1,BANGALORE NORTH,SUGARCANE,sugarcane,0,0,0,0
2010,20,BANGALORE URBAN,1,BANGALORE NORTH,PEPPER (BLACK),black pepper,0,0,0,0
2010,20,BANGALORE URBAN,1,BANGALORE NORTH,CHILLIES,chilli,39,10,0,10
2010,20,BANGALORE URBAN,1,BANGALORE NORTH,GINGER,ginger,25,9,0,9
2010,20,BANGALORE URBAN,1,BANGALORE NORTH,TURMERIC,turmeric,9,4,0,4
2010,20,BANGALORE URBAN,1,BANGALORE NORTH,BETELNUTS (ARECANUTS),arecanut,668,286,4,289
2010,20,BANGALORE URBAN,1,BANGALORE NORTH,MANGOES,mango,678,68,484,552
2010,20,BANGALORE URBAN,1,BANGALORE NORTH,BANANA,banana,309,117,41,159
2010,20,BANGALORE URBAN,1,BANGALORE NORTH,TABLE GRAPES,grapes,731,632,96,728
2010,20,BANGALORE URBAN,1,BANGALORE NORTH,WINE GRAPES (BLACK),grapes,0,0,0,0
2010,20,BANGALORE URBAN,1,BANGALORE NORTH,CASHEWNUTS,cashewnut,0,0,0,0
2010,20,BANGALORE URBAN,1,BANGALORE NORTH,POTATO,potato,5,4,0,4
2010,20,BANGALORE URBAN,1,BANGALORE NORTH,TAPIOCA (CASSAVA),tapioca,0,0,0,0
2010,20,BANGALORE URBAN,1,BANGALORE NORTH,SWEET POTATO,sweet potato,0,0,0,0
2010,20,BANGALORE URBAN,1,BANGALORE NORTH,ONION,onion,0,0,0,0
2010,20,BANGALORE URBAN,1,BANGALORE NORTH,TOMATO,tomato,894,278,132,411
2010,20,BANGALORE URBAN,1,BANGALORE NORTH,GROUNDNUT,groundnut,0,0,0,0
2010,20,BANGALORE URBAN,1,BANGALORE NORTH,CASTORSEED,castor,28,0,8,8
2010,20,BANGALORE URBAN,1,BANGALORE NORTH,SESAMUM (TIL),sesame,0,0,0,0
2010,20,BANGALORE URBAN,1,BANGALORE NORTH,RAPESEED & MUSTARD (TORIA/TARAMIRA),mustard,215,0,4,4
2010,20,BANGALORE URBAN,1,BANGALORE NORTH,LINSEED,linseed,5,0,1,1
2010,20,BANGALORE URBAN,1,BANGALORE NORTH,COCONUT,coconut,1577,752,199,951
2010,20,BANGALORE URBAN,1,BANGALORE NORTH,SUNFLOWER,sunflower,10,1,0,1
2010,20,BANGALORE URBAN,1,BANGALORE NORTH,SOYABEAN,soybean,0,0,0,0
2010,20,BANGALORE URBAN,1,BANGALORE NORTH,NIGERSEED,niger seed,360,0,9,9
2010,20,BANGALORE URBAN,1,BANGALORE NORTH,COTTON,cotton,0,0,0,0
2010,20,BANGALORE URBAN,1,BANGALORE NORTH,JUTE,jute,0,0,0,0
2010,20,BANGALORE URBAN,1,BANGALORE NORTH,MESTA,mesta,0,0,0,0
2010,20,BANGALORE URBAN,1,BANGALORE NORTH,TOBACCO,tobacco,0,0,0,0
2010,20,BANGALORE URBAN,1,BANGALORE NORTH,GUAR,guar,0,0,0,0
2010,20,BANGALORE URBAN,1,BANGALORE NORTH,COFFEE,coffee,0,0,0,0
2010,20,BANGALORE URBAN,1,BANGALORE NORTH,GROSS CROPPED AREA,,34373,4101,16776,20877
2010,20,BANGALORE URBAN,2,BANGALORE SOUTH,PADDY,rice,222,98,9,108
2010,20,BANGALORE URBAN,2,BANGALORE SOUTH,JOWAR,jowar,435,10,81,91
2010,20,BANGALORE URBAN,2,BANGALORE SOUTH,BAJRA,bajra,0,0,0,0
2010,20,BANGALORE URBAN,2,BANGALORE SOUTH,MAIZE,maize,4255,3,842,844
2010,20,BANGALORE URBAN,2,BANGALORE SOUTH,RAGI,ragi,7688,516,4603,5118
2010,20,BANGALORE URBAN,2,BANGALORE SOUTH,WHEAT,wheat,0,0,0,0
2010,20,BANGALORE URBAN,2,BANGALORE SOUTH,BARLEY,barley,0,0,0,0
2010,20,BANGALORE URBAN,2,BANGALORE SOUTH,GRAM,chickpea,3,0,64,64
2010,20,BANGALORE URBAN,2,BANGALORE SOUTH,TUR (ARHAR),pigeonpea (tur),1632,6,146,151
2010,20,BANGALORE URBAN,2,BANGALORE SOUTH,URAD,black gram,0,0,0,0
2010,20,BANGALORE URBAN,2,BANGALORE SOUTH,MOONG,green gram,7,0,0,0
2010,20,BANGALORE URBAN,2,BANGALORE SOUTH,MASUR,lentil,0,0,0,0
2010,20,BANGALORE URBAN,2,BANGALORE SOUTH,HORSEGRAM,horse gram,1251,2,370,372
2010,20,BANGALORE URBAN,2,BANGALORE SOUTH,MOTH,moth bean,0,0,0,0
2010,20,BANGALORE URBAN,2,BANGALORE SOUTH,SUGARCANE,sugarcane,0,0,0,0
2010,20,BANGALORE URBAN,2,BANGALORE SOUTH,PEPPER (BLACK),black pepper,0,0,0,0
2010,20,BANGALORE URBAN,2,BANGALORE SOUTH,CHILLIES,chilli,0,0,0,0
2010,20,BANGALORE URBAN,2,BANGALORE SOUTH,GINGER,ginger,0,0,0,0
2010,20,BANGALORE URBAN,2,BANGALORE SOUTH,TURMERIC,turmeric,0,0,0,0
2010,20,BANGALORE URBAN,2,BANGALORE SOUTH,BETELNUTS (ARECANUTS),arecanut,59,24,5,29
2010,20,BANGALORE URBAN,2,BANGALORE SOUTH,MANGOES,mango,969,358,380,738
2010,20,BANGALORE URBAN,2,BANGALORE SOUTH,BANANA,banana,304,131,7,139
2010,20,BANGALORE URBAN,2,BANGALORE SOUTH,TABLE GRAPES,grapes,5,2,0,2
2010,20,BANGALORE URBAN,2,BANGALORE SOUTH,WINE GRAPES (BLACK),grapes,0,0,0,0
2010,20,BANGALORE URBAN,2,BANGALORE SOUTH,CASHEWNUTS,cashewnut,0,0,0,0
2010,20,BANGALORE URBAN,2,BANGALORE SOUTH,POTATO,potato,0,0,0,0
2010,20,BANGALORE URBAN,2,BANGALORE SOUTH,TAPIOCA (CASSAVA),tapioca,0,0,0,0
2010,20,BANGALORE URBAN,2,BANGALORE SOUTH,SWEET POTATO,sweet potato,0,0,0,0
2010,20,BANGALORE URBAN,2,BANGALORE SOUTH,ONION,onion,0,0,0,0
2010,20,BANGALORE URBAN,2,BANGALORE SOUTH,TOMATO,tomato,60,12,11,23
2010,20,BANGALORE URBAN,2,BANGALORE SOUTH,GROUNDNUT,groundnut,0,0,0,0
2010,20,BANGALORE URBAN,2,BANGALORE SOUTH,CASTORSEED,castor,0,0,0,0
2010,20,BANGALORE URBAN,2,BANGALORE SOUTH,SESAMUM (TIL),sesame,0,0,0,0
2010,20,BANGALORE URBAN,2,BANGALORE SOUTH,RAPESEED & MUSTARD (TORIA/TARAMIRA),mustard,0,0,0,0
2010,20,BANGALORE URBAN,2,BANGALORE SOUTH,LINSEED,linseed,0,0,0,0
2010,20,BANGALORE URBAN,2,BANGALORE SOUTH,COCONUT,coconut,2396,2283,1355,3638
2010,20,BANGALORE URBAN,2,BANGALORE SOUTH,SUNFLOWER,sunflower,0,0,0,0
2010,20,BANGALORE URBAN,2,BANGALORE SOUTH,SOYABEAN,soybean,0,0,0,0
2010,20,BANGALORE URBAN,2,BANGALORE SOUTH,NIGERSEED,niger seed,0,0,0,0
2010,20,BANGALORE URBAN,2,BANGALORE SOUTH,COTTON,cotton,0,0,0,0
2010,20,BANGALORE URBAN,2,BANGALORE SOUTH,JUTE,jute,0,0,0,0
2010,20,BANGALORE URBAN,2,BANGALORE SOUTH,MESTA,mesta,0,0,0,0
2010,20,BANGALORE URBAN,2,BANGALORE SOUTH,TOBACCO,tobacco,0,0,0,0
2010,20,BANGALORE URBAN,2,BANGALORE SOUTH,GUAR,guar,0,0,0,0
2010,20,BANGALORE URBAN,2,BANGALORE SOUTH,COFFEE,coffee,5,2,0,2
2010,20,BANGALORE URBAN,2,BANGALORE SOUTH,GROSS CROPPED AREA,,12846,4056,8349,12404
2010,1,BELGAUM,2,ATHANI,PADDY,rice,73,66,29,95
2010,1,BELGAUM,2,ATHANI,JOWAR,jowar,9949,662,11982,12644
2010,1,BELGAUM,2,ATHANI,BAJRA,bajra,10779,22948,7678,30626
2010,1,BELGAUM,2,ATHANI,MAIZE,maize,21777,22482,10575,33057
2010,1,BELGAUM,2,ATHANI,RAGI,ragi,0,0,0,0
2010,1,BELGAUM,2,ATHANI,WHEAT,wheat,11186,8623,4350,12974
2010,1,BELGAUM,2,ATHANI,BARLEY,barley,10,2,4,6
2010,1,BELGAUM,2,ATHANI,GRAM,chickpea,8289,1852,7448,9300
2010,1,BELGAUM,2,ATHANI,TUR (ARHAR),pigeonpea (tur),3113,68,3458,3526
2010,1,BELGAUM,2,ATHANI,URAD,black gram,963,64,760,824
2010,1,BELGAUM,2,ATHANI,MOONG,green gram,2156,63,1079,1142
2010,1,BELGAUM,2,ATHANI,MASUR,lentil,5,6,0,6
2010,1,BELGAUM,2,ATHANI,HORSEGRAM,horse gram,5027,3065,135,3201
2010,1,BELGAUM,2,ATHANI,MOTH,moth bean,0,0,0,0
2010,1,BELGAUM,2,ATHANI,SUGARCANE,sugarcane,46752,74611,0,74611
2010,1,BELGAUM,2,ATHANI,PEPPER (BLACK),black pepper,26,8,0,8
2010,1,BELGAUM,2,ATHANI,CHILLIES,chilli,10,2,0,2
2010,1,BELGAUM,2,ATHANI,GINGER,ginger,5,2,0,2
2010,1,BELGAUM,2,ATHANI,TURMERIC,turmeric,449,214,19,233
2010,1,BELGAUM,2,ATHANI,BETELNUTS (ARECANUTS),arecanut,0,0,0,0
2010,1,BELGAUM,2,ATHANI,MANGOES,mango,5,4,0,4
2010,1,BELGAUM,2,ATHANI,BANANA,banana,141,103,0,103
2010,1,BELGAUM,2,ATHANI,TABLE GRAPES,grapes,485,669,16,684
2010,1,BELGAUM,2,ATHANI,WINE GRAPES (BLACK),grapes,0,0,0,0
2010,1,BELGAUM,2,ATHANI,CASHEWNUTS,cashewnut,0,0,0,0
2010,1,BELGAUM,2,ATHANI,POTATO,potato,0,0,0,0
2010,1,BELGAUM,2,ATHANI,TAPIOCA (CASSAVA),tapioca,0,0,0,0
2010,1,BELGAUM,2,ATHANI,SWEET POTATO,sweet potato,0,0,0,0
2010,1,BELGAUM,2,ATHANI,ONION,onion,96,92,6,98
2010,1,BELGAUM,2,ATHANI,TOMATO,tomato,89,70,0,70
2010,1,BELGAUM,2,ATHANI,GROUNDNUT,groundnut,2037,244,1939,2183
2010,1,BELGAUM,2,ATHANI,CASTORSEED,castor,40,0,36,36
2010,1,BELGAUM,2,ATHANI,SESAMUM (TIL),sesame,0,0,0,0
2010,1,BELGAUM,2,ATHANI,RAPESEED & MUSTARD (TORIA/TARAMIRA),mustard,5,11,0,11
2010,1,BELGAUM,2,ATHANI,LINSEED,linseed,0,0,0,0
2010,1,BELGAUM,2,ATHANI,COCONUT,coconut,20,5,29,34
2010,1,BELGAUM,2,ATHANI,SUNFLOWER,sunflower,502,71,404,475
2010,1,BELGAUM,2,ATHANI,SOYABEAN,soybean,2613,2721,383,3104
2010,1,BELGAUM,2,ATHANI,NIGERSEED,niger seed,5,0,11,11
2010,1,BELGAUM,2,ATHANI,COTTON,cotton,625,30,747,777
2010,1,BELGAUM,2,ATHANI,JUTE,jute,25,4,13,17
2010,1,BELGAUM,2,ATHANI,MESTA,mesta,0,0,0,0
2010,1,BELGAUM,2,ATHANI,TOBACCO,tobacco,0,0,0,0
2010,1,BELGAUM,2,ATHANI,GUAR,guar,0,0,0,0
2010,1,BELGAUM,2,ATHANI,COFFEE,coffee,0,0,0,0
2010,1,BELGAUM,2,ATHANI,GROSS CROPPED AREA,,88176,138976,51613,190588
2010,1,BELGAUM,8,BAILHONGAL,PADDY,rice,6027,1135,3315,4450
2010,1,BELGAUM,8,BAILHONGAL,JOWAR,jowar,17006,837,14142,14979
2010,1,BELGAUM,8,BAILHONGAL,BAJRA,bajra,1446,235,825,1060
2010,1,BELGAUM,8,BAILHONGAL,MAIZE,maize,9386,4648,4360,9008
2010,1,BELGAUM,8,BAILHONGAL,RAGI,ragi,12,7,4,10
2010,1,BELGAUM,8,BAILHONGAL,WHEAT,wheat,5744,1994,2077,4070
2010,1,BELGAUM,8,BAILHONGAL,BARLEY,barley,76,0,45,45
2010,1,BELGAUM,8,BAILHONGAL,GRAM,chickpea,9739,913,5047,5960
2010,1,BELGAUM,8,BAILHONGAL,TUR (ARHAR),pigeonpea (tur),2626,17,958,975
2010,1,BELGAUM,8,BAILHONGAL,URAD,black gram,320,2,252,254
2010,1,BELGAUM,8,BAILHONGAL,MOONG,green gram,3357,11,2895,2905
2010,1,BELGAUM,8,BAILHONGAL,MASUR,lentil,30,1,17,17
2010,1,BELGAUM,8,BAILHONGAL,HORSEGRAM,horse gram,546,13,369,382
2010,1,BELGAUM,8,BAILHONGAL,MOTH,moth bean,26,2,13,16
2010,1,BELGAUM,8,BAILHONGAL,SUGARCANE,sugarcane,9823,10582,0,10582
2010,1,BELGAUM,8,BAILHONGAL,PEPPER (BLACK),black pepper,83,23,18,41
2010,1,BELGAUM,8,BAILHONGAL,CHILLIES,chilli,8,4,0,4
2010,1,BELGAUM,8,BAILHONGAL,GINGER,ginger,0,0,0,0
2010,1,BELGAUM,8,BAILHONGAL,TURMERIC,turmeric,0,0,0,0
2010,1,BELGAUM,8,BAILHONGAL,BETELNUTS (ARECANUTS),arecanut,0,0,0,0
2010,1,BELGAUM,8,BAILHONGAL,MANGOES,mango,1107,286,1132,1418
2010,1,BELGAUM,8,BAILHONGAL,BANANA,banana,65,44,2,46
2010,1,BELGAUM,8,BAILHONGAL,TABLE GRAPES,grapes,0,0,0,0
2010,1,BELGAUM,8,BAILHONGAL,WINE GRAPES (BLACK),grapes,0,0,0,0
2010,1,BELGAUM,8,BAILHONGAL,CASHEWNUTS,cashewnut,0,0,0,0
2010,1,BELGAUM,8,BAILHONGAL,POTATO,potato,548,180,229,409
2010,1,BELGAUM,8,BAILHONGAL,TAPIOCA (CASSAVA),tapioca,33,12,6,19
2010,1,BELGAUM,8,BAILHONGAL,SWEET POTATO,sweet potato,21,3,2,4
2010,1,BELGAUM,8,BAILHONGAL,ONION,onion,349,9,286,295
2010,1,BELGAUM,8,BAILHONGAL,TOMATO,tomato,1097,78,264,342
2010,1,BELGAUM,8,BAILHONGAL,GROUNDNUT,groundnut,3668,381,2138,2519
2010,1,BELGAUM,8,BAILHONGAL,CASTORSEED,castor,30,0,21,21
2010,1,BELGAUM,8,BAILHONGAL,SESAMUM (TIL),sesame,19,0,9,9
2010,1,BELGAUM,8,BAILHONGAL,RAPESEED & MUSTARD (TORIA/TARAMIRA),mustard,58,3,47,51
2010,1,BELGAUM,8,BAILHONGAL,LINSEED,linseed,756,20,565,585
2010,1,BELGAUM,8,BAILHONGAL,COCONUT,coconut,77,7,62,68
2010,1,BELGAUM,8,BAILHONGAL,SUNFLOWER,sunflower,1603,760,774,1534
2010,1,BELGAUM,8,BAILHONGAL,SOYABEAN,soybean,20080,661,20689,21350
2010,1,BELGAUM,8,BAILHONGAL,NIGERSEED,niger seed,0,0,0,0
2010,1,BELGAUM,8,BAILHONGAL,COTTON,cotton,10217,1390,7300,8690
2010,1,BELGAUM,8,BAILHONGAL,JUTE,jute,107,65,26,91
2010,1,BELGAUM,8,BAILHONGAL,MESTA,mesta,0,0,0,0
2010,1,BELGAUM,8,BAILHONGAL,TOBACCO,tobacco,11,1,2,2
2010,1,BELGAUM,8,BAILHONGAL,GUAR,guar,8,7,0,7
2010,1,BELGAUM,8,BAILHONGAL,COFFEE,coffee,0,0,0,0
2010,1,BELGAUM,8,BAILHONGAL,GROSS CROPPED AREA,,48613,25081,71360,96441
2010,1,BELGAUM,6,BELGAUM,PADDY,rice,26587,1749,21529,23278
2010,1,BELGAUM,6,BELGAUM,JOWAR,jowar,7124,105,3695,3800
2010,1,BELGAUM,6,BELGAUM,BAJRA,bajra,183,0,53,53
2010,1,BELGAUM,6,BELGAUM,MAIZE,maize,363,64,55,119
2010,1,BELGAUM,6,BELGAUM,RAGI,ragi,1767,14,539,553
2010,1,BELGAUM,6,BELGAUM,WHEAT,wheat,705,0,175,175
2010,1,BELGAUM,6,BELGAUM,BARLEY,barley,7,0,8,8
2010,1,BELGAUM,6,BELGAUM,GRAM,chickpea,815,0,310,310
2010,1,BELGAUM,6,BELGAUM,TUR (ARHAR),pigeonpea (tur),0,0,0,0
2010,1,BELGAUM,6,BELGAUM,URAD,black gram,0,0,0,0
2010,1,BELGAUM,6,BELGAUM,MOONG,green gram,6,0,4,4
2010,1,BELGAUM,6,BELGAUM,MASUR,lentil,2651,0,1863,1863
2010,1,BELGAUM,6,BELGAUM,HORSEGRAM,horse gram,0,0,0,0
2010,1,BELGAUM,6,BELGAUM,MOTH,moth bean,0,0,0,0
2010,1,BELGAUM,6,BELGAUM,SUGARCANE,sugarcane,5454,4872,0,4872
2010,1,BELGAUM,6,BELGAUM,PEPPER (BLACK),black pepper,55,10,6,16
2010,1,BELGAUM,6,BELGAUM,CHILLIES,chilli,311,86,19,105
2010,1,BELGAUM,6,BELGAUM,GINGER,ginger,423,0,167,167
2010,1,BELGAUM,6,BELGAUM,TURMERIC,turmeric,0,0,0,0
2010,1,BELGAUM,6,BELGAUM,BETELNUTS (ARECANUTS),arecanut,0,0,0,0
2010,1,BELGAUM,6,BELGAUM,MANGOES,mango,202,34,166,200
2010,1,BELGAUM,6,BELGAUM,BANANA,banana,22,0,6,6
2010,1,BELGAUM,6,BELGAUM,TABLE GRAPES,grapes,0,0,0,0
2010,1,BELGAUM,6,BELGAUM,WINE GRAPES (BLACK),grapes,0,0,0,0
2010,1,BELGAUM,6,BELGAUM,CASHEWNUTS,cashewnut,240,0,161,161
2010,1,BELGAUM,6,BELGAUM,POTATO,potato,1778,7,1196,1204
2010,1,BELGAUM,6,BELGAUM,TAPIOCA (CASSAVA),tapioca,34,2,16,18
2010,1,BELGAUM,6,BELGAUM,SWEET POTATO,sweet potato,1966,7,1477,1483
2010,1,BELGAUM,6,BELGAUM,ONION,onion,0,0,0,0
2010,1,BELGAUM,6,BELGAUM,TOMATO,tomato,1138,314,150,464
2010,1,BELGAUM,6,BELGAUM,GROUNDNUT,groundnut,7434,354,3610,3965
2010,1,BELGAUM,6,BELGAUM,CASTORSEED,castor,52,0,28,28
2010,1,BELGAUM,6,BELGAUM,SESAMUM (TIL),sesame,0,0,0,0
2010,1,BELGAUM,6,BELGAUM,RAPESEED & MUSTARD (TORIA/TARAMIRA),mustard,13,0,3,3
2010,1,BELGAUM,6,BELGAUM,LINSEED,linseed,0,0,0,0
2010,1,BELGAUM,6,BELGAUM,COCONUT,coconut,0,0,0,0
2010,1,BELGAUM,6,BELGAUM,SUNFLOWER,sunflower,47,5,0,5
2010,1,BELGAUM,6,BELGAUM,SOYABEAN,soybean,3754,2496,785,3281
2010,1,BELGAUM,6,BELGAUM,NIGERSEED,niger seed,14,0,22,22
2010,1,BELGAUM,6,BELGAUM,COTTON,cotton,1730,139,1882,2021
2010,1,BELGAUM,6,BELGAUM,JUTE,jute,0,0,0,0
2010,1,BELGAUM,6,BELGAUM,MESTA,mesta,0,0,0,0
2010,1,BELGAUM,6,BELGAUM,TOBACCO,tobacco,0,0,0,0
2010,1,BELGAUM,6,BELGAUM,GUAR,guar,6,0,4,4
2010,1,BELGAUM,6,BELGAUM,COFFEE,coffee,0,0,0,0
2010,1,BELGAUM,6,BELGAUM,GROSS CROPPED AREA,,41161,10854,41725,52579
2010,1,BELGAUM,1,CHIKKODI,PADDY,rice,2567,423,383,805
2010,1,BELGAUM,1,CHIKKODI,JOWAR,jowar,16976,2867,6823,9691
2010,1,BELGAUM,1,CHIKKODI,BAJRA,bajra,536,12,511,523
2010,1,BELGAUM,1,CHIKKODI,MAIZE,maize,16827,3993,7820,11813
2010,1,BELGAUM,1,CHIKKODI,RAGI,ragi,67,8,106,114
2010,1,BELGAUM,1,CHIKKODI,WHEAT,wheat,2329,864,26,890
2010,1,BELGAUM,1,CHIKKODI,BARLEY,barley,6,2,0,2
2010,1,BELGAUM,1,CHIKKODI,GRAM,chickpea,1170,288,39,326
2010,1,BELGAUM,1,CHIKKODI,TUR (ARHAR),pigeonpea (tur),721,18,280,297
2010,1,BELGAUM,1,CHIKKODI,URAD,black gram,395,80,63,143
2010,1,BELGAUM,1,CHIKKODI,MOONG,green gram,1201,139,318,457
2010,1,BELGAUM,1,CHIKKODI,MASUR,lentil,0,0,0,0
2010,1,BELGAUM,1,CHIKKODI,HORSEGRAM,horse gram,501,8,320,328
2010,1,BELGAUM,1,CHIKKODI,MOTH,moth bean,0,0,0,0
2010,1,BELGAUM,1,CHIKKODI,SUGARCANE,sugarcane,40167,33403,0,33403
2010,1,BELGAUM,1,CHIKKODI,PEPPER (BLACK),black pepper,1228,215,24,238
2010,1,BELGAUM,1,CHIKKODI,CHILLIES,chilli,678,132,32,164
2010,1,BELGAUM,1,CHIKKODI,GINGER,ginger,6,0,0,0
2010,1,BELGAUM,1,CHIKKODI,TURMERIC,turmeric,65,24,6,30
2010,1,BELGAUM,1,CHIKKODI,BETELNUTS (ARECANUTS),arecanut,0,0,0,0
2010,1,BELGAUM,1,CHIKKODI,MANGOES,mango,33,16,38,54
2010,1,BELGAUM,1,CHIKKODI,BANANA,banana,499,205,24,229
2010,1,BELGAUM,1,CHIKKODI,TABLE GRAPES,grapes,71,75,0,75
2010,1,BELGAUM,1,CHIKKODI,WINE GRAPES (BLACK),grapes,0,0,0,0
2010,1,BELGAUM,1,CHIKKODI,CASHEWNUTS,cashewnut,6,1,0,1
2010,1,BELGAUM,1,CHIKKODI,POTATO,potato,10,0,3,3
2010,1,BELGAUM,1,CHIKKODI,TAPIOCA (CASSAVA),tapioca,0,0,0,0
2010,1,BELGAUM,1,CHIKKODI,SWEET POTATO,sweet potato,174,7,22,29
2010,1,BELGAUM,1,CHIKKODI,ONION,onion,147,34,4,38
2010,1,BELGAUM,1,CHIKKODI,TOMATO,tomato,159,53,23,75
2010,1,BELGAUM,1,CHIKKODI,GROUNDNUT,groundnut,21401,1028,12046,13074
2010,1,BELGAUM,1,CHIKKODI,CASTORSEED,castor,127,24,42,66
2010,1,BELGAUM,1,CHIKKODI,SESAMUM (TIL),sesame,6,0,10,10
2010,1,BELGAUM,1,CHIKKODI,RAPESEED & MUSTARD (TORIA/TARAMIRA),mustard,37,8,9,17
2010,1,BELGAUM,1,CHIKKODI,LINSEED,linseed,0,0,0,0
2010,1,BELGAUM,1,CHIKKODI,COCONUT,coconut,90,22,3,25
2010,1,BELGAUM,1,CHIKKODI,SUNFLOWER,sunflower,151,54,10,64
2010,1,BELGAUM,1,CHIKKODI,SOYABEAN,soybean,15746,2826,6738,9564
2010,1,BELGAUM,1,CHIKKODI,NIGERSEED,niger seed,4,0,2,2
2010,1,BELGAUM,1,CHIKKODI,COTTON,cotton,1145,30,622,652
2010,1,BELGAUM,1,CHIKKODI,JUTE,jute,249,93,51,143
2010,1,BELGAUM,1,CHIKKODI,MESTA,mesta,38,18,47,66
2010,1,BELGAUM,1,CHIKKODI,TOBACCO,tobacco,22682,6273,10927,17200
2010,1,BELGAUM,1,CHIKKODI,GUAR,guar,0,0,0,0
2010,1,BELGAUM,1,CHIKKODI,COFFEE,coffee,0,0,0,0
2010,1,BELGAUM,1,CHIKKODI,GROSS CROPPED AREA,,79176,54713,48221,102934
2010,1,BELGAUM,4,GOKAK,PADDY,rice,647,624,148,771
2010,1,BELGAUM,4,GOKAK,JOWAR,jowar,3270,2097,880,2977
2010,1,BELGAUM,4,GOKAK,BAJRA,bajra,368,125,167,292
2010,1,BELGAUM,4,GOKAK,MAIZE,maize,34793,35719,525,36244
2010,1,BELGAUM,4,GOKAK,RAGI,ragi,20,20,22,42
2010,1,BELGAUM,4,GOKAK,WHEAT,wheat,7105,5340,81,5422
2010,1,BELGAUM,4,GOKAK,BARLEY,barley,164,151,0,151
2010,1,BELGAUM,4,GOKAK,GRAM,chickpea,1944,1033,78,1112
2010,1,BELGAUM,4,GOKAK,TUR (ARHAR),pigeonpea (tur),735,301,233,534
2010,1,BELGAUM,4,GOKAK,URAD,black gram,4,1,0,1
2010,1,BELGAUM,4,GOKAK,MOONG,green gram,46,0,36,36
2010,1,BELGAUM,4,GOKAK,MASUR,lentil,12,7,0,7
2010,1,BELGAUM,4,GOKAK,HORSEGRAM,horse gram,90,43,19,62
2010,1,BELGAUM,4,GOKAK,MOTH,moth bean,0,0,0,0
2010,1,BELGAUM,4,GOKAK,SUGARCANE,sugarcane,37962,64359,0,64359
2010,1,BELGAUM,4,GOKAK,PEPPER (BLACK),black pepper,21,8,0,8
2010,1,BELGAUM,4,GOKAK,CHILLIES,chilli,30,5,0,5
2010,1,BELGAUM,4,GOKAK,GINGER,ginger,0,0,0,0
2010,1,BELGAUM,4,GOKAK,TURMERIC,turmeric,944,549,0,549
2010,1,BELGAUM,4,GOKAK,BETELNUTS (ARECANUTS),arecanut,0,0,0,0
2010,1,BELGAUM,4,GOKAK,MANGOES,mango,6,7,0,7
2010,1,BELGAUM,4,GOKAK,BANANA,banana,322,102,0,102
2010,1,BELGAUM,4,GOKAK,TABLE GRAPES,grapes,1288,1943,0,1943
2010,1,BELGAUM,4,GOKAK,WINE GRAPES (BLACK),grapes,0,0,0,0
2010,1,BELGAUM,4,GOKAK,CASHEWNUTS,cashewnut,0,0,0,0
2010,1,BELGAUM,4,GOKAK,POTATO,potato,25,11,0,11
2010,1,BELGAUM,4,GOKAK,TAPIOCA (CASSAVA),tapioca,0,0,0,0
2010,1,BELGAUM,4,GOKAK,SWEET POTATO,sweet potato,0,0,0,0
2010,1,BELGAUM,4,GOKAK,ONION,onion,57,32,0,32
2010,1,BELGAUM,4,GOKAK,TOMATO,tomato,76,26,4,30
2010,1,BELGAUM,4,GOKAK,GROUNDNUT,groundnut,2356,2365,183,2548
2010,1,BELGAUM,4,GOKAK,CASTORSEED,castor,19,9,0,9
2010,1,BELGAUM,4,GOKAK,SESAMUM (TIL),sesame,17,10,2,12
2010,1,BELGAUM,4,GOKAK,RAPESEED & MUSTARD (TORIA/TARAMIRA),mustard,37,25,0,25
2010,1,BELGAUM,4,GOKAK,LINSEED,linseed,6,12,0,12
2010,1,BELGAUM,4,GOKAK,COCONUT,coconut,222,199,0,199
2010,1,BELGAUM,4,GOKAK,SUNFLOWER,sunflower,2290,2267,109,2376
2010,1,BELGAUM,4,GOKAK,SOYABEAN,soybean,2072,1424,28,1453
2010,1,BELGAUM,4,GOKAK,NIGERSEED,niger seed,0,0,0,0
2010,1,BELGAUM,4,GOKAK,COTTON,cotton,3681,693,1787,2479
2010,1,BELGAUM,4,GOKAK,JUTE,jute,32,0,33,33
2010,1,BELGAUM,4,GOKAK,MESTA,mesta,0,0,0,0
2010,1,BELGAUM,4,GOKAK,TOBACCO,tobacco,1587,480,1122,1602
2010,1,BELGAUM,4,GOKAK,GUAR,guar,23,37,0,37
2010,1,BELGAUM,4,GOKAK,COFFEE,coffee,0,0,0,0
2010,1,BELGAUM,4,GOKAK,GROSS CROPPED AREA,,58741,120935,5744,126678
2010,1,BELGAUM,5,HUKKERI,PADDY,rice,3557,387,1360,1747
2010,1,BELGAUM,5,HUKKERI,JOWAR,jowar,15562,211,9134,9345
2010,1,BELGAUM,5,HUKKERI,BAJRA,bajra,105,4,45,49
2010,1,BELGAUM,5,HUKKERI,MAIZE,maize,10369,3766,2438,6203
2010,1,BELGAUM,5,HUKKERI,RAGI,ragi,54,0,18,18
2010,1,BELGAUM,5,HUKKERI,WHEAT,wheat,1928,636,144,780
2010,1,BELGAUM,5,HUKKERI,BARLEY,barley,163,54,4,58
2010,1,BELGAUM,5,HUKKERI,GRAM,chickpea,4568,97,1631,1728
2010,1,BELGAUM,5,HUKKERI,TUR (ARHAR),pigeonpea (tur),364,2,72,74
2010,1,BELGAUM,5,HUKKERI,URAD,black gram,167,0,22,22
2010,1,BELGAUM,5,HUKKERI,MOONG,green gram,492,2,174,177
2010,1,BELGAUM,5,HUKKERI,MASUR,lentil,270,0,58,58
2010,1,BELGAUM,5,HUKKERI,HORSEGRAM,horse gram,459,1,162,163
2010,1,BELGAUM,5,HUKKERI,MOTH,moth bean,0,0,0,0
2010,1,BELGAUM,5,HUKKERI,SUGARCANE,sugarcane,16408,16238,0,16238
2010,1,BELGAUM,5,HUKKERI,PEPPER (BLACK),black pepper,553,15,121,135
2010,1,BELGAUM,5,HUKKERI,CHILLIES,chilli,452,5,101,106
2010,1,BELGAUM,5,HUKKERI,GINGER,ginger,5,0,1,1
2010,1,BELGAUM,5,HUKKERI,TURMERIC,turmeric,15,9,1,10
2010,1,BELGAUM,5,HUKKERI,BETELNUTS (ARECANUTS),arecanut,0,0,0,0
2010,1,BELGAUM,5,HUKKERI,MANGOES,mango,39,15,0,15
2010,1,BELGAUM,5,HUKKERI,BANANA,banana,73,56,1,57
2010,1,BELGAUM,5,HUKKERI,TABLE GRAPES,grapes,11,0,4,4
2010,1,BELGAUM,5,HUKKERI,WINE GRAPES (BLACK),grapes,0,0,0,0
2010,1,BELGAUM,5,HUKKERI,CASHEWNUTS,cashewnut,5,0,5,5
2010,1,BELGAUM,5,HUKKERI,POTATO,potato,207,2,133,135
2010,1,BELGAUM,5,HUKKERI,TAPIOCA (CASSAVA),tapioca,0,0,0,0
2010,1,BELGAUM,5,HUKKERI,SWEET POTATO,sweet potato,5,0,4,4
2010,1,BELGAUM,5,HUKKERI,ONION,onion,15,6,0,6
2010,1,BELGAUM,5,HUKKERI,TOMATO,tomato,161,58,1,59
2010,1,BELGAUM,5,HUKKERI,GROUNDNUT,groundnut,15218,309,8542,8851
2010,1,BELGAUM,5,HUKKERI,CASTORSEED,castor,84,1,34,35
2010,1,BELGAUM,5,HUKKERI,SESAMUM (TIL),sesame,0,0,0,0
2010,1,BELGAUM,5,HUKKERI,RAPESEED & MUSTARD (TORIA/TARAMIRA),mustard,14,0,4,4
2010,1,BELGAUM,5,HUKKERI,LINSEED,linseed,3,0,0,0
2010,1,BELGAUM,5,HUKKERI,COCONUT,coconut,58,11,12,23
2010,1,BELGAUM,5,HUKKERI,SUNFLOWER,sunflower,73,1,37,38
2010,1,BELGAUM,5,HUKKERI,SOYABEAN,soybean,22034,488,16831,17319
2010,1,BELGAUM,5,HUKKERI,NIGERSEED,niger seed,81,39,10,48
2010,1,BELGAUM,5,HUKKERI,COTTON,cotton,4968,55,3055,3110
2010,1,BELGAUM,5,HUKKERI,JUTE,jute,258,57,95,152
2010,1,BELGAUM,5,HUKKERI,MESTA,mesta,0,0,0,0
2010,1,BELGAUM,5,HUKKERI,TOBACCO,tobacco,4414,13,2859,2872
2010,1,BELGAUM,5,HUKKERI,GUAR,guar,170,91,2,92
2010,1,BELGAUM,5,HUKKERI,COFFEE,coffee,0,0,0,0
2010,1,BELGAUM,5,HUKKERI,GROSS CROPPED AREA,,45911,23528,48019,71547
2010,1,BELGAUM,7,KHANAPUR,PADDY,rice,30766,2069,37113,39182
2010,1,BELGAUM,7,KHANAPUR,JOWAR,jowar,235,0,93,93
2010,1,BELGAUM,7,KHANAPUR,BAJRA,bajra,68,0,13,13
2010,1,BELGAUM,7,KHANAPUR,MAIZE,maize,254,7,87,95
2010,1,BELGAUM,7,KHANAPUR,RAGI,ragi,936,3,514,517
2010,1,BELGAUM,7,KHANAPUR,WHEAT,wheat,235,15,120,135
2010,1,BELGAUM,7,KHANAPUR,BARLEY,barley,0,0,0,0
2010,1,BELGAUM,7,KHANAPUR,GRAM,chickpea,35,0,11,11
2010,1,BELGAUM,7,KHANAPUR,TUR (ARHAR),pigeonpea (tur),0,0,0,0
2010,1,BELGAUM,7,KHANAPUR,URAD,black gram,0,0,0,0
2010,1,BELGAUM,7,KHANAPUR,MOONG,green gram,343,0,129,130
2010,1,BELGAUM,7,KHANAPUR,MASUR,lentil,46,0,10,10
2010,1,BELGAUM,7,KHANAPUR,HORSEGRAM,horse gram,216,0,117,117
2010,1,BELGAUM,7,KHANAPUR,MOTH,moth bean,0,0,0,0
2010,1,BELGAUM,7,KHANAPUR,SUGARCANE,sugarcane,8132,7873,0,7873
2010,1,BELGAUM,7,KHANAPUR,PEPPER (BLACK),black pepper,0,0,0,0
2010,1,BELGAUM,7,KHANAPUR,CHILLIES,chilli,32,6,3,8
2010,1,BELGAUM,7,KHANAPUR,GINGER,ginger,0,0,0,0
2010,1,BELGAUM,7,KHANAPUR,TURMERIC,turmeric,0,0,0,0
2010,1,BELGAUM,7,KHANAPUR,BETELNUTS (ARECANUTS),arecanut,0,0,0,0
2010,1,BELGAUM,7,KHANAPUR,MANGOES,mango,303,13,211,224
2010,1,BELGAUM,7,KHANAPUR,BANANA,banana,7,6,0,6
2010,1,BELGAUM,7,KHANAPUR,TABLE GRAPES,grapes,0,0,0,0
2010,1,BELGAUM,7,KHANAPUR,WINE GRAPES (BLACK),grapes,0,0,0,0
2010,1,BELGAUM,7,KHANAPUR,CASHEWNUTS,cashewnut,314,0,336,336
2010,1,BELGAUM,7,KHANAPUR,POTATO,potato,27,0,6,6
2010,1,BELGAUM,7,KHANAPUR,TAPIOCA (CASSAVA),tapioca,0,0,0,0
2010,1,BELGAUM,7,KHANAPUR,SWEET POTATO,sweet potato,230,0,74,74
2010,1,BELGAUM,7,KHANAPUR,ONION,onion,0,0,0,0
2010,1,BELGAUM,7,KHANAPUR,TOMATO,tomato,0,0,0,0
2010,1,BELGAUM,7,KHANAPUR,GROUNDNUT,groundnut,5122,20,3356,3375
2010,1,BELGAUM,7,KHANAPUR,CASTORSEED,castor,0,0,0,0
2010,1,BELGAUM,7,KHANAPUR,SESAMUM (TIL),sesame,279,1,106,107
2010,1,BELGAUM,7,KHANAPUR,RAPESEED & MUSTARD (TORIA/TARAMIRA),mustard,6,0,3,3
2010,1,BELGAUM,7,KHANAPUR,LINSEED,linseed,0,0,0,0
2010,1,BELGAUM,7,KHANAPUR,COCONUT,coconut,34,1,15,16
2010,1,BELGAUM,7,KHANAPUR,SUNFLOWER,sunflower,122,19,3,22
2010,1,BELGAUM,7,KHANAPUR,SOYABEAN,soybean,20,0,1,1
2010,1,BELGAUM,7,KHANAPUR,NIGERSEED,niger seed,0,0,0,0
2010,1,BELGAUM,7,KHANAPUR,COTTON,cotton,252,0,137,137
2010,1,BELGAUM,7,KHANAPUR,JUTE,jute,0,0,0,0
2010,1,BELGAUM,7,KHANAPUR,MESTA,mesta,0,0,0,0
2010,1,BELGAUM,7,KHANAPUR,TOBACCO,tobacco,0,0,0,0
2010,1,BELGAUM,7,KHANAPUR,GUAR,guar,6,0,1,1
2010,1,BELGAUM,7,KHANAPUR,COFFEE,coffee,0,0,0,0
2010,1,BELGAUM,7,KHANAPUR,GROSS CROPPED AREA,,33857,10182,43759,53941
2010,1,BELGAUM,3,RAIBAG,PADDY,rice,92,27,65,92
2010,1,BELGAUM,3,RAIBAG,JOWAR,jowar,194,47,120,167
2010,1,BELGAUM,3,RAIBAG,BAJRA,bajra,3289,305,1645,1950
2010,1,BELGAUM,3,RAIBAG,MAIZE,maize,27993,15263,14637,29900
2010,1,BELGAUM,3,RAIBAG,RAGI,ragi,9,3,25,28
2010,1,BELGAUM,3,RAIBAG,WHEAT,wheat,2844,772,18,790
2010,1,BELGAUM,3,RAIBAG,BARLEY,barley,0,0,0,0
2010,1,BELGAUM,3,RAIBAG,GRAM,chickpea,682,184,0,184
2010,1,BELGAUM,3,RAIBAG,TUR (ARHAR),pigeonpea (tur),4899,253,3755,4008
2010,1,BELGAUM,3,RAIBAG,URAD,black gram,22,43,18,61
2010,1,BELGAUM,3,RAIBAG,MOONG,green gram,114,2,108,110
2010,1,BELGAUM,3,RAIBAG,MASUR,lentil,0,0,0,0
2010,1,BELGAUM,3,RAIBAG,HORSEGRAM,horse gram,900,42,782,823
2010,1,BELGAUM,3,RAIBAG,MOTH,moth bean,0,0,0,0
2010,1,BELGAUM,3,RAIBAG,SUGARCANE,sugarcane,18612,21102,0,21102
2010,1,BELGAUM,3,RAIBAG,PEPPER (BLACK),black pepper,0,0,0,0
2010,1,BELGAUM,3,RAIBAG,CHILLIES,chilli,2108,285,9,294
2010,1,BELGAUM,3,RAIBAG,GINGER,ginger,24,0,52,52
2010,1,BELGAUM,3,RAIBAG,TURMERIC,turmeric,782,391,70,461
2010,1,BELGAUM,3,RAIBAG,BETELNUTS (ARECANUTS),arecanut,0,0,0,0
2010,1,BELGAUM,3,RAIBAG,MANGOES,mango,0,0,0,0
2010,1,BELGAUM,3,RAIBAG,BANANA,banana,96,46,0,46
2010,1,BELGAUM,3,RAIBAG,TABLE GRAPES,grapes,79,36,0,36
2010,1,BELGAUM,3,RAIBAG,WINE GRAPES (BLACK),grapes,0,0,0,0
2010,1,BELGAUM,3,RAIBAG,CASHEWNUTS,cashewnut,0,0,0,0
2010,1,BELGAUM,3,RAIBAG,POTATO,potato,0,0,0,0
2010,1,BELGAUM,3,RAIBAG,TAPIOCA (CASSAVA),tapioca,0,0,0,0
2010,1,BELGAUM,3,RAIBAG,SWEET POTATO,sweet potato,0,0,0,0
2010,1,BELGAUM,3,RAIBAG,ONION,onion,234,24,0,24
2010,1,BELGAUM,3,RAIBAG,TOMATO,tomato,0,0,0,0
2010,1,BELGAUM,3,RAIBAG,GROUNDNUT,groundnut,4472,602,2761,3363
2010,1,BELGAUM,3,RAIBAG,CASTORSEED,castor,8,0,0,0
2010,1,BELGAUM,3,RAIBAG,SESAMUM (TIL),sesame,25,0,24,24
2010,1,BELGAUM,3,RAIBAG,RAPESEED & MUSTARD (TORIA/TARAMIRA),mustard,54,9,42,51
2010,1,BELGAUM,3,RAIBAG,LINSEED,linseed,0,0,0,0
2010,1,BELGAUM,3,RAIBAG,COCONUT,coconut,16,4,0,4
2010,1,BELGAUM,3,RAIBAG,SUNFLOWER,sunflower,1568,632,3,636
2010,1,BELGAUM,3,RAIBAG,SOYABEAN,soybean,1681,656,245,901
2010,1,BELGAUM,3,RAIBAG,NIGERSEED,niger seed,0,0,0,0
2010,1,BELGAUM,3,RAIBAG,COTTON,cotton,3762,78,3273,3352
2010,1,BELGAUM,3,RAIBAG,JUTE,jute,11,0,7,7
2010,1,BELGAUM,3,RAIBAG,MESTA,mesta,9,0,12,12
2010,1,BELGAUM,3,RAIBAG,TOBACCO,tobacco,7,0,11,11
2010,1,BELGAUM,3,RAIBAG,GUAR,guar,0,0,0,0
2010,1,BELGAUM,3,RAIBAG,COFFEE,coffee,0,0,0,0
2010,1,BELGAUM,3,RAIBAG,GROSS CROPPED AREA,,45237,51352,30799,82152
2010,1,BELGAUM,10,RAMDURGA,PADDY,rice,445,113,199,312
2010,1,BELGAUM,10,RAMDURGA,JOWAR,jowar,12812,931,20341,21273
2010,1,BELGAUM,10,RAMDURGA,BAJRA,bajra,6557,388,7447,7835
2010,1,BELGAUM,10,RAMDURGA,MAIZE,maize,14255,12503,6529,19032
2010,1,BELGAUM,10,RAMDURGA,RAGI,ragi,25,10,42,52
2010,1,BELGAUM,10,RAMDURGA,WHEAT,wheat,6611,3475,2671,6146
2010,1,BELGAUM,10,RAMDURGA,BARLEY,barley,163,19,168,187
2010,1,BELGAUM,10,RAMDURGA,GRAM,chickpea,8214,956,4688,5644
2010,1,BELGAUM,10,RAMDURGA,TUR (ARHAR),pigeonpea (tur),1097,80,746,826
2010,1,BELGAUM,10,RAMDURGA,URAD,black gram,36,8,36,44
2010,1,BELGAUM,10,RAMDURGA,MOONG,green gram,9969,437,15779,16216
2010,1,BELGAUM,10,RAMDURGA,MASUR,lentil,29,8,23,31
2010,1,BELGAUM,10,RAMDURGA,HORSEGRAM,horse gram,1628,497,938,1435
2010,1,BELGAUM,10,RAMDURGA,MOTH,moth bean,0,0,0,0
2010,1,BELGAUM,10,RAMDURGA,SUGARCANE,sugarcane,6023,8040,0,8040
2010,1,BELGAUM,10,RAMDURGA,PEPPER (BLACK),black pepper,0,0,0,0
2010,1,BELGAUM,10,RAMDURGA,CHILLIES,chilli,133,105,4,108
2010,1,BELGAUM,10,RAMDURGA,GINGER,ginger,0,0,0,0
2010,1,BELGAUM,10,RAMDURGA,TURMERIC,turmeric,0,0,0,0
2010,1,BELGAUM,10,RAMDURGA,BETELNUTS (ARECANUTS),arecanut,0,0,0,0
2010,1,BELGAUM,10,RAMDURGA,MANGOES,mango,5,0,0,0
2010,1,BELGAUM,10,RAMDURGA,BANANA,banana,35,26,0,26
2010,1,BELGAUM,10,RAMDURGA,TABLE GRAPES,grapes,16,8,0,8
2010,1,BELGAUM,10,RAMDURGA,WINE GRAPES (BLACK),grapes,0,0,0,0
2010,1,BELGAUM,10,RAMDURGA,CASHEWNUTS,cashewnut,0,0,0,0
2010,1,BELGAUM,10,RAMDURGA,POTATO,potato,0,0,0,0
2010,1,BELGAUM,10,RAMDURGA,TAPIOCA (CASSAVA),tapioca,0,0,0,0
2010,1,BELGAUM,10,RAMDURGA,SWEET POTATO,sweet potato,0,0,0,0
2010,1,BELGAUM,10,RAMDURGA,ONION,onion,516,249,251,500
2010,1,BELGAUM,10,RAMDURGA,TOMATO,tomato,0,0,0,0
2010,1,BELGAUM,10,RAMDURGA,GROUNDNUT,groundnut,10449,8566,3138,11704
2010,1,BELGAUM,10,RAMDURGA,CASTORSEED,castor,53,6,59,65
2010,1,BELGAUM,10,RAMDURGA,SESAMUM (TIL),sesame,10,2,8,9
2010,1,BELGAUM,10,RAMDURGA,RAPESEED & MUSTARD (TORIA/TARAMIRA),mustard,96,63,57,121
2010,1,BELGAUM,10,RAMDURGA,LINSEED,linseed,218,0,82,82
2010,1,BELGAUM,10,RAMDURGA,COCONUT,coconut,34,21,0,21
2010,1,BELGAUM,10,RAMDURGA,SUNFLOWER,sunflower,9436,5350,7962,13311
2010,1,BELGAUM,10,RAMDURGA,SOYABEAN,soybean,5,0,1,1
2010,1,BELGAUM,10,RAMDURGA,NIGERSEED,niger seed,0,0,0,0
2010,1,BELGAUM,10,RAMDURGA,COTTON,cotton,516,262,303,565
2010,1,BELGAUM,10,RAMDURGA,JUTE,jute,0,0,0,0
2010,1,BELGAUM,10,RAMDURGA,MESTA,mesta,0,0,0,0
2010,1,BELGAUM,10,RAMDURGA,TOBACCO,tobacco,0,0,0,0
2010,1,BELGAUM,10,RAMDURGA,GUAR,guar,0,0,0,0
2010,1,BELGAUM,10,RAMDURGA,COFFEE,coffee,0,0,0,0
2010,1,BELGAUM,10,RAMDURGA,GROSS CROPPED AREA,,40365,48283,72460,120744
2010,1,BELGAUM,9,SOUNDATTI,PADDY,rice,280,96,186,282
2010,1,BELGAUM,9,SOUNDATTI,JOWAR,jowar,14346,2415,16232,18647
2010,1,BELGAUM,9,SOUNDATTI,BAJRA,bajra,3014,376,1995,2370
2010,1,BELGAUM,9,SOUNDATTI,MAIZE,maize,15816,17358,4906,22264
2010,1,BELGAUM,9,SOUNDATTI,RAGI,ragi,23,17,15,32
2010,1,BELGAUM,9,SOUNDATTI,WHEAT,wheat,9156,4147,4886,9033
2010,1,BELGAUM,9,SOUNDATTI,BARLEY,barley,108,29,119,148
2010,1,BELGAUM,9,SOUNDATTI,GRAM,chickpea,12446,2856,7507,10363
2010,1,BELGAUM,9,SOUNDATTI,TUR (ARHAR),pigeonpea (tur),3636,39,2037,2076
2010,1,BELGAUM,9,SOUNDATTI,URAD,black gram,527,0,434,434
2010,1,BELGAUM,9,SOUNDATTI,MOONG,green gram,5908,69,7707,7777
2010,1,BELGAUM,9,SOUNDATTI,MASUR,lentil,19,0,19,19
2010,1,BELGAUM,9,SOUNDATTI,HORSEGRAM,horse gram,1172,19,807,827
2010,1,BELGAUM,9,SOUNDATTI,MOTH,moth bean,36,6,22,28
2010,1,BELGAUM,9,SOUNDATTI,SUGARCANE,sugarcane,7428,10912,0,10912
2010,1,BELGAUM,9,SOUNDATTI,PEPPER (BLACK),black pepper,0,0,0,0
2010,1,BELGAUM,9,SOUNDATTI,CHILLIES,chilli,748,47,168,215
2010,1,BELGAUM,9,SOUNDATTI,GINGER,ginger,0,0,0,0
2010,1,BELGAUM,9,SOUNDATTI,TURMERIC,turmeric,12,1,3,4
2010,1,BELGAUM,9,SOUNDATTI,BETELNUTS (ARECANUTS),arecanut,0,0,0,0
2010,1,BELGAUM,9,SOUNDATTI,MANGOES,mango,36,47,5,52
2010,1,BELGAUM,9,SOUNDATTI,BANANA,banana,444,480,0,480
2010,1,BELGAUM,9,SOUNDATTI,TABLE GRAPES,grapes,6,5,0,5
2010,1,BELGAUM,9,SOUNDATTI,WINE GRAPES (BLACK),grapes,0,0,0,0
2010,1,BELGAUM,9,SOUNDATTI,CASHEWNUTS,cashewnut,7,0,10,10
2010,1,BELGAUM,9,SOUNDATTI,POTATO,potato,64,3,55,59
2010,1,BELGAUM,9,SOUNDATTI,TAPIOCA (CASSAVA),tapioca,19,0,6,6
2010,1,BELGAUM,9,SOUNDATTI,SWEET POTATO,sweet potato,0,0,0,0
2010,1,BELGAUM,9,SOUNDATTI,ONION,onion,4527,671,4009,4681
2010,1,BELGAUM,9,SOUNDATTI,TOMATO,tomato,248,53,84,137
2010,1,BELGAUM,9,SOUNDATTI,GROUNDNUT,groundnut,3854,1280,3208,4488
2010,1,BELGAUM,9,SOUNDATTI,CASTORSEED,castor,6,0,5,5
2010,1,BELGAUM,9,SOUNDATTI,SESAMUM (TIL),sesame,55,0,35,35
2010,1,BELGAUM,9,SOUNDATTI,RAPESEED & MUSTARD (TORIA/TARAMIRA),mustard,12,0,10,10
2010,1,BELGAUM,9,SOUNDATTI,LINSEED,linseed,1250,33,1011,1044
2010,1,BELGAUM,9,SOUNDATTI,COCONUT,coconut,205,126,62,188
2010,1,BELGAUM,9,SOUNDATTI,SUNFLOWER,sunflower,6172,5097,3143,8240
2010,1,BELGAUM,9,SOUNDATTI,SOYABEAN,soybean,1066,8,1311,1319
2010,1,BELGAUM,9,SOUNDATTI,NIGERSEED,niger seed,0,0,0,0
2010,1,BELGAUM,9,SOUNDATTI,COTTON,cotton,12307,8207,7226,15433
2010,1,BELGAUM,9,SOUNDATTI,JUTE,jute,125,104,24,128
2010,1,BELGAUM,9,SOUNDATTI,MESTA,mesta,0,0,0,0
2010,1,BELGAUM,9,SOUNDATTI,TOBACCO,tobacco,0,0,0,0
2010,1,BELGAUM,9,SOUNDATTI,GUAR,guar,6,5,0,5
2010,1,BELGAUM,9,SOUNDATTI,COFFEE,coffee,0,0,0,0
2010,1,BELGAUM,9,SOUNDATTI,GROSS CROPPED AREA,,49698,55132,70591,125724
2010,12,BELLARY,5,BELLARY,PADDY,rice,25205,40202,1883,42085
2010,12,BELLARY,5,BELLARY,JOWAR,jowar,5722,2756,8007,10764
2010,12,BELLARY,5,BELLARY,BAJRA,bajra,364,116,454,570
2010,12,BELLARY,5,BELLARY,MAIZE,maize,5846,6970,2978,9948
2010,12,BELLARY,5,BELLARY,RAGI,ragi,0,0,0,0
2010,12,BELLARY,5,BELLARY,WHEAT,wheat,25,18,4,21
2010,12,BELLARY,5,BELLARY,BARLEY,barley,13,0,24,24
2010,12,BELLARY,5,BELLARY,GRAM,chickpea,6010,1664,11155,12819
2010,12,BELLARY,5,BELLARY,TUR (ARHAR),pigeonpea (tur),1857,786,1442,2227
2010,12,BELLARY,5,BELLARY,URAD,black gram,6,9,0,9
2010,12,BELLARY,5,BELLARY,MOONG,green gram,12,0,57,57
2010,12,BELLARY,5,BELLARY,MASUR,lentil,0,0,0,0
2010,12,BELLARY,5,BELLARY,HORSEGRAM,horse gram,43,0,68,68
2010,12,BELLARY,5,BELLARY,MOTH,moth bean,0,0,0,0
2010,12,BELLARY,5,BELLARY,SUGARCANE,sugarcane,12,19,0,19
2010,12,BELLARY,5,BELLARY,PEPPER (BLACK),black pepper,0,0,0,0
2010,12,BELLARY,5,BELLARY,CHILLIES,chilli,2344,4429,46,4475
2010,12,BELLARY,5,BELLARY,GINGER,ginger,0,0,0,0
2010,12,BELLARY,5,BELLARY,TURMERIC,turmeric,0,0,0,0
2010,12,BELLARY,5,BELLARY,BETELNUTS (ARECANUTS),arecanut,0,0,0,0
2010,12,BELLARY,5,BELLARY,MANGOES,mango,0,0,0,0
2010,12,BELLARY,5,BELLARY,BANANA,banana,0,0,0,0
2010,12,BELLARY,5,BELLARY,TABLE GRAPES,grapes,0,0,0,0
2010,12,BELLARY,5,BELLARY,WINE GRAPES (BLACK),grapes,0,0,0,0
2010,12,BELLARY,5,BELLARY,CASHEWNUTS,cashewnut,0,0,0,0
2010,12,BELLARY,5,BELLARY,POTATO,potato,0,0,0,0
2010,12,BELLARY,5,BELLARY,TAPIOCA (CASSAVA),tapioca,0,0,0,0
2010,12,BELLARY,5,BELLARY,SWEET POTATO,sweet potato,0,0,0,0
2010,12,BELLARY,5,BELLARY,ONION,onion,14,6,2,9
2010,12,BELLARY,5,BELLARY,TOMATO,tomato,0,0,0,0
2010,12,BELLARY,5,BELLARY,GROUNDNUT,groundnut,1681,216,2735,2951
2010,12,BELLARY,5,BELLARY,CASTORSEED,castor,65,11,63,74
2010,12,BELLARY,5,BELLARY,SESAMUM (TIL),sesame,0,0,0,0
2010,12,BELLARY,5,BELLARY,RAPESEED & MUSTARD (TORIA/TARAMIRA),mustard,0,0,0,0
2010,12,BELLARY,5,BELLARY,LINSEED,linseed,0,0,0,0
2010,12,BELLARY,5,BELLARY,COCONUT,coconut,0,0,0,0
2010,12,BELLARY,5,BELLARY,SUNFLOWER,sunflower,631,599,486,1085
2010,12,BELLARY,5,BELLARY,SOYABEAN,soybean,0,0,0,0
2010,12,BELLARY,5,BELLARY,NIGERSEED,niger seed,0,0,0,0
2010,12,BELLARY,5,BELLARY,COTTON,cotton,8107,12494,2253,14748
2010,12,BELLARY,5,BELLARY,JUTE,jute,0,0,0,0
2010,12,BELLARY,5,BELLARY,MESTA,mesta,0,0,0,0
2010,12,BELLARY,5,BELLARY,TOBACCO,tobacco,0,0,0,0
2010,12,BELLARY,5,BELLARY,GUAR,guar,0,0,0,0
2010,12,BELLARY,5,BELLARY,COFFEE,coffee,0,0,0,0
2010,12,BELLARY,5,BELLARY,GROSS CROPPED AREA,,60452,72133,33597,105730
2010,12,BELLARY,1,HADAGALI,PADDY,rice,993,2646,299,2945
2010,12,BELLARY,1,HADAGALI,JOWAR,jowar,11177,798,17634,18431
2010,12,BELLARY,1,HADAGALI,BAJRA,bajra,837,15,1249,1264
2010,12,BELLARY,1,HADAGALI,MAIZE,maize,11549,3800,24269,28069
2010,12,BELLARY,1,HADAGALI,RAGI,ragi,1132,3,1364,1367
2010,12,BELLARY,1,HADAGALI,WHEAT,wheat,1410,131,2121,2252
2010,12,BELLARY,1,HADAGALI,BARLEY,barley,13,0,26,26
2010,12,BELLARY,1,HADAGALI,GRAM,chickpea,1780,180,4007,4186
2010,12,BELLARY,1,HADAGALI,TUR (ARHAR),pigeonpea (tur),1115,12,684,697
2010,12,BELLARY,1,HADAGALI,URAD,black gram,70,0,76,76
2010,12,BELLARY,1,HADAGALI,MOONG,green gram,743,17,1325,1342
2010,12,BELLARY,1,HADAGALI,MASUR,lentil,21,0,31,31
2010,12,BELLARY,1,HADAGALI,HORSEGRAM,horse gram,566,0,537,537
2010,12,BELLARY,1,HADAGALI,MOTH,moth bean,0,0,0,0
2010,12,BELLARY,1,HADAGALI,SUGARCANE,sugarcane,354,664,0,664
2010,12,BELLARY,1,HADAGALI,PEPPER (BLACK),black pepper,0,0,0,0
2010,12,BELLARY,1,HADAGALI,CHILLIES,chilli,165,127,23,149
2010,12,BELLARY,1,HADAGALI,GINGER,ginger,0,0,0,0
2010,12,BELLARY,1,HADAGALI,TURMERIC,turmeric,0,0,0,0
2010,12,BELLARY,1,HADAGALI,BETELNUTS (ARECANUTS),arecanut,0,0,0,0
2010,12,BELLARY,1,HADAGALI,MANGOES,mango,10,0,14,14
2010,12,BELLARY,1,HADAGALI,BANANA,banana,19,36,0,36
2010,12,BELLARY,1,HADAGALI,TABLE GRAPES,grapes,0,0,0,0
2010,12,BELLARY,1,HADAGALI,WINE GRAPES (BLACK),grapes,0,0,0,0
2010,12,BELLARY,1,HADAGALI,CASHEWNUTS,cashewnut,0,0,0,0
2010,12,BELLARY,1,HADAGALI,POTATO,potato,9,3,5,8
2010,12,BELLARY,1,HADAGALI,TAPIOCA (CASSAVA),tapioca,8,10,0,10
2010,12,BELLARY,1,HADAGALI,SWEET POTATO,sweet potato,16,0,9,9
2010,12,BELLARY,1,HADAGALI,ONION,onion,1937,463,3281,3744
2010,12,BELLARY,1,HADAGALI,TOMATO,tomato,212,128,39,167
2010,12,BELLARY,1,HADAGALI,GROUNDNUT,groundnut,2840,2079,2909,4987
2010,12,BELLARY,1,HADAGALI,CASTORSEED,castor,9,4,6,10
2010,12,BELLARY,1,HADAGALI,SESAMUM (TIL),sesame,244,0,200,200
2010,12,BELLARY,1,HADAGALI,RAPESEED & MUSTARD (TORIA/TARAMIRA),mustard,19,0,33,33
2010,12,BELLARY,1,HADAGALI,LINSEED,linseed,5,0,4,4
2010,12,BELLARY,1,HADAGALI,COCONUT,coconut,12,2,15,17
2010,12,BELLARY,1,HADAGALI,SUNFLOWER,sunflower,4566,2054,7481,9535
2010,12,BELLARY,1,HADAGALI,SOYABEAN,soybean,0,0,0,0
2010,12,BELLARY,1,HADAGALI,NIGERSEED,niger seed,0,0,0,0
2010,12,BELLARY,1,HADAGALI,COTTON,cotton,2835,1679,4277,5955
2010,12,BELLARY,1,HADAGALI,JUTE,jute,14,0,21,21
2010,12,BELLARY,1,HADAGALI,MESTA,mesta,0,0,0,0
2010,12,BELLARY,1,HADAGALI,TOBACCO,tobacco,0,0,0,0
2010,12,BELLARY,1,HADAGALI,GUAR,guar,0,0,0,0
2010,12,BELLARY,1,HADAGALI,COFFEE,coffee,0,0,0,0
2010,12,BELLARY,1,HADAGALI,GROSS CROPPED AREA,,38393,15218,72331,87549
2010,12,BELLARY,2,HAGARIBOMMANAHALLI,PADDY,rice,2069,3345,300,3645
2010,12,BELLARY,2,HAGARIBOMMANAHALLI,JOWAR,jowar,3248,225,4024,4249
2010,12,BELLARY,2,HAGARIBOMMANAHALLI,BAJRA,bajra,4503,344,4977,5322
2010,12,BELLARY,2,HAGARIBOMMANAHALLI,MAIZE,maize,16356,8454,20563,29017
2010,12,BELLARY,2,HAGARIBOMMANAHALLI,RAGI,ragi,10,0,3,3
2010,12,BELLARY,2,HAGARIBOMMANAHALLI,WHEAT,wheat,41,25,6,31
2010,12,BELLARY,2,HAGARIBOMMANAHALLI,BARLEY,barley,0,0,0,0
2010,12,BELLARY,2,HAGARIBOMMANAHALLI,GRAM,chickpea,849,10,1233,1243
2010,12,BELLARY,2,HAGARIBOMMANAHALLI,TUR (ARHAR),pigeonpea (tur),304,11,206,217
2010,12,BELLARY,2,HAGARIBOMMANAHALLI,URAD,black gram,11,0,9,9
2010,12,BELLARY,2,HAGARIBOMMANAHALLI,MOONG,green gram,5,0,13,13
2010,12,BELLARY,2,HAGARIBOMMANAHALLI,MASUR,lentil,31,28,0,28
2010,12,BELLARY,2,HAGARIBOMMANAHALLI,HORSEGRAM,horse gram,450,16,471,487
2010,12,BELLARY,2,HAGARIBOMMANAHALLI,MOTH,moth bean,0,0,0,0
2010,12,BELLARY,2,HAGARIBOMMANAHALLI,SUGARCANE,sugarcane,180,326,0,326
2010,12,BELLARY,2,HAGARIBOMMANAHALLI,PEPPER (BLACK),black pepper,0,0,0,0
2010,12,BELLARY,2,HAGARIBOMMANAHALLI,CHILLIES,chilli,0,0,0,0
2010,12,BELLARY,2,HAGARIBOMMANAHALLI,GINGER,ginger,0,0,0,0
2010,12,BELLARY,2,HAGARIBOMMANAHALLI,TURMERIC,turmeric,0,0,0,0
2010,12,BELLARY,2,HAGARIBOMMANAHALLI,BETELNUTS (ARECANUTS),arecanut,0,0,0,0
2010,12,BELLARY,2,HAGARIBOMMANAHALLI,MANGOES,mango,197,304,90,394
2010,12,BELLARY,2,HAGARIBOMMANAHALLI,BANANA,banana,40,53,0,53
2010,12,BELLARY,2,HAGARIBOMMANAHALLI,TABLE GRAPES,grapes,86,242,0,242
2010,12,BELLARY,2,HAGARIBOMMANAHALLI,WINE GRAPES (BLACK),grapes,0,0,0,0
2010,12,BELLARY,2,HAGARIBOMMANAHALLI,CASHEWNUTS,cashewnut,0,0,0,0
2010,12,BELLARY,2,HAGARIBOMMANAHALLI,POTATO,potato,0,0,0,0
2010,12,BELLARY,2,HAGARIBOMMANAHALLI,TAPIOCA (CASSAVA),tapioca,0,0,0,0
2010,12,BELLARY,2,HAGARIBOMMANAHALLI,SWEET POTATO,sweet potato,0,0,0,0
2010,12,BELLARY,2,HAGARIBOMMANAHALLI,ONION,onion,585,496,202,699
2010,12,BELLARY,2,HAGARIBOMMANAHALLI,TOMATO,tomato,32,16,2,19
2010,12,BELLARY,2,HAGARIBOMMANAHALLI,GROUNDNUT,groundnut,5232,2516,7336,9853
2010,12,BELLARY,2,HAGARIBOMMANAHALLI,CASTORSEED,castor,5,0,13,13
2010,12,BELLARY,2,HAGARIBOMMANAHALLI,SESAMUM (TIL),sesame,10,3,6,9
2010,12,BELLARY,2,HAGARIBOMMANAHALLI,RAPESEED & MUSTARD (TORIA/TARAMIRA),mustard,16,0,38,38
2010,12,BELLARY,2,HAGARIBOMMANAHALLI,LINSEED,linseed,10,0,3,3
2010,12,BELLARY,2,HAGARIBOMMANAHALLI,COCONUT,coconut,16,15,0,15
2010,12,BELLARY,2,HAGARIBOMMANAHALLI,SUNFLOWER,sunflower,2349,817,3988,4804
2010,12,BELLARY,2,HAGARIBOMMANAHALLI,SOYABEAN,soybean,0,0,0,0
2010,12,BELLARY,2,HAGARIBOMMANAHALLI,NIGERSEED,niger seed,5,0,9,9
2010,12,BELLARY,2,HAGARIBOMMANAHALLI,COTTON,cotton,1372,545,1202,1747
2010,12,BELLARY,2,HAGARIBOMMANAHALLI,JUTE,jute,10,0,11,11
2010,12,BELLARY,2,HAGARIBOMMANAHALLI,MESTA,mesta,0,0,0,0
2010,12,BELLARY,2,HAGARIBOMMANAHALLI,TOBACCO,tobacco,0,0,0,0
2010,12,BELLARY,2,HAGARIBOMMANAHALLI,GUAR,guar,0,0,0,0
2010,12,BELLARY,2,HAGARIBOMMANAHALLI,COFFEE,coffee,0,0,0,0
2010,12,BELLARY,2,HAGARIBOMMANAHALLI,GROSS CROPPED AREA,,32131,20109,44831,64940
2010,12,BELLARY,3,HOSPET,PADDY,rice,15561,20824,283,21107
2010,12,BELLARY,3,HOSPET,JOWAR,jowar,2258,67,2881,2948
2010,12,BELLARY,3,HOSPET,BAJRA,bajra,707,28,742,770
2010,12,BELLARY,3,HOSPET,MAIZE,maize,2577,532,2384,2916
2010,12,BELLARY,3,HOSPET,RAGI,ragi,0,0,0,0
2010,12,BELLARY,3,HOSPET,WHEAT,wheat,6,5,0,5
2010,12,BELLARY,3,HOSPET,BARLEY,barley,0,0,0,0
2010,12,BELLARY,3,HOSPET,GRAM,chickpea,0,0,0,0
2010,12,BELLARY,3,HOSPET,TUR (ARHAR),pigeonpea (tur),36,20,20,40
2010,12,BELLARY,3,HOSPET,URAD,black gram,9,0,4,4
2010,12,BELLARY,3,HOSPET,MOONG,green gram,0,0,0,0
2010,12,BELLARY,3,HOSPET,MASUR,lentil,0,0,0,0
2010,12,BELLARY,3,HOSPET,HORSEGRAM,horse gram,239,20,273,292
2010,12,BELLARY,3,HOSPET,MOTH,moth bean,0,0,0,0
2010,12,BELLARY,3,HOSPET,SUGARCANE,sugarcane,6145,7081,0,7081
2010,12,BELLARY,3,HOSPET,PEPPER (BLACK),black pepper,0,0,0,0
2010,12,BELLARY,3,HOSPET,CHILLIES,chilli,26,23,0,23
2010,12,BELLARY,3,HOSPET,GINGER,ginger,0,0,0,0
2010,12,BELLARY,3,HOSPET,TURMERIC,turmeric,0,0,0,0
2010,12,BELLARY,3,HOSPET,BETELNUTS (ARECANUTS),arecanut,0,0,0,0
2010,12,BELLARY,3,HOSPET,MANGOES,mango,0,0,0,0
2010,12,BELLARY,3,HOSPET,BANANA,banana,292,243,0,243
2010,12,BELLARY,3,HOSPET,TABLE GRAPES,grapes,0,0,0,0
2010,12,BELLARY,3,HOSPET,WINE GRAPES (BLACK),grapes,0,0,0,0
2010,12,BELLARY,3,HOSPET,CASHEWNUTS,cashewnut,0,0,0,0
2010,12,BELLARY,3,HOSPET,POTATO,potato,0,0,0,0
2010,12,BELLARY,3,HOSPET,TAPIOCA (CASSAVA),tapioca,0,0,0,0
2010,12,BELLARY,3,HOSPET,SWEET POTATO,sweet potato,0,0,0,0
2010,12,BELLARY,3,HOSPET,ONION,onion,44,33,34,67
2010,12,BELLARY,3,HOSPET,TOMATO,tomato,44,38,32,70
2010,12,BELLARY,3,HOSPET,GROUNDNUT,groundnut,130,24,144,168
2010,12,BELLARY,3,HOSPET,CASTORSEED,castor,0,0,0,0
2010,12,BELLARY,3,HOSPET,SESAMUM (TIL),sesame,46,28,32,60
2010,12,BELLARY,3,HOSPET,RAPESEED & MUSTARD (TORIA/TARAMIRA),mustard,5,0,8,8
2010,12,BELLARY,3,HOSPET,LINSEED,linseed,0,0,0,0
2010,12,BELLARY,3,HOSPET,COCONUT,coconut,17,33,12,45
2010,12,BELLARY,3,HOSPET,SUNFLOWER,sunflower,184,59,156,214
2010,12,BELLARY,3,HOSPET,SOYABEAN,soybean,0,0,0,0
2010,12,BELLARY,3,HOSPET,NIGERSEED,niger seed,4,1,0,1
2010,12,BELLARY,3,HOSPET,COTTON,cotton,281,116,285,401
2010,12,BELLARY,3,HOSPET,JUTE,jute,5,8,0,8
2010,12,BELLARY,3,HOSPET,MESTA,mesta,0,0,0,0
2010,12,BELLARY,3,HOSPET,TOBACCO,tobacco,0,0,0,0
2010,12,BELLARY,3,HOSPET,GUAR,guar,0,0,0,0
2010,12,BELLARY,3,HOSPET,COFFEE,coffee,0,0,0,0
2010,12,BELLARY,3,HOSPET,GROSS CROPPED AREA,,34072,29283,16663,45946
2010,12,BELLARY,7,KUDALGI,PADDY,rice,915,215,810,1025
2010,12,BELLARY,7,KUDALGI,JOWAR,jowar,13536,2276,12198,14474
2010,12,BELLARY,7,KUDALGI,BAJRA,bajra,4557,121,4892,5013
2010,12,BELLARY,7,KUDALGI,MAIZE,maize,15287,4169,17363,21532
2010,12,BELLARY,7,KUDALGI,RAGI,ragi,2935,219,2251,2470
2010,12,BELLARY,7,KUDALGI,WHEAT,wheat,21,11,11,22
2010,12,BELLARY,7,KUDALGI,BARLEY,barley,67,18,35,53
2010,12,BELLARY,7,KUDALGI,GRAM,chickpea,285,0,938,938
2010,12,BELLARY,7,KUDALGI,TUR (ARHAR),pigeonpea (tur),2570,58,743,801
2010,12,BELLARY,7,KUDALGI,URAD,black gram,0,0,0,0
2010,12,BELLARY,7,KUDALGI,MOONG,green gram,16,6,32,38
2010,12,BELLARY,7,KUDALGI,MASUR,lentil,41,2,16,18
2010,12,BELLARY,7,KUDALGI,HORSEGRAM,horse gram,837,18,229,246
2010,12,BELLARY,7,KUDALGI,MOTH,moth bean,0,0,0,0
2010,12,BELLARY,7,KUDALGI,SUGARCANE,sugarcane,17,18,0,18
2010,12,BELLARY,7,KUDALGI,PEPPER (BLACK),black pepper,0,0,0,0
2010,12,BELLARY,7,KUDALGI,CHILLIES,chilli,9,0,4,4
2010,12,BELLARY,7,KUDALGI,GINGER,ginger,0,0,0,0
2010,12,BELLARY,7,KUDALGI,TURMERIC,turmeric,0,0,0,0
2010,12,BELLARY,7,KUDALGI,BETELNUTS (ARECANUTS),arecanut,72,56,0,56
2010,12,BELLARY,7,KUDALGI,MANGOES,mango,22,13,1,14
2010,12,BELLARY,7,KUDALGI,BANANA,banana,38,46,0,46
2010,12,BELLARY,7,KUDALGI,TABLE GRAPES,grapes,0,0,0,0
2010,12,BELLARY,7,KUDALGI,WINE GRAPES (BLACK),grapes,0,0,0,0
2010,12,BELLARY,7,KUDALGI,CASHEWNUTS,cashewnut,0,0,0,0
2010,12,BELLARY,7,KUDALGI,POTATO,potato,0,0,0,0
2010,12,BELLARY,7,KUDALGI,TAPIOCA (CASSAVA),tapioca,0,0,0,0
2010,12,BELLARY,7,KUDALGI,SWEET POTATO,sweet potato,0,0,0,0
2010,12,BELLARY,7,KUDALGI,ONION,onion,542,290,191,481
2010,12,BELLARY,7,KUDALGI,TOMATO,tomato,19,6,7,13
2010,12,BELLARY,7,KUDALGI,GROUNDNUT,groundnut,19751,2954,29010,31964
2010,12,BELLARY,7,KUDALGI,CASTORSEED,castor,19,0,27,27
2010,12,BELLARY,7,KUDALGI,SESAMUM (TIL),sesame,14,0,12,12
2010,12,BELLARY,7,KUDALGI,RAPESEED & MUSTARD (TORIA/TARAMIRA),mustard,10,0,7,7
2010,12,BELLARY,7,KUDALGI,LINSEED,linseed,0,0,0,0
2010,12,BELLARY,7,KUDALGI,COCONUT,coconut,365,234,35,269
2010,12,BELLARY,7,KUDALGI,SUNFLOWER,sunflower,1113,267,1202,1469
2010,12,BELLARY,7,KUDALGI,SOYABEAN,soybean,12,0,18,18
2010,12,BELLARY,7,KUDALGI,NIGERSEED,niger seed,46,1,30,31
2010,12,BELLARY,7,KUDALGI,COTTON,cotton,3470,1710,3624,5334
2010,12,BELLARY,7,KUDALGI,JUTE,jute,31,38,27,65
2010,12,BELLARY,7,KUDALGI,MESTA,mesta,0,0,0,0
2010,12,BELLARY,7,KUDALGI,TOBACCO,tobacco,0,0,0,0
2010,12,BELLARY,7,KUDALGI,GUAR,guar,0,0,0,0
2010,12,BELLARY,7,KUDALGI,COFFEE,coffee,0,0,0,0
2010,12,BELLARY,7,KUDALGI,GROSS CROPPED AREA,,43211,13149,74218,87367
2010,12,BELLARY,6,SANDUR,PADDY,rice,288,5,545,551
2010,12,BELLARY,6,SANDUR,JOWAR,jowar,11247,134,14970,15104
2010,12,BELLARY,6,SANDUR,BAJRA,bajra,841,47,916,963
2010,12,BELLARY,6,SANDUR,MAIZE,maize,7153,387,10390,10777
2010,12,BELLARY,6,SANDUR,RAGI,ragi,707,0,460,460
2010,12,BELLARY,6,SANDUR,WHEAT,wheat,13,0,12,12
2010,12,BELLARY,6,SANDUR,BARLEY,barley,0,0,0,0
2010,12,BELLARY,6,SANDUR,GRAM,chickpea,0,0,0,0
2010,12,BELLARY,6,SANDUR,TUR (ARHAR),pigeonpea (tur),83,7,53,60
2010,12,BELLARY,6,SANDUR,URAD,black gram,0,0,0,0
2010,12,BELLARY,6,SANDUR,MOONG,green gram,0,0,0,0
2010,12,BELLARY,6,SANDUR,MASUR,lentil,0,0,0,0
2010,12,BELLARY,6,SANDUR,HORSEGRAM,horse gram,4,0,1,1
2010,12,BELLARY,6,SANDUR,MOTH,moth bean,0,0,0,0
2010,12,BELLARY,6,SANDUR,SUGARCANE,sugarcane,0,0,0,0
2010,12,BELLARY,6,SANDUR,PEPPER (BLACK),black pepper,0,0,0,0
2010,12,BELLARY,6,SANDUR,CHILLIES,chilli,37,49,0,49
2010,12,BELLARY,6,SANDUR,GINGER,ginger,0,0,0,0
2010,12,BELLARY,6,SANDUR,TURMERIC,turmeric,0,0,0,0
2010,12,BELLARY,6,SANDUR,BETELNUTS (ARECANUTS),arecanut,0,0,0,0
2010,12,BELLARY,6,SANDUR,MANGOES,mango,4,5,0,5
2010,12,BELLARY,6,SANDUR,BANANA,banana,277,327,10,337
2010,12,BELLARY,6,SANDUR,TABLE GRAPES,grapes,0,0,0,0
2010,12,BELLARY,6,SANDUR,WINE GRAPES (BLACK),grapes,0,0,0,0
2010,12,BELLARY,6,SANDUR,CASHEWNUTS,cashewnut,0,0,0,0
2010,12,BELLARY,6,SANDUR,POTATO,potato,0,0,0,0
2010,12,BELLARY,6,SANDUR,TAPIOCA (CASSAVA),tapioca,0,0,0,0
2010,12,BELLARY,6,SANDUR,SWEET POTATO,sweet potato,0,0,0,0
2010,12,BELLARY,6,SANDUR,ONION,onion,125,125,0,125
2010,12,BELLARY,6,SANDUR,TOMATO,tomato,0,0,0,0
2010,12,BELLARY,6,SANDUR,GROUNDNUT,groundnut,903,65,1496,1561
2010,12,BELLARY,6,SANDUR,CASTORSEED,castor,16,0,22,22
2010,12,BELLARY,6,SANDUR,SESAMUM (TIL),sesame,79,0,33,33
2010,12,BELLARY,6,SANDUR,RAPESEED & MUSTARD (TORIA/TARAMIRA),mustard,14,0,22,22
2010,12,BELLARY,6,SANDUR,LINSEED,linseed,0,0,0,0
2010,12,BELLARY,6,SANDUR,COCONUT,coconut,7,0,3,3
2010,12,BELLARY,6,SANDUR,SUNFLOWER,sunflower,138,20,153,173
2010,12,BELLARY,6,SANDUR,SOYABEAN,soybean,0,0,0,0
2010,12,BELLARY,6,SANDUR,NIGERSEED,niger seed,0,0,0,0
2010,12,BELLARY,6,SANDUR,COTTON,cotton,2665,365,4664,5029
2010,12,BELLARY,6,SANDUR,JUTE,jute,11,0,6,6
2010,12,BELLARY,6,SANDUR,MESTA,mesta,65,6,66,72
2010,12,BELLARY,6,SANDUR,TOBACCO,tobacco,0,0,0,0
2010,12,BELLARY,6,SANDUR,GUAR,guar,0,0,0,0
2010,12,BELLARY,6,SANDUR,COFFEE,coffee,0,0,0,0
2010,12,BELLARY,6,SANDUR,GROSS CROPPED AREA,,24009,1566,34014,35580
2010,12,BELLARY,4,SIRUGUPPA,PADDY,rice,25476,60575,2995,63570
2010,12,BELLARY,4,SIRUGUPPA,JOWAR,jowar,2107,409,2945,3355
2010,12,BELLARY,4,SIRUGUPPA,BAJRA,bajra,927,205,1002,1208
2010,12,BELLARY,4,SIRUGUPPA,MAIZE,maize,104,132,93,225
2010,12,BELLARY,4,SIRUGUPPA,RAGI,ragi,10,5,0,5
2010,12,BELLARY,4,SIRUGUPPA,WHEAT,wheat,243,73,94,167
2010,12,BELLARY,4,SIRUGUPPA,BARLEY,barley,5,3,0,3
2010,12,BELLARY,4,SIRUGUPPA,GRAM,chickpea,2191,235,3102,3337
2010,12,BELLARY,4,SIRUGUPPA,TUR (ARHAR),pigeonpea (tur),493,97,341,439
2010,12,BELLARY,4,SIRUGUPPA,URAD,black gram,0,0,0,0
2010,12,BELLARY,4,SIRUGUPPA,MOONG,green gram,0,0,0,0
2010,12,BELLARY,4,SIRUGUPPA,MASUR,lentil,0,0,0,0
2010,12,BELLARY,4,SIRUGUPPA,HORSEGRAM,horse gram,12,0,6,6
2010,12,BELLARY,4,SIRUGUPPA,MOTH,moth bean,0,0,0,0
2010,12,BELLARY,4,SIRUGUPPA,SUGARCANE,sugarcane,0,0,0,0
2010,12,BELLARY,4,SIRUGUPPA,PEPPER (BLACK),black pepper,14,13,0,13
2010,12,BELLARY,4,SIRUGUPPA,CHILLIES,chilli,1026,1393,74,1468
2010,12,BELLARY,4,SIRUGUPPA,GINGER,ginger,0,0,0,0
2010,12,BELLARY,4,SIRUGUPPA,TURMERIC,turmeric,0,0,0,0
2010,12,BELLARY,4,SIRUGUPPA,BETELNUTS (ARECANUTS),arecanut,5,0,4,4
2010,12,BELLARY,4,SIRUGUPPA,MANGOES,mango,0,0,0,0
2010,12,BELLARY,4,SIRUGUPPA,BANANA,banana,0,0,0,0
2010,12,BELLARY,4,SIRUGUPPA,TABLE GRAPES,grapes,0,0,0,0
2010,12,BELLARY,4,SIRUGUPPA,WINE GRAPES (BLACK),grapes,0,0,0,0
2010,12,BELLARY,4,SIRUGUPPA,CASHEWNUTS,cashewnut,0,0,0,0
2010,12,BELLARY,4,SIRUGUPPA,POTATO,potato,0,0,0,0
2010,12,BELLARY,4,SIRUGUPPA,TAPIOCA (CASSAVA),tapioca,0,0,0,0
2010,12,BELLARY,4,SIRUGUPPA,SWEET POTATO,sweet potato,21,5,5,10
2010,12,BELLARY,4,SIRUGUPPA,ONION,onion,0,0,0,0
2010,12,BELLARY,4,SIRUGUPPA,TOMATO,tomato,0,0,0,0
2010,12,BELLARY,4,SIRUGUPPA,GROUNDNUT,groundnut,31,16,30,46
2010,12,BELLARY,4,SIRUGUPPA,CASTORSEED,castor,11,0,39,39
2010,12,BELLARY,4,SIRUGUPPA,SESAMUM (TIL),sesame,6,0,3,3
2010,12,BELLARY,4,SIRUGUPPA,RAPESEED & MUSTARD (TORIA/TARAMIRA),mustard,4,0,3,3
2010,12,BELLARY,4,SIRUGUPPA,LINSEED,linseed,0,0,0,0
2010,12,BELLARY,4,SIRUGUPPA,COCONUT,coconut,0,0,0,0
2010,12,BELLARY,4,SIRUGUPPA,SUNFLOWER,sunflower,5348,775,9625,10400
2010,12,BELLARY,4,SIRUGUPPA,SOYABEAN,soybean,0,0,0,0
2010,12,BELLARY,4,SIRUGUPPA,NIGERSEED,niger seed,56,15,76,91
2010,12,BELLARY,4,SIRUGUPPA,COTTON,cotton,10908,4717,15713,20431
2010,12,BELLARY,4,SIRUGUPPA,JUTE,jute,4,0,18,18
2010,12,BELLARY,4,SIRUGUPPA,MESTA,mesta,0,0,0,0
2010,12,BELLARY,4,SIRUGUPPA,TOBACCO,tobacco,0,0,0,0
2010,12,BELLARY,4,SIRUGUPPA,GUAR,guar,0,0,0,0
2010,12,BELLARY,4,SIRUGUPPA,COFFEE,coffee,5,0,6,6
2010,12,BELLARY,4,SIRUGUPPA,GROSS CROPPED AREA,,42867,68891,36589,105481
2010,5,BIDAR,3,AURAD,PADDY,rice,611,34,170,204
2010,5,BIDAR,3,AURAD,JOWAR,jowar,27648,144,19039,19183
2010,5,BIDAR,3,AURAD,BAJRA,bajra,257,0,215,215
2010,5,BIDAR,3,AURAD,MAIZE,maize,441,16,429,445
2010,5,BIDAR,3,AURAD,RAGI,ragi,10,6,6,11
2010,5,BIDAR,3,AURAD,WHEAT,wheat,591,206,215,421
2010,5,BIDAR,3,AURAD,BARLEY,barley,25,0,15,15
2010,5,BIDAR,3,AURAD,GRAM,chickpea,13936,179,11239,11418
2010,5,BIDAR,3,AURAD,TUR (ARHAR),pigeonpea (tur),37498,111,23784,23896
2010,5,BIDAR,3,AURAD,URAD,black gram,16871,45,10467,10512
2010,5,BIDAR,3,AURAD,MOONG,green gram,18084,79,11073,11151
2010,5,BIDAR,3,AURAD,MASUR,lentil,205,0,49,49
2010,5,BIDAR,3,AURAD,HORSEGRAM,horse gram,0,0,0,0
2010,5,BIDAR,3,AURAD,MOTH,moth bean,5,0,3,3
2010,5,BIDAR,3,AURAD,SUGARCANE,sugarcane,1406,2557,0,2557
2010,5,BIDAR,3,AURAD,PEPPER (BLACK),black pepper,5,1,0,1
2010,5,BIDAR,3,AURAD,CHILLIES,chilli,148,0,38,38
2010,5,BIDAR,3,AURAD,GINGER,ginger,5,2,0,2
2010,5,BIDAR,3,AURAD,TURMERIC,turmeric,0,0,0,0
2010,5,BIDAR,3,AURAD,BETELNUTS (ARECANUTS),arecanut,0,0,0,0
2010,5,BIDAR,3,AURAD,MANGOES,mango,15,15,11,26
2010,5,BIDAR,3,AURAD,BANANA,banana,0,0,0,0
2010,5,BIDAR,3,AURAD,TABLE GRAPES,grapes,0,0,0,0
2010,5,BIDAR,3,AURAD,WINE GRAPES (BLACK),grapes,0,0,0,0
2010,5,BIDAR,3,AURAD,CASHEWNUTS,cashewnut,0,0,0,0
2010,5,BIDAR,3,AURAD,POTATO,potato,0,0,0,0
2010,5,BIDAR,3,AURAD,TAPIOCA (CASSAVA),tapioca,0,0,0,0
2010,5,BIDAR,3,AURAD,SWEET POTATO,sweet potato,0,0,0,0
2010,5,BIDAR,3,AURAD,ONION,onion,53,10,4,14
2010,5,BIDAR,3,AURAD,TOMATO,tomato,0,0,0,0
2010,5,BIDAR,3,AURAD,GROUNDNUT,groundnut,0,0,0,0
2010,5,BIDAR,3,AURAD,CASTORSEED,castor,31,2,28,30
2010,5,BIDAR,3,AURAD,SESAMUM (TIL),sesame,330,0,99,99
2010,5,BIDAR,3,AURAD,RAPESEED & MUSTARD (TORIA/TARAMIRA),mustard,39,0,18,18
2010,5,BIDAR,3,AURAD,LINSEED,linseed,57,0,12,12
2010,5,BIDAR,3,AURAD,COCONUT,coconut,4,0,2,2
2010,5,BIDAR,3,AURAD,SUNFLOWER,sunflower,1504,23,759,782
2010,5,BIDAR,3,AURAD,SOYABEAN,soybean,29729,37,25028,25065
2010,5,BIDAR,3,AURAD,NIGERSEED,niger seed,156,25,29,54
2010,5,BIDAR,3,AURAD,COTTON,cotton,347,0,238,238
2010,5,BIDAR,3,AURAD,JUTE,jute,0,0,0,0
2010,5,BIDAR,3,AURAD,MESTA,mesta,43,4,13,18
2010,5,BIDAR,3,AURAD,TOBACCO,tobacco,0,0,0,0
2010,5,BIDAR,3,AURAD,GUAR,guar,0,0,0,0
2010,5,BIDAR,3,AURAD,COFFEE,coffee,0,0,0,0
2010,5,BIDAR,3,AURAD,GROSS CROPPED AREA,,53026,3523,105871,109394
2010,5,BIDAR,1,BASAVAKALYAN,PADDY,rice,991,23,536,559
2010,5,BIDAR,1,BASAVAKALYAN,JOWAR,jowar,21977,93,18294,18386
2010,5,BIDAR,1,BASAVAKALYAN,BAJRA,bajra,5387,20,4597,4617
2010,5,BIDAR,1,BASAVAKALYAN,MAIZE,maize,203,3,215,218
2010,5,BIDAR,1,BASAVAKALYAN,RAGI,ragi,57,0,25,25
2010,5,BIDAR,1,BASAVAKALYAN,WHEAT,wheat,673,298,260,558
2010,5,BIDAR,1,BASAVAKALYAN,BARLEY,barley,66,3,52,55
2010,5,BIDAR,1,BASAVAKALYAN,GRAM,chickpea,5034,55,5198,5254
2010,5,BIDAR,1,BASAVAKALYAN,TUR (ARHAR),pigeonpea (tur),34732,45,22207,22252
2010,5,BIDAR,1,BASAVAKALYAN,URAD,black gram,12670,14,11130,11144
2010,5,BIDAR,1,BASAVAKALYAN,MOONG,green gram,7154,13,5782,5795
2010,5,BIDAR,1,BASAVAKALYAN,MASUR,lentil,4,0,1,1
2010,5,BIDAR,1,BASAVAKALYAN,HORSEGRAM,horse gram,0,0,0,0
2010,5,BIDAR,1,BASAVAKALYAN,MOTH,moth bean,35,0,18,18
2010,5,BIDAR,1,BASAVAKALYAN,SUGARCANE,sugarcane,2196,3183,0,3183
2010,5,BIDAR,1,BASAVAKALYAN,PEPPER (BLACK),black pepper,0,0,0,0
2010,5,BIDAR,1,BASAVAKALYAN,CHILLIES,chilli,43,33,4,36
2010,5,BIDAR,1,BASAVAKALYAN,GINGER,ginger,49,27,1,27
2010,5,BIDAR,1,BASAVAKALYAN,TURMERIC,turmeric,4,0,8,8
2010,5,BIDAR,1,BASAVAKALYAN,BETELNUTS (ARECANUTS),arecanut,7,0,2,2
2010,5,BIDAR,1,BASAVAKALYAN,MANGOES,mango,0,0,0,0
2010,5,BIDAR,1,BASAVAKALYAN,BANANA,banana,8,2,0,2
2010,5,BIDAR,1,BASAVAKALYAN,TABLE GRAPES,grapes,0,0,0,0
2010,5,BIDAR,1,BASAVAKALYAN,WINE GRAPES (BLACK),grapes,0,0,0,0
2010,5,BIDAR,1,BASAVAKALYAN,CASHEWNUTS,cashewnut,0,0,0,0
2010,5,BIDAR,1,BASAVAKALYAN,POTATO,potato,0,0,0,0
2010,5,BIDAR,1,BASAVAKALYAN,TAPIOCA (CASSAVA),tapioca,4,0,2,2
2010,5,BIDAR,1,BASAVAKALYAN,SWEET POTATO,sweet potato,3,6,0,6
2010,5,BIDAR,1,BASAVAKALYAN,ONION,onion,49,50,0,50
2010,5,BIDAR,1,BASAVAKALYAN,TOMATO,tomato,9,7,0,7
2010,5,BIDAR,1,BASAVAKALYAN,GROUNDNUT,groundnut,366,22,176,198
2010,5,BIDAR,1,BASAVAKALYAN,CASTORSEED,castor,36,0,43,43
2010,5,BIDAR,1,BASAVAKALYAN,SESAMUM (TIL),sesame,2886,6,1971,1978
2010,5,BIDAR,1,BASAVAKALYAN,RAPESEED & MUSTARD (TORIA/TARAMIRA),mustard,11,0,8,8
2010,5,BIDAR,1,BASAVAKALYAN,LINSEED,linseed,49,0,37,37
2010,5,BIDAR,1,BASAVAKALYAN,COCONUT,coconut,19,3,9,12
2010,5,BIDAR,1,BASAVAKALYAN,SUNFLOWER,sunflower,1243,9,1295,1304
2010,5,BIDAR,1,BASAVAKALYAN,SOYABEAN,soybean,20087,44,17392,17437
2010,5,BIDAR,1,BASAVAKALYAN,NIGERSEED,niger seed,66,0,34,34
2010,5,BIDAR,1,BASAVAKALYAN,COTTON,cotton,0,0,0,0
2010,5,BIDAR,1,BASAVAKALYAN,JUTE,jute,8,0,8,8
2010,5,BIDAR,1,BASAVAKALYAN,MESTA,mesta,81,3,29,32
2010,5,BIDAR,1,BASAVAKALYAN,TOBACCO,tobacco,0,0,0,0
2010,5,BIDAR,1,BASAVAKALYAN,GUAR,guar,0,0,0,0
2010,5,BIDAR,1,BASAVAKALYAN,COFFEE,coffee,0,0,0,0
2010,5,BIDAR,1,BASAVAKALYAN,GROSS CROPPED AREA,,54545,4078,91331,95410
2010,5,BIDAR,2,BHALKI,PADDY,rice,340,25,218,243
2010,5,BIDAR,2,BHALKI,JOWAR,jowar,16378,56,13044,13099
2010,5,BIDAR,2,BHALKI,BAJRA,bajra,3216,0,3089,3089
2010,5,BIDAR,2,BHALKI,MAIZE,maize,37,14,8,22
2010,5,BIDAR,2,BHALKI,RAGI,ragi,0,0,0,0
2010,5,BIDAR,2,BHALKI,WHEAT,wheat,527,209,176,385
2010,5,BIDAR,2,BHALKI,BARLEY,barley,0,0,0,0
2010,5,BIDAR,2,BHALKI,GRAM,chickpea,12318,200,8242,8442
2010,5,BIDAR,2,BHALKI,TUR (ARHAR),pigeonpea (tur),37561,76,22804,22880
2010,5,BIDAR,2,BHALKI,URAD,black gram,21425,79,18096,18175
2010,5,BIDAR,2,BHALKI,MOONG,green gram,11223,68,8046,8115
2010,5,BIDAR,2,BHALKI,MASUR,lentil,51,0,14,14
2010,5,BIDAR,2,BHALKI,HORSEGRAM,horse gram,38,0,28,28
2010,5,BIDAR,2,BHALKI,MOTH,moth bean,15,0,8,8
2010,5,BIDAR,2,BHALKI,SUGARCANE,sugarcane,2137,2689,0,2689
2010,5,BIDAR,2,BHALKI,PEPPER (BLACK),black pepper,5,0,2,2
2010,5,BIDAR,2,BHALKI,CHILLIES,chilli,19,45,0,45
2010,5,BIDAR,2,BHALKI,GINGER,ginger,9,20,0,20
2010,5,BIDAR,2,BHALKI,TURMERIC,turmeric,30,41,0,41
2010,5,BIDAR,2,BHALKI,BETELNUTS (ARECANUTS),arecanut,0,0,0,0
2010,5,BIDAR,2,BHALKI,MANGOES,mango,0,0,0,0
2010,5,BIDAR,2,BHALKI,BANANA,banana,55,80,20,100
2010,5,BIDAR,2,BHALKI,TABLE GRAPES,grapes,0,0,0,0
2010,5,BIDAR,2,BHALKI,WINE GRAPES (BLACK),grapes,0,0,0,0
2010,5,BIDAR,2,BHALKI,CASHEWNUTS,cashewnut,0,0,0,0
2010,5,BIDAR,2,BHALKI,POTATO,potato,29,22,0,22
2010,5,BIDAR,2,BHALKI,TAPIOCA (CASSAVA),tapioca,4,0,1,1
2010,5,BIDAR,2,BHALKI,SWEET POTATO,sweet potato,5,0,0,0
2010,5,BIDAR,2,BHALKI,ONION,onion,39,23,9,32
2010,5,BIDAR,2,BHALKI,TOMATO,tomato,27,21,0,21
2010,5,BIDAR,2,BHALKI,GROUNDNUT,groundnut,82,6,43,49
2010,5,BIDAR,2,BHALKI,CASTORSEED,castor,16,0,7,7
2010,5,BIDAR,2,BHALKI,SESAMUM (TIL),sesame,118,0,62,62
2010,5,BIDAR,2,BHALKI,RAPESEED & MUSTARD (TORIA/TARAMIRA),mustard,0,0,0,0
2010,5,BIDAR,2,BHALKI,LINSEED,linseed,10,0,2,2
2010,5,BIDAR,2,BHALKI,COCONUT,coconut,85,20,41,61
2010,5,BIDAR,2,BHALKI,SUNFLOWER,sunflower,704,12,412,424
2010,5,BIDAR,2,BHALKI,SOYABEAN,soybean,21592,85,21222,21307
2010,5,BIDAR,2,BHALKI,NIGERSEED,niger seed,403,0,331,331
2010,5,BIDAR,2,BHALKI,COTTON,cotton,4,0,8,8
2010,5,BIDAR,2,BHALKI,JUTE,jute,14,0,10,10
2010,5,BIDAR,2,BHALKI,MESTA,mesta,0,0,0,0
2010,5,BIDAR,2,BHALKI,TOBACCO,tobacco,0,0,0,0
2010,5,BIDAR,2,BHALKI,GUAR,guar,0,0,0,0
2010,5,BIDAR,2,BHALKI,COFFEE,coffee,0,0,0,0
2010,5,BIDAR,2,BHALKI,GROSS CROPPED AREA,,55730,4040,98130,102170
2010,5,BIDAR,4,BIDAR,PADDY,rice,2187,860,403,1262
2010,5,BIDAR,4,BIDAR,JOWAR,jowar,14099,48,9992,10041
2010,5,BIDAR,4,BIDAR,BAJRA,bajra,49,0,22,22
2010,5,BIDAR,4,BIDAR,MAIZE,maize,154,4,51,55
2010,5,BIDAR,4,BIDAR,RAGI,ragi,5,0,1,1
2010,5,BIDAR,4,BIDAR,WHEAT,wheat,424,192,43,236
2010,5,BIDAR,4,BIDAR,BARLEY,barley,5,0,7,7
2010,5,BIDAR,4,BIDAR,GRAM,chickpea,8477,97,6171,6268
2010,5,BIDAR,4,BIDAR,TUR (ARHAR),pigeonpea (tur),20717,65,11492,11557
2010,5,BIDAR,4,BIDAR,URAD,black gram,8803,11,5868,5879
2010,5,BIDAR,4,BIDAR,MOONG,green gram,10898,9,7881,7890
2010,5,BIDAR,4,BIDAR,MASUR,lentil,71,2,20,22
2010,5,BIDAR,4,BIDAR,HORSEGRAM,horse gram,0,0,0,0
2010,5,BIDAR,4,BIDAR,MOTH,moth bean,29,0,13,13
2010,5,BIDAR,4,BIDAR,SUGARCANE,sugarcane,8882,10533,0,10533
2010,5,BIDAR,4,BIDAR,PEPPER (BLACK),black pepper,0,0,0,0
2010,5,BIDAR,4,BIDAR,CHILLIES,chilli,0,0,0,0
2010,5,BIDAR,4,BIDAR,GINGER,ginger,490,216,12,228
2010,5,BIDAR,4,BIDAR,TURMERIC,turmeric,11,5,0,5
2010,5,BIDAR,4,BIDAR,BETELNUTS (ARECANUTS),arecanut,0,0,0,0
2010,5,BIDAR,4,BIDAR,MANGOES,mango,308,54,295,349
2010,5,BIDAR,4,BIDAR,BANANA,banana,24,2,13,15
2010,5,BIDAR,4,BIDAR,TABLE GRAPES,grapes,4,7,0,7
2010,5,BIDAR,4,BIDAR,WINE GRAPES (BLACK),grapes,0,0,0,0
2010,5,BIDAR,4,BIDAR,CASHEWNUTS,cashewnut,0,0,0,0
2010,5,BIDAR,4,BIDAR,POTATO,potato,115,51,0,51
2010,5,BIDAR,4,BIDAR,TAPIOCA (CASSAVA),tapioca,0,0,0,0
2010,5,BIDAR,4,BIDAR,SWEET POTATO,sweet potato,0,0,0,0
2010,5,BIDAR,4,BIDAR,ONION,onion,128,65,16,81
2010,5,BIDAR,4,BIDAR,TOMATO,tomato,14,7,0,7
2010,5,BIDAR,4,BIDAR,GROUNDNUT,groundnut,0,0,0,0
2010,5,BIDAR,4,BIDAR,CASTORSEED,castor,9,0,7,7
2010,5,BIDAR,4,BIDAR,SESAMUM (TIL),sesame,40,0,10,10
2010,5,BIDAR,4,BIDAR,RAPESEED & MUSTARD (TORIA/TARAMIRA),mustard,4,0,0,0
2010,5,BIDAR,4,BIDAR,LINSEED,linseed,9,0,1,1
2010,5,BIDAR,4,BIDAR,COCONUT,coconut,9,1,0,1
2010,5,BIDAR,4,BIDAR,SUNFLOWER,sunflower,201,17,101,118
2010,5,BIDAR,4,BIDAR,SOYABEAN,soybean,5175,42,3917,3959
2010,5,BIDAR,4,BIDAR,NIGERSEED,niger seed,63,2,50,52
2010,5,BIDAR,4,BIDAR,COTTON,cotton,32,4,12,16
2010,5,BIDAR,4,BIDAR,JUTE,jute,109,4,82,86
2010,5,BIDAR,4,BIDAR,MESTA,mesta,12,0,6,6
2010,5,BIDAR,4,BIDAR,TOBACCO,tobacco,0,0,0,0
2010,5,BIDAR,4,BIDAR,GUAR,guar,0,0,0,0
2010,5,BIDAR,4,BIDAR,COFFEE,coffee,0,0,0,0
2010,5,BIDAR,4,BIDAR,GROSS CROPPED AREA,,42371,12639,47705,60344
2010,5,BIDAR,5,HUMNABAD,PADDY,rice,985,365,103,468
2010,5,BIDAR,5,HUMNABAD,JOWAR,jowar,24446,160,15591,15751
2010,5,BIDAR,5,HUMNABAD,BAJRA,bajra,1709,1,958,960
2010,5,BIDAR,5,HUMNABAD,MAIZE,maize,252,48,88,137
2010,5,BIDAR,5,HUMNABAD,RAGI,ragi,13,1,2,3
2010,5,BIDAR,5,HUMNABAD,WHEAT,wheat,600,244,64,308
2010,5,BIDAR,5,HUMNABAD,BARLEY,barley,16,0,8,8
2010,5,BIDAR,5,HUMNABAD,GRAM,chickpea,4948,71,2289,2360
2010,5,BIDAR,5,HUMNABAD,TUR (ARHAR),pigeonpea (tur),31498,171,18153,18324
2010,5,BIDAR,5,HUMNABAD,URAD,black gram,13796,80,7838,7918
2010,5,BIDAR,5,HUMNABAD,MOONG,green gram,14960,39,8442,8481
2010,5,BIDAR,5,HUMNABAD,MASUR,lentil,6,0,2,2
2010,5,BIDAR,5,HUMNABAD,HORSEGRAM,horse gram,17,0,9,9
2010,5,BIDAR,5,HUMNABAD,MOTH,moth bean,6,0,7,7
2010,5,BIDAR,5,HUMNABAD,SUGARCANE,sugarcane,11444,11316,0,11316
2010,5,BIDAR,5,HUMNABAD,PEPPER (BLACK),black pepper,0,0,0,0
2010,5,BIDAR,5,HUMNABAD,CHILLIES,chilli,55,8,26,34
2010,5,BIDAR,5,HUMNABAD,GINGER,ginger,1414,747,50,797
2010,5,BIDAR,5,HUMNABAD,TURMERIC,turmeric,18,9,7,16
2010,5,BIDAR,5,HUMNABAD,BETELNUTS (ARECANUTS),arecanut,3,1,0,1
2010,5,BIDAR,5,HUMNABAD,MANGOES,mango,200,307,20,326
2010,5,BIDAR,5,HUMNABAD,BANANA,banana,27,61,0,61
2010,5,BIDAR,5,HUMNABAD,TABLE GRAPES,grapes,121,251,18,269
2010,5,BIDAR,5,HUMNABAD,WINE GRAPES (BLACK),grapes,0,0,0,0
2010,5,BIDAR,5,HUMNABAD,CASHEWNUTS,cashewnut,0,0,0,0
2010,5,BIDAR,5,HUMNABAD,POTATO,potato,21,2,11,13
2010,5,BIDAR,5,HUMNABAD,TAPIOCA (CASSAVA),tapioca,0,0,0,0
2010,5,BIDAR,5,HUMNABAD,SWEET POTATO,sweet potato,5,0,2,2
2010,5,BIDAR,5,HUMNABAD,ONION,onion,21,10,0,10
2010,5,BIDAR,5,HUMNABAD,TOMATO,tomato,52,13,4,17
2010,5,BIDAR,5,HUMNABAD,GROUNDNUT,groundnut,262,137,12,149
2010,5,BIDAR,5,HUMNABAD,CASTORSEED,castor,18,0,19,19
2010,5,BIDAR,5,HUMNABAD,SESAMUM (TIL),sesame,2601,8,1414,1421
2010,5,BIDAR,5,HUMNABAD,RAPESEED & MUSTARD (TORIA/TARAMIRA),mustard,4,0,2,2
2010,5,BIDAR,5,HUMNABAD,LINSEED,linseed,28,0,9,9
2010,5,BIDAR,5,HUMNABAD,COCONUT,coconut,10,2,1,3
2010,5,BIDAR,5,HUMNABAD,SUNFLOWER,sunflower,355,37,159,197
2010,5,BIDAR,5,HUMNABAD,SOYABEAN,soybean,4014,36,1889,1925
2010,5,BIDAR,5,HUMNABAD,NIGERSEED,niger seed,556,2,220,222
2010,5,BIDAR,5,HUMNABAD,COTTON,cotton,34,35,23,59
2010,5,BIDAR,5,HUMNABAD,JUTE,jute,10,0,12,12
2010,5,BIDAR,5,HUMNABAD,MESTA,mesta,46,0,13,13
2010,5,BIDAR,5,HUMNABAD,TOBACCO,tobacco,0,0,0,0
2010,5,BIDAR,5,HUMNABAD,GUAR,guar,5,1,0,1
2010,5,BIDAR,5,HUMNABAD,COFFEE,coffee,6,0,2,2
2010,5,BIDAR,5,HUMNABAD,GROSS CROPPED AREA,,45313,14705,58361,73065
2010,3,BIJAPUR,4,BASAVANA BAGEVADI,PADDY,rice,18,26,69,95
2010,3,BIJAPUR,4,BASAVANA BAGEVADI,JOWAR,jowar,37344,5661,69994,75655
2010,3,BIJAPUR,4,BASAVANA BAGEVADI,BAJRA,bajra,6399,2487,4636,7123
2010,3,BIJAPUR,4,BASAVANA BAGEVADI,MAIZE,maize,6553,10224,326,10550
2010,3,BIJAPUR,4,BASAVANA BAGEVADI,RAGI,ragi,71,36,60,96
2010,3,BIJAPUR,4,BASAVANA BAGEVADI,WHEAT,wheat,20719,4849,16277,21126
2010,3,BIJAPUR,4,BASAVANA BAGEVADI,BARLEY,barley,25,28,25,53
2010,3,BIJAPUR,4,BASAVANA BAGEVADI,GRAM,chickpea,14019,1352,17890,19242
2010,3,BIJAPUR,4,BASAVANA BAGEVADI,TUR (ARHAR),pigeonpea (tur),11398,1550,21854,23404
2010,3,BIJAPUR,4,BASAVANA BAGEVADI,URAD,black gram,28,0,64,64
2010,3,BIJAPUR,4,BASAVANA BAGEVADI,MOONG,green gram,63,18,37,55
2010,3,BIJAPUR,4,BASAVANA BAGEVADI,MASUR,lentil,5,0,10,10
2010,3,BIJAPUR,4,BASAVANA BAGEVADI,HORSEGRAM,horse gram,70,19,67,87
2010,3,BIJAPUR,4,BASAVANA BAGEVADI,MOTH,moth bean,0,0,0,0
2010,3,BIJAPUR,4,BASAVANA BAGEVADI,SUGARCANE,sugarcane,2084,4434,0,4434
2010,3,BIJAPUR,4,BASAVANA BAGEVADI,PEPPER (BLACK),black pepper,10,12,0,12
2010,3,BIJAPUR,4,BASAVANA BAGEVADI,CHILLIES,chilli,0,0,0,0
2010,3,BIJAPUR,4,BASAVANA BAGEVADI,GINGER,ginger,0,0,0,0
2010,3,BIJAPUR,4,BASAVANA BAGEVADI,TURMERIC,turmeric,0,0,0,0
2010,3,BIJAPUR,4,BASAVANA BAGEVADI,BETELNUTS (ARECANUTS),arecanut,0,0,0,0
2010,3,BIJAPUR,4,BASAVANA BAGEVADI,MANGOES,mango,10,0,2,2
2010,3,BIJAPUR,4,BASAVANA BAGEVADI,BANANA,banana,22,21,6,27
2010,3,BIJAPUR,4,BASAVANA BAGEVADI,TABLE GRAPES,grapes,217,374,126,500
2010,3,BIJAPUR,4,BASAVANA BAGEVADI,WINE GRAPES (BLACK),grapes,0,0,0,0
2010,3,BIJAPUR,4,BASAVANA BAGEVADI,CASHEWNUTS,cashewnut,0,0,0,0
2010,3,BIJAPUR,4,BASAVANA BAGEVADI,POTATO,potato,10,18,0,18
2010,3,BIJAPUR,4,BASAVANA BAGEVADI,TAPIOCA (CASSAVA),tapioca,36,22,0,22
2010,3,BIJAPUR,4,BASAVANA BAGEVADI,SWEET POTATO,sweet potato,0,0,0,0
2010,3,BIJAPUR,4,BASAVANA BAGEVADI,ONION,onion,6038,8960,422,9381
2010,3,BIJAPUR,4,BASAVANA BAGEVADI,TOMATO,tomato,6,0,0,0
2010,3,BIJAPUR,4,BASAVANA BAGEVADI,GROUNDNUT,groundnut,512,495,255,750
2010,3,BIJAPUR,4,BASAVANA BAGEVADI,CASTORSEED,castor,0,0,0,0
2010,3,BIJAPUR,4,BASAVANA BAGEVADI,SESAMUM (TIL),sesame,20,3,13,16
2010,3,BIJAPUR,4,BASAVANA BAGEVADI,RAPESEED & MUSTARD (TORIA/TARAMIRA),mustard,14,0,17,17
2010,3,BIJAPUR,4,BASAVANA BAGEVADI,LINSEED,linseed,46,0,12,12
2010,3,BIJAPUR,4,BASAVANA BAGEVADI,COCONUT,coconut,5,0,4,4
2010,3,BIJAPUR,4,BASAVANA BAGEVADI,SUNFLOWER,sunflower,2469,368,5243,5611
2010,3,BIJAPUR,4,BASAVANA BAGEVADI,SOYABEAN,soybean,0,0,0,0
2010,3,BIJAPUR,4,BASAVANA BAGEVADI,NIGERSEED,niger seed,0,0,0,0
2010,3,BIJAPUR,4,BASAVANA BAGEVADI,COTTON,cotton,15,1,11,12
2010,3,BIJAPUR,4,BASAVANA BAGEVADI,JUTE,jute,15,0,18,18
2010,3,BIJAPUR,4,BASAVANA BAGEVADI,MESTA,mesta,4,0,7,7
2010,3,BIJAPUR,4,BASAVANA BAGEVADI,TOBACCO,tobacco,0,0,0,0
2010,3,BIJAPUR,4,BASAVANA BAGEVADI,GUAR,guar,0,0,0,0
2010,3,BIJAPUR,4,BASAVANA BAGEVADI,COFFEE,coffee,0,0,0,0
2010,3,BIJAPUR,4,BASAVANA BAGEVADI,GROSS CROPPED AREA,,61504,41360,139503,180864
2010,3,BIJAPUR,1,BIJAPUR,PADDY,rice,62,26,52,77
2010,3,BIJAPUR,1,BIJAPUR,JOWAR,jowar,25980,2485,52196,54681
2010,3,BIJAPUR,1,BIJAPUR,BAJRA,bajra,12785,2044,16986,19029
2010,3,BIJAPUR,1,BIJAPUR,MAIZE,maize,11961,15504,2292,17796
2010,3,BIJAPUR,1,BIJAPUR,RAGI,ragi,44,16,38,54
2010,3,BIJAPUR,1,BIJAPUR,WHEAT,wheat,13546,5016,12901,17917
2010,3,BIJAPUR,1,BIJAPUR,BARLEY,barley,63,7,116,123
2010,3,BIJAPUR,1,BIJAPUR,GRAM,chickpea,11828,2274,13181,15456
2010,3,BIJAPUR,1,BIJAPUR,TUR (ARHAR),pigeonpea (tur),12914,1277,19926,21203
2010,3,BIJAPUR,1,BIJAPUR,URAD,black gram,13,0,23,23
2010,3,BIJAPUR,1,BIJAPUR,MOONG,green gram,3849,62,4938,4999
2010,3,BIJAPUR,1,BIJAPUR,MASUR,lentil,0,0,0,0
2010,3,BIJAPUR,1,BIJAPUR,HORSEGRAM,horse gram,1999,52,1710,1762
2010,3,BIJAPUR,1,BIJAPUR,MOTH,moth bean,0,0,0,0
2010,3,BIJAPUR,1,BIJAPUR,SUGARCANE,sugarcane,8546,16862,0,16862
2010,3,BIJAPUR,1,BIJAPUR,PEPPER (BLACK),black pepper,0,0,0,0
2010,3,BIJAPUR,1,BIJAPUR,CHILLIES,chilli,164,176,0,176
2010,3,BIJAPUR,1,BIJAPUR,GINGER,ginger,0,0,0,0
2010,3,BIJAPUR,1,BIJAPUR,TURMERIC,turmeric,70,68,5,73
2010,3,BIJAPUR,1,BIJAPUR,BETELNUTS (ARECANUTS),arecanut,5,0,0,0
2010,3,BIJAPUR,1,BIJAPUR,MANGOES,mango,40,40,0,40
2010,3,BIJAPUR,1,BIJAPUR,BANANA,banana,330,273,0,273
2010,3,BIJAPUR,1,BIJAPUR,TABLE GRAPES,grapes,2947,3388,116,3505
2010,3,BIJAPUR,1,BIJAPUR,WINE GRAPES (BLACK),grapes,5,4,0,4
2010,3,BIJAPUR,1,BIJAPUR,CASHEWNUTS,cashewnut,0,0,0,0
2010,3,BIJAPUR,1,BIJAPUR,POTATO,potato,5,0,7,7
2010,3,BIJAPUR,1,BIJAPUR,TAPIOCA (CASSAVA),tapioca,9,4,18,22
2010,3,BIJAPUR,1,BIJAPUR,SWEET POTATO,sweet potato,0,0,0,0
2010,3,BIJAPUR,1,BIJAPUR,ONION,onion,3973,2858,2628,5487
2010,3,BIJAPUR,1,BIJAPUR,TOMATO,tomato,201,186,4,190
2010,3,BIJAPUR,1,BIJAPUR,GROUNDNUT,groundnut,8944,2808,10471,13279
2010,3,BIJAPUR,1,BIJAPUR,CASTORSEED,castor,93,14,68,81
2010,3,BIJAPUR,1,BIJAPUR,SESAMUM (TIL),sesame,409,101,628,728
2010,3,BIJAPUR,1,BIJAPUR,RAPESEED & MUSTARD (TORIA/TARAMIRA),mustard,8,0,6,6
2010,3,BIJAPUR,1,BIJAPUR,LINSEED,linseed,701,0,387,387
2010,3,BIJAPUR,1,BIJAPUR,COCONUT,coconut,17,4,14,17
2010,3,BIJAPUR,1,BIJAPUR,SUNFLOWER,sunflower,10185,2315,17486,19800
2010,3,BIJAPUR,1,BIJAPUR,SOYABEAN,soybean,9,0,7,7
2010,3,BIJAPUR,1,BIJAPUR,NIGERSEED,niger seed,105,7,54,61
2010,3,BIJAPUR,1,BIJAPUR,COTTON,cotton,533,41,669,710
2010,3,BIJAPUR,1,BIJAPUR,JUTE,jute,4,0,5,5
2010,3,BIJAPUR,1,BIJAPUR,MESTA,mesta,4,0,7,7
2010,3,BIJAPUR,1,BIJAPUR,TOBACCO,tobacco,0,0,0,0
2010,3,BIJAPUR,1,BIJAPUR,GUAR,guar,0,0,0,0
2010,3,BIJAPUR,1,BIJAPUR,COFFEE,coffee,0,0,0,0
2010,3,BIJAPUR,1,BIJAPUR,GROSS CROPPED AREA,,85567,60916,159565,220481
2010,3,BIJAPUR,2,INDI,PADDY,rice,87,37,103,140
2010,3,BIJAPUR,2,INDI,JOWAR,jowar,28956,9289,25231,34520
2010,3,BIJAPUR,2,INDI,BAJRA,bajra,12314,1680,10176,11856
2010,3,BIJAPUR,2,INDI,MAIZE,maize,6108,4646,588,5234
2010,3,BIJAPUR,2,INDI,RAGI,ragi,7,2,0,2
2010,3,BIJAPUR,2,INDI,WHEAT,wheat,13546,7820,2409,10229
2010,3,BIJAPUR,2,INDI,BARLEY,barley,180,48,139,186
2010,3,BIJAPUR,2,INDI,GRAM,chickpea,10962,3989,4338,8326
2010,3,BIJAPUR,2,INDI,TUR (ARHAR),pigeonpea (tur),21282,4726,16131,20857
2010,3,BIJAPUR,2,INDI,URAD,black gram,21,5,13,19
2010,3,BIJAPUR,2,INDI,MOONG,green gram,8628,923,6219,7142
2010,3,BIJAPUR,2,INDI,MASUR,lentil,0,0,0,0
2010,3,BIJAPUR,2,INDI,HORSEGRAM,horse gram,4778,145,2781,2926
2010,3,BIJAPUR,2,INDI,MOTH,moth bean,0,0,0,0
2010,3,BIJAPUR,2,INDI,SUGARCANE,sugarcane,15395,19069,0,19069
2010,3,BIJAPUR,2,INDI,PEPPER (BLACK),black pepper,94,84,15,99
2010,3,BIJAPUR,2,INDI,CHILLIES,chilli,115,49,15,63
2010,3,BIJAPUR,2,INDI,GINGER,ginger,0,0,0,0
2010,3,BIJAPUR,2,INDI,TURMERIC,turmeric,129,87,0,87
2010,3,BIJAPUR,2,INDI,BETELNUTS (ARECANUTS),arecanut,0,0,0,0
2010,3,BIJAPUR,2,INDI,MANGOES,mango,21,21,0,21
2010,3,BIJAPUR,2,INDI,BANANA,banana,1630,939,16,955
2010,3,BIJAPUR,2,INDI,TABLE GRAPES,grapes,2044,1685,13,1699
2010,3,BIJAPUR,2,INDI,WINE GRAPES (BLACK),grapes,0,0,0,0
2010,3,BIJAPUR,2,INDI,CASHEWNUTS,cashewnut,0,0,0,0
2010,3,BIJAPUR,2,INDI,POTATO,potato,86,28,8,36
2010,3,BIJAPUR,2,INDI,TAPIOCA (CASSAVA),tapioca,14,7,3,9
2010,3,BIJAPUR,2,INDI,SWEET POTATO,sweet potato,7,3,0,3
2010,3,BIJAPUR,2,INDI,ONION,onion,2118,1359,48,1407
2010,3,BIJAPUR,2,INDI,TOMATO,tomato,850,350,9,359
2010,3,BIJAPUR,2,INDI,GROUNDNUT,groundnut,15944,3428,12578,16006
2010,3,BIJAPUR,2,INDI,CASTORSEED,castor,21,11,17,28
2010,3,BIJAPUR,2,INDI,SESAMUM (TIL),sesame,35,3,27,30
2010,3,BIJAPUR,2,INDI,RAPESEED & MUSTARD (TORIA/TARAMIRA),mustard,0,0,0,0
2010,3,BIJAPUR,2,INDI,LINSEED,linseed,341,3,224,227
2010,3,BIJAPUR,2,INDI,COCONUT,coconut,34,38,6,44
2010,3,BIJAPUR,2,INDI,SUNFLOWER,sunflower,7002,3156,3802,6958
2010,3,BIJAPUR,2,INDI,SOYABEAN,soybean,0,0,0,0
2010,3,BIJAPUR,2,INDI,NIGERSEED,niger seed,7,6,0,6
2010,3,BIJAPUR,2,INDI,COTTON,cotton,3800,1933,1116,3049
2010,3,BIJAPUR,2,INDI,JUTE,jute,0,0,0,0
2010,3,BIJAPUR,2,INDI,MESTA,mesta,7,0,1,1
2010,3,BIJAPUR,2,INDI,TOBACCO,tobacco,0,0,0,0
2010,3,BIJAPUR,2,INDI,GUAR,guar,0,0,0,0
2010,3,BIJAPUR,2,INDI,COFFEE,coffee,0,0,0,0
2010,3,BIJAPUR,2,INDI,GROSS CROPPED AREA,,76469,71979,87995,159975
2010,3,BIJAPUR,5,MUDDEBIHAL,PADDY,rice,247,56,290,347
2010,3,BIJAPUR,5,MUDDEBIHAL,JOWAR,jowar,7498,500,11895,12396
2010,3,BIJAPUR,5,MUDDEBIHAL,BAJRA,bajra,11694,655,13255,13911
2010,3,BIJAPUR,5,MUDDEBIHAL,MAIZE,maize,2368,2124,676,2800
2010,3,BIJAPUR,5,MUDDEBIHAL,RAGI,ragi,13,0,18,18
2010,3,BIJAPUR,5,MUDDEBIHAL,WHEAT,wheat,1654,363,1650,2012
2010,3,BIJAPUR,5,MUDDEBIHAL,BARLEY,barley,173,8,271,279
2010,3,BIJAPUR,5,MUDDEBIHAL,GRAM,chickpea,7704,368,15874,16243
2010,3,BIJAPUR,5,MUDDEBIHAL,TUR (ARHAR),pigeonpea (tur),26847,3154,46956,50111
2010,3,BIJAPUR,5,MUDDEBIHAL,URAD,black gram,66,2,65,68
2010,3,BIJAPUR,5,MUDDEBIHAL,MOONG,green gram,1081,42,1220,1263
2010,3,BIJAPUR,5,MUDDEBIHAL,MASUR,lentil,0,0,0,0
2010,3,BIJAPUR,5,MUDDEBIHAL,HORSEGRAM,horse gram,1550,311,786,1097
2010,3,BIJAPUR,5,MUDDEBIHAL,MOTH,moth bean,0,0,0,0
2010,3,BIJAPUR,5,MUDDEBIHAL,SUGARCANE,sugarcane,1289,2376,0,2376
2010,3,BIJAPUR,5,MUDDEBIHAL,PEPPER (BLACK),black pepper,0,0,0,0
2010,3,BIJAPUR,5,MUDDEBIHAL,CHILLIES,chilli,0,0,0,0
2010,3,BIJAPUR,5,MUDDEBIHAL,GINGER,ginger,0,0,0,0
2010,3,BIJAPUR,5,MUDDEBIHAL,TURMERIC,turmeric,0,0,0,0
2010,3,BIJAPUR,5,MUDDEBIHAL,BETELNUTS (ARECANUTS),arecanut,0,0,0,0
2010,3,BIJAPUR,5,MUDDEBIHAL,MANGOES,mango,0,0,0,0
2010,3,BIJAPUR,5,MUDDEBIHAL,BANANA,banana,15,11,0,11
2010,3,BIJAPUR,5,MUDDEBIHAL,TABLE GRAPES,grapes,20,8,18,26
2010,3,BIJAPUR,5,MUDDEBIHAL,WINE GRAPES (BLACK),grapes,0,0,0,0
2010,3,BIJAPUR,5,MUDDEBIHAL,CASHEWNUTS,cashewnut,0,0,0,0
2010,3,BIJAPUR,5,MUDDEBIHAL,POTATO,potato,0,0,0,0
2010,3,BIJAPUR,5,MUDDEBIHAL,TAPIOCA (CASSAVA),tapioca,0,0,0,0
2010,3,BIJAPUR,5,MUDDEBIHAL,SWEET POTATO,sweet potato,16,0,26,26
2010,3,BIJAPUR,5,MUDDEBIHAL,ONION,onion,1101,679,547,1225
2010,3,BIJAPUR,5,MUDDEBIHAL,TOMATO,tomato,0,0,0,0
2010,3,BIJAPUR,5,MUDDEBIHAL,GROUNDNUT,groundnut,6390,1765,6572,8337
2010,3,BIJAPUR,5,MUDDEBIHAL,CASTORSEED,castor,27,0,65,65
2010,3,BIJAPUR,5,MUDDEBIHAL,SESAMUM (TIL),sesame,977,31,1139,1170
2010,3,BIJAPUR,5,MUDDEBIHAL,RAPESEED & MUSTARD (TORIA/TARAMIRA),mustard,10,0,17,17
2010,3,BIJAPUR,5,MUDDEBIHAL,LINSEED,linseed,403,7,233,240
2010,3,BIJAPUR,5,MUDDEBIHAL,COCONUT,coconut,0,0,0,0
2010,3,BIJAPUR,5,MUDDEBIHAL,SUNFLOWER,sunflower,5601,843,9718,10561
2010,3,BIJAPUR,5,MUDDEBIHAL,SOYABEAN,soybean,117,0,186,186
2010,3,BIJAPUR,5,MUDDEBIHAL,NIGERSEED,niger seed,0,0,0,0
2010,3,BIJAPUR,5,MUDDEBIHAL,COTTON,cotton,119,0,228,228
2010,3,BIJAPUR,5,MUDDEBIHAL,JUTE,jute,0,0,0,0
2010,3,BIJAPUR,5,MUDDEBIHAL,MESTA,mesta,24,0,26,26
2010,3,BIJAPUR,5,MUDDEBIHAL,TOBACCO,tobacco,0,0,0,0
2010,3,BIJAPUR,5,MUDDEBIHAL,GUAR,guar,0,0,0,0
2010,3,BIJAPUR,5,MUDDEBIHAL,COFFEE,coffee,0,0,0,0
2010,3,BIJAPUR,5,MUDDEBIHAL,GROSS CROPPED AREA,,47174,13454,113197,126651
2010,3,BIJAPUR,3,SINDGI,PADDY,rice,116,32,123,156
2010,3,BIJAPUR,3,SINDGI,JOWAR,jowar,16225,3703,19985,23688
2010,3,BIJAPUR,3,SINDGI,BAJRA,bajra,6449,1765,5981,7747
2010,3,BIJAPUR,3,SINDGI,MAIZE,maize,3548,2189,1405,3594
2010,3,BIJAPUR,3,SINDGI,RAGI,ragi,0,0,0,0
2010,3,BIJAPUR,3,SINDGI,WHEAT,wheat,13958,5427,9724,15151
2010,3,BIJAPUR,3,SINDGI,BARLEY,barley,80,12,68,80
2010,3,BIJAPUR,3,SINDGI,GRAM,chickpea,9977,2898,8035,10933
2010,3,BIJAPUR,3,SINDGI,TUR (ARHAR),pigeonpea (tur),46280,22752,52062,74815
2010,3,BIJAPUR,3,SINDGI,URAD,black gram,39,18,51,69
2010,3,BIJAPUR,3,SINDGI,MOONG,green gram,268,77,203,279
2010,3,BIJAPUR,3,SINDGI,MASUR,lentil,5,0,9,9
2010,3,BIJAPUR,3,SINDGI,HORSEGRAM,horse gram,1612,927,393,1320
2010,3,BIJAPUR,3,SINDGI,MOTH,moth bean,0,0,0,0
2010,3,BIJAPUR,3,SINDGI,SUGARCANE,sugarcane,14518,19159,0,19159
2010,3,BIJAPUR,3,SINDGI,PEPPER (BLACK),black pepper,0,0,0,0
2010,3,BIJAPUR,3,SINDGI,CHILLIES,chilli,196,103,0,103
2010,3,BIJAPUR,3,SINDGI,GINGER,ginger,0,0,0,0
2010,3,BIJAPUR,3,SINDGI,TURMERIC,turmeric,0,0,0,0
2010,3,BIJAPUR,3,SINDGI,BETELNUTS (ARECANUTS),arecanut,0,0,0,0
2010,3,BIJAPUR,3,SINDGI,MANGOES,mango,19,23,0,23
2010,3,BIJAPUR,3,SINDGI,BANANA,banana,1369,1449,86,1534
2010,3,BIJAPUR,3,SINDGI,TABLE GRAPES,grapes,1145,1026,270,1296
2010,3,BIJAPUR,3,SINDGI,WINE GRAPES (BLACK),grapes,10,0,6,6
2010,3,BIJAPUR,3,SINDGI,CASHEWNUTS,cashewnut,0,0,0,0
2010,3,BIJAPUR,3,SINDGI,POTATO,potato,0,0,0,0
2010,3,BIJAPUR,3,SINDGI,TAPIOCA (CASSAVA),tapioca,9,0,6,6
2010,3,BIJAPUR,3,SINDGI,SWEET POTATO,sweet potato,9,6,0,6
2010,3,BIJAPUR,3,SINDGI,ONION,onion,648,359,180,539
2010,3,BIJAPUR,3,SINDGI,TOMATO,tomato,23,7,0,7
2010,3,BIJAPUR,3,SINDGI,GROUNDNUT,groundnut,4130,901,3939,4840
2010,3,BIJAPUR,3,SINDGI,CASTORSEED,castor,28,0,26,26
2010,3,BIJAPUR,3,SINDGI,SESAMUM (TIL),sesame,9,2,8,9
2010,3,BIJAPUR,3,SINDGI,RAPESEED & MUSTARD (TORIA/TARAMIRA),mustard,4,0,4,4
2010,3,BIJAPUR,3,SINDGI,LINSEED,linseed,0,0,0,0
2010,3,BIJAPUR,3,SINDGI,COCONUT,coconut,32,0,29,29
2010,3,BIJAPUR,3,SINDGI,SUNFLOWER,sunflower,8946,1526,10554,12079
2010,3,BIJAPUR,3,SINDGI,SOYABEAN,soybean,0,0,0,0
2010,3,BIJAPUR,3,SINDGI,NIGERSEED,niger seed,0,0,0,0
2010,3,BIJAPUR,3,SINDGI,COTTON,cotton,15192,9893,7790,17683
2010,3,BIJAPUR,3,SINDGI,JUTE,jute,32,0,37,37
2010,3,BIJAPUR,3,SINDGI,MESTA,mesta,5,6,0,6
2010,3,BIJAPUR,3,SINDGI,TOBACCO,tobacco,0,0,0,0
2010,3,BIJAPUR,3,SINDGI,GUAR,guar,280,405,4,409
2010,3,BIJAPUR,3,SINDGI,COFFEE,coffee,10,0,1,1
2010,3,BIJAPUR,3,SINDGI,GROSS CROPPED AREA,,71489,77362,122992,200354
2010,27,CHAMARAJANAGAR,2,CHAMARAJANAGAR,PADDY,rice,4457,2175,29,2204
2010,27,CHAMARAJANAGAR,2,CHAMARAJANAGAR,JOWAR,jowar,25104,118,18244,18362
2010,27,CHAMARAJANAGAR,2,CHAMARAJANAGAR,BAJRA,bajra,70,8,19,27
2010,27,CHAMARAJANAGAR,2,CHAMARAJANAGAR,MAIZE,maize,2469,221,2034,2255
2010,27,CHAMARAJANAGAR,2,CHAMARAJANAGAR,RAGI,ragi,11645,131,8075,8206
2010,27,CHAMARAJANAGAR,2,CHAMARAJANAGAR,WHEAT,wheat,62,333,12,345
2010,27,CHAMARAJANAGAR,2,CHAMARAJANAGAR,BARLEY,barley,5,0,4,4
2010,27,CHAMARAJANAGAR,2,CHAMARAJANAGAR,GRAM,chickpea,938,13,494,507
2010,27,CHAMARAJANAGAR,2,CHAMARAJANAGAR,TUR (ARHAR),pigeonpea (tur),981,1,426,427
2010,27,CHAMARAJANAGAR,2,CHAMARAJANAGAR,URAD,black gram,1490,21,962,982
2010,27,CHAMARAJANAGAR,2,CHAMARAJANAGAR,MOONG,green gram,2262,6,984,990
2010,27,CHAMARAJANAGAR,2,CHAMARAJANAGAR,MASUR,lentil,20,0,10,10
2010,27,CHAMARAJANAGAR,2,CHAMARAJANAGAR,HORSEGRAM,horse gram,6759,50,4642,4692
2010,27,CHAMARAJANAGAR,2,CHAMARAJANAGAR,MOTH,moth bean,0,0,0,0
2010,27,CHAMARAJANAGAR,2,CHAMARAJANAGAR,SUGARCANE,sugarcane,8235,7640,0,7640
2010,27,CHAMARAJANAGAR,2,CHAMARAJANAGAR,PEPPER (BLACK),black pepper,36,20,5,25
2010,27,CHAMARAJANAGAR,2,CHAMARAJANAGAR,CHILLIES,chilli,5,2,0,2
2010,27,CHAMARAJANAGAR,2,CHAMARAJANAGAR,GINGER,ginger,64,80,0,80
2010,27,CHAMARAJANAGAR,2,CHAMARAJANAGAR,TURMERIC,turmeric,2688,2094,64,2158
2010,27,CHAMARAJANAGAR,2,CHAMARAJANAGAR,BETELNUTS (ARECANUTS),arecanut,292,193,0,193
2010,27,CHAMARAJANAGAR,2,CHAMARAJANAGAR,MANGOES,mango,22,0,28,28
2010,27,CHAMARAJANAGAR,2,CHAMARAJANAGAR,BANANA,banana,3085,2432,82,2515
2010,27,CHAMARAJANAGAR,2,CHAMARAJANAGAR,TABLE GRAPES,grapes,0,0,0,0
2010,27,CHAMARAJANAGAR,2,CHAMARAJANAGAR,WINE GRAPES (BLACK),grapes,0,0,0,0
2010,27,CHAMARAJANAGAR,2,CHAMARAJANAGAR,CASHEWNUTS,cashewnut,0,0,0,0
2010,27,CHAMARAJANAGAR,2,CHAMARAJANAGAR,POTATO,potato,5,0,0,0
2010,27,CHAMARAJANAGAR,2,CHAMARAJANAGAR,TAPIOCA (CASSAVA),tapioca,5,3,0,3
2010,27,CHAMARAJANAGAR,2,CHAMARAJANAGAR,SWEET POTATO,sweet potato,11,2,3,6
2010,27,CHAMARAJANAGAR,2,CHAMARAJANAGAR,ONION,onion,98,60,2,62
2010,27,CHAMARAJANAGAR,2,CHAMARAJANAGAR,TOMATO,tomato,490,339,8,347
2010,27,CHAMARAJANAGAR,2,CHAMARAJANAGAR,GROUNDNUT,groundnut,1960,28,2031,2058
2010,27,CHAMARAJANAGAR,2,CHAMARAJANAGAR,CASTORSEED,castor,70,0,53,53
2010,27,CHAMARAJANAGAR,2,CHAMARAJANAGAR,SESAMUM (TIL),sesame,1793,10,1423,1433
2010,27,CHAMARAJANAGAR,2,CHAMARAJANAGAR,RAPESEED & MUSTARD (TORIA/TARAMIRA),mustard,0,0,0,0
2010,27,CHAMARAJANAGAR,2,CHAMARAJANAGAR,LINSEED,linseed,25,3,15,17
2010,27,CHAMARAJANAGAR,2,CHAMARAJANAGAR,COCONUT,coconut,5184,2714,1460,4175
2010,27,CHAMARAJANAGAR,2,CHAMARAJANAGAR,SUNFLOWER,sunflower,2185,56,1552,1609
2010,27,CHAMARAJANAGAR,2,CHAMARAJANAGAR,SOYABEAN,soybean,5,5,0,5
2010,27,CHAMARAJANAGAR,2,CHAMARAJANAGAR,NIGERSEED,niger seed,0,0,0,0
2010,27,CHAMARAJANAGAR,2,CHAMARAJANAGAR,COTTON,cotton,8,0,6,6
2010,27,CHAMARAJANAGAR,2,CHAMARAJANAGAR,JUTE,jute,0,0,0,0
2010,27,CHAMARAJANAGAR,2,CHAMARAJANAGAR,MESTA,mesta,0,0,0,0
2010,27,CHAMARAJANAGAR,2,CHAMARAJANAGAR,TOBACCO,tobacco,0,0,0,0
2010,27,CHAMARAJANAGAR,2,CHAMARAJANAGAR,GUAR,guar,0,0,0,0
2010,27,CHAMARAJANAGAR,2,CHAMARAJANAGAR,COFFEE,coffee,0,0,0,0
2010,27,CHAMARAJANAGAR,2,CHAMARAJANAGAR,GROSS CROPPED AREA,,79032,19186,46475,65661
2010,27,CHAMARAJANAGAR,1,GUDLUPET,PADDY,rice,104,7,214,221
2010,27,CHAMARAJANAGAR,1,GUDLUPET,JOWAR,jowar,16455,218,11465,11683
2010,27,CHAMARAJANAGAR,1,GUDLUPET,BAJRA,bajra,6,6,0,6
2010,27,CHAMARAJANAGAR,1,GUDLUPET,MAIZE,maize,1209,223,657,879
2010,27,CHAMARAJANAGAR,1,GUDLUPET,RAGI,ragi,840,33,535,568
2010,27,CHAMARAJANAGAR,1,GUDLUPET,WHEAT,wheat,95,9,71,80
2010,27,CHAMARAJANAGAR,1,GUDLUPET,BARLEY,barley,55,4,38,42
2010,27,CHAMARAJANAGAR,1,GUDLUPET,GRAM,chickpea,83,0,41,41
2010,27,CHAMARAJANAGAR,1,GUDLUPET,TUR (ARHAR),pigeonpea (tur),565,31,140,171
2010,27,CHAMARAJANAGAR,1,GUDLUPET,URAD,black gram,44,0,8,8
2010,27,CHAMARAJANAGAR,1,GUDLUPET,MOONG,green gram,53,71,0,71
2010,27,CHAMARAJANAGAR,1,GUDLUPET,MASUR,lentil,0,0,0,0
2010,27,CHAMARAJANAGAR,1,GUDLUPET,HORSEGRAM,horse gram,1275,18,1060,1078
2010,27,CHAMARAJANAGAR,1,GUDLUPET,MOTH,moth bean,0,0,0,0
2010,27,CHAMARAJANAGAR,1,GUDLUPET,SUGARCANE,sugarcane,4012,3923,0,3923
2010,27,CHAMARAJANAGAR,1,GUDLUPET,PEPPER (BLACK),black pepper,40,28,1,29
2010,27,CHAMARAJANAGAR,1,GUDLUPET,CHILLIES,chilli,6,0,12,12
2010,27,CHAMARAJANAGAR,1,GUDLUPET,GINGER,ginger,89,79,8,87
2010,27,CHAMARAJANAGAR,1,GUDLUPET,TURMERIC,turmeric,7585,5463,335,5798
2010,27,CHAMARAJANAGAR,1,GUDLUPET,BETELNUTS (ARECANUTS),arecanut,39,31,0,31
2010,27,CHAMARAJANAGAR,1,GUDLUPET,MANGOES,mango,92,25,220,245
2010,27,CHAMARAJANAGAR,1,GUDLUPET,BANANA,banana,1868,1494,103,1597
2010,27,CHAMARAJANAGAR,1,GUDLUPET,TABLE GRAPES,grapes,18,16,0,16
2010,27,CHAMARAJANAGAR,1,GUDLUPET,WINE GRAPES (BLACK),grapes,0,0,0,0
2010,27,CHAMARAJANAGAR,1,GUDLUPET,CASHEWNUTS,cashewnut,0,0,0,0
2010,27,CHAMARAJANAGAR,1,GUDLUPET,POTATO,potato,85,42,2,45
2010,27,CHAMARAJANAGAR,1,GUDLUPET,TAPIOCA (CASSAVA),tapioca,6,6,0,6
2010,27,CHAMARAJANAGAR,1,GUDLUPET,SWEET POTATO,sweet potato,6,2,0,2
2010,27,CHAMARAJANAGAR,1,GUDLUPET,ONION,onion,565,357,31,388
2010,27,CHAMARAJANAGAR,1,GUDLUPET,TOMATO,tomato,554,181,65,246
2010,27,CHAMARAJANAGAR,1,GUDLUPET,GROUNDNUT,groundnut,8261,205,6830,7035
2010,27,CHAMARAJANAGAR,1,GUDLUPET,CASTORSEED,castor,78,0,60,60
2010,27,CHAMARAJANAGAR,1,GUDLUPET,SESAMUM (TIL),sesame,351,3,292,295
2010,27,CHAMARAJANAGAR,1,GUDLUPET,RAPESEED & MUSTARD (TORIA/TARAMIRA),mustard,9,0,15,15
2010,27,CHAMARAJANAGAR,1,GUDLUPET,LINSEED,linseed,6,0,3,3
2010,27,CHAMARAJANAGAR,1,GUDLUPET,COCONUT,coconut,1974,1045,1383,2428
2010,27,CHAMARAJANAGAR,1,GUDLUPET,SUNFLOWER,sunflower,13140,650,9573,10223
2010,27,CHAMARAJANAGAR,1,GUDLUPET,SOYABEAN,soybean,0,0,0,0
2010,27,CHAMARAJANAGAR,1,GUDLUPET,NIGERSEED,niger seed,11,0,6,6
2010,27,CHAMARAJANAGAR,1,GUDLUPET,COTTON,cotton,1372,55,1041,1096
2010,27,CHAMARAJANAGAR,1,GUDLUPET,JUTE,jute,52,0,35,35
2010,27,CHAMARAJANAGAR,1,GUDLUPET,MESTA,mesta,0,0,0,0
2010,27,CHAMARAJANAGAR,1,GUDLUPET,TOBACCO,tobacco,1889,391,1779,2170
2010,27,CHAMARAJANAGAR,1,GUDLUPET,GUAR,guar,15,1,7,8
2010,27,CHAMARAJANAGAR,1,GUDLUPET,COFFEE,coffee,0,0,0,0
2010,27,CHAMARAJANAGAR,1,GUDLUPET,GROSS CROPPED AREA,,49761,15620,39046,54667
2010,27,CHAMARAJANAGAR,4,KOLLEGAL,PADDY,rice,11666,5582,67,5648
2010,27,CHAMARAJANAGAR,4,KOLLEGAL,JOWAR,jowar,358,117,355,472
2010,27,CHAMARAJANAGAR,4,KOLLEGAL,BAJRA,bajra,6,0,5,5
2010,27,CHAMARAJANAGAR,4,KOLLEGAL,MAIZE,maize,38754,757,43379,44136
2010,27,CHAMARAJANAGAR,4,KOLLEGAL,RAGI,ragi,6497,107,6229,6336
2010,27,CHAMARAJANAGAR,4,KOLLEGAL,WHEAT,wheat,5,8,0,8
2010,27,CHAMARAJANAGAR,4,KOLLEGAL,BARLEY,barley,10,0,16,16
2010,27,CHAMARAJANAGAR,4,KOLLEGAL,GRAM,chickpea,7,0,1,1
2010,27,CHAMARAJANAGAR,4,KOLLEGAL,TUR (ARHAR),pigeonpea (tur),5,0,8,8
2010,27,CHAMARAJANAGAR,4,KOLLEGAL,URAD,black gram,297,3,129,132
2010,27,CHAMARAJANAGAR,4,KOLLEGAL,MOONG,green gram,1140,8,463,471
2010,27,CHAMARAJANAGAR,4,KOLLEGAL,MASUR,lentil,0,0,0,0
2010,27,CHAMARAJANAGAR,4,KOLLEGAL,HORSEGRAM,horse gram,626,5,623,628
2010,27,CHAMARAJANAGAR,4,KOLLEGAL,MOTH,moth bean,0,0,0,0
2010,27,CHAMARAJANAGAR,4,KOLLEGAL,SUGARCANE,sugarcane,361,589,0,589
2010,27,CHAMARAJANAGAR,4,KOLLEGAL,PEPPER (BLACK),black pepper,0,0,0,0
2010,27,CHAMARAJANAGAR,4,KOLLEGAL,CHILLIES,chilli,0,0,0,0
2010,27,CHAMARAJANAGAR,4,KOLLEGAL,GINGER,ginger,0,0,0,0
2010,27,CHAMARAJANAGAR,4,KOLLEGAL,TURMERIC,turmeric,870,1328,191,1519
2010,27,CHAMARAJANAGAR,4,KOLLEGAL,BETELNUTS (ARECANUTS),arecanut,17,25,2,26
2010,27,CHAMARAJANAGAR,4,KOLLEGAL,MANGOES,mango,5,23,0,23
2010,27,CHAMARAJANAGAR,4,KOLLEGAL,BANANA,banana,610,1125,46,1171
2010,27,CHAMARAJANAGAR,4,KOLLEGAL,TABLE GRAPES,grapes,7,3,0,3
2010,27,CHAMARAJANAGAR,4,KOLLEGAL,WINE GRAPES (BLACK),grapes,0,0,0,0
2010,27,CHAMARAJANAGAR,4,KOLLEGAL,CASHEWNUTS,cashewnut,0,0,0,0
2010,27,CHAMARAJANAGAR,4,KOLLEGAL,POTATO,potato,2100,197,2067,2264
2010,27,CHAMARAJANAGAR,4,KOLLEGAL,TAPIOCA (CASSAVA),tapioca,0,0,0,0
2010,27,CHAMARAJANAGAR,4,KOLLEGAL,SWEET POTATO,sweet potato,0,0,0,0
2010,27,CHAMARAJANAGAR,4,KOLLEGAL,ONION,onion,68,124,0,124
2010,27,CHAMARAJANAGAR,4,KOLLEGAL,TOMATO,tomato,0,0,0,0
2010,27,CHAMARAJANAGAR,4,KOLLEGAL,GROUNDNUT,groundnut,5352,12,5079,5092
2010,27,CHAMARAJANAGAR,4,KOLLEGAL,CASTORSEED,castor,7,0,3,3
2010,27,CHAMARAJANAGAR,4,KOLLEGAL,SESAMUM (TIL),sesame,0,0,0,0
2010,27,CHAMARAJANAGAR,4,KOLLEGAL,RAPESEED & MUSTARD (TORIA/TARAMIRA),mustard,22,0,22,22
2010,27,CHAMARAJANAGAR,4,KOLLEGAL,LINSEED,linseed,5,0,7,7
2010,27,CHAMARAJANAGAR,4,KOLLEGAL,COCONUT,coconut,25,40,0,40
2010,27,CHAMARAJANAGAR,4,KOLLEGAL,SUNFLOWER,sunflower,0,0,0,0
2010,27,CHAMARAJANAGAR,4,KOLLEGAL,SOYABEAN,soybean,0,0,0,0
2010,27,CHAMARAJANAGAR,4,KOLLEGAL,NIGERSEED,niger seed,0,0,0,0
2010,27,CHAMARAJANAGAR,4,KOLLEGAL,COTTON,cotton,0,0,0,0
2010,27,CHAMARAJANAGAR,4,KOLLEGAL,JUTE,jute,0,0,0,0
2010,27,CHAMARAJANAGAR,4,KOLLEGAL,MESTA,mesta,0,0,0,0
2010,27,CHAMARAJANAGAR,4,KOLLEGAL,TOBACCO,tobacco,0,0,0,0
2010,27,CHAMARAJANAGAR,4,KOLLEGAL,GUAR,guar,0,0,0,0
2010,27,CHAMARAJANAGAR,4,KOLLEGAL,COFFEE,coffee,0,0,0,0
2010,27,CHAMARAJANAGAR,4,KOLLEGAL,GROSS CROPPED AREA,,65931,10199,58962,69161
2010,27,CHAMARAJANAGAR,3,YELANDUR,PADDY,rice,6975,4363,62,4425
2010,27,CHAMARAJANAGAR,3,YELANDUR,JOWAR,jowar,2146,0,1000,1000
2010,27,CHAMARAJANAGAR,3,YELANDUR,BAJRA,bajra,8,0,3,3
2010,27,CHAMARAJANAGAR,3,YELANDUR,MAIZE,maize,1580,4,701,705
2010,27,CHAMARAJANAGAR,3,YELANDUR,RAGI,ragi,4495,86,2031,2117
2010,27,CHAMARAJANAGAR,3,YELANDUR,WHEAT,wheat,0,0,0,0
2010,27,CHAMARAJANAGAR,3,YELANDUR,BARLEY,barley,0,0,0,0
2010,27,CHAMARAJANAGAR,3,YELANDUR,GRAM,chickpea,0,0,0,0
2010,27,CHAMARAJANAGAR,3,YELANDUR,TUR (ARHAR),pigeonpea (tur),0,0,0,0
2010,27,CHAMARAJANAGAR,3,YELANDUR,URAD,black gram,0,0,0,0
2010,27,CHAMARAJANAGAR,3,YELANDUR,MOONG,green gram,0,0,0,0
2010,27,CHAMARAJANAGAR,3,YELANDUR,MASUR,lentil,0,0,0,0
2010,27,CHAMARAJANAGAR,3,YELANDUR,HORSEGRAM,horse gram,27,0,30,30
2010,27,CHAMARAJANAGAR,3,YELANDUR,MOTH,moth bean,0,0,0,0
2010,27,CHAMARAJANAGAR,3,YELANDUR,SUGARCANE,sugarcane,706,815,0,815
2010,27,CHAMARAJANAGAR,3,YELANDUR,PEPPER (BLACK),black pepper,0,0,0,0
2010,27,CHAMARAJANAGAR,3,YELANDUR,CHILLIES,chilli,0,0,0,0
2010,27,CHAMARAJANAGAR,3,YELANDUR,GINGER,ginger,0,0,0,0
2010,27,CHAMARAJANAGAR,3,YELANDUR,TURMERIC,turmeric,50,88,0,88
2010,27,CHAMARAJANAGAR,3,YELANDUR,BETELNUTS (ARECANUTS),arecanut,0,0,0,0
2010,27,CHAMARAJANAGAR,3,YELANDUR,MANGOES,mango,0,0,0,0
2010,27,CHAMARAJANAGAR,3,YELANDUR,BANANA,banana,78,129,26,156
2010,27,CHAMARAJANAGAR,3,YELANDUR,TABLE GRAPES,grapes,0,0,0,0
2010,27,CHAMARAJANAGAR,3,YELANDUR,WINE GRAPES (BLACK),grapes,0,0,0,0
2010,27,CHAMARAJANAGAR,3,YELANDUR,CASHEWNUTS,cashewnut,0,0,0,0
2010,27,CHAMARAJANAGAR,3,YELANDUR,POTATO,potato,0,0,0,0
2010,27,CHAMARAJANAGAR,3,YELANDUR,TAPIOCA (CASSAVA),tapioca,0,0,0,0
2010,27,CHAMARAJANAGAR,3,YELANDUR,SWEET POTATO,sweet potato,0,0,0,0
2010,27,CHAMARAJANAGAR,3,YELANDUR,ONION,onion,0,0,0,0
2010,27,CHAMARAJANAGAR,3,YELANDUR,TOMATO,tomato,0,0,0,0
2010,27,CHAMARAJANAGAR,3,YELANDUR,GROUNDNUT,groundnut,0,0,0,0
2010,27,CHAMARAJANAGAR,3,YELANDUR,CASTORSEED,castor,0,0,0,0
2010,27,CHAMARAJANAGAR,3,YELANDUR,SESAMUM (TIL),sesame,0,0,0,0
2010,27,CHAMARAJANAGAR,3,YELANDUR,RAPESEED & MUSTARD (TORIA/TARAMIRA),mustard,0,0,0,0
2010,27,CHAMARAJANAGAR,3,YELANDUR,LINSEED,linseed,6,0,9,9
2010,27,CHAMARAJANAGAR,3,YELANDUR,COCONUT,coconut,329,361,80,440
2010,27,CHAMARAJANAGAR,3,YELANDUR,SUNFLOWER,sunflower,0,0,0,0
2010,27,CHAMARAJANAGAR,3,YELANDUR,SOYABEAN,soybean,0,0,0,0
2010,27,CHAMARAJANAGAR,3,YELANDUR,NIGERSEED,niger seed,0,0,0,0
2010,27,CHAMARAJANAGAR,3,YELANDUR,COTTON,cotton,0,0,0,0
2010,27,CHAMARAJANAGAR,3,YELANDUR,JUTE,jute,0,0,0,0
2010,27,CHAMARAJANAGAR,3,YELANDUR,MESTA,mesta,0,0,0,0
2010,27,CHAMARAJANAGAR,3,YELANDUR,TOBACCO,tobacco,0,0,0,0
2010,27,CHAMARAJANAGAR,3,YELANDUR,GUAR,guar,0,0,0,0
2010,27,CHAMARAJANAGAR,3,YELANDUR,COFFEE,coffee,525,0,379,379
2010,27,CHAMARAJANAGAR,3,YELANDUR,GROSS CROPPED AREA,,17472,5862,4541,10403
2010,29,CHIKBALLAPUR,1,BAGEPALLI,PADDY,rice,5373,393,5284,5677
2010,29,CHIKBALLAPUR,1,BAGEPALLI,JOWAR,jowar,2679,755,1248,2003
2010,29,CHIKBALLAPUR,1,BAGEPALLI,BAJRA,bajra,8,0,1,1
2010,29,CHIKBALLAPUR,1,BAGEPALLI,MAIZE,maize,22615,2544,19718,22261
2010,29,CHIKBALLAPUR,1,BAGEPALLI,RAGI,ragi,8779,917,7721,8638
2010,29,CHIKBALLAPUR,1,BAGEPALLI,WHEAT,wheat,23,0,14,14
2010,29,CHIKBALLAPUR,1,BAGEPALLI,BARLEY,barley,11,0,6,6
2010,29,CHIKBALLAPUR,1,BAGEPALLI,GRAM,chickpea,34,0,11,11
2010,29,CHIKBALLAPUR,1,BAGEPALLI,TUR (ARHAR),pigeonpea (tur),1205,106,294,399
2010,29,CHIKBALLAPUR,1,BAGEPALLI,URAD,black gram,16,0,7,7
2010,29,CHIKBALLAPUR,1,BAGEPALLI,MOONG,green gram,0,0,0,0
2010,29,CHIKBALLAPUR,1,BAGEPALLI,MASUR,lentil,8,0,1,1
2010,29,CHIKBALLAPUR,1,BAGEPALLI,HORSEGRAM,horse gram,243,9,104,113
2010,29,CHIKBALLAPUR,1,BAGEPALLI,MOTH,moth bean,0,0,0,0
2010,29,CHIKBALLAPUR,1,BAGEPALLI,SUGARCANE,sugarcane,115,59,0,59
2010,29,CHIKBALLAPUR,1,BAGEPALLI,PEPPER (BLACK),black pepper,0,0,0,0
2010,29,CHIKBALLAPUR,1,BAGEPALLI,CHILLIES,chilli,24,6,0,6
2010,29,CHIKBALLAPUR,1,BAGEPALLI,GINGER,ginger,0,0,0,0
2010,29,CHIKBALLAPUR,1,BAGEPALLI,TURMERIC,turmeric,0,0,0,0
2010,29,CHIKBALLAPUR,1,BAGEPALLI,BETELNUTS (ARECANUTS),arecanut,269,152,21,173
2010,29,CHIKBALLAPUR,1,BAGEPALLI,MANGOES,mango,113,67,66,133
2010,29,CHIKBALLAPUR,1,BAGEPALLI,BANANA,banana,486,406,0,406
2010,29,CHIKBALLAPUR,1,BAGEPALLI,TABLE GRAPES,grapes,3,2,0,2
2010,29,CHIKBALLAPUR,1,BAGEPALLI,WINE GRAPES (BLACK),grapes,0,0,0,0
2010,29,CHIKBALLAPUR,1,BAGEPALLI,CASHEWNUTS,cashewnut,0,0,0,0
2010,29,CHIKBALLAPUR,1,BAGEPALLI,POTATO,potato,0,0,0,0
2010,29,CHIKBALLAPUR,1,BAGEPALLI,TAPIOCA (CASSAVA),tapioca,0,0,0,0
2010,29,CHIKBALLAPUR,1,BAGEPALLI,SWEET POTATO,sweet potato,6,1,0,1
2010,29,CHIKBALLAPUR,1,BAGEPALLI,ONION,onion,12,4,0,4
2010,29,CHIKBALLAPUR,1,BAGEPALLI,TOMATO,tomato,160,41,28,69
2010,29,CHIKBALLAPUR,1,BAGEPALLI,GROUNDNUT,groundnut,893,56,404,460
2010,29,CHIKBALLAPUR,1,BAGEPALLI,CASTORSEED,castor,59,0,9,9
2010,29,CHIKBALLAPUR,1,BAGEPALLI,SESAMUM (TIL),sesame,0,0,0,0
2010,29,CHIKBALLAPUR,1,BAGEPALLI,RAPESEED & MUSTARD (TORIA/TARAMIRA),mustard,19,23,0,23
2010,29,CHIKBALLAPUR,1,BAGEPALLI,LINSEED,linseed,0,0,0,0
2010,29,CHIKBALLAPUR,1,BAGEPALLI,COCONUT,coconut,154,90,8,98
2010,29,CHIKBALLAPUR,1,BAGEPALLI,SUNFLOWER,sunflower,75,48,7,56
2010,29,CHIKBALLAPUR,1,BAGEPALLI,SOYABEAN,soybean,0,0,0,0
2010,29,CHIKBALLAPUR,1,BAGEPALLI,NIGERSEED,niger seed,6,0,7,7
2010,29,CHIKBALLAPUR,1,BAGEPALLI,COTTON,cotton,5,0,2,2
2010,29,CHIKBALLAPUR,1,BAGEPALLI,JUTE,jute,0,0,0,0
2010,29,CHIKBALLAPUR,1,BAGEPALLI,MESTA,mesta,0,0,0,0
2010,29,CHIKBALLAPUR,1,BAGEPALLI,TOBACCO,tobacco,0,0,0,0
2010,29,CHIKBALLAPUR,1,BAGEPALLI,GUAR,guar,0,0,0,0
2010,29,CHIKBALLAPUR,1,BAGEPALLI,COFFEE,coffee,0,0,0,0
2010,29,CHIKBALLAPUR,1,BAGEPALLI,GROSS CROPPED AREA,,40050,6140,35187,41326
2010,29,CHIKBALLAPUR,2,CHICHBALLAPURA,PADDY,rice,1990,794,158,952
2010,29,CHIKBALLAPUR,2,CHICHBALLAPURA,JOWAR,jowar,2464,112,1354,1466
2010,29,CHIKBALLAPUR,2,CHICHBALLAPURA,BAJRA,bajra,262,26,193,219
2010,29,CHIKBALLAPUR,2,CHICHBALLAPURA,MAIZE,maize,1711,258,547,804
2010,29,CHIKBALLAPUR,2,CHICHBALLAPURA,RAGI,ragi,19609,292,11845,12137
2010,29,CHIKBALLAPUR,2,CHICHBALLAPURA,WHEAT,wheat,14,6,0,6
2010,29,CHIKBALLAPUR,2,CHICHBALLAPURA,BARLEY,barley,15,9,0,9
2010,29,CHIKBALLAPUR,2,CHICHBALLAPURA,GRAM,chickpea,6,0,0,0
2010,29,CHIKBALLAPUR,2,CHICHBALLAPURA,TUR (ARHAR),pigeonpea (tur),1076,54,325,379
2010,29,CHIKBALLAPUR,2,CHICHBALLAPURA,URAD,black gram,0,0,0,0
2010,29,CHIKBALLAPUR,2,CHICHBALLAPURA,MOONG,green gram,0,0,0,0
2010,29,CHIKBALLAPUR,2,CHICHBALLAPURA,MASUR,lentil,0,0,0,0
2010,29,CHIKBALLAPUR,2,CHICHBALLAPURA,HORSEGRAM,horse gram,711,68,224,292
2010,29,CHIKBALLAPUR,2,CHICHBALLAPURA,MOTH,moth bean,0,0,0,0
2010,29,CHIKBALLAPUR,2,CHICHBALLAPURA,SUGARCANE,sugarcane,23,4,0,4
2010,29,CHIKBALLAPUR,2,CHICHBALLAPURA,PEPPER (BLACK),black pepper,11,5,0,5
2010,29,CHIKBALLAPUR,2,CHICHBALLAPURA,CHILLIES,chilli,50,6,1,8
2010,29,CHIKBALLAPUR,2,CHICHBALLAPURA,GINGER,ginger,5,2,0,2
2010,29,CHIKBALLAPUR,2,CHICHBALLAPURA,TURMERIC,turmeric,0,0,0,0
2010,29,CHIKBALLAPUR,2,CHICHBALLAPURA,BETELNUTS (ARECANUTS),arecanut,9,4,0,4
2010,29,CHIKBALLAPUR,2,CHICHBALLAPURA,MANGOES,mango,566,50,554,604
2010,29,CHIKBALLAPUR,2,CHICHBALLAPURA,BANANA,banana,69,42,16,58
2010,29,CHIKBALLAPUR,2,CHICHBALLAPURA,TABLE GRAPES,grapes,1797,973,171,1145
2010,29,CHIKBALLAPUR,2,CHICHBALLAPURA,WINE GRAPES (BLACK),grapes,0,0,0,0
2010,29,CHIKBALLAPUR,2,CHICHBALLAPURA,CASHEWNUTS,cashewnut,190,19,156,174
2010,29,CHIKBALLAPUR,2,CHICHBALLAPURA,POTATO,potato,420,185,21,207
2010,29,CHIKBALLAPUR,2,CHICHBALLAPURA,TAPIOCA (CASSAVA),tapioca,10,8,0,8
2010,29,CHIKBALLAPUR,2,CHICHBALLAPURA,SWEET POTATO,sweet potato,6,2,0,2
2010,29,CHIKBALLAPUR,2,CHICHBALLAPURA,ONION,onion,125,83,179,263
2010,29,CHIKBALLAPUR,2,CHICHBALLAPURA,TOMATO,tomato,656,257,27,285
2010,29,CHIKBALLAPUR,2,CHICHBALLAPURA,GROUNDNUT,groundnut,1446,15,612,627
2010,29,CHIKBALLAPUR,2,CHICHBALLAPURA,CASTORSEED,castor,0,0,0,0
2010,29,CHIKBALLAPUR,2,CHICHBALLAPURA,SESAMUM (TIL),sesame,4,0,3,3
2010,29,CHIKBALLAPUR,2,CHICHBALLAPURA,RAPESEED & MUSTARD (TORIA/TARAMIRA),mustard,114,4,3,8
2010,29,CHIKBALLAPUR,2,CHICHBALLAPURA,LINSEED,linseed,0,0,0,0
2010,29,CHIKBALLAPUR,2,CHICHBALLAPURA,COCONUT,coconut,120,15,47,62
2010,29,CHIKBALLAPUR,2,CHICHBALLAPURA,SUNFLOWER,sunflower,26,18,0,18
2010,29,CHIKBALLAPUR,2,CHICHBALLAPURA,SOYABEAN,soybean,0,0,0,0
2010,29,CHIKBALLAPUR,2,CHICHBALLAPURA,NIGERSEED,niger seed,0,0,0,0
2010,29,CHIKBALLAPUR,2,CHICHBALLAPURA,COTTON,cotton,0,0,0,0
2010,29,CHIKBALLAPUR,2,CHICHBALLAPURA,JUTE,jute,0,0,0,0
2010,29,CHIKBALLAPUR,2,CHICHBALLAPURA,MESTA,mesta,0,0,0,0
2010,29,CHIKBALLAPUR,2,CHICHBALLAPURA,TOBACCO,tobacco,0,0,0,0
2010,29,CHIKBALLAPUR,2,CHICHBALLAPURA,GUAR,guar,0,0,0,0
2010,29,CHIKBALLAPUR,2,CHICHBALLAPURA,COFFEE,coffee,0,0,0,0
2010,29,CHIKBALLAPUR,2,CHICHBALLAPURA,GROSS CROPPED AREA,,35792,5191,18193,23384
2010,29,CHIKBALLAPUR,3,CHINTAMANI,PADDY,rice,3284,1535,59,1594
2010,29,CHIKBALLAPUR,3,CHINTAMANI,JOWAR,jowar,11690,109,8840,8949
2010,29,CHIKBALLAPUR,3,CHINTAMANI,BAJRA,bajra,176,12,45,57
2010,29,CHIKBALLAPUR,3,CHINTAMANI,MAIZE,maize,6047,3290,1059,4348
2010,29,CHIKBALLAPUR,3,CHINTAMANI,RAGI,ragi,19660,534,12748,13282
2010,29,CHIKBALLAPUR,3,CHINTAMANI,WHEAT,wheat,7,1,0,1
2010,29,CHIKBALLAPUR,3,CHINTAMANI,BARLEY,barley,10,0,0,0
2010,29,CHIKBALLAPUR,3,CHINTAMANI,GRAM,chickpea,25,0,3,3
2010,29,CHIKBALLAPUR,3,CHINTAMANI,TUR (ARHAR),pigeonpea (tur),1216,1247,417,1663
2010,29,CHIKBALLAPUR,3,CHINTAMANI,URAD,black gram,0,0,0,0
2010,29,CHIKBALLAPUR,3,CHINTAMANI,MOONG,green gram,0,0,0,0
2010,29,CHIKBALLAPUR,3,CHINTAMANI,MASUR,lentil,0,0,0,0
2010,29,CHIKBALLAPUR,3,CHINTAMANI,HORSEGRAM,horse gram,180,3,84,87
2010,29,CHIKBALLAPUR,3,CHINTAMANI,MOTH,moth bean,0,0,0,0
2010,29,CHIKBALLAPUR,3,CHINTAMANI,SUGARCANE,sugarcane,0,0,0,0
2010,29,CHIKBALLAPUR,3,CHINTAMANI,PEPPER (BLACK),black pepper,0,0,0,0
2010,29,CHIKBALLAPUR,3,CHINTAMANI,CHILLIES,chilli,0,0,0,0
2010,29,CHIKBALLAPUR,3,CHINTAMANI,GINGER,ginger,0,0,0,0
2010,29,CHIKBALLAPUR,3,CHINTAMANI,TURMERIC,turmeric,0,0,0,0
2010,29,CHIKBALLAPUR,3,CHINTAMANI,BETELNUTS (ARECANUTS),arecanut,0,0,0,0
2010,29,CHIKBALLAPUR,3,CHINTAMANI,MANGOES,mango,78,26,43,69
2010,29,CHIKBALLAPUR,3,CHINTAMANI,BANANA,banana,74,21,0,21
2010,29,CHIKBALLAPUR,3,CHINTAMANI,TABLE GRAPES,grapes,170,214,782,996
2010,29,CHIKBALLAPUR,3,CHINTAMANI,WINE GRAPES (BLACK),grapes,0,0,0,0
2010,29,CHIKBALLAPUR,3,CHINTAMANI,CASHEWNUTS,cashewnut,0,0,0,0
2010,29,CHIKBALLAPUR,3,CHINTAMANI,POTATO,potato,0,0,0,0
2010,29,CHIKBALLAPUR,3,CHINTAMANI,TAPIOCA (CASSAVA),tapioca,0,0,0,0
2010,29,CHIKBALLAPUR,3,CHINTAMANI,SWEET POTATO,sweet potato,0,0,0,0
2010,29,CHIKBALLAPUR,3,CHINTAMANI,ONION,onion,47,10,10,20
2010,29,CHIKBALLAPUR,3,CHINTAMANI,TOMATO,tomato,981,647,368,1016
2010,29,CHIKBALLAPUR,3,CHINTAMANI,GROUNDNUT,groundnut,10131,132,8169,8301
2010,29,CHIKBALLAPUR,3,CHINTAMANI,CASTORSEED,castor,9,0,6,6
2010,29,CHIKBALLAPUR,3,CHINTAMANI,SESAMUM (TIL),sesame,0,0,0,0
2010,29,CHIKBALLAPUR,3,CHINTAMANI,RAPESEED & MUSTARD (TORIA/TARAMIRA),mustard,22,0,35,35
2010,29,CHIKBALLAPUR,3,CHINTAMANI,LINSEED,linseed,0,0,0,0
2010,29,CHIKBALLAPUR,3,CHINTAMANI,COCONUT,coconut,0,0,0,0
2010,29,CHIKBALLAPUR,3,CHINTAMANI,SUNFLOWER,sunflower,0,0,0,0
2010,29,CHIKBALLAPUR,3,CHINTAMANI,SOYABEAN,soybean,0,0,0,0
2010,29,CHIKBALLAPUR,3,CHINTAMANI,NIGERSEED,niger seed,0,0,0,0
2010,29,CHIKBALLAPUR,3,CHINTAMANI,COTTON,cotton,0,0,0,0
2010,29,CHIKBALLAPUR,3,CHINTAMANI,JUTE,jute,0,0,0,0
2010,29,CHIKBALLAPUR,3,CHINTAMANI,MESTA,mesta,0,0,0,0
2010,29,CHIKBALLAPUR,3,CHINTAMANI,TOBACCO,tobacco,0,0,0,0
2010,29,CHIKBALLAPUR,3,CHINTAMANI,GUAR,guar,0,0,0,0
2010,29,CHIKBALLAPUR,3,CHINTAMANI,COFFEE,coffee,0,0,0,0
2010,29,CHIKBALLAPUR,3,CHINTAMANI,GROSS CROPPED AREA,,46862,8910,34522,43433
2010,29,CHIKBALLAPUR,4,GOURIBADANUR,PADDY,rice,8205,3556,426,3982
2010,29,CHIKBALLAPUR,4,GOURIBADANUR,JOWAR,jowar,3001,160,1807,1967
2010,29,CHIKBALLAPUR,4,GOURIBADANUR,BAJRA,bajra,203,89,49,138
2010,29,CHIKBALLAPUR,4,GOURIBADANUR,MAIZE,maize,9656,1366,5173,6539
2010,29,CHIKBALLAPUR,4,GOURIBADANUR,RAGI,ragi,5421,278,2878,3156
2010,29,CHIKBALLAPUR,4,GOURIBADANUR,WHEAT,wheat,7,0,2,2
2010,29,CHIKBALLAPUR,4,GOURIBADANUR,BARLEY,barley,7,3,0,3
2010,29,CHIKBALLAPUR,4,GOURIBADANUR,GRAM,chickpea,96,0,54,54
2010,29,CHIKBALLAPUR,4,GOURIBADANUR,TUR (ARHAR),pigeonpea (tur),2416,148,722,870
2010,29,CHIKBALLAPUR,4,GOURIBADANUR,URAD,black gram,0,0,0,0
2010,29,CHIKBALLAPUR,4,GOURIBADANUR,MOONG,green gram,0,0,0,0
2010,29,CHIKBALLAPUR,4,GOURIBADANUR,MASUR,lentil,0,0,0,0
2010,29,CHIKBALLAPUR,4,GOURIBADANUR,HORSEGRAM,horse gram,300,59,96,154
2010,29,CHIKBALLAPUR,4,GOURIBADANUR,MOTH,moth bean,0,0,0,0
2010,29,CHIKBALLAPUR,4,GOURIBADANUR,SUGARCANE,sugarcane,175,73,0,73
2010,29,CHIKBALLAPUR,4,GOURIBADANUR,PEPPER (BLACK),black pepper,23,3,0,3
2010,29,CHIKBALLAPUR,4,GOURIBADANUR,CHILLIES,chilli,7,12,0,12
2010,29,CHIKBALLAPUR,4,GOURIBADANUR,GINGER,ginger,0,0,0,0
2010,29,CHIKBALLAPUR,4,GOURIBADANUR,TURMERIC,turmeric,0,0,0,0
2010,29,CHIKBALLAPUR,4,GOURIBADANUR,BETELNUTS (ARECANUTS),arecanut,0,0,0,0
2010,29,CHIKBALLAPUR,4,GOURIBADANUR,MANGOES,mango,101,23,33,56
2010,29,CHIKBALLAPUR,4,GOURIBADANUR,BANANA,banana,17,24,0,24
2010,29,CHIKBALLAPUR,4,GOURIBADANUR,TABLE GRAPES,grapes,0,0,0,0
2010,29,CHIKBALLAPUR,4,GOURIBADANUR,WINE GRAPES (BLACK),grapes,0,0,0,0
2010,29,CHIKBALLAPUR,4,GOURIBADANUR,CASHEWNUTS,cashewnut,0,0,0,0
2010,29,CHIKBALLAPUR,4,GOURIBADANUR,POTATO,potato,164,93,0,93
2010,29,CHIKBALLAPUR,4,GOURIBADANUR,TAPIOCA (CASSAVA),tapioca,0,0,0,0
2010,29,CHIKBALLAPUR,4,GOURIBADANUR,SWEET POTATO,sweet potato,23,22,0,22
2010,29,CHIKBALLAPUR,4,GOURIBADANUR,ONION,onion,334,120,2,121
2010,29,CHIKBALLAPUR,4,GOURIBADANUR,TOMATO,tomato,1093,428,36,465
2010,29,CHIKBALLAPUR,4,GOURIBADANUR,GROUNDNUT,groundnut,20879,189,20701,20889
2010,29,CHIKBALLAPUR,4,GOURIBADANUR,CASTORSEED,castor,6,1,0,1
2010,29,CHIKBALLAPUR,4,GOURIBADANUR,SESAMUM (TIL),sesame,0,0,0,0
2010,29,CHIKBALLAPUR,4,GOURIBADANUR,RAPESEED & MUSTARD (TORIA/TARAMIRA),mustard,0,0,0,0
2010,29,CHIKBALLAPUR,4,GOURIBADANUR,LINSEED,linseed,0,0,0,0
2010,29,CHIKBALLAPUR,4,GOURIBADANUR,COCONUT,coconut,22,0,14,14
2010,29,CHIKBALLAPUR,4,GOURIBADANUR,SUNFLOWER,sunflower,999,366,99,465
2010,29,CHIKBALLAPUR,4,GOURIBADANUR,SOYABEAN,soybean,0,0,0,0
2010,29,CHIKBALLAPUR,4,GOURIBADANUR,NIGERSEED,niger seed,4,0,4,4
2010,29,CHIKBALLAPUR,4,GOURIBADANUR,COTTON,cotton,76,44,0,44
2010,29,CHIKBALLAPUR,4,GOURIBADANUR,JUTE,jute,0,0,0,0
2010,29,CHIKBALLAPUR,4,GOURIBADANUR,MESTA,mesta,0,0,0,0
2010,29,CHIKBALLAPUR,4,GOURIBADANUR,TOBACCO,tobacco,0,0,0,0
2010,29,CHIKBALLAPUR,4,GOURIBADANUR,GUAR,guar,0,0,0,0
2010,29,CHIKBALLAPUR,4,GOURIBADANUR,COFFEE,coffee,7,5,0,5
2010,29,CHIKBALLAPUR,4,GOURIBADANUR,GROSS CROPPED AREA,,51693,7565,33454,41019
2010,29,CHIKBALLAPUR,5,GUDIBANDA,PADDY,rice,76,80,17,97
2010,29,CHIKBALLAPUR,5,GUDIBANDA,JOWAR,jowar,470,0,486,486
2010,29,CHIKBALLAPUR,5,GUDIBANDA,BAJRA,bajra,0,0,0,0
2010,29,CHIKBALLAPUR,5,GUDIBANDA,MAIZE,maize,3,0,4,4
2010,29,CHIKBALLAPUR,5,GUDIBANDA,RAGI,ragi,8423,2,7513,7515
2010,29,CHIKBALLAPUR,5,GUDIBANDA,WHEAT,wheat,2,0,4,4
2010,29,CHIKBALLAPUR,5,GUDIBANDA,BARLEY,barley,0,0,0,0
2010,29,CHIKBALLAPUR,5,GUDIBANDA,GRAM,chickpea,0,0,0,0
2010,29,CHIKBALLAPUR,5,GUDIBANDA,TUR (ARHAR),pigeonpea (tur),173,0,146,146
2010,29,CHIKBALLAPUR,5,GUDIBANDA,URAD,black gram,0,0,0,0
2010,29,CHIKBALLAPUR,5,GUDIBANDA,MOONG,green gram,0,0,0,0
2010,29,CHIKBALLAPUR,5,GUDIBANDA,MASUR,lentil,0,0,0,0
2010,29,CHIKBALLAPUR,5,GUDIBANDA,HORSEGRAM,horse gram,422,13,359,371
2010,29,CHIKBALLAPUR,5,GUDIBANDA,MOTH,moth bean,0,0,0,0
2010,29,CHIKBALLAPUR,5,GUDIBANDA,SUGARCANE,sugarcane,0,0,0,0
2010,29,CHIKBALLAPUR,5,GUDIBANDA,PEPPER (BLACK),black pepper,11,0,3,3
2010,29,CHIKBALLAPUR,5,GUDIBANDA,CHILLIES,chilli,0,0,0,0
2010,29,CHIKBALLAPUR,5,GUDIBANDA,GINGER,ginger,0,0,0,0
2010,29,CHIKBALLAPUR,5,GUDIBANDA,TURMERIC,turmeric,0,0,0,0
2010,29,CHIKBALLAPUR,5,GUDIBANDA,BETELNUTS (ARECANUTS),arecanut,0,0,0,0
2010,29,CHIKBALLAPUR,5,GUDIBANDA,MANGOES,mango,448,0,471,471
2010,29,CHIKBALLAPUR,5,GUDIBANDA,BANANA,banana,0,0,0,0
2010,29,CHIKBALLAPUR,5,GUDIBANDA,TABLE GRAPES,grapes,199,161,24,184
2010,29,CHIKBALLAPUR,5,GUDIBANDA,WINE GRAPES (BLACK),grapes,0,0,0,0
2010,29,CHIKBALLAPUR,5,GUDIBANDA,CASHEWNUTS,cashewnut,107,0,76,76
2010,29,CHIKBALLAPUR,5,GUDIBANDA,POTATO,potato,62,55,3,58
2010,29,CHIKBALLAPUR,5,GUDIBANDA,TAPIOCA (CASSAVA),tapioca,0,0,0,0
2010,29,CHIKBALLAPUR,5,GUDIBANDA,SWEET POTATO,sweet potato,0,0,0,0
2010,29,CHIKBALLAPUR,5,GUDIBANDA,ONION,onion,138,107,0,107
2010,29,CHIKBALLAPUR,5,GUDIBANDA,TOMATO,tomato,60,55,0,55
2010,29,CHIKBALLAPUR,5,GUDIBANDA,GROUNDNUT,groundnut,55,0,43,43
2010,29,CHIKBALLAPUR,5,GUDIBANDA,CASTORSEED,castor,0,0,0,0
2010,29,CHIKBALLAPUR,5,GUDIBANDA,SESAMUM (TIL),sesame,0,0,0,0
2010,29,CHIKBALLAPUR,5,GUDIBANDA,RAPESEED & MUSTARD (TORIA/TARAMIRA),mustard,0,0,0,0
2010,29,CHIKBALLAPUR,5,GUDIBANDA,LINSEED,linseed,0,0,0,0
2010,29,CHIKBALLAPUR,5,GUDIBANDA,COCONUT,coconut,7,0,3,3
2010,29,CHIKBALLAPUR,5,GUDIBANDA,SUNFLOWER,sunflower,0,0,0,0
2010,29,CHIKBALLAPUR,5,GUDIBANDA,SOYABEAN,soybean,0,0,0,0
2010,29,CHIKBALLAPUR,5,GUDIBANDA,NIGERSEED,niger seed,0,0,0,0
2010,29,CHIKBALLAPUR,5,GUDIBANDA,COTTON,cotton,0,0,0,0
2010,29,CHIKBALLAPUR,5,GUDIBANDA,JUTE,jute,0,0,0,0
2010,29,CHIKBALLAPUR,5,GUDIBANDA,MESTA,mesta,0,0,0,0
2010,29,CHIKBALLAPUR,5,GUDIBANDA,TOBACCO,tobacco,0,0,0,0
2010,29,CHIKBALLAPUR,5,GUDIBANDA,GUAR,guar,0,0,0,0
2010,29,CHIKBALLAPUR,5,GUDIBANDA,COFFEE,coffee,0,0,0,0
2010,29,CHIKBALLAPUR,5,GUDIBANDA,GROSS CROPPED AREA,,15299,2168,10559,12727
2010,29,CHIKBALLAPUR,6,SIDLAGHATTA,PADDY,rice,2619,2723,58,2781
2010,29,CHIKBALLAPUR,6,SIDLAGHATTA,JOWAR,jowar,992,7,310,317
2010,29,CHIKBALLAPUR,6,SIDLAGHATTA,BAJRA,bajra,2,0,1,1
2010,29,CHIKBALLAPUR,6,SIDLAGHATTA,MAIZE,maize,67,5,42,47
2010,29,CHIKBALLAPUR,6,SIDLAGHATTA,RAGI,ragi,13141,221,11727,11948
2010,29,CHIKBALLAPUR,6,SIDLAGHATTA,WHEAT,wheat,0,0,0,0
2010,29,CHIKBALLAPUR,6,SIDLAGHATTA,BARLEY,barley,0,0,0,0
2010,29,CHIKBALLAPUR,6,SIDLAGHATTA,GRAM,chickpea,499,0,373,373
2010,29,CHIKBALLAPUR,6,SIDLAGHATTA,TUR (ARHAR),pigeonpea (tur),290,0,132,132
2010,29,CHIKBALLAPUR,6,SIDLAGHATTA,URAD,black gram,2,0,1,1
2010,29,CHIKBALLAPUR,6,SIDLAGHATTA,MOONG,green gram,0,0,0,0
2010,29,CHIKBALLAPUR,6,SIDLAGHATTA,MASUR,lentil,4,0,4,4
2010,29,CHIKBALLAPUR,6,SIDLAGHATTA,HORSEGRAM,horse gram,728,0,319,319
2010,29,CHIKBALLAPUR,6,SIDLAGHATTA,MOTH,moth bean,0,0,0,0
2010,29,CHIKBALLAPUR,6,SIDLAGHATTA,SUGARCANE,sugarcane,0,0,0,0
2010,29,CHIKBALLAPUR,6,SIDLAGHATTA,PEPPER (BLACK),black pepper,11,0,16,16
2010,29,CHIKBALLAPUR,6,SIDLAGHATTA,CHILLIES,chilli,0,0,0,0
2010,29,CHIKBALLAPUR,6,SIDLAGHATTA,GINGER,ginger,0,0,0,0
2010,29,CHIKBALLAPUR,6,SIDLAGHATTA,TURMERIC,turmeric,0,0,0,0
2010,29,CHIKBALLAPUR,6,SIDLAGHATTA,BETELNUTS (ARECANUTS),arecanut,0,0,0,0
2010,29,CHIKBALLAPUR,6,SIDLAGHATTA,MANGOES,mango,2539,29,5550,5579
2010,29,CHIKBALLAPUR,6,SIDLAGHATTA,BANANA,banana,3,3,0,3
2010,29,CHIKBALLAPUR,6,SIDLAGHATTA,TABLE GRAPES,grapes,0,0,0,0
2010,29,CHIKBALLAPUR,6,SIDLAGHATTA,WINE GRAPES (BLACK),grapes,0,0,0,0
2010,29,CHIKBALLAPUR,6,SIDLAGHATTA,CASHEWNUTS,cashewnut,26,0,42,42
2010,29,CHIKBALLAPUR,6,SIDLAGHATTA,POTATO,potato,124,97,5,102
2010,29,CHIKBALLAPUR,6,SIDLAGHATTA,TAPIOCA (CASSAVA),tapioca,0,0,0,0
2010,29,CHIKBALLAPUR,6,SIDLAGHATTA,SWEET POTATO,sweet potato,0,0,0,0
2010,29,CHIKBALLAPUR,6,SIDLAGHATTA,ONION,onion,46,23,0,23
2010,29,CHIKBALLAPUR,6,SIDLAGHATTA,TOMATO,tomato,1362,1464,32,1496
2010,29,CHIKBALLAPUR,6,SIDLAGHATTA,GROUNDNUT,groundnut,2695,60,1772,1832
2010,29,CHIKBALLAPUR,6,SIDLAGHATTA,CASTORSEED,castor,0,0,0,0
2010,29,CHIKBALLAPUR,6,SIDLAGHATTA,SESAMUM (TIL),sesame,0,0,0,0
2010,29,CHIKBALLAPUR,6,SIDLAGHATTA,RAPESEED & MUSTARD (TORIA/TARAMIRA),mustard,3,0,1,1
2010,29,CHIKBALLAPUR,6,SIDLAGHATTA,LINSEED,linseed,0,0,0,0
2010,29,CHIKBALLAPUR,6,SIDLAGHATTA,COCONUT,coconut,21,3,4,7
2010,29,CHIKBALLAPUR,6,SIDLAGHATTA,SUNFLOWER,sunflower,0,0,0,0
2010,29,CHIKBALLAPUR,6,SIDLAGHATTA,SOYABEAN,soybean,0,0,0,0
2010,29,CHIKBALLAPUR,6,SIDLAGHATTA,NIGERSEED,niger seed,6,0,5,5
2010,29,CHIKBALLAPUR,6,SIDLAGHATTA,COTTON,cotton,3,4,0,4
2010,29,CHIKBALLAPUR,6,SIDLAGHATTA,JUTE,jute,3,0,0,0
2010,29,CHIKBALLAPUR,6,SIDLAGHATTA,MESTA,mesta,0,0,0,0
2010,29,CHIKBALLAPUR,6,SIDLAGHATTA,TOBACCO,tobacco,0,0,0,0
2010,29,CHIKBALLAPUR,6,SIDLAGHATTA,GUAR,guar,0,0,0,0
2010,29,CHIKBALLAPUR,6,SIDLAGHATTA,COFFEE,coffee,0,0,0,0
2010,29,CHIKBALLAPUR,6,SIDLAGHATTA,GROSS CROPPED AREA,,24766,5144,22991,28135
2010,17,CHIKMAGALUR,6,CHIKKAMAGALUR,PADDY,rice,11493,648,5665,6313
2010,17,CHIKMAGALUR,6,CHIKKAMAGALUR,JOWAR,jowar,1971,6,668,674
2010,17,CHIKMAGALUR,6,CHIKKAMAGALUR,BAJRA,bajra,23,0,9,9
2010,17,CHIKMAGALUR,6,CHIKKAMAGALUR,MAIZE,maize,4281,17,2471,2488
2010,17,CHIKMAGALUR,6,CHIKKAMAGALUR,RAGI,ragi,12217,46,5681,5728
2010,17,CHIKMAGALUR,6,CHIKKAMAGALUR,WHEAT,wheat,33,13,28,41
2010,17,CHIKMAGALUR,6,CHIKKAMAGALUR,BARLEY,barley,16,0,11,11
2010,17,CHIKMAGALUR,6,CHIKKAMAGALUR,GRAM,chickpea,42,0,14,14
2010,17,CHIKMAGALUR,6,CHIKKAMAGALUR,TUR (ARHAR),pigeonpea (tur),320,0,42,42
2010,17,CHIKMAGALUR,6,CHIKKAMAGALUR,URAD,black gram,100,0,28,28
2010,17,CHIKMAGALUR,6,CHIKKAMAGALUR,MOONG,green gram,132,0,35,35
2010,17,CHIKMAGALUR,6,CHIKKAMAGALUR,MASUR,lentil,49,15,3,17
2010,17,CHIKMAGALUR,6,CHIKKAMAGALUR,HORSEGRAM,horse gram,3214,0,966,966
2010,17,CHIKMAGALUR,6,CHIKKAMAGALUR,MOTH,moth bean,0,0,0,0
2010,17,CHIKMAGALUR,6,CHIKKAMAGALUR,SUGARCANE,sugarcane,1561,480,0,480
2010,17,CHIKMAGALUR,6,CHIKKAMAGALUR,PEPPER (BLACK),black pepper,8485,11,2981,2992
2010,17,CHIKMAGALUR,6,CHIKKAMAGALUR,CHILLIES,chilli,177,4,108,112
2010,17,CHIKMAGALUR,6,CHIKKAMAGALUR,GINGER,ginger,1343,297,427,723
2010,17,CHIKMAGALUR,6,CHIKKAMAGALUR,TURMERIC,turmeric,35,4,3,7
2010,17,CHIKMAGALUR,6,CHIKKAMAGALUR,BETELNUTS (ARECANUTS),arecanut,2271,1156,241,1397
2010,17,CHIKMAGALUR,6,CHIKKAMAGALUR,MANGOES,mango,192,0,32,32
2010,17,CHIKMAGALUR,6,CHIKKAMAGALUR,BANANA,banana,2056,191,333,524
2010,17,CHIKMAGALUR,6,CHIKKAMAGALUR,TABLE GRAPES,grapes,5,1,0,1
2010,17,CHIKMAGALUR,6,CHIKKAMAGALUR,WINE GRAPES (BLACK),grapes,0,0,0,0
2010,17,CHIKMAGALUR,6,CHIKKAMAGALUR,CASHEWNUTS,cashewnut,0,0,0,0
2010,17,CHIKMAGALUR,6,CHIKKAMAGALUR,POTATO,potato,3718,38,1640,1678
2010,17,CHIKMAGALUR,6,CHIKKAMAGALUR,TAPIOCA (CASSAVA),tapioca,0,0,0,0
2010,17,CHIKMAGALUR,6,CHIKKAMAGALUR,SWEET POTATO,sweet potato,107,0,28,28
2010,17,CHIKMAGALUR,6,CHIKKAMAGALUR,ONION,onion,211,3,62,65
2010,17,CHIKMAGALUR,6,CHIKKAMAGALUR,TOMATO,tomato,1352,462,170,632
2010,17,CHIKMAGALUR,6,CHIKKAMAGALUR,GROUNDNUT,groundnut,1606,15,483,498
2010,17,CHIKMAGALUR,6,CHIKKAMAGALUR,CASTORSEED,castor,180,0,25,25
2010,17,CHIKMAGALUR,6,CHIKKAMAGALUR,SESAMUM (TIL),sesame,3763,6,1460,1466
2010,17,CHIKMAGALUR,6,CHIKKAMAGALUR,RAPESEED & MUSTARD (TORIA/TARAMIRA),mustard,131,0,22,22
2010,17,CHIKMAGALUR,6,CHIKKAMAGALUR,LINSEED,linseed,16,0,9,9
2010,17,CHIKMAGALUR,6,CHIKKAMAGALUR,COCONUT,coconut,8311,415,3746,4162
2010,17,CHIKMAGALUR,6,CHIKKAMAGALUR,SUNFLOWER,sunflower,2311,12,901,914
2010,17,CHIKMAGALUR,6,CHIKKAMAGALUR,SOYABEAN,soybean,0,0,0,0
2010,17,CHIKMAGALUR,6,CHIKKAMAGALUR,NIGERSEED,niger seed,0,0,0,0
2010,17,CHIKMAGALUR,6,CHIKKAMAGALUR,COTTON,cotton,353,0,153,153
2010,17,CHIKMAGALUR,6,CHIKKAMAGALUR,JUTE,jute,0,0,0,0
2010,17,CHIKMAGALUR,6,CHIKKAMAGALUR,MESTA,mesta,5,0,2,2
2010,17,CHIKMAGALUR,6,CHIKKAMAGALUR,TOBACCO,tobacco,0,0,0,0
2010,17,CHIKMAGALUR,6,CHIKKAMAGALUR,GUAR,guar,0,0,0,0
2010,17,CHIKMAGALUR,6,CHIKKAMAGALUR,COFFEE,coffee,18769,1618,36922,38540
2010,17,CHIKMAGALUR,6,CHIKKAMAGALUR,GROSS CROPPED AREA,,48320,5855,66151,72006
2010,17,CHIKMAGALUR,5,KADUR,PADDY,rice,687,176,206,381
2010,17,CHIKMAGALUR,5,KADUR,JOWAR,jowar,10690,173,6307,6480
2010,17,CHIKMAGALUR,5,KADUR,BAJRA,bajra,596,0,265,265
2010,17,CHIKMAGALUR,5,KADUR,MAIZE,maize,6295,158,3880,4037
2010,17,CHIKMAGALUR,5,KADUR,RAGI,ragi,34134,462,22910,23371
2010,17,CHIKMAGALUR,5,KADUR,WHEAT,wheat,132,27,67,93
2010,17,CHIKMAGALUR,5,KADUR,BARLEY,barley,36,0,23,23
2010,17,CHIKMAGALUR,5,KADUR,GRAM,chickpea,510,0,306,306
2010,17,CHIKMAGALUR,5,KADUR,TUR (ARHAR),pigeonpea (tur),429,3,132,136
2010,17,CHIKMAGALUR,5,KADUR,URAD,black gram,435,2,239,241
2010,17,CHIKMAGALUR,5,KADUR,MOONG,green gram,6512,97,3868,3965
2010,17,CHIKMAGALUR,5,KADUR,MASUR,lentil,20,0,13,13
2010,17,CHIKMAGALUR,5,KADUR,HORSEGRAM,horse gram,10543,64,6134,6198
2010,17,CHIKMAGALUR,5,KADUR,MOTH,moth bean,0,0,0,0
2010,17,CHIKMAGALUR,5,KADUR,SUGARCANE,sugarcane,154,95,0,95
2010,17,CHIKMAGALUR,5,KADUR,PEPPER (BLACK),black pepper,21,11,1,12
2010,17,CHIKMAGALUR,5,KADUR,CHILLIES,chilli,2875,157,1280,1437
2010,17,CHIKMAGALUR,5,KADUR,GINGER,ginger,89,42,0,42
2010,17,CHIKMAGALUR,5,KADUR,TURMERIC,turmeric,15,8,8,15
2010,17,CHIKMAGALUR,5,KADUR,BETELNUTS (ARECANUTS),arecanut,5062,2859,321,3181
2010,17,CHIKMAGALUR,5,KADUR,MANGOES,mango,238,10,86,96
2010,17,CHIKMAGALUR,5,KADUR,BANANA,banana,309,102,40,142
2010,17,CHIKMAGALUR,5,KADUR,TABLE GRAPES,grapes,0,0,0,0
2010,17,CHIKMAGALUR,5,KADUR,WINE GRAPES (BLACK),grapes,0,0,0,0
2010,17,CHIKMAGALUR,5,KADUR,CASHEWNUTS,cashewnut,0,0,0,0
2010,17,CHIKMAGALUR,5,KADUR,POTATO,potato,588,14,484,498
2010,17,CHIKMAGALUR,5,KADUR,TAPIOCA (CASSAVA),tapioca,4,0,2,2
2010,17,CHIKMAGALUR,5,KADUR,SWEET POTATO,sweet potato,11,0,3,3
2010,17,CHIKMAGALUR,5,KADUR,ONION,onion,3288,30,2307,2337
2010,17,CHIKMAGALUR,5,KADUR,TOMATO,tomato,2455,1182,164,1345
2010,17,CHIKMAGALUR,5,KADUR,GROUNDNUT,groundnut,4791,307,2446,2753
2010,17,CHIKMAGALUR,5,KADUR,CASTORSEED,castor,194,4,30,33
2010,17,CHIKMAGALUR,5,KADUR,SESAMUM (TIL),sesame,10852,99,6793,6892
2010,17,CHIKMAGALUR,5,KADUR,RAPESEED & MUSTARD (TORIA/TARAMIRA),mustard,344,0,255,255
2010,17,CHIKMAGALUR,5,KADUR,LINSEED,linseed,85,18,45,63
2010,17,CHIKMAGALUR,5,KADUR,COCONUT,coconut,31579,13150,14498,27648
2010,17,CHIKMAGALUR,5,KADUR,SUNFLOWER,sunflower,4667,63,2859,2923
2010,17,CHIKMAGALUR,5,KADUR,SOYABEAN,soybean,10,0,4,4
2010,17,CHIKMAGALUR,5,KADUR,NIGERSEED,niger seed,72,1,34,35
2010,17,CHIKMAGALUR,5,KADUR,COTTON,cotton,495,22,272,294
2010,17,CHIKMAGALUR,5,KADUR,JUTE,jute,0,0,0,0
2010,17,CHIKMAGALUR,5,KADUR,MESTA,mesta,4,0,8,8
2010,17,CHIKMAGALUR,5,KADUR,TOBACCO,tobacco,0,0,0,0
2010,17,CHIKMAGALUR,5,KADUR,GUAR,guar,0,0,0,0
2010,17,CHIKMAGALUR,5,KADUR,COFFEE,coffee,5,0,3,3
2010,17,CHIKMAGALUR,5,KADUR,GROSS CROPPED AREA,,77840,19658,79521,99179
2010,17,CHIKMAGALUR,2,KOPPA,PADDY,rice,6043,1016,3537,4552
2010,17,CHIKMAGALUR,2,KOPPA,JOWAR,jowar,0,0,0,0
2010,17,CHIKMAGALUR,2,KOPPA,BAJRA,bajra,0,0,0,0
2010,17,CHIKMAGALUR,2,KOPPA,MAIZE,maize,0,0,0,0
2010,17,CHIKMAGALUR,2,KOPPA,RAGI,ragi,0,0,0,0
2010,17,CHIKMAGALUR,2,KOPPA,WHEAT,wheat,0,0,0,0
2010,17,CHIKMAGALUR,2,KOPPA,BARLEY,barley,0,0,0,0
2010,17,CHIKMAGALUR,2,KOPPA,GRAM,chickpea,0,0,0,0
2010,17,CHIKMAGALUR,2,KOPPA,TUR (ARHAR),pigeonpea (tur),0,0,0,0
2010,17,CHIKMAGALUR,2,KOPPA,URAD,black gram,0,0,0,0
2010,17,CHIKMAGALUR,2,KOPPA,MOONG,green gram,0,0,0,0
2010,17,CHIKMAGALUR,2,KOPPA,MASUR,lentil,0,0,0,0
2010,17,CHIKMAGALUR,2,KOPPA,HORSEGRAM,horse gram,0,0,0,0
2010,17,CHIKMAGALUR,2,KOPPA,MOTH,moth bean,0,0,0,0
2010,17,CHIKMAGALUR,2,KOPPA,SUGARCANE,sugarcane,0,0,0,0
2010,17,CHIKMAGALUR,2,KOPPA,PEPPER (BLACK),black pepper,1904,374,1303,1677
2010,17,CHIKMAGALUR,2,KOPPA,CHILLIES,chilli,82,2,30,32
2010,17,CHIKMAGALUR,2,KOPPA,GINGER,ginger,5,1,0,1
2010,17,CHIKMAGALUR,2,KOPPA,TURMERIC,turmeric,6,1,0,1
2010,17,CHIKMAGALUR,2,KOPPA,BETELNUTS (ARECANUTS),arecanut,6629,3229,2198,5427
2010,17,CHIKMAGALUR,2,KOPPA,MANGOES,mango,18,1,2,3
2010,17,CHIKMAGALUR,2,KOPPA,BANANA,banana,1939,444,137,581
2010,17,CHIKMAGALUR,2,KOPPA,TABLE GRAPES,grapes,0,0,0,0
2010,17,CHIKMAGALUR,2,KOPPA,WINE GRAPES (BLACK),grapes,0,0,0,0
2010,17,CHIKMAGALUR,2,KOPPA,CASHEWNUTS,cashewnut,375,1,234,235
2010,17,CHIKMAGALUR,2,KOPPA,POTATO,potato,0,0,0,0
2010,17,CHIKMAGALUR,2,KOPPA,TAPIOCA (CASSAVA),tapioca,0,0,0,0
2010,17,CHIKMAGALUR,2,KOPPA,SWEET POTATO,sweet potato,0,0,0,0
2010,17,CHIKMAGALUR,2,KOPPA,ONION,onion,0,0,0,0
2010,17,CHIKMAGALUR,2,KOPPA,TOMATO,tomato,0,0,0,0
2010,17,CHIKMAGALUR,2,KOPPA,GROUNDNUT,groundnut,0,0,0,0
2010,17,CHIKMAGALUR,2,KOPPA,CASTORSEED,castor,0,0,0,0
2010,17,CHIKMAGALUR,2,KOPPA,SESAMUM (TIL),sesame,4,0,5,5
2010,17,CHIKMAGALUR,2,KOPPA,RAPESEED & MUSTARD (TORIA/TARAMIRA),mustard,0,0,0,0
2010,17,CHIKMAGALUR,2,KOPPA,LINSEED,linseed,7,0,1,1
2010,17,CHIKMAGALUR,2,KOPPA,COCONUT,coconut,434,89,123,212
2010,17,CHIKMAGALUR,2,KOPPA,SUNFLOWER,sunflower,0,0,0,0
2010,17,CHIKMAGALUR,2,KOPPA,SOYABEAN,soybean,0,0,0,0
2010,17,CHIKMAGALUR,2,KOPPA,NIGERSEED,niger seed,0,0,0,0
2010,17,CHIKMAGALUR,2,KOPPA,COTTON,cotton,0,0,0,0
2010,17,CHIKMAGALUR,2,KOPPA,JUTE,jute,0,0,0,0
2010,17,CHIKMAGALUR,2,KOPPA,MESTA,mesta,0,0,0,0
2010,17,CHIKMAGALUR,2,KOPPA,TOBACCO,tobacco,0,0,0,0
2010,17,CHIKMAGALUR,2,KOPPA,GUAR,guar,0,0,0,0
2010,17,CHIKMAGALUR,2,KOPPA,COFFEE,coffee,2947,1633,6561,8194
2010,17,CHIKMAGALUR,2,KOPPA,GROSS CROPPED AREA,,11317,7007,15349,22356
2010,17,CHIKMAGALUR,7,MUDIGERE,PADDY,rice,15441,240,11505,11745
2010,17,CHIKMAGALUR,7,MUDIGERE,JOWAR,jowar,0,0,0,0
2010,17,CHIKMAGALUR,7,MUDIGERE,BAJRA,bajra,0,0,0,0
2010,17,CHIKMAGALUR,7,MUDIGERE,MAIZE,maize,0,0,0,0
2010,17,CHIKMAGALUR,7,MUDIGERE,RAGI,ragi,0,0,0,0
2010,17,CHIKMAGALUR,7,MUDIGERE,WHEAT,wheat,0,0,0,0
2010,17,CHIKMAGALUR,7,MUDIGERE,BARLEY,barley,0,0,0,0
2010,17,CHIKMAGALUR,7,MUDIGERE,GRAM,chickpea,0,0,0,0
2010,17,CHIKMAGALUR,7,MUDIGERE,TUR (ARHAR),pigeonpea (tur),0,0,0,0
2010,17,CHIKMAGALUR,7,MUDIGERE,URAD,black gram,0,0,0,0
2010,17,CHIKMAGALUR,7,MUDIGERE,MOONG,green gram,0,0,0,0
2010,17,CHIKMAGALUR,7,MUDIGERE,MASUR,lentil,0,0,0,0
2010,17,CHIKMAGALUR,7,MUDIGERE,HORSEGRAM,horse gram,0,0,0,0
2010,17,CHIKMAGALUR,7,MUDIGERE,MOTH,moth bean,0,0,0,0
2010,17,CHIKMAGALUR,7,MUDIGERE,SUGARCANE,sugarcane,0,0,0,0
2010,17,CHIKMAGALUR,7,MUDIGERE,PEPPER (BLACK),black pepper,7527,37,3331,3368
2010,17,CHIKMAGALUR,7,MUDIGERE,CHILLIES,chilli,180,1,232,233
2010,17,CHIKMAGALUR,7,MUDIGERE,GINGER,ginger,3014,414,559,973
2010,17,CHIKMAGALUR,7,MUDIGERE,TURMERIC,turmeric,0,0,0,0
2010,17,CHIKMAGALUR,7,MUDIGERE,BETELNUTS (ARECANUTS),arecanut,5798,382,1829,2210
2010,17,CHIKMAGALUR,7,MUDIGERE,MANGOES,mango,6,0,2,2
2010,17,CHIKMAGALUR,7,MUDIGERE,BANANA,banana,3263,260,685,945
2010,17,CHIKMAGALUR,7,MUDIGERE,TABLE GRAPES,grapes,0,0,0,0
2010,17,CHIKMAGALUR,7,MUDIGERE,WINE GRAPES (BLACK),grapes,0,0,0,0
2010,17,CHIKMAGALUR,7,MUDIGERE,CASHEWNUTS,cashewnut,0,0,0,0
2010,17,CHIKMAGALUR,7,MUDIGERE,POTATO,potato,0,0,0,0
2010,17,CHIKMAGALUR,7,MUDIGERE,TAPIOCA (CASSAVA),tapioca,0,0,0,0
2010,17,CHIKMAGALUR,7,MUDIGERE,SWEET POTATO,sweet potato,0,0,0,0
2010,17,CHIKMAGALUR,7,MUDIGERE,ONION,onion,0,0,0,0
2010,17,CHIKMAGALUR,7,MUDIGERE,TOMATO,tomato,0,0,0,0
2010,17,CHIKMAGALUR,7,MUDIGERE,GROUNDNUT,groundnut,0,0,0,0
2010,17,CHIKMAGALUR,7,MUDIGERE,CASTORSEED,castor,0,0,0,0
2010,17,CHIKMAGALUR,7,MUDIGERE,SESAMUM (TIL),sesame,0,0,0,0
2010,17,CHIKMAGALUR,7,MUDIGERE,RAPESEED & MUSTARD (TORIA/TARAMIRA),mustard,0,0,0,0
2010,17,CHIKMAGALUR,7,MUDIGERE,LINSEED,linseed,0,0,0,0
2010,17,CHIKMAGALUR,7,MUDIGERE,COCONUT,coconut,61,0,18,18
2010,17,CHIKMAGALUR,7,MUDIGERE,SUNFLOWER,sunflower,6,1,0,1
2010,17,CHIKMAGALUR,7,MUDIGERE,SOYABEAN,soybean,0,0,0,0
2010,17,CHIKMAGALUR,7,MUDIGERE,NIGERSEED,niger seed,0,0,0,0
2010,17,CHIKMAGALUR,7,MUDIGERE,COTTON,cotton,0,0,0,0
2010,17,CHIKMAGALUR,7,MUDIGERE,JUTE,jute,0,0,0,0
2010,17,CHIKMAGALUR,7,MUDIGERE,MESTA,mesta,0,0,0,0
2010,17,CHIKMAGALUR,7,MUDIGERE,TOBACCO,tobacco,0,0,0,0
2010,17,CHIKMAGALUR,7,MUDIGERE,GUAR,guar,0,0,0,0
2010,17,CHIKMAGALUR,7,MUDIGERE,COFFEE,coffee,15868,565,27069,27634
2010,17,CHIKMAGALUR,7,MUDIGERE,GROSS CROPPED AREA,,20667,2309,46859,49167
2010,17,CHIKMAGALUR,3,N.R. PURA,PADDY,rice,5559,1702,4886,6587
2010,17,CHIKMAGALUR,3,N.R. PURA,JOWAR,jowar,0,0,0,0
2010,17,CHIKMAGALUR,3,N.R. PURA,BAJRA,bajra,0,0,0,0
2010,17,CHIKMAGALUR,3,N.R. PURA,MAIZE,maize,86,0,206,206
2010,17,CHIKMAGALUR,3,N.R. PURA,RAGI,ragi,0,0,0,0
2010,17,CHIKMAGALUR,3,N.R. PURA,WHEAT,wheat,0,0,0,0
2010,17,CHIKMAGALUR,3,N.R. PURA,BARLEY,barley,0,0,0,0
2010,17,CHIKMAGALUR,3,N.R. PURA,GRAM,chickpea,0,0,0,0
2010,17,CHIKMAGALUR,3,N.R. PURA,TUR (ARHAR),pigeonpea (tur),0,0,0,0
2010,17,CHIKMAGALUR,3,N.R. PURA,URAD,black gram,0,0,0,0
2010,17,CHIKMAGALUR,3,N.R. PURA,MOONG,green gram,0,0,0,0
2010,17,CHIKMAGALUR,3,N.R. PURA,MASUR,lentil,0,0,0,0
2010,17,CHIKMAGALUR,3,N.R. PURA,HORSEGRAM,horse gram,0,0,0,0
2010,17,CHIKMAGALUR,3,N.R. PURA,MOTH,moth bean,0,0,0,0
2010,17,CHIKMAGALUR,3,N.R. PURA,SUGARCANE,sugarcane,0,0,0,0
2010,17,CHIKMAGALUR,3,N.R. PURA,PEPPER (BLACK),black pepper,896,605,94,698
2010,17,CHIKMAGALUR,3,N.R. PURA,CHILLIES,chilli,17,13,4,17
2010,17,CHIKMAGALUR,3,N.R. PURA,GINGER,ginger,60,15,7,22
2010,17,CHIKMAGALUR,3,N.R. PURA,TURMERIC,turmeric,21,3,2,5
2010,17,CHIKMAGALUR,3,N.R. PURA,BETELNUTS (ARECANUTS),arecanut,2902,2203,459,2662
2010,17,CHIKMAGALUR,3,N.R. PURA,MANGOES,mango,27,9,3,12
2010,17,CHIKMAGALUR,3,N.R. PURA,BANANA,banana,1475,687,83,771
2010,17,CHIKMAGALUR,3,N.R. PURA,TABLE GRAPES,grapes,5,2,0,2
2010,17,CHIKMAGALUR,3,N.R. PURA,WINE GRAPES (BLACK),grapes,0,0,0,0
2010,17,CHIKMAGALUR,3,N.R. PURA,CASHEWNUTS,cashewnut,67,0,18,18
2010,17,CHIKMAGALUR,3,N.R. PURA,POTATO,potato,0,0,0,0
2010,17,CHIKMAGALUR,3,N.R. PURA,TAPIOCA (CASSAVA),tapioca,0,0,0,0
2010,17,CHIKMAGALUR,3,N.R. PURA,SWEET POTATO,sweet potato,0,0,0,0
2010,17,CHIKMAGALUR,3,N.R. PURA,ONION,onion,0,0,0,0
2010,17,CHIKMAGALUR,3,N.R. PURA,TOMATO,tomato,0,0,0,0
2010,17,CHIKMAGALUR,3,N.R. PURA,GROUNDNUT,groundnut,0,0,0,0
2010,17,CHIKMAGALUR,3,N.R. PURA,CASTORSEED,castor,0,0,0,0
2010,17,CHIKMAGALUR,3,N.R. PURA,SESAMUM (TIL),sesame,0,0,0,0
2010,17,CHIKMAGALUR,3,N.R. PURA,RAPESEED & MUSTARD (TORIA/TARAMIRA),mustard,0,0,0,0
2010,17,CHIKMAGALUR,3,N.R. PURA,LINSEED,linseed,0,0,0,0
2010,17,CHIKMAGALUR,3,N.R. PURA,COCONUT,coconut,308,10,123,133
2010,17,CHIKMAGALUR,3,N.R. PURA,SUNFLOWER,sunflower,0,0,0,0
2010,17,CHIKMAGALUR,3,N.R. PURA,SOYABEAN,soybean,0,0,0,0
2010,17,CHIKMAGALUR,3,N.R. PURA,NIGERSEED,niger seed,0,0,0,0
2010,17,CHIKMAGALUR,3,N.R. PURA,COTTON,cotton,0,0,0,0
2010,17,CHIKMAGALUR,3,N.R. PURA,JUTE,jute,0,0,0,0
2010,17,CHIKMAGALUR,3,N.R. PURA,MESTA,mesta,0,0,0,0
2010,17,CHIKMAGALUR,3,N.R. PURA,TOBACCO,tobacco,0,0,0,0
2010,17,CHIKMAGALUR,3,N.R. PURA,GUAR,guar,0,0,0,0
2010,17,CHIKMAGALUR,3,N.R. PURA,COFFEE,coffee,843,1539,1026,2565
2010,17,CHIKMAGALUR,3,N.R. PURA,GROSS CROPPED AREA,,8124,7090,8027,15117
2010,17,CHIKMAGALUR,1,SRINGERI,PADDY,rice,3287,39,1937,1976
2010,17,CHIKMAGALUR,1,SRINGERI,JOWAR,jowar,0,0,0,0
2010,17,CHIKMAGALUR,1,SRINGERI,BAJRA,bajra,0,0,0,0
2010,17,CHIKMAGALUR,1,SRINGERI,MAIZE,maize,0,0,0,0
2010,17,CHIKMAGALUR,1,SRINGERI,RAGI,ragi,0,0,0,0
2010,17,CHIKMAGALUR,1,SRINGERI,WHEAT,wheat,0,0,0,0
2010,17,CHIKMAGALUR,1,SRINGERI,BARLEY,barley,0,0,0,0
2010,17,CHIKMAGALUR,1,SRINGERI,GRAM,chickpea,0,0,0,0
2010,17,CHIKMAGALUR,1,SRINGERI,TUR (ARHAR),pigeonpea (tur),0,0,0,0
2010,17,CHIKMAGALUR,1,SRINGERI,URAD,black gram,0,0,0,0
2010,17,CHIKMAGALUR,1,SRINGERI,MOONG,green gram,0,0,0,0
2010,17,CHIKMAGALUR,1,SRINGERI,MASUR,lentil,0,0,0,0
2010,17,CHIKMAGALUR,1,SRINGERI,HORSEGRAM,horse gram,0,0,0,0
2010,17,CHIKMAGALUR,1,SRINGERI,MOTH,moth bean,0,0,0,0
2010,17,CHIKMAGALUR,1,SRINGERI,SUGARCANE,sugarcane,0,0,0,0
2010,17,CHIKMAGALUR,1,SRINGERI,PEPPER (BLACK),black pepper,862,8,244,252
2010,17,CHIKMAGALUR,1,SRINGERI,CHILLIES,chilli,26,0,8,8
2010,17,CHIKMAGALUR,1,SRINGERI,GINGER,ginger,2,3,0,3
2010,17,CHIKMAGALUR,1,SRINGERI,TURMERIC,turmeric,7,0,2,2
2010,17,CHIKMAGALUR,1,SRINGERI,BETELNUTS (ARECANUTS),arecanut,3591,1206,1615,2820
2010,17,CHIKMAGALUR,1,SRINGERI,MANGOES,mango,0,0,0,0
2010,17,CHIKMAGALUR,1,SRINGERI,BANANA,banana,1353,91,301,392
2010,17,CHIKMAGALUR,1,SRINGERI,TABLE GRAPES,grapes,5,0,4,4
2010,17,CHIKMAGALUR,1,SRINGERI,WINE GRAPES (BLACK),grapes,0,0,0,0
2010,17,CHIKMAGALUR,1,SRINGERI,CASHEWNUTS,cashewnut,15,1,2,3
2010,17,CHIKMAGALUR,1,SRINGERI,POTATO,potato,0,0,0,0
2010,17,CHIKMAGALUR,1,SRINGERI,TAPIOCA (CASSAVA),tapioca,0,0,0,0
2010,17,CHIKMAGALUR,1,SRINGERI,SWEET POTATO,sweet potato,0,0,0,0
2010,17,CHIKMAGALUR,1,SRINGERI,ONION,onion,0,0,0,0
2010,17,CHIKMAGALUR,1,SRINGERI,TOMATO,tomato,0,0,0,0
2010,17,CHIKMAGALUR,1,SRINGERI,GROUNDNUT,groundnut,5,0,1,1
2010,17,CHIKMAGALUR,1,SRINGERI,CASTORSEED,castor,0,0,0,0
2010,17,CHIKMAGALUR,1,SRINGERI,SESAMUM (TIL),sesame,0,0,0,0
2010,17,CHIKMAGALUR,1,SRINGERI,RAPESEED & MUSTARD (TORIA/TARAMIRA),mustard,0,0,0,0
2010,17,CHIKMAGALUR,1,SRINGERI,LINSEED,linseed,0,0,0,0
2010,17,CHIKMAGALUR,1,SRINGERI,COCONUT,coconut,77,1,21,22
2010,17,CHIKMAGALUR,1,SRINGERI,SUNFLOWER,sunflower,0,0,0,0
2010,17,CHIKMAGALUR,1,SRINGERI,SOYABEAN,soybean,0,0,0,0
2010,17,CHIKMAGALUR,1,SRINGERI,NIGERSEED,niger seed,0,0,0,0
2010,17,CHIKMAGALUR,1,SRINGERI,COTTON,cotton,0,0,0,0
2010,17,CHIKMAGALUR,1,SRINGERI,JUTE,jute,0,0,0,0
2010,17,CHIKMAGALUR,1,SRINGERI,MESTA,mesta,0,0,0,0
2010,17,CHIKMAGALUR,1,SRINGERI,TOBACCO,tobacco,0,0,0,0
2010,17,CHIKMAGALUR,1,SRINGERI,GUAR,guar,0,0,0,0
2010,17,CHIKMAGALUR,1,SRINGERI,COFFEE,coffee,1885,91,675,766
2010,17,CHIKMAGALUR,1,SRINGERI,GROSS CROPPED AREA,,5802,1467,4880,6347
2010,17,CHIKMAGALUR,4,TARIKERE,PADDY,rice,19852,25734,1428,27163
2010,17,CHIKMAGALUR,4,TARIKERE,JOWAR,jowar,1253,12,702,714
2010,17,CHIKMAGALUR,4,TARIKERE,BAJRA,bajra,0,0,0,0
2010,17,CHIKMAGALUR,4,TARIKERE,MAIZE,maize,6463,1,4681,4682
2010,17,CHIKMAGALUR,4,TARIKERE,RAGI,ragi,13442,67,8525,8592
2010,17,CHIKMAGALUR,4,TARIKERE,WHEAT,wheat,76,8,47,55
2010,17,CHIKMAGALUR,4,TARIKERE,BARLEY,barley,10,3,2,5
2010,17,CHIKMAGALUR,4,TARIKERE,GRAM,chickpea,868,2,460,462
2010,17,CHIKMAGALUR,4,TARIKERE,TUR (ARHAR),pigeonpea (tur),328,0,89,89
2010,17,CHIKMAGALUR,4,TARIKERE,URAD,black gram,16,0,6,6
2010,17,CHIKMAGALUR,4,TARIKERE,MOONG,green gram,6,0,18,18
2010,17,CHIKMAGALUR,4,TARIKERE,MASUR,lentil,12,0,5,5
2010,17,CHIKMAGALUR,4,TARIKERE,HORSEGRAM,horse gram,2708,14,1310,1325
2010,17,CHIKMAGALUR,4,TARIKERE,MOTH,moth bean,0,0,0,0
2010,17,CHIKMAGALUR,4,TARIKERE,SUGARCANE,sugarcane,577,346,0,346
2010,17,CHIKMAGALUR,4,TARIKERE,PEPPER (BLACK),black pepper,1,0,18,18
2010,17,CHIKMAGALUR,4,TARIKERE,CHILLIES,chilli,2635,27,1200,1227
2010,17,CHIKMAGALUR,4,TARIKERE,GINGER,ginger,11,2,0,2
2010,17,CHIKMAGALUR,4,TARIKERE,TURMERIC,turmeric,0,0,0,0
2010,17,CHIKMAGALUR,4,TARIKERE,BETELNUTS (ARECANUTS),arecanut,6339,6881,532,7414
2010,17,CHIKMAGALUR,4,TARIKERE,MANGOES,mango,3105,59,2931,2989
2010,17,CHIKMAGALUR,4,TARIKERE,BANANA,banana,445,163,147,310
2010,17,CHIKMAGALUR,4,TARIKERE,TABLE GRAPES,grapes,0,0,0,0
2010,17,CHIKMAGALUR,4,TARIKERE,WINE GRAPES (BLACK),grapes,0,0,0,0
2010,17,CHIKMAGALUR,4,TARIKERE,CASHEWNUTS,cashewnut,0,0,0,0
2010,17,CHIKMAGALUR,4,TARIKERE,POTATO,potato,2722,2,2859,2861
2010,17,CHIKMAGALUR,4,TARIKERE,TAPIOCA (CASSAVA),tapioca,16,0,18,18
2010,17,CHIKMAGALUR,4,TARIKERE,SWEET POTATO,sweet potato,0,0,0,0
2010,17,CHIKMAGALUR,4,TARIKERE,ONION,onion,3639,14,2114,2128
2010,17,CHIKMAGALUR,4,TARIKERE,TOMATO,tomato,61,26,8,34
2010,17,CHIKMAGALUR,4,TARIKERE,GROUNDNUT,groundnut,2926,31,1718,1750
2010,17,CHIKMAGALUR,4,TARIKERE,CASTORSEED,castor,62,0,15,15
2010,17,CHIKMAGALUR,4,TARIKERE,SESAMUM (TIL),sesame,2223,0,1297,1297
2010,17,CHIKMAGALUR,4,TARIKERE,RAPESEED & MUSTARD (TORIA/TARAMIRA),mustard,39,0,16,16
2010,17,CHIKMAGALUR,4,TARIKERE,LINSEED,linseed,34,0,13,13
2010,17,CHIKMAGALUR,4,TARIKERE,COCONUT,coconut,10408,1272,6235,7508
2010,17,CHIKMAGALUR,4,TARIKERE,SUNFLOWER,sunflower,158,0,91,91
2010,17,CHIKMAGALUR,4,TARIKERE,SOYABEAN,soybean,11,0,8,8
2010,17,CHIKMAGALUR,4,TARIKERE,NIGERSEED,niger seed,8,0,3,3
2010,17,CHIKMAGALUR,4,TARIKERE,COTTON,cotton,41,0,13,13
2010,17,CHIKMAGALUR,4,TARIKERE,JUTE,jute,0,0,0,0
2010,17,CHIKMAGALUR,4,TARIKERE,MESTA,mesta,0,0,0,0
2010,17,CHIKMAGALUR,4,TARIKERE,TOBACCO,tobacco,0,0,0,0
2010,17,CHIKMAGALUR,4,TARIKERE,GUAR,guar,0,0,0,0
2010,17,CHIKMAGALUR,4,TARIKERE,COFFEE,coffee,28,0,862,862
2010,17,CHIKMAGALUR,4,TARIKERE,GROSS CROPPED AREA,,51407,34710,37731,72441
2010,13,CHITRADURGA,2,CHALLAKERE,PADDY,rice,10351,16564,133,16696
2010,13,CHITRADURGA,2,CHALLAKERE,JOWAR,jowar,2220,432,3083,3515
2010,13,CHITRADURGA,2,CHALLAKERE,BAJRA,bajra,1667,0,584,584
2010,13,CHITRADURGA,2,CHALLAKERE,MAIZE,maize,3403,3732,825,4557
2010,13,CHITRADURGA,2,CHALLAKERE,RAGI,ragi,3309,1589,1091,2681
2010,13,CHITRADURGA,2,CHALLAKERE,WHEAT,wheat,79,60,3,63
2010,13,CHITRADURGA,2,CHALLAKERE,BARLEY,barley,62,25,2,27
2010,13,CHITRADURGA,2,CHALLAKERE,GRAM,chickpea,85,3,67,70
2010,13,CHITRADURGA,2,CHALLAKERE,TUR (ARHAR),pigeonpea (tur),17873,21,5227,5249
2010,13,CHITRADURGA,2,CHALLAKERE,URAD,black gram,17,0,6,6
2010,13,CHITRADURGA,2,CHALLAKERE,MOONG,green gram,379,0,34,34
2010,13,CHITRADURGA,2,CHALLAKERE,MASUR,lentil,7,0,13,13
2010,13,CHITRADURGA,2,CHALLAKERE,HORSEGRAM,horse gram,5872,53,2150,2203
2010,13,CHITRADURGA,2,CHALLAKERE,MOTH,moth bean,0,0,0,0
2010,13,CHITRADURGA,2,CHALLAKERE,SUGARCANE,sugarcane,11,9,0,9
2010,13,CHITRADURGA,2,CHALLAKERE,PEPPER (BLACK),black pepper,0,0,0,0
2010,13,CHITRADURGA,2,CHALLAKERE,CHILLIES,chilli,25,12,0,12
2010,13,CHITRADURGA,2,CHALLAKERE,GINGER,ginger,0,0,0,0
2010,13,CHITRADURGA,2,CHALLAKERE,TURMERIC,turmeric,0,0,0,0
2010,13,CHITRADURGA,2,CHALLAKERE,BETELNUTS (ARECANUTS),arecanut,356,275,1,276
2010,13,CHITRADURGA,2,CHALLAKERE,MANGOES,mango,60,102,0,102
2010,13,CHITRADURGA,2,CHALLAKERE,BANANA,banana,88,92,0,92
2010,13,CHITRADURGA,2,CHALLAKERE,TABLE GRAPES,grapes,0,0,0,0
2010,13,CHITRADURGA,2,CHALLAKERE,WINE GRAPES (BLACK),grapes,0,0,0,0
2010,13,CHITRADURGA,2,CHALLAKERE,CASHEWNUTS,cashewnut,0,0,0,0
2010,13,CHITRADURGA,2,CHALLAKERE,POTATO,potato,0,0,0,0
2010,13,CHITRADURGA,2,CHALLAKERE,TAPIOCA (CASSAVA),tapioca,0,0,0,0
2010,13,CHITRADURGA,2,CHALLAKERE,SWEET POTATO,sweet potato,0,0,0,0
2010,13,CHITRADURGA,2,CHALLAKERE,ONION,onion,3759,4534,393,4927
2010,13,CHITRADURGA,2,CHALLAKERE,TOMATO,tomato,28,24,0,24
2010,13,CHITRADURGA,2,CHALLAKERE,GROUNDNUT,groundnut,44367,746,93301,94047
2010,13,CHITRADURGA,2,CHALLAKERE,CASTORSEED,castor,101,0,16,16
2010,13,CHITRADURGA,2,CHALLAKERE,SESAMUM (TIL),sesame,6,0,1,1
2010,13,CHITRADURGA,2,CHALLAKERE,RAPESEED & MUSTARD (TORIA/TARAMIRA),mustard,48,14,26,40
2010,13,CHITRADURGA,2,CHALLAKERE,LINSEED,linseed,6,0,16,16
2010,13,CHITRADURGA,2,CHALLAKERE,COCONUT,coconut,345,339,15,354
2010,13,CHITRADURGA,2,CHALLAKERE,SUNFLOWER,sunflower,2530,320,3872,4192
2010,13,CHITRADURGA,2,CHALLAKERE,SOYABEAN,soybean,0,0,0,0
2010,13,CHITRADURGA,2,CHALLAKERE,NIGERSEED,niger seed,12,14,0,14
2010,13,CHITRADURGA,2,CHALLAKERE,COTTON,cotton,1612,156,2866,3023
2010,13,CHITRADURGA,2,CHALLAKERE,JUTE,jute,12,0,27,27
2010,13,CHITRADURGA,2,CHALLAKERE,MESTA,mesta,0,0,0,0
2010,13,CHITRADURGA,2,CHALLAKERE,TOBACCO,tobacco,0,0,0,0
2010,13,CHITRADURGA,2,CHALLAKERE,GUAR,guar,0,0,0,0
2010,13,CHITRADURGA,2,CHALLAKERE,COFFEE,coffee,0,0,0,0
2010,13,CHITRADURGA,2,CHALLAKERE,GROSS CROPPED AREA,,65810,29829,115554,145383
2010,13,CHITRADURGA,3,CHITRADURGA,PADDY,rice,4189,14963,17,14981
2010,13,CHITRADURGA,3,CHITRADURGA,JOWAR,jowar,885,34,1352,1387
2010,13,CHITRADURGA,3,CHITRADURGA,BAJRA,bajra,50,0,50,50
2010,13,CHITRADURGA,3,CHITRADURGA,MAIZE,maize,38969,764,54892,55657
2010,13,CHITRADURGA,3,CHITRADURGA,RAGI,ragi,10822,24,7177,7201
2010,13,CHITRADURGA,3,CHITRADURGA,WHEAT,wheat,394,420,215,635
2010,13,CHITRADURGA,3,CHITRADURGA,BARLEY,barley,35,3,24,27
2010,13,CHITRADURGA,3,CHITRADURGA,GRAM,chickpea,553,1170,183,1353
2010,13,CHITRADURGA,3,CHITRADURGA,TUR (ARHAR),pigeonpea (tur),1383,7,377,384
2010,13,CHITRADURGA,3,CHITRADURGA,URAD,black gram,5,0,2,2
2010,13,CHITRADURGA,3,CHITRADURGA,MOONG,green gram,10,0,3,3
2010,13,CHITRADURGA,3,CHITRADURGA,MASUR,lentil,4,0,1,1
2010,13,CHITRADURGA,3,CHITRADURGA,HORSEGRAM,horse gram,367,5,158,163
2010,13,CHITRADURGA,3,CHITRADURGA,MOTH,moth bean,0,0,0,0
2010,13,CHITRADURGA,3,CHITRADURGA,SUGARCANE,sugarcane,0,0,0,0
2010,13,CHITRADURGA,3,CHITRADURGA,PEPPER (BLACK),black pepper,0,0,0,0
2010,13,CHITRADURGA,3,CHITRADURGA,CHILLIES,chilli,4,1,0,1
2010,13,CHITRADURGA,3,CHITRADURGA,GINGER,ginger,3,2,0,2
2010,13,CHITRADURGA,3,CHITRADURGA,TURMERIC,turmeric,9,0,10,10
2010,13,CHITRADURGA,3,CHITRADURGA,BETELNUTS (ARECANUTS),arecanut,3216,3283,146,3429
2010,13,CHITRADURGA,3,CHITRADURGA,MANGOES,mango,77,39,22,61
2010,13,CHITRADURGA,3,CHITRADURGA,BANANA,banana,180,109,26,135
2010,13,CHITRADURGA,3,CHITRADURGA,TABLE GRAPES,grapes,8,5,0,5
2010,13,CHITRADURGA,3,CHITRADURGA,WINE GRAPES (BLACK),grapes,0,0,0,0
2010,13,CHITRADURGA,3,CHITRADURGA,CASHEWNUTS,cashewnut,0,0,0,0
2010,13,CHITRADURGA,3,CHITRADURGA,POTATO,potato,0,0,0,0
2010,13,CHITRADURGA,3,CHITRADURGA,TAPIOCA (CASSAVA),tapioca,0,0,0,0
2010,13,CHITRADURGA,3,CHITRADURGA,SWEET POTATO,sweet potato,0,0,0,0
2010,13,CHITRADURGA,3,CHITRADURGA,ONION,onion,2769,6465,808,7273
2010,13,CHITRADURGA,3,CHITRADURGA,TOMATO,tomato,44,22,0,22
2010,13,CHITRADURGA,3,CHITRADURGA,GROUNDNUT,groundnut,2596,18,3724,3743
2010,13,CHITRADURGA,3,CHITRADURGA,CASTORSEED,castor,42,0,50,50
2010,13,CHITRADURGA,3,CHITRADURGA,SESAMUM (TIL),sesame,17,0,15,15
2010,13,CHITRADURGA,3,CHITRADURGA,RAPESEED & MUSTARD (TORIA/TARAMIRA),mustard,7,0,13,13
2010,13,CHITRADURGA,3,CHITRADURGA,LINSEED,linseed,8,0,8,8
2010,13,CHITRADURGA,3,CHITRADURGA,COCONUT,coconut,289,205,19,225
2010,13,CHITRADURGA,3,CHITRADURGA,SUNFLOWER,sunflower,3072,122,3365,3487
2010,13,CHITRADURGA,3,CHITRADURGA,SOYABEAN,soybean,0,0,0,0
2010,13,CHITRADURGA,3,CHITRADURGA,NIGERSEED,niger seed,4,0,1,1
2010,13,CHITRADURGA,3,CHITRADURGA,COTTON,cotton,4624,129,3991,4120
2010,13,CHITRADURGA,3,CHITRADURGA,JUTE,jute,58,0,33,33
2010,13,CHITRADURGA,3,CHITRADURGA,MESTA,mesta,0,0,0,0
2010,13,CHITRADURGA,3,CHITRADURGA,TOBACCO,tobacco,0,0,0,0
2010,13,CHITRADURGA,3,CHITRADURGA,GUAR,guar,0,0,0,0
2010,13,CHITRADURGA,3,CHITRADURGA,COFFEE,coffee,0,0,0,0
2010,13,CHITRADURGA,3,CHITRADURGA,GROSS CROPPED AREA,,57423,28286,77301,105587
2010,13,CHITRADURGA,6,HIRIYUR,PADDY,rice,5777,9043,920,9963
2010,13,CHITRADURGA,6,HIRIYUR,JOWAR,jowar,11664,193,19743,19936
2010,13,CHITRADURGA,6,HIRIYUR,BAJRA,bajra,259,0,490,490
2010,13,CHITRADURGA,6,HIRIYUR,MAIZE,maize,6022,690,10950,11639
2010,13,CHITRADURGA,6,HIRIYUR,RAGI,ragi,6253,566,8284,8850
2010,13,CHITRADURGA,6,HIRIYUR,WHEAT,wheat,168,9,275,283
2010,13,CHITRADURGA,6,HIRIYUR,BARLEY,barley,48,0,75,75
2010,13,CHITRADURGA,6,HIRIYUR,GRAM,chickpea,99,10,91,101
2010,13,CHITRADURGA,6,HIRIYUR,TUR (ARHAR),pigeonpea (tur),2639,29,1976,2005
2010,13,CHITRADURGA,6,HIRIYUR,URAD,black gram,13,0,14,14
2010,13,CHITRADURGA,6,HIRIYUR,MOONG,green gram,54,30,12,41
2010,13,CHITRADURGA,6,HIRIYUR,MASUR,lentil,17,0,130,130
2010,13,CHITRADURGA,6,HIRIYUR,HORSEGRAM,horse gram,5350,43,7419,7462
2010,13,CHITRADURGA,6,HIRIYUR,MOTH,moth bean,6,0,7,7
2010,13,CHITRADURGA,6,HIRIYUR,SUGARCANE,sugarcane,0,0,0,0
2010,13,CHITRADURGA,6,HIRIYUR,PEPPER (BLACK),black pepper,0,0,0,0
2010,13,CHITRADURGA,6,HIRIYUR,CHILLIES,chilli,12,9,0,9
2010,13,CHITRADURGA,6,HIRIYUR,GINGER,ginger,0,0,0,0
2010,13,CHITRADURGA,6,HIRIYUR,TURMERIC,turmeric,0,0,0,0
2010,13,CHITRADURGA,6,HIRIYUR,BETELNUTS (ARECANUTS),arecanut,627,352,132,484
2010,13,CHITRADURGA,6,HIRIYUR,MANGOES,mango,83,25,105,130
2010,13,CHITRADURGA,6,HIRIYUR,BANANA,banana,248,240,61,300
2010,13,CHITRADURGA,6,HIRIYUR,TABLE GRAPES,grapes,0,0,0,0
2010,13,CHITRADURGA,6,HIRIYUR,WINE GRAPES (BLACK),grapes,0,0,0,0
2010,13,CHITRADURGA,6,HIRIYUR,CASHEWNUTS,cashewnut,0,0,0,0
2010,13,CHITRADURGA,6,HIRIYUR,POTATO,potato,0,0,0,0
2010,13,CHITRADURGA,6,HIRIYUR,TAPIOCA (CASSAVA),tapioca,6,0,45,45
2010,13,CHITRADURGA,6,HIRIYUR,SWEET POTATO,sweet potato,0,0,0,0
2010,13,CHITRADURGA,6,HIRIYUR,ONION,onion,674,817,709,1527
2010,13,CHITRADURGA,6,HIRIYUR,TOMATO,tomato,0,0,0,0
2010,13,CHITRADURGA,6,HIRIYUR,GROUNDNUT,groundnut,6296,161,10901,11061
2010,13,CHITRADURGA,6,HIRIYUR,CASTORSEED,castor,100,1,69,70
2010,13,CHITRADURGA,6,HIRIYUR,SESAMUM (TIL),sesame,6,0,6,6
2010,13,CHITRADURGA,6,HIRIYUR,RAPESEED & MUSTARD (TORIA/TARAMIRA),mustard,19,0,21,21
2010,13,CHITRADURGA,6,HIRIYUR,LINSEED,linseed,6,5,0,5
2010,13,CHITRADURGA,6,HIRIYUR,COCONUT,coconut,1727,1415,606,2021
2010,13,CHITRADURGA,6,HIRIYUR,SUNFLOWER,sunflower,10320,573,17985,18557
2010,13,CHITRADURGA,6,HIRIYUR,SOYABEAN,soybean,0,0,0,0
2010,13,CHITRADURGA,6,HIRIYUR,NIGERSEED,niger seed,6,0,4,4
2010,13,CHITRADURGA,6,HIRIYUR,COTTON,cotton,3290,467,5315,5782
2010,13,CHITRADURGA,6,HIRIYUR,JUTE,jute,13,0,16,16
2010,13,CHITRADURGA,6,HIRIYUR,MESTA,mesta,0,0,0,0
2010,13,CHITRADURGA,6,HIRIYUR,TOBACCO,tobacco,69,81,0,81
2010,13,CHITRADURGA,6,HIRIYUR,GUAR,guar,0,0,0,0
2010,13,CHITRADURGA,6,HIRIYUR,COFFEE,coffee,0,0,0,0
2010,13,CHITRADURGA,6,HIRIYUR,GROSS CROPPED AREA,,52067,15021,94247,109269
2010,13,CHITRADURGA,4,HOLALKERE,PADDY,rice,3601,6777,45,6822
2010,13,CHITRADURGA,4,HOLALKERE,JOWAR,jowar,1226,28,595,623
2010,13,CHITRADURGA,4,HOLALKERE,BAJRA,bajra,27,0,16,16
2010,13,CHITRADURGA,4,HOLALKERE,MAIZE,maize,27549,187,29809,29996
2010,13,CHITRADURGA,4,HOLALKERE,RAGI,ragi,12210,27,10707,10734
2010,13,CHITRADURGA,4,HOLALKERE,WHEAT,wheat,72,11,31,43
2010,13,CHITRADURGA,4,HOLALKERE,BARLEY,barley,11,9,0,9
2010,13,CHITRADURGA,4,HOLALKERE,GRAM,chickpea,41,0,15,15
2010,13,CHITRADURGA,4,HOLALKERE,TUR (ARHAR),pigeonpea (tur),740,1,245,246
2010,13,CHITRADURGA,4,HOLALKERE,URAD,black gram,0,0,0,0
2010,13,CHITRADURGA,4,HOLALKERE,MOONG,green gram,346,0,347,347
2010,13,CHITRADURGA,4,HOLALKERE,MASUR,lentil,0,0,0,0
2010,13,CHITRADURGA,4,HOLALKERE,HORSEGRAM,horse gram,420,0,276,276
2010,13,CHITRADURGA,4,HOLALKERE,MOTH,moth bean,0,0,0,0
2010,13,CHITRADURGA,4,HOLALKERE,SUGARCANE,sugarcane,0,0,0,0
2010,13,CHITRADURGA,4,HOLALKERE,PEPPER (BLACK),black pepper,107,88,0,88
2010,13,CHITRADURGA,4,HOLALKERE,CHILLIES,chilli,21,0,12,12
2010,13,CHITRADURGA,4,HOLALKERE,GINGER,ginger,0,0,0,0
2010,13,CHITRADURGA,4,HOLALKERE,TURMERIC,turmeric,0,0,0,0
2010,13,CHITRADURGA,4,HOLALKERE,BETELNUTS (ARECANUTS),arecanut,5270,5678,1778,7456
2010,13,CHITRADURGA,4,HOLALKERE,MANGOES,mango,429,9,435,444
2010,13,CHITRADURGA,4,HOLALKERE,BANANA,banana,880,768,18,786
2010,13,CHITRADURGA,4,HOLALKERE,TABLE GRAPES,grapes,5,4,0,4
2010,13,CHITRADURGA,4,HOLALKERE,WINE GRAPES (BLACK),grapes,0,0,0,0
2010,13,CHITRADURGA,4,HOLALKERE,CASHEWNUTS,cashewnut,0,0,0,0
2010,13,CHITRADURGA,4,HOLALKERE,POTATO,potato,10,0,6,6
2010,13,CHITRADURGA,4,HOLALKERE,TAPIOCA (CASSAVA),tapioca,0,0,0,0
2010,13,CHITRADURGA,4,HOLALKERE,SWEET POTATO,sweet potato,0,0,0,0
2010,13,CHITRADURGA,4,HOLALKERE,ONION,onion,1439,56,790,846
2010,13,CHITRADURGA,4,HOLALKERE,TOMATO,tomato,421,0,343,343
2010,13,CHITRADURGA,4,HOLALKERE,GROUNDNUT,groundnut,1140,0,823,823
2010,13,CHITRADURGA,4,HOLALKERE,CASTORSEED,castor,40,0,17,17
2010,13,CHITRADURGA,4,HOLALKERE,SESAMUM (TIL),sesame,867,4,744,748
2010,13,CHITRADURGA,4,HOLALKERE,RAPESEED & MUSTARD (TORIA/TARAMIRA),mustard,45,0,38,38
2010,13,CHITRADURGA,4,HOLALKERE,LINSEED,linseed,24,0,12,12
2010,13,CHITRADURGA,4,HOLALKERE,COCONUT,coconut,5949,1397,3328,4725
2010,13,CHITRADURGA,4,HOLALKERE,SUNFLOWER,sunflower,921,10,618,628
2010,13,CHITRADURGA,4,HOLALKERE,SOYABEAN,soybean,0,0,0,0
2010,13,CHITRADURGA,4,HOLALKERE,NIGERSEED,niger seed,10,0,0,0
2010,13,CHITRADURGA,4,HOLALKERE,COTTON,cotton,3103,131,2548,2680
2010,13,CHITRADURGA,4,HOLALKERE,JUTE,jute,20,0,8,8
2010,13,CHITRADURGA,4,HOLALKERE,MESTA,mesta,0,0,0,0
2010,13,CHITRADURGA,4,HOLALKERE,TOBACCO,tobacco,0,0,0,0
2010,13,CHITRADURGA,4,HOLALKERE,GUAR,guar,0,0,0,0
2010,13,CHITRADURGA,4,HOLALKERE,COFFEE,coffee,0,0,0,0
2010,13,CHITRADURGA,4,HOLALKERE,GROSS CROPPED AREA,,43999,15346,54206,69552
2010,13,CHITRADURGA,5,HOSADURGA,PADDY,rice,3109,6863,303,7166
2010,13,CHITRADURGA,5,HOSADURGA,JOWAR,jowar,3158,8,2016,2025
2010,13,CHITRADURGA,5,HOSADURGA,BAJRA,bajra,41,0,31,31
2010,13,CHITRADURGA,5,HOSADURGA,MAIZE,maize,6387,38,5768,5806
2010,13,CHITRADURGA,5,HOSADURGA,RAGI,ragi,28703,133,24507,24640
2010,13,CHITRADURGA,5,HOSADURGA,WHEAT,wheat,150,48,98,146
2010,13,CHITRADURGA,5,HOSADURGA,BARLEY,barley,20,0,19,19
2010,13,CHITRADURGA,5,HOSADURGA,GRAM,chickpea,1034,0,480,480
2010,13,CHITRADURGA,5,HOSADURGA,TUR (ARHAR),pigeonpea (tur),1049,6,594,600
2010,13,CHITRADURGA,5,HOSADURGA,URAD,black gram,16,0,7,7
2010,13,CHITRADURGA,5,HOSADURGA,MOONG,green gram,12495,31,8553,8584
2010,13,CHITRADURGA,5,HOSADURGA,MASUR,lentil,186,0,204,204
2010,13,CHITRADURGA,5,HOSADURGA,HORSEGRAM,horse gram,6022,25,3227,3252
2010,13,CHITRADURGA,5,HOSADURGA,MOTH,moth bean,0,0,0,0
2010,13,CHITRADURGA,5,HOSADURGA,SUGARCANE,sugarcane,0,0,0,0
2010,13,CHITRADURGA,5,HOSADURGA,PEPPER (BLACK),black pepper,0,0,0,0
2010,13,CHITRADURGA,5,HOSADURGA,CHILLIES,chilli,80,0,8,8
2010,13,CHITRADURGA,5,HOSADURGA,GINGER,ginger,0,0,0,0
2010,13,CHITRADURGA,5,HOSADURGA,TURMERIC,turmeric,4,2,0,2
2010,13,CHITRADURGA,5,HOSADURGA,BETELNUTS (ARECANUTS),arecanut,1808,696,789,1484
2010,13,CHITRADURGA,5,HOSADURGA,MANGOES,mango,12,8,1,10
2010,13,CHITRADURGA,5,HOSADURGA,BANANA,banana,527,451,51,502
2010,13,CHITRADURGA,5,HOSADURGA,TABLE GRAPES,grapes,0,0,0,0
2010,13,CHITRADURGA,5,HOSADURGA,WINE GRAPES (BLACK),grapes,0,0,0,0
2010,13,CHITRADURGA,5,HOSADURGA,CASHEWNUTS,cashewnut,0,0,0,0
2010,13,CHITRADURGA,5,HOSADURGA,POTATO,potato,0,0,0,0
2010,13,CHITRADURGA,5,HOSADURGA,TAPIOCA (CASSAVA),tapioca,0,0,0,0
2010,13,CHITRADURGA,5,HOSADURGA,SWEET POTATO,sweet potato,0,0,0,0
2010,13,CHITRADURGA,5,HOSADURGA,ONION,onion,1006,12,497,509
2010,13,CHITRADURGA,5,HOSADURGA,TOMATO,tomato,4,0,1,1
2010,13,CHITRADURGA,5,HOSADURGA,GROUNDNUT,groundnut,1650,118,688,806
2010,13,CHITRADURGA,5,HOSADURGA,CASTORSEED,castor,110,0,26,26
2010,13,CHITRADURGA,5,HOSADURGA,SESAMUM (TIL),sesame,6030,94,3132,3226
2010,13,CHITRADURGA,5,HOSADURGA,RAPESEED & MUSTARD (TORIA/TARAMIRA),mustard,217,14,157,170
2010,13,CHITRADURGA,5,HOSADURGA,LINSEED,linseed,157,0,165,165
2010,13,CHITRADURGA,5,HOSADURGA,COCONUT,coconut,18911,6465,11906,18371
2010,13,CHITRADURGA,5,HOSADURGA,SUNFLOWER,sunflower,2388,39,1969,2008
2010,13,CHITRADURGA,5,HOSADURGA,SOYABEAN,soybean,12,6,9,16
2010,13,CHITRADURGA,5,HOSADURGA,NIGERSEED,niger seed,74,0,19,19
2010,13,CHITRADURGA,5,HOSADURGA,COTTON,cotton,440,0,799,799
2010,13,CHITRADURGA,5,HOSADURGA,JUTE,jute,3,0,16,16
2010,13,CHITRADURGA,5,HOSADURGA,MESTA,mesta,0,0,0,0
2010,13,CHITRADURGA,5,HOSADURGA,TOBACCO,tobacco,0,0,0,0
2010,13,CHITRADURGA,5,HOSADURGA,GUAR,guar,0,0,0,0
2010,13,CHITRADURGA,5,HOSADURGA,COFFEE,coffee,0,0,0,0
2010,13,CHITRADURGA,5,HOSADURGA,GROSS CROPPED AREA,,51277,15480,68172,83652
2010,13,CHITRADURGA,1,MOLKALMUR,PADDY,rice,4692,5448,93,5541
2010,13,CHITRADURGA,1,MOLKALMUR,JOWAR,jowar,1962,1042,1662,2703
2010,13,CHITRADURGA,1,MOLKALMUR,BAJRA,bajra,921,99,459,558
2010,13,CHITRADURGA,1,MOLKALMUR,MAIZE,maize,1538,1975,536,2511
2010,13,CHITRADURGA,1,MOLKALMUR,RAGI,ragi,263,239,4,243
2010,13,CHITRADURGA,1,MOLKALMUR,WHEAT,wheat,15,13,0,13
2010,13,CHITRADURGA,1,MOLKALMUR,BARLEY,barley,5,8,0,8
2010,13,CHITRADURGA,1,MOLKALMUR,GRAM,chickpea,0,0,0,0
2010,13,CHITRADURGA,1,MOLKALMUR,TUR (ARHAR),pigeonpea (tur),1354,3,336,339
2010,13,CHITRADURGA,1,MOLKALMUR,URAD,black gram,11,0,1,1
2010,13,CHITRADURGA,1,MOLKALMUR,MOONG,green gram,485,1,43,44
2010,13,CHITRADURGA,1,MOLKALMUR,MASUR,lentil,0,0,0,0
2010,13,CHITRADURGA,1,MOLKALMUR,HORSEGRAM,horse gram,377,0,155,155
2010,13,CHITRADURGA,1,MOLKALMUR,MOTH,moth bean,0,0,0,0
2010,13,CHITRADURGA,1,MOLKALMUR,SUGARCANE,sugarcane,0,0,0,0
2010,13,CHITRADURGA,1,MOLKALMUR,PEPPER (BLACK),black pepper,0,0,0,0
2010,13,CHITRADURGA,1,MOLKALMUR,CHILLIES,chilli,5,0,0,0
2010,13,CHITRADURGA,1,MOLKALMUR,GINGER,ginger,0,0,0,0
2010,13,CHITRADURGA,1,MOLKALMUR,TURMERIC,turmeric,0,0,0,0
2010,13,CHITRADURGA,1,MOLKALMUR,BETELNUTS (ARECANUTS),arecanut,0,0,0,0
2010,13,CHITRADURGA,1,MOLKALMUR,MANGOES,mango,20,21,8,29
2010,13,CHITRADURGA,1,MOLKALMUR,BANANA,banana,44,63,0,63
2010,13,CHITRADURGA,1,MOLKALMUR,TABLE GRAPES,grapes,0,0,0,0
2010,13,CHITRADURGA,1,MOLKALMUR,WINE GRAPES (BLACK),grapes,0,0,0,0
2010,13,CHITRADURGA,1,MOLKALMUR,CASHEWNUTS,cashewnut,0,0,0,0
2010,13,CHITRADURGA,1,MOLKALMUR,POTATO,potato,0,0,0,0
2010,13,CHITRADURGA,1,MOLKALMUR,TAPIOCA (CASSAVA),tapioca,0,0,0,0
2010,13,CHITRADURGA,1,MOLKALMUR,SWEET POTATO,sweet potato,0,0,0,0
2010,13,CHITRADURGA,1,MOLKALMUR,ONION,onion,193,172,5,178
2010,13,CHITRADURGA,1,MOLKALMUR,TOMATO,tomato,27,5,0,5
2010,13,CHITRADURGA,1,MOLKALMUR,GROUNDNUT,groundnut,12364,122,26737,26858
2010,13,CHITRADURGA,1,MOLKALMUR,CASTORSEED,castor,31,0,41,41
2010,13,CHITRADURGA,1,MOLKALMUR,SESAMUM (TIL),sesame,0,0,0,0
2010,13,CHITRADURGA,1,MOLKALMUR,RAPESEED & MUSTARD (TORIA/TARAMIRA),mustard,11,0,19,19
2010,13,CHITRADURGA,1,MOLKALMUR,LINSEED,linseed,0,0,0,0
2010,13,CHITRADURGA,1,MOLKALMUR,COCONUT,coconut,15,17,0,17
2010,13,CHITRADURGA,1,MOLKALMUR,SUNFLOWER,sunflower,89,102,49,151
2010,13,CHITRADURGA,1,MOLKALMUR,SOYABEAN,soybean,0,0,0,0
2010,13,CHITRADURGA,1,MOLKALMUR,NIGERSEED,niger seed,24,0,2,2
2010,13,CHITRADURGA,1,MOLKALMUR,COTTON,cotton,2887,1971,2611,4582
2010,13,CHITRADURGA,1,MOLKALMUR,JUTE,jute,10,33,0,33
2010,13,CHITRADURGA,1,MOLKALMUR,MESTA,mesta,0,0,0,0
2010,13,CHITRADURGA,1,MOLKALMUR,TOBACCO,tobacco,0,0,0,0
2010,13,CHITRADURGA,1,MOLKALMUR,GUAR,guar,0,0,0,0
2010,13,CHITRADURGA,1,MOLKALMUR,COFFEE,coffee,0,0,0,0
2010,13,CHITRADURGA,1,MOLKALMUR,GROSS CROPPED AREA,,20001,11747,33131,44878
2010,24,DAKSHINA KANNADA,2,BANTWAL,PADDY,rice,16279,5377,3835,9212
2010,24,DAKSHINA KANNADA,2,BANTWAL,JOWAR,jowar,0,0,0,0
2010,24,DAKSHINA KANNADA,2,BANTWAL,BAJRA,bajra,0,0,0,0
2010,24,DAKSHINA KANNADA,2,BANTWAL,MAIZE,maize,0,0,0,0
2010,24,DAKSHINA KANNADA,2,BANTWAL,RAGI,ragi,0,0,0,0
2010,24,DAKSHINA KANNADA,2,BANTWAL,WHEAT,wheat,213,13,2,15
2010,24,DAKSHINA KANNADA,2,BANTWAL,BARLEY,barley,5,0,0,0
2010,24,DAKSHINA KANNADA,2,BANTWAL,GRAM,chickpea,5,0,0,0
2010,24,DAKSHINA KANNADA,2,BANTWAL,TUR (ARHAR),pigeonpea (tur),0,0,0,0
2010,24,DAKSHINA KANNADA,2,BANTWAL,URAD,black gram,0,0,0,0
2010,24,DAKSHINA KANNADA,2,BANTWAL,MOONG,green gram,16,6,1,6
2010,24,DAKSHINA KANNADA,2,BANTWAL,MASUR,lentil,0,0,0,0
2010,24,DAKSHINA KANNADA,2,BANTWAL,HORSEGRAM,horse gram,0,0,0,0
2010,24,DAKSHINA KANNADA,2,BANTWAL,MOTH,moth bean,5,1,0,1
2010,24,DAKSHINA KANNADA,2,BANTWAL,SUGARCANE,sugarcane,0,0,0,0
2010,24,DAKSHINA KANNADA,2,BANTWAL,PEPPER (BLACK),black pepper,2883,146,13,159
2010,24,DAKSHINA KANNADA,2,BANTWAL,CHILLIES,chilli,155,14,0,14
2010,24,DAKSHINA KANNADA,2,BANTWAL,GINGER,ginger,46,8,17,25
2010,24,DAKSHINA KANNADA,2,BANTWAL,TURMERIC,turmeric,209,16,33,48
2010,24,DAKSHINA KANNADA,2,BANTWAL,BETELNUTS (ARECANUTS),arecanut,31354,13616,1641,15257
2010,24,DAKSHINA KANNADA,2,BANTWAL,MANGOES,mango,4993,19,242,262
2010,24,DAKSHINA KANNADA,2,BANTWAL,BANANA,banana,14679,789,38,827
2010,24,DAKSHINA KANNADA,2,BANTWAL,TABLE GRAPES,grapes,10,3,0,3
2010,24,DAKSHINA KANNADA,2,BANTWAL,WINE GRAPES (BLACK),grapes,0,0,0,0
2010,24,DAKSHINA KANNADA,2,BANTWAL,CASHEWNUTS,cashewnut,7656,42,2077,2119
2010,24,DAKSHINA KANNADA,2,BANTWAL,POTATO,potato,0,0,0,0
2010,24,DAKSHINA KANNADA,2,BANTWAL,TAPIOCA (CASSAVA),tapioca,516,0,22,22
2010,24,DAKSHINA KANNADA,2,BANTWAL,SWEET POTATO,sweet potato,19,0,2,2
2010,24,DAKSHINA KANNADA,2,BANTWAL,ONION,onion,15,1,0,1
2010,24,DAKSHINA KANNADA,2,BANTWAL,TOMATO,tomato,0,0,0,0
2010,24,DAKSHINA KANNADA,2,BANTWAL,GROUNDNUT,groundnut,58,12,11,23
2010,24,DAKSHINA KANNADA,2,BANTWAL,CASTORSEED,castor,0,0,0,0
2010,24,DAKSHINA KANNADA,2,BANTWAL,SESAMUM (TIL),sesame,0,0,0,0
2010,24,DAKSHINA KANNADA,2,BANTWAL,RAPESEED & MUSTARD (TORIA/TARAMIRA),mustard,11,0,0,0
2010,24,DAKSHINA KANNADA,2,BANTWAL,LINSEED,linseed,26,0,1,2
2010,24,DAKSHINA KANNADA,2,BANTWAL,COCONUT,coconut,37040,2976,729,3705
2010,24,DAKSHINA KANNADA,2,BANTWAL,SUNFLOWER,sunflower,0,0,0,0
2010,24,DAKSHINA KANNADA,2,BANTWAL,SOYABEAN,soybean,0,0,0,0
2010,24,DAKSHINA KANNADA,2,BANTWAL,NIGERSEED,niger seed,0,0,0,0
2010,24,DAKSHINA KANNADA,2,BANTWAL,COTTON,cotton,5,0,0,0
2010,24,DAKSHINA KANNADA,2,BANTWAL,JUTE,jute,0,0,0,0
2010,24,DAKSHINA KANNADA,2,BANTWAL,MESTA,mesta,0,0,0,0
2010,24,DAKSHINA KANNADA,2,BANTWAL,TOBACCO,tobacco,0,0,0,0
2010,24,DAKSHINA KANNADA,2,BANTWAL,GUAR,guar,0,0,0,0
2010,24,DAKSHINA KANNADA,2,BANTWAL,COFFEE,coffee,10,1,2,3
2010,24,DAKSHINA KANNADA,2,BANTWAL,GROSS CROPPED AREA,,54008,23925,10285,34209
2010,24,DAKSHINA KANNADA,3,BELTANGADY,PADDY,rice,5787,2549,2769,5318
2010,24,DAKSHINA KANNADA,3,BELTANGADY,JOWAR,jowar,0,0,0,0
2010,24,DAKSHINA KANNADA,3,BELTANGADY,BAJRA,bajra,5,0,1,1
2010,24,DAKSHINA KANNADA,3,BELTANGADY,MAIZE,maize,6,5,0,5
2010,24,DAKSHINA KANNADA,3,BELTANGADY,RAGI,ragi,60,0,37,37
2010,24,DAKSHINA KANNADA,3,BELTANGADY,WHEAT,wheat,230,37,5,42
2010,24,DAKSHINA KANNADA,3,BELTANGADY,BARLEY,barley,6,4,0,4
2010,24,DAKSHINA KANNADA,3,BELTANGADY,GRAM,chickpea,0,0,0,0
2010,24,DAKSHINA KANNADA,3,BELTANGADY,TUR (ARHAR),pigeonpea (tur),0,0,0,0
2010,24,DAKSHINA KANNADA,3,BELTANGADY,URAD,black gram,0,0,0,0
2010,24,DAKSHINA KANNADA,3,BELTANGADY,MOONG,green gram,0,0,0,0
2010,24,DAKSHINA KANNADA,3,BELTANGADY,MASUR,lentil,0,0,0,0
2010,24,DAKSHINA KANNADA,3,BELTANGADY,HORSEGRAM,horse gram,0,0,0,0
2010,24,DAKSHINA KANNADA,3,BELTANGADY,MOTH,moth bean,0,0,0,0
2010,24,DAKSHINA KANNADA,3,BELTANGADY,SUGARCANE,sugarcane,0,0,0,0
2010,24,DAKSHINA KANNADA,3,BELTANGADY,PEPPER (BLACK),black pepper,17,6,0,6
2010,24,DAKSHINA KANNADA,3,BELTANGADY,CHILLIES,chilli,12,7,0,7
2010,24,DAKSHINA KANNADA,3,BELTANGADY,GINGER,ginger,36,26,10,36
2010,24,DAKSHINA KANNADA,3,BELTANGADY,TURMERIC,turmeric,34,12,0,12
2010,24,DAKSHINA KANNADA,3,BELTANGADY,BETELNUTS (ARECANUTS),arecanut,26407,17000,2243,19243
2010,24,DAKSHINA KANNADA,3,BELTANGADY,MANGOES,mango,72,0,22,22
2010,24,DAKSHINA KANNADA,3,BELTANGADY,BANANA,banana,4264,344,25,369
2010,24,DAKSHINA KANNADA,3,BELTANGADY,TABLE GRAPES,grapes,5,0,0,0
2010,24,DAKSHINA KANNADA,3,BELTANGADY,WINE GRAPES (BLACK),grapes,0,0,0,0
2010,24,DAKSHINA KANNADA,3,BELTANGADY,CASHEWNUTS,cashewnut,9918,51,3538,3590
2010,24,DAKSHINA KANNADA,3,BELTANGADY,POTATO,potato,0,0,0,0
2010,24,DAKSHINA KANNADA,3,BELTANGADY,TAPIOCA (CASSAVA),tapioca,0,0,0,0
2010,24,DAKSHINA KANNADA,3,BELTANGADY,SWEET POTATO,sweet potato,0,0,0,0
2010,24,DAKSHINA KANNADA,3,BELTANGADY,ONION,onion,0,0,0,0
2010,24,DAKSHINA KANNADA,3,BELTANGADY,TOMATO,tomato,0,0,0,0
2010,24,DAKSHINA KANNADA,3,BELTANGADY,GROUNDNUT,groundnut,41,13,12,25
2010,24,DAKSHINA KANNADA,3,BELTANGADY,CASTORSEED,castor,0,0,0,0
2010,24,DAKSHINA KANNADA,3,BELTANGADY,SESAMUM (TIL),sesame,5,0,1,1
2010,24,DAKSHINA KANNADA,3,BELTANGADY,RAPESEED & MUSTARD (TORIA/TARAMIRA),mustard,6,0,0,0
2010,24,DAKSHINA KANNADA,3,BELTANGADY,LINSEED,linseed,481,60,4,64
2010,24,DAKSHINA KANNADA,3,BELTANGADY,COCONUT,coconut,23559,2700,382,3082
2010,24,DAKSHINA KANNADA,3,BELTANGADY,SUNFLOWER,sunflower,22,2,0,2
2010,24,DAKSHINA KANNADA,3,BELTANGADY,SOYABEAN,soybean,11,1,0,1
2010,24,DAKSHINA KANNADA,3,BELTANGADY,NIGERSEED,niger seed,6,2,0,2
2010,24,DAKSHINA KANNADA,3,BELTANGADY,COTTON,cotton,0,0,0,0
2010,24,DAKSHINA KANNADA,3,BELTANGADY,JUTE,jute,0,0,0,0
2010,24,DAKSHINA KANNADA,3,BELTANGADY,MESTA,mesta,0,0,0,0
2010,24,DAKSHINA KANNADA,3,BELTANGADY,TOBACCO,tobacco,0,0,0,0
2010,24,DAKSHINA KANNADA,3,BELTANGADY,GUAR,guar,0,0,0,0
2010,24,DAKSHINA KANNADA,3,BELTANGADY,COFFEE,coffee,0,0,0,0
2010,24,DAKSHINA KANNADA,3,BELTANGADY,GROSS CROPPED AREA,,43375,23261,13718,36979
2010,24,DAKSHINA KANNADA,1,MANGALORE,PADDY,rice,20492,4167,8267,12433
2010,24,DAKSHINA KANNADA,1,MANGALORE,JOWAR,jowar,6,0,0,0
2010,24,DAKSHINA KANNADA,1,MANGALORE,BAJRA,bajra,0,0,0,0
2010,24,DAKSHINA KANNADA,1,MANGALORE,MAIZE,maize,0,0,0,0
2010,24,DAKSHINA KANNADA,1,MANGALORE,RAGI,ragi,0,0,0,0
2010,24,DAKSHINA KANNADA,1,MANGALORE,WHEAT,wheat,141,14,6,21
2010,24,DAKSHINA KANNADA,1,MANGALORE,BARLEY,barley,0,0,0,0
2010,24,DAKSHINA KANNADA,1,MANGALORE,GRAM,chickpea,5,4,4,8
2010,24,DAKSHINA KANNADA,1,MANGALORE,TUR (ARHAR),pigeonpea (tur),0,0,0,0
2010,24,DAKSHINA KANNADA,1,MANGALORE,URAD,black gram,326,30,5,35
2010,24,DAKSHINA KANNADA,1,MANGALORE,MOONG,green gram,103,7,1,8
2010,24,DAKSHINA KANNADA,1,MANGALORE,MASUR,lentil,7,1,0,1
2010,24,DAKSHINA KANNADA,1,MANGALORE,HORSEGRAM,horse gram,42,1,0,1
2010,24,DAKSHINA KANNADA,1,MANGALORE,MOTH,moth bean,0,0,0,0
2010,24,DAKSHINA KANNADA,1,MANGALORE,SUGARCANE,sugarcane,22,7,0,7
2010,24,DAKSHINA KANNADA,1,MANGALORE,PEPPER (BLACK),black pepper,219,27,10,37
2010,24,DAKSHINA KANNADA,1,MANGALORE,CHILLIES,chilli,6,1,0,1
2010,24,DAKSHINA KANNADA,1,MANGALORE,GINGER,ginger,11,11,0,11
2010,24,DAKSHINA KANNADA,1,MANGALORE,TURMERIC,turmeric,18,3,0,3
2010,24,DAKSHINA KANNADA,1,MANGALORE,BETELNUTS (ARECANUTS),arecanut,19427,5911,1913,7825
2010,24,DAKSHINA KANNADA,1,MANGALORE,MANGOES,mango,3417,48,98,147
2010,24,DAKSHINA KANNADA,1,MANGALORE,BANANA,banana,6026,542,37,579
2010,24,DAKSHINA KANNADA,1,MANGALORE,TABLE GRAPES,grapes,0,0,0,0
2010,24,DAKSHINA KANNADA,1,MANGALORE,WINE GRAPES (BLACK),grapes,0,0,0,0
2010,24,DAKSHINA KANNADA,1,MANGALORE,CASHEWNUTS,cashewnut,11706,50,2646,2696
2010,24,DAKSHINA KANNADA,1,MANGALORE,POTATO,potato,0,0,0,0
2010,24,DAKSHINA KANNADA,1,MANGALORE,TAPIOCA (CASSAVA),tapioca,21,0,0,1
2010,24,DAKSHINA KANNADA,1,MANGALORE,SWEET POTATO,sweet potato,519,34,2,36
2010,24,DAKSHINA KANNADA,1,MANGALORE,ONION,onion,0,0,0,0
2010,24,DAKSHINA KANNADA,1,MANGALORE,TOMATO,tomato,0,0,0,0
2010,24,DAKSHINA KANNADA,1,MANGALORE,GROUNDNUT,groundnut,31,6,6,13
2010,24,DAKSHINA KANNADA,1,MANGALORE,CASTORSEED,castor,0,0,0,0
2010,24,DAKSHINA KANNADA,1,MANGALORE,SESAMUM (TIL),sesame,80,6,0,6
2010,24,DAKSHINA KANNADA,1,MANGALORE,RAPESEED & MUSTARD (TORIA/TARAMIRA),mustard,7,0,1,1
2010,24,DAKSHINA KANNADA,1,MANGALORE,LINSEED,linseed,0,0,0,0
2010,24,DAKSHINA KANNADA,1,MANGALORE,COCONUT,coconut,26199,3658,1275,4933
2010,24,DAKSHINA KANNADA,1,MANGALORE,SUNFLOWER,sunflower,7,0,0,0
2010,24,DAKSHINA KANNADA,1,MANGALORE,SOYABEAN,soybean,0,0,0,0
2010,24,DAKSHINA KANNADA,1,MANGALORE,NIGERSEED,niger seed,6,1,3,4
2010,24,DAKSHINA KANNADA,1,MANGALORE,COTTON,cotton,13,0,3,3
2010,24,DAKSHINA KANNADA,1,MANGALORE,JUTE,jute,0,0,0,0
2010,24,DAKSHINA KANNADA,1,MANGALORE,MESTA,mesta,0,0,0,0
2010,24,DAKSHINA KANNADA,1,MANGALORE,TOBACCO,tobacco,0,0,0,0
2010,24,DAKSHINA KANNADA,1,MANGALORE,GUAR,guar,0,0,0,0
2010,24,DAKSHINA KANNADA,1,MANGALORE,COFFEE,coffee,0,0,0,0
2010,24,DAKSHINA KANNADA,1,MANGALORE,GROSS CROPPED AREA,,39645,14952,14634,29585
2010,24,DAKSHINA KANNADA,4,PUTTUR,PADDY,rice,2125,583,500,1082
2010,24,DAKSHINA KANNADA,4,PUTTUR,JOWAR,jowar,12,0,0,0
2010,24,DAKSHINA KANNADA,4,PUTTUR,BAJRA,bajra,0,0,0,0
2010,24,DAKSHINA KANNADA,4,PUTTUR,MAIZE,maize,19,1,12,13
2010,24,DAKSHINA KANNADA,4,PUTTUR,RAGI,ragi,12,2,0,2
2010,24,DAKSHINA KANNADA,4,PUTTUR,WHEAT,wheat,122,22,0,22
2010,24,DAKSHINA KANNADA,4,PUTTUR,BARLEY,barley,0,0,0,0
2010,24,DAKSHINA KANNADA,4,PUTTUR,GRAM,chickpea,0,0,0,0
2010,24,DAKSHINA KANNADA,4,PUTTUR,TUR (ARHAR),pigeonpea (tur),0,0,0,0
2010,24,DAKSHINA KANNADA,4,PUTTUR,URAD,black gram,0,0,0,0
2010,24,DAKSHINA KANNADA,4,PUTTUR,MOONG,green gram,0,0,0,0
2010,24,DAKSHINA KANNADA,4,PUTTUR,MASUR,lentil,0,0,0,0
2010,24,DAKSHINA KANNADA,4,PUTTUR,HORSEGRAM,horse gram,0,0,0,0
2010,24,DAKSHINA KANNADA,4,PUTTUR,MOTH,moth bean,0,0,0,0
2010,24,DAKSHINA KANNADA,4,PUTTUR,SUGARCANE,sugarcane,7,1,0,1
2010,24,DAKSHINA KANNADA,4,PUTTUR,PEPPER (BLACK),black pepper,3605,201,78,280
2010,24,DAKSHINA KANNADA,4,PUTTUR,CHILLIES,chilli,178,1,29,31
2010,24,DAKSHINA KANNADA,4,PUTTUR,GINGER,ginger,69,1,24,25
2010,24,DAKSHINA KANNADA,4,PUTTUR,TURMERIC,turmeric,0,0,0,0
2010,24,DAKSHINA KANNADA,4,PUTTUR,BETELNUTS (ARECANUTS),arecanut,28946,16812,126,16938
2010,24,DAKSHINA KANNADA,4,PUTTUR,MANGOES,mango,579,1,32,32
2010,24,DAKSHINA KANNADA,4,PUTTUR,BANANA,banana,14871,800,43,844
2010,24,DAKSHINA KANNADA,4,PUTTUR,TABLE GRAPES,grapes,6,2,0,2
2010,24,DAKSHINA KANNADA,4,PUTTUR,WINE GRAPES (BLACK),grapes,0,0,0,0
2010,24,DAKSHINA KANNADA,4,PUTTUR,CASHEWNUTS,cashewnut,14492,346,5469,5815
2010,24,DAKSHINA KANNADA,4,PUTTUR,POTATO,potato,0,0,0,0
2010,24,DAKSHINA KANNADA,4,PUTTUR,TAPIOCA (CASSAVA),tapioca,81,0,6,6
2010,24,DAKSHINA KANNADA,4,PUTTUR,SWEET POTATO,sweet potato,0,0,0,0
2010,24,DAKSHINA KANNADA,4,PUTTUR,ONION,onion,0,0,0,0
2010,24,DAKSHINA KANNADA,4,PUTTUR,TOMATO,tomato,0,0,0,0
2010,24,DAKSHINA KANNADA,4,PUTTUR,GROUNDNUT,groundnut,24,2,5,7
2010,24,DAKSHINA KANNADA,4,PUTTUR,CASTORSEED,castor,0,0,0,0
2010,24,DAKSHINA KANNADA,4,PUTTUR,SESAMUM (TIL),sesame,11,1,0,1
2010,24,DAKSHINA KANNADA,4,PUTTUR,RAPESEED & MUSTARD (TORIA/TARAMIRA),mustard,0,0,0,0
2010,24,DAKSHINA KANNADA,4,PUTTUR,LINSEED,linseed,35,7,0,7
2010,24,DAKSHINA KANNADA,4,PUTTUR,COCONUT,coconut,35164,3500,165,3665
2010,24,DAKSHINA KANNADA,4,PUTTUR,SUNFLOWER,sunflower,0,0,0,0
2010,24,DAKSHINA KANNADA,4,PUTTUR,SOYABEAN,soybean,17,1,1,2
2010,24,DAKSHINA KANNADA,4,PUTTUR,NIGERSEED,niger seed,0,0,0,0
2010,24,DAKSHINA KANNADA,4,PUTTUR,COTTON,cotton,0,0,0,0
2010,24,DAKSHINA KANNADA,4,PUTTUR,JUTE,jute,0,0,0,0
2010,24,DAKSHINA KANNADA,4,PUTTUR,MESTA,mesta,0,0,0,0
2010,24,DAKSHINA KANNADA,4,PUTTUR,TOBACCO,tobacco,0,0,0,0
2010,24,DAKSHINA KANNADA,4,PUTTUR,GUAR,guar,0,0,0,0
2010,24,DAKSHINA KANNADA,4,PUTTUR,COFFEE,coffee,61,0,40,40
2010,24,DAKSHINA KANNADA,4,PUTTUR,GROSS CROPPED AREA,,46384,22618,9769,32387
2010,24,DAKSHINA KANNADA,5,SULYA,PADDY,rice,845,321,47,367
2010,24,DAKSHINA KANNADA,5,SULYA,JOWAR,jowar,1,0,4,4
2010,24,DAKSHINA KANNADA,5,SULYA,BAJRA,bajra,0,0,0,0
2010,24,DAKSHINA KANNADA,5,SULYA,MAIZE,maize,0,0,0,0
2010,24,DAKSHINA KANNADA,5,SULYA,RAGI,ragi,0,0,0,0
2010,24,DAKSHINA KANNADA,5,SULYA,WHEAT,wheat,152,27,0,27
2010,24,DAKSHINA KANNADA,5,SULYA,BARLEY,barley,0,0,0,0
2010,24,DAKSHINA KANNADA,5,SULYA,GRAM,chickpea,7,1,0,1
2010,24,DAKSHINA KANNADA,5,SULYA,TUR (ARHAR),pigeonpea (tur),0,0,0,0
2010,24,DAKSHINA KANNADA,5,SULYA,URAD,black gram,0,0,0,0
2010,24,DAKSHINA KANNADA,5,SULYA,MOONG,green gram,11,8,0,8
2010,24,DAKSHINA KANNADA,5,SULYA,MASUR,lentil,0,0,0,0
2010,24,DAKSHINA KANNADA,5,SULYA,HORSEGRAM,horse gram,0,0,0,0
2010,24,DAKSHINA KANNADA,5,SULYA,MOTH,moth bean,0,0,0,0
2010,24,DAKSHINA KANNADA,5,SULYA,SUGARCANE,sugarcane,0,0,0,0
2010,24,DAKSHINA KANNADA,5,SULYA,PEPPER (BLACK),black pepper,506,62,0,62
2010,24,DAKSHINA KANNADA,5,SULYA,CHILLIES,chilli,0,0,0,0
2010,24,DAKSHINA KANNADA,5,SULYA,GINGER,ginger,74,0,17,17
2010,24,DAKSHINA KANNADA,5,SULYA,TURMERIC,turmeric,0,0,0,0
2010,24,DAKSHINA KANNADA,5,SULYA,BETELNUTS (ARECANUTS),arecanut,16536,9097,1319,10416
2010,24,DAKSHINA KANNADA,5,SULYA,MANGOES,mango,87,0,7,7
2010,24,DAKSHINA KANNADA,5,SULYA,BANANA,banana,4270,321,26,347
2010,24,DAKSHINA KANNADA,5,SULYA,TABLE GRAPES,grapes,0,0,0,0
2010,24,DAKSHINA KANNADA,5,SULYA,WINE GRAPES (BLACK),grapes,0,0,0,0
2010,24,DAKSHINA KANNADA,5,SULYA,CASHEWNUTS,cashewnut,8916,53,3739,3792
2010,24,DAKSHINA KANNADA,5,SULYA,POTATO,potato,0,0,0,0
2010,24,DAKSHINA KANNADA,5,SULYA,TAPIOCA (CASSAVA),tapioca,35,1,1,3
2010,24,DAKSHINA KANNADA,5,SULYA,SWEET POTATO,sweet potato,0,0,0,0
2010,24,DAKSHINA KANNADA,5,SULYA,ONION,onion,0,0,0,0
2010,24,DAKSHINA KANNADA,5,SULYA,TOMATO,tomato,0,0,0,0
2010,24,DAKSHINA KANNADA,5,SULYA,GROUNDNUT,groundnut,0,0,0,0
2010,24,DAKSHINA KANNADA,5,SULYA,CASTORSEED,castor,0,0,0,0
2010,24,DAKSHINA KANNADA,5,SULYA,SESAMUM (TIL),sesame,0,0,0,0
2010,24,DAKSHINA KANNADA,5,SULYA,RAPESEED & MUSTARD (TORIA/TARAMIRA),mustard,0,0,0,0
2010,24,DAKSHINA KANNADA,5,SULYA,LINSEED,linseed,31,1,4,5
2010,24,DAKSHINA KANNADA,5,SULYA,COCONUT,coconut,14573,2043,695,2738
2010,24,DAKSHINA KANNADA,5,SULYA,SUNFLOWER,sunflower,14,3,5,8
2010,24,DAKSHINA KANNADA,5,SULYA,SOYABEAN,soybean,0,0,0,0
2010,24,DAKSHINA KANNADA,5,SULYA,NIGERSEED,niger seed,0,0,0,0
2010,24,DAKSHINA KANNADA,5,SULYA,COTTON,cotton,0,0,0,0
2010,24,DAKSHINA KANNADA,5,SULYA,JUTE,jute,0,0,0,0
2010,24,DAKSHINA KANNADA,5,SULYA,MESTA,mesta,0,0,0,0
2010,24,DAKSHINA KANNADA,5,SULYA,TOBACCO,tobacco,0,0,0,0
2010,24,DAKSHINA KANNADA,5,SULYA,GUAR,guar,0,0,0,0
2010,24,DAKSHINA KANNADA,5,SULYA,COFFEE,coffee,13,0,8,8
2010,24,DAKSHINA KANNADA,5,SULYA,GROSS CROPPED AREA,,25685,12344,10880,23224
2010,14,DAVANAGERE,6,CHANNAGIRI,PADDY,rice,9064,16879,644,17523
2010,14,DAVANAGERE,6,CHANNAGIRI,JOWAR,jowar,449,59,264,323
2010,14,DAVANAGERE,6,CHANNAGIRI,BAJRA,bajra,132,0,73,73
2010,14,DAVANAGERE,6,CHANNAGIRI,MAIZE,maize,34943,4061,36017,40078
2010,14,DAVANAGERE,6,CHANNAGIRI,RAGI,ragi,3832,197,2452,2650
2010,14,DAVANAGERE,6,CHANNAGIRI,WHEAT,wheat,8,0,3,3
2010,14,DAVANAGERE,6,CHANNAGIRI,BARLEY,barley,51,31,29,60
2010,14,DAVANAGERE,6,CHANNAGIRI,GRAM,chickpea,0,0,0,0
2010,14,DAVANAGERE,6,CHANNAGIRI,TUR (ARHAR),pigeonpea (tur),337,2,51,53
2010,14,DAVANAGERE,6,CHANNAGIRI,URAD,black gram,0,0,0,0
2010,14,DAVANAGERE,6,CHANNAGIRI,MOONG,green gram,0,0,0,0
2010,14,DAVANAGERE,6,CHANNAGIRI,MASUR,lentil,0,0,0,0
2010,14,DAVANAGERE,6,CHANNAGIRI,HORSEGRAM,horse gram,70,0,32,32
2010,14,DAVANAGERE,6,CHANNAGIRI,MOTH,moth bean,0,0,0,0
2010,14,DAVANAGERE,6,CHANNAGIRI,SUGARCANE,sugarcane,0,0,0,0
2010,14,DAVANAGERE,6,CHANNAGIRI,PEPPER (BLACK),black pepper,8,2,0,2
2010,14,DAVANAGERE,6,CHANNAGIRI,CHILLIES,chilli,91,5,48,53
2010,14,DAVANAGERE,6,CHANNAGIRI,GINGER,ginger,0,0,0,0
2010,14,DAVANAGERE,6,CHANNAGIRI,TURMERIC,turmeric,38,34,0,34
2010,14,DAVANAGERE,6,CHANNAGIRI,BETELNUTS (ARECANUTS),arecanut,13858,15250,824,16074
2010,14,DAVANAGERE,6,CHANNAGIRI,MANGOES,mango,931,43,948,991
2010,14,DAVANAGERE,6,CHANNAGIRI,BANANA,banana,223,48,8,56
2010,14,DAVANAGERE,6,CHANNAGIRI,TABLE GRAPES,grapes,8,2,1,3
2010,14,DAVANAGERE,6,CHANNAGIRI,WINE GRAPES (BLACK),grapes,0,0,0,0
2010,14,DAVANAGERE,6,CHANNAGIRI,CASHEWNUTS,cashewnut,29,0,76,76
2010,14,DAVANAGERE,6,CHANNAGIRI,POTATO,potato,50,0,55,55
2010,14,DAVANAGERE,6,CHANNAGIRI,TAPIOCA (CASSAVA),tapioca,0,0,0,0
2010,14,DAVANAGERE,6,CHANNAGIRI,SWEET POTATO,sweet potato,4,0,2,2
2010,14,DAVANAGERE,6,CHANNAGIRI,ONION,onion,164,14,90,104
2010,14,DAVANAGERE,6,CHANNAGIRI,TOMATO,tomato,8,0,1,1
2010,14,DAVANAGERE,6,CHANNAGIRI,GROUNDNUT,groundnut,30,3,7,10
2010,14,DAVANAGERE,6,CHANNAGIRI,CASTORSEED,castor,8,0,6,6
2010,14,DAVANAGERE,6,CHANNAGIRI,SESAMUM (TIL),sesame,23,0,14,14
2010,14,DAVANAGERE,6,CHANNAGIRI,RAPESEED & MUSTARD (TORIA/TARAMIRA),mustard,18,0,25,25
2010,14,DAVANAGERE,6,CHANNAGIRI,LINSEED,linseed,4,0,2,2
2010,14,DAVANAGERE,6,CHANNAGIRI,COCONUT,coconut,2717,396,1271,1667
2010,14,DAVANAGERE,6,CHANNAGIRI,SUNFLOWER,sunflower,35,0,48,48
2010,14,DAVANAGERE,6,CHANNAGIRI,SOYABEAN,soybean,0,0,0,0
2010,14,DAVANAGERE,6,CHANNAGIRI,NIGERSEED,niger seed,0,0,0,0
2010,14,DAVANAGERE,6,CHANNAGIRI,COTTON,cotton,504,12,403,415
2010,14,DAVANAGERE,6,CHANNAGIRI,JUTE,jute,0,0,0,0
2010,14,DAVANAGERE,6,CHANNAGIRI,MESTA,mesta,0,0,0,0
2010,14,DAVANAGERE,6,CHANNAGIRI,TOBACCO,tobacco,0,0,0,0
2010,14,DAVANAGERE,6,CHANNAGIRI,GUAR,guar,0,0,0,0
2010,14,DAVANAGERE,6,CHANNAGIRI,COFFEE,coffee,0,0,0,0
2010,14,DAVANAGERE,6,CHANNAGIRI,GROSS CROPPED AREA,,59854,37121,43686,80807
2010,14,DAVANAGERE,4,DAVANAGERE,PADDY,rice,27093,55352,202,55554
2010,14,DAVANAGERE,4,DAVANAGERE,JOWAR,jowar,1095,53,491,545
2010,14,DAVANAGERE,4,DAVANAGERE,BAJRA,bajra,6,0,8,8
2010,14,DAVANAGERE,4,DAVANAGERE,MAIZE,maize,22457,2791,27476,30268
2010,14,DAVANAGERE,4,DAVANAGERE,RAGI,ragi,973,56,485,541
2010,14,DAVANAGERE,4,DAVANAGERE,WHEAT,wheat,5,1,0,1
2010,14,DAVANAGERE,4,DAVANAGERE,BARLEY,barley,0,0,0,0
2010,14,DAVANAGERE,4,DAVANAGERE,GRAM,chickpea,0,0,0,0
2010,14,DAVANAGERE,4,DAVANAGERE,TUR (ARHAR),pigeonpea (tur),698,26,220,246
2010,14,DAVANAGERE,4,DAVANAGERE,URAD,black gram,0,0,0,0
2010,14,DAVANAGERE,4,DAVANAGERE,MOONG,green gram,0,0,0,0
2010,14,DAVANAGERE,4,DAVANAGERE,MASUR,lentil,0,0,0,0
2010,14,DAVANAGERE,4,DAVANAGERE,HORSEGRAM,horse gram,0,0,0,0
2010,14,DAVANAGERE,4,DAVANAGERE,MOTH,moth bean,0,0,0,0
2010,14,DAVANAGERE,4,DAVANAGERE,SUGARCANE,sugarcane,2067,2432,0,2432
2010,14,DAVANAGERE,4,DAVANAGERE,PEPPER (BLACK),black pepper,0,0,0,0
2010,14,DAVANAGERE,4,DAVANAGERE,CHILLIES,chilli,4,2,0,2
2010,14,DAVANAGERE,4,DAVANAGERE,GINGER,ginger,12,2,0,2
2010,14,DAVANAGERE,4,DAVANAGERE,TURMERIC,turmeric,6,0,4,4
2010,14,DAVANAGERE,4,DAVANAGERE,BETELNUTS (ARECANUTS),arecanut,3225,3859,273,4132
2010,14,DAVANAGERE,4,DAVANAGERE,MANGOES,mango,85,181,30,211
2010,14,DAVANAGERE,4,DAVANAGERE,BANANA,banana,272,163,62,225
2010,14,DAVANAGERE,4,DAVANAGERE,TABLE GRAPES,grapes,0,0,0,0
2010,14,DAVANAGERE,4,DAVANAGERE,WINE GRAPES (BLACK),grapes,0,0,0,0
2010,14,DAVANAGERE,4,DAVANAGERE,CASHEWNUTS,cashewnut,0,0,0,0
2010,14,DAVANAGERE,4,DAVANAGERE,POTATO,potato,0,0,0,0
2010,14,DAVANAGERE,4,DAVANAGERE,TAPIOCA (CASSAVA),tapioca,0,0,0,0
2010,14,DAVANAGERE,4,DAVANAGERE,SWEET POTATO,sweet potato,0,0,0,0
2010,14,DAVANAGERE,4,DAVANAGERE,ONION,onion,0,0,0,0
2010,14,DAVANAGERE,4,DAVANAGERE,TOMATO,tomato,247,144,16,160
2010,14,DAVANAGERE,4,DAVANAGERE,GROUNDNUT,groundnut,22,25,7,31
2010,14,DAVANAGERE,4,DAVANAGERE,CASTORSEED,castor,4,0,0,0
2010,14,DAVANAGERE,4,DAVANAGERE,SESAMUM (TIL),sesame,0,0,0,0
2010,14,DAVANAGERE,4,DAVANAGERE,RAPESEED & MUSTARD (TORIA/TARAMIRA),mustard,6,0,8,8
2010,14,DAVANAGERE,4,DAVANAGERE,LINSEED,linseed,15,14,7,21
2010,14,DAVANAGERE,4,DAVANAGERE,COCONUT,coconut,1204,1328,41,1369
2010,14,DAVANAGERE,4,DAVANAGERE,SUNFLOWER,sunflower,159,7,92,99
2010,14,DAVANAGERE,4,DAVANAGERE,SOYABEAN,soybean,0,0,0,0
2010,14,DAVANAGERE,4,DAVANAGERE,NIGERSEED,niger seed,0,0,0,0
2010,14,DAVANAGERE,4,DAVANAGERE,COTTON,cotton,1373,99,787,887
2010,14,DAVANAGERE,4,DAVANAGERE,JUTE,jute,0,0,0,0
2010,14,DAVANAGERE,4,DAVANAGERE,MESTA,mesta,0,0,0,0
2010,14,DAVANAGERE,4,DAVANAGERE,TOBACCO,tobacco,0,0,0,0
2010,14,DAVANAGERE,4,DAVANAGERE,GUAR,guar,0,0,0,0
2010,14,DAVANAGERE,4,DAVANAGERE,COFFEE,coffee,0,0,0,0
2010,14,DAVANAGERE,4,DAVANAGERE,GROSS CROPPED AREA,,56734,66765,30314,97079
2010,14,DAVANAGERE,2,HARAPANAHALLI,PADDY,rice,4288,6358,255,6613
2010,14,DAVANAGERE,2,HARAPANAHALLI,JOWAR,jowar,11622,647,8455,9101
2010,14,DAVANAGERE,2,HARAPANAHALLI,BAJRA,bajra,50,0,27,27
2010,14,DAVANAGERE,2,HARAPANAHALLI,MAIZE,maize,39128,8963,48623,57587
2010,14,DAVANAGERE,2,HARAPANAHALLI,RAGI,ragi,6306,151,4410,4560
2010,14,DAVANAGERE,2,HARAPANAHALLI,WHEAT,wheat,28,0,40,40
2010,14,DAVANAGERE,2,HARAPANAHALLI,BARLEY,barley,44,13,52,65
2010,14,DAVANAGERE,2,HARAPANAHALLI,GRAM,chickpea,163,110,92,202
2010,14,DAVANAGERE,2,HARAPANAHALLI,TUR (ARHAR),pigeonpea (tur),4636,884,823,1707
2010,14,DAVANAGERE,2,HARAPANAHALLI,URAD,black gram,916,0,152,152
2010,14,DAVANAGERE,2,HARAPANAHALLI,MOONG,green gram,63,0,28,28
2010,14,DAVANAGERE,2,HARAPANAHALLI,MASUR,lentil,29,6,9,15
2010,14,DAVANAGERE,2,HARAPANAHALLI,HORSEGRAM,horse gram,124,15,87,101
2010,14,DAVANAGERE,2,HARAPANAHALLI,MOTH,moth bean,5,0,1,1
2010,14,DAVANAGERE,2,HARAPANAHALLI,SUGARCANE,sugarcane,1303,1951,0,1951
2010,14,DAVANAGERE,2,HARAPANAHALLI,PEPPER (BLACK),black pepper,42,11,7,18
2010,14,DAVANAGERE,2,HARAPANAHALLI,CHILLIES,chilli,20,3,4,7
2010,14,DAVANAGERE,2,HARAPANAHALLI,GINGER,ginger,0,0,0,0
2010,14,DAVANAGERE,2,HARAPANAHALLI,TURMERIC,turmeric,0,0,0,0
2010,14,DAVANAGERE,2,HARAPANAHALLI,BETELNUTS (ARECANUTS),arecanut,299,286,128,414
2010,14,DAVANAGERE,2,HARAPANAHALLI,MANGOES,mango,17,6,3,8
2010,14,DAVANAGERE,2,HARAPANAHALLI,BANANA,banana,86,101,16,117
2010,14,DAVANAGERE,2,HARAPANAHALLI,TABLE GRAPES,grapes,0,0,0,0
2010,14,DAVANAGERE,2,HARAPANAHALLI,WINE GRAPES (BLACK),grapes,0,0,0,0
2010,14,DAVANAGERE,2,HARAPANAHALLI,CASHEWNUTS,cashewnut,0,0,0,0
2010,14,DAVANAGERE,2,HARAPANAHALLI,POTATO,potato,0,0,0,0
2010,14,DAVANAGERE,2,HARAPANAHALLI,TAPIOCA (CASSAVA),tapioca,31,17,14,30
2010,14,DAVANAGERE,2,HARAPANAHALLI,SWEET POTATO,sweet potato,16,10,1,10
2010,14,DAVANAGERE,2,HARAPANAHALLI,ONION,onion,1884,1485,229,1714
2010,14,DAVANAGERE,2,HARAPANAHALLI,TOMATO,tomato,533,110,269,379
2010,14,DAVANAGERE,2,HARAPANAHALLI,GROUNDNUT,groundnut,679,300,495,795
2010,14,DAVANAGERE,2,HARAPANAHALLI,CASTORSEED,castor,58,0,79,79
2010,14,DAVANAGERE,2,HARAPANAHALLI,SESAMUM (TIL),sesame,6,0,0,0
2010,14,DAVANAGERE,2,HARAPANAHALLI,RAPESEED & MUSTARD (TORIA/TARAMIRA),mustard,36,17,21,39
2010,14,DAVANAGERE,2,HARAPANAHALLI,LINSEED,linseed,5,0,4,4
2010,14,DAVANAGERE,2,HARAPANAHALLI,COCONUT,coconut,344,229,82,311
2010,14,DAVANAGERE,2,HARAPANAHALLI,SUNFLOWER,sunflower,1729,734,1657,2390
2010,14,DAVANAGERE,2,HARAPANAHALLI,SOYABEAN,soybean,0,0,0,0
2010,14,DAVANAGERE,2,HARAPANAHALLI,NIGERSEED,niger seed,548,0,55,56
2010,14,DAVANAGERE,2,HARAPANAHALLI,COTTON,cotton,6909,668,7739,8406
2010,14,DAVANAGERE,2,HARAPANAHALLI,JUTE,jute,22,0,15,15
2010,14,DAVANAGERE,2,HARAPANAHALLI,MESTA,mesta,11,0,5,5
2010,14,DAVANAGERE,2,HARAPANAHALLI,TOBACCO,tobacco,166,4,147,151
2010,14,DAVANAGERE,2,HARAPANAHALLI,GUAR,guar,0,0,0,0
2010,14,DAVANAGERE,2,HARAPANAHALLI,COFFEE,coffee,0,0,0,0
2010,14,DAVANAGERE,2,HARAPANAHALLI,GROSS CROPPED AREA,,57665,23815,74886,98701
2010,14,DAVANAGERE,1,HARIHARA,PADDY,rice,16982,33144,222,33367
2010,14,DAVANAGERE,1,HARIHARA,JOWAR,jowar,981,99,503,602
2010,14,DAVANAGERE,1,HARIHARA,BAJRA,bajra,112,9,82,91
2010,14,DAVANAGERE,1,HARIHARA,MAIZE,maize,9814,2008,8370,10377
2010,14,DAVANAGERE,1,HARIHARA,RAGI,ragi,21,0,3,3
2010,14,DAVANAGERE,1,HARIHARA,WHEAT,wheat,0,0,0,0
2010,14,DAVANAGERE,1,HARIHARA,BARLEY,barley,0,0,0,0
2010,14,DAVANAGERE,1,HARIHARA,GRAM,chickpea,11,0,4,4
2010,14,DAVANAGERE,1,HARIHARA,TUR (ARHAR),pigeonpea (tur),146,3,46,49
2010,14,DAVANAGERE,1,HARIHARA,URAD,black gram,0,0,0,0
2010,14,DAVANAGERE,1,HARIHARA,MOONG,green gram,0,0,0,0
2010,14,DAVANAGERE,1,HARIHARA,MASUR,lentil,0,0,0,0
2010,14,DAVANAGERE,1,HARIHARA,HORSEGRAM,horse gram,0,0,0,0
2010,14,DAVANAGERE,1,HARIHARA,MOTH,moth bean,0,0,0,0
2010,14,DAVANAGERE,1,HARIHARA,SUGARCANE,sugarcane,840,1094,0,1094
2010,14,DAVANAGERE,1,HARIHARA,PEPPER (BLACK),black pepper,0,0,0,0
2010,14,DAVANAGERE,1,HARIHARA,CHILLIES,chilli,10,1,0,1
2010,14,DAVANAGERE,1,HARIHARA,GINGER,ginger,0,0,0,0
2010,14,DAVANAGERE,1,HARIHARA,TURMERIC,turmeric,0,0,0,0
2010,14,DAVANAGERE,1,HARIHARA,BETELNUTS (ARECANUTS),arecanut,546,482,0,482
2010,14,DAVANAGERE,1,HARIHARA,MANGOES,mango,57,25,2,26
2010,14,DAVANAGERE,1,HARIHARA,BANANA,banana,111,82,0,82
2010,14,DAVANAGERE,1,HARIHARA,TABLE GRAPES,grapes,0,0,0,0
2010,14,DAVANAGERE,1,HARIHARA,WINE GRAPES (BLACK),grapes,0,0,0,0
2010,14,DAVANAGERE,1,HARIHARA,CASHEWNUTS,cashewnut,0,0,0,0
2010,14,DAVANAGERE,1,HARIHARA,POTATO,potato,0,0,0,0
2010,14,DAVANAGERE,1,HARIHARA,TAPIOCA (CASSAVA),tapioca,0,0,0,0
2010,14,DAVANAGERE,1,HARIHARA,SWEET POTATO,sweet potato,0,0,0,0
2010,14,DAVANAGERE,1,HARIHARA,ONION,onion,31,14,9,22
2010,14,DAVANAGERE,1,HARIHARA,TOMATO,tomato,42,16,16,32
2010,14,DAVANAGERE,1,HARIHARA,GROUNDNUT,groundnut,5,1,0,1
2010,14,DAVANAGERE,1,HARIHARA,CASTORSEED,castor,0,0,0,0
2010,14,DAVANAGERE,1,HARIHARA,SESAMUM (TIL),sesame,0,0,0,0
2010,14,DAVANAGERE,1,HARIHARA,RAPESEED & MUSTARD (TORIA/TARAMIRA),mustard,0,0,0,0
2010,14,DAVANAGERE,1,HARIHARA,LINSEED,linseed,5,0,0,0
2010,14,DAVANAGERE,1,HARIHARA,COCONUT,coconut,933,745,6,751
2010,14,DAVANAGERE,1,HARIHARA,SUNFLOWER,sunflower,14,4,9,13
2010,14,DAVANAGERE,1,HARIHARA,SOYABEAN,soybean,0,0,0,0
2010,14,DAVANAGERE,1,HARIHARA,NIGERSEED,niger seed,0,0,0,0
2010,14,DAVANAGERE,1,HARIHARA,COTTON,cotton,378,27,260,287
2010,14,DAVANAGERE,1,HARIHARA,JUTE,jute,0,0,0,0
2010,14,DAVANAGERE,1,HARIHARA,MESTA,mesta,0,0,0,0
2010,14,DAVANAGERE,1,HARIHARA,TOBACCO,tobacco,0,0,0,0
2010,14,DAVANAGERE,1,HARIHARA,GUAR,guar,0,0,0,0
2010,14,DAVANAGERE,1,HARIHARA,COFFEE,coffee,0,0,0,0
2010,14,DAVANAGERE,1,HARIHARA,GROSS CROPPED AREA,,28038,38476,9575,48051
2010,14,DAVANAGERE,5,HONNALI,PADDY,rice,14988,20088,730,20819
2010,14,DAVANAGERE,5,HONNALI,JOWAR,jowar,1562,118,486,604
2010,14,DAVANAGERE,5,HONNALI,BAJRA,bajra,0,0,0,0
2010,14,DAVANAGERE,5,HONNALI,MAIZE,maize,24987,1127,26177,27305
2010,14,DAVANAGERE,5,HONNALI,RAGI,ragi,786,10,367,377
2010,14,DAVANAGERE,5,HONNALI,WHEAT,wheat,5,4,0,4
2010,14,DAVANAGERE,5,HONNALI,BARLEY,barley,5,8,0,8
2010,14,DAVANAGERE,5,HONNALI,GRAM,chickpea,11,0,21,21
2010,14,DAVANAGERE,5,HONNALI,TUR (ARHAR),pigeonpea (tur),59,1,17,18
2010,14,DAVANAGERE,5,HONNALI,URAD,black gram,0,0,0,0
2010,14,DAVANAGERE,5,HONNALI,MOONG,green gram,0,0,0,0
2010,14,DAVANAGERE,5,HONNALI,MASUR,lentil,0,0,0,0
2010,14,DAVANAGERE,5,HONNALI,HORSEGRAM,horse gram,5,2,0,2
2010,14,DAVANAGERE,5,HONNALI,MOTH,moth bean,0,0,0,0
2010,14,DAVANAGERE,5,HONNALI,SUGARCANE,sugarcane,179,180,0,180
2010,14,DAVANAGERE,5,HONNALI,PEPPER (BLACK),black pepper,20,14,2,16
2010,14,DAVANAGERE,5,HONNALI,CHILLIES,chilli,6,3,1,4
2010,14,DAVANAGERE,5,HONNALI,GINGER,ginger,23,33,5,39
2010,14,DAVANAGERE,5,HONNALI,TURMERIC,turmeric,10,12,0,12
2010,14,DAVANAGERE,5,HONNALI,BETELNUTS (ARECANUTS),arecanut,7119,7166,866,8033
2010,14,DAVANAGERE,5,HONNALI,MANGOES,mango,100,63,67,131
2010,14,DAVANAGERE,5,HONNALI,BANANA,banana,357,348,38,386
2010,14,DAVANAGERE,5,HONNALI,TABLE GRAPES,grapes,0,0,0,0
2010,14,DAVANAGERE,5,HONNALI,WINE GRAPES (BLACK),grapes,0,0,0,0
2010,14,DAVANAGERE,5,HONNALI,CASHEWNUTS,cashewnut,0,0,0,0
2010,14,DAVANAGERE,5,HONNALI,POTATO,potato,0,0,0,0
2010,14,DAVANAGERE,5,HONNALI,TAPIOCA (CASSAVA),tapioca,0,0,0,0
2010,14,DAVANAGERE,5,HONNALI,SWEET POTATO,sweet potato,0,0,0,0
2010,14,DAVANAGERE,5,HONNALI,ONION,onion,946,17,390,407
2010,14,DAVANAGERE,5,HONNALI,TOMATO,tomato,318,145,32,177
2010,14,DAVANAGERE,5,HONNALI,GROUNDNUT,groundnut,2182,25,1403,1428
2010,14,DAVANAGERE,5,HONNALI,CASTORSEED,castor,5,0,1,1
2010,14,DAVANAGERE,5,HONNALI,SESAMUM (TIL),sesame,10,3,2,5
2010,14,DAVANAGERE,5,HONNALI,RAPESEED & MUSTARD (TORIA/TARAMIRA),mustard,15,4,11,15
2010,14,DAVANAGERE,5,HONNALI,LINSEED,linseed,0,0,0,0
2010,14,DAVANAGERE,5,HONNALI,COCONUT,coconut,1297,820,146,965
2010,14,DAVANAGERE,5,HONNALI,SUNFLOWER,sunflower,579,32,294,327
2010,14,DAVANAGERE,5,HONNALI,SOYABEAN,soybean,0,0,0,0
2010,14,DAVANAGERE,5,HONNALI,NIGERSEED,niger seed,22,13,5,18
2010,14,DAVANAGERE,5,HONNALI,COTTON,cotton,1624,92,1014,1107
2010,14,DAVANAGERE,5,HONNALI,JUTE,jute,17,9,2,11
2010,14,DAVANAGERE,5,HONNALI,MESTA,mesta,0,0,0,0
2010,14,DAVANAGERE,5,HONNALI,TOBACCO,tobacco,647,77,560,637
2010,14,DAVANAGERE,5,HONNALI,GUAR,guar,5,9,0,9
2010,14,DAVANAGERE,5,HONNALI,COFFEE,coffee,0,0,0,0
2010,14,DAVANAGERE,5,HONNALI,GROSS CROPPED AREA,,44510,31042,33123,64164
2010,14,DAVANAGERE,3,JAGALUR,PADDY,rice,110,17,129,146
2010,14,DAVANAGERE,3,JAGALUR,JOWAR,jowar,3128,294,2237,2531
2010,14,DAVANAGERE,3,JAGALUR,BAJRA,bajra,85,0,57,57
2010,14,DAVANAGERE,3,JAGALUR,MAIZE,maize,20974,4171,24151,28323
2010,14,DAVANAGERE,3,JAGALUR,RAGI,ragi,6802,260,4958,5218
2010,14,DAVANAGERE,3,JAGALUR,WHEAT,wheat,0,0,0,0
2010,14,DAVANAGERE,3,JAGALUR,BARLEY,barley,20,0,25,25
2010,14,DAVANAGERE,3,JAGALUR,GRAM,chickpea,5,0,3,3
2010,14,DAVANAGERE,3,JAGALUR,TUR (ARHAR),pigeonpea (tur),8519,21,1010,1031
2010,14,DAVANAGERE,3,JAGALUR,URAD,black gram,0,0,0,0
2010,14,DAVANAGERE,3,JAGALUR,MOONG,green gram,0,0,0,0
2010,14,DAVANAGERE,3,JAGALUR,MASUR,lentil,0,0,0,0
2010,14,DAVANAGERE,3,JAGALUR,HORSEGRAM,horse gram,659,14,116,131
2010,14,DAVANAGERE,3,JAGALUR,MOTH,moth bean,0,0,0,0
2010,14,DAVANAGERE,3,JAGALUR,SUGARCANE,sugarcane,20,21,0,21
2010,14,DAVANAGERE,3,JAGALUR,PEPPER (BLACK),black pepper,0,0,0,0
2010,14,DAVANAGERE,3,JAGALUR,CHILLIES,chilli,16,7,0,7
2010,14,DAVANAGERE,3,JAGALUR,GINGER,ginger,0,0,0,0
2010,14,DAVANAGERE,3,JAGALUR,TURMERIC,turmeric,0,0,0,0
2010,14,DAVANAGERE,3,JAGALUR,BETELNUTS (ARECANUTS),arecanut,500,576,13,589
2010,14,DAVANAGERE,3,JAGALUR,MANGOES,mango,22,72,0,72
2010,14,DAVANAGERE,3,JAGALUR,BANANA,banana,106,97,0,97
2010,14,DAVANAGERE,3,JAGALUR,TABLE GRAPES,grapes,0,0,0,0
2010,14,DAVANAGERE,3,JAGALUR,WINE GRAPES (BLACK),grapes,0,0,0,0
2010,14,DAVANAGERE,3,JAGALUR,CASHEWNUTS,cashewnut,0,0,0,0
2010,14,DAVANAGERE,3,JAGALUR,POTATO,potato,0,0,0,0
2010,14,DAVANAGERE,3,JAGALUR,TAPIOCA (CASSAVA),tapioca,0,0,0,0
2010,14,DAVANAGERE,3,JAGALUR,SWEET POTATO,sweet potato,0,0,0,0
2010,14,DAVANAGERE,3,JAGALUR,ONION,onion,3593,2154,1514,3668
2010,14,DAVANAGERE,3,JAGALUR,TOMATO,tomato,116,63,0,63
2010,14,DAVANAGERE,3,JAGALUR,GROUNDNUT,groundnut,9966,1110,12219,13329
2010,14,DAVANAGERE,3,JAGALUR,CASTORSEED,castor,33,2,4,6
2010,14,DAVANAGERE,3,JAGALUR,SESAMUM (TIL),sesame,56,0,59,59
2010,14,DAVANAGERE,3,JAGALUR,RAPESEED & MUSTARD (TORIA/TARAMIRA),mustard,66,24,181,206
2010,14,DAVANAGERE,3,JAGALUR,LINSEED,linseed,20,1,5,6
2010,14,DAVANAGERE,3,JAGALUR,COCONUT,coconut,144,116,21,138
2010,14,DAVANAGERE,3,JAGALUR,SUNFLOWER,sunflower,680,107,693,800
2010,14,DAVANAGERE,3,JAGALUR,SOYABEAN,soybean,0,0,0,0
2010,14,DAVANAGERE,3,JAGALUR,NIGERSEED,niger seed,62,0,8,8
2010,14,DAVANAGERE,3,JAGALUR,COTTON,cotton,8646,1687,5980,7667
2010,14,DAVANAGERE,3,JAGALUR,JUTE,jute,0,0,0,0
2010,14,DAVANAGERE,3,JAGALUR,MESTA,mesta,10,7,5,12
2010,14,DAVANAGERE,3,JAGALUR,TOBACCO,tobacco,0,0,0,0
2010,14,DAVANAGERE,3,JAGALUR,GUAR,guar,0,0,0,0
2010,14,DAVANAGERE,3,JAGALUR,COFFEE,coffee,0,0,0,0
2010,14,DAVANAGERE,3,JAGALUR,GROSS CROPPED AREA,,35876,11428,53705,65132
2010,9,DHARWAD,1,DHARWAD,PADDY,rice,8059,1366,10756,12123
2010,9,DHARWAD,1,DHARWAD,JOWAR,jowar,8269,61,9047,9108
2010,9,DHARWAD,1,DHARWAD,BAJRA,bajra,70,0,58,58
2010,9,DHARWAD,1,DHARWAD,MAIZE,maize,6556,410,6801,7211
2010,9,DHARWAD,1,DHARWAD,RAGI,ragi,13,0,19,19
2010,9,DHARWAD,1,DHARWAD,WHEAT,wheat,7289,117,8183,8301
2010,9,DHARWAD,1,DHARWAD,BARLEY,barley,71,0,47,47
2010,9,DHARWAD,1,DHARWAD,GRAM,chickpea,11613,81,15874,15955
2010,9,DHARWAD,1,DHARWAD,TUR (ARHAR),pigeonpea (tur),1401,2,787,789
2010,9,DHARWAD,1,DHARWAD,URAD,black gram,2512,29,2506,2536
2010,9,DHARWAD,1,DHARWAD,MOONG,green gram,7988,21,9269,9290
2010,9,DHARWAD,1,DHARWAD,MASUR,lentil,0,0,0,0
2010,9,DHARWAD,1,DHARWAD,HORSEGRAM,horse gram,149,0,170,170
2010,9,DHARWAD,1,DHARWAD,MOTH,moth bean,20,0,14,14
2010,9,DHARWAD,1,DHARWAD,SUGARCANE,sugarcane,1567,2221,0,2221
2010,9,DHARWAD,1,DHARWAD,PEPPER (BLACK),black pepper,0,0,0,0
2010,9,DHARWAD,1,DHARWAD,CHILLIES,chilli,244,0,83,83
2010,9,DHARWAD,1,DHARWAD,GINGER,ginger,0,0,0,0
2010,9,DHARWAD,1,DHARWAD,TURMERIC,turmeric,0,0,0,0
2010,9,DHARWAD,1,DHARWAD,BETELNUTS (ARECANUTS),arecanut,0,0,0,0
2010,9,DHARWAD,1,DHARWAD,MANGOES,mango,2685,972,2512,3484
2010,9,DHARWAD,1,DHARWAD,BANANA,banana,76,41,36,77
2010,9,DHARWAD,1,DHARWAD,TABLE GRAPES,grapes,0,0,0,0
2010,9,DHARWAD,1,DHARWAD,WINE GRAPES (BLACK),grapes,0,0,0,0
2010,9,DHARWAD,1,DHARWAD,CASHEWNUTS,cashewnut,0,0,0,0
2010,9,DHARWAD,1,DHARWAD,POTATO,potato,483,10,469,479
2010,9,DHARWAD,1,DHARWAD,TAPIOCA (CASSAVA),tapioca,10,0,11,11
2010,9,DHARWAD,1,DHARWAD,SWEET POTATO,sweet potato,0,0,0,0
2010,9,DHARWAD,1,DHARWAD,ONION,onion,1794,30,2029,2059
2010,9,DHARWAD,1,DHARWAD,TOMATO,tomato,62,16,4,20
2010,9,DHARWAD,1,DHARWAD,GROUNDNUT,groundnut,10208,135,12446,12582
2010,9,DHARWAD,1,DHARWAD,CASTORSEED,castor,46,0,55,55
2010,9,DHARWAD,1,DHARWAD,SESAMUM (TIL),sesame,10,0,10,10
2010,9,DHARWAD,1,DHARWAD,RAPESEED & MUSTARD (TORIA/TARAMIRA),mustard,130,7,122,129
2010,9,DHARWAD,1,DHARWAD,LINSEED,linseed,7,0,4,4
2010,9,DHARWAD,1,DHARWAD,COCONUT,coconut,172,18,101,119
2010,9,DHARWAD,1,DHARWAD,SUNFLOWER,sunflower,51,0,19,19
2010,9,DHARWAD,1,DHARWAD,SOYABEAN,soybean,5365,54,6244,6298
2010,9,DHARWAD,1,DHARWAD,NIGERSEED,niger seed,14,5,6,12
2010,9,DHARWAD,1,DHARWAD,COTTON,cotton,3820,78,4309,4387
2010,9,DHARWAD,1,DHARWAD,JUTE,jute,35,0,29,29
2010,9,DHARWAD,1,DHARWAD,MESTA,mesta,9,0,14,14
2010,9,DHARWAD,1,DHARWAD,TOBACCO,tobacco,0,0,0,0
2010,9,DHARWAD,1,DHARWAD,GUAR,guar,0,0,0,0
2010,9,DHARWAD,1,DHARWAD,COFFEE,coffee,0,0,0,0
2010,9,DHARWAD,1,DHARWAD,GROSS CROPPED AREA,,34946,6385,94786,101171
2010,9,DHARWAD,3,HUBLI,PADDY,rice,898,70,914,983
2010,9,DHARWAD,3,HUBLI,JOWAR,jowar,5444,129,8963,9092
2010,9,DHARWAD,3,HUBLI,BAJRA,bajra,17,0,57,57
2010,9,DHARWAD,3,HUBLI,MAIZE,maize,2163,87,2862,2949
2010,9,DHARWAD,3,HUBLI,RAGI,ragi,0,0,0,0
2010,9,DHARWAD,3,HUBLI,WHEAT,wheat,3882,54,8400,8454
2010,9,DHARWAD,3,HUBLI,BARLEY,barley,24,0,69,69
2010,9,DHARWAD,3,HUBLI,GRAM,chickpea,1134,0,1809,1809
2010,9,DHARWAD,3,HUBLI,TUR (ARHAR),pigeonpea (tur),240,4,101,105
2010,9,DHARWAD,3,HUBLI,URAD,black gram,77,9,50,60
2010,9,DHARWAD,3,HUBLI,MOONG,green gram,1783,0,3697,3697
2010,9,DHARWAD,3,HUBLI,MASUR,lentil,0,0,0,0
2010,9,DHARWAD,3,HUBLI,HORSEGRAM,horse gram,112,0,367,367
2010,9,DHARWAD,3,HUBLI,MOTH,moth bean,7,0,6,6
2010,9,DHARWAD,3,HUBLI,SUGARCANE,sugarcane,2,5,0,5
2010,9,DHARWAD,3,HUBLI,PEPPER (BLACK),black pepper,0,0,0,0
2010,9,DHARWAD,3,HUBLI,CHILLIES,chilli,1956,0,4280,4280
2010,9,DHARWAD,3,HUBLI,GINGER,ginger,0,0,0,0
2010,9,DHARWAD,3,HUBLI,TURMERIC,turmeric,7,13,0,13
2010,9,DHARWAD,3,HUBLI,BETELNUTS (ARECANUTS),arecanut,15,15,0,15
2010,9,DHARWAD,3,HUBLI,MANGOES,mango,518,261,336,597
2010,9,DHARWAD,3,HUBLI,BANANA,banana,35,50,13,63
2010,9,DHARWAD,3,HUBLI,TABLE GRAPES,grapes,0,0,0,0
2010,9,DHARWAD,3,HUBLI,WINE GRAPES (BLACK),grapes,0,0,0,0
2010,9,DHARWAD,3,HUBLI,CASHEWNUTS,cashewnut,0,0,0,0
2010,9,DHARWAD,3,HUBLI,POTATO,potato,18,11,7,18
2010,9,DHARWAD,3,HUBLI,TAPIOCA (CASSAVA),tapioca,0,0,0,0
2010,9,DHARWAD,3,HUBLI,SWEET POTATO,sweet potato,9,0,15,15
2010,9,DHARWAD,3,HUBLI,ONION,onion,289,0,368,368
2010,9,DHARWAD,3,HUBLI,TOMATO,tomato,9,0,7,7
2010,9,DHARWAD,3,HUBLI,GROUNDNUT,groundnut,7136,26,12591,12617
2010,9,DHARWAD,3,HUBLI,CASTORSEED,castor,11,0,22,22
2010,9,DHARWAD,3,HUBLI,SESAMUM (TIL),sesame,6,0,3,3
2010,9,DHARWAD,3,HUBLI,RAPESEED & MUSTARD (TORIA/TARAMIRA),mustard,40,0,83,83
2010,9,DHARWAD,3,HUBLI,LINSEED,linseed,0,0,0,0
2010,9,DHARWAD,3,HUBLI,COCONUT,coconut,283,125,186,311
2010,9,DHARWAD,3,HUBLI,SUNFLOWER,sunflower,3240,0,4887,4887
2010,9,DHARWAD,3,HUBLI,SOYABEAN,soybean,3228,23,4979,5002
2010,9,DHARWAD,3,HUBLI,NIGERSEED,niger seed,0,0,0,0
2010,9,DHARWAD,3,HUBLI,COTTON,cotton,7856,84,13784,13868
2010,9,DHARWAD,3,HUBLI,JUTE,jute,7,0,10,10
2010,9,DHARWAD,3,HUBLI,MESTA,mesta,0,0,0,0
2010,9,DHARWAD,3,HUBLI,TOBACCO,tobacco,0,0,0,0
2010,9,DHARWAD,3,HUBLI,GUAR,guar,0,0,0,0
2010,9,DHARWAD,3,HUBLI,COFFEE,coffee,0,0,0,0
2010,9,DHARWAD,3,HUBLI,GROSS CROPPED AREA,,25858,1327,75356,76683
2010,9,DHARWAD,4,KALGHATGI,PADDY,rice,12958,1283,17041,18324
2010,9,DHARWAD,4,KALGHATGI,JOWAR,jowar,4706,31,3789,3821
2010,9,DHARWAD,4,KALGHATGI,BAJRA,bajra,15,0,10,10
2010,9,DHARWAD,4,KALGHATGI,MAIZE,maize,5022,324,5243,5568
2010,9,DHARWAD,4,KALGHATGI,RAGI,ragi,16,3,11,14
2010,9,DHARWAD,4,KALGHATGI,WHEAT,wheat,47,5,12,16
2010,9,DHARWAD,4,KALGHATGI,BARLEY,barley,0,0,0,0
2010,9,DHARWAD,4,KALGHATGI,GRAM,chickpea,504,4,154,158
2010,9,DHARWAD,4,KALGHATGI,TUR (ARHAR),pigeonpea (tur),827,1,207,208
2010,9,DHARWAD,4,KALGHATGI,URAD,black gram,79,0,23,23
2010,9,DHARWAD,4,KALGHATGI,MOONG,green gram,4232,76,2688,2764
2010,9,DHARWAD,4,KALGHATGI,MASUR,lentil,0,0,0,0
2010,9,DHARWAD,4,KALGHATGI,HORSEGRAM,horse gram,892,4,438,442
2010,9,DHARWAD,4,KALGHATGI,MOTH,moth bean,0,0,0,0
2010,9,DHARWAD,4,KALGHATGI,SUGARCANE,sugarcane,457,522,0,522
2010,9,DHARWAD,4,KALGHATGI,PEPPER (BLACK),black pepper,24,1,5,6
2010,9,DHARWAD,4,KALGHATGI,CHILLIES,chilli,10,1,0,1
2010,9,DHARWAD,4,KALGHATGI,GINGER,ginger,0,0,0,0
2010,9,DHARWAD,4,KALGHATGI,TURMERIC,turmeric,3,0,5,5
2010,9,DHARWAD,4,KALGHATGI,BETELNUTS (ARECANUTS),arecanut,0,0,0,0
2010,9,DHARWAD,4,KALGHATGI,MANGOES,mango,550,118,368,486
2010,9,DHARWAD,4,KALGHATGI,BANANA,banana,54,34,23,57
2010,9,DHARWAD,4,KALGHATGI,TABLE GRAPES,grapes,0,0,0,0
2010,9,DHARWAD,4,KALGHATGI,WINE GRAPES (BLACK),grapes,0,0,0,0
2010,9,DHARWAD,4,KALGHATGI,CASHEWNUTS,cashewnut,0,0,0,0
2010,9,DHARWAD,4,KALGHATGI,POTATO,potato,0,0,0,0
2010,9,DHARWAD,4,KALGHATGI,TAPIOCA (CASSAVA),tapioca,0,0,0,0
2010,9,DHARWAD,4,KALGHATGI,SWEET POTATO,sweet potato,3,1,0,1
2010,9,DHARWAD,4,KALGHATGI,ONION,onion,11,4,0,4
2010,9,DHARWAD,4,KALGHATGI,TOMATO,tomato,147,7,48,55
2010,9,DHARWAD,4,KALGHATGI,GROUNDNUT,groundnut,245,33,109,142
2010,9,DHARWAD,4,KALGHATGI,CASTORSEED,castor,0,0,0,0
2010,9,DHARWAD,4,KALGHATGI,SESAMUM (TIL),sesame,0,0,0,0
2010,9,DHARWAD,4,KALGHATGI,RAPESEED & MUSTARD (TORIA/TARAMIRA),mustard,24,0,12,12
2010,9,DHARWAD,4,KALGHATGI,LINSEED,linseed,227,0,34,34
2010,9,DHARWAD,4,KALGHATGI,COCONUT,coconut,33,23,6,29
2010,9,DHARWAD,4,KALGHATGI,SUNFLOWER,sunflower,40,22,7,28
2010,9,DHARWAD,4,KALGHATGI,SOYABEAN,soybean,7763,4,9067,9071
2010,9,DHARWAD,4,KALGHATGI,NIGERSEED,niger seed,7,0,1,1
2010,9,DHARWAD,4,KALGHATGI,COTTON,cotton,4999,26,5191,5217
2010,9,DHARWAD,4,KALGHATGI,JUTE,jute,14,0,13,13
2010,9,DHARWAD,4,KALGHATGI,MESTA,mesta,0,0,0,0
2010,9,DHARWAD,4,KALGHATGI,TOBACCO,tobacco,0,0,0,0
2010,9,DHARWAD,4,KALGHATGI,GUAR,guar,0,0,0,0
2010,9,DHARWAD,4,KALGHATGI,COFFEE,coffee,0,0,0,0
2010,9,DHARWAD,4,KALGHATGI,GROSS CROPPED AREA,,21187,2639,45629,48268
2010,9,DHARWAD,5,KUNDGOL,PADDY,rice,536,16,406,422
2010,9,DHARWAD,5,KUNDGOL,JOWAR,jowar,11666,26,8203,8229
2010,9,DHARWAD,5,KUNDGOL,BAJRA,bajra,10,0,10,10
2010,9,DHARWAD,5,KUNDGOL,MAIZE,maize,1735,46,1216,1262
2010,9,DHARWAD,5,KUNDGOL,RAGI,ragi,210,4,182,186
2010,9,DHARWAD,5,KUNDGOL,WHEAT,wheat,10529,40,8772,8813
2010,9,DHARWAD,5,KUNDGOL,BARLEY,barley,5,0,4,4
2010,9,DHARWAD,5,KUNDGOL,GRAM,chickpea,5566,0,3213,3213
2010,9,DHARWAD,5,KUNDGOL,TUR (ARHAR),pigeonpea (tur),2318,5,488,493
2010,9,DHARWAD,5,KUNDGOL,URAD,black gram,62,0,17,17
2010,9,DHARWAD,5,KUNDGOL,MOONG,green gram,4898,1,1761,1761
2010,9,DHARWAD,5,KUNDGOL,MASUR,lentil,27,0,27,27
2010,9,DHARWAD,5,KUNDGOL,HORSEGRAM,horse gram,2175,0,623,623
2010,9,DHARWAD,5,KUNDGOL,MOTH,moth bean,0,0,0,0
2010,9,DHARWAD,5,KUNDGOL,SUGARCANE,sugarcane,4,8,0,8
2010,9,DHARWAD,5,KUNDGOL,PEPPER (BLACK),black pepper,0,0,0,0
2010,9,DHARWAD,5,KUNDGOL,CHILLIES,chilli,14490,0,21795,21795
2010,9,DHARWAD,5,KUNDGOL,GINGER,ginger,0,0,0,0
2010,9,DHARWAD,5,KUNDGOL,TURMERIC,turmeric,0,0,0,0
2010,9,DHARWAD,5,KUNDGOL,BETELNUTS (ARECANUTS),arecanut,0,0,0,0
2010,9,DHARWAD,5,KUNDGOL,MANGOES,mango,65,0,64,64
2010,9,DHARWAD,5,KUNDGOL,BANANA,banana,5,4,0,4
2010,9,DHARWAD,5,KUNDGOL,TABLE GRAPES,grapes,0,0,0,0
2010,9,DHARWAD,5,KUNDGOL,WINE GRAPES (BLACK),grapes,0,0,0,0
2010,9,DHARWAD,5,KUNDGOL,CASHEWNUTS,cashewnut,0,0,0,0
2010,9,DHARWAD,5,KUNDGOL,POTATO,potato,0,0,0,0
2010,9,DHARWAD,5,KUNDGOL,TAPIOCA (CASSAVA),tapioca,0,0,0,0
2010,9,DHARWAD,5,KUNDGOL,SWEET POTATO,sweet potato,0,0,0,0
2010,9,DHARWAD,5,KUNDGOL,ONION,onion,2046,0,1119,1119
2010,9,DHARWAD,5,KUNDGOL,TOMATO,tomato,0,0,0,0
2010,9,DHARWAD,5,KUNDGOL,GROUNDNUT,groundnut,16960,292,19073,19364
2010,9,DHARWAD,5,KUNDGOL,CASTORSEED,castor,49,0,46,46
2010,9,DHARWAD,5,KUNDGOL,SESAMUM (TIL),sesame,24,0,11,11
2010,9,DHARWAD,5,KUNDGOL,RAPESEED & MUSTARD (TORIA/TARAMIRA),mustard,9,0,12,12
2010,9,DHARWAD,5,KUNDGOL,LINSEED,linseed,19,0,4,4
2010,9,DHARWAD,5,KUNDGOL,COCONUT,coconut,72,0,68,68
2010,9,DHARWAD,5,KUNDGOL,SUNFLOWER,sunflower,789,0,386,386
2010,9,DHARWAD,5,KUNDGOL,SOYABEAN,soybean,422,0,341,341
2010,9,DHARWAD,5,KUNDGOL,NIGERSEED,niger seed,0,0,0,0
2010,9,DHARWAD,5,KUNDGOL,COTTON,cotton,20061,32,28355,28387
2010,9,DHARWAD,5,KUNDGOL,JUTE,jute,55,0,56,56
2010,9,DHARWAD,5,KUNDGOL,MESTA,mesta,9,0,19,19
2010,9,DHARWAD,5,KUNDGOL,TOBACCO,tobacco,0,0,0,0
2010,9,DHARWAD,5,KUNDGOL,GUAR,guar,0,0,0,0
2010,9,DHARWAD,5,KUNDGOL,COFFEE,coffee,0,0,0,0
2010,9,DHARWAD,5,KUNDGOL,GROSS CROPPED AREA,,26278,561,106728,107289
2010,9,DHARWAD,2,NAVALGUND,PADDY,rice,14,13,5,18
2010,9,DHARWAD,2,NAVALGUND,JOWAR,jowar,6901,1917,6420,8337
2010,9,DHARWAD,2,NAVALGUND,BAJRA,bajra,10,4,2,6
2010,9,DHARWAD,2,NAVALGUND,MAIZE,maize,15189,22410,8073,30484
2010,9,DHARWAD,2,NAVALGUND,RAGI,ragi,11,9,1,11
2010,9,DHARWAD,2,NAVALGUND,WHEAT,wheat,13857,10422,9941,20363
2010,9,DHARWAD,2,NAVALGUND,BARLEY,barley,36,21,39,59
2010,9,DHARWAD,2,NAVALGUND,GRAM,chickpea,13494,9073,11044,20117
2010,9,DHARWAD,2,NAVALGUND,TUR (ARHAR),pigeonpea (tur),42,8,19,27
2010,9,DHARWAD,2,NAVALGUND,URAD,black gram,0,0,0,0
2010,9,DHARWAD,2,NAVALGUND,MOONG,green gram,5706,2014,5880,7894
2010,9,DHARWAD,2,NAVALGUND,MASUR,lentil,0,0,0,0
2010,9,DHARWAD,2,NAVALGUND,HORSEGRAM,horse gram,58,14,79,93
2010,9,DHARWAD,2,NAVALGUND,MOTH,moth bean,0,0,0,0
2010,9,DHARWAD,2,NAVALGUND,SUGARCANE,sugarcane,0,0,0,0
2010,9,DHARWAD,2,NAVALGUND,PEPPER (BLACK),black pepper,26,18,15,33
2010,9,DHARWAD,2,NAVALGUND,CHILLIES,chilli,7382,203,13008,13211
2010,9,DHARWAD,2,NAVALGUND,GINGER,ginger,0,0,0,0
2010,9,DHARWAD,2,NAVALGUND,TURMERIC,turmeric,0,0,0,0
2010,9,DHARWAD,2,NAVALGUND,BETELNUTS (ARECANUTS),arecanut,0,0,0,0
2010,9,DHARWAD,2,NAVALGUND,MANGOES,mango,0,0,0,0
2010,9,DHARWAD,2,NAVALGUND,BANANA,banana,0,0,0,0
2010,9,DHARWAD,2,NAVALGUND,TABLE GRAPES,grapes,0,0,0,0
2010,9,DHARWAD,2,NAVALGUND,WINE GRAPES (BLACK),grapes,0,0,0,0
2010,9,DHARWAD,2,NAVALGUND,CASHEWNUTS,cashewnut,0,0,0,0
2010,9,DHARWAD,2,NAVALGUND,POTATO,potato,0,0,0,0
2010,9,DHARWAD,2,NAVALGUND,TAPIOCA (CASSAVA),tapioca,0,0,0,0
2010,9,DHARWAD,2,NAVALGUND,SWEET POTATO,sweet potato,0,0,0,0
2010,9,DHARWAD,2,NAVALGUND,ONION,onion,10185,4210,8980,13190
2010,9,DHARWAD,2,NAVALGUND,TOMATO,tomato,0,0,0,0
2010,9,DHARWAD,2,NAVALGUND,GROUNDNUT,groundnut,3421,649,3759,4408
2010,9,DHARWAD,2,NAVALGUND,CASTORSEED,castor,10,0,8,8
2010,9,DHARWAD,2,NAVALGUND,SESAMUM (TIL),sesame,0,0,0,0
2010,9,DHARWAD,2,NAVALGUND,RAPESEED & MUSTARD (TORIA/TARAMIRA),mustard,0,0,0,0
2010,9,DHARWAD,2,NAVALGUND,LINSEED,linseed,0,0,0,0
2010,9,DHARWAD,2,NAVALGUND,COCONUT,coconut,977,1002,556,1559
2010,9,DHARWAD,2,NAVALGUND,SUNFLOWER,sunflower,6411,6559,3048,9606
2010,9,DHARWAD,2,NAVALGUND,SOYABEAN,soybean,0,0,0,0
2010,9,DHARWAD,2,NAVALGUND,NIGERSEED,niger seed,0,0,0,0
2010,9,DHARWAD,2,NAVALGUND,COTTON,cotton,14424,6452,18702,25154
2010,9,DHARWAD,2,NAVALGUND,JUTE,jute,10,0,29,29
2010,9,DHARWAD,2,NAVALGUND,MESTA,mesta,0,0,0,0
2010,9,DHARWAD,2,NAVALGUND,TOBACCO,tobacco,0,0,0,0
2010,9,DHARWAD,2,NAVALGUND,GUAR,guar,0,0,0,0
2010,9,DHARWAD,2,NAVALGUND,COFFEE,coffee,0,0,0,0
2010,9,DHARWAD,2,NAVALGUND,GROSS CROPPED AREA,,34956,65080,90719,155799
2010,8,GADAG,3,GADAG,PADDY,rice,23,0,17,17
2010,8,GADAG,3,GADAG,JOWAR,jowar,11676,38,12620,12658
2010,8,GADAG,3,GADAG,BAJRA,bajra,8,0,10,10
2010,8,GADAG,3,GADAG,MAIZE,maize,3535,983,5867,6850
2010,8,GADAG,3,GADAG,RAGI,ragi,339,7,303,309
2010,8,GADAG,3,GADAG,WHEAT,wheat,7892,145,6918,7063
2010,8,GADAG,3,GADAG,BARLEY,barley,22,0,21,21
2010,8,GADAG,3,GADAG,GRAM,chickpea,6628,28,7072,7101
2010,8,GADAG,3,GADAG,TUR (ARHAR),pigeonpea (tur),308,0,256,256
2010,8,GADAG,3,GADAG,URAD,black gram,10,0,8,8
2010,8,GADAG,3,GADAG,MOONG,green gram,7447,20,10202,10222
2010,8,GADAG,3,GADAG,MASUR,lentil,5,0,15,15
2010,8,GADAG,3,GADAG,HORSEGRAM,horse gram,317,0,225,225
2010,8,GADAG,3,GADAG,MOTH,moth bean,0,0,0,0
2010,8,GADAG,3,GADAG,SUGARCANE,sugarcane,29,35,0,35
2010,8,GADAG,3,GADAG,PEPPER (BLACK),black pepper,0,0,0,0
2010,8,GADAG,3,GADAG,CHILLIES,chilli,12183,27,14696,14723
2010,8,GADAG,3,GADAG,GINGER,ginger,0,0,0,0
2010,8,GADAG,3,GADAG,TURMERIC,turmeric,0,0,0,0
2010,8,GADAG,3,GADAG,BETELNUTS (ARECANUTS),arecanut,0,0,0,0
2010,8,GADAG,3,GADAG,MANGOES,mango,36,40,22,62
2010,8,GADAG,3,GADAG,BANANA,banana,73,71,16,87
2010,8,GADAG,3,GADAG,TABLE GRAPES,grapes,0,0,0,0
2010,8,GADAG,3,GADAG,WINE GRAPES (BLACK),grapes,0,0,0,0
2010,8,GADAG,3,GADAG,CASHEWNUTS,cashewnut,0,0,0,0
2010,8,GADAG,3,GADAG,POTATO,potato,0,0,0,0
2010,8,GADAG,3,GADAG,TAPIOCA (CASSAVA),tapioca,18,0,17,17
2010,8,GADAG,3,GADAG,SWEET POTATO,sweet potato,0,0,0,0
2010,8,GADAG,3,GADAG,ONION,onion,11126,53,12906,12959
2010,8,GADAG,3,GADAG,TOMATO,tomato,17,2,2,4
2010,8,GADAG,3,GADAG,GROUNDNUT,groundnut,12130,502,15005,15507
2010,8,GADAG,3,GADAG,CASTORSEED,castor,11,0,21,21
2010,8,GADAG,3,GADAG,SESAMUM (TIL),sesame,96,0,40,40
2010,8,GADAG,3,GADAG,RAPESEED & MUSTARD (TORIA/TARAMIRA),mustard,0,0,0,0
2010,8,GADAG,3,GADAG,LINSEED,linseed,0,0,0,0
2010,8,GADAG,3,GADAG,COCONUT,coconut,35,0,51,51
2010,8,GADAG,3,GADAG,SUNFLOWER,sunflower,4032,252,5907,6159
2010,8,GADAG,3,GADAG,SOYABEAN,soybean,0,0,0,0
2010,8,GADAG,3,GADAG,NIGERSEED,niger seed,0,0,0,0
2010,8,GADAG,3,GADAG,COTTON,cotton,11608,122,14206,14329
2010,8,GADAG,3,GADAG,JUTE,jute,0,0,0,0
2010,8,GADAG,3,GADAG,MESTA,mesta,6,0,3,3
2010,8,GADAG,3,GADAG,TOBACCO,tobacco,0,0,0,0
2010,8,GADAG,3,GADAG,GUAR,guar,0,0,0,0
2010,8,GADAG,3,GADAG,COFFEE,coffee,0,0,0,0
2010,8,GADAG,3,GADAG,GROSS CROPPED AREA,,38478,2515,106884,109399
2010,8,GADAG,5,MUNDARGI,PADDY,rice,1101,1960,90,2050
2010,8,GADAG,5,MUNDARGI,JOWAR,jowar,9875,993,14526,15519
2010,8,GADAG,5,MUNDARGI,BAJRA,bajra,422,40,509,550
2010,8,GADAG,5,MUNDARGI,MAIZE,maize,6063,2158,5761,7919
2010,8,GADAG,5,MUNDARGI,RAGI,ragi,62,11,86,96
2010,8,GADAG,5,MUNDARGI,WHEAT,wheat,4029,492,3075,3566
2010,8,GADAG,5,MUNDARGI,BARLEY,barley,23,9,26,34
2010,8,GADAG,5,MUNDARGI,GRAM,chickpea,3426,28,4175,4203
2010,8,GADAG,5,MUNDARGI,TUR (ARHAR),pigeonpea (tur),801,6,370,376
2010,8,GADAG,5,MUNDARGI,URAD,black gram,0,0,0,0
2010,8,GADAG,5,MUNDARGI,MOONG,green gram,2347,4,2346,2349
2010,8,GADAG,5,MUNDARGI,MASUR,lentil,0,0,0,0
2010,8,GADAG,5,MUNDARGI,HORSEGRAM,horse gram,208,0,123,123
2010,8,GADAG,5,MUNDARGI,MOTH,moth bean,0,0,0,0
2010,8,GADAG,5,MUNDARGI,SUGARCANE,sugarcane,389,592,0,592
2010,8,GADAG,5,MUNDARGI,PEPPER (BLACK),black pepper,0,0,0,0
2010,8,GADAG,5,MUNDARGI,CHILLIES,chilli,77,13,35,48
2010,8,GADAG,5,MUNDARGI,GINGER,ginger,0,0,0,0
2010,8,GADAG,5,MUNDARGI,TURMERIC,turmeric,6,0,11,11
2010,8,GADAG,5,MUNDARGI,BETELNUTS (ARECANUTS),arecanut,0,0,0,0
2010,8,GADAG,5,MUNDARGI,MANGOES,mango,32,87,0,87
2010,8,GADAG,5,MUNDARGI,BANANA,banana,10,8,0,8
2010,8,GADAG,5,MUNDARGI,TABLE GRAPES,grapes,0,0,0,0
2010,8,GADAG,5,MUNDARGI,WINE GRAPES (BLACK),grapes,0,0,0,0
2010,8,GADAG,5,MUNDARGI,CASHEWNUTS,cashewnut,0,0,0,0
2010,8,GADAG,5,MUNDARGI,POTATO,potato,0,0,0,0
2010,8,GADAG,5,MUNDARGI,TAPIOCA (CASSAVA),tapioca,0,0,0,0
2010,8,GADAG,5,MUNDARGI,SWEET POTATO,sweet potato,0,0,0,0
2010,8,GADAG,5,MUNDARGI,ONION,onion,1885,122,1665,1788
2010,8,GADAG,5,MUNDARGI,TOMATO,tomato,6,1,0,1
2010,8,GADAG,5,MUNDARGI,GROUNDNUT,groundnut,3733,431,3868,4299
2010,8,GADAG,5,MUNDARGI,CASTORSEED,castor,33,11,22,33
2010,8,GADAG,5,MUNDARGI,SESAMUM (TIL),sesame,133,17,38,55
2010,8,GADAG,5,MUNDARGI,RAPESEED & MUSTARD (TORIA/TARAMIRA),mustard,0,0,0,0
2010,8,GADAG,5,MUNDARGI,LINSEED,linseed,73,0,24,24
2010,8,GADAG,5,MUNDARGI,COCONUT,coconut,64,110,0,110
2010,8,GADAG,5,MUNDARGI,SUNFLOWER,sunflower,6940,783,9681,10464
2010,8,GADAG,5,MUNDARGI,SOYABEAN,soybean,0,0,0,0
2010,8,GADAG,5,MUNDARGI,NIGERSEED,niger seed,13,0,6,6
2010,8,GADAG,5,MUNDARGI,COTTON,cotton,3994,655,5396,6051
2010,8,GADAG,5,MUNDARGI,JUTE,jute,203,0,156,156
2010,8,GADAG,5,MUNDARGI,MESTA,mesta,15,0,31,31
2010,8,GADAG,5,MUNDARGI,TOBACCO,tobacco,0,0,0,0
2010,8,GADAG,5,MUNDARGI,GUAR,guar,0,0,0,0
2010,8,GADAG,5,MUNDARGI,COFFEE,coffee,0,0,0,0
2010,8,GADAG,5,MUNDARGI,GROSS CROPPED AREA,,25419,8797,52305,61101
2010,8,GADAG,1,NARAGUND,PADDY,rice,29,57,0,57
2010,8,GADAG,1,NARAGUND,JOWAR,jowar,1068,726,355,1081
2010,8,GADAG,1,NARAGUND,BAJRA,bajra,6,9,0,9
2010,8,GADAG,1,NARAGUND,MAIZE,maize,12533,26843,143,26986
2010,8,GADAG,1,NARAGUND,RAGI,ragi,18,19,0,19
2010,8,GADAG,1,NARAGUND,WHEAT,wheat,9725,15372,536,15907
2010,8,GADAG,1,NARAGUND,BARLEY,barley,25,35,0,35
2010,8,GADAG,1,NARAGUND,GRAM,chickpea,5681,7820,441,8262
2010,8,GADAG,1,NARAGUND,TUR (ARHAR),pigeonpea (tur),6,5,0,5
2010,8,GADAG,1,NARAGUND,URAD,black gram,0,0,0,0
2010,8,GADAG,1,NARAGUND,MOONG,green gram,2942,177,3835,4012
2010,8,GADAG,1,NARAGUND,MASUR,lentil,0,0,0,0
2010,8,GADAG,1,NARAGUND,HORSEGRAM,horse gram,0,0,0,0
2010,8,GADAG,1,NARAGUND,MOTH,moth bean,0,0,0,0
2010,8,GADAG,1,NARAGUND,SUGARCANE,sugarcane,75,195,0,195
2010,8,GADAG,1,NARAGUND,PEPPER (BLACK),black pepper,0,0,0,0
2010,8,GADAG,1,NARAGUND,CHILLIES,chilli,0,0,0,0
2010,8,GADAG,1,NARAGUND,GINGER,ginger,0,0,0,0
2010,8,GADAG,1,NARAGUND,TURMERIC,turmeric,0,0,0,0
2010,8,GADAG,1,NARAGUND,BETELNUTS (ARECANUTS),arecanut,0,0,0,0
2010,8,GADAG,1,NARAGUND,MANGOES,mango,0,0,0,0
2010,8,GADAG,1,NARAGUND,BANANA,banana,0,0,0,0
2010,8,GADAG,1,NARAGUND,TABLE GRAPES,grapes,0,0,0,0
2010,8,GADAG,1,NARAGUND,WINE GRAPES (BLACK),grapes,0,0,0,0
2010,8,GADAG,1,NARAGUND,CASHEWNUTS,cashewnut,0,0,0,0
2010,8,GADAG,1,NARAGUND,POTATO,potato,0,0,0,0
2010,8,GADAG,1,NARAGUND,TAPIOCA (CASSAVA),tapioca,0,0,0,0
2010,8,GADAG,1,NARAGUND,SWEET POTATO,sweet potato,4,0,5,5
2010,8,GADAG,1,NARAGUND,ONION,onion,622,423,251,674
2010,8,GADAG,1,NARAGUND,TOMATO,tomato,0,0,0,0
2010,8,GADAG,1,NARAGUND,GROUNDNUT,groundnut,0,0,0,0
2010,8,GADAG,1,NARAGUND,CASTORSEED,castor,0,0,0,0
2010,8,GADAG,1,NARAGUND,SESAMUM (TIL),sesame,0,0,0,0
2010,8,GADAG,1,NARAGUND,RAPESEED & MUSTARD (TORIA/TARAMIRA),mustard,0,0,0,0
2010,8,GADAG,1,NARAGUND,LINSEED,linseed,5,0,1,1
2010,8,GADAG,1,NARAGUND,COCONUT,coconut,12,29,0,29
2010,8,GADAG,1,NARAGUND,SUNFLOWER,sunflower,3051,4142,72,4215
2010,8,GADAG,1,NARAGUND,SOYABEAN,soybean,0,0,0,0
2010,8,GADAG,1,NARAGUND,NIGERSEED,niger seed,6,12,0,12
2010,8,GADAG,1,NARAGUND,COTTON,cotton,3120,4805,66,4871
2010,8,GADAG,1,NARAGUND,JUTE,jute,0,0,0,0
2010,8,GADAG,1,NARAGUND,MESTA,mesta,0,0,0,0
2010,8,GADAG,1,NARAGUND,TOBACCO,tobacco,0,0,0,0
2010,8,GADAG,1,NARAGUND,GUAR,guar,0,0,0,0
2010,8,GADAG,1,NARAGUND,COFFEE,coffee,0,0,0,0
2010,8,GADAG,1,NARAGUND,GROSS CROPPED AREA,,16974,60904,5730,66634
2010,8,GADAG,2,RON,PADDY,rice,162,0,211,211
2010,8,GADAG,2,RON,JOWAR,jowar,17872,405,20939,21344
2010,8,GADAG,2,RON,BAJRA,bajra,579,3,505,507
2010,8,GADAG,2,RON,MAIZE,maize,3506,606,4832,5438
2010,8,GADAG,2,RON,RAGI,ragi,36,0,56,56
2010,8,GADAG,2,RON,WHEAT,wheat,7938,157,8287,8444
2010,8,GADAG,2,RON,BARLEY,barley,122,0,118,118
2010,8,GADAG,2,RON,GRAM,chickpea,16243,65,26607,26672
2010,8,GADAG,2,RON,TUR (ARHAR),pigeonpea (tur),722,60,728,788
2010,8,GADAG,2,RON,URAD,black gram,23,0,14,14
2010,8,GADAG,2,RON,MOONG,green gram,21800,127,29113,29241
2010,8,GADAG,2,RON,MASUR,lentil,9,0,22,22
2010,8,GADAG,2,RON,HORSEGRAM,horse gram,141,0,95,95
2010,8,GADAG,2,RON,MOTH,moth bean,6,0,20,20
2010,8,GADAG,2,RON,SUGARCANE,sugarcane,15,26,0,26
2010,8,GADAG,2,RON,PEPPER (BLACK),black pepper,0,0,0,0
2010,8,GADAG,2,RON,CHILLIES,chilli,499,0,711,711
2010,8,GADAG,2,RON,GINGER,ginger,0,0,0,0
2010,8,GADAG,2,RON,TURMERIC,turmeric,2,0,6,6
2010,8,GADAG,2,RON,BETELNUTS (ARECANUTS),arecanut,0,0,0,0
2010,8,GADAG,2,RON,MANGOES,mango,3,36,0,36
2010,8,GADAG,2,RON,BANANA,banana,0,0,0,0
2010,8,GADAG,2,RON,TABLE GRAPES,grapes,6,6,8,14
2010,8,GADAG,2,RON,WINE GRAPES (BLACK),grapes,0,0,0,0
2010,8,GADAG,2,RON,CASHEWNUTS,cashewnut,0,0,0,0
2010,8,GADAG,2,RON,POTATO,potato,3,0,4,4
2010,8,GADAG,2,RON,TAPIOCA (CASSAVA),tapioca,0,0,0,0
2010,8,GADAG,2,RON,SWEET POTATO,sweet potato,6,0,7,7
2010,8,GADAG,2,RON,ONION,onion,13463,28,21710,21738
2010,8,GADAG,2,RON,TOMATO,tomato,0,0,0,0
2010,8,GADAG,2,RON,GROUNDNUT,groundnut,10028,823,11442,12265
2010,8,GADAG,2,RON,CASTORSEED,castor,75,0,92,92
2010,8,GADAG,2,RON,SESAMUM (TIL),sesame,64,11,52,63
2010,8,GADAG,2,RON,RAPESEED & MUSTARD (TORIA/TARAMIRA),mustard,35,0,43,43
2010,8,GADAG,2,RON,LINSEED,linseed,781,1,453,454
2010,8,GADAG,2,RON,COCONUT,coconut,6,2,5,8
2010,8,GADAG,2,RON,SUNFLOWER,sunflower,11481,786,15157,15943
2010,8,GADAG,2,RON,SOYABEAN,soybean,0,0,0,0
2010,8,GADAG,2,RON,NIGERSEED,niger seed,0,0,0,0
2010,8,GADAG,2,RON,COTTON,cotton,11407,236,16055,16291
2010,8,GADAG,2,RON,JUTE,jute,19,0,21,21
2010,8,GADAG,2,RON,MESTA,mesta,0,0,0,0
2010,8,GADAG,2,RON,TOBACCO,tobacco,0,0,0,0
2010,8,GADAG,2,RON,GUAR,guar,0,0,0,0
2010,8,GADAG,2,RON,COFFEE,coffee,0,0,0,0
2010,8,GADAG,2,RON,GROSS CROPPED AREA,,49910,3392,159578,162970
2010,8,GADAG,4,SHIRAHATTI,PADDY,rice,330,462,102,564
2010,8,GADAG,4,SHIRAHATTI,JOWAR,jowar,8449,106,11695,11800
2010,8,GADAG,4,SHIRAHATTI,BAJRA,bajra,20,0,10,10
2010,8,GADAG,4,SHIRAHATTI,MAIZE,maize,7233,1280,10706,11987
2010,8,GADAG,4,SHIRAHATTI,RAGI,ragi,11,0,13,13
2010,8,GADAG,4,SHIRAHATTI,WHEAT,wheat,1989,89,2200,2288
2010,8,GADAG,4,SHIRAHATTI,BARLEY,barley,16,0,22,22
2010,8,GADAG,4,SHIRAHATTI,GRAM,chickpea,1869,8,2218,2227
2010,8,GADAG,4,SHIRAHATTI,TUR (ARHAR),pigeonpea (tur),762,6,317,324
2010,8,GADAG,4,SHIRAHATTI,URAD,black gram,12,0,8,8
2010,8,GADAG,4,SHIRAHATTI,MOONG,green gram,8279,48,11577,11626
2010,8,GADAG,4,SHIRAHATTI,MASUR,lentil,5,0,4,4
2010,8,GADAG,4,SHIRAHATTI,HORSEGRAM,horse gram,327,1,177,178
2010,8,GADAG,4,SHIRAHATTI,MOTH,moth bean,0,0,0,0
2010,8,GADAG,4,SHIRAHATTI,SUGARCANE,sugarcane,157,166,0,166
2010,8,GADAG,4,SHIRAHATTI,PEPPER (BLACK),black pepper,5,3,0,3
2010,8,GADAG,4,SHIRAHATTI,CHILLIES,chilli,3233,27,4300,4327
2010,8,GADAG,4,SHIRAHATTI,GINGER,ginger,0,0,0,0
2010,8,GADAG,4,SHIRAHATTI,TURMERIC,turmeric,0,0,0,0
2010,8,GADAG,4,SHIRAHATTI,BETELNUTS (ARECANUTS),arecanut,5,0,20,20
2010,8,GADAG,4,SHIRAHATTI,MANGOES,mango,17,24,0,24
2010,8,GADAG,4,SHIRAHATTI,BANANA,banana,0,0,0,0
2010,8,GADAG,4,SHIRAHATTI,TABLE GRAPES,grapes,0,0,0,0
2010,8,GADAG,4,SHIRAHATTI,WINE GRAPES (BLACK),grapes,0,0,0,0
2010,8,GADAG,4,SHIRAHATTI,CASHEWNUTS,cashewnut,0,0,0,0
2010,8,GADAG,4,SHIRAHATTI,POTATO,potato,0,0,0,0
2010,8,GADAG,4,SHIRAHATTI,TAPIOCA (CASSAVA),tapioca,0,0,0,0
2010,8,GADAG,4,SHIRAHATTI,SWEET POTATO,sweet potato,0,0,0,0
2010,8,GADAG,4,SHIRAHATTI,ONION,onion,2835,157,3015,3172
2010,8,GADAG,4,SHIRAHATTI,TOMATO,tomato,0,0,0,0
2010,8,GADAG,4,SHIRAHATTI,GROUNDNUT,groundnut,11888,475,20282,20757
2010,8,GADAG,4,SHIRAHATTI,CASTORSEED,castor,12,0,14,14
2010,8,GADAG,4,SHIRAHATTI,SESAMUM (TIL),sesame,74,0,45,45
2010,8,GADAG,4,SHIRAHATTI,RAPESEED & MUSTARD (TORIA/TARAMIRA),mustard,45,1,45,46
2010,8,GADAG,4,SHIRAHATTI,LINSEED,linseed,0,0,0,0
2010,8,GADAG,4,SHIRAHATTI,COCONUT,coconut,32,78,0,78
2010,8,GADAG,4,SHIRAHATTI,SUNFLOWER,sunflower,1802,69,2721,2790
2010,8,GADAG,4,SHIRAHATTI,SOYABEAN,soybean,5,0,7,7
2010,8,GADAG,4,SHIRAHATTI,NIGERSEED,niger seed,63,0,5,5
2010,8,GADAG,4,SHIRAHATTI,COTTON,cotton,10682,1173,15662,16836
2010,8,GADAG,4,SHIRAHATTI,JUTE,jute,0,0,0,0
2010,8,GADAG,4,SHIRAHATTI,MESTA,mesta,0,0,0,0
2010,8,GADAG,4,SHIRAHATTI,TOBACCO,tobacco,0,0,0,0
2010,8,GADAG,4,SHIRAHATTI,GUAR,guar,0,0,0,0
2010,8,GADAG,4,SHIRAHATTI,COFFEE,coffee,0,0,0,0
2010,8,GADAG,4,SHIRAHATTI,GROSS CROPPED AREA,,32685,4382,88574,92956
2010,4,GULBARGA,2,AFZALPUR,PADDY,rice,325,23,713,736
2010,4,GULBARGA,2,AFZALPUR,JOWAR,jowar,2686,684,3924,4609
2010,4,GULBARGA,2,AFZALPUR,BAJRA,bajra,4387,5,7807,7812
2010,4,GULBARGA,2,AFZALPUR,MAIZE,maize,110,122,32,154
2010,4,GULBARGA,2,AFZALPUR,RAGI,ragi,38,30,9,38
2010,4,GULBARGA,2,AFZALPUR,WHEAT,wheat,1412,504,1001,1505
2010,4,GULBARGA,2,AFZALPUR,BARLEY,barley,23,0,14,14
2010,4,GULBARGA,2,AFZALPUR,GRAM,chickpea,2663,797,4036,4833
2010,4,GULBARGA,2,AFZALPUR,TUR (ARHAR),pigeonpea (tur),35164,5580,71776,77356
2010,4,GULBARGA,2,AFZALPUR,URAD,black gram,116,15,143,158
2010,4,GULBARGA,2,AFZALPUR,MOONG,green gram,727,0,1369,1369
2010,4,GULBARGA,2,AFZALPUR,MASUR,lentil,0,0,0,0
2010,4,GULBARGA,2,AFZALPUR,HORSEGRAM,horse gram,0,0,0,0
2010,4,GULBARGA,2,AFZALPUR,MOTH,moth bean,0,0,0,0
2010,4,GULBARGA,2,AFZALPUR,SUGARCANE,sugarcane,8998,19120,0,19120
2010,4,GULBARGA,2,AFZALPUR,PEPPER (BLACK),black pepper,0,0,0,0
2010,4,GULBARGA,2,AFZALPUR,CHILLIES,chilli,0,0,0,0
2010,4,GULBARGA,2,AFZALPUR,GINGER,ginger,0,0,0,0
2010,4,GULBARGA,2,AFZALPUR,TURMERIC,turmeric,0,0,0,0
2010,4,GULBARGA,2,AFZALPUR,BETELNUTS (ARECANUTS),arecanut,0,0,0,0
2010,4,GULBARGA,2,AFZALPUR,MANGOES,mango,23,16,0,16
2010,4,GULBARGA,2,AFZALPUR,BANANA,banana,294,500,0,500
2010,4,GULBARGA,2,AFZALPUR,TABLE GRAPES,grapes,36,43,0,43
2010,4,GULBARGA,2,AFZALPUR,WINE GRAPES (BLACK),grapes,0,0,0,0
2010,4,GULBARGA,2,AFZALPUR,CASHEWNUTS,cashewnut,0,0,0,0
2010,4,GULBARGA,2,AFZALPUR,POTATO,potato,0,0,0,0
2010,4,GULBARGA,2,AFZALPUR,TAPIOCA (CASSAVA),tapioca,0,0,0,0
2010,4,GULBARGA,2,AFZALPUR,SWEET POTATO,sweet potato,0,0,0,0
2010,4,GULBARGA,2,AFZALPUR,ONION,onion,0,0,0,0
2010,4,GULBARGA,2,AFZALPUR,TOMATO,tomato,0,0,0,0
2010,4,GULBARGA,2,AFZALPUR,GROUNDNUT,groundnut,11,0,16,16
2010,4,GULBARGA,2,AFZALPUR,CASTORSEED,castor,0,0,0,0
2010,4,GULBARGA,2,AFZALPUR,SESAMUM (TIL),sesame,43,0,48,48
2010,4,GULBARGA,2,AFZALPUR,RAPESEED & MUSTARD (TORIA/TARAMIRA),mustard,0,0,0,0
2010,4,GULBARGA,2,AFZALPUR,LINSEED,linseed,0,0,0,0
2010,4,GULBARGA,2,AFZALPUR,COCONUT,coconut,12,1,0,1
2010,4,GULBARGA,2,AFZALPUR,SUNFLOWER,sunflower,1697,384,2655,3039
2010,4,GULBARGA,2,AFZALPUR,SOYABEAN,soybean,11,0,27,27
2010,4,GULBARGA,2,AFZALPUR,NIGERSEED,niger seed,0,0,0,0
2010,4,GULBARGA,2,AFZALPUR,COTTON,cotton,1971,1617,67,1684
2010,4,GULBARGA,2,AFZALPUR,JUTE,jute,0,0,0,0
2010,4,GULBARGA,2,AFZALPUR,MESTA,mesta,0,0,0,0
2010,4,GULBARGA,2,AFZALPUR,TOBACCO,tobacco,0,0,0,0
2010,4,GULBARGA,2,AFZALPUR,GUAR,guar,0,0,0,0
2010,4,GULBARGA,2,AFZALPUR,COFFEE,coffee,0,0,0,0
2010,4,GULBARGA,2,AFZALPUR,GROSS CROPPED AREA,,47640,30012,94403,124414
2010,4,GULBARGA,1,ALAND,PADDY,rice,2443,23,3103,3126
2010,4,GULBARGA,1,ALAND,JOWAR,jowar,8977,51,10457,10508
2010,4,GULBARGA,1,ALAND,BAJRA,bajra,13073,129,13685,13814
2010,4,GULBARGA,1,ALAND,MAIZE,maize,84,0,108,108
2010,4,GULBARGA,1,ALAND,RAGI,ragi,23,0,28,28
2010,4,GULBARGA,1,ALAND,WHEAT,wheat,619,349,133,482
2010,4,GULBARGA,1,ALAND,BARLEY,barley,39,0,41,41
2010,4,GULBARGA,1,ALAND,GRAM,chickpea,2486,53,2604,2657
2010,4,GULBARGA,1,ALAND,TUR (ARHAR),pigeonpea (tur),52727,364,78076,78440
2010,4,GULBARGA,1,ALAND,URAD,black gram,11203,48,14476,14523
2010,4,GULBARGA,1,ALAND,MOONG,green gram,3858,5,4712,4717
2010,4,GULBARGA,1,ALAND,MASUR,lentil,23,0,46,46
2010,4,GULBARGA,1,ALAND,HORSEGRAM,horse gram,21,0,16,16
2010,4,GULBARGA,1,ALAND,MOTH,moth bean,0,0,0,0
2010,4,GULBARGA,1,ALAND,SUGARCANE,sugarcane,1063,1442,0,1442
2010,4,GULBARGA,1,ALAND,PEPPER (BLACK),black pepper,0,0,0,0
2010,4,GULBARGA,1,ALAND,CHILLIES,chilli,10,0,33,33
2010,4,GULBARGA,1,ALAND,GINGER,ginger,0,0,0,0
2010,4,GULBARGA,1,ALAND,TURMERIC,turmeric,0,0,0,0
2010,4,GULBARGA,1,ALAND,BETELNUTS (ARECANUTS),arecanut,0,0,0,0
2010,4,GULBARGA,1,ALAND,MANGOES,mango,18,3,3,7
2010,4,GULBARGA,1,ALAND,BANANA,banana,106,70,25,95
2010,4,GULBARGA,1,ALAND,TABLE GRAPES,grapes,9,7,0,7
2010,4,GULBARGA,1,ALAND,WINE GRAPES (BLACK),grapes,0,0,0,0
2010,4,GULBARGA,1,ALAND,CASHEWNUTS,cashewnut,0,0,0,0
2010,4,GULBARGA,1,ALAND,POTATO,potato,0,0,0,0
2010,4,GULBARGA,1,ALAND,TAPIOCA (CASSAVA),tapioca,0,0,0,0
2010,4,GULBARGA,1,ALAND,SWEET POTATO,sweet potato,12,0,4,4
2010,4,GULBARGA,1,ALAND,ONION,onion,100,28,4,33
2010,4,GULBARGA,1,ALAND,TOMATO,tomato,303,69,22,92
2010,4,GULBARGA,1,ALAND,GROUNDNUT,groundnut,292,38,142,181
2010,4,GULBARGA,1,ALAND,CASTORSEED,castor,52,0,63,63
2010,4,GULBARGA,1,ALAND,SESAMUM (TIL),sesame,11326,126,16390,16516
2010,4,GULBARGA,1,ALAND,RAPESEED & MUSTARD (TORIA/TARAMIRA),mustard,28,0,50,50
2010,4,GULBARGA,1,ALAND,LINSEED,linseed,194,0,116,116
2010,4,GULBARGA,1,ALAND,COCONUT,coconut,38,0,78,78
2010,4,GULBARGA,1,ALAND,SUNFLOWER,sunflower,7802,86,12610,12696
2010,4,GULBARGA,1,ALAND,SOYABEAN,soybean,2882,0,4237,4237
2010,4,GULBARGA,1,ALAND,NIGERSEED,niger seed,19,0,4,4
2010,4,GULBARGA,1,ALAND,COTTON,cotton,0,0,0,0
2010,4,GULBARGA,1,ALAND,JUTE,jute,0,0,0,0
2010,4,GULBARGA,1,ALAND,MESTA,mesta,205,0,109,109
2010,4,GULBARGA,1,ALAND,TOBACCO,tobacco,0,0,0,0
2010,4,GULBARGA,1,ALAND,GUAR,guar,0,0,0,0
2010,4,GULBARGA,1,ALAND,COFFEE,coffee,0,0,0,0
2010,4,GULBARGA,1,ALAND,GROSS CROPPED AREA,,68471,3006,162472,165478
2010,4,GULBARGA,4,CHINCHOLI,PADDY,rice,23,0,27,27
2010,4,GULBARGA,4,CHINCHOLI,JOWAR,jowar,8538,68,7672,7740
2010,4,GULBARGA,4,CHINCHOLI,BAJRA,bajra,1863,0,961,961
2010,4,GULBARGA,4,CHINCHOLI,MAIZE,maize,56,4,57,62
2010,4,GULBARGA,4,CHINCHOLI,RAGI,ragi,6,0,2,2
2010,4,GULBARGA,4,CHINCHOLI,WHEAT,wheat,20,9,0,9
2010,4,GULBARGA,4,CHINCHOLI,BARLEY,barley,0,0,0,0
2010,4,GULBARGA,4,CHINCHOLI,GRAM,chickpea,2640,114,2354,2469
2010,4,GULBARGA,4,CHINCHOLI,TUR (ARHAR),pigeonpea (tur),45783,540,62207,62746
2010,4,GULBARGA,4,CHINCHOLI,URAD,black gram,22594,46,19952,19998
2010,4,GULBARGA,4,CHINCHOLI,MOONG,green gram,16215,34,13833,13867
2010,4,GULBARGA,4,CHINCHOLI,MASUR,lentil,0,0,0,0
2010,4,GULBARGA,4,CHINCHOLI,HORSEGRAM,horse gram,12,0,18,18
2010,4,GULBARGA,4,CHINCHOLI,MOTH,moth bean,0,0,0,0
2010,4,GULBARGA,4,CHINCHOLI,SUGARCANE,sugarcane,654,679,0,679
2010,4,GULBARGA,4,CHINCHOLI,PEPPER (BLACK),black pepper,0,0,0,0
2010,4,GULBARGA,4,CHINCHOLI,CHILLIES,chilli,0,0,0,0
2010,4,GULBARGA,4,CHINCHOLI,GINGER,ginger,0,0,0,0
2010,4,GULBARGA,4,CHINCHOLI,TURMERIC,turmeric,489,365,7,372
2010,4,GULBARGA,4,CHINCHOLI,BETELNUTS (ARECANUTS),arecanut,0,0,0,0
2010,4,GULBARGA,4,CHINCHOLI,MANGOES,mango,0,0,0,0
2010,4,GULBARGA,4,CHINCHOLI,BANANA,banana,855,870,38,908
2010,4,GULBARGA,4,CHINCHOLI,TABLE GRAPES,grapes,0,0,0,0
2010,4,GULBARGA,4,CHINCHOLI,WINE GRAPES (BLACK),grapes,0,0,0,0
2010,4,GULBARGA,4,CHINCHOLI,CASHEWNUTS,cashewnut,0,0,0,0
2010,4,GULBARGA,4,CHINCHOLI,POTATO,potato,0,0,0,0
2010,4,GULBARGA,4,CHINCHOLI,TAPIOCA (CASSAVA),tapioca,0,0,0,0
2010,4,GULBARGA,4,CHINCHOLI,SWEET POTATO,sweet potato,0,0,0,0
2010,4,GULBARGA,4,CHINCHOLI,ONION,onion,118,28,124,152
2010,4,GULBARGA,4,CHINCHOLI,TOMATO,tomato,0,0,0,0
2010,4,GULBARGA,4,CHINCHOLI,GROUNDNUT,groundnut,360,0,252,252
2010,4,GULBARGA,4,CHINCHOLI,CASTORSEED,castor,11,0,4,4
2010,4,GULBARGA,4,CHINCHOLI,SESAMUM (TIL),sesame,897,2,639,641
2010,4,GULBARGA,4,CHINCHOLI,RAPESEED & MUSTARD (TORIA/TARAMIRA),mustard,12,0,23,23
2010,4,GULBARGA,4,CHINCHOLI,LINSEED,linseed,0,0,0,0
2010,4,GULBARGA,4,CHINCHOLI,COCONUT,coconut,0,0,0,0
2010,4,GULBARGA,4,CHINCHOLI,SUNFLOWER,sunflower,73,0,59,59
2010,4,GULBARGA,4,CHINCHOLI,SOYABEAN,soybean,0,0,0,0
2010,4,GULBARGA,4,CHINCHOLI,NIGERSEED,niger seed,17,0,1,1
2010,4,GULBARGA,4,CHINCHOLI,COTTON,cotton,6,5,0,5
2010,4,GULBARGA,4,CHINCHOLI,JUTE,jute,0,0,0,0
2010,4,GULBARGA,4,CHINCHOLI,MESTA,mesta,0,0,0,0
2010,4,GULBARGA,4,CHINCHOLI,TOBACCO,tobacco,0,0,0,0
2010,4,GULBARGA,4,CHINCHOLI,GUAR,guar,0,0,0,0
2010,4,GULBARGA,4,CHINCHOLI,COFFEE,coffee,0,0,0,0
2010,4,GULBARGA,4,CHINCHOLI,GROSS CROPPED AREA,,48611,2774,108566,111340
2010,4,GULBARGA,6,CHITAPUR,PADDY,rice,611,226,158,384
2010,4,GULBARGA,6,CHITAPUR,JOWAR,jowar,11707,59,16006,16065
2010,4,GULBARGA,6,CHITAPUR,BAJRA,bajra,1333,0,916,916
2010,4,GULBARGA,6,CHITAPUR,MAIZE,maize,31,0,36,36
2010,4,GULBARGA,6,CHITAPUR,RAGI,ragi,12,0,33,33
2010,4,GULBARGA,6,CHITAPUR,WHEAT,wheat,541,0,217,217
2010,4,GULBARGA,6,CHITAPUR,BARLEY,barley,10,0,11,11
2010,4,GULBARGA,6,CHITAPUR,GRAM,chickpea,9503,29,13494,13523
2010,4,GULBARGA,6,CHITAPUR,TUR (ARHAR),pigeonpea (tur),49179,181,99004,99185
2010,4,GULBARGA,6,CHITAPUR,URAD,black gram,4748,4,6316,6320
2010,4,GULBARGA,6,CHITAPUR,MOONG,green gram,12063,92,13253,13345
2010,4,GULBARGA,6,CHITAPUR,MASUR,lentil,0,0,0,0
2010,4,GULBARGA,6,CHITAPUR,HORSEGRAM,horse gram,0,0,0,0
2010,4,GULBARGA,6,CHITAPUR,MOTH,moth bean,0,0,0,0
2010,4,GULBARGA,6,CHITAPUR,SUGARCANE,sugarcane,12,5,0,5
2010,4,GULBARGA,6,CHITAPUR,PEPPER (BLACK),black pepper,0,0,0,0
2010,4,GULBARGA,6,CHITAPUR,CHILLIES,chilli,0,0,0,0
2010,4,GULBARGA,6,CHITAPUR,GINGER,ginger,0,0,0,0
2010,4,GULBARGA,6,CHITAPUR,TURMERIC,turmeric,0,0,0,0
2010,4,GULBARGA,6,CHITAPUR,BETELNUTS (ARECANUTS),arecanut,0,0,0,0
2010,4,GULBARGA,6,CHITAPUR,MANGOES,mango,0,0,0,0
2010,4,GULBARGA,6,CHITAPUR,BANANA,banana,12,5,0,5
2010,4,GULBARGA,6,CHITAPUR,TABLE GRAPES,grapes,0,0,0,0
2010,4,GULBARGA,6,CHITAPUR,WINE GRAPES (BLACK),grapes,0,0,0,0
2010,4,GULBARGA,6,CHITAPUR,CASHEWNUTS,cashewnut,0,0,0,0
2010,4,GULBARGA,6,CHITAPUR,POTATO,potato,0,0,0,0
2010,4,GULBARGA,6,CHITAPUR,TAPIOCA (CASSAVA),tapioca,0,0,0,0
2010,4,GULBARGA,6,CHITAPUR,SWEET POTATO,sweet potato,11,0,4,4
2010,4,GULBARGA,6,CHITAPUR,ONION,onion,35,0,42,42
2010,4,GULBARGA,6,CHITAPUR,TOMATO,tomato,0,0,0,0
2010,4,GULBARGA,6,CHITAPUR,GROUNDNUT,groundnut,3,0,2,2
2010,4,GULBARGA,6,CHITAPUR,CASTORSEED,castor,0,0,0,0
2010,4,GULBARGA,6,CHITAPUR,SESAMUM (TIL),sesame,815,0,671,671
2010,4,GULBARGA,6,CHITAPUR,RAPESEED & MUSTARD (TORIA/TARAMIRA),mustard,0,0,0,0
2010,4,GULBARGA,6,CHITAPUR,LINSEED,linseed,0,0,0,0
2010,4,GULBARGA,6,CHITAPUR,COCONUT,coconut,11,0,4,4
2010,4,GULBARGA,6,CHITAPUR,SUNFLOWER,sunflower,1198,9,721,729
2010,4,GULBARGA,6,CHITAPUR,SOYABEAN,soybean,8,0,2,2
2010,4,GULBARGA,6,CHITAPUR,NIGERSEED,niger seed,8,3,0,3
2010,4,GULBARGA,6,CHITAPUR,COTTON,cotton,52,0,74,74
2010,4,GULBARGA,6,CHITAPUR,JUTE,jute,0,0,0,0
2010,4,GULBARGA,6,CHITAPUR,MESTA,mesta,81,0,13,13
2010,4,GULBARGA,6,CHITAPUR,TOBACCO,tobacco,0,0,0,0
2010,4,GULBARGA,6,CHITAPUR,GUAR,guar,0,0,0,0
2010,4,GULBARGA,6,CHITAPUR,COFFEE,coffee,0,0,0,0
2010,4,GULBARGA,6,CHITAPUR,GROSS CROPPED AREA,,62638,614,151544,152158
2010,4,GULBARGA,3,GULBARGA,PADDY,rice,539,173,219,392
2010,4,GULBARGA,3,GULBARGA,JOWAR,jowar,18114,93,20416,20509
2010,4,GULBARGA,3,GULBARGA,BAJRA,bajra,16843,33,11923,11956
2010,4,GULBARGA,3,GULBARGA,MAIZE,maize,340,0,393,393
2010,4,GULBARGA,3,GULBARGA,RAGI,ragi,16,0,45,45
2010,4,GULBARGA,3,GULBARGA,WHEAT,wheat,1472,1066,643,1709
2010,4,GULBARGA,3,GULBARGA,BARLEY,barley,167,0,141,141
2010,4,GULBARGA,3,GULBARGA,GRAM,chickpea,4223,267,3555,3822
2010,4,GULBARGA,3,GULBARGA,TUR (ARHAR),pigeonpea (tur),52376,574,82709,83283
2010,4,GULBARGA,3,GULBARGA,URAD,black gram,9663,7,6309,6316
2010,4,GULBARGA,3,GULBARGA,MOONG,green gram,12066,27,8117,8144
2010,4,GULBARGA,3,GULBARGA,MASUR,lentil,6,0,18,18
2010,4,GULBARGA,3,GULBARGA,HORSEGRAM,horse gram,7,0,5,5
2010,4,GULBARGA,3,GULBARGA,MOTH,moth bean,7,0,8,8
2010,4,GULBARGA,3,GULBARGA,SUGARCANE,sugarcane,2808,4671,0,4671
2010,4,GULBARGA,3,GULBARGA,PEPPER (BLACK),black pepper,11,0,5,5
2010,4,GULBARGA,3,GULBARGA,CHILLIES,chilli,0,0,0,0
2010,4,GULBARGA,3,GULBARGA,GINGER,ginger,6,7,0,7
2010,4,GULBARGA,3,GULBARGA,TURMERIC,turmeric,0,0,0,0
2010,4,GULBARGA,3,GULBARGA,BETELNUTS (ARECANUTS),arecanut,0,0,0,0
2010,4,GULBARGA,3,GULBARGA,MANGOES,mango,76,51,4,55
2010,4,GULBARGA,3,GULBARGA,BANANA,banana,363,305,78,382
2010,4,GULBARGA,3,GULBARGA,TABLE GRAPES,grapes,34,19,24,43
2010,4,GULBARGA,3,GULBARGA,WINE GRAPES (BLACK),grapes,11,18,0,18
2010,4,GULBARGA,3,GULBARGA,CASHEWNUTS,cashewnut,0,0,0,0
2010,4,GULBARGA,3,GULBARGA,POTATO,potato,0,0,0,0
2010,4,GULBARGA,3,GULBARGA,TAPIOCA (CASSAVA),tapioca,0,0,0,0
2010,4,GULBARGA,3,GULBARGA,SWEET POTATO,sweet potato,5,2,0,2
2010,4,GULBARGA,3,GULBARGA,ONION,onion,432,234,57,291
2010,4,GULBARGA,3,GULBARGA,TOMATO,tomato,0,0,0,0
2010,4,GULBARGA,3,GULBARGA,GROUNDNUT,groundnut,71,0,76,76
2010,4,GULBARGA,3,GULBARGA,CASTORSEED,castor,99,0,114,114
2010,4,GULBARGA,3,GULBARGA,SESAMUM (TIL),sesame,1793,0,1561,1561
2010,4,GULBARGA,3,GULBARGA,RAPESEED & MUSTARD (TORIA/TARAMIRA),mustard,6,0,7,7
2010,4,GULBARGA,3,GULBARGA,LINSEED,linseed,6,0,14,14
2010,4,GULBARGA,3,GULBARGA,COCONUT,coconut,99,10,43,54
2010,4,GULBARGA,3,GULBARGA,SUNFLOWER,sunflower,4452,4,4227,4231
2010,4,GULBARGA,3,GULBARGA,SOYABEAN,soybean,12,0,3,3
2010,4,GULBARGA,3,GULBARGA,NIGERSEED,niger seed,464,0,221,221
2010,4,GULBARGA,3,GULBARGA,COTTON,cotton,106,36,41,77
2010,4,GULBARGA,3,GULBARGA,JUTE,jute,11,0,12,12
2010,4,GULBARGA,3,GULBARGA,MESTA,mesta,0,0,0,0
2010,4,GULBARGA,3,GULBARGA,TOBACCO,tobacco,0,0,0,0
2010,4,GULBARGA,3,GULBARGA,GUAR,guar,0,0,0,0
2010,4,GULBARGA,3,GULBARGA,COFFEE,coffee,0,0,0,0
2010,4,GULBARGA,3,GULBARGA,GROSS CROPPED AREA,,58739,10131,142932,153063
2010,4,GULBARGA,7,JEWARGI,PADDY,rice,171,161,208,369
2010,4,GULBARGA,7,JEWARGI,JOWAR,jowar,11623,661,16163,16825
2010,4,GULBARGA,7,JEWARGI,BAJRA,bajra,2626,0,2783,2783
2010,4,GULBARGA,7,JEWARGI,MAIZE,maize,660,240,466,707
2010,4,GULBARGA,7,JEWARGI,RAGI,ragi,26,0,37,37
2010,4,GULBARGA,7,JEWARGI,WHEAT,wheat,2160,212,1541,1753
2010,4,GULBARGA,7,JEWARGI,BARLEY,barley,19,0,14,14
2010,4,GULBARGA,7,JEWARGI,GRAM,chickpea,5474,240,7145,7384
2010,4,GULBARGA,7,JEWARGI,TUR (ARHAR),pigeonpea (tur),43644,1679,89007,90687
2010,4,GULBARGA,7,JEWARGI,URAD,black gram,5,0,6,6
2010,4,GULBARGA,7,JEWARGI,MOONG,green gram,3216,20,3835,3855
2010,4,GULBARGA,7,JEWARGI,MASUR,lentil,26,0,40,40
2010,4,GULBARGA,7,JEWARGI,HORSEGRAM,horse gram,164,0,101,101
2010,4,GULBARGA,7,JEWARGI,MOTH,moth bean,17,0,18,18
2010,4,GULBARGA,7,JEWARGI,SUGARCANE,sugarcane,1398,2766,0,2766
2010,4,GULBARGA,7,JEWARGI,PEPPER (BLACK),black pepper,7,0,13,13
2010,4,GULBARGA,7,JEWARGI,CHILLIES,chilli,1057,1438,422,1860
2010,4,GULBARGA,7,JEWARGI,GINGER,ginger,65,71,38,110
2010,4,GULBARGA,7,JEWARGI,TURMERIC,turmeric,0,0,0,0
2010,4,GULBARGA,7,JEWARGI,BETELNUTS (ARECANUTS),arecanut,12,16,0,16
2010,4,GULBARGA,7,JEWARGI,MANGOES,mango,0,0,0,0
2010,4,GULBARGA,7,JEWARGI,BANANA,banana,6,11,0,11
2010,4,GULBARGA,7,JEWARGI,TABLE GRAPES,grapes,0,0,0,0
2010,4,GULBARGA,7,JEWARGI,WINE GRAPES (BLACK),grapes,0,0,0,0
2010,4,GULBARGA,7,JEWARGI,CASHEWNUTS,cashewnut,0,0,0,0
2010,4,GULBARGA,7,JEWARGI,POTATO,potato,0,0,0,0
2010,4,GULBARGA,7,JEWARGI,TAPIOCA (CASSAVA),tapioca,0,0,0,0
2010,4,GULBARGA,7,JEWARGI,SWEET POTATO,sweet potato,0,0,0,0
2010,4,GULBARGA,7,JEWARGI,ONION,onion,0,0,0,0
2010,4,GULBARGA,7,JEWARGI,TOMATO,tomato,0,0,0,0
2010,4,GULBARGA,7,JEWARGI,GROUNDNUT,groundnut,800,32,1065,1097
2010,4,GULBARGA,7,JEWARGI,CASTORSEED,castor,24,0,21,21
2010,4,GULBARGA,7,JEWARGI,SESAMUM (TIL),sesame,588,0,790,790
2010,4,GULBARGA,7,JEWARGI,RAPESEED & MUSTARD (TORIA/TARAMIRA),mustard,172,12,363,375
2010,4,GULBARGA,7,JEWARGI,LINSEED,linseed,37,0,15,15
2010,4,GULBARGA,7,JEWARGI,COCONUT,coconut,290,0,424,424
2010,4,GULBARGA,7,JEWARGI,SUNFLOWER,sunflower,5374,592,7826,8418
2010,4,GULBARGA,7,JEWARGI,SOYABEAN,soybean,24,0,42,42
2010,4,GULBARGA,7,JEWARGI,NIGERSEED,niger seed,0,0,0,0
2010,4,GULBARGA,7,JEWARGI,COTTON,cotton,13361,6479,16710,23189
2010,4,GULBARGA,7,JEWARGI,JUTE,jute,38,0,32,32
2010,4,GULBARGA,7,JEWARGI,MESTA,mesta,13,10,13,24
2010,4,GULBARGA,7,JEWARGI,TOBACCO,tobacco,0,0,0,0
2010,4,GULBARGA,7,JEWARGI,GUAR,guar,0,0,0,0
2010,4,GULBARGA,7,JEWARGI,COFFEE,coffee,0,0,0,0
2010,4,GULBARGA,7,JEWARGI,GROSS CROPPED AREA,,68028,14956,150563,165519
2010,4,GULBARGA,5,SEDAM,PADDY,rice,1211,1194,439,1633
2010,4,GULBARGA,5,SEDAM,JOWAR,jowar,13750,113,9131,9245
2010,4,GULBARGA,5,SEDAM,BAJRA,bajra,219,0,119,119
2010,4,GULBARGA,5,SEDAM,MAIZE,maize,39,0,56,56
2010,4,GULBARGA,5,SEDAM,RAGI,ragi,0,0,0,0
2010,4,GULBARGA,5,SEDAM,WHEAT,wheat,0,0,0,0
2010,4,GULBARGA,5,SEDAM,BARLEY,barley,0,0,0,0
2010,4,GULBARGA,5,SEDAM,GRAM,chickpea,7978,0,7463,7463
2010,4,GULBARGA,5,SEDAM,TUR (ARHAR),pigeonpea (tur),38476,982,55697,56679
2010,4,GULBARGA,5,SEDAM,URAD,black gram,8525,5,2543,2548
2010,4,GULBARGA,5,SEDAM,MOONG,green gram,11796,130,6099,6230
2010,4,GULBARGA,5,SEDAM,MASUR,lentil,27,0,26,26
2010,4,GULBARGA,5,SEDAM,HORSEGRAM,horse gram,0,0,0,0
2010,4,GULBARGA,5,SEDAM,MOTH,moth bean,0,0,0,0
2010,4,GULBARGA,5,SEDAM,SUGARCANE,sugarcane,0,0,0,0
2010,4,GULBARGA,5,SEDAM,PEPPER (BLACK),black pepper,0,0,0,0
2010,4,GULBARGA,5,SEDAM,CHILLIES,chilli,16,0,1,1
2010,4,GULBARGA,5,SEDAM,GINGER,ginger,0,0,0,0
2010,4,GULBARGA,5,SEDAM,TURMERIC,turmeric,0,0,0,0
2010,4,GULBARGA,5,SEDAM,BETELNUTS (ARECANUTS),arecanut,0,0,0,0
2010,4,GULBARGA,5,SEDAM,MANGOES,mango,0,0,0,0
2010,4,GULBARGA,5,SEDAM,BANANA,banana,0,0,0,0
2010,4,GULBARGA,5,SEDAM,TABLE GRAPES,grapes,0,0,0,0
2010,4,GULBARGA,5,SEDAM,WINE GRAPES (BLACK),grapes,0,0,0,0
2010,4,GULBARGA,5,SEDAM,CASHEWNUTS,cashewnut,0,0,0,0
2010,4,GULBARGA,5,SEDAM,POTATO,potato,0,0,0,0
2010,4,GULBARGA,5,SEDAM,TAPIOCA (CASSAVA),tapioca,0,0,0,0
2010,4,GULBARGA,5,SEDAM,SWEET POTATO,sweet potato,0,0,0,0
2010,4,GULBARGA,5,SEDAM,ONION,onion,109,0,23,23
2010,4,GULBARGA,5,SEDAM,TOMATO,tomato,27,0,2,2
2010,4,GULBARGA,5,SEDAM,GROUNDNUT,groundnut,203,0,171,171
2010,4,GULBARGA,5,SEDAM,CASTORSEED,castor,0,0,0,0
2010,4,GULBARGA,5,SEDAM,SESAMUM (TIL),sesame,0,0,0,0
2010,4,GULBARGA,5,SEDAM,RAPESEED & MUSTARD (TORIA/TARAMIRA),mustard,0,0,0,0
2010,4,GULBARGA,5,SEDAM,LINSEED,linseed,0,0,0,0
2010,4,GULBARGA,5,SEDAM,COCONUT,coconut,0,0,0,0
2010,4,GULBARGA,5,SEDAM,SUNFLOWER,sunflower,0,0,0,0
2010,4,GULBARGA,5,SEDAM,SOYABEAN,soybean,0,0,0,0
2010,4,GULBARGA,5,SEDAM,NIGERSEED,niger seed,0,0,0,0
2010,4,GULBARGA,5,SEDAM,COTTON,cotton,144,0,263,263
2010,4,GULBARGA,5,SEDAM,JUTE,jute,0,0,0,0
2010,4,GULBARGA,5,SEDAM,MESTA,mesta,0,0,0,0
2010,4,GULBARGA,5,SEDAM,TOBACCO,tobacco,0,0,0,0
2010,4,GULBARGA,5,SEDAM,GUAR,guar,0,0,0,0
2010,4,GULBARGA,5,SEDAM,COFFEE,coffee,0,0,0,0
2010,4,GULBARGA,5,SEDAM,GROSS CROPPED AREA,,41370,2425,82076,84501
2010,23,HASSAN,5,ALUR,PADDY,rice,10536,5162,1030,6193
2010,23,HASSAN,5,ALUR,JOWAR,jowar,714,0,688,688
2010,23,HASSAN,5,ALUR,BAJRA,bajra,6,0,1,1
2010,23,HASSAN,5,ALUR,MAIZE,maize,11652,253,8964,9217
2010,23,HASSAN,5,ALUR,RAGI,ragi,3812,27,1516,1543
2010,23,HASSAN,5,ALUR,WHEAT,wheat,26,1,9,10
2010,23,HASSAN,5,ALUR,BARLEY,barley,47,0,16,16
2010,23,HASSAN,5,ALUR,GRAM,chickpea,0,0,0,0
2010,23,HASSAN,5,ALUR,TUR (ARHAR),pigeonpea (tur),33,2,6,7
2010,23,HASSAN,5,ALUR,URAD,black gram,45,2,7,9
2010,23,HASSAN,5,ALUR,MOONG,green gram,0,0,0,0
2010,23,HASSAN,5,ALUR,MASUR,lentil,0,0,0,0
2010,23,HASSAN,5,ALUR,HORSEGRAM,horse gram,52,0,9,9
2010,23,HASSAN,5,ALUR,MOTH,moth bean,0,0,0,0
2010,23,HASSAN,5,ALUR,SUGARCANE,sugarcane,4,0,0,0
2010,23,HASSAN,5,ALUR,PEPPER (BLACK),black pepper,388,13,162,175
2010,23,HASSAN,5,ALUR,CHILLIES,chilli,135,6,138,145
2010,23,HASSAN,5,ALUR,GINGER,ginger,4890,744,1125,1868
2010,23,HASSAN,5,ALUR,TURMERIC,turmeric,21,0,6,6
2010,23,HASSAN,5,ALUR,BETELNUTS (ARECANUTS),arecanut,38,15,10,25
2010,23,HASSAN,5,ALUR,MANGOES,mango,18,0,17,17
2010,23,HASSAN,5,ALUR,BANANA,banana,105,31,35,66
2010,23,HASSAN,5,ALUR,TABLE GRAPES,grapes,0,0,0,0
2010,23,HASSAN,5,ALUR,WINE GRAPES (BLACK),grapes,0,0,0,0
2010,23,HASSAN,5,ALUR,CASHEWNUTS,cashewnut,0,0,0,0
2010,23,HASSAN,5,ALUR,POTATO,potato,1690,24,637,661
2010,23,HASSAN,5,ALUR,TAPIOCA (CASSAVA),tapioca,0,0,0,0
2010,23,HASSAN,5,ALUR,SWEET POTATO,sweet potato,0,0,0,0
2010,23,HASSAN,5,ALUR,ONION,onion,0,0,0,0
2010,23,HASSAN,5,ALUR,TOMATO,tomato,0,0,0,0
2010,23,HASSAN,5,ALUR,GROUNDNUT,groundnut,6,3,0,3
2010,23,HASSAN,5,ALUR,CASTORSEED,castor,0,0,0,0
2010,23,HASSAN,5,ALUR,SESAMUM (TIL),sesame,0,0,0,0
2010,23,HASSAN,5,ALUR,RAPESEED & MUSTARD (TORIA/TARAMIRA),mustard,0,0,0,0
2010,23,HASSAN,5,ALUR,LINSEED,linseed,0,0,0,0
2010,23,HASSAN,5,ALUR,COCONUT,coconut,84,3,46,49
2010,23,HASSAN,5,ALUR,SUNFLOWER,sunflower,0,0,0,0
2010,23,HASSAN,5,ALUR,SOYABEAN,soybean,0,0,0,0
2010,23,HASSAN,5,ALUR,NIGERSEED,niger seed,10,6,0,6
2010,23,HASSAN,5,ALUR,COTTON,cotton,9,2,0,2
2010,23,HASSAN,5,ALUR,JUTE,jute,0,0,0,0
2010,23,HASSAN,5,ALUR,MESTA,mesta,0,0,0,0
2010,23,HASSAN,5,ALUR,TOBACCO,tobacco,0,0,0,0
2010,23,HASSAN,5,ALUR,GUAR,guar,6,7,0,7
2010,23,HASSAN,5,ALUR,COFFEE,coffee,3370,602,6187,6788
2010,23,HASSAN,5,ALUR,GROSS CROPPED AREA,,23344,7056,20830,27886
2010,23,HASSAN,3,ARASIKERE,PADDY,rice,534,86,163,249
2010,23,HASSAN,3,ARASIKERE,JOWAR,jowar,13703,834,5228,6062
2010,23,HASSAN,3,ARASIKERE,BAJRA,bajra,242,0,94,94
2010,23,HASSAN,3,ARASIKERE,MAIZE,maize,5676,684,2455,3138
2010,23,HASSAN,3,ARASIKERE,RAGI,ragi,40289,1018,20677,21694
2010,23,HASSAN,3,ARASIKERE,WHEAT,wheat,529,212,298,510
2010,23,HASSAN,3,ARASIKERE,BARLEY,barley,67,5,45,51
2010,23,HASSAN,3,ARASIKERE,GRAM,chickpea,77,4,16,21
2010,23,HASSAN,3,ARASIKERE,TUR (ARHAR),pigeonpea (tur),4081,67,759,826
2010,23,HASSAN,3,ARASIKERE,URAD,black gram,705,17,171,188
2010,23,HASSAN,3,ARASIKERE,MOONG,green gram,5592,119,1895,2014
2010,23,HASSAN,3,ARASIKERE,MASUR,lentil,84,0,31,31
2010,23,HASSAN,3,ARASIKERE,HORSEGRAM,horse gram,11380,195,4338,4533
2010,23,HASSAN,3,ARASIKERE,MOTH,moth bean,0,0,0,0
2010,23,HASSAN,3,ARASIKERE,SUGARCANE,sugarcane,21,21,0,21
2010,23,HASSAN,3,ARASIKERE,PEPPER (BLACK),black pepper,21,7,2,10
2010,23,HASSAN,3,ARASIKERE,CHILLIES,chilli,315,8,91,99
2010,23,HASSAN,3,ARASIKERE,GINGER,ginger,531,216,29,245
2010,23,HASSAN,3,ARASIKERE,TURMERIC,turmeric,29,22,0,22
2010,23,HASSAN,3,ARASIKERE,BETELNUTS (ARECANUTS),arecanut,714,316,129,444
2010,23,HASSAN,3,ARASIKERE,MANGOES,mango,162,102,53,154
2010,23,HASSAN,3,ARASIKERE,BANANA,banana,1497,589,97,686
2010,23,HASSAN,3,ARASIKERE,TABLE GRAPES,grapes,14,0,4,4
2010,23,HASSAN,3,ARASIKERE,WINE GRAPES (BLACK),grapes,0,0,0,0
2010,23,HASSAN,3,ARASIKERE,CASHEWNUTS,cashewnut,0,0,0,0
2010,23,HASSAN,3,ARASIKERE,POTATO,potato,1873,385,743,1128
2010,23,HASSAN,3,ARASIKERE,TAPIOCA (CASSAVA),tapioca,0,0,0,0
2010,23,HASSAN,3,ARASIKERE,SWEET POTATO,sweet potato,0,0,0,0
2010,23,HASSAN,3,ARASIKERE,ONION,onion,96,16,56,71
2010,23,HASSAN,3,ARASIKERE,TOMATO,tomato,1680,458,116,573
2010,23,HASSAN,3,ARASIKERE,GROUNDNUT,groundnut,18,0,14,14
2010,23,HASSAN,3,ARASIKERE,CASTORSEED,castor,565,3,148,151
2010,23,HASSAN,3,ARASIKERE,SESAMUM (TIL),sesame,4483,103,1767,1870
2010,23,HASSAN,3,ARASIKERE,RAPESEED & MUSTARD (TORIA/TARAMIRA),mustard,26,0,10,10
2010,23,HASSAN,3,ARASIKERE,LINSEED,linseed,313,162,153,314
2010,23,HASSAN,3,ARASIKERE,COCONUT,coconut,42653,17892,19889,37780
2010,23,HASSAN,3,ARASIKERE,SUNFLOWER,sunflower,1413,54,801,855
2010,23,HASSAN,3,ARASIKERE,SOYABEAN,soybean,36,32,20,52
2010,23,HASSAN,3,ARASIKERE,NIGERSEED,niger seed,1130,31,171,202
2010,23,HASSAN,3,ARASIKERE,COTTON,cotton,46,6,18,25
2010,23,HASSAN,3,ARASIKERE,JUTE,jute,0,0,0,0
2010,23,HASSAN,3,ARASIKERE,MESTA,mesta,0,0,0,0
2010,23,HASSAN,3,ARASIKERE,TOBACCO,tobacco,0,0,0,0
2010,23,HASSAN,3,ARASIKERE,GUAR,guar,0,0,0,0
2010,23,HASSAN,3,ARASIKERE,COFFEE,coffee,0,0,0,0
2010,23,HASSAN,3,ARASIKERE,GROSS CROPPED AREA,,78168,24547,61516,86064
2010,23,HASSAN,6,ARKALGUD,PADDY,rice,19861,14309,2763,17072
2010,23,HASSAN,6,ARKALGUD,JOWAR,jowar,2062,281,1967,2248
2010,23,HASSAN,6,ARKALGUD,BAJRA,bajra,56,65,3,68
2010,23,HASSAN,6,ARKALGUD,MAIZE,maize,13824,432,13479,13911
2010,23,HASSAN,6,ARKALGUD,RAGI,ragi,12220,427,8178,8605
2010,23,HASSAN,6,ARKALGUD,WHEAT,wheat,4,0,8,8
2010,23,HASSAN,6,ARKALGUD,BARLEY,barley,27,18,11,29
2010,23,HASSAN,6,ARKALGUD,GRAM,chickpea,18,0,17,17
2010,23,HASSAN,6,ARKALGUD,TUR (ARHAR),pigeonpea (tur),46,19,16,35
2010,23,HASSAN,6,ARKALGUD,URAD,black gram,17,4,1,6
2010,23,HASSAN,6,ARKALGUD,MOONG,green gram,0,0,0,0
2010,23,HASSAN,6,ARKALGUD,MASUR,lentil,54,54,0,54
2010,23,HASSAN,6,ARKALGUD,HORSEGRAM,horse gram,706,232,223,454
2010,23,HASSAN,6,ARKALGUD,MOTH,moth bean,0,0,0,0
2010,23,HASSAN,6,ARKALGUD,SUGARCANE,sugarcane,13,18,0,18
2010,23,HASSAN,6,ARKALGUD,PEPPER (BLACK),black pepper,15,31,8,39
2010,23,HASSAN,6,ARKALGUD,CHILLIES,chilli,0,0,0,0
2010,23,HASSAN,6,ARKALGUD,GINGER,ginger,1755,785,359,1143
2010,23,HASSAN,6,ARKALGUD,TURMERIC,turmeric,0,0,0,0
2010,23,HASSAN,6,ARKALGUD,BETELNUTS (ARECANUTS),arecanut,718,354,90,444
2010,23,HASSAN,6,ARKALGUD,MANGOES,mango,22,21,68,90
2010,23,HASSAN,6,ARKALGUD,BANANA,banana,335,99,6,105
2010,23,HASSAN,6,ARKALGUD,TABLE GRAPES,grapes,0,0,0,0
2010,23,HASSAN,6,ARKALGUD,WINE GRAPES (BLACK),grapes,0,0,0,0
2010,23,HASSAN,6,ARKALGUD,CASHEWNUTS,cashewnut,0,0,0,0
2010,23,HASSAN,6,ARKALGUD,POTATO,potato,4609,305,4420,4725
2010,23,HASSAN,6,ARKALGUD,TAPIOCA (CASSAVA),tapioca,0,0,0,0
2010,23,HASSAN,6,ARKALGUD,SWEET POTATO,sweet potato,0,0,0,0
2010,23,HASSAN,6,ARKALGUD,ONION,onion,0,0,0,0
2010,23,HASSAN,6,ARKALGUD,TOMATO,tomato,0,0,0,0
2010,23,HASSAN,6,ARKALGUD,GROUNDNUT,groundnut,16,7,5,12
2010,23,HASSAN,6,ARKALGUD,CASTORSEED,castor,0,0,0,0
2010,23,HASSAN,6,ARKALGUD,SESAMUM (TIL),sesame,15,9,0,9
2010,23,HASSAN,6,ARKALGUD,RAPESEED & MUSTARD (TORIA/TARAMIRA),mustard,8,9,1,10
2010,23,HASSAN,6,ARKALGUD,LINSEED,linseed,33,6,10,16
2010,23,HASSAN,6,ARKALGUD,COCONUT,coconut,2384,2254,659,2913
2010,23,HASSAN,6,ARKALGUD,SUNFLOWER,sunflower,0,0,0,0
2010,23,HASSAN,6,ARKALGUD,SOYABEAN,soybean,8,8,0,8
2010,23,HASSAN,6,ARKALGUD,NIGERSEED,niger seed,74,33,3,35
2010,23,HASSAN,6,ARKALGUD,COTTON,cotton,13,11,0,11
2010,23,HASSAN,6,ARKALGUD,JUTE,jute,0,0,0,0
2010,23,HASSAN,6,ARKALGUD,MESTA,mesta,0,0,0,0
2010,23,HASSAN,6,ARKALGUD,TOBACCO,tobacco,5880,4422,3806,8227
2010,23,HASSAN,6,ARKALGUD,GUAR,guar,16,18,0,18
2010,23,HASSAN,6,ARKALGUD,COFFEE,coffee,14,48,7,55
2010,23,HASSAN,6,ARKALGUD,GROSS CROPPED AREA,,48665,25706,36303,62009
2010,23,HASSAN,2,BELUR,PADDY,rice,13853,6691,2549,9240
2010,23,HASSAN,2,BELUR,JOWAR,jowar,2713,10,2033,2043
2010,23,HASSAN,2,BELUR,BAJRA,bajra,33,15,15,30
2010,23,HASSAN,2,BELUR,MAIZE,maize,16320,928,11738,12666
2010,23,HASSAN,2,BELUR,RAGI,ragi,11520,293,5959,6252
2010,23,HASSAN,2,BELUR,WHEAT,wheat,71,4,25,29
2010,23,HASSAN,2,BELUR,BARLEY,barley,26,1,7,8
2010,23,HASSAN,2,BELUR,GRAM,chickpea,51,8,42,50
2010,23,HASSAN,2,BELUR,TUR (ARHAR),pigeonpea (tur),934,30,173,202
2010,23,HASSAN,2,BELUR,URAD,black gram,31,13,4,17
2010,23,HASSAN,2,BELUR,MOONG,green gram,0,0,0,0
2010,23,HASSAN,2,BELUR,MASUR,lentil,0,0,0,0
2010,23,HASSAN,2,BELUR,HORSEGRAM,horse gram,428,6,91,98
2010,23,HASSAN,2,BELUR,MOTH,moth bean,0,0,0,0
2010,23,HASSAN,2,BELUR,SUGARCANE,sugarcane,485,292,0,292
2010,23,HASSAN,2,BELUR,PEPPER (BLACK),black pepper,27,21,0,21
2010,23,HASSAN,2,BELUR,CHILLIES,chilli,39,76,31,107
2010,23,HASSAN,2,BELUR,GINGER,ginger,3972,1627,602,2229
2010,23,HASSAN,2,BELUR,TURMERIC,turmeric,97,31,2,34
2010,23,HASSAN,2,BELUR,BETELNUTS (ARECANUTS),arecanut,691,358,152,510
2010,23,HASSAN,2,BELUR,MANGOES,mango,70,0,55,55
2010,23,HASSAN,2,BELUR,BANANA,banana,160,69,41,110
2010,23,HASSAN,2,BELUR,TABLE GRAPES,grapes,0,0,0,0
2010,23,HASSAN,2,BELUR,WINE GRAPES (BLACK),grapes,0,0,0,0
2010,23,HASSAN,2,BELUR,CASHEWNUTS,cashewnut,0,0,0,0
2010,23,HASSAN,2,BELUR,POTATO,potato,3340,271,2008,2279
2010,23,HASSAN,2,BELUR,TAPIOCA (CASSAVA),tapioca,0,0,0,0
2010,23,HASSAN,2,BELUR,SWEET POTATO,sweet potato,204,6,58,64
2010,23,HASSAN,2,BELUR,ONION,onion,0,0,0,0
2010,23,HASSAN,2,BELUR,TOMATO,tomato,156,26,27,53
2010,23,HASSAN,2,BELUR,GROUNDNUT,groundnut,6,0,2,2
2010,23,HASSAN,2,BELUR,CASTORSEED,castor,0,0,0,0
2010,23,HASSAN,2,BELUR,SESAMUM (TIL),sesame,197,6,45,51
2010,23,HASSAN,2,BELUR,RAPESEED & MUSTARD (TORIA/TARAMIRA),mustard,35,0,24,24
2010,23,HASSAN,2,BELUR,LINSEED,linseed,10,0,9,9
2010,23,HASSAN,2,BELUR,COCONUT,coconut,3239,704,1473,2178
2010,23,HASSAN,2,BELUR,SUNFLOWER,sunflower,286,8,134,142
2010,23,HASSAN,2,BELUR,SOYABEAN,soybean,0,0,0,0
2010,23,HASSAN,2,BELUR,NIGERSEED,niger seed,58,9,57,67
2010,23,HASSAN,2,BELUR,COTTON,cotton,30,8,3,11
2010,23,HASSAN,2,BELUR,JUTE,jute,0,0,0,0
2010,23,HASSAN,2,BELUR,MESTA,mesta,0,0,0,0
2010,23,HASSAN,2,BELUR,TOBACCO,tobacco,0,0,0,0
2010,23,HASSAN,2,BELUR,GUAR,guar,6,0,2,2
2010,23,HASSAN,2,BELUR,COFFEE,coffee,11381,923,18197,19120
2010,23,HASSAN,2,BELUR,GROSS CROPPED AREA,,47619,13122,46145,59267
2010,23,HASSAN,8,CHANNARAYAPATNA,PADDY,rice,13907,4663,1019,5683
2010,23,HASSAN,8,CHANNARAYAPATNA,JOWAR,jowar,6342,115,1136,1252
2010,23,HASSAN,8,CHANNARAYAPATNA,BAJRA,bajra,35,8,3,11
2010,23,HASSAN,8,CHANNARAYAPATNA,MAIZE,maize,10469,1278,2975,4253
2010,23,HASSAN,8,CHANNARAYAPATNA,RAGI,ragi,61270,1621,25435,27056
2010,23,HASSAN,8,CHANNARAYAPATNA,WHEAT,wheat,605,167,198,364
2010,23,HASSAN,8,CHANNARAYAPATNA,BARLEY,barley,123,16,81,97
2010,23,HASSAN,8,CHANNARAYAPATNA,GRAM,chickpea,71,5,13,18
2010,23,HASSAN,8,CHANNARAYAPATNA,TUR (ARHAR),pigeonpea (tur),1528,44,206,250
2010,23,HASSAN,8,CHANNARAYAPATNA,URAD,black gram,81,1,18,19
2010,23,HASSAN,8,CHANNARAYAPATNA,MOONG,green gram,1510,10,283,293
2010,23,HASSAN,8,CHANNARAYAPATNA,MASUR,lentil,18,0,4,4
2010,23,HASSAN,8,CHANNARAYAPATNA,HORSEGRAM,horse gram,12319,253,2171,2424
2010,23,HASSAN,8,CHANNARAYAPATNA,MOTH,moth bean,8,0,0,1
2010,23,HASSAN,8,CHANNARAYAPATNA,SUGARCANE,sugarcane,7464,3753,0,3753
2010,23,HASSAN,8,CHANNARAYAPATNA,PEPPER (BLACK),black pepper,0,0,0,0
2010,23,HASSAN,8,CHANNARAYAPATNA,CHILLIES,chilli,78,17,1,18
2010,23,HASSAN,8,CHANNARAYAPATNA,GINGER,ginger,1307,710,23,733
2010,23,HASSAN,8,CHANNARAYAPATNA,TURMERIC,turmeric,308,166,6,172
2010,23,HASSAN,8,CHANNARAYAPATNA,BETELNUTS (ARECANUTS),arecanut,713,256,11,267
2010,23,HASSAN,8,CHANNARAYAPATNA,MANGOES,mango,367,17,50,67
2010,23,HASSAN,8,CHANNARAYAPATNA,BANANA,banana,3712,961,304,1265
2010,23,HASSAN,8,CHANNARAYAPATNA,TABLE GRAPES,grapes,5,2,0,2
2010,23,HASSAN,8,CHANNARAYAPATNA,WINE GRAPES (BLACK),grapes,0,0,0,0
2010,23,HASSAN,8,CHANNARAYAPATNA,CASHEWNUTS,cashewnut,3,0,0,0
2010,23,HASSAN,8,CHANNARAYAPATNA,POTATO,potato,1056,213,265,478
2010,23,HASSAN,8,CHANNARAYAPATNA,TAPIOCA (CASSAVA),tapioca,244,2,80,82
2010,23,HASSAN,8,CHANNARAYAPATNA,SWEET POTATO,sweet potato,10,1,1,2
2010,23,HASSAN,8,CHANNARAYAPATNA,ONION,onion,9,1,0,1
2010,23,HASSAN,8,CHANNARAYAPATNA,TOMATO,tomato,582,187,32,219
2010,23,HASSAN,8,CHANNARAYAPATNA,GROUNDNUT,groundnut,120,22,16,38
2010,23,HASSAN,8,CHANNARAYAPATNA,CASTORSEED,castor,129,0,23,23
2010,23,HASSAN,8,CHANNARAYAPATNA,SESAMUM (TIL),sesame,395,26,73,99
2010,23,HASSAN,8,CHANNARAYAPATNA,RAPESEED & MUSTARD (TORIA/TARAMIRA),mustard,16,0,6,6
2010,23,HASSAN,8,CHANNARAYAPATNA,LINSEED,linseed,152,43,54,97
2010,23,HASSAN,8,CHANNARAYAPATNA,COCONUT,coconut,44369,14435,13375,27810
2010,23,HASSAN,8,CHANNARAYAPATNA,SUNFLOWER,sunflower,15,4,4,8
2010,23,HASSAN,8,CHANNARAYAPATNA,SOYABEAN,soybean,70,21,24,45
2010,23,HASSAN,8,CHANNARAYAPATNA,NIGERSEED,niger seed,2594,16,339,355
2010,23,HASSAN,8,CHANNARAYAPATNA,COTTON,cotton,4,1,0,1
2010,23,HASSAN,8,CHANNARAYAPATNA,JUTE,jute,0,0,0,0
2010,23,HASSAN,8,CHANNARAYAPATNA,MESTA,mesta,0,0,0,0
2010,23,HASSAN,8,CHANNARAYAPATNA,TOBACCO,tobacco,0,0,0,0
2010,23,HASSAN,8,CHANNARAYAPATNA,GUAR,guar,5,1,0,1
2010,23,HASSAN,8,CHANNARAYAPATNA,COFFEE,coffee,0,0,0,0
2010,23,HASSAN,8,CHANNARAYAPATNA,GROSS CROPPED AREA,,92459,30555,49474,80029
2010,23,HASSAN,4,HASSAN,PADDY,rice,6549,2100,693,2793
2010,23,HASSAN,4,HASSAN,JOWAR,jowar,8714,460,5469,5929
2010,23,HASSAN,4,HASSAN,BAJRA,bajra,69,4,36,40
2010,23,HASSAN,4,HASSAN,MAIZE,maize,26950,908,15688,16596
2010,23,HASSAN,4,HASSAN,RAGI,ragi,19171,116,8770,8886
2010,23,HASSAN,4,HASSAN,WHEAT,wheat,41,7,14,21
2010,23,HASSAN,4,HASSAN,BARLEY,barley,187,22,170,192
2010,23,HASSAN,4,HASSAN,GRAM,chickpea,67,0,38,38
2010,23,HASSAN,4,HASSAN,TUR (ARHAR),pigeonpea (tur),588,12,129,141
2010,23,HASSAN,4,HASSAN,URAD,black gram,28,7,3,10
2010,23,HASSAN,4,HASSAN,MOONG,green gram,3,0,2,2
2010,23,HASSAN,4,HASSAN,MASUR,lentil,0,0,0,0
2010,23,HASSAN,4,HASSAN,HORSEGRAM,horse gram,281,6,45,50
2010,23,HASSAN,4,HASSAN,MOTH,moth bean,0,0,0,0
2010,23,HASSAN,4,HASSAN,SUGARCANE,sugarcane,248,158,0,158
2010,23,HASSAN,4,HASSAN,PEPPER (BLACK),black pepper,12,0,7,7
2010,23,HASSAN,4,HASSAN,CHILLIES,chilli,52,32,9,41
2010,23,HASSAN,4,HASSAN,GINGER,ginger,9106,3622,3482,7104
2010,23,HASSAN,4,HASSAN,TURMERIC,turmeric,94,48,26,74
2010,23,HASSAN,4,HASSAN,BETELNUTS (ARECANUTS),arecanut,165,32,63,95
2010,23,HASSAN,4,HASSAN,MANGOES,mango,37,0,59,59
2010,23,HASSAN,4,HASSAN,BANANA,banana,255,318,38,356
2010,23,HASSAN,4,HASSAN,TABLE GRAPES,grapes,5,2,0,2
2010,23,HASSAN,4,HASSAN,WINE GRAPES (BLACK),grapes,0,0,0,0
2010,23,HASSAN,4,HASSAN,CASHEWNUTS,cashewnut,0,0,0,0
2010,23,HASSAN,4,HASSAN,POTATO,potato,22175,1143,12183,13326
2010,23,HASSAN,4,HASSAN,TAPIOCA (CASSAVA),tapioca,766,0,276,276
2010,23,HASSAN,4,HASSAN,SWEET POTATO,sweet potato,27,35,3,39
2010,23,HASSAN,4,HASSAN,ONION,onion,0,0,0,0
2010,23,HASSAN,4,HASSAN,TOMATO,tomato,12,0,9,9
2010,23,HASSAN,4,HASSAN,GROUNDNUT,groundnut,17,0,2,2
2010,23,HASSAN,4,HASSAN,CASTORSEED,castor,177,2,32,34
2010,23,HASSAN,4,HASSAN,SESAMUM (TIL),sesame,0,0,0,0
2010,23,HASSAN,4,HASSAN,RAPESEED & MUSTARD (TORIA/TARAMIRA),mustard,3,0,2,2
2010,23,HASSAN,4,HASSAN,LINSEED,linseed,25,10,1,11
2010,23,HASSAN,4,HASSAN,COCONUT,coconut,3660,660,1374,2034
2010,23,HASSAN,4,HASSAN,SUNFLOWER,sunflower,0,0,0,0
2010,23,HASSAN,4,HASSAN,SOYABEAN,soybean,5,0,4,4
2010,23,HASSAN,4,HASSAN,NIGERSEED,niger seed,13,1,1,2
2010,23,HASSAN,4,HASSAN,COTTON,cotton,3,0,1,1
2010,23,HASSAN,4,HASSAN,JUTE,jute,5,0,2,2
2010,23,HASSAN,4,HASSAN,MESTA,mesta,0,0,0,0
2010,23,HASSAN,4,HASSAN,TOBACCO,tobacco,0,0,0,0
2010,23,HASSAN,4,HASSAN,GUAR,guar,6,1,2,3
2010,23,HASSAN,4,HASSAN,COFFEE,coffee,0,0,0,0
2010,23,HASSAN,4,HASSAN,GROSS CROPPED AREA,,73127,9864,49157,59021
2010,23,HASSAN,7,HOLENARASIPURA,PADDY,rice,23937,14440,2689,17129
2010,23,HASSAN,7,HOLENARASIPURA,JOWAR,jowar,3826,89,2195,2284
2010,23,HASSAN,7,HOLENARASIPURA,BAJRA,bajra,4,3,0,3
2010,23,HASSAN,7,HOLENARASIPURA,MAIZE,maize,4623,139,2855,2994
2010,23,HASSAN,7,HOLENARASIPURA,RAGI,ragi,18689,552,11156,11708
2010,23,HASSAN,7,HOLENARASIPURA,WHEAT,wheat,110,7,76,83
2010,23,HASSAN,7,HOLENARASIPURA,BARLEY,barley,12,2,5,7
2010,23,HASSAN,7,HOLENARASIPURA,GRAM,chickpea,40,5,10,15
2010,23,HASSAN,7,HOLENARASIPURA,TUR (ARHAR),pigeonpea (tur),148,6,44,50
2010,23,HASSAN,7,HOLENARASIPURA,URAD,black gram,19,0,1,1
2010,23,HASSAN,7,HOLENARASIPURA,MOONG,green gram,23,0,1,1
2010,23,HASSAN,7,HOLENARASIPURA,MASUR,lentil,6,0,1,1
2010,23,HASSAN,7,HOLENARASIPURA,HORSEGRAM,horse gram,4276,6,1323,1328
2010,23,HASSAN,7,HOLENARASIPURA,MOTH,moth bean,0,0,0,0
2010,23,HASSAN,7,HOLENARASIPURA,SUGARCANE,sugarcane,2358,1730,0,1730
2010,23,HASSAN,7,HOLENARASIPURA,PEPPER (BLACK),black pepper,25,5,18,23
2010,23,HASSAN,7,HOLENARASIPURA,CHILLIES,chilli,4,2,0,2
2010,23,HASSAN,7,HOLENARASIPURA,GINGER,ginger,693,155,106,261
2010,23,HASSAN,7,HOLENARASIPURA,TURMERIC,turmeric,6,5,0,5
2010,23,HASSAN,7,HOLENARASIPURA,BETELNUTS (ARECANUTS),arecanut,148,41,27,68
2010,23,HASSAN,7,HOLENARASIPURA,MANGOES,mango,0,0,0,0
2010,23,HASSAN,7,HOLENARASIPURA,BANANA,banana,93,50,3,54
2010,23,HASSAN,7,HOLENARASIPURA,TABLE GRAPES,grapes,0,0,0,0
2010,23,HASSAN,7,HOLENARASIPURA,WINE GRAPES (BLACK),grapes,0,0,0,0
2010,23,HASSAN,7,HOLENARASIPURA,CASHEWNUTS,cashewnut,0,0,0,0
2010,23,HASSAN,7,HOLENARASIPURA,POTATO,potato,613,13,272,285
2010,23,HASSAN,7,HOLENARASIPURA,TAPIOCA (CASSAVA),tapioca,6,0,9,9
2010,23,HASSAN,7,HOLENARASIPURA,SWEET POTATO,sweet potato,0,0,0,0
2010,23,HASSAN,7,HOLENARASIPURA,ONION,onion,0,0,0,0
2010,23,HASSAN,7,HOLENARASIPURA,TOMATO,tomato,0,0,0,0
2010,23,HASSAN,7,HOLENARASIPURA,GROUNDNUT,groundnut,24,12,0,12
2010,23,HASSAN,7,HOLENARASIPURA,CASTORSEED,castor,0,0,0,0
2010,23,HASSAN,7,HOLENARASIPURA,SESAMUM (TIL),sesame,271,31,67,98
2010,23,HASSAN,7,HOLENARASIPURA,RAPESEED & MUSTARD (TORIA/TARAMIRA),mustard,9,0,9,9
2010,23,HASSAN,7,HOLENARASIPURA,LINSEED,linseed,18,0,40,40
2010,23,HASSAN,7,HOLENARASIPURA,COCONUT,coconut,4511,838,690,1528
2010,23,HASSAN,7,HOLENARASIPURA,SUNFLOWER,sunflower,4,0,0,0
2010,23,HASSAN,7,HOLENARASIPURA,SOYABEAN,soybean,12,0,3,3
2010,23,HASSAN,7,HOLENARASIPURA,NIGERSEED,niger seed,10,3,5,7
2010,23,HASSAN,7,HOLENARASIPURA,COTTON,cotton,25,12,3,14
2010,23,HASSAN,7,HOLENARASIPURA,JUTE,jute,0,0,0,0
2010,23,HASSAN,7,HOLENARASIPURA,MESTA,mesta,0,0,0,0
2010,23,HASSAN,7,HOLENARASIPURA,TOBACCO,tobacco,3230,133,2992,3125
2010,23,HASSAN,7,HOLENARASIPURA,GUAR,guar,16,10,0,10
2010,23,HASSAN,7,HOLENARASIPURA,COFFEE,coffee,6,0,14,14
2010,23,HASSAN,7,HOLENARASIPURA,GROSS CROPPED AREA,,47011,18294,24782,43076
2010,23,HASSAN,1,SAKALESHPUR,PADDY,rice,13557,702,9573,10275
2010,23,HASSAN,1,SAKALESHPUR,JOWAR,jowar,4,0,1,1
2010,23,HASSAN,1,SAKALESHPUR,BAJRA,bajra,0,0,0,0
2010,23,HASSAN,1,SAKALESHPUR,MAIZE,maize,27,0,26,26
2010,23,HASSAN,1,SAKALESHPUR,RAGI,ragi,19,0,80,80
2010,23,HASSAN,1,SAKALESHPUR,WHEAT,wheat,0,0,0,0
2010,23,HASSAN,1,SAKALESHPUR,BARLEY,barley,0,0,0,0
2010,23,HASSAN,1,SAKALESHPUR,GRAM,chickpea,0,0,0,0
2010,23,HASSAN,1,SAKALESHPUR,TUR (ARHAR),pigeonpea (tur),10,0,8,8
2010,23,HASSAN,1,SAKALESHPUR,URAD,black gram,0,0,0,0
2010,23,HASSAN,1,SAKALESHPUR,MOONG,green gram,0,0,0,0
2010,23,HASSAN,1,SAKALESHPUR,MASUR,lentil,0,0,0,0
2010,23,HASSAN,1,SAKALESHPUR,HORSEGRAM,horse gram,0,0,0,0
2010,23,HASSAN,1,SAKALESHPUR,MOTH,moth bean,0,0,0,0
2010,23,HASSAN,1,SAKALESHPUR,SUGARCANE,sugarcane,0,0,0,0
2010,23,HASSAN,1,SAKALESHPUR,PEPPER (BLACK),black pepper,3067,6,1778,1785
2010,23,HASSAN,1,SAKALESHPUR,CHILLIES,chilli,723,0,426,426
2010,23,HASSAN,1,SAKALESHPUR,GINGER,ginger,126,12,78,90
2010,23,HASSAN,1,SAKALESHPUR,TURMERIC,turmeric,30,0,24,24
2010,23,HASSAN,1,SAKALESHPUR,BETELNUTS (ARECANUTS),arecanut,374,105,247,352
2010,23,HASSAN,1,SAKALESHPUR,MANGOES,mango,0,0,0,0
2010,23,HASSAN,1,SAKALESHPUR,BANANA,banana,123,8,40,48
2010,23,HASSAN,1,SAKALESHPUR,TABLE GRAPES,grapes,0,0,0,0
2010,23,HASSAN,1,SAKALESHPUR,WINE GRAPES (BLACK),grapes,0,0,0,0
2010,23,HASSAN,1,SAKALESHPUR,CASHEWNUTS,cashewnut,0,0,0,0
2010,23,HASSAN,1,SAKALESHPUR,POTATO,potato,0,0,0,0
2010,23,HASSAN,1,SAKALESHPUR,TAPIOCA (CASSAVA),tapioca,0,0,0,0
2010,23,HASSAN,1,SAKALESHPUR,SWEET POTATO,sweet potato,0,0,0,0
2010,23,HASSAN,1,SAKALESHPUR,ONION,onion,0,0,0,0
2010,23,HASSAN,1,SAKALESHPUR,TOMATO,tomato,0,0,0,0
2010,23,HASSAN,1,SAKALESHPUR,GROUNDNUT,groundnut,9,0,4,4
2010,23,HASSAN,1,SAKALESHPUR,CASTORSEED,castor,24,0,24,24
2010,23,HASSAN,1,SAKALESHPUR,SESAMUM (TIL),sesame,0,0,0,0
2010,23,HASSAN,1,SAKALESHPUR,RAPESEED & MUSTARD (TORIA/TARAMIRA),mustard,0,0,0,0
2010,23,HASSAN,1,SAKALESHPUR,LINSEED,linseed,0,0,0,0
2010,23,HASSAN,1,SAKALESHPUR,COCONUT,coconut,0,0,0,0
2010,23,HASSAN,1,SAKALESHPUR,SUNFLOWER,sunflower,0,0,0,0
2010,23,HASSAN,1,SAKALESHPUR,SOYABEAN,soybean,0,0,0,0
2010,23,HASSAN,1,SAKALESHPUR,NIGERSEED,niger seed,28,0,17,17
2010,23,HASSAN,1,SAKALESHPUR,COTTON,cotton,0,0,0,0
2010,23,HASSAN,1,SAKALESHPUR,JUTE,jute,0,0,0,0
2010,23,HASSAN,1,SAKALESHPUR,MESTA,mesta,0,0,0,0
2010,23,HASSAN,1,SAKALESHPUR,TOBACCO,tobacco,0,0,0,0
2010,23,HASSAN,1,SAKALESHPUR,GUAR,guar,0,0,0,0
2010,23,HASSAN,1,SAKALESHPUR,COFFEE,coffee,15291,416,31725,32140
2010,23,HASSAN,1,SAKALESHPUR,GROSS CROPPED AREA,,25288,1257,46940,48196
2010,11,HAVERI,5,BYADAGI,PADDY,rice,1285,280,463,744
2010,11,HAVERI,5,BYADAGI,JOWAR,jowar,1292,38,885,923
2010,11,HAVERI,5,BYADAGI,BAJRA,bajra,4,0,3,3
2010,11,HAVERI,5,BYADAGI,MAIZE,maize,15027,927,16524,17451
2010,11,HAVERI,5,BYADAGI,RAGI,ragi,61,0,24,24
2010,11,HAVERI,5,BYADAGI,WHEAT,wheat,4,1,0,1
2010,11,HAVERI,5,BYADAGI,BARLEY,barley,15,2,6,8
2010,11,HAVERI,5,BYADAGI,GRAM,chickpea,8,0,2,2
2010,11,HAVERI,5,BYADAGI,TUR (ARHAR),pigeonpea (tur),311,0,43,43
2010,11,HAVERI,5,BYADAGI,URAD,black gram,122,0,87,87
2010,11,HAVERI,5,BYADAGI,MOONG,green gram,307,2,144,146
2010,11,HAVERI,5,BYADAGI,MASUR,lentil,0,0,0,0
2010,11,HAVERI,5,BYADAGI,HORSEGRAM,horse gram,289,0,118,118
2010,11,HAVERI,5,BYADAGI,MOTH,moth bean,0,0,0,0
2010,11,HAVERI,5,BYADAGI,SUGARCANE,sugarcane,79,66,0,66
2010,11,HAVERI,5,BYADAGI,PEPPER (BLACK),black pepper,33,17,6,23
2010,11,HAVERI,5,BYADAGI,CHILLIES,chilli,55,8,17,25
2010,11,HAVERI,5,BYADAGI,GINGER,ginger,52,9,2,11
2010,11,HAVERI,5,BYADAGI,TURMERIC,turmeric,0,0,0,0
2010,11,HAVERI,5,BYADAGI,BETELNUTS (ARECANUTS),arecanut,396,125,20,145
2010,11,HAVERI,5,BYADAGI,MANGOES,mango,83,75,27,101
2010,11,HAVERI,5,BYADAGI,BANANA,banana,208,74,17,91
2010,11,HAVERI,5,BYADAGI,TABLE GRAPES,grapes,5,5,0,5
2010,11,HAVERI,5,BYADAGI,WINE GRAPES (BLACK),grapes,0,0,0,0
2010,11,HAVERI,5,BYADAGI,CASHEWNUTS,cashewnut,0,0,0,0
2010,11,HAVERI,5,BYADAGI,POTATO,potato,0,0,0,0
2010,11,HAVERI,5,BYADAGI,TAPIOCA (CASSAVA),tapioca,9,0,7,7
2010,11,HAVERI,5,BYADAGI,SWEET POTATO,sweet potato,4,0,3,3
2010,11,HAVERI,5,BYADAGI,ONION,onion,28,2,20,22
2010,11,HAVERI,5,BYADAGI,TOMATO,tomato,179,47,17,64
2010,11,HAVERI,5,BYADAGI,GROUNDNUT,groundnut,295,74,135,209
2010,11,HAVERI,5,BYADAGI,CASTORSEED,castor,0,0,0,0
2010,11,HAVERI,5,BYADAGI,SESAMUM (TIL),sesame,8,0,3,3
2010,11,HAVERI,5,BYADAGI,RAPESEED & MUSTARD (TORIA/TARAMIRA),mustard,10,0,16,16
2010,11,HAVERI,5,BYADAGI,LINSEED,linseed,4,0,2,2
2010,11,HAVERI,5,BYADAGI,COCONUT,coconut,490,114,64,178
2010,11,HAVERI,5,BYADAGI,SUNFLOWER,sunflower,116,55,29,84
2010,11,HAVERI,5,BYADAGI,SOYABEAN,soybean,98,4,57,61
2010,11,HAVERI,5,BYADAGI,NIGERSEED,niger seed,313,0,23,23
2010,11,HAVERI,5,BYADAGI,COTTON,cotton,12505,393,12242,12634
2010,11,HAVERI,5,BYADAGI,JUTE,jute,39,0,44,44
2010,11,HAVERI,5,BYADAGI,MESTA,mesta,0,0,0,0
2010,11,HAVERI,5,BYADAGI,TOBACCO,tobacco,0,0,0,0
2010,11,HAVERI,5,BYADAGI,GUAR,guar,0,0,0,0
2010,11,HAVERI,5,BYADAGI,COFFEE,coffee,0,0,0,0
2010,11,HAVERI,5,BYADAGI,GROSS CROPPED AREA,,20853,3216,31949,35165
2010,11,HAVERI,3,HANAGAL,PADDY,rice,26254,20391,11076,31466
2010,11,HAVERI,3,HANAGAL,JOWAR,jowar,1404,42,1854,1896
2010,11,HAVERI,3,HANAGAL,BAJRA,bajra,25,8,2,10
2010,11,HAVERI,3,HANAGAL,MAIZE,maize,8790,1905,6721,8626
2010,11,HAVERI,3,HANAGAL,RAGI,ragi,70,5,23,28
2010,11,HAVERI,3,HANAGAL,WHEAT,wheat,21,2,25,28
2010,11,HAVERI,3,HANAGAL,BARLEY,barley,0,0,0,0
2010,11,HAVERI,3,HANAGAL,GRAM,chickpea,14,5,1,5
2010,11,HAVERI,3,HANAGAL,TUR (ARHAR),pigeonpea (tur),63,1,12,13
2010,11,HAVERI,3,HANAGAL,URAD,black gram,261,84,28,112
2010,11,HAVERI,3,HANAGAL,MOONG,green gram,2002,288,819,1107
2010,11,HAVERI,3,HANAGAL,MASUR,lentil,6,1,0,1
2010,11,HAVERI,3,HANAGAL,HORSEGRAM,horse gram,89,4,36,40
2010,11,HAVERI,3,HANAGAL,MOTH,moth bean,0,0,0,0
2010,11,HAVERI,3,HANAGAL,SUGARCANE,sugarcane,841,759,0,759
2010,11,HAVERI,3,HANAGAL,PEPPER (BLACK),black pepper,5,1,0,1
2010,11,HAVERI,3,HANAGAL,CHILLIES,chilli,242,141,19,161
2010,11,HAVERI,3,HANAGAL,GINGER,ginger,86,34,0,35
2010,11,HAVERI,3,HANAGAL,TURMERIC,turmeric,5,2,0,2
2010,11,HAVERI,3,HANAGAL,BETELNUTS (ARECANUTS),arecanut,1081,750,21,771
2010,11,HAVERI,3,HANAGAL,MANGOES,mango,1328,261,983,1244
2010,11,HAVERI,3,HANAGAL,BANANA,banana,777,430,35,465
2010,11,HAVERI,3,HANAGAL,TABLE GRAPES,grapes,24,13,0,13
2010,11,HAVERI,3,HANAGAL,WINE GRAPES (BLACK),grapes,0,0,0,0
2010,11,HAVERI,3,HANAGAL,CASHEWNUTS,cashewnut,5,0,0,0
2010,11,HAVERI,3,HANAGAL,POTATO,potato,9,0,3,3
2010,11,HAVERI,3,HANAGAL,TAPIOCA (CASSAVA),tapioca,0,0,0,0
2010,11,HAVERI,3,HANAGAL,SWEET POTATO,sweet potato,0,0,0,0
2010,11,HAVERI,3,HANAGAL,ONION,onion,0,0,0,0
2010,11,HAVERI,3,HANAGAL,TOMATO,tomato,6,4,0,4
2010,11,HAVERI,3,HANAGAL,GROUNDNUT,groundnut,70,27,18,45
2010,11,HAVERI,3,HANAGAL,CASTORSEED,castor,0,0,0,0
2010,11,HAVERI,3,HANAGAL,SESAMUM (TIL),sesame,5,0,0,0
2010,11,HAVERI,3,HANAGAL,RAPESEED & MUSTARD (TORIA/TARAMIRA),mustard,9,0,2,2
2010,11,HAVERI,3,HANAGAL,LINSEED,linseed,282,3,17,20
2010,11,HAVERI,3,HANAGAL,COCONUT,coconut,261,30,4,34
2010,11,HAVERI,3,HANAGAL,SUNFLOWER,sunflower,200,71,118,188
2010,11,HAVERI,3,HANAGAL,SOYABEAN,soybean,180,32,106,138
2010,11,HAVERI,3,HANAGAL,NIGERSEED,niger seed,45,4,15,19
2010,11,HAVERI,3,HANAGAL,COTTON,cotton,8689,2019,6484,8503
2010,11,HAVERI,3,HANAGAL,JUTE,jute,12,0,6,6
2010,11,HAVERI,3,HANAGAL,MESTA,mesta,0,0,0,0
2010,11,HAVERI,3,HANAGAL,TOBACCO,tobacco,0,0,0,0
2010,11,HAVERI,3,HANAGAL,GUAR,guar,0,0,0,0
2010,11,HAVERI,3,HANAGAL,COFFEE,coffee,0,0,0,0
2010,11,HAVERI,3,HANAGAL,GROSS CROPPED AREA,,36910,27742,29367,57109
2010,11,HAVERI,4,HAVERI,PADDY,rice,466,547,501,1047
2010,11,HAVERI,4,HAVERI,JOWAR,jowar,6066,260,6510,6771
2010,11,HAVERI,4,HAVERI,BAJRA,bajra,45,0,27,27
2010,11,HAVERI,4,HAVERI,MAIZE,maize,24372,6693,33530,40223
2010,11,HAVERI,4,HAVERI,RAGI,ragi,82,0,45,45
2010,11,HAVERI,4,HAVERI,WHEAT,wheat,177,29,108,136
2010,11,HAVERI,4,HAVERI,BARLEY,barley,16,8,2,11
2010,11,HAVERI,4,HAVERI,GRAM,chickpea,99,22,69,91
2010,11,HAVERI,4,HAVERI,TUR (ARHAR),pigeonpea (tur),698,20,163,183
2010,11,HAVERI,4,HAVERI,URAD,black gram,20,0,13,13
2010,11,HAVERI,4,HAVERI,MOONG,green gram,387,29,322,351
2010,11,HAVERI,4,HAVERI,MASUR,lentil,49,2,33,35
2010,11,HAVERI,4,HAVERI,HORSEGRAM,horse gram,52,0,35,35
2010,11,HAVERI,4,HAVERI,MOTH,moth bean,0,0,0,0
2010,11,HAVERI,4,HAVERI,SUGARCANE,sugarcane,417,725,0,725
2010,11,HAVERI,4,HAVERI,PEPPER (BLACK),black pepper,4,2,0,2
2010,11,HAVERI,4,HAVERI,CHILLIES,chilli,1417,131,1379,1510
2010,11,HAVERI,4,HAVERI,GINGER,ginger,0,0,0,0
2010,11,HAVERI,4,HAVERI,TURMERIC,turmeric,0,0,0,0
2010,11,HAVERI,4,HAVERI,BETELNUTS (ARECANUTS),arecanut,0,0,0,0
2010,11,HAVERI,4,HAVERI,MANGOES,mango,70,60,9,68
2010,11,HAVERI,4,HAVERI,BANANA,banana,121,124,0,124
2010,11,HAVERI,4,HAVERI,TABLE GRAPES,grapes,8,5,0,5
2010,11,HAVERI,4,HAVERI,WINE GRAPES (BLACK),grapes,0,0,0,0
2010,11,HAVERI,4,HAVERI,CASHEWNUTS,cashewnut,8,0,18,18
2010,11,HAVERI,4,HAVERI,POTATO,potato,8,6,0,6
2010,11,HAVERI,4,HAVERI,TAPIOCA (CASSAVA),tapioca,0,0,0,0
2010,11,HAVERI,4,HAVERI,SWEET POTATO,sweet potato,0,0,0,0
2010,11,HAVERI,4,HAVERI,ONION,onion,110,51,38,89
2010,11,HAVERI,4,HAVERI,TOMATO,tomato,41,16,5,21
2010,11,HAVERI,4,HAVERI,GROUNDNUT,groundnut,1927,456,1683,2139
2010,11,HAVERI,4,HAVERI,CASTORSEED,castor,0,0,0,0
2010,11,HAVERI,4,HAVERI,SESAMUM (TIL),sesame,14,0,14,14
2010,11,HAVERI,4,HAVERI,RAPESEED & MUSTARD (TORIA/TARAMIRA),mustard,8,0,9,9
2010,11,HAVERI,4,HAVERI,LINSEED,linseed,16,1,5,6
2010,11,HAVERI,4,HAVERI,COCONUT,coconut,163,109,12,121
2010,11,HAVERI,4,HAVERI,SUNFLOWER,sunflower,435,162,294,456
2010,11,HAVERI,4,HAVERI,SOYABEAN,soybean,482,22,614,636
2010,11,HAVERI,4,HAVERI,NIGERSEED,niger seed,20,0,7,7
2010,11,HAVERI,4,HAVERI,COTTON,cotton,13079,1748,14053,15801
2010,11,HAVERI,4,HAVERI,JUTE,jute,27,0,27,27
2010,11,HAVERI,4,HAVERI,MESTA,mesta,0,0,0,0
2010,11,HAVERI,4,HAVERI,TOBACCO,tobacco,0,0,0,0
2010,11,HAVERI,4,HAVERI,GUAR,guar,0,0,0,0
2010,11,HAVERI,4,HAVERI,COFFEE,coffee,0,0,0,0
2010,11,HAVERI,4,HAVERI,GROSS CROPPED AREA,,34191,12994,60512,73505
2010,11,HAVERI,6,HIREKERUR,PADDY,rice,2491,1718,406,2125
2010,11,HAVERI,6,HIREKERUR,JOWAR,jowar,1669,7,425,432
2010,11,HAVERI,6,HIREKERUR,BAJRA,bajra,12,1,3,4
2010,11,HAVERI,6,HIREKERUR,MAIZE,maize,31785,735,32906,33641
2010,11,HAVERI,6,HIREKERUR,RAGI,ragi,591,0,191,191
2010,11,HAVERI,6,HIREKERUR,WHEAT,wheat,4,8,0,8
2010,11,HAVERI,6,HIREKERUR,BARLEY,barley,16,12,8,20
2010,11,HAVERI,6,HIREKERUR,GRAM,chickpea,91,0,33,33
2010,11,HAVERI,6,HIREKERUR,TUR (ARHAR),pigeonpea (tur),426,3,124,127
2010,11,HAVERI,6,HIREKERUR,URAD,black gram,0,0,0,0
2010,11,HAVERI,6,HIREKERUR,MOONG,green gram,70,0,6,6
2010,11,HAVERI,6,HIREKERUR,MASUR,lentil,0,0,0,0
2010,11,HAVERI,6,HIREKERUR,HORSEGRAM,horse gram,37,0,31,31
2010,11,HAVERI,6,HIREKERUR,MOTH,moth bean,0,0,0,0
2010,11,HAVERI,6,HIREKERUR,SUGARCANE,sugarcane,243,246,0,246
2010,11,HAVERI,6,HIREKERUR,PEPPER (BLACK),black pepper,246,24,128,153
2010,11,HAVERI,6,HIREKERUR,CHILLIES,chilli,0,0,0,0
2010,11,HAVERI,6,HIREKERUR,GINGER,ginger,33,16,8,24
2010,11,HAVERI,6,HIREKERUR,TURMERIC,turmeric,0,0,0,0
2010,11,HAVERI,6,HIREKERUR,BETELNUTS (ARECANUTS),arecanut,205,138,8,146
2010,11,HAVERI,6,HIREKERUR,MANGOES,mango,24,25,0,25
2010,11,HAVERI,6,HIREKERUR,BANANA,banana,223,134,81,214
2010,11,HAVERI,6,HIREKERUR,TABLE GRAPES,grapes,0,0,0,0
2010,11,HAVERI,6,HIREKERUR,WINE GRAPES (BLACK),grapes,0,0,0,0
2010,11,HAVERI,6,HIREKERUR,CASHEWNUTS,cashewnut,0,0,0,0
2010,11,HAVERI,6,HIREKERUR,POTATO,potato,0,0,0,0
2010,11,HAVERI,6,HIREKERUR,TAPIOCA (CASSAVA),tapioca,0,0,0,0
2010,11,HAVERI,6,HIREKERUR,SWEET POTATO,sweet potato,4,0,3,3
2010,11,HAVERI,6,HIREKERUR,ONION,onion,21,0,11,11
2010,11,HAVERI,6,HIREKERUR,TOMATO,tomato,545,246,2,248
2010,11,HAVERI,6,HIREKERUR,GROUNDNUT,groundnut,429,38,231,269
2010,11,HAVERI,6,HIREKERUR,CASTORSEED,castor,9,0,1,1
2010,11,HAVERI,6,HIREKERUR,SESAMUM (TIL),sesame,0,0,0,0
2010,11,HAVERI,6,HIREKERUR,RAPESEED & MUSTARD (TORIA/TARAMIRA),mustard,4,0,1,1
2010,11,HAVERI,6,HIREKERUR,LINSEED,linseed,0,0,0,0
2010,11,HAVERI,6,HIREKERUR,COCONUT,coconut,109,44,44,88
2010,11,HAVERI,6,HIREKERUR,SUNFLOWER,sunflower,182,10,186,197
2010,11,HAVERI,6,HIREKERUR,SOYABEAN,soybean,0,0,0,0
2010,11,HAVERI,6,HIREKERUR,NIGERSEED,niger seed,81,4,5,9
2010,11,HAVERI,6,HIREKERUR,COTTON,cotton,20330,515,18519,19034
2010,11,HAVERI,6,HIREKERUR,JUTE,jute,29,0,31,31
2010,11,HAVERI,6,HIREKERUR,MESTA,mesta,22,5,8,13
2010,11,HAVERI,6,HIREKERUR,TOBACCO,tobacco,0,0,0,0
2010,11,HAVERI,6,HIREKERUR,GUAR,guar,0,0,0,0
2010,11,HAVERI,6,HIREKERUR,COFFEE,coffee,0,0,0,0
2010,11,HAVERI,6,HIREKERUR,GROSS CROPPED AREA,,40182,4314,54176,58490
2010,11,HAVERI,7,RANEBENNUR,PADDY,rice,3724,7640,306,7946
2010,11,HAVERI,7,RANEBENNUR,JOWAR,jowar,4385,301,2529,2830
2010,11,HAVERI,7,RANEBENNUR,BAJRA,bajra,26,0,54,54
2010,11,HAVERI,7,RANEBENNUR,MAIZE,maize,24700,2994,26462,29456
2010,11,HAVERI,7,RANEBENNUR,RAGI,ragi,42,0,31,31
2010,11,HAVERI,7,RANEBENNUR,WHEAT,wheat,34,3,11,14
2010,11,HAVERI,7,RANEBENNUR,BARLEY,barley,22,0,8,8
2010,11,HAVERI,7,RANEBENNUR,GRAM,chickpea,34,6,9,15
2010,11,HAVERI,7,RANEBENNUR,TUR (ARHAR),pigeonpea (tur),2631,77,457,534
2010,11,HAVERI,7,RANEBENNUR,URAD,black gram,19,0,8,8
2010,11,HAVERI,7,RANEBENNUR,MOONG,green gram,210,0,67,67
2010,11,HAVERI,7,RANEBENNUR,MASUR,lentil,11,0,3,3
2010,11,HAVERI,7,RANEBENNUR,HORSEGRAM,horse gram,920,9,345,354
2010,11,HAVERI,7,RANEBENNUR,MOTH,moth bean,0,0,0,0
2010,11,HAVERI,7,RANEBENNUR,SUGARCANE,sugarcane,1454,1850,0,1850
2010,11,HAVERI,7,RANEBENNUR,PEPPER (BLACK),black pepper,0,0,0,0
2010,11,HAVERI,7,RANEBENNUR,CHILLIES,chilli,86,36,8,44
2010,11,HAVERI,7,RANEBENNUR,GINGER,ginger,5,6,0,6
2010,11,HAVERI,7,RANEBENNUR,TURMERIC,turmeric,0,0,0,0
2010,11,HAVERI,7,RANEBENNUR,BETELNUTS (ARECANUTS),arecanut,276,159,16,174
2010,11,HAVERI,7,RANEBENNUR,MANGOES,mango,42,19,0,19
2010,11,HAVERI,7,RANEBENNUR,BANANA,banana,205,135,0,135
2010,11,HAVERI,7,RANEBENNUR,TABLE GRAPES,grapes,0,0,0,0
2010,11,HAVERI,7,RANEBENNUR,WINE GRAPES (BLACK),grapes,0,0,0,0
2010,11,HAVERI,7,RANEBENNUR,CASHEWNUTS,cashewnut,0,0,0,0
2010,11,HAVERI,7,RANEBENNUR,POTATO,potato,0,0,0,0
2010,11,HAVERI,7,RANEBENNUR,TAPIOCA (CASSAVA),tapioca,9,0,10,10
2010,11,HAVERI,7,RANEBENNUR,SWEET POTATO,sweet potato,10,2,2,4
2010,11,HAVERI,7,RANEBENNUR,ONION,onion,2802,470,1863,2334
2010,11,HAVERI,7,RANEBENNUR,TOMATO,tomato,1282,703,81,784
2010,11,HAVERI,7,RANEBENNUR,GROUNDNUT,groundnut,765,344,297,640
2010,11,HAVERI,7,RANEBENNUR,CASTORSEED,castor,0,0,0,0
2010,11,HAVERI,7,RANEBENNUR,SESAMUM (TIL),sesame,0,0,0,0
2010,11,HAVERI,7,RANEBENNUR,RAPESEED & MUSTARD (TORIA/TARAMIRA),mustard,16,10,12,23
2010,11,HAVERI,7,RANEBENNUR,LINSEED,linseed,0,0,0,0
2010,11,HAVERI,7,RANEBENNUR,COCONUT,coconut,569,188,147,335
2010,11,HAVERI,7,RANEBENNUR,SUNFLOWER,sunflower,1180,583,551,1134
2010,11,HAVERI,7,RANEBENNUR,SOYABEAN,soybean,5,2,0,2
2010,11,HAVERI,7,RANEBENNUR,NIGERSEED,niger seed,68,10,19,28
2010,11,HAVERI,7,RANEBENNUR,COTTON,cotton,19443,1743,19642,21384
2010,11,HAVERI,7,RANEBENNUR,JUTE,jute,24,0,13,13
2010,11,HAVERI,7,RANEBENNUR,MESTA,mesta,6,0,9,9
2010,11,HAVERI,7,RANEBENNUR,TOBACCO,tobacco,0,0,0,0
2010,11,HAVERI,7,RANEBENNUR,GUAR,guar,0,0,0,0
2010,11,HAVERI,7,RANEBENNUR,COFFEE,coffee,0,0,0,0
2010,11,HAVERI,7,RANEBENNUR,GROSS CROPPED AREA,,40813,19259,54920,74179
2010,11,HAVERI,2,SAVANUR,PADDY,rice,246,220,44,265
2010,11,HAVERI,2,SAVANUR,JOWAR,jowar,2631,67,3169,3236
2010,11,HAVERI,2,SAVANUR,BAJRA,bajra,66,0,31,31
2010,11,HAVERI,2,SAVANUR,MAIZE,maize,7801,429,9846,10275
2010,11,HAVERI,2,SAVANUR,RAGI,ragi,78,0,40,40
2010,11,HAVERI,2,SAVANUR,WHEAT,wheat,16,9,2,12
2010,11,HAVERI,2,SAVANUR,BARLEY,barley,0,0,0,0
2010,11,HAVERI,2,SAVANUR,GRAM,chickpea,213,10,249,259
2010,11,HAVERI,2,SAVANUR,TUR (ARHAR),pigeonpea (tur),1283,11,293,304
2010,11,HAVERI,2,SAVANUR,URAD,black gram,7,0,4,4
2010,11,HAVERI,2,SAVANUR,MOONG,green gram,865,11,552,563
2010,11,HAVERI,2,SAVANUR,MASUR,lentil,0,0,0,0
2010,11,HAVERI,2,SAVANUR,HORSEGRAM,horse gram,128,0,53,53
2010,11,HAVERI,2,SAVANUR,MOTH,moth bean,0,0,0,0
2010,11,HAVERI,2,SAVANUR,SUGARCANE,sugarcane,49,42,0,42
2010,11,HAVERI,2,SAVANUR,PEPPER (BLACK),black pepper,0,0,0,0
2010,11,HAVERI,2,SAVANUR,CHILLIES,chilli,770,22,637,659
2010,11,HAVERI,2,SAVANUR,GINGER,ginger,0,0,0,0
2010,11,HAVERI,2,SAVANUR,TURMERIC,turmeric,0,0,0,0
2010,11,HAVERI,2,SAVANUR,BETELNUTS (ARECANUTS),arecanut,26,12,0,12
2010,11,HAVERI,2,SAVANUR,MANGOES,mango,14,7,0,7
2010,11,HAVERI,2,SAVANUR,BANANA,banana,0,0,0,0
2010,11,HAVERI,2,SAVANUR,TABLE GRAPES,grapes,0,0,0,0
2010,11,HAVERI,2,SAVANUR,WINE GRAPES (BLACK),grapes,0,0,0,0
2010,11,HAVERI,2,SAVANUR,CASHEWNUTS,cashewnut,0,0,0,0
2010,11,HAVERI,2,SAVANUR,POTATO,potato,23,0,3,3
2010,11,HAVERI,2,SAVANUR,TAPIOCA (CASSAVA),tapioca,9,0,6,6
2010,11,HAVERI,2,SAVANUR,SWEET POTATO,sweet potato,0,0,0,0
2010,11,HAVERI,2,SAVANUR,ONION,onion,25,3,4,8
2010,11,HAVERI,2,SAVANUR,TOMATO,tomato,16,6,0,6
2010,11,HAVERI,2,SAVANUR,GROUNDNUT,groundnut,6409,248,7451,7698
2010,11,HAVERI,2,SAVANUR,CASTORSEED,castor,34,0,20,20
2010,11,HAVERI,2,SAVANUR,SESAMUM (TIL),sesame,209,0,116,116
2010,11,HAVERI,2,SAVANUR,RAPESEED & MUSTARD (TORIA/TARAMIRA),mustard,82,35,56,91
2010,11,HAVERI,2,SAVANUR,LINSEED,linseed,97,0,23,23
2010,11,HAVERI,2,SAVANUR,COCONUT,coconut,449,23,136,160
2010,11,HAVERI,2,SAVANUR,SUNFLOWER,sunflower,26,0,24,24
2010,11,HAVERI,2,SAVANUR,SOYABEAN,soybean,1327,21,1686,1707
2010,11,HAVERI,2,SAVANUR,NIGERSEED,niger seed,489,4,58,62
2010,11,HAVERI,2,SAVANUR,COTTON,cotton,14880,398,21547,21945
2010,11,HAVERI,2,SAVANUR,JUTE,jute,17,0,22,22
2010,11,HAVERI,2,SAVANUR,MESTA,mesta,13,0,25,25
2010,11,HAVERI,2,SAVANUR,TOBACCO,tobacco,0,0,0,0
2010,11,HAVERI,2,SAVANUR,GUAR,guar,0,0,0,0
2010,11,HAVERI,2,SAVANUR,COFFEE,coffee,0,0,0,0
2010,11,HAVERI,2,SAVANUR,GROSS CROPPED AREA,,23034,1944,46815,48758
2010,11,HAVERI,1,SHIGGAON,PADDY,rice,8534,592,9717,10309
2010,11,HAVERI,1,SHIGGAON,JOWAR,jowar,1452,0,1327,1327
2010,11,HAVERI,1,SHIGGAON,BAJRA,bajra,89,0,90,90
2010,11,HAVERI,1,SHIGGAON,MAIZE,maize,6804,112,6853,6966
2010,11,HAVERI,1,SHIGGAON,RAGI,ragi,96,0,33,33
2010,11,HAVERI,1,SHIGGAON,WHEAT,wheat,32,0,25,25
2010,11,HAVERI,1,SHIGGAON,BARLEY,barley,0,0,0,0
2010,11,HAVERI,1,SHIGGAON,GRAM,chickpea,41,0,32,32
2010,11,HAVERI,1,SHIGGAON,TUR (ARHAR),pigeonpea (tur),152,0,104,104
2010,11,HAVERI,1,SHIGGAON,URAD,black gram,34,0,20,20
2010,11,HAVERI,1,SHIGGAON,MOONG,green gram,160,0,94,94
2010,11,HAVERI,1,SHIGGAON,MASUR,lentil,0,0,0,0
2010,11,HAVERI,1,SHIGGAON,HORSEGRAM,horse gram,108,5,48,53
2010,11,HAVERI,1,SHIGGAON,MOTH,moth bean,0,0,0,0
2010,11,HAVERI,1,SHIGGAON,SUGARCANE,sugarcane,24,21,0,21
2010,11,HAVERI,1,SHIGGAON,PEPPER (BLACK),black pepper,83,0,41,41
2010,11,HAVERI,1,SHIGGAON,CHILLIES,chilli,327,0,239,239
2010,11,HAVERI,1,SHIGGAON,GINGER,ginger,0,0,0,0
2010,11,HAVERI,1,SHIGGAON,TURMERIC,turmeric,0,0,0,0
2010,11,HAVERI,1,SHIGGAON,BETELNUTS (ARECANUTS),arecanut,0,0,0,0
2010,11,HAVERI,1,SHIGGAON,MANGOES,mango,259,108,226,333
2010,11,HAVERI,1,SHIGGAON,BANANA,banana,21,3,14,16
2010,11,HAVERI,1,SHIGGAON,TABLE GRAPES,grapes,0,0,0,0
2010,11,HAVERI,1,SHIGGAON,WINE GRAPES (BLACK),grapes,0,0,0,0
2010,11,HAVERI,1,SHIGGAON,CASHEWNUTS,cashewnut,9,28,0,28
2010,11,HAVERI,1,SHIGGAON,POTATO,potato,6,0,2,2
2010,11,HAVERI,1,SHIGGAON,TAPIOCA (CASSAVA),tapioca,0,0,0,0
2010,11,HAVERI,1,SHIGGAON,SWEET POTATO,sweet potato,0,0,0,0
2010,11,HAVERI,1,SHIGGAON,ONION,onion,10,0,6,6
2010,11,HAVERI,1,SHIGGAON,TOMATO,tomato,0,0,0,0
2010,11,HAVERI,1,SHIGGAON,GROUNDNUT,groundnut,5466,10,5528,5538
2010,11,HAVERI,1,SHIGGAON,CASTORSEED,castor,0,0,0,0
2010,11,HAVERI,1,SHIGGAON,SESAMUM (TIL),sesame,0,0,0,0
2010,11,HAVERI,1,SHIGGAON,RAPESEED & MUSTARD (TORIA/TARAMIRA),mustard,4,0,1,1
2010,11,HAVERI,1,SHIGGAON,LINSEED,linseed,4,0,1,1
2010,11,HAVERI,1,SHIGGAON,COCONUT,coconut,36,17,5,22
2010,11,HAVERI,1,SHIGGAON,SUNFLOWER,sunflower,3,0,3,3
2010,11,HAVERI,1,SHIGGAON,SOYABEAN,soybean,2972,0,2539,2539
2010,11,HAVERI,1,SHIGGAON,NIGERSEED,niger seed,48,0,23,23
2010,11,HAVERI,1,SHIGGAON,COTTON,cotton,8946,54,11332,11386
2010,11,HAVERI,1,SHIGGAON,JUTE,jute,0,0,0,0
2010,11,HAVERI,1,SHIGGAON,MESTA,mesta,0,0,0,0
2010,11,HAVERI,1,SHIGGAON,TOBACCO,tobacco,0,0,0,0
2010,11,HAVERI,1,SHIGGAON,GUAR,guar,0,0,0,0
2010,11,HAVERI,1,SHIGGAON,COFFEE,coffee,0,0,0,0
2010,11,HAVERI,1,SHIGGAON,GROSS CROPPED AREA,,22368,991,40862,41853
2010,25,KODAGU,1,MADIKERI,PADDY,rice,9436,0,6775,6775
2010,25,KODAGU,1,MADIKERI,JOWAR,jowar,8,0,4,4
2010,25,KODAGU,1,MADIKERI,BAJRA,bajra,0,0,0,0
2010,25,KODAGU,1,MADIKERI,MAIZE,maize,0,0,0,0
2010,25,KODAGU,1,MADIKERI,RAGI,ragi,10,0,5,5
2010,25,KODAGU,1,MADIKERI,WHEAT,wheat,0,0,0,0
2010,25,KODAGU,1,MADIKERI,BARLEY,barley,0,0,0,0
2010,25,KODAGU,1,MADIKERI,GRAM,chickpea,0,0,0,0
2010,25,KODAGU,1,MADIKERI,TUR (ARHAR),pigeonpea (tur),0,0,0,0
2010,25,KODAGU,1,MADIKERI,URAD,black gram,0,0,0,0
2010,25,KODAGU,1,MADIKERI,MOONG,green gram,0,0,0,0
2010,25,KODAGU,1,MADIKERI,MASUR,lentil,0,0,0,0
2010,25,KODAGU,1,MADIKERI,HORSEGRAM,horse gram,0,0,0,0
2010,25,KODAGU,1,MADIKERI,MOTH,moth bean,0,0,0,0
2010,25,KODAGU,1,MADIKERI,SUGARCANE,sugarcane,0,0,0,0
2010,25,KODAGU,1,MADIKERI,PEPPER (BLACK),black pepper,10880,15,4977,4992
2010,25,KODAGU,1,MADIKERI,CHILLIES,chilli,81,0,133,133
2010,25,KODAGU,1,MADIKERI,GINGER,ginger,86,0,42,42
2010,25,KODAGU,1,MADIKERI,TURMERIC,turmeric,10,0,10,10
2010,25,KODAGU,1,MADIKERI,BETELNUTS (ARECANUTS),arecanut,3993,126,4752,4878
2010,25,KODAGU,1,MADIKERI,MANGOES,mango,23,0,2,2
2010,25,KODAGU,1,MADIKERI,BANANA,banana,3593,0,379,379
2010,25,KODAGU,1,MADIKERI,TABLE GRAPES,grapes,0,0,0,0
2010,25,KODAGU,1,MADIKERI,WINE GRAPES (BLACK),grapes,0,0,0,0
2010,25,KODAGU,1,MADIKERI,CASHEWNUTS,cashewnut,834,0,530,530
2010,25,KODAGU,1,MADIKERI,POTATO,potato,0,0,0,0
2010,25,KODAGU,1,MADIKERI,TAPIOCA (CASSAVA),tapioca,0,0,0,0
2010,25,KODAGU,1,MADIKERI,SWEET POTATO,sweet potato,0,0,0,0
2010,25,KODAGU,1,MADIKERI,ONION,onion,0,0,0,0
2010,25,KODAGU,1,MADIKERI,TOMATO,tomato,0,0,0,0
2010,25,KODAGU,1,MADIKERI,GROUNDNUT,groundnut,12,0,2,2
2010,25,KODAGU,1,MADIKERI,CASTORSEED,castor,0,0,0,0
2010,25,KODAGU,1,MADIKERI,SESAMUM (TIL),sesame,0,0,0,0
2010,25,KODAGU,1,MADIKERI,RAPESEED & MUSTARD (TORIA/TARAMIRA),mustard,0,0,0,0
2010,25,KODAGU,1,MADIKERI,LINSEED,linseed,0,0,0,0
2010,25,KODAGU,1,MADIKERI,COCONUT,coconut,3698,22,926,949
2010,25,KODAGU,1,MADIKERI,SUNFLOWER,sunflower,0,0,0,0
2010,25,KODAGU,1,MADIKERI,SOYABEAN,soybean,0,0,0,0
2010,25,KODAGU,1,MADIKERI,NIGERSEED,niger seed,0,0,0,0
2010,25,KODAGU,1,MADIKERI,COTTON,cotton,0,0,0,0
2010,25,KODAGU,1,MADIKERI,JUTE,jute,0,0,0,0
2010,25,KODAGU,1,MADIKERI,MESTA,mesta,0,0,0,0
2010,25,KODAGU,1,MADIKERI,TOBACCO,tobacco,0,0,0,0
2010,25,KODAGU,1,MADIKERI,GUAR,guar,0,0,0,0
2010,25,KODAGU,1,MADIKERI,COFFEE,coffee,12994,0,28560,28560
2010,25,KODAGU,1,MADIKERI,GROSS CROPPED AREA,,20161,168,54447,54615
2010,25,KODAGU,2,SOMWARPET,PADDY,rice,12499,1500,9196,10696
2010,25,KODAGU,2,SOMWARPET,JOWAR,jowar,414,0,198,198
2010,25,KODAGU,2,SOMWARPET,BAJRA,bajra,6,0,26,26
2010,25,KODAGU,2,SOMWARPET,MAIZE,maize,2131,0,2321,2321
2010,25,KODAGU,2,SOMWARPET,RAGI,ragi,364,0,357,357
2010,25,KODAGU,2,SOMWARPET,WHEAT,wheat,0,0,0,0
2010,25,KODAGU,2,SOMWARPET,BARLEY,barley,0,0,0,0
2010,25,KODAGU,2,SOMWARPET,GRAM,chickpea,0,0,0,0
2010,25,KODAGU,2,SOMWARPET,TUR (ARHAR),pigeonpea (tur),0,0,0,0
2010,25,KODAGU,2,SOMWARPET,URAD,black gram,0,0,0,0
2010,25,KODAGU,2,SOMWARPET,MOONG,green gram,0,0,0,0
2010,25,KODAGU,2,SOMWARPET,MASUR,lentil,0,0,0,0
2010,25,KODAGU,2,SOMWARPET,HORSEGRAM,horse gram,0,0,0,0
2010,25,KODAGU,2,SOMWARPET,MOTH,moth bean,0,0,0,0
2010,25,KODAGU,2,SOMWARPET,SUGARCANE,sugarcane,0,0,0,0
2010,25,KODAGU,2,SOMWARPET,PEPPER (BLACK),black pepper,4140,0,2841,2841
2010,25,KODAGU,2,SOMWARPET,CHILLIES,chilli,24,0,24,24
2010,25,KODAGU,2,SOMWARPET,GINGER,ginger,2115,13,1120,1133
2010,25,KODAGU,2,SOMWARPET,TURMERIC,turmeric,12,0,13,13
2010,25,KODAGU,2,SOMWARPET,BETELNUTS (ARECANUTS),arecanut,449,6,238,244
2010,25,KODAGU,2,SOMWARPET,MANGOES,mango,12,0,2,2
2010,25,KODAGU,2,SOMWARPET,BANANA,banana,1001,2,246,248
2010,25,KODAGU,2,SOMWARPET,TABLE GRAPES,grapes,0,0,0,0
2010,25,KODAGU,2,SOMWARPET,WINE GRAPES (BLACK),grapes,0,0,0,0
2010,25,KODAGU,2,SOMWARPET,CASHEWNUTS,cashewnut,0,0,0,0
2010,25,KODAGU,2,SOMWARPET,POTATO,potato,24,0,24,24
2010,25,KODAGU,2,SOMWARPET,TAPIOCA (CASSAVA),tapioca,0,0,0,0
2010,25,KODAGU,2,SOMWARPET,SWEET POTATO,sweet potato,0,0,0,0
2010,25,KODAGU,2,SOMWARPET,ONION,onion,0,0,0,0
2010,25,KODAGU,2,SOMWARPET,TOMATO,tomato,25,0,14,14
2010,25,KODAGU,2,SOMWARPET,GROUNDNUT,groundnut,0,0,0,0
2010,25,KODAGU,2,SOMWARPET,CASTORSEED,castor,0,0,0,0
2010,25,KODAGU,2,SOMWARPET,SESAMUM (TIL),sesame,0,0,0,0
2010,25,KODAGU,2,SOMWARPET,RAPESEED & MUSTARD (TORIA/TARAMIRA),mustard,0,0,0,0
2010,25,KODAGU,2,SOMWARPET,LINSEED,linseed,0,0,0,0
2010,25,KODAGU,2,SOMWARPET,COCONUT,coconut,38,0,7,7
2010,25,KODAGU,2,SOMWARPET,SUNFLOWER,sunflower,0,0,0,0
2010,25,KODAGU,2,SOMWARPET,SOYABEAN,soybean,0,0,0,0
2010,25,KODAGU,2,SOMWARPET,NIGERSEED,niger seed,0,0,0,0
2010,25,KODAGU,2,SOMWARPET,COTTON,cotton,0,0,0,0
2010,25,KODAGU,2,SOMWARPET,JUTE,jute,0,0,0,0
2010,25,KODAGU,2,SOMWARPET,MESTA,mesta,0,0,0,0
2010,25,KODAGU,2,SOMWARPET,TOBACCO,tobacco,202,0,256,256
2010,25,KODAGU,2,SOMWARPET,GUAR,guar,0,0,0,0
2010,25,KODAGU,2,SOMWARPET,COFFEE,coffee,14877,0,32443,32443
2010,25,KODAGU,2,SOMWARPET,GROSS CROPPED AREA,,25935,1521,50517,52037
2010,25,KODAGU,3,VIRAJPET,PADDY,rice,14820,0,16732,16732
2010,25,KODAGU,3,VIRAJPET,JOWAR,jowar,0,0,0,0
2010,25,KODAGU,3,VIRAJPET,BAJRA,bajra,0,0,0,0
2010,25,KODAGU,3,VIRAJPET,MAIZE,maize,0,0,0,0
2010,25,KODAGU,3,VIRAJPET,RAGI,ragi,0,0,0,0
2010,25,KODAGU,3,VIRAJPET,WHEAT,wheat,0,0,0,0
2010,25,KODAGU,3,VIRAJPET,BARLEY,barley,0,0,0,0
2010,25,KODAGU,3,VIRAJPET,GRAM,chickpea,14,0,20,20
2010,25,KODAGU,3,VIRAJPET,TUR (ARHAR),pigeonpea (tur),4,0,4,4
2010,25,KODAGU,3,VIRAJPET,URAD,black gram,0,0,0,0
2010,25,KODAGU,3,VIRAJPET,MOONG,green gram,0,0,0,0
2010,25,KODAGU,3,VIRAJPET,MASUR,lentil,0,0,0,0
2010,25,KODAGU,3,VIRAJPET,HORSEGRAM,horse gram,0,0,0,0
2010,25,KODAGU,3,VIRAJPET,MOTH,moth bean,0,0,0,0
2010,25,KODAGU,3,VIRAJPET,SUGARCANE,sugarcane,0,0,0,0
2010,25,KODAGU,3,VIRAJPET,PEPPER (BLACK),black pepper,15296,0,11383,11383
2010,25,KODAGU,3,VIRAJPET,CHILLIES,chilli,9,0,6,6
2010,25,KODAGU,3,VIRAJPET,GINGER,ginger,16,0,12,12
2010,25,KODAGU,3,VIRAJPET,TURMERIC,turmeric,0,0,0,0
2010,25,KODAGU,3,VIRAJPET,BETELNUTS (ARECANUTS),arecanut,118,0,89,89
2010,25,KODAGU,3,VIRAJPET,MANGOES,mango,0,0,0,0
2010,25,KODAGU,3,VIRAJPET,BANANA,banana,91,0,58,58
2010,25,KODAGU,3,VIRAJPET,TABLE GRAPES,grapes,0,0,0,0
2010,25,KODAGU,3,VIRAJPET,WINE GRAPES (BLACK),grapes,0,0,0,0
2010,25,KODAGU,3,VIRAJPET,CASHEWNUTS,cashewnut,0,0,0,0
2010,25,KODAGU,3,VIRAJPET,POTATO,potato,0,0,0,0
2010,25,KODAGU,3,VIRAJPET,TAPIOCA (CASSAVA),tapioca,0,0,0,0
2010,25,KODAGU,3,VIRAJPET,SWEET POTATO,sweet potato,0,0,0,0
2010,25,KODAGU,3,VIRAJPET,ONION,onion,0,0,0,0
2010,25,KODAGU,3,VIRAJPET,TOMATO,tomato,0,0,0,0
2010,25,KODAGU,3,VIRAJPET,GROUNDNUT,groundnut,0,0,0,0
2010,25,KODAGU,3,VIRAJPET,CASTORSEED,castor,0,0,0,0
2010,25,KODAGU,3,VIRAJPET,SESAMUM (TIL),sesame,0,0,0,0
2010,25,KODAGU,3,VIRAJPET,RAPESEED & MUSTARD (TORIA/TARAMIRA),mustard,0,0,0,0
2010,25,KODAGU,3,VIRAJPET,LINSEED,linseed,0,0,0,0
2010,25,KODAGU,3,VIRAJPET,COCONUT,coconut,0,0,0,0
2010,25,KODAGU,3,VIRAJPET,SUNFLOWER,sunflower,0,0,0,0
2010,25,KODAGU,3,VIRAJPET,SOYABEAN,soybean,0,0,0,0
2010,25,KODAGU,3,VIRAJPET,NIGERSEED,niger seed,5,0,4,4
2010,25,KODAGU,3,VIRAJPET,COTTON,cotton,0,0,0,0
2010,25,KODAGU,3,VIRAJPET,JUTE,jute,0,0,0,0
2010,25,KODAGU,3,VIRAJPET,MESTA,mesta,0,0,0,0
2010,25,KODAGU,3,VIRAJPET,TOBACCO,tobacco,0,0,0,0
2010,25,KODAGU,3,VIRAJPET,GUAR,guar,0,0,0,0
2010,25,KODAGU,3,VIRAJPET,COFFEE,coffee,18750,0,50876,50876
2010,25,KODAGU,3,VIRAJPET,GROSS CROPPED AREA,,22785,0,80187,80187
2010,19,KOLAR,10,BANGARPET,PADDY,rice,2946,1194,193,1387
2010,19,KOLAR,10,BANGARPET,JOWAR,jowar,4870,43,845,888
2010,19,KOLAR,10,BANGARPET,BAJRA,bajra,75,1,16,17
2010,19,KOLAR,10,BANGARPET,MAIZE,maize,352,12,140,152
2010,19,KOLAR,10,BANGARPET,RAGI,ragi,26927,437,15333,15771
2010,19,KOLAR,10,BANGARPET,WHEAT,wheat,82,10,88,97
2010,19,KOLAR,10,BANGARPET,BARLEY,barley,0,0,0,0
2010,19,KOLAR,10,BANGARPET,GRAM,chickpea,170,2,8,10
2010,19,KOLAR,10,BANGARPET,TUR (ARHAR),pigeonpea (tur),3207,1,307,307
2010,19,KOLAR,10,BANGARPET,URAD,black gram,0,0,0,0
2010,19,KOLAR,10,BANGARPET,MOONG,green gram,42,0,3,3
2010,19,KOLAR,10,BANGARPET,MASUR,lentil,15,0,8,8
2010,19,KOLAR,10,BANGARPET,HORSEGRAM,horse gram,2491,9,1227,1236
2010,19,KOLAR,10,BANGARPET,MOTH,moth bean,0,0,0,0
2010,19,KOLAR,10,BANGARPET,SUGARCANE,sugarcane,225,152,0,152
2010,19,KOLAR,10,BANGARPET,PEPPER (BLACK),black pepper,28,5,13,18
2010,19,KOLAR,10,BANGARPET,CHILLIES,chilli,6,0,0,0
2010,19,KOLAR,10,BANGARPET,GINGER,ginger,0,0,0,0
2010,19,KOLAR,10,BANGARPET,TURMERIC,turmeric,0,0,0,0
2010,19,KOLAR,10,BANGARPET,BETELNUTS (ARECANUTS),arecanut,5,2,0,2
2010,19,KOLAR,10,BANGARPET,MANGOES,mango,962,140,972,1112
2010,19,KOLAR,10,BANGARPET,BANANA,banana,194,146,14,160
2010,19,KOLAR,10,BANGARPET,TABLE GRAPES,grapes,0,0,0,0
2010,19,KOLAR,10,BANGARPET,WINE GRAPES (BLACK),grapes,0,0,0,0
2010,19,KOLAR,10,BANGARPET,CASHEWNUTS,cashewnut,11,0,4,4
2010,19,KOLAR,10,BANGARPET,POTATO,potato,2916,2963,370,3333
2010,19,KOLAR,10,BANGARPET,TAPIOCA (CASSAVA),tapioca,66,60,12,72
2010,19,KOLAR,10,BANGARPET,SWEET POTATO,sweet potato,53,35,4,39
2010,19,KOLAR,10,BANGARPET,ONION,onion,52,0,37,37
2010,19,KOLAR,10,BANGARPET,TOMATO,tomato,4283,2954,246,3199
2010,19,KOLAR,10,BANGARPET,GROUNDNUT,groundnut,3957,131,2224,2356
2010,19,KOLAR,10,BANGARPET,CASTORSEED,castor,0,0,0,0
2010,19,KOLAR,10,BANGARPET,SESAMUM (TIL),sesame,0,0,0,0
2010,19,KOLAR,10,BANGARPET,RAPESEED & MUSTARD (TORIA/TARAMIRA),mustard,55,7,10,17
2010,19,KOLAR,10,BANGARPET,LINSEED,linseed,28,1,5,6
2010,19,KOLAR,10,BANGARPET,COCONUT,coconut,156,41,74,115
2010,19,KOLAR,10,BANGARPET,SUNFLOWER,sunflower,0,0,0,0
2010,19,KOLAR,10,BANGARPET,SOYABEAN,soybean,0,0,0,0
2010,19,KOLAR,10,BANGARPET,NIGERSEED,niger seed,0,0,0,0
2010,19,KOLAR,10,BANGARPET,COTTON,cotton,5,0,1,1
2010,19,KOLAR,10,BANGARPET,JUTE,jute,0,0,0,0
2010,19,KOLAR,10,BANGARPET,MESTA,mesta,0,0,0,0
2010,19,KOLAR,10,BANGARPET,TOBACCO,tobacco,5,1,0,1
2010,19,KOLAR,10,BANGARPET,GUAR,guar,0,0,0,0
2010,19,KOLAR,10,BANGARPET,COFFEE,coffee,0,0,0,0
2010,19,KOLAR,10,BANGARPET,GROSS CROPPED AREA,,50221,11258,31510,42768
2010,19,KOLAR,8,KOLAR,PADDY,rice,225,78,36,114
2010,19,KOLAR,8,KOLAR,JOWAR,jowar,4867,7,271,279
2010,19,KOLAR,8,KOLAR,BAJRA,bajra,8,0,2,2
2010,19,KOLAR,8,KOLAR,MAIZE,maize,34,1,2,3
2010,19,KOLAR,8,KOLAR,RAGI,ragi,30026,888,14642,15530
2010,19,KOLAR,8,KOLAR,WHEAT,wheat,13,0,12,12
2010,19,KOLAR,8,KOLAR,BARLEY,barley,0,0,0,0
2010,19,KOLAR,8,KOLAR,GRAM,chickpea,12,0,3,3
2010,19,KOLAR,8,KOLAR,TUR (ARHAR),pigeonpea (tur),2136,54,222,277
2010,19,KOLAR,8,KOLAR,URAD,black gram,0,0,0,0
2010,19,KOLAR,8,KOLAR,MOONG,green gram,0,0,0,0
2010,19,KOLAR,8,KOLAR,MASUR,lentil,0,0,0,0
2010,19,KOLAR,8,KOLAR,HORSEGRAM,horse gram,403,1,109,110
2010,19,KOLAR,8,KOLAR,MOTH,moth bean,0,0,0,0
2010,19,KOLAR,8,KOLAR,SUGARCANE,sugarcane,0,0,0,0
2010,19,KOLAR,8,KOLAR,PEPPER (BLACK),black pepper,0,0,0,0
2010,19,KOLAR,8,KOLAR,CHILLIES,chilli,8,6,0,6
2010,19,KOLAR,8,KOLAR,GINGER,ginger,4,1,0,1
2010,19,KOLAR,8,KOLAR,TURMERIC,turmeric,0,0,0,0
2010,19,KOLAR,8,KOLAR,BETELNUTS (ARECANUTS),arecanut,8,0,1,1
2010,19,KOLAR,8,KOLAR,MANGOES,mango,3990,182,5940,6122
2010,19,KOLAR,8,KOLAR,BANANA,banana,98,72,9,81
2010,19,KOLAR,8,KOLAR,TABLE GRAPES,grapes,24,37,0,37
2010,19,KOLAR,8,KOLAR,WINE GRAPES (BLACK),grapes,0,0,0,0
2010,19,KOLAR,8,KOLAR,CASHEWNUTS,cashewnut,12,21,0,21
2010,19,KOLAR,8,KOLAR,POTATO,potato,628,371,11,382
2010,19,KOLAR,8,KOLAR,TAPIOCA (CASSAVA),tapioca,0,0,0,0
2010,19,KOLAR,8,KOLAR,SWEET POTATO,sweet potato,8,5,0,5
2010,19,KOLAR,8,KOLAR,ONION,onion,14,3,0,3
2010,19,KOLAR,8,KOLAR,TOMATO,tomato,4734,2773,158,2931
2010,19,KOLAR,8,KOLAR,GROUNDNUT,groundnut,35,0,12,12
2010,19,KOLAR,8,KOLAR,CASTORSEED,castor,0,0,0,0
2010,19,KOLAR,8,KOLAR,SESAMUM (TIL),sesame,0,0,0,0
2010,19,KOLAR,8,KOLAR,RAPESEED & MUSTARD (TORIA/TARAMIRA),mustard,8,0,1,1
2010,19,KOLAR,8,KOLAR,LINSEED,linseed,4,0,2,2
2010,19,KOLAR,8,KOLAR,COCONUT,coconut,217,33,84,117
2010,19,KOLAR,8,KOLAR,SUNFLOWER,sunflower,0,0,0,0
2010,19,KOLAR,8,KOLAR,SOYABEAN,soybean,0,0,0,0
2010,19,KOLAR,8,KOLAR,NIGERSEED,niger seed,0,0,0,0
2010,19,KOLAR,8,KOLAR,COTTON,cotton,0,0,0,0
2010,19,KOLAR,8,KOLAR,JUTE,jute,0,0,0,0
2010,19,KOLAR,8,KOLAR,MESTA,mesta,0,0,0,0
2010,19,KOLAR,8,KOLAR,TOBACCO,tobacco,0,0,0,0
2010,19,KOLAR,8,KOLAR,GUAR,guar,0,0,0,0
2010,19,KOLAR,8,KOLAR,COFFEE,coffee,0,0,0,0
2010,19,KOLAR,8,KOLAR,GROSS CROPPED AREA,,54370,11738,31985,43723
2010,19,KOLAR,9,MALUR,PADDY,rice,914,153,191,343
2010,19,KOLAR,9,MALUR,JOWAR,jowar,4138,13,316,329
2010,19,KOLAR,9,MALUR,BAJRA,bajra,179,2,8,10
2010,19,KOLAR,9,MALUR,MAIZE,maize,781,6,34,39
2010,19,KOLAR,9,MALUR,RAGI,ragi,19990,649,13043,13692
2010,19,KOLAR,9,MALUR,WHEAT,wheat,0,0,0,0
2010,19,KOLAR,9,MALUR,BARLEY,barley,0,0,0,0
2010,19,KOLAR,9,MALUR,GRAM,chickpea,4,0,0,0
2010,19,KOLAR,9,MALUR,TUR (ARHAR),pigeonpea (tur),888,5,100,105
2010,19,KOLAR,9,MALUR,URAD,black gram,0,0,0,0
2010,19,KOLAR,9,MALUR,MOONG,green gram,0,0,0,0
2010,19,KOLAR,9,MALUR,MASUR,lentil,4,0,2,2
2010,19,KOLAR,9,MALUR,HORSEGRAM,horse gram,378,0,261,261
2010,19,KOLAR,9,MALUR,MOTH,moth bean,0,0,0,0
2010,19,KOLAR,9,MALUR,SUGARCANE,sugarcane,4,1,0,1
2010,19,KOLAR,9,MALUR,PEPPER (BLACK),black pepper,9,0,0,0
2010,19,KOLAR,9,MALUR,CHILLIES,chilli,8,3,0,3
2010,19,KOLAR,9,MALUR,GINGER,ginger,0,0,0,0
2010,19,KOLAR,9,MALUR,TURMERIC,turmeric,8,5,0,5
2010,19,KOLAR,9,MALUR,BETELNUTS (ARECANUTS),arecanut,0,0,0,0
2010,19,KOLAR,9,MALUR,MANGOES,mango,535,81,657,738
2010,19,KOLAR,9,MALUR,BANANA,banana,94,76,1,77
2010,19,KOLAR,9,MALUR,TABLE GRAPES,grapes,72,69,0,69
2010,19,KOLAR,9,MALUR,WINE GRAPES (BLACK),grapes,0,0,0,0
2010,19,KOLAR,9,MALUR,CASHEWNUTS,cashewnut,18,1,7,8
2010,19,KOLAR,9,MALUR,POTATO,potato,1012,914,16,930
2010,19,KOLAR,9,MALUR,TAPIOCA (CASSAVA),tapioca,0,0,0,0
2010,19,KOLAR,9,MALUR,SWEET POTATO,sweet potato,4,2,0,2
2010,19,KOLAR,9,MALUR,ONION,onion,26,11,3,14
2010,19,KOLAR,9,MALUR,TOMATO,tomato,2871,1879,73,1952
2010,19,KOLAR,9,MALUR,GROUNDNUT,groundnut,240,12,110,122
2010,19,KOLAR,9,MALUR,CASTORSEED,castor,17,0,1,1
2010,19,KOLAR,9,MALUR,SESAMUM (TIL),sesame,53,0,38,38
2010,19,KOLAR,9,MALUR,RAPESEED & MUSTARD (TORIA/TARAMIRA),mustard,451,0,11,11
2010,19,KOLAR,9,MALUR,LINSEED,linseed,0,0,0,0
2010,19,KOLAR,9,MALUR,COCONUT,coconut,299,99,75,174
2010,19,KOLAR,9,MALUR,SUNFLOWER,sunflower,0,0,0,0
2010,19,KOLAR,9,MALUR,SOYABEAN,soybean,0,0,0,0
2010,19,KOLAR,9,MALUR,NIGERSEED,niger seed,4,1,0,1
2010,19,KOLAR,9,MALUR,COTTON,cotton,4,0,2,2
2010,19,KOLAR,9,MALUR,JUTE,jute,0,0,0,0
2010,19,KOLAR,9,MALUR,MESTA,mesta,0,0,0,0
2010,19,KOLAR,9,MALUR,TOBACCO,tobacco,0,0,0,0
2010,19,KOLAR,9,MALUR,GUAR,guar,0,0,0,0
2010,19,KOLAR,9,MALUR,COFFEE,coffee,0,0,0,0
2010,19,KOLAR,9,MALUR,GROSS CROPPED AREA,,48420,8169,31484,39653
2010,19,KOLAR,11,MULBAGAL,PADDY,rice,10871,3532,406,3938
2010,19,KOLAR,11,MULBAGAL,JOWAR,jowar,4925,56,284,340
2010,19,KOLAR,11,MULBAGAL,BAJRA,bajra,10,0,0,0
2010,19,KOLAR,11,MULBAGAL,MAIZE,maize,40,3,8,10
2010,19,KOLAR,11,MULBAGAL,RAGI,ragi,13027,399,7652,8051
2010,19,KOLAR,11,MULBAGAL,WHEAT,wheat,34,10,19,28
2010,19,KOLAR,11,MULBAGAL,BARLEY,barley,5,0,0,0
2010,19,KOLAR,11,MULBAGAL,GRAM,chickpea,48,0,46,46
2010,19,KOLAR,11,MULBAGAL,TUR (ARHAR),pigeonpea (tur),4956,0,354,354
2010,19,KOLAR,11,MULBAGAL,URAD,black gram,14,0,4,4
2010,19,KOLAR,11,MULBAGAL,MOONG,green gram,5,0,4,4
2010,19,KOLAR,11,MULBAGAL,MASUR,lentil,6,0,7,7
2010,19,KOLAR,11,MULBAGAL,HORSEGRAM,horse gram,2821,4,1550,1554
2010,19,KOLAR,11,MULBAGAL,MOTH,moth bean,0,0,0,0
2010,19,KOLAR,11,MULBAGAL,SUGARCANE,sugarcane,413,326,0,326
2010,19,KOLAR,11,MULBAGAL,PEPPER (BLACK),black pepper,11,0,3,3
2010,19,KOLAR,11,MULBAGAL,CHILLIES,chilli,5,2,0,2
2010,19,KOLAR,11,MULBAGAL,GINGER,ginger,0,0,0,0
2010,19,KOLAR,11,MULBAGAL,TURMERIC,turmeric,0,0,0,0
2010,19,KOLAR,11,MULBAGAL,BETELNUTS (ARECANUTS),arecanut,9,7,6,13
2010,19,KOLAR,11,MULBAGAL,MANGOES,mango,7875,330,10858,11188
2010,19,KOLAR,11,MULBAGAL,BANANA,banana,155,106,1,107
2010,19,KOLAR,11,MULBAGAL,TABLE GRAPES,grapes,5,2,0,2
2010,19,KOLAR,11,MULBAGAL,WINE GRAPES (BLACK),grapes,0,0,0,0
2010,19,KOLAR,11,MULBAGAL,CASHEWNUTS,cashewnut,4,0,10,10
2010,19,KOLAR,11,MULBAGAL,POTATO,potato,844,620,10,630
2010,19,KOLAR,11,MULBAGAL,TAPIOCA (CASSAVA),tapioca,0,0,0,0
2010,19,KOLAR,11,MULBAGAL,SWEET POTATO,sweet potato,7,8,0,8
2010,19,KOLAR,11,MULBAGAL,ONION,onion,0,0,0,0
2010,19,KOLAR,11,MULBAGAL,TOMATO,tomato,3221,2320,62,2382
2010,19,KOLAR,11,MULBAGAL,GROUNDNUT,groundnut,11723,92,8101,8194
2010,19,KOLAR,11,MULBAGAL,CASTORSEED,castor,5,0,0,0
2010,19,KOLAR,11,MULBAGAL,SESAMUM (TIL),sesame,5,2,0,2
2010,19,KOLAR,11,MULBAGAL,RAPESEED & MUSTARD (TORIA/TARAMIRA),mustard,571,0,21,21
2010,19,KOLAR,11,MULBAGAL,LINSEED,linseed,4,0,1,1
2010,19,KOLAR,11,MULBAGAL,COCONUT,coconut,308,125,41,166
2010,19,KOLAR,11,MULBAGAL,SUNFLOWER,sunflower,15,4,7,11
2010,19,KOLAR,11,MULBAGAL,SOYABEAN,soybean,0,0,0,0
2010,19,KOLAR,11,MULBAGAL,NIGERSEED,niger seed,20,2,6,8
2010,19,KOLAR,11,MULBAGAL,COTTON,cotton,5,0,0,0
2010,19,KOLAR,11,MULBAGAL,JUTE,jute,0,0,0,0
2010,19,KOLAR,11,MULBAGAL,MESTA,mesta,0,0,0,0
2010,19,KOLAR,11,MULBAGAL,TOBACCO,tobacco,0,0,0,0
2010,19,KOLAR,11,MULBAGAL,GUAR,guar,5,7,0,7
2010,19,KOLAR,11,MULBAGAL,COFFEE,coffee,4,3,0,3
2010,19,KOLAR,11,MULBAGAL,GROSS CROPPED AREA,,51284,10777,32675,43452
2010,19,KOLAR,7,SRINIVASAPUR,PADDY,rice,487,175,92,266
2010,19,KOLAR,7,SRINIVASAPUR,JOWAR,jowar,449,10,135,145
2010,19,KOLAR,7,SRINIVASAPUR,BAJRA,bajra,4,0,3,3
2010,19,KOLAR,7,SRINIVASAPUR,MAIZE,maize,7,0,0,0
2010,19,KOLAR,7,SRINIVASAPUR,RAGI,ragi,12958,323,7298,7620
2010,19,KOLAR,7,SRINIVASAPUR,WHEAT,wheat,41,4,26,31
2010,19,KOLAR,7,SRINIVASAPUR,BARLEY,barley,0,0,0,0
2010,19,KOLAR,7,SRINIVASAPUR,GRAM,chickpea,0,0,0,0
2010,19,KOLAR,7,SRINIVASAPUR,TUR (ARHAR),pigeonpea (tur),342,1,79,79
2010,19,KOLAR,7,SRINIVASAPUR,URAD,black gram,0,0,0,0
2010,19,KOLAR,7,SRINIVASAPUR,MOONG,green gram,0,0,0,0
2010,19,KOLAR,7,SRINIVASAPUR,MASUR,lentil,0,0,0,0
2010,19,KOLAR,7,SRINIVASAPUR,HORSEGRAM,horse gram,2683,15,1114,1129
2010,19,KOLAR,7,SRINIVASAPUR,MOTH,moth bean,0,0,0,0
2010,19,KOLAR,7,SRINIVASAPUR,SUGARCANE,sugarcane,11,4,0,4
2010,19,KOLAR,7,SRINIVASAPUR,PEPPER (BLACK),black pepper,0,0,0,0
2010,19,KOLAR,7,SRINIVASAPUR,CHILLIES,chilli,0,0,0,0
2010,19,KOLAR,7,SRINIVASAPUR,GINGER,ginger,0,0,0,0
2010,19,KOLAR,7,SRINIVASAPUR,TURMERIC,turmeric,0,0,0,0
2010,19,KOLAR,7,SRINIVASAPUR,BETELNUTS (ARECANUTS),arecanut,0,0,0,0
2010,19,KOLAR,7,SRINIVASAPUR,MANGOES,mango,14684,102,21214,21316
2010,19,KOLAR,7,SRINIVASAPUR,BANANA,banana,12,9,3,12
2010,19,KOLAR,7,SRINIVASAPUR,TABLE GRAPES,grapes,0,0,0,0
2010,19,KOLAR,7,SRINIVASAPUR,WINE GRAPES (BLACK),grapes,0,0,0,0
2010,19,KOLAR,7,SRINIVASAPUR,CASHEWNUTS,cashewnut,0,0,0,0
2010,19,KOLAR,7,SRINIVASAPUR,POTATO,potato,85,46,8,54
2010,19,KOLAR,7,SRINIVASAPUR,TAPIOCA (CASSAVA),tapioca,0,0,0,0
2010,19,KOLAR,7,SRINIVASAPUR,SWEET POTATO,sweet potato,20,7,0,7
2010,19,KOLAR,7,SRINIVASAPUR,ONION,onion,0,0,0,0
2010,19,KOLAR,7,SRINIVASAPUR,TOMATO,tomato,2411,1775,86,1860
2010,19,KOLAR,7,SRINIVASAPUR,GROUNDNUT,groundnut,2967,27,2102,2129
2010,19,KOLAR,7,SRINIVASAPUR,CASTORSEED,castor,0,0,0,0
2010,19,KOLAR,7,SRINIVASAPUR,SESAMUM (TIL),sesame,0,0,0,0
2010,19,KOLAR,7,SRINIVASAPUR,RAPESEED & MUSTARD (TORIA/TARAMIRA),mustard,0,0,0,0
2010,19,KOLAR,7,SRINIVASAPUR,LINSEED,linseed,0,0,0,0
2010,19,KOLAR,7,SRINIVASAPUR,COCONUT,coconut,71,29,7,36
2010,19,KOLAR,7,SRINIVASAPUR,SUNFLOWER,sunflower,4,0,4,4
2010,19,KOLAR,7,SRINIVASAPUR,SOYABEAN,soybean,0,0,0,0
2010,19,KOLAR,7,SRINIVASAPUR,NIGERSEED,niger seed,0,0,0,0
2010,19,KOLAR,7,SRINIVASAPUR,COTTON,cotton,0,0,0,0
2010,19,KOLAR,7,SRINIVASAPUR,JUTE,jute,0,0,0,0
2010,19,KOLAR,7,SRINIVASAPUR,MESTA,mesta,0,0,0,0
2010,19,KOLAR,7,SRINIVASAPUR,TOBACCO,tobacco,0,0,0,0
2010,19,KOLAR,7,SRINIVASAPUR,GUAR,guar,0,0,0,0
2010,19,KOLAR,7,SRINIVASAPUR,COFFEE,coffee,0,0,0,0
2010,19,KOLAR,7,SRINIVASAPUR,GROSS CROPPED AREA,,32560,3596,33382,36978
2010,7,KOPPAL,3,GANGAVATHI,PADDY,rice,43153,57328,285,57613
2010,7,KOPPAL,3,GANGAVATHI,JOWAR,jowar,3821,238,6472,6710
2010,7,KOPPAL,3,GANGAVATHI,BAJRA,bajra,8125,624,13570,14193
2010,7,KOPPAL,3,GANGAVATHI,MAIZE,maize,2182,2543,1117,3660
2010,7,KOPPAL,3,GANGAVATHI,RAGI,ragi,9,3,0,3
2010,7,KOPPAL,3,GANGAVATHI,WHEAT,wheat,22,0,76,76
2010,7,KOPPAL,3,GANGAVATHI,BARLEY,barley,8,14,0,14
2010,7,KOPPAL,3,GANGAVATHI,GRAM,chickpea,16,0,21,21
2010,7,KOPPAL,3,GANGAVATHI,TUR (ARHAR),pigeonpea (tur),1807,38,1884,1921
2010,7,KOPPAL,3,GANGAVATHI,URAD,black gram,11,0,9,9
2010,7,KOPPAL,3,GANGAVATHI,MOONG,green gram,46,2,31,33
2010,7,KOPPAL,3,GANGAVATHI,MASUR,lentil,0,0,0,0
2010,7,KOPPAL,3,GANGAVATHI,HORSEGRAM,horse gram,178,0,254,254
2010,7,KOPPAL,3,GANGAVATHI,MOTH,moth bean,0,0,0,0
2010,7,KOPPAL,3,GANGAVATHI,SUGARCANE,sugarcane,0,0,0,0
2010,7,KOPPAL,3,GANGAVATHI,PEPPER (BLACK),black pepper,0,0,0,0
2010,7,KOPPAL,3,GANGAVATHI,CHILLIES,chilli,0,0,0,0
2010,7,KOPPAL,3,GANGAVATHI,GINGER,ginger,0,0,0,0
2010,7,KOPPAL,3,GANGAVATHI,TURMERIC,turmeric,0,0,0,0
2010,7,KOPPAL,3,GANGAVATHI,BETELNUTS (ARECANUTS),arecanut,0,0,0,0
2010,7,KOPPAL,3,GANGAVATHI,MANGOES,mango,21,42,0,42
2010,7,KOPPAL,3,GANGAVATHI,BANANA,banana,761,780,0,780
2010,7,KOPPAL,3,GANGAVATHI,TABLE GRAPES,grapes,18,39,0,39
2010,7,KOPPAL,3,GANGAVATHI,WINE GRAPES (BLACK),grapes,0,0,0,0
2010,7,KOPPAL,3,GANGAVATHI,CASHEWNUTS,cashewnut,0,0,0,0
2010,7,KOPPAL,3,GANGAVATHI,POTATO,potato,0,0,0,0
2010,7,KOPPAL,3,GANGAVATHI,TAPIOCA (CASSAVA),tapioca,0,0,0,0
2010,7,KOPPAL,3,GANGAVATHI,SWEET POTATO,sweet potato,0,0,0,0
2010,7,KOPPAL,3,GANGAVATHI,ONION,onion,0,0,0,0
2010,7,KOPPAL,3,GANGAVATHI,TOMATO,tomato,0,0,0,0
2010,7,KOPPAL,3,GANGAVATHI,GROUNDNUT,groundnut,295,212,74,286
2010,7,KOPPAL,3,GANGAVATHI,CASTORSEED,castor,45,5,15,20
2010,7,KOPPAL,3,GANGAVATHI,SESAMUM (TIL),sesame,581,15,699,713
2010,7,KOPPAL,3,GANGAVATHI,RAPESEED & MUSTARD (TORIA/TARAMIRA),mustard,0,0,0,0
2010,7,KOPPAL,3,GANGAVATHI,LINSEED,linseed,0,0,0,0
2010,7,KOPPAL,3,GANGAVATHI,COCONUT,coconut,0,0,0,0
2010,7,KOPPAL,3,GANGAVATHI,SUNFLOWER,sunflower,3227,1993,3727,5720
2010,7,KOPPAL,3,GANGAVATHI,SOYABEAN,soybean,6,0,2,2
2010,7,KOPPAL,3,GANGAVATHI,NIGERSEED,niger seed,19,0,5,5
2010,7,KOPPAL,3,GANGAVATHI,COTTON,cotton,881,421,906,1328
2010,7,KOPPAL,3,GANGAVATHI,JUTE,jute,10,0,12,12
2010,7,KOPPAL,3,GANGAVATHI,MESTA,mesta,6,0,11,11
2010,7,KOPPAL,3,GANGAVATHI,TOBACCO,tobacco,0,0,0,0
2010,7,KOPPAL,3,GANGAVATHI,GUAR,guar,0,0,0,0
2010,7,KOPPAL,3,GANGAVATHI,COFFEE,coffee,0,0,0,0
2010,7,KOPPAL,3,GANGAVATHI,GROSS CROPPED AREA,,61705,64469,32025,96494
2010,7,KOPPAL,4,KOPPAL,PADDY,rice,8016,9094,356,9450
2010,7,KOPPAL,4,KOPPAL,JOWAR,jowar,3571,535,6601,7136
2010,7,KOPPAL,4,KOPPAL,BAJRA,bajra,9417,737,14320,15056
2010,7,KOPPAL,4,KOPPAL,MAIZE,maize,12526,11747,12652,24399
2010,7,KOPPAL,4,KOPPAL,RAGI,ragi,12,0,27,27
2010,7,KOPPAL,4,KOPPAL,WHEAT,wheat,165,26,195,221
2010,7,KOPPAL,4,KOPPAL,BARLEY,barley,87,20,139,159
2010,7,KOPPAL,4,KOPPAL,GRAM,chickpea,126,15,145,160
2010,7,KOPPAL,4,KOPPAL,TUR (ARHAR),pigeonpea (tur),1724,300,1673,1974
2010,7,KOPPAL,4,KOPPAL,URAD,black gram,6,0,3,3
2010,7,KOPPAL,4,KOPPAL,MOONG,green gram,263,37,292,328
2010,7,KOPPAL,4,KOPPAL,MASUR,lentil,0,0,0,0
2010,7,KOPPAL,4,KOPPAL,HORSEGRAM,horse gram,879,3,679,682
2010,7,KOPPAL,4,KOPPAL,MOTH,moth bean,0,0,0,0
2010,7,KOPPAL,4,KOPPAL,SUGARCANE,sugarcane,1921,3955,0,3955
2010,7,KOPPAL,4,KOPPAL,PEPPER (BLACK),black pepper,0,0,0,0
2010,7,KOPPAL,4,KOPPAL,CHILLIES,chilli,0,0,0,0
2010,7,KOPPAL,4,KOPPAL,GINGER,ginger,0,0,0,0
2010,7,KOPPAL,4,KOPPAL,TURMERIC,turmeric,0,0,0,0
2010,7,KOPPAL,4,KOPPAL,BETELNUTS (ARECANUTS),arecanut,0,0,0,0
2010,7,KOPPAL,4,KOPPAL,MANGOES,mango,40,138,29,167
2010,7,KOPPAL,4,KOPPAL,BANANA,banana,17,17,0,17
2010,7,KOPPAL,4,KOPPAL,TABLE GRAPES,grapes,0,0,0,0
2010,7,KOPPAL,4,KOPPAL,WINE GRAPES (BLACK),grapes,0,0,0,0
2010,7,KOPPAL,4,KOPPAL,CASHEWNUTS,cashewnut,0,0,0,0
2010,7,KOPPAL,4,KOPPAL,POTATO,potato,0,0,0,0
2010,7,KOPPAL,4,KOPPAL,TAPIOCA (CASSAVA),tapioca,0,0,0,0
2010,7,KOPPAL,4,KOPPAL,SWEET POTATO,sweet potato,0,0,0,0
2010,7,KOPPAL,4,KOPPAL,ONION,onion,302,260,46,306
2010,7,KOPPAL,4,KOPPAL,TOMATO,tomato,18,13,0,13
2010,7,KOPPAL,4,KOPPAL,GROUNDNUT,groundnut,3623,1552,4467,6019
2010,7,KOPPAL,4,KOPPAL,CASTORSEED,castor,65,28,53,80
2010,7,KOPPAL,4,KOPPAL,SESAMUM (TIL),sesame,1092,84,1157,1241
2010,7,KOPPAL,4,KOPPAL,RAPESEED & MUSTARD (TORIA/TARAMIRA),mustard,66,45,102,147
2010,7,KOPPAL,4,KOPPAL,LINSEED,linseed,372,0,178,178
2010,7,KOPPAL,4,KOPPAL,COCONUT,coconut,23,7,6,13
2010,7,KOPPAL,4,KOPPAL,SUNFLOWER,sunflower,7070,2253,12365,14618
2010,7,KOPPAL,4,KOPPAL,SOYABEAN,soybean,263,1,65,66
2010,7,KOPPAL,4,KOPPAL,NIGERSEED,niger seed,0,0,0,0
2010,7,KOPPAL,4,KOPPAL,COTTON,cotton,1122,1495,525,2021
2010,7,KOPPAL,4,KOPPAL,JUTE,jute,0,0,0,0
2010,7,KOPPAL,4,KOPPAL,MESTA,mesta,5,0,0,0
2010,7,KOPPAL,4,KOPPAL,TOBACCO,tobacco,0,0,0,0
2010,7,KOPPAL,4,KOPPAL,GUAR,guar,0,0,0,0
2010,7,KOPPAL,4,KOPPAL,COFFEE,coffee,0,0,0,0
2010,7,KOPPAL,4,KOPPAL,GROSS CROPPED AREA,,45364,32695,56290,88985
2010,7,KOPPAL,2,KUSHTAGI,PADDY,rice,831,419,339,758
2010,7,KOPPAL,2,KUSHTAGI,JOWAR,jowar,17030,429,19589,20018
2010,7,KOPPAL,2,KUSHTAGI,BAJRA,bajra,26903,975,32596,33572
2010,7,KOPPAL,2,KUSHTAGI,MAIZE,maize,8984,4177,5676,9853
2010,7,KOPPAL,2,KUSHTAGI,RAGI,ragi,754,21,771,792
2010,7,KOPPAL,2,KUSHTAGI,WHEAT,wheat,1328,1068,319,1387
2010,7,KOPPAL,2,KUSHTAGI,BARLEY,barley,53,23,47,70
2010,7,KOPPAL,2,KUSHTAGI,GRAM,chickpea,1754,9,1564,1573
2010,7,KOPPAL,2,KUSHTAGI,TUR (ARHAR),pigeonpea (tur),13147,244,5321,5566
2010,7,KOPPAL,2,KUSHTAGI,URAD,black gram,32,0,14,15
2010,7,KOPPAL,2,KUSHTAGI,MOONG,green gram,8515,163,6444,6607
2010,7,KOPPAL,2,KUSHTAGI,MASUR,lentil,13,0,6,6
2010,7,KOPPAL,2,KUSHTAGI,HORSEGRAM,horse gram,7343,3,6185,6188
2010,7,KOPPAL,2,KUSHTAGI,MOTH,moth bean,0,0,0,0
2010,7,KOPPAL,2,KUSHTAGI,SUGARCANE,sugarcane,0,0,0,0
2010,7,KOPPAL,2,KUSHTAGI,PEPPER (BLACK),black pepper,0,0,0,0
2010,7,KOPPAL,2,KUSHTAGI,CHILLIES,chilli,0,0,0,0
2010,7,KOPPAL,2,KUSHTAGI,GINGER,ginger,0,0,0,0
2010,7,KOPPAL,2,KUSHTAGI,TURMERIC,turmeric,0,0,0,0
2010,7,KOPPAL,2,KUSHTAGI,BETELNUTS (ARECANUTS),arecanut,0,0,0,0
2010,7,KOPPAL,2,KUSHTAGI,MANGOES,mango,36,16,6,22
2010,7,KOPPAL,2,KUSHTAGI,BANANA,banana,37,27,12,39
2010,7,KOPPAL,2,KUSHTAGI,TABLE GRAPES,grapes,0,0,0,0
2010,7,KOPPAL,2,KUSHTAGI,WINE GRAPES (BLACK),grapes,0,0,0,0
2010,7,KOPPAL,2,KUSHTAGI,CASHEWNUTS,cashewnut,0,0,0,0
2010,7,KOPPAL,2,KUSHTAGI,POTATO,potato,0,0,0,0
2010,7,KOPPAL,2,KUSHTAGI,TAPIOCA (CASSAVA),tapioca,0,0,0,0
2010,7,KOPPAL,2,KUSHTAGI,SWEET POTATO,sweet potato,0,0,0,0
2010,7,KOPPAL,2,KUSHTAGI,ONION,onion,220,18,307,325
2010,7,KOPPAL,2,KUSHTAGI,TOMATO,tomato,8,2,0,2
2010,7,KOPPAL,2,KUSHTAGI,GROUNDNUT,groundnut,10486,8547,5443,13991
2010,7,KOPPAL,2,KUSHTAGI,CASTORSEED,castor,82,0,40,40
2010,7,KOPPAL,2,KUSHTAGI,SESAMUM (TIL),sesame,6006,38,4372,4410
2010,7,KOPPAL,2,KUSHTAGI,RAPESEED & MUSTARD (TORIA/TARAMIRA),mustard,73,122,3,125
2010,7,KOPPAL,2,KUSHTAGI,LINSEED,linseed,467,226,123,349
2010,7,KOPPAL,2,KUSHTAGI,COCONUT,coconut,273,10,560,570
2010,7,KOPPAL,2,KUSHTAGI,SUNFLOWER,sunflower,8081,4606,5971,10577
2010,7,KOPPAL,2,KUSHTAGI,SOYABEAN,soybean,30,11,24,35
2010,7,KOPPAL,2,KUSHTAGI,NIGERSEED,niger seed,120,0,107,107
2010,7,KOPPAL,2,KUSHTAGI,COTTON,cotton,1051,259,488,748
2010,7,KOPPAL,2,KUSHTAGI,JUTE,jute,8,3,0,3
2010,7,KOPPAL,2,KUSHTAGI,MESTA,mesta,0,0,0,0
2010,7,KOPPAL,2,KUSHTAGI,TOBACCO,tobacco,0,0,0,0
2010,7,KOPPAL,2,KUSHTAGI,GUAR,guar,0,0,0,0
2010,7,KOPPAL,2,KUSHTAGI,COFFEE,coffee,0,0,0,0
2010,7,KOPPAL,2,KUSHTAGI,GROSS CROPPED AREA,,52993,21910,97366,119275
2010,7,KOPPAL,1,YELBURGA,PADDY,rice,475,224,274,498
2010,7,KOPPAL,1,YELBURGA,JOWAR,jowar,11300,1532,15590,17122
2010,7,KOPPAL,1,YELBURGA,BAJRA,bajra,12359,354,16242,16596
2010,7,KOPPAL,1,YELBURGA,MAIZE,maize,8451,5649,8657,14306
2010,7,KOPPAL,1,YELBURGA,RAGI,ragi,65,0,173,173
2010,7,KOPPAL,1,YELBURGA,WHEAT,wheat,1520,83,2226,2309
2010,7,KOPPAL,1,YELBURGA,BARLEY,barley,81,5,170,175
2010,7,KOPPAL,1,YELBURGA,GRAM,chickpea,3593,448,5751,6199
2010,7,KOPPAL,1,YELBURGA,TUR (ARHAR),pigeonpea (tur),7018,100,2300,2400
2010,7,KOPPAL,1,YELBURGA,URAD,black gram,1183,4,1335,1339
2010,7,KOPPAL,1,YELBURGA,MOONG,green gram,4849,50,7318,7368
2010,7,KOPPAL,1,YELBURGA,MASUR,lentil,6,0,3,3
2010,7,KOPPAL,1,YELBURGA,HORSEGRAM,horse gram,1909,0,2440,2440
2010,7,KOPPAL,1,YELBURGA,MOTH,moth bean,5,0,3,3
2010,7,KOPPAL,1,YELBURGA,SUGARCANE,sugarcane,159,211,0,211
2010,7,KOPPAL,1,YELBURGA,PEPPER (BLACK),black pepper,10,1,11,12
2010,7,KOPPAL,1,YELBURGA,CHILLIES,chilli,53,8,13,22
2010,7,KOPPAL,1,YELBURGA,GINGER,ginger,0,0,0,0
2010,7,KOPPAL,1,YELBURGA,TURMERIC,turmeric,5,0,12,12
2010,7,KOPPAL,1,YELBURGA,BETELNUTS (ARECANUTS),arecanut,0,0,0,0
2010,7,KOPPAL,1,YELBURGA,MANGOES,mango,91,102,38,140
2010,7,KOPPAL,1,YELBURGA,BANANA,banana,29,23,11,34
2010,7,KOPPAL,1,YELBURGA,TABLE GRAPES,grapes,119,80,21,102
2010,7,KOPPAL,1,YELBURGA,WINE GRAPES (BLACK),grapes,0,0,0,0
2010,7,KOPPAL,1,YELBURGA,CASHEWNUTS,cashewnut,0,0,0,0
2010,7,KOPPAL,1,YELBURGA,POTATO,potato,0,0,0,0
2010,7,KOPPAL,1,YELBURGA,TAPIOCA (CASSAVA),tapioca,7,0,2,2
2010,7,KOPPAL,1,YELBURGA,SWEET POTATO,sweet potato,0,0,0,0
2010,7,KOPPAL,1,YELBURGA,ONION,onion,899,50,1432,1481
2010,7,KOPPAL,1,YELBURGA,TOMATO,tomato,98,28,1,29
2010,7,KOPPAL,1,YELBURGA,GROUNDNUT,groundnut,11912,2618,14756,17374
2010,7,KOPPAL,1,YELBURGA,CASTORSEED,castor,63,8,42,51
2010,7,KOPPAL,1,YELBURGA,SESAMUM (TIL),sesame,1875,38,1521,1559
2010,7,KOPPAL,1,YELBURGA,RAPESEED & MUSTARD (TORIA/TARAMIRA),mustard,38,20,45,65
2010,7,KOPPAL,1,YELBURGA,LINSEED,linseed,720,0,1085,1085
2010,7,KOPPAL,1,YELBURGA,COCONUT,coconut,107,2,209,212
2010,7,KOPPAL,1,YELBURGA,SUNFLOWER,sunflower,8691,1457,16758,18215
2010,7,KOPPAL,1,YELBURGA,SOYABEAN,soybean,5,0,20,20
2010,7,KOPPAL,1,YELBURGA,NIGERSEED,niger seed,0,0,0,0
2010,7,KOPPAL,1,YELBURGA,COTTON,cotton,3080,459,5680,6139
2010,7,KOPPAL,1,YELBURGA,JUTE,jute,41,0,105,105
2010,7,KOPPAL,1,YELBURGA,MESTA,mesta,17,0,16,16
2010,7,KOPPAL,1,YELBURGA,TOBACCO,tobacco,0,0,0,0
2010,7,KOPPAL,1,YELBURGA,GUAR,guar,0,0,0,0
2010,7,KOPPAL,1,YELBURGA,COFFEE,coffee,0,0,0,0
2010,7,KOPPAL,1,YELBURGA,GROSS CROPPED AREA,,58040,14357,106509,120866
2010,22,MANDYA,1,K.R. PET,PADDY,rice,16365,8840,2761,11602
2010,22,MANDYA,1,K.R. PET,JOWAR,jowar,1836,167,174,341
2010,22,MANDYA,1,K.R. PET,BAJRA,bajra,14,0,4,4
2010,22,MANDYA,1,K.R. PET,MAIZE,maize,532,147,38,185
2010,22,MANDYA,1,K.R. PET,RAGI,ragi,34142,3965,18786,22750
2010,22,MANDYA,1,K.R. PET,WHEAT,wheat,103,13,22,34
2010,22,MANDYA,1,K.R. PET,BARLEY,barley,0,0,0,0
2010,22,MANDYA,1,K.R. PET,GRAM,chickpea,290,55,5,60
2010,22,MANDYA,1,K.R. PET,TUR (ARHAR),pigeonpea (tur),1011,177,113,290
2010,22,MANDYA,1,K.R. PET,URAD,black gram,202,52,7,59
2010,22,MANDYA,1,K.R. PET,MOONG,green gram,792,77,247,324
2010,22,MANDYA,1,K.R. PET,MASUR,lentil,263,2,110,112
2010,22,MANDYA,1,K.R. PET,HORSEGRAM,horse gram,10330,1207,3525,4733
2010,22,MANDYA,1,K.R. PET,MOTH,moth bean,15,0,5,5
2010,22,MANDYA,1,K.R. PET,SUGARCANE,sugarcane,5072,4368,0,4368
2010,22,MANDYA,1,K.R. PET,PEPPER (BLACK),black pepper,0,0,0,0
2010,22,MANDYA,1,K.R. PET,CHILLIES,chilli,7,0,0,0
2010,22,MANDYA,1,K.R. PET,GINGER,ginger,77,31,0,31
2010,22,MANDYA,1,K.R. PET,TURMERIC,turmeric,17,3,0,3
2010,22,MANDYA,1,K.R. PET,BETELNUTS (ARECANUTS),arecanut,504,27,110,137
2010,22,MANDYA,1,K.R. PET,MANGOES,mango,648,32,292,323
2010,22,MANDYA,1,K.R. PET,BANANA,banana,561,182,78,260
2010,22,MANDYA,1,K.R. PET,TABLE GRAPES,grapes,0,0,0,0
2010,22,MANDYA,1,K.R. PET,WINE GRAPES (BLACK),grapes,0,0,0,0
2010,22,MANDYA,1,K.R. PET,CASHEWNUTS,cashewnut,0,0,0,0
2010,22,MANDYA,1,K.R. PET,POTATO,potato,1,5,0,5
2010,22,MANDYA,1,K.R. PET,TAPIOCA (CASSAVA),tapioca,0,0,0,0
2010,22,MANDYA,1,K.R. PET,SWEET POTATO,sweet potato,152,1,37,38
2010,22,MANDYA,1,K.R. PET,ONION,onion,7,0,1,1
2010,22,MANDYA,1,K.R. PET,TOMATO,tomato,78,7,0,7
2010,22,MANDYA,1,K.R. PET,GROUNDNUT,groundnut,0,0,0,0
2010,22,MANDYA,1,K.R. PET,CASTORSEED,castor,66,0,6,6
2010,22,MANDYA,1,K.R. PET,SESAMUM (TIL),sesame,644,8,169,178
2010,22,MANDYA,1,K.R. PET,RAPESEED & MUSTARD (TORIA/TARAMIRA),mustard,0,0,0,0
2010,22,MANDYA,1,K.R. PET,LINSEED,linseed,138,43,58,101
2010,22,MANDYA,1,K.R. PET,COCONUT,coconut,6137,646,1941,2587
2010,22,MANDYA,1,K.R. PET,SUNFLOWER,sunflower,0,0,0,0
2010,22,MANDYA,1,K.R. PET,SOYABEAN,soybean,0,0,0,0
2010,22,MANDYA,1,K.R. PET,NIGERSEED,niger seed,451,8,46,54
2010,22,MANDYA,1,K.R. PET,COTTON,cotton,13,1,1,2
2010,22,MANDYA,1,K.R. PET,JUTE,jute,0,0,0,0
2010,22,MANDYA,1,K.R. PET,MESTA,mesta,0,0,0,0
2010,22,MANDYA,1,K.R. PET,TOBACCO,tobacco,0,0,0,0
2010,22,MANDYA,1,K.R. PET,GUAR,guar,23,8,0,8
2010,22,MANDYA,1,K.R. PET,COFFEE,coffee,0,0,0,0
2010,22,MANDYA,1,K.R. PET,GROSS CROPPED AREA,,63915,20386,32675,53061
2010,22,MANDYA,6,MADDUR,PADDY,rice,27399,11166,893,12059
2010,22,MANDYA,6,MADDUR,JOWAR,jowar,3472,121,534,655
2010,22,MANDYA,6,MADDUR,BAJRA,bajra,23,3,2,5
2010,22,MANDYA,6,MADDUR,MAIZE,maize,48,12,3,15
2010,22,MANDYA,6,MADDUR,RAGI,ragi,15155,1618,5423,7040
2010,22,MANDYA,6,MADDUR,WHEAT,wheat,21,2,4,7
2010,22,MANDYA,6,MADDUR,BARLEY,barley,0,0,0,0
2010,22,MANDYA,6,MADDUR,GRAM,chickpea,7,5,0,5
2010,22,MANDYA,6,MADDUR,TUR (ARHAR),pigeonpea (tur),38,3,4,7
2010,22,MANDYA,6,MADDUR,URAD,black gram,0,0,0,0
2010,22,MANDYA,6,MADDUR,MOONG,green gram,12,1,0,1
2010,22,MANDYA,6,MADDUR,MASUR,lentil,131,0,90,90
2010,22,MANDYA,6,MADDUR,HORSEGRAM,horse gram,7562,129,2505,2634
2010,22,MANDYA,6,MADDUR,MOTH,moth bean,0,0,0,0
2010,22,MANDYA,6,MADDUR,SUGARCANE,sugarcane,14926,7954,0,7954
2010,22,MANDYA,6,MADDUR,PEPPER (BLACK),black pepper,0,0,0,0
2010,22,MANDYA,6,MADDUR,CHILLIES,chilli,0,0,0,0
2010,22,MANDYA,6,MADDUR,GINGER,ginger,0,0,0,0
2010,22,MANDYA,6,MADDUR,TURMERIC,turmeric,0,0,0,0
2010,22,MANDYA,6,MADDUR,BETELNUTS (ARECANUTS),arecanut,0,0,0,0
2010,22,MANDYA,6,MADDUR,MANGOES,mango,1524,22,1188,1210
2010,22,MANDYA,6,MADDUR,BANANA,banana,49,10,2,12
2010,22,MANDYA,6,MADDUR,TABLE GRAPES,grapes,0,0,0,0
2010,22,MANDYA,6,MADDUR,WINE GRAPES (BLACK),grapes,0,0,0,0
2010,22,MANDYA,6,MADDUR,CASHEWNUTS,cashewnut,0,0,0,0
2010,22,MANDYA,6,MADDUR,POTATO,potato,0,0,0,0
2010,22,MANDYA,6,MADDUR,TAPIOCA (CASSAVA),tapioca,0,0,0,0
2010,22,MANDYA,6,MADDUR,SWEET POTATO,sweet potato,0,0,0,0
2010,22,MANDYA,6,MADDUR,ONION,onion,0,0,0,0
2010,22,MANDYA,6,MADDUR,TOMATO,tomato,8,1,0,1
2010,22,MANDYA,6,MADDUR,GROUNDNUT,groundnut,1787,4,1042,1046
2010,22,MANDYA,6,MADDUR,CASTORSEED,castor,15,0,3,3
2010,22,MANDYA,6,MADDUR,SESAMUM (TIL),sesame,12,1,1,2
2010,22,MANDYA,6,MADDUR,RAPESEED & MUSTARD (TORIA/TARAMIRA),mustard,0,0,0,0
2010,22,MANDYA,6,MADDUR,LINSEED,linseed,21,0,10,10
2010,22,MANDYA,6,MADDUR,COCONUT,coconut,4346,836,1684,2520
2010,22,MANDYA,6,MADDUR,SUNFLOWER,sunflower,0,0,0,0
2010,22,MANDYA,6,MADDUR,SOYABEAN,soybean,0,0,0,0
2010,22,MANDYA,6,MADDUR,NIGERSEED,niger seed,16,4,0,4
2010,22,MANDYA,6,MADDUR,COTTON,cotton,0,0,0,0
2010,22,MANDYA,6,MADDUR,JUTE,jute,5,0,0,0
2010,22,MANDYA,6,MADDUR,MESTA,mesta,0,0,0,0
2010,22,MANDYA,6,MADDUR,TOBACCO,tobacco,0,0,0,0
2010,22,MANDYA,6,MADDUR,GUAR,guar,9,1,2,3
2010,22,MANDYA,6,MADDUR,COFFEE,coffee,0,0,0,0
2010,22,MANDYA,6,MADDUR,GROSS CROPPED AREA,,62416,22952,15872,38823
2010,22,MANDYA,7,MALAVALLI,PADDY,rice,11210,6349,481,6830
2010,22,MANDYA,7,MALAVALLI,JOWAR,jowar,8319,91,2019,2111
2010,22,MANDYA,7,MALAVALLI,BAJRA,bajra,37,0,2,2
2010,22,MANDYA,7,MALAVALLI,MAIZE,maize,1484,84,532,616
2010,22,MANDYA,7,MALAVALLI,RAGI,ragi,23234,1968,10969,12937
2010,22,MANDYA,7,MALAVALLI,WHEAT,wheat,33,7,2,9
2010,22,MANDYA,7,MALAVALLI,BARLEY,barley,0,0,0,0
2010,22,MANDYA,7,MALAVALLI,GRAM,chickpea,38,0,20,20
2010,22,MANDYA,7,MALAVALLI,TUR (ARHAR),pigeonpea (tur),1461,2,181,183
2010,22,MANDYA,7,MALAVALLI,URAD,black gram,36,0,3,3
2010,22,MANDYA,7,MALAVALLI,MOONG,green gram,13,0,2,2
2010,22,MANDYA,7,MALAVALLI,MASUR,lentil,37,0,16,16
2010,22,MANDYA,7,MALAVALLI,HORSEGRAM,horse gram,16092,306,7231,7537
2010,22,MANDYA,7,MALAVALLI,MOTH,moth bean,0,0,0,0
2010,22,MANDYA,7,MALAVALLI,SUGARCANE,sugarcane,3617,2998,0,2998
2010,22,MANDYA,7,MALAVALLI,PEPPER (BLACK),black pepper,0,0,0,0
2010,22,MANDYA,7,MALAVALLI,CHILLIES,chilli,26,0,1,1
2010,22,MANDYA,7,MALAVALLI,GINGER,ginger,4,0,0,0
2010,22,MANDYA,7,MALAVALLI,TURMERIC,turmeric,48,0,26,26
2010,22,MANDYA,7,MALAVALLI,BETELNUTS (ARECANUTS),arecanut,53,44,0,44
2010,22,MANDYA,7,MALAVALLI,MANGOES,mango,580,102,295,398
2010,22,MANDYA,7,MALAVALLI,BANANA,banana,807,533,29,562
2010,22,MANDYA,7,MALAVALLI,TABLE GRAPES,grapes,0,0,0,0
2010,22,MANDYA,7,MALAVALLI,WINE GRAPES (BLACK),grapes,0,0,0,0
2010,22,MANDYA,7,MALAVALLI,CASHEWNUTS,cashewnut,0,0,0,0
2010,22,MANDYA,7,MALAVALLI,POTATO,potato,0,0,0,0
2010,22,MANDYA,7,MALAVALLI,TAPIOCA (CASSAVA),tapioca,0,0,0,0
2010,22,MANDYA,7,MALAVALLI,SWEET POTATO,sweet potato,8,2,0,2
2010,22,MANDYA,7,MALAVALLI,ONION,onion,0,0,0,0
2010,22,MANDYA,7,MALAVALLI,TOMATO,tomato,1226,211,381,592
2010,22,MANDYA,7,MALAVALLI,GROUNDNUT,groundnut,2154,21,1528,1549
2010,22,MANDYA,7,MALAVALLI,CASTORSEED,castor,27,0,8,8
2010,22,MANDYA,7,MALAVALLI,SESAMUM (TIL),sesame,403,9,158,167
2010,22,MANDYA,7,MALAVALLI,RAPESEED & MUSTARD (TORIA/TARAMIRA),mustard,0,0,0,0
2010,22,MANDYA,7,MALAVALLI,LINSEED,linseed,14,2,7,8
2010,22,MANDYA,7,MALAVALLI,COCONUT,coconut,1397,488,260,748
2010,22,MANDYA,7,MALAVALLI,SUNFLOWER,sunflower,0,0,0,0
2010,22,MANDYA,7,MALAVALLI,SOYABEAN,soybean,0,0,0,0
2010,22,MANDYA,7,MALAVALLI,NIGERSEED,niger seed,302,2,35,37
2010,22,MANDYA,7,MALAVALLI,COTTON,cotton,0,0,0,0
2010,22,MANDYA,7,MALAVALLI,JUTE,jute,0,0,0,0
2010,22,MANDYA,7,MALAVALLI,MESTA,mesta,0,0,0,0
2010,22,MANDYA,7,MALAVALLI,TOBACCO,tobacco,0,0,0,0
2010,22,MANDYA,7,MALAVALLI,GUAR,guar,0,0,0,0
2010,22,MANDYA,7,MALAVALLI,COFFEE,coffee,0,0,0,0
2010,22,MANDYA,7,MALAVALLI,GROSS CROPPED AREA,,67923,15329,26067,41396
2010,22,MANDYA,5,MANDYA,PADDY,rice,29175,10753,1032,11786
2010,22,MANDYA,5,MANDYA,JOWAR,jowar,5176,155,1472,1627
2010,22,MANDYA,5,MANDYA,BAJRA,bajra,14,1,5,6
2010,22,MANDYA,5,MANDYA,MAIZE,maize,111,19,25,44
2010,22,MANDYA,5,MANDYA,RAGI,ragi,15673,294,9504,9798
2010,22,MANDYA,5,MANDYA,WHEAT,wheat,42,0,11,11
2010,22,MANDYA,5,MANDYA,BARLEY,barley,9,0,1,1
2010,22,MANDYA,5,MANDYA,GRAM,chickpea,34,1,9,11
2010,22,MANDYA,5,MANDYA,TUR (ARHAR),pigeonpea (tur),1735,15,740,756
2010,22,MANDYA,5,MANDYA,URAD,black gram,8,0,1,1
2010,22,MANDYA,5,MANDYA,MOONG,green gram,820,0,263,263
2010,22,MANDYA,5,MANDYA,MASUR,lentil,11,2,2,3
2010,22,MANDYA,5,MANDYA,HORSEGRAM,horse gram,10913,82,5291,5372
2010,22,MANDYA,5,MANDYA,MOTH,moth bean,0,0,0,0
2010,22,MANDYA,5,MANDYA,SUGARCANE,sugarcane,21946,13002,0,13002
2010,22,MANDYA,5,MANDYA,PEPPER (BLACK),black pepper,4,0,0,0
2010,22,MANDYA,5,MANDYA,CHILLIES,chilli,0,0,0,0
2010,22,MANDYA,5,MANDYA,GINGER,ginger,0,0,0,0
2010,22,MANDYA,5,MANDYA,TURMERIC,turmeric,0,0,0,0
2010,22,MANDYA,5,MANDYA,BETELNUTS (ARECANUTS),arecanut,10,2,0,2
2010,22,MANDYA,5,MANDYA,MANGOES,mango,166,6,95,101
2010,22,MANDYA,5,MANDYA,BANANA,banana,227,80,18,98
2010,22,MANDYA,5,MANDYA,TABLE GRAPES,grapes,0,0,0,0
2010,22,MANDYA,5,MANDYA,WINE GRAPES (BLACK),grapes,0,0,0,0
2010,22,MANDYA,5,MANDYA,CASHEWNUTS,cashewnut,0,0,0,0
2010,22,MANDYA,5,MANDYA,POTATO,potato,0,0,0,0
2010,22,MANDYA,5,MANDYA,TAPIOCA (CASSAVA),tapioca,4,0,0,0
2010,22,MANDYA,5,MANDYA,SWEET POTATO,sweet potato,0,0,0,0
2010,22,MANDYA,5,MANDYA,ONION,onion,21,8,2,10
2010,22,MANDYA,5,MANDYA,TOMATO,tomato,128,32,9,41
2010,22,MANDYA,5,MANDYA,GROUNDNUT,groundnut,237,1,61,62
2010,22,MANDYA,5,MANDYA,CASTORSEED,castor,24,0,2,2
2010,22,MANDYA,5,MANDYA,SESAMUM (TIL),sesame,27,0,5,5
2010,22,MANDYA,5,MANDYA,RAPESEED & MUSTARD (TORIA/TARAMIRA),mustard,0,0,0,0
2010,22,MANDYA,5,MANDYA,LINSEED,linseed,32,2,8,10
2010,22,MANDYA,5,MANDYA,COCONUT,coconut,4994,440,1445,1885
2010,22,MANDYA,5,MANDYA,SUNFLOWER,sunflower,0,0,0,0
2010,22,MANDYA,5,MANDYA,SOYABEAN,soybean,47,0,13,13
2010,22,MANDYA,5,MANDYA,NIGERSEED,niger seed,21,5,1,6
2010,22,MANDYA,5,MANDYA,COTTON,cotton,0,0,0,0
2010,22,MANDYA,5,MANDYA,JUTE,jute,0,0,0,0
2010,22,MANDYA,5,MANDYA,MESTA,mesta,0,0,0,0
2010,22,MANDYA,5,MANDYA,TOBACCO,tobacco,0,0,0,0
2010,22,MANDYA,5,MANDYA,GUAR,guar,6,2,0,2
2010,22,MANDYA,5,MANDYA,COFFEE,coffee,0,0,0,0
2010,22,MANDYA,5,MANDYA,GROSS CROPPED AREA,,74604,25860,21210,47069
2010,22,MANDYA,2,NAGAMANGALA,PADDY,rice,10688,3211,585,3796
2010,22,MANDYA,2,NAGAMANGALA,JOWAR,jowar,9358,96,1405,1502
2010,22,MANDYA,2,NAGAMANGALA,BAJRA,bajra,55,0,4,4
2010,22,MANDYA,2,NAGAMANGALA,MAIZE,maize,344,10,21,31
2010,22,MANDYA,2,NAGAMANGALA,RAGI,ragi,42078,1346,23509,24855
2010,22,MANDYA,2,NAGAMANGALA,WHEAT,wheat,781,24,255,279
2010,22,MANDYA,2,NAGAMANGALA,BARLEY,barley,11,0,6,6
2010,22,MANDYA,2,NAGAMANGALA,GRAM,chickpea,0,0,0,0
2010,22,MANDYA,2,NAGAMANGALA,TUR (ARHAR),pigeonpea (tur),5555,25,785,810
2010,22,MANDYA,2,NAGAMANGALA,URAD,black gram,64,0,21,21
2010,22,MANDYA,2,NAGAMANGALA,MOONG,green gram,129,0,19,19
2010,22,MANDYA,2,NAGAMANGALA,MASUR,lentil,69,2,27,29
2010,22,MANDYA,2,NAGAMANGALA,HORSEGRAM,horse gram,26571,104,9879,9983
2010,22,MANDYA,2,NAGAMANGALA,MOTH,moth bean,16,0,2,2
2010,22,MANDYA,2,NAGAMANGALA,SUGARCANE,sugarcane,137,117,0,117
2010,22,MANDYA,2,NAGAMANGALA,PEPPER (BLACK),black pepper,0,0,0,0
2010,22,MANDYA,2,NAGAMANGALA,CHILLIES,chilli,6,0,2,2
2010,22,MANDYA,2,NAGAMANGALA,GINGER,ginger,0,0,0,0
2010,22,MANDYA,2,NAGAMANGALA,TURMERIC,turmeric,0,0,0,0
2010,22,MANDYA,2,NAGAMANGALA,BETELNUTS (ARECANUTS),arecanut,194,18,22,40
2010,22,MANDYA,2,NAGAMANGALA,MANGOES,mango,33,0,9,9
2010,22,MANDYA,2,NAGAMANGALA,BANANA,banana,317,69,29,98
2010,22,MANDYA,2,NAGAMANGALA,TABLE GRAPES,grapes,6,0,1,1
2010,22,MANDYA,2,NAGAMANGALA,WINE GRAPES (BLACK),grapes,0,0,0,0
2010,22,MANDYA,2,NAGAMANGALA,CASHEWNUTS,cashewnut,0,0,0,0
2010,22,MANDYA,2,NAGAMANGALA,POTATO,potato,251,83,0,83
2010,22,MANDYA,2,NAGAMANGALA,TAPIOCA (CASSAVA),tapioca,28,4,2,7
2010,22,MANDYA,2,NAGAMANGALA,SWEET POTATO,sweet potato,6,2,0,2
2010,22,MANDYA,2,NAGAMANGALA,ONION,onion,221,45,16,61
2010,22,MANDYA,2,NAGAMANGALA,TOMATO,tomato,1321,412,27,439
2010,22,MANDYA,2,NAGAMANGALA,GROUNDNUT,groundnut,11,3,2,4
2010,22,MANDYA,2,NAGAMANGALA,CASTORSEED,castor,474,4,90,94
2010,22,MANDYA,2,NAGAMANGALA,SESAMUM (TIL),sesame,1019,2,224,226
2010,22,MANDYA,2,NAGAMANGALA,RAPESEED & MUSTARD (TORIA/TARAMIRA),mustard,12,0,5,5
2010,22,MANDYA,2,NAGAMANGALA,LINSEED,linseed,63,17,19,36
2010,22,MANDYA,2,NAGAMANGALA,COCONUT,coconut,20543,5465,6089,11554
2010,22,MANDYA,2,NAGAMANGALA,SUNFLOWER,sunflower,0,0,0,0
2010,22,MANDYA,2,NAGAMANGALA,SOYABEAN,soybean,952,4,169,174
2010,22,MANDYA,2,NAGAMANGALA,NIGERSEED,niger seed,1966,18,251,269
2010,22,MANDYA,2,NAGAMANGALA,COTTON,cotton,0,0,0,0
2010,22,MANDYA,2,NAGAMANGALA,JUTE,jute,7,0,1,1
2010,22,MANDYA,2,NAGAMANGALA,MESTA,mesta,0,0,0,0
2010,22,MANDYA,2,NAGAMANGALA,TOBACCO,tobacco,11,2,0,2
2010,22,MANDYA,2,NAGAMANGALA,GUAR,guar,0,0,0,0
2010,22,MANDYA,2,NAGAMANGALA,COFFEE,coffee,0,0,0,0
2010,22,MANDYA,2,NAGAMANGALA,GROSS CROPPED AREA,,62320,11661,45404,57065
2010,22,MANDYA,3,PANDAVAPURA,PADDY,rice,7508,2966,418,3385
2010,22,MANDYA,3,PANDAVAPURA,JOWAR,jowar,1643,52,346,397
2010,22,MANDYA,3,PANDAVAPURA,BAJRA,bajra,4,0,1,1
2010,22,MANDYA,3,PANDAVAPURA,MAIZE,maize,41,20,4,24
2010,22,MANDYA,3,PANDAVAPURA,RAGI,ragi,12708,437,5888,6325
2010,22,MANDYA,3,PANDAVAPURA,WHEAT,wheat,91,7,59,66
2010,22,MANDYA,3,PANDAVAPURA,BARLEY,barley,15,0,3,3
2010,22,MANDYA,3,PANDAVAPURA,GRAM,chickpea,7,0,1,1
2010,22,MANDYA,3,PANDAVAPURA,TUR (ARHAR),pigeonpea (tur),1536,17,366,384
2010,22,MANDYA,3,PANDAVAPURA,URAD,black gram,25,2,7,9
2010,22,MANDYA,3,PANDAVAPURA,MOONG,green gram,4,0,4,4
2010,22,MANDYA,3,PANDAVAPURA,MASUR,lentil,365,0,98,98
2010,22,MANDYA,3,PANDAVAPURA,HORSEGRAM,horse gram,9082,94,4229,4323
2010,22,MANDYA,3,PANDAVAPURA,MOTH,moth bean,3,0,2,2
2010,22,MANDYA,3,PANDAVAPURA,SUGARCANE,sugarcane,6735,3801,0,3801
2010,22,MANDYA,3,PANDAVAPURA,PEPPER (BLACK),black pepper,0,0,0,0
2010,22,MANDYA,3,PANDAVAPURA,CHILLIES,chilli,218,15,18,33
2010,22,MANDYA,3,PANDAVAPURA,GINGER,ginger,0,0,0,0
2010,22,MANDYA,3,PANDAVAPURA,TURMERIC,turmeric,9,1,1,1
2010,22,MANDYA,3,PANDAVAPURA,BETELNUTS (ARECANUTS),arecanut,48,3,25,27
2010,22,MANDYA,3,PANDAVAPURA,MANGOES,mango,202,170,145,315
2010,22,MANDYA,3,PANDAVAPURA,BANANA,banana,333,160,8,168
2010,22,MANDYA,3,PANDAVAPURA,TABLE GRAPES,grapes,7,1,1,2
2010,22,MANDYA,3,PANDAVAPURA,WINE GRAPES (BLACK),grapes,0,0,0,0
2010,22,MANDYA,3,PANDAVAPURA,CASHEWNUTS,cashewnut,0,0,0,0
2010,22,MANDYA,3,PANDAVAPURA,POTATO,potato,0,0,0,0
2010,22,MANDYA,3,PANDAVAPURA,TAPIOCA (CASSAVA),tapioca,0,0,0,0
2010,22,MANDYA,3,PANDAVAPURA,SWEET POTATO,sweet potato,66,1,19,20
2010,22,MANDYA,3,PANDAVAPURA,ONION,onion,21,1,2,3
2010,22,MANDYA,3,PANDAVAPURA,TOMATO,tomato,2392,1530,134,1664
2010,22,MANDYA,3,PANDAVAPURA,GROUNDNUT,groundnut,0,0,0,0
2010,22,MANDYA,3,PANDAVAPURA,CASTORSEED,castor,236,5,53,59
2010,22,MANDYA,3,PANDAVAPURA,SESAMUM (TIL),sesame,51,0,12,12
2010,22,MANDYA,3,PANDAVAPURA,RAPESEED & MUSTARD (TORIA/TARAMIRA),mustard,4,0,3,3
2010,22,MANDYA,3,PANDAVAPURA,LINSEED,linseed,14,0,6,6
2010,22,MANDYA,3,PANDAVAPURA,COCONUT,coconut,2686,565,1492,2056
2010,22,MANDYA,3,PANDAVAPURA,SUNFLOWER,sunflower,3,0,0,0
2010,22,MANDYA,3,PANDAVAPURA,SOYABEAN,soybean,0,0,0,0
2010,22,MANDYA,3,PANDAVAPURA,NIGERSEED,niger seed,459,15,89,105
2010,22,MANDYA,3,PANDAVAPURA,COTTON,cotton,0,0,0,0
2010,22,MANDYA,3,PANDAVAPURA,JUTE,jute,0,0,0,0
2010,22,MANDYA,3,PANDAVAPURA,MESTA,mesta,0,0,0,0
2010,22,MANDYA,3,PANDAVAPURA,TOBACCO,tobacco,0,0,0,0
2010,22,MANDYA,3,PANDAVAPURA,GUAR,guar,0,0,0,0
2010,22,MANDYA,3,PANDAVAPURA,COFFEE,coffee,0,0,0,0
2010,22,MANDYA,3,PANDAVAPURA,GROSS CROPPED AREA,,31762,11050,14135,25185
2010,22,MANDYA,4,SRIRANGAPATNA,PADDY,rice,19083,10354,770,11124
2010,22,MANDYA,4,SRIRANGAPATNA,JOWAR,jowar,131,0,43,43
2010,22,MANDYA,4,SRIRANGAPATNA,BAJRA,bajra,7,10,0,10
2010,22,MANDYA,4,SRIRANGAPATNA,MAIZE,maize,5,8,0,8
2010,22,MANDYA,4,SRIRANGAPATNA,RAGI,ragi,8527,361,4361,4721
2010,22,MANDYA,4,SRIRANGAPATNA,WHEAT,wheat,28,7,5,12
2010,22,MANDYA,4,SRIRANGAPATNA,BARLEY,barley,0,0,0,0
2010,22,MANDYA,4,SRIRANGAPATNA,GRAM,chickpea,0,0,0,0
2010,22,MANDYA,4,SRIRANGAPATNA,TUR (ARHAR),pigeonpea (tur),26,0,4,4
2010,22,MANDYA,4,SRIRANGAPATNA,URAD,black gram,6,5,0,5
2010,22,MANDYA,4,SRIRANGAPATNA,MOONG,green gram,0,0,0,0
2010,22,MANDYA,4,SRIRANGAPATNA,MASUR,lentil,4,0,1,1
2010,22,MANDYA,4,SRIRANGAPATNA,HORSEGRAM,horse gram,4324,57,2443,2501
2010,22,MANDYA,4,SRIRANGAPATNA,MOTH,moth bean,0,0,0,0
2010,22,MANDYA,4,SRIRANGAPATNA,SUGARCANE,sugarcane,5719,3465,0,3465
2010,22,MANDYA,4,SRIRANGAPATNA,PEPPER (BLACK),black pepper,0,0,0,0
2010,22,MANDYA,4,SRIRANGAPATNA,CHILLIES,chilli,0,0,0,0
2010,22,MANDYA,4,SRIRANGAPATNA,GINGER,ginger,14,8,0,8
2010,22,MANDYA,4,SRIRANGAPATNA,TURMERIC,turmeric,0,0,0,0
2010,22,MANDYA,4,SRIRANGAPATNA,BETELNUTS (ARECANUTS),arecanut,26,39,0,39
2010,22,MANDYA,4,SRIRANGAPATNA,MANGOES,mango,31,5,6,11
2010,22,MANDYA,4,SRIRANGAPATNA,BANANA,banana,37,35,0,35
2010,22,MANDYA,4,SRIRANGAPATNA,TABLE GRAPES,grapes,0,0,0,0
2010,22,MANDYA,4,SRIRANGAPATNA,WINE GRAPES (BLACK),grapes,0,0,0,0
2010,22,MANDYA,4,SRIRANGAPATNA,CASHEWNUTS,cashewnut,0,0,0,0
2010,22,MANDYA,4,SRIRANGAPATNA,POTATO,potato,0,0,0,0
2010,22,MANDYA,4,SRIRANGAPATNA,TAPIOCA (CASSAVA),tapioca,0,0,0,0
2010,22,MANDYA,4,SRIRANGAPATNA,SWEET POTATO,sweet potato,0,0,0,0
2010,22,MANDYA,4,SRIRANGAPATNA,ONION,onion,0,0,0,0
2010,22,MANDYA,4,SRIRANGAPATNA,TOMATO,tomato,123,5,19,24
2010,22,MANDYA,4,SRIRANGAPATNA,GROUNDNUT,groundnut,0,0,0,0
2010,22,MANDYA,4,SRIRANGAPATNA,CASTORSEED,castor,0,0,0,0
2010,22,MANDYA,4,SRIRANGAPATNA,SESAMUM (TIL),sesame,0,0,0,0
2010,22,MANDYA,4,SRIRANGAPATNA,RAPESEED & MUSTARD (TORIA/TARAMIRA),mustard,0,0,0,0
2010,22,MANDYA,4,SRIRANGAPATNA,LINSEED,linseed,4,0,1,1
2010,22,MANDYA,4,SRIRANGAPATNA,COCONUT,coconut,843,385,21,406
2010,22,MANDYA,4,SRIRANGAPATNA,SUNFLOWER,sunflower,0,0,0,0
2010,22,MANDYA,4,SRIRANGAPATNA,SOYABEAN,soybean,0,0,0,0
2010,22,MANDYA,4,SRIRANGAPATNA,NIGERSEED,niger seed,0,0,0,0
2010,22,MANDYA,4,SRIRANGAPATNA,COTTON,cotton,0,0,0,0
2010,22,MANDYA,4,SRIRANGAPATNA,JUTE,jute,0,0,0,0
2010,22,MANDYA,4,SRIRANGAPATNA,MESTA,mesta,0,0,0,0
2010,22,MANDYA,4,SRIRANGAPATNA,TOBACCO,tobacco,0,0,0,0
2010,22,MANDYA,4,SRIRANGAPATNA,GUAR,guar,4,3,0,3
2010,22,MANDYA,4,SRIRANGAPATNA,COFFEE,coffee,0,0,0,0
2010,22,MANDYA,4,SRIRANGAPATNA,GROSS CROPPED AREA,,32826,14855,7736,22591
2010,26,MYSORE,5,H.D. KOTE,PADDY,rice,8979,8466,1568,10034
2010,26,MYSORE,5,H.D. KOTE,JOWAR,jowar,1057,92,718,810
2010,26,MYSORE,5,H.D. KOTE,BAJRA,bajra,33,0,37,37
2010,26,MYSORE,5,H.D. KOTE,MAIZE,maize,139,13,134,148
2010,26,MYSORE,5,H.D. KOTE,RAGI,ragi,16564,2332,9634,11966
2010,26,MYSORE,5,H.D. KOTE,WHEAT,wheat,42,0,32,32
2010,26,MYSORE,5,H.D. KOTE,BARLEY,barley,0,0,0,0
2010,26,MYSORE,5,H.D. KOTE,GRAM,chickpea,12,0,17,17
2010,26,MYSORE,5,H.D. KOTE,TUR (ARHAR),pigeonpea (tur),1557,3,524,527
2010,26,MYSORE,5,H.D. KOTE,URAD,black gram,3,0,0,0
2010,26,MYSORE,5,H.D. KOTE,MOONG,green gram,0,0,0,0
2010,26,MYSORE,5,H.D. KOTE,MASUR,lentil,0,0,0,0
2010,26,MYSORE,5,H.D. KOTE,HORSEGRAM,horse gram,4978,889,2050,2940
2010,26,MYSORE,5,H.D. KOTE,MOTH,moth bean,0,0,0,0
2010,26,MYSORE,5,H.D. KOTE,SUGARCANE,sugarcane,3490,4073,0,4073
2010,26,MYSORE,5,H.D. KOTE,PEPPER (BLACK),black pepper,83,47,8,55
2010,26,MYSORE,5,H.D. KOTE,CHILLIES,chilli,36,3,3,6
2010,26,MYSORE,5,H.D. KOTE,GINGER,ginger,622,406,49,454
2010,26,MYSORE,5,H.D. KOTE,TURMERIC,turmeric,1308,520,464,984
2010,26,MYSORE,5,H.D. KOTE,BETELNUTS (ARECANUTS),arecanut,121,46,33,80
2010,26,MYSORE,5,H.D. KOTE,MANGOES,mango,222,76,100,177
2010,26,MYSORE,5,H.D. KOTE,BANANA,banana,1157,1058,215,1273
2010,26,MYSORE,5,H.D. KOTE,TABLE GRAPES,grapes,0,0,0,0
2010,26,MYSORE,5,H.D. KOTE,WINE GRAPES (BLACK),grapes,0,0,0,0
2010,26,MYSORE,5,H.D. KOTE,CASHEWNUTS,cashewnut,0,0,0,0
2010,26,MYSORE,5,H.D. KOTE,POTATO,potato,0,0,0,0
2010,26,MYSORE,5,H.D. KOTE,TAPIOCA (CASSAVA),tapioca,38,4,8,12
2010,26,MYSORE,5,H.D. KOTE,SWEET POTATO,sweet potato,0,0,0,0
2010,26,MYSORE,5,H.D. KOTE,ONION,onion,0,0,0,0
2010,26,MYSORE,5,H.D. KOTE,TOMATO,tomato,108,37,4,41
2010,26,MYSORE,5,H.D. KOTE,GROUNDNUT,groundnut,50,0,20,20
2010,26,MYSORE,5,H.D. KOTE,CASTORSEED,castor,247,2,36,38
2010,26,MYSORE,5,H.D. KOTE,SESAMUM (TIL),sesame,3425,2,2134,2136
2010,26,MYSORE,5,H.D. KOTE,RAPESEED & MUSTARD (TORIA/TARAMIRA),mustard,4,0,2,2
2010,26,MYSORE,5,H.D. KOTE,LINSEED,linseed,3,0,1,1
2010,26,MYSORE,5,H.D. KOTE,COCONUT,coconut,1430,1229,317,1546
2010,26,MYSORE,5,H.D. KOTE,SUNFLOWER,sunflower,0,0,0,0
2010,26,MYSORE,5,H.D. KOTE,SOYABEAN,soybean,0,0,0,0
2010,26,MYSORE,5,H.D. KOTE,NIGERSEED,niger seed,0,0,0,0
2010,26,MYSORE,5,H.D. KOTE,COTTON,cotton,20515,1669,16367,18036
2010,26,MYSORE,5,H.D. KOTE,JUTE,jute,30,1,14,16
2010,26,MYSORE,5,H.D. KOTE,MESTA,mesta,17,0,29,29
2010,26,MYSORE,5,H.D. KOTE,TOBACCO,tobacco,2734,1655,2051,3707
2010,26,MYSORE,5,H.D. KOTE,GUAR,guar,0,0,0,0
2010,26,MYSORE,5,H.D. KOTE,COFFEE,coffee,45,7,36,43
2010,26,MYSORE,5,H.D. KOTE,GROSS CROPPED AREA,,47231,22799,37707,60505
2010,26,MYSORE,2,HUNSUR,PADDY,rice,9414,7269,2190,9459
2010,26,MYSORE,2,HUNSUR,JOWAR,jowar,1505,270,1254,1525
2010,26,MYSORE,2,HUNSUR,BAJRA,bajra,24,8,0,8
2010,26,MYSORE,2,HUNSUR,MAIZE,maize,4175,405,3376,3781
2010,26,MYSORE,2,HUNSUR,RAGI,ragi,12532,2391,8279,10670
2010,26,MYSORE,2,HUNSUR,WHEAT,wheat,61,33,32,65
2010,26,MYSORE,2,HUNSUR,BARLEY,barley,0,0,0,0
2010,26,MYSORE,2,HUNSUR,GRAM,chickpea,4,0,17,17
2010,26,MYSORE,2,HUNSUR,TUR (ARHAR),pigeonpea (tur),242,1,44,45
2010,26,MYSORE,2,HUNSUR,URAD,black gram,0,0,0,0
2010,26,MYSORE,2,HUNSUR,MOONG,green gram,17,1,6,7
2010,26,MYSORE,2,HUNSUR,MASUR,lentil,3,0,4,4
2010,26,MYSORE,2,HUNSUR,HORSEGRAM,horse gram,2797,21,1753,1774
2010,26,MYSORE,2,HUNSUR,MOTH,moth bean,0,0,0,0
2010,26,MYSORE,2,HUNSUR,SUGARCANE,sugarcane,334,356,0,356
2010,26,MYSORE,2,HUNSUR,PEPPER (BLACK),black pepper,11,8,0,8
2010,26,MYSORE,2,HUNSUR,CHILLIES,chilli,36,2,10,12
2010,26,MYSORE,2,HUNSUR,GINGER,ginger,147,104,75,179
2010,26,MYSORE,2,HUNSUR,TURMERIC,turmeric,752,488,43,531
2010,26,MYSORE,2,HUNSUR,BETELNUTS (ARECANUTS),arecanut,162,83,18,101
2010,26,MYSORE,2,HUNSUR,MANGOES,mango,230,29,138,167
2010,26,MYSORE,2,HUNSUR,BANANA,banana,841,419,506,925
2010,26,MYSORE,2,HUNSUR,TABLE GRAPES,grapes,3,2,0,2
2010,26,MYSORE,2,HUNSUR,WINE GRAPES (BLACK),grapes,0,0,0,0
2010,26,MYSORE,2,HUNSUR,CASHEWNUTS,cashewnut,0,0,0,0
2010,26,MYSORE,2,HUNSUR,POTATO,potato,15,1,14,15
2010,26,MYSORE,2,HUNSUR,TAPIOCA (CASSAVA),tapioca,0,0,0,0
2010,26,MYSORE,2,HUNSUR,SWEET POTATO,sweet potato,6,0,0,0
2010,26,MYSORE,2,HUNSUR,ONION,onion,0,0,0,0
2010,26,MYSORE,2,HUNSUR,TOMATO,tomato,1172,453,302,755
2010,26,MYSORE,2,HUNSUR,GROUNDNUT,groundnut,330,8,171,179
2010,26,MYSORE,2,HUNSUR,CASTORSEED,castor,88,2,8,10
2010,26,MYSORE,2,HUNSUR,SESAMUM (TIL),sesame,1852,8,881,889
2010,26,MYSORE,2,HUNSUR,RAPESEED & MUSTARD (TORIA/TARAMIRA),mustard,0,0,0,0
2010,26,MYSORE,2,HUNSUR,LINSEED,linseed,65,0,30,30
2010,26,MYSORE,2,HUNSUR,COCONUT,coconut,3831,1466,2184,3650
2010,26,MYSORE,2,HUNSUR,SUNFLOWER,sunflower,0,0,0,0
2010,26,MYSORE,2,HUNSUR,SOYABEAN,soybean,3,0,5,5
2010,26,MYSORE,2,HUNSUR,NIGERSEED,niger seed,4,0,0,0
2010,26,MYSORE,2,HUNSUR,COTTON,cotton,2357,34,1613,1647
2010,26,MYSORE,2,HUNSUR,JUTE,jute,3,0,1,1
2010,26,MYSORE,2,HUNSUR,MESTA,mesta,7,2,1,3
2010,26,MYSORE,2,HUNSUR,TOBACCO,tobacco,21489,4104,21681,25784
2010,26,MYSORE,2,HUNSUR,GUAR,guar,3,0,3,3
2010,26,MYSORE,2,HUNSUR,COFFEE,coffee,0,0,0,0
2010,26,MYSORE,2,HUNSUR,GROSS CROPPED AREA,,52526,18185,45819,64004
2010,26,MYSORE,3,K.R. NAGARA,PADDY,rice,26502,15814,2107,17921
2010,26,MYSORE,3,K.R. NAGARA,JOWAR,jowar,318,51,34,86
2010,26,MYSORE,3,K.R. NAGARA,BAJRA,bajra,14,0,8,8
2010,26,MYSORE,3,K.R. NAGARA,MAIZE,maize,270,0,237,237
2010,26,MYSORE,3,K.R. NAGARA,RAGI,ragi,12938,3027,5177,8204
2010,26,MYSORE,3,K.R. NAGARA,WHEAT,wheat,42,0,25,25
2010,26,MYSORE,3,K.R. NAGARA,BARLEY,barley,0,0,0,0
2010,26,MYSORE,3,K.R. NAGARA,GRAM,chickpea,28,6,7,14
2010,26,MYSORE,3,K.R. NAGARA,TUR (ARHAR),pigeonpea (tur),33,0,9,9
2010,26,MYSORE,3,K.R. NAGARA,URAD,black gram,3,3,0,3
2010,26,MYSORE,3,K.R. NAGARA,MOONG,green gram,11,0,6,6
2010,26,MYSORE,3,K.R. NAGARA,MASUR,lentil,0,0,0,0
2010,26,MYSORE,3,K.R. NAGARA,HORSEGRAM,horse gram,7393,1569,3741,5310
2010,26,MYSORE,3,K.R. NAGARA,MOTH,moth bean,2,1,0,1
2010,26,MYSORE,3,K.R. NAGARA,SUGARCANE,sugarcane,2951,2311,0,2311
2010,26,MYSORE,3,K.R. NAGARA,PEPPER (BLACK),black pepper,0,0,0,0
2010,26,MYSORE,3,K.R. NAGARA,CHILLIES,chilli,0,0,0,0
2010,26,MYSORE,3,K.R. NAGARA,GINGER,ginger,46,42,0,42
2010,26,MYSORE,3,K.R. NAGARA,TURMERIC,turmeric,393,253,3,256
2010,26,MYSORE,3,K.R. NAGARA,BETELNUTS (ARECANUTS),arecanut,213,23,3,26
2010,26,MYSORE,3,K.R. NAGARA,MANGOES,mango,4,0,0,0
2010,26,MYSORE,3,K.R. NAGARA,BANANA,banana,1235,846,215,1061
2010,26,MYSORE,3,K.R. NAGARA,TABLE GRAPES,grapes,0,0,0,0
2010,26,MYSORE,3,K.R. NAGARA,WINE GRAPES (BLACK),grapes,0,0,0,0
2010,26,MYSORE,3,K.R. NAGARA,CASHEWNUTS,cashewnut,0,0,0,0
2010,26,MYSORE,3,K.R. NAGARA,POTATO,potato,0,0,0,0
2010,26,MYSORE,3,K.R. NAGARA,TAPIOCA (CASSAVA),tapioca,0,0,0,0
2010,26,MYSORE,3,K.R. NAGARA,SWEET POTATO,sweet potato,0,0,0,0
2010,26,MYSORE,3,K.R. NAGARA,ONION,onion,0,0,0,0
2010,26,MYSORE,3,K.R. NAGARA,TOMATO,tomato,117,28,1,29
2010,26,MYSORE,3,K.R. NAGARA,GROUNDNUT,groundnut,0,0,0,0
2010,26,MYSORE,3,K.R. NAGARA,CASTORSEED,castor,0,0,0,0
2010,26,MYSORE,3,K.R. NAGARA,SESAMUM (TIL),sesame,720,14,371,385
2010,26,MYSORE,3,K.R. NAGARA,RAPESEED & MUSTARD (TORIA/TARAMIRA),mustard,0,0,0,0
2010,26,MYSORE,3,K.R. NAGARA,LINSEED,linseed,99,0,61,61
2010,26,MYSORE,3,K.R. NAGARA,COCONUT,coconut,1438,622,80,703
2010,26,MYSORE,3,K.R. NAGARA,SUNFLOWER,sunflower,9,0,3,3
2010,26,MYSORE,3,K.R. NAGARA,SOYABEAN,soybean,0,0,0,0
2010,26,MYSORE,3,K.R. NAGARA,NIGERSEED,niger seed,18,2,8,10
2010,26,MYSORE,3,K.R. NAGARA,COTTON,cotton,657,358,34,393
2010,26,MYSORE,3,K.R. NAGARA,JUTE,jute,0,0,0,0
2010,26,MYSORE,3,K.R. NAGARA,MESTA,mesta,0,0,0,0
2010,26,MYSORE,3,K.R. NAGARA,TOBACCO,tobacco,9927,1206,7227,8433
2010,26,MYSORE,3,K.R. NAGARA,GUAR,guar,5,2,0,2
2010,26,MYSORE,3,K.R. NAGARA,COFFEE,coffee,8,0,4,4
2010,26,MYSORE,3,K.R. NAGARA,GROSS CROPPED AREA,,55535,26220,19654,45874
2010,26,MYSORE,4,MYSORE,PADDY,rice,17379,15080,808,15888
2010,26,MYSORE,4,MYSORE,JOWAR,jowar,3961,36,2638,2674
2010,26,MYSORE,4,MYSORE,BAJRA,bajra,17,9,14,23
2010,26,MYSORE,4,MYSORE,MAIZE,maize,126,8,67,76
2010,26,MYSORE,4,MYSORE,RAGI,ragi,7254,938,4503,5442
2010,26,MYSORE,4,MYSORE,WHEAT,wheat,16,18,0,18
2010,26,MYSORE,4,MYSORE,BARLEY,barley,0,0,0,0
2010,26,MYSORE,4,MYSORE,GRAM,chickpea,21,3,8,11
2010,26,MYSORE,4,MYSORE,TUR (ARHAR),pigeonpea (tur),49,0,14,14
2010,26,MYSORE,4,MYSORE,URAD,black gram,88,5,17,22
2010,26,MYSORE,4,MYSORE,MOONG,green gram,93,1,22,23
2010,26,MYSORE,4,MYSORE,MASUR,lentil,3,0,1,1
2010,26,MYSORE,4,MYSORE,HORSEGRAM,horse gram,8587,4440,3661,8101
2010,26,MYSORE,4,MYSORE,MOTH,moth bean,0,0,0,0
2010,26,MYSORE,4,MYSORE,SUGARCANE,sugarcane,1135,1289,0,1289
2010,26,MYSORE,4,MYSORE,PEPPER (BLACK),black pepper,0,0,0,0
2010,26,MYSORE,4,MYSORE,CHILLIES,chilli,0,0,0,0
2010,26,MYSORE,4,MYSORE,GINGER,ginger,0,0,0,0
2010,26,MYSORE,4,MYSORE,TURMERIC,turmeric,0,0,0,0
2010,26,MYSORE,4,MYSORE,BETELNUTS (ARECANUTS),arecanut,4,2,0,2
2010,26,MYSORE,4,MYSORE,MANGOES,mango,134,17,80,98
2010,26,MYSORE,4,MYSORE,BANANA,banana,1386,800,436,1236
2010,26,MYSORE,4,MYSORE,TABLE GRAPES,grapes,0,0,0,0
2010,26,MYSORE,4,MYSORE,WINE GRAPES (BLACK),grapes,0,0,0,0
2010,26,MYSORE,4,MYSORE,CASHEWNUTS,cashewnut,0,0,0,0
2010,26,MYSORE,4,MYSORE,POTATO,potato,0,0,0,0
2010,26,MYSORE,4,MYSORE,TAPIOCA (CASSAVA),tapioca,0,0,0,0
2010,26,MYSORE,4,MYSORE,SWEET POTATO,sweet potato,0,0,0,0
2010,26,MYSORE,4,MYSORE,ONION,onion,0,0,0,0
2010,26,MYSORE,4,MYSORE,TOMATO,tomato,1373,618,402,1020
2010,26,MYSORE,4,MYSORE,GROUNDNUT,groundnut,21,5,0,5
2010,26,MYSORE,4,MYSORE,CASTORSEED,castor,8,0,1,1
2010,26,MYSORE,4,MYSORE,SESAMUM (TIL),sesame,4198,14,2903,2917
2010,26,MYSORE,4,MYSORE,RAPESEED & MUSTARD (TORIA/TARAMIRA),mustard,0,0,0,0
2010,26,MYSORE,4,MYSORE,LINSEED,linseed,25,0,35,35
2010,26,MYSORE,4,MYSORE,COCONUT,coconut,4885,3214,943,4157
2010,26,MYSORE,4,MYSORE,SUNFLOWER,sunflower,7,0,3,3
2010,26,MYSORE,4,MYSORE,SOYABEAN,soybean,0,0,0,0
2010,26,MYSORE,4,MYSORE,NIGERSEED,niger seed,0,0,0,0
2010,26,MYSORE,4,MYSORE,COTTON,cotton,1606,1238,293,1531
2010,26,MYSORE,4,MYSORE,JUTE,jute,0,0,0,0
2010,26,MYSORE,4,MYSORE,MESTA,mesta,0,0,0,0
2010,26,MYSORE,4,MYSORE,TOBACCO,tobacco,198,0,201,201
2010,26,MYSORE,4,MYSORE,GUAR,guar,0,0,0,0
2010,26,MYSORE,4,MYSORE,COFFEE,coffee,0,0,0,0
2010,26,MYSORE,4,MYSORE,GROSS CROPPED AREA,,50981,28120,18132,46252
2010,26,MYSORE,6,NANJANGUD,PADDY,rice,21344,22767,645,23413
2010,26,MYSORE,6,NANJANGUD,JOWAR,jowar,20143,175,14953,15128
2010,26,MYSORE,6,NANJANGUD,BAJRA,bajra,91,0,73,73
2010,26,MYSORE,6,NANJANGUD,MAIZE,maize,74,9,61,70
2010,26,MYSORE,6,NANJANGUD,RAGI,ragi,11301,1046,9234,10279
2010,26,MYSORE,6,NANJANGUD,WHEAT,wheat,171,11,101,112
2010,26,MYSORE,6,NANJANGUD,BARLEY,barley,0,0,0,0
2010,26,MYSORE,6,NANJANGUD,GRAM,chickpea,374,5,198,203
2010,26,MYSORE,6,NANJANGUD,TUR (ARHAR),pigeonpea (tur),2413,20,1264,1284
2010,26,MYSORE,6,NANJANGUD,URAD,black gram,2000,213,1018,1232
2010,26,MYSORE,6,NANJANGUD,MOONG,green gram,1488,60,1101,1161
2010,26,MYSORE,6,NANJANGUD,MASUR,lentil,429,0,258,258
2010,26,MYSORE,6,NANJANGUD,HORSEGRAM,horse gram,6618,75,4405,4480
2010,26,MYSORE,6,NANJANGUD,MOTH,moth bean,3,0,0,0
2010,26,MYSORE,6,NANJANGUD,SUGARCANE,sugarcane,1960,2367,0,2367
2010,26,MYSORE,6,NANJANGUD,PEPPER (BLACK),black pepper,8,15,0,15
2010,26,MYSORE,6,NANJANGUD,CHILLIES,chilli,5,0,1,1
2010,26,MYSORE,6,NANJANGUD,GINGER,ginger,23,29,0,29
2010,26,MYSORE,6,NANJANGUD,TURMERIC,turmeric,883,1160,79,1239
2010,26,MYSORE,6,NANJANGUD,BETELNUTS (ARECANUTS),arecanut,13,2,9,10
2010,26,MYSORE,6,NANJANGUD,MANGOES,mango,19,33,0,33
2010,26,MYSORE,6,NANJANGUD,BANANA,banana,1594,1598,31,1630
2010,26,MYSORE,6,NANJANGUD,TABLE GRAPES,grapes,0,0,0,0
2010,26,MYSORE,6,NANJANGUD,WINE GRAPES (BLACK),grapes,0,0,0,0
2010,26,MYSORE,6,NANJANGUD,CASHEWNUTS,cashewnut,0,0,0,0
2010,26,MYSORE,6,NANJANGUD,POTATO,potato,0,0,0,0
2010,26,MYSORE,6,NANJANGUD,TAPIOCA (CASSAVA),tapioca,0,0,0,0
2010,26,MYSORE,6,NANJANGUD,SWEET POTATO,sweet potato,0,0,0,0
2010,26,MYSORE,6,NANJANGUD,ONION,onion,0,0,0,0
2010,26,MYSORE,6,NANJANGUD,TOMATO,tomato,61,39,0,39
2010,26,MYSORE,6,NANJANGUD,GROUNDNUT,groundnut,1457,18,1121,1139
2010,26,MYSORE,6,NANJANGUD,CASTORSEED,castor,646,1,149,151
2010,26,MYSORE,6,NANJANGUD,SESAMUM (TIL),sesame,314,19,157,176
2010,26,MYSORE,6,NANJANGUD,RAPESEED & MUSTARD (TORIA/TARAMIRA),mustard,22,0,11,11
2010,26,MYSORE,6,NANJANGUD,LINSEED,linseed,7,3,0,3
2010,26,MYSORE,6,NANJANGUD,COCONUT,coconut,1700,1144,468,1613
2010,26,MYSORE,6,NANJANGUD,SUNFLOWER,sunflower,903,13,590,603
2010,26,MYSORE,6,NANJANGUD,SOYABEAN,soybean,11,0,6,6
2010,26,MYSORE,6,NANJANGUD,NIGERSEED,niger seed,11,12,2,14
2010,26,MYSORE,6,NANJANGUD,COTTON,cotton,9087,259,8038,8297
2010,26,MYSORE,6,NANJANGUD,JUTE,jute,20,0,22,22
2010,26,MYSORE,6,NANJANGUD,MESTA,mesta,5,0,8,8
2010,26,MYSORE,6,NANJANGUD,TOBACCO,tobacco,711,0,835,835
2010,26,MYSORE,6,NANJANGUD,GUAR,guar,0,0,0,0
2010,26,MYSORE,6,NANJANGUD,COFFEE,coffee,0,0,0,0
2010,26,MYSORE,6,NANJANGUD,GROSS CROPPED AREA,,70323,31619,45366,76985
2010,26,MYSORE,1,PERIYAPATNA,PADDY,rice,7095,5643,158,5801
2010,26,MYSORE,1,PERIYAPATNA,JOWAR,jowar,2032,167,2529,2696
2010,26,MYSORE,1,PERIYAPATNA,BAJRA,bajra,11,0,1,1
2010,26,MYSORE,1,PERIYAPATNA,MAIZE,maize,3133,517,1926,2443
2010,26,MYSORE,1,PERIYAPATNA,RAGI,ragi,19361,205,11746,11951
2010,26,MYSORE,1,PERIYAPATNA,WHEAT,wheat,50,0,26,26
2010,26,MYSORE,1,PERIYAPATNA,BARLEY,barley,0,0,0,0
2010,26,MYSORE,1,PERIYAPATNA,GRAM,chickpea,0,0,0,0
2010,26,MYSORE,1,PERIYAPATNA,TUR (ARHAR),pigeonpea (tur),24,0,4,4
2010,26,MYSORE,1,PERIYAPATNA,URAD,black gram,215,0,31,31
2010,26,MYSORE,1,PERIYAPATNA,MOONG,green gram,66,0,11,11
2010,26,MYSORE,1,PERIYAPATNA,MASUR,lentil,15,0,4,4
2010,26,MYSORE,1,PERIYAPATNA,HORSEGRAM,horse gram,5740,21,2721,2743
2010,26,MYSORE,1,PERIYAPATNA,MOTH,moth bean,0,0,0,0
2010,26,MYSORE,1,PERIYAPATNA,SUGARCANE,sugarcane,14,10,0,10
2010,26,MYSORE,1,PERIYAPATNA,PEPPER (BLACK),black pepper,0,0,0,0
2010,26,MYSORE,1,PERIYAPATNA,CHILLIES,chilli,0,0,0,0
2010,26,MYSORE,1,PERIYAPATNA,GINGER,ginger,1132,674,53,727
2010,26,MYSORE,1,PERIYAPATNA,TURMERIC,turmeric,258,65,51,116
2010,26,MYSORE,1,PERIYAPATNA,BETELNUTS (ARECANUTS),arecanut,322,66,60,126
2010,26,MYSORE,1,PERIYAPATNA,MANGOES,mango,69,3,34,38
2010,26,MYSORE,1,PERIYAPATNA,BANANA,banana,170,57,28,85
2010,26,MYSORE,1,PERIYAPATNA,TABLE GRAPES,grapes,0,0,0,0
2010,26,MYSORE,1,PERIYAPATNA,WINE GRAPES (BLACK),grapes,0,0,0,0
2010,26,MYSORE,1,PERIYAPATNA,CASHEWNUTS,cashewnut,0,0,0,0
2010,26,MYSORE,1,PERIYAPATNA,POTATO,potato,552,14,282,296
2010,26,MYSORE,1,PERIYAPATNA,TAPIOCA (CASSAVA),tapioca,0,0,0,0
2010,26,MYSORE,1,PERIYAPATNA,SWEET POTATO,sweet potato,0,0,0,0
2010,26,MYSORE,1,PERIYAPATNA,ONION,onion,0,0,0,0
2010,26,MYSORE,1,PERIYAPATNA,TOMATO,tomato,0,0,0,0
2010,26,MYSORE,1,PERIYAPATNA,GROUNDNUT,groundnut,0,0,0,0
2010,26,MYSORE,1,PERIYAPATNA,CASTORSEED,castor,5,0,0,0
2010,26,MYSORE,1,PERIYAPATNA,SESAMUM (TIL),sesame,0,0,0,0
2010,26,MYSORE,1,PERIYAPATNA,RAPESEED & MUSTARD (TORIA/TARAMIRA),mustard,0,0,0,0
2010,26,MYSORE,1,PERIYAPATNA,LINSEED,linseed,0,0,0,0
2010,26,MYSORE,1,PERIYAPATNA,COCONUT,coconut,1229,606,194,799
2010,26,MYSORE,1,PERIYAPATNA,SUNFLOWER,sunflower,0,0,0,0
2010,26,MYSORE,1,PERIYAPATNA,SOYABEAN,soybean,0,0,0,0
2010,26,MYSORE,1,PERIYAPATNA,NIGERSEED,niger seed,0,0,0,0
2010,26,MYSORE,1,PERIYAPATNA,COTTON,cotton,0,0,0,0
2010,26,MYSORE,1,PERIYAPATNA,JUTE,jute,0,0,0,0
2010,26,MYSORE,1,PERIYAPATNA,MESTA,mesta,0,0,0,0
2010,26,MYSORE,1,PERIYAPATNA,TOBACCO,tobacco,35332,1773,34215,35987
2010,26,MYSORE,1,PERIYAPATNA,GUAR,guar,0,0,0,0
2010,26,MYSORE,1,PERIYAPATNA,COFFEE,coffee,5,1,0,1
2010,26,MYSORE,1,PERIYAPATNA,GROSS CROPPED AREA,,46227,9918,56997,66915
2010,26,MYSORE,7,T. NARASIPURA,PADDY,rice,43597,26529,1447,27976
2010,26,MYSORE,7,T. NARASIPURA,JOWAR,jowar,471,18,226,244
2010,26,MYSORE,7,T. NARASIPURA,BAJRA,bajra,13,1,6,7
2010,26,MYSORE,7,T. NARASIPURA,MAIZE,maize,3129,56,1871,1927
2010,26,MYSORE,7,T. NARASIPURA,RAGI,ragi,6375,193,3574,3767
2010,26,MYSORE,7,T. NARASIPURA,WHEAT,wheat,23,0,7,7
2010,26,MYSORE,7,T. NARASIPURA,BARLEY,barley,3,0,1,1
2010,26,MYSORE,7,T. NARASIPURA,GRAM,chickpea,4,0,2,2
2010,26,MYSORE,7,T. NARASIPURA,TUR (ARHAR),pigeonpea (tur),150,10,48,58
2010,26,MYSORE,7,T. NARASIPURA,URAD,black gram,885,35,485,520
2010,26,MYSORE,7,T. NARASIPURA,MOONG,green gram,293,5,175,180
2010,26,MYSORE,7,T. NARASIPURA,MASUR,lentil,24,2,15,17
2010,26,MYSORE,7,T. NARASIPURA,HORSEGRAM,horse gram,2255,129,1018,1147
2010,26,MYSORE,7,T. NARASIPURA,MOTH,moth bean,0,0,0,0
2010,26,MYSORE,7,T. NARASIPURA,SUGARCANE,sugarcane,3748,2806,0,2806
2010,26,MYSORE,7,T. NARASIPURA,PEPPER (BLACK),black pepper,0,0,0,0
2010,26,MYSORE,7,T. NARASIPURA,CHILLIES,chilli,0,0,0,0
2010,26,MYSORE,7,T. NARASIPURA,GINGER,ginger,10,6,0,6
2010,26,MYSORE,7,T. NARASIPURA,TURMERIC,turmeric,42,17,4,21
2010,26,MYSORE,7,T. NARASIPURA,BETELNUTS (ARECANUTS),arecanut,36,21,0,21
2010,26,MYSORE,7,T. NARASIPURA,MANGOES,mango,265,125,72,197
2010,26,MYSORE,7,T. NARASIPURA,BANANA,banana,531,339,17,355
2010,26,MYSORE,7,T. NARASIPURA,TABLE GRAPES,grapes,0,0,0,0
2010,26,MYSORE,7,T. NARASIPURA,WINE GRAPES (BLACK),grapes,0,0,0,0
2010,26,MYSORE,7,T. NARASIPURA,CASHEWNUTS,cashewnut,0,0,0,0
2010,26,MYSORE,7,T. NARASIPURA,POTATO,potato,0,0,0,0
2010,26,MYSORE,7,T. NARASIPURA,TAPIOCA (CASSAVA),tapioca,0,0,0,0
2010,26,MYSORE,7,T. NARASIPURA,SWEET POTATO,sweet potato,0,0,0,0
2010,26,MYSORE,7,T. NARASIPURA,ONION,onion,9,0,1,1
2010,26,MYSORE,7,T. NARASIPURA,TOMATO,tomato,60,17,0,17
2010,26,MYSORE,7,T. NARASIPURA,GROUNDNUT,groundnut,811,7,549,556
2010,26,MYSORE,7,T. NARASIPURA,CASTORSEED,castor,0,0,0,0
2010,26,MYSORE,7,T. NARASIPURA,SESAMUM (TIL),sesame,89,1,47,48
2010,26,MYSORE,7,T. NARASIPURA,RAPESEED & MUSTARD (TORIA/TARAMIRA),mustard,5,2,0,2
2010,26,MYSORE,7,T. NARASIPURA,LINSEED,linseed,0,0,0,0
2010,26,MYSORE,7,T. NARASIPURA,COCONUT,coconut,578,330,61,391
2010,26,MYSORE,7,T. NARASIPURA,SUNFLOWER,sunflower,0,0,0,0
2010,26,MYSORE,7,T. NARASIPURA,SOYABEAN,soybean,0,0,0,0
2010,26,MYSORE,7,T. NARASIPURA,NIGERSEED,niger seed,0,0,0,0
2010,26,MYSORE,7,T. NARASIPURA,COTTON,cotton,3,0,0,0
2010,26,MYSORE,7,T. NARASIPURA,JUTE,jute,0,0,0,0
2010,26,MYSORE,7,T. NARASIPURA,MESTA,mesta,0,0,0,0
2010,26,MYSORE,7,T. NARASIPURA,TOBACCO,tobacco,3,1,0,1
2010,26,MYSORE,7,T. NARASIPURA,GUAR,guar,0,0,0,0
2010,26,MYSORE,7,T. NARASIPURA,COFFEE,coffee,0,0,0,0
2010,26,MYSORE,7,T. NARASIPURA,GROSS CROPPED AREA,,62903,31031,10448,41478
2010,6,RAICHUR,2,DEVDURGA,PADDY,rice,23729,63070,8395,71464
2010,6,RAICHUR,2,DEVDURGA,JOWAR,jowar,7208,137,14143,14280
2010,6,RAICHUR,2,DEVDURGA,BAJRA,bajra,8310,104,11966,12070
2010,6,RAICHUR,2,DEVDURGA,MAIZE,maize,1250,13,3369,3382
2010,6,RAICHUR,2,DEVDURGA,RAGI,ragi,20,0,44,44
2010,6,RAICHUR,2,DEVDURGA,WHEAT,wheat,1119,0,593,593
2010,6,RAICHUR,2,DEVDURGA,BARLEY,barley,24,0,74,74
2010,6,RAICHUR,2,DEVDURGA,GRAM,chickpea,3068,18,4104,4122
2010,6,RAICHUR,2,DEVDURGA,TUR (ARHAR),pigeonpea (tur),6469,0,10532,10532
2010,6,RAICHUR,2,DEVDURGA,URAD,black gram,10,0,15,15
2010,6,RAICHUR,2,DEVDURGA,MOONG,green gram,186,0,236,236
2010,6,RAICHUR,2,DEVDURGA,MASUR,lentil,0,0,0,0
2010,6,RAICHUR,2,DEVDURGA,HORSEGRAM,horse gram,86,0,52,52
2010,6,RAICHUR,2,DEVDURGA,MOTH,moth bean,0,0,0,0
2010,6,RAICHUR,2,DEVDURGA,SUGARCANE,sugarcane,0,0,0,0
2010,6,RAICHUR,2,DEVDURGA,PEPPER (BLACK),black pepper,30,0,59,59
2010,6,RAICHUR,2,DEVDURGA,CHILLIES,chilli,194,1225,26,1251
2010,6,RAICHUR,2,DEVDURGA,GINGER,ginger,0,0,0,0
2010,6,RAICHUR,2,DEVDURGA,TURMERIC,turmeric,0,0,0,0
2010,6,RAICHUR,2,DEVDURGA,BETELNUTS (ARECANUTS),arecanut,0,0,0,0
2010,6,RAICHUR,2,DEVDURGA,MANGOES,mango,0,0,0,0
2010,6,RAICHUR,2,DEVDURGA,BANANA,banana,0,0,0,0
2010,6,RAICHUR,2,DEVDURGA,TABLE GRAPES,grapes,0,0,0,0
2010,6,RAICHUR,2,DEVDURGA,WINE GRAPES (BLACK),grapes,0,0,0,0
2010,6,RAICHUR,2,DEVDURGA,CASHEWNUTS,cashewnut,0,0,0,0
2010,6,RAICHUR,2,DEVDURGA,POTATO,potato,0,0,0,0
2010,6,RAICHUR,2,DEVDURGA,TAPIOCA (CASSAVA),tapioca,0,0,0,0
2010,6,RAICHUR,2,DEVDURGA,SWEET POTATO,sweet potato,0,0,0,0
2010,6,RAICHUR,2,DEVDURGA,ONION,onion,59,0,74,74
2010,6,RAICHUR,2,DEVDURGA,TOMATO,tomato,0,0,0,0
2010,6,RAICHUR,2,DEVDURGA,GROUNDNUT,groundnut,1668,84,2827,2912
2010,6,RAICHUR,2,DEVDURGA,CASTORSEED,castor,0,0,0,0
2010,6,RAICHUR,2,DEVDURGA,SESAMUM (TIL),sesame,376,0,436,436
2010,6,RAICHUR,2,DEVDURGA,RAPESEED & MUSTARD (TORIA/TARAMIRA),mustard,6,0,22,22
2010,6,RAICHUR,2,DEVDURGA,LINSEED,linseed,0,0,0,0
2010,6,RAICHUR,2,DEVDURGA,COCONUT,coconut,5,0,3,3
2010,6,RAICHUR,2,DEVDURGA,SUNFLOWER,sunflower,4100,182,7636,7818
2010,6,RAICHUR,2,DEVDURGA,SOYABEAN,soybean,4,0,1,1
2010,6,RAICHUR,2,DEVDURGA,NIGERSEED,niger seed,0,0,0,0
2010,6,RAICHUR,2,DEVDURGA,COTTON,cotton,4110,606,9277,9883
2010,6,RAICHUR,2,DEVDURGA,JUTE,jute,12,83,12,95
2010,6,RAICHUR,2,DEVDURGA,MESTA,mesta,6,0,13,13
2010,6,RAICHUR,2,DEVDURGA,TOBACCO,tobacco,0,0,0,0
2010,6,RAICHUR,2,DEVDURGA,GUAR,guar,0,0,0,0
2010,6,RAICHUR,2,DEVDURGA,COFFEE,coffee,0,0,0,0
2010,6,RAICHUR,2,DEVDURGA,GROSS CROPPED AREA,,57753,65924,74287,140210
2010,6,RAICHUR,1,LINGSUGUR,PADDY,rice,3406,11600,1003,12602
2010,6,RAICHUR,1,LINGSUGUR,JOWAR,jowar,27233,144,52043,52187
2010,6,RAICHUR,1,LINGSUGUR,BAJRA,bajra,22819,5768,37022,42789
2010,6,RAICHUR,1,LINGSUGUR,MAIZE,maize,1196,133,2134,2267
2010,6,RAICHUR,1,LINGSUGUR,RAGI,ragi,8,0,17,17
2010,6,RAICHUR,1,LINGSUGUR,WHEAT,wheat,360,12,267,278
2010,6,RAICHUR,1,LINGSUGUR,BARLEY,barley,103,5,276,281
2010,6,RAICHUR,1,LINGSUGUR,GRAM,chickpea,5710,5,8140,8145
2010,6,RAICHUR,1,LINGSUGUR,TUR (ARHAR),pigeonpea (tur),2958,0,1788,1788
2010,6,RAICHUR,1,LINGSUGUR,URAD,black gram,21,0,14,14
2010,6,RAICHUR,1,LINGSUGUR,MOONG,green gram,457,0,609,609
2010,6,RAICHUR,1,LINGSUGUR,MASUR,lentil,7,0,2,2
2010,6,RAICHUR,1,LINGSUGUR,HORSEGRAM,horse gram,743,5,604,609
2010,6,RAICHUR,1,LINGSUGUR,MOTH,moth bean,0,0,0,0
2010,6,RAICHUR,1,LINGSUGUR,SUGARCANE,sugarcane,0,0,0,0
2010,6,RAICHUR,1,LINGSUGUR,PEPPER (BLACK),black pepper,0,0,0,0
2010,6,RAICHUR,1,LINGSUGUR,CHILLIES,chilli,0,0,0,0
2010,6,RAICHUR,1,LINGSUGUR,GINGER,ginger,0,0,0,0
2010,6,RAICHUR,1,LINGSUGUR,TURMERIC,turmeric,0,0,0,0
2010,6,RAICHUR,1,LINGSUGUR,BETELNUTS (ARECANUTS),arecanut,0,0,0,0
2010,6,RAICHUR,1,LINGSUGUR,MANGOES,mango,0,0,0,0
2010,6,RAICHUR,1,LINGSUGUR,BANANA,banana,4,0,3,3
2010,6,RAICHUR,1,LINGSUGUR,TABLE GRAPES,grapes,0,0,0,0
2010,6,RAICHUR,1,LINGSUGUR,WINE GRAPES (BLACK),grapes,0,0,0,0
2010,6,RAICHUR,1,LINGSUGUR,CASHEWNUTS,cashewnut,0,0,0,0
2010,6,RAICHUR,1,LINGSUGUR,POTATO,potato,0,0,0,0
2010,6,RAICHUR,1,LINGSUGUR,TAPIOCA (CASSAVA),tapioca,0,0,0,0
2010,6,RAICHUR,1,LINGSUGUR,SWEET POTATO,sweet potato,0,0,0,0
2010,6,RAICHUR,1,LINGSUGUR,ONION,onion,0,0,0,0
2010,6,RAICHUR,1,LINGSUGUR,TOMATO,tomato,0,0,0,0
2010,6,RAICHUR,1,LINGSUGUR,GROUNDNUT,groundnut,4892,8509,603,9111
2010,6,RAICHUR,1,LINGSUGUR,CASTORSEED,castor,26,0,56,56
2010,6,RAICHUR,1,LINGSUGUR,SESAMUM (TIL),sesame,4007,180,5820,6001
2010,6,RAICHUR,1,LINGSUGUR,RAPESEED & MUSTARD (TORIA/TARAMIRA),mustard,4,0,8,8
2010,6,RAICHUR,1,LINGSUGUR,LINSEED,linseed,54,0,27,27
2010,6,RAICHUR,1,LINGSUGUR,COCONUT,coconut,8,0,21,21
2010,6,RAICHUR,1,LINGSUGUR,SUNFLOWER,sunflower,16836,3831,34936,38768
2010,6,RAICHUR,1,LINGSUGUR,SOYABEAN,soybean,4,25,0,25
2010,6,RAICHUR,1,LINGSUGUR,NIGERSEED,niger seed,0,0,0,0
2010,6,RAICHUR,1,LINGSUGUR,COTTON,cotton,736,56,884,940
2010,6,RAICHUR,1,LINGSUGUR,JUTE,jute,0,0,0,0
2010,6,RAICHUR,1,LINGSUGUR,MESTA,mesta,4,0,10,10
2010,6,RAICHUR,1,LINGSUGUR,TOBACCO,tobacco,0,0,0,0
2010,6,RAICHUR,1,LINGSUGUR,GUAR,guar,0,0,0,0
2010,6,RAICHUR,1,LINGSUGUR,COFFEE,coffee,0,0,0,0
2010,6,RAICHUR,1,LINGSUGUR,GROSS CROPPED AREA,,68754,30333,146774,177107
2010,6,RAICHUR,4,MANVI,PADDY,rice,37849,94700,5706,100406
2010,6,RAICHUR,4,MANVI,JOWAR,jowar,11616,68,22386,22454
2010,6,RAICHUR,4,MANVI,BAJRA,bajra,5751,0,10059,10059
2010,6,RAICHUR,4,MANVI,MAIZE,maize,756,0,1558,1558
2010,6,RAICHUR,4,MANVI,RAGI,ragi,0,0,0,0
2010,6,RAICHUR,4,MANVI,WHEAT,wheat,0,0,0,0
2010,6,RAICHUR,4,MANVI,BARLEY,barley,7,0,13,13
2010,6,RAICHUR,4,MANVI,GRAM,chickpea,617,0,1040,1040
2010,6,RAICHUR,4,MANVI,TUR (ARHAR),pigeonpea (tur),4039,0,6211,6211
2010,6,RAICHUR,4,MANVI,URAD,black gram,0,0,0,0
2010,6,RAICHUR,4,MANVI,MOONG,green gram,21,0,9,9
2010,6,RAICHUR,4,MANVI,MASUR,lentil,0,0,0,0
2010,6,RAICHUR,4,MANVI,HORSEGRAM,horse gram,0,0,0,0
2010,6,RAICHUR,4,MANVI,MOTH,moth bean,0,0,0,0
2010,6,RAICHUR,4,MANVI,SUGARCANE,sugarcane,0,0,0,0
2010,6,RAICHUR,4,MANVI,PEPPER (BLACK),black pepper,0,0,0,0
2010,6,RAICHUR,4,MANVI,CHILLIES,chilli,13,0,23,23
2010,6,RAICHUR,4,MANVI,GINGER,ginger,0,0,0,0
2010,6,RAICHUR,4,MANVI,TURMERIC,turmeric,0,0,0,0
2010,6,RAICHUR,4,MANVI,BETELNUTS (ARECANUTS),arecanut,0,0,0,0
2010,6,RAICHUR,4,MANVI,MANGOES,mango,0,0,0,0
2010,6,RAICHUR,4,MANVI,BANANA,banana,0,0,0,0
2010,6,RAICHUR,4,MANVI,TABLE GRAPES,grapes,0,0,0,0
2010,6,RAICHUR,4,MANVI,WINE GRAPES (BLACK),grapes,0,0,0,0
2010,6,RAICHUR,4,MANVI,CASHEWNUTS,cashewnut,0,0,0,0
2010,6,RAICHUR,4,MANVI,POTATO,potato,0,0,0,0
2010,6,RAICHUR,4,MANVI,TAPIOCA (CASSAVA),tapioca,0,0,0,0
2010,6,RAICHUR,4,MANVI,SWEET POTATO,sweet potato,0,0,0,0
2010,6,RAICHUR,4,MANVI,ONION,onion,287,50,461,512
2010,6,RAICHUR,4,MANVI,TOMATO,tomato,0,0,0,0
2010,6,RAICHUR,4,MANVI,GROUNDNUT,groundnut,279,0,566,566
2010,6,RAICHUR,4,MANVI,CASTORSEED,castor,0,0,0,0
2010,6,RAICHUR,4,MANVI,SESAMUM (TIL),sesame,621,0,391,391
2010,6,RAICHUR,4,MANVI,RAPESEED & MUSTARD (TORIA/TARAMIRA),mustard,0,0,0,0
2010,6,RAICHUR,4,MANVI,LINSEED,linseed,0,0,0,0
2010,6,RAICHUR,4,MANVI,COCONUT,coconut,30,0,46,46
2010,6,RAICHUR,4,MANVI,SUNFLOWER,sunflower,6092,32,11487,11519
2010,6,RAICHUR,4,MANVI,SOYABEAN,soybean,0,0,0,0
2010,6,RAICHUR,4,MANVI,NIGERSEED,niger seed,0,0,0,0
2010,6,RAICHUR,4,MANVI,COTTON,cotton,10408,96,21408,21504
2010,6,RAICHUR,4,MANVI,JUTE,jute,328,0,811,811
2010,6,RAICHUR,4,MANVI,MESTA,mesta,101,0,218,218
2010,6,RAICHUR,4,MANVI,TOBACCO,tobacco,0,0,0,0
2010,6,RAICHUR,4,MANVI,GUAR,guar,0,0,0,0
2010,6,RAICHUR,4,MANVI,COFFEE,coffee,0,0,0,0
2010,6,RAICHUR,4,MANVI,GROSS CROPPED AREA,,74305,94980,83485,178464
2010,6,RAICHUR,3,RAICHUR,PADDY,rice,12106,21146,6560,27706
2010,6,RAICHUR,3,RAICHUR,JOWAR,jowar,5965,17,13637,13654
2010,6,RAICHUR,3,RAICHUR,BAJRA,bajra,2584,0,5150,5150
2010,6,RAICHUR,3,RAICHUR,MAIZE,maize,3049,0,6981,6981
2010,6,RAICHUR,3,RAICHUR,RAGI,ragi,10,0,24,24
2010,6,RAICHUR,3,RAICHUR,WHEAT,wheat,0,0,0,0
2010,6,RAICHUR,3,RAICHUR,BARLEY,barley,9,0,11,11
2010,6,RAICHUR,3,RAICHUR,GRAM,chickpea,2178,0,4838,4838
2010,6,RAICHUR,3,RAICHUR,TUR (ARHAR),pigeonpea (tur),11462,0,26358,26358
2010,6,RAICHUR,3,RAICHUR,URAD,black gram,0,0,0,0
2010,6,RAICHUR,3,RAICHUR,MOONG,green gram,0,0,0,0
2010,6,RAICHUR,3,RAICHUR,MASUR,lentil,0,0,0,0
2010,6,RAICHUR,3,RAICHUR,HORSEGRAM,horse gram,0,0,0,0
2010,6,RAICHUR,3,RAICHUR,MOTH,moth bean,0,0,0,0
2010,6,RAICHUR,3,RAICHUR,SUGARCANE,sugarcane,0,0,0,0
2010,6,RAICHUR,3,RAICHUR,PEPPER (BLACK),black pepper,0,0,0,0
2010,6,RAICHUR,3,RAICHUR,CHILLIES,chilli,997,0,1673,1673
2010,6,RAICHUR,3,RAICHUR,GINGER,ginger,0,0,0,0
2010,6,RAICHUR,3,RAICHUR,TURMERIC,turmeric,0,0,0,0
2010,6,RAICHUR,3,RAICHUR,BETELNUTS (ARECANUTS),arecanut,0,0,0,0
2010,6,RAICHUR,3,RAICHUR,MANGOES,mango,0,0,0,0
2010,6,RAICHUR,3,RAICHUR,BANANA,banana,0,0,0,0
2010,6,RAICHUR,3,RAICHUR,TABLE GRAPES,grapes,0,0,0,0
2010,6,RAICHUR,3,RAICHUR,WINE GRAPES (BLACK),grapes,0,0,0,0
2010,6,RAICHUR,3,RAICHUR,CASHEWNUTS,cashewnut,0,0,0,0
2010,6,RAICHUR,3,RAICHUR,POTATO,potato,0,0,0,0
2010,6,RAICHUR,3,RAICHUR,TAPIOCA (CASSAVA),tapioca,0,0,0,0
2010,6,RAICHUR,3,RAICHUR,SWEET POTATO,sweet potato,0,0,0,0
2010,6,RAICHUR,3,RAICHUR,ONION,onion,0,0,0,0
2010,6,RAICHUR,3,RAICHUR,TOMATO,tomato,0,0,0,0
2010,6,RAICHUR,3,RAICHUR,GROUNDNUT,groundnut,2758,1,3955,3956
2010,6,RAICHUR,3,RAICHUR,CASTORSEED,castor,286,0,285,285
2010,6,RAICHUR,3,RAICHUR,SESAMUM (TIL),sesame,4,0,3,3
2010,6,RAICHUR,3,RAICHUR,RAPESEED & MUSTARD (TORIA/TARAMIRA),mustard,0,0,0,0
2010,6,RAICHUR,3,RAICHUR,LINSEED,linseed,0,0,0,0
2010,6,RAICHUR,3,RAICHUR,COCONUT,coconut,0,0,0,0
2010,6,RAICHUR,3,RAICHUR,SUNFLOWER,sunflower,4444,0,8804,8804
2010,6,RAICHUR,3,RAICHUR,SOYABEAN,soybean,0,0,0,0
2010,6,RAICHUR,3,RAICHUR,NIGERSEED,niger seed,0,0,0,0
2010,6,RAICHUR,3,RAICHUR,COTTON,cotton,13225,0,29835,29835
2010,6,RAICHUR,3,RAICHUR,JUTE,jute,43,0,150,150
2010,6,RAICHUR,3,RAICHUR,MESTA,mesta,0,0,0,0
2010,6,RAICHUR,3,RAICHUR,TOBACCO,tobacco,0,0,0,0
2010,6,RAICHUR,3,RAICHUR,GUAR,guar,0,0,0,0
2010,6,RAICHUR,3,RAICHUR,COFFEE,coffee,0,0,0,0
2010,6,RAICHUR,3,RAICHUR,GROSS CROPPED AREA,,59953,21163,109664,130827
2010,6,RAICHUR,5,SINDHANUR,PADDY,rice,46855,134919,9560,144479
2010,6,RAICHUR,5,SINDHANUR,JOWAR,jowar,15610,533,27500,28033
2010,6,RAICHUR,5,SINDHANUR,BAJRA,bajra,1180,89,1844,1934
2010,6,RAICHUR,5,SINDHANUR,MAIZE,maize,2883,17,4643,4660
2010,6,RAICHUR,5,SINDHANUR,RAGI,ragi,0,0,0,0
2010,6,RAICHUR,5,SINDHANUR,WHEAT,wheat,36,0,26,26
2010,6,RAICHUR,5,SINDHANUR,BARLEY,barley,86,5,150,155
2010,6,RAICHUR,5,SINDHANUR,GRAM,chickpea,2295,2,3152,3154
2010,6,RAICHUR,5,SINDHANUR,TUR (ARHAR),pigeonpea (tur),76,0,49,49
2010,6,RAICHUR,5,SINDHANUR,URAD,black gram,4,0,1,1
2010,6,RAICHUR,5,SINDHANUR,MOONG,green gram,27,0,43,43
2010,6,RAICHUR,5,SINDHANUR,MASUR,lentil,0,0,0,0
2010,6,RAICHUR,5,SINDHANUR,HORSEGRAM,horse gram,16,0,17,17
2010,6,RAICHUR,5,SINDHANUR,MOTH,moth bean,5,0,10,10
2010,6,RAICHUR,5,SINDHANUR,SUGARCANE,sugarcane,0,0,0,0
2010,6,RAICHUR,5,SINDHANUR,PEPPER (BLACK),black pepper,0,0,0,0
2010,6,RAICHUR,5,SINDHANUR,CHILLIES,chilli,0,0,0,0
2010,6,RAICHUR,5,SINDHANUR,GINGER,ginger,0,0,0,0
2010,6,RAICHUR,5,SINDHANUR,TURMERIC,turmeric,0,0,0,0
2010,6,RAICHUR,5,SINDHANUR,BETELNUTS (ARECANUTS),arecanut,0,0,0,0
2010,6,RAICHUR,5,SINDHANUR,MANGOES,mango,0,0,0,0
2010,6,RAICHUR,5,SINDHANUR,BANANA,banana,0,0,0,0
2010,6,RAICHUR,5,SINDHANUR,TABLE GRAPES,grapes,0,0,0,0
2010,6,RAICHUR,5,SINDHANUR,WINE GRAPES (BLACK),grapes,0,0,0,0
2010,6,RAICHUR,5,SINDHANUR,CASHEWNUTS,cashewnut,0,0,0,0
2010,6,RAICHUR,5,SINDHANUR,POTATO,potato,0,0,0,0
2010,6,RAICHUR,5,SINDHANUR,TAPIOCA (CASSAVA),tapioca,0,0,0,0
2010,6,RAICHUR,5,SINDHANUR,SWEET POTATO,sweet potato,0,0,0,0
2010,6,RAICHUR,5,SINDHANUR,ONION,onion,0,0,0,0
2010,6,RAICHUR,5,SINDHANUR,TOMATO,tomato,0,0,0,0
2010,6,RAICHUR,5,SINDHANUR,GROUNDNUT,groundnut,110,107,49,156
2010,6,RAICHUR,5,SINDHANUR,CASTORSEED,castor,3,0,3,3
2010,6,RAICHUR,5,SINDHANUR,SESAMUM (TIL),sesame,47,0,52,52
2010,6,RAICHUR,5,SINDHANUR,RAPESEED & MUSTARD (TORIA/TARAMIRA),mustard,0,0,0,0
2010,6,RAICHUR,5,SINDHANUR,LINSEED,linseed,4,0,1,1
2010,6,RAICHUR,5,SINDHANUR,COCONUT,coconut,7,0,6,6
2010,6,RAICHUR,5,SINDHANUR,SUNFLOWER,sunflower,6184,185,13611,13796
2010,6,RAICHUR,5,SINDHANUR,SOYABEAN,soybean,0,0,0,0
2010,6,RAICHUR,5,SINDHANUR,NIGERSEED,niger seed,0,0,0,0
2010,6,RAICHUR,5,SINDHANUR,COTTON,cotton,1372,63,1438,1501
2010,6,RAICHUR,5,SINDHANUR,JUTE,jute,0,0,0,0
2010,6,RAICHUR,5,SINDHANUR,MESTA,mesta,0,0,0,0
2010,6,RAICHUR,5,SINDHANUR,TOBACCO,tobacco,0,0,0,0
2010,6,RAICHUR,5,SINDHANUR,GUAR,guar,0,0,0,0
2010,6,RAICHUR,5,SINDHANUR,COFFEE,coffee,0,0,0,0
2010,6,RAICHUR,5,SINDHANUR,GROSS CROPPED AREA,,71268,135929,62291,198220
2010,28,RAMNAGAR,7,CHANNAPATNA,PADDY,rice,2016,991,348,1340
2010,28,RAMNAGAR,7,CHANNAPATNA,JOWAR,jowar,7072,12,981,993
2010,28,RAMNAGAR,7,CHANNAPATNA,BAJRA,bajra,9,2,2,4
2010,28,RAMNAGAR,7,CHANNAPATNA,MAIZE,maize,112,12,12,24
2010,28,RAMNAGAR,7,CHANNAPATNA,RAGI,ragi,26420,479,10515,10994
2010,28,RAMNAGAR,7,CHANNAPATNA,WHEAT,wheat,301,61,63,123
2010,28,RAMNAGAR,7,CHANNAPATNA,BARLEY,barley,0,0,0,0
2010,28,RAMNAGAR,7,CHANNAPATNA,GRAM,chickpea,42,3,10,13
2010,28,RAMNAGAR,7,CHANNAPATNA,TUR (ARHAR),pigeonpea (tur),4995,34,478,511
2010,28,RAMNAGAR,7,CHANNAPATNA,URAD,black gram,815,2,39,41
2010,28,RAMNAGAR,7,CHANNAPATNA,MOONG,green gram,435,0,22,22
2010,28,RAMNAGAR,7,CHANNAPATNA,MASUR,lentil,55,3,8,11
2010,28,RAMNAGAR,7,CHANNAPATNA,HORSEGRAM,horse gram,5010,67,1115,1182
2010,28,RAMNAGAR,7,CHANNAPATNA,MOTH,moth bean,4,0,2,2
2010,28,RAMNAGAR,7,CHANNAPATNA,SUGARCANE,sugarcane,85,110,0,110
2010,28,RAMNAGAR,7,CHANNAPATNA,PEPPER (BLACK),black pepper,21,0,16,16
2010,28,RAMNAGAR,7,CHANNAPATNA,CHILLIES,chilli,30,1,2,3
2010,28,RAMNAGAR,7,CHANNAPATNA,GINGER,ginger,0,0,0,0
2010,28,RAMNAGAR,7,CHANNAPATNA,TURMERIC,turmeric,0,0,0,0
2010,28,RAMNAGAR,7,CHANNAPATNA,BETELNUTS (ARECANUTS),arecanut,238,50,2,52
2010,28,RAMNAGAR,7,CHANNAPATNA,MANGOES,mango,5694,305,5556,5860
2010,28,RAMNAGAR,7,CHANNAPATNA,BANANA,banana,1368,796,72,868
2010,28,RAMNAGAR,7,CHANNAPATNA,TABLE GRAPES,grapes,4,1,0,1
2010,28,RAMNAGAR,7,CHANNAPATNA,WINE GRAPES (BLACK),grapes,0,0,0,0
2010,28,RAMNAGAR,7,CHANNAPATNA,CASHEWNUTS,cashewnut,0,0,0,0
2010,28,RAMNAGAR,7,CHANNAPATNA,POTATO,potato,4,0,0,0
2010,28,RAMNAGAR,7,CHANNAPATNA,TAPIOCA (CASSAVA),tapioca,0,0,0,0
2010,28,RAMNAGAR,7,CHANNAPATNA,SWEET POTATO,sweet potato,83,8,5,12
2010,28,RAMNAGAR,7,CHANNAPATNA,ONION,onion,0,0,0,0
2010,28,RAMNAGAR,7,CHANNAPATNA,TOMATO,tomato,127,33,13,45
2010,28,RAMNAGAR,7,CHANNAPATNA,GROUNDNUT,groundnut,401,31,213,244
2010,28,RAMNAGAR,7,CHANNAPATNA,CASTORSEED,castor,12,0,1,1
2010,28,RAMNAGAR,7,CHANNAPATNA,SESAMUM (TIL),sesame,76,3,21,24
2010,28,RAMNAGAR,7,CHANNAPATNA,RAPESEED & MUSTARD (TORIA/TARAMIRA),mustard,5,1,0,1
2010,28,RAMNAGAR,7,CHANNAPATNA,LINSEED,linseed,104,2,34,37
2010,28,RAMNAGAR,7,CHANNAPATNA,COCONUT,coconut,9686,2738,3607,6345
2010,28,RAMNAGAR,7,CHANNAPATNA,SUNFLOWER,sunflower,4,0,4,4
2010,28,RAMNAGAR,7,CHANNAPATNA,SOYABEAN,soybean,0,0,0,0
2010,28,RAMNAGAR,7,CHANNAPATNA,NIGERSEED,niger seed,9,0,1,1
2010,28,RAMNAGAR,7,CHANNAPATNA,COTTON,cotton,6,2,0,2
2010,28,RAMNAGAR,7,CHANNAPATNA,JUTE,jute,0,0,0,0
2010,28,RAMNAGAR,7,CHANNAPATNA,MESTA,mesta,0,0,0,0
2010,28,RAMNAGAR,7,CHANNAPATNA,TOBACCO,tobacco,0,0,0,0
2010,28,RAMNAGAR,7,CHANNAPATNA,GUAR,guar,9,0,3,3
2010,28,RAMNAGAR,7,CHANNAPATNA,COFFEE,coffee,0,0,0,0
2010,28,RAMNAGAR,7,CHANNAPATNA,GROSS CROPPED AREA,,54945,7913,24203,32116
2010,28,RAMNAGAR,8,KANKAPUR,PADDY,rice,9537,4179,487,4666
2010,28,RAMNAGAR,8,KANKAPUR,JOWAR,jowar,33312,53,1864,1917
2010,28,RAMNAGAR,8,KANKAPUR,BAJRA,bajra,38,3,4,6
2010,28,RAMNAGAR,8,KANKAPUR,MAIZE,maize,217,29,22,51
2010,28,RAMNAGAR,8,KANKAPUR,RAGI,ragi,74995,631,39179,39810
2010,28,RAMNAGAR,8,KANKAPUR,WHEAT,wheat,172,35,37,72
2010,28,RAMNAGAR,8,KANKAPUR,BARLEY,barley,13,0,1,1
2010,28,RAMNAGAR,8,KANKAPUR,GRAM,chickpea,78,1,22,23
2010,28,RAMNAGAR,8,KANKAPUR,TUR (ARHAR),pigeonpea (tur),25117,34,1368,1402
2010,28,RAMNAGAR,8,KANKAPUR,URAD,black gram,23,0,1,1
2010,28,RAMNAGAR,8,KANKAPUR,MOONG,green gram,1893,0,194,194
2010,28,RAMNAGAR,8,KANKAPUR,MASUR,lentil,16,0,9,9
2010,28,RAMNAGAR,8,KANKAPUR,HORSEGRAM,horse gram,8064,104,2714,2819
2010,28,RAMNAGAR,8,KANKAPUR,MOTH,moth bean,0,0,0,0
2010,28,RAMNAGAR,8,KANKAPUR,SUGARCANE,sugarcane,310,167,0,167
2010,28,RAMNAGAR,8,KANKAPUR,PEPPER (BLACK),black pepper,279,0,15,15
2010,28,RAMNAGAR,8,KANKAPUR,CHILLIES,chilli,303,3,19,22
2010,28,RAMNAGAR,8,KANKAPUR,GINGER,ginger,20,13,0,13
2010,28,RAMNAGAR,8,KANKAPUR,TURMERIC,turmeric,14,9,0,9
2010,28,RAMNAGAR,8,KANKAPUR,BETELNUTS (ARECANUTS),arecanut,236,97,0,97
2010,28,RAMNAGAR,8,KANKAPUR,MANGOES,mango,3771,450,3072,3521
2010,28,RAMNAGAR,8,KANKAPUR,BANANA,banana,2051,1212,71,1283
2010,28,RAMNAGAR,8,KANKAPUR,TABLE GRAPES,grapes,35,14,5,19
2010,28,RAMNAGAR,8,KANKAPUR,WINE GRAPES (BLACK),grapes,0,0,0,0
2010,28,RAMNAGAR,8,KANKAPUR,CASHEWNUTS,cashewnut,0,0,0,0
2010,28,RAMNAGAR,8,KANKAPUR,POTATO,potato,8,0,0,0
2010,28,RAMNAGAR,8,KANKAPUR,TAPIOCA (CASSAVA),tapioca,0,0,0,0
2010,28,RAMNAGAR,8,KANKAPUR,SWEET POTATO,sweet potato,7,1,0,1
2010,28,RAMNAGAR,8,KANKAPUR,ONION,onion,15,7,0,7
2010,28,RAMNAGAR,8,KANKAPUR,TOMATO,tomato,448,57,48,106
2010,28,RAMNAGAR,8,KANKAPUR,GROUNDNUT,groundnut,9536,230,6936,7166
2010,28,RAMNAGAR,8,KANKAPUR,CASTORSEED,castor,12458,10,458,469
2010,28,RAMNAGAR,8,KANKAPUR,SESAMUM (TIL),sesame,1198,9,372,382
2010,28,RAMNAGAR,8,KANKAPUR,RAPESEED & MUSTARD (TORIA/TARAMIRA),mustard,4595,1,106,107
2010,28,RAMNAGAR,8,KANKAPUR,LINSEED,linseed,4839,71,289,359
2010,28,RAMNAGAR,8,KANKAPUR,COCONUT,coconut,18069,6011,2001,8012
2010,28,RAMNAGAR,8,KANKAPUR,SUNFLOWER,sunflower,14,3,0,3
2010,28,RAMNAGAR,8,KANKAPUR,SOYABEAN,soybean,8,0,1,1
2010,28,RAMNAGAR,8,KANKAPUR,NIGERSEED,niger seed,7995,27,254,281
2010,28,RAMNAGAR,8,KANKAPUR,COTTON,cotton,14,10,0,10
2010,28,RAMNAGAR,8,KANKAPUR,JUTE,jute,16,0,0,0
2010,28,RAMNAGAR,8,KANKAPUR,MESTA,mesta,0,0,0,0
2010,28,RAMNAGAR,8,KANKAPUR,TOBACCO,tobacco,0,0,0,0
2010,28,RAMNAGAR,8,KANKAPUR,GUAR,guar,0,0,0,0
2010,28,RAMNAGAR,8,KANKAPUR,COFFEE,coffee,22,14,0,14
2010,28,RAMNAGAR,8,KANKAPUR,GROSS CROPPED AREA,,121409,24266,62276,86542
2010,28,RAMNAGAR,5,MAGADI,PADDY,rice,5932,1127,818,1944
2010,28,RAMNAGAR,5,MAGADI,JOWAR,jowar,12746,89,1027,1116
2010,28,RAMNAGAR,5,MAGADI,BAJRA,bajra,16,0,9,9
2010,28,RAMNAGAR,5,MAGADI,MAIZE,maize,8,0,0,0
2010,28,RAMNAGAR,5,MAGADI,RAGI,ragi,30639,367,18268,18636
2010,28,RAMNAGAR,5,MAGADI,WHEAT,wheat,75,0,48,48
2010,28,RAMNAGAR,5,MAGADI,BARLEY,barley,0,0,0,0
2010,28,RAMNAGAR,5,MAGADI,GRAM,chickpea,40,0,6,6
2010,28,RAMNAGAR,5,MAGADI,TUR (ARHAR),pigeonpea (tur),7760,28,1531,1559
2010,28,RAMNAGAR,5,MAGADI,URAD,black gram,8,0,0,0
2010,28,RAMNAGAR,5,MAGADI,MOONG,green gram,8,0,2,2
2010,28,RAMNAGAR,5,MAGADI,MASUR,lentil,25,0,4,4
2010,28,RAMNAGAR,5,MAGADI,HORSEGRAM,horse gram,7355,15,1346,1360
2010,28,RAMNAGAR,5,MAGADI,MOTH,moth bean,8,0,0,0
2010,28,RAMNAGAR,5,MAGADI,SUGARCANE,sugarcane,24,6,0,6
2010,28,RAMNAGAR,5,MAGADI,PEPPER (BLACK),black pepper,53,6,29,34
2010,28,RAMNAGAR,5,MAGADI,CHILLIES,chilli,39,8,3,11
2010,28,RAMNAGAR,5,MAGADI,GINGER,ginger,0,0,0,0
2010,28,RAMNAGAR,5,MAGADI,TURMERIC,turmeric,0,0,0,0
2010,28,RAMNAGAR,5,MAGADI,BETELNUTS (ARECANUTS),arecanut,2706,1628,211,1839
2010,28,RAMNAGAR,5,MAGADI,MANGOES,mango,12074,497,10142,10639
2010,28,RAMNAGAR,5,MAGADI,BANANA,banana,1043,274,25,299
2010,28,RAMNAGAR,5,MAGADI,TABLE GRAPES,grapes,25,2,4,6
2010,28,RAMNAGAR,5,MAGADI,WINE GRAPES (BLACK),grapes,0,0,0,0
2010,28,RAMNAGAR,5,MAGADI,CASHEWNUTS,cashewnut,0,0,0,0
2010,28,RAMNAGAR,5,MAGADI,POTATO,potato,0,0,0,0
2010,28,RAMNAGAR,5,MAGADI,TAPIOCA (CASSAVA),tapioca,0,0,0,0
2010,28,RAMNAGAR,5,MAGADI,SWEET POTATO,sweet potato,0,0,0,0
2010,28,RAMNAGAR,5,MAGADI,ONION,onion,0,0,0,0
2010,28,RAMNAGAR,5,MAGADI,TOMATO,tomato,98,9,10,19
2010,28,RAMNAGAR,5,MAGADI,GROUNDNUT,groundnut,259,10,42,53
2010,28,RAMNAGAR,5,MAGADI,CASTORSEED,castor,2685,15,135,149
2010,28,RAMNAGAR,5,MAGADI,SESAMUM (TIL),sesame,0,0,0,0
2010,28,RAMNAGAR,5,MAGADI,RAPESEED & MUSTARD (TORIA/TARAMIRA),mustard,3516,5,98,103
2010,28,RAMNAGAR,5,MAGADI,LINSEED,linseed,32,4,0,4
2010,28,RAMNAGAR,5,MAGADI,COCONUT,coconut,3893,1128,535,1663
2010,28,RAMNAGAR,5,MAGADI,SUNFLOWER,sunflower,0,0,0,0
2010,28,RAMNAGAR,5,MAGADI,SOYABEAN,soybean,0,0,0,0
2010,28,RAMNAGAR,5,MAGADI,NIGERSEED,niger seed,3025,0,97,97
2010,28,RAMNAGAR,5,MAGADI,COTTON,cotton,16,8,0,8
2010,28,RAMNAGAR,5,MAGADI,JUTE,jute,0,0,0,0
2010,28,RAMNAGAR,5,MAGADI,MESTA,mesta,0,0,0,0
2010,28,RAMNAGAR,5,MAGADI,TOBACCO,tobacco,0,0,0,0
2010,28,RAMNAGAR,5,MAGADI,GUAR,guar,0,0,0,0
2010,28,RAMNAGAR,5,MAGADI,COFFEE,coffee,0,0,0,0
2010,28,RAMNAGAR,5,MAGADI,GROSS CROPPED AREA,,56876,6048,38971,45019
2010,28,RAMNAGAR,6,RAMANAGAR,PADDY,rice,1260,481,85,566
2010,28,RAMNAGAR,6,RAMANAGAR,JOWAR,jowar,6529,36,457,493
2010,28,RAMNAGAR,6,RAMANAGAR,BAJRA,bajra,0,0,0,0
2010,28,RAMNAGAR,6,RAMANAGAR,MAIZE,maize,84,41,2,43
2010,28,RAMNAGAR,6,RAMANAGAR,RAGI,ragi,19616,111,11519,11630
2010,28,RAMNAGAR,6,RAMANAGAR,WHEAT,wheat,108,9,105,115
2010,28,RAMNAGAR,6,RAMANAGAR,BARLEY,barley,5,0,4,4
2010,28,RAMNAGAR,6,RAMANAGAR,GRAM,chickpea,20,0,12,12
2010,28,RAMNAGAR,6,RAMANAGAR,TUR (ARHAR),pigeonpea (tur),5593,7,418,424
2010,28,RAMNAGAR,6,RAMANAGAR,URAD,black gram,5,0,0,0
2010,28,RAMNAGAR,6,RAMANAGAR,MOONG,green gram,0,0,0,0
2010,28,RAMNAGAR,6,RAMANAGAR,MASUR,lentil,10,0,2,2
2010,28,RAMNAGAR,6,RAMANAGAR,HORSEGRAM,horse gram,3478,12,1431,1444
2010,28,RAMNAGAR,6,RAMANAGAR,MOTH,moth bean,0,0,0,0
2010,28,RAMNAGAR,6,RAMANAGAR,SUGARCANE,sugarcane,0,0,0,0
2010,28,RAMNAGAR,6,RAMANAGAR,PEPPER (BLACK),black pepper,40,0,25,25
2010,28,RAMNAGAR,6,RAMANAGAR,CHILLIES,chilli,6,0,0,0
2010,28,RAMNAGAR,6,RAMANAGAR,GINGER,ginger,0,0,0,0
2010,28,RAMNAGAR,6,RAMANAGAR,TURMERIC,turmeric,0,0,0,0
2010,28,RAMNAGAR,6,RAMANAGAR,BETELNUTS (ARECANUTS),arecanut,94,37,0,37
2010,28,RAMNAGAR,6,RAMANAGAR,MANGOES,mango,8229,19,9290,9309
2010,28,RAMNAGAR,6,RAMANAGAR,BANANA,banana,313,118,8,126
2010,28,RAMNAGAR,6,RAMANAGAR,TABLE GRAPES,grapes,0,0,0,0
2010,28,RAMNAGAR,6,RAMANAGAR,WINE GRAPES (BLACK),grapes,0,0,0,0
2010,28,RAMNAGAR,6,RAMANAGAR,CASHEWNUTS,cashewnut,0,0,0,0
2010,28,RAMNAGAR,6,RAMANAGAR,POTATO,potato,0,0,0,0
2010,28,RAMNAGAR,6,RAMANAGAR,TAPIOCA (CASSAVA),tapioca,0,0,0,0
2010,28,RAMNAGAR,6,RAMANAGAR,SWEET POTATO,sweet potato,0,0,0,0
2010,28,RAMNAGAR,6,RAMANAGAR,ONION,onion,0,0,0,0
2010,28,RAMNAGAR,6,RAMANAGAR,TOMATO,tomato,20,4,5,9
2010,28,RAMNAGAR,6,RAMANAGAR,GROUNDNUT,groundnut,143,2,79,82
2010,28,RAMNAGAR,6,RAMANAGAR,CASTORSEED,castor,2238,0,64,64
2010,28,RAMNAGAR,6,RAMANAGAR,SESAMUM (TIL),sesame,16,2,2,4
2010,28,RAMNAGAR,6,RAMANAGAR,RAPESEED & MUSTARD (TORIA/TARAMIRA),mustard,2542,0,57,57
2010,28,RAMNAGAR,6,RAMANAGAR,LINSEED,linseed,5,5,0,5
2010,28,RAMNAGAR,6,RAMANAGAR,COCONUT,coconut,1703,906,169,1076
2010,28,RAMNAGAR,6,RAMANAGAR,SUNFLOWER,sunflower,0,0,0,0
2010,28,RAMNAGAR,6,RAMANAGAR,SOYABEAN,soybean,22,0,1,1
2010,28,RAMNAGAR,6,RAMANAGAR,NIGERSEED,niger seed,3437,1,136,137
2010,28,RAMNAGAR,6,RAMANAGAR,COTTON,cotton,0,0,0,0
2010,28,RAMNAGAR,6,RAMANAGAR,JUTE,jute,0,0,0,0
2010,28,RAMNAGAR,6,RAMANAGAR,MESTA,mesta,0,0,0,0
2010,28,RAMNAGAR,6,RAMANAGAR,TOBACCO,tobacco,0,0,0,0
2010,28,RAMNAGAR,6,RAMANAGAR,GUAR,guar,0,0,0,0
2010,28,RAMNAGAR,6,RAMANAGAR,COFFEE,coffee,0,0,0,0
2010,28,RAMNAGAR,6,RAMANAGAR,GROSS CROPPED AREA,,38218,2544,24538,27082
2010,15,SHIMOGA,7,BHADRAVATHI,PADDY,rice,14026,15701,245,15945
2010,15,SHIMOGA,7,BHADRAVATHI,JOWAR,jowar,0,0,0,0
2010,15,SHIMOGA,7,BHADRAVATHI,BAJRA,bajra,0,0,0,0
2010,15,SHIMOGA,7,BHADRAVATHI,MAIZE,maize,3684,104,3000,3104
2010,15,SHIMOGA,7,BHADRAVATHI,RAGI,ragi,517,7,215,222
2010,15,SHIMOGA,7,BHADRAVATHI,WHEAT,wheat,5,3,0,3
2010,15,SHIMOGA,7,BHADRAVATHI,BARLEY,barley,5,0,11,11
2010,15,SHIMOGA,7,BHADRAVATHI,GRAM,chickpea,0,0,0,0
2010,15,SHIMOGA,7,BHADRAVATHI,TUR (ARHAR),pigeonpea (tur),40,0,2,2
2010,15,SHIMOGA,7,BHADRAVATHI,URAD,black gram,0,0,0,0
2010,15,SHIMOGA,7,BHADRAVATHI,MOONG,green gram,0,0,0,0
2010,15,SHIMOGA,7,BHADRAVATHI,MASUR,lentil,0,0,0,0
2010,15,SHIMOGA,7,BHADRAVATHI,HORSEGRAM,horse gram,0,0,0,0
2010,15,SHIMOGA,7,BHADRAVATHI,MOTH,moth bean,0,0,0,0
2010,15,SHIMOGA,7,BHADRAVATHI,SUGARCANE,sugarcane,4948,2926,0,2926
2010,15,SHIMOGA,7,BHADRAVATHI,PEPPER (BLACK),black pepper,10,16,0,16
2010,15,SHIMOGA,7,BHADRAVATHI,CHILLIES,chilli,0,0,0,0
2010,15,SHIMOGA,7,BHADRAVATHI,GINGER,ginger,11,0,4,4
2010,15,SHIMOGA,7,BHADRAVATHI,TURMERIC,turmeric,0,0,0,0
2010,15,SHIMOGA,7,BHADRAVATHI,BETELNUTS (ARECANUTS),arecanut,17023,14690,59,14750
2010,15,SHIMOGA,7,BHADRAVATHI,MANGOES,mango,90,15,24,39
2010,15,SHIMOGA,7,BHADRAVATHI,BANANA,banana,490,196,0,196
2010,15,SHIMOGA,7,BHADRAVATHI,TABLE GRAPES,grapes,18,8,0,8
2010,15,SHIMOGA,7,BHADRAVATHI,WINE GRAPES (BLACK),grapes,0,0,0,0
2010,15,SHIMOGA,7,BHADRAVATHI,CASHEWNUTS,cashewnut,0,0,0,0
2010,15,SHIMOGA,7,BHADRAVATHI,POTATO,potato,0,0,0,0
2010,15,SHIMOGA,7,BHADRAVATHI,TAPIOCA (CASSAVA),tapioca,0,0,0,0
2010,15,SHIMOGA,7,BHADRAVATHI,SWEET POTATO,sweet potato,0,0,0,0
2010,15,SHIMOGA,7,BHADRAVATHI,ONION,onion,0,0,0,0
2010,15,SHIMOGA,7,BHADRAVATHI,TOMATO,tomato,0,0,0,0
2010,15,SHIMOGA,7,BHADRAVATHI,GROUNDNUT,groundnut,5,0,1,1
2010,15,SHIMOGA,7,BHADRAVATHI,CASTORSEED,castor,0,0,0,0
2010,15,SHIMOGA,7,BHADRAVATHI,SESAMUM (TIL),sesame,0,0,0,0
2010,15,SHIMOGA,7,BHADRAVATHI,RAPESEED & MUSTARD (TORIA/TARAMIRA),mustard,0,0,0,0
2010,15,SHIMOGA,7,BHADRAVATHI,LINSEED,linseed,0,0,0,0
2010,15,SHIMOGA,7,BHADRAVATHI,COCONUT,coconut,3915,1318,357,1674
2010,15,SHIMOGA,7,BHADRAVATHI,SUNFLOWER,sunflower,0,0,0,0
2010,15,SHIMOGA,7,BHADRAVATHI,SOYABEAN,soybean,0,0,0,0
2010,15,SHIMOGA,7,BHADRAVATHI,NIGERSEED,niger seed,0,0,0,0
2010,15,SHIMOGA,7,BHADRAVATHI,COTTON,cotton,87,0,94,94
2010,15,SHIMOGA,7,BHADRAVATHI,JUTE,jute,0,0,0,0
2010,15,SHIMOGA,7,BHADRAVATHI,MESTA,mesta,0,0,0,0
2010,15,SHIMOGA,7,BHADRAVATHI,TOBACCO,tobacco,0,0,0,0
2010,15,SHIMOGA,7,BHADRAVATHI,GUAR,guar,0,0,0,0
2010,15,SHIMOGA,7,BHADRAVATHI,COFFEE,coffee,0,0,0,0
2010,15,SHIMOGA,7,BHADRAVATHI,GROSS CROPPED AREA,,37510,35130,4068,39199
2010,15,SHIMOGA,4,HOSANAGARA,PADDY,rice,13612,1747,11548,13295
2010,15,SHIMOGA,4,HOSANAGARA,JOWAR,jowar,93,9,83,93
2010,15,SHIMOGA,4,HOSANAGARA,BAJRA,bajra,4,0,2,2
2010,15,SHIMOGA,4,HOSANAGARA,MAIZE,maize,539,9,415,424
2010,15,SHIMOGA,4,HOSANAGARA,RAGI,ragi,5,0,2,2
2010,15,SHIMOGA,4,HOSANAGARA,WHEAT,wheat,0,0,0,0
2010,15,SHIMOGA,4,HOSANAGARA,BARLEY,barley,0,0,0,0
2010,15,SHIMOGA,4,HOSANAGARA,GRAM,chickpea,0,0,0,0
2010,15,SHIMOGA,4,HOSANAGARA,TUR (ARHAR),pigeonpea (tur),0,0,0,0
2010,15,SHIMOGA,4,HOSANAGARA,URAD,black gram,0,0,0,0
2010,15,SHIMOGA,4,HOSANAGARA,MOONG,green gram,0,0,0,0
2010,15,SHIMOGA,4,HOSANAGARA,MASUR,lentil,0,0,0,0
2010,15,SHIMOGA,4,HOSANAGARA,HORSEGRAM,horse gram,0,0,0,0
2010,15,SHIMOGA,4,HOSANAGARA,MOTH,moth bean,0,0,0,0
2010,15,SHIMOGA,4,HOSANAGARA,SUGARCANE,sugarcane,332,58,0,58
2010,15,SHIMOGA,4,HOSANAGARA,PEPPER (BLACK),black pepper,67,5,7,12
2010,15,SHIMOGA,4,HOSANAGARA,CHILLIES,chilli,0,0,0,0
2010,15,SHIMOGA,4,HOSANAGARA,GINGER,ginger,2996,176,1203,1379
2010,15,SHIMOGA,4,HOSANAGARA,TURMERIC,turmeric,127,6,23,29
2010,15,SHIMOGA,4,HOSANAGARA,BETELNUTS (ARECANUTS),arecanut,6850,1395,1937,3332
2010,15,SHIMOGA,4,HOSANAGARA,MANGOES,mango,6,0,1,1
2010,15,SHIMOGA,4,HOSANAGARA,BANANA,banana,678,59,86,145
2010,15,SHIMOGA,4,HOSANAGARA,TABLE GRAPES,grapes,0,0,0,0
2010,15,SHIMOGA,4,HOSANAGARA,WINE GRAPES (BLACK),grapes,0,0,0,0
2010,15,SHIMOGA,4,HOSANAGARA,CASHEWNUTS,cashewnut,303,15,176,191
2010,15,SHIMOGA,4,HOSANAGARA,POTATO,potato,0,0,0,0
2010,15,SHIMOGA,4,HOSANAGARA,TAPIOCA (CASSAVA),tapioca,0,0,0,0
2010,15,SHIMOGA,4,HOSANAGARA,SWEET POTATO,sweet potato,0,0,0,0
2010,15,SHIMOGA,4,HOSANAGARA,ONION,onion,0,0,0,0
2010,15,SHIMOGA,4,HOSANAGARA,TOMATO,tomato,0,0,0,0
2010,15,SHIMOGA,4,HOSANAGARA,GROUNDNUT,groundnut,0,0,0,0
2010,15,SHIMOGA,4,HOSANAGARA,CASTORSEED,castor,0,0,0,0
2010,15,SHIMOGA,4,HOSANAGARA,SESAMUM (TIL),sesame,0,0,0,0
2010,15,SHIMOGA,4,HOSANAGARA,RAPESEED & MUSTARD (TORIA/TARAMIRA),mustard,0,0,0,0
2010,15,SHIMOGA,4,HOSANAGARA,LINSEED,linseed,12,0,6,6
2010,15,SHIMOGA,4,HOSANAGARA,COCONUT,coconut,1230,36,582,618
2010,15,SHIMOGA,4,HOSANAGARA,SUNFLOWER,sunflower,0,0,0,0
2010,15,SHIMOGA,4,HOSANAGARA,SOYABEAN,soybean,0,0,0,0
2010,15,SHIMOGA,4,HOSANAGARA,NIGERSEED,niger seed,0,0,0,0
2010,15,SHIMOGA,4,HOSANAGARA,COTTON,cotton,0,0,0,0
2010,15,SHIMOGA,4,HOSANAGARA,JUTE,jute,0,0,0,0
2010,15,SHIMOGA,4,HOSANAGARA,MESTA,mesta,0,0,0,0
2010,15,SHIMOGA,4,HOSANAGARA,TOBACCO,tobacco,0,0,0,0
2010,15,SHIMOGA,4,HOSANAGARA,GUAR,guar,4,0,0,0
2010,15,SHIMOGA,4,HOSANAGARA,COFFEE,coffee,0,0,0,0
2010,15,SHIMOGA,4,HOSANAGARA,GROSS CROPPED AREA,,16463,3601,17576,21178
2010,15,SHIMOGA,1,SAGARA,PADDY,rice,17919,8253,5437,13690
2010,15,SHIMOGA,1,SAGARA,JOWAR,jowar,118,7,43,50
2010,15,SHIMOGA,1,SAGARA,BAJRA,bajra,0,0,0,0
2010,15,SHIMOGA,1,SAGARA,MAIZE,maize,3023,361,2023,2384
2010,15,SHIMOGA,1,SAGARA,RAGI,ragi,0,0,0,0
2010,15,SHIMOGA,1,SAGARA,WHEAT,wheat,0,0,0,0
2010,15,SHIMOGA,1,SAGARA,BARLEY,barley,5,1,0,1
2010,15,SHIMOGA,1,SAGARA,GRAM,chickpea,11,1,0,1
2010,15,SHIMOGA,1,SAGARA,TUR (ARHAR),pigeonpea (tur),0,0,0,0
2010,15,SHIMOGA,1,SAGARA,URAD,black gram,0,0,0,0
2010,15,SHIMOGA,1,SAGARA,MOONG,green gram,0,0,0,0
2010,15,SHIMOGA,1,SAGARA,MASUR,lentil,0,0,0,0
2010,15,SHIMOGA,1,SAGARA,HORSEGRAM,horse gram,0,0,0,0
2010,15,SHIMOGA,1,SAGARA,MOTH,moth bean,0,0,0,0
2010,15,SHIMOGA,1,SAGARA,SUGARCANE,sugarcane,587,70,0,70
2010,15,SHIMOGA,1,SAGARA,PEPPER (BLACK),black pepper,2793,149,38,186
2010,15,SHIMOGA,1,SAGARA,CHILLIES,chilli,475,20,5,25
2010,15,SHIMOGA,1,SAGARA,GINGER,ginger,3104,402,500,902
2010,15,SHIMOGA,1,SAGARA,TURMERIC,turmeric,32,5,0,5
2010,15,SHIMOGA,1,SAGARA,BETELNUTS (ARECANUTS),arecanut,13722,5825,792,6617
2010,15,SHIMOGA,1,SAGARA,MANGOES,mango,208,61,45,107
2010,15,SHIMOGA,1,SAGARA,BANANA,banana,5200,816,220,1036
2010,15,SHIMOGA,1,SAGARA,TABLE GRAPES,grapes,0,0,0,0
2010,15,SHIMOGA,1,SAGARA,WINE GRAPES (BLACK),grapes,0,0,0,0
2010,15,SHIMOGA,1,SAGARA,CASHEWNUTS,cashewnut,982,70,453,523
2010,15,SHIMOGA,1,SAGARA,POTATO,potato,0,0,0,0
2010,15,SHIMOGA,1,SAGARA,TAPIOCA (CASSAVA),tapioca,0,0,0,0
2010,15,SHIMOGA,1,SAGARA,SWEET POTATO,sweet potato,0,0,0,0
2010,15,SHIMOGA,1,SAGARA,ONION,onion,0,0,0,0
2010,15,SHIMOGA,1,SAGARA,TOMATO,tomato,0,0,0,0
2010,15,SHIMOGA,1,SAGARA,GROUNDNUT,groundnut,39,0,15,15
2010,15,SHIMOGA,1,SAGARA,CASTORSEED,castor,0,0,0,0
2010,15,SHIMOGA,1,SAGARA,SESAMUM (TIL),sesame,0,0,0,0
2010,15,SHIMOGA,1,SAGARA,RAPESEED & MUSTARD (TORIA/TARAMIRA),mustard,0,0,0,0
2010,15,SHIMOGA,1,SAGARA,LINSEED,linseed,5,8,0,8
2010,15,SHIMOGA,1,SAGARA,COCONUT,coconut,1333,289,313,602
2010,15,SHIMOGA,1,SAGARA,SUNFLOWER,sunflower,0,0,0,0
2010,15,SHIMOGA,1,SAGARA,SOYABEAN,soybean,0,0,0,0
2010,15,SHIMOGA,1,SAGARA,NIGERSEED,niger seed,0,0,0,0
2010,15,SHIMOGA,1,SAGARA,COTTON,cotton,5,0,2,2
2010,15,SHIMOGA,1,SAGARA,JUTE,jute,0,0,0,0
2010,15,SHIMOGA,1,SAGARA,MESTA,mesta,0,0,0,0
2010,15,SHIMOGA,1,SAGARA,TOBACCO,tobacco,0,0,0,0
2010,15,SHIMOGA,1,SAGARA,GUAR,guar,0,0,0,0
2010,15,SHIMOGA,1,SAGARA,COFFEE,coffee,1386,61,32,93
2010,15,SHIMOGA,1,SAGARA,GROSS CROPPED AREA,,29388,18323,12218,30541
2010,15,SHIMOGA,3,SHIKARIPURA,PADDY,rice,25638,28176,698,28873
2010,15,SHIMOGA,3,SHIKARIPURA,JOWAR,jowar,79,0,21,21
2010,15,SHIMOGA,3,SHIKARIPURA,BAJRA,bajra,0,0,0,0
2010,15,SHIMOGA,3,SHIKARIPURA,MAIZE,maize,18367,2248,17067,19315
2010,15,SHIMOGA,3,SHIKARIPURA,RAGI,ragi,190,16,38,54
2010,15,SHIMOGA,3,SHIKARIPURA,WHEAT,wheat,0,0,0,0
2010,15,SHIMOGA,3,SHIKARIPURA,BARLEY,barley,4,4,0,4
2010,15,SHIMOGA,3,SHIKARIPURA,GRAM,chickpea,0,0,0,0
2010,15,SHIMOGA,3,SHIKARIPURA,TUR (ARHAR),pigeonpea (tur),51,0,6,6
2010,15,SHIMOGA,3,SHIKARIPURA,URAD,black gram,0,0,0,0
2010,15,SHIMOGA,3,SHIKARIPURA,MOONG,green gram,975,392,147,539
2010,15,SHIMOGA,3,SHIKARIPURA,MASUR,lentil,0,0,0,0
2010,15,SHIMOGA,3,SHIKARIPURA,HORSEGRAM,horse gram,99,0,50,50
2010,15,SHIMOGA,3,SHIKARIPURA,MOTH,moth bean,0,0,0,0
2010,15,SHIMOGA,3,SHIKARIPURA,SUGARCANE,sugarcane,438,139,0,139
2010,15,SHIMOGA,3,SHIKARIPURA,PEPPER (BLACK),black pepper,18,2,1,3
2010,15,SHIMOGA,3,SHIKARIPURA,CHILLIES,chilli,57,10,4,14
2010,15,SHIMOGA,3,SHIKARIPURA,GINGER,ginger,1076,637,10,647
2010,15,SHIMOGA,3,SHIKARIPURA,TURMERIC,turmeric,35,23,0,23
2010,15,SHIMOGA,3,SHIKARIPURA,BETELNUTS (ARECANUTS),arecanut,3203,2611,268,2880
2010,15,SHIMOGA,3,SHIKARIPURA,MANGOES,mango,944,332,542,874
2010,15,SHIMOGA,3,SHIKARIPURA,BANANA,banana,592,300,4,304
2010,15,SHIMOGA,3,SHIKARIPURA,TABLE GRAPES,grapes,4,2,0,2
2010,15,SHIMOGA,3,SHIKARIPURA,WINE GRAPES (BLACK),grapes,0,0,0,0
2010,15,SHIMOGA,3,SHIKARIPURA,CASHEWNUTS,cashewnut,19,0,42,42
2010,15,SHIMOGA,3,SHIKARIPURA,POTATO,potato,0,0,0,0
2010,15,SHIMOGA,3,SHIKARIPURA,TAPIOCA (CASSAVA),tapioca,0,0,0,0
2010,15,SHIMOGA,3,SHIKARIPURA,SWEET POTATO,sweet potato,0,0,0,0
2010,15,SHIMOGA,3,SHIKARIPURA,ONION,onion,0,0,0,0
2010,15,SHIMOGA,3,SHIKARIPURA,TOMATO,tomato,82,31,0,31
2010,15,SHIMOGA,3,SHIKARIPURA,GROUNDNUT,groundnut,134,40,3,43
2010,15,SHIMOGA,3,SHIKARIPURA,CASTORSEED,castor,0,0,0,0
2010,15,SHIMOGA,3,SHIKARIPURA,SESAMUM (TIL),sesame,0,0,0,0
2010,15,SHIMOGA,3,SHIKARIPURA,RAPESEED & MUSTARD (TORIA/TARAMIRA),mustard,0,0,0,0
2010,15,SHIMOGA,3,SHIKARIPURA,LINSEED,linseed,0,0,0,0
2010,15,SHIMOGA,3,SHIKARIPURA,COCONUT,coconut,322,115,48,163
2010,15,SHIMOGA,3,SHIKARIPURA,SUNFLOWER,sunflower,232,199,8,206
2010,15,SHIMOGA,3,SHIKARIPURA,SOYABEAN,soybean,0,0,0,0
2010,15,SHIMOGA,3,SHIKARIPURA,NIGERSEED,niger seed,12,0,1,1
2010,15,SHIMOGA,3,SHIKARIPURA,COTTON,cotton,1948,289,841,1130
2010,15,SHIMOGA,3,SHIKARIPURA,JUTE,jute,0,0,0,0
2010,15,SHIMOGA,3,SHIKARIPURA,MESTA,mesta,4,0,3,3
2010,15,SHIMOGA,3,SHIKARIPURA,TOBACCO,tobacco,97,2,53,54
2010,15,SHIMOGA,3,SHIKARIPURA,GUAR,guar,0,0,0,0
2010,15,SHIMOGA,3,SHIKARIPURA,COFFEE,coffee,0,0,0,0
2010,15,SHIMOGA,3,SHIKARIPURA,GROSS CROPPED AREA,,39013,35764,19953,55716
2010,15,SHIMOGA,6,SHIMOGA,PADDY,rice,17628,16331,1734,18065
2010,15,SHIMOGA,6,SHIMOGA,JOWAR,jowar,5,0,3,3
2010,15,SHIMOGA,6,SHIMOGA,BAJRA,bajra,61,13,42,55
2010,15,SHIMOGA,6,SHIMOGA,MAIZE,maize,10346,1045,9947,10992
2010,15,SHIMOGA,6,SHIMOGA,RAGI,ragi,1120,87,587,674
2010,15,SHIMOGA,6,SHIMOGA,WHEAT,wheat,29,3,24,28
2010,15,SHIMOGA,6,SHIMOGA,BARLEY,barley,0,0,0,0
2010,15,SHIMOGA,6,SHIMOGA,GRAM,chickpea,0,0,0,0
2010,15,SHIMOGA,6,SHIMOGA,TUR (ARHAR),pigeonpea (tur),206,24,3,27
2010,15,SHIMOGA,6,SHIMOGA,URAD,black gram,8,8,0,8
2010,15,SHIMOGA,6,SHIMOGA,MOONG,green gram,0,0,0,0
2010,15,SHIMOGA,6,SHIMOGA,MASUR,lentil,0,0,0,0
2010,15,SHIMOGA,6,SHIMOGA,HORSEGRAM,horse gram,30,0,20,20
2010,15,SHIMOGA,6,SHIMOGA,MOTH,moth bean,0,0,0,0
2010,15,SHIMOGA,6,SHIMOGA,SUGARCANE,sugarcane,1256,1094,0,1094
2010,15,SHIMOGA,6,SHIMOGA,PEPPER (BLACK),black pepper,27,5,0,5
2010,15,SHIMOGA,6,SHIMOGA,CHILLIES,chilli,55,28,0,28
2010,15,SHIMOGA,6,SHIMOGA,GINGER,ginger,2674,756,190,946
2010,15,SHIMOGA,6,SHIMOGA,TURMERIC,turmeric,227,229,14,244
2010,15,SHIMOGA,6,SHIMOGA,BETELNUTS (ARECANUTS),arecanut,8478,7900,115,8015
2010,15,SHIMOGA,6,SHIMOGA,MANGOES,mango,757,145,284,429
2010,15,SHIMOGA,6,SHIMOGA,BANANA,banana,347,252,4,257
2010,15,SHIMOGA,6,SHIMOGA,TABLE GRAPES,grapes,5,0,2,2
2010,15,SHIMOGA,6,SHIMOGA,WINE GRAPES (BLACK),grapes,0,0,0,0
2010,15,SHIMOGA,6,SHIMOGA,CASHEWNUTS,cashewnut,20,17,7,24
2010,15,SHIMOGA,6,SHIMOGA,POTATO,potato,0,0,0,0
2010,15,SHIMOGA,6,SHIMOGA,TAPIOCA (CASSAVA),tapioca,11,2,0,2
2010,15,SHIMOGA,6,SHIMOGA,SWEET POTATO,sweet potato,0,0,0,0
2010,15,SHIMOGA,6,SHIMOGA,ONION,onion,0,0,0,0
2010,15,SHIMOGA,6,SHIMOGA,TOMATO,tomato,16,6,1,7
2010,15,SHIMOGA,6,SHIMOGA,GROUNDNUT,groundnut,44,0,58,58
2010,15,SHIMOGA,6,SHIMOGA,CASTORSEED,castor,0,0,0,0
2010,15,SHIMOGA,6,SHIMOGA,SESAMUM (TIL),sesame,0,0,0,0
2010,15,SHIMOGA,6,SHIMOGA,RAPESEED & MUSTARD (TORIA/TARAMIRA),mustard,0,0,0,0
2010,15,SHIMOGA,6,SHIMOGA,LINSEED,linseed,14,8,1,9
2010,15,SHIMOGA,6,SHIMOGA,COCONUT,coconut,1983,803,266,1068
2010,15,SHIMOGA,6,SHIMOGA,SUNFLOWER,sunflower,0,0,0,0
2010,15,SHIMOGA,6,SHIMOGA,SOYABEAN,soybean,0,0,0,0
2010,15,SHIMOGA,6,SHIMOGA,NIGERSEED,niger seed,17,0,2,2
2010,15,SHIMOGA,6,SHIMOGA,COTTON,cotton,169,32,99,131
2010,15,SHIMOGA,6,SHIMOGA,JUTE,jute,0,0,0,0
2010,15,SHIMOGA,6,SHIMOGA,MESTA,mesta,0,0,0,0
2010,15,SHIMOGA,6,SHIMOGA,TOBACCO,tobacco,18,0,13,13
2010,15,SHIMOGA,6,SHIMOGA,GUAR,guar,4,4,0,4
2010,15,SHIMOGA,6,SHIMOGA,COFFEE,coffee,6,2,0,2
2010,15,SHIMOGA,6,SHIMOGA,GROSS CROPPED AREA,,32201,29154,13858,43013
2010,15,SHIMOGA,2,SORABA,PADDY,rice,27991,22569,4371,26939
2010,15,SHIMOGA,2,SORABA,JOWAR,jowar,9,2,0,2
2010,15,SHIMOGA,2,SORABA,BAJRA,bajra,25,20,8,29
2010,15,SHIMOGA,2,SORABA,MAIZE,maize,8703,832,8608,9440
2010,15,SHIMOGA,2,SORABA,RAGI,ragi,5,0,10,10
2010,15,SHIMOGA,2,SORABA,WHEAT,wheat,5,10,0,10
2010,15,SHIMOGA,2,SORABA,BARLEY,barley,0,0,0,0
2010,15,SHIMOGA,2,SORABA,GRAM,chickpea,0,0,0,0
2010,15,SHIMOGA,2,SORABA,TUR (ARHAR),pigeonpea (tur),4,0,1,1
2010,15,SHIMOGA,2,SORABA,URAD,black gram,5,0,0,0
2010,15,SHIMOGA,2,SORABA,MOONG,green gram,0,0,0,0
2010,15,SHIMOGA,2,SORABA,MASUR,lentil,0,0,0,0
2010,15,SHIMOGA,2,SORABA,HORSEGRAM,horse gram,20,0,11,11
2010,15,SHIMOGA,2,SORABA,MOTH,moth bean,0,0,0,0
2010,15,SHIMOGA,2,SORABA,SUGARCANE,sugarcane,552,63,0,63
2010,15,SHIMOGA,2,SORABA,PEPPER (BLACK),black pepper,19,11,0,11
2010,15,SHIMOGA,2,SORABA,CHILLIES,chilli,15,8,0,8
2010,15,SHIMOGA,2,SORABA,GINGER,ginger,3642,1632,173,1804
2010,15,SHIMOGA,2,SORABA,TURMERIC,turmeric,427,124,39,163
2010,15,SHIMOGA,2,SORABA,BETELNUTS (ARECANUTS),arecanut,6994,4465,199,4664
2010,15,SHIMOGA,2,SORABA,MANGOES,mango,2145,330,2303,2633
2010,15,SHIMOGA,2,SORABA,BANANA,banana,1965,1087,3,1090
2010,15,SHIMOGA,2,SORABA,TABLE GRAPES,grapes,31,18,0,18
2010,15,SHIMOGA,2,SORABA,WINE GRAPES (BLACK),grapes,0,0,0,0
2010,15,SHIMOGA,2,SORABA,CASHEWNUTS,cashewnut,131,0,171,171
2010,15,SHIMOGA,2,SORABA,POTATO,potato,0,0,0,0
2010,15,SHIMOGA,2,SORABA,TAPIOCA (CASSAVA),tapioca,5,10,0,10
2010,15,SHIMOGA,2,SORABA,SWEET POTATO,sweet potato,0,0,0,0
2010,15,SHIMOGA,2,SORABA,ONION,onion,0,0,0,0
2010,15,SHIMOGA,2,SORABA,TOMATO,tomato,0,0,0,0
2010,15,SHIMOGA,2,SORABA,GROUNDNUT,groundnut,104,3,39,42
2010,15,SHIMOGA,2,SORABA,CASTORSEED,castor,0,0,0,0
2010,15,SHIMOGA,2,SORABA,SESAMUM (TIL),sesame,5,4,0,4
2010,15,SHIMOGA,2,SORABA,RAPESEED & MUSTARD (TORIA/TARAMIRA),mustard,0,0,0,0
2010,15,SHIMOGA,2,SORABA,LINSEED,linseed,0,0,0,0
2010,15,SHIMOGA,2,SORABA,COCONUT,coconut,319,184,70,254
2010,15,SHIMOGA,2,SORABA,SUNFLOWER,sunflower,0,0,0,0
2010,15,SHIMOGA,2,SORABA,SOYABEAN,soybean,0,0,0,0
2010,15,SHIMOGA,2,SORABA,NIGERSEED,niger seed,3,0,2,2
2010,15,SHIMOGA,2,SORABA,COTTON,cotton,332,73,186,259
2010,15,SHIMOGA,2,SORABA,JUTE,jute,0,0,0,0
2010,15,SHIMOGA,2,SORABA,MESTA,mesta,0,0,0,0
2010,15,SHIMOGA,2,SORABA,TOBACCO,tobacco,0,0,0,0
2010,15,SHIMOGA,2,SORABA,GUAR,guar,0,0,0,0
2010,15,SHIMOGA,2,SORABA,COFFEE,coffee,9,2,1,3
2010,15,SHIMOGA,2,SORABA,GROSS CROPPED AREA,,35306,32360,17330,49690
2010,15,SHIMOGA,5,THIRTHAHALLI,PADDY,rice,17793,4923,8471,13394
2010,15,SHIMOGA,5,THIRTHAHALLI,JOWAR,jowar,219,24,107,131
2010,15,SHIMOGA,5,THIRTHAHALLI,BAJRA,bajra,379,70,365,435
2010,15,SHIMOGA,5,THIRTHAHALLI,MAIZE,maize,684,391,703,1094
2010,15,SHIMOGA,5,THIRTHAHALLI,RAGI,ragi,13,0,1,1
2010,15,SHIMOGA,5,THIRTHAHALLI,WHEAT,wheat,0,0,0,0
2010,15,SHIMOGA,5,THIRTHAHALLI,BARLEY,barley,0,0,0,0
2010,15,SHIMOGA,5,THIRTHAHALLI,GRAM,chickpea,5,0,0,0
2010,15,SHIMOGA,5,THIRTHAHALLI,TUR (ARHAR),pigeonpea (tur),139,15,57,72
2010,15,SHIMOGA,5,THIRTHAHALLI,URAD,black gram,0,0,0,0
2010,15,SHIMOGA,5,THIRTHAHALLI,MOONG,green gram,0,0,0,0
2010,15,SHIMOGA,5,THIRTHAHALLI,MASUR,lentil,0,0,0,0
2010,15,SHIMOGA,5,THIRTHAHALLI,HORSEGRAM,horse gram,43,1,28,29
2010,15,SHIMOGA,5,THIRTHAHALLI,MOTH,moth bean,0,0,0,0
2010,15,SHIMOGA,5,THIRTHAHALLI,SUGARCANE,sugarcane,121,12,0,12
2010,15,SHIMOGA,5,THIRTHAHALLI,PEPPER (BLACK),black pepper,1426,159,10,169
2010,15,SHIMOGA,5,THIRTHAHALLI,CHILLIES,chilli,5,2,0,2
2010,15,SHIMOGA,5,THIRTHAHALLI,GINGER,ginger,342,18,88,106
2010,15,SHIMOGA,5,THIRTHAHALLI,TURMERIC,turmeric,10,0,1,1
2010,15,SHIMOGA,5,THIRTHAHALLI,BETELNUTS (ARECANUTS),arecanut,13662,6155,1427,7581
2010,15,SHIMOGA,5,THIRTHAHALLI,MANGOES,mango,22,4,8,12
2010,15,SHIMOGA,5,THIRTHAHALLI,BANANA,banana,2254,397,54,452
2010,15,SHIMOGA,5,THIRTHAHALLI,TABLE GRAPES,grapes,0,0,0,0
2010,15,SHIMOGA,5,THIRTHAHALLI,WINE GRAPES (BLACK),grapes,0,0,0,0
2010,15,SHIMOGA,5,THIRTHAHALLI,CASHEWNUTS,cashewnut,260,12,243,255
2010,15,SHIMOGA,5,THIRTHAHALLI,POTATO,potato,0,0,0,0
2010,15,SHIMOGA,5,THIRTHAHALLI,TAPIOCA (CASSAVA),tapioca,0,0,0,0
2010,15,SHIMOGA,5,THIRTHAHALLI,SWEET POTATO,sweet potato,0,0,0,0
2010,15,SHIMOGA,5,THIRTHAHALLI,ONION,onion,0,0,0,0
2010,15,SHIMOGA,5,THIRTHAHALLI,TOMATO,tomato,0,0,0,0
2010,15,SHIMOGA,5,THIRTHAHALLI,GROUNDNUT,groundnut,178,55,116,171
2010,15,SHIMOGA,5,THIRTHAHALLI,CASTORSEED,castor,0,0,0,0
2010,15,SHIMOGA,5,THIRTHAHALLI,SESAMUM (TIL),sesame,151,39,101,140
2010,15,SHIMOGA,5,THIRTHAHALLI,RAPESEED & MUSTARD (TORIA/TARAMIRA),mustard,0,0,0,0
2010,15,SHIMOGA,5,THIRTHAHALLI,LINSEED,linseed,0,0,0,0
2010,15,SHIMOGA,5,THIRTHAHALLI,COCONUT,coconut,542,64,200,263
2010,15,SHIMOGA,5,THIRTHAHALLI,SUNFLOWER,sunflower,43,3,34,37
2010,15,SHIMOGA,5,THIRTHAHALLI,SOYABEAN,soybean,0,0,0,0
2010,15,SHIMOGA,5,THIRTHAHALLI,NIGERSEED,niger seed,0,0,0,0
2010,15,SHIMOGA,5,THIRTHAHALLI,COTTON,cotton,5,0,2,2
2010,15,SHIMOGA,5,THIRTHAHALLI,JUTE,jute,0,0,0,0
2010,15,SHIMOGA,5,THIRTHAHALLI,MESTA,mesta,0,0,0,0
2010,15,SHIMOGA,5,THIRTHAHALLI,TOBACCO,tobacco,0,0,0,0
2010,15,SHIMOGA,5,THIRTHAHALLI,GUAR,guar,0,0,0,0
2010,15,SHIMOGA,5,THIRTHAHALLI,COFFEE,coffee,162,47,117,164
2010,15,SHIMOGA,5,THIRTHAHALLI,GROSS CROPPED AREA,,24127,12684,13019,25703
2010,18,TUMKUR,1,CHIKKANAYAKANAHALLI,PADDY,rice,981,347,100,447
2010,18,TUMKUR,1,CHIKKANAYAKANAHALLI,JOWAR,jowar,6809,15,2012,2028
2010,18,TUMKUR,1,CHIKKANAYAKANAHALLI,BAJRA,bajra,145,6,42,48
2010,18,TUMKUR,1,CHIKKANAYAKANAHALLI,MAIZE,maize,27,0,7,7
2010,18,TUMKUR,1,CHIKKANAYAKANAHALLI,RAGI,ragi,28833,403,27279,27681
2010,18,TUMKUR,1,CHIKKANAYAKANAHALLI,WHEAT,wheat,214,49,219,269
2010,18,TUMKUR,1,CHIKKANAYAKANAHALLI,BARLEY,barley,95,3,76,79
2010,18,TUMKUR,1,CHIKKANAYAKANAHALLI,GRAM,chickpea,22,0,5,5
2010,18,TUMKUR,1,CHIKKANAYAKANAHALLI,TUR (ARHAR),pigeonpea (tur),6501,12,1584,1596
2010,18,TUMKUR,1,CHIKKANAYAKANAHALLI,URAD,black gram,46,0,2,2
2010,18,TUMKUR,1,CHIKKANAYAKANAHALLI,MOONG,green gram,3954,13,1925,1937
2010,18,TUMKUR,1,CHIKKANAYAKANAHALLI,MASUR,lentil,23,0,22,22
2010,18,TUMKUR,1,CHIKKANAYAKANAHALLI,HORSEGRAM,horse gram,10326,17,3450,3467
2010,18,TUMKUR,1,CHIKKANAYAKANAHALLI,MOTH,moth bean,0,0,0,0
2010,18,TUMKUR,1,CHIKKANAYAKANAHALLI,SUGARCANE,sugarcane,0,0,0,0
2010,18,TUMKUR,1,CHIKKANAYAKANAHALLI,PEPPER (BLACK),black pepper,21,0,1,1
2010,18,TUMKUR,1,CHIKKANAYAKANAHALLI,CHILLIES,chilli,392,8,90,98
2010,18,TUMKUR,1,CHIKKANAYAKANAHALLI,GINGER,ginger,0,0,0,0
2010,18,TUMKUR,1,CHIKKANAYAKANAHALLI,TURMERIC,turmeric,10,4,2,6
2010,18,TUMKUR,1,CHIKKANAYAKANAHALLI,BETELNUTS (ARECANUTS),arecanut,2460,1038,496,1534
2010,18,TUMKUR,1,CHIKKANAYAKANAHALLI,MANGOES,mango,78,5,36,41
2010,18,TUMKUR,1,CHIKKANAYAKANAHALLI,BANANA,banana,336,44,24,68
2010,18,TUMKUR,1,CHIKKANAYAKANAHALLI,TABLE GRAPES,grapes,0,0,0,0
2010,18,TUMKUR,1,CHIKKANAYAKANAHALLI,WINE GRAPES (BLACK),grapes,0,0,0,0
2010,18,TUMKUR,1,CHIKKANAYAKANAHALLI,CASHEWNUTS,cashewnut,6,7,0,7
2010,18,TUMKUR,1,CHIKKANAYAKANAHALLI,POTATO,potato,0,0,0,0
2010,18,TUMKUR,1,CHIKKANAYAKANAHALLI,TAPIOCA (CASSAVA),tapioca,0,0,0,0
2010,18,TUMKUR,1,CHIKKANAYAKANAHALLI,SWEET POTATO,sweet potato,0,0,0,0
2010,18,TUMKUR,1,CHIKKANAYAKANAHALLI,ONION,onion,3,0,2,2
2010,18,TUMKUR,1,CHIKKANAYAKANAHALLI,TOMATO,tomato,63,7,10,17
2010,18,TUMKUR,1,CHIKKANAYAKANAHALLI,GROUNDNUT,groundnut,367,21,197,218
2010,18,TUMKUR,1,CHIKKANAYAKANAHALLI,CASTORSEED,castor,904,10,168,179
2010,18,TUMKUR,1,CHIKKANAYAKANAHALLI,SESAMUM (TIL),sesame,615,0,164,164
2010,18,TUMKUR,1,CHIKKANAYAKANAHALLI,RAPESEED & MUSTARD (TORIA/TARAMIRA),mustard,0,0,0,0
2010,18,TUMKUR,1,CHIKKANAYAKANAHALLI,LINSEED,linseed,469,281,131,412
2010,18,TUMKUR,1,CHIKKANAYAKANAHALLI,COCONUT,coconut,19060,5250,13331,18581
2010,18,TUMKUR,1,CHIKKANAYAKANAHALLI,SUNFLOWER,sunflower,0,0,0,0
2010,18,TUMKUR,1,CHIKKANAYAKANAHALLI,SOYABEAN,soybean,36,6,34,40
2010,18,TUMKUR,1,CHIKKANAYAKANAHALLI,NIGERSEED,niger seed,1681,4,264,267
2010,18,TUMKUR,1,CHIKKANAYAKANAHALLI,COTTON,cotton,49,10,8,19
2010,18,TUMKUR,1,CHIKKANAYAKANAHALLI,JUTE,jute,0,0,0,0
2010,18,TUMKUR,1,CHIKKANAYAKANAHALLI,MESTA,mesta,0,0,0,0
2010,18,TUMKUR,1,CHIKKANAYAKANAHALLI,TOBACCO,tobacco,0,0,0,0
2010,18,TUMKUR,1,CHIKKANAYAKANAHALLI,GUAR,guar,0,0,0,0
2010,18,TUMKUR,1,CHIKKANAYAKANAHALLI,COFFEE,coffee,0,0,0,0
2010,18,TUMKUR,1,CHIKKANAYAKANAHALLI,GROSS CROPPED AREA,,40671,7772,53151,60923
2010,18,TUMKUR,7,GUBBI,PADDY,rice,2314,776,263,1038
2010,18,TUMKUR,7,GUBBI,JOWAR,jowar,6960,77,838,915
2010,18,TUMKUR,7,GUBBI,BAJRA,bajra,24,2,2,4
2010,18,TUMKUR,7,GUBBI,MAIZE,maize,77,14,30,45
2010,18,TUMKUR,7,GUBBI,RAGI,ragi,29169,1495,20572,22067
2010,18,TUMKUR,7,GUBBI,WHEAT,wheat,558,498,84,581
2010,18,TUMKUR,7,GUBBI,BARLEY,barley,49,19,9,28
2010,18,TUMKUR,7,GUBBI,GRAM,chickpea,0,0,0,0
2010,18,TUMKUR,7,GUBBI,TUR (ARHAR),pigeonpea (tur),2649,79,243,322
2010,18,TUMKUR,7,GUBBI,URAD,black gram,11,0,2,2
2010,18,TUMKUR,7,GUBBI,MOONG,green gram,56,0,25,25
2010,18,TUMKUR,7,GUBBI,MASUR,lentil,9,0,1,1
2010,18,TUMKUR,7,GUBBI,HORSEGRAM,horse gram,3627,114,1668,1782
2010,18,TUMKUR,7,GUBBI,MOTH,moth bean,4,0,0,0
2010,18,TUMKUR,7,GUBBI,SUGARCANE,sugarcane,0,0,0,0
2010,18,TUMKUR,7,GUBBI,PEPPER (BLACK),black pepper,199,116,20,136
2010,18,TUMKUR,7,GUBBI,CHILLIES,chilli,145,30,3,33
2010,18,TUMKUR,7,GUBBI,GINGER,ginger,10,7,0,7
2010,18,TUMKUR,7,GUBBI,TURMERIC,turmeric,29,21,0,21
2010,18,TUMKUR,7,GUBBI,BETELNUTS (ARECANUTS),arecanut,13454,6639,848,7487
2010,18,TUMKUR,7,GUBBI,MANGOES,mango,5697,198,4131,4329
2010,18,TUMKUR,7,GUBBI,BANANA,banana,3408,1042,170,1213
2010,18,TUMKUR,7,GUBBI,TABLE GRAPES,grapes,28,2,14,16
2010,18,TUMKUR,7,GUBBI,WINE GRAPES (BLACK),grapes,0,0,0,0
2010,18,TUMKUR,7,GUBBI,CASHEWNUTS,cashewnut,0,0,0,0
2010,18,TUMKUR,7,GUBBI,POTATO,potato,0,0,0,0
2010,18,TUMKUR,7,GUBBI,TAPIOCA (CASSAVA),tapioca,0,0,0,0
2010,18,TUMKUR,7,GUBBI,SWEET POTATO,sweet potato,10,0,2,2
2010,18,TUMKUR,7,GUBBI,ONION,onion,0,0,0,0
2010,18,TUMKUR,7,GUBBI,TOMATO,tomato,79,20,11,31
2010,18,TUMKUR,7,GUBBI,GROUNDNUT,groundnut,419,17,296,313
2010,18,TUMKUR,7,GUBBI,CASTORSEED,castor,98,0,8,8
2010,18,TUMKUR,7,GUBBI,SESAMUM (TIL),sesame,3,1,0,1
2010,18,TUMKUR,7,GUBBI,RAPESEED & MUSTARD (TORIA/TARAMIRA),mustard,130,7,5,12
2010,18,TUMKUR,7,GUBBI,LINSEED,linseed,278,166,99,264
2010,18,TUMKUR,7,GUBBI,COCONUT,coconut,23190,18415,5494,23908
2010,18,TUMKUR,7,GUBBI,SUNFLOWER,sunflower,9,5,0,5
2010,18,TUMKUR,7,GUBBI,SOYABEAN,soybean,45,63,3,66
2010,18,TUMKUR,7,GUBBI,NIGERSEED,niger seed,113,2,6,8
2010,18,TUMKUR,7,GUBBI,COTTON,cotton,0,0,0,0
2010,18,TUMKUR,7,GUBBI,JUTE,jute,0,0,0,0
2010,18,TUMKUR,7,GUBBI,MESTA,mesta,0,0,0,0
2010,18,TUMKUR,7,GUBBI,TOBACCO,tobacco,0,0,0,0
2010,18,TUMKUR,7,GUBBI,GUAR,guar,0,0,0,0
2010,18,TUMKUR,7,GUBBI,COFFEE,coffee,0,0,0,0
2010,18,TUMKUR,7,GUBBI,GROSS CROPPED AREA,,52023,30167,36375,66542
2010,18,TUMKUR,5,KORATAGERE,PADDY,rice,2335,1030,300,1329
2010,18,TUMKUR,5,KORATAGERE,JOWAR,jowar,2978,8,554,563
2010,18,TUMKUR,5,KORATAGERE,BAJRA,bajra,155,57,8,66
2010,18,TUMKUR,5,KORATAGERE,MAIZE,maize,13201,835,10939,11774
2010,18,TUMKUR,5,KORATAGERE,RAGI,ragi,16730,394,9244,9638
2010,18,TUMKUR,5,KORATAGERE,WHEAT,wheat,76,15,14,28
2010,18,TUMKUR,5,KORATAGERE,BARLEY,barley,6,0,1,1
2010,18,TUMKUR,5,KORATAGERE,GRAM,chickpea,106,0,45,45
2010,18,TUMKUR,5,KORATAGERE,TUR (ARHAR),pigeonpea (tur),7814,23,1067,1090
2010,18,TUMKUR,5,KORATAGERE,URAD,black gram,0,0,0,0
2010,18,TUMKUR,5,KORATAGERE,MOONG,green gram,113,1,14,16
2010,18,TUMKUR,5,KORATAGERE,MASUR,lentil,29,0,3,3
2010,18,TUMKUR,5,KORATAGERE,HORSEGRAM,horse gram,2174,8,842,850
2010,18,TUMKUR,5,KORATAGERE,MOTH,moth bean,0,0,0,0
2010,18,TUMKUR,5,KORATAGERE,SUGARCANE,sugarcane,7,3,0,3
2010,18,TUMKUR,5,KORATAGERE,PEPPER (BLACK),black pepper,27,0,81,81
2010,18,TUMKUR,5,KORATAGERE,CHILLIES,chilli,698,5,60,66
2010,18,TUMKUR,5,KORATAGERE,GINGER,ginger,0,0,0,0
2010,18,TUMKUR,5,KORATAGERE,TURMERIC,turmeric,0,0,0,0
2010,18,TUMKUR,5,KORATAGERE,BETELNUTS (ARECANUTS),arecanut,2913,1177,184,1361
2010,18,TUMKUR,5,KORATAGERE,MANGOES,mango,640,20,399,419
2010,18,TUMKUR,5,KORATAGERE,BANANA,banana,797,200,78,278
2010,18,TUMKUR,5,KORATAGERE,TABLE GRAPES,grapes,18,1,0,1
2010,18,TUMKUR,5,KORATAGERE,WINE GRAPES (BLACK),grapes,0,0,0,0
2010,18,TUMKUR,5,KORATAGERE,CASHEWNUTS,cashewnut,0,0,0,0
2010,18,TUMKUR,5,KORATAGERE,POTATO,potato,0,0,0,0
2010,18,TUMKUR,5,KORATAGERE,TAPIOCA (CASSAVA),tapioca,0,0,0,0
2010,18,TUMKUR,5,KORATAGERE,SWEET POTATO,sweet potato,62,12,3,15
2010,18,TUMKUR,5,KORATAGERE,ONION,onion,0,0,0,0
2010,18,TUMKUR,5,KORATAGERE,TOMATO,tomato,52,5,4,8
2010,18,TUMKUR,5,KORATAGERE,GROUNDNUT,groundnut,12257,118,7322,7440
2010,18,TUMKUR,5,KORATAGERE,CASTORSEED,castor,281,1,30,31
2010,18,TUMKUR,5,KORATAGERE,SESAMUM (TIL),sesame,21,10,4,14
2010,18,TUMKUR,5,KORATAGERE,RAPESEED & MUSTARD (TORIA/TARAMIRA),mustard,42,0,42,42
2010,18,TUMKUR,5,KORATAGERE,LINSEED,linseed,7,0,4,4
2010,18,TUMKUR,5,KORATAGERE,COCONUT,coconut,1889,436,310,746
2010,18,TUMKUR,5,KORATAGERE,SUNFLOWER,sunflower,325,46,105,150
2010,18,TUMKUR,5,KORATAGERE,SOYABEAN,soybean,7,0,1,1
2010,18,TUMKUR,5,KORATAGERE,NIGERSEED,niger seed,28,0,7,7
2010,18,TUMKUR,5,KORATAGERE,COTTON,cotton,7,0,2,2
2010,18,TUMKUR,5,KORATAGERE,JUTE,jute,4,2,0,2
2010,18,TUMKUR,5,KORATAGERE,MESTA,mesta,0,0,0,0
2010,18,TUMKUR,5,KORATAGERE,TOBACCO,tobacco,0,0,0,0
2010,18,TUMKUR,5,KORATAGERE,GUAR,guar,0,0,0,0
2010,18,TUMKUR,5,KORATAGERE,COFFEE,coffee,0,0,0,0
2010,18,TUMKUR,5,KORATAGERE,GROSS CROPPED AREA,,28665,4741,33302,38043
2010,18,TUMKUR,10,KUNIGAL,PADDY,rice,8886,5496,197,5692
2010,18,TUMKUR,10,KUNIGAL,JOWAR,jowar,5471,30,605,635
2010,18,TUMKUR,10,KUNIGAL,BAJRA,bajra,327,4,6,10
2010,18,TUMKUR,10,KUNIGAL,MAIZE,maize,38,29,9,38
2010,18,TUMKUR,10,KUNIGAL,RAGI,ragi,26768,736,19498,20234
2010,18,TUMKUR,10,KUNIGAL,WHEAT,wheat,493,104,343,447
2010,18,TUMKUR,10,KUNIGAL,BARLEY,barley,15,1,1,2
2010,18,TUMKUR,10,KUNIGAL,GRAM,chickpea,55,0,12,12
2010,18,TUMKUR,10,KUNIGAL,TUR (ARHAR),pigeonpea (tur),5037,41,711,752
2010,18,TUMKUR,10,KUNIGAL,URAD,black gram,16,0,3,3
2010,18,TUMKUR,10,KUNIGAL,MOONG,green gram,0,0,0,0
2010,18,TUMKUR,10,KUNIGAL,MASUR,lentil,16,0,14,14
2010,18,TUMKUR,10,KUNIGAL,HORSEGRAM,horse gram,11546,85,4424,4508
2010,18,TUMKUR,10,KUNIGAL,MOTH,moth bean,0,0,0,0
2010,18,TUMKUR,10,KUNIGAL,SUGARCANE,sugarcane,2581,1805,0,1805
2010,18,TUMKUR,10,KUNIGAL,PEPPER (BLACK),black pepper,7,0,0,0
2010,18,TUMKUR,10,KUNIGAL,CHILLIES,chilli,38,4,1,5
2010,18,TUMKUR,10,KUNIGAL,GINGER,ginger,0,0,0,0
2010,18,TUMKUR,10,KUNIGAL,TURMERIC,turmeric,0,0,0,0
2010,18,TUMKUR,10,KUNIGAL,BETELNUTS (ARECANUTS),arecanut,1681,572,28,600
2010,18,TUMKUR,10,KUNIGAL,MANGOES,mango,1202,128,670,798
2010,18,TUMKUR,10,KUNIGAL,BANANA,banana,1117,307,24,331
2010,18,TUMKUR,10,KUNIGAL,TABLE GRAPES,grapes,0,0,0,0
2010,18,TUMKUR,10,KUNIGAL,WINE GRAPES (BLACK),grapes,7,3,0,3
2010,18,TUMKUR,10,KUNIGAL,CASHEWNUTS,cashewnut,0,0,0,0
2010,18,TUMKUR,10,KUNIGAL,POTATO,potato,0,0,0,0
2010,18,TUMKUR,10,KUNIGAL,TAPIOCA (CASSAVA),tapioca,0,0,0,0
2010,18,TUMKUR,10,KUNIGAL,SWEET POTATO,sweet potato,0,0,0,0
2010,18,TUMKUR,10,KUNIGAL,ONION,onion,0,0,0,0
2010,18,TUMKUR,10,KUNIGAL,TOMATO,tomato,4,3,0,3
2010,18,TUMKUR,10,KUNIGAL,GROUNDNUT,groundnut,176,50,25,75
2010,18,TUMKUR,10,KUNIGAL,CASTORSEED,castor,155,0,5,5
2010,18,TUMKUR,10,KUNIGAL,SESAMUM (TIL),sesame,25,11,3,14
2010,18,TUMKUR,10,KUNIGAL,RAPESEED & MUSTARD (TORIA/TARAMIRA),mustard,158,0,2,2
2010,18,TUMKUR,10,KUNIGAL,LINSEED,linseed,81,19,43,62
2010,18,TUMKUR,10,KUNIGAL,COCONUT,coconut,8549,2767,2168,4935
2010,18,TUMKUR,10,KUNIGAL,SUNFLOWER,sunflower,0,0,0,0
2010,18,TUMKUR,10,KUNIGAL,SOYABEAN,soybean,32,0,10,10
2010,18,TUMKUR,10,KUNIGAL,NIGERSEED,niger seed,1700,11,61,72
2010,18,TUMKUR,10,KUNIGAL,COTTON,cotton,0,0,0,0
2010,18,TUMKUR,10,KUNIGAL,JUTE,jute,0,0,0,0
2010,18,TUMKUR,10,KUNIGAL,MESTA,mesta,0,0,0,0
2010,18,TUMKUR,10,KUNIGAL,TOBACCO,tobacco,0,0,0,0
2010,18,TUMKUR,10,KUNIGAL,GUAR,guar,0,0,0,0
2010,18,TUMKUR,10,KUNIGAL,COFFEE,coffee,0,0,0,0
2010,18,TUMKUR,10,KUNIGAL,GROSS CROPPED AREA,,35667,12841,32113,44954
2010,18,TUMKUR,4,MADHUGIRI,PADDY,rice,3343,1402,472,1874
2010,18,TUMKUR,4,MADHUGIRI,JOWAR,jowar,9055,89,1573,1663
2010,18,TUMKUR,4,MADHUGIRI,BAJRA,bajra,28,0,12,12
2010,18,TUMKUR,4,MADHUGIRI,MAIZE,maize,13712,3430,10218,13648
2010,18,TUMKUR,4,MADHUGIRI,RAGI,ragi,12352,1384,6587,7971
2010,18,TUMKUR,4,MADHUGIRI,WHEAT,wheat,50,35,16,52
2010,18,TUMKUR,4,MADHUGIRI,BARLEY,barley,7,1,1,2
2010,18,TUMKUR,4,MADHUGIRI,GRAM,chickpea,413,4,524,528
2010,18,TUMKUR,4,MADHUGIRI,TUR (ARHAR),pigeonpea (tur),12612,73,1528,1601
2010,18,TUMKUR,4,MADHUGIRI,URAD,black gram,30,0,5,5
2010,18,TUMKUR,4,MADHUGIRI,MOONG,green gram,489,11,42,53
2010,18,TUMKUR,4,MADHUGIRI,MASUR,lentil,108,0,11,11
2010,18,TUMKUR,4,MADHUGIRI,HORSEGRAM,horse gram,9251,74,2578,2652
2010,18,TUMKUR,4,MADHUGIRI,MOTH,moth bean,4,0,0,0
2010,18,TUMKUR,4,MADHUGIRI,SUGARCANE,sugarcane,75,54,0,54
2010,18,TUMKUR,4,MADHUGIRI,PEPPER (BLACK),black pepper,38,14,39,53
2010,18,TUMKUR,4,MADHUGIRI,CHILLIES,chilli,8,7,0,7
2010,18,TUMKUR,4,MADHUGIRI,GINGER,ginger,0,0,0,0
2010,18,TUMKUR,4,MADHUGIRI,TURMERIC,turmeric,0,0,0,0
2010,18,TUMKUR,4,MADHUGIRI,BETELNUTS (ARECANUTS),arecanut,2460,1443,140,1584
2010,18,TUMKUR,4,MADHUGIRI,MANGOES,mango,476,574,403,977
2010,18,TUMKUR,4,MADHUGIRI,BANANA,banana,478,216,12,228
2010,18,TUMKUR,4,MADHUGIRI,TABLE GRAPES,grapes,33,227,0,227
2010,18,TUMKUR,4,MADHUGIRI,WINE GRAPES (BLACK),grapes,0,0,0,0
2010,18,TUMKUR,4,MADHUGIRI,CASHEWNUTS,cashewnut,0,0,0,0
2010,18,TUMKUR,4,MADHUGIRI,POTATO,potato,5,2,0,2
2010,18,TUMKUR,4,MADHUGIRI,TAPIOCA (CASSAVA),tapioca,5,0,1,1
2010,18,TUMKUR,4,MADHUGIRI,SWEET POTATO,sweet potato,10,6,0,6
2010,18,TUMKUR,4,MADHUGIRI,ONION,onion,5,2,0,2
2010,18,TUMKUR,4,MADHUGIRI,TOMATO,tomato,25,3,2,5
2010,18,TUMKUR,4,MADHUGIRI,GROUNDNUT,groundnut,17471,926,17502,18428
2010,18,TUMKUR,4,MADHUGIRI,CASTORSEED,castor,132,0,18,18
2010,18,TUMKUR,4,MADHUGIRI,SESAMUM (TIL),sesame,0,0,0,0
2010,18,TUMKUR,4,MADHUGIRI,RAPESEED & MUSTARD (TORIA/TARAMIRA),mustard,63,8,46,54
2010,18,TUMKUR,4,MADHUGIRI,LINSEED,linseed,65,3,33,36
2010,18,TUMKUR,4,MADHUGIRI,COCONUT,coconut,1757,786,161,947
2010,18,TUMKUR,4,MADHUGIRI,SUNFLOWER,sunflower,45,6,20,27
2010,18,TUMKUR,4,MADHUGIRI,SOYABEAN,soybean,0,0,0,0
2010,18,TUMKUR,4,MADHUGIRI,NIGERSEED,niger seed,52,10,10,20
2010,18,TUMKUR,4,MADHUGIRI,COTTON,cotton,25,0,21,21
2010,18,TUMKUR,4,MADHUGIRI,JUTE,jute,0,0,0,0
2010,18,TUMKUR,4,MADHUGIRI,MESTA,mesta,0,0,0,0
2010,18,TUMKUR,4,MADHUGIRI,TOBACCO,tobacco,0,0,0,0
2010,18,TUMKUR,4,MADHUGIRI,GUAR,guar,0,0,0,0
2010,18,TUMKUR,4,MADHUGIRI,COFFEE,coffee,0,0,0,0
2010,18,TUMKUR,4,MADHUGIRI,GROSS CROPPED AREA,,42966,12407,43753,56160
2010,18,TUMKUR,3,PAVAGADA,PADDY,rice,2891,2230,718,2949
2010,18,TUMKUR,3,PAVAGADA,JOWAR,jowar,1157,39,346,385
2010,18,TUMKUR,3,PAVAGADA,BAJRA,bajra,56,1,56,57
2010,18,TUMKUR,3,PAVAGADA,MAIZE,maize,814,1010,76,1086
2010,18,TUMKUR,3,PAVAGADA,RAGI,ragi,1795,866,208,1074
2010,18,TUMKUR,3,PAVAGADA,WHEAT,wheat,65,15,6,22
2010,18,TUMKUR,3,PAVAGADA,BARLEY,barley,18,1,4,5
2010,18,TUMKUR,3,PAVAGADA,GRAM,chickpea,41,0,168,168
2010,18,TUMKUR,3,PAVAGADA,TUR (ARHAR),pigeonpea (tur),10348,76,2073,2149
2010,18,TUMKUR,3,PAVAGADA,URAD,black gram,99,0,12,12
2010,18,TUMKUR,3,PAVAGADA,MOONG,green gram,764,3,211,214
2010,18,TUMKUR,3,PAVAGADA,MASUR,lentil,6,0,0,0
2010,18,TUMKUR,3,PAVAGADA,HORSEGRAM,horse gram,1718,11,301,311
2010,18,TUMKUR,3,PAVAGADA,MOTH,moth bean,0,0,0,0
2010,18,TUMKUR,3,PAVAGADA,SUGARCANE,sugarcane,0,0,0,0
2010,18,TUMKUR,3,PAVAGADA,PEPPER (BLACK),black pepper,14,3,0,3
2010,18,TUMKUR,3,PAVAGADA,CHILLIES,chilli,48,44,0,44
2010,18,TUMKUR,3,PAVAGADA,GINGER,ginger,0,0,0,0
2010,18,TUMKUR,3,PAVAGADA,TURMERIC,turmeric,0,0,0,0
2010,18,TUMKUR,3,PAVAGADA,BETELNUTS (ARECANUTS),arecanut,449,257,13,269
2010,18,TUMKUR,3,PAVAGADA,MANGOES,mango,250,97,456,553
2010,18,TUMKUR,3,PAVAGADA,BANANA,banana,21,11,0,11
2010,18,TUMKUR,3,PAVAGADA,TABLE GRAPES,grapes,8,0,7,7
2010,18,TUMKUR,3,PAVAGADA,WINE GRAPES (BLACK),grapes,0,0,0,0
2010,18,TUMKUR,3,PAVAGADA,CASHEWNUTS,cashewnut,0,0,0,0
2010,18,TUMKUR,3,PAVAGADA,POTATO,potato,0,0,0,0
2010,18,TUMKUR,3,PAVAGADA,TAPIOCA (CASSAVA),tapioca,0,0,0,0
2010,18,TUMKUR,3,PAVAGADA,SWEET POTATO,sweet potato,0,0,0,0
2010,18,TUMKUR,3,PAVAGADA,ONION,onion,23,6,0,6
2010,18,TUMKUR,3,PAVAGADA,TOMATO,tomato,9,2,29,31
2010,18,TUMKUR,3,PAVAGADA,GROUNDNUT,groundnut,28618,879,67367,68246
2010,18,TUMKUR,3,PAVAGADA,CASTORSEED,castor,29,13,7,20
2010,18,TUMKUR,3,PAVAGADA,SESAMUM (TIL),sesame,14,0,15,15
2010,18,TUMKUR,3,PAVAGADA,RAPESEED & MUSTARD (TORIA/TARAMIRA),mustard,59,10,74,84
2010,18,TUMKUR,3,PAVAGADA,LINSEED,linseed,8,2,0,2
2010,18,TUMKUR,3,PAVAGADA,COCONUT,coconut,364,128,249,377
2010,18,TUMKUR,3,PAVAGADA,SUNFLOWER,sunflower,151,122,38,160
2010,18,TUMKUR,3,PAVAGADA,SOYABEAN,soybean,24,6,29,35
2010,18,TUMKUR,3,PAVAGADA,NIGERSEED,niger seed,24,14,5,18
2010,18,TUMKUR,3,PAVAGADA,COTTON,cotton,62,3,305,308
2010,18,TUMKUR,3,PAVAGADA,JUTE,jute,0,0,0,0
2010,18,TUMKUR,3,PAVAGADA,MESTA,mesta,0,0,0,0
2010,18,TUMKUR,3,PAVAGADA,TOBACCO,tobacco,0,0,0,0
2010,18,TUMKUR,3,PAVAGADA,GUAR,guar,17,0,64,64
2010,18,TUMKUR,3,PAVAGADA,COFFEE,coffee,0,0,0,0
2010,18,TUMKUR,3,PAVAGADA,GROSS CROPPED AREA,,37671,7660,73360,81020
2010,18,TUMKUR,2,SIRA,PADDY,rice,4520,2081,400,2481
2010,18,TUMKUR,2,SIRA,JOWAR,jowar,2463,40,1398,1438
2010,18,TUMKUR,2,SIRA,BAJRA,bajra,4,0,0,0
2010,18,TUMKUR,2,SIRA,MAIZE,maize,565,153,393,546
2010,18,TUMKUR,2,SIRA,RAGI,ragi,17753,1360,11190,12550
2010,18,TUMKUR,2,SIRA,WHEAT,wheat,69,29,15,45
2010,18,TUMKUR,2,SIRA,BARLEY,barley,23,5,20,25
2010,18,TUMKUR,2,SIRA,GRAM,chickpea,26,10,5,15
2010,18,TUMKUR,2,SIRA,TUR (ARHAR),pigeonpea (tur),15707,208,7373,7581
2010,18,TUMKUR,2,SIRA,URAD,black gram,8,0,2,2
2010,18,TUMKUR,2,SIRA,MOONG,green gram,129,0,63,63
2010,18,TUMKUR,2,SIRA,MASUR,lentil,32,0,14,14
2010,18,TUMKUR,2,SIRA,HORSEGRAM,horse gram,7675,71,3497,3568
2010,18,TUMKUR,2,SIRA,MOTH,moth bean,5,0,0,0
2010,18,TUMKUR,2,SIRA,SUGARCANE,sugarcane,10,7,0,7
2010,18,TUMKUR,2,SIRA,PEPPER (BLACK),black pepper,51,4,12,16
2010,18,TUMKUR,2,SIRA,CHILLIES,chilli,342,139,18,158
2010,18,TUMKUR,2,SIRA,GINGER,ginger,4,0,7,7
2010,18,TUMKUR,2,SIRA,TURMERIC,turmeric,4,0,2,2
2010,18,TUMKUR,2,SIRA,BETELNUTS (ARECANUTS),arecanut,4134,2283,144,2427
2010,18,TUMKUR,2,SIRA,MANGOES,mango,450,100,199,299
2010,18,TUMKUR,2,SIRA,BANANA,banana,146,93,5,98
2010,18,TUMKUR,2,SIRA,TABLE GRAPES,grapes,0,0,0,0
2010,18,TUMKUR,2,SIRA,WINE GRAPES (BLACK),grapes,0,0,0,0
2010,18,TUMKUR,2,SIRA,CASHEWNUTS,cashewnut,53,0,12,12
2010,18,TUMKUR,2,SIRA,POTATO,potato,0,0,0,0
2010,18,TUMKUR,2,SIRA,TAPIOCA (CASSAVA),tapioca,15,3,1,4
2010,18,TUMKUR,2,SIRA,SWEET POTATO,sweet potato,4,0,0,0
2010,18,TUMKUR,2,SIRA,ONION,onion,708,88,544,632
2010,18,TUMKUR,2,SIRA,TOMATO,tomato,212,55,8,63
2010,18,TUMKUR,2,SIRA,GROUNDNUT,groundnut,22478,564,27026,27591
2010,18,TUMKUR,2,SIRA,CASTORSEED,castor,197,2,70,72
2010,18,TUMKUR,2,SIRA,SESAMUM (TIL),sesame,10,2,7,9
2010,18,TUMKUR,2,SIRA,RAPESEED & MUSTARD (TORIA/TARAMIRA),mustard,13,0,16,16
2010,18,TUMKUR,2,SIRA,LINSEED,linseed,176,51,61,112
2010,18,TUMKUR,2,SIRA,COCONUT,coconut,6015,2838,1909,4747
2010,18,TUMKUR,2,SIRA,SUNFLOWER,sunflower,2450,315,3208,3523
2010,18,TUMKUR,2,SIRA,SOYABEAN,soybean,24,17,16,33
2010,18,TUMKUR,2,SIRA,NIGERSEED,niger seed,14,2,5,7
2010,18,TUMKUR,2,SIRA,COTTON,cotton,925,284,467,751
2010,18,TUMKUR,2,SIRA,JUTE,jute,4,0,2,2
2010,18,TUMKUR,2,SIRA,MESTA,mesta,0,0,0,0
2010,18,TUMKUR,2,SIRA,TOBACCO,tobacco,0,0,0,0
2010,18,TUMKUR,2,SIRA,GUAR,guar,0,0,0,0
2010,18,TUMKUR,2,SIRA,COFFEE,coffee,0,0,0,0
2010,18,TUMKUR,2,SIRA,GROSS CROPPED AREA,,47994,13400,60892,74293
2010,18,TUMKUR,8,TIPTUR,PADDY,rice,1600,652,114,766
2010,18,TUMKUR,8,TIPTUR,JOWAR,jowar,12237,15,1369,1383
2010,18,TUMKUR,8,TIPTUR,BAJRA,bajra,17,0,10,10
2010,18,TUMKUR,8,TIPTUR,MAIZE,maize,176,2,41,43
2010,18,TUMKUR,8,TIPTUR,RAGI,ragi,27959,227,17230,17457
2010,18,TUMKUR,8,TIPTUR,WHEAT,wheat,203,107,100,206
2010,18,TUMKUR,8,TIPTUR,BARLEY,barley,28,0,11,11
2010,18,TUMKUR,8,TIPTUR,GRAM,chickpea,11,1,0,1
2010,18,TUMKUR,8,TIPTUR,TUR (ARHAR),pigeonpea (tur),6313,167,973,1140
2010,18,TUMKUR,8,TIPTUR,URAD,black gram,67,1,2,3
2010,18,TUMKUR,8,TIPTUR,MOONG,green gram,2211,16,845,862
2010,18,TUMKUR,8,TIPTUR,MASUR,lentil,22,0,5,5
2010,18,TUMKUR,8,TIPTUR,HORSEGRAM,horse gram,7433,28,1481,1509
2010,18,TUMKUR,8,TIPTUR,MOTH,moth bean,0,0,0,0
2010,18,TUMKUR,8,TIPTUR,SUGARCANE,sugarcane,10,11,0,11
2010,18,TUMKUR,8,TIPTUR,PEPPER (BLACK),black pepper,10,0,1,1
2010,18,TUMKUR,8,TIPTUR,CHILLIES,chilli,142,11,6,17
2010,18,TUMKUR,8,TIPTUR,GINGER,ginger,46,7,0,7
2010,18,TUMKUR,8,TIPTUR,TURMERIC,turmeric,29,4,1,5
2010,18,TUMKUR,8,TIPTUR,BETELNUTS (ARECANUTS),arecanut,2795,861,115,976
2010,18,TUMKUR,8,TIPTUR,MANGOES,mango,198,45,54,100
2010,18,TUMKUR,8,TIPTUR,BANANA,banana,2346,877,55,931
2010,18,TUMKUR,8,TIPTUR,TABLE GRAPES,grapes,6,1,0,1
2010,18,TUMKUR,8,TIPTUR,WINE GRAPES (BLACK),grapes,0,0,0,0
2010,18,TUMKUR,8,TIPTUR,CASHEWNUTS,cashewnut,0,0,0,0
2010,18,TUMKUR,8,TIPTUR,POTATO,potato,0,0,0,0
2010,18,TUMKUR,8,TIPTUR,TAPIOCA (CASSAVA),tapioca,0,0,0,0
2010,18,TUMKUR,8,TIPTUR,SWEET POTATO,sweet potato,0,0,0,0
2010,18,TUMKUR,8,TIPTUR,ONION,onion,0,0,0,0
2010,18,TUMKUR,8,TIPTUR,TOMATO,tomato,290,45,8,53
2010,18,TUMKUR,8,TIPTUR,GROUNDNUT,groundnut,11,14,4,18
2010,18,TUMKUR,8,TIPTUR,CASTORSEED,castor,3646,33,725,758
2010,18,TUMKUR,8,TIPTUR,SESAMUM (TIL),sesame,732,39,242,281
2010,18,TUMKUR,8,TIPTUR,RAPESEED & MUSTARD (TORIA/TARAMIRA),mustard,0,0,0,0
2010,18,TUMKUR,8,TIPTUR,LINSEED,linseed,121,76,30,107
2010,18,TUMKUR,8,TIPTUR,COCONUT,coconut,24452,13010,9459,22468
2010,18,TUMKUR,8,TIPTUR,SUNFLOWER,sunflower,6,2,0,2
2010,18,TUMKUR,8,TIPTUR,SOYABEAN,soybean,32,6,12,18
2010,18,TUMKUR,8,TIPTUR,NIGERSEED,niger seed,1172,0,74,74
2010,18,TUMKUR,8,TIPTUR,COTTON,cotton,52,11,2,13
2010,18,TUMKUR,8,TIPTUR,JUTE,jute,0,0,0,0
2010,18,TUMKUR,8,TIPTUR,MESTA,mesta,0,0,0,0
2010,18,TUMKUR,8,TIPTUR,TOBACCO,tobacco,0,0,0,0
2010,18,TUMKUR,8,TIPTUR,GUAR,guar,0,0,0,0
2010,18,TUMKUR,8,TIPTUR,COFFEE,coffee,0,0,0,0
2010,18,TUMKUR,8,TIPTUR,GROSS CROPPED AREA,,38982,16499,34744,51243
2010,18,TUMKUR,6,TUMKUR,PADDY,rice,5736,3111,556,3667
2010,18,TUMKUR,6,TUMKUR,JOWAR,jowar,6755,131,1175,1306
2010,18,TUMKUR,6,TUMKUR,BAJRA,bajra,6,0,3,3
2010,18,TUMKUR,6,TUMKUR,MAIZE,maize,1803,53,831,884
2010,18,TUMKUR,6,TUMKUR,RAGI,ragi,27176,650,17217,17866
2010,18,TUMKUR,6,TUMKUR,WHEAT,wheat,107,41,37,78
2010,18,TUMKUR,6,TUMKUR,BARLEY,barley,23,5,18,23
2010,18,TUMKUR,6,TUMKUR,GRAM,chickpea,12,0,3,3
2010,18,TUMKUR,6,TUMKUR,TUR (ARHAR),pigeonpea (tur),6088,90,1157,1247
2010,18,TUMKUR,6,TUMKUR,URAD,black gram,10,0,2,2
2010,18,TUMKUR,6,TUMKUR,MOONG,green gram,12,0,5,5
2010,18,TUMKUR,6,TUMKUR,MASUR,lentil,10,0,2,2
2010,18,TUMKUR,6,TUMKUR,HORSEGRAM,horse gram,4624,42,1400,1442
2010,18,TUMKUR,6,TUMKUR,MOTH,moth bean,6,0,1,1
2010,18,TUMKUR,6,TUMKUR,SUGARCANE,sugarcane,6,4,0,4
2010,18,TUMKUR,6,TUMKUR,PEPPER (BLACK),black pepper,98,34,7,40
2010,18,TUMKUR,6,TUMKUR,CHILLIES,chilli,73,12,6,18
2010,18,TUMKUR,6,TUMKUR,GINGER,ginger,0,0,0,0
2010,18,TUMKUR,6,TUMKUR,TURMERIC,turmeric,18,15,0,15
2010,18,TUMKUR,6,TUMKUR,BETELNUTS (ARECANUTS),arecanut,10536,5803,717,6519
2010,18,TUMKUR,6,TUMKUR,MANGOES,mango,5496,198,3217,3414
2010,18,TUMKUR,6,TUMKUR,BANANA,banana,1247,579,95,673
2010,18,TUMKUR,6,TUMKUR,TABLE GRAPES,grapes,56,21,21,42
2010,18,TUMKUR,6,TUMKUR,WINE GRAPES (BLACK),grapes,0,0,0,0
2010,18,TUMKUR,6,TUMKUR,CASHEWNUTS,cashewnut,0,0,0,0
2010,18,TUMKUR,6,TUMKUR,POTATO,potato,10,3,0,3
2010,18,TUMKUR,6,TUMKUR,TAPIOCA (CASSAVA),tapioca,12,0,1,1
2010,18,TUMKUR,6,TUMKUR,SWEET POTATO,sweet potato,6,6,0,6
2010,18,TUMKUR,6,TUMKUR,ONION,onion,0,0,0,0
2010,18,TUMKUR,6,TUMKUR,TOMATO,tomato,330,140,5,144
2010,18,TUMKUR,6,TUMKUR,GROUNDNUT,groundnut,536,21,397,418
2010,18,TUMKUR,6,TUMKUR,CASTORSEED,castor,248,4,31,34
2010,18,TUMKUR,6,TUMKUR,SESAMUM (TIL),sesame,0,0,0,0
2010,18,TUMKUR,6,TUMKUR,RAPESEED & MUSTARD (TORIA/TARAMIRA),mustard,201,1,20,21
2010,18,TUMKUR,6,TUMKUR,LINSEED,linseed,123,57,18,75
2010,18,TUMKUR,6,TUMKUR,COCONUT,coconut,15653,9441,2124,11564
2010,18,TUMKUR,6,TUMKUR,SUNFLOWER,sunflower,6,0,0,0
2010,18,TUMKUR,6,TUMKUR,SOYABEAN,soybean,6,7,0,7
2010,18,TUMKUR,6,TUMKUR,NIGERSEED,niger seed,642,10,45,55
2010,18,TUMKUR,6,TUMKUR,COTTON,cotton,6,2,0,2
2010,18,TUMKUR,6,TUMKUR,JUTE,jute,6,0,1,1
2010,18,TUMKUR,6,TUMKUR,MESTA,mesta,0,0,0,0
2010,18,TUMKUR,6,TUMKUR,TOBACCO,tobacco,0,0,0,0
2010,18,TUMKUR,6,TUMKUR,GUAR,guar,0,0,0,0
2010,18,TUMKUR,6,TUMKUR,COFFEE,coffee,0,0,0,0
2010,18,TUMKUR,6,TUMKUR,GROSS CROPPED AREA,,52431,21777,31937,53714
2010,18,TUMKUR,9,TURUVEKERE,PADDY,rice,4044,819,565,1384
2010,18,TUMKUR,9,TURUVEKERE,JOWAR,jowar,3367,77,508,586
2010,18,TUMKUR,9,TURUVEKERE,BAJRA,bajra,22,0,2,2
2010,18,TUMKUR,9,TURUVEKERE,MAIZE,maize,121,0,18,18
2010,18,TUMKUR,9,TURUVEKERE,RAGI,ragi,24349,640,14655,15294
2010,18,TUMKUR,9,TURUVEKERE,WHEAT,wheat,145,74,94,168
2010,18,TUMKUR,9,TURUVEKERE,BARLEY,barley,0,0,0,0
2010,18,TUMKUR,9,TURUVEKERE,GRAM,chickpea,53,0,5,5
2010,18,TUMKUR,9,TURUVEKERE,TUR (ARHAR),pigeonpea (tur),2630,26,564,589
2010,18,TUMKUR,9,TURUVEKERE,URAD,black gram,294,0,56,56
2010,18,TUMKUR,9,TURUVEKERE,MOONG,green gram,668,3,149,152
2010,18,TUMKUR,9,TURUVEKERE,MASUR,lentil,301,3,68,71
2010,18,TUMKUR,9,TURUVEKERE,HORSEGRAM,horse gram,7260,52,1799,1851
2010,18,TUMKUR,9,TURUVEKERE,MOTH,moth bean,7,0,1,1
2010,18,TUMKUR,9,TURUVEKERE,SUGARCANE,sugarcane,0,0,0,0
2010,18,TUMKUR,9,TURUVEKERE,PEPPER (BLACK),black pepper,6,0,1,1
2010,18,TUMKUR,9,TURUVEKERE,CHILLIES,chilli,80,7,3,10
2010,18,TUMKUR,9,TURUVEKERE,GINGER,ginger,0,0,0,0
2010,18,TUMKUR,9,TURUVEKERE,TURMERIC,turmeric,7,3,0,3
2010,18,TUMKUR,9,TURUVEKERE,BETELNUTS (ARECANUTS),arecanut,8422,4717,1069,5785
2010,18,TUMKUR,9,TURUVEKERE,MANGOES,mango,508,11,247,257
2010,18,TUMKUR,9,TURUVEKERE,BANANA,banana,1166,321,56,378
2010,18,TUMKUR,9,TURUVEKERE,TABLE GRAPES,grapes,0,0,0,0
2010,18,TUMKUR,9,TURUVEKERE,WINE GRAPES (BLACK),grapes,0,0,0,0
2010,18,TUMKUR,9,TURUVEKERE,CASHEWNUTS,cashewnut,0,0,0,0
2010,18,TUMKUR,9,TURUVEKERE,POTATO,potato,0,0,0,0
2010,18,TUMKUR,9,TURUVEKERE,TAPIOCA (CASSAVA),tapioca,0,0,0,0
2010,18,TUMKUR,9,TURUVEKERE,SWEET POTATO,sweet potato,0,0,0,0
2010,18,TUMKUR,9,TURUVEKERE,ONION,onion,0,0,0,0
2010,18,TUMKUR,9,TURUVEKERE,TOMATO,tomato,78,9,2,12
2010,18,TUMKUR,9,TURUVEKERE,GROUNDNUT,groundnut,139,24,55,79
2010,18,TUMKUR,9,TURUVEKERE,CASTORSEED,castor,166,1,14,15
2010,18,TUMKUR,9,TURUVEKERE,SESAMUM (TIL),sesame,50,0,9,9
2010,18,TUMKUR,9,TURUVEKERE,RAPESEED & MUSTARD (TORIA/TARAMIRA),mustard,94,0,5,5
2010,18,TUMKUR,9,TURUVEKERE,LINSEED,linseed,63,22,13,36
2010,18,TUMKUR,9,TURUVEKERE,COCONUT,coconut,19218,11330,8716,20047
2010,18,TUMKUR,9,TURUVEKERE,SUNFLOWER,sunflower,29,0,21,21
2010,18,TUMKUR,9,TURUVEKERE,SOYABEAN,soybean,0,0,0,0
2010,18,TUMKUR,9,TURUVEKERE,NIGERSEED,niger seed,209,22,11,34
2010,18,TUMKUR,9,TURUVEKERE,COTTON,cotton,0,0,0,0
2010,18,TUMKUR,9,TURUVEKERE,JUTE,jute,0,0,0,0
2010,18,TUMKUR,9,TURUVEKERE,MESTA,mesta,0,0,0,0
2010,18,TUMKUR,9,TURUVEKERE,TOBACCO,tobacco,0,0,0,0
2010,18,TUMKUR,9,TURUVEKERE,GUAR,guar,0,0,0,0
2010,18,TUMKUR,9,TURUVEKERE,COFFEE,coffee,0,0,0,0
2010,18,TUMKUR,9,TURUVEKERE,GROSS CROPPED AREA,,37358,18335,30827,49162
2010,16,UDUPI,3,KARKALA,PADDY,rice,17041,4867,8658,13525
2010,16,UDUPI,3,KARKALA,JOWAR,jowar,6,0,1,1
2010,16,UDUPI,3,KARKALA,BAJRA,bajra,4,1,2,3
2010,16,UDUPI,3,KARKALA,MAIZE,maize,13,0,4,4
2010,16,UDUPI,3,KARKALA,RAGI,ragi,0,0,0,0
2010,16,UDUPI,3,KARKALA,WHEAT,wheat,116,13,14,27
2010,16,UDUPI,3,KARKALA,BARLEY,barley,0,0,0,0
2010,16,UDUPI,3,KARKALA,GRAM,chickpea,9,1,0,1
2010,16,UDUPI,3,KARKALA,TUR (ARHAR),pigeonpea (tur),0,0,0,0
2010,16,UDUPI,3,KARKALA,URAD,black gram,2260,29,320,349
2010,16,UDUPI,3,KARKALA,MOONG,green gram,34,1,1,2
2010,16,UDUPI,3,KARKALA,MASUR,lentil,0,0,0,0
2010,16,UDUPI,3,KARKALA,HORSEGRAM,horse gram,119,0,9,9
2010,16,UDUPI,3,KARKALA,MOTH,moth bean,0,0,0,0
2010,16,UDUPI,3,KARKALA,SUGARCANE,sugarcane,0,0,0,0
2010,16,UDUPI,3,KARKALA,PEPPER (BLACK),black pepper,5418,387,28,415
2010,16,UDUPI,3,KARKALA,CHILLIES,chilli,0,0,0,0
2010,16,UDUPI,3,KARKALA,GINGER,ginger,150,13,23,36
2010,16,UDUPI,3,KARKALA,TURMERIC,turmeric,71,4,2,6
2010,16,UDUPI,3,KARKALA,BETELNUTS (ARECANUTS),arecanut,16694,5346,237,5583
2010,16,UDUPI,3,KARKALA,MANGOES,mango,3562,6,102,109
2010,16,UDUPI,3,KARKALA,BANANA,banana,6894,506,223,729
2010,16,UDUPI,3,KARKALA,TABLE GRAPES,grapes,11,2,0,2
2010,16,UDUPI,3,KARKALA,WINE GRAPES (BLACK),grapes,0,0,0,0
2010,16,UDUPI,3,KARKALA,CASHEWNUTS,cashewnut,15363,87,2812,2899
2010,16,UDUPI,3,KARKALA,POTATO,potato,0,0,0,0
2010,16,UDUPI,3,KARKALA,TAPIOCA (CASSAVA),tapioca,100,0,3,3
2010,16,UDUPI,3,KARKALA,SWEET POTATO,sweet potato,103,5,3,8
2010,16,UDUPI,3,KARKALA,ONION,onion,0,0,0,0
2010,16,UDUPI,3,KARKALA,TOMATO,tomato,0,0,0,0
2010,16,UDUPI,3,KARKALA,GROUNDNUT,groundnut,43,24,33,57
2010,16,UDUPI,3,KARKALA,CASTORSEED,castor,11,8,0,8
2010,16,UDUPI,3,KARKALA,SESAMUM (TIL),sesame,15,2,1,4
2010,16,UDUPI,3,KARKALA,RAPESEED & MUSTARD (TORIA/TARAMIRA),mustard,0,0,0,0
2010,16,UDUPI,3,KARKALA,LINSEED,linseed,26,1,2,3
2010,16,UDUPI,3,KARKALA,COCONUT,coconut,27885,2873,2588,5462
2010,16,UDUPI,3,KARKALA,SUNFLOWER,sunflower,0,0,0,0
2010,16,UDUPI,3,KARKALA,SOYABEAN,soybean,6,0,1,1
2010,16,UDUPI,3,KARKALA,NIGERSEED,niger seed,124,0,49,49
2010,16,UDUPI,3,KARKALA,COTTON,cotton,15,8,5,13
2010,16,UDUPI,3,KARKALA,JUTE,jute,0,0,0,0
2010,16,UDUPI,3,KARKALA,MESTA,mesta,0,0,0,0
2010,16,UDUPI,3,KARKALA,TOBACCO,tobacco,0,0,0,0
2010,16,UDUPI,3,KARKALA,GUAR,guar,0,0,0,0
2010,16,UDUPI,3,KARKALA,COFFEE,coffee,0,0,0,0
2010,16,UDUPI,3,KARKALA,GROSS CROPPED AREA,,41633,14664,17812,32475
2010,16,UDUPI,1,KUNDAPURA,PADDY,rice,43164,2897,15147,18045
2010,16,UDUPI,1,KUNDAPURA,JOWAR,jowar,0,0,0,0
2010,16,UDUPI,1,KUNDAPURA,BAJRA,bajra,0,0,0,0
2010,16,UDUPI,1,KUNDAPURA,MAIZE,maize,25,5,26,30
2010,16,UDUPI,1,KUNDAPURA,RAGI,ragi,6,0,2,2
2010,16,UDUPI,1,KUNDAPURA,WHEAT,wheat,151,18,3,21
2010,16,UDUPI,1,KUNDAPURA,BARLEY,barley,18,0,7,7
2010,16,UDUPI,1,KUNDAPURA,GRAM,chickpea,6,0,0,0
2010,16,UDUPI,1,KUNDAPURA,TUR (ARHAR),pigeonpea (tur),7,0,1,1
2010,16,UDUPI,1,KUNDAPURA,URAD,black gram,5778,228,390,619
2010,16,UDUPI,1,KUNDAPURA,MOONG,green gram,6,0,1,1
2010,16,UDUPI,1,KUNDAPURA,MASUR,lentil,0,0,0,0
2010,16,UDUPI,1,KUNDAPURA,HORSEGRAM,horse gram,132,8,28,36
2010,16,UDUPI,1,KUNDAPURA,MOTH,moth bean,0,0,0,0
2010,16,UDUPI,1,KUNDAPURA,SUGARCANE,sugarcane,13,2,0,2
2010,16,UDUPI,1,KUNDAPURA,PEPPER (BLACK),black pepper,2477,198,9,207
2010,16,UDUPI,1,KUNDAPURA,CHILLIES,chilli,0,0,0,0
2010,16,UDUPI,1,KUNDAPURA,GINGER,ginger,11,0,107,107
2010,16,UDUPI,1,KUNDAPURA,TURMERIC,turmeric,12,0,0,1
2010,16,UDUPI,1,KUNDAPURA,BETELNUTS (ARECANUTS),arecanut,29144,7371,666,8037
2010,16,UDUPI,1,KUNDAPURA,MANGOES,mango,8289,12,245,257
2010,16,UDUPI,1,KUNDAPURA,BANANA,banana,14409,571,30,601
2010,16,UDUPI,1,KUNDAPURA,TABLE GRAPES,grapes,18,1,0,1
2010,16,UDUPI,1,KUNDAPURA,WINE GRAPES (BLACK),grapes,0,0,0,0
2010,16,UDUPI,1,KUNDAPURA,CASHEWNUTS,cashewnut,22872,196,6262,6458
