Year,Place,Crop,Area_ha
2019-20,10:1,all crops,4245.0
2019-20,10:10,all crops,11256.0
2019-20,10:11,all crops,6065.0
2019-20,10:2,all crops,6518.0
2019-20,10:3,all crops,22442.0
2019-20,10:4,all crops,9736.0
2019-20,10:5,all crops,15026.0
2019-20,10:6,all crops,26182.0
2019-20,10:7,all crops,13401.0
2019-20,10:8,all crops,13217.0
2019-20,10:9,all crops,16654.0
2019-20,11:1,all crops,53961.0
2019-20,11:2,all crops,59516.0
2019-20,11:3,all crops,72273.0
2019-20,11:4,all crops,81897.0
2019-20,11:5,all crops,41629.0
2019-20,11:6,all crops,81298.0
2019-20,11:7,all crops,88128.0
2019-20,12:3,all crops,27436.0
2019-20,12:4,all crops,96797.0
2019-20,12:5,all crops,119872.0
2019-20,12:6,all crops,34122.0
2019-20,13:1,all crops,37694.0
2019-20,13:2,all crops,60527.0
2019-20,13:3,all crops,110690.0
2019-20,13:4,all crops,73561.0
2019-20,13:5,all crops,77949.0
2019-20,13:6,all crops,59480.0
2019-20,14:1,all crops,51452.0
2019-20,14:3,all crops,75999.0
2019-20,14:4,all crops,96198.0
2019-20,14:5,all crops,72371.0
2019-20,14:6,all crops,93415.0
2019-20,15:1,all crops,37261.0
2019-20,15:2,all crops,62664.0
2019-20,15:3,all crops,53804.0
2019-20,15:4,all crops,20697.0
2019-20,15:5,all crops,30392.0
2019-20,15:6,all crops,48073.0
2019-20,15:7,all crops,41877.0
2019-20,16:1,all crops,45982.0
2019-20,16:2,all crops,29889.0
2019-20,16:3,all crops,31716.0
2019-20,17:1,all crops,8282.0
2019-20,17:2,all crops,31583.0
2019-20,17:3,all crops,18255.0
2019-20,17:4,all crops,92429.0
2019-20,17:5,all crops,107905.0
2019-20,17:6,all crops,80910.0
2019-20,17:7,all crops,65228.0
2019-20,18:1,all crops,65952.0
2019-20,18:10,all crops,59335.0
2019-20,18:2,all crops,80684.0
2019-20,18:3,all crops,45463.0
2019-20,18:4,all crops,47287.0
2019-20,18:5,all crops,38188.0
2019-20,18:6,all crops,60898.0
2019-20,18:7,all crops,82600.0
2019-20,18:8,all crops,56592.0
2019-20,18:9,all crops,58342.0
2019-20,19:10,all crops,49159.0
2019-20,19:11,all crops,48279.0
2019-20,19:7,all crops,46466.0
2019-20,19:8,all crops,43524.0
2019-20,19:9,all crops,43947.0
2019-20,1:1,all crops,101621.0
2019-20,1:10,all crops,132918.0
2019-20,1:2,all crops,203788.0
2019-20,1:3,all crops,89304.0
2019-20,1:4,all crops,152731.0
2019-20,1:5,all crops,72184.0
2019-20,1:6,all crops,68717.0
2019-20,1:7,all crops,57469.0
2019-20,1:8,all crops,128936.0
2019-20,1:9,all crops,160856.0
2019-20,20:1,all crops,10612.0
2019-20,20:2,all crops,5595.0
2019-20,20:3,all crops,17861.0
2019-20,20:4,all crops,4838.0
2019-20,21:1,all crops,29434.0
2019-20,21:2,all crops,43060.0
2019-20,21:3,all crops,23595.0
2019-20,21:4,all crops,22311.0
2019-20,22:1,all crops,60035.0
2019-20,22:2,all crops,60257.0
2019-20,22:3,all crops,27523.0
2019-20,22:4,all crops,23527.0
2019-20,22:5,all crops,58852.0
2019-20,22:6,all crops,52241.0
2019-20,22:7,all crops,44417.0
2019-20,23:1,all crops,60746.0
2019-20,23:2,all crops,65441.0
2019-20,23:3,all crops,97755.0
2019-20,23:4,all crops,65991.0
2019-20,23:5,all crops,28270.0
2019-20,23:6,all crops,51395.0
2019-20,23:7,all crops,42535.0
2019-20,23:8,all crops,93549.0
2019-20,24:1,all crops,19051.0
2019-20,24:2,all crops,35614.0
2019-20,24:3,all crops,44404.0
2019-20,24:4,all crops,43983.0
2019-20,24:5,all crops,30835.0
2019-20,25:1,all crops,68594.0
2019-20,25:2,all crops,64063.0
2019-20,25:3,all crops,122333.0
2019-20,26:1,all crops,55089.0
2019-20,26:2,all crops,91892.0
2019-20,26:3,all crops,62008.0
2019-20,26:4,all crops,37607.0
2019-20,26:5,all crops,73582.0
2019-20,26:6,all crops,85784.0
2019-20,26:7,all crops,50846.0
2019-20,27:1,all crops,63595.0
2019-20,27:2,all crops,53694.0
2019-20,27:3,all crops,10759.0
2019-20,27:4,all crops,56520.0
2019-20,28:5,all crops,43150.0
2019-20,28:6,all crops,33066.0
2019-20,28:7,all crops,33642.0
2019-20,28:8,all crops,52399.0
2019-20,29:1,all crops,38180.0
2019-20,29:2,all crops,26260.0
2019-20,29:3,all crops,12346.0
2019-20,29:4,all crops,28469.0
2019-20,29:5,all crops,33511.0
2019-20,29:6,all crops,36991.0
2019-20,2:1,all crops,151494.0
2019-20,2:2,all crops,63760.0
2019-20,2:3,all crops,91248.0
2019-20,2:4,all crops,136237.0
2019-20,2:5,all crops,101861.0
2019-20,2:6,all crops,169615.0
2019-20,30:10,all crops,137988.0
2019-20,30:8,all crops,161506.0
2019-20,30:9,all crops,151445.0
2019-20,3:1,all crops,296891.0
2019-20,3:2,all crops,283666.0
2019-20,3:3,all crops,286651.0
2019-20,3:4,all crops,222433.0
2019-20,3:5,all crops,161149.0
2019-20,4:2+1,all crops,286036.0
2019-20,4:3,all crops,186843.0
2019-20,4:4,all crops,117871.0
2019-20,4:5,all crops,120630.0
2019-20,4:6,all crops,184866.0
2019-20,4:7,all crops,203363.0
2019-20,5:1,all crops,55919.0
2019-20,5:2,all crops,115415.0
2019-20,5:3,all crops,72615.0
2019-20,5:4,all crops,62119.0
2019-20,5:5,all crops,73016.0
2019-20,6:1,all crops,196967.0
2019-20,6:2,all crops,95518.0
2019-20,6:3,all crops,120237.0
2019-20,6:4,all crops,244250.0
2019-20,6:5,all crops,88222.0
2019-20,7:1,all crops,230932.0
2019-20,7:2,all crops,124743.0
2019-20,7:3,all crops,117181.0
2019-20,7:4,all crops,101702.0
2019-20,8:1,all crops,69543.0
2019-20,8:2,all crops,114829.0
2019-20,8:3,all crops,131787.0
2019-20,8:4,all crops,96926.0
2019-20,8:5,all crops,72262.0
2019-20,9:1,all crops,116351.0
2019-20,9:2,all crops,173341.0
2019-20,9:3,all crops,81334.0
2019-20,9:4,all crops,56440.0
2019-20,9:5,all crops,88276.0
2019-20,10:1,rice,1534.0
2019-20,10:10,rice,2700.0
2019-20,10:11,rice,2688.0
2019-20,10:2,rice,4269.0
2019-20,10:3,rice,7223.0
2019-20,10:4,rice,3233.0
2019-20,10:5,rice,8525.0
2019-20,10:6,rice,9066.0
2019-20,10:7,rice,4703.0
2019-20,10:8,rice,3692.0
2019-20,10:9,rice,6282.0
2019-20,11:1,rice,5942.0
2019-20,11:2,rice,39.0
2019-20,11:3,rice,15081.0
2019-20,11:4,rice,932.0
2019-20,11:5,rice,428.0
2019-20,11:6,rice,3233.0
2019-20,11:7,rice,11633.0
2019-20,12:3,rice,19121.0
2019-20,12:4,rice,50582.0
2019-20,12:5,rice,43931.0
2019-20,12:6,rice,1646.0
2019-20,13:1,rice,42.0
2019-20,13:2,rice,778.0
2019-20,13:3,rice,0.0
2019-20,13:4,rice,2.0
2019-20,13:5,rice,19.0
2019-20,13:6,rice,2.0
2019-20,14:1,rice,38413.0
2019-20,14:3,rice,35.0
2019-20,14:4,rice,43163.0
2019-20,14:5,rice,18915.0
2019-20,14:6,rice,25150.0
2019-20,15:1,rice,14403.0
2019-20,15:2,rice,27144.0
2019-20,15:3,rice,14836.0
2019-20,15:4,rice,5964.0
2019-20,15:5,rice,9833.0
2019-20,15:6,rice,12073.0
2019-20,15:7,rice,10834.0
2019-20,16:1,rice,13154.0
2019-20,16:2,rice,13347.0
2019-20,16:3,rice,8107.0
2019-20,17:1,rice,1842.0
2019-20,17:2,rice,3136.0
2019-20,17:3,rice,3111.0
2019-20,17:4,rice,3732.0
2019-20,17:5,rice,12.0
2019-20,17:6,rice,3011.0
2019-20,17:7,rice,4573.0
2019-20,18:1,rice,14.0
2019-20,18:10,rice,1858.0
2019-20,18:2,rice,295.0
2019-20,18:3,rice,1240.0
2019-20,18:4,rice,518.0
2019-20,18:5,rice,301.0
2019-20,18:6,rice,1063.0
2019-20,18:7,rice,443.0
2019-20,18:8,rice,689.0
2019-20,18:9,rice,537.0
2019-20,19:10,rice,1038.0
2019-20,19:11,rice,1486.0
2019-20,19:7,rice,525.0
2019-20,19:8,rice,64.0
2019-20,19:9,rice,110.0
2019-20,1:1,rice,402.0
2019-20,1:10,rice,4.0
2019-20,1:2,rice,2.0
2019-20,1:3,rice,1.0
2019-20,1:4,rice,33.0
2019-20,1:5,rice,1189.0
2019-20,1:6,rice,22108.0
2019-20,1:7,rice,26957.0
2019-20,1:8,rice,2827.0
2019-20,1:9,rice,6.0
2019-20,20:1,rice,64.0
2019-20,20:2,rice,85.0
2019-20,20:3,rice,104.0
2019-20,20:4,rice,59.0
2019-20,21:1,rice,48.0
2019-20,21:2,rice,20.0
2019-20,21:3,rice,18.0
2019-20,21:4,rice,179.0
2019-20,22:1,rice,9845.0
2019-20,22:2,rice,1380.0
2019-20,22:3,rice,5851.0
2019-20,22:4,rice,10894.0
2019-20,22:5,rice,17487.0
2019-20,22:6,rice,13112.0
2019-20,22:7,rice,9461.0
2019-20,23:1,rice,7202.0
2019-20,23:2,rice,5088.0
2019-20,23:3,rice,1.0
2019-20,23:4,rice,3518.0
2019-20,23:5,rice,5420.0
2019-20,23:6,rice,11801.0
2019-20,23:7,rice,9880.0
2019-20,23:8,rice,3891.0
2019-20,24:1,rice,2052.0
2019-20,24:2,rice,3574.0
2019-20,24:3,rice,2622.0
2019-20,24:4,rice,843.0
2019-20,24:5,rice,283.0
2019-20,25:1,rice,4139.0
2019-20,25:2,rice,5918.0
2019-20,25:3,rice,8966.0
2019-20,26:1,rice,5396.0
2019-20,26:2,rice,9585.0
2019-20,26:3,rice,25543.0
2019-20,26:4,rice,6643.0
2019-20,26:5,rice,5649.0
2019-20,26:6,rice,21922.0
2019-20,26:7,rice,25006.0
2019-20,27:1,rice,1.0
2019-20,27:2,rice,159.0
2019-20,27:3,rice,3139.0
2019-20,27:4,rice,7137.0
2019-20,28:5,rice,341.0
2019-20,28:6,rice,400.0
2019-20,28:7,rice,886.0
2019-20,28:8,rice,1547.0
2019-20,29:1,rice,121.0
2019-20,29:2,rice,42.0
2019-20,29:3,rice,66.0
2019-20,29:4,rice,272.0
2019-20,29:5,rice,38.0
2019-20,29:6,rice,45.0
2019-20,2:1,rice,0.0
2019-20,2:2,rice,0.0
2019-20,2:3,rice,0.0
2019-20,2:4,rice,30.0
2019-20,2:5,rice,17.0
2019-20,2:6,rice,7.0
2019-20,30:10,rice,13225.0
2019-20,30:8,rice,59421.0
2019-20,30:9,rice,24938.0
2019-20,3:1,rice,0.0
2019-20,3:2,rice,2.0
2019-20,3:3,rice,79.0
2019-20,3:4,rice,10.0
2019-20,3:5,rice,0.0
2019-20,4:2+1,rice,39.0
2019-20,4:3,rice,38.0
2019-20,4:4,rice,13.0
2019-20,4:5,rice,1919.0
2019-20,4:6,rice,966.0
2019-20,4:7,rice,7108.0
2019-20,5:1,rice,8.0
2019-20,5:2,rice,58.0
2019-20,5:3,rice,1.0
2019-20,5:4,rice,387.0
2019-20,5:5,rice,163.0
2019-20,6:1,rice,11619.0
2019-20,6:2,rice,31847.0
2019-20,6:3,rice,18489.0
2019-20,6:4,rice,40890.0
2019-20,6:5,rice,38689.0
2019-20,7:1,rice,393.0
2019-20,7:2,rice,266.0
2019-20,7:3,rice,65292.0
2019-20,7:4,rice,9268.0
2019-20,8:1,rice,0.0
2019-20,8:2,rice,1.0
2019-20,8:3,rice,3.0
2019-20,8:4,rice,375.0
2019-20,8:5,rice,3290.0
2019-20,9:1,rice,6095.0
2019-20,9:2,rice,4.0
2019-20,9:3,rice,115.0
2019-20,9:4,rice,4823.0
2019-20,9:5,rice,70.0
2019-20,10:1,jowar,0.0
2019-20,10:10,jowar,0.0
2019-20,10:11,jowar,0.0
2019-20,10:2,jowar,0.0
2019-20,10:3,jowar,0.0
2019-20,10:4,jowar,3.0
2019-20,10:5,jowar,11.0
2019-20,10:6,jowar,56.0
2019-20,10:7,jowar,0.0
2019-20,10:8,jowar,0.0
2019-20,10:9,jowar,4.0
2019-20,11:1,jowar,5230.0
2019-20,11:2,jowar,8879.0
2019-20,11:3,jowar,2404.0
2019-20,11:4,jowar,7589.0
2019-20,11:5,jowar,3699.0
2019-20,11:6,jowar,9031.0
2019-20,11:7,jowar,10993.0
2019-20,12:3,jowar,428.0
2019-20,12:4,jowar,5338.0
2019-20,12:5,jowar,6775.0
2019-20,12:6,jowar,1897.0
2019-20,13:1,jowar,1930.0
2019-20,13:2,jowar,996.0
2019-20,13:3,jowar,575.0
2019-20,13:4,jowar,203.0
2019-20,13:5,jowar,449.0
2019-20,13:6,jowar,20.0
2019-20,14:1,jowar,115.0
2019-20,14:3,jowar,637.0
2019-20,14:4,jowar,566.0
2019-20,14:5,jowar,1853.0
2019-20,14:6,jowar,144.0
2019-20,15:1,jowar,7.0
2019-20,15:2,jowar,11.0
2019-20,15:3,jowar,133.0
2019-20,15:4,jowar,0.0
2019-20,15:5,jowar,0.0
2019-20,15:6,jowar,21.0
2019-20,15:7,jowar,10.0
2019-20,16:1,jowar,4.0
2019-20,16:2,jowar,0.0
2019-20,16:3,jowar,0.0
2019-20,17:1,jowar,0.0
2019-20,17:2,jowar,0.0
2019-20,17:3,jowar,0.0
2019-20,17:4,jowar,6364.0
2019-20,17:5,jowar,5840.0
2019-20,17:6,jowar,1195.0
2019-20,17:7,jowar,0.0
2019-20,18:1,jowar,520.0
2019-20,18:10,jowar,11.0
2019-20,18:2,jowar,53.0
2019-20,18:3,jowar,118.0
2019-20,18:4,jowar,2.0
2019-20,18:5,jowar,158.0
2019-20,18:6,jowar,730.0
2019-20,18:7,jowar,119.0
2019-20,18:8,jowar,357.0
2019-20,18:9,jowar,90.0
2019-20,19:10,jowar,0.0
2019-20,19:11,jowar,302.0
2019-20,19:7,jowar,403.0
2019-20,19:8,jowar,383.0
2019-20,19:9,jowar,0.0
2019-20,1:1,jowar,8036.0
2019-20,1:10,jowar,30863.0
2019-20,1:2,jowar,31013.0
2019-20,1:3,jowar,165.0
2019-20,1:4,jowar,4119.0
2019-20,1:5,jowar,9776.0
2019-20,1:6,jowar,6957.0
2019-20,1:7,jowar,31.0
2019-20,1:8,jowar,22835.0
2019-20,1:9,jowar,20127.0
2019-20,20:1,jowar,87.0
2019-20,20:2,jowar,190.0
2019-20,20:3,jowar,76.0
2019-20,20:4,jowar,0.0
2019-20,21:1,jowar,27.0
2019-20,21:2,jowar,84.0
2019-20,21:3,jowar,391.0
2019-20,21:4,jowar,44.0
2019-20,22:1,jowar,409.0
2019-20,22:2,jowar,552.0
2019-20,22:3,jowar,109.0
2019-20,22:4,jowar,64.0
2019-20,22:5,jowar,464.0
2019-20,22:6,jowar,553.0
2019-20,22:7,jowar,1106.0
2019-20,23:1,jowar,0.0
2019-20,23:2,jowar,1984.0
2019-20,23:3,jowar,1444.0
2019-20,23:4,jowar,808.0
2019-20,23:5,jowar,2686.0
2019-20,23:6,jowar,1246.0
2019-20,23:7,jowar,1142.0
2019-20,23:8,jowar,3201.0
2019-20,24:1,jowar,0.0
2019-20,24:2,jowar,0.0
2019-20,24:3,jowar,0.0
2019-20,24:4,jowar,0.0
2019-20,24:5,jowar,0.0
2019-20,25:1,jowar,0.0
2019-20,25:2,jowar,0.0
2019-20,25:3,jowar,0.0
2019-20,26:1,jowar,591.0
2019-20,26:2,jowar,2237.0
2019-20,26:3,jowar,226.0
2019-20,26:4,jowar,246.0
2019-20,26:5,jowar,0.0
2019-20,26:6,jowar,6517.0
2019-20,26:7,jowar,37.0
2019-20,27:1,jowar,7323.0
2019-20,27:2,jowar,1502.0
2019-20,27:3,jowar,20.0
2019-20,27:4,jowar,0.0
2019-20,28:5,jowar,430.0
2019-20,28:6,jowar,166.0
2019-20,28:7,jowar,694.0
2019-20,28:8,jowar,413.0
2019-20,29:1,jowar,4239.0
2019-20,29:2,jowar,2622.0
2019-20,29:3,jowar,2469.0
2019-20,29:4,jowar,1327.0
2019-20,29:5,jowar,2309.0
2019-20,29:6,jowar,1921.0
2019-20,2:1,jowar,10727.0
2019-20,2:2,jowar,8300.0
2019-20,2:3,jowar,9871.0
2019-20,2:4,jowar,23897.0
2019-20,2:5,jowar,17432.0
2019-20,2:6,jowar,26009.0
2019-20,30:10,jowar,11456.0
2019-20,30:8,jowar,6886.0
2019-20,30:9,jowar,5109.0
2019-20,3:1,jowar,51734.0
2019-20,3:2,jowar,31392.0
2019-20,3:3,jowar,32755.0
2019-20,3:4,jowar,24237.0
2019-20,3:5,jowar,9390.0
2019-20,4:2+1,jowar,34167.0
2019-20,4:3,jowar,20591.0
2019-20,4:4,jowar,6920.0
2019-20,4:5,jowar,19467.0
2019-20,4:6,jowar,23598.0
2019-20,4:7,jowar,20068.0
2019-20,5:1,jowar,5573.0
2019-20,5:2,jowar,6587.0
2019-20,5:3,jowar,5474.0
2019-20,5:4,jowar,4925.0
2019-20,5:5,jowar,6968.0
2019-20,6:1,jowar,30467.0
2019-20,6:2,jowar,15524.0
2019-20,6:3,jowar,12854.0
2019-20,6:4,jowar,54004.0
2019-20,6:5,jowar,10294.0
2019-20,7:1,jowar,21545.0
2019-20,7:2,jowar,12224.0
2019-20,7:3,jowar,3869.0
2019-20,7:4,jowar,7629.0
2019-20,8:1,jowar,7042.0
2019-20,8:2,jowar,11672.0
2019-20,8:3,jowar,15307.0
2019-20,8:4,jowar,12366.0
2019-20,8:5,jowar,13836.0
2019-20,9:1,jowar,10753.0
2019-20,9:2,jowar,13184.0
2019-20,9:3,jowar,7527.0
2019-20,9:4,jowar,10289.0
2019-20,9:5,jowar,7320.0
2019-20,10:1,bajra,0.0
2019-20,10:10,bajra,0.0
2019-20,10:11,bajra,0.0
2019-20,10:2,bajra,1.0
2019-20,10:3,bajra,0.0
2019-20,10:4,bajra,0.0
2019-20,10:5,bajra,0.0
2019-20,10:6,bajra,0.0
2019-20,10:7,bajra,0.0
2019-20,10:8,bajra,0.0
2019-20,10:9,bajra,0.0
2019-20,11:1,bajra,0.0
2019-20,11:2,bajra,2.0
2019-20,11:3,bajra,0.0
2019-20,11:4,bajra,1.0
2019-20,11:5,bajra,0.0
2019-20,11:6,bajra,3.0
2019-20,11:7,bajra,0.0
2019-20,12:3,bajra,70.0
2019-20,12:4,bajra,354.0
2019-20,12:5,bajra,287.0
2019-20,12:6,bajra,1552.0
2019-20,13:1,bajra,1484.0
2019-20,13:2,bajra,314.0
2019-20,13:3,bajra,78.0
2019-20,13:4,bajra,4.0
2019-20,13:5,bajra,32.0
2019-20,13:6,bajra,0.0
2019-20,14:1,bajra,0.0
2019-20,14:3,bajra,467.0
2019-20,14:4,bajra,2.0
2019-20,14:5,bajra,0.0
2019-20,14:6,bajra,1.0
2019-20,15:1,bajra,0.0
2019-20,15:2,bajra,0.0
2019-20,15:3,bajra,2.0
2019-20,15:4,bajra,0.0
2019-20,15:5,bajra,0.0
2019-20,15:6,bajra,0.0
2019-20,15:7,bajra,0.0
2019-20,16:1,bajra,0.0
2019-20,16:2,bajra,0.0
2019-20,16:3,bajra,0.0
2019-20,17:1,bajra,0.0
2019-20,17:2,bajra,0.0
2019-20,17:3,bajra,0.0
2019-20,17:4,bajra,22.0
2019-20,17:5,bajra,10.0
2019-20,17:6,bajra,2.0
2019-20,17:7,bajra,0.0
2019-20,18:1,bajra,49.0
2019-20,18:10,bajra,10.0
2019-20,18:2,bajra,75.0
2019-20,18:3,bajra,11.0
2019-20,18:4,bajra,8.0
2019-20,18:5,bajra,6.0
2019-20,18:6,bajra,2.0
2019-20,18:7,bajra,6.0
2019-20,18:8,bajra,8.0
2019-20,18:9,bajra,3.0
2019-20,19:10,bajra,46.0
2019-20,19:11,bajra,28.0
2019-20,19:7,bajra,11.0
2019-20,19:8,bajra,1.0
2019-20,19:9,bajra,12.0
2019-20,1:1,bajra,27.0
2019-20,1:10,bajra,6485.0
2019-20,1:2,bajra,498.0
2019-20,1:3,bajra,23.0
2019-20,1:4,bajra,295.0
2019-20,1:5,bajra,22.0
2019-20,1:6,bajra,103.0
2019-20,1:7,bajra,0.0
2019-20,1:8,bajra,66.0
2019-20,1:9,bajra,1514.0
2019-20,20:1,bajra,0.0
2019-20,20:2,bajra,0.0
2019-20,20:3,bajra,9.0
2019-20,20:4,bajra,0.0
2019-20,21:1,bajra,1.0
2019-20,21:2,bajra,10.0
2019-20,21:3,bajra,0.0
2019-20,21:4,bajra,0.0
2019-20,22:1,bajra,2.0
2019-20,22:2,bajra,1.0
2019-20,22:3,bajra,0.0
2019-20,22:4,bajra,0.0
2019-20,22:5,bajra,2.0
2019-20,22:6,bajra,8.0
2019-20,22:7,bajra,0.0
2019-20,23:1,bajra,0.0
2019-20,23:2,bajra,27.0
2019-20,23:3,bajra,3.0
2019-20,23:4,bajra,11.0
2019-20,23:5,bajra,2.0
2019-20,23:6,bajra,2.0
2019-20,23:7,bajra,44.0
2019-20,23:8,bajra,7.0
2019-20,24:1,bajra,0.0
2019-20,24:2,bajra,4.0
2019-20,24:3,bajra,0.0
2019-20,24:4,bajra,0.0
2019-20,24:5,bajra,0.0
2019-20,25:1,bajra,0.0
2019-20,25:2,bajra,0.0
2019-20,25:3,bajra,0.0
2019-20,26:1,bajra,1.0
2019-20,26:2,bajra,11.0
2019-20,26:3,bajra,4.0
2019-20,26:4,bajra,0.0
2019-20,26:5,bajra,2.0
2019-20,26:6,bajra,0.0
2019-20,26:7,bajra,0.0
2019-20,27:1,bajra,39.0
2019-20,27:2,bajra,5.0
2019-20,27:3,bajra,1.0
2019-20,27:4,bajra,458.0
2019-20,28:5,bajra,3.0
2019-20,28:6,bajra,0.0
2019-20,28:7,bajra,2.0
2019-20,28:8,bajra,2.0
2019-20,29:1,bajra,7.0
2019-20,29:2,bajra,4.0
2019-20,29:3,bajra,23.0
2019-20,29:4,bajra,16.0
2019-20,29:5,bajra,39.0
2019-20,29:6,bajra,121.0
2019-20,2:1,bajra,108.0
2019-20,2:2,bajra,1201.0
2019-20,2:3,bajra,205.0
2019-20,2:4,bajra,12754.0
2019-20,2:5,bajra,1994.0
2019-20,2:6,bajra,1948.0
2019-20,30:10,bajra,10.0
2019-20,30:8,bajra,8447.0
2019-20,30:9,bajra,419.0
2019-20,3:1,bajra,6892.0
2019-20,3:2,bajra,2789.0
2019-20,3:3,bajra,4087.0
2019-20,3:4,bajra,2678.0
2019-20,3:5,bajra,2927.0
2019-20,4:2+1,bajra,823.0
2019-20,4:3,bajra,762.0
2019-20,4:4,bajra,30.0
2019-20,4:5,bajra,2.0
2019-20,4:6,bajra,28.0
2019-20,4:7,bajra,37.0
2019-20,5:1,bajra,281.0
2019-20,5:2,bajra,7.0
2019-20,5:3,bajra,9.0
2019-20,5:4,bajra,92.0
2019-20,5:5,bajra,20.0
2019-20,6:1,bajra,17883.0
2019-20,6:2,bajra,5288.0
2019-20,6:3,bajra,3275.0
2019-20,6:4,bajra,12035.0
2019-20,6:5,bajra,3141.0
2019-20,7:1,bajra,17226.0
2019-20,7:2,bajra,27630.0
2019-20,7:3,bajra,14343.0
2019-20,7:4,bajra,10394.0
2019-20,8:1,bajra,21.0
2019-20,8:2,bajra,957.0
2019-20,8:3,bajra,3.0
2019-20,8:4,bajra,13.0
2019-20,8:5,bajra,78.0
2019-20,9:1,bajra,1.0
2019-20,9:2,bajra,2.0
2019-20,9:3,bajra,40.0
2019-20,9:4,bajra,4.0
2019-20,9:5,bajra,7.0
2019-20,10:1,maize,0.0
2019-20,10:10,maize,0.0
2019-20,10:11,maize,0.0
2019-20,10:2,maize,0.0
2019-20,10:3,maize,4691.0
2019-20,10:4,maize,218.0
2019-20,10:5,maize,4439.0
2019-20,10:6,maize,824.0
2019-20,10:7,maize,0.0
2019-20,10:8,maize,0.0
2019-20,10:9,maize,31.0
2019-20,11:1,maize,17609.0
2019-20,11:2,maize,12088.0
2019-20,11:3,maize,25786.0
2019-20,11:4,maize,39603.0
2019-20,11:5,maize,20350.0
2019-20,11:6,maize,35682.0
2019-20,11:7,maize,40197.0
2019-20,12:3,maize,384.0
2019-20,12:4,maize,453.0
2019-20,12:5,maize,1349.0
2019-20,12:6,maize,16544.0
2019-20,13:1,maize,1045.0
2019-20,13:2,maize,5898.0
2019-20,13:3,maize,51955.0
2019-20,13:4,maize,39738.0
2019-20,13:5,maize,5879.0
2019-20,13:6,maize,51.0
2019-20,14:1,maize,6228.0
2019-20,14:3,maize,43189.0
2019-20,14:4,maize,28594.0
2019-20,14:5,maize,30102.0
2019-20,14:6,maize,23953.0
2019-20,15:1,maize,5961.0
2019-20,15:2,maize,13991.0
2019-20,15:3,maize,28625.0
2019-20,15:4,maize,742.0
2019-20,15:5,maize,1.0
2019-20,15:6,maize,15200.0
2019-20,15:7,maize,2154.0
2019-20,16:1,maize,0.0
2019-20,16:2,maize,2.0
2019-20,16:3,maize,0.0
2019-20,17:1,maize,0.0
2019-20,17:2,maize,0.0
2019-20,17:3,maize,61.0
2019-20,17:4,maize,6192.0
2019-20,17:5,maize,10591.0
2019-20,17:6,maize,3747.0
2019-20,17:7,maize,1.0
2019-20,18:1,maize,202.0
2019-20,18:10,maize,469.0
2019-20,18:2,maize,74.0
2019-20,18:3,maize,215.0
2019-20,18:4,maize,13596.0
2019-20,18:5,maize,13758.0
2019-20,18:6,maize,782.0
2019-20,18:7,maize,298.0
2019-20,18:8,maize,55.0
2019-20,18:9,maize,20.0
2019-20,19:10,maize,0.0
2019-20,19:11,maize,398.0
2019-20,19:7,maize,311.0
2019-20,19:8,maize,243.0
2019-20,19:9,maize,146.0
2019-20,1:1,maize,9948.0
2019-20,1:10,maize,17872.0
2019-20,1:2,maize,29735.0
2019-20,1:3,maize,26136.0
2019-20,1:4,maize,39505.0
2019-20,1:5,maize,6729.0
2019-20,1:6,maize,911.0
2019-20,1:7,maize,1483.0
2019-20,1:8,maize,8602.0
2019-20,1:9,maize,18758.0
2019-20,20:1,maize,466.0
2019-20,20:2,maize,415.0
2019-20,20:3,maize,160.0
2019-20,20:4,maize,108.0
2019-20,21:1,maize,1614.0
2019-20,21:2,maize,8095.0
2019-20,21:3,maize,430.0
2019-20,21:4,maize,365.0
2019-20,22:1,maize,186.0
2019-20,22:2,maize,397.0
2019-20,22:3,maize,98.0
2019-20,22:4,maize,23.0
2019-20,22:5,maize,184.0
2019-20,22:6,maize,337.0
2019-20,22:7,maize,2265.0
2019-20,23:1,maize,13.0
2019-20,23:2,maize,17224.0
2019-20,23:3,maize,10541.0
2019-20,23:4,maize,32912.0
2019-20,23:5,maize,4883.0
2019-20,23:6,maize,9603.0
2019-20,23:7,maize,4855.0
2019-20,23:8,maize,7495.0
2019-20,24:1,maize,0.0
2019-20,24:2,maize,0.0
2019-20,24:3,maize,0.0
2019-20,24:4,maize,0.0
2019-20,24:5,maize,0.0
2019-20,25:1,maize,0.0
2019-20,25:2,maize,2237.0
2019-20,25:3,maize,0.0
2019-20,26:1,maize,7696.0
2019-20,26:2,maize,5969.0
2019-20,26:3,maize,553.0
2019-20,26:4,maize,661.0
2019-20,26:5,maize,8972.0
2019-20,26:6,maize,374.0
2019-20,26:7,maize,2032.0
2019-20,27:1,maize,5867.0
2019-20,27:2,maize,3434.0
2019-20,27:3,maize,357.0
2019-20,27:4,maize,19488.0
2019-20,28:5,maize,320.0
2019-20,28:6,maize,626.0
2019-20,28:7,maize,1815.0
2019-20,28:8,maize,565.0
2019-20,29:1,maize,18204.0
2019-20,29:2,maize,1276.0
2019-20,29:3,maize,4289.0
2019-20,29:4,maize,5541.0
2019-20,29:5,maize,2781.0
2019-20,29:6,maize,708.0
2019-20,2:1,maize,22870.0
2019-20,2:2,maize,5601.0
2019-20,2:3,maize,11771.0
2019-20,2:4,maize,21450.0
2019-20,2:5,maize,3560.0
2019-20,2:6,maize,2793.0
2019-20,30:10,maize,3.0
2019-20,30:8,maize,68.0
2019-20,30:9,maize,57.0
2019-20,3:1,maize,16264.0
2019-20,3:2,maize,5320.0
2019-20,3:3,maize,5257.0
2019-20,3:4,maize,16691.0
2019-20,3:5,maize,2279.0
2019-20,4:2+1,maize,747.0
2019-20,4:3,maize,330.0
2019-20,4:4,maize,711.0
2019-20,4:5,maize,4.0
2019-20,4:6,maize,272.0
2019-20,4:7,maize,242.0
2019-20,5:1,maize,152.0
2019-20,5:2,maize,260.0
2019-20,5:3,maize,127.0
2019-20,5:4,maize,320.0
2019-20,5:5,maize,631.0
2019-20,6:1,maize,3741.0
2019-20,6:2,maize,6.0
2019-20,6:3,maize,224.0
2019-20,6:4,maize,179.0
2019-20,6:5,maize,449.0
2019-20,7:1,maize,32569.0
2019-20,7:2,maize,20479.0
2019-20,7:3,maize,3466.0
2019-20,7:4,maize,24662.0
2019-20,8:1,maize,3554.0
2019-20,8:2,maize,2445.0
2019-20,8:3,maize,5880.0
2019-20,8:4,maize,24874.0
2019-20,8:5,maize,10307.0
2019-20,9:1,maize,8164.0
2019-20,9:2,maize,9885.0
2019-20,9:3,maize,4915.0
2019-20,9:4,maize,17695.0
2019-20,9:5,maize,1991.0
2019-20,10:1,ragi,0.0
2019-20,10:10,ragi,0.0
2019-20,10:11,ragi,0.0
2019-20,10:2,ragi,0.0
2019-20,10:3,ragi,0.0
2019-20,10:4,ragi,0.0
2019-20,10:5,ragi,0.0
2019-20,10:6,ragi,0.0
2019-20,10:7,ragi,3.0
2019-20,10:8,ragi,3.0
2019-20,10:9,ragi,0.0
2019-20,11:1,ragi,57.0
2019-20,11:2,ragi,20.0
2019-20,11:3,ragi,16.0
2019-20,11:4,ragi,26.0
2019-20,11:5,ragi,32.0
2019-20,11:6,ragi,57.0
2019-20,11:7,ragi,69.0
2019-20,12:3,ragi,9.0
2019-20,12:4,ragi,7.0
2019-20,12:5,ragi,12.0
2019-20,12:6,ragi,1128.0
2019-20,13:1,ragi,1003.0
2019-20,13:2,ragi,2906.0
2019-20,13:3,ragi,1992.0
2019-20,13:4,ragi,2239.0
2019-20,13:5,ragi,13282.0
2019-20,13:6,ragi,164.0
2019-20,14:1,ragi,202.0
2019-20,14:3,ragi,3718.0
2019-20,14:4,ragi,1805.0
2019-20,14:5,ragi,298.0
2019-20,14:6,ragi,1549.0
2019-20,15:1,ragi,2.0
2019-20,15:2,ragi,21.0
2019-20,15:3,ragi,34.0
2019-20,15:4,ragi,4.0
2019-20,15:5,ragi,0.0
2019-20,15:6,ragi,202.0
2019-20,15:7,ragi,176.0
2019-20,16:1,ragi,0.0
2019-20,16:2,ragi,0.0
2019-20,16:3,ragi,0.0
2019-20,17:1,ragi,0.0
2019-20,17:2,ragi,0.0
2019-20,17:3,ragi,0.0
2019-20,17:4,ragi,5769.0
2019-20,17:5,ragi,18768.0
2019-20,17:6,ragi,2419.0
2019-20,17:7,ragi,0.0
2019-20,18:1,ragi,19722.0
2019-20,18:10,ragi,24990.0
2019-20,18:2,ragi,10593.0
2019-20,18:3,ragi,1196.0
2019-20,18:4,ragi,5789.0
2019-20,18:5,ragi,6682.0
2019-20,18:6,ragi,18693.0
2019-20,18:7,ragi,14102.0
2019-20,18:8,ragi,15977.0
2019-20,18:9,ragi,14334.0
2019-20,19:10,ragi,11988.0
2019-20,19:11,ragi,4765.0
2019-20,19:7,ragi,5463.0
2019-20,19:8,ragi,10663.0
2019-20,19:9,ragi,11241.0
2019-20,1:1,ragi,35.0
2019-20,1:10,ragi,19.0
2019-20,1:2,ragi,32.0
2019-20,1:3,ragi,7.0
2019-20,1:4,ragi,12.0
2019-20,1:5,ragi,24.0
2019-20,1:6,ragi,762.0
2019-20,1:7,ragi,151.0
2019-20,1:8,ragi,2.0
2019-20,1:9,ragi,0.0
2019-20,20:1,ragi,2943.0
2019-20,20:2,ragi,1707.0
2019-20,20:3,ragi,3537.0
2019-20,20:4,ragi,869.0
2019-20,21:1,ragi,12042.0
2019-20,21:2,ragi,12230.0
2019-20,21:3,ragi,9798.0
2019-20,21:4,ragi,8274.0
2019-20,22:1,ragi,8306.0
2019-20,22:2,ragi,19308.0
2019-20,22:3,ragi,3906.0
2019-20,22:4,ragi,575.0
2019-20,22:5,ragi,5744.0
2019-20,22:6,ragi,3574.0
2019-20,22:7,ragi,3901.0
2019-20,23:1,ragi,1.0
2019-20,23:2,ragi,2536.0
2019-20,23:3,ragi,20195.0
2019-20,23:4,ragi,8238.0
2019-20,23:5,ragi,837.0
2019-20,23:6,ragi,7831.0
2019-20,23:7,ragi,10275.0
2019-20,23:8,ragi,22557.0
2019-20,24:1,ragi,0.0
2019-20,24:2,ragi,0.0
2019-20,24:3,ragi,0.0
2019-20,24:4,ragi,0.0
2019-20,24:5,ragi,0.0
2019-20,25:1,ragi,0.0
2019-20,25:2,ragi,62.0
2019-20,25:3,ragi,0.0
2019-20,26:1,ragi,12260.0
2019-20,26:2,ragi,16309.0
2019-20,26:3,ragi,4247.0
2019-20,26:4,ragi,4420.0
2019-20,26:5,ragi,6979.0
2019-20,26:6,ragi,1647.0
2019-20,26:7,ragi,277.0
2019-20,27:1,ragi,816.0
2019-20,27:2,ragi,2537.0
2019-20,27:3,ragi,236.0
2019-20,27:4,ragi,5472.0
2019-20,28:5,ragi,17919.0
2019-20,28:6,ragi,7622.0
2019-20,28:7,ragi,5321.0
2019-20,28:8,ragi,19446.0
2019-20,29:1,ragi,3184.0
2019-20,29:2,ragi,8932.0
2019-20,29:3,ragi,2311.0
2019-20,29:4,ragi,604.0
2019-20,29:5,ragi,10615.0
2019-20,29:6,ragi,6701.0
2019-20,2:1,ragi,13.0
2019-20,2:2,ragi,5.0
2019-20,2:3,ragi,2.0
2019-20,2:4,ragi,0.0
2019-20,2:5,ragi,0.0
2019-20,2:6,ragi,4.0
2019-20,30:10,ragi,1.0
2019-20,30:8,ragi,8.0
2019-20,30:9,ragi,1.0
2019-20,3:1,ragi,33.0
2019-20,3:2,ragi,12.0
2019-20,3:3,ragi,11.0
2019-20,3:4,ragi,17.0
2019-20,3:5,ragi,3.0
2019-20,4:2+1,ragi,25.0
2019-20,4:3,ragi,5.0
2019-20,4:4,ragi,18.0
2019-20,4:5,ragi,5.0
2019-20,4:6,ragi,0.0
2019-20,4:7,ragi,16.0
2019-20,5:1,ragi,0.0
2019-20,5:2,ragi,0.0
2019-20,5:3,ragi,4.0
2019-20,5:4,ragi,8.0
2019-20,5:5,ragi,0.0
2019-20,6:1,ragi,16.0
2019-20,6:2,ragi,10.0
2019-20,6:3,ragi,7.0
2019-20,6:4,ragi,37.0
2019-20,6:5,ragi,14.0
2019-20,7:1,ragi,7.0
2019-20,7:2,ragi,20.0
2019-20,7:3,ragi,10.0
2019-20,7:4,ragi,34.0
2019-20,8:1,ragi,0.0
2019-20,8:2,ragi,3.0
2019-20,8:3,ragi,9.0
2019-20,8:4,ragi,10.0
2019-20,8:5,ragi,11.0
2019-20,9:1,ragi,2.0
2019-20,9:2,ragi,1.0
2019-20,9:3,ragi,14.0
2019-20,9:4,ragi,2.0
2019-20,9:5,ragi,51.0
2019-20,10:1,wheat,0.0
2019-20,10:10,wheat,0.0
2019-20,10:11,wheat,0.0
2019-20,10:2,wheat,0.0
2019-20,10:3,wheat,0.0
2019-20,10:4,wheat,0.0
2019-20,10:5,wheat,0.0
2019-20,10:6,wheat,0.0
2019-20,10:7,wheat,0.0
2019-20,10:8,wheat,0.0
2019-20,10:9,wheat,0.0
2019-20,11:1,wheat,540.0
2019-20,11:2,wheat,150.0
2019-20,11:3,wheat,5.0
2019-20,11:4,wheat,3.0
2019-20,11:5,wheat,0.0
2019-20,11:6,wheat,0.0
2019-20,11:7,wheat,5.0
2019-20,12:3,wheat,0.0
2019-20,12:4,wheat,0.0
2019-20,12:5,wheat,1.0
2019-20,12:6,wheat,0.0
2019-20,13:1,wheat,12.0
2019-20,13:2,wheat,75.0
2019-20,13:3,wheat,100.0
2019-20,13:4,wheat,0.0
2019-20,13:5,wheat,0.0
2019-20,13:6,wheat,44.0
2019-20,14:1,wheat,0.0
2019-20,14:3,wheat,117.0
2019-20,14:4,wheat,0.0
2019-20,14:5,wheat,92.0
2019-20,14:6,wheat,0.0
2019-20,15:1,wheat,0.0
2019-20,15:2,wheat,0.0
2019-20,15:3,wheat,0.0
2019-20,15:4,wheat,0.0
2019-20,15:5,wheat,0.0
2019-20,15:6,wheat,1.0
2019-20,15:7,wheat,0.0
2019-20,16:1,wheat,0.0
2019-20,16:2,wheat,1.0
2019-20,16:3,wheat,0.0
2019-20,17:1,wheat,0.0
2019-20,17:2,wheat,0.0
2019-20,17:3,wheat,0.0
2019-20,17:4,wheat,2.0
2019-20,17:5,wheat,0.0
2019-20,17:6,wheat,1.0
2019-20,17:7,wheat,0.0
2019-20,18:1,wheat,1.0
2019-20,18:10,wheat,1.0
2019-20,18:2,wheat,0.0
2019-20,18:3,wheat,0.0
2019-20,18:4,wheat,0.0
2019-20,18:5,wheat,0.0
2019-20,18:6,wheat,0.0
2019-20,18:7,wheat,1.0
2019-20,18:8,wheat,2.0
2019-20,18:9,wheat,1.0
2019-20,19:10,wheat,0.0
2019-20,19:11,wheat,0.0
2019-20,19:7,wheat,0.0
2019-20,19:8,wheat,0.0
2019-20,19:9,wheat,0.0
2019-20,1:1,wheat,1962.0
2019-20,1:10,wheat,2610.0
2019-20,1:2,wheat,7871.0
2019-20,1:3,wheat,9519.0
2019-20,1:4,wheat,6545.0
2019-20,1:5,wheat,684.0
2019-20,1:6,wheat,45.0
2019-20,1:7,wheat,4.0
2019-20,1:8,wheat,1430.0
2019-20,1:9,wheat,8089.0
2019-20,20:1,wheat,0.0
2019-20,20:2,wheat,0.0
2019-20,20:3,wheat,3.0
2019-20,20:4,wheat,0.0
2019-20,21:1,wheat,0.0
2019-20,21:2,wheat,1.0
2019-20,21:3,wheat,0.0
2019-20,21:4,wheat,0.0
2019-20,22:1,wheat,0.0
2019-20,22:2,wheat,0.0
2019-20,22:3,wheat,0.0
2019-20,22:4,wheat,0.0
2019-20,22:5,wheat,1.0
2019-20,22:6,wheat,0.0
2019-20,22:7,wheat,0.0
2019-20,23:1,wheat,0.0
2019-20,23:2,wheat,2.0
2019-20,23:3,wheat,0.0
2019-20,23:4,wheat,5.0
2019-20,23:5,wheat,0.0
2019-20,23:6,wheat,1.0
2019-20,23:7,wheat,0.0
2019-20,23:8,wheat,1.0
2019-20,24:1,wheat,0.0
2019-20,24:2,wheat,0.0
2019-20,24:3,wheat,0.0
2019-20,24:4,wheat,3.0
2019-20,24:5,wheat,0.0
2019-20,25:1,wheat,0.0
2019-20,25:2,wheat,2.0
2019-20,25:3,wheat,0.0
2019-20,26:1,wheat,0.0
2019-20,26:2,wheat,0.0
2019-20,26:3,wheat,0.0
2019-20,26:4,wheat,1.0
2019-20,26:5,wheat,2.0
2019-20,26:6,wheat,0.0
2019-20,26:7,wheat,0.0
2019-20,27:1,wheat,0.0
2019-20,27:2,wheat,0.0
2019-20,27:3,wheat,0.0
2019-20,27:4,wheat,1.0
2019-20,28:5,wheat,0.0
2019-20,28:6,wheat,0.0
2019-20,28:7,wheat,0.0
2019-20,28:8,wheat,1.0
2019-20,29:1,wheat,1.0
2019-20,29:2,wheat,1.0
2019-20,29:3,wheat,0.0
2019-20,29:4,wheat,0.0
2019-20,29:5,wheat,0.0
2019-20,29:6,wheat,2.0
2019-20,2:1,wheat,8313.0
2019-20,2:2,wheat,3650.0
2019-20,2:3,wheat,3995.0
2019-20,2:4,wheat,4110.0
2019-20,2:5,wheat,3009.0
2019-20,2:6,wheat,1588.0
2019-20,30:10,wheat,1.0
2019-20,30:8,wheat,316.0
2019-20,30:9,wheat,3.0
2019-20,3:1,wheat,12323.0
2019-20,3:2,wheat,3036.0
2019-20,3:3,wheat,12615.0
2019-20,3:4,wheat,4928.0
2019-20,3:5,wheat,2434.0
2019-20,4:2+1,wheat,5881.0
2019-20,4:3,wheat,242.0
2019-20,4:4,wheat,0.0
2019-20,4:5,wheat,50.0
2019-20,4:6,wheat,16.0
2019-20,4:7,wheat,160.0
2019-20,5:1,wheat,988.0
2019-20,5:2,wheat,145.0
2019-20,5:3,wheat,490.0
2019-20,5:4,wheat,144.0
2019-20,5:5,wheat,1160.0
2019-20,6:1,wheat,26.0
2019-20,6:2,wheat,0.0
2019-20,6:3,wheat,0.0
2019-20,6:4,wheat,0.0
2019-20,6:5,wheat,0.0
2019-20,7:1,wheat,3645.0
2019-20,7:2,wheat,166.0
2019-20,7:3,wheat,75.0
2019-20,7:4,wheat,922.0
2019-20,8:1,wheat,7070.0
2019-20,8:2,wheat,2744.0
2019-20,8:3,wheat,1625.0
2019-20,8:4,wheat,768.0
2019-20,8:5,wheat,1663.0
2019-20,9:1,wheat,1904.0
2019-20,9:2,wheat,15560.0
2019-20,9:3,wheat,3874.0
2019-20,9:4,wheat,13.0
2019-20,9:5,wheat,7911.0
2019-20,10:1,pigeonpea (tur),0.0
2019-20,10:10,pigeonpea (tur),0.0
2019-20,10:11,pigeonpea (tur),0.0
2019-20,10:2,pigeonpea (tur),0.0
2019-20,10:3,pigeonpea (tur),0.0
2019-20,10:4,pigeonpea (tur),0.0
2019-20,10:5,pigeonpea (tur),0.0
2019-20,10:6,pigeonpea (tur),0.0
2019-20,10:7,pigeonpea (tur),0.0
2019-20,10:8,pigeonpea (tur),1.0
2019-20,10:9,pigeonpea (tur),0.0
2019-20,11:1,pigeonpea (tur),124.0
2019-20,11:2,pigeonpea (tur),514.0
2019-20,11:3,pigeonpea (tur),21.0
2019-20,11:4,pigeonpea (tur),309.0
2019-20,11:5,pigeonpea (tur),28.0
2019-20,11:6,pigeonpea (tur),241.0
2019-20,11:7,pigeonpea (tur),226.0
2019-20,12:3,pigeonpea (tur),64.0
2019-20,12:4,pigeonpea (tur),427.0
2019-20,12:5,pigeonpea (tur),1333.0
2019-20,12:6,pigeonpea (tur),188.0
2019-20,13:1,pigeonpea (tur),203.0
2019-20,13:2,pigeonpea (tur),2607.0
2019-20,13:3,pigeonpea (tur),530.0
2019-20,13:4,pigeonpea (tur),162.0
2019-20,13:5,pigeonpea (tur),552.0
2019-20,13:6,pigeonpea (tur),0.0
2019-20,14:1,pigeonpea (tur),63.0
2019-20,14:3,pigeonpea (tur),1537.0
2019-20,14:4,pigeonpea (tur),1867.0
2019-20,14:5,pigeonpea (tur),1193.0
2019-20,14:6,pigeonpea (tur),90.0
2019-20,15:1,pigeonpea (tur),0.0
2019-20,15:2,pigeonpea (tur),2.0
2019-20,15:3,pigeonpea (tur),13.0
2019-20,15:4,pigeonpea (tur),0.0
2019-20,15:5,pigeonpea (tur),0.0
2019-20,15:6,pigeonpea (tur),3.0
2019-20,15:7,pigeonpea (tur),5.0
2019-20,16:1,pigeonpea (tur),0.0
2019-20,16:2,pigeonpea (tur),0.0
2019-20,16:3,pigeonpea (tur),0.0
2019-20,17:1,pigeonpea (tur),0.0
2019-20,17:2,pigeonpea (tur),0.0
2019-20,17:3,pigeonpea (tur),0.0
2019-20,17:4,pigeonpea (tur),33.0
2019-20,17:5,pigeonpea (tur),154.0
2019-20,17:6,pigeonpea (tur),145.0
2019-20,17:7,pigeonpea (tur),0.0
2019-20,18:1,pigeonpea (tur),343.0
2019-20,18:10,pigeonpea (tur),353.0
2019-20,18:2,pigeonpea (tur),3556.0
2019-20,18:3,pigeonpea (tur),3503.0
2019-20,18:4,pigeonpea (tur),872.0
2019-20,18:5,pigeonpea (tur),654.0
2019-20,18:6,pigeonpea (tur),497.0
2019-20,18:7,pigeonpea (tur),467.0
2019-20,18:8,pigeonpea (tur),184.0
2019-20,18:9,pigeonpea (tur),78.0
2019-20,19:10,pigeonpea (tur),787.0
2019-20,19:11,pigeonpea (tur),441.0
2019-20,19:7,pigeonpea (tur),136.0
2019-20,19:8,pigeonpea (tur),484.0
2019-20,19:9,pigeonpea (tur),205.0
2019-20,1:1,pigeonpea (tur),149.0
2019-20,1:10,pigeonpea (tur),696.0
2019-20,1:2,pigeonpea (tur),12499.0
2019-20,1:3,pigeonpea (tur),170.0
2019-20,1:4,pigeonpea (tur),250.0
2019-20,1:5,pigeonpea (tur),46.0
2019-20,1:6,pigeonpea (tur),5.0
2019-20,1:7,pigeonpea (tur),2.0
2019-20,1:8,pigeonpea (tur),199.0
2019-20,1:9,pigeonpea (tur),865.0
2019-20,20:1,pigeonpea (tur),80.0
2019-20,20:2,pigeonpea (tur),204.0
2019-20,20:3,pigeonpea (tur),90.0
2019-20,20:4,pigeonpea (tur),36.0
2019-20,21:1,pigeonpea (tur),334.0
2019-20,21:2,pigeonpea (tur),342.0
2019-20,21:3,pigeonpea (tur),87.0
2019-20,21:4,pigeonpea (tur),52.0
2019-20,22:1,pigeonpea (tur),66.0
2019-20,22:2,pigeonpea (tur),73.0
2019-20,22:3,pigeonpea (tur),82.0
2019-20,22:4,pigeonpea (tur),13.0
2019-20,22:5,pigeonpea (tur),84.0
2019-20,22:6,pigeonpea (tur),6.0
2019-20,22:7,pigeonpea (tur),17.0
2019-20,23:1,pigeonpea (tur),0.0
2019-20,23:2,pigeonpea (tur),66.0
2019-20,23:3,pigeonpea (tur),503.0
2019-20,23:4,pigeonpea (tur),116.0
2019-20,23:5,pigeonpea (tur),1.0
2019-20,23:6,pigeonpea (tur),62.0
2019-20,23:7,pigeonpea (tur),78.0
2019-20,23:8,pigeonpea (tur),312.0
2019-20,24:1,pigeonpea (tur),1.0
2019-20,24:2,pigeonpea (tur),0.0
2019-20,24:3,pigeonpea (tur),0.0
2019-20,24:4,pigeonpea (tur),0.0
2019-20,24:5,pigeonpea (tur),0.0
2019-20,25:1,pigeonpea (tur),0.0
2019-20,25:2,pigeonpea (tur),0.0
2019-20,25:3,pigeonpea (tur),0.0
2019-20,26:1,pigeonpea (tur),163.0
2019-20,26:2,pigeonpea (tur),1219.0
2019-20,26:3,pigeonpea (tur),335.0
2019-20,26:4,pigeonpea (tur),1144.0
2019-20,26:5,pigeonpea (tur),381.0
2019-20,26:6,pigeonpea (tur),491.0
2019-20,26:7,pigeonpea (tur),34.0
2019-20,27:1,pigeonpea (tur),618.0
2019-20,27:2,pigeonpea (tur),303.0
2019-20,27:3,pigeonpea (tur),1.0
2019-20,27:4,pigeonpea (tur),40.0
2019-20,28:5,pigeonpea (tur),708.0
2019-20,28:6,pigeonpea (tur),274.0
2019-20,28:7,pigeonpea (tur),28.0
2019-20,28:8,pigeonpea (tur),369.0
2019-20,29:1,pigeonpea (tur),1688.0
2019-20,29:2,pigeonpea (tur),221.0
2019-20,29:3,pigeonpea (tur),432.0
2019-20,29:4,pigeonpea (tur),1029.0
2019-20,29:5,pigeonpea (tur),105.0
2019-20,29:6,pigeonpea (tur),942.0
2019-20,2:1,pigeonpea (tur),9310.0
2019-20,2:2,pigeonpea (tur),441.0
2019-20,2:3,pigeonpea (tur),105.0
2019-20,2:4,pigeonpea (tur),3348.0
2019-20,2:5,pigeonpea (tur),9357.0
2019-20,2:6,pigeonpea (tur),20004.0
2019-20,30:10,pigeonpea (tur),32613.0
2019-20,30:8,pigeonpea (tur),50976.0
2019-20,30:9,pigeonpea (tur),26530.0
2019-20,3:1,pigeonpea (tur),90465.0
2019-20,3:2,pigeonpea (tur),126185.0
2019-20,3:3,pigeonpea (tur),125502.0
2019-20,3:4,pigeonpea (tur),94916.0
2019-20,3:5,pigeonpea (tur),83869.0
2019-20,4:2+1,pigeonpea (tur),176265.0
2019-20,4:3,pigeonpea (tur),95160.0
2019-20,4:4,pigeonpea (tur),67768.0
2019-20,4:5,pigeonpea (tur),55136.0
2019-20,4:6,pigeonpea (tur),90966.0
2019-20,4:7,pigeonpea (tur),111394.0
2019-20,5:1,pigeonpea (tur),11921.0
2019-20,5:2,pigeonpea (tur),15488.0
2019-20,5:3,pigeonpea (tur),23596.0
2019-20,5:4,pigeonpea (tur),13745.0
2019-20,5:5,pigeonpea (tur),12269.0
2019-20,6:1,pigeonpea (tur),51480.0
2019-20,6:2,pigeonpea (tur),16430.0
2019-20,6:3,pigeonpea (tur),16463.0
2019-20,6:4,pigeonpea (tur),14448.0
2019-20,6:5,pigeonpea (tur),3762.0
2019-20,7:1,pigeonpea (tur),4076.0
2019-20,7:2,pigeonpea (tur),14476.0
2019-20,7:3,pigeonpea (tur),3984.0
2019-20,7:4,pigeonpea (tur),3398.0
2019-20,8:1,pigeonpea (tur),60.0
2019-20,8:2,pigeonpea (tur),295.0
2019-20,8:3,pigeonpea (tur),98.0
2019-20,8:4,pigeonpea (tur),275.0
2019-20,8:5,pigeonpea (tur),1053.0
2019-20,9:1,pigeonpea (tur),350.0
2019-20,9:2,pigeonpea (tur),40.0
2019-20,9:3,pigeonpea (tur),100.0
2019-20,9:4,pigeonpea (tur),76.0
2019-20,9:5,pigeonpea (tur),62.0
2019-20,10:1,horse gram,0.0
2019-20,10:10,horse gram,2.0
2019-20,10:11,horse gram,9.0
2019-20,10:2,horse gram,0.0
2019-20,10:3,horse gram,415.0
2019-20,10:4,horse gram,0.0
2019-20,10:5,horse gram,34.0
2019-20,10:6,horse gram,0.0
2019-20,10:7,horse gram,0.0
2019-20,10:8,horse gram,0.0
2019-20,10:9,horse gram,0.0
2019-20,11:1,horse gram,117.0
2019-20,11:2,horse gram,0.0
2019-20,11:3,horse gram,826.0
2019-20,11:4,horse gram,0.0
2019-20,11:5,horse gram,1401.0
2019-20,11:6,horse gram,3891.0
2019-20,11:7,horse gram,71.0
2019-20,12:3,horse gram,12.0
2019-20,12:4,horse gram,6.0
2019-20,12:5,horse gram,166.0
2019-20,12:6,horse gram,4.0
2019-20,13:1,horse gram,118.0
2019-20,13:2,horse gram,468.0
2019-20,13:3,horse gram,240.0
2019-20,13:4,horse gram,125.0
2019-20,13:5,horse gram,1511.0
2019-20,13:6,horse gram,1427.0
2019-20,14:1,horse gram,0.0
2019-20,14:3,horse gram,28.0
2019-20,14:4,horse gram,8.0
2019-20,14:5,horse gram,178.0
2019-20,14:6,horse gram,0.0
2019-20,15:1,horse gram,8.0
2019-20,15:2,horse gram,11.0
2019-20,15:3,horse gram,86.0
2019-20,15:4,horse gram,6.0
2019-20,15:5,horse gram,0.0
2019-20,15:6,horse gram,8.0
2019-20,15:7,horse gram,6.0
2019-20,16:1,horse gram,0.0
2019-20,16:2,horse gram,16.0
2019-20,16:3,horse gram,17.0
2019-20,17:1,horse gram,0.0
2019-20,17:2,horse gram,0.0
2019-20,17:3,horse gram,0.0
2019-20,17:4,horse gram,3101.0
2019-20,17:5,horse gram,4349.0
2019-20,17:6,horse gram,635.0
2019-20,17:7,horse gram,0.0
2019-20,18:1,horse gram,1379.0
2019-20,18:10,horse gram,5720.0
2019-20,18:2,horse gram,5789.0
2019-20,18:3,horse gram,1256.0
2019-20,18:4,horse gram,1741.0
2019-20,18:5,horse gram,1403.0
2019-20,18:6,horse gram,1330.0
2019-20,18:7,horse gram,2154.0
2019-20,18:8,horse gram,1391.0
2019-20,18:9,horse gram,890.0
2019-20,19:10,horse gram,3957.0
2019-20,19:11,horse gram,1391.0
2019-20,19:7,horse gram,2522.0
2019-20,19:8,horse gram,952.0
2019-20,19:9,horse gram,1372.0
2019-20,1:1,horse gram,27.0
2019-20,1:10,horse gram,324.0
2019-20,1:2,horse gram,7.0
2019-20,1:3,horse gram,13.0
2019-20,1:4,horse gram,28.0
2019-20,1:5,horse gram,9.0
2019-20,1:6,horse gram,6.0
2019-20,1:7,horse gram,6.0
2019-20,1:8,horse gram,63.0
2019-20,1:9,horse gram,232.0
2019-20,20:1,horse gram,98.0
2019-20,20:2,horse gram,431.0
2019-20,20:3,horse gram,442.0
2019-20,20:4,horse gram,34.0
2019-20,21:1,horse gram,700.0
2019-20,21:2,horse gram,837.0
2019-20,21:3,horse gram,171.0
2019-20,21:4,horse gram,371.0
2019-20,22:1,horse gram,2329.0
2019-20,22:2,horse gram,8906.0
2019-20,22:3,horse gram,1931.0
2019-20,22:4,horse gram,1593.0
2019-20,22:5,horse gram,6502.0
2019-20,22:6,horse gram,7536.0
2019-20,22:7,horse gram,6313.0
2019-20,23:1,horse gram,0.0
2019-20,23:2,horse gram,133.0
2019-20,23:3,horse gram,2006.0
2019-20,23:4,horse gram,63.0
2019-20,23:5,horse gram,75.0
2019-20,23:6,horse gram,292.0
2019-20,23:7,horse gram,1315.0
2019-20,23:8,horse gram,475.0
2019-20,24:1,horse gram,0.0
2019-20,24:2,horse gram,0.0
2019-20,24:3,horse gram,18.0
2019-20,24:4,horse gram,0.0
2019-20,24:5,horse gram,5.0
2019-20,25:1,horse gram,0.0
2019-20,25:2,horse gram,10.0
2019-20,25:3,horse gram,0.0
2019-20,26:1,horse gram,3171.0
2019-20,26:2,horse gram,5098.0
2019-20,26:3,horse gram,2265.0
2019-20,26:4,horse gram,3456.0
2019-20,26:5,horse gram,5820.0
2019-20,26:6,horse gram,8943.0
2019-20,26:7,horse gram,2052.0
2019-20,27:1,horse gram,12587.0
2019-20,27:2,horse gram,11036.0
2019-20,27:3,horse gram,500.0
2019-20,27:4,horse gram,7373.0
2019-20,28:5,horse gram,994.0
2019-20,28:6,horse gram,1441.0
2019-20,28:7,horse gram,1685.0
2019-20,28:8,horse gram,3192.0
2019-20,29:1,horse gram,541.0
2019-20,29:2,horse gram,420.0
2019-20,29:3,horse gram,35.0
2019-20,29:4,horse gram,267.0
2019-20,29:5,horse gram,922.0
2019-20,29:6,horse gram,3140.0
2019-20,2:1,horse gram,42.0
2019-20,2:2,horse gram,53.0
2019-20,2:3,horse gram,60.0
2019-20,2:4,horse gram,530.0
2019-20,2:5,horse gram,30.0
2019-20,2:6,horse gram,290.0
2019-20,30:10,horse gram,5.0
2019-20,30:8,horse gram,42.0
2019-20,30:9,horse gram,40.0
2019-20,3:1,horse gram,115.0
2019-20,3:2,horse gram,39.0
2019-20,3:3,horse gram,18.0
2019-20,3:4,horse gram,16.0
2019-20,3:5,horse gram,10.0
2019-20,4:2+1,horse gram,9.0
2019-20,4:3,horse gram,9.0
2019-20,4:4,horse gram,0.0
2019-20,4:5,horse gram,0.0
2019-20,4:6,horse gram,4.0
2019-20,4:7,horse gram,12.0
2019-20,5:1,horse gram,14.0
2019-20,5:2,horse gram,192.0
2019-20,5:3,horse gram,76.0
2019-20,5:4,horse gram,42.0
2019-20,5:5,horse gram,26.0
2019-20,6:1,horse gram,140.0
2019-20,6:2,horse gram,8.0
2019-20,6:3,horse gram,7.0
2019-20,6:4,horse gram,36.0
2019-20,6:5,horse gram,5.0
2019-20,7:1,horse gram,3197.0
2019-20,7:2,horse gram,4299.0
2019-20,7:3,horse gram,202.0
2019-20,7:4,horse gram,1078.0
2019-20,8:1,horse gram,0.0
2019-20,8:2,horse gram,76.0
2019-20,8:3,horse gram,28.0
2019-20,8:4,horse gram,189.0
2019-20,8:5,horse gram,163.0
2019-20,9:1,horse gram,185.0
2019-20,9:2,horse gram,4.0
2019-20,9:3,horse gram,155.0
2019-20,9:4,horse gram,606.0
2019-20,9:5,horse gram,447.0
2019-20,10:1,black gram,12.0
2019-20,10:10,black gram,40.0
2019-20,10:11,black gram,24.0
2019-20,10:2,black gram,0.0
2019-20,10:3,black gram,25.0
2019-20,10:4,black gram,9.0
2019-20,10:5,black gram,73.0
2019-20,10:6,black gram,32.0
2019-20,10:7,black gram,10.0
2019-20,10:8,black gram,49.0
2019-20,10:9,black gram,34.0
2019-20,11:1,black gram,16.0
2019-20,11:2,black gram,2.0
2019-20,11:3,black gram,131.0
2019-20,11:4,black gram,0.0
2019-20,11:5,black gram,12.0
2019-20,11:6,black gram,0.0
2019-20,11:7,black gram,4.0
2019-20,12:3,black gram,3.0
2019-20,12:4,black gram,8.0
2019-20,12:5,black gram,5.0
2019-20,12:6,black gram,3.0
2019-20,13:1,black gram,3.0
2019-20,13:2,black gram,1.0
2019-20,13:3,black gram,19.0
2019-20,13:4,black gram,0.0
2019-20,13:5,black gram,0.0
2019-20,13:6,black gram,0.0
2019-20,14:1,black gram,0.0
2019-20,14:3,black gram,19.0
2019-20,14:4,black gram,3.0
2019-20,14:5,black gram,0.0
2019-20,14:6,black gram,1.0
2019-20,15:1,black gram,1.0
2019-20,15:2,black gram,3.0
2019-20,15:3,black gram,0.0
2019-20,15:4,black gram,1.0
2019-20,15:5,black gram,1.0
2019-20,15:6,black gram,2.0
2019-20,15:7,black gram,0.0
2019-20,16:1,black gram,810.0
2019-20,16:2,black gram,1510.0
2019-20,16:3,black gram,127.0
2019-20,17:1,black gram,0.0
2019-20,17:2,black gram,0.0
2019-20,17:3,black gram,0.0
2019-20,17:4,black gram,194.0
2019-20,17:5,black gram,615.0
2019-20,17:6,black gram,35.0
2019-20,17:7,black gram,0.0
2019-20,18:1,black gram,6.0
2019-20,18:10,black gram,32.0
2019-20,18:2,black gram,2.0
2019-20,18:3,black gram,0.0
2019-20,18:4,black gram,0.0
2019-20,18:5,black gram,3.0
2019-20,18:6,black gram,79.0
2019-20,18:7,black gram,15.0
2019-20,18:8,black gram,13.0
2019-20,18:9,black gram,20.0
2019-20,19:10,black gram,3.0
2019-20,19:11,black gram,1.0
2019-20,19:7,black gram,3.0
2019-20,19:8,black gram,0.0
2019-20,19:9,black gram,1.0
2019-20,1:1,black gram,214.0
2019-20,1:10,black gram,40.0
2019-20,1:2,black gram,8775.0
2019-20,1:3,black gram,0.0
2019-20,1:4,black gram,0.0
2019-20,1:5,black gram,187.0
2019-20,1:6,black gram,0.0
2019-20,1:7,black gram,0.0
2019-20,1:8,black gram,55.0
2019-20,1:9,black gram,780.0
2019-20,20:1,black gram,0.0
2019-20,20:2,black gram,0.0
2019-20,20:3,black gram,7.0
2019-20,20:4,black gram,0.0
2019-20,21:1,black gram,4.0
2019-20,21:2,black gram,0.0
2019-20,21:3,black gram,0.0
2019-20,21:4,black gram,7.0
2019-20,22:1,black gram,53.0
2019-20,22:2,black gram,15.0
2019-20,22:3,black gram,131.0
2019-20,22:4,black gram,74.0
2019-20,22:5,black gram,62.0
2019-20,22:6,black gram,40.0
2019-20,22:7,black gram,145.0
2019-20,23:1,black gram,0.0
2019-20,23:2,black gram,0.0
2019-20,23:3,black gram,982.0
2019-20,23:4,black gram,0.0
2019-20,23:5,black gram,0.0
2019-20,23:6,black gram,23.0
2019-20,23:7,black gram,107.0
2019-20,23:8,black gram,310.0
2019-20,24:1,black gram,20.0
2019-20,24:2,black gram,15.0
2019-20,24:3,black gram,25.0
2019-20,24:4,black gram,0.0
2019-20,24:5,black gram,7.0
2019-20,25:1,black gram,0.0
2019-20,25:2,black gram,0.0
2019-20,25:3,black gram,5.0
2019-20,26:1,black gram,7.0
2019-20,26:2,black gram,27.0
2019-20,26:3,black gram,387.0
2019-20,26:4,black gram,1389.0
2019-20,26:5,black gram,324.0
2019-20,26:6,black gram,4811.0
2019-20,26:7,black gram,6093.0
2019-20,27:1,black gram,47.0
2019-20,27:2,black gram,1025.0
2019-20,27:3,black gram,210.0
2019-20,27:4,black gram,401.0
2019-20,28:5,black gram,5.0
2019-20,28:6,black gram,0.0
2019-20,28:7,black gram,0.0
2019-20,28:8,black gram,1.0
2019-20,29:1,black gram,0.0
2019-20,29:2,black gram,1.0
2019-20,29:3,black gram,0.0
2019-20,29:4,black gram,0.0
2019-20,29:5,black gram,2.0
2019-20,29:6,black gram,4.0
2019-20,2:1,black gram,1611.0
2019-20,2:2,black gram,68.0
2019-20,2:3,black gram,58.0
2019-20,2:4,black gram,0.0
2019-20,2:5,black gram,0.0
2019-20,2:6,black gram,0.0
2019-20,30:10,black gram,1.0
2019-20,30:8,black gram,1.0
2019-20,30:9,black gram,0.0
2019-20,3:1,black gram,729.0
2019-20,3:2,black gram,86.0
2019-20,3:3,black gram,5.0
2019-20,3:4,black gram,1.0
2019-20,3:5,black gram,0.0
2019-20,4:2+1,black gram,3698.0
2019-20,4:3,black gram,2764.0
2019-20,4:4,black gram,6845.0
2019-20,4:5,black gram,2231.0
2019-20,4:6,black gram,7482.0
2019-20,4:7,black gram,15.0
2019-20,5:1,black gram,2046.0
2019-20,5:2,black gram,10668.0
2019-20,5:3,black gram,6867.0
2019-20,5:4,black gram,2548.0
2019-20,5:5,black gram,5389.0
2019-20,6:1,black gram,0.0
2019-20,6:2,black gram,0.0
2019-20,6:3,black gram,0.0
2019-20,6:4,black gram,1.0
2019-20,6:5,black gram,0.0
2019-20,7:1,black gram,2.0
2019-20,7:2,black gram,0.0
2019-20,7:3,black gram,540.0
2019-20,7:4,black gram,186.0
2019-20,8:1,black gram,140.0
2019-20,8:2,black gram,1.0
2019-20,8:3,black gram,7.0
2019-20,8:4,black gram,5.0
2019-20,8:5,black gram,3.0
2019-20,9:1,black gram,3305.0
2019-20,9:2,black gram,0.0
2019-20,9:3,black gram,701.0
2019-20,9:4,black gram,5.0
2019-20,9:5,black gram,36.0
2019-20,10:1,green gram,6.0
2019-20,10:10,green gram,7.0
2019-20,10:11,green gram,15.0
2019-20,10:2,green gram,0.0
2019-20,10:3,green gram,150.0
2019-20,10:4,green gram,14.0
2019-20,10:5,green gram,130.0
2019-20,10:6,green gram,9.0
2019-20,10:7,green gram,2.0
2019-20,10:8,green gram,12.0
2019-20,10:9,green gram,9.0
2019-20,11:1,green gram,1063.0
2019-20,11:2,green gram,327.0
2019-20,11:3,green gram,1888.0
2019-20,11:4,green gram,280.0
2019-20,11:5,green gram,157.0
2019-20,11:6,green gram,202.0
2019-20,11:7,green gram,58.0
2019-20,12:3,green gram,0.0
2019-20,12:4,green gram,0.0
2019-20,12:5,green gram,2.0
2019-20,12:6,green gram,11.0
2019-20,13:1,green gram,78.0
2019-20,13:2,green gram,61.0
2019-20,13:3,green gram,50.0
2019-20,13:4,green gram,8.0
2019-20,13:5,green gram,4065.0
2019-20,13:6,green gram,0.0
2019-20,14:1,green gram,0.0
2019-20,14:3,green gram,19.0
2019-20,14:4,green gram,3.0
2019-20,14:5,green gram,5.0
2019-20,14:6,green gram,4.0
2019-20,15:1,green gram,3.0
2019-20,15:2,green gram,210.0
2019-20,15:3,green gram,44.0
2019-20,15:4,green gram,0.0
2019-20,15:5,green gram,0.0
2019-20,15:6,green gram,8.0
2019-20,15:7,green gram,4.0
2019-20,16:1,green gram,24.0
2019-20,16:2,green gram,132.0
2019-20,16:3,green gram,38.0
2019-20,17:1,green gram,0.0
2019-20,17:2,green gram,0.0
2019-20,17:3,green gram,0.0
2019-20,17:4,green gram,477.0
2019-20,17:5,green gram,3436.0
2019-20,17:6,green gram,81.0
2019-20,17:7,green gram,0.0
2019-20,18:1,green gram,942.0
2019-20,18:10,green gram,320.0
2019-20,18:2,green gram,96.0
2019-20,18:3,green gram,27.0
2019-20,18:4,green gram,25.0
2019-20,18:5,green gram,8.0
2019-20,18:6,green gram,89.0
2019-20,18:7,green gram,477.0
2019-20,18:8,green gram,408.0
2019-20,18:9,green gram,385.0
2019-20,19:10,green gram,24.0
2019-20,19:11,green gram,5.0
2019-20,19:7,green gram,9.0
2019-20,19:8,green gram,1.0
2019-20,19:9,green gram,4.0
2019-20,1:1,green gram,95.0
2019-20,1:10,green gram,22306.0
2019-20,1:2,green gram,1724.0
2019-20,1:3,green gram,241.0
2019-20,1:4,green gram,2152.0
2019-20,1:5,green gram,299.0
2019-20,1:6,green gram,107.0
2019-20,1:7,green gram,17.0
2019-20,1:8,green gram,5188.0
2019-20,1:9,green gram,22834.0
2019-20,20:1,green gram,2.0
2019-20,20:2,green gram,0.0
2019-20,20:3,green gram,3.0
2019-20,20:4,green gram,0.0
2019-20,21:1,green gram,1.0
2019-20,21:2,green gram,0.0
2019-20,21:3,green gram,0.0
2019-20,21:4,green gram,6.0
2019-20,22:1,green gram,70.0
2019-20,22:2,green gram,24.0
2019-20,22:3,green gram,47.0
2019-20,22:4,green gram,52.0
2019-20,22:5,green gram,46.0
2019-20,22:6,green gram,49.0
2019-20,22:7,green gram,14.0
2019-20,23:1,green gram,0.0
2019-20,23:2,green gram,72.0
2019-20,23:3,green gram,5831.0
2019-20,23:4,green gram,72.0
2019-20,23:5,green gram,0.0
2019-20,23:6,green gram,18.0
2019-20,23:7,green gram,70.0
2019-20,23:8,green gram,386.0
2019-20,24:1,green gram,0.0
2019-20,24:2,green gram,0.0
2019-20,24:3,green gram,20.0
2019-20,24:4,green gram,0.0
2019-20,24:5,green gram,4.0
2019-20,25:1,green gram,1.0
2019-20,25:2,green gram,5.0
2019-20,25:3,green gram,0.0
2019-20,26:1,green gram,25.0
2019-20,26:2,green gram,36.0
2019-20,26:3,green gram,157.0
2019-20,26:4,green gram,134.0
2019-20,26:5,green gram,479.0
2019-20,26:6,green gram,2899.0
2019-20,26:7,green gram,733.0
2019-20,27:1,green gram,64.0
2019-20,27:2,green gram,1048.0
2019-20,27:3,green gram,141.0
2019-20,27:4,green gram,96.0
2019-20,28:5,green gram,2.0
2019-20,28:6,green gram,2.0
2019-20,28:7,green gram,9.0
2019-20,28:8,green gram,7.0
2019-20,29:1,green gram,8.0
2019-20,29:2,green gram,32.0
2019-20,29:3,green gram,47.0
2019-20,29:4,green gram,38.0
2019-20,29:5,green gram,9.0
2019-20,29:6,green gram,13.0
2019-20,2:1,green gram,96.0
2019-20,2:2,green gram,81.0
2019-20,2:3,green gram,3094.0
2019-20,2:4,green gram,11041.0
2019-20,2:5,green gram,7046.0
2019-20,2:6,green gram,19476.0
2019-20,30:10,green gram,12904.0
2019-20,30:8,green gram,180.0
2019-20,30:9,green gram,3635.0
2019-20,3:1,green gram,2255.0
2019-20,3:2,green gram,1644.0
2019-20,3:3,green gram,1170.0
2019-20,3:4,green gram,36.0
2019-20,3:5,green gram,586.0
2019-20,4:2+1,green gram,4251.0
2019-20,4:3,green gram,6961.0
2019-20,4:4,green gram,10024.0
2019-20,4:5,green gram,9878.0
2019-20,4:6,green gram,11674.0
2019-20,4:7,green gram,678.0
2019-20,5:1,green gram,1350.0
2019-20,5:2,green gram,7391.0
2019-20,5:3,green gram,6809.0
2019-20,5:4,green gram,4499.0
2019-20,5:5,green gram,6412.0
2019-20,6:1,green gram,924.0
2019-20,6:2,green gram,134.0
2019-20,6:3,green gram,6.0
2019-20,6:4,green gram,6.0
2019-20,6:5,green gram,285.0
2019-20,7:1,green gram,28895.0
2019-20,7:2,green gram,3570.0
2019-20,7:3,green gram,699.0
2019-20,7:4,green gram,4605.0
2019-20,8:1,green gram,25673.0
2019-20,8:2,green gram,48167.0
2019-20,8:3,green gram,36180.0
2019-20,8:4,green gram,7615.0
2019-20,8:5,green gram,7729.0
2019-20,9:1,green gram,11893.0
2019-20,9:2,green gram,36281.0
2019-20,9:3,green gram,9426.0
2019-20,9:4,green gram,1892.0
2019-20,9:5,green gram,1870.0
2019-20,10:1,field bean (avare),0.0
2019-20,10:10,field bean (avare),0.0
2019-20,10:11,field bean (avare),0.0
2019-20,10:2,field bean (avare),0.0
2019-20,10:3,field bean (avare),2.0
2019-20,10:4,field bean (avare),0.0
2019-20,10:5,field bean (avare),5.0
2019-20,10:6,field bean (avare),4.0
2019-20,10:7,field bean (avare),0.0
2019-20,10:8,field bean (avare),0.0
2019-20,10:9,field bean (avare),0.0
2019-20,11:1,field bean (avare),149.0
2019-20,11:2,field bean (avare),5.0
2019-20,11:3,field bean (avare),19.0
2019-20,11:4,field bean (avare),49.0
2019-20,11:5,field bean (avare),49.0
2019-20,11:6,field bean (avare),112.0
2019-20,11:7,field bean (avare),117.0
2019-20,12:3,field bean (avare),0.0
2019-20,12:4,field bean (avare),0.0
2019-20,12:5,field bean (avare),10.0
2019-20,12:6,field bean (avare),12.0
2019-20,13:1,field bean (avare),3.0
2019-20,13:2,field bean (avare),49.0
2019-20,13:3,field bean (avare),732.0
2019-20,13:4,field bean (avare),133.0
2019-20,13:5,field bean (avare),194.0
2019-20,13:6,field bean (avare),13.0
2019-20,14:1,field bean (avare),26.0
2019-20,14:3,field bean (avare),54.0
2019-20,14:4,field bean (avare),139.0
2019-20,14:5,field bean (avare),44.0
2019-20,14:6,field bean (avare),20.0
2019-20,15:1,field bean (avare),1.0
2019-20,15:2,field bean (avare),10.0
2019-20,15:3,field bean (avare),12.0
2019-20,15:4,field bean (avare),1.0
2019-20,15:5,field bean (avare),0.0
2019-20,15:6,field bean (avare),8.0
2019-20,15:7,field bean (avare),5.0
2019-20,16:1,field bean (avare),0.0
2019-20,16:2,field bean (avare),0.0
2019-20,16:3,field bean (avare),0.0
2019-20,17:1,field bean (avare),0.0
2019-20,17:2,field bean (avare),0.0
2019-20,17:3,field bean (avare),0.0
2019-20,17:4,field bean (avare),91.0
2019-20,17:5,field bean (avare),186.0
2019-20,17:6,field bean (avare),531.0
2019-20,17:7,field bean (avare),0.0
2019-20,18:1,field bean (avare),426.0
2019-20,18:10,field bean (avare),501.0
2019-20,18:2,field bean (avare),368.0
2019-20,18:3,field bean (avare),54.0
2019-20,18:4,field bean (avare),100.0
2019-20,18:5,field bean (avare),177.0
2019-20,18:6,field bean (avare),112.0
2019-20,18:7,field bean (avare),535.0
2019-20,18:8,field bean (avare),245.0
2019-20,18:9,field bean (avare),164.0
2019-20,19:10,field bean (avare),983.0
2019-20,19:11,field bean (avare),859.0
2019-20,19:7,field bean (avare),1403.0
2019-20,19:8,field bean (avare),1547.0
2019-20,19:9,field bean (avare),562.0
2019-20,1:1,field bean (avare),44.0
2019-20,1:10,field bean (avare),31.0
2019-20,1:2,field bean (avare),456.0
2019-20,1:3,field bean (avare),99.0
2019-20,1:4,field bean (avare),193.0
2019-20,1:5,field bean (avare),30.0
2019-20,1:6,field bean (avare),544.0
2019-20,1:7,field bean (avare),3.0
2019-20,1:8,field bean (avare),62.0
2019-20,1:9,field bean (avare),61.0
2019-20,20:1,field bean (avare),81.0
2019-20,20:2,field bean (avare),77.0
2019-20,20:3,field bean (avare),376.0
2019-20,20:4,field bean (avare),47.0
2019-20,21:1,field bean (avare),104.0
2019-20,21:2,field bean (avare),239.0
2019-20,21:3,field bean (avare),105.0
2019-20,21:4,field bean (avare),32.0
2019-20,22:1,field bean (avare),540.0
2019-20,22:2,field bean (avare),1087.0
2019-20,22:3,field bean (avare),59.0
2019-20,22:4,field bean (avare),32.0
2019-20,22:5,field bean (avare),339.0
2019-20,22:6,field bean (avare),22.0
2019-20,22:7,field bean (avare),68.0
2019-20,23:1,field bean (avare),0.0
2019-20,23:2,field bean (avare),543.0
2019-20,23:3,field bean (avare),639.0
2019-20,23:4,field bean (avare),98.0
2019-20,23:5,field bean (avare),4.0
2019-20,23:6,field bean (avare),125.0
2019-20,23:7,field bean (avare),110.0
2019-20,23:8,field bean (avare),1118.0
2019-20,24:1,field bean (avare),0.0
2019-20,24:2,field bean (avare),0.0
2019-20,24:3,field bean (avare),0.0
2019-20,24:4,field bean (avare),0.0
2019-20,24:5,field bean (avare),0.0
2019-20,25:1,field bean (avare),0.0
2019-20,25:2,field bean (avare),14.0
2019-20,25:3,field bean (avare),0.0
2019-20,26:1,field bean (avare),2141.0
2019-20,26:2,field bean (avare),10421.0
2019-20,26:3,field bean (avare),898.0
2019-20,26:4,field bean (avare),940.0
2019-20,26:5,field bean (avare),711.0
2019-20,26:6,field bean (avare),256.0
2019-20,26:7,field bean (avare),15.0
2019-20,27:1,field bean (avare),641.0
2019-20,27:2,field bean (avare),121.0
2019-20,27:3,field bean (avare),4.0
2019-20,27:4,field bean (avare),641.0
2019-20,28:5,field bean (avare),261.0
2019-20,28:6,field bean (avare),94.0
2019-20,28:7,field bean (avare),127.0
2019-20,28:8,field bean (avare),458.0
2019-20,29:1,field bean (avare),254.0
2019-20,29:2,field bean (avare),99.0
2019-20,29:3,field bean (avare),65.0
2019-20,29:4,field bean (avare),78.0
2019-20,29:5,field bean (avare),75.0
2019-20,29:6,field bean (avare),789.0
2019-20,2:1,field bean (avare),59.0
2019-20,2:2,field bean (avare),27.0
2019-20,2:3,field bean (avare),10.0
2019-20,2:4,field bean (avare),13.0
2019-20,2:5,field bean (avare),0.0
2019-20,2:6,field bean (avare),21.0
2019-20,30:10,field bean (avare),1.0
2019-20,30:8,field bean (avare),1.0
2019-20,30:9,field bean (avare),4.0
2019-20,3:1,field bean (avare),39.0
2019-20,3:2,field bean (avare),23.0
2019-20,3:3,field bean (avare),40.0
2019-20,3:4,field bean (avare),33.0
2019-20,3:5,field bean (avare),1.0
2019-20,4:2+1,field bean (avare),10.0
2019-20,4:3,field bean (avare),3.0
2019-20,4:4,field bean (avare),3.0
2019-20,4:5,field bean (avare),0.0
2019-20,4:6,field bean (avare),2.0
2019-20,4:7,field bean (avare),1.0
2019-20,5:1,field bean (avare),15.0
2019-20,5:2,field bean (avare),12.0
2019-20,5:3,field bean (avare),20.0
2019-20,5:4,field bean (avare),197.0
2019-20,5:5,field bean (avare),69.0
2019-20,6:1,field bean (avare),3.0
2019-20,6:2,field bean (avare),0.0
2019-20,6:3,field bean (avare),8.0
2019-20,6:4,field bean (avare),7.0
2019-20,6:5,field bean (avare),1.0
2019-20,7:1,field bean (avare),61.0
2019-20,7:2,field bean (avare),84.0
2019-20,7:3,field bean (avare),54.0
2019-20,7:4,field bean (avare),109.0
2019-20,8:1,field bean (avare),0.0
2019-20,8:2,field bean (avare),0.0
2019-20,8:3,field bean (avare),14.0
2019-20,8:4,field bean (avare),30.0
2019-20,8:5,field bean (avare),3.0
2019-20,9:1,field bean (avare),62.0
2019-20,9:2,field bean (avare),3.0
2019-20,9:3,field bean (avare),2.0
2019-20,9:4,field bean (avare),10.0
2019-20,9:5,field bean (avare),9.0
2019-20,10:1,cowpea,0.0
2019-20,10:10,cowpea,14.0
2019-20,10:11,cowpea,19.0
2019-20,10:2,cowpea,0.0
2019-20,10:3,cowpea,135.0
2019-20,10:4,cowpea,8.0
2019-20,10:5,cowpea,51.0
2019-20,10:6,cowpea,14.0
2019-20,10:7,cowpea,0.0
2019-20,10:8,cowpea,4.0
2019-20,10:9,cowpea,9.0
2019-20,11:1,cowpea,93.0
2019-20,11:2,cowpea,249.0
2019-20,11:3,cowpea,286.0
2019-20,11:4,cowpea,204.0
2019-20,11:5,cowpea,34.0
2019-20,11:6,cowpea,70.0
2019-20,11:7,cowpea,159.0
2019-20,12:3,cowpea,46.0
2019-20,12:4,cowpea,168.0
2019-20,12:5,cowpea,34.0
2019-20,12:6,cowpea,31.0
2019-20,13:1,cowpea,41.0
2019-20,13:2,cowpea,9.0
2019-20,13:3,cowpea,174.0
2019-20,13:4,cowpea,1.0
2019-20,13:5,cowpea,10.0
2019-20,13:6,cowpea,0.0
2019-20,14:1,cowpea,144.0
2019-20,14:3,cowpea,172.0
2019-20,14:4,cowpea,215.0
2019-20,14:5,cowpea,253.0
2019-20,14:6,cowpea,641.0
2019-20,15:1,cowpea,4.0
2019-20,15:2,cowpea,10.0
2019-20,15:3,cowpea,9.0
2019-20,15:4,cowpea,0.0
2019-20,15:5,cowpea,0.0
2019-20,15:6,cowpea,11.0
2019-20,15:7,cowpea,52.0
2019-20,16:1,cowpea,26.0
2019-20,16:2,cowpea,103.0
2019-20,16:3,cowpea,30.0
2019-20,17:1,cowpea,0.0
2019-20,17:2,cowpea,0.0
2019-20,17:3,cowpea,0.0
2019-20,17:4,cowpea,332.0
2019-20,17:5,cowpea,483.0
2019-20,17:6,cowpea,98.0
2019-20,17:7,cowpea,1.0
2019-20,18:1,cowpea,31.0
2019-20,18:10,cowpea,313.0
2019-20,18:2,cowpea,361.0
2019-20,18:3,cowpea,12.0
2019-20,18:4,cowpea,156.0
2019-20,18:5,cowpea,66.0
2019-20,18:6,cowpea,74.0
2019-20,18:7,cowpea,346.0
2019-20,18:8,cowpea,20.0
2019-20,18:9,cowpea,241.0
2019-20,19:10,cowpea,124.0
2019-20,19:11,cowpea,11.0
2019-20,19:7,cowpea,20.0
2019-20,19:8,cowpea,12.0
2019-20,19:9,cowpea,49.0
2019-20,1:1,cowpea,32.0
2019-20,1:10,cowpea,32.0
2019-20,1:2,cowpea,41.0
2019-20,1:3,cowpea,0.0
2019-20,1:4,cowpea,18.0
2019-20,1:5,cowpea,12.0
2019-20,1:6,cowpea,28.0
2019-20,1:7,cowpea,4.0
2019-20,1:8,cowpea,62.0
2019-20,1:9,cowpea,96.0
2019-20,20:1,cowpea,5.0
2019-20,20:2,cowpea,20.0
2019-20,20:3,cowpea,35.0
2019-20,20:4,cowpea,6.0
2019-20,21:1,cowpea,19.0
2019-20,21:2,cowpea,19.0
2019-20,21:3,cowpea,9.0
2019-20,21:4,cowpea,4.0
2019-20,22:1,cowpea,4355.0
2019-20,22:2,cowpea,1011.0
2019-20,22:3,cowpea,1391.0
2019-20,22:4,cowpea,615.0
2019-20,22:5,cowpea,584.0
2019-20,22:6,cowpea,233.0
2019-20,22:7,cowpea,241.0
2019-20,23:1,cowpea,12.0
2019-20,23:2,cowpea,562.0
2019-20,23:3,cowpea,5200.0
2019-20,23:4,cowpea,323.0
2019-20,23:5,cowpea,0.0
2019-20,23:6,cowpea,875.0
2019-20,23:7,cowpea,2075.0
2019-20,23:8,cowpea,1454.0
2019-20,24:1,cowpea,0.0
2019-20,24:2,cowpea,0.0
2019-20,24:3,cowpea,17.0
2019-20,24:4,cowpea,0.0
2019-20,24:5,cowpea,14.0
2019-20,25:1,cowpea,0.0
2019-20,25:2,cowpea,8.0
2019-20,25:3,cowpea,0.0
2019-20,26:1,cowpea,6011.0
2019-20,26:2,cowpea,2835.0
2019-20,26:3,cowpea,8768.0
2019-20,26:4,cowpea,2872.0
2019-20,26:5,cowpea,2353.0
2019-20,26:6,cowpea,4437.0
2019-20,26:7,cowpea,379.0
2019-20,27:1,cowpea,1287.0
2019-20,27:2,cowpea,752.0
2019-20,27:3,cowpea,13.0
2019-20,27:4,cowpea,77.0
2019-20,28:5,cowpea,50.0
2019-20,28:6,cowpea,19.0
2019-20,28:7,cowpea,90.0
2019-20,28:8,cowpea,133.0
2019-20,29:1,cowpea,16.0
2019-20,29:2,cowpea,4.0
2019-20,29:3,cowpea,2.0
2019-20,29:4,cowpea,2.0
2019-20,29:5,cowpea,17.0
2019-20,29:6,cowpea,29.0
2019-20,2:1,cowpea,2.0
2019-20,2:2,cowpea,102.0
2019-20,2:3,cowpea,11.0
2019-20,2:4,cowpea,96.0
2019-20,2:5,cowpea,166.0
2019-20,2:6,cowpea,8.0
2019-20,30:10,cowpea,2.0
2019-20,30:8,cowpea,157.0
2019-20,30:9,cowpea,6.0
2019-20,3:1,cowpea,0.0
2019-20,3:2,cowpea,1.0
2019-20,3:3,cowpea,11.0
2019-20,3:4,cowpea,5.0
2019-20,3:5,cowpea,248.0
2019-20,4:2+1,cowpea,0.0
2019-20,4:3,cowpea,2.0
2019-20,4:4,cowpea,2.0
2019-20,4:5,cowpea,0.0
2019-20,4:6,cowpea,2.0
2019-20,4:7,cowpea,8.0
2019-20,5:1,cowpea,2.0
2019-20,5:2,cowpea,30.0
2019-20,5:3,cowpea,20.0
2019-20,5:4,cowpea,82.0
2019-20,5:5,cowpea,24.0
2019-20,6:1,cowpea,16.0
2019-20,6:2,cowpea,5.0
2019-20,6:3,cowpea,28.0
2019-20,6:4,cowpea,29.0
2019-20,6:5,cowpea,5.0
2019-20,7:1,cowpea,204.0
2019-20,7:2,cowpea,407.0
2019-20,7:3,cowpea,729.0
2019-20,7:4,cowpea,1063.0
2019-20,8:1,cowpea,8.0
2019-20,8:2,cowpea,4.0
2019-20,8:3,cowpea,4.0
2019-20,8:4,cowpea,235.0
2019-20,8:5,cowpea,258.0
2019-20,9:1,cowpea,41.0
2019-20,9:2,cowpea,1.0
2019-20,9:3,cowpea,155.0
2019-20,9:4,cowpea,28.0
2019-20,9:5,cowpea,31.0
2019-20,10:1,chickpea,0.0
2019-20,10:10,chickpea,0.0
2019-20,10:11,chickpea,0.0
2019-20,10:2,chickpea,0.0
2019-20,10:3,chickpea,0.0
2019-20,10:4,chickpea,0.0
2019-20,10:5,chickpea,5.0
2019-20,10:6,chickpea,0.0
2019-20,10:7,chickpea,0.0
2019-20,10:8,chickpea,0.0
2019-20,10:9,chickpea,0.0
2019-20,11:1,chickpea,444.0
2019-20,11:2,chickpea,359.0
2019-20,11:3,chickpea,66.0
2019-20,11:4,chickpea,1508.0
2019-20,11:5,chickpea,77.0
2019-20,11:6,chickpea,210.0
2019-20,11:7,chickpea,1316.0
2019-20,12:3,chickpea,1186.0
2019-20,12:4,chickpea,6387.0
2019-20,12:5,chickpea,5697.0
2019-20,12:6,chickpea,144.0
2019-20,13:1,chickpea,368.0
2019-20,13:2,chickpea,1189.0
2019-20,13:3,chickpea,21932.0
2019-20,13:4,chickpea,736.0
2019-20,13:5,chickpea,1556.0
2019-20,13:6,chickpea,10843.0
2019-20,14:1,chickpea,22.0
2019-20,14:3,chickpea,2805.0
2019-20,14:4,chickpea,17.0
2019-20,14:5,chickpea,252.0
2019-20,14:6,chickpea,518.0
2019-20,15:1,chickpea,0.0
2019-20,15:2,chickpea,4.0
2019-20,15:3,chickpea,7.0
2019-20,15:4,chickpea,0.0
2019-20,15:5,chickpea,0.0
2019-20,15:6,chickpea,0.0
2019-20,15:7,chickpea,0.0
2019-20,16:1,chickpea,0.0
2019-20,16:2,chickpea,0.0
2019-20,16:3,chickpea,0.0
2019-20,17:1,chickpea,0.0
2019-20,17:2,chickpea,0.0
2019-20,17:3,chickpea,0.0
2019-20,17:4,chickpea,8275.0
2019-20,17:5,chickpea,5045.0
2019-20,17:6,chickpea,275.0
2019-20,17:7,chickpea,0.0
2019-20,18:1,chickpea,216.0
2019-20,18:10,chickpea,5.0
2019-20,18:2,chickpea,67.0
2019-20,18:3,chickpea,214.0
2019-20,18:4,chickpea,63.0
2019-20,18:5,chickpea,20.0
2019-20,18:6,chickpea,20.0
2019-20,18:7,chickpea,26.0
2019-20,18:8,chickpea,68.0
2019-20,18:9,chickpea,4.0
2019-20,19:10,chickpea,0.0
2019-20,19:11,chickpea,9.0
2019-20,19:7,chickpea,19.0
2019-20,19:8,chickpea,4.0
2019-20,19:9,chickpea,1.0
2019-20,1:1,chickpea,1483.0
2019-20,1:10,chickpea,20545.0
2019-20,1:2,chickpea,31648.0
2019-20,1:3,chickpea,3026.0
2019-20,1:4,chickpea,4665.0
2019-20,1:5,chickpea,1798.0
2019-20,1:6,chickpea,974.0
2019-20,1:7,chickpea,101.0
2019-20,1:8,chickpea,15092.0
2019-20,1:9,chickpea,25556.0
2019-20,20:1,chickpea,3.0
2019-20,20:2,chickpea,3.0
2019-20,20:3,chickpea,5.0
2019-20,20:4,chickpea,1.0
2019-20,21:1,chickpea,5.0
2019-20,21:2,chickpea,38.0
2019-20,21:3,chickpea,18.0
2019-20,21:4,chickpea,20.0
2019-20,22:1,chickpea,5.0
2019-20,22:2,chickpea,1.0
2019-20,22:3,chickpea,0.0
2019-20,22:4,chickpea,21.0
2019-20,22:5,chickpea,16.0
2019-20,22:6,chickpea,35.0
2019-20,22:7,chickpea,39.0
2019-20,23:1,chickpea,0.0
2019-20,23:2,chickpea,235.0
2019-20,23:3,chickpea,355.0
2019-20,23:4,chickpea,211.0
2019-20,23:5,chickpea,5.0
2019-20,23:6,chickpea,120.0
2019-20,23:7,chickpea,181.0
2019-20,23:8,chickpea,20.0
2019-20,24:1,chickpea,0.0
2019-20,24:2,chickpea,0.0
2019-20,24:3,chickpea,0.0
2019-20,24:4,chickpea,0.0
2019-20,24:5,chickpea,0.0
2019-20,25:1,chickpea,0.0
2019-20,25:2,chickpea,0.0
2019-20,25:3,chickpea,0.0
2019-20,26:1,chickpea,305.0
2019-20,26:2,chickpea,17.0
2019-20,26:3,chickpea,67.0
2019-20,26:4,chickpea,3.0
2019-20,26:5,chickpea,0.0
2019-20,26:6,chickpea,247.0
2019-20,26:7,chickpea,9.0
2019-20,27:1,chickpea,3237.0
2019-20,27:2,chickpea,617.0
2019-20,27:3,chickpea,160.0
2019-20,27:4,chickpea,21.0
2019-20,28:5,chickpea,19.0
2019-20,28:6,chickpea,9.0
2019-20,28:7,chickpea,14.0
2019-20,28:8,chickpea,28.0
2019-20,29:1,chickpea,230.0
2019-20,29:2,chickpea,34.0
2019-20,29:3,chickpea,2.0
2019-20,29:4,chickpea,181.0
2019-20,29:5,chickpea,85.0
2019-20,29:6,chickpea,158.0
2019-20,2:1,chickpea,7077.0
2019-20,2:2,chickpea,4100.0
2019-20,2:3,chickpea,4749.0
2019-20,2:4,chickpea,14097.0
2019-20,2:5,chickpea,18637.0
2019-20,2:6,chickpea,60595.0
2019-20,30:10,chickpea,1307.0
2019-20,30:8,chickpea,4261.0
2019-20,30:9,chickpea,1096.0
2019-20,3:1,chickpea,71055.0
2019-20,3:2,chickpea,67537.0
2019-20,3:3,chickpea,47132.0
2019-20,3:4,chickpea,44601.0
2019-20,3:5,chickpea,38400.0
2019-20,4:2+1,chickpea,21011.0
2019-20,4:3,chickpea,24186.0
2019-20,4:4,chickpea,10746.0
2019-20,4:5,chickpea,25540.0
2019-20,4:6,chickpea,18860.0
2019-20,4:7,chickpea,21712.0
2019-20,5:1,chickpea,7375.0
2019-20,5:2,chickpea,22141.0
2019-20,5:3,chickpea,5378.0
2019-20,5:4,chickpea,6475.0
2019-20,5:5,chickpea,8140.0
2019-20,6:1,chickpea,61152.0
2019-20,6:2,chickpea,8678.0
2019-20,6:3,chickpea,22100.0
2019-20,6:4,chickpea,52124.0
2019-20,6:5,chickpea,30147.0
2019-20,7:1,chickpea,36257.0
2019-20,7:2,chickpea,16902.0
2019-20,7:3,chickpea,7263.0
2019-20,7:4,chickpea,10920.0
2019-20,8:1,chickpea,14744.0
2019-20,8:2,chickpea,34232.0
2019-20,8:3,chickpea,35144.0
2019-20,8:4,chickpea,9191.0
2019-20,8:5,chickpea,8909.0
2019-20,9:1,chickpea,24690.0
2019-20,9:2,chickpea,39976.0
2019-20,9:3,chickpea,10428.0
2019-20,9:4,chickpea,340.0
2019-20,9:5,chickpea,10043.0
2019-20,10:1,groundnut,19.0
2019-20,10:10,groundnut,162.0
2019-20,10:11,groundnut,268.0
2019-20,10:2,groundnut,0.0
2019-20,10:3,groundnut,4.0
2019-20,10:4,groundnut,0.0
2019-20,10:5,groundnut,17.0
2019-20,10:6,groundnut,1.0
2019-20,10:7,groundnut,142.0
2019-20,10:8,groundnut,367.0
2019-20,10:9,groundnut,3.0
2019-20,11:1,groundnut,4919.0
2019-20,11:2,groundnut,8376.0
2019-20,11:3,groundnut,575.0
2019-20,11:4,groundnut,3470.0
2019-20,11:5,groundnut,200.0
2019-20,11:6,groundnut,812.0
2019-20,11:7,groundnut,1491.0
2019-20,12:3,groundnut,36.0
2019-20,12:4,groundnut,58.0
2019-20,12:5,groundnut,332.0
2019-20,12:6,groundnut,4972.0
2019-20,13:1,groundnut,25169.0
2019-20,13:2,groundnut,27993.0
2019-20,13:3,groundnut,7571.0
2019-20,13:4,groundnut,143.0
2019-20,13:5,groundnut,1037.0
2019-20,13:6,groundnut,13161.0
2019-20,14:1,groundnut,1.0
2019-20,14:3,groundnut,12004.0
2019-20,14:4,groundnut,167.0
2019-20,14:5,groundnut,1201.0
2019-20,14:6,groundnut,8.0
2019-20,15:1,groundnut,21.0
2019-20,15:2,groundnut,40.0
2019-20,15:3,groundnut,39.0
2019-20,15:4,groundnut,2.0
2019-20,15:5,groundnut,0.0
2019-20,15:6,groundnut,7.0
2019-20,15:7,groundnut,27.0
2019-20,16:1,groundnut,1383.0
2019-20,16:2,groundnut,423.0
2019-20,16:3,groundnut,0.0
2019-20,17:1,groundnut,0.0
2019-20,17:2,groundnut,0.0
2019-20,17:3,groundnut,0.0
2019-20,17:4,groundnut,2615.0
2019-20,17:5,groundnut,2252.0
2019-20,17:6,groundnut,105.0
2019-20,17:7,groundnut,0.0
2019-20,18:1,groundnut,24.0
2019-20,18:10,groundnut,322.0
2019-20,18:2,groundnut,20731.0
2019-20,18:3,groundnut,24189.0
2019-20,18:4,groundnut,13389.0
2019-20,18:5,groundnut,4979.0
2019-20,18:6,groundnut,298.0
2019-20,18:7,groundnut,178.0
2019-20,18:8,groundnut,2.0
2019-20,18:9,groundnut,17.0
2019-20,19:10,groundnut,2146.0
2019-20,19:11,groundnut,9482.0
2019-20,19:7,groundnut,286.0
2019-20,19:8,groundnut,56.0
2019-20,19:9,groundnut,134.0
2019-20,1:1,groundnut,8698.0
2019-20,1:10,groundnut,4220.0
2019-20,1:2,groundnut,2025.0
2019-20,1:3,groundnut,500.0
2019-20,1:4,groundnut,575.0
2019-20,1:5,groundnut,5961.0
2019-20,1:6,groundnut,1933.0
2019-20,1:7,groundnut,1156.0
2019-20,1:8,groundnut,2170.0
2019-20,1:9,groundnut,3862.0
2019-20,20:1,groundnut,3.0
2019-20,20:2,groundnut,17.0
2019-20,20:3,groundnut,62.0
2019-20,20:4,groundnut,3.0
2019-20,21:1,groundnut,20.0
2019-20,21:2,groundnut,132.0
2019-20,21:3,groundnut,5.0
2019-20,21:4,groundnut,5.0
2019-20,22:1,groundnut,2.0
2019-20,22:2,groundnut,10.0
2019-20,22:3,groundnut,2.0
2019-20,22:4,groundnut,176.0
2019-20,22:5,groundnut,5.0
2019-20,22:6,groundnut,56.0
2019-20,22:7,groundnut,238.0
2019-20,23:1,groundnut,0.0
2019-20,23:2,groundnut,31.0
2019-20,23:3,groundnut,79.0
2019-20,23:4,groundnut,14.0
2019-20,23:5,groundnut,12.0
2019-20,23:6,groundnut,74.0
2019-20,23:7,groundnut,95.0
2019-20,23:8,groundnut,25.0
2019-20,24:1,groundnut,0.0
2019-20,24:2,groundnut,0.0
2019-20,24:3,groundnut,0.0
2019-20,24:4,groundnut,0.0
2019-20,24:5,groundnut,0.0
2019-20,25:1,groundnut,0.0
2019-20,25:2,groundnut,8.0
2019-20,25:3,groundnut,0.0
2019-20,26:1,groundnut,2.0
2019-20,26:2,groundnut,10.0
2019-20,26:3,groundnut,33.0
2019-20,26:4,groundnut,1.0
2019-20,26:5,groundnut,79.0
2019-20,26:6,groundnut,154.0
2019-20,26:7,groundnut,1394.0
2019-20,27:1,groundnut,3301.0
2019-20,27:2,groundnut,744.0
2019-20,27:3,groundnut,9.0
2019-20,27:4,groundnut,383.0
2019-20,28:5,groundnut,60.0
2019-20,28:6,groundnut,33.0
2019-20,28:7,groundnut,194.0
2019-20,28:8,groundnut,882.0
2019-20,29:1,groundnut,2068.0
2019-20,29:2,groundnut,532.0
2019-20,29:3,groundnut,1029.0
2019-20,29:4,groundnut,15328.0
2019-20,29:5,groundnut,585.0
2019-20,29:6,groundnut,5440.0
2019-20,2:1,groundnut,539.0
2019-20,2:2,groundnut,5802.0
2019-20,2:3,groundnut,964.0
2019-20,2:4,groundnut,14129.0
2019-20,2:5,groundnut,4683.0
2019-20,2:6,groundnut,4703.0
2019-20,30:10,groundnut,21129.0
2019-20,30:8,groundnut,8279.0
2019-20,30:9,groundnut,5326.0
2019-20,3:1,groundnut,2895.0
2019-20,3:2,groundnut,2151.0
2019-20,3:3,groundnut,3466.0
2019-20,3:4,groundnut,2206.0
2019-20,3:5,groundnut,3456.0
2019-20,4:2+1,groundnut,708.0
2019-20,4:3,groundnut,157.0
2019-20,4:4,groundnut,25.0
2019-20,4:5,groundnut,2527.0
2019-20,4:6,groundnut,3234.0
2019-20,4:7,groundnut,366.0
2019-20,5:1,groundnut,16.0
2019-20,5:2,groundnut,17.0
2019-20,5:3,groundnut,0.0
2019-20,5:4,groundnut,3.0
2019-20,5:5,groundnut,0.0
2019-20,6:1,groundnut,16353.0
2019-20,6:2,groundnut,16111.0
2019-20,6:3,groundnut,1302.0
2019-20,6:4,groundnut,653.0
2019-20,6:5,groundnut,384.0
2019-20,7:1,groundnut,16103.0
2019-20,7:2,groundnut,6776.0
2019-20,7:3,groundnut,5404.0
2019-20,7:4,groundnut,6348.0
2019-20,8:1,groundnut,521.0
2019-20,8:2,groundnut,7406.0
2019-20,8:3,groundnut,6678.0
2019-20,8:4,groundnut,15181.0
2019-20,8:5,groundnut,6461.0
2019-20,9:1,groundnut,3567.0
2019-20,9:2,groundnut,5129.0
2019-20,9:3,groundnut,7154.0
2019-20,9:4,groundnut,35.0
2019-20,9:5,groundnut,15107.0
2019-20,10:1,sunflower,0.0
2019-20,10:10,sunflower,0.0
2019-20,10:11,sunflower,0.0
2019-20,10:2,sunflower,0.0
2019-20,10:3,sunflower,3.0
2019-20,10:4,sunflower,0.0
2019-20,10:5,sunflower,1.0
2019-20,10:6,sunflower,0.0
2019-20,10:7,sunflower,0.0
2019-20,10:8,sunflower,0.0
2019-20,10:9,sunflower,0.0
2019-20,11:1,sunflower,2.0
2019-20,11:2,sunflower,26.0
2019-20,11:3,sunflower,194.0
2019-20,11:4,sunflower,382.0
2019-20,11:5,sunflower,70.0
2019-20,11:6,sunflower,2073.0
2019-20,11:7,sunflower,1129.0
2019-20,12:3,sunflower,76.0
2019-20,12:4,sunflower,1547.0
2019-20,12:5,sunflower,210.0
2019-20,12:6,sunflower,179.0
2019-20,13:1,sunflower,441.0
2019-20,13:2,sunflower,193.0
2019-20,13:3,sunflower,381.0
2019-20,13:4,sunflower,6.0
2019-20,13:5,sunflower,5.0
2019-20,13:6,sunflower,57.0
2019-20,14:1,sunflower,71.0
2019-20,14:3,sunflower,110.0
2019-20,14:4,sunflower,88.0
2019-20,14:5,sunflower,56.0
2019-20,14:6,sunflower,31.0
2019-20,15:1,sunflower,0.0
2019-20,15:2,sunflower,0.0
2019-20,15:3,sunflower,412.0
2019-20,15:4,sunflower,0.0
2019-20,15:5,sunflower,0.0
2019-20,15:6,sunflower,0.0
2019-20,15:7,sunflower,0.0
2019-20,16:1,sunflower,0.0
2019-20,16:2,sunflower,0.0
2019-20,16:3,sunflower,0.0
2019-20,17:1,sunflower,0.0
2019-20,17:2,sunflower,0.0
2019-20,17:3,sunflower,0.0
2019-20,17:4,sunflower,6.0
2019-20,17:5,sunflower,1560.0
2019-20,17:6,sunflower,150.0
2019-20,17:7,sunflower,0.0
2019-20,18:1,sunflower,0.0
2019-20,18:10,sunflower,0.0
2019-20,18:2,sunflower,75.0
2019-20,18:3,sunflower,5.0
2019-20,18:4,sunflower,10.0
2019-20,18:5,sunflower,3.0
2019-20,18:6,sunflower,4.0
2019-20,18:7,sunflower,0.0
2019-20,18:8,sunflower,0.0
2019-20,18:9,sunflower,0.0
2019-20,19:10,sunflower,0.0
2019-20,19:11,sunflower,1.0
2019-20,19:7,sunflower,0.0
2019-20,19:8,sunflower,0.0
2019-20,19:9,sunflower,0.0
2019-20,1:1,sunflower,29.0
2019-20,1:10,sunflower,6650.0
2019-20,1:2,sunflower,70.0
2019-20,1:3,sunflower,19.0
2019-20,1:4,sunflower,1557.0
2019-20,1:5,sunflower,15.0
2019-20,1:6,sunflower,0.0
2019-20,1:7,sunflower,3.0
2019-20,1:8,sunflower,38.0
2019-20,1:9,sunflower,3761.0
2019-20,20:1,sunflower,0.0
2019-20,20:2,sunflower,0.0
2019-20,20:3,sunflower,1.0
2019-20,20:4,sunflower,0.0
2019-20,21:1,sunflower,0.0
2019-20,21:2,sunflower,0.0
2019-20,21:3,sunflower,1.0
2019-20,21:4,sunflower,0.0
2019-20,22:1,sunflower,0.0
2019-20,22:2,sunflower,1.0
2019-20,22:3,sunflower,0.0
2019-20,22:4,sunflower,2.0
2019-20,22:5,sunflower,1.0
2019-20,22:6,sunflower,0.0
2019-20,22:7,sunflower,0.0
2019-20,23:1,sunflower,0.0
2019-20,23:2,sunflower,0.0
2019-20,23:3,sunflower,1.0
2019-20,23:4,sunflower,1.0
2019-20,23:5,sunflower,0.0
2019-20,23:6,sunflower,0.0
2019-20,23:7,sunflower,0.0
2019-20,23:8,sunflower,0.0
2019-20,24:1,sunflower,0.0
2019-20,24:2,sunflower,0.0
2019-20,24:3,sunflower,0.0
2019-20,24:4,sunflower,0.0
2019-20,24:5,sunflower,0.0
2019-20,25:1,sunflower,0.0
2019-20,25:2,sunflower,0.0
2019-20,25:3,sunflower,0.0
2019-20,26:1,sunflower,0.0
2019-20,26:2,sunflower,0.0
2019-20,26:3,sunflower,0.0
2019-20,26:4,sunflower,2.0
2019-20,26:5,sunflower,0.0
2019-20,26:6,sunflower,995.0
2019-20,26:7,sunflower,111.0
2019-20,27:1,sunflower,5307.0
2019-20,27:2,sunflower,562.0
2019-20,27:3,sunflower,0.0
2019-20,27:4,sunflower,159.0
2019-20,28:5,sunflower,0.0
2019-20,28:6,sunflower,1.0
2019-20,28:7,sunflower,0.0
2019-20,28:8,sunflower,0.0
2019-20,29:1,sunflower,0.0
2019-20,29:2,sunflower,0.0
2019-20,29:3,sunflower,0.0
2019-20,29:4,sunflower,0.0
2019-20,29:5,sunflower,0.0
2019-20,29:6,sunflower,0.0
2019-20,2:1,sunflower,1113.0
2019-20,2:2,sunflower,2731.0
2019-20,2:3,sunflower,1197.0
2019-20,2:4,sunflower,12718.0
2019-20,2:5,sunflower,4616.0
2019-20,2:6,sunflower,17542.0
2019-20,30:10,sunflower,59.0
2019-20,30:8,sunflower,559.0
2019-20,30:9,sunflower,10.0
2019-20,3:1,sunflower,4617.0
2019-20,3:2,sunflower,642.0
2019-20,3:3,sunflower,466.0
2019-20,3:4,sunflower,2525.0
2019-20,3:5,sunflower,744.0
2019-20,4:2+1,sunflower,2669.0
2019-20,4:3,sunflower,4493.0
2019-20,4:4,sunflower,5.0
2019-20,4:5,sunflower,0.0
2019-20,4:6,sunflower,128.0
2019-20,4:7,sunflower,177.0
2019-20,5:1,sunflower,0.0
2019-20,5:2,sunflower,10.0
2019-20,5:3,sunflower,0.0
2019-20,5:4,sunflower,13.0
2019-20,5:5,sunflower,0.0
2019-20,6:1,sunflower,1532.0
2019-20,6:2,sunflower,1127.0
2019-20,6:3,sunflower,141.0
2019-20,6:4,sunflower,234.0
2019-20,6:5,sunflower,956.0
2019-20,7:1,sunflower,17575.0
2019-20,7:2,sunflower,2576.0
2019-20,7:3,sunflower,1364.0
2019-20,7:4,sunflower,6532.0
2019-20,8:1,sunflower,2441.0
2019-20,8:2,sunflower,2338.0
2019-20,8:3,sunflower,345.0
2019-20,8:4,sunflower,2751.0
2019-20,8:5,sunflower,6530.0
2019-20,9:1,sunflower,3.0
2019-20,9:2,sunflower,565.0
2019-20,9:3,sunflower,4.0
2019-20,9:4,sunflower,0.0
2019-20,9:5,sunflower,47.0
2019-20,10:1,castor,0.0
2019-20,10:10,castor,0.0
2019-20,10:11,castor,0.0
2019-20,10:2,castor,0.0
2019-20,10:3,castor,0.0
2019-20,10:4,castor,0.0
2019-20,10:5,castor,0.0
2019-20,10:6,castor,0.0
2019-20,10:7,castor,0.0
2019-20,10:8,castor,0.0
2019-20,10:9,castor,0.0
2019-20,11:1,castor,1.0
2019-20,11:2,castor,0.0
2019-20,11:3,castor,0.0
2019-20,11:4,castor,0.0
2019-20,11:5,castor,0.0
2019-20,11:6,castor,1.0
2019-20,11:7,castor,3.0
2019-20,12:3,castor,0.0
2019-20,12:4,castor,41.0
2019-20,12:5,castor,17.0
2019-20,12:6,castor,1.0
2019-20,13:1,castor,41.0
2019-20,13:2,castor,23.0
2019-20,13:3,castor,16.0
2019-20,13:4,castor,38.0
2019-20,13:5,castor,187.0
2019-20,13:6,castor,0.0
2019-20,14:1,castor,0.0
2019-20,14:3,castor,5.0
2019-20,14:4,castor,2.0
2019-20,14:5,castor,2.0
2019-20,14:6,castor,0.0
2019-20,15:1,castor,0.0
2019-20,15:2,castor,0.0
2019-20,15:3,castor,1.0
2019-20,15:4,castor,0.0
2019-20,15:5,castor,0.0
2019-20,15:6,castor,0.0
2019-20,15:7,castor,0.0
2019-20,16:1,castor,0.0
2019-20,16:2,castor,0.0
2019-20,16:3,castor,0.0
2019-20,17:1,castor,0.0
2019-20,17:2,castor,0.0
2019-20,17:3,castor,0.0
2019-20,17:4,castor,4.0
2019-20,17:5,castor,22.0
2019-20,17:6,castor,11.0
2019-20,17:7,castor,0.0
2019-20,18:1,castor,144.0
2019-20,18:10,castor,4.0
2019-20,18:2,castor,37.0
2019-20,18:3,castor,101.0
2019-20,18:4,castor,28.0
2019-20,18:5,castor,34.0
2019-20,18:6,castor,12.0
2019-20,18:7,castor,33.0
2019-20,18:8,castor,150.0
2019-20,18:9,castor,10.0
2019-20,19:10,castor,0.0
2019-20,19:11,castor,2.0
2019-20,19:7,castor,27.0
2019-20,19:8,castor,0.0
2019-20,19:9,castor,1.0
2019-20,1:1,castor,0.0
2019-20,1:10,castor,0.0
2019-20,1:2,castor,0.0
2019-20,1:3,castor,0.0
2019-20,1:4,castor,0.0
2019-20,1:5,castor,0.0
2019-20,1:6,castor,0.0
2019-20,1:7,castor,1.0
2019-20,1:8,castor,0.0
2019-20,1:9,castor,0.0
2019-20,20:1,castor,0.0
2019-20,20:2,castor,4.0
2019-20,20:3,castor,0.0
2019-20,20:4,castor,0.0
2019-20,21:1,castor,9.0
2019-20,21:2,castor,3.0
2019-20,21:3,castor,0.0
2019-20,21:4,castor,0.0
2019-20,22:1,castor,3.0
2019-20,22:2,castor,3.0
2019-20,22:3,castor,16.0
2019-20,22:4,castor,7.0
2019-20,22:5,castor,6.0
2019-20,22:6,castor,0.0
2019-20,22:7,castor,1.0
2019-20,23:1,castor,0.0
2019-20,23:2,castor,0.0
2019-20,23:3,castor,130.0
2019-20,23:4,castor,2.0
2019-20,23:5,castor,0.0
2019-20,23:6,castor,1.0
2019-20,23:7,castor,4.0
2019-20,23:8,castor,13.0
2019-20,24:1,castor,0.0
2019-20,24:2,castor,0.0
2019-20,24:3,castor,0.0
2019-20,24:4,castor,0.0
2019-20,24:5,castor,0.0
2019-20,25:1,castor,0.0
2019-20,25:2,castor,0.0
2019-20,25:3,castor,0.0
2019-20,26:1,castor,0.0
2019-20,26:2,castor,2.0
2019-20,26:3,castor,0.0
2019-20,26:4,castor,16.0
2019-20,26:5,castor,403.0
2019-20,26:6,castor,340.0
2019-20,26:7,castor,2.0
2019-20,27:1,castor,40.0
2019-20,27:2,castor,35.0
2019-20,27:3,castor,0.0
2019-20,27:4,castor,14.0
2019-20,28:5,castor,18.0
2019-20,28:6,castor,14.0
2019-20,28:7,castor,5.0
2019-20,28:8,castor,112.0
2019-20,29:1,castor,13.0
2019-20,29:2,castor,0.0
2019-20,29:3,castor,0.0
2019-20,29:4,castor,1.0
2019-20,29:5,castor,1.0
2019-20,29:6,castor,6.0
2019-20,2:1,castor,0.0
2019-20,2:2,castor,0.0
2019-20,2:3,castor,1.0
2019-20,2:4,castor,1.0
2019-20,2:5,castor,0.0
2019-20,2:6,castor,0.0
2019-20,30:10,castor,14.0
2019-20,30:8,castor,0.0
2019-20,30:9,castor,0.0
2019-20,3:1,castor,0.0
2019-20,3:2,castor,0.0
2019-20,3:3,castor,0.0
2019-20,3:4,castor,0.0
2019-20,3:5,castor,0.0
2019-20,4:2+1,castor,0.0
2019-20,4:3,castor,0.0
2019-20,4:4,castor,0.0
2019-20,4:5,castor,0.0
2019-20,4:6,castor,3.0
2019-20,4:7,castor,0.0
2019-20,5:1,castor,0.0
2019-20,5:2,castor,0.0
2019-20,5:3,castor,0.0
2019-20,5:4,castor,1.0
2019-20,5:5,castor,0.0
2019-20,6:1,castor,0.0
2019-20,6:2,castor,0.0
2019-20,6:3,castor,212.0
2019-20,6:4,castor,0.0
2019-20,6:5,castor,0.0
2019-20,7:1,castor,19.0
2019-20,7:2,castor,54.0
2019-20,7:3,castor,83.0
2019-20,7:4,castor,8.0
2019-20,8:1,castor,0.0
2019-20,8:2,castor,0.0
2019-20,8:3,castor,1.0
2019-20,8:4,castor,1.0
2019-20,8:5,castor,11.0
2019-20,9:1,castor,0.0
2019-20,9:2,castor,0.0
2019-20,9:3,castor,0.0
2019-20,9:4,castor,0.0
2019-20,9:5,castor,0.0
2019-20,10:1,sesame,0.0
2019-20,10:10,sesame,0.0
2019-20,10:11,sesame,0.0
2019-20,10:2,sesame,0.0
2019-20,10:3,sesame,0.0
2019-20,10:4,sesame,0.0
2019-20,10:5,sesame,0.0
2019-20,10:6,sesame,0.0
2019-20,10:7,sesame,0.0
2019-20,10:8,sesame,2.0
2019-20,10:9,sesame,0.0
2019-20,11:1,sesame,1.0
2019-20,11:2,sesame,2.0
2019-20,11:3,sesame,0.0
2019-20,11:4,sesame,2.0
2019-20,11:5,sesame,0.0
2019-20,11:6,sesame,0.0
2019-20,11:7,sesame,1.0
2019-20,12:3,sesame,2.0
2019-20,12:4,sesame,1.0
2019-20,12:5,sesame,19.0
2019-20,12:6,sesame,57.0
2019-20,13:1,sesame,6.0
2019-20,13:2,sesame,0.0
2019-20,13:3,sesame,8.0
2019-20,13:4,sesame,6.0
2019-20,13:5,sesame,127.0
2019-20,13:6,sesame,0.0
2019-20,14:1,sesame,0.0
2019-20,14:3,sesame,2.0
2019-20,14:4,sesame,0.0
2019-20,14:5,sesame,1.0
2019-20,14:6,sesame,19.0
2019-20,15:1,sesame,6.0
2019-20,15:2,sesame,2.0
2019-20,15:3,sesame,0.0
2019-20,15:4,sesame,0.0
2019-20,15:5,sesame,0.0
2019-20,15:6,sesame,0.0
2019-20,15:7,sesame,0.0
2019-20,16:1,sesame,0.0
2019-20,16:2,sesame,16.0
2019-20,16:3,sesame,3.0
2019-20,17:1,sesame,0.0
2019-20,17:2,sesame,0.0
2019-20,17:3,sesame,0.0
2019-20,17:4,sesame,0.0
2019-20,17:5,sesame,1955.0
2019-20,17:6,sesame,650.0
2019-20,17:7,sesame,0.0
2019-20,18:1,sesame,4.0
2019-20,18:10,sesame,26.0
2019-20,18:2,sesame,6.0
2019-20,18:3,sesame,2.0
2019-20,18:4,sesame,1.0
2019-20,18:5,sesame,2.0
2019-20,18:6,sesame,2.0
2019-20,18:7,sesame,4.0
2019-20,18:8,sesame,2.0
2019-20,18:9,sesame,14.0
2019-20,19:10,sesame,5.0
2019-20,19:11,sesame,3.0
2019-20,19:7,sesame,1.0
2019-20,19:8,sesame,1.0
2019-20,19:9,sesame,1.0
2019-20,1:1,sesame,6.0
2019-20,1:10,sesame,0.0
2019-20,1:2,sesame,5.0
2019-20,1:3,sesame,0.0
2019-20,1:4,sesame,2.0
2019-20,1:5,sesame,2.0
2019-20,1:6,sesame,1.0
2019-20,1:7,sesame,3.0
2019-20,1:8,sesame,4.0
2019-20,1:9,sesame,0.0
2019-20,20:1,sesame,0.0
2019-20,20:2,sesame,4.0
2019-20,20:3,sesame,2.0
2019-20,20:4,sesame,0.0
2019-20,21:1,sesame,0.0
2019-20,21:2,sesame,0.0
2019-20,21:3,sesame,1.0
2019-20,21:4,sesame,0.0
2019-20,22:1,sesame,1069.0
2019-20,22:2,sesame,725.0
2019-20,22:3,sesame,264.0
2019-20,22:4,sesame,24.0
2019-20,22:5,sesame,186.0
2019-20,22:6,sesame,174.0
2019-20,22:7,sesame,582.0
2019-20,23:1,sesame,0.0
2019-20,23:2,sesame,21.0
2019-20,23:3,sesame,1608.0
2019-20,23:4,sesame,0.0
2019-20,23:5,sesame,0.0
2019-20,23:6,sesame,1.0
2019-20,23:7,sesame,445.0
2019-20,23:8,sesame,443.0
2019-20,24:1,sesame,0.0
2019-20,24:2,sesame,0.0
2019-20,24:3,sesame,0.0
2019-20,24:4,sesame,0.0
2019-20,24:5,sesame,0.0
2019-20,25:1,sesame,0.0
2019-20,25:2,sesame,0.0
2019-20,25:3,sesame,0.0
2019-20,26:1,sesame,1.0
2019-20,26:2,sesame,8.0
2019-20,26:3,sesame,471.0
2019-20,26:4,sesame,4.0
2019-20,26:5,sesame,751.0
2019-20,26:6,sesame,480.0
2019-20,26:7,sesame,14.0
2019-20,27:1,sesame,41.0
2019-20,27:2,sesame,174.0
2019-20,27:3,sesame,0.0
2019-20,27:4,sesame,484.0
2019-20,28:5,sesame,1.0
2019-20,28:6,sesame,0.0
2019-20,28:7,sesame,129.0
2019-20,28:8,sesame,157.0
2019-20,29:1,sesame,0.0
2019-20,29:2,sesame,1.0
2019-20,29:3,sesame,0.0
2019-20,29:4,sesame,0.0
2019-20,29:5,sesame,0.0
2019-20,29:6,sesame,2.0
2019-20,2:1,sesame,1.0
2019-20,2:2,sesame,0.0
2019-20,2:3,sesame,0.0
2019-20,2:4,sesame,74.0
2019-20,2:5,sesame,0.0
2019-20,2:6,sesame,173.0
2019-20,30:10,sesame,3.0
2019-20,30:8,sesame,40.0
2019-20,30:9,sesame,0.0
2019-20,3:1,sesame,10.0
2019-20,3:2,sesame,8.0
2019-20,3:3,sesame,6.0
2019-20,3:4,sesame,5.0
2019-20,3:5,sesame,54.0
2019-20,4:2+1,sesame,1047.0
2019-20,4:3,sesame,773.0
2019-20,4:4,sesame,15.0
2019-20,4:5,sesame,1.0
2019-20,4:6,sesame,455.0
2019-20,4:7,sesame,64.0
2019-20,5:1,sesame,60.0
2019-20,5:2,sesame,233.0
2019-20,5:3,sesame,30.0
2019-20,5:4,sesame,207.0
2019-20,5:5,sesame,368.0
2019-20,6:1,sesame,83.0
2019-20,6:2,sesame,529.0
2019-20,6:3,sesame,2.0
2019-20,6:4,sesame,5.0
2019-20,6:5,sesame,13.0
2019-20,7:1,sesame,1143.0
2019-20,7:2,sesame,5402.0
2019-20,7:3,sesame,602.0
2019-20,7:4,sesame,1995.0
2019-20,8:1,sesame,0.0
2019-20,8:2,sesame,62.0
2019-20,8:3,sesame,2.0
2019-20,8:4,sesame,7.0
2019-20,8:5,sesame,13.0
2019-20,9:1,sesame,2.0
2019-20,9:2,sesame,0.0
2019-20,9:3,sesame,1.0
2019-20,9:4,sesame,12.0
2019-20,9:5,sesame,1.0
2019-20,10:1,niger seed,0.0
2019-20,10:10,niger seed,0.0
2019-20,10:11,niger seed,0.0
2019-20,10:2,niger seed,0.0
2019-20,10:3,niger seed,0.0
2019-20,10:4,niger seed,0.0
2019-20,10:5,niger seed,0.0
2019-20,10:6,niger seed,0.0
2019-20,10:7,niger seed,0.0
2019-20,10:8,niger seed,0.0
2019-20,10:9,niger seed,0.0
2019-20,11:1,niger seed,1.0
2019-20,11:2,niger seed,0.0
2019-20,11:3,niger seed,0.0
2019-20,11:4,niger seed,0.0
2019-20,11:5,niger seed,0.0
2019-20,11:6,niger seed,1.0
2019-20,11:7,niger seed,0.0
2019-20,12:3,niger seed,0.0
2019-20,12:4,niger seed,4.0
2019-20,12:5,niger seed,2.0
2019-20,12:6,niger seed,6.0
2019-20,13:1,niger seed,0.0
2019-20,13:2,niger seed,0.0
2019-20,13:3,niger seed,0.0
2019-20,13:4,niger seed,0.0
2019-20,13:5,niger seed,0.0
2019-20,13:6,niger seed,0.0
2019-20,14:1,niger seed,0.0
2019-20,14:3,niger seed,1.0
2019-20,14:4,niger seed,0.0
2019-20,14:5,niger seed,0.0
2019-20,14:6,niger seed,0.0
2019-20,15:1,niger seed,0.0
2019-20,15:2,niger seed,0.0
2019-20,15:3,niger seed,1.0
2019-20,15:4,niger seed,0.0
2019-20,15:5,niger seed,0.0
2019-20,15:6,niger seed,0.0
2019-20,15:7,niger seed,0.0
2019-20,16:1,niger seed,0.0
2019-20,16:2,niger seed,0.0
2019-20,16:3,niger seed,0.0
2019-20,17:1,niger seed,0.0
2019-20,17:2,niger seed,0.0
2019-20,17:3,niger seed,0.0
2019-20,17:4,niger seed,1.0
2019-20,17:5,niger seed,0.0
2019-20,17:6,niger seed,1.0
2019-20,17:7,niger seed,0.0
2019-20,18:1,niger seed,0.0
2019-20,18:10,niger seed,0.0
2019-20,18:2,niger seed,0.0
2019-20,18:3,niger seed,0.0
2019-20,18:4,niger seed,0.0
2019-20,18:5,niger seed,0.0
2019-20,18:6,niger seed,0.0
2019-20,18:7,niger seed,0.0
2019-20,18:8,niger seed,1.0
2019-20,18:9,niger seed,1.0
2019-20,19:10,niger seed,11.0
2019-20,19:11,niger seed,4.0
2019-20,19:7,niger seed,37.0
2019-20,19:8,niger seed,1.0
2019-20,19:9,niger seed,11.0
2019-20,1:1,niger seed,0.0
2019-20,1:10,niger seed,0.0
2019-20,1:2,niger seed,0.0
2019-20,1:3,niger seed,0.0
2019-20,1:4,niger seed,10.0
2019-20,1:5,niger seed,1.0
2019-20,1:6,niger seed,0.0
2019-20,1:7,niger seed,12.0
2019-20,1:8,niger seed,9.0
2019-20,1:9,niger seed,0.0
2019-20,20:1,niger seed,2.0
2019-20,20:2,niger seed,0.0
2019-20,20:3,niger seed,1.0
2019-20,20:4,niger seed,7.0
2019-20,21:1,niger seed,5.0
2019-20,21:2,niger seed,1.0
2019-20,21:3,niger seed,1.0
2019-20,21:4,niger seed,0.0
2019-20,22:1,niger seed,94.0
2019-20,22:2,niger seed,0.0
2019-20,22:3,niger seed,115.0
2019-20,22:4,niger seed,0.0
2019-20,22:5,niger seed,4.0
2019-20,22:6,niger seed,0.0
2019-20,22:7,niger seed,0.0
2019-20,23:1,niger seed,1.0
2019-20,23:2,niger seed,135.0
2019-20,23:3,niger seed,2.0
2019-20,23:4,niger seed,1.0
2019-20,23:5,niger seed,1.0
2019-20,23:6,niger seed,0.0
2019-20,23:7,niger seed,1.0
2019-20,23:8,niger seed,2.0
2019-20,24:1,niger seed,0.0
2019-20,24:2,niger seed,0.0
2019-20,24:3,niger seed,0.0
2019-20,24:4,niger seed,0.0
2019-20,24:5,niger seed,0.0
2019-20,25:1,niger seed,0.0
2019-20,25:2,niger seed,0.0
2019-20,25:3,niger seed,1.0
2019-20,26:1,niger seed,28.0
2019-20,26:2,niger seed,0.0
2019-20,26:3,niger seed,2.0
2019-20,26:4,niger seed,1.0
2019-20,26:5,niger seed,32.0
2019-20,26:6,niger seed,0.0
2019-20,26:7,niger seed,0.0
2019-20,27:1,niger seed,11.0
2019-20,27:2,niger seed,6.0
2019-20,27:3,niger seed,0.0
2019-20,27:4,niger seed,0.0
2019-20,28:5,niger seed,1.0
2019-20,28:6,niger seed,0.0
2019-20,28:7,niger seed,10.0
2019-20,28:8,niger seed,0.0
2019-20,29:1,niger seed,0.0
2019-20,29:2,niger seed,0.0
2019-20,29:3,niger seed,3.0
2019-20,29:4,niger seed,0.0
2019-20,29:5,niger seed,5.0
2019-20,29:6,niger seed,14.0
2019-20,2:1,niger seed,0.0
2019-20,2:2,niger seed,0.0
2019-20,2:3,niger seed,0.0
2019-20,2:4,niger seed,4.0
2019-20,2:5,niger seed,0.0
2019-20,2:6,niger seed,0.0
2019-20,30:10,niger seed,1.0
2019-20,30:8,niger seed,0.0
2019-20,30:9,niger seed,0.0
2019-20,3:1,niger seed,1.0
2019-20,3:2,niger seed,0.0
2019-20,3:3,niger seed,0.0
2019-20,3:4,niger seed,0.0
2019-20,3:5,niger seed,3.0
2019-20,4:2+1,niger seed,2.0
2019-20,4:3,niger seed,33.0
2019-20,4:4,niger seed,1.0
2019-20,4:5,niger seed,1.0
2019-20,4:6,niger seed,0.0
2019-20,4:7,niger seed,0.0
2019-20,5:1,niger seed,17.0
2019-20,5:2,niger seed,83.0
2019-20,5:3,niger seed,42.0
2019-20,5:4,niger seed,83.0
2019-20,5:5,niger seed,76.0
2019-20,6:1,niger seed,11.0
2019-20,6:2,niger seed,0.0
2019-20,6:3,niger seed,1.0
2019-20,6:4,niger seed,0.0
2019-20,6:5,niger seed,10.0
2019-20,7:1,niger seed,9.0
2019-20,7:2,niger seed,3.0
2019-20,7:3,niger seed,0.0
2019-20,7:4,niger seed,76.0
2019-20,8:1,niger seed,0.0
2019-20,8:2,niger seed,0.0
2019-20,8:3,niger seed,1.0
2019-20,8:4,niger seed,1.0
2019-20,8:5,niger seed,1.0
2019-20,9:1,niger seed,0.0
2019-20,9:2,niger seed,0.0
2019-20,9:3,niger seed,0.0
2019-20,9:4,niger seed,0.0
2019-20,9:5,niger seed,0.0
2019-20,10:1,soybean,0.0
2019-20,10:10,soybean,0.0
2019-20,10:11,soybean,0.0
2019-20,10:2,soybean,0.0
2019-20,10:3,soybean,0.0
2019-20,10:4,soybean,0.0
2019-20,10:5,soybean,17.0
2019-20,10:6,soybean,0.0
2019-20,10:7,soybean,0.0
2019-20,10:8,soybean,0.0
2019-20,10:9,soybean,0.0
2019-20,11:1,soybean,1540.0
2019-20,11:2,soybean,582.0
2019-20,11:3,soybean,2082.0
2019-20,11:4,soybean,1295.0
2019-20,11:5,soybean,417.0
2019-20,11:6,soybean,687.0
2019-20,11:7,soybean,5.0
2019-20,12:3,soybean,0.0
2019-20,12:4,soybean,0.0
2019-20,12:5,soybean,0.0
2019-20,12:6,soybean,0.0
2019-20,13:1,soybean,0.0
2019-20,13:2,soybean,0.0
2019-20,13:3,soybean,20.0
2019-20,13:4,soybean,0.0
2019-20,13:5,soybean,0.0
2019-20,13:6,soybean,0.0
2019-20,14:1,soybean,0.0
2019-20,14:3,soybean,0.0
2019-20,14:4,soybean,2.0
2019-20,14:5,soybean,0.0
2019-20,14:6,soybean,2.0
2019-20,15:1,soybean,0.0
2019-20,15:2,soybean,0.0
2019-20,15:3,soybean,0.0
2019-20,15:4,soybean,0.0
2019-20,15:5,soybean,0.0
2019-20,15:6,soybean,0.0
2019-20,15:7,soybean,0.0
2019-20,16:1,soybean,0.0
2019-20,16:2,soybean,0.0
2019-20,16:3,soybean,0.0
2019-20,17:1,soybean,0.0
2019-20,17:2,soybean,0.0
2019-20,17:3,soybean,0.0
2019-20,17:4,soybean,0.0
2019-20,17:5,soybean,0.0
2019-20,17:6,soybean,6.0
2019-20,17:7,soybean,0.0
2019-20,18:1,soybean,2.0
2019-20,18:10,soybean,1.0
2019-20,18:2,soybean,1.0
2019-20,18:3,soybean,0.0
2019-20,18:4,soybean,3.0
2019-20,18:5,soybean,0.0
2019-20,18:6,soybean,2.0
2019-20,18:7,soybean,0.0
2019-20,18:8,soybean,2.0
2019-20,18:9,soybean,0.0
2019-20,19:10,soybean,0.0
2019-20,19:11,soybean,0.0
2019-20,19:7,soybean,0.0
2019-20,19:8,soybean,3.0
2019-20,19:9,soybean,0.0
2019-20,1:1,soybean,4731.0
2019-20,1:10,soybean,655.0
2019-20,1:2,soybean,3093.0
2019-20,1:3,soybean,49.0
2019-20,1:4,soybean,3528.0
2019-20,1:5,soybean,14931.0
2019-20,1:6,soybean,8688.0
2019-20,1:7,soybean,250.0
2019-20,1:8,soybean,33173.0
2019-20,1:9,soybean,2916.0
2019-20,20:1,soybean,0.0
2019-20,20:2,soybean,1.0
2019-20,20:3,soybean,2.0
2019-20,20:4,soybean,1.0
2019-20,21:1,soybean,0.0
2019-20,21:2,soybean,0.0
2019-20,21:3,soybean,0.0
2019-20,21:4,soybean,0.0
2019-20,22:1,soybean,4.0
2019-20,22:2,soybean,3.0
2019-20,22:3,soybean,11.0
2019-20,22:4,soybean,20.0
2019-20,22:5,soybean,7.0
2019-20,22:6,soybean,3.0
2019-20,22:7,soybean,18.0
2019-20,23:1,soybean,0.0
2019-20,23:2,soybean,8.0
2019-20,23:3,soybean,5.0
2019-20,23:4,soybean,3.0
2019-20,23:5,soybean,0.0
2019-20,23:6,soybean,6.0
2019-20,23:7,soybean,1.0
2019-20,23:8,soybean,1.0
2019-20,24:1,soybean,0.0
2019-20,24:2,soybean,0.0
2019-20,24:3,soybean,0.0
2019-20,24:4,soybean,0.0
2019-20,24:5,soybean,0.0
2019-20,25:1,soybean,0.0
2019-20,25:2,soybean,0.0
2019-20,25:3,soybean,0.0
2019-20,26:1,soybean,13.0
2019-20,26:2,soybean,19.0
2019-20,26:3,soybean,4.0
2019-20,26:4,soybean,16.0
2019-20,26:5,soybean,14.0
2019-20,26:6,soybean,3.0
2019-20,26:7,soybean,1.0
2019-20,27:1,soybean,37.0
2019-20,27:2,soybean,8.0
2019-20,27:3,soybean,0.0
2019-20,27:4,soybean,1.0
2019-20,28:5,soybean,2.0
2019-20,28:6,soybean,0.0
2019-20,28:7,soybean,1.0
2019-20,28:8,soybean,2.0
2019-20,29:1,soybean,3.0
2019-20,29:2,soybean,0.0
2019-20,29:3,soybean,4.0
2019-20,29:4,soybean,0.0
2019-20,29:5,soybean,0.0
2019-20,29:6,soybean,1.0
2019-20,2:1,soybean,543.0
2019-20,2:2,soybean,54.0
2019-20,2:3,soybean,189.0
2019-20,2:4,soybean,8.0
2019-20,2:5,soybean,0.0
2019-20,2:6,soybean,1.0
2019-20,30:10,soybean,0.0
2019-20,30:8,soybean,0.0
2019-20,30:9,soybean,0.0
2019-20,3:1,soybean,5.0
2019-20,3:2,soybean,10.0
2019-20,3:3,soybean,12.0
2019-20,3:4,soybean,3.0
2019-20,3:5,soybean,0.0
2019-20,4:2+1,soybean,11434.0
2019-20,4:3,soybean,3431.0
2019-20,4:4,soybean,6362.0
2019-20,4:5,soybean,2.0
2019-20,4:6,soybean,1096.0
2019-20,4:7,soybean,0.0
2019-20,5:1,soybean,20150.0
2019-20,5:2,soybean,41899.0
2019-20,5:3,soybean,22938.0
2019-20,5:4,soybean,20121.0
2019-20,5:5,soybean,20065.0
2019-20,6:1,soybean,7.0
2019-20,6:2,soybean,1.0
2019-20,6:3,soybean,0.0
2019-20,6:4,soybean,1.0
2019-20,6:5,soybean,0.0
2019-20,7:1,soybean,0.0
2019-20,7:2,soybean,10.0
2019-20,7:3,soybean,1.0
2019-20,7:4,soybean,3.0
2019-20,8:1,soybean,23.0
2019-20,8:2,soybean,0.0
2019-20,8:3,soybean,6.0
2019-20,8:4,soybean,0.0
2019-20,8:5,soybean,16.0
2019-20,9:1,soybean,13824.0
2019-20,9:2,soybean,7.0
2019-20,9:3,soybean,8038.0
2019-20,9:4,soybean,12262.0
2019-20,9:5,soybean,423.0
2019-20,10:1,linseed,0.0
2019-20,10:10,linseed,0.0
2019-20,10:11,linseed,0.0
2019-20,10:2,linseed,0.0
2019-20,10:3,linseed,0.0
2019-20,10:4,linseed,0.0
2019-20,10:5,linseed,0.0
2019-20,10:6,linseed,0.0
2019-20,10:7,linseed,0.0
2019-20,10:8,linseed,0.0
2019-20,10:9,linseed,0.0
2019-20,11:1,linseed,6.0
2019-20,11:2,linseed,0.0
2019-20,11:3,linseed,4.0
2019-20,11:4,linseed,0.0
2019-20,11:5,linseed,0.0
2019-20,11:6,linseed,2.0
2019-20,11:7,linseed,0.0
2019-20,12:3,linseed,0.0
2019-20,12:4,linseed,0.0
2019-20,12:5,linseed,0.0
2019-20,12:6,linseed,0.0
2019-20,13:1,linseed,0.0
2019-20,13:2,linseed,0.0
2019-20,13:3,linseed,3.0
2019-20,13:4,linseed,0.0
2019-20,13:5,linseed,1.0
2019-20,13:6,linseed,24.0
2019-20,14:1,linseed,0.0
2019-20,14:3,linseed,0.0
2019-20,14:4,linseed,0.0
2019-20,14:5,linseed,0.0
2019-20,14:6,linseed,0.0
2019-20,15:1,linseed,0.0
2019-20,15:2,linseed,0.0
2019-20,15:3,linseed,0.0
2019-20,15:4,linseed,0.0
2019-20,15:5,linseed,0.0
2019-20,15:6,linseed,0.0
2019-20,15:7,linseed,0.0
2019-20,16:1,linseed,0.0
2019-20,16:2,linseed,0.0
2019-20,16:3,linseed,0.0
2019-20,17:1,linseed,0.0
2019-20,17:2,linseed,0.0
2019-20,17:3,linseed,0.0
2019-20,17:4,linseed,0.0
2019-20,17:5,linseed,0.0
2019-20,17:6,linseed,1.0
2019-20,17:7,linseed,0.0
2019-20,18:1,linseed,2.0
2019-20,18:10,linseed,0.0
2019-20,18:2,linseed,294.0
2019-20,18:3,linseed,32.0
2019-20,18:4,linseed,115.0
2019-20,18:5,linseed,24.0
2019-20,18:6,linseed,4.0
2019-20,18:7,linseed,2.0
2019-20,18:8,linseed,0.0
2019-20,18:9,linseed,0.0
2019-20,19:10,linseed,0.0
2019-20,19:11,linseed,0.0
2019-20,19:7,linseed,0.0
2019-20,19:8,linseed,0.0
2019-20,19:9,linseed,0.0
2019-20,1:1,linseed,0.0
2019-20,1:10,linseed,40.0
2019-20,1:2,linseed,0.0
2019-20,1:3,linseed,0.0
2019-20,1:4,linseed,0.0
2019-20,1:5,linseed,0.0
2019-20,1:6,linseed,0.0
2019-20,1:7,linseed,0.0
2019-20,1:8,linseed,0.0
2019-20,1:9,linseed,85.0
2019-20,20:1,linseed,0.0
2019-20,20:2,linseed,0.0
2019-20,20:3,linseed,0.0
2019-20,20:4,linseed,0.0
2019-20,21:1,linseed,1.0
2019-20,21:2,linseed,0.0
2019-20,21:3,linseed,1.0
2019-20,21:4,linseed,0.0
2019-20,22:1,linseed,0.0
2019-20,22:2,linseed,0.0
2019-20,22:3,linseed,0.0
2019-20,22:4,linseed,0.0
2019-20,22:5,linseed,0.0
2019-20,22:6,linseed,0.0
2019-20,22:7,linseed,0.0
2019-20,23:1,linseed,0.0
2019-20,23:2,linseed,0.0
2019-20,23:3,linseed,0.0
2019-20,23:4,linseed,0.0
2019-20,23:5,linseed,0.0
2019-20,23:6,linseed,0.0
2019-20,23:7,linseed,0.0
2019-20,23:8,linseed,0.0
2019-20,24:1,linseed,0.0
2019-20,24:2,linseed,0.0
2019-20,24:3,linseed,0.0
2019-20,24:4,linseed,0.0
2019-20,24:5,linseed,0.0
2019-20,25:1,linseed,0.0
2019-20,25:2,linseed,0.0
2019-20,25:3,linseed,0.0
2019-20,26:1,linseed,0.0
2019-20,26:2,linseed,0.0
2019-20,26:3,linseed,0.0
2019-20,26:4,linseed,0.0
2019-20,26:5,linseed,0.0
2019-20,26:6,linseed,0.0
2019-20,26:7,linseed,0.0
2019-20,27:1,linseed,0.0
2019-20,27:2,linseed,0.0
2019-20,27:3,linseed,0.0
2019-20,27:4,linseed,0.0
2019-20,28:5,linseed,0.0
2019-20,28:6,linseed,0.0
2019-20,28:7,linseed,0.0
2019-20,28:8,linseed,0.0
2019-20,29:1,linseed,24.0
2019-20,29:2,linseed,0.0
2019-20,29:3,linseed,0.0
2019-20,29:4,linseed,0.0
2019-20,29:5,linseed,0.0
2019-20,29:6,linseed,0.0
2019-20,2:1,linseed,0.0
2019-20,2:2,linseed,30.0
2019-20,2:3,linseed,0.0
2019-20,2:4,linseed,40.0
2019-20,2:5,linseed,379.0
2019-20,2:6,linseed,10.0
2019-20,30:10,linseed,0.0
2019-20,30:8,linseed,0.0
2019-20,30:9,linseed,0.0
2019-20,3:1,linseed,0.0
2019-20,3:2,linseed,0.0
2019-20,3:3,linseed,2.0
2019-20,3:4,linseed,218.0
2019-20,3:5,linseed,113.0
2019-20,4:2+1,linseed,11.0
2019-20,4:3,linseed,15.0
2019-20,4:4,linseed,3.0
2019-20,4:5,linseed,0.0
2019-20,4:6,linseed,0.0
2019-20,4:7,linseed,0.0
2019-20,5:1,linseed,3.0
2019-20,5:2,linseed,18.0
2019-20,5:3,linseed,18.0
2019-20,5:4,linseed,20.0
2019-20,5:5,linseed,10.0
2019-20,6:1,linseed,0.0
2019-20,6:2,linseed,0.0
2019-20,6:3,linseed,0.0
2019-20,6:4,linseed,0.0
2019-20,6:5,linseed,0.0
2019-20,7:1,linseed,22.0
2019-20,7:2,linseed,0.0
2019-20,7:3,linseed,90.0
2019-20,7:4,linseed,9.0
2019-20,8:1,linseed,0.0
2019-20,8:2,linseed,7.0
2019-20,8:3,linseed,10.0
2019-20,8:4,linseed,3.0
2019-20,8:5,linseed,0.0
2019-20,9:1,linseed,0.0
2019-20,9:2,linseed,0.0
2019-20,9:3,linseed,1.0
2019-20,9:4,linseed,0.0
2019-20,9:5,linseed,7.0
2019-20,10:1,cotton,0.0
2019-20,10:10,cotton,0.0
2019-20,10:11,cotton,0.0
2019-20,10:2,cotton,0.0
2019-20,10:3,cotton,748.0
2019-20,10:4,cotton,117.0
2019-20,10:5,cotton,91.0
2019-20,10:6,cotton,0.0
2019-20,10:7,cotton,0.0
2019-20,10:8,cotton,0.0
2019-20,10:9,cotton,0.0
2019-20,11:1,cotton,9985.0
2019-20,11:2,cotton,24171.0
2019-20,11:3,cotton,4968.0
2019-20,11:4,cotton,13767.0
2019-20,11:5,cotton,8954.0
2019-20,11:6,cotton,12710.0
2019-20,11:7,cotton,6365.0
2019-20,12:3,cotton,616.0
2019-20,12:4,cotton,22331.0
2019-20,12:5,cotton,19115.0
2019-20,12:6,cotton,1543.0
2019-20,13:1,cotton,1424.0
2019-20,13:2,cotton,260.0
2019-20,13:3,cotton,2509.0
2019-20,13:4,cotton,1972.0
2019-20,13:5,cotton,3318.0
2019-20,13:6,cotton,0.0
2019-20,14:1,cotton,38.0
2019-20,14:3,cotton,1005.0
2019-20,14:4,cotton,175.0
2019-20,14:5,cotton,726.0
2019-20,14:6,cotton,1094.0
2019-20,15:1,cotton,0.0
2019-20,15:2,cotton,293.0
2019-20,15:3,cotton,1011.0
2019-20,15:4,cotton,0.0
2019-20,15:5,cotton,0.0
2019-20,15:6,cotton,110.0
2019-20,15:7,cotton,80.0
2019-20,16:1,cotton,0.0
2019-20,16:2,cotton,0.0
2019-20,16:3,cotton,0.0
2019-20,17:1,cotton,0.0
2019-20,17:2,cotton,0.0
2019-20,17:3,cotton,5.0
2019-20,17:4,cotton,73.0
2019-20,17:5,cotton,552.0
2019-20,17:6,cotton,1058.0
2019-20,17:7,cotton,0.0
2019-20,18:1,cotton,64.0
2019-20,18:10,cotton,0.0
2019-20,18:2,cotton,779.0
2019-20,18:3,cotton,572.0
2019-20,18:4,cotton,90.0
2019-20,18:5,cotton,3.0
2019-20,18:6,cotton,0.0
2019-20,18:7,cotton,3.0
2019-20,18:8,cotton,1.0
2019-20,18:9,cotton,0.0
2019-20,19:10,cotton,0.0
2019-20,19:11,cotton,0.0
2019-20,19:7,cotton,0.0
2019-20,19:8,cotton,0.0
2019-20,19:9,cotton,0.0
2019-20,1:1,cotton,3289.0
2019-20,1:10,cotton,1827.0
2019-20,1:2,cotton,27.0
2019-20,1:3,cotton,2333.0
2019-20,1:4,cotton,6639.0
2019-20,1:5,cotton,11932.0
2019-20,1:6,cotton,2321.0
2019-20,1:7,cotton,263.0
2019-20,1:8,cotton,15950.0
2019-20,1:9,cotton,18999.0
2019-20,20:1,cotton,13.0
2019-20,20:2,cotton,0.0
2019-20,20:3,cotton,1.0
2019-20,20:4,cotton,0.0
2019-20,21:1,cotton,0.0
2019-20,21:2,cotton,3.0
2019-20,21:3,cotton,0.0
2019-20,21:4,cotton,0.0
2019-20,22:1,cotton,0.0
2019-20,22:2,cotton,2.0
2019-20,22:3,cotton,0.0
2019-20,22:4,cotton,0.0
2019-20,22:5,cotton,1.0
2019-20,22:6,cotton,0.0
2019-20,22:7,cotton,1.0
2019-20,23:1,cotton,0.0
2019-20,23:2,cotton,16.0
2019-20,23:3,cotton,26.0
2019-20,23:4,cotton,1.0
2019-20,23:5,cotton,0.0
2019-20,23:6,cotton,0.0
2019-20,23:7,cotton,5.0
2019-20,23:8,cotton,0.0
2019-20,24:1,cotton,0.0
2019-20,24:2,cotton,0.0
2019-20,24:3,cotton,0.0
2019-20,24:4,cotton,0.0
2019-20,24:5,cotton,0.0
2019-20,25:1,cotton,0.0
2019-20,25:2,cotton,0.0
2019-20,25:3,cotton,0.0
2019-20,26:1,cotton,4.0
2019-20,26:2,cotton,1034.0
2019-20,26:3,cotton,5.0
2019-20,26:4,cotton,1545.0
2019-20,26:5,cotton,25468.0
2019-20,26:6,cotton,15394.0
2019-20,26:7,cotton,3.0
2019-20,27:1,cotton,6111.0
2019-20,27:2,cotton,696.0
2019-20,27:3,cotton,0.0
2019-20,27:4,cotton,290.0
2019-20,28:5,cotton,1.0
2019-20,28:6,cotton,0.0
2019-20,28:7,cotton,0.0
2019-20,28:8,cotton,0.0
2019-20,29:1,cotton,90.0
2019-20,29:2,cotton,0.0
2019-20,29:3,cotton,0.0
2019-20,29:4,cotton,15.0
2019-20,29:5,cotton,5.0
2019-20,29:6,cotton,8.0
2019-20,2:1,cotton,15.0
2019-20,2:2,cotton,1.0
2019-20,2:3,cotton,5.0
2019-20,2:4,cotton,770.0
2019-20,2:5,cotton,22.0
2019-20,2:6,cotton,193.0
2019-20,30:10,cotton,44152.0
2019-20,30:8,cotton,19506.0
2019-20,30:9,cotton,82126.0
2019-20,3:1,cotton,243.0
2019-20,3:2,cotton,4117.0
2019-20,3:3,cotton,24732.0
2019-20,3:4,cotton,1898.0
2019-20,3:5,cotton,3579.0
2019-20,4:2+1,cotton,10552.0
2019-20,4:3,cotton,5140.0
2019-20,4:4,cotton,877.0
2019-20,4:5,cotton,2772.0
2019-20,4:6,cotton,10194.0
2019-20,4:7,cotton,38648.0
2019-20,5:1,cotton,0.0
2019-20,5:2,cotton,0.0
2019-20,5:3,cotton,71.0
2019-20,5:4,cotton,374.0
2019-20,5:5,cotton,1.0
2019-20,6:1,cotton,2158.0
2019-20,6:2,cotton,50933.0
2019-20,6:3,cotton,41118.0
2019-20,6:4,cotton,27000.0
2019-20,6:5,cotton,2371.0
2019-20,7:1,cotton,2626.0
2019-20,7:2,cotton,2980.0
2019-20,7:3,cotton,1343.0
2019-20,7:4,cotton,753.0
2019-20,8:1,cotton,5547.0
2019-20,8:2,cotton,2023.0
2019-20,8:3,cotton,5368.0
2019-20,8:4,cotton,11342.0
2019-20,8:5,cotton,797.0
2019-20,9:1,cotton,8148.0
2019-20,9:2,cotton,14175.0
2019-20,9:3,cotton,9348.0
2019-20,9:4,cotton,816.0
2019-20,9:5,cotton,20518.0
2019-20,10:1,sugarcane,4.0
2019-20,10:10,sugarcane,3.0
2019-20,10:11,sugarcane,16.0
2019-20,10:2,sugarcane,61.0
2019-20,10:3,sugarcane,6082.0
2019-20,10:4,sugarcane,135.0
2019-20,10:5,sugarcane,434.0
2019-20,10:6,sugarcane,53.0
2019-20,10:7,sugarcane,13.0
2019-20,10:8,sugarcane,13.0
2019-20,10:9,sugarcane,22.0
2019-20,11:1,sugarcane,650.0
2019-20,11:2,sugarcane,302.0
2019-20,11:3,sugarcane,2500.0
2019-20,11:4,sugarcane,1190.0
2019-20,11:5,sugarcane,701.0
2019-20,11:6,sugarcane,480.0
2019-20,11:7,sugarcane,1500.0
2019-20,12:3,sugarcane,223.0
2019-20,12:4,sugarcane,304.0
2019-20,12:5,sugarcane,107.0
2019-20,12:6,sugarcane,19.0
2019-20,13:1,sugarcane,7.0
2019-20,13:2,sugarcane,0.0
2019-20,13:3,sugarcane,1.0
2019-20,13:4,sugarcane,2.0
2019-20,13:5,sugarcane,1.0
2019-20,13:6,sugarcane,4.0
2019-20,14:1,sugarcane,110.0
2019-20,14:3,sugarcane,2.0
2019-20,14:4,sugarcane,553.0
2019-20,14:5,sugarcane,145.0
2019-20,14:6,sugarcane,80.0
2019-20,15:1,sugarcane,36.0
2019-20,15:2,sugarcane,22.0
2019-20,15:3,sugarcane,38.0
2019-20,15:4,sugarcane,35.0
2019-20,15:5,sugarcane,10.0
2019-20,15:6,sugarcane,110.0
2019-20,15:7,sugarcane,751.0
2019-20,16:1,sugarcane,4.0
2019-20,16:2,sugarcane,19.0
2019-20,16:3,sugarcane,1.0
2019-20,17:1,sugarcane,0.0
2019-20,17:2,sugarcane,0.0
2019-20,17:3,sugarcane,1.0
2019-20,17:4,sugarcane,109.0
2019-20,17:5,sugarcane,19.0
2019-20,17:6,sugarcane,319.0
2019-20,17:7,sugarcane,0.0
2019-20,18:1,sugarcane,7.0
2019-20,18:10,sugarcane,539.0
2019-20,18:2,sugarcane,10.0
2019-20,18:3,sugarcane,1.0
2019-20,18:4,sugarcane,11.0
2019-20,18:5,sugarcane,7.0
2019-20,18:6,sugarcane,10.0
2019-20,18:7,sugarcane,8.0
2019-20,18:8,sugarcane,19.0
2019-20,18:9,sugarcane,4.0
2019-20,19:10,sugarcane,27.0
2019-20,19:11,sugarcane,0.0
2019-20,19:7,sugarcane,8.0
2019-20,19:8,sugarcane,0.0
2019-20,19:9,sugarcane,13.0
2019-20,1:1,sugarcane,35326.0
2019-20,1:10,sugarcane,7649.0
2019-20,1:2,sugarcane,43521.0
2019-20,1:3,sugarcane,25373.0
2019-20,1:4,sugarcane,48810.0
2019-20,1:5,sugarcane,10528.0
2019-20,1:6,sugarcane,6162.0
2019-20,1:7,sugarcane,8280.0
2019-20,1:8,sugarcane,7431.0
2019-20,1:9,sugarcane,13784.0
2019-20,20:1,sugarcane,0.0
2019-20,20:2,sugarcane,21.0
2019-20,20:3,sugarcane,7.0
2019-20,20:4,sugarcane,2.0
2019-20,21:1,sugarcane,0.0
2019-20,21:2,sugarcane,27.0
2019-20,21:3,sugarcane,4.0
2019-20,21:4,sugarcane,28.0
2019-20,22:1,sugarcane,5786.0
2019-20,22:2,sugarcane,231.0
2019-20,22:3,sugarcane,4019.0
2019-20,22:4,sugarcane,2950.0
2019-20,22:5,sugarcane,11563.0
2019-20,22:6,sugarcane,8363.0
2019-20,22:7,sugarcane,1725.0
2019-20,23:1,sugarcane,0.0
2019-20,23:2,sugarcane,145.0
2019-20,23:3,sugarcane,10.0
2019-20,23:4,sugarcane,179.0
2019-20,23:5,sugarcane,11.0
2019-20,23:6,sugarcane,41.0
2019-20,23:7,sugarcane,1663.0
2019-20,23:8,sugarcane,800.0
2019-20,24:1,sugarcane,5.0
2019-20,24:2,sugarcane,0.0
2019-20,24:3,sugarcane,0.0
2019-20,24:4,sugarcane,2.0
2019-20,24:5,sugarcane,0.0
2019-20,25:1,sugarcane,0.0
2019-20,25:2,sugarcane,0.0
2019-20,25:3,sugarcane,0.0
2019-20,26:1,sugarcane,34.0
2019-20,26:2,sugarcane,157.0
2019-20,26:3,sugarcane,1194.0
2019-20,26:4,sugarcane,1092.0
2019-20,26:5,sugarcane,1214.0
2019-20,26:6,sugarcane,3301.0
2019-20,26:7,sugarcane,2353.0
2019-20,27:1,sugarcane,135.0
2019-20,27:2,sugarcane,2647.0
2019-20,27:3,sugarcane,2042.0
2019-20,27:4,sugarcane,2211.0
2019-20,28:5,sugarcane,19.0
2019-20,28:6,sugarcane,27.0
2019-20,28:7,sugarcane,179.0
2019-20,28:8,sugarcane,53.0
2019-20,29:1,sugarcane,111.0
2019-20,29:2,sugarcane,1.0
2019-20,29:3,sugarcane,4.0
2019-20,29:4,sugarcane,10.0
2019-20,29:5,sugarcane,4.0
2019-20,29:6,sugarcane,2.0
2019-20,2:1,sugarcane,45981.0
2019-20,2:2,sugarcane,16481.0
2019-20,2:3,sugarcane,24832.0
2019-20,2:4,sugarcane,4792.0
2019-20,2:5,sugarcane,6802.0
2019-20,2:6,sugarcane,3036.0
2019-20,30:10,sugarcane,179.0
2019-20,30:8,sugarcane,448.0
2019-20,30:9,sugarcane,284.0
2019-20,3:1,sugarcane,11887.0
2019-20,3:2,sugarcane,15740.0
2019-20,3:3,sugarcane,13503.0
2019-20,3:4,sugarcane,6042.0
2019-20,3:5,sugarcane,5838.0
2019-20,4:2+1,sugarcane,13820.0
2019-20,4:3,sugarcane,2927.0
2019-20,4:4,sugarcane,759.0
2019-20,4:5,sugarcane,99.0
2019-20,4:6,sugarcane,884.0
2019-20,4:7,sugarcane,7140.0
2019-20,5:1,sugarcane,1125.0
2019-20,5:2,sugarcane,3776.0
2019-20,5:3,sugarcane,728.0
2019-20,5:4,sugarcane,3542.0
2019-20,5:5,sugarcane,3866.0
2019-20,6:1,sugarcane,200.0
2019-20,6:2,sugarcane,41.0
2019-20,6:3,sugarcane,22.0
2019-20,6:4,sugarcane,273.0
2019-20,6:5,sugarcane,22.0
2019-20,7:1,sugarcane,135.0
2019-20,7:2,sugarcane,59.0
2019-20,7:3,sugarcane,120.0
2019-20,7:4,sugarcane,2101.0
2019-20,8:1,sugarcane,154.0
2019-20,8:2,sugarcane,132.0
2019-20,8:3,sugarcane,118.0
2019-20,8:4,sugarcane,414.0
2019-20,8:5,sugarcane,1050.0
2019-20,9:1,sugarcane,4690.0
2019-20,9:2,sugarcane,55.0
2019-20,9:3,sugarcane,224.0
2019-20,9:4,sugarcane,3051.0
2019-20,9:5,sugarcane,26.0
2019-20,10:1,tobacco,0.0
2019-20,10:10,tobacco,0.0
2019-20,10:11,tobacco,0.0
2019-20,10:2,tobacco,0.0
2019-20,10:3,tobacco,0.0
2019-20,10:4,tobacco,0.0
2019-20,10:5,tobacco,0.0
2019-20,10:6,tobacco,0.0
2019-20,10:7,tobacco,0.0
2019-20,10:8,tobacco,0.0
2019-20,10:9,tobacco,0.0
2019-20,11:1,tobacco,0.0
2019-20,11:2,tobacco,1.0
2019-20,11:3,tobacco,0.0
2019-20,11:4,tobacco,2.0
2019-20,11:5,tobacco,0.0
2019-20,11:6,tobacco,0.0
2019-20,11:7,tobacco,1.0
2019-20,12:3,tobacco,0.0
2019-20,12:4,tobacco,0.0
2019-20,12:5,tobacco,0.0
2019-20,12:6,tobacco,0.0
2019-20,13:1,tobacco,11.0
2019-20,13:2,tobacco,0.0
2019-20,13:3,tobacco,2.0
2019-20,13:4,tobacco,0.0
2019-20,13:5,tobacco,1.0
2019-20,13:6,tobacco,0.0
2019-20,14:1,tobacco,0.0
2019-20,14:3,tobacco,20.0
2019-20,14:4,tobacco,3.0
2019-20,14:5,tobacco,52.0
2019-20,14:6,tobacco,0.0
2019-20,15:1,tobacco,0.0
2019-20,15:2,tobacco,0.0
2019-20,15:3,tobacco,1.0
2019-20,15:4,tobacco,0.0
2019-20,15:5,tobacco,0.0
2019-20,15:6,tobacco,2.0
2019-20,15:7,tobacco,0.0
2019-20,16:1,tobacco,0.0
2019-20,16:2,tobacco,4.0
2019-20,16:3,tobacco,0.0
2019-20,17:1,tobacco,0.0
2019-20,17:2,tobacco,0.0
2019-20,17:3,tobacco,0.0
2019-20,17:4,tobacco,0.0
2019-20,17:5,tobacco,3.0
2019-20,17:6,tobacco,0.0
2019-20,17:7,tobacco,0.0
2019-20,18:1,tobacco,0.0
2019-20,18:10,tobacco,2.0
2019-20,18:2,tobacco,21.0
2019-20,18:3,tobacco,0.0
2019-20,18:4,tobacco,0.0
2019-20,18:5,tobacco,1.0
2019-20,18:6,tobacco,0.0
2019-20,18:7,tobacco,0.0
2019-20,18:8,tobacco,0.0
2019-20,18:9,tobacco,1.0
2019-20,19:10,tobacco,0.0
2019-20,19:11,tobacco,0.0
2019-20,19:7,tobacco,0.0
2019-20,19:8,tobacco,0.0
2019-20,19:9,tobacco,0.0
2019-20,1:1,tobacco,5360.0
2019-20,1:10,tobacco,0.0
2019-20,1:2,tobacco,3.0
2019-20,1:3,tobacco,17.0
2019-20,1:4,tobacco,850.0
2019-20,1:5,tobacco,1968.0
2019-20,1:6,tobacco,0.0
2019-20,1:7,tobacco,0.0
2019-20,1:8,tobacco,14.0
2019-20,1:9,tobacco,5.0
2019-20,20:1,tobacco,0.0
2019-20,20:2,tobacco,0.0
2019-20,20:3,tobacco,1.0
2019-20,20:4,tobacco,0.0
2019-20,21:1,tobacco,2.0
2019-20,21:2,tobacco,1.0
2019-20,21:3,tobacco,0.0
2019-20,21:4,tobacco,0.0
2019-20,22:1,tobacco,4.0
2019-20,22:2,tobacco,1.0
2019-20,22:3,tobacco,2.0
2019-20,22:4,tobacco,1.0
2019-20,22:5,tobacco,1.0
2019-20,22:6,tobacco,0.0
2019-20,22:7,tobacco,0.0
2019-20,23:1,tobacco,0.0
2019-20,23:2,tobacco,0.0
2019-20,23:3,tobacco,5.0
2019-20,23:4,tobacco,2.0
2019-20,23:5,tobacco,0.0
2019-20,23:6,tobacco,9272.0
2019-20,23:7,tobacco,1835.0
2019-20,23:8,tobacco,2.0
2019-20,24:1,tobacco,1.0
2019-20,24:2,tobacco,0.0
2019-20,24:3,tobacco,0.0
2019-20,24:4,tobacco,0.0
2019-20,24:5,tobacco,0.0
2019-20,25:1,tobacco,0.0
2019-20,25:2,tobacco,0.0
2019-20,25:3,tobacco,0.0
2019-20,26:1,tobacco,11792.0
2019-20,26:2,tobacco,22265.0
2019-20,26:3,tobacco,8694.0
2019-20,26:4,tobacco,3.0
2019-20,26:5,tobacco,1027.0
2019-20,26:6,tobacco,328.0
2019-20,26:7,tobacco,0.0
2019-20,27:1,tobacco,67.0
2019-20,27:2,tobacco,0.0
2019-20,27:3,tobacco,0.0
2019-20,27:4,tobacco,0.0
2019-20,28:5,tobacco,1.0
2019-20,28:6,tobacco,0.0
2019-20,28:7,tobacco,0.0
2019-20,28:8,tobacco,0.0
2019-20,29:1,tobacco,0.0
2019-20,29:2,tobacco,1.0
2019-20,29:3,tobacco,0.0
2019-20,29:4,tobacco,0.0
2019-20,29:5,tobacco,1.0
2019-20,29:6,tobacco,0.0
2019-20,2:1,tobacco,0.0
2019-20,2:2,tobacco,0.0
2019-20,2:3,tobacco,0.0
2019-20,2:4,tobacco,2.0
2019-20,2:5,tobacco,0.0
2019-20,2:6,tobacco,0.0
2019-20,30:10,tobacco,0.0
2019-20,30:8,tobacco,0.0
2019-20,30:9,tobacco,3.0
2019-20,3:1,tobacco,0.0
2019-20,3:2,tobacco,1.0
2019-20,3:3,tobacco,1.0
2019-20,3:4,tobacco,0.0
2019-20,3:5,tobacco,0.0
2019-20,4:2+1,tobacco,0.0
2019-20,4:3,tobacco,6.0
2019-20,4:4,tobacco,0.0
2019-20,4:5,tobacco,0.0
2019-20,4:6,tobacco,2.0
2019-20,4:7,tobacco,0.0
2019-20,5:1,tobacco,0.0
2019-20,5:2,tobacco,1.0
2019-20,5:3,tobacco,0.0
2019-20,5:4,tobacco,1.0
2019-20,5:5,tobacco,0.0
2019-20,6:1,tobacco,0.0
2019-20,6:2,tobacco,0.0
2019-20,6:3,tobacco,41.0
2019-20,6:4,tobacco,0.0
2019-20,6:5,tobacco,0.0
2019-20,7:1,tobacco,2.0
2019-20,7:2,tobacco,2.0
2019-20,7:3,tobacco,3.0
2019-20,7:4,tobacco,7.0
2019-20,8:1,tobacco,0.0
2019-20,8:2,tobacco,0.0
2019-20,8:3,tobacco,0.0
2019-20,8:4,tobacco,5.0
2019-20,8:5,tobacco,0.0
2019-20,9:1,tobacco,0.0
2019-20,9:2,tobacco,0.0
2019-20,9:3,tobacco,0.0
2019-20,9:4,tobacco,0.0
2019-20,9:5,tobacco,0.0
2019-20,10:1,coconut,1389.0
2019-20,10:10,coconut,2128.0
2019-20,10:11,coconut,1128.0
2019-20,10:2,coconut,165.0
2019-20,10:3,coconut,22.0
2019-20,10:4,coconut,272.0
2019-20,10:5,coconut,88.0
2019-20,10:6,coconut,868.0
2019-20,10:7,coconut,1479.0
2019-20,10:8,coconut,3490.0
2019-20,10:9,coconut,273.0
2019-20,11:1,coconut,141.0
2019-20,11:2,coconut,40.0
2019-20,11:3,coconut,261.0
2019-20,11:4,coconut,120.0
2019-20,11:5,coconut,95.0
2019-20,11:6,coconut,159.0
2019-20,11:7,coconut,639.0
2019-20,12:3,coconut,12.0
2019-20,12:4,coconut,6.0
2019-20,12:5,coconut,43.0
2019-20,12:6,coconut,33.0
2019-20,13:1,coconut,208.0
2019-20,13:2,coconut,835.0
2019-20,13:3,coconut,1106.0
2019-20,13:4,coconut,7985.0
2019-20,13:5,coconut,31273.0
2019-20,13:6,coconut,11496.0
2019-20,14:1,coconut,1627.0
2019-20,14:3,coconut,240.0
2019-20,14:4,coconut,2088.0
2019-20,14:5,coconut,1295.0
2019-20,14:6,coconut,2729.0
2019-20,15:1,coconut,730.0
2019-20,15:2,coconut,344.0
2019-20,15:3,coconut,167.0
2019-20,15:4,coconut,502.0
2019-20,15:5,coconut,376.0
2019-20,15:6,coconut,1974.0
2019-20,15:7,coconut,1943.0
2019-20,16:1,coconut,6930.0
2019-20,16:2,coconut,8718.0
2019-20,16:3,coconut,6919.0
2019-20,17:1,coconut,22.0
2019-20,17:2,coconut,221.0
2019-20,17:3,coconut,141.0
2019-20,17:4,coconut,14957.0
2019-20,17:5,coconut,36524.0
2019-20,17:6,coconut,3227.0
2019-20,17:7,coconut,22.0
2019-20,18:1,coconut,34267.0
2019-20,18:10,coconut,13341.0
2019-20,18:2,coconut,12535.0
2019-20,18:3,coconut,625.0
2019-20,18:4,coconut,1584.0
2019-20,18:5,coconut,1828.0
2019-20,18:6,coconut,15546.0
2019-20,18:7,coconut,34529.0
2019-20,18:8,coconut,32612.0
2019-20,18:9,coconut,36365.0
2019-20,19:10,coconut,308.0
2019-20,19:11,coconut,255.0
2019-20,19:7,coconut,122.0
2019-20,19:8,coconut,267.0
2019-20,19:9,coconut,277.0
2019-20,1:1,coconut,13.0
2019-20,1:10,coconut,13.0
2019-20,1:2,coconut,6.0
2019-20,1:3,coconut,2.0
2019-20,1:4,coconut,65.0
2019-20,1:5,coconut,5.0
2019-20,1:6,coconut,57.0
2019-20,1:7,coconut,97.0
2019-20,1:8,coconut,22.0
2019-20,1:9,coconut,91.0
2019-20,20:1,coconut,342.0
2019-20,20:2,coconut,483.0
2019-20,20:3,coconut,282.0
2019-20,20:4,coconut,177.0
2019-20,21:1,coconut,1677.0
2019-20,21:2,coconut,983.0
2019-20,21:3,coconut,299.0
2019-20,21:4,coconut,157.0
2019-20,22:1,coconut,19200.0
2019-20,22:2,coconut,23090.0
2019-20,22:3,coconut,3690.0
2019-20,22:4,coconut,2109.0
2019-20,22:5,coconut,4197.0
2019-20,22:6,coconut,6203.0
2019-20,22:7,coconut,2703.0
2019-20,23:1,coconut,15.0
2019-20,23:2,coconut,3502.0
2019-20,23:3,coconut,40763.0
2019-20,23:4,coconut,7811.0
2019-20,23:5,coconut,216.0
2019-20,23:6,coconut,1837.0
2019-20,23:7,coconut,4680.0
2019-20,23:8,coconut,47925.0
2019-20,24:1,coconut,6074.0
2019-20,24:2,coconut,4766.0
2019-20,24:3,coconut,3906.0
2019-20,24:4,coconut,5769.0
2019-20,24:5,coconut,6176.0
2019-20,25:1,coconut,749.0
2019-20,25:2,coconut,153.0
2019-20,25:3,coconut,180.0
2019-20,26:1,coconut,1203.0
2019-20,26:2,coconut,5607.0
2019-20,26:3,coconut,4990.0
2019-20,26:4,coconut,4610.0
2019-20,26:5,coconut,2454.0
2019-20,26:6,coconut,3425.0
2019-20,26:7,coconut,988.0
2019-20,27:1,coconut,2361.0
2019-20,27:2,coconut,6852.0
2019-20,27:3,coconut,605.0
2019-20,27:4,coconut,736.0
2019-20,28:5,coconut,4622.0
2019-20,28:6,coconut,5325.0
2019-20,28:7,coconut,12844.0
2019-20,28:8,coconut,7457.0
2019-20,29:1,coconut,305.0
2019-20,29:2,coconut,89.0
2019-20,29:3,coconut,14.0
2019-20,29:4,coconut,16.0
2019-20,29:5,coconut,32.0
2019-20,29:6,coconut,135.0
2019-20,2:1,coconut,15.0
2019-20,2:2,coconut,22.0
2019-20,2:3,coconut,5.0
2019-20,2:4,coconut,41.0
2019-20,2:5,coconut,262.0
2019-20,2:6,coconut,16.0
2019-20,30:10,coconut,0.0
2019-20,30:8,coconut,23.0
2019-20,30:9,coconut,4.0
2019-20,3:1,coconut,17.0
2019-20,3:2,coconut,19.0
2019-20,3:3,coconut,12.0
2019-20,3:4,coconut,16.0
2019-20,3:5,coconut,16.0
2019-20,4:2+1,coconut,3.0
2019-20,4:3,coconut,6.0
2019-20,4:4,coconut,1.0
2019-20,4:5,coconut,2.0
2019-20,4:6,coconut,0.0
2019-20,4:7,coconut,11.0
2019-20,5:1,coconut,54.0
2019-20,5:2,coconut,1.0
2019-20,5:3,coconut,0.0
2019-20,5:4,coconut,11.0
2019-20,5:5,coconut,2.0
2019-20,6:1,coconut,10.0
2019-20,6:2,coconut,10.0
2019-20,6:3,coconut,3.0
2019-20,6:4,coconut,4.0
2019-20,6:5,coconut,1.0
2019-20,7:1,coconut,93.0
2019-20,7:2,coconut,28.0
2019-20,7:3,coconut,16.0
2019-20,7:4,coconut,27.0
2019-20,8:1,coconut,21.0
2019-20,8:2,coconut,16.0
2019-20,8:3,coconut,65.0
2019-20,8:4,coconut,106.0
2019-20,8:5,coconut,48.0
2019-20,9:1,coconut,99.0
2019-20,9:2,coconut,0.0
2019-20,9:3,coconut,199.0
2019-20,9:4,coconut,80.0
2019-20,9:5,coconut,39.0
2019-20,10:1,arecanut,132.0
2019-20,10:10,arecanut,4373.0
2019-20,10:11,arecanut,1241.0
2019-20,10:2,arecanut,697.0
2019-20,10:3,arecanut,20.0
2019-20,10:4,arecanut,4120.0
2019-20,10:5,arecanut,1502.0
2019-20,10:6,arecanut,8457.0
2019-20,10:7,arecanut,2619.0
2019-20,10:8,arecanut,3038.0
2019-20,10:9,arecanut,4790.0
2019-20,11:1,arecanut,289.0
2019-20,11:2,arecanut,20.0
2019-20,11:3,arecanut,3120.0
2019-20,11:4,arecanut,117.0
2019-20,11:5,arecanut,346.0
2019-20,11:6,arecanut,1642.0
2019-20,11:7,arecanut,875.0
2019-20,12:3,arecanut,0.0
2019-20,12:4,arecanut,0.0
2019-20,12:5,arecanut,0.0
2019-20,12:6,arecanut,20.0
2019-20,13:1,arecanut,9.0
2019-20,13:2,arecanut,1258.0
2019-20,13:3,arecanut,9962.0
2019-20,13:4,arecanut,16435.0
2019-20,13:5,arecanut,3450.0
2019-20,13:6,arecanut,3271.0
2019-20,14:1,arecanut,2611.0
2019-20,14:3,arecanut,2013.0
2019-20,14:4,arecanut,13976.0
2019-20,14:5,arecanut,12677.0
2019-20,14:6,arecanut,31224.0
2019-20,15:1,arecanut,9396.0
2019-20,15:2,arecanut,11537.0
2019-20,15:3,arecanut,9153.0
2019-20,15:4,arecanut,7827.0
2019-20,15:5,arecanut,14420.0
2019-20,15:6,arecanut,16335.0
2019-20,15:7,arecanut,23573.0
2019-20,16:1,arecanut,10492.0
2019-20,16:2,arecanut,2411.0
2019-20,16:3,arecanut,8725.0
2019-20,17:1,arecanut,3468.0
2019-20,17:2,arecanut,8551.0
2019-20,17:3,arecanut,5360.0
2019-20,17:4,arecanut,25246.0
2019-20,17:5,arecanut,9009.0
2019-20,17:6,arecanut,2757.0
2019-20,17:7,arecanut,6269.0
2019-20,18:1,arecanut,3782.0
2019-20,18:10,arecanut,2634.0
2019-20,18:2,arecanut,7232.0
2019-20,18:3,arecanut,2212.0
2019-20,18:4,arecanut,2342.0
2019-20,18:5,arecanut,2676.0
2019-20,18:6,arecanut,11115.0
2019-20,18:7,arecanut,16919.0
2019-20,18:8,arecanut,2169.0
2019-20,18:9,arecanut,4067.0
2019-20,19:10,arecanut,2.0
2019-20,19:11,arecanut,0.0
2019-20,19:7,arecanut,0.0
2019-20,19:8,arecanut,2.0
2019-20,19:9,arecanut,1.0
2019-20,1:1,arecanut,0.0
2019-20,1:10,arecanut,0.0
2019-20,1:2,arecanut,0.0
2019-20,1:3,arecanut,0.0
2019-20,1:4,arecanut,0.0
2019-20,1:5,arecanut,0.0
2019-20,1:6,arecanut,7.0
2019-20,1:7,arecanut,3.0
2019-20,1:8,arecanut,2.0
2019-20,1:9,arecanut,0.0
2019-20,20:1,arecanut,204.0
2019-20,20:2,arecanut,36.0
2019-20,20:3,arecanut,20.0
2019-20,20:4,arecanut,5.0
2019-20,21:1,arecanut,1327.0
2019-20,21:2,arecanut,1576.0
2019-20,21:3,arecanut,14.0
2019-20,21:4,arecanut,7.0
2019-20,22:1,arecanut,1255.0
2019-20,22:2,arecanut,109.0
2019-20,22:3,arecanut,155.0
2019-20,22:4,arecanut,90.0
2019-20,22:5,arecanut,73.0
2019-20,22:6,arecanut,90.0
2019-20,22:7,arecanut,70.0
2019-20,23:1,arecanut,914.0
2019-20,23:2,arecanut,1042.0
2019-20,23:3,arecanut,927.0
2019-20,23:4,arecanut,683.0
2019-20,23:5,arecanut,584.0
2019-20,23:6,arecanut,2770.0
2019-20,23:7,arecanut,536.0
2019-20,23:8,arecanut,168.0
2019-20,24:1,arecanut,8183.0
2019-20,24:2,arecanut,21691.0
2019-20,24:3,arecanut,23076.0
2019-20,24:4,arecanut,24380.0
2019-20,24:5,arecanut,6827.0
2019-20,25:1,arecanut,3102.0
2019-20,25:2,arecanut,479.0
2019-20,25:3,arecanut,4133.0
2019-20,26:1,arecanut,714.0
2019-20,26:2,arecanut,740.0
2019-20,26:3,arecanut,1053.0
2019-20,26:4,arecanut,212.0
2019-20,26:5,arecanut,188.0
2019-20,26:6,arecanut,70.0
2019-20,26:7,arecanut,153.0
2019-20,27:1,arecanut,37.0
2019-20,27:2,arecanut,590.0
2019-20,27:3,arecanut,16.0
2019-20,27:4,arecanut,60.0
2019-20,28:5,arecanut,1536.0
2019-20,28:6,arecanut,173.0
2019-20,28:7,arecanut,27.0
2019-20,28:8,arecanut,75.0
2019-20,29:1,arecanut,397.0
2019-20,29:2,arecanut,18.0
2019-20,29:3,arecanut,0.0
2019-20,29:4,arecanut,0.0
2019-20,29:5,arecanut,7.0
2019-20,29:6,arecanut,0.0
2019-20,2:1,arecanut,0.0
2019-20,2:2,arecanut,0.0
2019-20,2:3,arecanut,0.0
2019-20,2:4,arecanut,0.0
2019-20,2:5,arecanut,0.0
2019-20,2:6,arecanut,0.0
2019-20,30:10,arecanut,0.0
2019-20,30:8,arecanut,0.0
2019-20,30:9,arecanut,0.0
2019-20,3:1,arecanut,0.0
2019-20,3:2,arecanut,0.0
2019-20,3:3,arecanut,0.0
2019-20,3:4,arecanut,2.0
2019-20,3:5,arecanut,1.0
2019-20,4:2+1,arecanut,0.0
2019-20,4:3,arecanut,1.0
2019-20,4:4,arecanut,0.0
2019-20,4:5,arecanut,0.0
2019-20,4:6,arecanut,0.0
2019-20,4:7,arecanut,0.0
2019-20,5:1,arecanut,0.0
2019-20,5:2,arecanut,0.0
2019-20,5:3,arecanut,0.0
2019-20,5:4,arecanut,0.0
2019-20,5:5,arecanut,0.0
2019-20,6:1,arecanut,0.0
2019-20,6:2,arecanut,0.0
2019-20,6:3,arecanut,0.0
2019-20,6:4,arecanut,0.0
2019-20,6:5,arecanut,0.0
2019-20,7:1,arecanut,0.0
2019-20,7:2,arecanut,0.0
2019-20,7:3,arecanut,0.0
2019-20,7:4,arecanut,0.0
2019-20,8:1,arecanut,1.0
2019-20,8:2,arecanut,0.0
2019-20,8:3,arecanut,1.0
2019-20,8:4,arecanut,0.0
2019-20,8:5,arecanut,7.0
2019-20,9:1,arecanut,10.0
2019-20,9:2,arecanut,0.0
2019-20,9:3,arecanut,56.0
2019-20,9:4,arecanut,33.0
2019-20,9:5,arecanut,2.0
2019-20,10:1,banana,81.0
2019-20,10:10,banana,113.0
2019-20,10:11,banana,27.0
2019-20,10:2,banana,290.0
2019-20,10:3,banana,30.0
2019-20,10:4,banana,701.0
2019-20,10:5,banana,426.0
2019-20,10:6,banana,1996.0
2019-20,10:7,banana,459.0
2019-20,10:8,banana,455.0
2019-20,10:9,banana,1117.0
2019-20,11:1,banana,115.0
2019-20,11:2,banana,20.0
2019-20,11:3,banana,1174.0
2019-20,11:4,banana,110.0
2019-20,11:5,banana,113.0
2019-20,11:6,banana,437.0
2019-20,11:7,banana,297.0
2019-20,12:3,banana,18.0
2019-20,12:4,banana,18.0
2019-20,12:5,banana,3.0
2019-20,12:6,banana,152.0
2019-20,13:1,banana,43.0
2019-20,13:2,banana,220.0
2019-20,13:3,banana,280.0
2019-20,13:4,banana,2612.0
2019-20,13:5,banana,641.0
2019-20,13:6,banana,1313.0
2019-20,14:1,banana,294.0
2019-20,14:3,banana,360.0
2019-20,14:4,banana,1676.0
2019-20,14:5,banana,1105.0
2019-20,14:6,banana,638.0
2019-20,15:1,banana,1772.0
2019-20,15:2,banana,1316.0
2019-20,15:3,banana,1053.0
2019-20,15:4,banana,648.0
2019-20,15:5,banana,371.0
2019-20,15:6,banana,801.0
2019-20,15:7,banana,371.0
2019-20,16:1,banana,267.0
2019-20,16:2,banana,232.0
2019-20,16:3,banana,434.0
2019-20,17:1,banana,91.0
2019-20,17:2,banana,478.0
2019-20,17:3,banana,358.0
2019-20,17:4,banana,308.0
2019-20,17:5,banana,120.0
2019-20,17:6,banana,63.0
2019-20,17:7,banana,203.0
2019-20,18:1,banana,163.0
2019-20,18:10,banana,775.0
2019-20,18:2,banana,271.0
2019-20,18:3,banana,62.0
2019-20,18:4,banana,325.0
2019-20,18:5,banana,301.0
2019-20,18:6,banana,496.0
2019-20,18:7,banana,1279.0
2019-20,18:8,banana,281.0
2019-20,18:9,banana,273.0
2019-20,19:10,banana,400.0
2019-20,19:11,banana,162.0
2019-20,19:7,banana,17.0
2019-20,19:8,banana,27.0
2019-20,19:9,banana,30.0
2019-20,1:1,banana,192.0
2019-20,1:10,banana,211.0
2019-20,1:2,banana,150.0
2019-20,1:3,banana,272.0
2019-20,1:4,banana,250.0
2019-20,1:5,banana,93.0
2019-20,1:6,banana,64.0
2019-20,1:7,banana,118.0
2019-20,1:8,banana,70.0
2019-20,1:9,banana,964.0
2019-20,20:1,banana,81.0
2019-20,20:2,banana,111.0
2019-20,20:3,banana,170.0
2019-20,20:4,banana,6.0
2019-20,21:1,banana,252.0
2019-20,21:2,banana,611.0
2019-20,21:3,banana,43.0
2019-20,21:4,banana,48.0
2019-20,22:1,banana,611.0
2019-20,22:2,banana,146.0
2019-20,22:3,banana,190.0
2019-20,22:4,banana,114.0
2019-20,22:5,banana,223.0
2019-20,22:6,banana,306.0
2019-20,22:7,banana,588.0
2019-20,23:1,banana,60.0
2019-20,23:2,banana,159.0
2019-20,23:3,banana,277.0
2019-20,23:4,banana,149.0
2019-20,23:5,banana,108.0
2019-20,23:6,banana,596.0
2019-20,23:7,banana,283.0
2019-20,23:8,banana,373.0
2019-20,24:1,banana,363.0
2019-20,24:2,banana,603.0
2019-20,24:3,banana,115.0
2019-20,24:4,banana,659.0
2019-20,24:5,banana,777.0
2019-20,25:1,banana,287.0
2019-20,25:2,banana,178.0
2019-20,25:3,banana,365.0
2019-20,26:1,banana,558.0
2019-20,26:2,banana,1546.0
2019-20,26:3,banana,325.0
2019-20,26:4,banana,1140.0
2019-20,26:5,banana,4992.0
2019-20,26:6,banana,3667.0
2019-20,26:7,banana,813.0
2019-20,27:1,banana,2422.0
2019-20,27:2,banana,8158.0
2019-20,27:3,banana,35.0
2019-20,27:4,banana,2852.0
2019-20,28:5,banana,406.0
2019-20,28:6,banana,302.0
2019-20,28:7,banana,406.0
2019-20,28:8,banana,464.0
2019-20,29:1,banana,832.0
2019-20,29:2,banana,25.0
2019-20,29:3,banana,20.0
2019-20,29:4,banana,14.0
2019-20,29:5,banana,43.0
2019-20,29:6,banana,13.0
2019-20,2:1,banana,326.0
2019-20,2:2,banana,89.0
2019-20,2:3,banana,290.0
2019-20,2:4,banana,253.0
2019-20,2:5,banana,207.0
2019-20,2:6,banana,37.0
2019-20,30:10,banana,19.0
2019-20,30:8,banana,48.0
2019-20,30:9,banana,26.0
2019-20,3:1,banana,314.0
2019-20,3:2,banana,255.0
2019-20,3:3,banana,144.0
2019-20,3:4,banana,191.0
2019-20,3:5,banana,78.0
2019-20,4:2+1,banana,705.0
2019-20,4:3,banana,997.0
2019-20,4:4,banana,312.0
2019-20,4:5,banana,22.0
2019-20,4:6,banana,228.0
2019-20,4:7,banana,103.0
2019-20,5:1,banana,114.0
2019-20,5:2,banana,65.0
2019-20,5:3,banana,21.0
2019-20,5:4,banana,66.0
2019-20,5:5,banana,56.0
2019-20,6:1,banana,23.0
2019-20,6:2,banana,12.0
2019-20,6:3,banana,3.0
2019-20,6:4,banana,12.0
2019-20,6:5,banana,25.0
2019-20,7:1,banana,114.0
2019-20,7:2,banana,20.0
2019-20,7:3,banana,172.0
2019-20,7:4,banana,210.0
2019-20,8:1,banana,43.0
2019-20,8:2,banana,10.0
2019-20,8:3,banana,75.0
2019-20,8:4,banana,106.0
2019-20,8:5,banana,228.0
2019-20,9:1,banana,112.0
2019-20,9:2,banana,7.0
2019-20,9:3,banana,17.0
2019-20,9:4,banana,46.0
2019-20,9:5,banana,7.0
2019-20,10:1,mango,313.0
2019-20,10:10,mango,48.0
2019-20,10:11,mango,36.0
2019-20,10:2,mango,64.0
2019-20,10:3,mango,575.0
2019-20,10:4,mango,53.0
2019-20,10:5,mango,885.0
2019-20,10:6,mango,157.0
2019-20,10:7,mango,741.0
2019-20,10:8,mango,252.0
2019-20,10:9,mango,32.0
2019-20,11:1,mango,1191.0
2019-20,11:2,mango,52.0
2019-20,11:3,mango,3844.0
2019-20,11:4,mango,132.0
2019-20,11:5,mango,113.0
2019-20,11:6,mango,191.0
2019-20,11:7,mango,77.0
2019-20,12:3,mango,4.0
2019-20,12:4,mango,41.0
2019-20,12:5,mango,29.0
2019-20,12:6,mango,77.0
2019-20,13:1,mango,88.0
2019-20,13:2,mango,248.0
2019-20,13:3,mango,223.0
2019-20,13:4,mango,1354.0
2019-20,13:5,mango,226.0
2019-20,13:6,mango,471.0
2019-20,14:1,mango,48.0
2019-20,14:3,mango,52.0
2019-20,14:4,mango,97.0
2019-20,14:5,mango,320.0
2019-20,14:6,mango,2828.0
2019-20,15:1,mango,109.0
2019-20,15:2,mango,1657.0
2019-20,15:3,mango,1223.0
2019-20,15:4,mango,27.0
2019-20,15:5,mango,23.0
2019-20,15:6,mango,473.0
2019-20,15:7,mango,106.0
2019-20,16:1,mango,107.0
2019-20,16:2,mango,96.0
2019-20,16:3,mango,135.0
2019-20,17:1,mango,8.0
2019-20,17:2,mango,6.0
2019-20,17:3,mango,16.0
2019-20,17:4,mango,2340.0
2019-20,17:5,mango,340.0
2019-20,17:6,mango,109.0
2019-20,17:7,mango,0.0
2019-20,18:1,mango,286.0
2019-20,18:10,mango,3569.0
2019-20,18:2,mango,1074.0
2019-20,18:3,mango,1379.0
2019-20,18:4,mango,1051.0
2019-20,18:5,mango,822.0
2019-20,18:6,mango,6249.0
2019-20,18:7,mango,7069.0
2019-20,18:8,mango,301.0
2019-20,18:9,mango,329.0
2019-20,19:10,mango,2669.0
2019-20,19:11,mango,11622.0
2019-20,19:7,mango,26190.0
2019-20,19:8,mango,6448.0
2019-20,19:9,mango,1514.0
2019-20,1:1,mango,60.0
2019-20,1:10,mango,25.0
2019-20,1:2,mango,100.0
2019-20,1:3,mango,1.0
2019-20,1:4,mango,64.0
2019-20,1:5,mango,35.0
2019-20,1:6,mango,1014.0
2019-20,1:7,mango,1451.0
2019-20,1:8,mango,1295.0
2019-20,1:9,mango,115.0
2019-20,20:1,mango,42.0
2019-20,20:2,mango,165.0
2019-20,20:3,mango,27.0
2019-20,20:4,mango,882.0
2019-20,21:1,mango,2066.0
2019-20,21:2,mango,790.0
2019-20,21:3,mango,1011.0
2019-20,21:4,mango,1347.0
2019-20,22:1,mango,249.0
2019-20,22:2,mango,252.0
2019-20,22:3,mango,229.0
2019-20,22:4,mango,238.0
2019-20,22:5,mango,181.0
2019-20,22:6,mango,500.0
2019-20,22:7,mango,672.0
2019-20,23:1,mango,6.0
2019-20,23:2,mango,205.0
2019-20,23:3,mango,510.0
2019-20,23:4,mango,312.0
2019-20,23:5,mango,170.0
2019-20,23:6,mango,90.0
2019-20,23:7,mango,230.0
2019-20,23:8,mango,148.0
2019-20,24:1,mango,29.0
2019-20,24:2,mango,23.0
2019-20,24:3,mango,6.0
2019-20,24:4,mango,22.0
2019-20,24:5,mango,12.0
2019-20,25:1,mango,1.0
2019-20,25:2,mango,24.0
2019-20,25:3,mango,1.0
2019-20,26:1,mango,53.0
2019-20,26:2,mango,1264.0
2019-20,26:3,mango,86.0
2019-20,26:4,mango,1640.0
2019-20,26:5,mango,648.0
2019-20,26:6,mango,362.0
2019-20,26:7,mango,217.0
2019-20,27:1,mango,298.0
2019-20,27:2,mango,190.0
2019-20,27:3,mango,32.0
2019-20,27:4,mango,217.0
2019-20,28:5,mango,9623.0
2019-20,28:6,mango,12757.0
2019-20,28:7,mango,5785.0
2019-20,28:8,mango,4486.0
2019-20,29:1,mango,1114.0
2019-20,29:2,mango,963.0
2019-20,29:3,mango,59.0
2019-20,29:4,mango,272.0
2019-20,29:5,mango,1995.0
2019-20,29:6,mango,6680.0
2019-20,2:1,mango,113.0
2019-20,2:2,mango,210.0
2019-20,2:3,mango,61.0
2019-20,2:4,mango,69.0
2019-20,2:5,mango,411.0
2019-20,2:6,mango,9.0
2019-20,30:10,mango,61.0
2019-20,30:8,mango,55.0
2019-20,30:9,mango,43.0
2019-20,3:1,mango,48.0
2019-20,3:2,mango,28.0
2019-20,3:3,mango,15.0
2019-20,3:4,mango,27.0
2019-20,3:5,mango,10.0
2019-20,4:2+1,mango,24.0
2019-20,4:3,mango,189.0
2019-20,4:4,mango,120.0
2019-20,4:5,mango,30.0
2019-20,4:6,mango,28.0
2019-20,4:7,mango,5.0
2019-20,5:1,mango,565.0
2019-20,5:2,mango,164.0
2019-20,5:3,mango,65.0
2019-20,5:4,mango,515.0
2019-20,5:5,mango,575.0
2019-20,6:1,mango,45.0
2019-20,6:2,mango,23.0
2019-20,6:3,mango,812.0
2019-20,6:4,mango,45.0
2019-20,6:5,mango,50.0
2019-20,7:1,mango,529.0
2019-20,7:2,mango,251.0
2019-20,7:3,mango,563.0
2019-20,7:4,mango,598.0
2019-20,8:1,mango,8.0
2019-20,8:2,mango,15.0
2019-20,8:3,mango,315.0
2019-20,8:4,mango,155.0
2019-20,8:5,mango,140.0
2019-20,9:1,mango,6525.0
2019-20,9:2,mango,2.0
2019-20,9:3,mango,1243.0
2019-20,9:4,mango,1420.0
2019-20,9:5,mango,155.0
2019-20,10:1,grapes,0.0
2019-20,10:10,grapes,0.0
2019-20,10:11,grapes,0.0
2019-20,10:2,grapes,0.0
2019-20,10:3,grapes,0.0
2019-20,10:4,grapes,0.0
2019-20,10:5,grapes,0.0
2019-20,10:6,grapes,0.0
2019-20,10:7,grapes,0.0
2019-20,10:8,grapes,0.0
2019-20,10:9,grapes,0.0
2019-20,11:1,grapes,0.0
2019-20,11:2,grapes,0.0
2019-20,11:3,grapes,0.0
2019-20,11:4,grapes,0.0
2019-20,11:5,grapes,0.0
2019-20,11:6,grapes,0.0
2019-20,11:7,grapes,0.0
2019-20,12:3,grapes,0.0
2019-20,12:4,grapes,0.0
2019-20,12:5,grapes,0.0
2019-20,12:6,grapes,0.0
2019-20,13:1,grapes,0.0
2019-20,13:2,grapes,0.0
2019-20,13:3,grapes,0.0
2019-20,13:4,grapes,0.0
2019-20,13:5,grapes,0.0
2019-20,13:6,grapes,0.0
2019-20,14:1,grapes,0.0
2019-20,14:3,grapes,0.0
2019-20,14:4,grapes,0.0
2019-20,14:5,grapes,0.0
2019-20,14:6,grapes,0.0
2019-20,15:1,grapes,0.0
2019-20,15:2,grapes,0.0
2019-20,15:3,grapes,0.0
2019-20,15:4,grapes,0.0
2019-20,15:5,grapes,0.0
2019-20,15:6,grapes,0.0
2019-20,15:7,grapes,0.0
2019-20,16:1,grapes,0.0
2019-20,16:2,grapes,0.0
2019-20,16:3,grapes,0.0
2019-20,17:1,grapes,0.0
2019-20,17:2,grapes,0.0
2019-20,17:3,grapes,0.0
2019-20,17:4,grapes,0.0
2019-20,17:5,grapes,3.0
2019-20,17:6,grapes,0.0
2019-20,17:7,grapes,0.0
2019-20,18:1,grapes,0.0
2019-20,18:10,grapes,0.0
2019-20,18:2,grapes,2.0
2019-20,18:3,grapes,6.0
2019-20,18:4,grapes,96.0
2019-20,18:5,grapes,0.0
2019-20,18:6,grapes,0.0
2019-20,18:7,grapes,0.0
2019-20,18:8,grapes,0.0
2019-20,18:9,grapes,0.0
2019-20,19:10,grapes,7.0
2019-20,19:11,grapes,0.0
2019-20,19:7,grapes,0.0
2019-20,19:8,grapes,15.0
2019-20,19:9,grapes,8.0
2019-20,1:1,grapes,69.0
2019-20,1:10,grapes,43.0
2019-20,1:2,grapes,2699.0
2019-20,1:3,grapes,32.0
2019-20,1:4,grapes,73.0
2019-20,1:5,grapes,1.0
2019-20,1:6,grapes,0.0
2019-20,1:7,grapes,0.0
2019-20,1:8,grapes,0.0
2019-20,1:9,grapes,5.0
2019-20,20:1,grapes,451.0
2019-20,20:2,grapes,5.0
2019-20,20:3,grapes,60.0
2019-20,20:4,grapes,22.0
2019-20,21:1,grapes,2.0
2019-20,21:2,grapes,447.0
2019-20,21:3,grapes,494.0
2019-20,21:4,grapes,126.0
2019-20,22:1,grapes,0.0
2019-20,22:2,grapes,0.0
2019-20,22:3,grapes,0.0
2019-20,22:4,grapes,0.0
2019-20,22:5,grapes,0.0
2019-20,22:6,grapes,0.0
2019-20,22:7,grapes,0.0
2019-20,23:1,grapes,0.0
2019-20,23:2,grapes,0.0
2019-20,23:3,grapes,0.0
2019-20,23:4,grapes,0.0
2019-20,23:5,grapes,0.0
2019-20,23:6,grapes,0.0
2019-20,23:7,grapes,0.0
2019-20,23:8,grapes,0.0
2019-20,24:1,grapes,0.0
2019-20,24:2,grapes,0.0
2019-20,24:3,grapes,0.0
2019-20,24:4,grapes,0.0
2019-20,24:5,grapes,0.0
2019-20,25:1,grapes,0.0
2019-20,25:2,grapes,0.0
2019-20,25:3,grapes,0.0
2019-20,26:1,grapes,0.0
2019-20,26:2,grapes,0.0
2019-20,26:3,grapes,0.0
2019-20,26:4,grapes,0.0
2019-20,26:5,grapes,0.0
2019-20,26:6,grapes,0.0
2019-20,26:7,grapes,0.0
2019-20,27:1,grapes,0.0
2019-20,27:2,grapes,0.0
2019-20,27:3,grapes,0.0
2019-20,27:4,grapes,0.0
2019-20,28:5,grapes,3.0
2019-20,28:6,grapes,0.0
2019-20,28:7,grapes,0.0
2019-20,28:8,grapes,2.0
2019-20,29:1,grapes,71.0
2019-20,29:2,grapes,2015.0
2019-20,29:3,grapes,120.0
2019-20,29:4,grapes,20.0
2019-20,29:5,grapes,480.0
2019-20,29:6,grapes,12.0
2019-20,2:1,grapes,1847.0
2019-20,2:2,grapes,139.0
2019-20,2:3,grapes,93.0
2019-20,2:4,grapes,15.0
2019-20,2:5,grapes,226.0
2019-20,2:6,grapes,6.0
2019-20,30:10,grapes,0.0
2019-20,30:8,grapes,9.0
2019-20,30:9,grapes,0.0
2019-20,3:1,grapes,9364.0
2019-20,3:2,grapes,1698.0
2019-20,3:3,grapes,695.0
2019-20,3:4,grapes,1011.0
2019-20,3:5,grapes,192.0
2019-20,4:2+1,grapes,212.0
2019-20,4:3,grapes,30.0
2019-20,4:4,grapes,11.0
2019-20,4:5,grapes,12.0
2019-20,4:6,grapes,7.0
2019-20,4:7,grapes,0.0
2019-20,5:1,grapes,3.0
2019-20,5:2,grapes,4.0
2019-20,5:3,grapes,2.0
2019-20,5:4,grapes,20.0
2019-20,5:5,grapes,82.0
2019-20,6:1,grapes,0.0
2019-20,6:2,grapes,0.0
2019-20,6:3,grapes,0.0
2019-20,6:4,grapes,0.0
2019-20,6:5,grapes,0.0
2019-20,7:1,grapes,105.0
2019-20,7:2,grapes,116.0
2019-20,7:3,grapes,81.0
2019-20,7:4,grapes,15.0
2019-20,8:1,grapes,0.0
2019-20,8:2,grapes,3.0
2019-20,8:3,grapes,34.0
2019-20,8:4,grapes,0.0
2019-20,8:5,grapes,18.0
2019-20,9:1,grapes,0.0
2019-20,9:2,grapes,0.0
2019-20,9:3,grapes,0.0
2019-20,9:4,grapes,0.0
2019-20,9:5,grapes,0.0
2019-20,10:1,pomegranate,0.0
2019-20,10:10,pomegranate,0.0
2019-20,10:11,pomegranate,0.0
2019-20,10:2,pomegranate,0.0
2019-20,10:3,pomegranate,0.0
2019-20,10:4,pomegranate,0.0
2019-20,10:5,pomegranate,2.0
2019-20,10:6,pomegranate,0.0
2019-20,10:7,pomegranate,0.0
2019-20,10:8,pomegranate,0.0
2019-20,10:9,pomegranate,2.0
2019-20,11:1,pomegranate,3.0
2019-20,11:2,pomegranate,3.0
2019-20,11:3,pomegranate,1.0
2019-20,11:4,pomegranate,46.0
2019-20,11:5,pomegranate,12.0
2019-20,11:6,pomegranate,19.0
2019-20,11:7,pomegranate,14.0
2019-20,12:3,pomegranate,3.0
2019-20,12:4,pomegranate,25.0
2019-20,12:5,pomegranate,345.0
2019-20,12:6,pomegranate,41.0
2019-20,13:1,pomegranate,120.0
2019-20,13:2,pomegranate,1072.0
2019-20,13:3,pomegranate,143.0
2019-20,13:4,pomegranate,81.0
2019-20,13:5,pomegranate,2158.0
2019-20,13:6,pomegranate,1763.0
2019-20,14:1,pomegranate,12.0
2019-20,14:3,pomegranate,325.0
2019-20,14:4,pomegranate,108.0
2019-20,14:5,pomegranate,1.0
2019-20,14:6,pomegranate,27.0
2019-20,15:1,pomegranate,0.0
2019-20,15:2,pomegranate,0.0
2019-20,15:3,pomegranate,0.0
2019-20,15:4,pomegranate,0.0
2019-20,15:5,pomegranate,0.0
2019-20,15:6,pomegranate,5.0
2019-20,15:7,pomegranate,0.0
2019-20,16:1,pomegranate,0.0
2019-20,16:2,pomegranate,0.0
2019-20,16:3,pomegranate,0.0
2019-20,17:1,pomegranate,0.0
2019-20,17:2,pomegranate,0.0
2019-20,17:3,pomegranate,0.0
2019-20,17:4,pomegranate,359.0
2019-20,17:5,pomegranate,442.0
2019-20,17:6,pomegranate,9.0
2019-20,17:7,pomegranate,0.0
2019-20,18:1,pomegranate,340.0
2019-20,18:10,pomegranate,5.0
2019-20,18:2,pomegranate,3467.0
2019-20,18:3,pomegranate,669.0
2019-20,18:4,pomegranate,233.0
2019-20,18:5,pomegranate,19.0
2019-20,18:6,pomegranate,36.0
2019-20,18:7,pomegranate,168.0
2019-20,18:8,pomegranate,98.0
2019-20,18:9,pomegranate,16.0
2019-20,19:10,pomegranate,49.0
2019-20,19:11,pomegranate,25.0
2019-20,19:7,pomegranate,27.0
2019-20,19:8,pomegranate,28.0
2019-20,19:9,pomegranate,16.0
2019-20,1:1,pomegranate,64.0
2019-20,1:10,pomegranate,47.0
2019-20,1:2,pomegranate,925.0
2019-20,1:3,pomegranate,18.0
2019-20,1:4,pomegranate,123.0
2019-20,1:5,pomegranate,3.0
2019-20,1:6,pomegranate,0.0
2019-20,1:7,pomegranate,0.0
2019-20,1:8,pomegranate,0.0
2019-20,1:9,pomegranate,37.0
2019-20,20:1,pomegranate,14.0
2019-20,20:2,pomegranate,24.0
2019-20,20:3,pomegranate,32.0
2019-20,20:4,pomegranate,6.0
2019-20,21:1,pomegranate,14.0
2019-20,21:2,pomegranate,56.0
2019-20,21:3,pomegranate,83.0
2019-20,21:4,pomegranate,7.0
2019-20,22:1,pomegranate,3.0
2019-20,22:2,pomegranate,10.0
2019-20,22:3,pomegranate,0.0
2019-20,22:4,pomegranate,6.0
2019-20,22:5,pomegranate,15.0
2019-20,22:6,pomegranate,2.0
2019-20,22:7,pomegranate,29.0
2019-20,23:1,pomegranate,0.0
2019-20,23:2,pomegranate,2.0
2019-20,23:3,pomegranate,892.0
2019-20,23:4,pomegranate,0.0
2019-20,23:5,pomegranate,0.0
2019-20,23:6,pomegranate,0.0
2019-20,23:7,pomegranate,18.0
2019-20,23:8,pomegranate,39.0
2019-20,24:1,pomegranate,0.0
2019-20,24:2,pomegranate,0.0
2019-20,24:3,pomegranate,0.0
2019-20,24:4,pomegranate,0.0
2019-20,24:5,pomegranate,0.0
2019-20,25:1,pomegranate,0.0
2019-20,25:2,pomegranate,0.0
2019-20,25:3,pomegranate,0.0
2019-20,26:1,pomegranate,1.0
2019-20,26:2,pomegranate,0.0
2019-20,26:3,pomegranate,2.0
2019-20,26:4,pomegranate,5.0
2019-20,26:5,pomegranate,9.0
2019-20,26:6,pomegranate,16.0
2019-20,26:7,pomegranate,5.0
2019-20,27:1,pomegranate,13.0
2019-20,27:2,pomegranate,21.0
2019-20,27:3,pomegranate,3.0
2019-20,27:4,pomegranate,119.0
2019-20,28:5,pomegranate,11.0
2019-20,28:6,pomegranate,3.0
2019-20,28:7,pomegranate,3.0
2019-20,28:8,pomegranate,20.0
2019-20,29:1,pomegranate,61.0
2019-20,29:2,pomegranate,51.0
2019-20,29:3,pomegranate,10.0
2019-20,29:4,pomegranate,46.0
2019-20,29:5,pomegranate,60.0
2019-20,29:6,pomegranate,55.0
2019-20,2:1,pomegranate,400.0
2019-20,2:2,pomegranate,198.0
2019-20,2:3,pomegranate,256.0
2019-20,2:4,pomegranate,291.0
2019-20,2:5,pomegranate,1625.0
2019-20,2:6,pomegranate,57.0
2019-20,30:10,pomegranate,3.0
2019-20,30:8,pomegranate,244.0
2019-20,30:9,pomegranate,43.0
2019-20,3:1,pomegranate,2014.0
2019-20,3:2,pomegranate,2625.0
2019-20,3:3,pomegranate,413.0
2019-20,3:4,pomegranate,101.0
2019-20,3:5,pomegranate,52.0
2019-20,4:2+1,pomegranate,96.0
2019-20,4:3,pomegranate,21.0
2019-20,4:4,pomegranate,2.0
2019-20,4:5,pomegranate,4.0
2019-20,4:6,pomegranate,2.0
2019-20,4:7,pomegranate,17.0
2019-20,5:1,pomegranate,9.0
2019-20,5:2,pomegranate,56.0
2019-20,5:3,pomegranate,6.0
2019-20,5:4,pomegranate,7.0
2019-20,5:5,pomegranate,18.0
2019-20,6:1,pomegranate,565.0
2019-20,6:2,pomegranate,54.0
2019-20,6:3,pomegranate,70.0
2019-20,6:4,pomegranate,52.0
2019-20,6:5,pomegranate,63.0
2019-20,7:1,pomegranate,107.0
2019-20,7:2,pomegranate,268.0
2019-20,7:3,pomegranate,299.0
2019-20,7:4,pomegranate,172.0
2019-20,8:1,pomegranate,0.0
2019-20,8:2,pomegranate,10.0
2019-20,8:3,pomegranate,18.0
2019-20,8:4,pomegranate,53.0
2019-20,8:5,pomegranate,182.0
2019-20,9:1,pomegranate,2.0
2019-20,9:2,pomegranate,0.0
2019-20,9:3,pomegranate,0.0
2019-20,9:4,pomegranate,0.0
2019-20,9:5,pomegranate,0.0
2019-20,10:1,tomato,0.0
2019-20,10:10,tomato,0.0
2019-20,10:11,tomato,0.0
2019-20,10:2,tomato,0.0
2019-20,10:3,tomato,0.0
2019-20,10:4,tomato,0.0
2019-20,10:5,tomato,0.0
2019-20,10:6,tomato,0.0
2019-20,10:7,tomato,0.0
2019-20,10:8,tomato,4.0
2019-20,10:9,tomato,0.0
2019-20,11:1,tomato,45.0
2019-20,11:2,tomato,103.0
2019-20,11:3,tomato,56.0
2019-20,11:4,tomato,523.0
2019-20,11:5,tomato,896.0
2019-20,11:6,tomato,2504.0
2019-20,11:7,tomato,592.0
2019-20,12:3,tomato,0.0
2019-20,12:4,tomato,2.0
2019-20,12:5,tomato,53.0
2019-20,12:6,tomato,48.0
2019-20,13:1,tomato,112.0
2019-20,13:2,tomato,1249.0
2019-20,13:3,tomato,152.0
2019-20,13:4,tomato,187.0
2019-20,13:5,tomato,60.0
2019-20,13:6,tomato,360.0
2019-20,14:1,tomato,113.0
2019-20,14:3,tomato,705.0
2019-20,14:4,tomato,1452.0
2019-20,14:5,tomato,1742.0
2019-20,14:6,tomato,19.0
2019-20,15:1,tomato,0.0
2019-20,15:2,tomato,3.0
2019-20,15:3,tomato,47.0
2019-20,15:4,tomato,0.0
2019-20,15:5,tomato,0.0
2019-20,15:6,tomato,34.0
2019-20,15:7,tomato,2.0
2019-20,16:1,tomato,0.0
2019-20,16:2,tomato,0.0
2019-20,16:3,tomato,0.0
2019-20,17:1,tomato,0.0
2019-20,17:2,tomato,0.0
2019-20,17:3,tomato,0.0
2019-20,17:4,tomato,317.0
2019-20,17:5,tomato,697.0
2019-20,17:6,tomato,782.0
2019-20,17:7,tomato,0.0
2019-20,18:1,tomato,86.0
2019-20,18:10,tomato,137.0
2019-20,18:2,tomato,163.0
2019-20,18:3,tomato,2528.0
2019-20,18:4,tomato,62.0
2019-20,18:5,tomato,56.0
2019-20,18:6,tomato,144.0
2019-20,18:7,tomato,215.0
2019-20,18:8,tomato,92.0
2019-20,18:9,tomato,38.0
2019-20,19:10,tomato,3699.0
2019-20,19:11,tomato,4466.0
2019-20,19:7,tomato,3180.0
2019-20,19:8,tomato,3052.0
2019-20,19:9,tomato,1931.0
2019-20,1:1,tomato,290.0
2019-20,1:10,tomato,62.0
2019-20,1:2,tomato,281.0
2019-20,1:3,tomato,164.0
2019-20,1:4,tomato,597.0
2019-20,1:5,tomato,398.0
2019-20,1:6,tomato,292.0
2019-20,1:7,tomato,5.0
2019-20,1:8,tomato,1154.0
2019-20,1:9,tomato,317.0
2019-20,20:1,tomato,204.0
2019-20,20:2,tomato,65.0
2019-20,20:3,tomato,307.0
2019-20,20:4,tomato,72.0
2019-20,21:1,tomato,158.0
2019-20,21:2,tomato,462.0
2019-20,21:3,tomato,227.0
2019-20,21:4,tomato,371.0
2019-20,22:1,tomato,66.0
2019-20,22:2,tomato,372.0
2019-20,22:3,tomato,558.0
2019-20,22:4,tomato,146.0
2019-20,22:5,tomato,200.0
2019-20,22:6,tomato,71.0
2019-20,22:7,tomato,413.0
2019-20,23:1,tomato,0.0
2019-20,23:2,tomato,379.0
2019-20,23:3,tomato,1685.0
2019-20,23:4,tomato,76.0
2019-20,23:5,tomato,11.0
2019-20,23:6,tomato,21.0
2019-20,23:7,tomato,340.0
2019-20,23:8,tomato,543.0
2019-20,24:1,tomato,0.0
2019-20,24:2,tomato,0.0
2019-20,24:3,tomato,0.0
2019-20,24:4,tomato,0.0
2019-20,24:5,tomato,0.0
2019-20,25:1,tomato,0.0
2019-20,25:2,tomato,0.0
2019-20,25:3,tomato,0.0
2019-20,26:1,tomato,35.0
2019-20,26:2,tomato,405.0
2019-20,26:3,tomato,326.0
2019-20,26:4,tomato,1000.0
2019-20,26:5,tomato,384.0
2019-20,26:6,tomato,1172.0
2019-20,26:7,tomato,458.0
2019-20,27:1,tomato,2157.0
2019-20,27:2,tomato,1918.0
2019-20,27:3,tomato,103.0
2019-20,27:4,tomato,553.0
2019-20,28:5,tomato,57.0
2019-20,28:6,tomato,29.0
2019-20,28:7,tomato,52.0
2019-20,28:8,tomato,92.0
2019-20,29:1,tomato,401.0
2019-20,29:2,tomato,276.0
2019-20,29:3,tomato,400.0
2019-20,29:4,tomato,763.0
2019-20,29:5,tomato,393.0
2019-20,29:6,tomato,2015.0
2019-20,2:1,tomato,217.0
2019-20,2:2,tomato,50.0
2019-20,2:3,tomato,227.0
2019-20,2:4,tomato,346.0
2019-20,2:5,tomato,45.0
2019-20,2:6,tomato,32.0
2019-20,30:10,tomato,41.0
2019-20,30:8,tomato,78.0
2019-20,30:9,tomato,81.0
2019-20,3:1,tomato,116.0
2019-20,3:2,tomato,156.0
2019-20,3:3,tomato,117.0
2019-20,3:4,tomato,81.0
2019-20,3:5,tomato,58.0
2019-20,4:2+1,tomato,596.0
2019-20,4:3,tomato,316.0
2019-20,4:4,tomato,160.0
2019-20,4:5,tomato,47.0
2019-20,4:6,tomato,296.0
2019-20,4:7,tomato,290.0
2019-20,5:1,tomato,305.0
2019-20,5:2,tomato,410.0
2019-20,5:3,tomato,125.0
2019-20,5:4,tomato,215.0
2019-20,5:5,tomato,150.0
2019-20,6:1,tomato,293.0
2019-20,6:2,tomato,451.0
2019-20,6:3,tomato,642.0
2019-20,6:4,tomato,77.0
2019-20,6:5,tomato,68.0
2019-20,7:1,tomato,624.0
2019-20,7:2,tomato,296.0
2019-20,7:3,tomato,152.0
2019-20,7:4,tomato,708.0
2019-20,8:1,tomato,71.0
2019-20,8:2,tomato,35.0
2019-20,8:3,tomato,153.0
2019-20,8:4,tomato,67.0
2019-20,8:5,tomato,120.0
2019-20,9:1,tomato,269.0
2019-20,9:2,tomato,0.0
2019-20,9:3,tomato,95.0
2019-20,9:4,tomato,69.0
2019-20,9:5,tomato,3.0
2019-20,10:1,onion,0.0
2019-20,10:10,onion,0.0
2019-20,10:11,onion,8.0
2019-20,10:2,onion,0.0
2019-20,10:3,onion,0.0
2019-20,10:4,onion,0.0
2019-20,10:5,onion,0.0
2019-20,10:6,onion,0.0
2019-20,10:7,onion,0.0
2019-20,10:8,onion,34.0
2019-20,10:9,onion,0.0
2019-20,11:1,onion,1.0
2019-20,11:2,onion,61.0
2019-20,11:3,onion,0.0
2019-20,11:4,onion,989.0
2019-20,11:5,onion,54.0
2019-20,11:6,onion,255.0
2019-20,11:7,onion,5236.0
2019-20,12:3,onion,4.0
2019-20,12:4,onion,11.0
2019-20,12:5,onion,44.0
2019-20,12:6,onion,289.0
2019-20,13:1,onion,196.0
2019-20,13:2,onion,10481.0
2019-20,13:3,onion,2642.0
2019-20,13:4,onion,2347.0
2019-20,13:5,onion,908.0
2019-20,13:6,onion,3971.0
2019-20,14:1,onion,64.0
2019-20,14:3,onion,3845.0
2019-20,14:4,onion,129.0
2019-20,14:5,onion,661.0
2019-20,14:6,onion,515.0
2019-20,15:1,onion,0.0
2019-20,15:2,onion,0.0
2019-20,15:3,onion,0.0
2019-20,15:4,onion,0.0
2019-20,15:5,onion,0.0
2019-20,15:6,onion,0.0
2019-20,15:7,onion,0.0
2019-20,16:1,onion,0.0
2019-20,16:2,onion,0.0
2019-20,16:3,onion,0.0
2019-20,17:1,onion,0.0
2019-20,17:2,onion,0.0
2019-20,17:3,onion,0.0
2019-20,17:4,onion,4559.0
2019-20,17:5,onion,842.0
2019-20,17:6,onion,343.0
2019-20,17:7,onion,0.0
2019-20,18:1,onion,26.0
2019-20,18:10,onion,1.0
2019-20,18:2,onion,260.0
2019-20,18:3,onion,39.0
2019-20,18:4,onion,10.0
2019-20,18:5,onion,1.0
2019-20,18:6,onion,0.0
2019-20,18:7,onion,1.0
2019-20,18:8,onion,1.0
2019-20,18:9,onion,1.0
2019-20,19:10,onion,46.0
2019-20,19:11,onion,96.0
2019-20,19:7,onion,64.0
2019-20,19:8,onion,80.0
2019-20,19:9,onion,74.0
2019-20,1:1,onion,4413.0
2019-20,1:10,onion,2873.0
2019-20,1:2,onion,235.0
2019-20,1:3,onion,26.0
2019-20,1:4,onion,4455.0
2019-20,1:5,onion,40.0
2019-20,1:6,onion,54.0
2019-20,1:7,onion,0.0
2019-20,1:8,onion,11.0
2019-20,1:9,onion,2876.0
2019-20,20:1,onion,13.0
2019-20,20:2,onion,1.0
2019-20,20:3,onion,18.0
2019-20,20:4,onion,2.0
2019-20,21:1,onion,0.0
2019-20,21:2,onion,20.0
2019-20,21:3,onion,27.0
2019-20,21:4,onion,4.0
2019-20,22:1,onion,0.0
2019-20,22:2,onion,135.0
2019-20,22:3,onion,0.0
2019-20,22:4,onion,1.0
2019-20,22:5,onion,12.0
2019-20,22:6,onion,1.0
2019-20,22:7,onion,3.0
2019-20,23:1,onion,0.0
2019-20,23:2,onion,0.0
2019-20,23:3,onion,0.0
2019-20,23:4,onion,0.0
2019-20,23:5,onion,0.0
2019-20,23:6,onion,0.0
2019-20,23:7,onion,0.0
2019-20,23:8,onion,0.0
2019-20,24:1,onion,0.0
2019-20,24:2,onion,0.0
2019-20,24:3,onion,0.0
2019-20,24:4,onion,0.0
2019-20,24:5,onion,0.0
2019-20,25:1,onion,0.0
2019-20,25:2,onion,0.0
2019-20,25:3,onion,0.0
2019-20,26:1,onion,1.0
2019-20,26:2,onion,0.0
2019-20,26:3,onion,0.0
2019-20,26:4,onion,0.0
2019-20,26:5,onion,0.0
2019-20,26:6,onion,23.0
2019-20,26:7,onion,1.0
2019-20,27:1,onion,1857.0
2019-20,27:2,onion,695.0
2019-20,27:3,onion,42.0
2019-20,27:4,onion,883.0
2019-20,28:5,onion,0.0
2019-20,28:6,onion,0.0
2019-20,28:7,onion,1.0
2019-20,28:8,onion,0.0
2019-20,29:1,onion,72.0
2019-20,29:2,onion,30.0
2019-20,29:3,onion,30.0
2019-20,29:4,onion,220.0
2019-20,29:5,onion,360.0
2019-20,29:6,onion,360.0
2019-20,2:1,onion,1387.0
2019-20,2:2,onion,3969.0
2019-20,2:3,onion,5758.0
2019-20,2:4,onion,6097.0
2019-20,2:5,onion,13263.0
2019-20,2:6,onion,4998.0
2019-20,30:10,onion,276.0
2019-20,30:8,onion,44.0
2019-20,30:9,onion,42.0
2019-20,3:1,onion,2842.0
2019-20,3:2,onion,1920.0
2019-20,3:3,onion,1039.0
2019-20,3:4,onion,11199.0
2019-20,3:5,onion,966.0
2019-20,4:2+1,onion,1594.0
2019-20,4:3,onion,1400.0
2019-20,4:4,onion,496.0
2019-20,4:5,onion,170.0
2019-20,4:6,onion,628.0
2019-20,4:7,onion,239.0
2019-20,5:1,onion,227.0
2019-20,5:2,onion,120.0
2019-20,5:3,onion,165.0
2019-20,5:4,onion,537.0
2019-20,5:5,onion,90.0
2019-20,6:1,onion,1335.0
2019-20,6:2,onion,1355.0
2019-20,6:3,onion,220.0
2019-20,6:4,onion,1388.0
2019-20,6:5,onion,139.0
2019-20,7:1,onion,25580.0
2019-20,7:2,onion,914.0
2019-20,7:3,onion,151.0
2019-20,7:4,onion,1662.0
2019-20,8:1,onion,1230.0
2019-20,8:2,onion,8500.0
2019-20,8:3,onion,12166.0
2019-20,8:4,onion,1631.0
2019-20,8:5,onion,2770.0
2019-20,9:1,onion,4191.0
2019-20,9:2,onion,17968.0
2019-20,9:3,onion,3729.0
2019-20,9:4,onion,0.0
2019-20,9:5,onion,661.0
2019-20,10:1,potato,4.0
2019-20,10:10,potato,0.0
2019-20,10:11,potato,0.0
2019-20,10:2,potato,0.0
2019-20,10:3,potato,0.0
2019-20,10:4,potato,0.0
2019-20,10:5,potato,0.0
2019-20,10:6,potato,0.0
2019-20,10:7,potato,0.0
2019-20,10:8,potato,0.0
2019-20,10:9,potato,0.0
2019-20,11:1,potato,0.0
2019-20,11:2,potato,0.0
2019-20,11:3,potato,0.0
2019-20,11:4,potato,2.0
2019-20,11:5,potato,0.0
2019-20,11:6,potato,0.0
2019-20,11:7,potato,3.0
2019-20,12:3,potato,0.0
2019-20,12:4,potato,0.0
2019-20,12:5,potato,0.0
2019-20,12:6,potato,5.0
2019-20,13:1,potato,0.0
2019-20,13:2,potato,0.0
2019-20,13:3,potato,0.0
2019-20,13:4,potato,0.0
2019-20,13:5,potato,0.0
2019-20,13:6,potato,0.0
2019-20,14:1,potato,0.0
2019-20,14:3,potato,0.0
2019-20,14:4,potato,0.0
2019-20,14:5,potato,0.0
2019-20,14:6,potato,9.0
2019-20,15:1,potato,2.0
2019-20,15:2,potato,0.0
2019-20,15:3,potato,1.0
2019-20,15:4,potato,0.0
2019-20,15:5,potato,0.0
2019-20,15:6,potato,2.0
2019-20,15:7,potato,1.0
2019-20,16:1,potato,0.0
2019-20,16:2,potato,0.0
2019-20,16:3,potato,0.0
2019-20,17:1,potato,0.0
2019-20,17:2,potato,0.0
2019-20,17:3,potato,0.0
2019-20,17:4,potato,1798.0
2019-20,17:5,potato,546.0
2019-20,17:6,potato,1802.0
2019-20,17:7,potato,0.0
2019-20,18:1,potato,0.0
2019-20,18:10,potato,0.0
2019-20,18:2,potato,0.0
2019-20,18:3,potato,0.0
2019-20,18:4,potato,19.0
2019-20,18:5,potato,0.0
2019-20,18:6,potato,2.0
2019-20,18:7,potato,0.0
2019-20,18:8,potato,1.0
2019-20,18:9,potato,0.0
2019-20,19:10,potato,891.0
2019-20,19:11,potato,2091.0
2019-20,19:7,potato,545.0
2019-20,19:8,potato,1360.0
2019-20,19:9,potato,1096.0
2019-20,1:1,potato,1.0
2019-20,1:10,potato,0.0
2019-20,1:2,potato,0.0
2019-20,1:3,potato,0.0
2019-20,1:4,potato,0.0
2019-20,1:5,potato,40.0
2019-20,1:6,potato,2874.0
2019-20,1:7,potato,26.0
2019-20,1:8,potato,7.0
2019-20,1:9,potato,0.0
2019-20,20:1,potato,29.0
2019-20,20:2,potato,0.0
2019-20,20:3,potato,170.0
2019-20,20:4,potato,33.0
2019-20,21:1,potato,11.0
2019-20,21:2,potato,82.0
2019-20,21:3,potato,104.0
2019-20,21:4,potato,71.0
2019-20,22:1,potato,2.0
2019-20,22:2,potato,10.0
2019-20,22:3,potato,1.0
2019-20,22:4,potato,1.0
2019-20,22:5,potato,1.0
2019-20,22:6,potato,1.0
2019-20,22:7,potato,2.0
2019-20,23:1,potato,0.0
2019-20,23:2,potato,851.0
2019-20,23:3,potato,1048.0
2019-20,23:4,potato,7804.0
2019-20,23:5,potato,203.0
2019-20,23:6,potato,1515.0
2019-20,23:7,potato,948.0
2019-20,23:8,potato,52.0
2019-20,24:1,potato,0.0
2019-20,24:2,potato,0.0
2019-20,24:3,potato,0.0
2019-20,24:4,potato,0.0
2019-20,24:5,potato,0.0
2019-20,25:1,potato,0.0
2019-20,25:2,potato,1.0
2019-20,25:3,potato,0.0
2019-20,26:1,potato,0.0
2019-20,26:2,potato,10.0
2019-20,26:3,potato,2.0
2019-20,26:4,potato,1.0
2019-20,26:5,potato,0.0
2019-20,26:6,potato,1.0
2019-20,26:7,potato,2.0
2019-20,27:1,potato,175.0
2019-20,27:2,potato,157.0
2019-20,27:3,potato,0.0
2019-20,27:4,potato,260.0
2019-20,28:5,potato,1.0
2019-20,28:6,potato,0.0
2019-20,28:7,potato,1.0
2019-20,28:8,potato,0.0
2019-20,29:1,potato,110.0
2019-20,29:2,potato,790.0
2019-20,29:3,potato,379.0
2019-20,29:4,potato,81.0
2019-20,29:5,potato,380.0
2019-20,29:6,potato,360.0
2019-20,2:1,potato,6.0
2019-20,2:2,potato,0.0
2019-20,2:3,potato,0.0
2019-20,2:4,potato,0.0
2019-20,2:5,potato,0.0
2019-20,2:6,potato,0.0
2019-20,30:10,potato,0.0
2019-20,30:8,potato,6.0
2019-20,30:9,potato,2.0
2019-20,3:1,potato,20.0
2019-20,3:2,potato,5.0
2019-20,3:3,potato,8.0
2019-20,3:4,potato,2.0
2019-20,3:5,potato,2.0
2019-20,4:2+1,potato,6.0
2019-20,4:3,potato,13.0
2019-20,4:4,potato,35.0
2019-20,4:5,potato,0.0
2019-20,4:6,potato,2.0
2019-20,4:7,potato,0.0
2019-20,5:1,potato,27.0
2019-20,5:2,potato,10.0
2019-20,5:3,potato,1.0
2019-20,5:4,potato,35.0
2019-20,5:5,potato,30.0
2019-20,6:1,potato,0.0
2019-20,6:2,potato,0.0
2019-20,6:3,potato,0.0
2019-20,6:4,potato,0.0
2019-20,6:5,potato,0.0
2019-20,7:1,potato,0.0
2019-20,7:2,potato,0.0
2019-20,7:3,potato,3.0
2019-20,7:4,potato,1.0
2019-20,8:1,potato,0.0
2019-20,8:2,potato,0.0
2019-20,8:3,potato,0.0
2019-20,8:4,potato,0.0
2019-20,8:5,potato,0.0
2019-20,9:1,potato,846.0
2019-20,9:2,potato,0.0
2019-20,9:3,potato,0.0
2019-20,9:4,potato,0.0
2019-20,9:5,potato,0.0
2020-21,10:1,all crops,3682.0
2020-21,10:10,all crops,10718.0
2020-21,10:11,all crops,5656.0
2020-21,10:2,all crops,6181.0
2020-21,10:3,all crops,25725.0
2020-21,10:4,all crops,8988.0
2020-21,10:5,all crops,17998.0
2020-21,10:6,all crops,25960.0
2020-21,10:7,all crops,12308.0
2020-21,10:8,all crops,11369.0
2020-21,10:9,all crops,18066.0
2020-21,11:1,all crops,58647.0
2020-21,11:2,all crops,59276.0
2020-21,11:3,all crops,77489.0
2020-21,11:4,all crops,83443.0
2020-21,11:5,all crops,44009.0
2020-21,11:6,all crops,76781.0
2020-21,11:7,all crops,88452.0
2020-21,12:3,all crops,32951.0
2020-21,12:4,all crops,84339.0
2020-21,12:5,all crops,119800.0
2020-21,12:6,all crops,34815.0
2020-21,13:1,all crops,39894.0
2020-21,13:2,all crops,130033.0
2020-21,13:3,all crops,99211.0
2020-21,13:4,all crops,75626.0
2020-21,13:5,all crops,93344.0
2020-21,13:6,all crops,84626.0
2020-21,14:1,all crops,53283.0
2020-21,14:3,all crops,77127.0
2020-21,14:4,all crops,87036.0
2020-21,14:5,all crops,70540.0
2020-21,14:6,all crops,85034.0
2020-21,15:1,all crops,35876.0
2020-21,15:2,all crops,59038.0
2020-21,15:3,all crops,61341.0
2020-21,15:4,all crops,23107.0
2020-21,15:5,all crops,30082.0
2020-21,15:6,all crops,45883.0
2020-21,15:7,all crops,37136.0
2020-21,16:1,all crops,49153.0
2020-21,16:2,all crops,34648.0
2020-21,16:3,all crops,36966.0
2020-21,17:1,all crops,8388.0
2020-21,17:2,all crops,35573.0
2020-21,17:3,all crops,19534.0
2020-21,17:4,all crops,82689.0
2020-21,17:5,all crops,88639.0
2020-21,17:6,all crops,82655.0
2020-21,17:7,all crops,61239.0
2020-21,18:1,all crops,66443.0
2020-21,18:10,all crops,54271.0
2020-21,18:2,all crops,76872.0
2020-21,18:3,all crops,37647.0
2020-21,18:4,all crops,43980.0
2020-21,18:5,all crops,37198.0
2020-21,18:6,all crops,58567.0
2020-21,18:7,all crops,80903.0
2020-21,18:8,all crops,56000.0
2020-21,18:9,all crops,58100.0
2020-21,19:10,all crops,41096.0
2020-21,19:11,all crops,41830.0
2020-21,19:7,all crops,53972.0
2020-21,19:8,all crops,46498.0
2020-21,19:9,all crops,41529.0
2020-21,1:1,all crops,131653.0
2020-21,1:10,all crops,130824.0
2020-21,1:2,all crops,219659.0
2020-21,1:3,all crops,94513.0
2020-21,1:4,all crops,133896.0
2020-21,1:5,all crops,84210.0
2020-21,1:6,all crops,70998.0
2020-21,1:7,all crops,58958.0
2020-21,1:8,all crops,119837.0
2020-21,1:9,all crops,151511.0
2020-21,20:1,all crops,12856.0
2020-21,20:2,all crops,13381.0
2020-21,20:3,all crops,19141.0
2020-21,20:4,all crops,5801.0
2020-21,21:1,all crops,31396.0
2020-21,21:2,all crops,43376.0
2020-21,21:3,all crops,28945.0
2020-21,21:4,all crops,31376.0
2020-21,22:1,all crops,63094.0
2020-21,22:2,all crops,55606.0
2020-21,22:3,all crops,30320.0
2020-21,22:4,all crops,24866.0
2020-21,22:5,all crops,54253.0
2020-21,22:6,all crops,49083.0
2020-21,22:7,all crops,45329.0
2020-21,23:1,all crops,62859.0
2020-21,23:2,all crops,69002.0
2020-21,23:3,all crops,93791.0
2020-21,23:4,all crops,63494.0
2020-21,23:5,all crops,33066.0
2020-21,23:6,all crops,66038.0
2020-21,23:7,all crops,48050.0
2020-21,23:8,all crops,85208.0
2020-21,24:1,all crops,20889.0
2020-21,24:2,all crops,35867.0
2020-21,24:3,all crops,44244.0
2020-21,24:4,all crops,46619.0
2020-21,24:5,all crops,32164.0
2020-21,25:1,all crops,87508.0
2020-21,25:2,all crops,61094.0
2020-21,25:3,all crops,130475.0
2020-21,26:1,all crops,95529.0
2020-21,26:2,all crops,91616.0
2020-21,26:3,all crops,73055.0
2020-21,26:4,all crops,37567.0
2020-21,26:5,all crops,69586.0
2020-21,26:6,all crops,88352.0
2020-21,26:7,all crops,46143.0
2020-21,27:1,all crops,83830.0
2020-21,27:2,all crops,76830.0
2020-21,27:3,all crops,11963.0
2020-21,27:4,all crops,63068.0
2020-21,28:5,all crops,45185.0
2020-21,28:6,all crops,31118.0
2020-21,28:7,all crops,30982.0
2020-21,28:8,all crops,68906.0
2020-21,29:1,all crops,43305.0
2020-21,29:2,all crops,25211.0
2020-21,29:3,all crops,12493.0
2020-21,29:4,all crops,36729.0
2020-21,29:5,all crops,35267.0
2020-21,29:6,all crops,40744.0
2020-21,2:1,all crops,117954.0
2020-21,2:2,all crops,58364.0
2020-21,2:3,all crops,88268.0
2020-21,2:4,all crops,133573.0
2020-21,2:5,all crops,81455.0
2020-21,2:6,all crops,134113.0
2020-21,30:10,all crops,135437.0
2020-21,30:8,all crops,174342.0
2020-21,30:9,all crops,152490.0
2020-21,3:1,all crops,273634.0
2020-21,3:2,all crops,245846.0
2020-21,3:3,all crops,236629.0
2020-21,3:4,all crops,203129.0
2020-21,3:5,all crops,162493.0
2020-21,4:2+1,all crops,347721.0
2020-21,4:3,all crops,186112.0
2020-21,4:4,all crops,101375.0
2020-21,4:5,all crops,103874.0
2020-21,4:6,all crops,197654.0
2020-21,4:7,all crops,190292.0
2020-21,5:1,all crops,110550.0
2020-21,5:2,all crops,125512.0
2020-21,5:3,all crops,134428.0
2020-21,5:4,all crops,71550.0
2020-21,5:5,all crops,84797.0
2020-21,6:1,all crops,233542.0
2020-21,6:2,all crops,125797.0
2020-21,6:3,all crops,123676.0
2020-21,6:4,all crops,177868.0
2020-21,6:5,all crops,118859.0
2020-21,7:1,all crops,211934.0
2020-21,7:2,all crops,137334.0
2020-21,7:3,all crops,138159.0
2020-21,7:4,all crops,108470.0
2020-21,8:1,all crops,70890.0
2020-21,8:2,all crops,122121.0
2020-21,8:3,all crops,133942.0
2020-21,8:4,all crops,91371.0
2020-21,8:5,all crops,88223.0
2020-21,9:1,all crops,113006.0
2020-21,9:2,all crops,156042.0
2020-21,9:3,all crops,88399.0
2020-21,9:4,all crops,65404.0
2020-21,9:5,all crops,83967.0
2020-21,10:1,rice,1170.0
2020-21,10:10,rice,2194.0
2020-21,10:11,rice,2176.0
2020-21,10:2,rice,3962.0
2020-21,10:3,rice,6355.0
2020-21,10:4,rice,2984.0
2020-21,10:5,rice,6470.0
2020-21,10:6,rice,8594.0
2020-21,10:7,rice,4557.0
2020-21,10:8,rice,3188.0
2020-21,10:9,rice,6157.0
2020-21,11:1,rice,6208.0
2020-21,11:2,rice,19.0
2020-21,11:3,rice,14350.0
2020-21,11:4,rice,1075.0
2020-21,11:5,rice,220.0
2020-21,11:6,rice,2624.0
2020-21,11:7,rice,11834.0
2020-21,12:3,rice,25708.0
2020-21,12:4,rice,41712.0
2020-21,12:5,rice,43640.0
2020-21,12:6,rice,1450.0
2020-21,13:1,rice,99.0
2020-21,13:2,rice,824.0
2020-21,13:3,rice,0.0
2020-21,13:4,rice,6.0
2020-21,13:5,rice,2.0
2020-21,13:6,rice,67.0
2020-21,14:1,rice,39255.0
2020-21,14:3,rice,0.0
2020-21,14:4,rice,31385.0
2020-21,14:5,rice,14972.0
2020-21,14:6,rice,18828.0
2020-21,15:1,rice,13031.0
2020-21,15:2,rice,24190.0
2020-21,15:3,rice,17351.0
2020-21,15:4,rice,8333.0
2020-21,15:5,rice,9089.0
2020-21,15:6,rice,10095.0
2020-21,15:7,rice,7357.0
2020-21,16:1,rice,13896.0
2020-21,16:2,rice,16367.0
2020-21,16:3,rice,8060.0
2020-21,17:1,rice,1548.0
2020-21,17:2,rice,2755.0
2020-21,17:3,rice,2847.0
2020-21,17:4,rice,2652.0
2020-21,17:5,rice,5.0
2020-21,17:6,rice,2577.0
2020-21,17:7,rice,3249.0
2020-21,18:1,rice,1.0
2020-21,18:10,rice,469.0
2020-21,18:2,rice,59.0
2020-21,18:3,rice,371.0
2020-21,18:4,rice,171.0
2020-21,18:5,rice,108.0
2020-21,18:6,rice,295.0
2020-21,18:7,rice,129.0
2020-21,18:8,rice,468.0
2020-21,18:9,rice,351.0
2020-21,19:10,rice,167.0
2020-21,19:11,rice,848.0
2020-21,19:7,rice,180.0
2020-21,19:8,rice,12.0
2020-21,19:9,rice,33.0
2020-21,1:1,rice,393.0
2020-21,1:10,rice,26.0
2020-21,1:2,rice,3.0
2020-21,1:3,rice,4.0
2020-21,1:4,rice,18.0
2020-21,1:5,rice,934.0
2020-21,1:6,rice,27414.0
2020-21,1:7,rice,31001.0
2020-21,1:8,rice,2054.0
2020-21,1:9,rice,31.0
2020-21,20:1,rice,26.0
2020-21,20:2,rice,230.0
2020-21,20:3,rice,113.0
2020-21,20:4,rice,111.0
2020-21,21:1,rice,55.0
2020-21,21:2,rice,3.0
2020-21,21:3,rice,10.0
2020-21,21:4,rice,138.0
2020-21,22:1,rice,9575.0
2020-21,22:2,rice,1099.0
2020-21,22:3,rice,4728.0
2020-21,22:4,rice,11200.0
2020-21,22:5,rice,15219.0
2020-21,22:6,rice,14502.0
2020-21,22:7,rice,10329.0
2020-21,23:1,rice,9269.0
2020-21,23:2,rice,4615.0
2020-21,23:3,rice,10.0
2020-21,23:4,rice,2386.0
2020-21,23:5,rice,5719.0
2020-21,23:6,rice,12704.0
2020-21,23:7,rice,7970.0
2020-21,23:8,rice,3472.0
2020-21,24:1,rice,5769.0
2020-21,24:2,rice,4051.0
2020-21,24:3,rice,2223.0
2020-21,24:4,rice,449.0
2020-21,24:5,rice,136.0
2020-21,25:1,rice,8428.0
2020-21,25:2,rice,9313.0
2020-21,25:3,rice,10122.0
2020-21,26:1,rice,10254.0
2020-21,26:2,rice,5558.0
2020-21,26:3,rice,20952.0
2020-21,26:4,rice,5625.0
2020-21,26:5,rice,3810.0
2020-21,26:6,rice,15968.0
2020-21,26:7,rice,21515.0
2020-21,27:1,rice,1.0
2020-21,27:2,rice,1174.0
2020-21,27:3,rice,2269.0
2020-21,27:4,rice,5114.0
2020-21,28:5,rice,177.0
2020-21,28:6,rice,437.0
2020-21,28:7,rice,871.0
2020-21,28:8,rice,1240.0
2020-21,29:1,rice,46.0
2020-21,29:2,rice,17.0
2020-21,29:3,rice,50.0
2020-21,29:4,rice,291.0
2020-21,29:5,rice,46.0
2020-21,29:6,rice,56.0
2020-21,2:1,rice,7.0
2020-21,2:2,rice,8.0
2020-21,2:3,rice,2.0
2020-21,2:4,rice,31.0
2020-21,2:5,rice,17.0
2020-21,2:6,rice,17.0
2020-21,30:10,rice,14531.0
2020-21,30:8,rice,74734.0
2020-21,30:9,rice,31153.0
2020-21,3:1,rice,0.0
2020-21,3:2,rice,20.0
2020-21,3:3,rice,99.0
2020-21,3:4,rice,28.0
2020-21,3:5,rice,11.0
2020-21,4:2+1,rice,81.0
2020-21,4:3,rice,41.0
2020-21,4:4,rice,27.0
2020-21,4:5,rice,2006.0
2020-21,4:6,rice,964.0
2020-21,4:7,rice,6601.0
2020-21,5:1,rice,68.0
2020-21,5:2,rice,11.0
2020-21,5:3,rice,41.0
2020-21,5:4,rice,220.0
2020-21,5:5,rice,427.0
2020-21,6:1,rice,45017.0
2020-21,6:2,rice,30957.0
2020-21,6:3,rice,16739.0
2020-21,6:4,rice,32820.0
2020-21,6:5,rice,96946.0
2020-21,7:1,rice,210.0
2020-21,7:2,rice,186.0
2020-21,7:3,rice,91714.0
2020-21,7:4,rice,8280.0
2020-21,8:1,rice,5.0
2020-21,8:2,rice,5.0
2020-21,8:3,rice,9.0
2020-21,8:4,rice,526.0
2020-21,8:5,rice,4257.0
2020-21,9:1,rice,5636.0
2020-21,9:2,rice,2.0
2020-21,9:3,rice,94.0
2020-21,9:4,rice,4223.0
2020-21,9:5,rice,76.0
2020-21,10:1,jowar,2.0
2020-21,10:10,jowar,0.0
2020-21,10:11,jowar,0.0
2020-21,10:2,jowar,0.0
2020-21,10:3,jowar,4.0
2020-21,10:4,jowar,0.0
2020-21,10:5,jowar,226.0
2020-21,10:6,jowar,132.0
2020-21,10:7,jowar,5.0
2020-21,10:8,jowar,3.0
2020-21,10:9,jowar,12.0
2020-21,11:1,jowar,5822.0
2020-21,11:2,jowar,7587.0
2020-21,11:3,jowar,2807.0
2020-21,11:4,jowar,11303.0
2020-21,11:5,jowar,6067.0
2020-21,11:6,jowar,4334.0
2020-21,11:7,jowar,12850.0
2020-21,12:3,jowar,1333.0
2020-21,12:4,jowar,5834.0
2020-21,12:5,jowar,8436.0
2020-21,12:6,jowar,1542.0
2020-21,13:1,jowar,2568.0
2020-21,13:2,jowar,4858.0
2020-21,13:3,jowar,1699.0
2020-21,13:4,jowar,393.0
2020-21,13:5,jowar,857.0
2020-21,13:6,jowar,5836.0
2020-21,14:1,jowar,347.0
2020-21,14:3,jowar,625.0
2020-21,14:4,jowar,193.0
2020-21,14:5,jowar,2939.0
2020-21,14:6,jowar,200.0
2020-21,15:1,jowar,1.0
2020-21,15:2,jowar,0.0
2020-21,15:3,jowar,257.0
2020-21,15:4,jowar,0.0
2020-21,15:5,jowar,0.0
2020-21,15:6,jowar,77.0
2020-21,15:7,jowar,2.0
2020-21,16:1,jowar,11.0
2020-21,16:2,jowar,6.0
2020-21,16:3,jowar,3.0
2020-21,17:1,jowar,0.0
2020-21,17:2,jowar,0.0
2020-21,17:3,jowar,0.0
2020-21,17:4,jowar,1270.0
2020-21,17:5,jowar,775.0
2020-21,17:6,jowar,191.0
2020-21,17:7,jowar,2.0
2020-21,18:1,jowar,1287.0
2020-21,18:10,jowar,769.0
2020-21,18:2,jowar,1512.0
2020-21,18:3,jowar,1577.0
2020-21,18:4,jowar,386.0
2020-21,18:5,jowar,551.0
2020-21,18:6,jowar,878.0
2020-21,18:7,jowar,846.0
2020-21,18:8,jowar,838.0
2020-21,18:9,jowar,440.0
2020-21,19:10,jowar,951.0
2020-21,19:11,jowar,493.0
2020-21,19:7,jowar,571.0
2020-21,19:8,jowar,344.0
2020-21,19:9,jowar,352.0
2020-21,1:1,jowar,8508.0
2020-21,1:10,jowar,36196.0
2020-21,1:2,jowar,39882.0
2020-21,1:3,jowar,184.0
2020-21,1:4,jowar,5066.0
2020-21,1:5,jowar,9783.0
2020-21,1:6,jowar,6791.0
2020-21,1:7,jowar,55.0
2020-21,1:8,jowar,16863.0
2020-21,1:9,jowar,20288.0
2020-21,20:1,jowar,378.0
2020-21,20:2,jowar,658.0
2020-21,20:3,jowar,438.0
2020-21,20:4,jowar,192.0
2020-21,21:1,jowar,518.0
2020-21,21:2,jowar,2024.0
2020-21,21:3,jowar,446.0
2020-21,21:4,jowar,458.0
2020-21,22:1,jowar,460.0
2020-21,22:2,jowar,411.0
2020-21,22:3,jowar,148.0
2020-21,22:4,jowar,36.0
2020-21,22:5,jowar,356.0
2020-21,22:6,jowar,761.0
2020-21,22:7,jowar,1313.0
2020-21,23:1,jowar,5.0
2020-21,23:2,jowar,2314.0
2020-21,23:3,jowar,5599.0
2020-21,23:4,jowar,2632.0
2020-21,23:5,jowar,448.0
2020-21,23:6,jowar,1856.0
2020-21,23:7,jowar,1579.0
2020-21,23:8,jowar,1993.0
2020-21,24:1,jowar,0.0
2020-21,24:2,jowar,0.0
2020-21,24:3,jowar,1.0
2020-21,24:4,jowar,0.0
2020-21,24:5,jowar,0.0
2020-21,25:1,jowar,0.0
2020-21,25:2,jowar,339.0
2020-21,25:3,jowar,0.0
2020-21,26:1,jowar,3430.0
2020-21,26:2,jowar,5010.0
2020-21,26:3,jowar,523.0
2020-21,26:4,jowar,635.0
2020-21,26:5,jowar,1518.0
2020-21,26:6,jowar,7414.0
2020-21,26:7,jowar,226.0
2020-21,27:1,jowar,12296.0
2020-21,27:2,jowar,11890.0
2020-21,27:3,jowar,136.0
2020-21,27:4,jowar,4265.0
2020-21,28:5,jowar,480.0
2020-21,28:6,jowar,783.0
2020-21,28:7,jowar,790.0
2020-21,28:8,jowar,719.0
2020-21,29:1,jowar,1610.0
2020-21,29:2,jowar,1596.0
2020-21,29:3,jowar,616.0
2020-21,29:4,jowar,2905.0
2020-21,29:5,jowar,2067.0
2020-21,29:6,jowar,1943.0
2020-21,2:1,jowar,6654.0
2020-21,2:2,jowar,4390.0
2020-21,2:3,jowar,5371.0
2020-21,2:4,jowar,25054.0
2020-21,2:5,jowar,14287.0
2020-21,2:6,jowar,20917.0
2020-21,30:10,jowar,13095.0
2020-21,30:8,jowar,2121.0
2020-21,30:9,jowar,4898.0
2020-21,3:1,jowar,42815.0
2020-21,3:2,jowar,25241.0
2020-21,3:3,jowar,10275.0
2020-21,3:4,jowar,14557.0
2020-21,3:5,jowar,11121.0
2020-21,4:2+1,jowar,44987.0
2020-21,4:3,jowar,20225.0
2020-21,4:4,jowar,8658.0
2020-21,4:5,jowar,10348.0
2020-21,4:6,jowar,11124.0
2020-21,4:7,jowar,5140.0
2020-21,5:1,jowar,10969.0
2020-21,5:2,jowar,10352.0
2020-21,5:3,jowar,10671.0
2020-21,5:4,jowar,7961.0
2020-21,5:5,jowar,7624.0
2020-21,6:1,jowar,27782.0
2020-21,6:2,jowar,3686.0
2020-21,6:3,jowar,4339.0
2020-21,6:4,jowar,19034.0
2020-21,6:5,jowar,14579.0
2020-21,7:1,jowar,20189.0
2020-21,7:2,jowar,14784.0
2020-21,7:3,jowar,3406.0
2020-21,7:4,jowar,8780.0
2020-21,8:1,jowar,6327.0
2020-21,8:2,jowar,16128.0
2020-21,8:3,jowar,14074.0
2020-21,8:4,jowar,9247.0
2020-21,8:5,jowar,12557.0
2020-21,9:1,jowar,10834.0
2020-21,9:2,jowar,5604.0
2020-21,9:3,jowar,6023.0
2020-21,9:4,jowar,9509.0
2020-21,9:5,jowar,7463.0
2020-21,10:1,bajra,0.0
2020-21,10:10,bajra,0.0
2020-21,10:11,bajra,0.0
2020-21,10:2,bajra,0.0
2020-21,10:3,bajra,0.0
2020-21,10:4,bajra,0.0
2020-21,10:5,bajra,2.0
2020-21,10:6,bajra,0.0
2020-21,10:7,bajra,2.0
2020-21,10:8,bajra,0.0
2020-21,10:9,bajra,0.0
2020-21,11:1,bajra,43.0
2020-21,11:2,bajra,1.0
2020-21,11:3,bajra,3.0
2020-21,11:4,bajra,10.0
2020-21,11:5,bajra,1.0
2020-21,11:6,bajra,4.0
2020-21,11:7,bajra,5.0
2020-21,12:3,bajra,128.0
2020-21,12:4,bajra,804.0
2020-21,12:5,bajra,840.0
2020-21,12:6,bajra,3400.0
2020-21,13:1,bajra,1995.0
2020-21,13:2,bajra,588.0
2020-21,13:3,bajra,137.0
2020-21,13:4,bajra,12.0
2020-21,13:5,bajra,46.0
2020-21,13:6,bajra,235.0
2020-21,14:1,bajra,2.0
2020-21,14:3,bajra,747.0
2020-21,14:4,bajra,3.0
2020-21,14:5,bajra,0.0
2020-21,14:6,bajra,2.0
2020-21,15:1,bajra,0.0
2020-21,15:2,bajra,0.0
2020-21,15:3,bajra,3.0
2020-21,15:4,bajra,0.0
2020-21,15:5,bajra,0.0
2020-21,15:6,bajra,1.0
2020-21,15:7,bajra,1.0
2020-21,16:1,bajra,11.0
2020-21,16:2,bajra,1.0
2020-21,16:3,bajra,2.0
2020-21,17:1,bajra,0.0
2020-21,17:2,bajra,0.0
2020-21,17:3,bajra,0.0
2020-21,17:4,bajra,13.0
2020-21,17:5,bajra,12.0
2020-21,17:6,bajra,0.0
2020-21,17:7,bajra,0.0
2020-21,18:1,bajra,26.0
2020-21,18:10,bajra,9.0
2020-21,18:2,bajra,66.0
2020-21,18:3,bajra,19.0
2020-21,18:4,bajra,26.0
2020-21,18:5,bajra,15.0
2020-21,18:6,bajra,4.0
2020-21,18:7,bajra,4.0
2020-21,18:8,bajra,8.0
2020-21,18:9,bajra,7.0
2020-21,19:10,bajra,37.0
2020-21,19:11,bajra,43.0
2020-21,19:7,bajra,37.0
2020-21,19:8,bajra,8.0
2020-21,19:9,bajra,2.0
2020-21,1:1,bajra,42.0
2020-21,1:10,bajra,11072.0
2020-21,1:2,bajra,5586.0
2020-21,1:3,bajra,19.0
2020-21,1:4,bajra,444.0
2020-21,1:5,bajra,35.0
2020-21,1:6,bajra,108.0
2020-21,1:7,bajra,4.0
2020-21,1:8,bajra,180.0
2020-21,1:9,bajra,1660.0
2020-21,20:1,bajra,4.0
2020-21,20:2,bajra,9.0
2020-21,20:3,bajra,5.0
2020-21,20:4,bajra,0.0
2020-21,21:1,bajra,2.0
2020-21,21:2,bajra,0.0
2020-21,21:3,bajra,0.0
2020-21,21:4,bajra,6.0
2020-21,22:1,bajra,3.0
2020-21,22:2,bajra,1.0
2020-21,22:3,bajra,1.0
2020-21,22:4,bajra,1.0
2020-21,22:5,bajra,0.0
2020-21,22:6,bajra,1.0
2020-21,22:7,bajra,4.0
2020-21,23:1,bajra,0.0
2020-21,23:2,bajra,38.0
2020-21,23:3,bajra,9.0
2020-21,23:4,bajra,1.0
2020-21,23:5,bajra,0.0
2020-21,23:6,bajra,1.0
2020-21,23:7,bajra,18.0
2020-21,23:8,bajra,25.0
2020-21,24:1,bajra,8.0
2020-21,24:2,bajra,0.0
2020-21,24:3,bajra,0.0
2020-21,24:4,bajra,0.0
2020-21,24:5,bajra,0.0
2020-21,25:1,bajra,0.0
2020-21,25:2,bajra,1.0
2020-21,25:3,bajra,0.0
2020-21,26:1,bajra,0.0
2020-21,26:2,bajra,2.0
2020-21,26:3,bajra,4.0
2020-21,26:4,bajra,3.0
2020-21,26:5,bajra,4.0
2020-21,26:6,bajra,3.0
2020-21,26:7,bajra,1.0
2020-21,27:1,bajra,8.0
2020-21,27:2,bajra,4.0
2020-21,27:3,bajra,0.0
2020-21,27:4,bajra,876.0
2020-21,28:5,bajra,4.0
2020-21,28:6,bajra,0.0
2020-21,28:7,bajra,0.0
2020-21,28:8,bajra,0.0
2020-21,29:1,bajra,31.0
2020-21,29:2,bajra,9.0
2020-21,29:3,bajra,13.0
2020-21,29:4,bajra,86.0
2020-21,29:5,bajra,5.0
2020-21,29:6,bajra,63.0
2020-21,2:1,bajra,70.0
2020-21,2:2,bajra,3634.0
2020-21,2:3,bajra,651.0
2020-21,2:4,bajra,24553.0
2020-21,2:5,bajra,5374.0
2020-21,2:6,bajra,7670.0
2020-21,30:10,bajra,416.0
2020-21,30:8,bajra,9622.0
2020-21,30:9,bajra,2834.0
2020-21,3:1,bajra,15521.0
2020-21,3:2,bajra,10936.0
2020-21,3:3,bajra,4864.0
2020-21,3:4,bajra,10477.0
2020-21,3:5,bajra,8305.0
2020-21,4:2+1,bajra,4386.0
2020-21,4:3,bajra,2235.0
2020-21,4:4,bajra,64.0
2020-21,4:5,bajra,74.0
2020-21,4:6,bajra,340.0
2020-21,4:7,bajra,446.0
2020-21,5:1,bajra,1573.0
2020-21,5:2,bajra,2.0
2020-21,5:3,bajra,4.0
2020-21,5:4,bajra,32.0
2020-21,5:5,bajra,469.0
2020-21,6:1,bajra,41984.0
2020-21,6:2,bajra,7303.0
2020-21,6:3,bajra,1214.0
2020-21,6:4,bajra,3535.0
2020-21,6:5,bajra,3429.0
2020-21,7:1,bajra,28753.0
2020-21,7:2,bajra,37401.0
2020-21,7:3,bajra,19049.0
2020-21,7:4,bajra,23152.0
2020-21,8:1,bajra,59.0
2020-21,8:2,bajra,367.0
2020-21,8:3,bajra,60.0
2020-21,8:4,bajra,11.0
2020-21,8:5,bajra,874.0
2020-21,9:1,bajra,15.0
2020-21,9:2,bajra,44.0
2020-21,9:3,bajra,5.0
2020-21,9:4,bajra,3.0
2020-21,9:5,bajra,8.0
2020-21,10:1,maize,0.0
2020-21,10:10,maize,0.0
2020-21,10:11,maize,0.0
2020-21,10:2,maize,0.0
2020-21,10:3,maize,4626.0
2020-21,10:4,maize,218.0
2020-21,10:5,maize,6218.0
2020-21,10:6,maize,1039.0
2020-21,10:7,maize,0.0
2020-21,10:8,maize,0.0
2020-21,10:9,maize,31.0
2020-21,11:1,maize,20165.0
2020-21,11:2,maize,15780.0
2020-21,11:3,maize,30633.0
2020-21,11:4,maize,42819.0
2020-21,11:5,maize,25158.0
2020-21,11:6,maize,48680.0
2020-21,11:7,maize,42182.0
2020-21,12:3,maize,927.0
2020-21,12:4,maize,993.0
2020-21,12:5,maize,1745.0
2020-21,12:6,maize,14644.0
2020-21,13:1,maize,1319.0
2020-21,13:2,maize,5073.0
2020-21,13:3,maize,41055.0
2020-21,13:4,maize,39328.0
2020-21,13:5,maize,6655.0
2020-21,13:6,maize,2064.0
2020-21,14:1,maize,6622.0
2020-21,14:3,maize,42224.0
2020-21,14:4,maize,31868.0
2020-21,14:5,maize,31115.0
2020-21,14:6,maize,24838.0
2020-21,15:1,maize,2144.0
2020-21,15:2,maize,13884.0
2020-21,15:3,maize,30452.0
2020-21,15:4,maize,559.0
2020-21,15:5,maize,18.0
2020-21,15:6,maize,15605.0
2020-21,15:7,maize,2251.0
2020-21,16:1,maize,1.0
2020-21,16:2,maize,16.0
2020-21,16:3,maize,1.0
2020-21,17:1,maize,0.0
2020-21,17:2,maize,0.0
2020-21,17:3,maize,57.0
2020-21,17:4,maize,4857.0
2020-21,17:5,maize,6832.0
2020-21,17:6,maize,4680.0
2020-21,17:7,maize,0.0
2020-21,18:1,maize,125.0
2020-21,18:10,maize,472.0
2020-21,18:2,maize,584.0
2020-21,18:3,maize,720.0
2020-21,18:4,maize,12180.0
2020-21,18:5,maize,11053.0
2020-21,18:6,maize,755.0
2020-21,18:7,maize,320.0
2020-21,18:8,maize,278.0
2020-21,18:9,maize,142.0
2020-21,19:10,maize,426.0
2020-21,19:11,maize,436.0
2020-21,19:7,maize,440.0
2020-21,19:8,maize,400.0
2020-21,19:9,maize,147.0
2020-21,1:1,maize,19502.0
2020-21,1:10,maize,12839.0
2020-21,1:2,maize,41004.0
2020-21,1:3,maize,28840.0
2020-21,1:4,maize,33707.0
2020-21,1:5,maize,12103.0
2020-21,1:6,maize,1115.0
2020-21,1:7,maize,1546.0
2020-21,1:8,maize,13472.0
2020-21,1:9,maize,18879.0
2020-21,20:1,maize,482.0
2020-21,20:2,maize,1034.0
2020-21,20:3,maize,214.0
2020-21,20:4,maize,163.0
2020-21,21:1,maize,924.0
2020-21,21:2,maize,5169.0
2020-21,21:3,maize,580.0
2020-21,21:4,maize,237.0
2020-21,22:1,maize,412.0
2020-21,22:2,maize,494.0
2020-21,22:3,maize,285.0
2020-21,22:4,maize,49.0
2020-21,22:5,maize,237.0
2020-21,22:6,maize,383.0
2020-21,22:7,maize,2035.0
2020-21,23:1,maize,3.0
2020-21,23:2,maize,18829.0
2020-21,23:3,maize,7731.0
2020-21,23:4,maize,33966.0
2020-21,23:5,maize,9729.0
2020-21,23:6,maize,18635.0
2020-21,23:7,maize,8125.0
2020-21,23:8,maize,4698.0
2020-21,24:1,maize,0.0
2020-21,24:2,maize,0.0
2020-21,24:3,maize,0.0
2020-21,24:4,maize,0.0
2020-21,24:5,maize,0.0
2020-21,25:1,maize,0.0
2020-21,25:2,maize,1497.0
2020-21,25:3,maize,0.0
2020-21,26:1,maize,9181.0
2020-21,26:2,maize,9169.0
2020-21,26:3,maize,2390.0
2020-21,26:4,maize,394.0
2020-21,26:5,maize,9461.0
2020-21,26:6,maize,857.0
2020-21,26:7,maize,1263.0
2020-21,27:1,maize,3705.0
2020-21,27:2,maize,4529.0
2020-21,27:3,maize,832.0
2020-21,27:4,maize,17317.0
2020-21,28:5,maize,538.0
2020-21,28:6,maize,819.0
2020-21,28:7,maize,2144.0
2020-21,28:8,maize,664.0
2020-21,29:1,maize,21587.0
2020-21,29:2,maize,1290.0
2020-21,29:3,maize,4569.0
2020-21,29:4,maize,9697.0
2020-21,29:5,maize,3312.0
2020-21,29:6,maize,2276.0
2020-21,2:1,maize,21350.0
2020-21,2:2,maize,7051.0
2020-21,2:3,maize,11824.0
2020-21,2:4,maize,15633.0
2020-21,2:5,maize,4333.0
2020-21,2:6,maize,2771.0
2020-21,30:10,maize,82.0
2020-21,30:8,maize,129.0
2020-21,30:9,maize,92.0
2020-21,3:1,maize,22726.0
2020-21,3:2,maize,8666.0
2020-21,3:3,maize,7677.0
2020-21,3:4,maize,23198.0
2020-21,3:5,maize,1538.0
2020-21,4:2+1,maize,667.0
2020-21,4:3,maize,162.0
2020-21,4:4,maize,2098.0
2020-21,4:5,maize,216.0
2020-21,4:6,maize,66.0
2020-21,4:7,maize,280.0
2020-21,5:1,maize,192.0
2020-21,5:2,maize,22.0
2020-21,5:3,maize,99.0
2020-21,5:4,maize,329.0
2020-21,5:5,maize,647.0
2020-21,6:1,maize,518.0
2020-21,6:2,maize,125.0
2020-21,6:3,maize,477.0
2020-21,6:4,maize,70.0
2020-21,6:5,maize,418.0
2020-21,7:1,maize,26971.0
2020-21,7:2,maize,10878.0
2020-21,7:3,maize,2466.0
2020-21,7:4,maize,21376.0
2020-21,8:1,maize,10197.0
2020-21,8:2,maize,6159.0
2020-21,8:3,maize,10459.0
2020-21,8:4,maize,29090.0
2020-21,8:5,maize,15611.0
2020-21,9:1,maize,11883.0
2020-21,9:2,maize,11531.0
2020-21,9:3,maize,6959.0
2020-21,9:4,maize,23127.0
2020-21,9:5,maize,2970.0
2020-21,10:1,ragi,0.0
2020-21,10:10,ragi,0.0
2020-21,10:11,ragi,0.0
2020-21,10:2,ragi,0.0
2020-21,10:3,ragi,1.0
2020-21,10:4,ragi,0.0
2020-21,10:5,ragi,0.0
2020-21,10:6,ragi,1.0
2020-21,10:7,ragi,6.0
2020-21,10:8,ragi,13.0
2020-21,10:9,ragi,0.0
2020-21,11:1,ragi,48.0
2020-21,11:2,ragi,21.0
2020-21,11:3,ragi,22.0
2020-21,11:4,ragi,95.0
2020-21,11:5,ragi,24.0
2020-21,11:6,ragi,75.0
2020-21,11:7,ragi,54.0
2020-21,12:3,ragi,5.0
2020-21,12:4,ragi,26.0
2020-21,12:5,ragi,26.0
2020-21,12:6,ragi,1338.0
2020-21,13:1,ragi,1168.0
2020-21,13:2,ragi,5309.0
2020-21,13:3,ragi,7074.0
2020-21,13:4,ragi,4667.0
2020-21,13:5,ragi,21986.0
2020-21,13:6,ragi,6258.0
2020-21,14:1,ragi,272.0
2020-21,14:3,ragi,5484.0
2020-21,14:4,ragi,1503.0
2020-21,14:5,ragi,344.0
2020-21,14:6,ragi,1819.0
2020-21,15:1,ragi,5.0
2020-21,15:2,ragi,12.0
2020-21,15:3,ragi,37.0
2020-21,15:4,ragi,1.0
2020-21,15:5,ragi,0.0
2020-21,15:6,ragi,211.0
2020-21,15:7,ragi,263.0
2020-21,16:1,ragi,0.0
2020-21,16:2,ragi,0.0
2020-21,16:3,ragi,0.0
2020-21,17:1,ragi,0.0
2020-21,17:2,ragi,0.0
2020-21,17:3,ragi,4.0
2020-21,17:4,ragi,10006.0
2020-21,17:5,ragi,21609.0
2020-21,17:6,ragi,2603.0
2020-21,17:7,ragi,0.0
2020-21,18:1,ragi,22703.0
2020-21,18:10,ragi,26895.0
2020-21,18:2,ragi,10768.0
2020-21,18:3,ragi,1008.0
2020-21,18:4,ragi,5994.0
2020-21,18:5,ragi,9688.0
2020-21,18:6,ragi,19548.0
2020-21,18:7,ragi,14423.0
2020-21,18:8,ragi,17684.0
2020-21,18:9,ragi,15287.0
2020-21,19:10,ragi,13833.0
2020-21,19:11,ragi,7216.0
2020-21,19:7,ragi,12289.0
2020-21,19:8,ragi,14778.0
2020-21,19:9,ragi,12475.0
2020-21,1:1,ragi,40.0
2020-21,1:10,ragi,43.0
2020-21,1:2,ragi,36.0
2020-21,1:3,ragi,2.0
2020-21,1:4,ragi,15.0
2020-21,1:5,ragi,23.0
2020-21,1:6,ragi,711.0
2020-21,1:7,ragi,191.0
2020-21,1:8,ragi,21.0
2020-21,1:9,ragi,30.0
2020-21,20:1,ragi,4018.0
2020-21,20:2,ragi,4633.0
2020-21,20:3,ragi,6307.0
2020-21,20:4,ragi,1666.0
2020-21,21:1,ragi,11968.0
2020-21,21:2,ragi,15683.0
2020-21,21:3,ragi,10686.0
2020-21,21:4,ragi,8348.0
2020-21,22:1,ragi,8557.0
2020-21,22:2,ragi,21505.0
2020-21,22:3,ragi,3995.0
2020-21,22:4,ragi,632.0
2020-21,22:5,ragi,4400.0
2020-21,22:6,ragi,4165.0
2020-21,22:7,ragi,4737.0
2020-21,23:1,ragi,5.0
2020-21,23:2,ragi,2854.0
2020-21,23:3,ragi,27965.0
2020-21,23:4,ragi,6069.0
2020-21,23:5,ragi,380.0
2020-21,23:6,ragi,8832.0
2020-21,23:7,ragi,8751.0
2020-21,23:8,ragi,21533.0
2020-21,24:1,ragi,0.0
2020-21,24:2,ragi,0.0
2020-21,24:3,ragi,0.0
2020-21,24:4,ragi,0.0
2020-21,24:5,ragi,0.0
2020-21,25:1,ragi,0.0
2020-21,25:2,ragi,21.0
2020-21,25:3,ragi,0.0
2020-21,26:1,ragi,23837.0
2020-21,26:2,ragi,12970.0
2020-21,26:3,ragi,9457.0
2020-21,26:4,ragi,3172.0
2020-21,26:5,ragi,5802.0
2020-21,26:6,ragi,1516.0
2020-21,26:7,ragi,596.0
2020-21,27:1,ragi,316.0
2020-21,27:2,ragi,1986.0
2020-21,27:3,ragi,138.0
2020-21,27:4,ragi,3170.0
2020-21,28:5,ragi,22837.0
2020-21,28:6,ragi,7612.0
2020-21,28:7,ragi,5976.0
2020-21,28:8,ragi,21284.0
2020-21,29:1,ragi,4530.0
2020-21,29:2,ragi,11646.0
2020-21,29:3,ragi,3090.0
2020-21,29:4,ragi,1440.0
2020-21,29:5,ragi,12619.0
2020-21,29:6,ragi,12483.0
2020-21,2:1,ragi,23.0
2020-21,2:2,ragi,5.0
2020-21,2:3,ragi,8.0
2020-21,2:4,ragi,23.0
2020-21,2:5,ragi,27.0
2020-21,2:6,ragi,36.0
2020-21,30:10,ragi,9.0
2020-21,30:8,ragi,5.0
2020-21,30:9,ragi,7.0
2020-21,3:1,ragi,38.0
2020-21,3:2,ragi,41.0
2020-21,3:3,ragi,48.0
2020-21,3:4,ragi,45.0
2020-21,3:5,ragi,27.0
2020-21,4:2+1,ragi,30.0
2020-21,4:3,ragi,30.0
2020-21,4:4,ragi,8.0
2020-21,4:5,ragi,1.0
2020-21,4:6,ragi,12.0
2020-21,4:7,ragi,24.0
2020-21,5:1,ragi,9.0
2020-21,5:2,ragi,8.0
2020-21,5:3,ragi,23.0
2020-21,5:4,ragi,11.0
2020-21,5:5,ragi,9.0
2020-21,6:1,ragi,73.0
2020-21,6:2,ragi,13.0
2020-21,6:3,ragi,20.0
2020-21,6:4,ragi,22.0
2020-21,6:5,ragi,8.0
2020-21,7:1,ragi,34.0
2020-21,7:2,ragi,52.0
2020-21,7:3,ragi,16.0
2020-21,7:4,ragi,13.0
2020-21,8:1,ragi,6.0
2020-21,8:2,ragi,8.0
2020-21,8:3,ragi,29.0
2020-21,8:4,ragi,22.0
2020-21,8:5,ragi,18.0
2020-21,9:1,ragi,15.0
2020-21,9:2,ragi,19.0
2020-21,9:3,ragi,13.0
2020-21,9:4,ragi,17.0
2020-21,9:5,ragi,44.0
2020-21,10:1,wheat,0.0
2020-21,10:10,wheat,0.0
2020-21,10:11,wheat,0.0
2020-21,10:2,wheat,0.0
2020-21,10:3,wheat,0.0
2020-21,10:4,wheat,0.0
2020-21,10:5,wheat,0.0
2020-21,10:6,wheat,0.0
2020-21,10:7,wheat,0.0
2020-21,10:8,wheat,0.0
2020-21,10:9,wheat,0.0
2020-21,11:1,wheat,225.0
2020-21,11:2,wheat,279.0
2020-21,11:3,wheat,3.0
2020-21,11:4,wheat,22.0
2020-21,11:5,wheat,27.0
2020-21,11:6,wheat,0.0
2020-21,11:7,wheat,4.0
2020-21,12:3,wheat,15.0
2020-21,12:4,wheat,4.0
2020-21,12:5,wheat,28.0
2020-21,12:6,wheat,23.0
2020-21,13:1,wheat,28.0
2020-21,13:2,wheat,67.0
2020-21,13:3,wheat,208.0
2020-21,13:4,wheat,0.0
2020-21,13:5,wheat,2.0
2020-21,13:6,wheat,72.0
2020-21,14:1,wheat,0.0
2020-21,14:3,wheat,90.0
2020-21,14:4,wheat,3.0
2020-21,14:5,wheat,94.0
2020-21,14:6,wheat,3.0
2020-21,15:1,wheat,0.0
2020-21,15:2,wheat,0.0
2020-21,15:3,wheat,0.0
2020-21,15:4,wheat,0.0
2020-21,15:5,wheat,0.0
2020-21,15:6,wheat,0.0
2020-21,15:7,wheat,0.0
2020-21,16:1,wheat,0.0
2020-21,16:2,wheat,0.0
2020-21,16:3,wheat,0.0
2020-21,17:1,wheat,0.0
2020-21,17:2,wheat,1.0
2020-21,17:3,wheat,0.0
2020-21,17:4,wheat,0.0
2020-21,17:5,wheat,0.0
2020-21,17:6,wheat,3.0
2020-21,17:7,wheat,0.0
2020-21,18:1,wheat,1.0
2020-21,18:10,wheat,2.0
2020-21,18:2,wheat,1.0
2020-21,18:3,wheat,0.0
2020-21,18:4,wheat,0.0
2020-21,18:5,wheat,0.0
2020-21,18:6,wheat,2.0
2020-21,18:7,wheat,0.0
2020-21,18:8,wheat,0.0
2020-21,18:9,wheat,0.0
2020-21,19:10,wheat,0.0
2020-21,19:11,wheat,1.0
2020-21,19:7,wheat,0.0
2020-21,19:8,wheat,0.0
2020-21,19:9,wheat,0.0
2020-21,1:1,wheat,3629.0
2020-21,1:10,wheat,7204.0
2020-21,1:2,wheat,6318.0
2020-21,1:3,wheat,8435.0
2020-21,1:4,wheat,9463.0
2020-21,1:5,wheat,1480.0
2020-21,1:6,wheat,621.0
2020-21,1:7,wheat,0.0
2020-21,1:8,wheat,1230.0
2020-21,1:9,wheat,11506.0
2020-21,20:1,wheat,0.0
2020-21,20:2,wheat,0.0
2020-21,20:3,wheat,0.0
2020-21,20:4,wheat,0.0
2020-21,21:1,wheat,0.0
2020-21,21:2,wheat,0.0
2020-21,21:3,wheat,0.0
2020-21,21:4,wheat,0.0
2020-21,22:1,wheat,0.0
2020-21,22:2,wheat,1.0
2020-21,22:3,wheat,0.0
2020-21,22:4,wheat,0.0
2020-21,22:5,wheat,0.0
2020-21,22:6,wheat,0.0
2020-21,22:7,wheat,0.0
2020-21,23:1,wheat,0.0
2020-21,23:2,wheat,0.0
2020-21,23:3,wheat,0.0
2020-21,23:4,wheat,2.0
2020-21,23:5,wheat,0.0
2020-21,23:6,wheat,0.0
2020-21,23:7,wheat,7.0
2020-21,23:8,wheat,3.0
2020-21,24:1,wheat,2.0
2020-21,24:2,wheat,0.0
2020-21,24:3,wheat,0.0
2020-21,24:4,wheat,0.0
2020-21,24:5,wheat,0.0
2020-21,25:1,wheat,0.0
2020-21,25:2,wheat,0.0
2020-21,25:3,wheat,0.0
2020-21,26:1,wheat,7.0
2020-21,26:2,wheat,0.0
2020-21,26:3,wheat,0.0
2020-21,26:4,wheat,0.0
2020-21,26:5,wheat,0.0
2020-21,26:6,wheat,0.0
2020-21,26:7,wheat,0.0
2020-21,27:1,wheat,0.0
2020-21,27:2,wheat,0.0
2020-21,27:3,wheat,0.0
2020-21,27:4,wheat,16.0
2020-21,28:5,wheat,0.0
2020-21,28:6,wheat,0.0
2020-21,28:7,wheat,4.0
2020-21,28:8,wheat,0.0
2020-21,29:1,wheat,0.0
2020-21,29:2,wheat,3.0
2020-21,29:3,wheat,0.0
2020-21,29:4,wheat,0.0
2020-21,29:5,wheat,0.0
2020-21,29:6,wheat,0.0
2020-21,2:1,wheat,6632.0
2020-21,2:2,wheat,2521.0
2020-21,2:3,wheat,7033.0
2020-21,2:4,wheat,2117.0
2020-21,2:5,wheat,1722.0
2020-21,2:6,wheat,1013.0
2020-21,30:10,wheat,2.0
2020-21,30:8,wheat,102.0
2020-21,30:9,wheat,43.0
2020-21,3:1,wheat,9197.0
2020-21,3:2,wheat,7530.0
2020-21,3:3,wheat,4896.0
2020-21,3:4,wheat,5482.0
2020-21,3:5,wheat,1355.0
2020-21,4:2+1,wheat,5775.0
2020-21,4:3,wheat,566.0
2020-21,4:4,wheat,30.0
2020-21,4:5,wheat,6.0
2020-21,4:6,wheat,93.0
2020-21,4:7,wheat,1204.0
2020-21,5:1,wheat,2438.0
2020-21,5:2,wheat,416.0
2020-21,5:3,wheat,816.0
2020-21,5:4,wheat,179.0
2020-21,5:5,wheat,1703.0
2020-21,6:1,wheat,92.0
2020-21,6:2,wheat,8.0
2020-21,6:3,wheat,6.0
2020-21,6:4,wheat,10.0
2020-21,6:5,wheat,16.0
2020-21,7:1,wheat,1543.0
2020-21,7:2,wheat,170.0
2020-21,7:3,wheat,7.0
2020-21,7:4,wheat,264.0
2020-21,8:1,wheat,10215.0
2020-21,8:2,wheat,4216.0
2020-21,8:3,wheat,3315.0
2020-21,8:4,wheat,824.0
2020-21,8:5,wheat,1424.0
2020-21,9:1,wheat,3502.0
2020-21,9:2,wheat,10954.0
2020-21,9:3,wheat,3104.0
2020-21,9:4,wheat,45.0
2020-21,9:5,wheat,4510.0
2020-21,10:1,pigeonpea (tur),0.0
2020-21,10:10,pigeonpea (tur),0.0
2020-21,10:11,pigeonpea (tur),0.0
2020-21,10:2,pigeonpea (tur),0.0
2020-21,10:3,pigeonpea (tur),0.0
2020-21,10:4,pigeonpea (tur),0.0
2020-21,10:5,pigeonpea (tur),2.0
2020-21,10:6,pigeonpea (tur),0.0
2020-21,10:7,pigeonpea (tur),0.0
2020-21,10:8,pigeonpea (tur),0.0
2020-21,10:9,pigeonpea (tur),0.0
2020-21,11:1,pigeonpea (tur),8.0
2020-21,11:2,pigeonpea (tur),527.0
2020-21,11:3,pigeonpea (tur),1.0
2020-21,11:4,pigeonpea (tur),161.0
2020-21,11:5,pigeonpea (tur),23.0
2020-21,11:6,pigeonpea (tur),21.0
2020-21,11:7,pigeonpea (tur),54.0
2020-21,12:3,pigeonpea (tur),55.0
2020-21,12:4,pigeonpea (tur),453.0
2020-21,12:5,pigeonpea (tur),1484.0
2020-21,12:6,pigeonpea (tur),221.0
2020-21,13:1,pigeonpea (tur),112.0
2020-21,13:2,pigeonpea (tur),3088.0
2020-21,13:3,pigeonpea (tur),348.0
2020-21,13:4,pigeonpea (tur),66.0
2020-21,13:5,pigeonpea (tur),340.0
2020-21,13:6,pigeonpea (tur),1819.0
2020-21,14:1,pigeonpea (tur),10.0
2020-21,14:3,pigeonpea (tur),291.0
2020-21,14:4,pigeonpea (tur),106.0
2020-21,14:5,pigeonpea (tur),232.0
2020-21,14:6,pigeonpea (tur),7.0
2020-21,15:1,pigeonpea (tur),0.0
2020-21,15:2,pigeonpea (tur),0.0
2020-21,15:3,pigeonpea (tur),7.0
2020-21,15:4,pigeonpea (tur),0.0
2020-21,15:5,pigeonpea (tur),1.0
2020-21,15:6,pigeonpea (tur),3.0
2020-21,15:7,pigeonpea (tur),1.0
2020-21,16:1,pigeonpea (tur),0.0
2020-21,16:2,pigeonpea (tur),1.0
2020-21,16:3,pigeonpea (tur),0.0
2020-21,17:1,pigeonpea (tur),0.0
2020-21,17:2,pigeonpea (tur),0.0
2020-21,17:3,pigeonpea (tur),0.0
2020-21,17:4,pigeonpea (tur),12.0
2020-21,17:5,pigeonpea (tur),129.0
2020-21,17:6,pigeonpea (tur),83.0
2020-21,17:7,pigeonpea (tur),0.0
2020-21,18:1,pigeonpea (tur),184.0
2020-21,18:10,pigeonpea (tur),189.0
2020-21,18:2,pigeonpea (tur),2536.0
2020-21,18:3,pigeonpea (tur),2930.0
2020-21,18:4,pigeonpea (tur),775.0
2020-21,18:5,pigeonpea (tur),503.0
2020-21,18:6,pigeonpea (tur),497.0
2020-21,18:7,pigeonpea (tur),230.0
2020-21,18:8,pigeonpea (tur),108.0
2020-21,18:9,pigeonpea (tur),35.0
2020-21,19:10,pigeonpea (tur),133.0
2020-21,19:11,pigeonpea (tur),596.0
2020-21,19:7,pigeonpea (tur),69.0
2020-21,19:8,pigeonpea (tur),130.0
2020-21,19:9,pigeonpea (tur),100.0
2020-21,1:1,pigeonpea (tur),40.0
2020-21,1:10,pigeonpea (tur),474.0
2020-21,1:2,pigeonpea (tur),13021.0
2020-21,1:3,pigeonpea (tur),98.0
2020-21,1:4,pigeonpea (tur),39.0
2020-21,1:5,pigeonpea (tur),14.0
2020-21,1:6,pigeonpea (tur),0.0
2020-21,1:7,pigeonpea (tur),1.0
2020-21,1:8,pigeonpea (tur),16.0
2020-21,1:9,pigeonpea (tur),608.0
2020-21,20:1,pigeonpea (tur),86.0
2020-21,20:2,pigeonpea (tur),534.0
2020-21,20:3,pigeonpea (tur),130.0
2020-21,20:4,pigeonpea (tur),84.0
2020-21,21:1,pigeonpea (tur),300.0
2020-21,21:2,pigeonpea (tur),313.0
2020-21,21:3,pigeonpea (tur),104.0
2020-21,21:4,pigeonpea (tur),105.0
2020-21,22:1,pigeonpea (tur),67.0
2020-21,22:2,pigeonpea (tur),42.0
2020-21,22:3,pigeonpea (tur),135.0
2020-21,22:4,pigeonpea (tur),20.0
2020-21,22:5,pigeonpea (tur),73.0
2020-21,22:6,pigeonpea (tur),8.0
2020-21,22:7,pigeonpea (tur),21.0
2020-21,23:1,pigeonpea (tur),0.0
2020-21,23:2,pigeonpea (tur),242.0
2020-21,23:3,pigeonpea (tur),233.0
2020-21,23:4,pigeonpea (tur),21.0
2020-21,23:5,pigeonpea (tur),0.0
2020-21,23:6,pigeonpea (tur),60.0
2020-21,23:7,pigeonpea (tur),184.0
2020-21,23:8,pigeonpea (tur),140.0
2020-21,24:1,pigeonpea (tur),0.0
2020-21,24:2,pigeonpea (tur),1.0
2020-21,24:3,pigeonpea (tur),0.0
2020-21,24:4,pigeonpea (tur),0.0
2020-21,24:5,pigeonpea (tur),0.0
2020-21,25:1,pigeonpea (tur),0.0
2020-21,25:2,pigeonpea (tur),3.0
2020-21,25:3,pigeonpea (tur),0.0
2020-21,26:1,pigeonpea (tur),67.0
2020-21,26:2,pigeonpea (tur),526.0
2020-21,26:3,pigeonpea (tur),203.0
2020-21,26:4,pigeonpea (tur),824.0
2020-21,26:5,pigeonpea (tur),344.0
2020-21,26:6,pigeonpea (tur),549.0
2020-21,26:7,pigeonpea (tur),17.0
2020-21,27:1,pigeonpea (tur),177.0
2020-21,27:2,pigeonpea (tur),110.0
2020-21,27:3,pigeonpea (tur),1.0
2020-21,27:4,pigeonpea (tur),31.0
2020-21,28:5,pigeonpea (tur),830.0
2020-21,28:6,pigeonpea (tur),547.0
2020-21,28:7,pigeonpea (tur),60.0
2020-21,28:8,pigeonpea (tur),207.0
2020-21,29:1,pigeonpea (tur),2928.0
2020-21,29:2,pigeonpea (tur),123.0
2020-21,29:3,pigeonpea (tur),464.0
2020-21,29:4,pigeonpea (tur),773.0
2020-21,29:5,pigeonpea (tur),540.0
2020-21,29:6,pigeonpea (tur),321.0
2020-21,2:1,pigeonpea (tur),9430.0
2020-21,2:2,pigeonpea (tur),629.0
2020-21,2:3,pigeonpea (tur),118.0
2020-21,2:4,pigeonpea (tur),2273.0
2020-21,2:5,pigeonpea (tur),10053.0
2020-21,2:6,pigeonpea (tur),28430.0
2020-21,30:10,pigeonpea (tur),23476.0
2020-21,30:8,pigeonpea (tur),57476.0
2020-21,30:9,pigeonpea (tur),28184.0
2020-21,3:1,pigeonpea (tur),103999.0
2020-21,3:2,pigeonpea (tur),116676.0
2020-21,3:3,pigeonpea (tur),110993.0
2020-21,3:4,pigeonpea (tur),74335.0
2020-21,3:5,pigeonpea (tur),91177.0
2020-21,4:2+1,pigeonpea (tur),176230.0
2020-21,4:3,pigeonpea (tur),103822.0
2020-21,4:4,pigeonpea (tur),53404.0
2020-21,4:5,pigeonpea (tur),51108.0
2020-21,4:6,pigeonpea (tur),118956.0
2020-21,4:7,pigeonpea (tur),103197.0
2020-21,5:1,pigeonpea (tur),34462.0
2020-21,5:2,pigeonpea (tur),24585.0
2020-21,5:3,pigeonpea (tur),30209.0
2020-21,5:4,pigeonpea (tur),13280.0
2020-21,5:5,pigeonpea (tur),25403.0
2020-21,6:1,pigeonpea (tur),68473.0
2020-21,6:2,pigeonpea (tur),20269.0
2020-21,6:3,pigeonpea (tur),27893.0
2020-21,6:4,pigeonpea (tur),23036.0
2020-21,6:5,pigeonpea (tur),4816.0
2020-21,7:1,pigeonpea (tur),7897.0
2020-21,7:2,pigeonpea (tur),19011.0
2020-21,7:3,pigeonpea (tur),4619.0
2020-21,7:4,pigeonpea (tur),2356.0
2020-21,8:1,pigeonpea (tur),12.0
2020-21,8:2,pigeonpea (tur),111.0
2020-21,8:3,pigeonpea (tur),128.0
2020-21,8:4,pigeonpea (tur),112.0
2020-21,8:5,pigeonpea (tur),265.0
2020-21,9:1,pigeonpea (tur),392.0
2020-21,9:2,pigeonpea (tur),16.0
2020-21,9:3,pigeonpea (tur),69.0
2020-21,9:4,pigeonpea (tur),45.0
2020-21,9:5,pigeonpea (tur),23.0
2020-21,10:1,horse gram,0.0
2020-21,10:10,horse gram,0.0
2020-21,10:11,horse gram,0.0
2020-21,10:2,horse gram,0.0
2020-21,10:3,horse gram,1348.0
2020-21,10:4,horse gram,0.0
2020-21,10:5,horse gram,107.0
2020-21,10:6,horse gram,0.0
2020-21,10:7,horse gram,1.0
2020-21,10:8,horse gram,0.0
2020-21,10:9,horse gram,0.0
2020-21,11:1,horse gram,134.0
2020-21,11:2,horse gram,69.0
2020-21,11:3,horse gram,1131.0
2020-21,11:4,horse gram,27.0
2020-21,11:5,horse gram,1315.0
2020-21,11:6,horse gram,1989.0
2020-21,11:7,horse gram,79.0
2020-21,12:3,horse gram,8.0
2020-21,12:4,horse gram,2.0
2020-21,12:5,horse gram,57.0
2020-21,12:6,horse gram,130.0
2020-21,13:1,horse gram,180.0
2020-21,13:2,horse gram,1942.0
2020-21,13:3,horse gram,463.0
2020-21,13:4,horse gram,49.0
2020-21,13:5,horse gram,2962.0
2020-21,13:6,horse gram,1257.0
2020-21,14:1,horse gram,1.0
2020-21,14:3,horse gram,36.0
2020-21,14:4,horse gram,10.0
2020-21,14:5,horse gram,246.0
2020-21,14:6,horse gram,7.0
2020-21,15:1,horse gram,4.0
2020-21,15:2,horse gram,8.0
2020-21,15:3,horse gram,148.0
2020-21,15:4,horse gram,2.0
2020-21,15:5,horse gram,0.0
2020-21,15:6,horse gram,3.0
2020-21,15:7,horse gram,6.0
2020-21,16:1,horse gram,2.0
2020-21,16:2,horse gram,8.0
2020-21,16:3,horse gram,12.0
2020-21,17:1,horse gram,0.0
2020-21,17:2,horse gram,0.0
2020-21,17:3,horse gram,0.0
2020-21,17:4,horse gram,657.0
2020-21,17:5,horse gram,2552.0
2020-21,17:6,horse gram,72.0
2020-21,17:7,horse gram,0.0
2020-21,18:1,horse gram,931.0
2020-21,18:10,horse gram,2677.0
2020-21,18:2,horse gram,3488.0
2020-21,18:3,horse gram,2884.0
2020-21,18:4,horse gram,2807.0
2020-21,18:5,horse gram,1751.0
2020-21,18:6,horse gram,1943.0
2020-21,18:7,horse gram,2241.0
2020-21,18:8,horse gram,446.0
2020-21,18:9,horse gram,916.0
2020-21,19:10,horse gram,1895.0
2020-21,19:11,horse gram,741.0
2020-21,19:7,horse gram,2504.0
2020-21,19:8,horse gram,480.0
2020-21,19:9,horse gram,397.0
2020-21,1:1,horse gram,120.0
2020-21,1:10,horse gram,355.0
2020-21,1:2,horse gram,136.0
2020-21,1:3,horse gram,19.0
2020-21,1:4,horse gram,113.0
2020-21,1:5,horse gram,446.0
2020-21,1:6,horse gram,18.0
2020-21,1:7,horse gram,5.0
2020-21,1:8,horse gram,246.0
2020-21,1:9,horse gram,187.0
2020-21,20:1,horse gram,114.0
2020-21,20:2,horse gram,250.0
2020-21,20:3,horse gram,323.0
2020-21,20:4,horse gram,21.0
2020-21,21:1,horse gram,303.0
2020-21,21:2,horse gram,324.0
2020-21,21:3,horse gram,273.0
2020-21,21:4,horse gram,189.0
2020-21,22:1,horse gram,3479.0
2020-21,22:2,horse gram,4287.0
2020-21,22:3,horse gram,1935.0
2020-21,22:4,horse gram,842.0
2020-21,22:5,horse gram,3046.0
2020-21,22:6,horse gram,1780.0
2020-21,22:7,horse gram,4947.0
2020-21,23:1,horse gram,0.0
2020-21,23:2,horse gram,82.0
2020-21,23:3,horse gram,1155.0
2020-21,23:4,horse gram,33.0
2020-21,23:5,horse gram,1.0
2020-21,23:6,horse gram,265.0
2020-21,23:7,horse gram,2318.0
2020-21,23:8,horse gram,712.0
2020-21,24:1,horse gram,0.0
2020-21,24:2,horse gram,0.0
2020-21,24:3,horse gram,0.0
2020-21,24:4,horse gram,0.0
2020-21,24:5,horse gram,0.0
2020-21,25:1,horse gram,0.0
2020-21,25:2,horse gram,2.0
2020-21,25:3,horse gram,0.0
2020-21,26:1,horse gram,997.0
2020-21,26:2,horse gram,2712.0
2020-21,26:3,horse gram,7812.0
2020-21,26:4,horse gram,4715.0
2020-21,26:5,horse gram,2457.0
2020-21,26:6,horse gram,14151.0
2020-21,26:7,horse gram,3416.0
2020-21,27:1,horse gram,15682.0
2020-21,27:2,horse gram,15533.0
2020-21,27:3,horse gram,323.0
2020-21,27:4,horse gram,8065.0
2020-21,28:5,horse gram,1157.0
2020-21,28:6,horse gram,1261.0
2020-21,28:7,horse gram,1515.0
2020-21,28:8,horse gram,4108.0
2020-21,29:1,horse gram,619.0
2020-21,29:2,horse gram,121.0
2020-21,29:3,horse gram,152.0
2020-21,29:4,horse gram,510.0
2020-21,29:5,horse gram,137.0
2020-21,29:6,horse gram,1537.0
2020-21,2:1,horse gram,122.0
2020-21,2:2,horse gram,4.0
2020-21,2:3,horse gram,318.0
2020-21,2:4,horse gram,235.0
2020-21,2:5,horse gram,23.0
2020-21,2:6,horse gram,36.0
2020-21,30:10,horse gram,8.0
2020-21,30:8,horse gram,12.0
2020-21,30:9,horse gram,1.0
2020-21,3:1,horse gram,298.0
2020-21,3:2,horse gram,128.0
2020-21,3:3,horse gram,25.0
2020-21,3:4,horse gram,17.0
2020-21,3:5,horse gram,62.0
2020-21,4:2+1,horse gram,37.0
2020-21,4:3,horse gram,10.0
2020-21,4:4,horse gram,3.0
2020-21,4:5,horse gram,6.0
2020-21,4:6,horse gram,0.0
2020-21,4:7,horse gram,9.0
2020-21,5:1,horse gram,46.0
2020-21,5:2,horse gram,45.0
2020-21,5:3,horse gram,14.0
2020-21,5:4,horse gram,29.0
2020-21,5:5,horse gram,41.0
2020-21,6:1,horse gram,125.0
2020-21,6:2,horse gram,4.0
2020-21,6:3,horse gram,4.0
2020-21,6:4,horse gram,37.0
2020-21,6:5,horse gram,7.0
2020-21,7:1,horse gram,1811.0
2020-21,7:2,horse gram,3101.0
2020-21,7:3,horse gram,366.0
2020-21,7:4,horse gram,615.0
2020-21,8:1,horse gram,0.0
2020-21,8:2,horse gram,10.0
2020-21,8:3,horse gram,84.0
2020-21,8:4,horse gram,87.0
2020-21,8:5,horse gram,131.0
2020-21,9:1,horse gram,388.0
2020-21,9:2,horse gram,3.0
2020-21,9:3,horse gram,52.0
2020-21,9:4,horse gram,2127.0
2020-21,9:5,horse gram,17.0
2020-21,10:1,black gram,12.0
2020-21,10:10,black gram,31.0
2020-21,10:11,black gram,6.0
2020-21,10:2,black gram,0.0
2020-21,10:3,black gram,5.0
2020-21,10:4,black gram,8.0
2020-21,10:5,black gram,61.0
2020-21,10:6,black gram,8.0
2020-21,10:7,black gram,36.0
2020-21,10:8,black gram,26.0
2020-21,10:9,black gram,24.0
2020-21,11:1,black gram,45.0
2020-21,11:2,black gram,2.0
2020-21,11:3,black gram,110.0
2020-21,11:4,black gram,37.0
2020-21,11:5,black gram,3.0
2020-21,11:6,black gram,0.0
2020-21,11:7,black gram,11.0
2020-21,12:3,black gram,0.0
2020-21,12:4,black gram,7.0
2020-21,12:5,black gram,31.0
2020-21,12:6,black gram,0.0
2020-21,13:1,black gram,0.0
2020-21,13:2,black gram,0.0
2020-21,13:3,black gram,0.0
2020-21,13:4,black gram,1.0
2020-21,13:5,black gram,0.0
2020-21,13:6,black gram,1.0
2020-21,14:1,black gram,1.0
2020-21,14:3,black gram,0.0
2020-21,14:4,black gram,8.0
2020-21,14:5,black gram,1.0
2020-21,14:6,black gram,2.0
2020-21,15:1,black gram,0.0
2020-21,15:2,black gram,3.0
2020-21,15:3,black gram,1.0
2020-21,15:4,black gram,0.0
2020-21,15:5,black gram,0.0
2020-21,15:6,black gram,2.0
2020-21,15:7,black gram,0.0
2020-21,16:1,black gram,623.0
2020-21,16:2,black gram,1808.0
2020-21,16:3,black gram,105.0
2020-21,17:1,black gram,0.0
2020-21,17:2,black gram,0.0
2020-21,17:3,black gram,0.0
2020-21,17:4,black gram,0.0
2020-21,17:5,black gram,5.0
2020-21,17:6,black gram,0.0
2020-21,17:7,black gram,0.0
2020-21,18:1,black gram,7.0
2020-21,18:10,black gram,138.0
2020-21,18:2,black gram,1.0
2020-21,18:3,black gram,0.0
2020-21,18:4,black gram,0.0
2020-21,18:5,black gram,0.0
2020-21,18:6,black gram,0.0
2020-21,18:7,black gram,11.0
2020-21,18:8,black gram,198.0
2020-21,18:9,black gram,9.0
2020-21,19:10,black gram,0.0
2020-21,19:11,black gram,2.0
2020-21,19:7,black gram,4.0
2020-21,19:8,black gram,3.0
2020-21,19:9,black gram,1.0
2020-21,1:1,black gram,434.0
2020-21,1:10,black gram,0.0
2020-21,1:2,black gram,6556.0
2020-21,1:3,black gram,25.0
2020-21,1:4,black gram,0.0
2020-21,1:5,black gram,184.0
2020-21,1:6,black gram,0.0
2020-21,1:7,black gram,0.0
2020-21,1:8,black gram,334.0
2020-21,1:9,black gram,738.0
2020-21,20:1,black gram,22.0
2020-21,20:2,black gram,2.0
2020-21,20:3,black gram,2.0
2020-21,20:4,black gram,0.0
2020-21,21:1,black gram,0.0
2020-21,21:2,black gram,3.0
2020-21,21:3,black gram,0.0
2020-21,21:4,black gram,17.0
2020-21,22:1,black gram,44.0
2020-21,22:2,black gram,4.0
2020-21,22:3,black gram,43.0
2020-21,22:4,black gram,85.0
2020-21,22:5,black gram,52.0
2020-21,22:6,black gram,110.0
2020-21,22:7,black gram,126.0
2020-21,23:1,black gram,0.0
2020-21,23:2,black gram,11.0
2020-21,23:3,black gram,65.0
2020-21,23:4,black gram,3.0
2020-21,23:5,black gram,0.0
2020-21,23:6,black gram,12.0
2020-21,23:7,black gram,51.0
2020-21,23:8,black gram,33.0
2020-21,24:1,black gram,2.0
2020-21,24:2,black gram,0.0
2020-21,24:3,black gram,0.0
2020-21,24:4,black gram,0.0
2020-21,24:5,black gram,0.0
2020-21,25:1,black gram,0.0
2020-21,25:2,black gram,0.0
2020-21,25:3,black gram,0.0
2020-21,26:1,black gram,119.0
2020-21,26:2,black gram,33.0
2020-21,26:3,black gram,570.0
2020-21,26:4,black gram,186.0
2020-21,26:5,black gram,44.0
2020-21,26:6,black gram,4067.0
2020-21,26:7,black gram,2203.0
2020-21,27:1,black gram,6.0
2020-21,27:2,black gram,1225.0
2020-21,27:3,black gram,1457.0
2020-21,27:4,black gram,960.0
2020-21,28:5,black gram,2.0
2020-21,28:6,black gram,1.0
2020-21,28:7,black gram,0.0
2020-21,28:8,black gram,3.0
2020-21,29:1,black gram,0.0
2020-21,29:2,black gram,0.0
2020-21,29:3,black gram,0.0
2020-21,29:4,black gram,12.0
2020-21,29:5,black gram,1.0
2020-21,29:6,black gram,0.0
2020-21,2:1,black gram,791.0
2020-21,2:2,black gram,2.0
2020-21,2:3,black gram,7.0
2020-21,2:4,black gram,5.0
2020-21,2:5,black gram,2.0
2020-21,2:6,black gram,9.0
2020-21,30:10,black gram,326.0
2020-21,30:8,black gram,1.0
2020-21,30:9,black gram,0.0
2020-21,3:1,black gram,144.0
2020-21,3:2,black gram,109.0
2020-21,3:3,black gram,13.0
2020-21,3:4,black gram,9.0
2020-21,3:5,black gram,0.0
2020-21,4:2+1,black gram,10084.0
2020-21,4:3,black gram,4262.0
2020-21,4:4,black gram,5781.0
2020-21,4:5,black gram,3228.0
2020-21,4:6,black gram,3582.0
2020-21,4:7,black gram,5.0
2020-21,5:1,black gram,1775.0
2020-21,5:2,black gram,4742.0
2020-21,5:3,black gram,4404.0
2020-21,5:4,black gram,2428.0
2020-21,5:5,black gram,2161.0
2020-21,6:1,black gram,0.0
2020-21,6:2,black gram,8.0
2020-21,6:3,black gram,0.0
2020-21,6:4,black gram,1.0
2020-21,6:5,black gram,3.0
2020-21,7:1,black gram,7.0
2020-21,7:2,black gram,1.0
2020-21,7:3,black gram,25.0
2020-21,7:4,black gram,20.0
2020-21,8:1,black gram,32.0
2020-21,8:2,black gram,2.0
2020-21,8:3,black gram,34.0
2020-21,8:4,black gram,13.0
2020-21,8:5,black gram,4.0
2020-21,9:1,black gram,3271.0
2020-21,9:2,black gram,148.0
2020-21,9:3,black gram,771.0
2020-21,9:4,black gram,18.0
2020-21,9:5,black gram,113.0
2020-21,10:1,green gram,2.0
2020-21,10:10,green gram,1.0
2020-21,10:11,green gram,2.0
2020-21,10:2,green gram,0.0
2020-21,10:3,green gram,1127.0
2020-21,10:4,green gram,7.0
2020-21,10:5,green gram,401.0
2020-21,10:6,green gram,1.0
2020-21,10:7,green gram,0.0
2020-21,10:8,green gram,3.0
2020-21,10:9,green gram,7.0
2020-21,11:1,green gram,2352.0
2020-21,11:2,green gram,420.0
2020-21,11:3,green gram,2278.0
2020-21,11:4,green gram,89.0
2020-21,11:5,green gram,262.0
2020-21,11:6,green gram,180.0
2020-21,11:7,green gram,55.0
2020-21,12:3,green gram,1.0
2020-21,12:4,green gram,2.0
2020-21,12:5,green gram,12.0
2020-21,12:6,green gram,12.0
2020-21,13:1,green gram,51.0
2020-21,13:2,green gram,102.0
2020-21,13:3,green gram,7.0
2020-21,13:4,green gram,4.0
2020-21,13:5,green gram,675.0
2020-21,13:6,green gram,34.0
2020-21,14:1,green gram,2.0
2020-21,14:3,green gram,7.0
2020-21,14:4,green gram,1.0
2020-21,14:5,green gram,16.0
2020-21,14:6,green gram,3.0
2020-21,15:1,green gram,3.0
2020-21,15:2,green gram,372.0
2020-21,15:3,green gram,64.0
2020-21,15:4,green gram,0.0
2020-21,15:5,green gram,0.0
2020-21,15:6,green gram,4.0
2020-21,15:7,green gram,1.0
2020-21,16:1,green gram,13.0
2020-21,16:2,green gram,42.0
2020-21,16:3,green gram,8.0
2020-21,17:1,green gram,0.0
2020-21,17:2,green gram,0.0
2020-21,17:3,green gram,0.0
2020-21,17:4,green gram,32.0
2020-21,17:5,green gram,221.0
2020-21,17:6,green gram,3.0
2020-21,17:7,green gram,0.0
2020-21,18:1,green gram,18.0
2020-21,18:10,green gram,309.0
2020-21,18:2,green gram,45.0
2020-21,18:3,green gram,30.0
2020-21,18:4,green gram,15.0
2020-21,18:5,green gram,14.0
2020-21,18:6,green gram,13.0
2020-21,18:7,green gram,27.0
2020-21,18:8,green gram,13.0
2020-21,18:9,green gram,39.0
2020-21,19:10,green gram,9.0
2020-21,19:11,green gram,50.0
2020-21,19:7,green gram,3.0
2020-21,19:8,green gram,5.0
2020-21,19:9,green gram,2.0
2020-21,1:1,green gram,177.0
2020-21,1:10,green gram,21023.0
2020-21,1:2,green gram,725.0
2020-21,1:3,green gram,44.0
2020-21,1:4,green gram,86.0
2020-21,1:5,green gram,26.0
2020-21,1:6,green gram,4.0
2020-21,1:7,green gram,33.0
2020-21,1:8,green gram,2391.0
2020-21,1:9,green gram,13249.0
2020-21,20:1,green gram,15.0
2020-21,20:2,green gram,9.0
2020-21,20:3,green gram,4.0
2020-21,20:4,green gram,0.0
2020-21,21:1,green gram,0.0
2020-21,21:2,green gram,1.0
2020-21,21:3,green gram,1.0
2020-21,21:4,green gram,3.0
2020-21,22:1,green gram,22.0
2020-21,22:2,green gram,14.0
2020-21,22:3,green gram,45.0
2020-21,22:4,green gram,123.0
2020-21,22:5,green gram,50.0
2020-21,22:6,green gram,96.0
2020-21,22:7,green gram,50.0
2020-21,23:1,green gram,0.0
2020-21,23:2,green gram,81.0
2020-21,23:3,green gram,155.0
2020-21,23:4,green gram,8.0
2020-21,23:5,green gram,1.0
2020-21,23:6,green gram,18.0
2020-21,23:7,green gram,42.0
2020-21,23:8,green gram,80.0
2020-21,24:1,green gram,0.0
2020-21,24:2,green gram,0.0
2020-21,24:3,green gram,0.0
2020-21,24:4,green gram,0.0
2020-21,24:5,green gram,0.0
2020-21,25:1,green gram,0.0
2020-21,25:2,green gram,0.0
2020-21,25:3,green gram,0.0
2020-21,26:1,green gram,6.0
2020-21,26:2,green gram,21.0
2020-21,26:3,green gram,211.0
2020-21,26:4,green gram,246.0
2020-21,26:5,green gram,164.0
2020-21,26:6,green gram,3689.0
2020-21,26:7,green gram,389.0
2020-21,27:1,green gram,32.0
2020-21,27:2,green gram,1015.0
2020-21,27:3,green gram,728.0
2020-21,27:4,green gram,184.0
2020-21,28:5,green gram,2.0
2020-21,28:6,green gram,0.0
2020-21,28:7,green gram,2.0
2020-21,28:8,green gram,3.0
2020-21,29:1,green gram,7.0
2020-21,29:2,green gram,1.0
2020-21,29:3,green gram,2.0
2020-21,29:4,green gram,32.0
2020-21,29:5,green gram,5.0
2020-21,29:6,green gram,21.0
2020-21,2:1,green gram,429.0
2020-21,2:2,green gram,105.0
2020-21,2:3,green gram,2671.0
2020-21,2:4,green gram,14029.0
2020-21,2:5,green gram,6170.0
2020-21,2:6,green gram,15898.0
2020-21,30:10,green gram,19171.0
2020-21,30:8,green gram,193.0
2020-21,30:9,green gram,4491.0
2020-21,3:1,green gram,7310.0
2020-21,3:2,green gram,1834.0
2020-21,3:3,green gram,120.0
2020-21,3:4,green gram,104.0
2020-21,3:5,green gram,95.0
2020-21,4:2+1,green gram,5745.0
2020-21,4:3,green gram,11103.0
2020-21,4:4,green gram,14262.0
2020-21,4:5,green gram,20705.0
2020-21,4:6,green gram,24796.0
2020-21,4:7,green gram,860.0
2020-21,5:1,green gram,2894.0
2020-21,5:2,green gram,8091.0
2020-21,5:3,green gram,3674.0
2020-21,5:4,green gram,5577.0
2020-21,5:5,green gram,6578.0
2020-21,6:1,green gram,298.0
2020-21,6:2,green gram,25.0
2020-21,6:3,green gram,10.0
2020-21,6:4,green gram,15.0
2020-21,6:5,green gram,12.0
2020-21,7:1,green gram,25216.0
2020-21,7:2,green gram,11095.0
2020-21,7:3,green gram,203.0
2020-21,7:4,green gram,1883.0
2020-21,8:1,green gram,18220.0
2020-21,8:2,green gram,25928.0
2020-21,8:3,green gram,24274.0
2020-21,8:4,green gram,6843.0
2020-21,8:5,green gram,9120.0
2020-21,9:1,green gram,10710.0
2020-21,9:2,green gram,25974.0
2020-21,9:3,green gram,7161.0
2020-21,9:4,green gram,2937.0
2020-21,9:5,green gram,1924.0
2020-21,10:1,field bean (avare),0.0
2020-21,10:10,field bean (avare),0.0
2020-21,10:11,field bean (avare),0.0
2020-21,10:2,field bean (avare),0.0
2020-21,10:3,field bean (avare),33.0
2020-21,10:4,field bean (avare),1.0
2020-21,10:5,field bean (avare),16.0
2020-21,10:6,field bean (avare),2.0
2020-21,10:7,field bean (avare),0.0
2020-21,10:8,field bean (avare),0.0
2020-21,10:9,field bean (avare),0.0
2020-21,11:1,field bean (avare),169.0
2020-21,11:2,field bean (avare),29.0
2020-21,11:3,field bean (avare),24.0
2020-21,11:4,field bean (avare),80.0
2020-21,11:5,field bean (avare),91.0
2020-21,11:6,field bean (avare),210.0
2020-21,11:7,field bean (avare),174.0
2020-21,12:3,field bean (avare),0.0
2020-21,12:4,field bean (avare),0.0
2020-21,12:5,field bean (avare),11.0
2020-21,12:6,field bean (avare),7.0
2020-21,13:1,field bean (avare),20.0
2020-21,13:2,field bean (avare),37.0
2020-21,13:3,field bean (avare),1150.0
2020-21,13:4,field bean (avare),82.0
2020-21,13:5,field bean (avare),352.0
2020-21,13:6,field bean (avare),60.0
2020-21,14:1,field bean (avare),29.0
2020-21,14:3,field bean (avare),155.0
2020-21,14:4,field bean (avare),89.0
2020-21,14:5,field bean (avare),11.0
2020-21,14:6,field bean (avare),23.0
2020-21,15:1,field bean (avare),0.0
2020-21,15:2,field bean (avare),2.0
2020-21,15:3,field bean (avare),2.0
2020-21,15:4,field bean (avare),2.0
2020-21,15:5,field bean (avare),0.0
2020-21,15:6,field bean (avare),4.0
2020-21,15:7,field bean (avare),3.0
2020-21,16:1,field bean (avare),42.0
2020-21,16:2,field bean (avare),2.0
2020-21,16:3,field bean (avare),0.0
2020-21,17:1,field bean (avare),0.0
2020-21,17:2,field bean (avare),0.0
2020-21,17:3,field bean (avare),0.0
2020-21,17:4,field bean (avare),112.0
2020-21,17:5,field bean (avare),227.0
2020-21,17:6,field bean (avare),590.0
2020-21,17:7,field bean (avare),0.0
2020-21,18:1,field bean (avare),118.0
2020-21,18:10,field bean (avare),193.0
2020-21,18:2,field bean (avare),38.0
2020-21,18:3,field bean (avare),44.0
2020-21,18:4,field bean (avare),113.0
2020-21,18:5,field bean (avare),67.0
2020-21,18:6,field bean (avare),128.0
2020-21,18:7,field bean (avare),142.0
2020-21,18:8,field bean (avare),404.0
2020-21,18:9,field bean (avare),882.0
2020-21,19:10,field bean (avare),582.0
2020-21,19:11,field bean (avare),829.0
2020-21,19:7,field bean (avare),3837.0
2020-21,19:8,field bean (avare),1635.0
2020-21,19:9,field bean (avare),907.0
2020-21,1:1,field bean (avare),59.0
2020-21,1:10,field bean (avare),25.0
2020-21,1:2,field bean (avare),98.0
2020-21,1:3,field bean (avare),128.0
2020-21,1:4,field bean (avare),74.0
2020-21,1:5,field bean (avare),130.0
2020-21,1:6,field bean (avare),1703.0
2020-21,1:7,field bean (avare),5.0
2020-21,1:8,field bean (avare),148.0
2020-21,1:9,field bean (avare),140.0
2020-21,20:1,field bean (avare),156.0
2020-21,20:2,field bean (avare),368.0
2020-21,20:3,field bean (avare),950.0
2020-21,20:4,field bean (avare),126.0
2020-21,21:1,field bean (avare),168.0
2020-21,21:2,field bean (avare),235.0
2020-21,21:3,field bean (avare),483.0
2020-21,21:4,field bean (avare),183.0
2020-21,22:1,field bean (avare),248.0
2020-21,22:2,field bean (avare),778.0
2020-21,22:3,field bean (avare),298.0
2020-21,22:4,field bean (avare),57.0
2020-21,22:5,field bean (avare),372.0
2020-21,22:6,field bean (avare),136.0
2020-21,22:7,field bean (avare),94.0
2020-21,23:1,field bean (avare),0.0
2020-21,23:2,field bean (avare),364.0
2020-21,23:3,field bean (avare),529.0
2020-21,23:4,field bean (avare),48.0
2020-21,23:5,field bean (avare),7.0
2020-21,23:6,field bean (avare),393.0
2020-21,23:7,field bean (avare),252.0
2020-21,23:8,field bean (avare),630.0
2020-21,24:1,field bean (avare),0.0
2020-21,24:2,field bean (avare),0.0
2020-21,24:3,field bean (avare),0.0
2020-21,24:4,field bean (avare),0.0
2020-21,24:5,field bean (avare),0.0
2020-21,25:1,field bean (avare),0.0
2020-21,25:2,field bean (avare),3.0
2020-21,25:3,field bean (avare),0.0
2020-21,26:1,field bean (avare),2991.0
2020-21,26:2,field bean (avare),8118.0
2020-21,26:3,field bean (avare),1787.0
2020-21,26:4,field bean (avare),1785.0
2020-21,26:5,field bean (avare),817.0
2020-21,26:6,field bean (avare),666.0
2020-21,26:7,field bean (avare),25.0
2020-21,27:1,field bean (avare),545.0
2020-21,27:2,field bean (avare),164.0
2020-21,27:3,field bean (avare),4.0
2020-21,27:4,field bean (avare),1043.0
2020-21,28:5,field bean (avare),410.0
2020-21,28:6,field bean (avare),556.0
2020-21,28:7,field bean (avare),211.0
2020-21,28:8,field bean (avare),793.0
2020-21,29:1,field bean (avare),824.0
2020-21,29:2,field bean (avare),122.0
2020-21,29:3,field bean (avare),72.0
2020-21,29:4,field bean (avare),91.0
2020-21,29:5,field bean (avare),567.0
2020-21,29:6,field bean (avare),906.0
2020-21,2:1,field bean (avare),65.0
2020-21,2:2,field bean (avare),13.0
2020-21,2:3,field bean (avare),36.0
2020-21,2:4,field bean (avare),11.0
2020-21,2:5,field bean (avare),14.0
2020-21,2:6,field bean (avare),17.0
2020-21,30:10,field bean (avare),6.0
2020-21,30:8,field bean (avare),3.0
2020-21,30:9,field bean (avare),2.0
2020-21,3:1,field bean (avare),47.0
2020-21,3:2,field bean (avare),22.0
2020-21,3:3,field bean (avare),32.0
2020-21,3:4,field bean (avare),46.0
2020-21,3:5,field bean (avare),1.0
2020-21,4:2+1,field bean (avare),14.0
2020-21,4:3,field bean (avare),16.0
2020-21,4:4,field bean (avare),10.0
2020-21,4:5,field bean (avare),0.0
2020-21,4:6,field bean (avare),2.0
2020-21,4:7,field bean (avare),0.0
2020-21,5:1,field bean (avare),9.0
2020-21,5:2,field bean (avare),2.0
2020-21,5:3,field bean (avare),3.0
2020-21,5:4,field bean (avare),1.0
2020-21,5:5,field bean (avare),7.0
2020-21,6:1,field bean (avare),1.0
2020-21,6:2,field bean (avare),0.0
2020-21,6:3,field bean (avare),6.0
2020-21,6:4,field bean (avare),1.0
2020-21,6:5,field bean (avare),2.0
2020-21,7:1,field bean (avare),70.0
2020-21,7:2,field bean (avare),97.0
2020-21,7:3,field bean (avare),21.0
2020-21,7:4,field bean (avare),47.0
2020-21,8:1,field bean (avare),9.0
2020-21,8:2,field bean (avare),23.0
2020-21,8:3,field bean (avare),22.0
2020-21,8:4,field bean (avare),22.0
2020-21,8:5,field bean (avare),5.0
2020-21,9:1,field bean (avare),136.0
2020-21,9:2,field bean (avare),12.0
2020-21,9:3,field bean (avare),4.0
2020-21,9:4,field bean (avare),19.0
2020-21,9:5,field bean (avare),8.0
2020-21,10:1,cowpea,0.0
2020-21,10:10,cowpea,2.0
2020-21,10:11,cowpea,2.0
2020-21,10:2,cowpea,0.0
2020-21,10:3,cowpea,127.0
2020-21,10:4,cowpea,7.0
2020-21,10:5,cowpea,64.0
2020-21,10:6,cowpea,5.0
2020-21,10:7,cowpea,1.0
2020-21,10:8,cowpea,7.0
2020-21,10:9,cowpea,12.0
2020-21,11:1,cowpea,100.0
2020-21,11:2,cowpea,431.0
2020-21,11:3,cowpea,279.0
2020-21,11:4,cowpea,630.0
2020-21,11:5,cowpea,87.0
2020-21,11:6,cowpea,144.0
2020-21,11:7,cowpea,172.0
2020-21,12:3,cowpea,84.0
2020-21,12:4,cowpea,36.0
2020-21,12:5,cowpea,78.0
2020-21,12:6,cowpea,52.0
2020-21,13:1,cowpea,9.0
2020-21,13:2,cowpea,14.0
2020-21,13:3,cowpea,106.0
2020-21,13:4,cowpea,1.0
2020-21,13:5,cowpea,46.0
2020-21,13:6,cowpea,15.0
2020-21,14:1,cowpea,16.0
2020-21,14:3,cowpea,47.0
2020-21,14:4,cowpea,85.0
2020-21,14:5,cowpea,204.0
2020-21,14:6,cowpea,23.0
2020-21,15:1,cowpea,0.0
2020-21,15:2,cowpea,12.0
2020-21,15:3,cowpea,22.0
2020-21,15:4,cowpea,0.0
2020-21,15:5,cowpea,0.0
2020-21,15:6,cowpea,13.0
2020-21,15:7,cowpea,5.0
2020-21,16:1,cowpea,15.0
2020-21,16:2,cowpea,134.0
2020-21,16:3,cowpea,14.0
2020-21,17:1,cowpea,1.0
2020-21,17:2,cowpea,0.0
2020-21,17:3,cowpea,0.0
2020-21,17:4,cowpea,54.0
2020-21,17:5,cowpea,47.0
2020-21,17:6,cowpea,61.0
2020-21,17:7,cowpea,0.0
2020-21,18:1,cowpea,21.0
2020-21,18:10,cowpea,69.0
2020-21,18:2,cowpea,64.0
2020-21,18:3,cowpea,19.0
2020-21,18:4,cowpea,34.0
2020-21,18:5,cowpea,31.0
2020-21,18:6,cowpea,80.0
2020-21,18:7,cowpea,78.0
2020-21,18:8,cowpea,144.0
2020-21,18:9,cowpea,204.0
2020-21,19:10,cowpea,61.0
2020-21,19:11,cowpea,219.0
2020-21,19:7,cowpea,18.0
2020-21,19:8,cowpea,34.0
2020-21,19:9,cowpea,34.0
2020-21,1:1,cowpea,18.0
2020-21,1:10,cowpea,412.0
2020-21,1:2,cowpea,5.0
2020-21,1:3,cowpea,0.0
2020-21,1:4,cowpea,32.0
2020-21,1:5,cowpea,4.0
2020-21,1:6,cowpea,1.0
2020-21,1:7,cowpea,0.0
2020-21,1:8,cowpea,32.0
2020-21,1:9,cowpea,140.0
2020-21,20:1,cowpea,129.0
2020-21,20:2,cowpea,113.0
2020-21,20:3,cowpea,49.0
2020-21,20:4,cowpea,18.0
2020-21,21:1,cowpea,41.0
2020-21,21:2,cowpea,39.0
2020-21,21:3,cowpea,101.0
2020-21,21:4,cowpea,17.0
2020-21,22:1,cowpea,3554.0
2020-21,22:2,cowpea,749.0
2020-21,22:3,cowpea,1573.0
2020-21,22:4,cowpea,526.0
2020-21,22:5,cowpea,468.0
2020-21,22:6,cowpea,363.0
2020-21,22:7,cowpea,273.0
2020-21,23:1,cowpea,1.0
2020-21,23:2,cowpea,105.0
2020-21,23:3,cowpea,689.0
2020-21,23:4,cowpea,81.0
2020-21,23:5,cowpea,1.0
2020-21,23:6,cowpea,3059.0
2020-21,23:7,cowpea,2138.0
2020-21,23:8,cowpea,551.0
2020-21,24:1,cowpea,3.0
2020-21,24:2,cowpea,2.0
2020-21,24:3,cowpea,1.0
2020-21,24:4,cowpea,0.0
2020-21,24:5,cowpea,0.0
2020-21,25:1,cowpea,0.0
2020-21,25:2,cowpea,12.0
2020-21,25:3,cowpea,0.0
2020-21,26:1,cowpea,1590.0
2020-21,26:2,cowpea,3186.0
2020-21,26:3,cowpea,3024.0
2020-21,26:4,cowpea,1377.0
2020-21,26:5,cowpea,836.0
2020-21,26:6,cowpea,3742.0
2020-21,26:7,cowpea,250.0
2020-21,27:1,cowpea,792.0
2020-21,27:2,cowpea,454.0
2020-21,27:3,cowpea,52.0
2020-21,27:4,cowpea,113.0
2020-21,28:5,cowpea,192.0
2020-21,28:6,cowpea,347.0
2020-21,28:7,cowpea,90.0
2020-21,28:8,cowpea,379.0
2020-21,29:1,cowpea,84.0
2020-21,29:2,cowpea,11.0
2020-21,29:3,cowpea,4.0
2020-21,29:4,cowpea,10.0
2020-21,29:5,cowpea,147.0
2020-21,29:6,cowpea,33.0
2020-21,2:1,cowpea,19.0
2020-21,2:2,cowpea,108.0
2020-21,2:3,cowpea,17.0
2020-21,2:4,cowpea,723.0
2020-21,2:5,cowpea,173.0
2020-21,2:6,cowpea,85.0
2020-21,30:10,cowpea,44.0
2020-21,30:8,cowpea,13.0
2020-21,30:9,cowpea,6.0
2020-21,3:1,cowpea,13.0
2020-21,3:2,cowpea,14.0
2020-21,3:3,cowpea,16.0
2020-21,3:4,cowpea,51.0
2020-21,3:5,cowpea,22.0
2020-21,4:2+1,cowpea,8.0
2020-21,4:3,cowpea,1.0
2020-21,4:4,cowpea,26.0
2020-21,4:5,cowpea,5.0
2020-21,4:6,cowpea,12.0
2020-21,4:7,cowpea,33.0
2020-21,5:1,cowpea,2.0
2020-21,5:2,cowpea,4.0
2020-21,5:3,cowpea,0.0
2020-21,5:4,cowpea,1.0
2020-21,5:5,cowpea,2.0
2020-21,6:1,cowpea,146.0
2020-21,6:2,cowpea,1.0
2020-21,6:3,cowpea,18.0
2020-21,6:4,cowpea,11.0
2020-21,6:5,cowpea,13.0
2020-21,7:1,cowpea,891.0
2020-21,7:2,cowpea,523.0
2020-21,7:3,cowpea,202.0
2020-21,7:4,cowpea,1539.0
2020-21,8:1,cowpea,31.0
2020-21,8:2,cowpea,24.0
2020-21,8:3,cowpea,75.0
2020-21,8:4,cowpea,866.0
2020-21,8:5,cowpea,411.0
2020-21,9:1,cowpea,46.0
2020-21,9:2,cowpea,29.0
2020-21,9:3,cowpea,39.0
2020-21,9:4,cowpea,57.0
2020-21,9:5,cowpea,40.0
2020-21,10:1,chickpea,0.0
2020-21,10:10,chickpea,0.0
2020-21,10:11,chickpea,0.0
2020-21,10:2,chickpea,0.0
2020-21,10:3,chickpea,8.0
2020-21,10:4,chickpea,0.0
2020-21,10:5,chickpea,3.0
2020-21,10:6,chickpea,0.0
2020-21,10:7,chickpea,0.0
2020-21,10:8,chickpea,0.0
2020-21,10:9,chickpea,0.0
2020-21,11:1,chickpea,389.0
2020-21,11:2,chickpea,124.0
2020-21,11:3,chickpea,67.0
2020-21,11:4,chickpea,1136.0
2020-21,11:5,chickpea,34.0
2020-21,11:6,chickpea,445.0
2020-21,11:7,chickpea,1378.0
2020-21,12:3,chickpea,76.0
2020-21,12:4,chickpea,1080.0
2020-21,12:5,chickpea,8564.0
2020-21,12:6,chickpea,56.0
2020-21,13:1,chickpea,499.0
2020-21,13:2,chickpea,3983.0
2020-21,13:3,chickpea,15431.0
2020-21,13:4,chickpea,2295.0
2020-21,13:5,chickpea,1924.0
2020-21,13:6,chickpea,10510.0
2020-21,14:1,chickpea,34.0
2020-21,14:3,chickpea,5739.0
2020-21,14:4,chickpea,13.0
2020-21,14:5,chickpea,76.0
2020-21,14:6,chickpea,440.0
2020-21,15:1,chickpea,0.0
2020-21,15:2,chickpea,0.0
2020-21,15:3,chickpea,5.0
2020-21,15:4,chickpea,0.0
2020-21,15:5,chickpea,0.0
2020-21,15:6,chickpea,0.0
2020-21,15:7,chickpea,0.0
2020-21,16:1,chickpea,0.0
2020-21,16:2,chickpea,16.0
2020-21,16:3,chickpea,0.0
2020-21,17:1,chickpea,0.0
2020-21,17:2,chickpea,0.0
2020-21,17:3,chickpea,0.0
2020-21,17:4,chickpea,4769.0
2020-21,17:5,chickpea,1752.0
2020-21,17:6,chickpea,195.0
2020-21,17:7,chickpea,0.0
2020-21,18:1,chickpea,3.0
2020-21,18:10,chickpea,16.0
2020-21,18:2,chickpea,229.0
2020-21,18:3,chickpea,107.0
2020-21,18:4,chickpea,70.0
2020-21,18:5,chickpea,57.0
2020-21,18:6,chickpea,7.0
2020-21,18:7,chickpea,26.0
2020-21,18:8,chickpea,0.0
2020-21,18:9,chickpea,2.0
2020-21,19:10,chickpea,23.0
2020-21,19:11,chickpea,63.0
2020-21,19:7,chickpea,12.0
2020-21,19:8,chickpea,11.0
2020-21,19:9,chickpea,21.0
2020-21,1:1,chickpea,5737.0
2020-21,1:10,chickpea,15545.0
2020-21,1:2,chickpea,21901.0
2020-21,1:3,chickpea,3838.0
2020-21,1:4,chickpea,6293.0
2020-21,1:5,chickpea,4724.0
2020-21,1:6,chickpea,1042.0
2020-21,1:7,chickpea,3.0
2020-21,1:8,chickpea,16933.0
2020-21,1:9,chickpea,31893.0
2020-21,20:1,chickpea,0.0
2020-21,20:2,chickpea,22.0
2020-21,20:3,chickpea,6.0
2020-21,20:4,chickpea,10.0
2020-21,21:1,chickpea,7.0
2020-21,21:2,chickpea,19.0
2020-21,21:3,chickpea,21.0
2020-21,21:4,chickpea,5.0
2020-21,22:1,chickpea,14.0
2020-21,22:2,chickpea,1.0
2020-21,22:3,chickpea,2.0
2020-21,22:4,chickpea,1.0
2020-21,22:5,chickpea,1.0
2020-21,22:6,chickpea,12.0
2020-21,22:7,chickpea,8.0
2020-21,23:1,chickpea,0.0
2020-21,23:2,chickpea,5.0
2020-21,23:3,chickpea,191.0
2020-21,23:4,chickpea,200.0
2020-21,23:5,chickpea,0.0
2020-21,23:6,chickpea,236.0
2020-21,23:7,chickpea,2.0
2020-21,23:8,chickpea,55.0
2020-21,24:1,chickpea,0.0
2020-21,24:2,chickpea,0.0
2020-21,24:3,chickpea,0.0
2020-21,24:4,chickpea,0.0
2020-21,24:5,chickpea,0.0
2020-21,25:1,chickpea,0.0
2020-21,25:2,chickpea,0.0
2020-21,25:3,chickpea,0.0
2020-21,26:1,chickpea,121.0
2020-21,26:2,chickpea,181.0
2020-21,26:3,chickpea,98.0
2020-21,26:4,chickpea,8.0
2020-21,26:5,chickpea,12.0
2020-21,26:6,chickpea,279.0
2020-21,26:7,chickpea,5.0
2020-21,27:1,chickpea,1511.0
2020-21,27:2,chickpea,1681.0
2020-21,27:3,chickpea,66.0
2020-21,27:4,chickpea,100.0
2020-21,28:5,chickpea,53.0
2020-21,28:6,chickpea,3.0
2020-21,28:7,chickpea,5.0
2020-21,28:8,chickpea,111.0
2020-21,29:1,chickpea,70.0
2020-21,29:2,chickpea,10.0
2020-21,29:3,chickpea,36.0
2020-21,29:4,chickpea,31.0
2020-21,29:5,chickpea,55.0
2020-21,29:6,chickpea,343.0
2020-21,2:1,chickpea,2843.0
2020-21,2:2,chickpea,2831.0
2020-21,2:3,chickpea,2863.0
2020-21,2:4,chickpea,9311.0
2020-21,2:5,chickpea,10880.0
2020-21,2:6,chickpea,51500.0
2020-21,30:10,chickpea,220.0
2020-21,30:8,chickpea,215.0
2020-21,30:9,chickpea,119.0
2020-21,3:1,chickpea,29305.0
2020-21,3:2,chickpea,23189.0
2020-21,3:3,chickpea,29820.0
2020-21,3:4,chickpea,18393.0
2020-21,3:5,chickpea,19081.0
2020-21,4:2+1,chickpea,47258.0
2020-21,4:3,chickpea,10440.0
2020-21,4:4,chickpea,10617.0
2020-21,4:5,chickpea,14685.0
2020-21,4:6,chickpea,6980.0
2020-21,4:7,chickpea,3216.0
2020-21,5:1,chickpea,8524.0
2020-21,5:2,chickpea,18857.0
2020-21,5:3,chickpea,11890.0
2020-21,5:4,chickpea,9242.0
2020-21,5:5,chickpea,6462.0
2020-21,6:1,chickpea,42607.0
2020-21,6:2,chickpea,626.0
2020-21,6:3,chickpea,14839.0
2020-21,6:4,chickpea,16329.0
2020-21,6:5,chickpea,32315.0
2020-21,7:1,chickpea,54070.0
2020-21,7:2,chickpea,13067.0
2020-21,7:3,chickpea,3925.0
2020-21,7:4,chickpea,12630.0
2020-21,8:1,chickpea,13094.0
2020-21,8:2,chickpea,43126.0
2020-21,8:3,chickpea,35326.0
2020-21,8:4,chickpea,4112.0
2020-21,8:5,chickpea,10555.0
2020-21,9:1,chickpea,18627.0
2020-21,9:2,chickpea,37975.0
2020-21,9:3,chickpea,15144.0
2020-21,9:4,chickpea,270.0
2020-21,9:5,chickpea,9363.0
2020-21,10:1,groundnut,10.0
2020-21,10:10,groundnut,104.0
2020-21,10:11,groundnut,185.0
2020-21,10:2,groundnut,1.0
2020-21,10:3,groundnut,7.0
2020-21,10:4,groundnut,0.0
2020-21,10:5,groundnut,57.0
2020-21,10:6,groundnut,1.0
2020-21,10:7,groundnut,560.0
2020-21,10:8,groundnut,331.0
2020-21,10:9,groundnut,1.0
2020-21,11:1,groundnut,5539.0
2020-21,11:2,groundnut,9853.0
2020-21,11:3,groundnut,1169.0
2020-21,11:4,groundnut,3445.0
2020-21,11:5,groundnut,683.0
2020-21,11:6,groundnut,288.0
2020-21,11:7,groundnut,1690.0
2020-21,12:3,groundnut,47.0
2020-21,12:4,groundnut,113.0
2020-21,12:5,groundnut,438.0
2020-21,12:6,groundnut,4329.0
2020-21,13:1,groundnut,22487.0
2020-21,13:2,groundnut,73293.0
2020-21,13:3,groundnut,6434.0
2020-21,13:4,groundnut,276.0
2020-21,13:5,groundnut,2184.0
2020-21,13:6,groundnut,14417.0
2020-21,14:1,groundnut,15.0
2020-21,14:3,groundnut,9856.0
2020-21,14:4,groundnut,79.0
2020-21,14:5,groundnut,855.0
2020-21,14:6,groundnut,26.0
2020-21,15:1,groundnut,15.0
2020-21,15:2,groundnut,39.0
2020-21,15:3,groundnut,57.0
2020-21,15:4,groundnut,2.0
2020-21,15:5,groundnut,0.0
2020-21,15:6,groundnut,4.0
2020-21,15:7,groundnut,1.0
2020-21,16:1,groundnut,1222.0
2020-21,16:2,groundnut,374.0
2020-21,16:3,groundnut,0.0
2020-21,17:1,groundnut,0.0
2020-21,17:2,groundnut,0.0
2020-21,17:3,groundnut,0.0
2020-21,17:4,groundnut,977.0
2020-21,17:5,groundnut,638.0
2020-21,17:6,groundnut,14.0
2020-21,17:7,groundnut,0.0
2020-21,18:1,groundnut,13.0
2020-21,18:10,groundnut,95.0
2020-21,18:2,groundnut,20816.0
2020-21,18:3,groundnut,13851.0
2020-21,18:4,groundnut,9332.0
2020-21,18:5,groundnut,4798.0
2020-21,18:6,groundnut,298.0
2020-21,18:7,groundnut,54.0
2020-21,18:8,groundnut,2.0
2020-21,18:9,groundnut,2.0
2020-21,19:10,groundnut,1757.0
2020-21,19:11,groundnut,5177.0
2020-21,19:7,groundnut,267.0
2020-21,19:8,groundnut,27.0
2020-21,19:9,groundnut,142.0
2020-21,1:1,groundnut,10143.0
2020-21,1:10,groundnut,6899.0
2020-21,1:2,groundnut,2595.0
2020-21,1:3,groundnut,652.0
2020-21,1:4,groundnut,635.0
2020-21,1:5,groundnut,3527.0
2020-21,1:6,groundnut,2856.0
2020-21,1:7,groundnut,751.0
2020-21,1:8,groundnut,2013.0
2020-21,1:9,groundnut,3824.0
2020-21,20:1,groundnut,18.0
2020-21,20:2,groundnut,116.0
2020-21,20:3,groundnut,4.0
2020-21,20:4,groundnut,5.0
2020-21,21:1,groundnut,26.0
2020-21,21:2,groundnut,157.0
2020-21,21:3,groundnut,4.0
2020-21,21:4,groundnut,3.0
2020-21,22:1,groundnut,2.0
2020-21,22:2,groundnut,12.0
2020-21,22:3,groundnut,2.0
2020-21,22:4,groundnut,39.0
2020-21,22:5,groundnut,8.0
2020-21,22:6,groundnut,51.0
2020-21,22:7,groundnut,160.0
2020-21,23:1,groundnut,0.0
2020-21,23:2,groundnut,96.0
2020-21,23:3,groundnut,118.0
2020-21,23:4,groundnut,25.0
2020-21,23:5,groundnut,3.0
2020-21,23:6,groundnut,35.0
2020-21,23:7,groundnut,156.0
2020-21,23:8,groundnut,17.0
2020-21,24:1,groundnut,0.0
2020-21,24:2,groundnut,0.0
2020-21,24:3,groundnut,0.0
2020-21,24:4,groundnut,0.0
2020-21,24:5,groundnut,0.0
2020-21,25:1,groundnut,0.0
2020-21,25:2,groundnut,9.0
2020-21,25:3,groundnut,0.0
2020-21,26:1,groundnut,10.0
2020-21,26:2,groundnut,183.0
2020-21,26:3,groundnut,63.0
2020-21,26:4,groundnut,11.0
2020-21,26:5,groundnut,36.0
2020-21,26:6,groundnut,318.0
2020-21,26:7,groundnut,833.0
2020-21,27:1,groundnut,3450.0
2020-21,27:2,groundnut,1069.0
2020-21,27:3,groundnut,0.0
2020-21,27:4,groundnut,64.0
2020-21,28:5,groundnut,47.0
2020-21,28:6,groundnut,87.0
2020-21,28:7,groundnut,160.0
2020-21,28:8,groundnut,616.0
2020-21,29:1,groundnut,2710.0
2020-21,29:2,groundnut,540.0
2020-21,29:3,groundnut,939.0
2020-21,29:4,groundnut,15783.0
2020-21,29:5,groundnut,950.0
2020-21,29:6,groundnut,4678.0
2020-21,2:1,groundnut,879.0
2020-21,2:2,groundnut,4350.0
2020-21,2:3,groundnut,900.0
2020-21,2:4,groundnut,13475.0
2020-21,2:5,groundnut,2854.0
2020-21,2:6,groundnut,1786.0
2020-21,30:10,groundnut,7183.0
2020-21,30:8,groundnut,2442.0
2020-21,30:9,groundnut,1138.0
2020-21,3:1,groundnut,5177.0
2020-21,3:2,groundnut,13077.0
2020-21,3:3,groundnut,10661.0
2020-21,3:4,groundnut,3500.0
2020-21,3:5,groundnut,4380.0
2020-21,4:2+1,groundnut,549.0
2020-21,4:3,groundnut,57.0
2020-21,4:4,groundnut,38.0
2020-21,4:5,groundnut,472.0
2020-21,4:6,groundnut,243.0
2020-21,4:7,groundnut,886.0
2020-21,5:1,groundnut,89.0
2020-21,5:2,groundnut,8.0
2020-21,5:3,groundnut,41.0
2020-21,5:4,groundnut,18.0
2020-21,5:5,groundnut,26.0
2020-21,6:1,groundnut,2832.0
2020-21,6:2,groundnut,1201.0
2020-21,6:3,groundnut,260.0
2020-21,6:4,groundnut,95.0
2020-21,6:5,groundnut,108.0
2020-21,7:1,groundnut,16886.0
2020-21,7:2,groundnut,6594.0
2020-21,7:3,groundnut,2071.0
2020-21,7:4,groundnut,3602.0
2020-21,8:1,groundnut,529.0
2020-21,8:2,groundnut,3019.0
2020-21,8:3,groundnut,13622.0
2020-21,8:4,groundnut,15124.0
2020-21,8:5,groundnut,7066.0
2020-21,9:1,groundnut,2720.0
2020-21,9:2,groundnut,4508.0
2020-21,9:3,groundnut,8302.0
2020-21,9:4,groundnut,348.0
2020-21,9:5,groundnut,20292.0
2020-21,10:1,sunflower,0.0
2020-21,10:10,sunflower,0.0
2020-21,10:11,sunflower,0.0
2020-21,10:2,sunflower,0.0
2020-21,10:3,sunflower,0.0
2020-21,10:4,sunflower,0.0
2020-21,10:5,sunflower,3.0
2020-21,10:6,sunflower,0.0
2020-21,10:7,sunflower,0.0
2020-21,10:8,sunflower,0.0
2020-21,10:9,sunflower,0.0
2020-21,11:1,sunflower,17.0
2020-21,11:2,sunflower,50.0
2020-21,11:3,sunflower,286.0
2020-21,11:4,sunflower,66.0
2020-21,11:5,sunflower,106.0
2020-21,11:6,sunflower,2681.0
2020-21,11:7,sunflower,641.0
2020-21,12:3,sunflower,27.0
2020-21,12:4,sunflower,1049.0
2020-21,12:5,sunflower,439.0
2020-21,12:6,sunflower,53.0
2020-21,13:1,sunflower,133.0
2020-21,13:2,sunflower,546.0
2020-21,13:3,sunflower,542.0
2020-21,13:4,sunflower,140.0
2020-21,13:5,sunflower,0.0
2020-21,13:6,sunflower,1217.0
2020-21,14:1,sunflower,265.0
2020-21,14:3,sunflower,757.0
2020-21,14:4,sunflower,44.0
2020-21,14:5,sunflower,124.0
2020-21,14:6,sunflower,1.0
2020-21,15:1,sunflower,0.0
2020-21,15:2,sunflower,0.0
2020-21,15:3,sunflower,853.0
2020-21,15:4,sunflower,0.0
2020-21,15:5,sunflower,0.0
2020-21,15:6,sunflower,0.0
2020-21,15:7,sunflower,0.0
2020-21,16:1,sunflower,0.0
2020-21,16:2,sunflower,0.0
2020-21,16:3,sunflower,0.0
2020-21,17:1,sunflower,0.0
2020-21,17:2,sunflower,0.0
2020-21,17:3,sunflower,0.0
2020-21,17:4,sunflower,5.0
2020-21,17:5,sunflower,286.0
2020-21,17:6,sunflower,37.0
2020-21,17:7,sunflower,0.0
2020-21,18:1,sunflower,1.0
2020-21,18:10,sunflower,0.0
2020-21,18:2,sunflower,19.0
2020-21,18:3,sunflower,2.0
2020-21,18:4,sunflower,0.0
2020-21,18:5,sunflower,2.0
2020-21,18:6,sunflower,0.0
2020-21,18:7,sunflower,0.0
2020-21,18:8,sunflower,0.0
2020-21,18:9,sunflower,0.0
2020-21,19:10,sunflower,2.0
2020-21,19:11,sunflower,0.0
2020-21,19:7,sunflower,0.0
2020-21,19:8,sunflower,0.0
2020-21,19:9,sunflower,3.0
2020-21,1:1,sunflower,27.0
2020-21,1:10,sunflower,3375.0
2020-21,1:2,sunflower,45.0
2020-21,1:3,sunflower,75.0
2020-21,1:4,sunflower,939.0
2020-21,1:5,sunflower,2.0
2020-21,1:6,sunflower,0.0
2020-21,1:7,sunflower,0.0
2020-21,1:8,sunflower,169.0
2020-21,1:9,sunflower,5690.0
2020-21,20:1,sunflower,4.0
2020-21,20:2,sunflower,0.0
2020-21,20:3,sunflower,2.0
2020-21,20:4,sunflower,0.0
2020-21,21:1,sunflower,5.0
2020-21,21:2,sunflower,1.0
2020-21,21:3,sunflower,1.0
2020-21,21:4,sunflower,0.0
2020-21,22:1,sunflower,0.0
2020-21,22:2,sunflower,1.0
2020-21,22:3,sunflower,1.0
2020-21,22:4,sunflower,0.0
2020-21,22:5,sunflower,0.0
2020-21,22:6,sunflower,2.0
2020-21,22:7,sunflower,38.0
2020-21,23:1,sunflower,0.0
2020-21,23:2,sunflower,88.0
2020-21,23:3,sunflower,0.0
2020-21,23:4,sunflower,1.0
2020-21,23:5,sunflower,0.0
2020-21,23:6,sunflower,0.0
2020-21,23:7,sunflower,0.0
2020-21,23:8,sunflower,0.0
2020-21,24:1,sunflower,0.0
2020-21,24:2,sunflower,0.0
2020-21,24:3,sunflower,0.0
2020-21,24:4,sunflower,0.0
2020-21,24:5,sunflower,0.0
2020-21,25:1,sunflower,0.0
2020-21,25:2,sunflower,0.0
2020-21,25:3,sunflower,0.0
2020-21,26:1,sunflower,0.0
2020-21,26:2,sunflower,1.0
2020-21,26:3,sunflower,1.0
2020-21,26:4,sunflower,1.0
2020-21,26:5,sunflower,4.0
2020-21,26:6,sunflower,403.0
2020-21,26:7,sunflower,135.0
2020-21,27:1,sunflower,15491.0
2020-21,27:2,sunflower,758.0
2020-21,27:3,sunflower,0.0
2020-21,27:4,sunflower,688.0
2020-21,28:5,sunflower,2.0
2020-21,28:6,sunflower,0.0
2020-21,28:7,sunflower,0.0
2020-21,28:8,sunflower,0.0
2020-21,29:1,sunflower,6.0
2020-21,29:2,sunflower,0.0
2020-21,29:3,sunflower,2.0
2020-21,29:4,sunflower,43.0
2020-21,29:5,sunflower,0.0
2020-21,29:6,sunflower,0.0
2020-21,2:1,sunflower,846.0
2020-21,2:2,sunflower,1282.0
2020-21,2:3,sunflower,328.0
2020-21,2:4,sunflower,8361.0
2020-21,2:5,sunflower,4238.0
2020-21,2:6,sunflower,5178.0
2020-21,30:10,sunflower,480.0
2020-21,30:8,sunflower,329.0
2020-21,30:9,sunflower,2.0
2020-21,3:1,sunflower,1119.0
2020-21,3:2,sunflower,1595.0
2020-21,3:3,sunflower,1837.0
2020-21,3:4,sunflower,2337.0
2020-21,3:5,sunflower,794.0
2020-21,4:2+1,sunflower,6122.0
2020-21,4:3,sunflower,4011.0
2020-21,4:4,sunflower,75.0
2020-21,4:5,sunflower,19.0
2020-21,4:6,sunflower,176.0
2020-21,4:7,sunflower,111.0
2020-21,5:1,sunflower,67.0
2020-21,5:2,sunflower,29.0
2020-21,5:3,sunflower,16.0
2020-21,5:4,sunflower,25.0
2020-21,5:5,sunflower,22.0
2020-21,6:1,sunflower,2084.0
2020-21,6:2,sunflower,175.0
2020-21,6:3,sunflower,13.0
2020-21,6:4,sunflower,167.0
2020-21,6:5,sunflower,189.0
2020-21,7:1,sunflower,6344.0
2020-21,7:2,sunflower,4715.0
2020-21,7:3,sunflower,778.0
2020-21,7:4,sunflower,7237.0
2020-21,8:1,sunflower,5204.0
2020-21,8:2,sunflower,2004.0
2020-21,8:3,sunflower,1480.0
2020-21,8:4,sunflower,1259.0
2020-21,8:5,sunflower,14333.0
2020-21,9:1,sunflower,7.0
2020-21,9:2,sunflower,930.0
2020-21,9:3,sunflower,10.0
2020-21,9:4,sunflower,0.0
2020-21,9:5,sunflower,37.0
2020-21,10:1,castor,0.0
2020-21,10:10,castor,0.0
2020-21,10:11,castor,0.0
2020-21,10:2,castor,0.0
2020-21,10:3,castor,0.0
2020-21,10:4,castor,0.0
2020-21,10:5,castor,0.0
2020-21,10:6,castor,0.0
2020-21,10:7,castor,0.0
2020-21,10:8,castor,0.0
2020-21,10:9,castor,0.0
2020-21,11:1,castor,0.0
2020-21,11:2,castor,0.0
2020-21,11:3,castor,0.0
2020-21,11:4,castor,0.0
2020-21,11:5,castor,0.0
2020-21,11:6,castor,2.0
2020-21,11:7,castor,1.0
2020-21,12:3,castor,2.0
2020-21,12:4,castor,178.0
2020-21,12:5,castor,25.0
2020-21,12:6,castor,13.0
2020-21,13:1,castor,108.0
2020-21,13:2,castor,60.0
2020-21,13:3,castor,88.0
2020-21,13:4,castor,33.0
2020-21,13:5,castor,134.0
2020-21,13:6,castor,88.0
2020-21,14:1,castor,0.0
2020-21,14:3,castor,21.0
2020-21,14:4,castor,1.0
2020-21,14:5,castor,2.0
2020-21,14:6,castor,0.0
2020-21,15:1,castor,0.0
2020-21,15:2,castor,0.0
2020-21,15:3,castor,0.0
2020-21,15:4,castor,0.0
2020-21,15:5,castor,0.0
2020-21,15:6,castor,0.0
2020-21,15:7,castor,0.0
2020-21,16:1,castor,0.0
2020-21,16:2,castor,0.0
2020-21,16:3,castor,0.0
2020-21,17:1,castor,0.0
2020-21,17:2,castor,0.0
2020-21,17:3,castor,0.0
2020-21,17:4,castor,1.0
2020-21,17:5,castor,20.0
2020-21,17:6,castor,16.0
2020-21,17:7,castor,0.0
2020-21,18:1,castor,88.0
2020-21,18:10,castor,1.0
2020-21,18:2,castor,35.0
2020-21,18:3,castor,230.0
2020-21,18:4,castor,33.0
2020-21,18:5,castor,26.0
2020-21,18:6,castor,10.0
2020-21,18:7,castor,14.0
2020-21,18:8,castor,157.0
2020-21,18:9,castor,4.0
2020-21,19:10,castor,0.0
2020-21,19:11,castor,0.0
2020-21,19:7,castor,0.0
2020-21,19:8,castor,2.0
2020-21,19:9,castor,2.0
2020-21,1:1,castor,0.0
2020-21,1:10,castor,0.0
2020-21,1:2,castor,0.0
2020-21,1:3,castor,0.0
2020-21,1:4,castor,0.0
2020-21,1:5,castor,0.0
2020-21,1:6,castor,0.0
2020-21,1:7,castor,0.0
2020-21,1:8,castor,0.0
2020-21,1:9,castor,0.0
2020-21,20:1,castor,4.0
2020-21,20:2,castor,0.0
2020-21,20:3,castor,1.0
2020-21,20:4,castor,1.0
2020-21,21:1,castor,6.0
2020-21,21:2,castor,14.0
2020-21,21:3,castor,0.0
2020-21,21:4,castor,0.0
2020-21,22:1,castor,4.0
2020-21,22:2,castor,1.0
2020-21,22:3,castor,15.0
2020-21,22:4,castor,10.0
2020-21,22:5,castor,1.0
2020-21,22:6,castor,0.0
2020-21,22:7,castor,2.0
2020-21,23:1,castor,0.0
2020-21,23:2,castor,6.0
2020-21,23:3,castor,191.0
2020-21,23:4,castor,69.0
2020-21,23:5,castor,0.0
2020-21,23:6,castor,0.0
2020-21,23:7,castor,104.0
2020-21,23:8,castor,7.0
2020-21,24:1,castor,0.0
2020-21,24:2,castor,0.0
2020-21,24:3,castor,0.0
2020-21,24:4,castor,0.0
2020-21,24:5,castor,0.0
2020-21,25:1,castor,0.0
2020-21,25:2,castor,0.0
2020-21,25:3,castor,0.0
2020-21,26:1,castor,1.0
2020-21,26:2,castor,4.0
2020-21,26:3,castor,1.0
2020-21,26:4,castor,17.0
2020-21,26:5,castor,33.0
2020-21,26:6,castor,130.0
2020-21,26:7,castor,2.0
2020-21,27:1,castor,94.0
2020-21,27:2,castor,61.0
2020-21,27:3,castor,0.0
2020-21,27:4,castor,81.0
2020-21,28:5,castor,87.0
2020-21,28:6,castor,24.0
2020-21,28:7,castor,7.0
2020-21,28:8,castor,98.0
2020-21,29:1,castor,49.0
2020-21,29:2,castor,0.0
2020-21,29:3,castor,0.0
2020-21,29:4,castor,1.0
2020-21,29:5,castor,0.0
2020-21,29:6,castor,0.0
2020-21,2:1,castor,0.0
2020-21,2:2,castor,1.0
2020-21,2:3,castor,0.0
2020-21,2:4,castor,0.0
2020-21,2:5,castor,0.0
2020-21,2:6,castor,8.0
2020-21,30:10,castor,129.0
2020-21,30:8,castor,0.0
2020-21,30:9,castor,1.0
2020-21,3:1,castor,2.0
2020-21,3:2,castor,2.0
2020-21,3:3,castor,0.0
2020-21,3:4,castor,13.0
2020-21,3:5,castor,2.0
2020-21,4:2+1,castor,0.0
2020-21,4:3,castor,0.0
2020-21,4:4,castor,3.0
2020-21,4:5,castor,11.0
2020-21,4:6,castor,0.0
2020-21,4:7,castor,0.0
2020-21,5:1,castor,0.0
2020-21,5:2,castor,0.0
2020-21,5:3,castor,0.0
2020-21,5:4,castor,0.0
2020-21,5:5,castor,0.0
2020-21,6:1,castor,0.0
2020-21,6:2,castor,0.0
2020-21,6:3,castor,664.0
2020-21,6:4,castor,0.0
2020-21,6:5,castor,0.0
2020-21,7:1,castor,58.0
2020-21,7:2,castor,81.0
2020-21,7:3,castor,525.0
2020-21,7:4,castor,55.0
2020-21,8:1,castor,0.0
2020-21,8:2,castor,0.0
2020-21,8:3,castor,0.0
2020-21,8:4,castor,3.0
2020-21,8:5,castor,7.0
2020-21,9:1,castor,0.0
2020-21,9:2,castor,0.0
2020-21,9:3,castor,0.0
2020-21,9:4,castor,0.0
2020-21,9:5,castor,0.0
2020-21,10:1,sesame,0.0
2020-21,10:10,sesame,1.0
2020-21,10:11,sesame,0.0
2020-21,10:2,sesame,0.0
2020-21,10:3,sesame,0.0
2020-21,10:4,sesame,0.0
2020-21,10:5,sesame,0.0
2020-21,10:6,sesame,0.0
2020-21,10:7,sesame,0.0
2020-21,10:8,sesame,0.0
2020-21,10:9,sesame,1.0
2020-21,11:1,sesame,5.0
2020-21,11:2,sesame,4.0
2020-21,11:3,sesame,0.0
2020-21,11:4,sesame,2.0
2020-21,11:5,sesame,0.0
2020-21,11:6,sesame,2.0
2020-21,11:7,sesame,1.0
2020-21,12:3,sesame,2.0
2020-21,12:4,sesame,4.0
2020-21,12:5,sesame,2.0
2020-21,12:6,sesame,41.0
2020-21,13:1,sesame,5.0
2020-21,13:2,sesame,3.0
2020-21,13:3,sesame,3.0
2020-21,13:4,sesame,4.0
2020-21,13:5,sesame,25.0
2020-21,13:6,sesame,8.0
2020-21,14:1,sesame,0.0
2020-21,14:3,sesame,2.0
2020-21,14:4,sesame,0.0
2020-21,14:5,sesame,0.0
2020-21,14:6,sesame,0.0
2020-21,15:1,sesame,0.0
2020-21,15:2,sesame,0.0
2020-21,15:3,sesame,0.0
2020-21,15:4,sesame,0.0
2020-21,15:5,sesame,0.0
2020-21,15:6,sesame,0.0
2020-21,15:7,sesame,0.0
2020-21,16:1,sesame,0.0
2020-21,16:2,sesame,34.0
2020-21,16:3,sesame,1.0
2020-21,17:1,sesame,0.0
2020-21,17:2,sesame,0.0
2020-21,17:3,sesame,0.0
2020-21,17:4,sesame,1.0
2020-21,17:5,sesame,55.0
2020-21,17:6,sesame,40.0
2020-21,17:7,sesame,0.0
2020-21,18:1,sesame,5.0
2020-21,18:10,sesame,12.0
2020-21,18:2,sesame,1.0
2020-21,18:3,sesame,0.0
2020-21,18:4,sesame,0.0
2020-21,18:5,sesame,0.0
2020-21,18:6,sesame,0.0
2020-21,18:7,sesame,0.0
2020-21,18:8,sesame,30.0
2020-21,18:9,sesame,0.0
2020-21,19:10,sesame,0.0
2020-21,19:11,sesame,0.0
2020-21,19:7,sesame,1.0
2020-21,19:8,sesame,1.0
2020-21,19:9,sesame,5.0
2020-21,1:1,sesame,3.0
2020-21,1:10,sesame,0.0
2020-21,1:2,sesame,0.0
2020-21,1:3,sesame,0.0
2020-21,1:4,sesame,7.0
2020-21,1:5,sesame,3.0
2020-21,1:6,sesame,2.0
2020-21,1:7,sesame,0.0
2020-21,1:8,sesame,9.0
2020-21,1:9,sesame,2.0
2020-21,20:1,sesame,3.0
2020-21,20:2,sesame,1.0
2020-21,20:3,sesame,0.0
2020-21,20:4,sesame,0.0
2020-21,21:1,sesame,0.0
2020-21,21:2,sesame,1.0
2020-21,21:3,sesame,1.0
2020-21,21:4,sesame,1.0
2020-21,22:1,sesame,742.0
2020-21,22:2,sesame,362.0
2020-21,22:3,sesame,149.0
2020-21,22:4,sesame,43.0
2020-21,22:5,sesame,458.0
2020-21,22:6,sesame,35.0
2020-21,22:7,sesame,552.0
2020-21,23:1,sesame,0.0
2020-21,23:2,sesame,2.0
2020-21,23:3,sesame,61.0
2020-21,23:4,sesame,1.0
2020-21,23:5,sesame,0.0
2020-21,23:6,sesame,20.0
2020-21,23:7,sesame,173.0
2020-21,23:8,sesame,16.0
2020-21,24:1,sesame,0.0
2020-21,24:2,sesame,0.0
2020-21,24:3,sesame,0.0
2020-21,24:4,sesame,0.0
2020-21,24:5,sesame,0.0
2020-21,25:1,sesame,0.0
2020-21,25:2,sesame,0.0
2020-21,25:3,sesame,0.0
2020-21,26:1,sesame,8.0
2020-21,26:2,sesame,163.0
2020-21,26:3,sesame,467.0
2020-21,26:4,sesame,75.0
2020-21,26:5,sesame,123.0
2020-21,26:6,sesame,216.0
2020-21,26:7,sesame,145.0
2020-21,27:1,sesame,235.0
2020-21,27:2,sesame,322.0
2020-21,27:3,sesame,3.0
2020-21,27:4,sesame,3219.0
2020-21,28:5,sesame,1.0
2020-21,28:6,sesame,0.0
2020-21,28:7,sesame,43.0
2020-21,28:8,sesame,303.0
2020-21,29:1,sesame,1.0
2020-21,29:2,sesame,0.0
2020-21,29:3,sesame,0.0
2020-21,29:4,sesame,0.0
2020-21,29:5,sesame,0.0
2020-21,29:6,sesame,0.0
2020-21,2:1,sesame,0.0
2020-21,2:2,sesame,0.0
2020-21,2:3,sesame,0.0
2020-21,2:4,sesame,62.0
2020-21,2:5,sesame,6.0
2020-21,2:6,sesame,481.0
2020-21,30:10,sesame,7.0
2020-21,30:8,sesame,75.0
2020-21,30:9,sesame,5.0
2020-21,3:1,sesame,28.0
2020-21,3:2,sesame,6.0
2020-21,3:3,sesame,32.0
2020-21,3:4,sesame,44.0
2020-21,3:5,sesame,208.0
2020-21,4:2+1,sesame,7032.0
2020-21,4:3,sesame,4930.0
2020-21,4:4,sesame,105.0
2020-21,4:5,sesame,17.0
2020-21,4:6,sesame,455.0
2020-21,4:7,sesame,545.0
2020-21,5:1,sesame,502.0
2020-21,5:2,sesame,10.0
2020-21,5:3,sesame,35.0
2020-21,5:4,sesame,39.0
2020-21,5:5,sesame,426.0
2020-21,6:1,sesame,734.0
2020-21,6:2,sesame,20.0
2020-21,6:3,sesame,1.0
2020-21,6:4,sesame,2.0
2020-21,6:5,sesame,72.0
2020-21,7:1,sesame,597.0
2020-21,7:2,sesame,5090.0
2020-21,7:3,sesame,453.0
2020-21,7:4,sesame,440.0
2020-21,8:1,sesame,1.0
2020-21,8:2,sesame,9.0
2020-21,8:3,sesame,13.0
2020-21,8:4,sesame,9.0
2020-21,8:5,sesame,97.0
2020-21,9:1,sesame,3.0
2020-21,9:2,sesame,2.0
2020-21,9:3,sesame,7.0
2020-21,9:4,sesame,1.0
2020-21,9:5,sesame,6.0
2020-21,10:1,niger seed,0.0
2020-21,10:10,niger seed,0.0
2020-21,10:11,niger seed,0.0
2020-21,10:2,niger seed,0.0
2020-21,10:3,niger seed,0.0
2020-21,10:4,niger seed,0.0
2020-21,10:5,niger seed,0.0
2020-21,10:6,niger seed,0.0
2020-21,10:7,niger seed,0.0
2020-21,10:8,niger seed,0.0
2020-21,10:9,niger seed,0.0
2020-21,11:1,niger seed,17.0
2020-21,11:2,niger seed,2.0
2020-21,11:3,niger seed,0.0
2020-21,11:4,niger seed,10.0
2020-21,11:5,niger seed,0.0
2020-21,11:6,niger seed,5.0
2020-21,11:7,niger seed,8.0
2020-21,12:3,niger seed,0.0
2020-21,12:4,niger seed,2.0
2020-21,12:5,niger seed,0.0
2020-21,12:6,niger seed,40.0
2020-21,13:1,niger seed,0.0
2020-21,13:2,niger seed,1.0
2020-21,13:3,niger seed,0.0
2020-21,13:4,niger seed,0.0
2020-21,13:5,niger seed,1.0
2020-21,13:6,niger seed,0.0
2020-21,14:1,niger seed,0.0
2020-21,14:3,niger seed,3.0
2020-21,14:4,niger seed,0.0
2020-21,14:5,niger seed,0.0
2020-21,14:6,niger seed,0.0
2020-21,15:1,niger seed,0.0
2020-21,15:2,niger seed,0.0
2020-21,15:3,niger seed,0.0
2020-21,15:4,niger seed,0.0
2020-21,15:5,niger seed,0.0
2020-21,15:6,niger seed,0.0
2020-21,15:7,niger seed,0.0
2020-21,16:1,niger seed,0.0
2020-21,16:2,niger seed,0.0
2020-21,16:3,niger seed,0.0
2020-21,17:1,niger seed,0.0
2020-21,17:2,niger seed,0.0
2020-21,17:3,niger seed,0.0
2020-21,17:4,niger seed,0.0
2020-21,17:5,niger seed,1.0
2020-21,17:6,niger seed,0.0
2020-21,17:7,niger seed,0.0
2020-21,18:1,niger seed,0.0
2020-21,18:10,niger seed,1.0
2020-21,18:2,niger seed,4.0
2020-21,18:3,niger seed,0.0
2020-21,18:4,niger seed,4.0
2020-21,18:5,niger seed,1.0
2020-21,18:6,niger seed,0.0
2020-21,18:7,niger seed,0.0
2020-21,18:8,niger seed,0.0
2020-21,18:9,niger seed,0.0
2020-21,19:10,niger seed,1.0
2020-21,19:11,niger seed,1.0
2020-21,19:7,niger seed,2.0
2020-21,19:8,niger seed,24.0
2020-21,19:9,niger seed,1.0
2020-21,1:1,niger seed,1.0
2020-21,1:10,niger seed,0.0
2020-21,1:2,niger seed,3.0
2020-21,1:3,niger seed,0.0
2020-21,1:4,niger seed,1.0
2020-21,1:5,niger seed,2.0
2020-21,1:6,niger seed,146.0
2020-21,1:7,niger seed,3.0
2020-21,1:8,niger seed,2.0
2020-21,1:9,niger seed,3.0
2020-21,20:1,niger seed,23.0
2020-21,20:2,niger seed,1.0
2020-21,20:3,niger seed,16.0
2020-21,20:4,niger seed,3.0
2020-21,21:1,niger seed,2.0
2020-21,21:2,niger seed,2.0
2020-21,21:3,niger seed,0.0
2020-21,21:4,niger seed,14.0
2020-21,22:1,niger seed,3.0
2020-21,22:2,niger seed,1.0
2020-21,22:3,niger seed,34.0
2020-21,22:4,niger seed,0.0
2020-21,22:5,niger seed,2.0
2020-21,22:6,niger seed,1.0
2020-21,22:7,niger seed,0.0
2020-21,23:1,niger seed,0.0
2020-21,23:2,niger seed,0.0
2020-21,23:3,niger seed,28.0
2020-21,23:4,niger seed,0.0
2020-21,23:5,niger seed,1.0
2020-21,23:6,niger seed,1.0
2020-21,23:7,niger seed,196.0
2020-21,23:8,niger seed,3.0
2020-21,24:1,niger seed,0.0
2020-21,24:2,niger seed,0.0
2020-21,24:3,niger seed,0.0
2020-21,24:4,niger seed,0.0
2020-21,24:5,niger seed,0.0
2020-21,25:1,niger seed,0.0
2020-21,25:2,niger seed,0.0
2020-21,25:3,niger seed,0.0
2020-21,26:1,niger seed,82.0
2020-21,26:2,niger seed,4.0
2020-21,26:3,niger seed,15.0
2020-21,26:4,niger seed,1.0
2020-21,26:5,niger seed,2.0
2020-21,26:6,niger seed,1.0
2020-21,26:7,niger seed,1.0
2020-21,27:1,niger seed,0.0
2020-21,27:2,niger seed,1.0
2020-21,27:3,niger seed,0.0
2020-21,27:4,niger seed,11.0
2020-21,28:5,niger seed,3.0
2020-21,28:6,niger seed,0.0
2020-21,28:7,niger seed,0.0
2020-21,28:8,niger seed,21.0
2020-21,29:1,niger seed,2.0
2020-21,29:2,niger seed,0.0
2020-21,29:3,niger seed,3.0
2020-21,29:4,niger seed,0.0
2020-21,29:5,niger seed,1.0
2020-21,29:6,niger seed,1.0
2020-21,2:1,niger seed,0.0
2020-21,2:2,niger seed,1.0
2020-21,2:3,niger seed,9.0
2020-21,2:4,niger seed,2.0
2020-21,2:5,niger seed,2.0
2020-21,2:6,niger seed,0.0
2020-21,30:10,niger seed,0.0
2020-21,30:8,niger seed,21.0
2020-21,30:9,niger seed,0.0
2020-21,3:1,niger seed,6.0
2020-21,3:2,niger seed,5.0
2020-21,3:3,niger seed,0.0
2020-21,3:4,niger seed,3.0
2020-21,3:5,niger seed,3.0
2020-21,4:2+1,niger seed,3.0
2020-21,4:3,niger seed,9.0
2020-21,4:4,niger seed,0.0
2020-21,4:5,niger seed,0.0
2020-21,4:6,niger seed,0.0
2020-21,4:7,niger seed,2.0
2020-21,5:1,niger seed,98.0
2020-21,5:2,niger seed,2.0
2020-21,5:3,niger seed,3.0
2020-21,5:4,niger seed,7.0
2020-21,5:5,niger seed,112.0
2020-21,6:1,niger seed,0.0
2020-21,6:2,niger seed,1.0
2020-21,6:3,niger seed,9.0
2020-21,6:4,niger seed,1.0
2020-21,6:5,niger seed,0.0
2020-21,7:1,niger seed,16.0
2020-21,7:2,niger seed,11.0
2020-21,7:3,niger seed,2.0
2020-21,7:4,niger seed,7.0
2020-21,8:1,niger seed,1.0
2020-21,8:2,niger seed,0.0
2020-21,8:3,niger seed,4.0
2020-21,8:4,niger seed,37.0
2020-21,8:5,niger seed,28.0
2020-21,9:1,niger seed,7.0
2020-21,9:2,niger seed,6.0
2020-21,9:3,niger seed,4.0
2020-21,9:4,niger seed,8.0
2020-21,9:5,niger seed,5.0
2020-21,10:1,soybean,0.0
2020-21,10:10,soybean,0.0
2020-21,10:11,soybean,0.0
2020-21,10:2,soybean,0.0
2020-21,10:3,soybean,0.0
2020-21,10:4,soybean,0.0
2020-21,10:5,soybean,22.0
2020-21,10:6,soybean,0.0
2020-21,10:7,soybean,0.0
2020-21,10:8,soybean,0.0
2020-21,10:9,soybean,0.0
2020-21,11:1,soybean,2133.0
2020-21,11:2,soybean,293.0
2020-21,11:3,soybean,1922.0
2020-21,11:4,soybean,1451.0
2020-21,11:5,soybean,147.0
2020-21,11:6,soybean,29.0
2020-21,11:7,soybean,49.0
2020-21,12:3,soybean,0.0
2020-21,12:4,soybean,0.0
2020-21,12:5,soybean,0.0
2020-21,12:6,soybean,1.0
2020-21,13:1,soybean,0.0
2020-21,13:2,soybean,0.0
2020-21,13:3,soybean,2.0
2020-21,13:4,soybean,1.0
2020-21,13:5,soybean,1.0
2020-21,13:6,soybean,12.0
2020-21,14:1,soybean,1.0
2020-21,14:3,soybean,0.0
2020-21,14:4,soybean,1.0
2020-21,14:5,soybean,1.0
2020-21,14:6,soybean,3.0
2020-21,15:1,soybean,0.0
2020-21,15:2,soybean,0.0
2020-21,15:3,soybean,1.0
2020-21,15:4,soybean,0.0
2020-21,15:5,soybean,0.0
2020-21,15:6,soybean,0.0
2020-21,15:7,soybean,0.0
2020-21,16:1,soybean,0.0
2020-21,16:2,soybean,0.0
2020-21,16:3,soybean,0.0
2020-21,17:1,soybean,0.0
2020-21,17:2,soybean,0.0
2020-21,17:3,soybean,0.0
2020-21,17:4,soybean,7.0
2020-21,17:5,soybean,0.0
2020-21,17:6,soybean,8.0
2020-21,17:7,soybean,0.0
2020-21,18:1,soybean,0.0
2020-21,18:10,soybean,2.0
2020-21,18:2,soybean,3.0
2020-21,18:3,soybean,2.0
2020-21,18:4,soybean,1.0
2020-21,18:5,soybean,1.0
2020-21,18:6,soybean,1.0
2020-21,18:7,soybean,1.0
2020-21,18:8,soybean,0.0
2020-21,18:9,soybean,0.0
2020-21,19:10,soybean,1.0
2020-21,19:11,soybean,12.0
2020-21,19:7,soybean,0.0
2020-21,19:8,soybean,1.0
2020-21,19:9,soybean,8.0
2020-21,1:1,soybean,12852.0
2020-21,1:10,soybean,12.0
2020-21,1:2,soybean,507.0
2020-21,1:3,soybean,224.0
2020-21,1:4,soybean,2334.0
2020-21,1:5,soybean,22726.0
2020-21,1:6,soybean,7077.0
2020-21,1:7,soybean,5.0
2020-21,1:8,soybean,36795.0
2020-21,1:9,soybean,706.0
2020-21,20:1,soybean,1.0
2020-21,20:2,soybean,0.0
2020-21,20:3,soybean,2.0
2020-21,20:4,soybean,0.0
2020-21,21:1,soybean,0.0
2020-21,21:2,soybean,0.0
2020-21,21:3,soybean,1.0
2020-21,21:4,soybean,0.0
2020-21,22:1,soybean,3.0
2020-21,22:2,soybean,0.0
2020-21,22:3,soybean,14.0
2020-21,22:4,soybean,2.0
2020-21,22:5,soybean,2.0
2020-21,22:6,soybean,11.0
2020-21,22:7,soybean,11.0
2020-21,23:1,soybean,0.0
2020-21,23:2,soybean,26.0
2020-21,23:3,soybean,7.0
2020-21,23:4,soybean,41.0
2020-21,23:5,soybean,0.0
2020-21,23:6,soybean,2.0
2020-21,23:7,soybean,4.0
2020-21,23:8,soybean,2.0
2020-21,24:1,soybean,0.0
2020-21,24:2,soybean,0.0
2020-21,24:3,soybean,0.0
2020-21,24:4,soybean,0.0
2020-21,24:5,soybean,0.0
2020-21,25:1,soybean,0.0
2020-21,25:2,soybean,0.0
2020-21,25:3,soybean,0.0
2020-21,26:1,soybean,2.0
2020-21,26:2,soybean,20.0
2020-21,26:3,soybean,6.0
2020-21,26:4,soybean,30.0
2020-21,26:5,soybean,11.0
2020-21,26:6,soybean,4.0
2020-21,26:7,soybean,4.0
2020-21,27:1,soybean,65.0
2020-21,27:2,soybean,14.0
2020-21,27:3,soybean,0.0
2020-21,27:4,soybean,0.0
2020-21,28:5,soybean,1.0
2020-21,28:6,soybean,0.0
2020-21,28:7,soybean,0.0
2020-21,28:8,soybean,1.0
2020-21,29:1,soybean,0.0
2020-21,29:2,soybean,0.0
2020-21,29:3,soybean,0.0
2020-21,29:4,soybean,0.0
2020-21,29:5,soybean,0.0
2020-21,29:6,soybean,1.0
2020-21,2:1,soybean,203.0
2020-21,2:2,soybean,11.0
2020-21,2:3,soybean,409.0
2020-21,2:4,soybean,1.0
2020-21,2:5,soybean,14.0
2020-21,2:6,soybean,3.0
2020-21,30:10,soybean,4.0
2020-21,30:8,soybean,0.0
2020-21,30:9,soybean,0.0
2020-21,3:1,soybean,6.0
2020-21,3:2,soybean,12.0
2020-21,3:3,soybean,1.0
2020-21,3:4,soybean,6.0
2020-21,3:5,soybean,15.0
2020-21,4:2+1,soybean,10991.0
2020-21,4:3,soybean,5727.0
2020-21,4:4,soybean,2205.0
2020-21,4:5,soybean,8.0
2020-21,4:6,soybean,242.0
2020-21,4:7,soybean,9.0
2020-21,5:1,soybean,39891.0
2020-21,5:2,soybean,48796.0
2020-21,5:3,soybean,67359.0
2020-21,5:4,soybean,18938.0
2020-21,5:5,soybean,19817.0
2020-21,6:1,soybean,17.0
2020-21,6:2,soybean,0.0
2020-21,6:3,soybean,0.0
2020-21,6:4,soybean,0.0
2020-21,6:5,soybean,0.0
2020-21,7:1,soybean,19.0
2020-21,7:2,soybean,1.0
2020-21,7:3,soybean,10.0
2020-21,7:4,soybean,3.0
2020-21,8:1,soybean,6.0
2020-21,8:2,soybean,1.0
2020-21,8:3,soybean,28.0
2020-21,8:4,soybean,18.0
2020-21,8:5,soybean,8.0
2020-21,9:1,soybean,12138.0
2020-21,9:2,soybean,44.0
2020-21,9:3,soybean,8638.0
2020-21,9:4,soybean,10700.0
2020-21,9:5,soybean,879.0
2020-21,10:1,linseed,0.0
2020-21,10:10,linseed,0.0
2020-21,10:11,linseed,0.0
2020-21,10:2,linseed,0.0
2020-21,10:3,linseed,0.0
2020-21,10:4,linseed,0.0
2020-21,10:5,linseed,0.0
2020-21,10:6,linseed,0.0
2020-21,10:7,linseed,0.0
2020-21,10:8,linseed,0.0
2020-21,10:9,linseed,0.0
2020-21,11:1,linseed,1.0
2020-21,11:2,linseed,0.0
2020-21,11:3,linseed,3.0
2020-21,11:4,linseed,0.0
2020-21,11:5,linseed,0.0
2020-21,11:6,linseed,1.0
2020-21,11:7,linseed,0.0
2020-21,12:3,linseed,0.0
2020-21,12:4,linseed,0.0
2020-21,12:5,linseed,0.0
2020-21,12:6,linseed,0.0
2020-21,13:1,linseed,9.0
2020-21,13:2,linseed,7.0
2020-21,13:3,linseed,1.0
2020-21,13:4,linseed,0.0
2020-21,13:5,linseed,0.0
2020-21,13:6,linseed,21.0
2020-21,14:1,linseed,0.0
2020-21,14:3,linseed,0.0
2020-21,14:4,linseed,0.0
2020-21,14:5,linseed,0.0
2020-21,14:6,linseed,0.0
2020-21,15:1,linseed,0.0
2020-21,15:2,linseed,0.0
2020-21,15:3,linseed,1.0
2020-21,15:4,linseed,0.0
2020-21,15:5,linseed,0.0
2020-21,15:6,linseed,0.0
2020-21,15:7,linseed,0.0
2020-21,16:1,linseed,0.0
2020-21,16:2,linseed,0.0
2020-21,16:3,linseed,0.0
2020-21,17:1,linseed,0.0
2020-21,17:2,linseed,0.0
2020-21,17:3,linseed,0.0
2020-21,17:4,linseed,0.0
2020-21,17:5,linseed,0.0
2020-21,17:6,linseed,0.0
2020-21,17:7,linseed,0.0
2020-21,18:1,linseed,2.0
2020-21,18:10,linseed,1.0
2020-21,18:2,linseed,296.0
2020-21,18:3,linseed,21.0
2020-21,18:4,linseed,138.0
2020-21,18:5,linseed,43.0
2020-21,18:6,linseed,4.0
2020-21,18:7,linseed,1.0
2020-21,18:8,linseed,0.0
2020-21,18:9,linseed,0.0
2020-21,19:10,linseed,0.0
2020-21,19:11,linseed,0.0
2020-21,19:7,linseed,0.0
2020-21,19:8,linseed,0.0
2020-21,19:9,linseed,0.0
2020-21,1:1,linseed,0.0
2020-21,1:10,linseed,0.0
2020-21,1:2,linseed,1.0
2020-21,1:3,linseed,0.0
2020-21,1:4,linseed,0.0
2020-21,1:5,linseed,0.0
2020-21,1:6,linseed,1.0
2020-21,1:7,linseed,0.0
2020-21,1:8,linseed,0.0
2020-21,1:9,linseed,102.0
2020-21,20:1,linseed,2.0
2020-21,20:2,linseed,0.0
2020-21,20:3,linseed,0.0
2020-21,20:4,linseed,0.0
2020-21,21:1,linseed,0.0
2020-21,21:2,linseed,3.0
2020-21,21:3,linseed,1.0
2020-21,21:4,linseed,0.0
2020-21,22:1,linseed,0.0
2020-21,22:2,linseed,0.0
2020-21,22:3,linseed,1.0
2020-21,22:4,linseed,0.0
2020-21,22:5,linseed,3.0
2020-21,22:6,linseed,0.0
2020-21,22:7,linseed,1.0
2020-21,23:1,linseed,0.0
2020-21,23:2,linseed,0.0
2020-21,23:3,linseed,0.0
2020-21,23:4,linseed,1.0
2020-21,23:5,linseed,0.0
2020-21,23:6,linseed,0.0
2020-21,23:7,linseed,0.0
2020-21,23:8,linseed,0.0
2020-21,24:1,linseed,0.0
2020-21,24:2,linseed,0.0
2020-21,24:3,linseed,0.0
2020-21,24:4,linseed,0.0
2020-21,24:5,linseed,0.0
2020-21,25:1,linseed,0.0
2020-21,25:2,linseed,0.0
2020-21,25:3,linseed,0.0
2020-21,26:1,linseed,4.0
2020-21,26:2,linseed,0.0
2020-21,26:3,linseed,0.0
2020-21,26:4,linseed,0.0
2020-21,26:5,linseed,0.0
2020-21,26:6,linseed,1.0
2020-21,26:7,linseed,1.0
2020-21,27:1,linseed,0.0
2020-21,27:2,linseed,0.0
2020-21,27:3,linseed,11.0
2020-21,27:4,linseed,0.0
2020-21,28:5,linseed,0.0
2020-21,28:6,linseed,0.0
2020-21,28:7,linseed,0.0
2020-21,28:8,linseed,0.0
2020-21,29:1,linseed,65.0
2020-21,29:2,linseed,0.0
2020-21,29:3,linseed,0.0
2020-21,29:4,linseed,0.0
2020-21,29:5,linseed,0.0
2020-21,29:6,linseed,0.0
2020-21,2:1,linseed,1.0
2020-21,2:2,linseed,0.0
2020-21,2:3,linseed,0.0
2020-21,2:4,linseed,22.0
2020-21,2:5,linseed,3.0
2020-21,2:6,linseed,1.0
2020-21,30:10,linseed,0.0
2020-21,30:8,linseed,0.0
2020-21,30:9,linseed,0.0
2020-21,3:1,linseed,1.0
2020-21,3:2,linseed,1.0
2020-21,3:3,linseed,1.0
2020-21,3:4,linseed,11.0
2020-21,3:5,linseed,1.0
2020-21,4:2+1,linseed,0.0
2020-21,4:3,linseed,0.0
2020-21,4:4,linseed,0.0
2020-21,4:5,linseed,0.0
2020-21,4:6,linseed,0.0
2020-21,4:7,linseed,0.0
2020-21,5:1,linseed,0.0
2020-21,5:2,linseed,0.0
2020-21,5:3,linseed,0.0
2020-21,5:4,linseed,1.0
2020-21,5:5,linseed,4.0
2020-21,6:1,linseed,0.0
2020-21,6:2,linseed,0.0
2020-21,6:3,linseed,5.0
2020-21,6:4,linseed,0.0
2020-21,6:5,linseed,0.0
2020-21,7:1,linseed,0.0
2020-21,7:2,linseed,1.0
2020-21,7:3,linseed,1.0
2020-21,7:4,linseed,2.0
2020-21,8:1,linseed,0.0
2020-21,8:2,linseed,0.0
2020-21,8:3,linseed,9.0
2020-21,8:4,linseed,0.0
2020-21,8:5,linseed,1.0
2020-21,9:1,linseed,0.0
2020-21,9:2,linseed,0.0
2020-21,9:3,linseed,0.0
2020-21,9:4,linseed,1.0
2020-21,9:5,linseed,0.0
2020-21,10:1,cotton,0.0
2020-21,10:10,cotton,0.0
2020-21,10:11,cotton,0.0
2020-21,10:2,cotton,0.0
2020-21,10:3,cotton,432.0
2020-21,10:4,cotton,46.0
2020-21,10:5,cotton,36.0
2020-21,10:6,cotton,1.0
2020-21,10:7,cotton,0.0
2020-21,10:8,cotton,0.0
2020-21,10:9,cotton,0.0
2020-21,11:1,cotton,8632.0
2020-21,11:2,cotton,19898.0
2020-21,11:3,cotton,3006.0
2020-21,11:4,cotton,7368.0
2020-21,11:5,cotton,5359.0
2020-21,11:6,cotton,7036.0
2020-21,11:7,cotton,3471.0
2020-21,12:3,cotton,963.0
2020-21,12:4,cotton,25237.0
2020-21,12:5,cotton,23681.0
2020-21,12:6,cotton,2930.0
2020-21,13:1,cotton,3869.0
2020-21,13:2,cotton,774.0
2020-21,13:3,cotton,2977.0
2020-21,13:4,cotton,1297.0
2020-21,13:5,cotton,4186.0
2020-21,13:6,cotton,4798.0
2020-21,14:1,cotton,14.0
2020-21,14:3,cotton,1667.0
2020-21,14:4,cotton,77.0
2020-21,14:5,cotton,466.0
2020-21,14:6,cotton,601.0
2020-21,15:1,cotton,0.0
2020-21,15:2,cotton,148.0
2020-21,15:3,cotton,263.0
2020-21,15:4,cotton,0.0
2020-21,15:5,cotton,0.0
2020-21,15:6,cotton,41.0
2020-21,15:7,cotton,35.0
2020-21,16:1,cotton,0.0
2020-21,16:2,cotton,0.0
2020-21,16:3,cotton,0.0
2020-21,17:1,cotton,0.0
2020-21,17:2,cotton,0.0
2020-21,17:3,cotton,4.0
2020-21,17:4,cotton,80.0
2020-21,17:5,cotton,359.0
2020-21,17:6,cotton,625.0
2020-21,17:7,cotton,0.0
2020-21,18:1,cotton,45.0
2020-21,18:10,cotton,0.0
2020-21,18:2,cotton,1037.0
2020-21,18:3,cotton,821.0
2020-21,18:4,cotton,240.0
2020-21,18:5,cotton,0.0
2020-21,18:6,cotton,1.0
2020-21,18:7,cotton,7.0
2020-21,18:8,cotton,0.0
2020-21,18:9,cotton,0.0
2020-21,19:10,cotton,0.0
2020-21,19:11,cotton,0.0
2020-21,19:7,cotton,3.0
2020-21,19:8,cotton,0.0
2020-21,19:9,cotton,0.0
2020-21,1:1,cotton,2212.0
2020-21,1:10,cotton,1619.0
2020-21,1:2,cotton,27.0
2020-21,1:3,cotton,1507.0
2020-21,1:4,cotton,3396.0
2020-21,1:5,cotton,6587.0
2020-21,1:6,cotton,1792.0
2020-21,1:7,cotton,110.0
2020-21,1:8,cotton,9976.0
2020-21,1:9,cotton,16066.0
2020-21,20:1,cotton,0.0
2020-21,20:2,cotton,2.0
2020-21,20:3,cotton,1.0
2020-21,20:4,cotton,0.0
2020-21,21:1,cotton,0.0
2020-21,21:2,cotton,3.0
2020-21,21:3,cotton,0.0
2020-21,21:4,cotton,0.0
2020-21,22:1,cotton,1.0
2020-21,22:2,cotton,0.0
2020-21,22:3,cotton,0.0
2020-21,22:4,cotton,0.0
2020-21,22:5,cotton,0.0
2020-21,22:6,cotton,0.0
2020-21,22:7,cotton,0.0
2020-21,23:1,cotton,0.0
2020-21,23:2,cotton,70.0
2020-21,23:3,cotton,36.0
2020-21,23:4,cotton,0.0
2020-21,23:5,cotton,0.0
2020-21,23:6,cotton,0.0
2020-21,23:7,cotton,0.0
2020-21,23:8,cotton,0.0
2020-21,24:1,cotton,0.0
2020-21,24:2,cotton,0.0
2020-21,24:3,cotton,0.0
2020-21,24:4,cotton,0.0
2020-21,24:5,cotton,0.0
2020-21,25:1,cotton,0.0
2020-21,25:2,cotton,0.0
2020-21,25:3,cotton,0.0
2020-21,26:1,cotton,8.0
2020-21,26:2,cotton,2322.0
2020-21,26:3,cotton,11.0
2020-21,26:4,cotton,1031.0
2020-21,26:5,cotton,20751.0
2020-21,26:6,cotton,12250.0
2020-21,26:7,cotton,6.0
2020-21,27:1,cotton,8756.0
2020-21,27:2,cotton,1016.0
2020-21,27:3,cotton,0.0
2020-21,27:4,cotton,319.0
2020-21,28:5,cotton,0.0
2020-21,28:6,cotton,4.0
2020-21,28:7,cotton,0.0
2020-21,28:8,cotton,1.0
2020-21,29:1,cotton,181.0
2020-21,29:2,cotton,0.0
2020-21,29:3,cotton,1.0
2020-21,29:4,cotton,30.0
2020-21,29:5,cotton,2.0
2020-21,29:6,cotton,9.0
2020-21,2:1,cotton,17.0
2020-21,2:2,cotton,8.0
2020-21,2:3,cotton,5.0
2020-21,2:4,cotton,794.0
2020-21,2:5,cotton,37.0
2020-21,2:6,cotton,360.0
2020-21,30:10,cotton,55002.0
2020-21,30:8,cotton,23431.0
2020-21,30:9,cotton,76994.0
2020-21,3:1,cotton,895.0
2020-21,3:2,cotton,4386.0
2020-21,3:3,cotton,30628.0
2020-21,3:4,cotton,5151.0
2020-21,3:5,cotton,10446.0
2020-21,4:2+1,cotton,17651.0
2020-21,4:3,cotton,9808.0
2020-21,4:4,cotton,2303.0
2020-21,4:5,cotton,6274.0
2020-21,4:6,cotton,16195.0
2020-21,4:7,cotton,49053.0
2020-21,5:1,cotton,7.0
2020-21,5:2,cotton,10.0
2020-21,5:3,cotton,1306.0
2020-21,5:4,cotton,1767.0
2020-21,5:5,cotton,8.0
2020-21,6:1,cotton,3219.0
2020-21,6:2,cotton,47174.0
2020-21,6:3,cotton,51596.0
2020-21,6:4,cotton,43133.0
2020-21,6:5,cotton,6028.0
2020-21,7:1,cotton,2931.0
2020-21,7:2,cotton,2637.0
2020-21,7:3,cotton,1598.0
2020-21,7:4,cotton,2079.0
2020-21,8:1,cotton,4253.0
2020-21,8:2,cotton,2927.0
2020-21,8:3,cotton,10177.0
2020-21,8:4,cotton,15438.0
2020-21,8:5,cotton,1971.0
2020-21,9:1,cotton,6886.0
2020-21,9:2,cotton,32609.0
2020-21,9:3,cotton,15810.0
2020-21,9:4,cotton,434.0
2020-21,9:5,cotton,27056.0
2020-21,10:1,sugarcane,6.0
2020-21,10:10,sugarcane,3.0
2020-21,10:11,sugarcane,14.0
2020-21,10:2,sugarcane,88.0
2020-21,10:3,sugarcane,10716.0
2020-21,10:4,sugarcane,111.0
2020-21,10:5,sugarcane,675.0
2020-21,10:6,sugarcane,73.0
2020-21,10:7,sugarcane,12.0
2020-21,10:8,sugarcane,18.0
2020-21,10:9,sugarcane,22.0
2020-21,11:1,sugarcane,506.0
2020-21,11:2,sugarcane,248.0
2020-21,11:3,sugarcane,2072.0
2020-21,11:4,sugarcane,1890.0
2020-21,11:5,sugarcane,345.0
2020-21,11:6,sugarcane,399.0
2020-21,11:7,sugarcane,849.0
2020-21,12:3,sugarcane,45.0
2020-21,12:4,sugarcane,86.0
2020-21,12:5,sugarcane,49.0
2020-21,12:6,sugarcane,6.0
2020-21,13:1,sugarcane,6.0
2020-21,13:2,sugarcane,1.0
2020-21,13:3,sugarcane,4.0
2020-21,13:4,sugarcane,1.0
2020-21,13:5,sugarcane,3.0
2020-21,13:6,sugarcane,13.0
2020-21,14:1,sugarcane,183.0
2020-21,14:3,sugarcane,2.0
2020-21,14:4,sugarcane,711.0
2020-21,14:5,sugarcane,73.0
2020-21,14:6,sugarcane,59.0
2020-21,15:1,sugarcane,53.0
2020-21,15:2,sugarcane,79.0
2020-21,15:3,sugarcane,52.0
2020-21,15:4,sugarcane,122.0
2020-21,15:5,sugarcane,8.0
2020-21,15:6,sugarcane,114.0
2020-21,15:7,sugarcane,336.0
2020-21,16:1,sugarcane,8.0
2020-21,16:2,sugarcane,10.0
2020-21,16:3,sugarcane,2.0
2020-21,17:1,sugarcane,0.0
2020-21,17:2,sugarcane,0.0
2020-21,17:3,sugarcane,0.0
2020-21,17:4,sugarcane,23.0
2020-21,17:5,sugarcane,14.0
2020-21,17:6,sugarcane,278.0
2020-21,17:7,sugarcane,0.0
2020-21,18:1,sugarcane,7.0
2020-21,18:10,sugarcane,344.0
2020-21,18:2,sugarcane,4.0
2020-21,18:3,sugarcane,0.0
2020-21,18:4,sugarcane,7.0
2020-21,18:5,sugarcane,1.0
2020-21,18:6,sugarcane,11.0
2020-21,18:7,sugarcane,6.0
2020-21,18:8,sugarcane,15.0
2020-21,18:9,sugarcane,9.0
2020-21,19:10,sugarcane,13.0
2020-21,19:11,sugarcane,3.0
2020-21,19:7,sugarcane,4.0
2020-21,19:8,sugarcane,8.0
2020-21,19:9,sugarcane,8.0
2020-21,1:1,sugarcane,31202.0
2020-21,1:10,sugarcane,7022.0
2020-21,1:2,sugarcane,52721.0
2020-21,1:3,sugarcane,29007.0
2020-21,1:4,sugarcane,34115.0
2020-21,1:5,sugarcane,5508.0
2020-21,1:6,sugarcane,4132.0
2020-21,1:7,sugarcane,6367.0
2020-21,1:8,sugarcane,7742.0
2020-21,1:9,sugarcane,12080.0
2020-21,20:1,sugarcane,2.0
2020-21,20:2,sugarcane,18.0
2020-21,20:3,sugarcane,4.0
2020-21,20:4,sugarcane,11.0
2020-21,21:1,sugarcane,8.0
2020-21,21:2,sugarcane,15.0
2020-21,21:3,sugarcane,9.0
2020-21,21:4,sugarcane,77.0
2020-21,22:1,sugarcane,6238.0
2020-21,22:2,sugarcane,228.0
2020-21,22:3,sugarcane,4542.0
2020-21,22:4,sugarcane,2967.0
2020-21,22:5,sugarcane,12935.0
2020-21,22:6,sugarcane,8504.0
2020-21,22:7,sugarcane,1794.0
2020-21,23:1,sugarcane,0.0
2020-21,23:2,sugarcane,152.0
2020-21,23:3,sugarcane,0.0
2020-21,23:4,sugarcane,21.0
2020-21,23:5,sugarcane,0.0
2020-21,23:6,sugarcane,17.0
2020-21,23:7,sugarcane,405.0
2020-21,23:8,sugarcane,495.0
2020-21,24:1,sugarcane,4.0
2020-21,24:2,sugarcane,0.0
2020-21,24:3,sugarcane,0.0
2020-21,24:4,sugarcane,0.0
2020-21,24:5,sugarcane,1.0
2020-21,25:1,sugarcane,0.0
2020-21,25:2,sugarcane,0.0
2020-21,25:3,sugarcane,0.0
2020-21,26:1,sugarcane,13.0
2020-21,26:2,sugarcane,189.0
2020-21,26:3,sugarcane,1067.0
2020-21,26:4,sugarcane,1744.0
2020-21,26:5,sugarcane,771.0
2020-21,26:6,sugarcane,2562.0
2020-21,26:7,sugarcane,4334.0
2020-21,27:1,sugarcane,194.0
2020-21,27:2,sugarcane,2457.0
2020-21,27:3,sugarcane,1990.0
2020-21,27:4,sugarcane,1979.0
2020-21,28:5,sugarcane,12.0
2020-21,28:6,sugarcane,21.0
2020-21,28:7,sugarcane,175.0
2020-21,28:8,sugarcane,22.0
2020-21,29:1,sugarcane,21.0
2020-21,29:2,sugarcane,8.0
2020-21,29:3,sugarcane,1.0
2020-21,29:4,sugarcane,5.0
2020-21,29:5,sugarcane,7.0
2020-21,29:6,sugarcane,1.0
2020-21,2:1,sugarcane,34449.0
2020-21,2:2,sugarcane,13652.0
2020-21,2:3,sugarcane,22275.0
2020-21,2:4,sugarcane,3542.0
2020-21,2:5,sugarcane,5413.0
2020-21,2:6,sugarcane,3124.0
2020-21,30:10,sugarcane,106.0
2020-21,30:8,sugarcane,271.0
2020-21,30:9,sugarcane,151.0
2020-21,3:1,sugarcane,9006.0
2020-21,3:2,sugarcane,10112.0
2020-21,3:3,sugarcane,7116.0
2020-21,3:4,sugarcane,6676.0
2020-21,3:5,sugarcane,2628.0
2020-21,4:2+1,sugarcane,10031.0
2020-21,4:3,sugarcane,1578.0
2020-21,4:4,sugarcane,805.0
2020-21,4:5,sugarcane,102.0
2020-21,4:6,sugarcane,511.0
2020-21,4:7,sugarcane,3361.0
2020-21,5:1,sugarcane,2000.0
2020-21,5:2,sugarcane,2557.0
2020-21,5:3,sugarcane,472.0
2020-21,5:4,sugarcane,2372.0
2020-21,5:5,sugarcane,3917.0
2020-21,6:1,sugarcane,186.0
2020-21,6:2,sugarcane,23.0
2020-21,6:3,sugarcane,12.0
2020-21,6:4,sugarcane,11.0
2020-21,6:5,sugarcane,65.0
2020-21,7:1,sugarcane,158.0
2020-21,7:2,sugarcane,106.0
2020-21,7:3,sugarcane,70.0
2020-21,7:4,sugarcane,1652.0
2020-21,8:1,sugarcane,90.0
2020-21,8:2,sugarcane,98.0
2020-21,8:3,sugarcane,53.0
2020-21,8:4,sugarcane,421.0
2020-21,8:5,sugarcane,988.0
2020-21,9:1,sugarcane,4663.0
2020-21,9:2,sugarcane,93.0
2020-21,9:3,sugarcane,146.0
2020-21,9:4,sugarcane,3008.0
2020-21,9:5,sugarcane,12.0
2020-21,10:1,tobacco,0.0
2020-21,10:10,tobacco,0.0
2020-21,10:11,tobacco,0.0
2020-21,10:2,tobacco,0.0
2020-21,10:3,tobacco,0.0
2020-21,10:4,tobacco,0.0
2020-21,10:5,tobacco,0.0
2020-21,10:6,tobacco,0.0
2020-21,10:7,tobacco,0.0
2020-21,10:8,tobacco,0.0
2020-21,10:9,tobacco,0.0
2020-21,11:1,tobacco,2.0
2020-21,11:2,tobacco,2.0
2020-21,11:3,tobacco,0.0
2020-21,11:4,tobacco,0.0
2020-21,11:5,tobacco,0.0
2020-21,11:6,tobacco,0.0
2020-21,11:7,tobacco,2.0
2020-21,12:3,tobacco,0.0
2020-21,12:4,tobacco,0.0
2020-21,12:5,tobacco,0.0
2020-21,12:6,tobacco,1.0
2020-21,13:1,tobacco,27.0
2020-21,13:2,tobacco,3.0
2020-21,13:3,tobacco,0.0
2020-21,13:4,tobacco,0.0
2020-21,13:5,tobacco,1.0
2020-21,13:6,tobacco,20.0
2020-21,14:1,tobacco,1.0
2020-21,14:3,tobacco,34.0
2020-21,14:4,tobacco,0.0
2020-21,14:5,tobacco,98.0
2020-21,14:6,tobacco,0.0
2020-21,15:1,tobacco,0.0
2020-21,15:2,tobacco,0.0
2020-21,15:3,tobacco,1.0
2020-21,15:4,tobacco,0.0
2020-21,15:5,tobacco,0.0
2020-21,15:6,tobacco,0.0
2020-21,15:7,tobacco,0.0
2020-21,16:1,tobacco,0.0
2020-21,16:2,tobacco,0.0
2020-21,16:3,tobacco,0.0
2020-21,17:1,tobacco,0.0
2020-21,17:2,tobacco,0.0
2020-21,17:3,tobacco,0.0
2020-21,17:4,tobacco,0.0
2020-21,17:5,tobacco,3.0
2020-21,17:6,tobacco,24.0
2020-21,17:7,tobacco,0.0
2020-21,18:1,tobacco,2.0
2020-21,18:10,tobacco,2.0
2020-21,18:2,tobacco,3.0
2020-21,18:3,tobacco,5.0
2020-21,18:4,tobacco,0.0
2020-21,18:5,tobacco,0.0
2020-21,18:6,tobacco,0.0
2020-21,18:7,tobacco,2.0
2020-21,18:8,tobacco,0.0
2020-21,18:9,tobacco,1.0
2020-21,19:10,tobacco,5.0
2020-21,19:11,tobacco,2.0
2020-21,19:7,tobacco,2.0
2020-21,19:8,tobacco,0.0
2020-21,19:9,tobacco,3.0
2020-21,1:1,tobacco,4916.0
2020-21,1:10,tobacco,1.0
2020-21,1:2,tobacco,1.0
2020-21,1:3,tobacco,3.0
2020-21,1:4,tobacco,548.0
2020-21,1:5,tobacco,985.0
2020-21,1:6,tobacco,2.0
2020-21,1:7,tobacco,1.0
2020-21,1:8,tobacco,16.0
2020-21,1:9,tobacco,6.0
2020-21,20:1,tobacco,0.0
2020-21,20:2,tobacco,1.0
2020-21,20:3,tobacco,3.0
2020-21,20:4,tobacco,3.0
2020-21,21:1,tobacco,0.0
2020-21,21:2,tobacco,0.0
2020-21,21:3,tobacco,0.0
2020-21,21:4,tobacco,2.0
2020-21,22:1,tobacco,3.0
2020-21,22:2,tobacco,1.0
2020-21,22:3,tobacco,1.0
2020-21,22:4,tobacco,7.0
2020-21,22:5,tobacco,0.0
2020-21,22:6,tobacco,1.0
2020-21,22:7,tobacco,0.0
2020-21,23:1,tobacco,0.0
2020-21,23:2,tobacco,0.0
2020-21,23:3,tobacco,0.0
2020-21,23:4,tobacco,0.0
2020-21,23:5,tobacco,0.0
2020-21,23:6,tobacco,7495.0
2020-21,23:7,tobacco,2180.0
2020-21,23:8,tobacco,0.0
2020-21,24:1,tobacco,1.0
2020-21,24:2,tobacco,0.0
2020-21,24:3,tobacco,0.0
2020-21,24:4,tobacco,0.0
2020-21,24:5,tobacco,0.0
2020-21,25:1,tobacco,0.0
2020-21,25:2,tobacco,5.0
2020-21,25:3,tobacco,0.0
2020-21,26:1,tobacco,34010.0
2020-21,26:2,tobacco,25569.0
2020-21,26:3,tobacco,12943.0
2020-21,26:4,tobacco,14.0
2020-21,26:5,tobacco,4486.0
2020-21,26:6,tobacco,983.0
2020-21,26:7,tobacco,0.0
2020-21,27:1,tobacco,210.0
2020-21,27:2,tobacco,3.0
2020-21,27:3,tobacco,0.0
2020-21,27:4,tobacco,0.0
2020-21,28:5,tobacco,2.0
2020-21,28:6,tobacco,0.0
2020-21,28:7,tobacco,0.0
2020-21,28:8,tobacco,2.0
2020-21,29:1,tobacco,0.0
2020-21,29:2,tobacco,0.0
2020-21,29:3,tobacco,0.0
2020-21,29:4,tobacco,4.0
2020-21,29:5,tobacco,0.0
2020-21,29:6,tobacco,2.0
2020-21,2:1,tobacco,6.0
2020-21,2:2,tobacco,0.0
2020-21,2:3,tobacco,0.0
2020-21,2:4,tobacco,1.0
2020-21,2:5,tobacco,0.0
2020-21,2:6,tobacco,0.0
2020-21,30:10,tobacco,0.0
2020-21,30:8,tobacco,0.0
2020-21,30:9,tobacco,0.0
2020-21,3:1,tobacco,0.0
2020-21,3:2,tobacco,3.0
2020-21,3:3,tobacco,1.0
2020-21,3:4,tobacco,0.0
2020-21,3:5,tobacco,0.0
2020-21,4:2+1,tobacco,0.0
2020-21,4:3,tobacco,0.0
2020-21,4:4,tobacco,0.0
2020-21,4:5,tobacco,0.0
2020-21,4:6,tobacco,0.0
2020-21,4:7,tobacco,0.0
2020-21,5:1,tobacco,0.0
2020-21,5:2,tobacco,0.0
2020-21,5:3,tobacco,0.0
2020-21,5:4,tobacco,0.0
2020-21,5:5,tobacco,0.0
2020-21,6:1,tobacco,5.0
2020-21,6:2,tobacco,0.0
2020-21,6:3,tobacco,78.0
2020-21,6:4,tobacco,0.0
2020-21,6:5,tobacco,0.0
2020-21,7:1,tobacco,2.0
2020-21,7:2,tobacco,2.0
2020-21,7:3,tobacco,0.0
2020-21,7:4,tobacco,0.0
2020-21,8:1,tobacco,0.0
2020-21,8:2,tobacco,0.0
2020-21,8:3,tobacco,0.0
2020-21,8:4,tobacco,1.0
2020-21,8:5,tobacco,0.0
2020-21,9:1,tobacco,2.0
2020-21,9:2,tobacco,0.0
2020-21,9:3,tobacco,1.0
2020-21,9:4,tobacco,0.0
2020-21,9:5,tobacco,0.0
2020-21,10:1,coconut,1165.0
2020-21,10:10,coconut,1969.0
2020-21,10:11,coconut,1225.0
2020-21,10:2,coconut,144.0
2020-21,10:3,coconut,27.0
2020-21,10:4,coconut,257.0
2020-21,10:5,coconut,69.0
2020-21,10:6,coconut,876.0
2020-21,10:7,coconut,1378.0
2020-21,10:8,coconut,2658.0
2020-21,10:9,coconut,320.0
2020-21,11:1,coconut,169.0
2020-21,11:2,coconut,47.0
2020-21,11:3,coconut,178.0
2020-21,11:4,coconut,136.0
2020-21,11:5,coconut,58.0
2020-21,11:6,coconut,143.0
2020-21,11:7,coconut,697.0
2020-21,12:3,coconut,13.0
2020-21,12:4,coconut,10.0
2020-21,12:5,coconut,43.0
2020-21,12:6,coconut,43.0
2020-21,13:1,coconut,199.0
2020-21,13:2,coconut,991.0
2020-21,13:3,coconut,957.0
2020-21,13:4,coconut,7422.0
2020-21,13:5,coconut,30439.0
2020-21,13:6,coconut,10767.0
2020-21,14:1,coconut,1659.0
2020-21,14:3,coconut,228.0
2020-21,14:4,coconut,2541.0
2020-21,14:5,coconut,1221.0
2020-21,14:6,coconut,2276.0
2020-21,15:1,coconut,739.0
2020-21,15:2,coconut,325.0
2020-21,15:3,coconut,166.0
2020-21,15:4,coconut,476.0
2020-21,15:5,coconut,414.0
2020-21,15:6,coconut,2219.0
2020-21,15:7,coconut,2740.0
2020-21,16:1,coconut,7808.0
2020-21,16:2,coconut,9050.0
2020-21,16:3,coconut,7576.0
2020-21,17:1,coconut,21.0
2020-21,17:2,coconut,295.0
2020-21,17:3,coconut,228.0
2020-21,17:4,coconut,14946.0
2020-21,17:5,coconut,35609.0
2020-21,17:6,coconut,3074.0
2020-21,17:7,coconut,15.0
2020-21,18:1,coconut,32414.0
2020-21,18:10,coconut,13272.0
2020-21,18:2,coconut,10930.0
2020-21,18:3,coconut,585.0
2020-21,18:4,coconut,1277.0
2020-21,18:5,coconut,1632.0
2020-21,18:6,coconut,14758.0
2020-21,18:7,coconut,35180.0
2020-21,18:8,coconut,31568.0
2020-21,18:9,coconut,34627.0
2020-21,19:10,coconut,230.0
2020-21,19:11,coconut,324.0
2020-21,19:7,coconut,96.0
2020-21,19:8,coconut,316.0
2020-21,19:9,coconut,228.0
2020-21,1:1,coconut,5.0
2020-21,1:10,coconut,8.0
2020-21,1:2,coconut,7.0
2020-21,1:3,coconut,4.0
2020-21,1:4,coconut,39.0
2020-21,1:5,coconut,5.0
2020-21,1:6,coconut,47.0
2020-21,1:7,coconut,67.0
2020-21,1:8,coconut,20.0
2020-21,1:9,coconut,157.0
2020-21,20:1,coconut,242.0
2020-21,20:2,coconut,1785.0
2020-21,20:3,coconut,220.0
2020-21,20:4,coconut,106.0
2020-21,21:1,coconut,1654.0
2020-21,21:2,coconut,950.0
2020-21,21:3,coconut,294.0
2020-21,21:4,coconut,243.0
2020-21,22:1,coconut,21060.0
2020-21,22:2,coconut,22328.0
2020-21,22:3,coconut,4111.0
2020-21,22:4,coconut,2567.0
2020-21,22:5,coconut,4328.0
2020-21,22:6,coconut,5780.0
2020-21,22:7,coconut,2628.0
2020-21,23:1,coconut,32.0
2020-21,23:2,coconut,3041.0
2020-21,23:3,coconut,41093.0
2020-21,23:4,coconut,7701.0
2020-21,23:5,coconut,300.0
2020-21,23:6,coconut,1913.0
2020-21,23:7,coconut,4993.0
2020-21,23:8,coconut,46334.0
2020-21,24:1,coconut,5942.0
2020-21,24:2,coconut,5481.0
2020-21,24:3,coconut,6378.0
2020-21,24:4,coconut,7872.0
2020-21,24:5,coconut,6313.0
2020-21,25:1,coconut,1514.0
2020-21,25:2,coconut,171.0
2020-21,25:3,coconut,375.0
2020-21,26:1,coconut,1168.0
2020-21,26:2,coconut,4509.0
2020-21,26:3,coconut,5373.0
2020-21,26:4,coconut,4932.0
2020-21,26:5,coconut,2090.0
2020-21,26:6,coconut,4035.0
2020-21,26:7,coconut,1225.0
2020-21,27:1,coconut,2366.0
2020-21,27:2,coconut,8375.0
2020-21,27:3,coconut,727.0
2020-21,27:4,coconut,1101.0
2020-21,28:5,coconut,4314.0
2020-21,28:6,coconut,4978.0
2020-21,28:7,coconut,12741.0
2020-21,28:8,coconut,7545.0
2020-21,29:1,coconut,294.0
2020-21,29:2,coconut,65.0
2020-21,29:3,coconut,24.0
2020-21,29:4,coconut,15.0
2020-21,29:5,coconut,48.0
2020-21,29:6,coconut,103.0
2020-21,2:1,coconut,50.0
2020-21,2:2,coconut,28.0
2020-21,2:3,coconut,17.0
2020-21,2:4,coconut,72.0
2020-21,2:5,coconut,177.0
2020-21,2:6,coconut,22.0
2020-21,30:10,coconut,7.0
2020-21,30:8,coconut,23.0
2020-21,30:9,coconut,2.0
2020-21,3:1,coconut,30.0
2020-21,3:2,coconut,15.0
2020-21,3:3,coconut,10.0
2020-21,3:4,coconut,26.0
2020-21,3:5,coconut,22.0
2020-21,4:2+1,coconut,5.0
2020-21,4:3,coconut,10.0
2020-21,4:4,coconut,3.0
2020-21,4:5,coconut,10.0
2020-21,4:6,coconut,1.0
2020-21,4:7,coconut,3.0
2020-21,5:1,coconut,25.0
2020-21,5:2,coconut,2.0
2020-21,5:3,coconut,0.0
2020-21,5:4,coconut,5.0
2020-21,5:5,coconut,9.0
2020-21,6:1,coconut,5.0
2020-21,6:2,coconut,0.0
2020-21,6:3,coconut,3.0
2020-21,6:4,coconut,5.0
2020-21,6:5,coconut,2.0
2020-21,7:1,coconut,83.0
2020-21,7:2,coconut,51.0
2020-21,7:3,coconut,16.0
2020-21,7:4,coconut,81.0
2020-21,8:1,coconut,13.0
2020-21,8:2,coconut,11.0
2020-21,8:3,coconut,89.0
2020-21,8:4,coconut,91.0
2020-21,8:5,coconut,41.0
2020-21,9:1,coconut,105.0
2020-21,9:2,coconut,1.0
2020-21,9:3,coconut,215.0
2020-21,9:4,coconut,61.0
2020-21,9:5,coconut,13.0
2020-21,10:1,arecanut,116.0
2020-21,10:10,arecanut,4426.0
2020-21,10:11,arecanut,1286.0
2020-21,10:2,arecanut,782.0
2020-21,10:3,arecanut,20.0
2020-21,10:4,arecanut,4252.0
2020-21,10:5,arecanut,1512.0
2020-21,10:6,arecanut,8469.0
2020-21,10:7,arecanut,2115.0
2020-21,10:8,arecanut,2715.0
2020-21,10:9,arecanut,4856.0
2020-21,11:1,arecanut,356.0
2020-21,11:2,arecanut,10.0
2020-21,11:3,arecanut,3560.0
2020-21,11:4,arecanut,153.0
2020-21,11:5,arecanut,380.0
2020-21,11:6,arecanut,1725.0
2020-21,11:7,arecanut,974.0
2020-21,12:3,arecanut,0.0
2020-21,12:4,arecanut,0.0
2020-21,12:5,arecanut,2.0
2020-21,12:6,arecanut,16.0
2020-21,13:1,arecanut,13.0
2020-21,13:2,arecanut,1622.0
2020-21,13:3,arecanut,9503.0
2020-21,13:4,arecanut,15761.0
2020-21,13:5,arecanut,3533.0
2020-21,13:6,arecanut,4626.0
2020-21,14:1,arecanut,2998.0
2020-21,14:3,arecanut,2137.0
2020-21,14:4,arecanut,14504.0
2020-21,14:5,arecanut,13686.0
2020-21,14:6,arecanut,31525.0
2020-21,15:1,arecanut,9320.0
2020-21,15:2,arecanut,12682.0
2020-21,15:3,arecanut,10203.0
2020-21,15:4,arecanut,7998.0
2020-21,15:5,arecanut,13544.0
2020-21,15:6,arecanut,16015.0
2020-21,15:7,arecanut,23822.0
2020-21,16:1,arecanut,10339.0
2020-21,16:2,arecanut,2485.0
2020-21,16:3,arecanut,8994.0
2020-21,17:1,arecanut,3439.0
2020-21,17:2,arecanut,9432.0
2020-21,17:3,arecanut,5958.0
2020-21,17:4,arecanut,25919.0
2020-21,17:5,arecanut,8594.0
2020-21,17:6,arecanut,3166.0
2020-21,17:7,arecanut,7079.0
2020-21,18:1,arecanut,5718.0
2020-21,18:10,arecanut,2659.0
2020-21,18:2,arecanut,7496.0
2020-21,18:3,arecanut,2145.0
2020-21,18:4,arecanut,2135.0
2020-21,18:5,arecanut,2325.0
2020-21,18:6,arecanut,10077.0
2020-21,18:7,arecanut,17021.0
2020-21,18:8,arecanut,1834.0
2020-21,18:9,arecanut,4300.0
2020-21,19:10,arecanut,1.0
2020-21,19:11,arecanut,0.0
2020-21,19:7,arecanut,1.0
2020-21,19:8,arecanut,4.0
2020-21,19:9,arecanut,2.0
2020-21,1:1,arecanut,0.0
2020-21,1:10,arecanut,0.0
2020-21,1:2,arecanut,0.0
2020-21,1:3,arecanut,0.0
2020-21,1:4,arecanut,1.0
2020-21,1:5,arecanut,0.0
2020-21,1:6,arecanut,1.0
2020-21,1:7,arecanut,3.0
2020-21,1:8,arecanut,2.0
2020-21,1:9,arecanut,2.0
2020-21,20:1,arecanut,137.0
2020-21,20:2,arecanut,209.0
2020-21,20:3,arecanut,8.0
2020-21,20:4,arecanut,1.0
2020-21,21:1,arecanut,1218.0
2020-21,21:2,arecanut,1546.0
2020-21,21:3,arecanut,14.0
2020-21,21:4,arecanut,2.0
2020-21,22:1,arecanut,1143.0
2020-21,22:2,arecanut,75.0
2020-21,22:3,arecanut,207.0
2020-21,22:4,arecanut,206.0
2020-21,22:5,arecanut,72.0
2020-21,22:6,arecanut,93.0
2020-21,22:7,arecanut,82.0
2020-21,23:1,arecanut,980.0
2020-21,23:2,arecanut,1108.0
2020-21,23:3,arecanut,896.0
2020-21,23:4,arecanut,813.0
2020-21,23:5,arecanut,756.0
2020-21,23:6,arecanut,3040.0
2020-21,23:7,arecanut,726.0
2020-21,23:8,arecanut,260.0
2020-21,24:1,arecanut,6837.0
2020-21,24:2,arecanut,20486.0
2020-21,24:3,arecanut,24054.0
2020-21,24:4,arecanut,27018.0
2020-21,24:5,arecanut,14756.0
2020-21,25:1,arecanut,4192.0
2020-21,25:2,arecanut,402.0
2020-21,25:3,arecanut,7843.0
2020-21,26:1,arecanut,874.0
2020-21,26:2,arecanut,600.0
2020-21,26:3,arecanut,947.0
2020-21,26:4,arecanut,236.0
2020-21,26:5,arecanut,273.0
2020-21,26:6,arecanut,95.0
2020-21,26:7,arecanut,180.0
2020-21,27:1,arecanut,26.0
2020-21,27:2,arecanut,673.0
2020-21,27:3,arecanut,23.0
2020-21,27:4,arecanut,71.0
2020-21,28:5,arecanut,2575.0
2020-21,28:6,arecanut,186.0
2020-21,28:7,arecanut,40.0
2020-21,28:8,arecanut,106.0
2020-21,29:1,arecanut,396.0
2020-21,29:2,arecanut,15.0
2020-21,29:3,arecanut,0.0
2020-21,29:4,arecanut,0.0
2020-21,29:5,arecanut,1.0
2020-21,29:6,arecanut,1.0
2020-21,2:1,arecanut,1.0
2020-21,2:2,arecanut,0.0
2020-21,2:3,arecanut,0.0
2020-21,2:4,arecanut,1.0
2020-21,2:5,arecanut,2.0
2020-21,2:6,arecanut,0.0
2020-21,30:10,arecanut,0.0
2020-21,30:8,arecanut,0.0
2020-21,30:9,arecanut,0.0
2020-21,3:1,arecanut,0.0
2020-21,3:2,arecanut,0.0
2020-21,3:3,arecanut,0.0
2020-21,3:4,arecanut,3.0
2020-21,3:5,arecanut,0.0
2020-21,4:2+1,arecanut,0.0
2020-21,4:3,arecanut,0.0
2020-21,4:4,arecanut,0.0
2020-21,4:5,arecanut,0.0
2020-21,4:6,arecanut,0.0
2020-21,4:7,arecanut,0.0
2020-21,5:1,arecanut,0.0
2020-21,5:2,arecanut,0.0
2020-21,5:3,arecanut,0.0
2020-21,5:4,arecanut,0.0
2020-21,5:5,arecanut,0.0
2020-21,6:1,arecanut,0.0
2020-21,6:2,arecanut,0.0
2020-21,6:3,arecanut,0.0
2020-21,6:4,arecanut,0.0
2020-21,6:5,arecanut,0.0
2020-21,7:1,arecanut,0.0
2020-21,7:2,arecanut,0.0
2020-21,7:3,arecanut,0.0
2020-21,7:4,arecanut,0.0
2020-21,8:1,arecanut,0.0
2020-21,8:2,arecanut,0.0
2020-21,8:3,arecanut,1.0
2020-21,8:4,arecanut,2.0
2020-21,8:5,arecanut,14.0
2020-21,9:1,arecanut,10.0
2020-21,9:2,arecanut,0.0
2020-21,9:3,arecanut,60.0
2020-21,9:4,arecanut,40.0
2020-21,9:5,arecanut,0.0
2020-21,10:1,banana,59.5
2020-21,10:10,banana,129.9
2020-21,10:11,banana,48.4
2020-21,10:2,banana,212.3
2020-21,10:3,banana,25.8
2020-21,10:4,banana,421.0
2020-21,10:5,banana,397.9
2020-21,10:6,banana,2864.4
2020-21,10:7,banana,149.7
2020-21,10:8,banana,409.1
2020-21,10:9,banana,1987.3
2020-21,11:1,banana,167.0
2020-21,11:2,banana,27.0
2020-21,11:3,banana,1259.0
2020-21,11:4,banana,110.0
2020-21,11:5,banana,102.0
2020-21,11:6,banana,517.0
2020-21,11:7,banana,375.0
2020-21,12:3,banana,670.0
2020-21,12:4,banana,17.0
2020-21,12:5,banana,1.0
2020-21,12:6,banana,144.0
2020-21,13:1,banana,62.0
2020-21,13:2,banana,153.0
2020-21,13:3,banana,280.0
2020-21,13:4,banana,2612.0
2020-21,13:5,banana,410.0
2020-21,13:6,banana,1100.0
2020-21,14:1,banana,150.0
2020-21,14:3,banana,63.0
2020-21,14:4,banana,365.0
2020-21,14:5,banana,253.0
2020-21,14:6,banana,480.0
2020-21,15:1,banana,2348.0
2020-21,15:2,banana,1353.0
2020-21,15:3,banana,1277.0
2020-21,15:4,banana,957.0
2020-21,15:5,banana,868.0
2020-21,15:6,banana,754.0
2020-21,15:7,banana,427.0
2020-21,16:1,banana,260.0
2020-21,16:2,banana,208.0
2020-21,16:3,banana,623.0
2020-21,17:1,banana,165.0
2020-21,17:2,banana,842.0
2020-21,17:3,banana,526.0
2020-21,17:4,banana,365.0
2020-21,17:5,banana,131.0
2020-21,17:6,banana,162.0
2020-21,17:7,banana,166.0
2020-21,18:1,banana,111.0
2020-21,18:10,banana,620.0
2020-21,18:2,banana,193.0
2020-21,18:3,banana,45.0
2020-21,18:4,banana,246.0
2020-21,18:5,banana,270.0
2020-21,18:6,banana,524.0
2020-21,18:7,banana,829.0
2020-21,18:8,banana,208.0
2020-21,18:9,banana,336.0
2020-21,19:10,banana,277.0
2020-21,19:11,banana,127.0
2020-21,19:7,banana,9.0
2020-21,19:8,banana,40.0
2020-21,19:9,banana,27.0
2020-21,1:1,banana,145.0
2020-21,1:10,banana,242.0
2020-21,1:2,banana,116.0
2020-21,1:3,banana,247.0
2020-21,1:4,banana,226.0
2020-21,1:5,banana,98.0
2020-21,1:6,banana,54.0
2020-21,1:7,banana,96.0
2020-21,1:8,banana,39.0
2020-21,1:9,banana,1283.0
2020-21,20:1,banana,57.0
2020-21,20:2,banana,138.0
2020-21,20:3,banana,131.0
2020-21,20:4,banana,5.0
2020-21,21:1,banana,403.0
2020-21,21:2,banana,691.0
2020-21,21:3,banana,34.0
2020-21,21:4,banana,34.0
2020-21,22:1,banana,815.0
2020-21,22:2,banana,218.0
2020-21,22:3,banana,361.0
2020-21,22:4,banana,147.0
2020-21,22:5,banana,208.0
2020-21,22:6,banana,398.0
2020-21,22:7,banana,908.0
2020-21,23:1,banana,91.0
2020-21,23:2,banana,165.0
2020-21,23:3,banana,273.0
2020-21,23:4,banana,242.0
2020-21,23:5,banana,178.0
2020-21,23:6,banana,495.0
2020-21,23:7,banana,345.0
2020-21,23:8,banana,433.0
2020-21,24:1,banana,194.0
2020-21,24:2,banana,1397.0
2020-21,24:3,banana,818.0
2020-21,24:4,banana,1104.0
2020-21,24:5,banana,944.0
2020-21,25:1,banana,2161.0
2020-21,25:2,banana,488.0
2020-21,25:3,banana,1583.0
2020-21,26:1,banana,1598.0
2020-21,26:2,banana,3100.0
2020-21,26:3,banana,1013.0
2020-21,26:4,banana,1684.0
2020-21,26:5,banana,6590.0
2020-21,26:6,banana,3537.0
2020-21,26:7,banana,1620.0
2020-21,27:1,banana,3302.0
2020-21,27:2,banana,13164.0
2020-21,27:3,banana,702.0
2020-21,27:4,banana,3528.0
2020-21,28:5,banana,564.0
2020-21,28:6,banana,396.0
2020-21,28:7,banana,674.0
2020-21,28:8,banana,492.0
2020-21,29:1,banana,829.0
2020-21,29:2,banana,32.0
2020-21,29:3,banana,45.0
2020-21,29:4,banana,7.0
2020-21,29:5,banana,12.0
2020-21,29:6,banana,44.0
2020-21,2:1,banana,438.3
2020-21,2:2,banana,225.3
2020-21,2:3,banana,547.4
2020-21,2:4,banana,340.2
2020-21,2:5,banana,285.0
2020-21,2:6,banana,46.4
2020-21,30:10,banana,19.0
2020-21,30:8,banana,61.0
2020-21,30:9,banana,39.0
2020-21,3:1,banana,319.0
2020-21,3:2,banana,183.0
2020-21,3:3,banana,137.0
2020-21,3:4,banana,426.0
2020-21,3:5,banana,100.0
2020-21,4:2+1,banana,775.0
2020-21,4:3,banana,955.0
2020-21,4:4,banana,340.0
2020-21,4:5,banana,23.0
2020-21,4:6,banana,173.0
2020-21,4:7,banana,100.0
2020-21,5:1,banana,116.0
2020-21,5:2,banana,0.0
2020-21,5:3,banana,22.0
2020-21,5:4,banana,112.0
2020-21,5:5,banana,56.0
2020-21,6:1,banana,6.0
2020-21,6:2,banana,7.0
2020-21,6:3,banana,17.0
2020-21,6:4,banana,2.0
2020-21,6:5,banana,27.0
2020-21,7:1,banana,285.0
2020-21,7:2,banana,27.0
2020-21,7:3,banana,286.0
2020-21,7:4,banana,505.0
2020-21,8:1,banana,22.0
2020-21,8:2,banana,1.0
2020-21,8:3,banana,75.0
2020-21,8:4,banana,85.0
2020-21,8:5,banana,276.0
2020-21,9:1,banana,117.0
2020-21,9:2,banana,7.0
2020-21,9:3,banana,25.0
2020-21,9:4,banana,61.0
2020-21,9:5,banana,8.0
2020-21,10:1,mango,260.3
2020-21,10:10,mango,43.3
2020-21,10:11,mango,53.7
2020-21,10:2,mango,66.1
2020-21,10:3,mango,610.7
2020-21,10:4,mango,47.3
2020-21,10:5,mango,848.6
2020-21,10:6,mango,151.5
2020-21,10:7,mango,616.6
2020-21,10:8,mango,168.4
2020-21,10:9,mango,45.4
2020-21,11:1,mango,1267.0
2020-21,11:2,mango,51.0
2020-21,11:3,mango,3623.0
2020-21,11:4,mango,109.0
2020-21,11:5,mango,93.0
2020-21,11:6,mango,168.0
2020-21,11:7,mango,53.0
2020-21,12:3,mango,44.0
2020-21,12:4,mango,30.0
2020-21,12:5,mango,26.0
2020-21,12:6,mango,58.0
2020-21,13:1,mango,125.0
2020-21,13:2,mango,234.0
2020-21,13:3,mango,223.0
2020-21,13:4,mango,1354.0
2020-21,13:5,mango,108.0
2020-21,13:6,mango,501.0
2020-21,14:1,mango,25.0
2020-21,14:3,mango,52.0
2020-21,14:4,mango,144.0
2020-21,14:5,mango,276.0
2020-21,14:6,mango,2053.0
2020-21,15:1,mango,72.0
2020-21,15:2,mango,1664.0
2020-21,15:3,mango,1000.0
2020-21,15:4,mango,25.0
2020-21,15:5,mango,16.0
2020-21,15:6,mango,459.0
2020-21,15:7,mango,98.0
2020-21,16:1,mango,106.0
2020-21,16:2,mango,81.0
2020-21,16:3,mango,166.0
2020-21,17:1,mango,2.0
2020-21,17:2,mango,10.0
2020-21,17:3,mango,11.0
2020-21,17:4,mango,2093.0
2020-21,17:5,mango,344.0
2020-21,17:6,mango,117.0
2020-21,17:7,mango,0.0
2020-21,18:1,mango,271.0
2020-21,18:10,mango,3374.0
2020-21,18:2,mango,951.0
2020-21,18:3,mango,1367.0
2020-21,18:4,mango,759.0
2020-21,18:5,mango,726.0
2020-21,18:6,mango,5690.0
2020-21,18:7,mango,6877.0
2020-21,18:8,mango,216.0
2020-21,18:9,mango,234.0
2020-21,19:10,mango,2720.0
2020-21,19:11,mango,11854.0
2020-21,19:7,mango,26713.0
2020-21,19:8,mango,6596.0
2020-21,19:9,mango,1544.0
2020-21,1:1,mango,43.0
2020-21,1:10,mango,19.0
2020-21,1:2,mango,86.0
2020-21,1:3,mango,4.0
2020-21,1:4,mango,23.0
2020-21,1:5,mango,33.0
2020-21,1:6,mango,799.0
2020-21,1:7,mango,1191.0
2020-21,1:8,mango,1221.0
2020-21,1:9,mango,86.0
2020-21,20:1,mango,467.0
2020-21,20:2,mango,550.0
2020-21,20:3,mango,380.0
2020-21,20:4,mango,732.0
2020-21,21:1,mango,1859.0
2020-21,21:2,mango,1264.0
2020-21,21:3,mango,889.0
2020-21,21:4,mango,2053.0
2020-21,22:1,mango,273.0
2020-21,22:2,mango,236.0
2020-21,22:3,mango,214.0
2020-21,22:4,mango,203.0
2020-21,22:5,mango,183.0
2020-21,22:6,mango,403.0
2020-21,22:7,mango,578.0
2020-21,23:1,mango,3.0
2020-21,23:2,mango,242.0
2020-21,23:3,mango,710.0
2020-21,23:4,mango,78.0
2020-21,23:5,mango,98.0
2020-21,23:6,mango,82.0
2020-21,23:7,mango,235.0
2020-21,23:8,mango,253.0
2020-21,24:1,mango,57.0
2020-21,24:2,mango,41.0
2020-21,24:3,mango,23.0
2020-21,24:4,mango,16.0
2020-21,24:5,mango,11.0
2020-21,25:1,mango,19.0
2020-21,25:2,mango,16.0
2020-21,25:3,mango,10.0
2020-21,26:1,mango,36.0
2020-21,26:2,mango,850.0
2020-21,26:3,mango,106.0
2020-21,26:4,mango,1760.0
2020-21,26:5,mango,743.0
2020-21,26:6,mango,429.0
2020-21,26:7,mango,244.0
2020-21,27:1,mango,246.0
2020-21,27:2,mango,272.0
2020-21,27:3,mango,26.0
2020-21,27:4,mango,232.0
2020-21,28:5,mango,9673.0
2020-21,28:6,mango,12807.0
2020-21,28:7,mango,5885.0
2020-21,28:8,mango,4640.0
2020-21,29:1,mango,937.0
2020-21,29:2,mango,839.0
2020-21,29:3,mango,76.0
2020-21,29:4,mango,194.0
2020-21,29:5,mango,2160.0
2020-21,29:6,mango,6503.0
2020-21,2:1,mango,100.2
2020-21,2:2,mango,163.7
2020-21,2:3,mango,82.8
2020-21,2:4,mango,56.2
2020-21,2:5,mango,325.2
2020-21,2:6,mango,12.6
2020-21,30:10,mango,54.0
2020-21,30:8,mango,45.0
2020-21,30:9,mango,54.0
2020-21,3:1,mango,45.0
2020-21,3:2,mango,25.0
2020-21,3:3,mango,22.0
2020-21,3:4,mango,38.0
2020-21,3:5,mango,8.0
2020-21,4:2+1,mango,29.0
2020-21,4:3,mango,152.0
2020-21,4:4,mango,162.0
2020-21,4:5,mango,30.0
2020-21,4:6,mango,30.0
2020-21,4:7,mango,6.0
2020-21,5:1,mango,569.0
2020-21,5:2,mango,198.0
2020-21,5:3,mango,62.0
2020-21,5:4,mango,582.0
2020-21,5:5,mango,574.0
2020-21,6:1,mango,22.0
2020-21,6:2,mango,10.0
2020-21,6:3,mango,990.0
2020-21,6:4,mango,30.0
2020-21,6:5,mango,17.0
2020-21,7:1,mango,572.0
2020-21,7:2,mango,265.0
2020-21,7:3,mango,670.0
2020-21,7:4,mango,701.0
2020-21,8:1,mango,4.0
2020-21,8:2,mango,3.0
2020-21,8:3,mango,860.0
2020-21,8:4,mango,148.0
2020-21,8:5,mango,71.0
2020-21,9:1,mango,5977.0
2020-21,9:2,mango,2.1
2020-21,9:3,mango,1247.0
2020-21,9:4,mango,1096.0
2020-21,9:5,mango,123.9
2020-21,10:1,grapes,0.0
2020-21,10:10,grapes,0.0
2020-21,10:11,grapes,0.0
2020-21,10:2,grapes,0.0
2020-21,10:3,grapes,0.0
2020-21,10:4,grapes,0.0
2020-21,10:5,grapes,0.4
2020-21,10:6,grapes,0.0
2020-21,10:7,grapes,0.0
2020-21,10:8,grapes,0.0
2020-21,10:9,grapes,0.0
2020-21,11:1,grapes,0.0
2020-21,11:2,grapes,0.0
2020-21,11:3,grapes,0.0
2020-21,11:4,grapes,0.0
2020-21,11:5,grapes,0.0
2020-21,11:6,grapes,0.0
2020-21,11:7,grapes,0.0
2020-21,12:3,grapes,0.0
2020-21,12:4,grapes,0.0
2020-21,12:5,grapes,0.0
2020-21,12:6,grapes,0.0
2020-21,13:1,grapes,0.0
2020-21,13:2,grapes,5.0
2020-21,13:3,grapes,0.0
2020-21,13:4,grapes,0.0
2020-21,13:5,grapes,2.0
2020-21,13:6,grapes,5.0
2020-21,14:1,grapes,0.0
2020-21,14:3,grapes,0.0
2020-21,14:4,grapes,0.0
2020-21,14:5,grapes,0.0
2020-21,14:6,grapes,0.0
2020-21,15:1,grapes,0.0
2020-21,15:2,grapes,0.0
2020-21,15:3,grapes,0.0
2020-21,15:4,grapes,0.0
2020-21,15:5,grapes,0.0
2020-21,15:6,grapes,0.0
2020-21,15:7,grapes,0.0
2020-21,16:1,grapes,0.0
2020-21,16:2,grapes,0.0
2020-21,16:3,grapes,0.0
2020-21,17:1,grapes,0.0
2020-21,17:2,grapes,0.0
2020-21,17:3,grapes,0.0
2020-21,17:4,grapes,0.0
2020-21,17:5,grapes,3.0
2020-21,17:6,grapes,1.0
2020-21,17:7,grapes,0.0
2020-21,18:1,grapes,0.0
2020-21,18:10,grapes,0.0
2020-21,18:2,grapes,1.0
2020-21,18:3,grapes,11.0
2020-21,18:4,grapes,58.0
2020-21,18:5,grapes,0.0
2020-21,18:6,grapes,0.0
2020-21,18:7,grapes,0.0
2020-21,18:8,grapes,0.0
2020-21,18:9,grapes,0.0
2020-21,19:10,grapes,12.0
2020-21,19:11,grapes,0.0
2020-21,19:7,grapes,0.0
2020-21,19:8,grapes,14.0
2020-21,19:9,grapes,14.0
2020-21,1:1,grapes,43.0
2020-21,1:10,grapes,52.0
2020-21,1:2,grapes,3522.0
2020-21,1:3,grapes,26.0
2020-21,1:4,grapes,27.0
2020-21,1:5,grapes,0.0
2020-21,1:6,grapes,0.0
2020-21,1:7,grapes,0.0
2020-21,1:8,grapes,0.0
2020-21,1:9,grapes,5.0
2020-21,20:1,grapes,436.0
2020-21,20:2,grapes,8.0
2020-21,20:3,grapes,78.0
2020-21,20:4,grapes,31.0
2020-21,21:1,grapes,1.0
2020-21,21:2,grapes,543.0
2020-21,21:3,grapes,1701.0
2020-21,21:4,grapes,156.0
2020-21,22:1,grapes,0.0
2020-21,22:2,grapes,0.0
2020-21,22:3,grapes,0.0
2020-21,22:4,grapes,1.0
2020-21,22:5,grapes,0.0
2020-21,22:6,grapes,0.0
2020-21,22:7,grapes,3.0
2020-21,23:1,grapes,0.0
2020-21,23:2,grapes,0.0
2020-21,23:3,grapes,0.0
2020-21,23:4,grapes,0.0
2020-21,23:5,grapes,0.0
2020-21,23:6,grapes,0.0
2020-21,23:7,grapes,0.0
2020-21,23:8,grapes,0.0
2020-21,24:1,grapes,0.0
2020-21,24:2,grapes,0.0
2020-21,24:3,grapes,0.0
2020-21,24:4,grapes,0.0
2020-21,24:5,grapes,0.0
2020-21,25:1,grapes,0.0
2020-21,25:2,grapes,0.0
2020-21,25:3,grapes,0.0
2020-21,26:1,grapes,0.0
2020-21,26:2,grapes,0.0
2020-21,26:3,grapes,0.0
2020-21,26:4,grapes,0.0
2020-21,26:5,grapes,0.0
2020-21,26:6,grapes,0.0
2020-21,26:7,grapes,0.0
2020-21,27:1,grapes,0.0
2020-21,27:2,grapes,0.0
2020-21,27:3,grapes,0.0
2020-21,27:4,grapes,0.0
2020-21,28:5,grapes,3.0
2020-21,28:6,grapes,0.0
2020-21,28:7,grapes,1.0
2020-21,28:8,grapes,2.0
2020-21,29:1,grapes,69.0
2020-21,29:2,grapes,1908.0
2020-21,29:3,grapes,120.0
2020-21,29:4,grapes,26.0
2020-21,29:5,grapes,424.0
2020-21,29:6,grapes,27.0
2020-21,2:1,grapes,2335.5
2020-21,2:2,grapes,138.9
2020-21,2:3,grapes,123.0
2020-21,2:4,grapes,26.1
2020-21,2:5,grapes,209.1
2020-21,2:6,grapes,8.9
2020-21,30:10,grapes,0.0
2020-21,30:8,grapes,22.0
2020-21,30:9,grapes,10.3
2020-21,3:1,grapes,10045.0
2020-21,3:2,grapes,2060.0
2020-21,3:3,grapes,1003.0
2020-21,3:4,grapes,1435.0
2020-21,3:5,grapes,290.0
2020-21,4:2+1,grapes,208.0
2020-21,4:3,grapes,30.0
2020-21,4:4,grapes,11.0
2020-21,4:5,grapes,0.0
2020-21,4:6,grapes,7.0
2020-21,4:7,grapes,4.0
2020-21,5:1,grapes,7.0
2020-21,5:2,grapes,0.0
2020-21,5:3,grapes,4.0
2020-21,5:4,grapes,20.0
2020-21,5:5,grapes,86.0
2020-21,6:1,grapes,0.0
2020-21,6:2,grapes,0.0
2020-21,6:3,grapes,0.0
2020-21,6:4,grapes,0.0
2020-21,6:5,grapes,0.0
2020-21,7:1,grapes,246.0
2020-21,7:2,grapes,187.0
2020-21,7:3,grapes,61.0
2020-21,7:4,grapes,7.0
2020-21,8:1,grapes,0.0
2020-21,8:2,grapes,8.0
2020-21,8:3,grapes,47.0
2020-21,8:4,grapes,1.0
2020-21,8:5,grapes,56.0
2020-21,9:1,grapes,0.0
2020-21,9:2,grapes,0.0
2020-21,9:3,grapes,0.0
2020-21,9:4,grapes,0.0
2020-21,9:5,grapes,0.0
2020-21,10:1,pomegranate,0.0
2020-21,10:10,pomegranate,0.0
2020-21,10:11,pomegranate,0.0
2020-21,10:2,pomegranate,0.0
2020-21,10:3,pomegranate,0.2
2020-21,10:4,pomegranate,0.0
2020-21,10:5,pomegranate,0.0
2020-21,10:6,pomegranate,0.0
2020-21,10:7,pomegranate,0.0
2020-21,10:8,pomegranate,0.0
2020-21,10:9,pomegranate,0.0
2020-21,11:1,pomegranate,1.0
2020-21,11:2,pomegranate,7.0
2020-21,11:3,pomegranate,1.0
2020-21,11:4,pomegranate,60.0
2020-21,11:5,pomegranate,5.0
2020-21,11:6,pomegranate,5.0
2020-21,11:7,pomegranate,15.0
2020-21,12:3,pomegranate,102.0
2020-21,12:4,pomegranate,47.0
2020-21,12:5,pomegranate,359.0
2020-21,12:6,pomegranate,38.0
2020-21,13:1,pomegranate,157.0
2020-21,13:2,pomegranate,1203.0
2020-21,13:3,pomegranate,138.0
2020-21,13:4,pomegranate,62.0
2020-21,13:5,pomegranate,1959.0
2020-21,13:6,pomegranate,1778.0
2020-21,14:1,pomegranate,2.0
2020-21,14:3,pomegranate,272.0
2020-21,14:4,pomegranate,108.0
2020-21,14:5,pomegranate,5.0
2020-21,14:6,pomegranate,23.0
2020-21,15:1,pomegranate,2.0
2020-21,15:2,pomegranate,0.0
2020-21,15:3,pomegranate,0.0
2020-21,15:4,pomegranate,0.0
2020-21,15:5,pomegranate,0.0
2020-21,15:6,pomegranate,5.0
2020-21,15:7,pomegranate,0.0
2020-21,16:1,pomegranate,0.0
2020-21,16:2,pomegranate,0.0
2020-21,16:3,pomegranate,0.0
2020-21,17:1,pomegranate,0.0
2020-21,17:2,pomegranate,0.0
2020-21,17:3,pomegranate,0.0
2020-21,17:4,pomegranate,193.0
2020-21,17:5,pomegranate,374.0
2020-21,17:6,pomegranate,6.0
2020-21,17:7,pomegranate,0.0
2020-21,18:1,pomegranate,265.0
2020-21,18:10,pomegranate,2.0
2020-21,18:2,pomegranate,2845.0
2020-21,18:3,pomegranate,590.0
2020-21,18:4,pomegranate,188.0
2020-21,18:5,pomegranate,25.0
2020-21,18:6,pomegranate,23.0
2020-21,18:7,pomegranate,93.0
2020-21,18:8,pomegranate,110.0
2020-21,18:9,pomegranate,6.0
2020-21,19:10,pomegranate,62.0
2020-21,19:11,pomegranate,30.0
2020-21,19:7,pomegranate,29.0
2020-21,19:8,pomegranate,51.0
2020-21,19:9,pomegranate,15.0
2020-21,1:1,pomegranate,31.0
2020-21,1:10,pomegranate,58.0
2020-21,1:2,pomegranate,859.0
2020-21,1:3,pomegranate,8.0
2020-21,1:4,pomegranate,35.0
2020-21,1:5,pomegranate,3.0
2020-21,1:6,pomegranate,0.0
2020-21,1:7,pomegranate,0.0
2020-21,1:8,pomegranate,0.0
2020-21,1:9,pomegranate,26.0
2020-21,20:1,pomegranate,29.0
2020-21,20:2,pomegranate,0.0
2020-21,20:3,pomegranate,4.0
2020-21,20:4,pomegranate,0.0
2020-21,21:1,pomegranate,22.0
2020-21,21:2,pomegranate,33.0
2020-21,21:3,pomegranate,92.0
2020-21,21:4,pomegranate,7.0
2020-21,22:1,pomegranate,6.0
2020-21,22:2,pomegranate,6.0
2020-21,22:3,pomegranate,1.0
2020-21,22:4,pomegranate,3.0
2020-21,22:5,pomegranate,6.0
2020-21,22:6,pomegranate,2.0
2020-21,22:7,pomegranate,22.0
2020-21,23:1,pomegranate,0.0
2020-21,23:2,pomegranate,2.0
2020-21,23:3,pomegranate,550.0
2020-21,23:4,pomegranate,17.0
2020-21,23:5,pomegranate,0.0
2020-21,23:6,pomegranate,0.0
2020-21,23:7,pomegranate,18.0
2020-21,23:8,pomegranate,39.0
2020-21,24:1,pomegranate,0.0
2020-21,24:2,pomegranate,0.0
2020-21,24:3,pomegranate,1.0
2020-21,24:4,pomegranate,0.0
2020-21,24:5,pomegranate,0.0
2020-21,25:1,pomegranate,0.0
2020-21,25:2,pomegranate,0.0
2020-21,25:3,pomegranate,1.0
2020-21,26:1,pomegranate,0.0
2020-21,26:2,pomegranate,1.0
2020-21,26:3,pomegranate,1.0
2020-21,26:4,pomegranate,4.0
2020-21,26:5,pomegranate,8.0
2020-21,26:6,pomegranate,33.0
2020-21,26:7,pomegranate,6.0
2020-21,27:1,pomegranate,12.0
2020-21,27:2,pomegranate,18.0
2020-21,27:3,pomegranate,0.0
2020-21,27:4,pomegranate,58.0
2020-21,28:5,pomegranate,11.0
2020-21,28:6,pomegranate,4.0
2020-21,28:7,pomegranate,3.0
2020-21,28:8,pomegranate,20.0
2020-21,29:1,pomegranate,70.0
2020-21,29:2,pomegranate,65.0
2020-21,29:3,pomegranate,7.0
2020-21,29:4,pomegranate,57.0
2020-21,29:5,pomegranate,46.0
2020-21,29:6,pomegranate,85.0
2020-21,2:1,pomegranate,319.0
2020-21,2:2,pomegranate,312.6
2020-21,2:3,pomegranate,288.0
2020-21,2:4,pomegranate,342.8
2020-21,2:5,pomegranate,1815.0
2020-21,2:6,pomegranate,70.5
2020-21,30:10,pomegranate,12.2
2020-21,30:8,pomegranate,310.2
2020-21,30:9,pomegranate,55.2
2020-21,3:1,pomegranate,1815.0
2020-21,3:2,pomegranate,2144.0
2020-21,3:3,pomegranate,296.0
2020-21,3:4,pomegranate,92.0
2020-21,3:5,pomegranate,58.0
2020-21,4:2+1,pomegranate,102.0
2020-21,4:3,pomegranate,15.0
2020-21,4:4,pomegranate,2.0
2020-21,4:5,pomegranate,4.0
2020-21,4:6,pomegranate,2.0
2020-21,4:7,pomegranate,17.0
2020-21,5:1,pomegranate,17.0
2020-21,5:2,pomegranate,56.0
2020-21,5:3,pomegranate,6.0
2020-21,5:4,pomegranate,9.0
2020-21,5:5,pomegranate,18.0
2020-21,6:1,pomegranate,1033.0
2020-21,6:2,pomegranate,49.0
2020-21,6:3,pomegranate,29.0
2020-21,6:4,pomegranate,32.0
2020-21,6:5,pomegranate,48.0
2020-21,7:1,pomegranate,172.0
2020-21,7:2,pomegranate,410.0
2020-21,7:3,pomegranate,280.0
2020-21,7:4,pomegranate,242.0
2020-21,8:1,pomegranate,0.0
2020-21,8:2,pomegranate,11.0
2020-21,8:3,pomegranate,60.0
2020-21,8:4,pomegranate,28.0
2020-21,8:5,pomegranate,175.0
2020-21,9:1,pomegranate,1.2
2020-21,9:2,pomegranate,10.2
2020-21,9:3,pomegranate,0.0
2020-21,9:4,pomegranate,0.0
2020-21,9:5,pomegranate,1.6
2020-21,10:1,tomato,0.0
2020-21,10:10,tomato,0.0
2020-21,10:11,tomato,0.0
2020-21,10:3,tomato,23.0
2020-21,10:5,tomato,0.3
2020-21,10:6,tomato,0.0
2020-21,10:7,tomato,0.0
2020-21,10:8,tomato,0.0
2020-21,10:9,tomato,0.2
2020-21,11:1,tomato,60.0
2020-21,11:2,tomato,72.0
2020-21,11:3,tomato,91.0
2020-21,11:4,tomato,236.0
2020-21,11:5,tomato,358.0
2020-21,11:6,tomato,790.0
2020-21,11:7,tomato,329.0
2020-21,12:3,tomato,16.0
2020-21,12:4,tomato,10.0
2020-21,12:5,tomato,74.0
2020-21,12:6,tomato,50.0
2020-21,13:1,tomato,91.0
2020-21,13:2,tomato,1912.0
2020-21,13:3,tomato,282.0
2020-21,13:4,tomato,187.0
2020-21,13:5,tomato,380.0
2020-21,13:6,tomato,458.0
2020-21,14:1,tomato,80.0
2020-21,14:3,tomato,83.0
2020-21,14:4,tomato,466.0
2020-21,14:5,tomato,775.0
2020-21,14:6,tomato,10.0
2020-21,15:1,tomato,0.0
2020-21,15:2,tomato,2.0
2020-21,15:3,tomato,112.0
2020-21,15:4,tomato,0.0
2020-21,15:5,tomato,0.0
2020-21,15:6,tomato,28.0
2020-21,15:7,tomato,0.0
2020-21,16:1,tomato,0.0
2020-21,16:2,tomato,0.0
2020-21,16:3,tomato,0.0
2020-21,17:2,tomato,0.0
2020-21,17:4,tomato,149.0
2020-21,17:5,tomato,461.0
2020-21,17:6,tomato,648.0
2020-21,18:1,tomato,62.0
2020-21,18:10,tomato,103.0
2020-21,18:2,tomato,185.0
2020-21,18:3,tomato,3147.0
2020-21,18:4,tomato,123.0
2020-21,18:5,tomato,63.0
2020-21,18:6,tomato,147.0
2020-21,18:7,tomato,53.0
2020-21,18:8,tomato,78.0
2020-21,18:9,tomato,15.0
2020-21,19:10,tomato,3372.0
2020-21,19:11,tomato,4443.0
2020-21,19:7,tomato,4975.0
2020-21,19:8,tomato,3691.0
2020-21,19:9,tomato,2666.0
2020-21,1:1,tomato,108.0
2020-21,1:10,tomato,31.0
2020-21,1:2,tomato,35.0
2020-21,1:3,tomato,19.0
2020-21,1:4,tomato,52.0
2020-21,1:5,tomato,202.0
2020-21,1:6,tomato,204.0
2020-21,1:7,tomato,1.0
2020-21,1:8,tomato,389.0
2020-21,1:9,tomato,255.0
2020-21,20:1,tomato,243.2
2020-21,20:2,tomato,115.4
2020-21,20:3,tomato,361.5
2020-21,20:4,tomato,155.2
2020-21,21:1,tomato,596.0
2020-21,21:2,tomato,372.0
2020-21,21:3,tomato,314.0
2020-21,21:4,tomato,471.0
2020-21,22:1,tomato,181.0
2020-21,22:2,tomato,283.0
2020-21,22:3,tomato,806.0
2020-21,22:4,tomato,264.0
2020-21,22:5,tomato,310.0
2020-21,22:6,tomato,56.0
2020-21,22:7,tomato,393.0
2020-21,23:1,tomato,0.0
2020-21,23:2,tomato,330.0
2020-21,23:3,tomato,670.0
2020-21,23:4,tomato,106.0
2020-21,23:5,tomato,31.0
2020-21,23:6,tomato,65.0
2020-21,23:7,tomato,450.0
2020-21,23:8,tomato,232.0
2020-21,24:1,tomato,0.0
2020-21,24:2,tomato,0.0
2020-21,24:5,tomato,0.0
2020-21,25:1,tomato,0.0
2020-21,25:2,tomato,0.0
2020-21,25:3,tomato,0.0
2020-21,26:1,tomato,89.0
2020-21,26:2,tomato,720.0
2020-21,26:3,tomato,477.0
2020-21,26:4,tomato,1751.0
2020-21,26:5,tomato,955.0
2020-21,26:6,tomato,1849.0
2020-21,26:7,tomato,326.0
2020-21,27:1,tomato,2516.0
2020-21,27:2,tomato,1726.0
2020-21,27:3,tomato,46.0
2020-21,27:4,tomato,678.0
2020-21,28:5,tomato,100.0
2020-21,28:6,tomato,66.0
2020-21,28:7,tomato,76.0
2020-21,28:8,tomato,78.0
2020-21,29:1,tomato,774.0
2020-21,29:2,tomato,306.0
2020-21,29:3,tomato,321.0
2020-21,29:4,tomato,1389.0
2020-21,29:5,tomato,811.0
2020-21,29:6,tomato,2953.0
2020-21,2:1,tomato,91.5
2020-21,2:2,tomato,38.4
2020-21,2:3,tomato,49.7
2020-21,2:4,tomato,412.9
2020-21,2:5,tomato,85.7
2020-21,2:6,tomato,44.7
2020-21,30:10,tomato,57.0
2020-21,30:8,tomato,263.0
2020-21,30:9,tomato,137.0
2020-21,3:1,tomato,143.0
2020-21,3:2,tomato,162.0
2020-21,3:3,tomato,69.0
2020-21,3:4,tomato,95.0
2020-21,3:5,tomato,55.0
2020-21,4:2+1,tomato,717.0
2020-21,4:3,tomato,263.0
2020-21,4:4,tomato,190.0
2020-21,4:5,tomato,52.0
2020-21,4:6,tomato,250.0
2020-21,4:7,tomato,284.0
2020-21,5:1,tomato,332.0
2020-21,5:2,tomato,435.0
2020-21,5:3,tomato,126.0
2020-21,5:4,tomato,343.0
2020-21,5:5,tomato,144.0
2020-21,6:1,tomato,193.0
2020-21,6:2,tomato,22.0
2020-21,6:3,tomato,155.0
2020-21,6:4,tomato,12.0
2020-21,6:5,tomato,13.0
2020-21,7:1,tomato,1021.0
2020-21,7:2,tomato,759.0
2020-21,7:3,tomato,304.0
2020-21,7:4,tomato,1639.0
2020-21,8:1,tomato,41.0
2020-21,8:2,tomato,1.0
2020-21,8:3,tomato,75.0
2020-21,8:4,tomato,28.0
2020-21,8:5,tomato,49.0
2020-21,9:1,tomato,281.0
2020-21,9:2,tomato,5.0
2020-21,9:3,tomato,124.0
2020-21,9:4,tomato,194.0
2020-21,9:5,tomato,23.0
2020-21,10:1,onion,0.0
2020-21,10:10,onion,0.0
2020-21,10:11,onion,0.3
2020-21,10:3,onion,0.1
2020-21,10:4,onion,0.0
2020-21,10:5,onion,0.0
2020-21,10:6,onion,0.0
2020-21,10:7,onion,0.0
2020-21,10:8,onion,42.0
2020-21,10:9,onion,0.0
2020-21,11:1,onion,10.0
2020-21,11:2,onion,92.0
2020-21,11:3,onion,9.0
2020-21,11:4,onion,840.0
2020-21,11:5,onion,35.0
2020-21,11:6,onion,46.0
2020-21,11:7,onion,4934.0
2020-21,12:3,onion,21.0
2020-21,12:4,onion,80.0
2020-21,12:5,onion,110.0
2020-21,12:6,onion,1660.0
2020-21,13:1,onion,59.0
2020-21,13:2,onion,11563.0
2020-21,13:3,onion,9096.0
2020-21,13:4,onion,2348.0
2020-21,13:5,onion,1377.0
2020-21,13:6,onion,4383.0
2020-21,14:1,onion,85.0
2020-21,14:3,onion,3180.0
2020-21,14:4,onion,86.0
2020-21,14:5,onion,510.0
2020-21,14:6,onion,289.0
2020-21,15:1,onion,0.0
2020-21,15:2,onion,0.0
2020-21,15:3,onion,3.0
2020-21,15:5,onion,0.0
2020-21,15:6,onion,0.0
2020-21,15:7,onion,0.0
2020-21,16:1,onion,0.0
2020-21,16:2,onion,0.0
2020-21,16:3,onion,0.0
2020-21,17:3,onion,0.0
2020-21,17:4,onion,5362.0
2020-21,17:5,onion,2111.0
2020-21,17:6,onion,643.0
2020-21,18:1,onion,49.0
2020-21,18:10,onion,1.0
2020-21,18:2,onion,630.0
2020-21,18:3,onion,58.0
2020-21,18:4,onion,8.0
2020-21,18:5,onion,0.0
2020-21,18:6,onion,0.0
2020-21,18:7,onion,1.0
2020-21,18:8,onion,0.0
2020-21,18:9,onion,0.0
2020-21,19:10,onion,7.0
2020-21,19:11,onion,9.0
2020-21,19:7,onion,20.0
2020-21,19:8,onion,3.0
2020-21,19:9,onion,10.0
2020-21,1:1,onion,59.0
2020-21,1:10,onion,3425.0
2020-21,1:2,onion,101.0
2020-21,1:3,onion,42.0
2020-21,1:4,onion,545.0
2020-21,1:5,onion,35.0
2020-21,1:6,onion,0.0
2020-21,1:7,onion,0.0
2020-21,1:8,onion,38.0
2020-21,1:9,onion,3390.0
2020-21,20:1,onion,2.0
2020-21,20:2,onion,1.0
2020-21,20:3,onion,14.0
2020-21,20:4,onion,26.0
2020-21,21:1,onion,2.0
2020-21,21:2,onion,8.0
2020-21,21:3,onion,15.0
2020-21,21:4,onion,5.0
2020-21,22:1,onion,0.0
2020-21,22:2,onion,112.0
2020-21,22:3,onion,11.0
2020-21,22:4,onion,0.0
2020-21,22:5,onion,20.0
2020-21,22:6,onion,1.0
2020-21,22:7,onion,9.0
2020-21,23:1,onion,0.0
2020-21,23:2,onion,0.0
2020-21,23:3,onion,70.0
2020-21,23:4,onion,10.0
2020-21,23:5,onion,0.0
2020-21,23:6,onion,0.0
2020-21,23:7,onion,7.0
2020-21,23:8,onion,0.0
2020-21,24:1,onion,0.0
2020-21,24:2,onion,0.0
2020-21,24:3,onion,0.0
2020-21,24:5,onion,0.0
2020-21,25:1,onion,0.0
2020-21,25:2,onion,0.0
2020-21,25:3,onion,0.0
2020-21,26:1,onion,0.0
2020-21,26:2,onion,1.0
2020-21,26:3,onion,0.0
2020-21,26:4,onion,0.0
2020-21,26:5,onion,0.0
2020-21,26:6,onion,36.0
2020-21,26:7,onion,6.0
2020-21,27:1,onion,489.0
2020-21,27:2,onion,262.0
2020-21,27:3,onion,22.0
2020-21,27:4,onion,1855.0
2020-21,28:5,onion,2.0
2020-21,28:6,onion,2.0
2020-21,28:7,onion,3.0
2020-21,28:8,onion,2.0
2020-21,29:1,onion,69.0
2020-21,29:2,onion,32.0
2020-21,29:3,onion,32.0
2020-21,29:4,onion,560.0
2020-21,29:5,onion,288.0
2020-21,29:6,onion,444.0
2020-21,2:1,onion,1104.6
2020-21,2:2,onion,5042.2
2020-21,2:3,onion,7917.7
2020-21,2:4,onion,6133.8
2020-21,2:5,onion,8094.2
2020-21,2:6,onion,4323.5
2020-21,30:10,onion,173.0
2020-21,30:8,onion,371.0
2020-21,30:9,onion,73.0
2020-21,3:1,onion,4186.0
2020-21,3:2,onion,1070.0
2020-21,3:3,onion,1334.0
2020-21,3:4,onion,15509.0
2020-21,3:5,onion,961.0
2020-21,4:2+1,onion,1976.0
2020-21,4:3,onion,1152.0
2020-21,4:4,onion,508.0
2020-21,4:5,onion,183.0
2020-21,4:6,onion,698.0
2020-21,4:7,onion,279.0
2020-21,5:1,onion,265.0
2020-21,5:2,onion,132.0
2020-21,5:3,onion,166.0
2020-21,5:4,onion,424.0
2020-21,5:5,onion,86.0
2020-21,6:1,onion,1221.0
2020-21,6:2,onion,613.0
2020-21,6:3,onion,254.0
2020-21,6:4,onion,61.0
2020-21,6:5,onion,77.0
2020-21,7:1,onion,5464.0
2020-21,7:2,onion,1269.0
2020-21,7:3,onion,272.0
2020-21,7:4,onion,2398.0
2020-21,8:1,onion,1645.0
2020-21,8:2,onion,5074.0
2020-21,8:3,onion,21562.0
2020-21,8:4,onion,801.0
2020-21,8:5,onion,1429.0
2020-21,9:1,onion,4022.0
2020-21,9:2,onion,11266.0
2020-21,9:3,onion,5734.0
2020-21,9:4,onion,0.0
2020-21,9:5,onion,460.0
2020-21,10:1,potato,0.0
2020-21,10:10,potato,0.0
2020-21,10:11,potato,0.0
2020-21,10:2,potato,0.0
2020-21,10:3,potato,0.0
2020-21,10:4,potato,0.0
2020-21,10:5,potato,1.7
2020-21,10:6,potato,1.1
2020-21,10:7,potato,0.0
2020-21,10:8,potato,0.0
2020-21,10:9,potato,0.0
2020-21,11:1,potato,6.0
2020-21,11:2,potato,0.0
2020-21,11:3,potato,1.0
2020-21,11:4,potato,0.0
2020-21,11:5,potato,0.0
2020-21,11:6,potato,0.0
2020-21,11:7,potato,1.0
2020-21,12:3,potato,2.0
2020-21,12:4,potato,1.0
2020-21,12:5,potato,0.0
2020-21,12:6,potato,1.0
2020-21,13:1,potato,0.0
2020-21,13:2,potato,0.0
2020-21,13:3,potato,0.0
2020-21,13:4,potato,0.0
2020-21,13:5,potato,0.0
2020-21,13:6,potato,0.0
2020-21,14:1,potato,0.0
2020-21,14:3,potato,0.0
2020-21,14:4,potato,12.0
2020-21,14:5,potato,2.0
2020-21,14:6,potato,6.0
2020-21,15:1,potato,0.0
2020-21,15:2,potato,0.0
2020-21,15:3,potato,0.0
2020-21,15:4,potato,0.0
2020-21,15:5,potato,0.0
2020-21,15:6,potato,0.0
2020-21,15:7,potato,0.0
2020-21,16:1,potato,0.0
2020-21,16:2,potato,0.0
2020-21,16:3,potato,0.0
2020-21,17:2,potato,0.0
2020-21,17:3,potato,0.0
2020-21,17:4,potato,2383.0
2020-21,17:5,potato,916.0
2020-21,17:6,potato,1132.0
2020-21,18:1,potato,0.0
2020-21,18:10,potato,0.0
2020-21,18:2,potato,2.0
2020-21,18:3,potato,0.0
2020-21,18:4,potato,13.0
2020-21,18:5,potato,0.0
2020-21,18:6,potato,3.0
2020-21,18:7,potato,1.0
2020-21,18:8,potato,2.0
2020-21,18:9,potato,0.0
2020-21,19:10,potato,835.0
2020-21,19:11,potato,1209.0
2020-21,19:7,potato,326.0
2020-21,19:8,potato,394.0
2020-21,19:9,potato,798.0
2020-21,1:1,potato,1.0
2020-21,1:10,potato,0.0
2020-21,1:2,potato,0.0
2020-21,1:3,potato,0.0
2020-21,1:4,potato,0.0
2020-21,1:5,potato,24.0
2020-21,1:6,potato,1762.0
2020-21,1:7,potato,16.0
2020-21,1:8,potato,62.0
2020-21,1:9,potato,3.0
2020-21,20:1,potato,3.5
2020-21,20:2,potato,1.0
2020-21,20:3,potato,166.8
2020-21,20:4,potato,6.0
2020-21,21:1,potato,15.0
2020-21,21:2,potato,46.0
2020-21,21:3,potato,120.0
2020-21,21:4,potato,106.0
2020-21,22:1,potato,2.0
2020-21,22:2,potato,43.0
2020-21,22:3,potato,0.0
2020-21,22:4,potato,1.0
2020-21,22:5,potato,2.0
2020-21,22:6,potato,1.0
2020-21,22:7,potato,3.0
2020-21,23:1,potato,0.0
2020-21,23:2,potato,1052.0
2020-21,23:3,potato,1166.0
2020-21,23:4,potato,8027.0
2020-21,23:5,potato,154.0
2020-21,23:6,potato,1795.0
2020-21,23:7,potato,924.0
2020-21,23:8,potato,787.0
2020-21,24:1,potato,0.0
2020-21,24:2,potato,0.0
2020-21,24:3,potato,1.0
2020-21,24:5,potato,1.0
2020-21,25:1,potato,0.0
2020-21,25:2,potato,18.0
2020-21,25:3,potato,2.0
2020-21,26:1,potato,149.0
2020-21,26:2,potato,5.0
2020-21,26:3,potato,6.0
2020-21,26:4,potato,3.0
2020-21,26:5,potato,3.0
2020-21,26:6,potato,12.0
2020-21,26:7,potato,7.0
2020-21,27:1,potato,443.0
2020-21,27:2,potato,120.0
2020-21,27:3,potato,0.0
2020-21,27:4,potato,12.0
2020-21,28:5,potato,1.0
2020-21,28:6,potato,3.0
2020-21,28:7,potato,1.0
2020-21,28:8,potato,0.0
2020-21,29:1,potato,94.0
2020-21,29:2,potato,699.0
2020-21,29:3,potato,397.0
2020-21,29:4,potato,222.0
2020-21,29:5,potato,367.0
2020-21,29:6,potato,61.0
2020-21,2:1,potato,0.4
2020-21,2:2,potato,0.0
2020-21,2:3,potato,0.0
2020-21,2:4,potato,0.0
2020-21,2:5,potato,0.0
2020-21,2:6,potato,11.8
2020-21,30:10,potato,0.0
2020-21,30:8,potato,14.0
2020-21,30:9,potato,1.0
2020-21,3:1,potato,2.0
2020-21,3:2,potato,3.0
2020-21,3:3,potato,1.0
2020-21,3:4,potato,2.0
2020-21,3:5,potato,1.0
2020-21,4:2+1,potato,6.0
2020-21,4:3,potato,0.0
2020-21,4:4,potato,40.0
2020-21,4:5,potato,0.0
2020-21,4:6,potato,2.0
2020-21,4:7,potato,5.0
2020-21,5:1,potato,85.0
2020-21,5:2,potato,12.0
2020-21,5:3,potato,1.4
2020-21,5:4,potato,96.0
2020-21,5:5,potato,28.0
2020-21,6:1,potato,12.0
2020-21,6:2,potato,15.0
2020-21,6:3,potato,0.0
2020-21,6:4,potato,4.0
2020-21,6:5,potato,17.0
2020-21,7:1,potato,5.0
2020-21,7:2,potato,0.0
2020-21,7:3,potato,10.0
2020-21,7:4,potato,0.0
2020-21,8:1,potato,0.0
2020-21,8:2,potato,1.0
2020-21,8:3,potato,0.0
2020-21,8:4,potato,0.0
2020-21,8:5,potato,0.0
2020-21,9:1,potato,1295.0
2020-21,9:2,potato,0.0
2020-21,9:3,potato,2.0
2020-21,9:4,potato,0.0
2020-21,9:5,potato,1.0
2021-22,10:1,all crops,3799.0
2021-22,10:10,all crops,11196.0
2021-22,10:11,all crops,5672.0
2021-22,10:2,all crops,7221.0
2021-22,10:3,all crops,29400.0
2021-22,10:4,all crops,10703.0
2021-22,10:5,all crops,19295.0
2021-22,10:6,all crops,27620.0
2021-22,10:7,all crops,11742.0
2021-22,10:8,all crops,12087.0
2021-22,10:9,all crops,18507.0
2021-22,11:1,all crops,61089.0
2021-22,11:2,all crops,64390.0
2021-22,11:3,all crops,81823.0
2021-22,11:4,all crops,96882.0
2021-22,11:5,all crops,50816.0
2021-22,11:6,all crops,92760.0
2021-22,11:7,all crops,98813.0
2021-22,12:1,all crops,90673.0
2021-22,12:2,all crops,65369.0
2021-22,12:3,all crops,37799.0
2021-22,12:4,all crops,120728.0
2021-22,12:5,all crops,123456.0
2021-22,12:6,all crops,64282.0
2021-22,12:7,all crops,110477.0
2021-22,13:1,all crops,43140.0
2021-22,13:2,all crops,156647.0
2021-22,13:3,all crops,111258.0
2021-22,13:4,all crops,76210.0
2021-22,13:5,all crops,86654.0
2021-22,13:6,all crops,103728.0
2021-22,14:1,all crops,60624.0
2021-22,14:2,all crops,117978.0
2021-22,14:3,all crops,82404.0
2021-22,14:4,all crops,106720.0
2021-22,14:5,all crops,76913.0
2021-22,14:6,all crops,94408.0
2021-22,15:1,all crops,38722.0
2021-22,15:2,all crops,72733.0
2021-22,15:3,all crops,63477.0
2021-22,15:4,all crops,24788.0
2021-22,15:5,all crops,33599.0
2021-22,15:6,all crops,50022.0
2021-22,15:7,all crops,44804.0
2021-22,16:1,all crops,58617.0
2021-22,16:2,all crops,41210.0
2021-22,16:3,all crops,53287.0
2021-22,17:1,all crops,8968.0
2021-22,17:2,all crops,30503.0
2021-22,17:3,all crops,21487.0
2021-22,17:4,all crops,92514.0
2021-22,17:5,all crops,101189.0
2021-22,17:6,all crops,90391.0
2021-22,17:7,all crops,77187.0
2021-22,18:1,all crops,73944.0
2021-22,18:10,all crops,61384.0
2021-22,18:2,all crops,86236.0
2021-22,18:3,all crops,58085.0
2021-22,18:4,all crops,58361.0
2021-22,18:5,all crops,41161.0
2021-22,18:6,all crops,62440.0
2021-22,18:7,all crops,92839.0
2021-22,18:8,all crops,66381.0
2021-22,18:9,all crops,64277.0
2021-22,19:10,all crops,47876.0
2021-22,19:11,all crops,47810.0
2021-22,19:7,all crops,54166.0
2021-22,19:8,all crops,50783.0
2021-22,19:9,all crops,43510.0
2021-22,1:1,all crops,141268.0
2021-22,1:10,all crops,149858.0
2021-22,1:2,all crops,271416.0
2021-22,1:3,all crops,130823.0
2021-22,1:4,all crops,180709.0
2021-22,1:5,all crops,102280.0
2021-22,1:6,all crops,89146.0
2021-22,1:7,all crops,71756.0
2021-22,1:8,all crops,139359.0
2021-22,1:9,all crops,191097.0
2021-22,20:1,all crops,10149.0
2021-22,20:2,all crops,10725.0
2021-22,20:3,all crops,17350.0
2021-22,20:4,all crops,3376.0
2021-22,21:1,all crops,30395.0
2021-22,21:2,all crops,46098.0
2021-22,21:3,all crops,26715.0
2021-22,21:4,all crops,33271.0
2021-22,22:1,all crops,64061.0
2021-22,22:2,all crops,68567.0
2021-22,22:3,all crops,34314.0
2021-22,22:4,all crops,26370.0
2021-22,22:5,all crops,59304.0
2021-22,22:6,all crops,51446.0
2021-22,22:7,all crops,52841.0
2021-22,23:1,all crops,71214.0
2021-22,23:2,all crops,74671.0
2021-22,23:3,all crops,93411.0
2021-22,23:4,all crops,70202.0
2021-22,23:5,all crops,35029.0
2021-22,23:6,all crops,67385.0
2021-22,23:7,all crops,42590.0
2021-22,23:8,all crops,85730.0
2021-22,24:1,all crops,18343.0
2021-22,24:2,all crops,33251.0
2021-22,24:3,all crops,46287.0
2021-22,24:4,all crops,61577.0
2021-22,24:5,all crops,36177.0
2021-22,25:1,all crops,115751.0
2021-22,25:2,all crops,66363.0
2021-22,25:3,all crops,148953.0
2021-22,26:1,all crops,96022.0
2021-22,26:2,all crops,87605.0
2021-22,26:3,all crops,65949.0
2021-22,26:4,all crops,49221.0
2021-22,26:5,all crops,79876.0
2021-22,26:6,all crops,91937.0
2021-22,26:7,all crops,58092.0
2021-22,27:1,all crops,64515.0
2021-22,27:2,all crops,69433.0
2021-22,27:3,all crops,10255.0
2021-22,27:4,all crops,58535.0
2021-22,28:5,all crops,52309.0
2021-22,28:6,all crops,34876.0
2021-22,28:7,all crops,36170.0
2021-22,28:8,all crops,58865.0
2021-22,29:1,all crops,47918.0
2021-22,29:2,all crops,28024.0
2021-22,29:3,all crops,13567.0
2021-22,29:4,all crops,45002.0
2021-22,29:5,all crops,37349.0
2021-22,29:6,all crops,54188.0
2021-22,2:1,all crops,140629.0
2021-22,2:2,all crops,66199.0
2021-22,2:3,all crops,112936.0
2021-22,2:4,all crops,138462.0
2021-22,2:5,all crops,81059.0
2021-22,2:6,all crops,137017.0
2021-22,30:10,all crops,140422.0
2021-22,30:8,all crops,195823.0
2021-22,30:9,all crops,155046.0
2021-22,3:1,all crops,250431.0
2021-22,3:2,all crops,251207.0
2021-22,3:3,all crops,233744.0
2021-22,3:4,all crops,206294.0
2021-22,3:5,all crops,148452.0
2021-22,4:2+1,all crops,311554.0
2021-22,4:3,all crops,163709.0
2021-22,4:4,all crops,93113.0
2021-22,4:5,all crops,105515.0
2021-22,4:6,all crops,194324.0
2021-22,4:7,all crops,185695.0
2021-22,5:1,all crops,117239.0
2021-22,5:2,all crops,142090.0
2021-22,5:3,all crops,140473.0
2021-22,5:4,all crops,72371.0
2021-22,5:5,all crops,80636.0
2021-22,6:1,all crops,249821.0
2021-22,6:2,all crops,148452.0
2021-22,6:3,all crops,126800.0
2021-22,6:4,all crops,163940.0
2021-22,6:5,all crops,171559.0
2021-22,7:1,all crops,215812.0
2021-22,7:2,all crops,155977.0
2021-22,7:3,all crops,138255.0
2021-22,7:4,all crops,112359.0
2021-22,8:1,all crops,67452.0
2021-22,8:2,all crops,142143.0
2021-22,8:3,all crops,146586.0
2021-22,8:4,all crops,91677.0
2021-22,8:5,all crops,97683.0
2021-22,9:1,all crops,123384.0
2021-22,9:2,all crops,186790.0
2021-22,9:3,all crops,81637.0
2021-22,9:4,all crops,82668.0
2021-22,9:5,all crops,81873.0
2021-22,10:1,rice,1206.0
2021-22,10:10,rice,2020.0
2021-22,10:11,rice,2174.0
2021-22,10:2,rice,4059.0
2021-22,10:3,rice,7070.0
2021-22,10:4,rice,2951.0
2021-22,10:5,rice,7329.0
2021-22,10:6,rice,8362.0
2021-22,10:7,rice,4272.0
2021-22,10:8,rice,2833.0
2021-22,10:9,rice,5684.0
2021-22,11:1,rice,7812.0
2021-22,11:2,rice,35.0
2021-22,11:3,rice,18135.0
2021-22,11:4,rice,1022.0
2021-22,11:5,rice,409.0
2021-22,11:6,rice,3387.0
2021-22,11:7,rice,13465.0
2021-22,12:1,rice,11361.0
2021-22,12:2,rice,4482.0
2021-22,12:3,rice,31341.0
2021-22,12:4,rice,73089.0
2021-22,12:5,rice,48717.0
2021-22,12:6,rice,6261.0
2021-22,12:7,rice,109.0
2021-22,13:1,rice,235.0
2021-22,13:2,rice,1508.0
2021-22,13:3,rice,7.0
2021-22,13:4,rice,2.0
2021-22,13:5,rice,12.0
2021-22,13:6,rice,57.0
2021-22,14:1,rice,45410.0
2021-22,14:2,rice,6743.0
2021-22,14:3,rice,4.0
2021-22,14:4,rice,43221.0
2021-22,14:5,rice,18037.0
2021-22,14:6,rice,21954.0
2021-22,15:1,rice,13097.0
2021-22,15:2,rice,24405.0
2021-22,15:3,rice,16170.0
2021-22,15:4,rice,7781.0
2021-22,15:5,rice,8813.0
2021-22,15:6,rice,10034.0
2021-22,15:7,rice,9717.0
2021-22,16:1,rice,13875.0
2021-22,16:2,rice,17782.0
2021-22,16:3,rice,9344.0
2021-22,17:1,rice,1330.0
2021-22,17:2,rice,2602.0
2021-22,17:3,rice,2613.0
2021-22,17:4,rice,1785.0
2021-22,17:5,rice,3.0
2021-22,17:6,rice,2409.0
2021-22,17:7,rice,3585.0
2021-22,18:1,rice,2.0
2021-22,18:10,rice,714.0
2021-22,18:2,rice,71.0
2021-22,18:3,rice,934.0
2021-22,18:4,rice,464.0
2021-22,18:5,rice,276.0
2021-22,18:6,rice,719.0
2021-22,18:7,rice,180.0
2021-22,18:8,rice,272.0
2021-22,18:9,rice,448.0
2021-22,19:10,rice,951.0
2021-22,19:11,rice,3027.0
2021-22,19:7,rice,1163.0
2021-22,19:8,rice,71.0
2021-22,19:9,rice,60.0
2021-22,1:1,rice,540.0
2021-22,1:10,rice,7.0
2021-22,1:2,rice,10.0
2021-22,1:3,rice,10.0
2021-22,1:4,rice,35.0
2021-22,1:5,rice,1166.0
2021-22,1:6,rice,25982.0
2021-22,1:7,rice,29864.0
2021-22,1:8,rice,4346.0
2021-22,1:9,rice,9.0
2021-22,20:1,rice,47.0
2021-22,20:2,rice,75.0
2021-22,20:3,rice,76.0
2021-22,20:4,rice,12.0
2021-22,21:1,rice,77.0
2021-22,21:2,rice,9.0
2021-22,21:3,rice,25.0
2021-22,21:4,rice,146.0
2021-22,22:1,rice,9327.0
2021-22,22:2,rice,1728.0
2021-22,22:3,rice,5638.0
2021-22,22:4,rice,12194.0
2021-22,22:5,rice,17762.0
2021-22,22:6,rice,14917.0
2021-22,22:7,rice,12391.0
2021-22,23:1,rice,7907.0
2021-22,23:2,rice,4618.0
2021-22,23:3,rice,5.0
2021-22,23:4,rice,2933.0
2021-22,23:5,rice,6606.0
2021-22,23:6,rice,10731.0
2021-22,23:7,rice,6196.0
2021-22,23:8,rice,1399.0
2021-22,24:1,rice,4288.0
2021-22,24:2,rice,1438.0
2021-22,24:3,rice,1914.0
2021-22,24:4,rice,519.0
2021-22,24:5,rice,130.0
2021-22,25:1,rice,5468.0
2021-22,25:2,rice,6720.0
2021-22,25:3,rice,9581.0
2021-22,26:1,rice,5106.0
2021-22,26:2,rice,7302.0
2021-22,26:3,rice,20405.0
2021-22,26:4,rice,6547.0
2021-22,26:5,rice,4849.0
2021-22,26:6,rice,17648.0
2021-22,26:7,rice,27012.0
2021-22,27:1,rice,1.0
2021-22,27:2,rice,1507.0
2021-22,27:3,rice,3398.0
2021-22,27:4,rice,7591.0
2021-22,28:5,rice,199.0
2021-22,28:6,rice,448.0
2021-22,28:7,rice,1262.0
2021-22,28:8,rice,1709.0
2021-22,29:1,rice,419.0
2021-22,29:2,rice,82.0
2021-22,29:3,rice,146.0
2021-22,29:4,rice,2244.0
2021-22,29:5,rice,100.0
2021-22,29:6,rice,721.0
2021-22,2:1,rice,10.0
2021-22,2:2,rice,4.0
2021-22,2:3,rice,3.0
2021-22,2:4,rice,54.0
2021-22,2:5,rice,23.0
2021-22,2:6,rice,9.0
2021-22,30:10,rice,21735.0
2021-22,30:8,rice,94728.0
2021-22,30:9,rice,29580.0
2021-22,3:1,rice,3.0
2021-22,3:2,rice,6.0
2021-22,3:3,rice,141.0
2021-22,3:4,rice,21.0
2021-22,3:5,rice,33.0
2021-22,4:2+1,rice,116.0
2021-22,4:3,rice,63.0
2021-22,4:4,rice,101.0
2021-22,4:5,rice,3025.0
2021-22,4:6,rice,2269.0
2021-22,4:7,rice,10076.0
2021-22,5:1,rice,57.0
2021-22,5:2,rice,16.0
2021-22,5:3,rice,282.0
2021-22,5:4,rice,423.0
2021-22,5:5,rice,472.0
2021-22,6:1,rice,63685.0
2021-22,6:2,rice,55113.0
2021-22,6:3,rice,33194.0
2021-22,6:4,rice,75733.0
2021-22,6:5,rice,125555.0
2021-22,7:1,rice,429.0
2021-22,7:2,rice,313.0
2021-22,7:3,rice,90637.0
2021-22,7:4,rice,12655.0
2021-22,8:1,rice,0.0
2021-22,8:2,rice,4.0
2021-22,8:3,rice,14.0
2021-22,8:4,rice,718.0
2021-22,8:5,rice,5301.0
2021-22,9:1,rice,8039.0
2021-22,9:2,rice,6.0
2021-22,9:3,rice,201.0
2021-22,9:4,rice,4262.0
2021-22,9:5,rice,125.0
2021-22,10:1,jowar,0.0
2021-22,10:10,jowar,0.0
2021-22,10:11,jowar,0.0
2021-22,10:2,jowar,0.0
2021-22,10:3,jowar,13.0
2021-22,10:4,jowar,0.0
2021-22,10:5,jowar,50.0
2021-22,10:6,jowar,10.0
2021-22,10:7,jowar,0.0
2021-22,10:8,jowar,1.0
2021-22,10:9,jowar,14.0
2021-22,11:1,jowar,6436.0
2021-22,11:2,jowar,11501.0
2021-22,11:3,jowar,3219.0
2021-22,11:4,jowar,18710.0
2021-22,11:5,jowar,10807.0
2021-22,11:6,jowar,11034.0
2021-22,11:7,jowar,17659.0
2021-22,12:1,jowar,4256.0
2021-22,12:2,jowar,939.0
2021-22,12:3,jowar,898.0
2021-22,12:4,jowar,5318.0
2021-22,12:5,jowar,4144.0
2021-22,12:6,jowar,2505.0
2021-22,12:7,jowar,3838.0
2021-22,13:1,jowar,1482.0
2021-22,13:2,jowar,2443.0
2021-22,13:3,jowar,616.0
2021-22,13:4,jowar,281.0
2021-22,13:5,jowar,670.0
2021-22,13:6,jowar,3728.0
2021-22,14:1,jowar,194.0
2021-22,14:2,jowar,3969.0
2021-22,14:3,jowar,701.0
2021-22,14:4,jowar,293.0
2021-22,14:5,jowar,2868.0
2021-22,14:6,jowar,58.0
2021-22,15:1,jowar,0.0
2021-22,15:2,jowar,4.0
2021-22,15:3,jowar,513.0
2021-22,15:4,jowar,0.0
2021-22,15:5,jowar,1.0
2021-22,15:6,jowar,1.0
2021-22,15:7,jowar,0.0
2021-22,16:1,jowar,2.0
2021-22,16:2,jowar,0.0
2021-22,16:3,jowar,1.0
2021-22,17:1,jowar,0.0
2021-22,17:2,jowar,1.0
2021-22,17:3,jowar,0.0
2021-22,17:4,jowar,1259.0
2021-22,17:5,jowar,913.0
2021-22,17:6,jowar,712.0
2021-22,17:7,jowar,0.0
2021-22,18:1,jowar,1018.0
2021-22,18:10,jowar,454.0
2021-22,18:2,jowar,2059.0
2021-22,18:3,jowar,967.0
2021-22,18:4,jowar,1410.0
2021-22,18:5,jowar,951.0
2021-22,18:6,jowar,658.0
2021-22,18:7,jowar,1003.0
2021-22,18:8,jowar,905.0
2021-22,18:9,jowar,670.0
2021-22,19:10,jowar,506.0
2021-22,19:11,jowar,490.0
2021-22,19:7,jowar,889.0
2021-22,19:8,jowar,425.0
2021-22,19:9,jowar,207.0
2021-22,1:1,jowar,11262.0
2021-22,1:10,jowar,30575.0
2021-22,1:2,jowar,34653.0
2021-22,1:3,jowar,227.0
2021-22,1:4,jowar,5797.0
2021-22,1:5,jowar,13886.0
2021-22,1:6,jowar,12047.0
2021-22,1:7,jowar,22.0
2021-22,1:8,jowar,26550.0
2021-22,1:9,jowar,23477.0
2021-22,20:1,jowar,293.0
2021-22,20:2,jowar,319.0
2021-22,20:3,jowar,300.0
2021-22,20:4,jowar,31.0
2021-22,21:1,jowar,730.0
2021-22,21:2,jowar,2497.0
2021-22,21:3,jowar,497.0
2021-22,21:4,jowar,575.0
2021-22,22:1,jowar,0.0
2021-22,22:2,jowar,0.0
2021-22,22:3,jowar,0.0
2021-22,22:4,jowar,0.0
2021-22,22:5,jowar,0.0
2021-22,22:6,jowar,0.0
2021-22,22:7,jowar,9.0
2021-22,23:1,jowar,1.0
2021-22,23:2,jowar,1457.0
2021-22,23:3,jowar,139.0
2021-22,23:4,jowar,3.0
2021-22,23:5,jowar,83.0
2021-22,23:6,jowar,16.0
2021-22,23:7,jowar,1593.0
2021-22,23:8,jowar,2189.0
2021-22,24:1,jowar,0.0
2021-22,24:2,jowar,0.0
2021-22,24:3,jowar,0.0
2021-22,24:4,jowar,0.0
2021-22,24:5,jowar,0.0
2021-22,25:1,jowar,0.0
2021-22,25:2,jowar,0.0
2021-22,25:3,jowar,0.0
2021-22,26:1,jowar,0.0
2021-22,26:2,jowar,0.0
2021-22,26:3,jowar,58.0
2021-22,26:4,jowar,584.0
2021-22,26:5,jowar,12.0
2021-22,26:6,jowar,4473.0
2021-22,26:7,jowar,0.0
2021-22,27:1,jowar,5165.0
2021-22,27:2,jowar,5170.0
2021-22,27:3,jowar,35.0
2021-22,27:4,jowar,0.0
2021-22,28:5,jowar,378.0
2021-22,28:6,jowar,476.0
2021-22,28:7,jowar,818.0
2021-22,28:8,jowar,414.0
2021-22,29:1,jowar,88.0
2021-22,29:2,jowar,22.0
2021-22,29:3,jowar,290.0
2021-22,29:4,jowar,628.0
2021-22,29:5,jowar,1593.0
2021-22,29:6,jowar,2526.0
2021-22,2:1,jowar,6959.0
2021-22,2:2,jowar,3855.0
2021-22,2:3,jowar,4928.0
2021-22,2:4,jowar,21071.0
2021-22,2:5,jowar,11905.0
2021-22,2:6,jowar,14229.0
2021-22,30:10,jowar,15590.0
2021-22,30:8,jowar,1388.0
2021-22,30:9,jowar,4738.0
2021-22,3:1,jowar,17342.0
2021-22,3:2,jowar,9632.0
2021-22,3:3,jowar,5705.0
2021-22,3:4,jowar,12930.0
2021-22,3:5,jowar,5884.0
2021-22,4:2+1,jowar,30413.0
2021-22,4:3,jowar,11222.0
2021-22,4:4,jowar,6478.0
2021-22,4:5,jowar,9520.0
2021-22,4:6,jowar,14819.0
2021-22,4:7,jowar,7663.0
2021-22,5:1,jowar,8647.0
2021-22,5:2,jowar,9734.0
2021-22,5:3,jowar,9372.0
2021-22,5:4,jowar,6897.0
2021-22,5:5,jowar,4894.0
2021-22,6:1,jowar,18255.0
2021-22,6:2,jowar,1741.0
2021-22,6:3,jowar,2015.0
2021-22,6:4,jowar,11507.0
2021-22,6:5,jowar,19111.0
2021-22,7:1,jowar,12022.0
2021-22,7:2,jowar,15485.0
2021-22,7:3,jowar,2147.0
2021-22,7:4,jowar,4112.0
2021-22,8:1,jowar,3140.0
2021-22,8:2,jowar,12127.0
2021-22,8:3,jowar,12998.0
2021-22,8:4,jowar,10545.0
2021-22,8:5,jowar,12914.0
2021-22,9:1,jowar,10857.0
2021-22,9:2,jowar,8409.0
2021-22,9:3,jowar,6364.0
2021-22,9:4,jowar,10705.0
2021-22,9:5,jowar,7762.0
2021-22,10:1,bajra,0.0
2021-22,10:10,bajra,0.0
2021-22,10:11,bajra,0.0
2021-22,10:2,bajra,0.0
2021-22,10:3,bajra,0.0
2021-22,10:4,bajra,0.0
2021-22,10:5,bajra,3.0
2021-22,10:6,bajra,0.0
2021-22,10:7,bajra,0.0
2021-22,10:8,bajra,0.0
2021-22,10:9,bajra,0.0
2021-22,11:1,bajra,7.0
2021-22,11:2,bajra,4.0
2021-22,11:3,bajra,7.0
2021-22,11:4,bajra,22.0
2021-22,11:5,bajra,3.0
2021-22,11:6,bajra,7.0
2021-22,11:7,bajra,10.0
2021-22,12:1,bajra,1191.0
2021-22,12:2,bajra,4974.0
2021-22,12:3,bajra,52.0
2021-22,12:4,bajra,830.0
2021-22,12:5,bajra,786.0
2021-22,12:6,bajra,4323.0
2021-22,12:7,bajra,4074.0
2021-22,13:1,bajra,1458.0
2021-22,13:2,bajra,249.0
2021-22,13:3,bajra,43.0
2021-22,13:4,bajra,1.0
2021-22,13:5,bajra,22.0
2021-22,13:6,bajra,243.0
2021-22,14:1,bajra,0.0
2021-22,14:2,bajra,195.0
2021-22,14:3,bajra,436.0
2021-22,14:4,bajra,4.0
2021-22,14:5,bajra,1.0
2021-22,14:6,bajra,4.0
2021-22,15:1,bajra,0.0
2021-22,15:2,bajra,1.0
2021-22,15:3,bajra,5.0
2021-22,15:4,bajra,0.0
2021-22,15:5,bajra,0.0
2021-22,15:6,bajra,1.0
2021-22,15:7,bajra,1.0
2021-22,16:1,bajra,0.0
2021-22,16:2,bajra,1.0
2021-22,16:3,bajra,0.0
2021-22,17:1,bajra,0.0
2021-22,17:2,bajra,0.0
2021-22,17:3,bajra,0.0
2021-22,17:4,bajra,1.0
2021-22,17:5,bajra,4.0
2021-22,17:6,bajra,38.0
2021-22,17:7,bajra,0.0
2021-22,18:1,bajra,39.0
2021-22,18:10,bajra,0.0
2021-22,18:2,bajra,60.0
2021-22,18:3,bajra,22.0
2021-22,18:4,bajra,16.0
2021-22,18:5,bajra,4.0
2021-22,18:6,bajra,1.0
2021-22,18:7,bajra,4.0
2021-22,18:8,bajra,1.0
2021-22,18:9,bajra,2.0
2021-22,19:10,bajra,56.0
2021-22,19:11,bajra,49.0
2021-22,19:7,bajra,24.0
2021-22,19:8,bajra,8.0
2021-22,19:9,bajra,11.0
2021-22,1:1,bajra,23.0
2021-22,1:10,bajra,8409.0
2021-22,1:2,bajra,2018.0
2021-22,1:3,bajra,38.0
2021-22,1:4,bajra,263.0
2021-22,1:5,bajra,75.0
2021-22,1:6,bajra,105.0
2021-22,1:7,bajra,7.0
2021-22,1:8,bajra,79.0
2021-22,1:9,bajra,1219.0
2021-22,20:1,bajra,1.0
2021-22,20:2,bajra,0.0
2021-22,20:3,bajra,33.0
2021-22,20:4,bajra,0.0
2021-22,21:1,bajra,4.0
2021-22,21:2,bajra,5.0
2021-22,21:3,bajra,1.0
2021-22,21:4,bajra,9.0
2021-22,22:1,bajra,2.0
2021-22,22:2,bajra,2.0
2021-22,22:3,bajra,1.0
2021-22,22:4,bajra,0.0
2021-22,22:5,bajra,2.0
2021-22,22:6,bajra,3.0
2021-22,22:7,bajra,2.0
2021-22,23:1,bajra,0.0
2021-22,23:2,bajra,46.0
2021-22,23:3,bajra,3.0
2021-22,23:4,bajra,2.0
2021-22,23:5,bajra,1.0
2021-22,23:6,bajra,0.0
2021-22,23:7,bajra,1.0
2021-22,23:8,bajra,3.0
2021-22,24:1,bajra,0.0
2021-22,24:2,bajra,0.0
2021-22,24:3,bajra,0.0
2021-22,24:4,bajra,0.0
2021-22,24:5,bajra,0.0
2021-22,25:1,bajra,3.0
2021-22,25:2,bajra,0.0
2021-22,25:3,bajra,1.0
2021-22,26:1,bajra,5.0
2021-22,26:2,bajra,1.0
2021-22,26:3,bajra,1.0
2021-22,26:4,bajra,2.0
2021-22,26:5,bajra,0.0
2021-22,26:6,bajra,4.0
2021-22,26:7,bajra,0.0
2021-22,27:1,bajra,12.0
2021-22,27:2,bajra,2.0
2021-22,27:3,bajra,3.0
2021-22,27:4,bajra,142.0
2021-22,28:5,bajra,25.0
2021-22,28:6,bajra,4.0
2021-22,28:7,bajra,0.0
2021-22,28:8,bajra,1.0
2021-22,29:1,bajra,19.0
2021-22,29:2,bajra,3.0
2021-22,29:3,bajra,2.0
2021-22,29:4,bajra,71.0
2021-22,29:5,bajra,8.0
2021-22,29:6,bajra,100.0
2021-22,2:1,bajra,85.0
2021-22,2:2,bajra,3930.0
2021-22,2:3,bajra,796.0
2021-22,2:4,bajra,21341.0
2021-22,2:5,bajra,5551.0
2021-22,2:6,bajra,6695.0
2021-22,30:10,bajra,291.0
2021-22,30:8,bajra,7390.0
2021-22,30:9,bajra,1559.0
2021-22,3:1,bajra,10153.0
2021-22,3:2,bajra,3448.0
2021-22,3:3,bajra,1378.0
2021-22,3:4,bajra,7338.0
2021-22,3:5,bajra,6087.0
2021-22,4:2+1,bajra,1016.0
2021-22,4:3,bajra,558.0
2021-22,4:4,bajra,80.0
2021-22,4:5,bajra,16.0
2021-22,4:6,bajra,152.0
2021-22,4:7,bajra,218.0
2021-22,5:1,bajra,495.0
2021-22,5:2,bajra,12.0
2021-22,5:3,bajra,5.0
2021-22,5:4,bajra,19.0
2021-22,5:5,bajra,78.0
2021-22,6:1,bajra,25774.0
2021-22,6:2,bajra,6440.0
2021-22,6:3,bajra,291.0
2021-22,6:4,bajra,1700.0
2021-22,6:5,bajra,2129.0
2021-22,7:1,bajra,21847.0
2021-22,7:2,bajra,30669.0
2021-22,7:3,bajra,12979.0
2021-22,7:4,bajra,12454.0
2021-22,8:1,bajra,68.0
2021-22,8:2,bajra,539.0
2021-22,8:3,bajra,47.0
2021-22,8:4,bajra,27.0
2021-22,8:5,bajra,499.0
2021-22,9:1,bajra,4.0
2021-22,9:2,bajra,44.0
2021-22,9:3,bajra,3.0
2021-22,9:4,bajra,10.0
2021-22,9:5,bajra,7.0
2021-22,10:1,maize,0.0
2021-22,10:10,maize,0.0
2021-22,10:11,maize,0.0
2021-22,10:2,maize,2.0
2021-22,10:3,maize,4344.0
2021-22,10:4,maize,178.0
2021-22,10:5,maize,5022.0
2021-22,10:6,maize,941.0
2021-22,10:7,maize,0.0
2021-22,10:8,maize,0.0
2021-22,10:9,maize,35.0
2021-22,11:1,maize,18441.0
2021-22,11:2,maize,16925.0
2021-22,11:3,maize,27301.0
2021-22,11:4,maize,44928.0
2021-22,11:5,maize,25859.0
2021-22,11:6,maize,48415.0
2021-22,11:7,maize,45748.0
2021-22,12:1,maize,44575.0
2021-22,12:2,maize,23427.0
2021-22,12:3,maize,428.0
2021-22,12:4,maize,467.0
2021-22,12:5,maize,1042.0
2021-22,12:6,maize,19250.0
2021-22,12:7,maize,34796.0
2021-22,13:1,maize,1673.0
2021-22,13:2,maize,5535.0
2021-22,13:3,maize,52201.0
2021-22,13:4,maize,43731.0
2021-22,13:5,maize,8212.0
2021-22,13:6,maize,5602.0
2021-22,14:1,maize,6543.0
2021-22,14:2,maize,70510.0
2021-22,14:3,maize,40686.0
2021-22,14:4,maize,35838.0
2021-22,14:5,maize,30480.0
2021-22,14:6,maize,28598.0
2021-22,15:1,maize,2468.0
2021-22,15:2,maize,17507.0
2021-22,15:3,maize,27861.0
2021-22,15:4,maize,710.0
2021-22,15:5,maize,0.0
2021-22,15:6,maize,15601.0
2021-22,15:7,maize,2732.0
2021-22,16:1,maize,4.0
2021-22,16:2,maize,50.0
2021-22,16:3,maize,10.0
2021-22,17:1,maize,0.0
2021-22,17:2,maize,0.0
2021-22,17:3,maize,53.0
2021-22,17:4,maize,5739.0
2021-22,17:5,maize,9118.0
2021-22,17:6,maize,6786.0
2021-22,17:7,maize,0.0
2021-22,18:1,maize,74.0
2021-22,18:10,maize,350.0
2021-22,18:2,maize,900.0
2021-22,18:3,maize,868.0
2021-22,18:4,maize,14815.0
2021-22,18:5,maize,14925.0
2021-22,18:6,maize,1151.0
2021-22,18:7,maize,444.0
2021-22,18:8,maize,574.0
2021-22,18:9,maize,119.0
2021-22,19:10,maize,861.0
2021-22,19:11,maize,634.0
2021-22,19:7,maize,540.0
2021-22,19:8,maize,657.0
2021-22,19:9,maize,286.0
2021-22,1:1,maize,22299.0
2021-22,1:10,maize,20761.0
2021-22,1:2,maize,50092.0
2021-22,1:3,maize,36247.0
2021-22,1:4,maize,44869.0
2021-22,1:5,maize,16000.0
2021-22,1:6,maize,2096.0
2021-22,1:7,maize,1619.0
2021-22,1:8,maize,11443.0
2021-22,1:9,maize,25316.0
2021-22,20:1,maize,454.0
2021-22,20:2,maize,211.0
2021-22,20:3,maize,204.0
2021-22,20:4,maize,46.0
2021-22,21:1,maize,963.0
2021-22,21:2,maize,7160.0
2021-22,21:3,maize,369.0
2021-22,21:4,maize,312.0
2021-22,22:1,maize,535.0
2021-22,22:2,maize,329.0
2021-22,22:3,maize,212.0
2021-22,22:4,maize,65.0
2021-22,22:5,maize,194.0
2021-22,22:6,maize,617.0
2021-22,22:7,maize,4407.0
2021-22,23:1,maize,14.0
2021-22,23:2,maize,20554.0
2021-22,23:3,maize,15250.0
2021-22,23:4,maize,39434.0
2021-22,23:5,maize,11503.0
2021-22,23:6,maize,23017.0
2021-22,23:7,maize,9167.0
2021-22,23:8,maize,6020.0
2021-22,24:1,maize,0.0
2021-22,24:2,maize,1.0
2021-22,24:3,maize,0.0
2021-22,24:4,maize,0.0
2021-22,24:5,maize,0.0
2021-22,25:1,maize,0.0
2021-22,25:2,maize,417.0
2021-22,25:3,maize,0.0
2021-22,26:1,maize,15874.0
2021-22,26:2,maize,13153.0
2021-22,26:3,maize,1695.0
2021-22,26:4,maize,427.0
2021-22,26:5,maize,15546.0
2021-22,26:6,maize,1151.0
2021-22,26:7,maize,2769.0
2021-22,27:1,maize,6306.0
2021-22,27:2,maize,8319.0
2021-22,27:3,maize,788.0
2021-22,27:4,maize,23409.0
2021-22,28:5,maize,415.0
2021-22,28:6,maize,736.0
2021-22,28:7,maize,2550.0
2021-22,28:8,maize,1057.0
2021-22,29:1,maize,27554.0
2021-22,29:2,maize,3595.0
2021-22,29:3,maize,6282.0
2021-22,29:4,maize,11312.0
2021-22,29:5,maize,4986.0
2021-22,29:6,maize,2551.0
2021-22,2:1,maize,24556.0
2021-22,2:2,maize,7513.0
2021-22,2:3,maize,16474.0
2021-22,2:4,maize,22997.0
2021-22,2:5,maize,5159.0
2021-22,2:6,maize,4216.0
2021-22,30:10,maize,212.0
2021-22,30:8,maize,127.0
2021-22,30:9,maize,44.0
2021-22,3:1,maize,27499.0
2021-22,3:2,maize,14887.0
2021-22,3:3,maize,6932.0
2021-22,3:4,maize,28542.0
2021-22,3:5,maize,2843.0
2021-22,4:2+1,maize,969.0
2021-22,4:3,maize,79.0
2021-22,4:4,maize,1960.0
2021-22,4:5,maize,32.0
2021-22,4:6,maize,149.0
2021-22,4:7,maize,471.0
2021-22,5:1,maize,126.0
2021-22,5:2,maize,18.0
2021-22,5:3,maize,300.0
2021-22,5:4,maize,725.0
2021-22,5:5,maize,531.0
2021-22,6:1,maize,671.0
2021-22,6:2,maize,30.0
2021-22,6:3,maize,258.0
2021-22,6:4,maize,163.0
2021-22,6:5,maize,491.0
2021-22,7:1,maize,46611.0
2021-22,7:2,maize,19472.0
2021-22,7:3,maize,4301.0
2021-22,7:4,maize,37367.0
2021-22,8:1,maize,13290.0
2021-22,8:2,maize,7230.0
2021-22,8:3,maize,11482.0
2021-22,8:4,maize,26439.0
2021-22,8:5,maize,21271.0
2021-22,9:1,maize,12427.0
2021-22,9:2,maize,16484.0
2021-22,9:3,maize,7677.0
2021-22,9:4,maize,25457.0
2021-22,9:5,maize,3363.0
2021-22,10:1,ragi,0.0
2021-22,10:10,ragi,0.0
2021-22,10:11,ragi,0.0
2021-22,10:2,ragi,0.0
2021-22,10:3,ragi,0.0
2021-22,10:4,ragi,1.0
2021-22,10:5,ragi,2.0
2021-22,10:6,ragi,0.0
2021-22,10:7,ragi,2.0
2021-22,10:8,ragi,9.0
2021-22,10:9,ragi,0.0
2021-22,11:1,ragi,45.0
2021-22,11:2,ragi,46.0
2021-22,11:3,ragi,41.0
2021-22,11:4,ragi,76.0
2021-22,11:5,ragi,47.0
2021-22,11:6,ragi,94.0
2021-22,11:7,ragi,131.0
2021-22,12:1,ragi,788.0
2021-22,12:2,ragi,1741.0
2021-22,12:3,ragi,18.0
2021-22,12:4,ragi,7.0
2021-22,12:5,ragi,18.0
2021-22,12:6,ragi,1478.0
2021-22,12:7,ragi,8676.0
2021-22,13:1,ragi,1030.0
2021-22,13:2,ragi,7280.0
2021-22,13:3,ragi,3090.0
2021-22,13:4,ragi,3597.0
2021-22,13:5,ragi,27119.0
2021-22,13:6,ragi,7777.0
2021-22,14:1,ragi,471.0
2021-22,14:2,ragi,11325.0
2021-22,14:3,ragi,8290.0
2021-22,14:4,ragi,2183.0
2021-22,14:5,ragi,492.0
2021-22,14:6,ragi,950.0
2021-22,15:1,ragi,6.0
2021-22,15:2,ragi,29.0
2021-22,15:3,ragi,73.0
2021-22,15:4,ragi,2.0
2021-22,15:5,ragi,1.0
2021-22,15:6,ragi,171.0
2021-22,15:7,ragi,279.0
2021-22,16:1,ragi,0.0
2021-22,16:2,ragi,0.0
2021-22,16:3,ragi,1.0
2021-22,17:1,ragi,0.0
2021-22,17:2,ragi,0.0
2021-22,17:3,ragi,6.0
2021-22,17:4,ragi,14188.0
2021-22,17:5,ragi,34964.0
2021-22,17:6,ragi,2671.0
2021-22,17:7,ragi,1.0
2021-22,18:1,ragi,27938.0
2021-22,18:10,ragi,32521.0
2021-22,18:2,ragi,14696.0
2021-22,18:3,ragi,1712.0
2021-22,18:4,ragi,7166.0
2021-22,18:5,ragi,7986.0
2021-22,18:6,ragi,19394.0
2021-22,18:7,ragi,16343.0
2021-22,18:8,ragi,20156.0
2021-22,18:9,ragi,17683.0
2021-22,19:10,ragi,17582.0
2021-22,19:11,ragi,9036.0
2021-22,19:7,ragi,9359.0
2021-22,19:8,ragi,16398.0
2021-22,19:9,ragi,14363.0
2021-22,1:1,ragi,80.0
2021-22,1:10,ragi,61.0
2021-22,1:2,ragi,38.0
2021-22,1:3,ragi,12.0
2021-22,1:4,ragi,12.0
2021-22,1:5,ragi,46.0
2021-22,1:6,ragi,1126.0
2021-22,1:7,ragi,301.0
2021-22,1:8,ragi,36.0
2021-22,1:9,ragi,28.0
2021-22,20:1,ragi,4349.0
2021-22,20:2,ragi,4606.0
2021-22,20:3,ragi,6277.0
2021-22,20:4,ragi,876.0
2021-22,21:1,ragi,15679.0
2021-22,21:2,ragi,17630.0
2021-22,21:3,ragi,12792.0
2021-22,21:4,ragi,11034.0
2021-22,22:1,ragi,14369.0
2021-22,22:2,ragi,32094.0
2021-22,22:3,ragi,6542.0
2021-22,22:4,ragi,854.0
2021-22,22:5,ragi,6304.0
2021-22,22:6,ragi,6381.0
2021-22,22:7,ragi,6374.0
2021-22,23:1,ragi,2.0
2021-22,23:2,ragi,2513.0
2021-22,23:3,ragi,29540.0
2021-22,23:4,ragi,5595.0
2021-22,23:5,ragi,240.0
2021-22,23:6,ragi,7427.0
2021-22,23:7,ragi,10602.0
2021-22,23:8,ragi,22544.0
2021-22,24:1,ragi,0.0
2021-22,24:2,ragi,0.0
2021-22,24:3,ragi,0.0
2021-22,24:4,ragi,0.0
2021-22,24:5,ragi,0.0
2021-22,25:1,ragi,0.0
2021-22,25:2,ragi,18.0
2021-22,25:3,ragi,0.0
2021-22,26:1,ragi,25758.0
2021-22,26:2,ragi,18538.0
2021-22,26:3,ragi,11250.0
2021-22,26:4,ragi,7696.0
2021-22,26:5,ragi,9596.0
2021-22,26:6,ragi,3439.0
2021-22,26:7,ragi,1266.0
2021-22,27:1,ragi,867.0
2021-22,27:2,ragi,2492.0
2021-22,27:3,ragi,304.0
2021-22,27:4,ragi,5524.0
2021-22,28:5,ragi,28920.0
2021-22,28:6,ragi,9122.0
2021-22,28:7,ragi,6429.0
2021-22,28:8,ragi,24949.0
2021-22,29:1,ragi,4220.0
2021-22,29:2,ragi,10360.0
2021-22,29:3,ragi,2689.0
2021-22,29:4,ragi,1494.0
2021-22,29:5,ragi,12046.0
2021-22,29:6,ragi,13211.0
2021-22,2:1,ragi,19.0
2021-22,2:2,ragi,15.0
2021-22,2:3,ragi,26.0
2021-22,2:4,ragi,43.0
2021-22,2:5,ragi,15.0
2021-22,2:6,ragi,15.0
2021-22,30:10,ragi,3.0
2021-22,30:8,ragi,10.0
2021-22,30:9,ragi,4.0
2021-22,3:1,ragi,38.0
2021-22,3:2,ragi,39.0
2021-22,3:3,ragi,30.0
2021-22,3:4,ragi,51.0
2021-22,3:5,ragi,22.0
2021-22,4:2+1,ragi,47.0
2021-22,4:3,ragi,71.0
2021-22,4:4,ragi,8.0
2021-22,4:5,ragi,15.0
2021-22,4:6,ragi,13.0
2021-22,4:7,ragi,25.0
2021-22,5:1,ragi,15.0
2021-22,5:2,ragi,14.0
2021-22,5:3,ragi,35.0
2021-22,5:4,ragi,17.0
2021-22,5:5,ragi,17.0
2021-22,6:1,ragi,46.0
2021-22,6:2,ragi,6.0
2021-22,6:3,ragi,15.0
2021-22,6:4,ragi,10.0
2021-22,6:5,ragi,19.0
2021-22,7:1,ragi,28.0
2021-22,7:2,ragi,30.0
2021-22,7:3,ragi,7.0
2021-22,7:4,ragi,22.0
2021-22,8:1,ragi,10.0
2021-22,8:2,ragi,2.0
2021-22,8:3,ragi,19.0
2021-22,8:4,ragi,21.0
2021-22,8:5,ragi,23.0
2021-22,9:1,ragi,7.0
2021-22,9:2,ragi,4.0
2021-22,9:3,ragi,26.0
2021-22,9:4,ragi,8.0
2021-22,9:5,ragi,43.0
2021-22,10:1,wheat,0.0
2021-22,10:10,wheat,0.0
2021-22,10:11,wheat,0.0
2021-22,10:2,wheat,0.0
2021-22,10:3,wheat,0.0
2021-22,10:4,wheat,0.0
2021-22,10:5,wheat,0.0
2021-22,10:6,wheat,0.0
2021-22,10:7,wheat,0.0
2021-22,10:8,wheat,0.0
2021-22,10:9,wheat,0.0
2021-22,11:1,wheat,240.0
2021-22,11:2,wheat,76.0
2021-22,11:3,wheat,10.0
2021-22,11:4,wheat,36.0
2021-22,11:5,wheat,2.0
2021-22,11:6,wheat,5.0
2021-22,11:7,wheat,21.0
2021-22,12:1,wheat,14.0
2021-22,12:2,wheat,12.0
2021-22,12:3,wheat,0.0
2021-22,12:4,wheat,9.0
2021-22,12:5,wheat,6.0
2021-22,12:6,wheat,8.0
2021-22,12:7,wheat,30.0
2021-22,13:1,wheat,21.0
2021-22,13:2,wheat,65.0
2021-22,13:3,wheat,204.0
2021-22,13:4,wheat,2.0
2021-22,13:5,wheat,2.0
2021-22,13:6,wheat,85.0
2021-22,14:1,wheat,2.0
2021-22,14:2,wheat,36.0
2021-22,14:3,wheat,110.0
2021-22,14:4,wheat,7.0
2021-22,14:5,wheat,74.0
2021-22,14:6,wheat,0.0
2021-22,15:1,wheat,0.0
2021-22,15:2,wheat,0.0
2021-22,15:3,wheat,1.0
2021-22,15:4,wheat,0.0
2021-22,15:5,wheat,0.0
2021-22,15:6,wheat,0.0
2021-22,15:7,wheat,0.0
2021-22,16:1,wheat,0.0
2021-22,16:2,wheat,0.0
2021-22,16:3,wheat,0.0
2021-22,17:1,wheat,0.0
2021-22,17:2,wheat,0.0
2021-22,17:3,wheat,0.0
2021-22,17:4,wheat,0.0
2021-22,17:5,wheat,0.0
2021-22,17:6,wheat,11.0
2021-22,17:7,wheat,0.0
2021-22,18:1,wheat,2.0
2021-22,18:10,wheat,3.0
2021-22,18:2,wheat,0.0
2021-22,18:3,wheat,0.0
2021-22,18:4,wheat,0.0
2021-22,18:5,wheat,0.0
2021-22,18:6,wheat,1.0
2021-22,18:7,wheat,0.0
2021-22,18:8,wheat,1.0
2021-22,18:9,wheat,0.0
2021-22,19:10,wheat,0.0
2021-22,19:11,wheat,0.0
2021-22,19:7,wheat,3.0
2021-22,19:8,wheat,0.0
2021-22,19:9,wheat,0.0
2021-22,1:1,wheat,5578.0
2021-22,1:10,wheat,7430.0
2021-22,1:2,wheat,12295.0
2021-22,1:3,wheat,13404.0
2021-22,1:4,wheat,12452.0
2021-22,1:5,wheat,2445.0
2021-22,1:6,wheat,249.0
2021-22,1:7,wheat,18.0
2021-22,1:8,wheat,1095.0
2021-22,1:9,wheat,10454.0
2021-22,20:1,wheat,0.0
2021-22,20:2,wheat,1.0
2021-22,20:3,wheat,1.0
2021-22,20:4,wheat,0.0
2021-22,21:1,wheat,0.0
2021-22,21:2,wheat,0.0
2021-22,21:3,wheat,0.0
2021-22,21:4,wheat,3.0
2021-22,22:1,wheat,0.0
2021-22,22:2,wheat,1.0
2021-22,22:3,wheat,1.0
2021-22,22:4,wheat,0.0
2021-22,22:5,wheat,1.0
2021-22,22:6,wheat,0.0
2021-22,22:7,wheat,0.0
2021-22,23:1,wheat,0.0
2021-22,23:2,wheat,1.0
2021-22,23:3,wheat,0.0
2021-22,23:4,wheat,0.0
2021-22,23:5,wheat,0.0
2021-22,23:6,wheat,0.0
2021-22,23:7,wheat,1.0
2021-22,23:8,wheat,1.0
2021-22,24:1,wheat,0.0
2021-22,24:2,wheat,0.0
2021-22,24:3,wheat,0.0
2021-22,24:4,wheat,0.0
2021-22,24:5,wheat,0.0
2021-22,25:1,wheat,1.0
2021-22,25:2,wheat,0.0
2021-22,25:3,wheat,0.0
2021-22,26:1,wheat,0.0
2021-22,26:2,wheat,0.0
2021-22,26:3,wheat,0.0
2021-22,26:4,wheat,0.0
2021-22,26:5,wheat,0.0
2021-22,26:6,wheat,1.0
2021-22,26:7,wheat,0.0
2021-22,27:1,wheat,0.0
2021-22,27:2,wheat,0.0
2021-22,27:3,wheat,0.0
2021-22,27:4,wheat,25.0
2021-22,28:5,wheat,4.0
2021-22,28:6,wheat,2.0
2021-22,28:7,wheat,0.0
2021-22,28:8,wheat,1.0
2021-22,29:1,wheat,1.0
2021-22,29:2,wheat,3.0
2021-22,29:3,wheat,1.0
2021-22,29:4,wheat,0.0
2021-22,29:5,wheat,2.0
2021-22,29:6,wheat,2.0
2021-22,2:1,wheat,11891.0
2021-22,2:2,wheat,3729.0
2021-22,2:3,wheat,11258.0
2021-22,2:4,wheat,1780.0
2021-22,2:5,wheat,1901.0
2021-22,2:6,wheat,1489.0
2021-22,30:10,wheat,3.0
2021-22,30:8,wheat,179.0
2021-22,30:9,wheat,24.0
2021-22,3:1,wheat,12362.0
2021-22,3:2,wheat,9580.0
2021-22,3:3,wheat,13865.0
2021-22,3:4,wheat,9148.0
2021-22,3:5,wheat,1455.0
2021-22,4:2+1,wheat,7219.0
2021-22,4:3,wheat,856.0
2021-22,4:4,wheat,80.0
2021-22,4:5,wheat,19.0
2021-22,4:6,wheat,67.0
2021-22,4:7,wheat,4840.0
2021-22,5:1,wheat,4752.0
2021-22,5:2,wheat,551.0
2021-22,5:3,wheat,818.0
2021-22,5:4,wheat,339.0
2021-22,5:5,wheat,1763.0
2021-22,6:1,wheat,115.0
2021-22,6:2,wheat,6.0
2021-22,6:3,wheat,8.0
2021-22,6:4,wheat,1.0
2021-22,6:5,wheat,12.0
2021-22,7:1,wheat,1180.0
2021-22,7:2,wheat,246.0
2021-22,7:3,wheat,8.0
2021-22,7:4,wheat,195.0
2021-22,8:1,wheat,4863.0
2021-22,8:2,wheat,4561.0
2021-22,8:3,wheat,4164.0
2021-22,8:4,wheat,712.0
2021-22,8:5,wheat,1912.0
2021-22,9:1,wheat,3002.0
2021-22,9:2,wheat,12919.0
2021-22,9:3,wheat,2888.0
2021-22,9:4,wheat,13.0
2021-22,9:5,wheat,3944.0
2021-22,10:1,pigeonpea (tur),0.0
2021-22,10:10,pigeonpea (tur),0.0
2021-22,10:11,pigeonpea (tur),0.0
2021-22,10:2,pigeonpea (tur),0.0
2021-22,10:3,pigeonpea (tur),11.0
2021-22,10:4,pigeonpea (tur),0.0
2021-22,10:5,pigeonpea (tur),0.0
2021-22,10:6,pigeonpea (tur),0.0
2021-22,10:7,pigeonpea (tur),0.0
2021-22,10:8,pigeonpea (tur),0.0
2021-22,10:9,pigeonpea (tur),1.0
2021-22,11:1,pigeonpea (tur),10.0
2021-22,11:2,pigeonpea (tur),42.0
2021-22,11:3,pigeonpea (tur),2.0
2021-22,11:4,pigeonpea (tur),17.0
2021-22,11:5,pigeonpea (tur),6.0
2021-22,11:6,pigeonpea (tur),26.0
2021-22,11:7,pigeonpea (tur),32.0
2021-22,12:1,pigeonpea (tur),3400.0
2021-22,12:2,pigeonpea (tur),1538.0
2021-22,12:3,pigeonpea (tur),62.0
2021-22,12:4,pigeonpea (tur),1172.0
2021-22,12:5,pigeonpea (tur),2344.0
2021-22,12:6,pigeonpea (tur),673.0
2021-22,12:7,pigeonpea (tur),2037.0
2021-22,13:1,pigeonpea (tur),174.0
2021-22,13:2,pigeonpea (tur),2241.0
2021-22,13:3,pigeonpea (tur),585.0
2021-22,13:4,pigeonpea (tur),72.0
2021-22,13:5,pigeonpea (tur),356.0
2021-22,13:6,pigeonpea (tur),1555.0
2021-22,14:1,pigeonpea (tur),32.0
2021-22,14:2,pigeonpea (tur),2959.0
2021-22,14:3,pigeonpea (tur),212.0
2021-22,14:4,pigeonpea (tur),153.0
2021-22,14:5,pigeonpea (tur),61.0
2021-22,14:6,pigeonpea (tur),62.0
2021-22,15:1,pigeonpea (tur),0.0
2021-22,15:2,pigeonpea (tur),4.0
2021-22,15:3,pigeonpea (tur),51.0
2021-22,15:4,pigeonpea (tur),0.0
2021-22,15:5,pigeonpea (tur),0.0
2021-22,15:6,pigeonpea (tur),7.0
2021-22,15:7,pigeonpea (tur),6.0
2021-22,16:1,pigeonpea (tur),0.0
2021-22,16:2,pigeonpea (tur),1.0
2021-22,16:3,pigeonpea (tur),0.0
2021-22,17:4,pigeonpea (tur),111.0
2021-22,17:5,pigeonpea (tur),58.0
2021-22,17:6,pigeonpea (tur),104.0
2021-22,18:1,pigeonpea (tur),267.0
2021-22,18:10,pigeonpea (tur),297.0
2021-22,18:2,pigeonpea (tur),3209.0
2021-22,18:3,pigeonpea (tur),6001.0
2021-22,18:4,pigeonpea (tur),2323.0
2021-22,18:5,pigeonpea (tur),543.0
2021-22,18:6,pigeonpea (tur),759.0
2021-22,18:7,pigeonpea (tur),498.0
2021-22,18:8,pigeonpea (tur),371.0
2021-22,18:9,pigeonpea (tur),77.0
2021-22,19:10,pigeonpea (tur),410.0
2021-22,19:11,pigeonpea (tur),126.0
2021-22,19:7,pigeonpea (tur),196.0
2021-22,19:8,pigeonpea (tur),325.0
2021-22,19:9,pigeonpea (tur),201.0
2021-22,1:1,pigeonpea (tur),64.0
2021-22,1:10,pigeonpea (tur),496.0
2021-22,1:2,pigeonpea (tur),13795.0
2021-22,1:3,pigeonpea (tur),133.0
2021-22,1:4,pigeonpea (tur),79.0
2021-22,1:5,pigeonpea (tur),30.0
2021-22,1:6,pigeonpea (tur),2.0
2021-22,1:7,pigeonpea (tur),0.0
2021-22,1:8,pigeonpea (tur),20.0
2021-22,1:9,pigeonpea (tur),128.0
2021-22,20:1,pigeonpea (tur),132.0
2021-22,20:2,pigeonpea (tur),274.0
2021-22,20:3,pigeonpea (tur),138.0
2021-22,20:4,pigeonpea (tur),49.0
2021-22,21:1,pigeonpea (tur),426.0
2021-22,21:2,pigeonpea (tur),366.0
2021-22,21:3,pigeonpea (tur),146.0
2021-22,21:4,pigeonpea (tur),132.0
2021-22,22:1,pigeonpea (tur),62.0
2021-22,22:2,pigeonpea (tur),176.0
2021-22,22:3,pigeonpea (tur),142.0
2021-22,22:4,pigeonpea (tur),32.0
2021-22,22:5,pigeonpea (tur),173.0
2021-22,22:6,pigeonpea (tur),13.0
2021-22,22:7,pigeonpea (tur),19.0
2021-22,23:1,pigeonpea (tur),3.0
2021-22,23:2,pigeonpea (tur),104.0
2021-22,23:3,pigeonpea (tur),359.0
2021-22,23:4,pigeonpea (tur),33.0
2021-22,23:5,pigeonpea (tur),1.0
2021-22,23:6,pigeonpea (tur),104.0
2021-22,23:7,pigeonpea (tur),48.0
2021-22,23:8,pigeonpea (tur),93.0
2021-22,24:1,pigeonpea (tur),0.0
2021-22,24:2,pigeonpea (tur),0.0
2021-22,24:3,pigeonpea (tur),0.0
2021-22,25:1,pigeonpea (tur),1.0
2021-22,25:2,pigeonpea (tur),0.0
2021-22,25:3,pigeonpea (tur),1.0
2021-22,26:1,pigeonpea (tur),66.0
2021-22,26:2,pigeonpea (tur),679.0
2021-22,26:3,pigeonpea (tur),139.0
2021-22,26:4,pigeonpea (tur),1438.0
2021-22,26:5,pigeonpea (tur),576.0
2021-22,26:6,pigeonpea (tur),436.0
2021-22,26:7,pigeonpea (tur),21.0
2021-22,27:1,pigeonpea (tur),188.0
2021-22,27:2,pigeonpea (tur),162.0
2021-22,27:3,pigeonpea (tur),3.0
2021-22,27:4,pigeonpea (tur),23.0
2021-22,28:5,pigeonpea (tur),911.0
2021-22,28:6,pigeonpea (tur),384.0
2021-22,28:7,pigeonpea (tur),67.0
2021-22,28:8,pigeonpea (tur),418.0
2021-22,29:1,pigeonpea (tur),1391.0
2021-22,29:2,pigeonpea (tur),221.0
2021-22,29:3,pigeonpea (tur),137.0
2021-22,29:4,pigeonpea (tur),766.0
2021-22,29:5,pigeonpea (tur),121.0
2021-22,29:6,pigeonpea (tur),912.0
2021-22,2:1,pigeonpea (tur),8802.0
2021-22,2:2,pigeonpea (tur),444.0
2021-22,2:3,pigeonpea (tur),117.0
2021-22,2:4,pigeonpea (tur),1789.0
2021-22,2:5,pigeonpea (tur),7288.0
2021-22,2:6,pigeonpea (tur),34593.0
2021-22,30:10,pigeonpea (tur),21061.0
2021-22,30:8,pigeonpea (tur),51751.0
2021-22,30:9,pigeonpea (tur),22840.0
2021-22,3:1,pigeonpea (tur),96143.0
2021-22,3:2,pigeonpea (tur),133079.0
2021-22,3:3,pigeonpea (tur),122673.0
2021-22,3:4,pigeonpea (tur),73907.0
2021-22,3:5,pigeonpea (tur),99048.0
2021-22,4:2+1,pigeonpea (tur),188503.0
2021-22,4:3,pigeonpea (tur),111550.0
2021-22,4:4,pigeonpea (tur),52594.0
2021-22,4:5,pigeonpea (tur),44924.0
2021-22,4:6,pigeonpea (tur),108641.0
2021-22,4:7,pigeonpea (tur),87487.0
2021-22,5:1,pigeonpea (tur),37714.0
2021-22,5:2,pigeonpea (tur),27247.0
2021-22,5:3,pigeonpea (tur),33461.0
2021-22,5:4,pigeonpea (tur),17827.0
2021-22,5:5,pigeonpea (tur),26254.0
2021-22,6:1,pigeonpea (tur),92246.0
2021-22,6:2,pigeonpea (tur),13958.0
2021-22,6:3,pigeonpea (tur),20709.0
2021-22,6:4,pigeonpea (tur),22211.0
2021-22,6:5,pigeonpea (tur),7094.0
2021-22,7:1,pigeonpea (tur),4221.0
2021-22,7:2,pigeonpea (tur),21967.0
2021-22,7:3,pigeonpea (tur),6884.0
2021-22,7:4,pigeonpea (tur),1703.0
2021-22,8:1,pigeonpea (tur),7.0
2021-22,8:2,pigeonpea (tur),81.0
2021-22,8:3,pigeonpea (tur),70.0
2021-22,8:4,pigeonpea (tur),82.0
2021-22,8:5,pigeonpea (tur),148.0
2021-22,9:1,pigeonpea (tur),169.0
2021-22,9:2,pigeonpea (tur),30.0
2021-22,9:3,pigeonpea (tur),47.0
2021-22,9:4,pigeonpea (tur),16.0
2021-22,9:5,pigeonpea (tur),27.0
2021-22,10:1,horse gram,0.0
2021-22,10:10,horse gram,0.0
2021-22,10:11,horse gram,0.0
2021-22,10:2,horse gram,0.0
2021-22,10:3,horse gram,1938.0
2021-22,10:4,horse gram,0.0
2021-22,10:5,horse gram,271.0
2021-22,10:6,horse gram,6.0
2021-22,10:7,horse gram,3.0
2021-22,10:8,horse gram,0.0
2021-22,10:9,horse gram,1.0
2021-22,11:1,horse gram,285.0
2021-22,11:2,horse gram,49.0
2021-22,11:3,horse gram,2275.0
2021-22,11:4,horse gram,69.0
2021-22,11:5,horse gram,2644.0
2021-22,11:6,horse gram,6822.0
2021-22,11:7,horse gram,62.0
2021-22,12:1,horse gram,146.0
2021-22,12:2,horse gram,171.0
2021-22,12:3,horse gram,4.0
2021-22,12:4,horse gram,0.0
2021-22,12:5,horse gram,115.0
2021-22,12:6,horse gram,317.0
2021-22,12:7,horse gram,171.0
2021-22,13:1,horse gram,65.0
2021-22,13:2,horse gram,405.0
2021-22,13:3,horse gram,80.0
2021-22,13:4,horse gram,84.0
2021-22,13:5,horse gram,1833.0
2021-22,13:6,horse gram,711.0
2021-22,14:1,horse gram,2.0
2021-22,14:2,horse gram,76.0
2021-22,14:3,horse gram,26.0
2021-22,14:4,horse gram,4.0
2021-22,14:5,horse gram,314.0
2021-22,14:6,horse gram,18.0
2021-22,15:1,horse gram,1.0
2021-22,15:2,horse gram,28.0
2021-22,15:3,horse gram,432.0
2021-22,15:4,horse gram,1.0
2021-22,15:5,horse gram,0.0
2021-22,15:6,horse gram,16.0
2021-22,15:7,horse gram,3.0
2021-22,16:1,horse gram,6.0
2021-22,16:2,horse gram,11.0
2021-22,16:3,horse gram,15.0
2021-22,17:4,horse gram,3011.0
2021-22,17:5,horse gram,3268.0
2021-22,17:6,horse gram,793.0
2021-22,18:1,horse gram,602.0
2021-22,18:10,horse gram,995.0
2021-22,18:2,horse gram,2256.0
2021-22,18:3,horse gram,936.0
2021-22,18:4,horse gram,1842.0
2021-22,18:5,horse gram,647.0
2021-22,18:6,horse gram,874.0
2021-22,18:7,horse gram,959.0
2021-22,18:8,horse gram,397.0
2021-22,18:9,horse gram,689.0
2021-22,19:10,horse gram,1738.0
2021-22,19:11,horse gram,827.0
2021-22,19:7,horse gram,2775.0
2021-22,19:8,horse gram,663.0
2021-22,19:9,horse gram,509.0
2021-22,1:1,horse gram,123.0
2021-22,1:10,horse gram,498.0
2021-22,1:2,horse gram,194.0
2021-22,1:3,horse gram,317.0
2021-22,1:4,horse gram,85.0
2021-22,1:5,horse gram,270.0
2021-22,1:6,horse gram,41.0
2021-22,1:7,horse gram,232.0
2021-22,1:8,horse gram,438.0
2021-22,1:9,horse gram,305.0
2021-22,20:1,horse gram,47.0
2021-22,20:2,horse gram,73.0
2021-22,20:3,horse gram,118.0
2021-22,20:4,horse gram,3.0
2021-22,21:1,horse gram,231.0
2021-22,21:2,horse gram,266.0
2021-22,21:3,horse gram,79.0
2021-22,21:4,horse gram,252.0
2021-22,22:1,horse gram,2117.0
2021-22,22:2,horse gram,3785.0
2021-22,22:3,horse gram,1812.0
2021-22,22:4,horse gram,821.0
2021-22,22:5,horse gram,2374.0
2021-22,22:6,horse gram,960.0
2021-22,22:7,horse gram,2187.0
2021-22,23:1,horse gram,0.0
2021-22,23:2,horse gram,100.0
2021-22,23:3,horse gram,1268.0
2021-22,23:4,horse gram,18.0
2021-22,23:5,horse gram,0.0
2021-22,23:6,horse gram,155.0
2021-22,23:7,horse gram,1516.0
2021-22,23:8,horse gram,430.0
2021-22,24:1,horse gram,0.0
2021-22,24:2,horse gram,0.0
2021-22,24:3,horse gram,0.0
2021-22,25:1,horse gram,0.0
2021-22,25:2,horse gram,0.0
2021-22,25:3,horse gram,0.0
2021-22,26:1,horse gram,3791.0
2021-22,26:2,horse gram,2740.0
2021-22,26:3,horse gram,3929.0
2021-22,26:4,horse gram,3512.0
2021-22,26:5,horse gram,6372.0
2021-22,26:6,horse gram,13437.0
2021-22,26:7,horse gram,2101.0
2021-22,27:1,horse gram,13571.0
2021-22,27:2,horse gram,5180.0
2021-22,27:3,horse gram,37.0
2021-22,27:4,horse gram,2508.0
2021-22,28:5,horse gram,791.0
2021-22,28:6,horse gram,956.0
2021-22,28:7,horse gram,1220.0
2021-22,28:8,horse gram,1570.0
2021-22,29:1,horse gram,380.0
2021-22,29:2,horse gram,201.0
2021-22,29:3,horse gram,54.0
2021-22,29:4,horse gram,206.0
2021-22,29:5,horse gram,184.0
2021-22,29:6,horse gram,960.0
2021-22,2:1,horse gram,171.0
2021-22,2:2,horse gram,2.0
2021-22,2:3,horse gram,431.0
2021-22,2:4,horse gram,460.0
2021-22,2:5,horse gram,31.0
2021-22,2:6,horse gram,314.0
2021-22,30:10,horse gram,47.0
2021-22,30:8,horse gram,5.0
2021-22,30:9,horse gram,5.0
2021-22,3:1,horse gram,288.0
2021-22,3:2,horse gram,99.0
2021-22,3:3,horse gram,25.0
2021-22,3:4,horse gram,15.0
2021-22,3:5,horse gram,21.0
2021-22,4:2+1,horse gram,34.0
2021-22,4:3,horse gram,9.0
2021-22,4:4,horse gram,20.0
2021-22,4:5,horse gram,10.0
2021-22,4:6,horse gram,15.0
2021-22,4:7,horse gram,14.0
2021-22,5:1,horse gram,41.0
2021-22,5:2,horse gram,40.0
2021-22,5:3,horse gram,45.0
2021-22,5:4,horse gram,36.0
2021-22,5:5,horse gram,51.0
2021-22,6:1,horse gram,228.0
2021-22,6:2,horse gram,6.0
2021-22,6:3,horse gram,5.0
2021-22,6:4,horse gram,2.0
2021-22,6:5,horse gram,12.0
2021-22,7:1,horse gram,2910.0
2021-22,7:2,horse gram,7343.0
2021-22,7:3,horse gram,569.0
2021-22,7:4,horse gram,380.0
2021-22,8:1,horse gram,3.0
2021-22,8:2,horse gram,63.0
2021-22,8:3,horse gram,76.0
2021-22,8:4,horse gram,157.0
2021-22,8:5,horse gram,170.0
2021-22,9:1,horse gram,666.0
2021-22,9:2,horse gram,4.0
2021-22,9:3,horse gram,92.0
2021-22,9:4,horse gram,6838.0
2021-22,9:5,horse gram,66.0
2021-22,10:1,black gram,7.0
2021-22,10:10,black gram,25.0
2021-22,10:11,black gram,3.0
2021-22,10:2,black gram,0.0
2021-22,10:3,black gram,6.0
2021-22,10:4,black gram,11.0
2021-22,10:5,black gram,73.0
2021-22,10:6,black gram,37.0
2021-22,10:7,black gram,47.0
2021-22,10:8,black gram,16.0
2021-22,10:9,black gram,24.0
2021-22,11:1,black gram,42.0
2021-22,11:2,black gram,8.0
2021-22,11:3,black gram,242.0
2021-22,11:4,black gram,28.0
2021-22,11:5,black gram,6.0
2021-22,11:6,black gram,4.0
2021-22,11:7,black gram,9.0
2021-22,12:1,black gram,8.0
2021-22,12:2,black gram,59.0
2021-22,12:3,black gram,14.0
2021-22,12:4,black gram,38.0
2021-22,12:5,black gram,41.0
2021-22,12:6,black gram,11.0
2021-22,12:7,black gram,3.0
2021-22,13:1,black gram,2.0
2021-22,13:2,black gram,3.0
2021-22,13:3,black gram,2.0
2021-22,13:4,black gram,2.0
2021-22,13:5,black gram,0.0
2021-22,13:6,black gram,2.0
2021-22,14:1,black gram,1.0
2021-22,14:2,black gram,2.0
2021-22,14:3,black gram,1.0
2021-22,14:4,black gram,5.0
2021-22,14:5,black gram,3.0
2021-22,14:6,black gram,0.0
2021-22,15:1,black gram,0.0
2021-22,15:2,black gram,19.0
2021-22,15:3,black gram,2.0
2021-22,15:4,black gram,0.0
2021-22,15:5,black gram,2.0
2021-22,15:6,black gram,5.0
2021-22,15:7,black gram,4.0
2021-22,16:1,black gram,690.0
2021-22,16:2,black gram,1775.0
2021-22,16:3,black gram,107.0
2021-22,17:4,black gram,0.0
2021-22,17:5,black gram,65.0
2021-22,17:6,black gram,0.0
2021-22,18:1,black gram,10.0
2021-22,18:10,black gram,193.0
2021-22,18:2,black gram,3.0
2021-22,18:3,black gram,0.0
2021-22,18:4,black gram,0.0
2021-22,18:5,black gram,0.0
2021-22,18:6,black gram,1.0
2021-22,18:7,black gram,6.0
2021-22,18:8,black gram,122.0
2021-22,18:9,black gram,9.0
2021-22,19:10,black gram,4.0
2021-22,19:11,black gram,0.0
2021-22,19:7,black gram,25.0
2021-22,19:8,black gram,1.0
2021-22,19:9,black gram,3.0
2021-22,1:1,black gram,246.0
2021-22,1:10,black gram,80.0
2021-22,1:2,black gram,11413.0
2021-22,1:3,black gram,230.0
2021-22,1:4,black gram,54.0
2021-22,1:5,black gram,59.0
2021-22,1:6,black gram,0.0
2021-22,1:7,black gram,3.0
2021-22,1:8,black gram,383.0
2021-22,1:9,black gram,1129.0
2021-22,20:1,black gram,1.0
2021-22,20:2,black gram,0.0
2021-22,20:3,black gram,4.0
2021-22,20:4,black gram,0.0
2021-22,21:1,black gram,2.0
2021-22,21:2,black gram,0.0
2021-22,21:3,black gram,2.0
2021-22,21:4,black gram,0.0
2021-22,22:1,black gram,19.0
2021-22,22:2,black gram,1.0
2021-22,22:3,black gram,4.0
2021-22,22:4,black gram,5.0
2021-22,22:5,black gram,4.0
2021-22,22:6,black gram,4.0
2021-22,22:7,black gram,9.0
2021-22,23:1,black gram,0.0
2021-22,23:2,black gram,4.0
2021-22,23:3,black gram,156.0
2021-22,23:4,black gram,4.0
2021-22,23:5,black gram,0.0
2021-22,23:6,black gram,3.0
2021-22,23:7,black gram,0.0
2021-22,23:8,black gram,6.0
2021-22,24:1,black gram,3.0
2021-22,24:2,black gram,0.0
2021-22,24:3,black gram,0.0
2021-22,25:1,black gram,0.0
2021-22,25:2,black gram,0.0
2021-22,25:3,black gram,0.0
2021-22,26:1,black gram,0.0
2021-22,26:2,black gram,60.0
2021-22,26:3,black gram,327.0
2021-22,26:4,black gram,1588.0
2021-22,26:5,black gram,157.0
2021-22,26:6,black gram,4211.0
2021-22,26:7,black gram,10675.0
2021-22,27:1,black gram,8.0
2021-22,27:2,black gram,97.0
2021-22,27:3,black gram,203.0
2021-22,27:4,black gram,121.0
2021-22,28:5,black gram,2.0
2021-22,28:6,black gram,0.0
2021-22,28:7,black gram,0.0
2021-22,28:8,black gram,0.0
2021-22,29:1,black gram,1.0
2021-22,29:2,black gram,2.0
2021-22,29:3,black gram,0.0
2021-22,29:4,black gram,0.0
2021-22,29:5,black gram,0.0
2021-22,29:6,black gram,198.0
2021-22,2:1,black gram,3159.0
2021-22,2:2,black gram,49.0
2021-22,2:3,black gram,267.0
2021-22,2:4,black gram,8.0
2021-22,2:5,black gram,10.0
2021-22,2:6,black gram,3.0
2021-22,30:10,black gram,153.0
2021-22,30:8,black gram,0.0
2021-22,30:9,black gram,1.0
2021-22,3:1,black gram,919.0
2021-22,3:2,black gram,605.0
2021-22,3:3,black gram,99.0
2021-22,3:4,black gram,63.0
2021-22,3:5,black gram,8.0
2021-22,4:2+1,black gram,9908.0
2021-22,4:3,black gram,3158.0
2021-22,4:4,black gram,5669.0
2021-22,4:5,black gram,4558.0
2021-22,4:6,black gram,4549.0
2021-22,4:7,black gram,19.0
2021-22,5:1,black gram,1864.0
2021-22,5:2,black gram,5145.0
2021-22,5:3,black gram,4218.0
2021-22,5:4,black gram,2816.0
2021-22,5:5,black gram,3377.0
2021-22,6:1,black gram,6.0
2021-22,6:2,black gram,9.0
2021-22,6:3,black gram,16.0
2021-22,6:4,black gram,15.0
2021-22,6:5,black gram,8.0
2021-22,7:1,black gram,6.0
2021-22,7:2,black gram,6.0
2021-22,7:3,black gram,67.0
2021-22,7:4,black gram,364.0
2021-22,8:1,black gram,1.0
2021-22,8:2,black gram,14.0
2021-22,8:3,black gram,11.0
2021-22,8:4,black gram,34.0
2021-22,8:5,black gram,9.0
2021-22,9:1,black gram,3573.0
2021-22,9:2,black gram,54.0
2021-22,9:3,black gram,397.0
2021-22,9:4,black gram,84.0
2021-22,9:5,black gram,160.0
2021-22,10:1,green gram,1.0
2021-22,10:10,green gram,0.0
2021-22,10:11,green gram,0.0
2021-22,10:2,green gram,0.0
2021-22,10:3,green gram,1987.0
2021-22,10:4,green gram,14.0
2021-22,10:5,green gram,1230.0
2021-22,10:6,green gram,81.0
2021-22,10:7,green gram,0.0
2021-22,10:8,green gram,1.0
2021-22,10:9,green gram,5.0
2021-22,11:1,green gram,3020.0
2021-22,11:2,green gram,315.0
2021-22,11:3,green gram,4273.0
2021-22,11:4,green gram,334.0
2021-22,11:5,green gram,579.0
2021-22,11:6,green gram,582.0
2021-22,11:7,green gram,97.0
2021-22,12:1,green gram,30.0
2021-22,12:2,green gram,23.0
2021-22,12:3,green gram,0.0
2021-22,12:4,green gram,2.0
2021-22,12:5,green gram,20.0
2021-22,12:6,green gram,20.0
2021-22,12:7,green gram,65.0
2021-22,13:1,green gram,31.0
2021-22,13:2,green gram,56.0
2021-22,13:3,green gram,33.0
2021-22,13:4,green gram,5.0
2021-22,13:5,green gram,258.0
2021-22,13:6,green gram,54.0
2021-22,14:1,green gram,9.0
2021-22,14:2,green gram,51.0
2021-22,14:3,green gram,31.0
2021-22,14:4,green gram,22.0
2021-22,14:5,green gram,16.0
2021-22,14:6,green gram,1.0
2021-22,15:1,green gram,1.0
2021-22,15:2,green gram,994.0
2021-22,15:3,green gram,484.0
2021-22,15:4,green gram,0.0
2021-22,15:5,green gram,0.0
2021-22,15:6,green gram,49.0
2021-22,15:7,green gram,0.0
2021-22,16:1,green gram,5.0
2021-22,16:2,green gram,57.0
2021-22,16:3,green gram,8.0
2021-22,17:4,green gram,24.0
2021-22,17:5,green gram,456.0
2021-22,17:6,green gram,0.0
2021-22,18:1,green gram,316.0
2021-22,18:10,green gram,708.0
2021-22,18:2,green gram,57.0
2021-22,18:3,green gram,95.0
2021-22,18:4,green gram,30.0
2021-22,18:5,green gram,13.0
2021-22,18:6,green gram,2.0
2021-22,18:7,green gram,154.0
2021-22,18:8,green gram,4383.0
2021-22,18:9,green gram,853.0
2021-22,19:10,green gram,11.0
2021-22,19:11,green gram,10.0
2021-22,19:7,green gram,11.0
2021-22,19:8,green gram,5.0
2021-22,19:9,green gram,3.0
2021-22,1:1,green gram,274.0
2021-22,1:10,green gram,14675.0
2021-22,1:2,green gram,586.0
2021-22,1:3,green gram,118.0
2021-22,1:4,green gram,331.0
2021-22,1:5,green gram,57.0
2021-22,1:6,green gram,23.0
2021-22,1:7,green gram,399.0
2021-22,1:8,green gram,6237.0
2021-22,1:9,green gram,18449.0
2021-22,20:1,green gram,1.0
2021-22,20:2,green gram,2.0
2021-22,20:3,green gram,3.0
2021-22,20:4,green gram,0.0
2021-22,21:1,green gram,7.0
2021-22,21:2,green gram,4.0
2021-22,21:3,green gram,2.0
2021-22,21:4,green gram,12.0
2021-22,22:1,green gram,2.0
2021-22,22:2,green gram,1.0
2021-22,22:3,green gram,2.0
2021-22,22:4,green gram,3.0
2021-22,22:5,green gram,2.0
2021-22,22:6,green gram,2.0
2021-22,22:7,green gram,3.0
2021-22,23:1,green gram,1.0
2021-22,23:2,green gram,29.0
2021-22,23:3,green gram,594.0
2021-22,23:4,green gram,13.0
2021-22,23:5,green gram,1.0
2021-22,23:6,green gram,9.0
2021-22,23:7,green gram,3.0
2021-22,23:8,green gram,60.0
2021-22,24:1,green gram,0.0
2021-22,24:2,green gram,0.0
2021-22,24:3,green gram,1.0
2021-22,25:1,green gram,1.0
2021-22,25:2,green gram,2.0
2021-22,25:3,green gram,0.0
2021-22,26:1,green gram,6.0
2021-22,26:2,green gram,50.0
2021-22,26:3,green gram,350.0
2021-22,26:4,green gram,1485.0
2021-22,26:5,green gram,200.0
2021-22,26:6,green gram,4412.0
2021-22,26:7,green gram,437.0
2021-22,27:1,green gram,24.0
2021-22,27:2,green gram,39.0
2021-22,27:3,green gram,93.0
2021-22,27:4,green gram,60.0
2021-22,28:5,green gram,3.0
2021-22,28:6,green gram,2.0
2021-22,28:7,green gram,2.0
2021-22,28:8,green gram,2.0
2021-22,29:1,green gram,26.0
2021-22,29:2,green gram,8.0
2021-22,29:3,green gram,8.0
2021-22,29:4,green gram,40.0
2021-22,29:5,green gram,12.0
2021-22,29:6,green gram,28.0
2021-22,2:1,green gram,627.0
2021-22,2:2,green gram,114.0
2021-22,2:3,green gram,2216.0
2021-22,2:4,green gram,5932.0
2021-22,2:5,green gram,2261.0
2021-22,2:6,green gram,10324.0
2021-22,30:10,green gram,13916.0
2021-22,30:8,green gram,38.0
2021-22,30:9,green gram,1788.0
2021-22,3:1,green gram,1248.0
2021-22,3:2,green gram,2248.0
2021-22,3:3,green gram,384.0
2021-22,3:4,green gram,234.0
2021-22,3:5,green gram,69.0
2021-22,4:2+1,green gram,5233.0
2021-22,4:3,green gram,7663.0
2021-22,4:4,green gram,15524.0
2021-22,4:5,green gram,26364.0
2021-22,4:6,green gram,31547.0
2021-22,4:7,green gram,847.0
2021-22,5:1,green gram,4250.0
2021-22,5:2,green gram,19031.0
2021-22,5:3,green gram,5771.0
2021-22,5:4,green gram,7165.0
2021-22,5:5,green gram,13582.0
2021-22,6:1,green gram,584.0
2021-22,6:2,green gram,37.0
2021-22,6:3,green gram,34.0
2021-22,6:4,green gram,18.0
2021-22,6:5,green gram,68.0
2021-22,7:1,green gram,29184.0
2021-22,7:2,green gram,9259.0
2021-22,7:3,green gram,531.0
2021-22,7:4,green gram,3880.0
2021-22,8:1,green gram,13279.0
2021-22,8:2,green gram,48159.0
2021-22,8:3,green gram,28929.0
2021-22,8:4,green gram,4838.0
2021-22,8:5,green gram,11663.0
2021-22,9:1,green gram,13774.0
2021-22,9:2,green gram,27586.0
2021-22,9:3,green gram,8089.0
2021-22,9:4,green gram,9844.0
2021-22,9:5,green gram,2895.0
2021-22,10:1,field bean (avare),0.0
2021-22,10:10,field bean (avare),0.0
2021-22,10:11,field bean (avare),1.0
2021-22,10:2,field bean (avare),0.0
2021-22,10:3,field bean (avare),21.0
2021-22,10:4,field bean (avare),0.0
2021-22,10:5,field bean (avare),8.0
2021-22,10:6,field bean (avare),0.0
2021-22,10:7,field bean (avare),0.0
2021-22,10:8,field bean (avare),0.0
2021-22,10:9,field bean (avare),0.0
2021-22,11:1,field bean (avare),110.0
2021-22,11:2,field bean (avare),18.0
2021-22,11:3,field bean (avare),30.0
2021-22,11:4,field bean (avare),94.0
2021-22,11:5,field bean (avare),250.0
2021-22,11:6,field bean (avare),256.0
2021-22,11:7,field bean (avare),178.0
2021-22,12:1,field bean (avare),20.0
2021-22,12:2,field bean (avare),29.0
2021-22,12:3,field bean (avare),1.0
2021-22,12:4,field bean (avare),4.0
2021-22,12:5,field bean (avare),32.0
2021-22,12:6,field bean (avare),42.0
2021-22,12:7,field bean (avare),47.0
2021-22,13:1,field bean (avare),25.0
2021-22,13:2,field bean (avare),54.0
2021-22,13:3,field bean (avare),990.0
2021-22,13:4,field bean (avare),44.0
2021-22,13:5,field bean (avare),175.0
2021-22,13:6,field bean (avare),126.0
2021-22,14:1,field bean (avare),20.0
2021-22,14:2,field bean (avare),45.0
2021-22,14:3,field bean (avare),277.0
2021-22,14:4,field bean (avare),119.0
2021-22,14:5,field bean (avare),23.0
2021-22,14:6,field bean (avare),56.0
2021-22,15:1,field bean (avare),0.0
2021-22,15:2,field bean (avare),7.0
2021-22,15:3,field bean (avare),9.0
2021-22,15:4,field bean (avare),0.0
2021-22,15:5,field bean (avare),0.0
2021-22,15:6,field bean (avare),7.0
2021-22,15:7,field bean (avare),2.0
2021-22,16:1,field bean (avare),0.0
2021-22,16:2,field bean (avare),2.0
2021-22,16:3,field bean (avare),0.0
2021-22,17:4,field bean (avare),177.0
2021-22,17:5,field bean (avare),165.0
2021-22,17:6,field bean (avare),668.0
2021-22,18:1,field bean (avare),138.0
2021-22,18:10,field bean (avare),75.0
2021-22,18:2,field bean (avare),31.0
2021-22,18:3,field bean (avare),30.0
2021-22,18:4,field bean (avare),158.0
2021-22,18:5,field bean (avare),60.0
2021-22,18:6,field bean (avare),84.0
2021-22,18:7,field bean (avare),198.0
2021-22,18:8,field bean (avare),303.0
2021-22,18:9,field bean (avare),158.0
2021-22,19:10,field bean (avare),523.0
2021-22,19:11,field bean (avare),280.0
2021-22,19:7,field bean (avare),1399.0
2021-22,19:8,field bean (avare),536.0
2021-22,19:9,field bean (avare),195.0
2021-22,1:1,field bean (avare),65.0
2021-22,1:10,field bean (avare),28.0
2021-22,1:2,field bean (avare),83.0
2021-22,1:3,field bean (avare),105.0
2021-22,1:4,field bean (avare),77.0
2021-22,1:5,field bean (avare),108.0
2021-22,1:6,field bean (avare),1230.0
2021-22,1:7,field bean (avare),112.0
2021-22,1:8,field bean (avare),203.0
2021-22,1:9,field bean (avare),76.0
2021-22,20:1,field bean (avare),40.0
2021-22,20:2,field bean (avare),59.0
2021-22,20:3,field bean (avare),514.0
2021-22,20:4,field bean (avare),34.0
2021-22,21:1,field bean (avare),109.0
2021-22,21:2,field bean (avare),191.0
2021-22,21:3,field bean (avare),108.0
2021-22,21:4,field bean (avare),247.0
2021-22,22:1,field bean (avare),138.0
2021-22,22:2,field bean (avare),698.0
2021-22,22:3,field bean (avare),194.0
2021-22,22:4,field bean (avare),58.0
2021-22,22:5,field bean (avare),286.0
2021-22,22:6,field bean (avare),51.0
2021-22,22:7,field bean (avare),232.0
2021-22,23:1,field bean (avare),1.0
2021-22,23:2,field bean (avare),294.0
2021-22,23:3,field bean (avare),376.0
2021-22,23:4,field bean (avare),48.0
2021-22,23:5,field bean (avare),3.0
2021-22,23:6,field bean (avare),196.0
2021-22,23:7,field bean (avare),67.0
2021-22,23:8,field bean (avare),208.0
2021-22,24:1,field bean (avare),0.0
2021-22,24:2,field bean (avare),0.0
2021-22,24:3,field bean (avare),0.0
2021-22,25:1,field bean (avare),0.0
2021-22,25:2,field bean (avare),0.0
2021-22,25:3,field bean (avare),0.0
2021-22,26:1,field bean (avare),3967.0
2021-22,26:2,field bean (avare),3895.0
2021-22,26:3,field bean (avare),766.0
2021-22,26:4,field bean (avare),1588.0
2021-22,26:5,field bean (avare),639.0
2021-22,26:6,field bean (avare),725.0
2021-22,26:7,field bean (avare),29.0
2021-22,27:1,field bean (avare),794.0
2021-22,27:2,field bean (avare),171.0
2021-22,27:3,field bean (avare),9.0
2021-22,27:4,field bean (avare),692.0
2021-22,28:5,field bean (avare),292.0
2021-22,28:6,field bean (avare),171.0
2021-22,28:7,field bean (avare),128.0
2021-22,28:8,field bean (avare),737.0
2021-22,29:1,field bean (avare),210.0
2021-22,29:2,field bean (avare),145.0
2021-22,29:3,field bean (avare),35.0
2021-22,29:4,field bean (avare),70.0
2021-22,29:5,field bean (avare),430.0
2021-22,29:6,field bean (avare),1424.0
2021-22,2:1,field bean (avare),57.0
2021-22,2:2,field bean (avare),3.0
2021-22,2:3,field bean (avare),10.0
2021-22,2:4,field bean (avare),25.0
2021-22,2:5,field bean (avare),9.0
2021-22,2:6,field bean (avare),5.0
2021-22,30:10,field bean (avare),4.0
2021-22,30:8,field bean (avare),0.0
2021-22,30:9,field bean (avare),5.0
2021-22,3:1,field bean (avare),23.0
2021-22,3:2,field bean (avare),30.0
2021-22,3:3,field bean (avare),13.0
2021-22,3:4,field bean (avare),40.0
2021-22,3:5,field bean (avare),4.0
2021-22,4:2+1,field bean (avare),29.0
2021-22,4:3,field bean (avare),18.0
2021-22,4:4,field bean (avare),12.0
2021-22,4:5,field bean (avare),0.0
2021-22,4:6,field bean (avare),14.0
2021-22,4:7,field bean (avare),0.0
2021-22,5:1,field bean (avare),7.0
2021-22,5:2,field bean (avare),1.0
2021-22,5:3,field bean (avare),12.0
2021-22,5:4,field bean (avare),7.0
2021-22,5:5,field bean (avare),10.0
2021-22,6:1,field bean (avare),4.0
2021-22,6:2,field bean (avare),0.0
2021-22,6:3,field bean (avare),4.0
2021-22,6:4,field bean (avare),5.0
2021-22,6:5,field bean (avare),1.0
2021-22,7:1,field bean (avare),162.0
2021-22,7:2,field bean (avare),176.0
2021-22,7:3,field bean (avare),6.0
2021-22,7:4,field bean (avare),116.0
2021-22,8:1,field bean (avare),1.0
2021-22,8:2,field bean (avare),10.0
2021-22,8:3,field bean (avare),8.0
2021-22,8:4,field bean (avare),13.0
2021-22,8:5,field bean (avare),7.0
2021-22,9:1,field bean (avare),92.0
2021-22,9:2,field bean (avare),11.0
2021-22,9:3,field bean (avare),6.0
2021-22,9:4,field bean (avare),20.0
2021-22,9:5,field bean (avare),1.0
2021-22,10:1,cowpea,4.0
2021-22,10:10,cowpea,1.0
2021-22,10:11,cowpea,0.0
2021-22,10:2,cowpea,0.0
2021-22,10:3,cowpea,403.0
2021-22,10:4,cowpea,6.0
2021-22,10:5,cowpea,75.0
2021-22,10:6,cowpea,15.0
2021-22,10:7,cowpea,1.0
2021-22,10:8,cowpea,0.0
2021-22,10:9,cowpea,10.0
2021-22,11:1,cowpea,150.0
2021-22,11:2,cowpea,914.0
2021-22,11:3,cowpea,622.0
2021-22,11:4,cowpea,1653.0
2021-22,11:5,cowpea,151.0
2021-22,11:6,cowpea,336.0
2021-22,11:7,cowpea,541.0
2021-22,12:1,cowpea,764.0
2021-22,12:2,cowpea,1644.0
2021-22,12:3,cowpea,103.0
2021-22,12:4,cowpea,47.0
2021-22,12:5,cowpea,47.0
2021-22,12:6,cowpea,739.0
2021-22,12:7,cowpea,76.0
2021-22,13:1,cowpea,24.0
2021-22,13:2,cowpea,12.0
2021-22,13:3,cowpea,32.0
2021-22,13:4,cowpea,37.0
2021-22,13:5,cowpea,26.0
2021-22,13:6,cowpea,22.0
2021-22,14:1,cowpea,114.0
2021-22,14:2,cowpea,131.0
2021-22,14:3,cowpea,36.0
2021-22,14:4,cowpea,125.0
2021-22,14:5,cowpea,444.0
2021-22,14:6,cowpea,43.0
2021-22,15:1,cowpea,5.0
2021-22,15:2,cowpea,84.0
2021-22,15:3,cowpea,79.0
2021-22,15:4,cowpea,1.0
2021-22,15:5,cowpea,0.0
2021-22,15:6,cowpea,55.0
2021-22,15:7,cowpea,19.0
2021-22,16:1,cowpea,24.0
2021-22,16:2,cowpea,161.0
2021-22,16:3,cowpea,14.0
2021-22,17:4,cowpea,10.0
2021-22,17:5,cowpea,8.0
2021-22,17:6,cowpea,26.0
2021-22,18:1,cowpea,74.0
2021-22,18:10,cowpea,866.0
2021-22,18:2,cowpea,163.0
2021-22,18:3,cowpea,66.0
2021-22,18:4,cowpea,318.0
2021-22,18:5,cowpea,74.0
2021-22,18:6,cowpea,58.0
2021-22,18:7,cowpea,262.0
2021-22,18:8,cowpea,136.0
2021-22,18:9,cowpea,1250.0
2021-22,19:10,cowpea,84.0
2021-22,19:11,cowpea,41.0
2021-22,19:7,cowpea,26.0
2021-22,19:8,cowpea,38.0
2021-22,19:9,cowpea,20.0
2021-22,1:1,cowpea,6.0
2021-22,1:10,cowpea,205.0
2021-22,1:2,cowpea,21.0
2021-22,1:3,cowpea,6.0
2021-22,1:4,cowpea,101.0
2021-22,1:5,cowpea,11.0
2021-22,1:6,cowpea,3.0
2021-22,1:7,cowpea,14.0
2021-22,1:8,cowpea,52.0
2021-22,1:9,cowpea,375.0
2021-22,20:1,cowpea,2.0
2021-22,20:2,cowpea,10.0
2021-22,20:3,cowpea,11.0
2021-22,20:4,cowpea,1.0
2021-22,21:1,cowpea,26.0
2021-22,21:2,cowpea,22.0
2021-22,21:3,cowpea,8.0
2021-22,21:4,cowpea,14.0
2021-22,22:1,cowpea,720.0
2021-22,22:2,cowpea,782.0
2021-22,22:3,cowpea,217.0
2021-22,22:4,cowpea,63.0
2021-22,22:5,cowpea,85.0
2021-22,22:6,cowpea,12.0
2021-22,22:7,cowpea,156.0
2021-22,23:1,cowpea,3.0
2021-22,23:2,cowpea,114.0
2021-22,23:3,cowpea,564.0
2021-22,23:4,cowpea,32.0
2021-22,23:5,cowpea,0.0
2021-22,23:6,cowpea,3938.0
2021-22,23:7,cowpea,449.0
2021-22,23:8,cowpea,255.0
2021-22,24:1,cowpea,2.0
2021-22,24:2,cowpea,2.0
2021-22,24:3,cowpea,2.0
2021-22,25:1,cowpea,0.0
2021-22,25:2,cowpea,0.0
2021-22,25:3,cowpea,0.0
2021-22,26:1,cowpea,6379.0
2021-22,26:2,cowpea,1887.0
2021-22,26:3,cowpea,5382.0
2021-22,26:4,cowpea,3490.0
2021-22,26:5,cowpea,1457.0
2021-22,26:6,cowpea,3831.0
2021-22,26:7,cowpea,327.0
2021-22,27:1,cowpea,676.0
2021-22,27:2,cowpea,416.0
2021-22,27:3,cowpea,8.0
2021-22,27:4,cowpea,70.0
2021-22,28:5,cowpea,89.0
2021-22,28:6,cowpea,66.0
2021-22,28:7,cowpea,83.0
2021-22,28:8,cowpea,108.0
2021-22,29:1,cowpea,66.0
2021-22,29:2,cowpea,23.0
2021-22,29:3,cowpea,5.0
2021-22,29:4,cowpea,58.0
2021-22,29:5,cowpea,14.0
2021-22,29:6,cowpea,33.0
2021-22,2:1,cowpea,13.0
2021-22,2:2,cowpea,62.0
2021-22,2:3,cowpea,40.0
2021-22,2:4,cowpea,862.0
2021-22,2:5,cowpea,154.0
2021-22,2:6,cowpea,127.0
2021-22,30:10,cowpea,7.0
2021-22,30:8,cowpea,55.0
2021-22,30:9,cowpea,9.0
2021-22,3:1,cowpea,21.0
2021-22,3:2,cowpea,22.0
2021-22,3:3,cowpea,49.0
2021-22,3:4,cowpea,48.0
2021-22,3:5,cowpea,30.0
2021-22,4:2+1,cowpea,14.0
2021-22,4:3,cowpea,6.0
2021-22,4:4,cowpea,3.0
2021-22,4:5,cowpea,1.0
2021-22,4:6,cowpea,7.0
2021-22,4:7,cowpea,16.0
2021-22,5:1,cowpea,4.0
2021-22,5:2,cowpea,1.0
2021-22,5:3,cowpea,3.0
2021-22,5:4,cowpea,9.0
2021-22,5:5,cowpea,13.0
2021-22,6:1,cowpea,187.0
2021-22,6:2,cowpea,2.0
2021-22,6:3,cowpea,20.0
2021-22,6:4,cowpea,15.0
2021-22,6:5,cowpea,34.0
2021-22,7:1,cowpea,729.0
2021-22,7:2,cowpea,1455.0
2021-22,7:3,cowpea,330.0
2021-22,7:4,cowpea,1450.0
2021-22,8:1,cowpea,16.0
2021-22,8:2,cowpea,33.0
2021-22,8:3,cowpea,82.0
2021-22,8:4,cowpea,1445.0
2021-22,8:5,cowpea,605.0
2021-22,9:1,cowpea,66.0
2021-22,9:2,cowpea,2.0
2021-22,9:3,cowpea,30.0
2021-22,9:4,cowpea,107.0
2021-22,9:5,cowpea,44.0
2021-22,10:1,chickpea,0.0
2021-22,10:10,chickpea,0.0
2021-22,10:11,chickpea,0.0
2021-22,10:3,chickpea,14.0
2021-22,10:4,chickpea,0.0
2021-22,10:5,chickpea,0.0
2021-22,10:6,chickpea,0.0
2021-22,10:7,chickpea,0.0
2021-22,10:9,chickpea,0.0
2021-22,11:1,chickpea,588.0
2021-22,11:2,chickpea,218.0
2021-22,11:3,chickpea,65.0
2021-22,11:4,chickpea,1006.0
2021-22,11:5,chickpea,23.0
2021-22,11:6,chickpea,686.0
2021-22,11:7,chickpea,1140.0
2021-22,12:1,chickpea,2710.0
2021-22,12:2,chickpea,471.0
2021-22,12:3,chickpea,89.0
2021-22,12:4,chickpea,924.0
2021-22,12:5,chickpea,7203.0
2021-22,12:6,chickpea,239.0
2021-22,12:7,chickpea,1525.0
2021-22,13:1,chickpea,847.0
2021-22,13:2,chickpea,4814.0
2021-22,13:3,chickpea,13970.0
2021-22,13:4,chickpea,1826.0
2021-22,13:5,chickpea,1888.0
2021-22,13:6,chickpea,13755.0
2021-22,14:1,chickpea,92.0
2021-22,14:2,chickpea,1190.0
2021-22,14:3,chickpea,6113.0
2021-22,14:4,chickpea,44.0
2021-22,14:5,chickpea,52.0
2021-22,14:6,chickpea,457.0
2021-22,15:1,chickpea,0.0
2021-22,15:2,chickpea,6.0
2021-22,15:3,chickpea,4.0
2021-22,15:4,chickpea,0.0
2021-22,15:5,chickpea,0.0
2021-22,15:6,chickpea,0.0
2021-22,15:7,chickpea,0.0
2021-22,16:1,chickpea,0.0
2021-22,16:2,chickpea,0.0
2021-22,16:3,chickpea,0.0
2021-22,17:1,chickpea,0.0
2021-22,17:3,chickpea,0.0
2021-22,17:4,chickpea,5002.0
2021-22,17:5,chickpea,1635.0
2021-22,17:6,chickpea,241.0
2021-22,17:7,chickpea,0.0
2021-22,18:1,chickpea,60.0
2021-22,18:10,chickpea,45.0
2021-22,18:2,chickpea,220.0
2021-22,18:3,chickpea,218.0
2021-22,18:4,chickpea,106.0
2021-22,18:5,chickpea,14.0
2021-22,18:6,chickpea,21.0
2021-22,18:7,chickpea,27.0
2021-22,18:8,chickpea,22.0
2021-22,18:9,chickpea,13.0
2021-22,19:10,chickpea,24.0
2021-22,19:11,chickpea,23.0
2021-22,19:7,chickpea,78.0
2021-22,19:8,chickpea,13.0
2021-22,19:9,chickpea,28.0
2021-22,1:1,chickpea,2717.0
2021-22,1:10,chickpea,15375.0
2021-22,1:2,chickpea,34199.0
2021-22,1:3,chickpea,2429.0
2021-22,1:4,chickpea,6177.0
2021-22,1:5,chickpea,2340.0
2021-22,1:6,chickpea,1098.0
2021-22,1:7,chickpea,25.0
2021-22,1:8,chickpea,14308.0
2021-22,1:9,chickpea,34867.0
2021-22,20:1,chickpea,2.0
2021-22,20:2,chickpea,7.0
2021-22,20:3,chickpea,8.0
2021-22,20:4,chickpea,1.0
2021-22,21:1,chickpea,12.0
2021-22,21:2,chickpea,14.0
2021-22,21:3,chickpea,96.0
2021-22,21:4,chickpea,44.0
2021-22,22:1,chickpea,2.0
2021-22,22:2,chickpea,4.0
2021-22,22:3,chickpea,1.0
2021-22,22:4,chickpea,2.0
2021-22,22:5,chickpea,2.0
2021-22,22:6,chickpea,35.0
2021-22,22:7,chickpea,9.0
2021-22,23:1,chickpea,0.0
2021-22,23:2,chickpea,192.0
2021-22,23:3,chickpea,401.0
2021-22,23:4,chickpea,125.0
2021-22,23:5,chickpea,0.0
2021-22,23:6,chickpea,201.0
2021-22,23:7,chickpea,307.0
2021-22,23:8,chickpea,48.0
2021-22,24:1,chickpea,0.0
2021-22,24:2,chickpea,0.0
2021-22,24:3,chickpea,0.0
2021-22,24:4,chickpea,0.0
2021-22,25:1,chickpea,0.0
2021-22,25:2,chickpea,1.0
2021-22,25:3,chickpea,0.0
2021-22,26:1,chickpea,24.0
2021-22,26:2,chickpea,1.0
2021-22,26:3,chickpea,9.0
2021-22,26:4,chickpea,6.0
2021-22,26:5,chickpea,22.0
2021-22,26:6,chickpea,312.0
2021-22,26:7,chickpea,6.0
2021-22,27:1,chickpea,948.0
2021-22,27:2,chickpea,1910.0
2021-22,27:3,chickpea,21.0
2021-22,27:4,chickpea,112.0
2021-22,28:5,chickpea,25.0
2021-22,28:6,chickpea,9.0
2021-22,28:7,chickpea,5.0
2021-22,28:8,chickpea,66.0
2021-22,29:1,chickpea,328.0
2021-22,29:2,chickpea,28.0
2021-22,29:3,chickpea,19.0
2021-22,29:4,chickpea,87.0
2021-22,29:5,chickpea,111.0
2021-22,29:6,chickpea,396.0
2021-22,2:1,chickpea,2722.0
2021-22,2:2,chickpea,710.0
2021-22,2:3,chickpea,972.0
2021-22,2:4,chickpea,5490.0
2021-22,2:5,chickpea,6186.0
2021-22,2:6,chickpea,31221.0
2021-22,30:10,chickpea,393.0
2021-22,30:8,chickpea,213.0
2021-22,30:9,chickpea,40.0
2021-22,3:1,chickpea,16266.0
2021-22,3:2,chickpea,13646.0
2021-22,3:3,chickpea,7667.0
2021-22,3:4,chickpea,14672.0
2021-22,3:5,chickpea,6014.0
2021-22,4:2+1,chickpea,10761.0
2021-22,4:3,chickpea,2974.0
2021-22,4:4,chickpea,2582.0
2021-22,4:5,chickpea,9894.0
2021-22,4:6,chickpea,8625.0
2021-22,4:7,chickpea,1216.0
2021-22,5:1,chickpea,10726.0
2021-22,5:2,chickpea,31007.0
2021-22,5:3,chickpea,15381.0
2021-22,5:4,chickpea,6836.0
2021-22,5:5,chickpea,4994.0
2021-22,6:1,chickpea,20818.0
2021-22,6:2,chickpea,214.0
2021-22,6:3,chickpea,1925.0
2021-22,6:4,chickpea,2988.0
2021-22,6:5,chickpea,9877.0
2021-22,7:1,chickpea,52206.0
2021-22,7:2,chickpea,12206.0
2021-22,7:3,chickpea,3021.0
2021-22,7:4,chickpea,9433.0
2021-22,8:1,chickpea,10398.0
2021-22,8:2,chickpea,46288.0
2021-22,8:3,chickpea,39189.0
2021-22,8:4,chickpea,4148.0
2021-22,8:5,chickpea,11807.0
2021-22,9:1,chickpea,25538.0
2021-22,9:2,chickpea,53854.0
2021-22,9:3,chickpea,14384.0
2021-22,9:4,chickpea,369.0
2021-22,9:5,chickpea,8640.0
2021-22,10:1,groundnut,12.0
2021-22,10:10,groundnut,75.0
2021-22,10:11,groundnut,177.0
2021-22,10:2,groundnut,8.0
2021-22,10:3,groundnut,24.0
2021-22,10:4,groundnut,0.0
2021-22,10:5,groundnut,389.0
2021-22,10:6,groundnut,15.0
2021-22,10:7,groundnut,706.0
2021-22,10:8,groundnut,417.0
2021-22,10:9,groundnut,1.0
2021-22,11:1,groundnut,6773.0
2021-22,11:2,groundnut,14375.0
2021-22,11:3,groundnut,1689.0
2021-22,11:4,groundnut,6814.0
2021-22,11:5,groundnut,909.0
2021-22,11:6,groundnut,503.0
2021-22,11:7,groundnut,3068.0
2021-22,12:1,groundnut,8720.0
2021-22,12:2,groundnut,11714.0
2021-22,12:3,groundnut,126.0
2021-22,12:4,groundnut,259.0
2021-22,12:5,groundnut,836.0
2021-22,12:6,groundnut,8125.0
2021-22,12:7,groundnut,40295.0
2021-22,13:1,groundnut,27214.0
2021-22,13:2,groundnut,107691.0
2021-22,13:3,groundnut,9029.0
2021-22,13:4,groundnut,302.0
2021-22,13:5,groundnut,2127.0
2021-22,13:6,groundnut,24708.0
2021-22,14:1,groundnut,59.0
2021-22,14:2,groundnut,5590.0
2021-22,14:3,groundnut,10962.0
2021-22,14:4,groundnut,336.0
2021-22,14:5,groundnut,1367.0
2021-22,14:6,groundnut,54.0
2021-22,15:1,groundnut,18.0
2021-22,15:2,groundnut,126.0
2021-22,15:3,groundnut,148.0
2021-22,15:4,groundnut,3.0
2021-22,15:5,groundnut,1.0
2021-22,15:6,groundnut,18.0
2021-22,15:7,groundnut,4.0
2021-22,16:1,groundnut,1542.0
2021-22,16:2,groundnut,438.0
2021-22,16:3,groundnut,0.0
2021-22,17:1,groundnut,0.0
2021-22,17:2,groundnut,0.0
2021-22,17:3,groundnut,0.0
2021-22,17:4,groundnut,375.0
2021-22,17:5,groundnut,323.0
2021-22,17:6,groundnut,26.0
2021-22,17:7,groundnut,0.0
2021-22,18:1,groundnut,69.0
2021-22,18:10,groundnut,56.0
2021-22,18:2,groundnut,29542.0
2021-22,18:3,groundnut,32856.0
2021-22,18:4,groundnut,18394.0
2021-22,18:5,groundnut,6073.0
2021-22,18:6,groundnut,612.0
2021-22,18:7,groundnut,314.0
2021-22,18:8,groundnut,4.0
2021-22,18:9,groundnut,6.0
2021-22,19:10,groundnut,2293.0
2021-22,19:11,groundnut,7646.0
2021-22,19:7,groundnut,1475.0
2021-22,19:8,groundnut,130.0
2021-22,19:9,groundnut,238.0
2021-22,1:1,groundnut,7045.0
2021-22,1:10,groundnut,7013.0
2021-22,1:2,groundnut,4840.0
2021-22,1:3,groundnut,1016.0
2021-22,1:4,groundnut,1120.0
2021-22,1:5,groundnut,3800.0
2021-22,1:6,groundnut,1441.0
2021-22,1:7,groundnut,971.0
2021-22,1:8,groundnut,2457.0
2021-22,1:9,groundnut,4704.0
2021-22,20:1,groundnut,7.0
2021-22,20:2,groundnut,20.0
2021-22,20:3,groundnut,12.0
2021-22,20:4,groundnut,0.0
2021-22,21:1,groundnut,39.0
2021-22,21:2,groundnut,180.0
2021-22,21:3,groundnut,12.0
2021-22,21:4,groundnut,17.0
2021-22,22:1,groundnut,3.0
2021-22,22:2,groundnut,7.0
2021-22,22:3,groundnut,3.0
2021-22,22:4,groundnut,114.0
2021-22,22:5,groundnut,5.0
2021-22,22:6,groundnut,142.0
2021-22,22:7,groundnut,210.0
2021-22,23:1,groundnut,0.0
2021-22,23:2,groundnut,48.0
2021-22,23:3,groundnut,59.0
2021-22,23:4,groundnut,30.0
2021-22,23:5,groundnut,1.0
2021-22,23:6,groundnut,162.0
2021-22,23:7,groundnut,67.0
2021-22,23:8,groundnut,5.0
2021-22,24:1,groundnut,0.0
2021-22,24:2,groundnut,1.0
2021-22,24:3,groundnut,0.0
2021-22,24:4,groundnut,4.0
2021-22,24:5,groundnut,0.0
2021-22,25:1,groundnut,0.0
2021-22,25:2,groundnut,4.0
2021-22,25:3,groundnut,0.0
2021-22,26:1,groundnut,10.0
2021-22,26:2,groundnut,50.0
2021-22,26:3,groundnut,15.0
2021-22,26:4,groundnut,2.0
2021-22,26:5,groundnut,12.0
2021-22,26:6,groundnut,780.0
2021-22,26:7,groundnut,657.0
2021-22,27:1,groundnut,1321.0
2021-22,27:2,groundnut,1460.0
2021-22,27:3,groundnut,4.0
2021-22,27:4,groundnut,848.0
2021-22,28:5,groundnut,34.0
2021-22,28:6,groundnut,40.0
2021-22,28:7,groundnut,159.0
2021-22,28:8,groundnut,749.0
2021-22,29:1,groundnut,4419.0
2021-22,29:2,groundnut,1101.0
2021-22,29:3,groundnut,1023.0
2021-22,29:4,groundnut,19421.0
2021-22,29:5,groundnut,1158.0
2021-22,29:6,groundnut,9266.0
2021-22,2:1,groundnut,1465.0
2021-22,2:2,groundnut,7879.0
2021-22,2:3,groundnut,1816.0
2021-22,2:4,groundnut,24390.0
2021-22,2:5,groundnut,6541.0
2021-22,2:6,groundnut,5548.0
2021-22,30:10,groundnut,13354.0
2021-22,30:8,groundnut,5796.0
2021-22,30:9,groundnut,4299.0
2021-22,3:1,groundnut,7865.0
2021-22,3:2,groundnut,9733.0
2021-22,3:3,groundnut,5904.0
2021-22,3:4,groundnut,5579.0
2021-22,3:5,groundnut,3356.0
2021-22,4:2+1,groundnut,546.0
2021-22,4:3,groundnut,62.0
2021-22,4:4,groundnut,288.0
2021-22,4:5,groundnut,1648.0
2021-22,4:6,groundnut,2714.0
2021-22,4:7,groundnut,799.0
2021-22,5:1,groundnut,232.0
2021-22,5:2,groundnut,54.0
2021-22,5:3,groundnut,144.0
2021-22,5:4,groundnut,19.0
2021-22,5:5,groundnut,48.0
2021-22,6:1,groundnut,9181.0
2021-22,6:2,groundnut,3896.0
2021-22,6:3,groundnut,1374.0
2021-22,6:4,groundnut,478.0
2021-22,6:5,groundnut,130.0
2021-22,7:1,groundnut,20589.0
2021-22,7:2,groundnut,15805.0
2021-22,7:3,groundnut,3934.0
2021-22,7:4,groundnut,10005.0
2021-22,8:1,groundnut,627.0
2021-22,8:2,groundnut,4281.0
2021-22,8:3,groundnut,13310.0
2021-22,8:4,groundnut,21821.0
2021-22,8:5,groundnut,11092.0
2021-22,9:1,groundnut,2883.0
2021-22,9:2,groundnut,3926.0
2021-22,9:3,groundnut,6064.0
2021-22,9:4,groundnut,1206.0
2021-22,9:5,groundnut,17652.0
2021-22,10:1,sunflower,0.0
2021-22,10:10,sunflower,0.0
2021-22,10:11,sunflower,0.0
2021-22,10:2,sunflower,0.0
2021-22,10:3,sunflower,1.0
2021-22,10:4,sunflower,0.0
2021-22,10:5,sunflower,8.0
2021-22,10:6,sunflower,3.0
2021-22,10:7,sunflower,0.0
2021-22,10:8,sunflower,0.0
2021-22,10:9,sunflower,0.0
2021-22,11:1,sunflower,6.0
2021-22,11:2,sunflower,32.0
2021-22,11:3,sunflower,859.0
2021-22,11:4,sunflower,79.0
2021-22,11:5,sunflower,360.0
2021-22,11:6,sunflower,6512.0
2021-22,11:7,sunflower,1489.0
2021-22,12:1,sunflower,1043.0
2021-22,12:2,sunflower,784.0
2021-22,12:3,sunflower,102.0
2021-22,12:4,sunflower,556.0
2021-22,12:5,sunflower,762.0
2021-22,12:6,sunflower,491.0
2021-22,12:7,sunflower,1872.0
2021-22,13:1,sunflower,598.0
2021-22,13:2,sunflower,167.0
2021-22,13:3,sunflower,294.0
2021-22,13:4,sunflower,0.0
2021-22,13:5,sunflower,1.0
2021-22,13:6,sunflower,604.0
2021-22,14:1,sunflower,127.0
2021-22,14:2,sunflower,744.0
2021-22,14:3,sunflower,280.0
2021-22,14:4,sunflower,54.0
2021-22,14:5,sunflower,335.0
2021-22,14:6,sunflower,0.0
2021-22,15:1,sunflower,0.0
2021-22,15:2,sunflower,34.0
2021-22,15:3,sunflower,1487.0
2021-22,15:4,sunflower,0.0
2021-22,15:5,sunflower,0.0
2021-22,15:6,sunflower,0.0
2021-22,15:7,sunflower,1.0
2021-22,16:1,sunflower,0.0
2021-22,16:2,sunflower,0.0
2021-22,16:3,sunflower,0.0
2021-22,17:1,sunflower,0.0
2021-22,17:2,sunflower,0.0
2021-22,17:3,sunflower,0.0
2021-22,17:4,sunflower,0.0
2021-22,17:5,sunflower,74.0
2021-22,17:6,sunflower,5.0
2021-22,17:7,sunflower,0.0
2021-22,18:1,sunflower,6.0
2021-22,18:10,sunflower,0.0
2021-22,18:2,sunflower,7.0
2021-22,18:3,sunflower,0.0
2021-22,18:4,sunflower,0.0
2021-22,18:5,sunflower,0.0
2021-22,18:6,sunflower,0.0
2021-22,18:7,sunflower,0.0
2021-22,18:8,sunflower,0.0
2021-22,18:9,sunflower,0.0
2021-22,19:10,sunflower,5.0
2021-22,19:11,sunflower,6.0
2021-22,19:7,sunflower,0.0
2021-22,19:8,sunflower,0.0
2021-22,19:9,sunflower,2.0
2021-22,1:1,sunflower,23.0
2021-22,1:10,sunflower,8227.0
2021-22,1:2,sunflower,147.0
2021-22,1:3,sunflower,102.0
2021-22,1:4,sunflower,1111.0
2021-22,1:5,sunflower,24.0
2021-22,1:6,sunflower,6.0
2021-22,1:7,sunflower,6.0
2021-22,1:8,sunflower,48.0
2021-22,1:9,sunflower,7868.0
2021-22,20:1,sunflower,0.0
2021-22,20:2,sunflower,1.0
2021-22,20:3,sunflower,2.0
2021-22,20:4,sunflower,0.0
2021-22,21:1,sunflower,0.0
2021-22,21:2,sunflower,1.0
2021-22,21:3,sunflower,6.0
2021-22,21:4,sunflower,3.0
2021-22,22:1,sunflower,1.0
2021-22,22:2,sunflower,3.0
2021-22,22:3,sunflower,5.0
2021-22,22:4,sunflower,0.0
2021-22,22:5,sunflower,0.0
2021-22,22:6,sunflower,1.0
2021-22,22:7,sunflower,8.0
2021-22,23:1,sunflower,0.0
2021-22,23:2,sunflower,61.0
2021-22,23:3,sunflower,1.0
2021-22,23:4,sunflower,0.0
2021-22,23:5,sunflower,0.0
2021-22,23:6,sunflower,2.0
2021-22,23:7,sunflower,0.0
2021-22,23:8,sunflower,1.0
2021-22,24:1,sunflower,0.0
2021-22,24:2,sunflower,0.0
2021-22,24:3,sunflower,0.0
2021-22,24:4,sunflower,0.0
2021-22,24:5,sunflower,0.0
2021-22,25:1,sunflower,0.0
2021-22,25:2,sunflower,0.0
2021-22,25:3,sunflower,0.0
2021-22,26:1,sunflower,0.0
2021-22,26:2,sunflower,2.0
2021-22,26:3,sunflower,1.0
2021-22,26:4,sunflower,0.0
2021-22,26:5,sunflower,0.0
2021-22,26:6,sunflower,378.0
2021-22,26:7,sunflower,185.0
2021-22,27:1,sunflower,3987.0
2021-22,27:2,sunflower,152.0
2021-22,27:3,sunflower,1.0
2021-22,27:4,sunflower,1347.0
2021-22,28:5,sunflower,1.0
2021-22,28:6,sunflower,2.0
2021-22,28:7,sunflower,1.0
2021-22,28:8,sunflower,2.0
2021-22,29:1,sunflower,20.0
2021-22,29:2,sunflower,1.0
2021-22,29:3,sunflower,2.0
2021-22,29:4,sunflower,146.0
2021-22,29:5,sunflower,0.0
2021-22,29:6,sunflower,1.0
2021-22,2:1,sunflower,2003.0
2021-22,2:2,sunflower,1773.0
2021-22,2:3,sunflower,578.0
2021-22,2:4,sunflower,6388.0
2021-22,2:5,sunflower,4378.0
2021-22,2:6,sunflower,5563.0
2021-22,30:10,sunflower,217.0
2021-22,30:8,sunflower,379.0
2021-22,30:9,sunflower,79.0
2021-22,3:1,sunflower,1461.0
2021-22,3:2,sunflower,1291.0
2021-22,3:3,sunflower,974.0
2021-22,3:4,sunflower,2236.0
2021-22,3:5,sunflower,1505.0
2021-22,4:2+1,sunflower,2937.0
2021-22,4:3,sunflower,1889.0
2021-22,4:4,sunflower,2.0
2021-22,4:5,sunflower,1.0
2021-22,4:6,sunflower,89.0
2021-22,4:7,sunflower,220.0
2021-22,5:1,sunflower,18.0
2021-22,5:2,sunflower,7.0
2021-22,5:3,sunflower,28.0
2021-22,5:4,sunflower,30.0
2021-22,5:5,sunflower,22.0
2021-22,6:1,sunflower,5632.0
2021-22,6:2,sunflower,146.0
2021-22,6:3,sunflower,20.0
2021-22,6:4,sunflower,903.0
2021-22,6:5,sunflower,1075.0
2021-22,7:1,sunflower,2905.0
2021-22,7:2,sunflower,3905.0
2021-22,7:3,sunflower,1666.0
2021-22,7:4,sunflower,3935.0
2021-22,8:1,sunflower,10115.0
2021-22,8:2,sunflower,1314.0
2021-22,8:3,sunflower,764.0
2021-22,8:4,sunflower,484.0
2021-22,8:5,sunflower,8226.0
2021-22,9:1,sunflower,8.0
2021-22,9:2,sunflower,4453.0
2021-22,9:3,sunflower,21.0
2021-22,9:4,sunflower,4.0
2021-22,9:5,sunflower,7.0
2021-22,10:1,castor,0.0
2021-22,10:10,castor,0.0
2021-22,10:11,castor,0.0
2021-22,10:2,castor,0.0
2021-22,10:3,castor,0.0
2021-22,10:4,castor,0.0
2021-22,10:5,castor,0.0
2021-22,10:6,castor,0.0
2021-22,10:7,castor,0.0
2021-22,10:8,castor,0.0
2021-22,10:9,castor,0.0
2021-22,11:1,castor,0.0
2021-22,11:2,castor,0.0
2021-22,11:3,castor,4.0
2021-22,11:4,castor,2.0
2021-22,11:5,castor,3.0
2021-22,11:6,castor,0.0
2021-22,11:7,castor,2.0
2021-22,12:1,castor,4.0
2021-22,12:2,castor,9.0
2021-22,12:3,castor,0.0
2021-22,12:4,castor,24.0
2021-22,12:5,castor,76.0
2021-22,12:6,castor,11.0
2021-22,12:7,castor,10.0
2021-22,13:1,castor,24.0
2021-22,13:2,castor,14.0
2021-22,13:3,castor,21.0
2021-22,13:4,castor,50.0
2021-22,13:5,castor,112.0
2021-22,13:6,castor,170.0
2021-22,14:1,castor,0.0
2021-22,14:2,castor,14.0
2021-22,14:3,castor,4.0
2021-22,14:4,castor,1.0
2021-22,14:5,castor,3.0
2021-22,14:6,castor,1.0
2021-22,15:1,castor,0.0
2021-22,15:2,castor,0.0
2021-22,15:3,castor,0.0
2021-22,15:4,castor,0.0
2021-22,15:5,castor,0.0
2021-22,15:6,castor,0.0
2021-22,15:7,castor,0.0
2021-22,16:1,castor,0.0
2021-22,16:2,castor,0.0
2021-22,16:3,castor,0.0
2021-22,17:1,castor,0.0
2021-22,17:2,castor,0.0
2021-22,17:3,castor,0.0
2021-22,17:4,castor,6.0
2021-22,17:5,castor,14.0
2021-22,17:6,castor,13.0
2021-22,17:7,castor,0.0
2021-22,18:1,castor,123.0
2021-22,18:10,castor,5.0
2021-22,18:2,castor,138.0
2021-22,18:3,castor,430.0
2021-22,18:4,castor,64.0
2021-22,18:5,castor,70.0
2021-22,18:6,castor,31.0
2021-22,18:7,castor,115.0
2021-22,18:8,castor,202.0
2021-22,18:9,castor,12.0
2021-22,19:10,castor,28.0
2021-22,19:11,castor,0.0
2021-22,19:7,castor,6.0
2021-22,19:8,castor,0.0
2021-22,19:9,castor,1.0
2021-22,1:1,castor,7.0
2021-22,1:10,castor,4.0
2021-22,1:2,castor,2.0
2021-22,1:3,castor,7.0
2021-22,1:4,castor,1.0
2021-22,1:5,castor,1.0
2021-22,1:6,castor,0.0
2021-22,1:7,castor,0.0
2021-22,1:8,castor,0.0
2021-22,1:9,castor,0.0
2021-22,20:1,castor,0.0
2021-22,20:2,castor,2.0
2021-22,20:3,castor,1.0
2021-22,20:4,castor,2.0
2021-22,21:1,castor,5.0
2021-22,21:2,castor,14.0
2021-22,21:3,castor,0.0
2021-22,21:4,castor,1.0
2021-22,22:1,castor,4.0
2021-22,22:2,castor,5.0
2021-22,22:3,castor,25.0
2021-22,22:4,castor,17.0
2021-22,22:5,castor,18.0
2021-22,22:6,castor,0.0
2021-22,22:7,castor,58.0
2021-22,23:1,castor,0.0
2021-22,23:2,castor,33.0
2021-22,23:3,castor,163.0
2021-22,23:4,castor,3.0
2021-22,23:5,castor,0.0
2021-22,23:6,castor,3.0
2021-22,23:7,castor,8.0
2021-22,23:8,castor,5.0
2021-22,24:1,castor,1.0
2021-22,24:2,castor,0.0
2021-22,24:3,castor,0.0
2021-22,24:4,castor,0.0
2021-22,24:5,castor,0.0
2021-22,25:1,castor,0.0
2021-22,25:2,castor,0.0
2021-22,25:3,castor,0.0
2021-22,26:1,castor,0.0
2021-22,26:2,castor,4.0
2021-22,26:3,castor,4.0
2021-22,26:4,castor,26.0
2021-22,26:5,castor,68.0
2021-22,26:6,castor,117.0
2021-22,26:7,castor,1.0
2021-22,27:1,castor,82.0
2021-22,27:2,castor,70.0
2021-22,27:3,castor,0.0
2021-22,27:4,castor,59.0
2021-22,28:5,castor,14.0
2021-22,28:6,castor,38.0
2021-22,28:7,castor,5.0
2021-22,28:8,castor,260.0
2021-22,29:1,castor,52.0
2021-22,29:2,castor,0.0
2021-22,29:3,castor,0.0
2021-22,29:4,castor,2.0
2021-22,29:5,castor,2.0
2021-22,29:6,castor,1.0
2021-22,2:1,castor,9.0
2021-22,2:2,castor,0.0
2021-22,2:3,castor,12.0
2021-22,2:4,castor,8.0
2021-22,2:5,castor,0.0
2021-22,2:6,castor,12.0
2021-22,30:10,castor,7.0
2021-22,30:8,castor,0.0
2021-22,30:9,castor,0.0
2021-22,3:1,castor,2.0
2021-22,3:2,castor,0.0
2021-22,3:3,castor,4.0
2021-22,3:4,castor,2.0
2021-22,3:5,castor,0.0
2021-22,4:2+1,castor,0.0
2021-22,4:3,castor,0.0
2021-22,4:4,castor,0.0
2021-22,4:5,castor,0.0
2021-22,4:6,castor,0.0
2021-22,4:7,castor,0.0
2021-22,5:1,castor,1.0
2021-22,5:2,castor,0.0
2021-22,5:3,castor,0.0
2021-22,5:4,castor,1.0
2021-22,5:5,castor,1.0
2021-22,6:1,castor,4.0
2021-22,6:2,castor,0.0
2021-22,6:3,castor,502.0
2021-22,6:4,castor,0.0
2021-22,6:5,castor,3.0
2021-22,7:1,castor,43.0
2021-22,7:2,castor,16.0
2021-22,7:3,castor,182.0
2021-22,7:4,castor,30.0
2021-22,8:1,castor,2.0
2021-22,8:2,castor,0.0
2021-22,8:3,castor,3.0
2021-22,8:4,castor,8.0
2021-22,8:5,castor,1.0
2021-22,9:1,castor,1.0
2021-22,9:2,castor,15.0
2021-22,9:3,castor,0.0
2021-22,9:4,castor,0.0
2021-22,9:5,castor,1.0
2021-22,10:1,sesame,0.0
2021-22,10:10,sesame,0.0
2021-22,10:11,sesame,0.0
2021-22,10:2,sesame,0.0
2021-22,10:3,sesame,0.0
2021-22,10:4,sesame,0.0
2021-22,10:5,sesame,0.0
2021-22,10:6,sesame,10.0
2021-22,10:7,sesame,0.0
2021-22,10:8,sesame,0.0
2021-22,10:9,sesame,1.0
2021-22,11:1,sesame,0.0
2021-22,11:2,sesame,3.0
2021-22,11:3,sesame,2.0
2021-22,11:4,sesame,0.0
2021-22,11:5,sesame,1.0
2021-22,11:6,sesame,14.0
2021-22,11:7,sesame,1.0
2021-22,12:1,sesame,3.0
2021-22,12:2,sesame,9.0
2021-22,12:3,sesame,0.0
2021-22,12:4,sesame,10.0
2021-22,12:5,sesame,14.0
2021-22,12:6,sesame,120.0
2021-22,12:7,sesame,51.0
2021-22,13:1,sesame,5.0
2021-22,13:2,sesame,3.0
2021-22,13:3,sesame,3.0
2021-22,13:4,sesame,11.0
2021-22,13:5,sesame,40.0
2021-22,13:6,sesame,10.0
2021-22,14:1,sesame,1.0
2021-22,14:2,sesame,5.0
2021-22,14:3,sesame,10.0
2021-22,14:4,sesame,1.0
2021-22,14:5,sesame,3.0
2021-22,14:6,sesame,1.0
2021-22,15:1,sesame,5.0
2021-22,15:2,sesame,16.0
2021-22,15:3,sesame,0.0
2021-22,15:4,sesame,0.0
2021-22,15:5,sesame,0.0
2021-22,15:6,sesame,0.0
2021-22,15:7,sesame,0.0
2021-22,16:1,sesame,0.0
2021-22,16:2,sesame,47.0
2021-22,16:3,sesame,3.0
2021-22,17:1,sesame,0.0
2021-22,17:2,sesame,0.0
2021-22,17:3,sesame,0.0
2021-22,17:4,sesame,23.0
2021-22,17:5,sesame,1228.0
2021-22,17:6,sesame,347.0
2021-22,17:7,sesame,0.0
2021-22,18:1,sesame,14.0
2021-22,18:10,sesame,40.0
2021-22,18:2,sesame,1.0
2021-22,18:3,sesame,2.0
2021-22,18:4,sesame,3.0
2021-22,18:5,sesame,0.0
2021-22,18:6,sesame,0.0
2021-22,18:7,sesame,2.0
2021-22,18:8,sesame,5.0
2021-22,18:9,sesame,1.0
2021-22,19:10,sesame,5.0
2021-22,19:11,sesame,0.0
2021-22,19:7,sesame,1.0
2021-22,19:8,sesame,1.0
2021-22,19:9,sesame,3.0
2021-22,1:1,sesame,12.0
2021-22,1:10,sesame,11.0
2021-22,1:2,sesame,10.0
2021-22,1:3,sesame,2.0
2021-22,1:4,sesame,6.0
2021-22,1:5,sesame,81.0
2021-22,1:6,sesame,5.0
2021-22,1:7,sesame,4.0
2021-22,1:8,sesame,23.0
2021-22,1:9,sesame,3.0
2021-22,20:1,sesame,1.0
2021-22,20:2,sesame,0.0
2021-22,20:3,sesame,2.0
2021-22,20:4,sesame,0.0
2021-22,21:1,sesame,0.0
2021-22,21:2,sesame,0.0
2021-22,21:3,sesame,0.0
2021-22,21:4,sesame,2.0
2021-22,22:1,sesame,330.0
2021-22,22:2,sesame,879.0
2021-22,22:3,sesame,4.0
2021-22,22:4,sesame,20.0
2021-22,22:5,sesame,170.0
2021-22,22:6,sesame,132.0
2021-22,22:7,sesame,92.0
2021-22,23:1,sesame,0.0
2021-22,23:2,sesame,19.0
2021-22,23:3,sesame,239.0
2021-22,23:4,sesame,0.0
2021-22,23:5,sesame,0.0
2021-22,23:6,sesame,3.0
2021-22,23:7,sesame,11.0
2021-22,23:8,sesame,16.0
2021-22,24:1,sesame,0.0
2021-22,24:2,sesame,0.0
2021-22,24:3,sesame,0.0
2021-22,24:4,sesame,0.0
2021-22,24:5,sesame,0.0
2021-22,25:1,sesame,0.0
2021-22,25:2,sesame,0.0
2021-22,25:3,sesame,0.0
2021-22,26:1,sesame,2.0
2021-22,26:2,sesame,76.0
2021-22,26:3,sesame,385.0
2021-22,26:4,sesame,1253.0
2021-22,26:5,sesame,305.0
2021-22,26:6,sesame,165.0
2021-22,26:7,sesame,91.0
2021-22,27:1,sesame,29.0
2021-22,27:2,sesame,16.0
2021-22,27:3,sesame,0.0
2021-22,27:4,sesame,177.0
2021-22,28:5,sesame,1.0
2021-22,28:6,sesame,1.0
2021-22,28:7,sesame,23.0
2021-22,28:8,sesame,23.0
2021-22,29:1,sesame,2.0
2021-22,29:2,sesame,2.0
2021-22,29:3,sesame,0.0
2021-22,29:4,sesame,1.0
2021-22,29:5,sesame,1.0
2021-22,29:6,sesame,1.0
2021-22,2:1,sesame,1.0
2021-22,2:2,sesame,0.0
2021-22,2:3,sesame,4.0
2021-22,2:4,sesame,41.0
2021-22,2:5,sesame,13.0
2021-22,2:6,sesame,821.0
2021-22,30:10,sesame,1.0
2021-22,30:8,sesame,26.0
2021-22,30:9,sesame,4.0
2021-22,3:1,sesame,13.0
2021-22,3:2,sesame,9.0
2021-22,3:3,sesame,25.0
2021-22,3:4,sesame,29.0
2021-22,3:5,sesame,83.0
2021-22,4:2+1,sesame,2077.0
2021-22,4:3,sesame,1820.0
2021-22,4:4,sesame,58.0
2021-22,4:5,sesame,10.0
2021-22,4:6,sesame,236.0
2021-22,4:7,sesame,203.0
2021-22,5:1,sesame,325.0
2021-22,5:2,sesame,16.0
2021-22,5:3,sesame,49.0
2021-22,5:4,sesame,40.0
2021-22,5:5,sesame,522.0
2021-22,6:1,sesame,1719.0
2021-22,6:2,sesame,35.0
2021-22,6:3,sesame,8.0
2021-22,6:4,sesame,9.0
2021-22,6:5,sesame,139.0
2021-22,7:1,sesame,421.0
2021-22,7:2,sesame,6120.0
2021-22,7:3,sesame,482.0
2021-22,7:4,sesame,296.0
2021-22,8:1,sesame,0.0
2021-22,8:2,sesame,1.0
2021-22,8:3,sesame,14.0
2021-22,8:4,sesame,26.0
2021-22,8:5,sesame,55.0
2021-22,9:1,sesame,3.0
2021-22,9:2,sesame,1.0
2021-22,9:3,sesame,0.0
2021-22,9:4,sesame,5.0
2021-22,9:5,sesame,1.0
2021-22,10:1,niger seed,0.0
2021-22,10:10,niger seed,0.0
2021-22,10:11,niger seed,0.0
2021-22,10:2,niger seed,0.0
2021-22,10:3,niger seed,0.0
2021-22,10:4,niger seed,0.0
2021-22,10:5,niger seed,0.0
2021-22,10:6,niger seed,1.0
2021-22,10:7,niger seed,0.0
2021-22,10:8,niger seed,0.0
2021-22,10:9,niger seed,0.0
2021-22,11:1,niger seed,3.0
2021-22,11:2,niger seed,2.0
2021-22,11:3,niger seed,0.0
2021-22,11:4,niger seed,3.0
2021-22,11:5,niger seed,3.0
2021-22,11:6,niger seed,0.0
2021-22,11:7,niger seed,0.0
2021-22,12:1,niger seed,2.0
2021-22,12:2,niger seed,1.0
2021-22,12:3,niger seed,0.0
2021-22,12:4,niger seed,255.0
2021-22,12:5,niger seed,8.0
2021-22,12:6,niger seed,38.0
2021-22,12:7,niger seed,32.0
2021-22,13:1,niger seed,0.0
2021-22,13:2,niger seed,0.0
2021-22,13:3,niger seed,0.0
2021-22,13:4,niger seed,0.0
2021-22,13:5,niger seed,0.0
2021-22,13:6,niger seed,1.0
2021-22,14:1,niger seed,0.0
2021-22,14:2,niger seed,2.0
2021-22,14:3,niger seed,1.0
2021-22,14:4,niger seed,8.0
2021-22,14:5,niger seed,0.0
2021-22,14:6,niger seed,0.0
2021-22,15:1,niger seed,0.0
2021-22,15:2,niger seed,1.0
2021-22,15:3,niger seed,2.0
2021-22,15:4,niger seed,0.0
2021-22,15:5,niger seed,0.0
2021-22,15:6,niger seed,0.0
2021-22,15:7,niger seed,0.0
2021-22,16:1,niger seed,0.0
2021-22,16:2,niger seed,0.0
2021-22,16:3,niger seed,0.0
2021-22,17:1,niger seed,0.0
2021-22,17:2,niger seed,0.0
2021-22,17:3,niger seed,0.0
2021-22,17:4,niger seed,0.0
2021-22,17:5,niger seed,0.0
2021-22,17:6,niger seed,0.0
2021-22,17:7,niger seed,0.0
2021-22,18:1,niger seed,1.0
2021-22,18:10,niger seed,1.0
2021-22,18:2,niger seed,0.0
2021-22,18:3,niger seed,0.0
2021-22,18:4,niger seed,1.0
2021-22,18:5,niger seed,0.0
2021-22,18:6,niger seed,0.0
2021-22,18:7,niger seed,1.0
2021-22,18:8,niger seed,1.0
2021-22,18:9,niger seed,1.0
2021-22,19:10,niger seed,260.0
2021-22,19:11,niger seed,1.0
2021-22,19:7,niger seed,2.0
2021-22,19:8,niger seed,1.0
2021-22,19:9,niger seed,13.0
2021-22,1:1,niger seed,3.0
2021-22,1:10,niger seed,4.0
2021-22,1:2,niger seed,3.0
2021-22,1:3,niger seed,6.0
2021-22,1:4,niger seed,36.0
2021-22,1:5,niger seed,16.0
2021-22,1:6,niger seed,53.0
2021-22,1:7,niger seed,2.0
2021-22,1:8,niger seed,4.0
2021-22,1:9,niger seed,7.0
2021-22,20:1,niger seed,3.0
2021-22,20:2,niger seed,1.0
2021-22,20:3,niger seed,2.0
2021-22,20:4,niger seed,1.0
2021-22,21:1,niger seed,1.0
2021-22,21:2,niger seed,0.0
2021-22,21:3,niger seed,1.0
2021-22,21:4,niger seed,3.0
2021-22,22:1,niger seed,0.0
2021-22,22:2,niger seed,2.0
2021-22,22:3,niger seed,4.0
2021-22,22:4,niger seed,0.0
2021-22,22:5,niger seed,1.0
2021-22,22:6,niger seed,0.0
2021-22,22:7,niger seed,0.0
2021-22,23:1,niger seed,0.0
2021-22,23:2,niger seed,2.0
2021-22,23:3,niger seed,45.0
2021-22,23:4,niger seed,0.0
2021-22,23:5,niger seed,1.0
2021-22,23:6,niger seed,4.0
2021-22,23:7,niger seed,66.0
2021-22,23:8,niger seed,63.0
2021-22,24:1,niger seed,0.0
2021-22,24:2,niger seed,0.0
2021-22,24:3,niger seed,0.0
2021-22,24:4,niger seed,0.0
2021-22,24:5,niger seed,0.0
2021-22,25:1,niger seed,0.0
2021-22,25:2,niger seed,0.0
2021-22,25:3,niger seed,0.0
2021-22,26:1,niger seed,14.0
2021-22,26:2,niger seed,2.0
2021-22,26:3,niger seed,0.0
2021-22,26:4,niger seed,0.0
2021-22,26:5,niger seed,0.0
2021-22,26:6,niger seed,13.0
2021-22,26:7,niger seed,0.0
2021-22,27:1,niger seed,1.0
2021-22,27:2,niger seed,3.0
2021-22,27:3,niger seed,0.0
2021-22,27:4,niger seed,0.0
2021-22,28:5,niger seed,1.0
2021-22,28:6,niger seed,0.0
2021-22,28:7,niger seed,1.0
2021-22,28:8,niger seed,3.0
2021-22,29:1,niger seed,2.0
2021-22,29:2,niger seed,1.0
2021-22,29:3,niger seed,0.0
2021-22,29:4,niger seed,0.0
2021-22,29:5,niger seed,1.0
2021-22,29:6,niger seed,1.0
2021-22,2:1,niger seed,10.0
2021-22,2:2,niger seed,1.0
2021-22,2:3,niger seed,11.0
2021-22,2:4,niger seed,2.0
2021-22,2:5,niger seed,3.0
2021-22,2:6,niger seed,11.0
2021-22,30:10,niger seed,0.0
2021-22,30:8,niger seed,5.0
2021-22,30:9,niger seed,0.0
2021-22,3:1,niger seed,3.0
2021-22,3:2,niger seed,6.0
2021-22,3:3,niger seed,4.0
2021-22,3:4,niger seed,2.0
2021-22,3:5,niger seed,2.0
2021-22,4:2+1,niger seed,7.0
2021-22,4:3,niger seed,7.0
2021-22,4:4,niger seed,2.0
2021-22,4:5,niger seed,0.0
2021-22,4:6,niger seed,0.0
2021-22,4:7,niger seed,2.0
2021-22,5:1,niger seed,78.0
2021-22,5:2,niger seed,2.0
2021-22,5:3,niger seed,0.0
2021-22,5:4,niger seed,13.0
2021-22,5:5,niger seed,39.0
2021-22,6:1,niger seed,12.0
2021-22,6:2,niger seed,1.0
2021-22,6:3,niger seed,57.0
2021-22,6:4,niger seed,27.0
2021-22,6:5,niger seed,2.0
2021-22,7:1,niger seed,19.0
2021-22,7:2,niger seed,11.0
2021-22,7:3,niger seed,7.0
2021-22,7:4,niger seed,12.0
2021-22,8:1,niger seed,2.0
2021-22,8:2,niger seed,0.0
2021-22,8:3,niger seed,12.0
2021-22,8:4,niger seed,9.0
2021-22,8:5,niger seed,7.0
2021-22,9:1,niger seed,7.0
2021-22,9:2,niger seed,4.0
2021-22,9:3,niger seed,2.0
2021-22,9:4,niger seed,1.0
2021-22,9:5,niger seed,4.0
2021-22,10:1,soybean,0.0
2021-22,10:10,soybean,0.0
2021-22,10:11,soybean,0.0
2021-22,10:2,soybean,0.0
2021-22,10:3,soybean,0.0
2021-22,10:4,soybean,0.0
2021-22,10:5,soybean,49.0
2021-22,10:6,soybean,1.0
2021-22,10:7,soybean,0.0
2021-22,10:8,soybean,0.0
2021-22,10:9,soybean,0.0
2021-22,11:1,soybean,2144.0
2021-22,11:2,soybean,706.0
2021-22,11:3,soybean,2058.0
2021-22,11:4,soybean,2104.0
2021-22,11:5,soybean,179.0
2021-22,11:6,soybean,119.0
2021-22,11:7,soybean,58.0
2021-22,12:1,soybean,10.0
2021-22,12:2,soybean,0.0
2021-22,12:3,soybean,0.0
2021-22,12:4,soybean,5.0
2021-22,12:5,soybean,0.0
2021-22,12:6,soybean,0.0
2021-22,12:7,soybean,0.0
2021-22,13:1,soybean,0.0
2021-22,13:2,soybean,2.0
2021-22,13:3,soybean,1.0
2021-22,13:4,soybean,0.0
2021-22,13:5,soybean,3.0
2021-22,13:6,soybean,2.0
2021-22,14:1,soybean,4.0
2021-22,14:2,soybean,6.0
2021-22,14:3,soybean,0.0
2021-22,14:4,soybean,0.0
2021-22,14:5,soybean,1.0
2021-22,14:6,soybean,11.0
2021-22,15:1,soybean,0.0
2021-22,15:2,soybean,10.0
2021-22,15:3,soybean,11.0
2021-22,15:4,soybean,0.0
2021-22,15:5,soybean,0.0
2021-22,15:6,soybean,0.0
2021-22,15:7,soybean,0.0
2021-22,16:1,soybean,0.0
2021-22,16:2,soybean,0.0
2021-22,16:3,soybean,0.0
2021-22,17:1,soybean,0.0
2021-22,17:2,soybean,0.0
2021-22,17:3,soybean,0.0
2021-22,17:4,soybean,103.0
2021-22,17:5,soybean,1.0
2021-22,17:6,soybean,20.0
2021-22,17:7,soybean,0.0
2021-22,18:1,soybean,0.0
2021-22,18:10,soybean,0.0
2021-22,18:2,soybean,0.0
2021-22,18:3,soybean,0.0
2021-22,18:4,soybean,0.0
2021-22,18:5,soybean,1.0
2021-22,18:6,soybean,4.0
2021-22,18:7,soybean,0.0
2021-22,18:8,soybean,0.0
2021-22,18:9,soybean,1.0
2021-22,19:10,soybean,3.0
2021-22,19:11,soybean,0.0
2021-22,19:7,soybean,0.0
2021-22,19:8,soybean,1.0
2021-22,19:9,soybean,0.0
2021-22,1:1,soybean,13930.0
2021-22,1:10,soybean,43.0
2021-22,1:2,soybean,1397.0
2021-22,1:3,soybean,326.0
2021-22,1:4,soybean,2206.0
2021-22,1:5,soybean,22778.0
2021-22,1:6,soybean,7431.0
2021-22,1:7,soybean,12.0
2021-22,1:8,soybean,35709.0
2021-22,1:9,soybean,2649.0
2021-22,20:1,soybean,0.0
2021-22,20:2,soybean,0.0
2021-22,20:3,soybean,0.0
2021-22,20:4,soybean,0.0
2021-22,21:1,soybean,3.0
2021-22,21:2,soybean,3.0
2021-22,21:3,soybean,0.0
2021-22,21:4,soybean,0.0
2021-22,22:1,soybean,0.0
2021-22,22:2,soybean,1.0
2021-22,22:3,soybean,7.0
2021-22,22:4,soybean,0.0
2021-22,22:5,soybean,15.0
2021-22,22:6,soybean,11.0
2021-22,22:7,soybean,15.0
2021-22,23:1,soybean,0.0
2021-22,23:2,soybean,5.0
2021-22,23:3,soybean,1.0
2021-22,23:4,soybean,2.0
2021-22,23:5,soybean,0.0
2021-22,23:6,soybean,1.0
2021-22,23:7,soybean,2.0
2021-22,23:8,soybean,0.0
2021-22,24:1,soybean,0.0
2021-22,24:2,soybean,0.0
2021-22,24:3,soybean,0.0
2021-22,24:4,soybean,0.0
2021-22,24:5,soybean,0.0
2021-22,25:1,soybean,0.0
2021-22,25:2,soybean,0.0
2021-22,25:3,soybean,0.0
2021-22,26:1,soybean,0.0
2021-22,26:2,soybean,9.0
2021-22,26:3,soybean,5.0
2021-22,26:4,soybean,13.0
2021-22,26:5,soybean,18.0
2021-22,26:6,soybean,9.0
2021-22,26:7,soybean,3.0
2021-22,27:1,soybean,61.0
2021-22,27:2,soybean,23.0
2021-22,27:3,soybean,1.0
2021-22,27:4,soybean,3.0
2021-22,28:5,soybean,3.0
2021-22,28:6,soybean,1.0
2021-22,28:7,soybean,0.0
2021-22,28:8,soybean,1.0
2021-22,29:1,soybean,1.0
2021-22,29:2,soybean,5.0
2021-22,29:3,soybean,0.0
2021-22,29:4,soybean,1.0
2021-22,29:5,soybean,1.0
2021-22,29:6,soybean,3.0
2021-22,2:1,soybean,381.0
2021-22,2:2,soybean,27.0
2021-22,2:3,soybean,724.0
2021-22,2:4,soybean,7.0
2021-22,2:5,soybean,11.0
2021-22,2:6,soybean,8.0
2021-22,30:10,soybean,0.0
2021-22,30:8,soybean,5.0
2021-22,30:9,soybean,0.0
2021-22,3:1,soybean,22.0
2021-22,3:2,soybean,63.0
2021-22,3:3,soybean,40.0
2021-22,3:4,soybean,16.0
2021-22,3:5,soybean,0.0
2021-22,4:2+1,soybean,8122.0
2021-22,4:3,soybean,2616.0
2021-22,4:4,soybean,1695.0
2021-22,4:5,soybean,1.0
2021-22,4:6,soybean,107.0
2021-22,4:7,soybean,3.0
2021-22,5:1,soybean,40263.0
2021-22,5:2,soybean,40658.0
2021-22,5:3,soybean,64513.0
2021-22,5:4,soybean,18028.0
2021-22,5:5,soybean,14921.0
2021-22,6:1,soybean,4.0
2021-22,6:2,soybean,0.0
2021-22,6:3,soybean,0.0
2021-22,6:4,soybean,9.0
2021-22,6:5,soybean,0.0
2021-22,7:1,soybean,6.0
2021-22,7:2,soybean,14.0
2021-22,7:3,soybean,24.0
2021-22,7:4,soybean,1.0
2021-22,8:1,soybean,2.0
2021-22,8:2,soybean,0.0
2021-22,8:3,soybean,28.0
2021-22,8:4,soybean,26.0
2021-22,8:5,soybean,3.0
2021-22,9:1,soybean,12075.0
2021-22,9:2,soybean,19.0
2021-22,9:3,soybean,6838.0
2021-22,9:4,soybean,11090.0
2021-22,9:5,soybean,591.0
2021-22,10:1,linseed,0.0
2021-22,10:10,linseed,0.0
2021-22,10:11,linseed,0.0
2021-22,10:2,linseed,0.0
2021-22,10:3,linseed,0.0
2021-22,10:4,linseed,0.0
2021-22,10:5,linseed,2.0
2021-22,10:6,linseed,0.0
2021-22,10:7,linseed,0.0
2021-22,10:8,linseed,0.0
2021-22,10:9,linseed,0.0
2021-22,11:1,linseed,0.0
2021-22,11:2,linseed,0.0
2021-22,11:3,linseed,3.0
2021-22,11:4,linseed,0.0
2021-22,11:5,linseed,1.0
2021-22,11:6,linseed,5.0
2021-22,11:7,linseed,0.0
2021-22,12:1,linseed,0.0
2021-22,12:2,linseed,0.0
2021-22,12:3,linseed,0.0
2021-22,12:4,linseed,0.0
2021-22,12:5,linseed,2.0
2021-22,12:6,linseed,0.0
2021-22,12:7,linseed,0.0
2021-22,13:1,linseed,0.0
2021-22,13:2,linseed,6.0
2021-22,13:3,linseed,1.0
2021-22,13:4,linseed,0.0
2021-22,13:5,linseed,0.0
2021-22,13:6,linseed,114.0
2021-22,14:1,linseed,0.0
2021-22,14:2,linseed,0.0
2021-22,14:3,linseed,0.0
2021-22,14:4,linseed,0.0
2021-22,14:5,linseed,0.0
2021-22,14:6,linseed,0.0
2021-22,15:1,linseed,2.0
2021-22,15:2,linseed,0.0
2021-22,15:3,linseed,0.0
2021-22,15:4,linseed,0.0
2021-22,15:5,linseed,0.0
2021-22,15:6,linseed,0.0
2021-22,15:7,linseed,0.0
2021-22,16:1,linseed,0.0
2021-22,16:2,linseed,0.0
2021-22,16:3,linseed,0.0
2021-22,17:1,linseed,0.0
2021-22,17:2,linseed,0.0
2021-22,17:3,linseed,0.0
2021-22,17:4,linseed,0.0
2021-22,17:5,linseed,0.0
2021-22,17:6,linseed,0.0
2021-22,17:7,linseed,0.0
2021-22,18:1,linseed,6.0
2021-22,18:10,linseed,0.0
2021-22,18:2,linseed,416.0
2021-22,18:3,linseed,48.0
2021-22,18:4,linseed,167.0
2021-22,18:5,linseed,103.0
2021-22,18:6,linseed,25.0
2021-22,18:7,linseed,1.0
2021-22,18:8,linseed,2.0
2021-22,18:9,linseed,0.0
2021-22,19:10,linseed,1.0
2021-22,19:11,linseed,0.0
2021-22,19:7,linseed,1.0
2021-22,19:8,linseed,0.0
2021-22,19:9,linseed,1.0
2021-22,1:1,linseed,1.0
2021-22,1:10,linseed,45.0
2021-22,1:2,linseed,0.0
2021-22,1:3,linseed,1.0
2021-22,1:4,linseed,0.0
2021-22,1:5,linseed,0.0
2021-22,1:6,linseed,0.0
2021-22,1:7,linseed,0.0
2021-22,1:8,linseed,0.0
2021-22,1:9,linseed,1.0
2021-22,20:1,linseed,3.0
2021-22,20:2,linseed,0.0
2021-22,20:3,linseed,0.0
2021-22,20:4,linseed,0.0
2021-22,21:1,linseed,2.0
2021-22,21:2,linseed,11.0
2021-22,21:3,linseed,1.0
2021-22,21:4,linseed,3.0
2021-22,22:1,linseed,0.0
2021-22,22:2,linseed,0.0
2021-22,22:3,linseed,2.0
2021-22,22:4,linseed,0.0
2021-22,22:5,linseed,0.0
2021-22,22:6,linseed,1.0
2021-22,22:7,linseed,0.0
2021-22,23:1,linseed,0.0
2021-22,23:2,linseed,0.0
2021-22,23:3,linseed,0.0
2021-22,23:4,linseed,0.0
2021-22,23:5,linseed,0.0
2021-22,23:6,linseed,0.0
2021-22,23:7,linseed,0.0
2021-22,23:8,linseed,0.0
2021-22,24:1,linseed,0.0
2021-22,24:2,linseed,0.0
2021-22,24:3,linseed,0.0
2021-22,24:4,linseed,0.0
2021-22,24:5,linseed,0.0
2021-22,25:1,linseed,0.0
2021-22,25:2,linseed,0.0
2021-22,25:3,linseed,0.0
2021-22,26:1,linseed,0.0
2021-22,26:2,linseed,0.0
2021-22,26:3,linseed,0.0
2021-22,26:4,linseed,0.0
2021-22,26:5,linseed,0.0
2021-22,26:6,linseed,0.0
2021-22,26:7,linseed,0.0
2021-22,27:1,linseed,0.0
2021-22,27:2,linseed,3.0
2021-22,27:3,linseed,0.0
2021-22,27:4,linseed,0.0
2021-22,28:5,linseed,1.0
2021-22,28:6,linseed,0.0
2021-22,28:7,linseed,0.0
2021-22,28:8,linseed,9.0
2021-22,29:1,linseed,63.0
2021-22,29:2,linseed,0.0
2021-22,29:3,linseed,0.0
2021-22,29:4,linseed,0.0
2021-22,29:5,linseed,0.0
2021-22,29:6,linseed,0.0
2021-22,2:1,linseed,1.0
2021-22,2:2,linseed,0.0
2021-22,2:3,linseed,0.0
2021-22,2:4,linseed,11.0
2021-22,2:5,linseed,2.0
2021-22,2:6,linseed,0.0
2021-22,30:10,linseed,0.0
2021-22,30:8,linseed,0.0
2021-22,30:9,linseed,1.0
2021-22,3:1,linseed,5.0
2021-22,3:2,linseed,0.0
2021-22,3:3,linseed,4.0
2021-22,3:4,linseed,13.0
2021-22,3:5,linseed,4.0
2021-22,4:2+1,linseed,21.0
2021-22,4:3,linseed,0.0
2021-22,4:4,linseed,0.0
2021-22,4:5,linseed,0.0
2021-22,4:6,linseed,42.0
2021-22,4:7,linseed,0.0
2021-22,5:1,linseed,1.0
2021-22,5:2,linseed,0.0
2021-22,5:3,linseed,0.0
2021-22,5:4,linseed,1.0
2021-22,5:5,linseed,1.0
2021-22,6:1,linseed,0.0
2021-22,6:2,linseed,0.0
2021-22,6:3,linseed,0.0
2021-22,6:4,linseed,2.0
2021-22,6:5,linseed,0.0
2021-22,7:1,linseed,4.0
2021-22,7:2,linseed,0.0
2021-22,7:3,linseed,0.0
2021-22,7:4,linseed,26.0
2021-22,8:1,linseed,0.0
2021-22,8:2,linseed,0.0
2021-22,8:3,linseed,0.0
2021-22,8:4,linseed,0.0
2021-22,8:5,linseed,1.0
2021-22,9:1,linseed,0.0
2021-22,9:2,linseed,0.0
2021-22,9:3,linseed,0.0
2021-22,9:4,linseed,6.0
2021-22,9:5,linseed,0.0
2021-22,10:1,cotton,0.0
2021-22,10:10,cotton,0.0
2021-22,10:11,cotton,0.0
2021-22,10:2,cotton,0.0
2021-22,10:3,cotton,217.0
2021-22,10:4,cotton,37.0
2021-22,10:5,cotton,27.0
2021-22,10:6,cotton,123.0
2021-22,10:7,cotton,0.0
2021-22,10:8,cotton,0.0
2021-22,10:9,cotton,0.0
2021-22,11:1,cotton,7724.0
2021-22,11:2,cotton,15113.0
2021-22,11:3,cotton,2400.0
2021-22,11:4,cotton,5645.0
2021-22,11:5,cotton,3328.0
2021-22,11:6,cotton,3950.0
2021-22,11:7,cotton,2055.0
2021-22,12:1,cotton,502.0
2021-22,12:2,cotton,815.0
2021-22,12:3,cotton,398.0
2021-22,12:4,cotton,28790.0
2021-22,12:5,cotton,15786.0
2021-22,12:6,cotton,3488.0
2021-22,12:7,cotton,1137.0
2021-22,13:1,cotton,2616.0
2021-22,13:2,cotton,545.0
2021-22,13:3,cotton,1366.0
2021-22,13:4,cotton,365.0
2021-22,13:5,cotton,3128.0
2021-22,13:6,cotton,3521.0
2021-22,14:1,cotton,24.0
2021-22,14:2,cotton,427.0
2021-22,14:3,cotton,1090.0
2021-22,14:4,cotton,66.0
2021-22,14:5,cotton,288.0
2021-22,14:6,cotton,325.0
2021-22,15:1,cotton,0.0
2021-22,15:2,cotton,126.0
2021-22,15:3,cotton,146.0
2021-22,15:4,cotton,0.0
2021-22,15:5,cotton,0.0
2021-22,15:6,cotton,43.0
2021-22,15:7,cotton,9.0
2021-22,16:1,cotton,0.0
2021-22,16:2,cotton,0.0
2021-22,16:3,cotton,0.0
2021-22,17:1,cotton,0.0
2021-22,17:2,cotton,0.0
2021-22,17:3,cotton,10.0
2021-22,17:4,cotton,46.0
2021-22,17:5,cotton,325.0
2021-22,17:6,cotton,635.0
2021-22,17:7,cotton,0.0
2021-22,18:1,cotton,121.0
2021-22,18:10,cotton,0.0
2021-22,18:2,cotton,1597.0
2021-22,18:3,cotton,893.0
2021-22,18:4,cotton,513.0
2021-22,18:5,cotton,1.0
2021-22,18:6,cotton,1.0
2021-22,18:7,cotton,2.0
2021-22,18:8,cotton,0.0
2021-22,18:9,cotton,0.0
2021-22,19:10,cotton,0.0
2021-22,19:11,cotton,0.0
2021-22,19:7,cotton,16.0
2021-22,19:8,cotton,0.0
2021-22,19:9,cotton,0.0
2021-22,1:1,cotton,1927.0
2021-22,1:10,cotton,3090.0
2021-22,1:2,cotton,73.0
2021-22,1:3,cotton,1847.0
2021-22,1:4,cotton,3275.0
2021-22,1:5,cotton,4325.0
2021-22,1:6,cotton,1185.0
2021-22,1:7,cotton,91.0
2021-22,1:8,cotton,6466.0
2021-22,1:9,cotton,18690.0
2021-22,20:1,cotton,0.0
2021-22,20:2,cotton,0.0
2021-22,20:3,cotton,0.0
2021-22,20:4,cotton,0.0
2021-22,21:1,cotton,0.0
2021-22,21:2,cotton,2.0
2021-22,21:3,cotton,0.0
2021-22,21:4,cotton,0.0
2021-22,22:1,cotton,0.0
2021-22,22:2,cotton,0.0
2021-22,22:3,cotton,0.0
2021-22,22:4,cotton,0.0
2021-22,22:5,cotton,0.0
2021-22,22:6,cotton,0.0
2021-22,22:7,cotton,2.0
2021-22,23:1,cotton,0.0
2021-22,23:2,cotton,370.0
2021-22,23:3,cotton,61.0
2021-22,23:4,cotton,1.0
2021-22,23:5,cotton,0.0
2021-22,23:6,cotton,1.0
2021-22,23:7,cotton,2.0
2021-22,23:8,cotton,0.0
2021-22,24:1,cotton,0.0
2021-22,24:2,cotton,0.0
2021-22,24:3,cotton,0.0
2021-22,24:4,cotton,0.0
2021-22,24:5,cotton,0.0
2021-22,25:1,cotton,0.0
2021-22,25:2,cotton,1.0
2021-22,25:3,cotton,0.0
2021-22,26:1,cotton,7.0
2021-22,26:2,cotton,1368.0
2021-22,26:3,cotton,16.0
2021-22,26:4,cotton,501.0
2021-22,26:5,cotton,16043.0
2021-22,26:6,cotton,12444.0
2021-22,26:7,cotton,8.0
2021-22,27:1,cotton,8662.0
2021-22,27:2,cotton,537.0
2021-22,27:3,cotton,0.0
2021-22,27:4,cotton,172.0
2021-22,28:5,cotton,0.0
2021-22,28:6,cotton,2.0
2021-22,28:7,cotton,0.0
2021-22,28:8,cotton,0.0
2021-22,29:1,cotton,60.0
2021-22,29:2,cotton,0.0
2021-22,29:3,cotton,3.0
2021-22,29:4,cotton,44.0
2021-22,29:5,cotton,1.0
2021-22,29:6,cotton,38.0
2021-22,2:1,cotton,37.0
2021-22,2:2,cotton,87.0
2021-22,2:3,cotton,43.0
2021-22,2:4,cotton,1706.0
2021-22,2:5,cotton,234.0
2021-22,2:6,cotton,622.0
2021-22,30:10,cotton,51979.0
2021-22,30:8,cotton,29059.0
2021-22,30:9,cotton,86777.0
2021-22,3:1,cotton,632.0
2021-22,3:2,cotton,4812.0
2021-22,3:3,cotton,30838.0
2021-22,3:4,cotton,3209.0
2021-22,3:5,cotton,8694.0
2021-22,4:2+1,cotton,15741.0
2021-22,4:3,cotton,11107.0
2021-22,4:4,cotton,1875.0
2021-22,4:5,cotton,3990.0
2021-22,4:6,cotton,16738.0
2021-22,4:7,cotton,60531.0
2021-22,5:1,cotton,1.0
2021-22,5:2,cotton,10.0
2021-22,5:3,cotton,1202.0
2021-22,5:4,cotton,2232.0
2021-22,5:5,cotton,33.0
2021-22,6:1,cotton,2676.0
2021-22,6:2,cotton,58371.0
2021-22,6:3,cotton,62388.0
2021-22,6:4,cotton,45737.0
2021-22,6:5,cotton,4995.0
2021-22,7:1,cotton,3299.0
2021-22,7:2,cotton,3887.0
2021-22,7:3,cotton,3202.0
2021-22,7:4,cotton,3042.0
2021-22,8:1,cotton,9244.0
2021-22,8:2,cotton,1793.0
2021-22,8:3,cotton,9659.0
2021-22,8:4,cotton,13106.0
2021-22,8:5,cotton,1294.0
2021-22,9:1,cotton,8218.0
2021-22,9:2,cotton,38914.0
2021-22,9:3,cotton,15562.0
2021-22,9:4,cotton,228.0
2021-22,9:5,cotton,27862.0
2021-22,10:1,sugarcane,5.0
2021-22,10:10,sugarcane,4.0
2021-22,10:11,sugarcane,10.0
2021-22,10:2,sugarcane,81.0
2021-22,10:3,sugarcane,7263.0
2021-22,10:4,sugarcane,129.0
2021-22,10:5,sugarcane,366.0
2021-22,10:6,sugarcane,55.0
2021-22,10:7,sugarcane,5.0
2021-22,10:8,sugarcane,17.0
2021-22,10:9,sugarcane,20.0
2021-22,11:1,sugarcane,365.0
2021-22,11:2,sugarcane,251.0
2021-22,11:3,sugarcane,1978.0
2021-22,11:4,sugarcane,3621.0
2021-22,11:5,sugarcane,498.0
2021-22,11:6,sugarcane,491.0
2021-22,11:7,sugarcane,1190.0
2021-22,12:1,sugarcane,2470.0
2021-22,12:2,sugarcane,791.0
2021-22,12:3,sugarcane,12.0
2021-22,12:4,sugarcane,47.0
2021-22,12:5,sugarcane,1.0
2021-22,12:6,sugarcane,2240.0
2021-22,12:7,sugarcane,58.0
2021-22,13:1,sugarcane,8.0
2021-22,13:2,sugarcane,3.0
2021-22,13:3,sugarcane,4.0
2021-22,13:4,sugarcane,3.0
2021-22,13:5,sugarcane,13.0
2021-22,13:6,sugarcane,10.0
2021-22,14:1,sugarcane,111.0
2021-22,14:2,sugarcane,442.0
2021-22,14:3,sugarcane,4.0
2021-22,14:4,sugarcane,755.0
2021-22,14:5,sugarcane,46.0
2021-22,14:6,sugarcane,85.0
2021-22,15:1,sugarcane,60.0
2021-22,15:2,sugarcane,106.0
2021-22,15:3,sugarcane,49.0
2021-22,15:4,sugarcane,141.0
2021-22,15:5,sugarcane,11.0
2021-22,15:6,sugarcane,72.0
2021-22,15:7,sugarcane,289.0
2021-22,16:1,sugarcane,9.0
2021-22,16:2,sugarcane,3.0
2021-22,16:3,sugarcane,1.0
2021-22,17:1,sugarcane,0.0
2021-22,17:2,sugarcane,1.0
2021-22,17:3,sugarcane,1.0
2021-22,17:4,sugarcane,31.0
2021-22,17:5,sugarcane,29.0
2021-22,17:6,sugarcane,197.0
2021-22,17:7,sugarcane,0.0
2021-22,18:1,sugarcane,6.0
2021-22,18:10,sugarcane,340.0
2021-22,18:2,sugarcane,7.0
2021-22,18:3,sugarcane,1.0
2021-22,18:4,sugarcane,3.0
2021-22,18:5,sugarcane,4.0
2021-22,18:6,sugarcane,20.0
2021-22,18:7,sugarcane,20.0
2021-22,18:8,sugarcane,16.0
2021-22,18:9,sugarcane,8.0
2021-22,19:10,sugarcane,3.0
2021-22,19:11,sugarcane,4.0
2021-22,19:7,sugarcane,1.0
2021-22,19:8,sugarcane,8.0
2021-22,19:9,sugarcane,25.0
2021-22,1:1,sugarcane,34986.0
2021-22,1:10,sugarcane,6818.0
2021-22,1:2,sugarcane,44510.0
2021-22,1:3,sugarcane,33244.0
2021-22,1:4,sugarcane,40445.0
2021-22,1:5,sugarcane,7024.0
2021-22,1:6,sugarcane,7133.0
2021-22,1:7,sugarcane,12247.0
2021-22,1:8,sugarcane,6430.0
2021-22,1:9,sugarcane,12722.0
2021-22,20:1,sugarcane,3.0
2021-22,20:2,sugarcane,14.0
2021-22,20:3,sugarcane,5.0
2021-22,20:4,sugarcane,5.0
2021-22,21:1,sugarcane,17.0
2021-22,21:2,sugarcane,11.0
2021-22,21:3,sugarcane,9.0
2021-22,21:4,sugarcane,44.0
2021-22,22:1,sugarcane,5974.0
2021-22,22:2,sugarcane,269.0
2021-22,22:3,sugarcane,5022.0
2021-22,22:4,sugarcane,3147.0
2021-22,22:5,sugarcane,14114.0
2021-22,22:6,sugarcane,9065.0
2021-22,22:7,sugarcane,2204.0
2021-22,23:1,sugarcane,0.0
2021-22,23:2,sugarcane,96.0
2021-22,23:3,sugarcane,6.0
2021-22,23:4,sugarcane,72.0
2021-22,23:5,sugarcane,1.0
2021-22,23:6,sugarcane,40.0
2021-22,23:7,sugarcane,1210.0
2021-22,23:8,sugarcane,743.0
2021-22,24:1,sugarcane,15.0
2021-22,24:2,sugarcane,0.0
2021-22,24:3,sugarcane,0.0
2021-22,24:4,sugarcane,1.0
2021-22,24:5,sugarcane,0.0
2021-22,25:1,sugarcane,0.0
2021-22,25:2,sugarcane,0.0
2021-22,25:3,sugarcane,1.0
2021-22,26:1,sugarcane,11.0
2021-22,26:2,sugarcane,123.0
2021-22,26:3,sugarcane,775.0
2021-22,26:4,sugarcane,1995.0
2021-22,26:5,sugarcane,801.0
2021-22,26:6,sugarcane,3227.0
2021-22,26:7,sugarcane,4008.0
2021-22,27:1,sugarcane,171.0
2021-22,27:2,sugarcane,2728.0
2021-22,27:3,sugarcane,1936.0
2021-22,27:4,sugarcane,2148.0
2021-22,28:5,sugarcane,18.0
2021-22,28:6,sugarcane,15.0
2021-22,28:7,sugarcane,165.0
2021-22,28:8,sugarcane,22.0
2021-22,29:1,sugarcane,30.0
2021-22,29:2,sugarcane,5.0
2021-22,29:3,sugarcane,4.0
2021-22,29:4,sugarcane,7.0
2021-22,29:5,sugarcane,3.0
2021-22,29:6,sugarcane,5.0
2021-22,2:1,sugarcane,22540.0
2021-22,2:2,sugarcane,13818.0
2021-22,2:3,sugarcane,25615.0
2021-22,2:4,sugarcane,4025.0
2021-22,2:5,sugarcane,5563.0
2021-22,2:6,sugarcane,12652.0
2021-22,30:10,sugarcane,58.0
2021-22,30:8,sugarcane,432.0
2021-22,30:9,sugarcane,114.0
2021-22,3:1,sugarcane,10969.0
2021-22,3:2,sugarcane,9776.0
2021-22,3:3,sugarcane,10163.0
2021-22,3:4,sugarcane,5474.0
2021-22,3:5,sugarcane,3332.0
2021-22,4:2+1,sugarcane,11004.0
2021-22,4:3,sugarcane,2070.0
2021-22,4:4,sugarcane,783.0
2021-22,4:5,sugarcane,109.0
2021-22,4:6,sugarcane,541.0
2021-22,4:7,sugarcane,5000.0
2021-22,5:1,sugarcane,1483.0
2021-22,5:2,sugarcane,1713.0
2021-22,5:3,sugarcane,513.0
2021-22,5:4,sugarcane,2582.0
2021-22,5:5,sugarcane,2333.0
2021-22,6:1,sugarcane,223.0
2021-22,6:2,sugarcane,21.0
2021-22,6:3,sugarcane,16.0
2021-22,6:4,sugarcane,17.0
2021-22,6:5,sugarcane,61.0
2021-22,7:1,sugarcane,75.0
2021-22,7:2,sugarcane,50.0
2021-22,7:3,sugarcane,58.0
2021-22,7:4,sugarcane,789.0
2021-22,8:1,sugarcane,103.0
2021-22,8:2,sugarcane,104.0
2021-22,8:3,sugarcane,46.0
2021-22,8:4,sugarcane,360.0
2021-22,8:5,sugarcane,486.0
2021-22,9:1,sugarcane,3568.0
2021-22,9:2,sugarcane,47.0
2021-22,9:3,sugarcane,161.0
2021-22,9:4,sugarcane,2051.0
2021-22,9:5,sugarcane,34.0
2021-22,10:1,tobacco,0.0
2021-22,10:10,tobacco,0.0
2021-22,10:11,tobacco,0.0
2021-22,10:2,tobacco,0.0
2021-22,10:3,tobacco,0.0
2021-22,10:4,tobacco,0.0
2021-22,10:5,tobacco,0.0
2021-22,10:6,tobacco,0.0
2021-22,10:7,tobacco,0.0
2021-22,10:8,tobacco,0.0
2021-22,10:9,tobacco,0.0
2021-22,11:1,tobacco,0.0
2021-22,11:2,tobacco,0.0
2021-22,11:3,tobacco,0.0
2021-22,11:4,tobacco,0.0
2021-22,11:5,tobacco,3.0
2021-22,11:6,tobacco,1.0
2021-22,11:7,tobacco,0.0
2021-22,12:1,tobacco,84.0
2021-22,12:2,tobacco,10.0
2021-22,12:3,tobacco,0.0
2021-22,12:4,tobacco,0.0
2021-22,12:5,tobacco,0.0
2021-22,12:6,tobacco,2.0
2021-22,12:7,tobacco,174.0
2021-22,13:1,tobacco,28.0
2021-22,13:2,tobacco,0.0
2021-22,13:3,tobacco,0.0
2021-22,13:4,tobacco,0.0
2021-22,13:5,tobacco,0.0
2021-22,13:6,tobacco,52.0
2021-22,14:1,tobacco,4.0
2021-22,14:2,tobacco,308.0
2021-22,14:3,tobacco,32.0
2021-22,14:4,tobacco,2.0
2021-22,14:5,tobacco,55.0
2021-22,14:6,tobacco,0.0
2021-22,15:1,tobacco,0.0
2021-22,15:2,tobacco,0.0
2021-22,15:3,tobacco,1.0
2021-22,15:4,tobacco,0.0
2021-22,15:5,tobacco,0.0
2021-22,15:6,tobacco,0.0
2021-22,15:7,tobacco,0.0
2021-22,16:1,tobacco,0.0
2021-22,16:2,tobacco,2.0
2021-22,16:3,tobacco,0.0
2021-22,17:1,tobacco,0.0
2021-22,17:2,tobacco,0.0
2021-22,17:3,tobacco,0.0
2021-22,17:4,tobacco,0.0
2021-22,17:5,tobacco,9.0
2021-22,17:6,tobacco,0.0
2021-22,17:7,tobacco,0.0
2021-22,18:1,tobacco,0.0
2021-22,18:10,tobacco,2.0
2021-22,18:2,tobacco,7.0
2021-22,18:3,tobacco,5.0
2021-22,18:4,tobacco,0.0
2021-22,18:5,tobacco,0.0
2021-22,18:6,tobacco,0.0
2021-22,18:7,tobacco,0.0
2021-22,18:8,tobacco,0.0
2021-22,18:9,tobacco,1.0
2021-22,19:10,tobacco,0.0
2021-22,19:11,tobacco,1.0
2021-22,19:7,tobacco,1.0
2021-22,19:8,tobacco,0.0
2021-22,19:9,tobacco,0.0
2021-22,1:1,tobacco,4812.0
2021-22,1:10,tobacco,0.0
2021-22,1:2,tobacco,5.0
2021-22,1:3,tobacco,1.0
2021-22,1:4,tobacco,337.0
2021-22,1:5,tobacco,869.0
2021-22,1:6,tobacco,0.0
2021-22,1:7,tobacco,12.0
2021-22,1:8,tobacco,18.0
2021-22,1:9,tobacco,3.0
2021-22,20:1,tobacco,0.0
2021-22,20:2,tobacco,0.0
2021-22,20:3,tobacco,2.0
2021-22,20:4,tobacco,0.0
2021-22,21:1,tobacco,0.0
2021-22,21:2,tobacco,2.0
2021-22,21:3,tobacco,0.0
2021-22,21:4,tobacco,1.0
2021-22,22:1,tobacco,1.0
2021-22,22:2,tobacco,1.0
2021-22,22:3,tobacco,3.0
2021-22,22:4,tobacco,0.0
2021-22,22:5,tobacco,5.0
2021-22,22:6,tobacco,1.0
2021-22,22:7,tobacco,0.0
2021-22,23:1,tobacco,0.0
2021-22,23:2,tobacco,1.0
2021-22,23:3,tobacco,2.0
2021-22,23:4,tobacco,1.0
2021-22,23:5,tobacco,0.0
2021-22,23:6,tobacco,7148.0
2021-22,23:7,tobacco,562.0
2021-22,23:8,tobacco,2.0
2021-22,24:1,tobacco,18.0
2021-22,24:2,tobacco,0.0
2021-22,24:3,tobacco,1.0
2021-22,24:4,tobacco,0.0
2021-22,24:5,tobacco,0.0
2021-22,25:1,tobacco,0.0
2021-22,25:2,tobacco,0.0
2021-22,25:3,tobacco,0.0
2021-22,26:1,tobacco,22958.0
2021-22,26:2,tobacco,21652.0
2021-22,26:3,tobacco,9837.0
2021-22,26:4,tobacco,2.0
2021-22,26:5,tobacco,1098.0
2021-22,26:6,tobacco,1933.0
2021-22,26:7,tobacco,0.0
2021-22,27:1,tobacco,102.0
2021-22,27:2,tobacco,1.0
2021-22,27:3,tobacco,0.0
2021-22,27:4,tobacco,4.0
2021-22,28:5,tobacco,0.0
2021-22,28:6,tobacco,0.0
2021-22,28:7,tobacco,0.0
2021-22,28:8,tobacco,1.0
2021-22,29:1,tobacco,0.0
2021-22,29:2,tobacco,0.0
2021-22,29:3,tobacco,0.0
2021-22,29:4,tobacco,1.0
2021-22,29:5,tobacco,3.0
2021-22,29:6,tobacco,1.0
2021-22,2:1,tobacco,0.0
2021-22,2:2,tobacco,0.0
2021-22,2:3,tobacco,0.0
2021-22,2:4,tobacco,1.0
2021-22,2:5,tobacco,1.0
2021-22,2:6,tobacco,0.0
2021-22,30:10,tobacco,0.0
2021-22,30:8,tobacco,0.0
2021-22,30:9,tobacco,0.0
2021-22,3:1,tobacco,2.0
2021-22,3:2,tobacco,4.0
2021-22,3:3,tobacco,0.0
2021-22,3:4,tobacco,3.0
2021-22,3:5,tobacco,0.0
2021-22,4:2+1,tobacco,83.0
2021-22,4:3,tobacco,1.0
2021-22,4:4,tobacco,0.0
2021-22,4:5,tobacco,0.0
2021-22,4:6,tobacco,0.0
2021-22,4:7,tobacco,0.0
2021-22,5:1,tobacco,0.0
2021-22,5:2,tobacco,3.0
2021-22,5:3,tobacco,0.0
2021-22,5:4,tobacco,0.0
2021-22,5:5,tobacco,0.0
2021-22,6:1,tobacco,0.0
2021-22,6:2,tobacco,0.0
2021-22,6:3,tobacco,150.0
2021-22,6:4,tobacco,3.0
2021-22,6:5,tobacco,1.0
2021-22,7:1,tobacco,1.0
2021-22,7:2,tobacco,1.0
2021-22,7:3,tobacco,5.0
2021-22,7:4,tobacco,6.0
2021-22,8:1,tobacco,0.0
2021-22,8:2,tobacco,0.0
2021-22,8:3,tobacco,0.0
2021-22,8:4,tobacco,6.0
2021-22,8:5,tobacco,1.0
2021-22,9:1,tobacco,0.0
2021-22,9:2,tobacco,0.0
2021-22,9:3,tobacco,0.0
2021-22,9:4,tobacco,0.0
2021-22,9:5,tobacco,0.0
2021-22,10:1,coconut,1166.0
2021-22,10:10,coconut,1885.0
2021-22,10:11,coconut,1235.0
2021-22,10:2,coconut,288.0
2021-22,10:3,coconut,33.0
2021-22,10:4,coconut,483.0
2021-22,10:5,coconut,82.0
2021-22,10:6,coconut,955.0
2021-22,10:7,coconut,1351.0
2021-22,10:8,coconut,2829.0
2021-22,10:9,coconut,399.0
2021-22,11:1,coconut,298.0
2021-22,11:2,coconut,21.0
2021-22,11:3,coconut,171.0
2021-22,11:4,coconut,115.0
2021-22,11:5,coconut,55.0
2021-22,11:6,coconut,112.0
2021-22,11:7,coconut,491.0
2021-22,12:1,coconut,81.0
2021-22,12:2,coconut,39.0
2021-22,12:3,coconut,10.0
2021-22,12:4,coconut,10.0
2021-22,12:5,coconut,35.0
2021-22,12:6,coconut,154.0
2021-22,12:7,coconut,318.0
2021-22,13:1,coconut,125.0
2021-22,13:2,coconut,684.0
2021-22,13:3,coconut,1037.0
2021-22,13:4,coconut,6554.0
2021-22,13:5,coconut,27737.0
2021-22,13:6,coconut,10669.0
2021-22,14:1,coconut,1733.0
2021-22,14:2,coconut,246.0
2021-22,14:3,coconut,244.0
2021-22,14:4,coconut,3030.0
2021-22,14:5,coconut,1726.0
2021-22,14:6,coconut,4385.0
2021-22,15:1,coconut,791.0
2021-22,15:2,coconut,955.0
2021-22,15:3,coconut,539.0
2021-22,15:4,coconut,576.0
2021-22,15:5,coconut,614.0
2021-22,15:6,coconut,3293.0
2021-22,15:7,coconut,5442.0
2021-22,16:1,coconut,8626.0
2021-22,16:2,coconut,9339.0
2021-22,16:3,coconut,9287.0
2021-22,17:1,coconut,68.0
2021-22,17:2,coconut,210.0
2021-22,17:3,coconut,535.0
2021-22,17:4,coconut,17385.0
2021-22,17:5,coconut,32102.0
2021-22,17:6,coconut,2433.0
2021-22,17:7,coconut,106.0
2021-22,18:1,coconut,32937.0
2021-22,18:10,coconut,13665.0
2021-22,18:2,coconut,10888.0
2021-22,18:3,coconut,605.0
2021-22,18:4,coconut,1576.0
2021-22,18:5,coconut,2002.0
2021-22,18:6,coconut,15650.0
2021-22,18:7,coconut,37984.0
2021-22,18:8,coconut,31776.0
2021-22,18:9,coconut,35312.0
2021-22,19:10,coconut,306.0
2021-22,19:11,coconut,195.0
2021-22,19:7,coconut,104.0
2021-22,19:8,coconut,431.0
2021-22,19:9,coconut,184.0
2021-22,1:1,coconut,11.0
2021-22,1:10,coconut,27.0
2021-22,1:2,coconut,36.0
2021-22,1:3,coconut,10.0
2021-22,1:4,coconut,28.0
2021-22,1:5,coconut,11.0
2021-22,1:6,coconut,47.0
2021-22,1:7,coconut,79.0
2021-22,1:8,coconut,21.0
2021-22,1:9,coconut,81.0
2021-22,20:1,coconut,259.0
2021-22,20:2,coconut,1876.0
2021-22,20:3,coconut,230.0
2021-22,20:4,coconut,102.0
2021-22,21:1,coconut,1735.0
2021-22,21:2,coconut,877.0
2021-22,21:3,coconut,186.0
2021-22,21:4,coconut,252.0
2021-22,22:1,coconut,20656.0
2021-22,22:2,coconut,23928.0
2021-22,22:3,coconut,4704.0
2021-22,22:4,coconut,3015.0
2021-22,22:5,coconut,5140.0
2021-22,22:6,coconut,7057.0
2021-22,22:7,coconut,3976.0
2021-22,23:1,coconut,149.0
2021-22,23:2,coconut,3051.0
2021-22,23:3,coconut,36221.0
2021-22,23:4,coconut,7546.0
2021-22,23:5,coconut,428.0
2021-22,23:6,coconut,1952.0
2021-22,23:7,coconut,4433.0
2021-22,23:8,coconut,46219.0
2021-22,24:1,coconut,5447.0
2021-22,24:2,coconut,5534.0
2021-22,24:3,coconut,8085.0
2021-22,24:4,coconut,12510.0
2021-22,24:5,coconut,6038.0
2021-22,25:1,coconut,2223.0
2021-22,25:2,coconut,256.0
2021-22,25:3,coconut,992.0
2021-22,26:1,coconut,1273.0
2021-22,26:2,coconut,4735.0
2021-22,26:3,coconut,4915.0
2021-22,26:4,coconut,4899.0
2021-22,26:5,coconut,2508.0
2021-22,26:6,coconut,3655.0
2021-22,26:7,coconut,1069.0
2021-22,27:1,coconut,2171.0
2021-22,27:2,coconut,8164.0
2021-22,27:3,coconut,952.0
2021-22,27:4,coconut,1540.0
2021-22,28:5,coconut,4351.0
2021-22,28:6,coconut,6063.0
2021-22,28:7,coconut,12371.0
2021-22,28:8,coconut,7844.0
2021-22,29:1,coconut,238.0
2021-22,29:2,coconut,70.0
2021-22,29:3,coconut,10.0
2021-22,29:4,coconut,15.0
2021-22,29:5,coconut,41.0
2021-22,29:6,coconut,140.0
2021-22,2:1,coconut,15.0
2021-22,2:2,coconut,52.0
2021-22,2:3,coconut,19.0
2021-22,2:4,coconut,81.0
2021-22,2:5,coconut,172.0
2021-22,2:6,coconut,19.0
2021-22,30:10,coconut,4.0
2021-22,30:8,coconut,16.0
2021-22,30:9,coconut,7.0
2021-22,3:1,coconut,24.0
2021-22,3:2,coconut,19.0
2021-22,3:3,coconut,16.0
2021-22,3:4,coconut,16.0
2021-22,3:5,coconut,13.0
2021-22,4:2+1,coconut,3.0
2021-22,4:3,coconut,13.0
2021-22,4:4,coconut,2.0
2021-22,4:5,coconut,7.0
2021-22,4:6,coconut,1.0
2021-22,4:7,coconut,2.0
2021-22,5:1,coconut,8.0
2021-22,5:2,coconut,1.0
2021-22,5:3,coconut,1.0
2021-22,5:4,coconut,6.0
2021-22,5:5,coconut,2.0
2021-22,6:1,coconut,19.0
2021-22,6:2,coconut,6.0
2021-22,6:3,coconut,0.0
2021-22,6:4,coconut,10.0
2021-22,6:5,coconut,21.0
2021-22,7:1,coconut,59.0
2021-22,7:2,coconut,28.0
2021-22,7:3,coconut,17.0
2021-22,7:4,coconut,43.0
2021-22,8:1,coconut,15.0
2021-22,8:2,coconut,3.0
2021-22,8:3,coconut,83.0
2021-22,8:4,coconut,83.0
2021-22,8:5,coconut,54.0
2021-22,9:1,coconut,106.0
2021-22,9:2,coconut,3.0
2021-22,9:3,coconut,200.0
2021-22,9:4,coconut,37.0
2021-22,9:5,coconut,7.0
2021-22,10:1,arecanut,121.0
2021-22,10:10,arecanut,4510.0
2021-22,10:11,arecanut,1374.0
2021-22,10:2,arecanut,887.0
2021-22,10:3,arecanut,26.0
2021-22,10:4,arecanut,4313.0
2021-22,10:5,arecanut,1701.0
2021-22,10:6,arecanut,8666.0
2021-22,10:7,arecanut,2327.0
2021-22,10:8,arecanut,2641.0
2021-22,10:9,arecanut,4730.0
2021-22,11:1,arecanut,404.0
2021-22,11:2,arecanut,20.0
2021-22,11:3,arecanut,4158.0
2021-22,11:4,arecanut,190.0
2021-22,11:5,arecanut,415.0
2021-22,11:6,arecanut,2150.0
2021-22,11:7,arecanut,1206.0
2021-22,12:1,arecanut,87.0
2021-22,12:2,arecanut,15.0
2021-22,12:3,arecanut,0.0
2021-22,12:4,arecanut,0.0
2021-22,12:5,arecanut,0.0
2021-22,12:6,arecanut,41.0
2021-22,12:7,arecanut,72.0
2021-22,13:1,arecanut,14.0
2021-22,13:2,arecanut,1497.0
2021-22,13:3,arecanut,9535.0
2021-22,13:4,arecanut,15429.0
2021-22,13:5,arecanut,3916.0
2021-22,13:6,arecanut,5187.0
2021-22,14:1,arecanut,3820.0
2021-22,14:2,arecanut,1292.0
2021-22,14:3,arecanut,2155.0
2021-22,14:4,arecanut,16141.0
2021-22,14:5,arecanut,15171.0
2021-22,14:6,arecanut,32633.0
2021-22,15:1,arecanut,10311.0
2021-22,15:2,arecanut,14834.0
2021-22,15:3,arecanut,12460.0
2021-22,15:4,arecanut,8783.0
2021-22,15:5,arecanut,14411.0
2021-22,15:6,arecanut,17250.0
2021-22,15:7,arecanut,24487.0
2021-22,16:1,arecanut,11653.0
2021-22,16:2,arecanut,2670.0
2021-22,16:3,arecanut,9863.0
2021-22,17:1,arecanut,3346.0
2021-22,17:2,arecanut,10277.0
2021-22,17:3,arecanut,7354.0
2021-22,17:4,arecanut,27953.0
2021-22,17:5,arecanut,10505.0
2021-22,17:6,arecanut,4929.0
2021-22,17:7,arecanut,8635.0
2021-22,18:1,arecanut,6568.0
2021-22,18:10,arecanut,3148.0
2021-22,18:2,arecanut,8214.0
2021-22,18:3,arecanut,2106.0
2021-22,18:4,arecanut,2334.0
2021-22,18:5,arecanut,2458.0
2021-22,18:6,arecanut,11354.0
2021-22,18:7,arecanut,20725.0
2021-22,18:8,arecanut,3539.0
2021-22,18:9,arecanut,5327.0
2021-22,19:10,arecanut,1.0
2021-22,19:11,arecanut,0.0
2021-22,19:7,arecanut,0.0
2021-22,19:8,arecanut,2.0
2021-22,19:9,arecanut,1.0
2021-22,1:1,arecanut,0.0
2021-22,1:10,arecanut,1.0
2021-22,1:2,arecanut,0.0
2021-22,1:3,arecanut,0.0
2021-22,1:4,arecanut,0.0
2021-22,1:5,arecanut,0.0
2021-22,1:6,arecanut,3.0
2021-22,1:7,arecanut,7.0
2021-22,1:8,arecanut,2.0
2021-22,1:9,arecanut,1.0
2021-22,20:1,arecanut,178.0
2021-22,20:2,arecanut,291.0
2021-22,20:3,arecanut,8.0
2021-22,20:4,arecanut,1.0
2021-22,21:1,arecanut,1402.0
2021-22,21:2,arecanut,1660.0
2021-22,21:3,arecanut,10.0
2021-22,21:4,arecanut,3.0
2021-22,22:1,arecanut,1690.0
2021-22,22:2,arecanut,105.0
2021-22,22:3,arecanut,372.0
2021-22,22:4,arecanut,259.0
2021-22,22:5,arecanut,119.0
2021-22,22:6,arecanut,128.0
2021-22,22:7,arecanut,148.0
2021-22,23:1,arecanut,2542.0
2021-22,23:2,arecanut,2229.0
2021-22,23:3,arecanut,1071.0
2021-22,23:4,arecanut,1202.0
2021-22,23:5,arecanut,995.0
2021-22,23:6,arecanut,3245.0
2021-22,23:7,arecanut,756.0
2021-22,23:8,arecanut,309.0
2021-22,24:1,arecanut,6810.0
2021-22,24:2,arecanut,20536.0
2021-22,24:3,arecanut,25391.0
2021-22,24:4,arecanut,28328.0
2021-22,24:5,arecanut,16426.0
2021-22,25:1,arecanut,7008.0
2021-22,25:2,arecanut,803.0
2021-22,25:3,arecanut,15496.0
2021-22,26:1,arecanut,981.0
2021-22,26:2,arecanut,697.0
2021-22,26:3,arecanut,1043.0
2021-22,26:4,arecanut,297.0
2021-22,26:5,arecanut,361.0
2021-22,26:6,arecanut,146.0
2021-22,26:7,arecanut,196.0
2021-22,27:1,arecanut,44.0
2021-22,27:2,arecanut,917.0
2021-22,27:3,arecanut,47.0
2021-22,27:4,arecanut,97.0
2021-22,28:5,arecanut,2697.0
2021-22,28:6,arecanut,224.0
2021-22,28:7,arecanut,59.0
2021-22,28:8,arecanut,132.0
2021-22,29:1,arecanut,447.0
2021-22,29:2,arecanut,25.0
2021-22,29:3,arecanut,0.0
2021-22,29:4,arecanut,0.0
2021-22,29:5,arecanut,4.0
2021-22,29:6,arecanut,2.0
2021-22,2:1,arecanut,0.0
2021-22,2:2,arecanut,0.0
2021-22,2:3,arecanut,0.0
2021-22,2:4,arecanut,1.0
2021-22,2:5,arecanut,4.0
2021-22,2:6,arecanut,0.0
2021-22,30:10,arecanut,0.0
2021-22,30:8,arecanut,0.0
2021-22,30:9,arecanut,0.0
2021-22,3:1,arecanut,0.0
2021-22,3:2,arecanut,2.0
2021-22,3:3,arecanut,1.0
2021-22,3:4,arecanut,4.0
2021-22,3:5,arecanut,0.0
2021-22,4:2+1,arecanut,0.0
2021-22,4:3,arecanut,0.0
2021-22,4:4,arecanut,0.0
2021-22,4:5,arecanut,0.0
2021-22,4:6,arecanut,0.0
2021-22,4:7,arecanut,0.0
2021-22,5:1,arecanut,0.0
2021-22,5:2,arecanut,0.0
2021-22,5:3,arecanut,0.0
2021-22,5:4,arecanut,0.0
2021-22,5:5,arecanut,0.0
2021-22,6:1,arecanut,0.0
2021-22,6:2,arecanut,0.0
2021-22,6:3,arecanut,0.0
2021-22,6:4,arecanut,0.0
2021-22,6:5,arecanut,0.0
2021-22,7:1,arecanut,1.0
2021-22,7:2,arecanut,0.0
2021-22,7:3,arecanut,0.0
2021-22,7:4,arecanut,7.0
2021-22,8:1,arecanut,0.0
2021-22,8:2,arecanut,0.0
2021-22,8:3,arecanut,1.0
2021-22,8:4,arecanut,3.0
2021-22,8:5,arecanut,17.0
2021-22,9:1,arecanut,9.0
2021-22,9:2,arecanut,0.0
2021-22,9:3,arecanut,50.0
2021-22,9:4,arecanut,106.0
2021-22,9:5,arecanut,6.0
2021-22,10:1,banana,80.0
2021-22,10:10,banana,89.0
2021-22,10:11,banana,35.0
2021-22,10:2,banana,286.0
2021-22,10:3,banana,27.0
2021-22,10:4,banana,1220.0
2021-22,10:5,banana,503.0
2021-22,10:6,banana,3664.0
2021-22,10:7,banana,221.0
2021-22,10:8,banana,723.0
2021-22,10:9,banana,2090.0
2021-22,11:1,banana,224.0
2021-22,11:2,banana,37.0
2021-22,11:3,banana,1398.0
2021-22,11:4,banana,190.0
2021-22,11:5,banana,79.0
2021-22,11:6,banana,699.0
2021-22,11:7,banana,464.0
2021-22,12:1,banana,258.0
2021-22,12:2,banana,145.0
2021-22,12:3,banana,673.0
2021-22,12:4,banana,21.0
2021-22,12:5,banana,0.0
2021-22,12:6,banana,2235.0
2021-22,12:7,banana,59.0
2021-22,13:1,banana,141.0
2021-22,13:2,banana,206.0
2021-22,13:3,banana,343.0
2021-22,13:4,banana,2155.0
2021-22,13:5,banana,811.0
2021-22,13:6,banana,1333.0
2021-22,14:1,banana,176.0
2021-22,14:2,banana,122.0
2021-22,14:3,banana,96.0
2021-22,14:4,banana,500.0
2021-22,14:5,banana,493.0
2021-22,14:6,banana,1175.0
2021-22,15:1,banana,3024.0
2021-22,15:2,banana,5078.0
2021-22,15:3,banana,2045.0
2021-22,15:4,banana,1545.0
2021-22,15:5,banana,1307.0
2021-22,15:6,banana,1492.0
2021-22,15:7,banana,998.0
2021-22,16:1,banana,239.9
2021-22,16:2,banana,363.7
2021-22,16:3,banana,997.5
2021-22,17:1,banana,311.0
2021-22,17:2,banana,754.0
2021-22,17:3,banana,847.0
2021-22,17:4,banana,1540.0
2021-22,17:5,banana,496.0
2021-22,17:6,banana,259.0
2021-22,17:7,banana,467.0
2021-22,18:1,banana,371.0
2021-22,18:10,banana,826.0
2021-22,18:2,banana,253.0
2021-22,18:3,banana,91.0
2021-22,18:4,banana,396.0
2021-22,18:5,banana,344.0
2021-22,18:6,banana,802.0
2021-22,18:7,banana,2944.0
2021-22,18:8,banana,646.0
2021-22,18:9,banana,565.0
2021-22,19:10,banana,283.0
2021-22,19:11,banana,119.0
2021-22,19:7,banana,17.0
2021-22,19:8,banana,63.0
2021-22,19:9,banana,39.0
2021-22,1:1,banana,337.0
2021-22,1:10,banana,930.0
2021-22,1:2,banana,249.0
2021-22,1:3,banana,505.0
2021-22,1:4,banana,861.0
2021-22,1:5,banana,224.0
2021-22,1:6,banana,67.0
2021-22,1:7,banana,116.0
2021-22,1:8,banana,176.0
2021-22,1:9,banana,1465.0
2021-22,20:1,banana,57.0
2021-22,20:2,banana,191.0
2021-22,20:3,banana,128.0
2021-22,20:4,banana,7.0
2021-22,21:1,banana,486.0
2021-22,21:2,banana,790.0
2021-22,21:3,banana,35.0
2021-22,21:4,banana,53.0
2021-22,22:1,banana,1293.8
2021-22,22:2,banana,241.0
2021-22,22:3,banana,505.0
2021-22,22:4,banana,294.0
2021-22,22:5,banana,366.0
2021-22,22:6,banana,557.6
2021-22,22:7,banana,1356.0
2021-22,23:1,banana,690.0
2021-22,23:2,banana,352.0
2021-22,23:3,banana,500.0
2021-22,23:4,banana,351.0
2021-22,23:5,banana,229.0
2021-22,23:6,banana,530.0
2021-22,23:7,banana,346.0
2021-22,23:8,banana,583.0
2021-22,24:1,banana,322.0
2021-22,24:2,banana,793.0
2021-22,24:3,banana,1042.0
2021-22,24:4,banana,3398.0
2021-22,24:5,banana,1223.0
2021-22,25:1,banana,2161.0
2021-22,25:2,banana,1004.0
2021-22,25:3,banana,1935.0
2021-22,26:1,banana,1175.0
2021-22,26:2,banana,2009.0
2021-22,26:3,banana,843.0
2021-22,26:4,banana,1590.0
2021-22,26:5,banana,6566.0
2021-22,26:6,banana,4162.0
2021-22,26:7,banana,1337.0
2021-22,27:1,banana,5890.0
2021-22,27:2,banana,18871.0
2021-22,27:3,banana,567.0
2021-22,27:4,banana,3427.0
2021-22,28:5,banana,564.0
2021-22,28:6,banana,396.0
2021-22,28:7,banana,674.0
2021-22,28:8,banana,492.0
2021-22,29:1,banana,653.0
2021-22,29:2,banana,42.0
2021-22,29:3,banana,15.0
2021-22,29:4,banana,11.0
2021-22,29:5,banana,43.0
2021-22,29:6,banana,9.0
2021-22,2:1,banana,518.0
2021-22,2:2,banana,424.0
2021-22,2:3,banana,848.0
2021-22,2:4,banana,382.0
2021-22,2:5,banana,256.0
2021-22,2:6,banana,40.0
2021-22,30:10,banana,10.0
2021-22,30:8,banana,60.0
2021-22,30:9,banana,21.0
2021-22,3:1,banana,675.0
2021-22,3:2,banana,443.0
2021-22,3:3,banana,358.0
2021-22,3:4,banana,666.0
2021-22,3:5,banana,152.0
2021-22,4:2+1,banana,835.0
2021-22,4:3,banana,1009.0
2021-22,4:4,banana,353.0
2021-22,4:5,banana,31.0
2021-22,4:6,banana,197.0
2021-22,4:7,banana,119.0
2021-22,5:1,banana,83.0
2021-22,5:2,banana,64.0
2021-22,5:3,banana,6.0
2021-22,5:4,banana,119.0
2021-22,5:5,banana,50.0
2021-22,6:1,banana,39.0
2021-22,6:2,banana,11.0
2021-22,6:3,banana,19.0
2021-22,6:4,banana,4.0
2021-22,6:5,banana,21.0
2021-22,7:1,banana,146.0
2021-22,7:2,banana,16.0
2021-22,7:3,banana,215.0
2021-22,7:4,banana,497.0
2021-22,8:1,banana,21.0
2021-22,8:2,banana,59.0
2021-22,8:3,banana,124.0
2021-22,8:4,banana,472.0
2021-22,8:5,banana,330.0
2021-22,9:1,banana,184.9
2021-22,9:2,banana,5.9
2021-22,9:3,banana,20.3
2021-22,9:4,banana,79.4
2021-22,9:5,banana,29.7
2021-22,10:1,mango,314.0
2021-22,10:10,mango,24.0
2021-22,10:11,mango,46.0
2021-22,10:2,mango,98.0
2021-22,10:3,mango,782.0
2021-22,10:4,mango,50.0
2021-22,10:5,mango,593.0
2021-22,10:6,mango,182.0
2021-22,10:7,mango,684.0
2021-22,10:8,mango,162.0
2021-22,10:9,mango,58.0
2021-22,11:1,mango,1229.0
2021-22,11:2,mango,27.0
2021-22,11:3,mango,3237.0
2021-22,11:4,mango,102.0
2021-22,11:5,mango,65.0
2021-22,11:6,mango,124.0
2021-22,11:7,mango,53.0
2021-22,12:1,mango,53.0
2021-22,12:2,mango,216.0
2021-22,12:3,mango,43.0
2021-22,12:4,mango,52.0
2021-22,12:5,mango,44.0
2021-22,12:6,mango,217.0
2021-22,12:7,mango,74.0
2021-22,13:1,mango,134.0
2021-22,13:2,mango,219.0
2021-22,13:3,mango,211.0
2021-22,13:4,mango,1628.0
2021-22,13:5,mango,215.0
2021-22,13:6,mango,555.0
2021-22,14:1,mango,26.0
2021-22,14:2,mango,199.0
2021-22,14:3,mango,48.0
2021-22,14:4,mango,133.0
2021-22,14:5,mango,296.0
2021-22,14:6,mango,1284.0
2021-22,15:1,mango,97.0
2021-22,15:2,mango,1624.0
2021-22,15:3,mango,1042.0
2021-22,15:4,mango,30.0
2021-22,15:5,mango,27.0
2021-22,15:6,mango,469.0
2021-22,15:7,mango,109.0
2021-22,16:1,mango,117.2
2021-22,16:2,mango,128.8
2021-22,16:3,mango,194.4
2021-22,17:1,mango,10.0
2021-22,17:2,mango,6.0
2021-22,17:3,mango,27.0
2021-22,17:4,mango,1935.0
2021-22,17:5,mango,317.0
2021-22,17:6,mango,121.0
2021-22,17:7,mango,0.0
2021-22,18:1,mango,410.0
2021-22,18:10,mango,2944.0
2021-22,18:2,mango,961.0
2021-22,18:3,mango,1214.0
2021-22,18:4,mango,892.0
2021-22,18:5,mango,697.0
2021-22,18:6,mango,5747.0
2021-22,18:7,mango,6455.0
2021-22,18:8,mango,379.0
2021-22,18:9,mango,287.0
2021-22,19:10,mango,3082.0
2021-22,19:11,mango,11943.0
2021-22,19:7,mango,26941.0
2021-22,19:8,mango,6734.0
2021-22,19:9,mango,1559.0
2021-22,1:1,mango,46.0
2021-22,1:10,mango,185.0
2021-22,1:2,mango,75.0
2021-22,1:3,mango,10.0
2021-22,1:4,mango,25.0
2021-22,1:5,mango,62.0
2021-22,1:6,mango,817.0
2021-22,1:7,mango,1545.0
2021-22,1:8,mango,1015.0
2021-22,1:9,mango,68.0
2021-22,20:1,mango,381.0
2021-22,20:2,mango,567.0
2021-22,20:3,mango,376.0
2021-22,20:4,mango,609.0
2021-22,21:1,mango,1636.0
2021-22,21:2,mango,1166.0
2021-22,21:3,mango,938.0
2021-22,21:4,mango,2131.0
2021-22,22:1,mango,241.0
2021-22,22:2,mango,210.0
2021-22,22:3,mango,249.0
2021-22,22:4,mango,255.0
2021-22,22:5,mango,173.0
2021-22,22:6,mango,443.6
2021-22,22:7,mango,943.9
2021-22,23:1,mango,27.0
2021-22,23:2,mango,220.0
2021-22,23:3,mango,393.0
2021-22,23:4,mango,252.0
2021-22,23:5,mango,112.0
2021-22,23:6,mango,75.0
2021-22,23:7,mango,14.0
2021-22,23:8,mango,25.0
2021-22,24:1,mango,57.0
2021-22,24:2,mango,33.0
2021-22,24:3,mango,65.0
2021-22,24:4,mango,98.0
2021-22,24:5,mango,16.0
2021-22,25:1,mango,19.0
2021-22,25:2,mango,16.0
2021-22,25:3,mango,10.0
2021-22,26:1,mango,64.0
2021-22,26:2,mango,769.0
2021-22,26:3,mango,80.0
2021-22,26:4,mango,1331.0
2021-22,26:5,mango,790.0
2021-22,26:6,mango,358.0
2021-22,26:7,mango,193.0
2021-22,27:1,mango,331.0
2021-22,27:2,mango,348.0
2021-22,27:3,mango,38.0
2021-22,27:4,mango,238.0
2021-22,28:5,mango,9673.0
2021-22,28:6,mango,12807.0
2021-22,28:7,mango,5885.0
2021-22,28:8,mango,4640.0
2021-22,29:1,mango,887.0
2021-22,29:2,mango,845.0
2021-22,29:3,mango,141.0
2021-22,29:4,mango,210.0
2021-22,29:5,mango,2286.0
2021-22,29:6,mango,7170.0
2021-22,2:1,mango,80.0
2021-22,2:2,mango,287.0
2021-22,2:3,mango,74.0
2021-22,2:4,mango,79.0
2021-22,2:5,mango,318.0
2021-22,2:6,mango,23.0
2021-22,30:10,mango,63.0
2021-22,30:8,mango,32.0
2021-22,30:9,mango,101.0
2021-22,3:1,mango,52.0
2021-22,3:2,mango,41.0
2021-22,3:3,mango,16.0
2021-22,3:4,mango,39.0
2021-22,3:5,mango,19.0
2021-22,4:2+1,mango,33.0
2021-22,4:3,mango,92.0
2021-22,4:4,mango,296.0
2021-22,4:5,mango,50.0
2021-22,4:6,mango,22.0
2021-22,4:7,mango,6.0
2021-22,5:1,mango,640.0
2021-22,5:2,mango,198.0
2021-22,5:3,mango,61.0
2021-22,5:4,mango,590.0
2021-22,5:5,mango,575.0
2021-22,6:1,mango,40.0
2021-22,6:2,mango,15.0
2021-22,6:3,mango,1118.0
2021-22,6:4,mango,52.0
2021-22,6:5,mango,32.0
2021-22,7:1,mango,466.0
2021-22,7:2,mango,262.0
2021-22,7:3,mango,566.0
2021-22,7:4,mango,520.0
2021-22,8:1,mango,4.0
2021-22,8:2,mango,69.0
2021-22,8:3,mango,350.0
2021-22,8:4,mango,86.0
2021-22,8:5,mango,34.0
2021-22,9:1,mango,5186.8
2021-22,9:2,mango,0.8
2021-22,9:3,mango,897.3
2021-22,9:4,mango,904.5
2021-22,9:5,mango,110.6
2021-22,10:1,grapes,0.0
2021-22,10:10,grapes,0.0
2021-22,10:11,grapes,0.0
2021-22,10:2,grapes,0.0
2021-22,10:3,grapes,0.0
2021-22,10:4,grapes,0.0
2021-22,10:5,grapes,0.0
2021-22,10:6,grapes,0.0
2021-22,10:7,grapes,0.0
2021-22,10:8,grapes,0.0
2021-22,10:9,grapes,0.0
2021-22,11:1,grapes,0.0
2021-22,11:2,grapes,0.0
2021-22,11:3,grapes,0.0
2021-22,11:4,grapes,0.0
2021-22,11:5,grapes,0.0
2021-22,11:6,grapes,0.0
2021-22,11:7,grapes,0.0
2021-22,12:1,grapes,3.0
2021-22,12:2,grapes,11.0
2021-22,12:3,grapes,0.0
2021-22,12:4,grapes,0.0
2021-22,12:5,grapes,1.0
2021-22,12:6,grapes,0.0
2021-22,12:7,grapes,0.0
2021-22,13:1,grapes,0.0
2021-22,13:2,grapes,1.0
2021-22,13:3,grapes,0.0
2021-22,13:4,grapes,0.0
2021-22,13:5,grapes,0.0
2021-22,13:6,grapes,4.5
2021-22,14:1,grapes,0.0
2021-22,14:2,grapes,6.0
2021-22,14:3,grapes,0.0
2021-22,14:4,grapes,0.0
2021-22,14:5,grapes,0.0
2021-22,14:6,grapes,0.0
2021-22,15:1,grapes,0.0
2021-22,15:2,grapes,0.0
2021-22,15:3,grapes,0.0
2021-22,15:4,grapes,0.0
2021-22,15:5,grapes,0.0
2021-22,15:6,grapes,0.0
2021-22,15:7,grapes,0.0
2021-22,16:1,grapes,0.0
2021-22,16:2,grapes,0.0
2021-22,16:3,grapes,0.0
2021-22,17:1,grapes,0.0
2021-22,17:2,grapes,0.0
2021-22,17:3,grapes,0.0
2021-22,17:4,grapes,0.0
2021-22,17:5,grapes,3.0
2021-22,17:6,grapes,0.0
2021-22,17:7,grapes,0.0
2021-22,18:1,grapes,0.0
2021-22,18:10,grapes,0.0
2021-22,18:2,grapes,2.0
2021-22,18:3,grapes,6.0
2021-22,18:4,grapes,36.0
2021-22,18:5,grapes,0.0
2021-22,18:6,grapes,0.0
2021-22,18:7,grapes,0.0
2021-22,18:8,grapes,0.0
2021-22,18:9,grapes,0.0
2021-22,19:10,grapes,7.0
2021-22,19:11,grapes,3.0
2021-22,19:7,grapes,0.0
2021-22,19:8,grapes,17.0
2021-22,19:9,grapes,14.0
2021-22,1:1,grapes,40.4
2021-22,1:10,grapes,163.0
2021-22,1:2,grapes,5021.5
2021-22,1:3,grapes,39.7
2021-22,1:4,grapes,34.0
2021-22,1:5,grapes,1.9
2021-22,1:6,grapes,0.0
2021-22,1:7,grapes,0.0
2021-22,1:8,grapes,0.0
2021-22,1:9,grapes,6.2
2021-22,20:1,grapes,403.0
2021-22,20:2,grapes,3.0
2021-22,20:3,grapes,51.0
2021-22,20:4,grapes,40.0
2021-22,21:1,grapes,0.0
2021-22,21:2,grapes,538.0
2021-22,21:3,grapes,1514.0
2021-22,21:4,grapes,144.0
2021-22,22:1,grapes,0.5
2021-22,22:2,grapes,0.0
2021-22,22:3,grapes,0.0
2021-22,22:4,grapes,0.8
2021-22,22:5,grapes,0.0
2021-22,22:6,grapes,0.0
2021-22,22:7,grapes,0.2
2021-22,23:1,grapes,0.0
2021-22,23:2,grapes,0.0
2021-22,23:3,grapes,0.0
2021-22,23:4,grapes,0.0
2021-22,23:5,grapes,0.0
2021-22,23:6,grapes,0.0
2021-22,23:7,grapes,0.0
2021-22,23:8,grapes,0.0
2021-22,24:1,grapes,0.0
2021-22,24:2,grapes,0.0
2021-22,24:3,grapes,0.0
2021-22,24:4,grapes,0.0
2021-22,24:5,grapes,0.0
2021-22,25:1,grapes,0.0
2021-22,25:2,grapes,0.0
2021-22,25:3,grapes,0.0
2021-22,26:1,grapes,0.0
2021-22,26:2,grapes,0.0
2021-22,26:3,grapes,0.0
2021-22,26:4,grapes,0.0
2021-22,26:5,grapes,0.0
2021-22,26:6,grapes,0.0
2021-22,26:7,grapes,0.0
2021-22,27:1,grapes,0.0
2021-22,27:2,grapes,2.0
2021-22,27:3,grapes,0.0
2021-22,27:4,grapes,0.0
2021-22,28:5,grapes,3.0
2021-22,28:6,grapes,0.0
2021-22,28:7,grapes,1.0
2021-22,28:8,grapes,2.0
2021-22,29:1,grapes,69.6
2021-22,29:2,grapes,2022.2
2021-22,29:3,grapes,122.6
2021-22,29:4,grapes,48.3
2021-22,29:5,grapes,506.0
2021-22,29:6,grapes,22.0
2021-22,2:1,grapes,2735.0
2021-22,2:2,grapes,142.0
2021-22,2:3,grapes,115.0
2021-22,2:4,grapes,31.0
2021-22,2:5,grapes,175.0
2021-22,2:6,grapes,10.0
2021-22,30:10,grapes,0.0
2021-22,30:8,grapes,64.0
2021-22,30:9,grapes,3.0
2021-22,3:1,grapes,11275.6
2021-22,3:2,grapes,2778.4
2021-22,3:3,grapes,1223.3
2021-22,3:4,grapes,1528.1
2021-22,3:5,grapes,317.6
2021-22,4:2+1,grapes,396.0
2021-22,4:3,grapes,35.8
2021-22,4:4,grapes,33.1
2021-22,4:5,grapes,0.0
2021-22,4:6,grapes,0.0
2021-22,4:7,grapes,9.2
2021-22,5:1,grapes,2.0
2021-22,5:2,grapes,0.0
2021-22,5:3,grapes,2.0
2021-22,5:4,grapes,20.0
2021-22,5:5,grapes,75.0
2021-22,6:1,grapes,2.0
2021-22,6:2,grapes,0.0
2021-22,6:3,grapes,0.0
2021-22,6:4,grapes,2.0
2021-22,6:5,grapes,0.0
2021-22,7:1,grapes,123.0
2021-22,7:2,grapes,122.0
2021-22,7:3,grapes,74.0
2021-22,7:4,grapes,11.0
2021-22,8:1,grapes,0.0
2021-22,8:2,grapes,8.9
2021-22,8:3,grapes,20.6
2021-22,8:4,grapes,0.0
2021-22,8:5,grapes,17.0
2021-22,9:1,grapes,0.0
2021-22,9:2,grapes,0.0
2021-22,9:3,grapes,0.0
2021-22,9:4,grapes,0.0
2021-22,9:5,grapes,0.0
2021-22,10:1,pomegranate,0.0
2021-22,10:10,pomegranate,0.0
2021-22,10:11,pomegranate,0.0
2021-22,10:2,pomegranate,0.0
2021-22,10:3,pomegranate,0.0
2021-22,10:4,pomegranate,0.0
2021-22,10:5,pomegranate,0.0
2021-22,10:6,pomegranate,0.0
2021-22,10:7,pomegranate,0.0
2021-22,10:8,pomegranate,0.0
2021-22,10:9,pomegranate,0.0
2021-22,11:1,pomegranate,1.0
2021-22,11:2,pomegranate,8.0
2021-22,11:3,pomegranate,1.0
2021-22,11:4,pomegranate,61.0
2021-22,11:5,pomegranate,3.0
2021-22,11:6,pomegranate,3.0
2021-22,11:7,pomegranate,6.0
2021-22,12:1,pomegranate,530.0
2021-22,12:2,pomegranate,2704.0
2021-22,12:3,pomegranate,89.0
2021-22,12:4,pomegranate,79.0
2021-22,12:5,pomegranate,480.0
2021-22,12:6,pomegranate,131.0
2021-22,12:7,pomegranate,494.0
2021-22,13:1,pomegranate,301.0
2021-22,13:2,pomegranate,1313.0
2021-22,13:3,pomegranate,60.0
2021-22,13:4,pomegranate,5.0
2021-22,13:5,pomegranate,1086.0
2021-22,13:6,pomegranate,1596.0
2021-22,14:1,pomegranate,7.0
2021-22,14:2,pomegranate,177.0
2021-22,14:3,pomegranate,322.0
2021-22,14:4,pomegranate,54.0
2021-22,14:5,pomegranate,9.0
2021-22,14:6,pomegranate,17.0
2021-22,15:1,pomegranate,0.0
2021-22,15:2,pomegranate,0.0
2021-22,15:3,pomegranate,0.0
2021-22,15:4,pomegranate,2.0
2021-22,15:5,pomegranate,0.0
2021-22,15:6,pomegranate,2.0
2021-22,15:7,pomegranate,0.0
2021-22,16:1,pomegranate,0.0
2021-22,16:2,pomegranate,0.0
2021-22,16:3,pomegranate,0.0
2021-22,17:1,pomegranate,0.0
2021-22,17:2,pomegranate,0.0
2021-22,17:3,pomegranate,0.0
2021-22,17:4,pomegranate,32.0
2021-22,17:5,pomegranate,209.0
2021-22,17:6,pomegranate,5.0
2021-22,17:7,pomegranate,0.0
2021-22,18:1,pomegranate,204.0
2021-22,18:10,pomegranate,3.0
2021-22,18:2,pomegranate,2370.0
2021-22,18:3,pomegranate,514.0
2021-22,18:4,pomegranate,177.0
2021-22,18:5,pomegranate,11.0
2021-22,18:6,pomegranate,13.0
2021-22,18:7,pomegranate,73.0
2021-22,18:8,pomegranate,94.0
2021-22,18:9,pomegranate,10.0
2021-22,19:10,pomegranate,82.0
2021-22,19:11,pomegranate,31.0
2021-22,19:7,pomegranate,29.0
2021-22,19:8,pomegranate,51.0
2021-22,19:9,pomegranate,16.0
2021-22,1:1,pomegranate,31.0
2021-22,1:10,pomegranate,173.0
2021-22,1:2,pomegranate,742.0
2021-22,1:3,pomegranate,3.0
2021-22,1:4,pomegranate,29.0
2021-22,1:5,pomegranate,3.0
2021-22,1:6,pomegranate,0.0
2021-22,1:7,pomegranate,0.0
2021-22,1:8,pomegranate,0.0
2021-22,1:9,pomegranate,18.0
2021-22,20:1,pomegranate,53.0
2021-22,20:2,pomegranate,0.0
2021-22,20:3,pomegranate,4.0
2021-22,20:4,pomegranate,4.0
2021-22,21:1,pomegranate,12.0
2021-22,21:2,pomegranate,30.0
2021-22,21:3,pomegranate,150.0
2021-22,21:4,pomegranate,13.0
2021-22,22:1,pomegranate,4.1
2021-22,22:2,pomegranate,2.9
2021-22,22:3,pomegranate,1.3
2021-22,22:4,pomegranate,3.1
2021-22,22:5,pomegranate,2.4
2021-22,22:6,pomegranate,0.0
2021-22,22:7,pomegranate,16.5
2021-22,23:1,pomegranate,0.0
2021-22,23:2,pomegranate,3.0
2021-22,23:3,pomegranate,394.0
2021-22,23:4,pomegranate,10.0
2021-22,23:5,pomegranate,0.0
2021-22,23:6,pomegranate,3.0
2021-22,23:7,pomegranate,0.0
2021-22,23:8,pomegranate,0.0
2021-22,24:1,pomegranate,0.0
2021-22,24:2,pomegranate,0.0
2021-22,24:3,pomegranate,0.0
2021-22,24:4,pomegranate,0.0
2021-22,24:5,pomegranate,0.0
2021-22,25:1,pomegranate,0.0
2021-22,25:2,pomegranate,5.0
2021-22,25:3,pomegranate,1.0
2021-22,26:1,pomegranate,0.0
2021-22,26:2,pomegranate,0.0
2021-22,26:3,pomegranate,1.0
2021-22,26:4,pomegranate,4.0
2021-22,26:5,pomegranate,5.0
2021-22,26:6,pomegranate,43.0
2021-22,26:7,pomegranate,4.0
2021-22,27:1,pomegranate,9.0
2021-22,27:2,pomegranate,7.0
2021-22,27:3,pomegranate,0.0
2021-22,27:4,pomegranate,25.0
2021-22,28:5,pomegranate,11.0
2021-22,28:6,pomegranate,4.0
2021-22,28:7,pomegranate,3.0
2021-22,28:8,pomegranate,20.0
2021-22,29:1,pomegranate,78.0
2021-22,29:2,pomegranate,112.0
2021-22,29:3,pomegranate,8.0
2021-22,29:4,pomegranate,87.0
2021-22,29:5,pomegranate,79.0
2021-22,29:6,pomegranate,122.0
2021-22,2:1,pomegranate,390.0
2021-22,2:2,pomegranate,363.0
2021-22,2:3,pomegranate,365.0
2021-22,2:4,pomegranate,347.0
2021-22,2:5,pomegranate,1750.0
2021-22,2:6,pomegranate,83.0
2021-22,30:10,pomegranate,0.0
2021-22,3:1,pomegranate,1637.0
2021-22,3:2,pomegranate,2628.0
2021-22,3:3,pomegranate,371.0
2021-22,3:4,pomegranate,104.0
2021-22,3:5,pomegranate,81.0
2021-22,4:2+1,pomegranate,83.0
2021-22,4:3,pomegranate,11.0
2021-22,4:4,pomegranate,3.0
2021-22,4:5,pomegranate,12.0
2021-22,4:6,pomegranate,9.0
2021-22,4:7,pomegranate,4.0
2021-22,5:1,pomegranate,7.0
2021-22,5:2,pomegranate,49.0
2021-22,5:3,pomegranate,2.0
2021-22,5:4,pomegranate,9.0
2021-22,5:5,pomegranate,15.0
2021-22,6:1,pomegranate,1422.0
2021-22,6:2,pomegranate,67.0
2021-22,6:3,pomegranate,26.0
2021-22,6:4,pomegranate,39.0
2021-22,6:5,pomegranate,53.0
2021-22,7:1,pomegranate,81.0
2021-22,7:2,pomegranate,341.0
2021-22,7:3,pomegranate,292.0
2021-22,7:4,pomegranate,206.0
2021-22,8:1,pomegranate,0.0
2021-22,8:2,pomegranate,20.0
2021-22,8:3,pomegranate,39.0
2021-22,8:4,pomegranate,45.0
2021-22,8:5,pomegranate,35.0
2021-22,9:1,pomegranate,0.6
2021-22,9:2,pomegranate,4.7
2021-22,9:3,pomegranate,0.0
2021-22,9:4,pomegranate,0.0
2021-22,9:5,pomegranate,1.1
2021-22,10:10,tomato,0.0
2021-22,10:11,tomato,0.0
2021-22,10:2,tomato,0.0
2021-22,10:3,tomato,29.0
2021-22,10:5,tomato,2.0
2021-22,10:7,tomato,0.0
2021-22,10:8,tomato,0.0
2021-22,10:9,tomato,0.0
2021-22,11:1,tomato,64.0
2021-22,11:2,tomato,79.0
2021-22,11:3,tomato,127.0
2021-22,11:4,tomato,435.0
2021-22,11:5,tomato,699.0
2021-22,11:6,tomato,1021.0
2021-22,11:7,tomato,735.0
2021-22,12:1,tomato,150.0
2021-22,12:2,tomato,347.0
2021-22,12:3,tomato,15.0
2021-22,12:4,tomato,10.0
2021-22,12:5,tomato,41.0
2021-22,12:6,tomato,242.0
2021-22,12:7,tomato,1083.0
2021-22,13:1,tomato,524.0
2021-22,13:2,tomato,1987.0
2021-22,13:3,tomato,562.0
2021-22,13:4,tomato,80.0
2021-22,13:5,tomato,223.0
2021-22,13:6,tomato,1014.0
2021-22,14:1,tomato,75.0
2021-22,14:2,tomato,775.0
2021-22,14:3,tomato,659.0
2021-22,14:4,tomato,667.0
2021-22,14:5,tomato,408.0
2021-22,14:6,tomato,18.0
2021-22,15:1,tomato,0.0
2021-22,15:2,tomato,7.0
2021-22,15:3,tomato,103.0
2021-22,15:4,tomato,0.0
2021-22,15:5,tomato,0.0
2021-22,15:6,tomato,36.0
2021-22,15:7,tomato,1.0
2021-22,16:1,tomato,0.0
2021-22,16:2,tomato,0.0
2021-22,16:3,tomato,0.0
2021-22,17:2,tomato,0.0
2021-22,17:4,tomato,199.0
2021-22,17:5,tomato,639.0
2021-22,17:6,tomato,553.0
2021-22,17:7,tomato,0.0
2021-22,18:1,tomato,21.0
2021-22,18:10,tomato,112.0
2021-22,18:2,tomato,166.0
2021-22,18:3,tomato,3009.0
2021-22,18:4,tomato,88.0
2021-22,18:5,tomato,34.0
2021-22,18:6,tomato,121.0
2021-22,18:7,tomato,97.0
2021-22,18:8,tomato,62.0
2021-22,18:9,tomato,23.0
2021-22,19:10,tomato,3407.0
2021-22,19:11,tomato,4945.0
2021-22,19:7,tomato,5101.0
2021-22,19:8,tomato,3677.0
2021-22,19:9,tomato,2800.0
2021-22,1:1,tomato,205.0
2021-22,1:10,tomato,60.0
2021-22,1:2,tomato,69.0
2021-22,1:3,tomato,59.0
2021-22,1:4,tomato,181.0
2021-22,1:5,tomato,368.0
2021-22,1:6,tomato,551.0
2021-22,1:7,tomato,27.0
2021-22,1:8,tomato,677.0
2021-22,1:9,tomato,567.0
2021-22,20:1,tomato,132.0
2021-22,20:2,tomato,106.0
2021-22,20:3,tomato,269.0
2021-22,20:4,tomato,23.0
2021-22,21:1,tomato,273.0
2021-22,21:2,tomato,401.0
2021-22,21:3,tomato,255.0
2021-22,21:4,tomato,727.0
2021-22,22:1,tomato,128.3
2021-22,22:2,tomato,357.2
2021-22,22:3,tomato,1197.2
2021-22,22:4,tomato,334.0
2021-22,22:5,tomato,480.0
2021-22,22:6,tomato,108.4
2021-22,22:7,tomato,900.4
2021-22,23:1,tomato,0.0
2021-22,23:2,tomato,198.0
2021-22,23:3,tomato,677.0
2021-22,23:4,tomato,193.0
2021-22,23:5,tomato,0.0
2021-22,23:6,tomato,4.0
2021-22,23:7,tomato,46.0
2021-22,23:8,tomato,46.0
2021-22,24:1,tomato,0.0
2021-22,24:2,tomato,0.0
2021-22,26:1,tomato,87.0
2021-22,26:2,tomato,540.0
2021-22,26:3,tomato,546.0
2021-22,26:4,tomato,1718.0
2021-22,26:5,tomato,900.0
2021-22,26:6,tomato,1646.0
2021-22,26:7,tomato,307.0
2021-22,27:1,tomato,2898.0
2021-22,27:2,tomato,1953.0
2021-22,27:3,tomato,42.0
2021-22,27:4,tomato,629.0
2021-22,28:5,tomato,100.0
2021-22,28:6,tomato,66.0
2021-22,28:7,tomato,76.0
2021-22,28:8,tomato,78.0
2021-22,29:1,tomato,999.0
2021-22,29:2,tomato,504.0
2021-22,29:3,tomato,222.0
2021-22,29:4,tomato,2183.0
2021-22,29:5,tomato,1418.0
2021-22,29:6,tomato,5150.0
2021-22,2:1,tomato,83.0
2021-22,2:2,tomato,14.0
2021-22,2:3,tomato,41.0
2021-22,2:4,tomato,195.0
2021-22,2:5,tomato,135.0
2021-22,2:6,tomato,74.0
2021-22,30:10,tomato,146.0
2021-22,30:8,tomato,78.0
2021-22,30:9,tomato,250.0
2021-22,3:1,tomato,217.0
2021-22,3:2,tomato,452.0
2021-22,3:3,tomato,156.0
2021-22,3:4,tomato,122.0
2021-22,3:5,tomato,99.0
2021-22,4:2+1,tomato,760.0
2021-22,4:3,tomato,255.0
2021-22,4:4,tomato,205.0
2021-22,4:5,tomato,52.0
2021-22,4:6,tomato,240.0
2021-22,4:7,tomato,272.0
2021-22,5:1,tomato,474.0
2021-22,5:2,tomato,333.0
2021-22,5:3,tomato,150.0
2021-22,5:4,tomato,387.0
2021-22,5:5,tomato,143.0
2021-22,6:1,tomato,194.0
2021-22,6:2,tomato,51.0
2021-22,6:3,tomato,172.0
2021-22,6:4,tomato,33.0
2021-22,6:5,tomato,2.0
2021-22,7:1,tomato,875.0
2021-22,7:2,tomato,502.0
2021-22,7:3,tomato,216.0
2021-22,7:4,tomato,661.0
2021-22,8:1,tomato,70.0
2021-22,8:2,tomato,7.0
2021-22,8:3,tomato,211.0
2021-22,8:4,tomato,605.0
2021-22,8:5,tomato,57.0
2021-22,9:1,tomato,352.5
2021-22,9:2,tomato,1.3
2021-22,9:3,tomato,70.3
2021-22,9:4,tomato,197.7
2021-22,9:5,tomato,26.3
2021-22,10:1,onion,0.0
2021-22,10:10,onion,0.0
2021-22,10:11,onion,0.0
2021-22,10:3,onion,0.0
2021-22,10:5,onion,0.0
2021-22,10:6,onion,0.0
2021-22,10:7,onion,0.0
2021-22,10:8,onion,34.0
2021-22,10:9,onion,0.0
2021-22,11:1,onion,6.0
2021-22,11:2,onion,113.0
2021-22,11:3,onion,8.0
2021-22,11:4,onion,489.0
2021-22,11:5,onion,40.0
2021-22,11:6,onion,56.0
2021-22,11:7,onion,3308.0
2021-22,12:1,onion,1920.0
2021-22,12:2,onion,1913.0
2021-22,12:3,onion,12.0
2021-22,12:4,onion,97.0
2021-22,12:5,onion,31.0
2021-22,12:6,onion,2000.0
2021-22,12:7,onion,3960.0
2021-22,13:1,onion,700.0
2021-22,13:2,onion,12162.0
2021-22,13:3,onion,11200.0
2021-22,13:4,onion,1667.0
2021-22,13:5,onion,1647.0
2021-22,13:6,onion,10734.0
2021-22,14:1,onion,40.0
2021-22,14:2,onion,5944.0
2021-22,14:3,onion,6474.0
2021-22,14:4,onion,152.0
2021-22,14:5,onion,407.0
2021-22,14:6,onion,216.0
2021-22,15:1,onion,0.0
2021-22,15:2,onion,0.0
2021-22,15:3,onion,4.0
2021-22,15:4,onion,0.0
2021-22,15:5,onion,0.0
2021-22,15:6,onion,0.0
2021-22,15:7,onion,0.0
2021-22,16:1,onion,0.0
2021-22,16:2,onion,0.0
2021-22,16:3,onion,0.0
2021-22,17:4,onion,5282.0
2021-22,17:5,onion,1922.0
2021-22,17:6,onion,764.0
2021-22,18:1,onion,48.0
2021-22,18:10,onion,3.0
2021-22,18:2,onion,574.0
2021-22,18:3,onion,43.0
2021-22,18:4,onion,11.0
2021-22,18:5,onion,0.0
2021-22,18:6,onion,0.0
2021-22,18:7,onion,5.0
2021-22,18:8,onion,1.0
2021-22,18:9,onion,0.0
2021-22,19:10,onion,0.0
2021-22,19:11,onion,0.0
2021-22,19:7,onion,0.0
2021-22,19:8,onion,0.0
2021-22,19:9,onion,0.0
2021-22,1:1,onion,186.0
2021-22,1:10,onion,7192.0
2021-22,1:2,onion,432.0
2021-22,1:3,onion,71.0
2021-22,1:4,onion,826.0
2021-22,1:5,onion,80.0
2021-22,1:6,onion,20.0
2021-22,1:7,onion,10.0
2021-22,1:8,onion,42.0
2021-22,1:9,onion,3963.0
2021-22,20:1,onion,0.0
2021-22,20:2,onion,0.0
2021-22,20:3,onion,10.0
2021-22,20:4,onion,1.0
2021-22,21:1,onion,2.0
2021-22,21:2,onion,36.0
2021-22,21:3,onion,5.0
2021-22,21:4,onion,10.0
2021-22,22:1,onion,0.5
2021-22,22:2,onion,274.8
2021-22,22:3,onion,6.2
2021-22,22:4,onion,0.4
2021-22,22:5,onion,39.7
2021-22,22:6,onion,0.5
2021-22,22:7,onion,5.5
2021-22,23:1,onion,0.0
2021-22,23:2,onion,117.0
2021-22,23:3,onion,354.0
2021-22,23:4,onion,24.0
2021-22,23:5,onion,0.0
2021-22,23:6,onion,0.0
2021-22,23:7,onion,0.0
2021-22,23:8,onion,0.0
2021-22,24:1,onion,0.0
2021-22,24:2,onion,0.0
2021-22,25:2,onion,0.0
2021-22,26:1,onion,1.0
2021-22,26:2,onion,1.5
2021-22,26:3,onion,1.5
2021-22,26:4,onion,1.5
2021-22,26:5,onion,0.0
2021-22,26:6,onion,66.0
2021-22,26:7,onion,4.5
2021-22,27:1,onion,938.0
2021-22,27:2,onion,245.0
2021-22,27:3,onion,4.0
2021-22,27:4,onion,700.0
2021-22,28:5,onion,2.0
2021-22,28:6,onion,2.0
2021-22,28:7,onion,3.0
2021-22,28:8,onion,2.0
2021-22,29:1,onion,235.0
2021-22,29:2,onion,51.0
2021-22,29:3,onion,36.0
2021-22,29:4,onion,1286.0
2021-22,29:5,onion,341.0
2021-22,29:6,onion,729.0
2021-22,2:1,onion,1608.0
2021-22,2:2,onion,5599.0
2021-22,2:3,onion,12364.0
2021-22,2:4,onion,7216.0
2021-22,2:5,onion,9718.0
2021-22,2:6,onion,6098.0
2021-22,30:10,onion,400.0
2021-22,30:8,onion,229.0
2021-22,30:9,onion,182.0
2021-22,3:1,onion,11474.0
2021-22,3:2,onion,2339.0
2021-22,3:3,onion,2998.0
2021-22,3:4,onion,26880.0
2021-22,3:5,onion,1748.0
2021-22,4:2+1,onion,2120.0
2021-22,4:3,onion,1175.0
2021-22,4:4,onion,584.0
2021-22,4:5,onion,217.0
2021-22,4:6,onion,823.0
2021-22,4:7,onion,365.0
2021-22,5:1,onion,271.0
2021-22,5:2,onion,217.0
2021-22,5:3,onion,457.0
2021-22,5:4,onion,442.0
2021-22,5:5,onion,313.0
2021-22,6:1,onion,2034.0
2021-22,6:2,onion,697.0
2021-22,6:3,onion,156.0
2021-22,6:4,onion,95.0
2021-22,6:5,onion,57.0
2021-22,7:1,onion,7647.0
2021-22,7:2,onion,1285.0
2021-22,7:3,onion,200.0
2021-22,7:4,onion,1665.0
2021-22,8:1,onion,1865.0
2021-22,8:2,onion,12385.0
2021-22,8:3,onion,12903.0
2021-22,8:4,onion,983.0
2021-22,8:5,onion,336.0
2021-22,9:1,onion,2803.3
2021-22,9:2,onion,8562.7
2021-22,9:3,onion,2418.9
2021-22,9:4,onion,2.9
2021-22,9:5,onion,235.8
2021-22,10:1,potato,0.0
2021-22,10:10,potato,0.0
2021-22,10:11,potato,0.1
2021-22,10:2,potato,0.0
2021-22,10:3,potato,0.0
2021-22,10:4,potato,0.0
2021-22,10:5,potato,0.0
2021-22,10:6,potato,0.0
2021-22,10:7,potato,0.0
2021-22,10:8,potato,0.1
2021-22,10:9,potato,0.0
2021-22,11:1,potato,2.0
2021-22,11:2,potato,1.0
2021-22,11:3,potato,1.0
2021-22,11:4,potato,0.0
2021-22,11:5,potato,1.0
2021-22,11:6,potato,1.0
2021-22,11:7,potato,1.0
2021-22,12:1,potato,3.0
2021-22,12:2,potato,0.0
2021-22,12:3,potato,1.0
2021-22,12:4,potato,2.0
2021-22,12:5,potato,0.0
2021-22,12:6,potato,1.0
2021-22,12:7,potato,0.0
2021-22,13:1,potato,0.0
2021-22,13:2,potato,0.0
2021-22,13:3,potato,0.0
2021-22,13:4,potato,0.0
2021-22,13:5,potato,0.0
2021-22,13:6,potato,0.0
2021-22,14:1,potato,6.0
2021-22,14:2,potato,3.0
2021-22,14:3,potato,0.0
2021-22,14:4,potato,4.0
2021-22,14:5,potato,2.0
2021-22,14:6,potato,3.0
2021-22,15:1,potato,1.0
2021-22,15:2,potato,0.0
2021-22,15:3,potato,9.0
2021-22,15:4,potato,0.0
2021-22,15:5,potato,0.0
2021-22,15:6,potato,2.0
2021-22,15:7,potato,0.0
2021-22,16:1,potato,0.0
2021-22,16:2,potato,0.0
2021-22,16:3,potato,0.0
2021-22,17:4,potato,1959.0
2021-22,17:5,potato,473.0
2021-22,17:6,potato,708.0
2021-22,17:7,potato,0.0
2021-22,18:1,potato,0.0
2021-22,18:10,potato,0.0
2021-22,18:2,potato,0.0
2021-22,18:3,potato,0.0
2021-22,18:4,potato,10.0
2021-22,18:5,potato,0.0
2021-22,18:6,potato,3.0
2021-22,18:7,potato,0.0
2021-22,18:8,potato,1.0
2021-22,18:9,potato,1.0
2021-22,19:10,potato,1770.0
2021-22,19:11,potato,996.0
2021-22,19:7,potato,88.0
2021-22,19:8,potato,842.0
2021-22,19:9,potato,1794.0
2021-22,1:1,potato,2.0
2021-22,1:10,potato,2.0
2021-22,1:2,potato,0.0
2021-22,1:3,potato,2.0
2021-22,1:4,potato,5.0
2021-22,1:5,potato,22.0
2021-22,1:6,potato,2339.0
2021-22,1:7,potato,10.0
2021-22,1:8,potato,47.0
2021-22,1:9,potato,2.0
2021-22,20:1,potato,2.0
2021-22,20:2,potato,1.0
2021-22,20:3,potato,36.0
2021-22,20:4,potato,0.0
2021-22,21:1,potato,65.0
2021-22,21:2,potato,119.0
2021-22,21:3,potato,204.0
2021-22,21:4,potato,451.0
2021-22,22:1,potato,1.4
2021-22,22:2,potato,41.1
2021-22,22:3,potato,0.8
2021-22,22:4,potato,0.8
2021-22,22:5,potato,5.4
2021-22,22:6,potato,3.3
2021-22,22:7,potato,19.6
2021-22,23:1,potato,0.0
2021-22,23:2,potato,325.0
2021-22,23:3,potato,866.0
2021-22,23:4,potato,5434.0
2021-22,23:5,potato,57.0
2021-22,23:6,potato,2152.0
2021-22,23:7,potato,388.0
2021-22,23:8,potato,388.0
2021-22,24:1,potato,0.0
2021-22,24:2,potato,0.0
2021-22,24:3,potato,0.0
2021-22,24:4,potato,0.0
2021-22,24:5,potato,0.0
2021-22,25:2,potato,21.0
2021-22,25:3,potato,2.0
2021-22,26:1,potato,61.0
2021-22,26:2,potato,6.0
2021-22,26:3,potato,4.5
2021-22,26:4,potato,4.5
2021-22,26:5,potato,2.0
2021-22,26:6,potato,3.0
2021-22,26:7,potato,6.0
2021-22,27:1,potato,476.0
2021-22,27:2,potato,72.0
2021-22,27:3,potato,7.0
2021-22,27:4,potato,508.0
2021-22,28:5,potato,1.0
2021-22,28:6,potato,3.0
2021-22,28:7,potato,1.0
2021-22,28:8,potato,0.0
2021-22,29:1,potato,154.0
2021-22,29:2,potato,1465.0
2021-22,29:3,potato,431.0
2021-22,29:4,potato,686.0
2021-22,29:5,potato,828.0
2021-22,29:6,potato,145.0
2021-22,2:1,potato,1.0
2021-22,2:2,potato,0.0
2021-22,2:3,potato,0.0
2021-22,2:4,potato,1.0
2021-22,2:5,potato,0.0
2021-22,2:6,potato,0.0
2021-22,30:10,potato,2.0
2021-22,30:8,potato,43.0
2021-22,30:9,potato,3.0
2021-22,3:1,potato,5.0
2021-22,3:2,potato,7.0
2021-22,3:3,potato,4.0
2021-22,3:4,potato,3.0
2021-22,3:5,potato,0.0
2021-22,4:2+1,potato,6.0
2021-22,4:3,potato,0.0
2021-22,4:4,potato,47.0
2021-22,4:5,potato,0.0
2021-22,4:6,potato,2.0
2021-22,4:7,potato,5.0
2021-22,5:1,potato,86.0
2021-22,5:2,potato,10.0
2021-22,5:3,potato,2.0
2021-22,5:4,potato,102.0
2021-22,5:5,potato,25.0
2021-22,6:1,potato,22.0
2021-22,6:2,potato,11.0
2021-22,6:3,potato,14.0
2021-22,6:4,potato,2.0
2021-22,6:5,potato,11.0
2021-22,7:1,potato,0.0
2021-22,7:2,potato,1.0
2021-22,7:3,potato,7.0
2021-22,7:4,potato,10.0
2021-22,8:1,potato,0.0
2021-22,8:2,potato,0.0
2021-22,8:3,potato,1.0
2021-22,8:4,potato,0.0
2021-22,8:5,potato,0.0
2021-22,9:1,potato,1315.9
2021-22,9:2,potato,0.4
2021-22,9:3,potato,0.8
2021-22,9:4,potato,0.0
2021-22,9:5,potato,1.3
