District,Taluk,Census,Latitude,Longitude,pH,Nitrogen,Organic_Carbon,Clay,Sand,CEC,Temperature,Winter_Temperature,Humidity,Rainfall,Monsoon_Rain_Share,Post_Monsoon_Rain_Share,Dry_Months,Max_Temperature,Solar_Radiation,Elevation,Slope
CHIKMAGALUR,17:3,True,13.4533,75.4155,5.54,2.88,36.43,38.34,36.59,26.88,22.53,20.5,77.64,2460.4,0.819,0.102,5,39.03,18.72,905.0,5.65
CHIKMAGALUR,17:7,True,13.2806,75.3765,5.5,4.22,42.94,33.7,37.08,27.03,22.53,20.5,77.64,2460.4,0.819,0.102,5,39.03,18.72,1371.0,3.24
CHIKMAGALUR,17:7,True,13.2379,75.1736,5.5,3.65,42.06,31.0,37.73,24.65,26.74,26.33,76.55,3614.3,0.835,0.095,5,38.08,18.72,944.0,5.45
CHIKMAGALUR,17:5,True,13.6163,75.9627,6.95,1.02,10.57,33.2,41.63,28.15,23.65,21.88,68.79,1137.3,0.684,0.164,6,40.36,18.72,796.0,0.74
CHIKMAGALUR,17:6,True,13.3345,75.7621,6.02,1.54,15.74,33.56,38.81,34.32,22.53,20.5,77.64,2460.4,0.819,0.102,5,39.03,18.72,1041.0,0.68
CHIKMAGALUR,17:4,True,13.8218,76.0786,7.1,1.33,12.51,34.4,39.91,33.49,24.57,22.79,66.3,865.0,0.629,0.196,6,41.15,19.82,787.0,0.74
CHIKMAGALUR,17:4,True,13.7525,75.7958,6.69,0.97,10.51,33.39,41.2,26.69,23.87,21.87,73.34,1866.3,0.802,0.112,6,41.12,18.72,689.0,1.02
CHIKMAGALUR,17:7,True,13.1386,75.5062,5.45,3.45,39.09,33.43,39.79,27.12,23.41,22.06,78.12,2852.8,0.82,0.099,5,39.7,18.72,1017.0,11.73
CHIKMAGALUR,17:4,True,13.7343,75.8584,6.85,1.26,12.24,33.44,38.81,24.83,22.53,20.5,77.64,2460.4,0.819,0.102,5,39.03,18.72,691.0,0.73
CHIKMAGALUR,17:7,True,13.2527,75.3722,5.43,3.38,37.2,33.99,40.51,26.75,22.53,20.5,77.64,2460.4,0.819,0.102,5,39.03,18.72,932.0,10.0
CHIKMAGALUR,17:3,True,13.5484,75.4836,5.72,2.35,19.13,32.59,39.85,27.65,22.53,20.5,77.64,2460.4,0.819,0.102,5,39.03,18.72,722.0,0.46
CHIKMAGALUR,17:7,True,13.1921,75.4166,5.42,3.43,39.02,34.79,37.71,25.23,23.41,22.06,78.12,2852.8,0.82,0.099,5,39.7,18.72,1065.0,7.05
DAKSHIN KANNAD,,False,13.0592,74.7785,5.93,2.98,55.37,36.67,34.98,23.25,26.74,26.33,76.55,3614.3,0.835,0.095,5,38.08,19.02,0.0,0.31
DAKSHIN KANNAD,24:4,True,12.8407,75.3384,5.63,1.81,20.32,29.58,46.88,16.31,23.41,22.06,78.12,2852.8,0.82,0.099,5,39.7,18.14,105.0,1.43
DAKSHIN KANNAD,24:4,True,12.8065,75.5183,5.59,2.0,22.87,31.45,50.46,15.42,23.41,22.06,78.12,2852.8,0.82,0.099,5,39.7,18.14,248.0,1.44
DAKSHIN KANNAD,24:2,True,12.6904,75.0665,5.63,2.04,27.46,33.15,46.61,18.49,27.08,26.85,77.98,3521.1,0.795,0.113,4,36.03,18.14,105.0,4.45
DAKSHIN KANNAD,24:1,True,13.0005,74.9006,5.65,2.04,27.41,40.21,45.4,21.01,26.74,26.33,76.55,3614.3,0.835,0.095,5,38.08,19.02,47.0,3.76
DAKSHIN KANNAD,24:3,True,13.0467,75.2856,5.59,3.61,24.34,31.85,49.49,18.69,26.74,26.33,76.55,3614.3,0.835,0.095,5,38.08,18.72,180.0,7.72
DAKSHIN KANNAD,24:5,True,12.6178,75.4108,5.59,1.77,21.57,28.77,51.94,14.32,23.82,23.05,79.01,2994.4,0.793,0.112,4,38.9,18.14,139.0,1.9
DAKSHIN KANNAD,24:1,True,12.9561,74.9061,5.92,2.0,28.5,37.64,46.01,20.46,26.74,26.33,76.55,3614.3,0.835,0.095,5,38.08,19.05,11.0,2.22
DAKSHIN KANNAD,24:1,True,12.9442,74.8503,6.13,2.08,34.68,39.04,36.35,21.96,26.74,26.33,76.55,3614.3,0.835,0.095,5,38.08,19.05,21.0,1.42
DAKSHIN KANNAD,24:2,True,12.8765,75.1045,5.69,2.02,31.19,37.15,42.12,19.49,26.74,26.33,76.55,3614.3,0.835,0.095,5,38.08,18.14,13.0,1.32
DAKSHIN KANNAD,24:2,True,12.7773,75.1396,5.67,2.03,24.23,34.31,42.77,20.41,26.74,26.33,76.55,3614.3,0.835,0.095,5,38.08,18.14,70.0,0.33
DAKSHIN KANNAD,24:5,True,12.6208,75.6105,5.58,2.7,25.24,28.55,48.32,14.95,23.82,23.05,79.01,2994.4,0.793,0.112,4,38.9,18.14,123.0,1.27
DAVANGERE,14:2,True,14.7122,75.8473,7.64,0.99,9.63,40.25,31.9,35.7,24.92,23.46,67.99,1365.1,0.768,0.129,6,42.2,19.76,546.0,0.48
DAVANGERE,14:1,True,14.4418,75.8347,6.79,1.04,10.08,37.44,37.43,24.94,24.92,23.46,67.99,1365.1,0.768,0.129,6,42.2,19.76,573.0,0.6
DAVANGERE,14:6,True,13.8701,75.8989,6.56,1.33,17.12,32.68,43.06,20.95,23.87,21.87,73.34,1866.3,0.802,0.112,6,41.12,18.72,774.0,0.58
DAVANGERE,14:2,True,14.7052,75.7628,7.54,0.99,10.08,41.97,32.72,24.59,24.92,23.46,67.99,1365.1,0.768,0.129,6,42.2,19.76,527.0,0.41
DAVANGERE,14:6,True,14.2542,75.8143,6.75,1.06,11.23,34.22,45.38,20.12,24.92,23.46,67.99,1365.1,0.768,0.129,6,42.2,19.76,594.0,1.05
DAVANGERE,14:3,True,14.6527,76.2634,7.24,1.08,14.29,35.52,35.18,42.6,25.16,23.39,64.13,702.4,0.583,0.22,6,41.6,20.22,633.0,0.98
DAVANGERE,14:5,True,14.1011,75.4618,6.56,1.49,15.71,34.93,36.91,26.95,23.87,21.87,73.34,1866.3,0.802,0.112,6,41.12,19.76,726.0,2.99
DAVANGERE,14:3,True,14.5169,76.3554,7.22,1.05,11.64,34.39,37.08,40.1,25.16,23.39,64.13,702.4,0.583,0.22,6,41.6,20.22,666.0,0.7
DAVANGERE,14:5,True,14.0922,75.5344,6.67,0.93,10.01,36.17,38.58,27.76,23.87,21.87,73.34,1866.3,0.802,0.112,6,41.12,19.76,615.0,0.85
DAVANGERE,14:2,True,14.6495,76.119,7.25,0.98,9.53,38.41,32.73,42.51,25.16,23.39,64.13,702.4,0.583,0.22,6,41.6,20.22,595.0,0.81
DAVANGERE,14:6,True,14.0937,75.868,6.83,1.18,11.84,34.57,44.37,22.58,23.87,21.87,73.34,1866.3,0.802,0.112,6,41.12,19.76,631.0,0.52
DAVANGERE,14:1,True,14.3997,75.7074,6.94,1.02,10.09,38.06,35.81,24.63,24.92,23.46,67.99,1365.1,0.768,0.129,6,42.2,19.76,580.0,0.1
GADAG,8:5,True,15.1289,75.7316,7.76,1.12,12.36,35.09,33.83,37.94,25.49,23.83,63.97,800.7,0.658,0.177,6,42.13,19.53,674.0,1.04
GADAG,8:4,True,15.1314,75.7067,7.9,0.99,10.75,37.4,29.37,41.58,25.49,23.83,63.97,800.7,0.658,0.177,6,42.13,19.53,558.0,0.36
GADAG,8:3,True,15.2729,75.4478,7.79,1.18,13.3,39.54,29.6,43.29,25.6,23.63,61.26,680.1,0.647,0.178,6,42.37,19.53,634.0,0.36
GADAG,8:2,True,15.6126,75.6852,7.64,1.04,18.94,34.53,33.91,38.04,25.6,23.63,61.26,680.1,0.647,0.178,6,42.37,19.53,592.0,0.52
GADAG,8:2,True,15.667,75.769,7.45,0.9,11.64,30.08,38.91,32.74,25.6,23.63,61.26,680.1,0.647,0.178,6,42.37,19.53,590.0,0.28
GADAG,8:4,True,15.0182,75.7323,7.93,0.97,24.99,39.88,25.99,42.86,25.49,23.83,63.97,800.7,0.658,0.177,6,42.13,19.53,550.0,0.62
GADAG,8:2,True,15.6419,75.7702,7.52,0.94,12.07,32.52,37.97,31.52,25.6,23.63,61.26,680.1,0.647,0.178,6,42.37,19.53,598.0,0.39
GADAG,8:3,True,15.4526,75.5497,7.63,1.0,12.6,32.42,37.03,34.03,25.6,23.63,61.26,680.1,0.647,0.178,6,42.37,19.53,645.0,0.67
GADAG,8:5,True,15.1698,75.8658,7.7,1.1,13.69,31.71,34.13,37.19,25.49,23.83,63.97,800.7,0.658,0.177,6,42.13,19.53,535.0,0.91
GADAG,8:2,True,15.7815,75.6617,7.57,0.86,21.01,32.5,39.0,33.59,26.07,23.83,58.12,590.4,0.659,0.176,6,43.05,19.53,558.0,0.54
GADAG,8:4,True,15.1186,75.5692,7.87,1.1,13.53,39.76,29.21,45.69,25.49,23.83,63.97,800.7,0.658,0.177,6,42.13,19.53,580.0,0.33
GADAG,8:4,True,15.0676,75.6968,7.63,0.99,10.83,37.33,31.04,42.52,25.49,23.83,63.97,800.7,0.658,0.177,6,42.13,19.53,607.0,5.73
MANDYA,22:6,True,12.7624,77.0293,6.66,0.89,9.68,36.61,40.85,17.51,24.11,22.5,67.12,880.9,0.546,0.222,5,40.63,19.73,680.0,0.38
MANDYA,22:1,True,12.6769,76.3968,6.97,1.23,13.99,36.96,36.6,24.84,23.2,22.02,73.35,1604.3,0.717,0.143,4,39.89,19.49,795.0,1.05
MANDYA,22:2,True,12.8249,76.8047,6.79,1.09,13.49,33.79,44.06,25.28,24.11,22.5,67.12,880.9,0.546,0.222,5,40.63,19.49,760.0,0.69
MANDYA,22:3,True,12.5262,76.7184,6.56,1.35,14.0,35.69,38.66,23.8,24.52,23.11,67.75,883.0,0.534,0.232,4,41.44,19.49,718.0,0.73
MANDYA,22:6,True,12.5128,77.0287,6.59,1.45,15.11,37.13,32.91,25.2,24.52,23.11,67.75,883.0,0.534,0.232,4,41.44,19.73,621.0,0.23
MANDYA,22:5,True,12.5898,76.9482,6.69,1.19,13.34,34.7,36.14,23.35,24.52,23.11,67.75,883.0,0.534,0.232,4,41.44,19.49,670.0,0.74
MANDYA,22:5,True,12.5059,76.7861,6.8,0.99,10.15,34.43,39.13,28.11,24.52,23.11,67.75,883.0,0.534,0.232,4,41.44,19.49,748.0,1.18
MANDYA,22:2,True,12.8491,76.859,6.82,1.02,10.15,34.12,43.74,24.68,24.11,22.5,67.12,880.9,0.546,0.222,5,40.63,19.49,736.0,0.69
MANDYA,22:3,True,12.5203,76.5776,7.07,1.26,12.96,33.5,39.18,28.33,24.52,23.11,67.75,883.0,0.534,0.232,4,41.44,19.49,838.0,1.17
MANDYA,22:7,True,12.2736,77.0253,6.81,1.16,10.88,36.68,33.72,28.08,24.52,23.11,67.75,883.0,0.534,0.232,4,41.44,19.73,649.0,0.35
MANDYA,22:4,True,12.458,76.7957,6.85,1.21,9.82,36.2,37.08,27.25,24.52,23.11,67.75,883.0,0.534,0.232,4,41.44,19.49,740.0,1.18
MANDYA,22:1,True,12.5807,76.485,6.99,1.13,12.67,36.44,36.56,26.44,23.2,22.02,73.35,1604.3,0.717,0.143,4,39.89,19.49,774.0,1.03
GULBARGA,4:2+1,True,17.1342,76.5803,7.47,0.96,12.03,44.3,28.46,41.07,27.23,24.25,55.04,720.5,0.746,0.132,7,45.04,19.47,415.0,0.95
GULBARGA,4:7,True,17.065,76.6081,7.3,0.85,12.22,39.17,32.13,33.74,27.23,24.25,55.04,720.5,0.746,0.132,7,45.04,19.47,392.0,1.43
GULBARGA,4:6,True,17.0053,77.2221,6.89,1.24,9.71,35.64,42.19,27.88,26.66,23.74,57.53,777.7,0.752,0.127,7,44.7,19.29,533.0,1.0
GULBARGA,4:5,True,17.1496,77.3459,6.89,1.59,10.45,35.35,37.08,27.96,26.66,23.74,57.53,777.7,0.752,0.127,7,44.7,19.29,455.0,1.23
GULBARGA,4:4,True,17.5105,77.3015,6.82,1.16,12.0,37.92,32.66,32.71,26.11,22.97,57.34,831.4,0.773,0.117,7,44.4,19.29,482.0,4.35
GULBARGA,4:7,True,16.8918,76.6559,7.37,0.94,10.29,39.91,34.0,35.69,27.23,24.25,55.04,720.5,0.746,0.132,7,45.04,19.87,497.0,1.31
GULBARGA,4:2+1,True,17.1713,76.5865,7.23,0.99,11.58,42.05,29.54,38.19,27.23,24.25,55.04,720.5,0.746,0.132,7,45.04,19.47,413.0,1.05
GULBARGA,4:3,True,17.453,76.8045,7.05,1.25,11.66,35.85,34.14,35.54,26.58,23.47,55.25,770.7,0.765,0.125,7,44.6,19.47,508.0,0.67
GULBARGA,4:4,True,17.5493,77.3665,6.89,1.17,9.54,36.29,32.54,32.28,26.11,22.97,57.34,831.4,0.773,0.117,7,44.4,19.29,494.0,0.6
GULBARGA,4:7,True,17.06,76.5452,7.49,0.87,12.49,41.86,31.62,39.25,27.06,24.05,54.06,632.3,0.728,0.152,7,44.82,19.47,407.0,0.9
GULBARGA,4:7,True,16.9957,76.7776,7.2,0.82,9.51,37.88,36.59,28.55,27.23,24.25,55.04,720.5,0.746,0.132,7,45.04,19.87,428.0,0.74
GULBARGA,4:2+1,True,17.0774,76.5847,7.38,0.86,12.96,39.89,31.96,33.37,27.23,24.25,55.04,720.5,0.746,0.132,7,45.04,19.47,408.0,0.63
SHIMOGA,15:1,True,14.1013,74.7545,5.74,2.78,36.01,30.19,43.53,28.04,24.33,22.54,79.02,2754.3,0.846,0.092,5,40.38,19.17,580.0,5.19
SHIMOGA,15:6,True,13.9859,75.5378,6.51,1.04,10.39,34.66,37.78,26.98,23.87,21.87,73.34,1866.3,0.802,0.112,6,41.12,18.72,612.0,0.59
SHIMOGA,15:4,True,13.8459,75.1655,6.04,1.73,20.25,28.56,43.28,25.18,24.33,22.54,79.02,2754.3,0.846,0.092,5,40.38,18.72,644.0,0.64
SHIMOGA,15:1,True,14.0188,74.8297,6.02,2.06,22.66,26.13,46.23,29.27,24.33,22.54,79.02,2754.3,0.846,0.092,5,40.38,19.17,604.0,4.86
SHIMOGA,15:4,True,13.8407,74.9303,5.76,2.97,47.6,29.63,41.65,26.8,24.33,22.54,79.02,2754.3,0.846,0.092,5,40.38,19.02,576.0,1.66
SHIMOGA,15:3,True,14.2721,75.3353,6.42,1.5,13.45,35.22,37.3,35.48,24.92,23.46,67.99,1365.1,0.768,0.129,6,42.2,19.76,584.0,0.45
SHIMOGA,15:3,True,14.2989,75.3127,6.48,1.54,15.91,35.49,35.55,33.51,24.92,23.46,67.99,1365.1,0.768,0.129,6,42.2,19.76,650.0,0.9
SHIMOGA,15:4,True,14.0509,75.292,6.35,1.38,13.6,32.49,39.03,32.86,24.33,22.54,79.02,2754.3,0.846,0.092,5,40.38,19.76,670.0,1.81
SHIMOGA,15:4,True,13.9875,75.1017,5.95,1.85,20.17,28.59,42.74,26.31,24.33,22.54,79.02,2754.3,0.846,0.092,5,40.38,18.72,596.0,0.69
SHIMOGA,15:6,True,14.0539,75.4541,6.55,1.14,10.58,35.64,36.5,31.92,23.87,21.87,73.34,1866.3,0.802,0.112,6,41.12,19.76,654.0,0.56
SHIMOGA,15:5,True,13.6314,75.2738,5.58,2.01,22.3,31.45,42.57,25.26,25.38,24.34,77.32,3354.6,0.848,0.09,5,38.61,18.72,725.0,1.67
SHIMOGA,15:1,True,14.114,75.1925,6.21,1.48,15.15,29.82,43.57,32.28,24.33,22.54,79.02,2754.3,0.846,0.092,5,40.38,19.76,645.0,1.17
TUMKUR,18:6,True,13.4182,77.0704,6.63,0.94,10.32,27.9,52.21,15.66,24.29,22.48,65.46,798.0,0.542,0.233,5,40.72,20.19,799.0,0.55
TUMKUR,18:10,True,12.8376,77.1201,6.39,0.99,10.6,30.89,50.46,13.27,24.11,22.5,67.12,880.9,0.546,0.222,5,40.63,19.73,817.0,1.2
TUMKUR,18:2,True,13.9691,76.9863,7.16,1.17,12.4,43.08,31.56,39.84,25.15,23.04,63.39,683.6,0.537,0.244,6,41.44,19.82,624.0,0.56
TUMKUR,18:2,True,14.0384,76.9192,7.11,1.07,13.36,41.48,31.98,38.49,25.15,23.04,63.39,683.6,0.537,0.244,6,41.44,20.22,595.0,0.33
TUMKUR,18:9,True,13.2641,76.6754,6.67,0.97,11.26,31.81,50.45,19.85,24.29,22.48,65.46,798.0,0.542,0.233,5,40.72,19.82,807.0,0.78
TUMKUR,18:8,True,13.3711,76.3927,6.87,0.96,11.41,32.43,45.1,23.58,23.65,21.88,68.79,1137.3,0.684,0.164,6,40.36,19.82,796.0,0.7
TUMKUR,18:4,True,13.7021,77.404,6.9,1.42,11.4,38.05,42.96,29.06,24.02,21.74,66.33,800.0,0.529,0.257,5,40.42,20.19,660.0,0.26
TUMKUR,18:10,True,12.974,77.1046,6.49,1.26,10.91,29.19,52.27,15.03,24.11,22.5,67.12,880.9,0.546,0.222,5,40.63,19.73,850.0,1.57
TUMKUR,18:7,True,13.1179,76.9226,6.75,1.15,9.53,35.04,45.6,20.9,24.11,22.5,67.12,880.9,0.546,0.222,5,40.63,19.82,778.0,0.72
TUMKUR,18:5,True,13.4917,77.1613,6.59,1.05,10.68,28.43,55.33,17.51,24.29,22.48,65.46,798.0,0.542,0.233,5,40.72,20.19,826.0,0.74
TUMKUR,18:10,True,12.8519,77.0791,6.47,1.0,14.93,29.92,53.29,14.17,24.11,22.5,67.12,880.9,0.546,0.222,5,40.63,19.73,769.0,1.14
TUMKUR,18:4,True,13.7564,77.4088,6.94,1.07,10.49,35.6,46.2,23.54,25.39,22.89,63.31,715.1,0.543,0.261,5,41.9,20.19,644.0,0.21
UTTAR KANNAD,10:3,True,15.3164,74.6017,5.88,1.9,19.89,30.69,39.96,30.88,25.17,24.13,70.94,1889.4,0.854,0.085,6,42.39,18.63,494.0,0.79
UTTAR KANNAD,10:6,True,14.511,75.0212,6.28,1.37,12.73,31.13,41.51,32.67,24.39,22.64,74.71,1885.8,0.821,0.105,6,41.54,19.76,554.0,0.28
UTTAR KANNAD,10:4,True,14.8925,74.5304,5.62,3.26,34.3,30.45,42.27,26.43,25.32,23.72,77.14,2320.2,0.86,0.085,6,39.71,19.17,500.0,7.45
UTTAR KANNAD,10:6,True,14.6858,74.7485,5.74,1.94,25.29,28.74,42.0,26.2,24.39,22.64,74.71,1885.8,0.821,0.105,6,41.54,19.17,514.0,1.54
UTTAR KANNAD,10:2,True,15.2341,74.534,5.85,2.07,26.68,29.3,42.71,33.21,25.32,23.72,77.14,2320.2,0.86,0.085,6,39.71,18.63,554.0,4.3
UTTAR KANNAD,10:4,True,15.0629,74.6487,5.69,2.26,24.45,29.87,42.63,25.26,25.32,23.72,77.14,2320.2,0.86,0.085,6,39.71,18.63,493.0,7.55
UTTAR KANNAD,10:3,True,15.2044,74.7744,5.73,1.68,17.98,31.94,41.07,33.32,24.93,23.44,69.68,1392.9,0.79,0.117,6,42.17,18.63,566.0,1.57
UTTAR KANNAD,10:3,True,15.3659,74.7173,6.23,1.17,11.78,38.27,37.19,34.68,24.84,23.23,66.04,1064.2,0.762,0.127,6,42.17,18.63,590.0,1.19
UTTAR KANNAD,10:7,True,14.8641,74.5684,5.72,2.7,29.23,32.33,41.42,24.04,25.32,23.72,77.14,2320.2,0.86,0.085,6,39.71,19.17,266.0,10.41
UTTAR KANNAD,10:7,True,14.7548,74.5593,5.65,2.66,30.79,29.48,43.49,22.94,25.32,23.72,77.14,2320.2,0.86,0.085,6,39.71,19.17,317.0,6.9
UTTAR KANNAD,10:3,True,15.1917,74.7726,5.85,1.5,19.35,32.7,42.2,32.94,24.93,23.44,69.68,1392.9,0.79,0.117,6,42.17,18.63,546.0,2.63
UTTAR KANNAD,10:6,True,14.6468,75.0464,6.34,1.42,13.64,32.66,39.8,34.55,24.39,22.64,74.71,1885.8,0.821,0.105,6,41.54,19.76,593.0,1.21
UDUPI,16:1,True,13.6513,74.7452,6.05,2.14,31.24,33.02,41.89,22.89,25.38,24.34,77.32,3354.6,0.848,0.09,5,38.61,19.02,17.0,0.85
UDUPI,16:1,True,13.6476,74.9315,5.72,1.69,21.57,31.22,44.6,20.76,25.38,24.34,77.32,3354.6,0.848,0.09,5,38.61,19.02,59.0,0.82
UDUPI,16:1,True,13.4825,74.9372,5.74,2.33,28.01,37.39,41.88,20.11,25.38,24.34,77.32,3354.6,0.848,0.09,5,38.61,19.02,61.0,1.69
UDUPI,16:1,True,13.7687,74.6903,5.97,1.99,31.76,33.53,43.82,22.4,24.33,22.54,79.02,2754.3,0.846,0.092,5,40.38,19.02,46.0,1.78
UDUPI,16:2,True,13.1665,74.7994,5.93,1.83,27.23,35.65,41.85,22.07,26.74,26.33,76.55,3614.3,0.835,0.095,5,38.08,19.02,29.0,1.0
UDUPI,16:2,True,13.4223,74.8904,5.72,2.07,29.34,37.78,43.25,21.0,25.38,24.34,77.32,3354.6,0.848,0.09,5,38.61,19.02,65.0,1.45
UDUPI,24:1,True,13.0938,75.0995,5.71,2.53,28.63,38.02,42.32,20.98,26.74,26.33,76.55,3614.3,0.835,0.095,5,38.08,18.72,97.0,0.54
UDUPI,16:1,True,13.5551,74.7828,5.86,1.91,28.31,33.89,39.96,20.92,25.38,24.34,77.32,3354.6,0.848,0.09,5,38.61,19.02,23.0,0.88
UDUPI,16:2,True,13.2381,74.8407,5.91,1.94,30.64,33.47,40.26,20.61,26.74,26.33,76.55,3614.3,0.835,0.095,5,38.08,19.02,43.0,1.16
UDUPI,16:3,True,13.4174,75.0193,5.72,1.91,22.37,36.2,42.29,20.28,25.38,24.34,77.32,3354.6,0.848,0.09,5,38.61,18.72,87.0,4.08
UDUPI,16:2,True,13.2022,74.8008,6.02,1.93,31.17,36.09,41.21,20.69,26.74,26.33,76.55,3614.3,0.835,0.095,5,38.08,19.02,27.0,1.74
UDUPI,16:1,True,13.8512,74.7505,5.87,2.88,35.43,28.86,46.07,21.57,24.33,22.54,79.02,2754.3,0.846,0.092,5,40.38,19.02,210.0,12.27
MYSORE,26:2,True,12.382,76.3905,6.91,1.15,12.92,32.35,38.85,26.66,23.2,22.02,73.35,1604.3,0.717,0.143,4,39.89,19.49,765.0,1.03
MYSORE,26:5,True,12.1192,76.3301,6.43,1.15,13.49,33.47,39.45,27.73,23.31,22.41,76.05,1737.8,0.693,0.161,4,40.03,19.49,719.0,1.01
MYSORE,26:1,True,12.5395,76.0325,6.48,1.47,13.89,38.35,36.05,29.07,23.2,22.02,73.35,1604.3,0.717,0.143,4,39.89,19.49,843.0,1.55
MYSORE,26:6,True,12.1035,76.7588,7.19,1.2,10.92,34.76,37.28,28.77,23.86,22.49,69.82,886.2,0.508,0.266,4,40.67,19.49,693.0,0.31
MYSORE,26:2,True,12.2577,76.4347,6.88,1.2,12.22,33.98,40.81,30.2,23.2,22.02,73.35,1604.3,0.717,0.143,4,39.89,19.49,757.0,0.62
MYSORE,26:5,True,11.9819,76.147,5.49,2.23,19.93,32.92,39.52,21.27,23.31,22.41,76.05,1737.8,0.693,0.161,4,40.03,18.58,791.0,0.72
MYSORE,26:2,True,12.2112,76.2913,6.67,1.12,11.7,32.23,38.33,26.39,23.31,22.41,76.05,1737.8,0.693,0.161,4,40.03,19.49,766.0,1.95
MYSORE,26:5,True,11.9633,76.4303,6.4,1.17,14.29,33.87,41.25,27.68,23.31,22.41,76.05,1737.8,0.693,0.161,4,40.03,18.58,730.0,0.15
MYSORE,26:6,True,11.9917,76.5219,6.72,1.3,13.14,34.79,39.97,30.04,23.31,22.41,76.05,1737.8,0.693,0.161,4,40.03,18.58,711.0,0.8
MYSORE,26:4,True,12.234,76.6357,6.85,1.13,12.7,34.77,36.44,26.25,23.86,22.49,69.82,886.2,0.508,0.266,4,40.67,19.49,731.0,0.63
MYSORE,26:5,True,12.0289,76.3732,6.22,1.24,12.32,34.81,39.85,25.78,23.31,22.41,76.05,1737.8,0.693,0.161,4,40.03,19.49,705.0,1.71
MYSORE,26:3,True,12.5794,76.261,6.97,1.43,14.77,36.11,41.12,26.58,23.2,22.02,73.35,1604.3,0.717,0.143,4,39.89,19.49,817.0,0.93
BIJAPUR,3:2,True,17.1788,75.9677,7.48,0.86,11.19,41.57,32.79,37.1,27.06,24.05,54.06,632.3,0.728,0.152,7,44.82,19.66,463.0,0.54
BIJAPUR,3:3,True,16.8577,76.0303,7.23,0.94,11.16,36.4,37.86,30.63,27.06,24.05,54.06,632.3,0.728,0.152,7,44.82,19.87,536.0,0.67
BIJAPUR,3:1,True,16.8222,75.6256,7.0,0.96,11.81,32.12,37.69,36.93,26.53,23.57,54.77,553.7,0.716,0.17,7,44.1,19.65,634.0,0.46
BIJAPUR,3:3,True,16.6716,76.1966,7.31,0.83,10.52,35.42,40.35,29.52,26.66,23.84,55.64,584.1,0.692,0.164,7,44.19,19.87,527.0,0.5
BIJAPUR,3:3,True,16.8956,76.2266,7.24,0.87,10.34,35.86,39.33,33.91,27.06,24.05,54.06,632.3,0.728,0.152,7,44.82,19.87,504.0,0.46
BIJAPUR,3:3,True,16.7133,76.3215,7.28,0.93,10.62,36.25,37.9,31.95,26.66,23.84,55.64,584.1,0.692,0.164,7,44.19,19.87,507.0,0.54
BIJAPUR,3:2,True,17.0234,75.9141,7.33,0.9,10.74,35.92,38.58,33.04,26.53,23.57,54.77,553.7,0.716,0.17,7,44.1,19.66,492.0,0.56
BIJAPUR,3:2,True,17.204,75.8352,7.52,0.87,12.0,41.82,33.38,34.65,26.53,23.57,54.77,553.7,0.716,0.17,7,44.1,19.66,490.0,0.39
BIJAPUR,3:1,True,16.7202,75.6595,7.08,0.94,16.76,29.83,41.94,36.49,26.25,23.69,56.3,541.3,0.686,0.174,7,43.44,19.65,618.0,0.27
BIJAPUR,3:3,True,16.5933,76.3535,7.25,0.87,10.7,33.65,39.6,31.86,26.66,23.84,55.64,584.1,0.692,0.164,7,44.19,19.87,570.0,0.6
BIJAPUR,3:4,True,16.6473,76.2194,7.32,0.85,10.0,36.48,38.0,31.83,26.66,23.84,55.64,584.1,0.692,0.164,7,44.19,19.87,524.0,0.33
BIJAPUR,3:1,True,16.9492,75.353,7.03,0.99,10.03,32.9,41.9,33.2,26.53,23.57,54.77,553.7,0.716,0.17,7,44.1,19.65,639.0,1.36
BAGALKOT,2:6,True,15.9927,75.9172,7.35,1.0,10.93,33.4,41.07,32.35,26.07,23.83,58.12,590.4,0.659,0.176,6,43.05,19.53,536.0,0.41
BAGALKOT,2:2,True,16.3196,75.6152,7.22,0.93,11.28,29.85,49.65,27.37,26.25,23.69,56.3,541.3,0.686,0.174,7,43.44,19.65,578.0,1.84
BAGALKOT,2:5,True,16.2964,75.8286,7.58,0.95,18.03,36.8,35.63,33.28,26.25,23.69,56.3,541.3,0.686,0.174,7,43.44,19.65,519.0,0.86
BAGALKOT,2:1,True,16.4716,75.2277,7.57,1.01,13.03,34.5,44.51,32.88,25.86,23.78,58.45,612.5,0.737,0.15,7,43.3,19.65,587.0,1.05
BAGALKOT,2:1,True,16.5949,75.1667,7.34,1.12,14.53,36.82,43.96,24.27,25.86,23.78,58.45,612.5,0.737,0.15,7,43.3,19.65,523.0,0.34
BAGALKOT,2:3,True,16.3826,75.1625,7.0,1.0,13.53,35.57,45.19,23.22,25.86,23.78,58.45,612.5,0.737,0.15,7,43.3,19.65,584.0,0.42
BAGALKOT,2:2,True,16.2486,75.6605,6.68,1.19,15.35,30.29,51.81,24.67,26.07,23.83,58.12,590.4,0.659,0.176,6,43.05,19.65,606.0,7.07
BAGALKOT,2:3,True,16.2393,75.3176,7.19,0.96,11.46,31.08,54.03,24.95,26.07,23.83,58.12,590.4,0.659,0.176,6,43.05,19.65,583.0,2.33
BAGALKOT,2:1,True,16.6374,75.3711,7.3,0.91,10.94,36.37,40.11,29.42,26.25,23.69,56.3,541.3,0.686,0.174,7,43.44,19.65,536.0,0.57
BAGALKOT,2:3,True,16.236,75.3799,7.17,0.86,10.65,30.51,47.86,23.69,26.07,23.83,58.12,590.4,0.659,0.176,6,43.05,19.65,542.0,0.24
BAGALKOT,2:1,True,16.5334,75.2687,7.8,0.91,13.01,37.29,41.15,35.96,25.86,23.78,58.45,612.5,0.737,0.15,7,43.3,19.65,534.0,0.17
BAGALKOT,2:4,True,16.037,75.7139,7.7,0.9,12.83,36.12,36.38,37.45,26.07,23.83,58.12,590.4,0.659,0.176,6,43.05,19.65,571.0,0.67
BIDAR,5:2,True,18.0476,77.2186,7.22,1.04,8.24,40.02,34.24,31.52,26.18,22.78,56.29,858.8,0.792,0.109,7,44.55,19.23,600.0,0.41
BIDAR,5:5,True,17.7863,77.2619,7.26,1.04,8.86,38.96,31.64,32.68,26.18,22.78,56.29,858.8,0.792,0.109,7,44.55,19.29,603.0,0.75
BIDAR,5:3,True,18.1387,77.3525,7.41,1.06,10.17,38.35,30.63,40.2,26.18,22.78,56.29,858.8,0.792,0.109,7,44.55,19.23,538.0,0.49
BIDAR,5:3,True,18.2111,77.5774,7.17,1.15,10.93,36.94,37.17,32.95,26.18,22.78,56.29,858.8,0.792,0.109,7,44.55,19.23,547.0,1.55
BIDAR,5:4,True,17.8494,77.5416,7.19,1.05,9.84,37.93,37.74,28.94,26.18,22.78,56.29,858.8,0.792,0.109,7,44.55,19.29,648.0,1.18
BIDAR,5:2,True,17.9336,77.1345,7.03,1.11,9.42,38.87,31.64,31.71,26.06,22.76,55.28,788.5,0.779,0.121,7,44.16,19.29,617.0,0.9
BIDAR,5:1,True,17.6752,76.9199,6.9,1.13,12.06,33.91,39.51,29.52,26.58,23.47,55.25,770.7,0.765,0.125,7,44.6,19.47,604.0,2.92
BIDAR,5:1,True,17.6751,76.9481,6.95,1.07,11.04,36.13,38.77,28.67,26.58,23.47,55.25,770.7,0.765,0.125,7,44.6,19.47,552.0,0.19
BIDAR,5:5,True,17.8429,77.1453,6.92,1.04,11.6,36.54,34.38,32.61,26.06,22.76,55.28,788.5,0.779,0.121,7,44.16,19.29,628.0,0.38
BIDAR,5:3,True,18.2657,77.5532,7.18,1.09,10.85,36.36,35.2,35.5,26.82,23.23,54.51,858.4,0.813,0.1,7,45.57,19.23,508.0,0.95
BIDAR,5:3,True,18.119,77.464,7.17,1.1,9.73,36.41,33.12,34.47,26.18,22.78,56.29,858.8,0.792,0.109,7,44.55,19.23,574.0,1.24
BIDAR,5:3,True,18.4206,77.3299,7.19,1.02,10.34,37.52,34.78,33.8,26.82,23.23,54.51,858.4,0.813,0.1,7,45.57,19.23,459.0,0.79
CHAMARAJANAGAR,27:4,True,12.1491,77.1916,6.77,1.19,11.49,32.57,40.66,30.18,24.88,22.67,67.69,795.9,0.445,0.33,4,42.08,19.73,653.0,0.23
CHAMARAJANAGAR,27:2,True,11.8498,76.8951,6.98,1.28,18.63,30.28,41.33,30.34,23.86,22.49,69.82,886.2,0.508,0.266,4,40.67,18.58,754.0,1.23
CHAMARAJANAGAR,27:4,True,11.8747,77.2322,6.7,1.71,19.95,31.27,39.08,31.72,24.88,22.67,67.69,795.9,0.445,0.33,4,42.08,19.74,988.0,1.89
CHAMARAJANAGAR,27:2,True,11.9785,76.7531,7.16,1.28,13.3,33.44,39.52,32.79,23.86,22.49,69.82,886.2,0.508,0.266,4,40.67,18.58,732.0,0.48
CHAMARAJANAGAR,,False,11.6866,76.8538,6.5,1.7,19.15,32.59,37.89,28.29,23.5,21.97,72.73,947.1,0.493,0.299,4,40.27,18.58,1048.0,1.93
CHAMARAJANAGAR,27:2,True,11.9648,77.0783,6.78,1.32,13.04,30.53,39.91,29.19,23.86,22.49,69.82,886.2,0.508,0.266,4,40.67,19.74,681.0,0.52
CHAMARAJANAGAR,27:4,True,11.7843,77.4263,6.51,1.91,22.18,30.69,38.52,28.72,24.88,22.67,67.69,795.9,0.445,0.33,4,42.08,19.74,868.0,9.23
CHAMARAJANAGAR,27:4,True,12.001,77.2983,6.59,1.35,16.89,31.09,40.33,27.53,24.88,22.67,67.69,795.9,0.445,0.33,4,42.08,19.73,857.0,4.96
CHAMARAJANAGAR,27:4,True,12.3039,77.1783,6.61,1.35,15.35,32.86,39.73,26.99,24.52,23.11,67.75,883.0,0.534,0.232,4,41.44,19.73,553.0,3.89
CHAMARAJANAGAR,27:4,True,12.1713,77.277,6.77,1.44,15.31,31.66,39.93,26.36,24.88,22.67,67.69,795.9,0.445,0.33,4,42.08,19.73,751.0,4.66
CHAMARAJANAGAR,27:4,True,12.0748,77.4325,6.86,1.18,11.59,31.77,39.71,32.74,24.88,22.67,67.69,795.9,0.445,0.33,4,42.08,19.73,592.0,0.67
CHAMARAJANAGAR,27:2,True,12.1418,76.8597,7.01,1.26,11.25,33.22,36.17,30.4,23.86,22.49,69.82,886.2,0.508,0.266,4,40.67,19.49,684.0,0.45
HASSAN,23:2,True,13.0801,75.8918,6.05,1.39,19.97,34.91,38.88,28.69,23.41,22.06,78.12,2852.8,0.82,0.099,5,39.7,18.72,979.0,1.29
HASSAN,23:1,True,12.7522,75.6654,5.52,3.74,36.99,34.7,41.46,27.12,23.41,22.06,78.12,2852.8,0.82,0.099,5,39.7,18.14,626.0,12.58
HASSAN,23:8,True,12.9034,76.589,6.83,1.19,11.44,32.12,42.29,25.23,24.11,22.5,67.12,880.9,0.546,0.222,5,40.63,19.49,884.0,0.44
HASSAN,23:7,True,12.7913,76.3169,7.03,1.35,14.33,32.84,41.44,24.93,23.02,21.46,71.84,1417.6,0.715,0.144,4,39.67,19.49,859.0,2.35
HASSAN,23:3,True,13.1605,76.262,7.22,1.15,11.87,32.69,39.03,33.15,23.02,21.46,71.84,1417.6,0.715,0.144,4,39.67,19.82,968.0,0.51
HASSAN,23:8,True,12.9309,76.5362,6.9,1.11,12.04,32.11,41.59,24.17,23.02,21.46,71.84,1417.6,0.715,0.144,4,39.67,19.49,902.0,0.19
HASSAN,23:4,True,12.9179,76.1683,7.04,1.17,11.99,37.03,37.64,30.2,23.02,21.46,71.84,1417.6,0.715,0.144,4,39.67,19.49,895.0,1.22
HASSAN,23:1,True,12.7029,75.822,5.71,3.32,32.49,32.23,37.33,26.56,23.82,23.05,79.01,2994.4,0.793,0.112,4,38.9,18.14,1114.0,5.55
HASSAN,23:2,True,13.2136,76.0994,7.06,1.2,16.85,32.96,39.98,28.22,23.02,21.46,71.84,1417.6,0.715,0.144,4,39.67,19.82,895.0,1.01
HASSAN,23:7,True,12.6795,76.2921,7.02,1.18,12.86,32.22,43.15,26.65,23.2,22.02,73.35,1604.3,0.717,0.143,4,39.89,19.49,888.0,2.0
HASSAN,23:4,True,13.0467,76.1919,6.98,1.15,11.5,31.54,39.24,28.77,23.02,21.46,71.84,1417.6,0.715,0.144,4,39.67,19.82,978.0,0.82
HASSAN,23:8,True,13.0724,76.5459,6.68,1.05,10.47,32.46,44.79,22.86,23.02,21.46,71.84,1417.6,0.715,0.144,4,39.67,19.82,878.0,0.45
KODAGU,25:3,True,12.1099,76.1141,5.58,2.15,22.08,32.0,39.19,19.89,23.31,22.41,76.05,1737.8,0.693,0.161,4,40.03,19.49,844.0,1.31
KODAGU,25:2,True,12.6413,75.9103,5.84,2.51,27.95,30.38,37.36,26.84,23.82,23.05,79.01,2994.4,0.793,0.112,4,38.9,18.14,982.0,12.37
KODAGU,25:2,True,12.6262,75.9403,6.0,1.59,15.01,32.96,39.94,24.03,23.2,22.02,73.35,1604.3,0.717,0.143,4,39.89,18.14,915.0,0.72
KODAGU,25:1,True,12.376,75.4858,5.43,3.97,47.33,35.42,38.59,30.1,23.82,23.05,79.01,2994.4,0.793,0.112,4,38.9,18.14,931.0,18.64
KODAGU,25:1,True,12.5275,75.7149,5.59,4.0,36.38,32.83,37.55,28.75,23.82,23.05,79.01,2994.4,0.793,0.112,4,38.9,18.14,1219.0,4.93
KODAGU,25:3,True,12.342,75.9384,5.66,2.44,23.75,30.46,39.19,22.66,23.2,22.02,73.35,1604.3,0.717,0.143,4,39.89,18.14,944.0,6.04
KODAGU,25:3,True,12.0617,75.9465,5.53,1.95,22.43,30.39,40.96,25.51,23.31,22.41,76.05,1737.8,0.693,0.161,4,40.03,18.14,847.0,1.77
KODAGU,25:1,True,12.3252,75.5946,5.49,3.55,35.0,35.81,38.54,28.19,23.82,23.05,79.01,2994.4,0.793,0.112,4,38.9,18.14,899.0,2.05
KODAGU,25:2,True,12.7052,75.9031,5.67,2.08,22.65,33.24,35.75,29.31,23.82,23.05,79.01,2994.4,0.793,0.112,4,38.9,18.14,1001.0,1.23
KODAGU,25:1,True,12.2253,75.6722,5.47,4.16,42.26,35.03,39.32,28.2,24.98,24.62,79.48,2889.5,0.752,0.133,4,37.81,18.14,1087.0,8.8
KODAGU,25:2,True,12.6655,75.8595,5.74,3.08,36.83,29.19,35.93,25.03,23.82,23.05,79.01,2994.4,0.793,0.112,4,38.9,18.14,991.0,5.46
KODAGU,25:1,True,12.3968,75.7483,5.58,3.05,33.33,34.1,40.84,25.05,23.82,23.05,79.01,2994.4,0.793,0.112,4,38.9,18.14,951.0,6.26
HAVERI,11:7,True,14.5203,75.5881,7.47,1.09,12.96,42.47,27.29,37.82,24.92,23.46,67.99,1365.1,0.768,0.129,6,42.2,19.76,565.0,0.38
HAVERI,11:4,True,14.7922,75.5786,7.79,1.05,10.43,40.37,29.92,42.13,25.49,23.83,63.97,800.7,0.658,0.177,6,42.13,19.76,569.0,0.53
HAVERI,11:4,True,14.9579,75.6571,7.71,0.97,10.41,41.52,27.52,41.2,25.49,23.83,63.97,800.7,0.658,0.177,6,42.13,19.76,521.0,0.54
HAVERI,11:4,True,14.729,75.3088,6.78,1.01,10.37,39.92,31.47,36.63,24.39,22.64,74.71,1885.8,0.821,0.105,6,41.54,19.76,586.0,0.84
HAVERI,11:1,True,14.9033,75.1869,6.58,1.21,11.1,37.21,35.2,34.19,24.93,23.44,69.68,1392.9,0.79,0.117,6,42.17,19.76,627.0,1.65
HAVERI,11:2,True,14.9297,75.432,7.84,1.05,10.51,47.42,26.8,42.73,25.49,23.83,63.97,800.7,0.658,0.177,6,42.13,19.76,559.0,0.49
HAVERI,11:4,True,14.7643,75.3534,7.24,1.04,10.81,42.04,28.38,39.89,25.49,23.83,63.97,800.7,0.658,0.177,6,42.13,19.76,572.0,0.3
HAVERI,11:5,True,14.6691,75.4132,7.0,1.23,13.17,37.18,33.65,39.38,24.92,23.46,67.99,1365.1,0.768,0.129,6,42.2,19.76,622.0,0.23
HAVERI,11:2,True,14.948,75.3407,7.49,1.0,10.19,42.45,28.99,40.7,25.49,23.83,63.97,800.7,0.658,0.177,6,42.13,19.76,569.0,1.01
HAVERI,11:4,True,14.8038,75.5165,7.84,1.07,11.13,43.37,26.93,47.37,25.49,23.83,63.97,800.7,0.658,0.177,6,42.13,19.76,582.0,0.56
HAVERI,11:3,True,14.7658,75.2595,6.43,1.12,10.75,38.24,37.33,22.63,24.93,23.44,69.68,1392.9,0.79,0.117,6,42.17,19.76,535.0,0.35
HAVERI,11:3,True,14.8002,75.1288,6.46,1.04,10.0,41.97,30.94,34.81,24.93,23.44,69.68,1392.9,0.79,0.117,6,42.17,19.76,571.0,0.99
KOPPAL,7:3,True,15.5707,76.4878,7.23,0.87,20.1,28.62,46.87,26.22,26.15,23.81,59.49,600.0,0.614,0.194,6,42.97,19.94,455.0,0.6
KOPPAL,7:2,True,15.8529,76.2321,7.35,0.99,12.79,32.32,42.26,36.66,26.47,23.92,57.11,576.1,0.65,0.178,6,43.8,19.94,614.0,1.08
KOPPAL,7:3,True,15.6337,76.4722,7.31,0.96,9.89,30.37,46.31,24.99,26.15,23.81,59.49,600.0,0.614,0.194,6,42.97,19.94,482.0,0.33
KOPPAL,7:3,True,15.683,76.4985,7.33,0.84,9.77,30.67,46.13,24.95,26.15,23.81,59.49,600.0,0.614,0.194,6,42.97,19.94,469.0,0.7
KOPPAL,7:1,True,15.5103,75.9996,7.08,0.97,19.81,32.52,36.75,33.61,26.15,23.81,59.49,600.0,0.614,0.194,6,42.97,19.53,588.0,0.37
KOPPAL,7:3,True,15.5911,76.5074,7.28,0.89,9.96,30.44,47.06,26.71,26.15,23.81,59.49,600.0,0.614,0.194,6,42.97,19.94,455.0,0.67
KOPPAL,7:3,True,15.6109,76.485,7.35,0.88,9.94,31.42,49.8,23.62,26.15,23.81,59.49,600.0,0.614,0.194,6,42.97,19.94,479.0,0.39
KOPPAL,7:2,True,15.895,76.2752,7.35,0.85,10.8,32.57,43.98,32.35,26.47,23.92,57.11,576.1,0.65,0.178,6,43.8,19.94,599.0,0.62
KOPPAL,7:2,True,15.8589,75.9365,6.69,1.16,11.46,27.35,47.71,23.37,26.07,23.83,58.12,590.4,0.659,0.176,6,43.05,19.53,651.0,4.31
KOPPAL,7:1,True,15.5013,76.1042,7.31,1.1,12.36,32.3,42.21,34.26,26.15,23.81,59.49,600.0,0.614,0.194,6,42.97,19.94,549.0,0.43
KOPPAL,7:2,True,15.8598,75.985,6.67,1.1,10.71,29.31,46.56,24.82,26.47,23.92,57.11,576.1,0.65,0.178,6,43.8,19.53,683.0,1.88
KOPPAL,7:2,True,15.8213,76.234,7.23,1.01,18.25,31.83,42.99,31.54,26.47,23.92,57.11,576.1,0.65,0.178,6,43.8,19.94,640.0,0.6
BANGALORE RURAL,21:4,True,13.09,77.7802,6.73,0.77,8.48,28.81,55.08,14.69,23.74,21.61,67.94,842.5,0.522,0.251,4,40.38,20.19,875.0,0.66
BANGALORE RURAL,21:4,True,13.0169,77.8208,6.55,0.93,9.47,29.63,53.24,18.64,23.83,21.25,69.24,876.1,0.497,0.296,4,40.91,20.19,874.0,0.26
BANGALORE RURAL,21:1,True,13.1718,77.2898,6.37,1.24,9.65,29.61,54.01,11.25,23.74,21.61,67.94,842.5,0.522,0.251,4,40.38,20.19,898.0,2.07
BANGALORE RURAL,21:1,True,13.1639,77.3765,6.31,1.14,9.89,29.64,54.75,11.98,23.74,21.61,67.94,842.5,0.522,0.251,4,40.38,20.19,880.0,0.31
BANGALORE RURAL,21:2,True,13.4622,77.3748,6.51,0.91,9.4,28.03,57.53,11.67,24.02,21.74,66.33,800.0,0.529,0.257,5,40.42,20.19,771.0,0.48
BANGALORE RURAL,21:1,True,13.0781,77.353,6.33,1.02,9.47,26.42,59.45,11.89,23.74,21.61,67.94,842.5,0.522,0.251,4,40.38,20.19,873.0,0.63
BANGALORE RURAL,21:4,True,13.0632,77.8438,6.53,1.0,9.11,25.44,55.6,16.2,23.83,21.25,69.24,876.1,0.497,0.296,4,40.91,20.19,899.0,0.95
BANGALORE RURAL,21:2,True,13.2858,77.5632,6.4,1.18,9.63,26.89,52.73,12.25,24.02,21.74,66.33,800.0,0.529,0.257,5,40.42,20.19,901.0,1.36
BANGALORE RURAL,21:2,True,13.4063,77.4512,6.1,1.49,20.56,27.57,55.11,10.32,24.02,21.74,66.33,800.0,0.529,0.257,5,40.42,20.19,939.0,8.17
BANGALORE RURAL,21:3,True,13.3466,77.7099,6.29,1.22,11.38,28.1,53.15,17.23,24.02,21.74,66.33,800.0,0.529,0.257,5,40.42,20.19,942.0,1.93
BANGALORE RURAL,21:1,True,13.2093,77.258,6.36,1.19,9.3,29.61,56.9,12.9,23.74,21.61,67.94,842.5,0.522,0.251,4,40.38,20.19,916.0,1.05
BANGALORE RURAL,21:2,True,13.3458,77.4147,6.09,1.19,14.62,27.99,56.55,11.31,24.02,21.74,66.33,800.0,0.529,0.257,5,40.42,20.19,935.0,3.78
BENGALURU URBAN,20:3,True,12.8852,77.8078,6.55,0.92,9.4,32.88,46.82,20.11,23.74,21.61,67.94,842.5,0.522,0.251,4,40.38,19.73,866.0,0.78
BENGALURU URBAN,20:1,True,13.0079,77.459,6.42,0.96,9.38,27.42,58.3,10.7,23.74,21.61,67.94,842.5,0.522,0.251,4,40.38,20.19,858.0,0.87
BENGALURU URBAN,20:2,True,12.9348,77.4617,6.44,1.3,12.05,26.74,51.93,16.45,23.74,21.61,67.94,842.5,0.522,0.251,4,40.38,19.73,818.0,0.7
BENGALURU URBAN,20:3,True,12.7389,77.7066,6.44,1.12,11.8,31.53,46.98,20.56,24.45,22.34,68.11,833.3,0.495,0.275,4,41.69,19.73,902.0,0.99
BENGALURU URBAN,20:3,True,12.7388,77.7201,6.45,1.14,10.98,32.07,46.79,20.49,24.45,22.34,68.11,833.3,0.495,0.275,4,41.69,19.73,888.0,0.05
BENGALURU URBAN,20:1,True,13.1205,77.4466,6.33,1.16,10.7,25.44,59.64,9.7,23.74,21.61,67.94,842.5,0.522,0.251,4,40.38,20.19,871.0,0.67
BENGALURU URBAN,20:4,True,13.0074,77.6855,6.42,1.23,14.96,28.07,54.92,16.98,23.74,21.61,67.94,842.5,0.522,0.251,4,40.38,20.19,902.0,0.85
BENGALURU URBAN,20:2,True,12.9042,77.5108,6.51,1.11,11.43,26.19,55.39,17.82,23.74,21.61,67.94,842.5,0.522,0.251,4,40.38,19.73,809.0,1.19
BENGALURU URBAN,20:1,True,12.9878,77.4471,6.44,0.84,9.74,28.01,55.52,11.87,23.74,21.61,67.94,842.5,0.522,0.251,4,40.38,19.73,872.0,0.67
BENGALURU URBAN,20:1,True,13.1446,77.5089,6.5,0.95,9.92,30.04,51.76,12.41,23.74,21.61,67.94,842.5,0.522,0.251,4,40.38,20.19,869.0,0.53
BENGALURU URBAN,20:3,True,12.7178,77.5886,6.45,1.27,13.76,32.28,45.77,19.72,24.45,22.34,68.11,833.3,0.495,0.275,4,41.69,19.73,829.0,7.09
BENGALURU URBAN,20:3,True,12.7125,77.6753,6.27,1.22,15.43,33.05,49.14,19.6,24.45,22.34,68.11,833.3,0.495,0.275,4,41.69,19.73,924.0,1.54
BELGAUM,1:7,True,15.616,74.3543,5.72,2.56,27.46,32.47,39.9,27.17,25.17,24.13,70.94,1889.4,0.854,0.085,6,42.39,18.63,677.0,5.0
BELGAUM,1:3,True,16.5613,74.8411,7.23,0.98,11.98,36.8,43.59,28.43,25.86,23.78,58.45,612.5,0.737,0.15,7,43.3,19.17,560.0,0.71
BELGAUM,1:5,True,16.3105,74.5364,6.7,1.05,11.46,34.28,40.84,32.37,24.83,23.15,65.19,1213.8,0.852,0.09,7,43.07,19.17,707.0,0.74
BELGAUM,1:10,True,16.0204,75.2735,7.18,0.9,18.37,35.62,40.78,33.82,25.2,23.39,62.04,795.3,0.74,0.139,6,42.53,19.65,629.0,0.64
BELGAUM,1:6,True,15.8749,74.442,6.27,1.29,12.78,33.83,39.56,36.27,24.3,22.92,68.66,1552.4,0.848,0.089,6,42.34,18.63,746.0,0.79
BELGAUM,1:6,True,15.8188,74.396,6.32,1.36,14.18,33.23,39.13,36.36,24.3,22.92,68.66,1552.4,0.848,0.089,6,42.34,18.63,768.0,1.14
BELGAUM,1:1,True,16.5161,74.5264,7.06,0.88,10.18,32.14,42.08,30.72,24.83,23.15,65.19,1213.8,0.852,0.09,7,43.07,19.17,572.0,0.38
BELGAUM,1:10,True,15.8451,75.3492,7.71,1.0,11.31,39.84,35.15,41.29,26.07,23.83,58.12,590.4,0.659,0.176,6,43.05,19.53,579.0,0.62
BELGAUM,1:9,True,15.7558,75.1306,6.71,1.17,14.11,29.26,48.85,29.36,25.2,23.39,62.04,795.3,0.74,0.139,6,42.53,19.53,738.0,3.93
BELGAUM,1:2,True,16.7455,75.0291,7.63,0.93,13.0,41.8,34.67,40.23,25.86,23.78,58.45,612.5,0.737,0.15,7,43.3,19.65,553.0,0.39
BELGAUM,1:9,True,15.7891,75.0708,6.9,0.96,12.73,34.55,39.81,31.58,25.2,23.39,62.04,795.3,0.74,0.139,6,42.53,19.53,646.0,0.9
BELGAUM,1:7,True,15.5416,74.3919,5.72,2.39,23.31,30.98,40.17,29.64,25.17,24.13,70.94,1889.4,0.854,0.085,6,42.39,18.63,744.0,6.15
BELLARY,12:6,True,14.9733,76.377,6.95,1.07,11.14,36.19,37.81,36.55,25.65,23.58,62.51,634.8,0.583,0.214,6,41.41,20.22,599.0,1.01
BELLARY,12:2,True,14.9652,76.3088,7.28,1.11,12.32,39.24,31.38,44.46,25.65,23.58,62.51,634.8,0.583,0.214,6,41.41,20.22,564.0,0.56
BELLARY,12:7,True,14.8452,76.3178,7.14,1.28,17.61,37.18,38.46,36.41,25.65,23.58,62.51,634.8,0.583,0.214,6,41.41,20.22,614.0,0.95
BELLARY,12:7,True,14.7583,76.6027,7.05,1.05,11.26,37.81,39.63,32.9,26.5,24.05,59.76,589.7,0.585,0.215,6,43.11,20.22,569.0,0.26
BELLARY,12:7,True,14.7059,76.428,7.25,1.02,11.38,36.18,37.49,40.85,25.16,23.39,64.13,702.4,0.583,0.22,6,41.6,20.22,666.0,0.75
BELLARY,12:1,True,14.761,75.7456,7.42,1.1,11.12,36.48,40.13,28.73,25.49,23.83,63.97,800.7,0.658,0.177,6,42.13,19.76,560.0,4.26
BELLARY,12:3,True,15.2718,76.4361,6.81,0.98,10.48,26.94,50.49,19.98,26.15,23.81,59.49,600.0,0.614,0.194,6,42.97,19.94,487.0,0.61
BELLARY,12:3,True,15.3282,76.6107,6.92,0.88,21.17,30.83,46.73,21.72,27.12,24.58,57.77,597.5,0.632,0.187,6,44.35,19.94,445.0,0.67
BELLARY,12:1,True,14.7341,75.7105,7.42,1.03,15.73,40.36,33.39,28.41,24.92,23.46,67.99,1365.1,0.768,0.129,6,42.2,19.76,524.0,1.08
BELLARY,12:7,True,14.7244,76.6214,7.11,1.01,25.26,39.34,35.47,40.1,25.83,23.51,61.8,605.5,0.545,0.239,6,42.12,20.22,580.0,0.54
BELLARY,12:3,True,15.2922,76.6071,6.89,1.02,12.48,29.32,48.5,21.14,27.12,24.58,57.77,597.5,0.632,0.187,6,44.35,19.94,465.0,0.57
BELLARY,12:1,True,14.9247,75.8139,7.83,0.96,10.86,41.45,26.04,43.14,25.49,23.83,63.97,800.7,0.658,0.177,6,42.13,19.76,540.0,0.92
CHIKBALLAPUR,29:4,True,13.8329,78.0735,6.89,0.96,23.19,35.84,43.37,21.19,25.33,22.27,64.54,733.4,0.513,0.311,5,41.84,19.83,667.0,1.6
CHIKBALLAPUR,29:4,True,13.8313,77.8698,6.69,1.14,21.39,32.14,50.06,18.43,25.33,22.27,64.54,733.4,0.513,0.311,5,41.84,20.19,797.0,3.22
CHIKBALLAPUR,29:3,True,13.6418,77.6966,6.72,1.08,21.1,30.64,53.05,18.52,24.02,21.74,66.33,800.0,0.529,0.257,5,40.42,20.19,851.0,0.69
CHIKBALLAPUR,29:2,True,13.5634,77.7019,6.29,1.48,22.4,29.92,53.76,14.51,24.02,21.74,66.33,800.0,0.529,0.257,5,40.42,20.19,919.0,3.87
CHIKBALLAPUR,29:1,True,13.4423,77.5514,6.0,1.37,14.87,27.06,59.11,8.3,24.02,21.74,66.33,800.0,0.529,0.257,5,40.42,20.19,840.0,5.45
CHIKBALLAPUR,29:4,True,13.8444,77.9096,6.69,1.24,24.08,31.41,49.87,18.77,25.33,22.27,64.54,733.4,0.513,0.311,5,41.84,20.19,855.0,6.57
CHIKBALLAPUR,29:6,True,13.545,77.973,7.02,0.99,12.06,33.77,44.95,21.49,23.98,21.24,67.6,814.7,0.506,0.299,5,40.44,20.19,776.0,1.32
CHIKBALLAPUR,29:4,True,13.7914,77.8022,6.9,0.96,18.82,33.35,49.27,18.99,25.39,22.89,63.31,715.1,0.543,0.261,5,41.9,20.19,715.0,0.93
CHIKBALLAPUR,,False,13.7825,78.1252,7.05,0.97,13.03,35.81,41.21,23.64,25.33,22.27,64.54,733.4,0.513,0.311,5,41.84,19.83,666.0,3.03
CHIKBALLAPUR,29:5,True,13.4645,77.9015,6.7,0.99,17.94,30.58,53.8,18.34,23.98,21.24,67.6,814.7,0.506,0.299,5,40.44,20.19,877.0,0.57
CHIKBALLAPUR,29:1,True,13.5018,77.6796,6.16,1.73,22.04,29.02,54.76,12.94,24.02,21.74,66.33,800.0,0.529,0.257,5,40.42,20.19,909.0,7.84
CHIKBALLAPUR,29:2,True,13.4225,77.7392,6.33,1.12,17.82,28.98,54.48,13.92,24.02,21.74,66.33,800.0,0.529,0.257,5,40.42,20.19,905.0,0.37
CHITRADURGA,13:2,True,14.2838,76.8223,7.16,1.02,10.77,39.04,38.28,31.66,25.83,23.51,61.8,605.5,0.545,0.239,6,42.12,20.22,553.0,0.58
CHITRADURGA,13:6,True,14.1545,76.4579,6.97,1.09,11.31,30.31,45.62,33.19,24.57,22.79,66.3,865.0,0.629,0.196,6,41.15,20.22,745.0,3.35
CHITRADURGA,13:5,True,13.7184,76.3655,7.05,1.06,11.32,37.94,37.04,35.99,23.65,21.88,68.79,1137.3,0.684,0.164,6,40.36,19.82,667.0,0.63
CHITRADURGA,13:3,True,14.2422,76.3184,7.07,0.97,9.89,36.67,36.19,35.59,24.57,22.79,66.3,865.0,0.629,0.196,6,41.15,20.22,698.0,0.16
CHITRADURGA,13:6,True,14.1286,76.6778,7.15,1.05,18.25,38.05,37.21,36.29,25.15,23.04,63.39,683.6,0.537,0.244,6,41.44,20.22,614.0,0.56
CHITRADURGA,13:6,True,14.0414,76.8313,7.2,0.95,9.6,38.27,38.7,29.15,25.15,23.04,63.39,683.6,0.537,0.244,6,41.44,20.22,610.0,0.31
CHITRADURGA,13:2,True,14.4792,76.6818,7.07,1.06,22.6,40.5,33.9,39.75,25.83,23.51,61.8,605.5,0.545,0.239,6,42.12,20.22,550.0,0.57
CHITRADURGA,13:4,True,14.1195,76.1114,7.07,1.06,11.14,41.5,32.74,38.21,24.57,22.79,66.3,865.0,0.629,0.196,6,41.15,20.22,653.0,0.33
CHITRADURGA,13:2,True,14.1715,76.9042,6.99,1.12,12.81,36.5,37.31,36.73,25.15,23.04,63.39,683.6,0.537,0.244,6,41.44,20.22,569.0,0.16
CHITRADURGA,13:2,True,14.1221,76.7038,7.11,0.88,13.08,37.36,40.51,25.31,25.15,23.04,63.39,683.6,0.537,0.244,6,41.44,20.22,595.0,0.44
CHITRADURGA,13:5,True,13.7541,76.2238,7.18,1.41,13.15,39.09,35.27,40.42,24.57,22.79,66.3,865.0,0.629,0.196,6,41.15,19.82,682.0,0.16
CHITRADURGA,13:6,True,13.812,76.5817,7.19,1.07,10.92,34.52,44.15,35.98,25.15,23.04,63.39,683.6,0.537,0.244,6,41.44,19.82,667.0,1.28
DHARWAD,9:2,True,15.5051,75.3376,7.78,1.03,27.08,48.14,23.76,47.34,25.6,23.63,61.26,680.1,0.647,0.178,6,42.37,19.53,584.0,0.43
DHARWAD,9:2,True,15.5952,75.3727,7.83,1.09,14.56,46.84,24.87,47.39,25.6,23.63,61.26,680.1,0.647,0.178,6,42.37,19.53,576.0,0.34
DHARWAD,9:1,True,15.5153,75.0431,7.07,1.14,12.41,37.74,33.29,35.94,24.84,23.23,66.04,1064.2,0.762,0.127,6,42.17,19.53,689.0,0.69
DHARWAD,9:1,True,15.5891,75.0244,7.16,1.03,17.4,36.64,34.75,37.04,24.84,23.23,66.04,1064.2,0.762,0.127,6,42.17,19.53,654.0,0.61
DHARWAD,9:2,True,15.5808,75.138,7.48,1.03,12.9,44.68,28.09,44.85,24.84,23.23,66.04,1064.2,0.762,0.127,6,42.17,19.53,600.0,0.23
DHARWAD,9:2,True,15.4495,75.3797,7.65,1.04,29.79,43.7,28.38,38.86,25.6,23.63,61.26,680.1,0.647,0.178,6,42.37,19.53,607.0,0.48
DHARWAD,9:2,True,15.6404,75.4053,7.85,1.09,16.64,49.75,25.22,44.62,25.6,23.63,61.26,680.1,0.647,0.178,6,42.37,19.53,560.0,0.3
DHARWAD,9:5,True,15.2015,75.4043,7.57,1.05,11.29,39.1,31.04,38.47,25.49,23.83,63.97,800.7,0.658,0.177,6,42.13,19.53,638.0,0.42
DHARWAD,9:1,True,15.5712,74.8467,6.65,1.03,11.12,33.93,37.41,26.44,24.84,23.23,66.04,1064.2,0.762,0.127,6,42.17,18.63,718.0,1.11
DHARWAD,9:1,True,15.4226,74.8335,6.03,1.34,14.3,36.48,39.01,24.36,24.84,23.23,66.04,1064.2,0.762,0.127,6,42.17,18.63,681.0,0.33
DHARWAD,9:4,True,15.1963,75.0303,6.9,0.93,10.11,41.22,35.43,31.07,24.93,23.44,69.68,1392.9,0.79,0.117,6,42.17,19.53,534.0,0.7
DHARWAD,9:3,True,15.3486,75.4284,7.56,1.02,20.3,38.6,31.95,36.12,25.6,23.63,61.26,680.1,0.647,0.178,6,42.37,19.53,623.0,0.47
RAICHUR,6:5,True,15.6878,76.7294,6.98,1.23,10.77,37.87,38.9,23.48,27.12,24.58,57.77,597.5,0.632,0.187,6,44.35,19.94,396.0,0.56
RAICHUR,6:4,True,16.0165,76.959,7.0,0.99,13.27,34.93,42.99,19.92,27.18,24.44,56.69,611.1,0.676,0.162,6,44.66,19.87,391.0,0.71
RAICHUR,6:1,True,16.2309,76.7188,7.05,1.1,12.45,33.4,41.58,29.48,27.18,24.44,56.69,611.1,0.676,0.162,6,44.66,19.87,559.0,0.72
RAICHUR,6:4,True,16.2215,76.8055,6.98,1.0,17.28,35.62,35.94,30.26,27.18,24.44,56.69,611.1,0.676,0.162,6,44.66,19.87,486.0,0.62
RAICHUR,6:4,True,16.0631,77.1782,7.22,0.93,11.4,36.54,32.95,35.03,27.18,24.44,56.69,611.1,0.676,0.162,6,44.66,19.96,358.0,0.34
RAICHUR,6:1,True,16.1751,76.7237,7.12,0.91,21.55,33.23,39.59,35.37,27.18,24.44,56.69,611.1,0.676,0.162,6,44.66,19.87,545.0,0.65
RAICHUR,6:5,True,15.7379,76.7577,7.14,1.29,12.4,38.01,40.94,20.11,27.12,24.58,57.77,597.5,0.632,0.187,6,44.35,19.94,389.0,0.27
RAICHUR,6:1,True,15.8987,76.5617,7.37,1.01,9.48,32.17,44.39,27.96,26.47,23.92,57.11,576.1,0.65,0.178,6,43.8,19.94,459.0,0.3
RAICHUR,6:1,True,15.9624,76.5621,7.17,0.83,9.92,30.22,47.69,24.22,26.47,23.92,57.11,576.1,0.65,0.178,6,43.8,19.94,501.0,0.26
RAICHUR,6:1,True,16.1774,76.4554,7.43,0.99,11.06,37.43,36.35,35.8,26.47,23.92,57.11,576.1,0.65,0.178,6,43.8,19.87,497.0,0.73
RAICHUR,6:1,True,16.1402,76.6704,7.08,0.89,16.94,33.35,38.51,29.81,27.18,24.44,56.69,611.1,0.676,0.162,6,44.66,19.87,503.0,0.85
RAICHUR,6:4,True,15.9935,77.172,6.94,0.95,10.75,35.8,35.84,23.06,27.18,24.44,56.69,611.1,0.676,0.162,6,44.66,20.05,339.0,0.47
KOLAR,19:8,True,13.0886,78.0675,6.52,1.05,11.3,27.95,53.92,17.79,23.83,21.25,69.24,876.1,0.497,0.296,4,40.91,19.83,885.0,0.82
KOLAR,19:8,True,13.2073,78.184,6.88,0.9,9.89,32.48,46.67,17.54,23.83,21.25,69.24,876.1,0.497,0.296,4,40.91,19.83,805.0,0.56
KOLAR,19:10,True,13.0117,78.4592,7.01,0.94,11.83,35.34,37.19,27.53,25.37,22.22,68.99,886.0,0.495,0.316,5,43.06,19.83,763.0,0.9
KOLAR,19:8,True,13.1315,78.172,6.85,0.97,9.95,28.28,52.62,17.27,23.83,21.25,69.24,876.1,0.497,0.296,4,40.91,19.83,830.0,0.12
KOLAR,,False,13.1749,78.5772,7.15,0.98,11.56,38.22,38.29,25.95,25.37,22.22,68.99,886.0,0.495,0.316,5,43.06,19.83,749.0,0.69
KOLAR,19:8,True,13.1616,78.2546,7.08,0.94,10.81,36.98,40.37,21.14,23.83,21.25,69.24,876.1,0.497,0.296,4,40.91,19.83,793.0,0.12
KOLAR,19:8,True,13.1259,78.1041,6.44,1.24,14.86,27.83,52.22,20.19,23.83,21.25,69.24,876.1,0.497,0.296,4,40.91,19.83,864.0,7.3
KOLAR,19:10,True,12.9535,78.1359,6.77,1.05,10.76,35.6,38.99,25.28,23.83,21.25,69.24,876.1,0.497,0.296,4,40.91,19.58,821.0,0.57
KOLAR,19:8,True,13.1846,78.0619,6.36,1.24,15.41,26.57,54.59,14.61,23.83,21.25,69.24,876.1,0.497,0.296,4,40.91,19.83,868.0,10.71
KOLAR,19:7,True,13.2992,78.3021,6.96,1.04,10.09,35.76,42.68,20.88,23.98,21.24,67.6,814.7,0.506,0.299,5,40.44,19.83,815.0,0.7
KOLAR,19:7,True,13.3305,78.221,6.94,0.87,10.42,31.99,45.84,19.17,23.98,21.24,67.6,814.7,0.506,0.299,5,40.44,19.83,815.0,0.37
KOLAR,19:11,True,13.0842,78.2874,7.01,0.91,10.76,34.81,41.45,21.72,23.83,21.25,69.24,876.1,0.497,0.296,4,40.91,19.83,782.0,0.23
YADGIR,30:9,True,16.6853,77.057,7.08,0.94,11.73,38.43,32.04,24.63,27.26,24.37,55.84,655.1,0.717,0.144,7,44.84,19.96,386.0,0.41
YADGIR,30:9,True,16.7189,76.6998,6.97,0.81,11.87,38.7,34.38,22.7,27.26,24.37,55.84,655.1,0.717,0.144,7,44.84,19.87,468.0,0.43
YADGIR,30:8,True,16.4251,76.7051,7.53,0.96,14.44,40.17,31.45,35.64,27.26,24.37,55.84,655.1,0.717,0.144,7,44.84,19.87,375.0,0.49
YADGIR,30:8,True,16.5153,76.7111,6.91,1.12,14.61,33.54,42.24,22.88,27.26,24.37,55.84,655.1,0.717,0.144,7,44.84,19.87,402.0,2.98
YADGIR,30:9,True,16.6551,76.9806,6.84,0.94,11.63,40.52,33.22,23.1,27.26,24.37,55.84,655.1,0.717,0.144,7,44.84,19.87,402.0,0.78
YADGIR,30:10,True,16.6841,77.3822,6.99,1.11,10.91,33.13,35.36,26.84,27.07,24.18,57.95,717.6,0.727,0.139,7,45.0,19.96,397.0,0.64
YADGIR,30:9,True,16.7057,76.7364,6.89,0.82,13.25,40.66,34.24,22.41,27.26,24.37,55.84,655.1,0.717,0.144,7,44.84,19.87,457.0,0.49
YADGIR,30:10,True,16.8821,77.0725,6.76,1.02,12.53,32.56,39.66,23.49,27.23,24.25,55.04,720.5,0.746,0.132,7,45.04,19.96,417.0,4.46
YADGIR,30:9,True,16.6398,76.8825,7.34,0.86,10.66,42.98,33.35,26.18,27.26,24.37,55.84,655.1,0.717,0.144,7,44.84,19.87,391.0,0.23
YADGIR,30:9,True,16.5052,77.1771,7.41,0.96,20.34,41.13,28.6,29.87,27.26,24.37,55.84,655.1,0.717,0.144,7,44.84,19.96,363.0,0.38
YADGIR,30:10,True,16.5367,77.282,7.42,1.04,14.91,39.12,31.45,26.77,27.07,24.18,57.95,717.6,0.727,0.139,7,45.0,19.96,362.0,0.48
YADGIR,30:8,True,16.5331,76.5037,7.03,0.98,13.76,33.24,42.63,22.2,26.66,23.84,55.64,584.1,0.692,0.164,7,44.19,19.87,453.0,1.47
RAMANAGARA,28:8,True,12.4835,77.4073,6.75,1.31,11.71,36.0,41.94,26.55,24.45,22.34,68.11,833.3,0.495,0.275,4,41.69,19.73,635.0,1.34
RAMANAGARA,28:5,True,12.836,77.21,6.24,1.28,12.27,28.03,52.95,11.14,23.74,21.61,67.94,842.5,0.522,0.251,4,40.38,19.73,835.0,0.65
RAMANAGARA,28:6,True,12.7908,77.4293,6.59,1.08,10.83,28.04,46.96,18.86,23.74,21.61,67.94,842.5,0.522,0.251,4,40.38,19.73,709.0,0.51
RAMANAGARA,28:8,True,12.2884,77.4527,6.68,1.57,19.61,31.33,39.24,28.82,24.45,22.34,68.11,833.3,0.495,0.275,4,41.69,19.73,439.0,6.32
RAMANAGARA,28:8,True,12.4636,77.4669,6.74,1.29,12.41,37.95,39.71,27.73,24.45,22.34,68.11,833.3,0.495,0.275,4,41.69,19.73,633.0,1.43
RAMANAGARA,28:6,True,12.7973,77.4266,6.54,1.03,10.38,28.19,48.46,17.17,23.74,21.61,67.94,842.5,0.522,0.251,4,40.38,19.73,711.0,1.0
RAMANAGARA,28:7,True,12.7102,77.1537,6.56,1.1,10.62,32.24,44.98,17.63,24.52,23.11,67.75,883.0,0.534,0.232,4,41.44,19.73,686.0,0.69
RAMANAGARA,28:8,True,12.6711,77.5354,6.46,1.33,11.49,32.27,46.37,22.75,24.45,22.34,68.11,833.3,0.495,0.275,4,41.69,19.73,747.0,1.64
RAMANAGARA,28:8,True,12.4737,77.3195,6.84,1.24,10.63,33.09,41.56,24.36,24.45,22.34,68.11,833.3,0.495,0.275,4,41.69,19.73,691.0,0.5
RAMANAGARA,28:8,True,12.4949,77.575,6.65,1.36,15.6,35.82,40.46,25.44,24.45,22.34,68.11,833.3,0.495,0.275,4,41.69,19.73,817.0,2.61
RAMANAGARA,28:5,True,12.9018,77.2747,6.38,1.1,11.62,26.25,55.51,11.02,23.74,21.61,67.94,842.5,0.522,0.251,4,40.38,19.73,821.0,0.97
RAMANAGARA,28:8,True,12.4894,77.5651,6.64,1.46,16.35,35.83,39.05,24.83,24.45,22.34,68.11,833.3,0.495,0.275,4,41.69,19.73,800.0,5.46
CHIKMAGALUR,17:4,True,13.6225,75.6357,5.75,2.21,24.5,34.57,40.72,27.58,22.53,20.5,77.64,2460.4,0.819,0.102,5,39.03,18.72,732.0,2.21
CHIKMAGALUR,17:4,True,13.6883,75.9911,6.99,1.08,11.75,33.91,40.02,32.48,23.65,21.88,68.79,1137.3,0.684,0.164,6,40.36,18.72,784.0,0.57
CHIKMAGALUR,17:5,True,13.3921,75.9582,7.17,1.22,11.44,34.4,36.23,35.38,23.65,21.88,68.79,1137.3,0.684,0.164,6,40.36,18.72,837.0,1.09
CHIKMAGALUR,17:3,True,13.6591,75.4883,5.93,1.91,17.37,29.49,43.62,29.77,22.53,20.5,77.64,2460.4,0.819,0.102,5,39.03,18.72,650.0,0.85
CHIKMAGALUR,17:5,True,13.6775,76.0158,6.97,1.2,11.94,33.54,40.91,30.99,23.65,21.88,68.79,1137.3,0.684,0.164,6,40.36,19.82,774.0,0.23
CHIKMAGALUR,17:5,True,13.6024,75.9438,6.78,1.03,15.27,30.84,42.63,25.05,23.65,21.88,68.79,1137.3,0.684,0.164,6,40.36,18.72,817.0,0.71
CHIKMAGALUR,17:7,True,12.945,75.557,5.49,3.0,32.79,36.94,43.29,19.6,23.41,22.06,78.12,2852.8,0.82,0.099,5,39.7,18.14,325.0,10.43
CHIKMAGALUR,17:5,True,13.4987,76.1784,7.07,1.18,11.21,38.15,39.47,34.46,23.65,21.88,68.79,1137.3,0.684,0.164,6,40.36,19.82,756.0,0.67
CHIKMAGALUR,17:7,True,13.1588,75.2882,5.67,3.97,43.92,36.45,35.82,34.72,26.74,26.33,76.55,3614.3,0.835,0.095,5,38.08,18.72,1247.0,17.44
CHIKMAGALUR,17:4,True,13.7478,75.9379,6.78,1.2,11.62,31.5,45.3,25.54,23.65,21.88,68.79,1137.3,0.684,0.164,6,40.36,18.72,765.0,0.98
CHIKMAGALUR,17:6,True,13.4811,75.533,5.53,2.49,22.41,32.62,41.42,26.79,22.53,20.5,77.64,2460.4,0.819,0.102,5,39.03,18.72,738.0,5.18
CHIKMAGALUR,17:6,True,13.4828,75.7729,5.83,3.36,23.06,37.15,32.88,32.38,22.53,20.5,77.64,2460.4,0.819,0.102,5,39.03,18.72,1285.0,15.12
DAKSHIN KANNAD,24:1,True,12.9439,74.9056,5.97,2.0,29.35,39.12,43.0,21.56,26.74,26.33,76.55,3614.3,0.835,0.095,5,38.08,19.05,13.0,0.41
DAKSHIN KANNAD,24:4,True,12.8037,75.5378,5.57,2.14,25.12,31.58,49.96,15.46,23.41,22.06,78.12,2852.8,0.82,0.099,5,39.7,18.14,304.0,2.59
DAKSHIN KANNAD,24:3,True,12.9128,75.3368,5.59,2.44,24.64,31.88,48.75,17.95,23.41,22.06,78.12,2852.8,0.82,0.099,5,39.7,18.14,168.0,3.43
DAKSHIN KANNAD,24:3,True,12.8967,75.2113,5.6,2.82,26.07,34.93,42.18,18.56,26.74,26.33,76.55,3614.3,0.835,0.095,5,38.08,18.14,103.0,0.85
DAKSHIN KANNAD,24:5,True,12.4985,75.5114,5.61,2.01,24.92,29.15,54.78,10.76,23.82,23.05,79.01,2994.4,0.793,0.112,4,38.9,18.14,151.0,1.78
DAKSHIN KANNAD,24:5,True,12.5928,75.5334,5.58,2.04,25.47,29.78,53.15,14.17,23.82,23.05,79.01,2994.4,0.793,0.112,4,38.9,18.14,236.0,1.61
DAKSHIN KANNAD,24:3,True,13.0489,75.1259,5.64,3.36,28.13,37.79,44.79,20.45,26.74,26.33,76.55,3614.3,0.835,0.095,5,38.08,18.72,98.0,4.38
DAKSHIN KANNAD,24:2,True,12.9585,75.1142,5.65,2.52,27.65,35.17,41.62,19.78,26.74,26.33,76.55,3614.3,0.835,0.095,5,38.08,18.14,98.0,0.64
DAKSHIN KANNAD,,False,12.4911,75.3707,5.43,3.39,37.32,33.5,45.19,20.67,23.82,23.05,79.01,2994.4,0.793,0.112,4,38.9,18.14,513.0,5.26
DAKSHIN KANNAD,24:3,True,13.1557,75.3824,5.52,3.16,32.59,35.29,43.69,18.98,23.41,22.06,78.12,2852.8,0.82,0.099,5,39.7,18.72,245.0,12.45
DAKSHIN KANNAD,24:3,True,12.9581,75.1697,5.7,3.15,28.9,35.15,40.74,18.14,26.74,26.33,76.55,3614.3,0.835,0.095,5,38.08,18.14,112.0,0.77
DAKSHIN KANNAD,24:4,True,12.7264,75.3054,5.59,2.04,28.38,35.38,45.4,19.59,27.08,26.85,77.98,3521.1,0.795,0.113,4,36.03,18.14,84.0,1.34
DAVANGERE,14:2,True,14.5259,76.0676,6.98,1.03,10.37,36.4,36.93,34.28,25.16,23.39,64.13,702.4,0.583,0.22,6,41.6,20.22,645.0,0.84
DAVANGERE,14:5,True,14.1357,75.5491,6.8,1.08,10.81,35.23,35.65,29.98,23.87,21.87,73.34,1866.3,0.802,0.112,6,41.12,19.76,616.0,1.01
DAVANGERE,14:2,True,14.5629,75.999,7.1,1.17,11.35,39.53,33.05,40.77,25.16,23.39,64.13,702.4,0.583,0.22,6,41.6,19.76,638.0,3.21
DAVANGERE,14:6,True,14.0911,75.873,6.86,1.12,11.35,34.34,44.63,22.58,23.87,21.87,73.34,1866.3,0.802,0.112,6,41.12,19.76,621.0,0.22
DAVANGERE,14:5,True,14.2627,75.5978,7.13,1.08,11.2,36.71,33.36,35.34,24.92,23.46,67.99,1365.1,0.768,0.129,6,42.2,19.76,582.0,1.23
DAVANGERE,14:3,True,14.6671,76.3068,7.29,0.99,11.31,36.67,34.59,40.84,25.16,23.39,64.13,702.4,0.583,0.22,6,41.6,20.22,631.0,0.69
DAVANGERE,14:6,True,14.0343,75.9812,6.98,1.13,12.36,35.33,37.88,32.13,24.57,22.79,66.3,865.0,0.629,0.196,6,41.15,19.76,699.0,1.8
DAVANGERE,14:5,True,14.3055,75.7231,6.95,1.07,11.67,34.55,36.67,32.81,24.92,23.46,67.99,1365.1,0.768,0.129,6,42.2,19.76,665.0,1.41
DAVANGERE,14:3,True,14.5961,76.2922,7.19,1.0,10.27,35.09,33.5,41.16,25.16,23.39,64.13,702.4,0.583,0.22,6,41.6,20.22,659.0,0.83
DAVANGERE,14:6,True,13.9725,75.8459,6.75,1.16,13.53,34.03,40.15,24.42,23.87,21.87,73.34,1866.3,0.802,0.112,6,41.12,18.72,688.0,1.03
DAVANGERE,14:5,True,14.2596,75.7118,7.01,1.07,10.57,37.94,35.15,34.42,24.92,23.46,67.99,1365.1,0.768,0.129,6,42.2,19.76,600.0,0.23
DAVANGERE,14:2,True,14.7296,76.1242,7.37,0.98,11.06,36.05,33.22,40.78,25.16,23.39,64.13,702.4,0.583,0.22,6,41.6,20.22,571.0,0.38
GADAG,8:2,True,15.5169,75.8388,7.22,0.93,11.61,30.92,37.62,30.6,25.6,23.63,61.26,680.1,0.647,0.178,6,42.37,19.53,637.0,0.43
GADAG,8:3,True,15.5855,75.6009,7.65,1.02,24.07,35.53,31.89,38.12,25.6,23.63,61.26,680.1,0.647,0.178,6,42.37,19.53,605.0,0.49
GADAG,8:4,True,15.2403,75.4774,7.66,1.16,12.83,39.11,30.56,44.08,25.49,23.83,63.97,800.7,0.658,0.177,6,42.13,19.53,653.0,0.19
GADAG,8:3,True,15.3212,75.4593,7.83,1.1,11.43,38.95,29.64,41.72,25.6,23.63,61.26,680.1,0.647,0.178,6,42.37,19.53,633.0,0.34
GADAG,8:5,True,15.1376,75.8252,7.74,0.96,10.18,33.18,36.67,33.94,25.49,23.83,63.97,800.7,0.658,0.177,6,42.13,19.53,554.0,1.31
GADAG,8:2,True,15.7269,75.7953,7.46,1.12,15.43,33.65,36.51,36.42,25.6,23.63,61.26,680.1,0.647,0.178,6,42.37,19.53,561.0,0.24
GADAG,8:5,True,15.3587,75.7814,7.78,0.89,11.19,31.9,38.84,32.79,25.6,23.63,61.26,680.1,0.647,0.178,6,42.37,19.53,605.0,0.75
GADAG,8:2,True,15.6607,75.8142,7.43,1.12,23.79,33.82,33.92,38.21,25.6,23.63,61.26,680.1,0.647,0.178,6,42.37,19.53,593.0,0.51
GADAG,8:2,True,15.6844,75.6432,7.67,0.99,25.09,35.18,33.07,36.83,25.6,23.63,61.26,680.1,0.647,0.178,6,42.37,19.53,578.0,0.45
GADAG,8:2,True,15.6054,75.7742,7.45,1.05,12.5,31.55,35.89,35.58,25.6,23.63,61.26,680.1,0.647,0.178,6,42.37,19.53,623.0,0.48
GADAG,8:3,True,15.3838,75.5098,7.7,1.02,11.58,35.69,31.57,38.22,25.6,23.63,61.26,680.1,0.647,0.178,6,42.37,19.53,646.0,0.7
GADAG,8:5,True,15.0629,75.8778,7.55,1.01,10.98,32.78,38.47,26.26,25.49,23.83,63.97,800.7,0.658,0.177,6,42.13,19.53,529.0,2.03
MANDYA,22:2,True,12.7513,76.8928,6.57,1.04,11.66,34.38,42.88,19.51,24.11,22.5,67.12,880.9,0.546,0.222,5,40.63,19.49,691.0,0.21
MANDYA,22:5,True,12.4915,76.7952,6.87,1.04,10.33,35.3,38.19,26.85,24.52,23.11,67.75,883.0,0.534,0.232,4,41.44,19.49,758.0,0.83
MANDYA,22:1,True,12.727,76.5172,6.86,1.19,13.55,35.96,37.72,22.72,23.2,22.02,73.35,1604.3,0.717,0.143,4,39.89,19.49,826.0,0.58
MANDYA,22:5,True,12.5262,76.9931,6.68,1.37,14.55,36.95,34.96,24.54,24.52,23.11,67.75,883.0,0.534,0.232,4,41.44,19.49,648.0,0.38
MANDYA,22:6,True,12.4607,76.9497,6.65,1.32,14.21,36.37,34.36,26.28,24.52,23.11,67.75,883.0,0.534,0.232,4,41.44,19.49,679.0,0.44
MANDYA,22:2,True,12.8727,76.6933,6.76,1.11,11.11,31.54,44.83,22.61,24.11,22.5,67.12,880.9,0.546,0.222,5,40.63,19.49,895.0,1.18
MANDYA,22:5,True,12.4995,76.925,6.65,1.35,14.17,36.18,34.43,25.52,24.52,23.11,67.75,883.0,0.534,0.232,4,41.44,19.49,671.0,0.81
MANDYA,22:7,True,12.4437,77.1294,6.78,1.27,13.73,36.04,35.77,25.07,24.52,23.11,67.75,883.0,0.534,0.232,4,41.44,19.73,622.0,0.05
MANDYA,22:2,True,12.9497,76.7878,6.85,1.15,10.54,34.61,44.37,24.06,24.11,22.5,67.12,880.9,0.546,0.222,5,40.63,19.49,764.0,0.74
MANDYA,22:1,True,12.6742,76.4631,7.06,1.15,12.36,33.93,38.48,26.3,23.2,22.02,73.35,1604.3,0.717,0.143,4,39.89,19.49,850.0,0.19
MANDYA,22:1,True,12.7312,76.3879,6.91,1.16,13.52,35.75,38.21,23.13,23.2,22.02,73.35,1604.3,0.717,0.143,4,39.89,19.49,801.0,0.31
MANDYA,22:5,True,12.565,76.8969,6.7,1.32,13.73,35.48,34.74,24.59,24.52,23.11,67.75,883.0,0.534,0.232,4,41.44,19.49,681.0,0.73
GULBARGA,4:3,True,17.6467,77.0638,6.88,1.07,10.53,37.97,36.59,29.09,26.58,23.47,55.25,770.7,0.765,0.125,7,44.6,19.29,584.0,1.08
GULBARGA,4:6,True,16.9166,77.1229,6.89,0.98,10.74,35.43,35.67,23.79,27.23,24.25,55.04,720.5,0.746,0.132,7,45.04,19.96,465.0,1.1
GULBARGA,4:6,True,16.8309,76.9657,7.23,0.98,10.64,40.02,31.38,26.53,27.23,24.25,55.04,720.5,0.746,0.132,7,45.04,19.87,380.0,0.48
GULBARGA,4:2+1,True,17.3453,76.5308,7.36,0.99,18.69,39.33,33.41,32.81,26.88,23.79,53.69,691.2,0.748,0.145,7,44.94,19.47,467.0,0.26
GULBARGA,4:6,True,16.8757,76.9991,7.01,0.99,21.21,38.26,32.6,27.03,27.23,24.25,55.04,720.5,0.746,0.132,7,45.04,19.87,390.0,0.16
GULBARGA,4:6,True,17.1503,76.9735,7.17,1.27,10.86,37.34,36.17,25.33,27.23,24.25,55.04,720.5,0.746,0.132,7,45.04,19.47,395.0,0.56
GULBARGA,4:4,True,17.5113,77.1975,6.88,1.13,10.53,37.99,35.51,31.8,26.11,22.97,57.34,831.4,0.773,0.117,7,44.4,19.29,542.0,1.27
GULBARGA,4:6,True,17.3176,77.0732,7.15,1.37,18.79,37.5,33.21,29.8,26.58,23.47,55.25,770.7,0.765,0.125,7,44.6,19.29,430.0,0.77
GULBARGA,4:2+1,True,17.5703,76.3849,7.05,1.05,11.05,35.71,34.91,33.81,26.88,23.79,53.69,691.2,0.748,0.145,7,44.94,19.47,521.0,1.89
GULBARGA,4:2+1,True,17.1784,76.4672,7.55,0.87,11.28,43.08,30.08,39.86,27.06,24.05,54.06,632.3,0.728,0.152,7,44.82,19.47,411.0,0.71
GULBARGA,4:2+1,True,17.6302,76.6276,7.1,1.03,9.91,35.01,35.25,35.0,26.58,23.47,55.25,770.7,0.765,0.125,7,44.6,19.47,568.0,0.72
GULBARGA,4:6,True,17.4295,77.0336,6.88,1.34,12.65,39.57,30.68,30.39,26.58,23.47,55.25,770.7,0.765,0.125,7,44.6,19.29,421.0,0.27
TUMKUR,18:6,True,13.3724,77.2029,6.25,1.52,17.67,28.52,51.43,14.81,24.02,21.74,66.33,800.0,0.529,0.257,5,40.42,20.19,930.0,10.76
TUMKUR,18:1,True,13.594,76.6944,7.02,1.23,13.75,33.79,45.21,25.99,24.29,22.48,65.46,798.0,0.542,0.233,5,40.72,19.82,793.0,9.4
TUMKUR,18:3,True,14.2059,77.0556,6.94,1.13,12.53,33.19,42.78,28.17,25.15,23.04,63.39,683.6,0.537,0.244,6,41.44,20.36,632.0,3.87
TUMKUR,18:7,True,13.3966,76.9531,6.87,0.94,10.8,33.35,46.64,19.06,24.29,22.48,65.46,798.0,0.542,0.233,5,40.72,19.82,786.0,0.19
TUMKUR,18:4,True,13.7302,77.3009,6.99,0.98,11.07,33.9,43.84,26.85,24.02,21.74,66.33,800.0,0.529,0.257,5,40.42,20.19,689.0,0.33
TUMKUR,18:3,True,13.9172,77.4166,7.08,0.94,10.37,39.83,36.23,30.7,25.39,22.89,63.31,715.1,0.543,0.261,5,41.9,20.19,609.0,0.64
TUMKUR,18:3,True,14.1381,77.3387,7.11,0.98,10.73,34.71,39.98,36.93,25.39,22.89,63.31,715.1,0.543,0.261,5,41.9,20.36,588.0,0.43
TUMKUR,18:4,True,13.6243,77.0693,7.0,1.05,11.71,34.38,44.86,26.07,24.29,22.48,65.46,798.0,0.542,0.233,5,40.72,20.19,809.0,1.93
TUMKUR,18:7,True,13.3417,76.809,6.93,0.98,10.95,31.94,50.02,21.29,24.29,22.48,65.46,798.0,0.542,0.233,5,40.72,19.82,819.0,0.64
TUMKUR,18:2,True,13.8324,76.7889,7.14,1.18,12.29,40.58,33.84,36.13,25.15,23.04,63.39,683.6,0.537,0.244,6,41.44,19.82,613.0,0.68
TUMKUR,18:6,True,13.2399,77.1815,6.37,1.14,10.35,28.1,54.6,13.89,24.11,22.5,67.12,880.9,0.546,0.222,5,40.63,20.19,883.0,1.06
TUMKUR,18:6,True,13.3115,77.1624,6.4,1.15,11.32,27.75,53.5,14.56,24.29,22.48,65.46,798.0,0.542,0.233,5,40.72,20.19,838.0,1.57
SHIMOGA,15:6,True,13.954,75.5794,6.56,1.05,12.2,35.74,37.29,24.38,23.87,21.87,73.34,1866.3,0.802,0.112,6,41.12,18.72,576.0,0.82
SHIMOGA,15:4,True,13.6414,75.0503,5.75,3.23,58.77,28.02,44.58,30.45,25.38,24.34,77.32,3354.6,0.848,0.09,5,38.61,18.72,593.0,0.0
SHIMOGA,15:4,True,13.7021,75.1045,5.63,2.82,35.35,28.18,46.9,27.36,25.38,24.34,77.32,3354.6,0.848,0.09,5,38.61,18.72,593.0,4.55
SHIMOGA,15:1,True,14.0831,75.2615,6.18,1.48,14.92,32.87,39.93,33.67,24.33,22.54,79.02,2754.3,0.846,0.092,5,40.38,19.76,650.0,1.41
SHIMOGA,15:4,True,13.9996,75.2278,6.34,1.52,15.32,30.04,41.95,29.14,24.33,22.54,79.02,2754.3,0.846,0.092,5,40.38,18.72,630.0,0.92
SHIMOGA,15:4,True,13.9326,74.934,5.69,2.19,27.05,26.76,46.0,25.67,24.33,22.54,79.02,2754.3,0.846,0.092,5,40.38,19.02,608.0,4.89
SHIMOGA,15:4,True,13.6873,75.0692,5.72,3.3,38.31,29.18,44.38,25.03,25.38,24.34,77.32,3354.6,0.848,0.09,5,38.61,18.72,636.0,1.5
SHIMOGA,15:1,True,14.0584,75.1734,6.16,1.69,15.47,29.37,41.88,26.86,24.33,22.54,79.02,2754.3,0.846,0.092,5,40.38,19.76,627.0,1.33
SHIMOGA,15:4,True,13.9805,75.1446,6.21,1.72,17.94,28.4,40.66,28.06,24.33,22.54,79.02,2754.3,0.846,0.092,5,40.38,18.72,613.0,1.26
SHIMOGA,15:2,True,14.5282,75.2468,6.36,1.26,11.43,33.92,38.29,36.1,24.39,22.64,74.71,1885.8,0.821,0.105,6,41.54,19.76,613.0,1.03
SHIMOGA,15:1,True,14.1946,74.74,5.71,2.86,31.37,27.03,44.21,24.97,24.33,22.54,79.02,2754.3,0.846,0.092,5,40.38,19.17,606.0,7.89
SHIMOGA,15:2,True,14.4038,75.0507,5.8,1.7,19.02,30.1,42.4,27.6,24.39,22.64,74.71,1885.8,0.821,0.105,6,41.54,19.76,624.0,3.11
UDUPI,24:1,True,13.068,74.9056,5.68,2.09,27.27,36.45,45.87,21.64,26.74,26.33,76.55,3614.3,0.835,0.095,5,38.08,19.02,82.0,2.15
UDUPI,16:3,True,13.3013,74.9339,5.63,1.88,27.53,36.26,42.99,22.34,25.38,24.34,77.32,3354.6,0.848,0.09,5,38.61,19.02,63.0,0.99
UDUPI,16:3,True,13.4619,75.002,5.8,1.71,20.24,35.59,43.81,19.04,25.38,24.34,77.32,3354.6,0.848,0.09,5,38.61,18.72,85.0,1.79
UDUPI,16:2,True,13.4652,74.8415,5.87,2.0,35.7,36.58,40.08,23.01,25.38,24.34,77.32,3354.6,0.848,0.09,5,38.61,19.02,19.0,0.19
UDUPI,16:2,True,13.3179,74.7778,5.97,2.03,28.62,34.77,42.87,20.15,25.38,24.34,77.32,3354.6,0.848,0.09,5,38.61,19.02,33.0,1.34
UDUPI,16:3,True,13.2382,74.9293,5.74,1.97,28.55,36.83,40.94,22.42,26.74,26.33,76.55,3614.3,0.835,0.095,5,38.08,19.02,47.0,1.45
UDUPI,16:1,True,13.8246,74.6354,6.1,1.98,32.39,33.73,40.13,23.17,26.96,26.14,78.24,3553.6,0.866,0.083,5,33.42,19.02,13.0,0.21
UDUPI,16:3,True,13.4789,75.0864,5.63,2.79,28.68,30.25,45.16,19.68,25.38,24.34,77.32,3354.6,0.848,0.09,5,38.61,18.72,151.0,2.4
UDUPI,16:1,True,13.6934,74.7186,6.06,1.97,34.0,34.07,42.51,23.11,25.38,24.34,77.32,3354.6,0.848,0.09,5,38.61,19.02,17.0,1.03
UDUPI,16:1,True,13.7687,74.696,6.01,1.98,31.01,32.49,44.02,22.44,24.33,22.54,79.02,2754.3,0.846,0.092,5,40.38,19.02,47.0,1.96
UDUPI,16:1,True,13.6168,74.72,5.97,2.04,30.02,35.32,37.28,22.9,25.38,24.34,77.32,3354.6,0.848,0.09,5,38.61,19.02,3.0,0.22
UDUPI,24:1,True,13.0274,74.9362,5.77,2.0,26.85,39.47,44.3,22.31,26.74,26.33,76.55,3614.3,0.835,0.095,5,38.08,19.02,60.0,0.63
UTTAR KANNAD,10:6,True,14.5338,74.9333,5.99,1.52,16.27,30.03,42.96,31.9,24.39,22.64,74.71,1885.8,0.821,0.105,6,41.54,19.17,583.0,1.24
UTTAR KANNAD,10:7,True,14.6913,74.4565,5.65,2.26,22.82,30.45,40.35,21.1,26.42,25.2,77.43,2873.6,0.863,0.084,6,35.89,19.17,33.0,1.01
UTTAR KANNAD,10:4,True,14.9579,74.6446,5.72,2.16,25.21,30.2,41.87,26.47,25.32,23.72,77.14,2320.2,0.86,0.085,6,39.71,19.17,419.0,0.98
UTTAR KANNAD,10:3,True,15.2796,74.839,6.38,1.12,11.29,38.43,34.4,27.65,24.84,23.23,66.04,1064.2,0.762,0.127,6,42.17,18.63,528.0,0.97
UTTAR KANNAD,10:2,True,15.1416,74.2939,5.62,3.16,39.8,34.58,38.63,28.14,25.32,23.72,77.14,2320.2,0.86,0.085,6,39.71,18.63,735.0,5.78
UTTAR KANNAD,10:3,True,15.2676,74.684,5.93,1.52,15.04,35.08,37.96,32.46,25.17,24.13,70.94,1889.4,0.854,0.085,6,42.39,18.63,480.0,0.82
UTTAR KANNAD,10:2,True,15.2735,74.3326,5.73,3.18,28.02,29.88,41.85,26.79,25.17,24.13,70.94,1889.4,0.854,0.085,6,42.39,18.63,653.0,0.91
UTTAR KANNAD,10:4,True,14.8242,74.7953,5.81,2.33,20.47,27.23,43.36,27.43,24.93,23.44,69.68,1392.9,0.79,0.117,6,42.17,19.17,522.0,2.17
UTTAR KANNAD,10:9,True,14.3907,74.8984,6.22,1.44,16.67,28.48,43.13,29.92,24.39,22.64,74.71,1885.8,0.821,0.105,6,41.54,19.17,584.0,1.51
UTTAR KANNAD,10:2,True,15.2604,74.3961,5.68,2.32,25.33,30.98,41.08,28.01,25.17,24.13,70.94,1889.4,0.854,0.085,6,42.39,18.63,708.0,3.67
UTTAR KANNAD,10:8,True,14.3633,74.5642,5.64,3.55,42.89,31.56,42.11,24.16,26.42,25.2,77.43,2873.6,0.863,0.084,6,35.89,19.17,555.0,10.26
UTTAR KANNAD,10:9,True,14.4811,74.7672,5.65,1.91,22.08,30.33,43.02,24.95,24.39,22.64,74.71,1885.8,0.821,0.105,6,41.54,19.17,604.0,1.92
BIJAPUR,3:3,True,16.9081,76.4433,7.31,0.81,10.8,40.0,36.4,29.85,27.06,24.05,54.06,632.3,0.728,0.152,7,44.82,19.87,468.0,0.75
BIJAPUR,3:2,True,17.147,75.8791,7.45,0.87,11.36,39.17,34.89,35.92,26.53,23.57,54.77,553.7,0.716,0.17,7,44.1,19.66,505.0,0.22
BIJAPUR,3:3,True,17.147,76.213,7.55,0.85,11.79,44.39,29.5,38.72,27.06,24.05,54.06,632.3,0.728,0.152,7,44.82,19.47,424.0,0.67
BIJAPUR,3:2,True,17.3904,75.7591,7.27,0.84,11.66,42.74,32.66,27.34,26.87,23.69,53.44,598.1,0.737,0.164,7,44.8,19.66,432.0,0.16
BIJAPUR,3:1,True,16.7617,75.6395,7.09,0.93,14.52,34.26,37.17,37.62,26.53,23.57,54.77,553.7,0.716,0.17,7,44.1,19.65,625.0,0.58
BIJAPUR,3:3,True,16.8476,76.1222,7.23,0.88,9.65,36.47,38.4,29.91,27.06,24.05,54.06,632.3,0.728,0.152,7,44.82,19.87,505.0,0.79
BIJAPUR,3:5,True,16.2433,76.1294,7.53,0.85,12.17,37.4,38.69,32.19,26.47,23.92,57.11,576.1,0.65,0.178,6,43.8,19.87,523.0,0.75
BIJAPUR,3:1,True,17.0494,75.65,7.25,0.92,10.9,33.21,38.11,37.36,26.53,23.57,54.77,553.7,0.716,0.17,7,44.1,19.66,571.0,0.44
BIJAPUR,3:3,True,17.0239,76.2184,7.48,0.84,12.04,42.81,31.55,34.51,27.06,24.05,54.06,632.3,0.728,0.152,7,44.82,19.47,453.0,0.48
BIJAPUR,3:2,True,17.062,75.7814,7.19,1.0,11.87,37.05,33.7,38.78,26.53,23.57,54.77,553.7,0.716,0.17,7,44.1,19.66,574.0,1.38
BIJAPUR,3:5,True,16.4267,76.3072,7.49,0.93,12.51,33.47,39.1,35.14,26.66,23.84,55.64,584.1,0.692,0.164,7,44.19,19.87,508.0,1.0
BIJAPUR,3:4,True,16.4968,76.0197,7.41,0.88,9.79,32.02,40.71,34.02,26.66,23.84,55.64,584.1,0.692,0.164,7,44.19,19.87,584.0,0.53
MYSORE,26:6,True,12.0864,76.6698,6.81,1.42,12.59,32.4,36.87,26.67,23.86,22.49,69.82,886.2,0.508,0.266,4,40.67,19.49,666.0,0.31
MYSORE,26:7,True,12.1918,76.992,6.64,1.18,13.48,34.31,34.16,26.62,23.86,22.49,69.82,886.2,0.508,0.266,4,40.67,19.49,643.0,0.54
MYSORE,26:5,True,11.8482,76.4071,5.98,1.45,13.67,35.81,43.1,22.94,23.31,22.41,76.05,1737.8,0.693,0.161,4,40.03,18.58,770.0,1.45
MYSORE,26:4,True,12.2377,76.6865,6.64,1.14,11.88,34.6,39.12,26.88,23.86,22.49,69.82,886.2,0.508,0.266,4,40.67,19.49,712.0,0.78
MYSORE,26:5,True,11.8546,76.3971,5.9,1.56,16.53,35.96,41.9,23.05,23.31,22.41,76.05,1737.8,0.693,0.161,4,40.03,18.58,807.0,4.52
MYSORE,26:4,True,12.2055,76.7219,6.83,1.12,11.35,32.51,38.46,26.75,23.86,22.49,69.82,886.2,0.508,0.266,4,40.67,19.49,696.0,0.46
MYSORE,26:2,True,12.3523,76.5114,7.03,1.3,15.19,36.24,36.88,28.86,23.2,22.02,73.35,1604.3,0.717,0.143,4,39.89,19.49,827.0,1.32
MYSORE,26:3,True,12.5854,76.2659,7.0,1.41,13.67,34.39,41.81,27.19,23.2,22.02,73.35,1604.3,0.717,0.143,4,39.89,19.49,803.0,0.28
MYSORE,26:5,True,12.1945,76.5114,6.83,1.18,12.4,31.48,40.39,25.45,23.31,22.41,76.05,1737.8,0.693,0.161,4,40.03,19.49,788.0,1.29
MYSORE,26:6,True,12.1285,76.7346,6.79,1.25,12.06,34.82,35.55,28.6,23.86,22.49,69.82,886.2,0.508,0.266,4,40.67,19.49,652.0,0.45
MYSORE,26:4,True,12.2443,76.5413,6.87,1.17,11.77,32.48,41.08,26.62,23.31,22.41,76.05,1737.8,0.693,0.161,4,40.03,19.49,770.0,0.87
MYSORE,26:6,True,11.9503,76.5484,6.87,1.41,14.12,34.88,40.23,29.57,23.31,22.41,76.05,1737.8,0.693,0.161,4,40.03,18.58,742.0,0.43
BAGALKOT,2:5,True,16.2506,75.7815,7.38,0.87,10.46,30.44,49.49,26.76,26.25,23.69,56.3,541.3,0.686,0.174,7,43.44,19.65,531.0,1.53
BAGALKOT,2:3,True,16.3702,75.1501,7.04,1.06,11.24,35.35,45.76,21.93,25.86,23.78,58.45,612.5,0.737,0.15,7,43.3,19.65,562.0,0.57
BAGALKOT,2:4,True,16.0053,75.5255,7.12,0.94,13.21,32.28,46.26,27.62,26.07,23.83,58.12,590.4,0.659,0.176,6,43.05,19.65,656.0,1.29
BAGALKOT,2:2,True,16.4338,75.5165,7.19,0.91,12.79,33.75,43.71,23.3,26.25,23.69,56.3,541.3,0.686,0.174,7,43.44,19.65,523.0,0.46
BAGALKOT,2:4,True,16.0251,75.6497,7.51,0.88,12.16,33.27,39.14,33.03,26.07,23.83,58.12,590.4,0.659,0.176,6,43.05,19.65,597.0,0.75
BAGALKOT,2:4,True,16.0065,75.4883,7.14,0.93,12.14,31.8,47.63,28.78,26.07,23.83,58.12,590.4,0.659,0.176,6,43.05,19.65,662.0,0.62
BAGALKOT,2:3,True,16.2528,75.3171,7.28,0.94,11.53,30.64,52.86,23.98,26.25,23.69,56.3,541.3,0.686,0.174,7,43.44,19.65,560.0,1.15
BAGALKOT,2:2,True,16.3089,75.506,7.39,0.86,10.39,32.33,44.75,29.87,26.25,23.69,56.3,541.3,0.686,0.174,7,43.44,19.65,558.0,0.83
BAGALKOT,2:5,True,16.2921,75.9669,7.43,0.88,14.31,35.05,41.21,25.6,26.66,23.84,55.64,584.1,0.692,0.164,7,44.19,19.65,495.0,0.68
BAGALKOT,2:4,True,16.1216,75.4578,7.26,0.88,11.78,31.88,43.64,32.56,26.07,23.83,58.12,590.4,0.659,0.176,6,43.05,19.65,576.0,0.57
BAGALKOT,2:5,True,16.1838,75.7865,7.47,1.19,14.29,38.88,34.23,39.28,26.07,23.83,58.12,590.4,0.659,0.176,6,43.05,19.65,550.0,0.75
BAGALKOT,2:4,True,15.8892,75.7967,7.02,0.99,10.84,28.81,50.26,21.44,26.07,23.83,58.12,590.4,0.659,0.176,6,43.05,19.53,587.0,1.16
BIDAR,5:4,True,18.0034,77.4212,7.21,1.14,10.17,37.06,32.5,36.1,26.18,22.78,56.29,858.8,0.792,0.109,7,44.55,19.23,562.0,1.68
BIDAR,5:1,True,17.8164,77.0717,7.0,1.07,9.63,37.01,35.65,32.18,26.06,22.76,55.28,788.5,0.779,0.121,7,44.16,19.29,660.0,0.07
BIDAR,5:1,True,17.6988,76.8736,6.91,1.12,12.01,32.61,39.01,32.49,26.58,23.47,55.25,770.7,0.765,0.125,7,44.6,19.47,603.0,2.38
BIDAR,5:2,True,17.9151,77.201,7.07,1.08,8.68,39.0,31.92,30.65,26.18,22.78,56.29,858.8,0.792,0.109,7,44.55,19.29,598.0,0.56
BIDAR,5:3,True,18.1606,77.4888,7.09,1.05,10.24,35.48,34.8,34.56,26.18,22.78,56.29,858.8,0.792,0.109,7,44.55,19.23,579.0,0.74
BIDAR,5:3,True,18.324,77.2285,7.18,1.21,10.72,37.05,34.22,33.7,26.82,23.23,54.51,858.4,0.813,0.1,7,45.57,19.23,610.0,1.56
BIDAR,5:3,True,18.2684,77.3111,7.22,1.16,10.25,36.25,34.3,34.44,26.82,23.23,54.51,858.4,0.813,0.1,7,45.57,19.23,611.0,0.31
BIDAR,5:5,True,17.8138,77.2521,7.24,1.0,9.15,40.28,32.37,29.97,26.18,22.78,56.29,858.8,0.792,0.109,7,44.55,19.29,594.0,0.48
BIDAR,5:4,True,17.9289,77.5075,7.01,1.21,11.95,35.95,40.17,27.07,26.18,22.78,56.29,858.8,0.792,0.109,7,44.55,19.29,641.0,3.54
BIDAR,5:2,True,18.1436,76.9326,7.02,1.09,9.03,39.34,30.47,33.93,26.06,22.76,55.28,788.5,0.779,0.121,7,44.16,19.3,562.0,0.42
BIDAR,5:2,True,18.1123,77.3153,7.38,1.03,8.74,38.37,30.34,34.44,26.18,22.78,56.29,858.8,0.792,0.109,7,44.55,19.23,548.0,0.98
BIDAR,5:3,True,18.1586,77.3613,7.44,1.1,9.82,37.83,31.2,37.92,26.18,22.78,56.29,858.8,0.792,0.109,7,44.55,19.23,547.0,0.52
CHAMARAJANAGAR,27:1,True,11.8857,76.5793,6.4,1.42,13.75,35.51,38.66,28.74,23.86,22.49,69.82,886.2,0.508,0.266,4,40.67,18.58,910.0,0.64
CHAMARAJANAGAR,27:4,True,11.9589,77.3133,6.83,1.28,13.51,32.18,40.42,28.47,24.88,22.67,67.69,795.9,0.445,0.33,4,42.08,19.74,805.0,3.27
CHAMARAJANAGAR,27:3,True,11.9825,77.129,6.07,2.54,23.7,34.45,38.47,23.63,23.86,22.49,69.82,886.2,0.508,0.266,4,40.67,19.74,1009.0,12.43
CHAMARAJANAGAR,27:4,True,11.9791,77.5112,6.18,2.59,26.08,31.96,37.98,25.55,24.88,22.67,67.69,795.9,0.445,0.33,4,42.08,19.74,936.0,13.29
CHAMARAJANAGAR,27:1,True,11.7693,76.7774,6.94,1.27,12.26,32.02,40.86,28.19,23.86,22.49,69.82,886.2,0.508,0.266,4,40.67,18.58,921.0,2.65
CHAMARAJANAGAR,27:4,True,12.0598,77.4887,6.61,1.44,16.76,32.68,38.12,31.64,24.88,22.67,67.69,795.9,0.445,0.33,4,42.08,19.73,501.0,1.21
CHAMARAJANAGAR,27:2,True,11.9515,77.0706,6.89,1.4,12.07,32.1,40.94,28.75,23.86,22.49,69.82,886.2,0.508,0.266,4,40.67,19.74,815.0,0.96
CHAMARAJANAGAR,27:1,True,11.6754,76.8189,6.47,1.83,20.05,32.23,39.22,28.39,23.5,21.97,72.73,947.1,0.493,0.299,4,40.27,18.58,1065.0,9.09
CHAMARAJANAGAR,27:1,True,11.7262,76.6069,6.22,1.44,16.49,34.46,38.16,24.46,23.5,21.97,72.73,947.1,0.493,0.299,4,40.27,18.58,933.0,0.41
CHAMARAJANAGAR,27:4,True,12.2013,77.4423,6.81,1.26,17.81,32.5,38.39,30.89,24.88,22.67,67.69,795.9,0.445,0.33,4,42.08,19.73,546.0,2.43
CHAMARAJANAGAR,27:1,True,11.8248,76.7632,6.99,1.22,13.98,32.33,41.36,30.54,23.86,22.49,69.82,886.2,0.508,0.266,4,40.67,18.58,807.0,0.1
CHAMARAJANAGAR,27:2,True,11.9399,76.9446,6.92,1.32,13.55,30.33,40.25,29.32,23.86,22.49,69.82,886.2,0.508,0.266,4,40.67,18.58,698.0,0.07
HASSAN,23:2,True,13.1854,76.0018,6.8,1.14,11.69,31.39,43.66,27.15,23.02,21.46,71.84,1417.6,0.715,0.144,4,39.67,19.82,916.0,1.84
HASSAN,23:4,True,12.9146,76.1755,7.0,1.19,12.37,36.27,38.25,30.68,23.02,21.46,71.84,1417.6,0.715,0.144,4,39.67,19.49,885.0,0.83
HASSAN,23:4,True,13.0982,76.1143,7.08,1.13,11.84,32.97,39.27,30.94,23.02,21.46,71.84,1417.6,0.715,0.144,4,39.67,19.82,1000.0,0.45
HASSAN,23:7,True,12.6449,76.2421,7.12,1.18,12.26,32.21,41.92,27.13,23.2,22.02,73.35,1604.3,0.717,0.143,4,39.89,19.49,878.0,1.59
HASSAN,23:1,True,12.9068,75.8241,5.78,1.83,18.83,31.56,41.1,27.5,23.41,22.06,78.12,2852.8,0.82,0.099,5,39.7,18.14,913.0,2.14
HASSAN,23:4,True,13.1134,76.0497,6.47,1.63,18.26,31.04,39.75,27.67,23.02,21.46,71.84,1417.6,0.715,0.144,4,39.67,19.82,1147.0,5.76
HASSAN,23:8,True,12.8459,76.5208,7.14,1.07,12.01,31.89,42.57,23.92,23.02,21.46,71.84,1417.6,0.715,0.144,4,39.67,19.49,889.0,0.52
HASSAN,23:4,True,12.9793,76.0414,6.64,1.25,12.58,34.84,37.34,25.49,23.02,21.46,71.84,1417.6,0.715,0.144,4,39.67,19.49,921.0,0.88
HASSAN,23:3,True,13.2931,76.1517,6.91,1.33,13.23,32.83,41.94,28.16,23.65,21.88,68.79,1137.3,0.684,0.164,6,40.36,19.82,848.0,0.57
HASSAN,23:7,True,12.8025,76.3237,7.0,1.25,13.88,35.59,38.43,24.0,23.02,21.46,71.84,1417.6,0.715,0.144,4,39.67,19.49,822.0,0.67
HASSAN,23:8,True,13.0064,76.445,7.02,1.37,11.77,31.37,42.31,21.27,23.02,21.46,71.84,1417.6,0.715,0.144,4,39.67,19.82,912.0,1.07
HASSAN,23:1,True,12.9927,75.7457,5.8,1.76,18.75,31.76,41.99,29.12,23.41,22.06,78.12,2852.8,0.82,0.099,5,39.7,18.14,898.0,0.16
KODAGU,25:1,True,12.1915,75.6031,5.46,3.88,44.97,36.74,43.32,27.31,24.98,24.62,79.48,2889.5,0.752,0.133,4,37.81,18.14,705.0,9.96
KODAGU,25:3,True,12.3571,75.9329,5.61,2.4,22.61,29.27,39.24,22.99,23.82,23.05,79.01,2994.4,0.793,0.112,4,38.9,18.14,931.0,4.83
KODAGU,25:1,True,12.3301,75.5488,5.46,4.85,46.85,33.81,37.44,28.55,23.82,23.05,79.01,2994.4,0.793,0.112,4,38.9,18.14,1203.0,3.81
KODAGU,25:3,True,12.1534,76.096,5.82,2.11,19.76,30.74,40.32,20.71,23.31,22.41,76.05,1737.8,0.693,0.161,4,40.03,19.49,830.0,0.54
KODAGU,25:2,True,12.4348,75.7848,5.6,2.77,30.92,29.75,38.14,25.6,23.82,23.05,79.01,2994.4,0.793,0.112,4,38.9,18.14,1074.0,6.14
KODAGU,25:3,True,12.1954,76.0467,5.93,2.06,18.19,33.62,39.21,22.5,23.31,22.41,76.05,1737.8,0.693,0.161,4,40.03,19.49,863.0,2.69
KODAGU,25:1,True,12.2824,75.7578,5.59,2.49,20.83,32.17,40.31,21.72,23.82,23.05,79.01,2994.4,0.793,0.112,4,38.9,18.14,865.0,2.01
KODAGU,25:1,True,12.4788,75.6097,5.48,3.25,35.51,35.73,46.27,15.95,23.82,23.05,79.01,2994.4,0.793,0.112,4,38.9,18.14,326.0,12.33
KODAGU,25:3,True,12.1929,75.8984,5.67,2.11,21.61,32.83,41.14,25.22,24.98,24.62,79.48,2889.5,0.752,0.133,4,37.81,18.14,897.0,1.91
KODAGU,25:2,True,12.6298,75.9077,5.79,2.48,29.71,30.11,36.69,27.85,23.82,23.05,79.01,2994.4,0.793,0.112,4,38.9,18.14,971.0,7.66
KODAGU,25:3,True,12.2361,75.7917,5.65,2.29,18.46,34.46,40.58,22.98,24.98,24.62,79.48,2889.5,0.752,0.133,4,37.81,18.14,875.0,2.29
KODAGU,25:3,True,12.0011,75.8503,5.48,2.89,37.94,33.71,39.7,25.74,24.98,24.62,79.48,2889.5,0.752,0.133,4,37.81,18.14,845.0,0.63
HAVERI,11:6,True,14.5569,75.3178,6.66,1.02,10.13,36.62,38.38,29.54,24.92,23.46,67.99,1365.1,0.768,0.129,6,42.2,19.76,596.0,0.81
HAVERI,11:6,True,14.4408,75.375,6.69,1.01,10.14,36.97,33.57,33.01,24.92,23.46,67.99,1365.1,0.768,0.129,6,42.2,19.76,610.0,0.41
HAVERI,11:4,True,14.8811,75.6265,7.66,1.05,15.89,40.56,28.83,42.16,25.49,23.83,63.97,800.7,0.658,0.177,6,42.13,19.76,555.0,0.38
HAVERI,11:6,True,14.5471,75.3261,6.64,1.02,9.96,34.92,37.74,30.01,24.92,23.46,67.99,1365.1,0.768,0.129,6,42.2,19.76,603.0,1.04
HAVERI,11:4,True,14.8534,75.5739,7.92,0.99,12.38,42.5,28.42,46.45,25.49,23.83,63.97,800.7,0.658,0.177,6,42.13,19.76,553.0,0.54
HAVERI,11:4,True,14.7333,75.3249,6.96,1.0,10.45,40.1,30.68,36.07,24.92,23.46,67.99,1365.1,0.768,0.129,6,42.2,19.76,573.0,0.7
HAVERI,11:4,True,14.8297,75.3835,7.42,1.09,11.37,43.37,29.0,39.97,25.49,23.83,63.97,800.7,0.658,0.177,6,42.13,19.76,563.0,1.02
HAVERI,11:7,True,14.5463,75.6031,7.68,1.04,11.69,41.82,28.31,41.5,24.92,23.46,67.99,1365.1,0.768,0.129,6,42.2,19.76,576.0,0.7
HAVERI,11:3,True,14.8754,75.1092,6.4,1.07,10.09,35.98,36.83,29.8,24.93,23.44,69.68,1392.9,0.79,0.117,6,42.17,19.76,591.0,0.47
HAVERI,11:5,True,14.6871,75.4907,7.37,1.12,11.01,44.07,27.74,40.07,24.92,23.46,67.99,1365.1,0.768,0.129,6,42.2,19.76,611.0,0.87
HAVERI,11:7,True,14.6523,75.5624,7.74,0.96,10.4,42.48,28.67,44.94,24.92,23.46,67.99,1365.1,0.768,0.129,6,42.2,19.76,600.0,1.01
HAVERI,11:5,True,14.6521,75.3526,6.77,1.06,10.27,37.33,38.22,33.0,24.92,23.46,67.99,1365.1,0.768,0.129,6,42.2,19.76,594.0,0.11
KOPPAL,7:2,True,15.9313,76.0224,7.35,0.86,10.25,30.0,48.46,27.45,26.47,23.92,57.11,576.1,0.65,0.178,6,43.8,19.94,578.0,0.44
KOPPAL,7:4,True,15.3767,76.252,7.04,0.88,18.03,33.01,44.26,27.9,26.15,23.81,59.49,600.0,0.614,0.194,6,42.97,19.94,505.0,0.53
KOPPAL,7:4,True,15.2677,75.9515,7.43,0.94,12.7,33.83,36.38,31.49,26.15,23.81,59.49,600.0,0.614,0.194,6,42.97,19.53,536.0,0.75
KOPPAL,7:1,True,15.466,75.8441,7.49,0.85,10.99,29.6,40.84,30.29,25.6,23.63,61.26,680.1,0.647,0.178,6,42.37,19.53,607.0,0.38
KOPPAL,7:4,True,15.2566,76.2649,6.92,1.38,17.23,36.17,43.03,16.57,26.15,23.81,59.49,600.0,0.614,0.194,6,42.97,19.94,492.0,0.0
KOPPAL,7:3,True,15.3886,76.461,6.76,1.17,20.78,28.48,51.58,20.13,26.15,23.81,59.49,600.0,0.614,0.194,6,42.97,19.94,560.0,3.89
KOPPAL,7:2,True,15.987,76.0553,7.41,1.08,16.55,31.76,38.82,38.3,26.47,23.92,57.11,576.1,0.65,0.178,6,43.8,19.94,584.0,0.75
KOPPAL,7:2,True,15.6493,76.3413,6.92,0.9,16.91,29.07,50.96,24.95,26.15,23.81,59.49,600.0,0.614,0.194,6,42.97,19.94,561.0,0.43
KOPPAL,7:2,True,15.8308,76.1927,7.32,0.95,11.11,33.73,42.87,30.6,26.47,23.92,57.11,576.1,0.65,0.178,6,43.8,19.94,613.0,0.7
KOPPAL,7:3,True,15.5078,76.4079,6.95,0.9,9.96,28.29,50.01,23.8,26.15,23.81,59.49,600.0,0.614,0.194,6,42.97,19.94,497.0,1.63
KOPPAL,7:3,True,15.4289,76.5155,6.83,1.25,17.65,30.19,49.25,19.75,26.15,23.81,59.49,600.0,0.614,0.194,6,42.97,19.94,418.0,5.66
KOPPAL,7:3,True,15.4963,76.3747,6.6,1.11,13.49,26.56,52.67,19.84,26.15,23.81,59.49,600.0,0.614,0.194,6,42.97,19.94,618.0,3.56
BANGALORE RURAL,21:4,True,12.9715,77.8099,6.48,0.95,9.42,30.04,51.06,17.87,23.74,21.61,67.94,842.5,0.522,0.251,4,40.38,19.73,878.0,0.46
BANGALORE RURAL,21:3,True,13.2289,77.5668,6.46,1.15,12.98,26.51,52.9,12.54,23.74,21.61,67.94,842.5,0.522,0.251,4,40.38,20.19,883.0,0.33
BANGALORE RURAL,21:2,True,13.2838,77.5635,6.43,1.19,9.71,27.23,52.23,12.94,24.02,21.74,66.33,800.0,0.529,0.257,5,40.42,20.19,906.0,1.35
BANGALORE RURAL,21:2,True,13.4552,77.4644,6.31,1.07,10.12,28.26,58.47,11.88,24.02,21.74,66.33,800.0,0.529,0.257,5,40.42,20.19,744.0,0.37
BANGALORE RURAL,21:4,True,13.0924,77.8494,6.67,0.84,9.04,27.17,57.46,13.18,23.83,21.25,69.24,876.1,0.497,0.296,4,40.91,20.19,909.0,0.4
BANGALORE RURAL,21:3,True,13.2898,77.6165,6.38,1.22,9.55,27.23,54.18,12.26,24.02,21.74,66.33,800.0,0.529,0.257,5,40.42,20.19,914.0,0.26
BANGALORE RURAL,21:1,True,13.0737,77.4153,6.42,1.05,9.34,26.65,57.71,12.54,23.74,21.61,67.94,842.5,0.522,0.251,4,40.38,20.19,888.0,1.03
BANGALORE RURAL,21:2,True,13.381,77.4628,6.11,1.01,11.41,26.98,59.7,8.8,24.02,21.74,66.33,800.0,0.529,0.257,5,40.42,20.19,880.0,1.06
BANGALORE RURAL,21:1,True,13.1366,77.3756,6.28,1.25,10.72,30.55,54.96,13.47,23.74,21.61,67.94,842.5,0.522,0.251,4,40.38,20.19,887.0,0.68
BANGALORE RURAL,21:2,True,13.3335,77.5411,6.31,1.23,10.06,26.7,56.43,10.88,24.02,21.74,66.33,800.0,0.529,0.257,5,40.42,20.19,902.0,0.82
BANGALORE RURAL,21:2,True,13.3037,77.4509,6.31,1.13,10.13,28.68,55.61,11.91,24.02,21.74,66.33,800.0,0.529,0.257,5,40.42,20.19,921.0,1.0
BANGALORE RURAL,21:2,True,13.2034,77.4759,6.55,1.07,9.62,30.79,48.3,18.13,23.74,21.61,67.94,842.5,0.522,0.251,4,40.38,20.19,893.0,1.29
BENGALURU URBAN,20:1,True,13.1433,77.4967,6.52,0.93,12.33,27.87,55.08,11.96,23.74,21.61,67.94,842.5,0.522,0.251,4,40.38,20.19,868.0,0.69
BENGALURU URBAN,20:3,True,12.822,77.8024,6.82,1.16,10.31,32.93,46.13,21.18,23.74,21.61,67.94,842.5,0.522,0.251,4,40.38,19.73,887.0,0.4
BENGALURU URBAN,20:2,True,12.9688,77.3664,6.42,1.0,10.3,27.53,53.81,13.77,23.74,21.61,67.94,842.5,0.522,0.251,4,40.38,19.73,811.0,2.01
BENGALURU URBAN,20:1,True,12.9658,77.5158,6.4,1.09,11.5,26.13,57.67,17.72,23.74,21.61,67.94,842.5,0.522,0.251,4,40.38,19.73,859.0,0.9
BENGALURU URBAN,20:3,True,12.7654,77.6679,6.44,1.12,11.54,32.36,47.08,20.01,23.74,21.61,67.94,842.5,0.522,0.251,4,40.38,19.73,914.0,0.53
BENGALURU URBAN,20:1,True,13.1139,77.5616,6.43,1.43,12.25,25.36,57.77,13.53,23.74,21.61,67.94,842.5,0.522,0.251,4,40.38,20.19,904.0,0.68
BENGALURU URBAN,20:1,True,13.1418,77.4502,6.37,1.39,10.78,28.0,56.5,9.97,23.74,21.61,67.94,842.5,0.522,0.251,4,40.38,20.19,903.0,1.78
BENGALURU URBAN,20:1,True,13.122,77.5889,6.5,1.04,10.33,25.0,57.24,13.64,23.74,21.61,67.94,842.5,0.522,0.251,4,40.38,20.19,899.0,0.47
BENGALURU URBAN,20:3,True,12.7052,77.6724,6.31,1.26,11.68,34.17,47.65,18.92,24.45,22.34,68.11,833.3,0.495,0.275,4,41.69,19.73,922.0,1.08
BENGALURU URBAN,20:1,True,13.1275,77.5441,6.39,1.16,10.16,27.2,57.22,12.88,23.74,21.61,67.94,842.5,0.522,0.251,4,40.38,20.19,902.0,1.66
BENGALURU URBAN,20:4,True,13.0416,77.7448,6.6,1.08,9.69,28.97,53.83,18.41,23.74,21.61,67.94,842.5,0.522,0.251,4,40.38,20.19,884.0,0.7
BENGALURU URBAN,20:1,True,13.1739,77.6113,6.41,1.18,10.32,26.25,56.56,14.07,23.74,21.61,67.94,842.5,0.522,0.251,4,40.38,20.19,923.0,0.21
BELGAUM,1:1,True,16.4267,74.3776,6.9,1.05,10.48,38.0,36.39,29.75,24.83,23.15,65.19,1213.8,0.852,0.09,7,43.07,19.17,568.0,0.97
BELGAUM,1:2,True,16.5889,75.0229,7.35,1.04,11.87,38.04,39.67,27.65,25.86,23.78,58.45,612.5,0.737,0.15,7,43.3,19.65,530.0,0.15
BELGAUM,1:1,True,16.3273,74.6493,6.95,0.99,12.23,37.24,37.45,39.75,24.83,23.15,65.19,1213.8,0.852,0.09,7,43.07,19.17,680.0,0.95
BELGAUM,1:1,True,16.3828,74.7708,7.11,0.96,11.72,35.85,40.71,37.36,25.86,23.78,58.45,612.5,0.737,0.15,7,43.3,19.17,670.0,1.24
BELGAUM,1:4,True,16.303,74.8186,6.9,1.07,12.64,36.27,43.69,29.5,25.86,23.78,58.45,612.5,0.737,0.15,7,43.3,19.17,605.0,0.49
BELGAUM,1:10,True,16.0485,75.3525,7.08,0.93,12.77,32.15,41.29,33.68,26.07,23.83,58.12,590.4,0.659,0.176,6,43.05,19.65,664.0,1.11
BELGAUM,1:1,True,16.5313,74.3438,6.81,1.09,11.42,35.78,41.79,26.05,24.83,23.15,65.19,1213.8,0.852,0.09,7,43.07,19.17,549.0,0.94
BELGAUM,1:9,True,15.841,75.2182,7.24,0.96,10.65,34.01,43.06,33.93,25.2,23.39,62.04,795.3,0.74,0.139,6,42.53,19.53,622.0,0.56
BELGAUM,1:6,True,15.8904,74.4187,6.26,1.32,13.96,33.09,37.8,36.19,24.3,22.92,68.66,1552.4,0.848,0.089,6,42.34,18.63,745.0,0.44
BELGAUM,1:8,True,15.7771,74.7725,6.93,1.0,12.09,39.84,32.39,41.01,25.2,23.39,62.04,795.3,0.74,0.139,6,42.53,18.63,658.0,0.72
BELGAUM,1:2,True,16.7421,75.2013,7.49,0.89,9.91,37.17,39.3,39.62,25.86,23.78,58.45,612.5,0.737,0.15,7,43.3,19.65,559.0,0.41
BELGAUM,1:4,True,16.0311,74.7387,6.69,1.1,11.89,32.87,39.66,35.92,25.2,23.39,62.04,795.3,0.74,0.139,6,42.53,19.17,710.0,0.63
BELLARY,12:4,True,15.4703,76.9507,7.19,0.96,16.47,41.41,34.5,25.2,27.12,24.58,57.77,597.5,0.632,0.187,6,44.35,19.94,378.0,0.53
BELLARY,12:5,True,15.2878,76.8178,6.93,1.05,11.77,33.86,41.38,21.82,27.12,24.58,57.77,597.5,0.632,0.187,6,44.35,19.94,439.0,0.19
BELLARY,12:6,True,15.0109,76.4484,7.18,1.09,10.93,37.01,36.49,42.6,25.65,23.58,62.51,634.8,0.583,0.214,6,41.41,19.94,641.0,0.6
BELLARY,12:5,True,15.3667,76.7379,6.97,0.97,10.43,37.8,42.02,20.1,27.12,24.58,57.77,597.5,0.632,0.187,6,44.35,19.94,418.0,0.38
BELLARY,12:3,True,15.1939,76.3861,7.16,1.04,10.93,31.32,40.07,28.11,25.65,23.58,62.51,634.8,0.583,0.214,6,41.41,19.94,517.0,1.42
BELLARY,12:3,True,15.2181,76.3746,6.87,1.02,12.02,30.59,46.66,20.31,25.65,23.58,62.51,634.8,0.583,0.214,6,41.41,19.94,522.0,3.33
BELLARY,12:1,True,14.99,75.9959,7.92,0.98,12.08,30.67,30.46,42.41,25.65,23.58,62.51,634.8,0.583,0.214,6,41.41,19.76,582.0,0.97
BELLARY,12:6,True,14.9782,76.4873,7.39,1.26,11.33,37.98,39.21,42.6,25.65,23.58,62.51,634.8,0.583,0.214,6,41.41,20.22,646.0,0.32
BELLARY,12:5,True,15.117,76.879,7.02,0.94,10.15,31.17,44.1,25.42,26.5,24.05,59.76,589.7,0.585,0.215,6,43.11,19.94,471.0,0.29
BELLARY,12:7,True,14.6897,76.2849,7.15,1.1,11.87,37.41,33.23,41.65,25.16,23.39,64.13,702.4,0.583,0.22,6,41.6,20.22,621.0,0.19
BELLARY,12:7,True,14.6466,76.517,7.18,1.24,15.63,36.25,39.68,41.56,25.16,23.39,64.13,702.4,0.583,0.22,6,41.6,20.22,622.0,0.91
BELLARY,12:5,True,15.1013,76.894,7.16,1.04,9.3,32.15,43.69,32.46,26.5,24.05,59.76,589.7,0.585,0.215,6,43.11,19.94,474.0,0.64
CHIKBALLAPUR,29:5,True,13.5777,77.9443,6.72,1.14,18.64,30.92,49.27,17.35,23.98,21.24,67.6,814.7,0.506,0.299,5,40.44,20.19,862.0,0.38
CHIKBALLAPUR,29:2,True,13.5869,77.7807,6.72,1.1,19.95,30.64,51.26,15.87,24.02,21.74,66.33,800.0,0.529,0.257,5,40.42,20.19,854.0,0.6
CHIKBALLAPUR,29:1,True,13.6986,77.6414,6.5,1.49,17.19,30.38,55.7,18.72,24.02,21.74,66.33,800.0,0.529,0.257,5,40.42,20.19,704.0,1.17
CHIKBALLAPUR,29:5,True,13.6143,77.9496,6.67,1.16,16.92,31.19,50.26,16.8,23.98,21.24,67.6,814.7,0.506,0.299,5,40.44,20.19,782.0,3.56
CHIKBALLAPUR,29:3,True,13.6824,77.6956,6.6,1.34,21.36,29.84,54.16,17.17,24.02,21.74,66.33,800.0,0.529,0.257,5,40.42,20.19,823.0,2.88
CHIKBALLAPUR,29:6,True,13.5055,78.125,6.91,0.85,10.07,31.92,49.13,19.48,23.98,21.24,67.6,814.7,0.506,0.299,5,40.44,19.83,794.0,0.94
CHIKBALLAPUR,29:1,True,13.5031,77.4159,6.64,0.92,9.09,26.51,58.51,11.73,24.02,21.74,66.33,800.0,0.529,0.257,5,40.42,20.19,743.0,0.64
CHIKBALLAPUR,29:4,True,13.8298,77.8264,6.88,0.97,19.33,34.46,45.34,21.19,25.33,22.27,64.54,733.4,0.513,0.311,5,41.84,20.19,716.0,0.6
CHIKBALLAPUR,29:1,True,13.6911,77.6736,6.56,1.33,20.35,29.77,53.85,16.55,24.02,21.74,66.33,800.0,0.529,0.257,5,40.42,20.19,732.0,6.9
CHIKBALLAPUR,29:2,True,13.434,77.6985,6.27,1.34,20.4,26.02,57.11,14.78,24.02,21.74,66.33,800.0,0.529,0.257,5,40.42,20.19,934.0,1.96
CHIKBALLAPUR,29:4,True,13.6914,77.9152,6.57,1.28,23.45,30.78,51.4,16.54,23.98,21.24,67.6,814.7,0.506,0.299,5,40.44,20.19,893.0,3.93
CHIKBALLAPUR,29:3,True,13.7216,77.7755,6.71,1.03,20.62,35.19,41.53,23.75,24.02,21.74,66.33,800.0,0.529,0.257,5,40.42,20.19,742.0,0.87
CHITRADURGA,13:2,True,14.3249,76.6295,7.09,1.01,28.08,35.82,38.7,37.72,25.83,23.51,61.8,605.5,0.545,0.239,6,42.12,20.22,591.0,0.6
CHITRADURGA,13:2,True,14.2969,76.9422,6.82,1.01,17.51,32.47,45.17,28.35,25.83,23.51,61.8,605.5,0.545,0.239,6,42.12,20.22,570.0,0.84
CHITRADURGA,13:2,True,14.2038,76.786,7.11,1.12,18.1,37.28,36.02,38.54,25.15,23.04,63.39,683.6,0.537,0.244,6,41.44,20.22,548.0,0.61
CHITRADURGA,13:2,True,14.3092,76.8946,7.14,1.01,20.5,36.89,36.31,38.68,25.83,23.51,61.8,605.5,0.545,0.239,6,42.12,20.22,547.0,0.26
CHITRADURGA,13:4,True,14.043,76.46,7.1,1.13,11.68,32.2,45.97,34.13,24.57,22.79,66.3,865.0,0.629,0.196,6,41.15,20.22,741.0,1.12
CHITRADURGA,13:3,True,14.0943,76.369,7.08,1.36,14.25,34.19,39.76,30.89,24.57,22.79,66.3,865.0,0.629,0.196,6,41.15,20.22,982.0,3.98
CHITRADURGA,13:2,True,14.5859,76.7573,7.1,0.96,15.35,35.37,40.03,33.32,25.83,23.51,61.8,605.5,0.545,0.239,6,42.12,20.22,542.0,0.58
CHITRADURGA,13:4,True,14.1559,76.0681,7.01,1.12,13.28,41.09,34.88,36.09,24.57,22.79,66.3,865.0,0.629,0.196,6,41.15,20.22,653.0,0.6
CHITRADURGA,13:6,True,13.8658,76.4963,6.88,1.27,16.37,31.97,45.93,24.94,24.57,22.79,66.3,865.0,0.629,0.196,6,41.15,19.82,707.0,7.62
CHITRADURGA,13:4,True,14.2325,76.0999,7.07,1.1,11.12,38.32,36.43,38.66,24.57,22.79,66.3,865.0,0.629,0.196,6,41.15,20.22,643.0,0.5
CHITRADURGA,13:2,True,14.3252,76.5716,7.09,0.93,11.67,33.95,45.95,33.55,25.83,23.51,61.8,605.5,0.545,0.239,6,42.12,20.22,616.0,0.8
CHITRADURGA,13:2,True,14.2426,76.5805,7.14,1.0,12.58,34.34,36.6,40.94,25.15,23.04,63.39,683.6,0.537,0.244,6,41.44,20.22,624.0,1.03
DHARWAD,1:8,True,15.4805,74.7888,6.32,1.15,12.0,38.0,33.94,27.43,24.84,23.23,66.04,1064.2,0.762,0.127,6,42.17,18.63,637.0,2.04
DHARWAD,9:1,True,15.4787,75.172,7.32,1.11,18.84,36.32,30.12,41.49,24.84,23.23,66.04,1064.2,0.762,0.127,6,42.17,19.53,641.0,0.65
DHARWAD,9:4,True,15.3105,74.9946,6.64,0.94,10.26,34.66,38.49,27.24,24.84,23.23,66.04,1064.2,0.762,0.127,6,42.17,18.63,580.0,1.02
DHARWAD,9:2,True,15.6413,75.3934,7.83,1.1,11.8,48.48,26.72,46.16,25.6,23.63,61.26,680.1,0.647,0.178,6,42.37,19.53,563.0,0.19
DHARWAD,9:4,True,15.3193,74.9019,6.33,1.23,12.44,36.29,35.26,25.21,24.84,23.23,66.04,1064.2,0.762,0.127,6,42.17,18.63,611.0,0.97
DHARWAD,9:1,True,15.5162,74.9974,6.94,0.95,10.79,36.17,35.95,34.17,24.84,23.23,66.04,1064.2,0.762,0.127,6,42.17,18.63,677.0,0.98
DHARWAD,9:5,True,15.2803,75.2505,7.67,1.11,13.44,44.6,26.64,42.16,24.84,23.23,66.04,1064.2,0.762,0.127,6,42.17,19.53,635.0,0.38
DHARWAD,9:1,True,15.3671,74.8721,6.39,1.21,11.4,36.19,38.36,25.24,24.84,23.23,66.04,1064.2,0.762,0.127,6,42.17,18.63,594.0,0.71
DHARWAD,9:2,True,15.6412,75.3953,7.84,1.09,11.55,48.47,26.55,45.67,25.6,23.63,61.26,680.1,0.647,0.178,6,42.37,19.53,560.0,0.16
DHARWAD,9:1,True,15.473,74.7375,6.29,1.11,11.73,36.7,39.69,33.83,24.84,23.23,66.04,1064.2,0.762,0.127,6,42.17,18.63,592.0,0.26
DHARWAD,9:5,True,15.249,75.2625,7.77,1.07,12.87,38.36,29.5,40.79,24.93,23.44,69.68,1392.9,0.79,0.117,6,42.17,19.53,613.0,0.57
DHARWAD,9:3,True,15.4609,75.1876,7.56,1.05,16.92,38.82,29.57,42.02,24.84,23.23,66.04,1064.2,0.762,0.127,6,42.17,19.53,624.0,0.63
KOLAR,19:7,True,13.3215,78.3641,6.96,0.95,11.21,36.38,41.5,24.23,23.98,21.24,67.6,814.7,0.506,0.299,5,40.44,19.83,849.0,0.75
KOLAR,19:10,True,12.9818,78.2563,6.78,1.01,11.49,32.64,41.51,25.53,23.83,21.25,69.24,876.1,0.497,0.296,4,40.91,19.58,846.0,1.74
KOLAR,19:10,True,12.9592,78.1724,6.77,1.0,12.0,33.67,41.31,26.0,23.83,21.25,69.24,876.1,0.497,0.296,4,40.91,19.58,803.0,0.49
KOLAR,19:10,True,12.8081,78.1965,6.77,1.25,14.07,34.32,40.89,29.35,23.83,21.25,69.24,876.1,0.497,0.296,4,40.91,19.58,735.0,2.86
KOLAR,19:8,True,13.081,78.1923,6.78,0.9,10.37,29.96,49.39,19.77,23.83,21.25,69.24,876.1,0.497,0.296,4,40.91,19.83,838.0,0.56
KOLAR,19:9,True,13.0218,77.936,6.69,0.89,11.39,28.95,50.75,21.55,23.83,21.25,69.24,876.1,0.497,0.296,4,40.91,20.19,898.0,0.87
KOLAR,19:10,True,13.0399,78.3162,7.09,0.94,12.53,34.77,39.01,26.28,23.83,21.25,69.24,876.1,0.497,0.296,4,40.91,19.83,777.0,0.31
KOLAR,19:11,True,13.175,78.5539,6.99,0.97,11.45,36.01,39.69,26.29,25.37,22.22,68.99,886.0,0.495,0.316,5,43.06,19.83,742.0,1.06
KOLAR,19:7,True,13.5704,78.286,7.09,0.85,10.58,32.35,46.86,22.03,23.98,21.24,67.6,814.7,0.506,0.299,5,40.44,19.83,728.0,1.42
KOLAR,19:9,True,12.9106,78.0717,7.14,1.06,19.78,33.02,43.81,27.78,23.83,21.25,69.24,876.1,0.497,0.296,4,40.91,19.58,818.0,0.52
KOLAR,19:11,True,13.2017,78.5055,7.12,0.95,11.13,37.37,38.83,27.43,25.37,22.22,68.99,886.0,0.495,0.316,5,43.06,19.83,733.0,0.62
KOLAR,19:10,True,12.8891,78.205,6.9,1.0,11.65,33.66,43.09,28.53,23.83,21.25,69.24,876.1,0.497,0.296,4,40.91,19.58,802.0,0.93
RAICHUR,6:2,True,16.2442,76.781,7.05,1.0,13.46,35.03,37.85,25.49,27.18,24.44,56.69,611.1,0.676,0.162,6,44.66,19.87,492.0,0.48
RAICHUR,6:4,True,16.1947,76.8003,7.0,1.04,11.59,35.16,38.14,30.79,27.18,24.44,56.69,611.1,0.676,0.162,6,44.66,19.87,531.0,0.83
RAICHUR,6:1,True,16.2118,76.6198,7.37,0.96,17.85,35.13,37.08,33.62,27.18,24.44,56.69,611.1,0.676,0.162,6,44.66,19.87,497.0,0.96
RAICHUR,6:1,True,16.1569,76.5427,7.25,0.97,12.89,35.92,36.38,39.31,26.47,23.92,57.11,576.1,0.65,0.178,6,43.8,19.87,512.0,0.63
RAICHUR,6:1,True,15.9855,76.6836,7.4,0.89,9.79,35.4,40.3,28.7,27.18,24.44,56.69,611.1,0.676,0.162,6,44.66,19.94,445.0,0.52
RAICHUR,6:5,True,15.8044,76.623,6.95,1.06,11.01,39.52,40.23,21.53,27.18,24.44,56.69,611.1,0.676,0.162,6,44.66,19.94,422.0,0.19
RAICHUR,6:4,True,15.943,76.976,6.97,0.97,12.36,34.73,40.49,19.06,27.18,24.44,56.69,611.1,0.676,0.162,6,44.66,19.94,372.0,0.53
RAICHUR,6:5,True,15.8293,76.578,7.43,0.99,17.46,32.54,40.97,29.99,27.18,24.44,56.69,611.1,0.676,0.162,6,44.66,19.94,437.0,0.07
RAICHUR,6:4,True,16.1012,76.8493,7.14,0.97,16.27,33.53,41.92,30.22,27.18,24.44,56.69,611.1,0.676,0.162,6,44.66,19.87,455.0,0.21
RAICHUR,6:4,True,16.0672,76.9478,6.99,2.08,15.89,38.92,37.36,23.49,27.18,24.44,56.69,611.1,0.676,0.162,6,44.66,19.87,399.0,0.29
RAICHUR,6:1,True,15.9403,76.4963,7.12,0.92,11.59,29.23,50.04,24.59,26.47,23.92,57.11,576.1,0.65,0.178,6,43.8,19.94,537.0,1.4
RAICHUR,6:3,True,15.9406,77.4693,7.08,0.88,13.14,35.0,40.21,19.33,27.35,24.52,58.34,678.6,0.7,0.153,6,45.08,20.05,315.0,0.88
RAMANAGARA,28:7,True,12.6642,77.1305,6.51,1.17,11.71,34.89,42.29,18.49,24.52,23.11,67.75,883.0,0.534,0.232,4,41.44,19.73,686.0,0.48
RAMANAGARA,28:8,True,12.4203,77.2971,6.68,1.33,12.14,33.71,40.76,26.79,24.45,22.34,68.11,833.3,0.495,0.275,4,41.69,19.73,653.0,0.83
RAMANAGARA,28:6,True,12.7402,77.302,6.43,1.53,12.23,29.53,49.93,15.16,24.45,22.34,68.11,833.3,0.495,0.275,4,41.69,19.73,722.0,2.53
RAMANAGARA,28:8,True,12.6067,77.4203,6.53,1.15,11.75,34.14,40.76,20.75,24.45,22.34,68.11,833.3,0.495,0.275,4,41.69,19.73,672.0,1.27
RAMANAGARA,28:5,True,13.0195,77.1377,6.57,1.0,9.74,29.73,50.39,16.63,24.11,22.5,67.12,880.9,0.546,0.222,5,40.63,20.19,831.0,0.37
RAMANAGARA,28:8,True,12.3854,77.47,6.56,1.34,11.65,34.04,40.73,28.4,24.45,22.34,68.11,833.3,0.495,0.275,4,41.69,19.73,613.0,1.53
RAMANAGARA,28:5,True,13.0117,77.155,6.52,1.08,9.34,29.61,52.77,13.53,24.11,22.5,67.12,880.9,0.546,0.222,5,40.63,20.19,840.0,0.79
RAMANAGARA,28:8,True,12.507,77.5163,6.55,1.51,16.06,33.86,40.45,23.1,24.45,22.34,68.11,833.3,0.495,0.275,4,41.69,19.73,772.0,6.4
RAMANAGARA,28:8,True,12.4851,77.3644,6.64,1.37,11.54,35.05,39.96,25.61,24.45,22.34,68.11,833.3,0.495,0.275,4,41.69,19.73,696.0,0.89
RAMANAGARA,28:7,True,12.5864,77.2693,6.57,1.27,11.27,34.5,42.4,19.1,24.45,22.34,68.11,833.3,0.495,0.275,4,41.69,19.73,675.0,2.06
RAMANAGARA,28:6,True,12.8131,77.2394,6.35,1.24,12.32,28.3,53.13,10.91,23.74,21.61,67.94,842.5,0.522,0.251,4,40.38,19.73,805.0,3.28
RAMANAGARA,28:5,True,13.0431,77.1805,6.39,1.26,10.64,27.67,57.28,9.81,24.11,22.5,67.12,880.9,0.546,0.222,5,40.63,20.19,856.0,2.14
YADGIR,30:10,True,16.5488,77.2394,7.47,1.03,21.97,39.96,30.22,30.51,27.07,24.18,57.95,717.6,0.727,0.139,7,45.0,19.96,362.0,0.34
YADGIR,30:10,True,16.7366,77.2132,6.86,1.05,10.45,35.39,38.75,25.2,27.07,24.18,57.95,717.6,0.727,0.139,7,45.0,19.96,394.0,1.35
YADGIR,30:10,True,16.5328,77.2131,7.39,1.07,9.59,41.09,26.72,31.23,27.07,24.18,57.95,717.6,0.727,0.139,7,45.0,19.96,361.0,0.46
YADGIR,30:8,True,16.4306,76.5718,6.78,0.86,12.27,32.58,44.56,19.84,27.26,24.37,55.84,655.1,0.717,0.144,7,44.84,19.87,448.0,0.72
YADGIR,30:8,True,16.7,76.4481,7.2,0.89,10.39,36.09,36.53,35.28,26.66,23.84,55.64,584.1,0.692,0.164,7,44.19,19.87,491.0,0.82
YADGIR,30:10,True,16.6115,77.2831,7.39,1.02,9.66,38.8,29.28,29.44,27.07,24.18,57.95,717.6,0.727,0.139,7,45.0,19.96,388.0,0.27
YADGIR,30:10,True,16.9158,77.2583,6.72,1.18,11.92,35.05,38.99,29.08,26.66,23.74,57.53,777.7,0.752,0.127,7,44.7,19.96,569.0,3.19
YADGIR,30:9,True,16.7161,77.0994,7.02,1.1,17.97,37.47,34.21,25.86,27.26,24.37,55.84,655.1,0.717,0.144,7,44.84,19.96,376.0,0.88
YADGIR,30:8,True,16.5153,76.8278,6.97,0.81,12.93,40.0,35.44,18.84,27.26,24.37,55.84,655.1,0.717,0.144,7,44.84,19.87,370.0,0.46
YADGIR,30:9,True,16.7606,77.0098,6.99,0.92,20.41,41.72,30.88,26.19,27.23,24.25,55.04,720.5,0.746,0.132,7,45.04,19.96,377.0,0.12
YADGIR,30:10,True,16.5973,77.2183,7.38,1.23,15.04,36.39,32.62,28.98,27.07,24.18,57.95,717.6,0.727,0.139,7,45.0,19.96,365.0,0.43
YADGIR,30:9,True,16.5349,77.1141,7.39,1.04,21.87,40.96,28.47,32.7,27.26,24.37,55.84,655.1,0.717,0.144,7,44.84,19.96,363.0,0.46
BAGALKOT,2:4,True,16.0844,75.6567,7.53,0.88,12.39,34.23,41.88,32.59,26.07,23.83,58.12,590.4,0.659,0.176,6,43.05,19.65,576.0,1.07
BAGALKOT,2:4,True,15.9402,75.5082,7.2,0.94,13.43,30.69,44.21,27.09,26.07,23.83,58.12,590.4,0.659,0.176,6,43.05,19.53,587.0,0.59
BAGALKOT,2:4,True,16.023,75.7234,7.54,0.89,17.31,33.18,40.52,32.26,26.07,23.83,58.12,590.4,0.659,0.176,6,43.05,19.65,565.0,1.03
BAGALKOT,2:4,True,15.9913,75.486,6.93,0.93,11.63,31.42,46.07,25.25,26.07,23.83,58.12,590.4,0.659,0.176,6,43.05,19.53,625.0,1.29
BAGALKOT,2:5,True,16.1933,75.4953,7.68,0.87,11.55,32.46,45.39,29.7,26.07,23.83,58.12,590.4,0.659,0.176,6,43.05,19.65,533.0,0.54
BAGALKOT,2:5,True,16.155,75.6859,7.42,0.88,12.76,35.27,42.4,30.07,26.07,23.83,58.12,590.4,0.659,0.176,6,43.05,19.65,545.0,0.56
BAGALKOT,2:5,True,16.2015,75.4814,7.68,0.83,12.42,33.65,45.52,33.72,26.07,23.83,58.12,590.4,0.659,0.176,6,43.05,19.65,543.0,0.59
BAGALKOT,2:5,True,16.1936,75.9346,7.58,0.81,11.33,35.1,40.6,34.43,26.07,23.83,58.12,590.4,0.659,0.176,6,43.05,19.65,550.0,0.29
BAGALKOT,2:5,True,16.2965,75.928,7.63,0.84,11.56,34.05,40.92,31.75,26.25,23.69,56.3,541.3,0.686,0.174,7,43.44,19.65,517.0,0.83
BAGALKOT,2:5,True,16.2397,75.9657,7.57,0.79,11.8,37.2,37.92,32.96,26.47,23.92,57.11,576.1,0.65,0.178,6,43.8,19.65,522.0,0.7
BAGALKOT,2:2,True,16.3721,75.7147,7.36,0.92,20.92,36.38,38.47,31.85,26.25,23.69,56.3,541.3,0.686,0.174,7,43.44,19.65,519.0,0.86
BAGALKOT,2:2,True,16.376,75.5048,7.25,0.97,11.12,28.66,56.1,24.46,26.25,23.69,56.3,541.3,0.686,0.174,7,43.44,19.65,548.0,0.6
BAGALKOT,2:2,True,16.3768,75.5497,7.4,0.89,10.08,34.76,43.8,32.15,26.25,23.69,56.3,541.3,0.686,0.174,7,43.44,19.65,547.0,0.75
BAGALKOT,2:2,True,16.3395,75.6448,7.32,0.91,11.35,33.0,47.08,27.13,26.25,23.69,56.3,541.3,0.686,0.174,7,43.44,19.65,551.0,0.6
BAGALKOT,2:2,True,16.3843,75.4019,7.1,1.02,11.15,32.88,49.65,22.33,26.25,23.69,56.3,541.3,0.686,0.174,7,43.44,19.65,526.0,0.72
BAGALKOT,2:2,True,16.2966,75.5318,7.27,0.88,10.75,30.06,51.74,25.88,26.25,23.69,56.3,541.3,0.686,0.174,7,43.44,19.65,560.0,0.68
BAGALKOT,2:6,True,15.9928,76.2876,7.4,0.77,9.75,30.21,44.25,30.87,26.47,23.92,57.11,576.1,0.65,0.178,6,43.8,19.94,562.0,0.6
BAGALKOT,2:6,True,16.0425,75.9533,7.6,0.96,10.66,35.25,36.98,38.6,26.47,23.92,57.11,576.1,0.65,0.178,6,43.8,19.65,536.0,0.83
BAGALKOT,2:6,True,16.0913,75.9254,7.04,0.99,11.28,32.76,41.86,29.32,26.07,23.83,58.12,590.4,0.659,0.176,6,43.05,19.65,550.0,1.39
BAGALKOT,2:6,True,15.9421,76.2206,7.42,1.05,11.46,32.43,41.01,38.12,26.47,23.92,57.11,576.1,0.65,0.178,6,43.8,19.94,580.0,0.19
BAGALKOT,2:6,True,15.9466,76.1727,7.41,0.95,15.21,32.38,41.89,37.84,26.47,23.92,57.11,576.1,0.65,0.178,6,43.8,19.94,588.0,0.7
BAGALKOT,2:6,True,16.0104,75.9892,7.57,1.03,21.6,33.22,37.53,41.95,26.47,23.92,57.11,576.1,0.65,0.178,6,43.8,19.65,565.0,0.79
BAGALKOT,2:6,True,16.0511,75.9725,7.59,0.95,11.38,36.23,36.44,39.28,26.47,23.92,57.11,576.1,0.65,0.178,6,43.8,19.65,525.0,0.78
BAGALKOT,2:6,True,16.1908,76.0323,7.47,0.91,11.57,36.73,38.52,28.78,26.47,23.92,57.11,576.1,0.65,0.178,6,43.8,19.87,499.0,0.73
BAGALKOT,2:6,True,16.1298,75.9167,7.37,0.91,11.88,38.56,33.89,30.47,26.07,23.83,58.12,590.4,0.659,0.176,6,43.05,19.65,503.0,0.42
BAGALKOT,2:1,True,16.5339,75.2839,7.82,0.89,10.71,33.53,45.04,30.8,25.86,23.78,58.45,612.5,0.737,0.15,7,43.3,19.65,529.0,0.21
BAGALKOT,2:1,True,16.6746,75.275,7.51,0.87,10.04,36.53,38.99,34.61,25.86,23.78,58.45,612.5,0.737,0.15,7,43.3,19.65,559.0,0.49
BAGALKOT,2:1,True,16.6286,75.3048,7.55,0.97,14.35,40.85,33.55,38.93,25.86,23.78,58.45,612.5,0.737,0.15,7,43.3,19.65,536.0,0.21
BAGALKOT,2:1,True,16.4565,75.1146,7.12,1.22,14.45,33.81,46.4,24.08,25.86,23.78,58.45,612.5,0.737,0.15,7,43.3,19.65,545.0,0.56
BAGALKOT,2:1,True,16.4322,75.3119,7.45,0.84,12.36,37.22,38.84,32.98,25.86,23.78,58.45,612.5,0.737,0.15,7,43.3,19.65,581.0,0.57
BAGALKOT,2:1,True,16.5608,75.4576,7.6,0.99,13.47,41.44,32.8,41.17,26.25,23.69,56.3,541.3,0.686,0.174,7,43.44,19.65,557.0,0.49
BAGALKOT,2:3,True,16.2047,75.3547,7.5,0.88,10.68,31.26,49.0,27.25,26.07,23.83,58.12,590.4,0.659,0.176,6,43.05,19.65,538.0,0.96
BAGALKOT,2:3,True,16.3678,75.3429,7.12,0.87,11.0,31.98,49.03,22.37,26.25,23.69,56.3,541.3,0.686,0.174,7,43.44,19.65,557.0,0.34
BAGALKOT,2:3,True,16.1452,75.3611,7.1,0.95,11.77,29.93,51.98,24.14,26.07,23.83,58.12,590.4,0.659,0.176,6,43.05,19.65,565.0,2.28
BAGALKOT,2:3,True,16.2375,75.3933,7.11,0.89,10.58,31.78,47.02,24.51,26.07,23.83,58.12,590.4,0.659,0.176,6,43.05,19.65,532.0,0.67
BAGALKOT,2:3,True,16.2258,75.3016,7.4,0.96,18.05,29.75,48.21,28.08,25.2,23.39,62.04,795.3,0.74,0.139,6,42.53,19.65,582.0,0.63
BELLARY,12:5,True,15.3287,77.0121,7.38,0.99,23.07,43.91,33.39,32.1,27.12,24.58,57.77,597.5,0.632,0.187,6,44.35,20.05,411.0,0.44
BELLARY,12:5,True,15.1769,76.9973,7.05,1.09,10.63,36.31,39.39,21.48,26.5,24.05,59.76,589.7,0.585,0.215,6,43.11,19.94,428.0,0.41
BELLARY,12:5,True,15.2151,76.9945,6.99,1.05,11.98,35.1,42.41,18.82,26.5,24.05,59.76,589.7,0.585,0.215,6,43.11,19.94,425.0,0.21
BELLARY,12:5,True,15.2658,76.7931,6.91,1.0,12.84,32.32,40.18,22.91,27.12,24.58,57.77,597.5,0.632,0.187,6,44.35,19.94,453.0,0.26
BELLARY,12:5,True,15.3749,76.682,6.97,0.95,10.58,37.51,44.17,19.63,27.12,24.58,57.77,597.5,0.632,0.187,6,44.35,19.94,410.0,0.69
BELLARY,12:5,True,15.228,76.9193,7.04,1.1,11.71,35.99,38.75,21.01,26.5,24.05,59.76,589.7,0.585,0.215,6,43.11,19.94,444.0,0.28
BELLARY,12:1,True,14.8136,75.7736,7.68,1.02,10.27,41.37,29.5,40.76,25.49,23.83,63.97,800.7,0.658,0.177,6,42.13,19.76,569.0,0.89
BELLARY,12:1,True,14.7853,75.7923,7.58,1.11,10.65,37.7,35.46,33.73,25.49,23.83,63.97,800.7,0.658,0.177,6,42.13,19.76,562.0,0.87
BELLARY,12:1,True,14.8942,75.7665,7.71,0.95,10.51,41.32,27.68,41.02,25.49,23.83,63.97,800.7,0.658,0.177,6,42.13,19.76,544.0,0.72
BELLARY,12:1,True,15.1245,75.9886,7.04,0.91,9.6,36.22,38.15,22.32,25.65,23.58,62.51,634.8,0.583,0.214,6,41.41,19.53,511.0,0.17
BELLARY,12:1,True,14.9321,75.9372,7.85,0.92,10.75,30.03,29.49,42.22,25.49,23.83,63.97,800.7,0.658,0.177,6,42.13,19.76,568.0,1.16
BELLARY,12:1,True,14.9494,75.9162,7.99,0.92,11.89,36.75,27.45,43.4,25.49,23.83,63.97,800.7,0.658,0.177,6,42.13,19.76,549.0,0.81
BELLARY,12:3,True,15.2635,76.5062,6.83,0.99,11.11,29.51,49.57,26.87,26.15,23.81,59.49,600.0,0.614,0.194,6,42.97,19.94,520.0,1.6
BELLARY,12:3,True,15.2994,76.5595,7.0,1.01,13.31,30.45,47.65,25.0,26.15,23.81,59.49,600.0,0.614,0.194,6,42.97,19.94,491.0,0.38
BELLARY,12:3,True,15.2449,76.6181,6.99,0.99,24.59,30.81,48.44,23.73,26.5,24.05,59.76,589.7,0.585,0.215,6,43.11,19.94,507.0,3.78
BELLARY,12:3,True,15.2776,76.402,6.8,1.34,13.84,27.77,50.72,18.08,26.15,23.81,59.49,600.0,0.614,0.194,6,42.97,19.94,482.0,0.8
BELLARY,12:3,True,15.3911,76.5892,6.88,1.08,12.95,34.07,44.94,20.03,27.12,24.58,57.77,597.5,0.632,0.187,6,44.35,19.94,395.0,0.27
BELLARY,12:2,True,15.0719,76.1199,7.23,1.23,28.15,37.45,35.52,37.23,25.65,23.58,62.51,634.8,0.583,0.214,6,41.41,19.94,536.0,1.0
BELLARY,12:2,True,14.9421,76.2875,7.36,1.1,12.81,41.1,31.04,43.81,25.65,23.58,62.51,634.8,0.583,0.214,6,41.41,20.22,547.0,0.26
BELLARY,12:2,True,15.1261,76.2964,6.94,0.98,11.43,34.54,37.95,34.64,25.65,23.58,62.51,634.8,0.583,0.214,6,41.41,19.94,522.0,0.29
BELLARY,12:2,True,15.0498,76.1582,7.2,1.0,21.24,36.75,32.2,39.36,25.65,23.58,62.51,634.8,0.583,0.214,6,41.41,19.94,527.0,0.72
BELLARY,12:2,True,15.1364,76.0359,6.91,0.91,17.41,34.48,41.96,13.36,25.65,23.58,62.51,634.8,0.583,0.214,6,41.41,19.94,499.0,0.56
BELLARY,12:2,True,15.017,76.2455,7.12,1.14,28.98,39.59,30.46,41.37,25.65,23.58,62.51,634.8,0.583,0.214,6,41.41,19.94,528.0,0.54
BELLARY,12:2,True,15.0015,76.1656,7.11,0.96,13.07,38.42,30.67,33.19,25.65,23.58,62.51,634.8,0.583,0.214,6,41.41,19.94,532.0,0.54
BELLARY,12:2,True,15.13,76.1295,7.18,0.95,17.03,34.32,35.35,35.78,25.65,23.58,62.51,634.8,0.583,0.214,6,41.41,19.94,515.0,0.69
BELLARY,12:2,True,14.9865,76.081,7.35,0.8,13.12,39.1,34.2,28.61,25.65,23.58,62.51,634.8,0.583,0.214,6,41.41,20.22,569.0,0.48
BELLARY,12:7,True,14.6778,76.3665,7.07,1.16,15.46,37.66,34.9,44.06,25.16,23.39,64.13,702.4,0.583,0.22,6,41.6,20.22,666.0,0.82
BELLARY,12:7,True,14.8794,76.3221,7.29,1.14,13.53,38.59,35.1,40.54,25.65,23.58,62.51,634.8,0.583,0.214,6,41.41,20.22,594.0,0.24
BELLARY,12:7,True,14.8647,76.4704,7.15,1.21,12.26,34.61,45.57,27.85,25.65,23.58,62.51,634.8,0.583,0.214,6,41.41,20.22,682.0,2.24
BELLARY,12:7,True,14.818,76.6251,7.18,1.2,14.24,34.67,44.86,33.04,26.5,24.05,59.76,589.7,0.585,0.215,6,43.11,20.22,597.0,1.0
BELLARY,12:6,True,15.2668,76.6423,6.91,1.06,13.86,31.33,48.79,22.5,27.12,24.58,57.77,597.5,0.632,0.187,6,44.35,19.94,531.0,3.68
BELLARY,12:6,True,14.915,76.5397,7.42,1.25,14.35,36.41,42.11,37.28,25.65,23.58,62.51,634.8,0.583,0.214,6,41.41,20.22,700.0,0.71
BELLARY,12:6,True,15.0051,76.642,7.06,1.42,19.87,32.37,43.29,28.36,26.5,24.05,59.76,589.7,0.585,0.215,6,43.11,19.94,907.0,11.15
BELLARY,12:6,True,14.8973,76.5791,7.01,1.34,12.02,33.37,46.94,31.78,26.5,24.05,59.76,589.7,0.585,0.215,6,43.11,20.22,755.0,2.01
BELLARY,12:6,True,14.9085,76.671,6.97,1.22,12.23,34.34,46.28,24.82,26.5,24.05,59.76,589.7,0.585,0.215,6,43.11,20.22,718.0,2.77
BELLARY,12:6,True,14.9966,76.7609,7.07,1.18,12.57,31.99,45.69,33.11,26.5,24.05,59.76,589.7,0.585,0.215,6,43.11,20.22,626.0,3.27
CHITRADURGA,12:6,True,14.997,76.7293,7.13,1.08,12.98,32.53,47.81,31.98,26.5,24.05,59.76,589.7,0.585,0.215,6,43.11,20.22,642.0,0.17
BELLARY,12:4,True,15.4803,76.8515,7.33,0.91,9.35,41.36,34.32,30.59,27.12,24.58,57.77,597.5,0.632,0.187,6,44.35,19.94,403.0,0.79
BELLARY,12:4,True,15.5953,76.9402,6.96,0.91,12.81,32.82,43.61,19.88,27.12,24.58,57.77,597.5,0.632,0.187,6,44.35,19.94,370.0,0.81
BELLARY,12:4,True,15.6657,76.9666,7.06,1.01,10.78,32.7,44.21,20.49,27.12,24.58,57.77,597.5,0.632,0.187,6,44.35,19.94,354.0,0.34
BELLARY,12:4,True,15.6345,76.9714,7.1,0.94,12.02,32.8,45.09,18.35,27.12,24.58,57.77,597.5,0.632,0.187,6,44.35,19.94,353.0,0.15
BELLARY,12:4,True,15.6985,77.0407,7.29,0.88,13.19,35.57,37.35,28.92,27.12,24.58,57.77,597.5,0.632,0.187,6,44.35,20.05,365.0,0.71
BELLARY,12:4,True,15.4141,76.8495,7.01,0.92,19.12,38.67,38.98,22.13,27.12,24.58,57.77,597.5,0.632,0.187,6,44.35,19.94,417.0,0.67
BELLARY,12:4,True,15.4801,76.858,7.3,0.9,9.47,41.11,34.22,29.34,27.12,24.58,57.77,597.5,0.632,0.187,6,44.35,19.94,410.0,0.69
BELLARY,12:4,True,15.4466,76.8095,7.06,0.94,10.75,36.85,42.86,20.53,27.12,24.58,57.77,597.5,0.632,0.187,6,44.35,19.94,393.0,0.5
BELLARY,12:4,True,15.4858,76.8858,7.01,0.84,9.56,41.3,37.4,20.13,27.12,24.58,57.77,597.5,0.632,0.187,6,44.35,19.94,401.0,0.29
BELGAUM,1:2,True,16.696,75.0398,7.53,0.9,12.46,41.86,35.29,36.74,25.86,23.78,58.45,612.5,0.737,0.15,7,43.3,19.65,552.0,0.53
BELGAUM,1:2,True,16.7884,75.0124,7.53,0.95,12.63,41.94,33.28,42.21,25.78,23.22,56.93,552.6,0.746,0.157,7,43.14,19.65,549.0,0.42
BELGAUM,1:2,True,16.825,75.1141,7.32,0.88,10.31,35.03,39.44,40.44,25.78,23.22,56.93,552.6,0.746,0.157,7,43.14,19.65,588.0,0.48
BELGAUM,1:2,True,16.761,74.9658,7.62,0.97,12.36,41.25,33.17,40.3,25.78,23.22,56.93,552.6,0.746,0.157,7,43.14,19.17,558.0,0.64
BELGAUM,1:2,True,16.8474,75.1551,7.02,0.99,10.81,34.51,40.74,35.8,25.78,23.22,56.93,552.6,0.746,0.157,7,43.14,19.65,648.0,0.29
BELGAUM,1:2,True,16.7163,74.7741,7.62,0.87,11.48,41.5,34.79,38.66,25.86,23.78,58.45,612.5,0.737,0.15,7,43.3,19.17,596.0,0.53
BELGAUM,1:2,True,16.7426,75.2829,7.41,0.96,10.73,31.13,41.92,36.37,25.86,23.78,58.45,612.5,0.737,0.15,7,43.3,19.65,602.0,1.15
BELGAUM,1:8,True,15.9694,74.8296,6.89,1.09,11.85,36.38,34.51,38.33,25.2,23.39,62.04,795.3,0.74,0.139,6,42.53,18.63,716.0,0.53
BELGAUM,1:8,True,15.8362,74.7611,6.78,1.12,12.71,36.25,33.71,42.37,25.2,23.39,62.04,795.3,0.74,0.139,6,42.53,18.63,703.0,1.28
BELGAUM,1:8,True,15.5776,74.7563,6.29,1.27,12.38,33.6,41.8,32.16,24.84,23.23,66.04,1064.2,0.762,0.127,6,42.17,18.63,709.0,0.97
BELGAUM,1:8,True,15.5916,74.7167,6.31,1.26,13.19,33.54,41.46,31.61,24.84,23.23,66.04,1064.2,0.762,0.127,6,42.17,18.63,690.0,1.63
BELGAUM,1:8,True,15.9007,74.719,6.22,1.45,16.44,31.89,38.35,35.36,25.2,23.39,62.04,795.3,0.74,0.139,6,42.53,18.63,805.0,5.44
BELGAUM,1:8,True,15.6986,74.7987,6.54,0.96,10.81,38.27,34.91,30.83,24.84,23.23,66.04,1064.2,0.762,0.127,6,42.17,18.63,661.0,0.88
BELGAUM,1:8,True,15.9385,74.7614,6.31,1.41,15.9,32.49,39.63,36.41,25.2,23.39,62.04,795.3,0.74,0.139,6,42.53,18.63,833.0,3.05
BELGAUM,1:8,True,15.7028,74.799,6.6,0.93,10.6,39.04,35.05,29.93,24.84,23.23,66.04,1064.2,0.762,0.127,6,42.17,18.63,645.0,1.28
BELGAUM,1:6,True,15.7807,74.4151,6.38,1.38,14.71,34.12,37.54,36.82,24.3,22.92,68.66,1552.4,0.848,0.089,6,42.34,18.63,792.0,0.31
BELGAUM,1:6,True,15.8111,74.5971,6.32,1.39,14.5,33.33,36.59,38.96,24.3,22.92,68.66,1552.4,0.848,0.089,6,42.34,18.63,825.0,0.44
BELGAUM,1:6,True,15.7095,74.5848,6.34,1.59,16.2,34.95,42.2,33.34,25.17,24.13,70.94,1889.4,0.854,0.085,6,42.39,18.63,775.0,1.02
BELGAUM,1:6,True,16.0354,74.5333,6.34,1.35,14.85,31.99,40.72,36.7,24.3,22.92,68.66,1552.4,0.848,0.089,6,42.34,19.17,798.0,3.25
BELGAUM,1:6,True,15.837,74.6127,6.47,1.32,14.76,33.31,36.46,38.37,24.3,22.92,68.66,1552.4,0.848,0.089,6,42.34,18.63,812.0,1.83
BELGAUM,1:6,True,15.8468,74.4187,6.26,1.34,14.32,34.03,40.99,36.13,24.3,22.92,68.66,1552.4,0.848,0.089,6,42.34,18.63,774.0,0.72
BELGAUM,1:6,True,15.8495,74.493,6.14,1.34,13.6,33.47,42.7,35.87,24.3,22.92,68.66,1552.4,0.848,0.089,6,42.34,18.63,757.0,0.64
BELGAUM,1:1,True,16.4409,74.6846,7.3,0.87,10.89,37.62,38.88,36.25,24.83,23.15,65.19,1213.8,0.852,0.09,7,43.07,19.17,591.0,0.64
BELGAUM,1:1,True,16.5321,74.4558,6.83,1.1,11.9,32.86,41.57,26.08,24.83,23.15,65.19,1213.8,0.852,0.09,7,43.07,19.17,550.0,0.51
BELGAUM,1:1,True,16.5031,74.4705,7.19,0.93,11.07,35.2,42.51,27.07,24.83,23.15,65.19,1213.8,0.852,0.09,7,43.07,19.17,580.0,1.07
BELGAUM,1:1,True,16.5544,74.6575,7.35,1.22,13.13,33.36,40.65,27.89,24.83,23.15,65.19,1213.8,0.852,0.09,7,43.07,19.17,532.0,0.41
BELGAUM,1:1,True,16.5652,74.6122,7.04,1.2,13.37,32.83,40.78,25.58,24.83,23.15,65.19,1213.8,0.852,0.09,7,43.07,19.17,537.0,0.16
BELGAUM,1:4,True,16.2571,75.0091,7.54,0.84,10.16,38.91,36.89,38.15,25.86,23.78,58.45,612.5,0.737,0.15,7,43.3,19.65,574.0,0.73
BELGAUM,1:4,True,16.2379,74.7696,6.88,0.97,12.07,36.91,42.97,31.74,25.2,23.39,62.04,795.3,0.74,0.139,6,42.53,19.17,620.0,0.83
BELGAUM,1:4,True,16.2671,75.0607,7.64,0.89,11.87,39.87,35.03,40.89,25.86,23.78,58.45,612.5,0.737,0.15,7,43.3,19.65,592.0,1.14
BELGAUM,1:4,True,16.3258,75.1252,7.22,1.13,13.06,35.79,46.21,24.36,25.86,23.78,58.45,612.5,0.737,0.15,7,43.3,19.65,534.0,0.48
BELGAUM,1:4,True,16.1725,74.8645,7.12,0.9,11.39,38.87,38.46,31.84,25.2,23.39,62.04,795.3,0.74,0.139,6,42.53,19.17,549.0,0.07
BELGAUM,1:4,True,16.0136,74.661,6.58,1.21,13.68,32.98,37.79,39.97,24.3,22.92,68.66,1552.4,0.848,0.089,6,42.34,19.17,746.0,3.16
BELGAUM,1:4,True,15.9975,74.8249,7.01,1.07,11.47,38.13,34.2,38.37,25.2,23.39,62.04,795.3,0.74,0.139,6,42.53,18.63,674.0,0.59
BELGAUM,1:4,True,16.3094,75.0373,7.19,1.11,12.5,35.38,44.13,25.4,25.86,23.78,58.45,612.5,0.737,0.15,7,43.3,19.65,538.0,0.82
BELGAUM,1:5,True,16.3286,74.5375,6.61,1.17,12.54,32.93,41.2,31.45,24.83,23.15,65.19,1213.8,0.852,0.09,7,43.07,19.17,723.0,2.65
BELGAUM,1:5,True,16.3181,74.5618,6.64,1.28,13.44,33.47,40.03,40.06,24.83,23.15,65.19,1213.8,0.852,0.09,7,43.07,19.17,788.0,0.19
BELGAUM,1:5,True,16.1959,74.5398,6.59,1.0,10.25,39.17,33.68,34.47,24.3,22.92,68.66,1552.4,0.848,0.089,6,42.34,19.17,646.0,0.82
BELGAUM,1:5,True,16.2904,74.4661,6.49,1.13,12.18,35.08,38.97,40.42,24.83,23.15,65.19,1213.8,0.852,0.09,7,43.07,19.17,700.0,1.36
BELGAUM,1:5,True,16.2314,74.6835,6.67,1.0,13.27,36.99,41.87,26.09,24.3,22.92,68.66,1552.4,0.848,0.089,6,42.34,19.17,621.0,0.81
BELGAUM,1:5,True,15.9831,74.581,6.17,1.45,16.49,32.95,37.5,33.72,24.3,22.92,68.66,1552.4,0.848,0.089,6,42.34,18.63,810.0,3.63
BELGAUM,1:5,True,16.1023,74.6672,6.62,0.97,10.24,32.51,41.94,32.9,24.3,22.92,68.66,1552.4,0.848,0.089,6,42.34,19.17,669.0,0.41
BELGAUM,1:5,True,16.3172,74.5332,6.69,1.07,11.4,34.0,40.73,32.62,24.83,23.15,65.19,1213.8,0.852,0.09,7,43.07,19.17,707.0,0.7
BELGAUM,1:5,True,16.1237,74.5873,6.43,1.25,19.36,33.41,43.74,33.31,24.3,22.92,68.66,1552.4,0.848,0.089,6,42.34,19.17,659.0,0.0
BELGAUM,1:7,True,15.7026,74.6499,6.44,1.21,12.03,35.82,39.66,33.72,25.17,24.13,70.94,1889.4,0.854,0.085,6,42.39,18.63,662.0,1.15
BELGAUM,1:7,True,15.5984,74.5042,6.3,1.35,14.87,32.68,38.83,34.11,25.17,24.13,70.94,1889.4,0.854,0.085,6,42.39,18.63,677.0,1.04
BELGAUM,1:7,True,15.6368,74.7069,6.38,1.2,11.91,35.74,40.58,32.48,24.84,23.23,66.04,1064.2,0.762,0.127,6,42.17,18.63,656.0,0.84
BELGAUM,1:7,True,15.4733,74.5878,5.76,1.59,18.69,29.66,42.71,31.92,25.17,24.13,70.94,1889.4,0.854,0.085,6,42.39,18.63,702.0,3.72
BELGAUM,1:7,True,15.5716,74.4271,5.83,2.0,19.14,30.19,40.17,31.35,25.17,24.13,70.94,1889.4,0.854,0.085,6,42.39,18.63,690.0,2.14
BELGAUM,1:7,True,15.5651,74.6028,6.29,1.26,12.68,32.2,41.78,34.46,25.17,24.13,70.94,1889.4,0.854,0.085,6,42.39,18.63,701.0,0.64
BELGAUM,1:7,True,15.6272,74.4298,5.86,1.94,18.39,31.57,40.12,29.82,25.17,24.13,70.94,1889.4,0.854,0.085,6,42.39,18.63,688.0,3.96
BELGAUM,1:7,True,15.482,74.6615,5.88,1.65,17.15,32.29,41.94,30.9,25.17,24.13,70.94,1889.4,0.854,0.085,6,42.39,18.63,651.0,1.71
BELGAUM,1:3,True,16.4378,74.8744,7.38,0.9,12.84,41.09,36.19,35.09,25.86,23.78,58.45,612.5,0.737,0.15,7,43.3,19.17,620.0,0.54
BELGAUM,1:3,True,16.4676,74.9654,7.18,1.09,14.17,36.42,44.62,25.22,25.86,23.78,58.45,612.5,0.737,0.15,7,43.3,19.17,562.0,0.28
BELGAUM,1:3,True,16.3232,74.8566,6.88,0.95,11.06,34.98,42.29,29.86,25.86,23.78,58.45,612.5,0.737,0.15,7,43.3,19.17,599.0,0.63
BELGAUM,1:3,True,16.4775,74.8086,7.23,0.89,10.46,34.41,43.42,31.07,25.86,23.78,58.45,612.5,0.737,0.15,7,43.3,19.17,582.0,0.28
BELGAUM,1:3,True,16.3445,74.8557,6.91,0.92,11.0,34.99,42.11,29.59,25.86,23.78,58.45,612.5,0.737,0.15,7,43.3,19.17,603.0,0.46
BELGAUM,1:3,True,16.4305,74.7925,7.17,1.01,13.03,35.15,41.18,36.59,25.86,23.78,58.45,612.5,0.737,0.15,7,43.3,19.17,647.0,0.84
BELGAUM,1:3,True,16.499,74.7655,7.27,0.95,12.34,35.83,44.9,33.3,25.86,23.78,58.45,612.5,0.737,0.15,7,43.3,19.17,594.0,1.27
BELGAUM,1:3,True,16.3251,74.8317,7.2,0.89,10.46,37.02,35.83,39.59,25.86,23.78,58.45,612.5,0.737,0.15,7,43.3,19.17,610.0,0.83
BELGAUM,1:3,True,16.4062,74.8296,7.04,1.06,13.17,36.29,41.16,33.13,25.86,23.78,58.45,612.5,0.737,0.15,7,43.3,19.17,666.0,2.67
BELGAUM,1:10,True,16.0931,75.2396,6.98,0.95,12.74,32.56,41.15,34.47,25.2,23.39,62.04,795.3,0.74,0.139,6,42.53,19.65,676.0,0.87
BELGAUM,1:10,True,16.1385,75.1496,7.08,0.98,12.68,34.04,42.63,33.51,25.2,23.39,62.04,795.3,0.74,0.139,6,42.53,19.65,624.0,2.75
BELGAUM,1:10,True,15.9967,75.268,7.2,0.94,13.22,30.89,47.72,25.41,25.2,23.39,62.04,795.3,0.74,0.139,6,42.53,19.53,604.0,1.15
BELGAUM,1:10,True,15.9847,75.127,7.22,1.04,13.16,34.6,36.16,38.8,25.2,23.39,62.04,795.3,0.74,0.139,6,42.53,19.53,654.0,0.65
BELGAUM,1:10,True,15.9376,75.369,7.09,1.03,11.96,31.1,49.29,24.69,26.07,23.83,58.12,590.4,0.659,0.176,6,43.05,19.53,556.0,0.38
BELGAUM,1:10,True,16.0063,75.1,7.23,0.95,12.57,31.95,39.96,36.97,25.2,23.39,62.04,795.3,0.74,0.139,6,42.53,19.65,663.0,1.02
BELGAUM,1:10,True,15.9018,75.2843,6.75,1.14,13.08,29.9,48.89,27.38,25.2,23.39,62.04,795.3,0.74,0.139,6,42.53,19.53,677.0,3.42
BELGAUM,1:9,True,15.8761,74.8947,7.0,0.93,12.45,33.19,38.65,36.41,25.2,23.39,62.04,795.3,0.74,0.139,6,42.53,18.63,705.0,0.72
BELGAUM,1:9,True,15.8955,74.8416,6.76,1.21,13.94,33.95,35.0,37.45,25.2,23.39,62.04,795.3,0.74,0.139,6,42.53,18.63,762.0,0.59
BELGAUM,1:9,True,16.057,75.0617,7.0,0.97,13.14,33.2,42.94,34.57,25.2,23.39,62.04,795.3,0.74,0.139,6,42.53,19.65,671.0,1.08
BELGAUM,1:9,True,15.7257,75.2185,7.27,1.04,21.45,37.47,30.78,44.46,24.84,23.23,66.04,1064.2,0.762,0.127,6,42.17,19.53,628.0,0.41
BELGAUM,1:9,True,15.8631,75.0968,6.79,1.01,17.6,34.55,45.58,27.77,25.2,23.39,62.04,795.3,0.74,0.139,6,42.53,19.53,614.0,0.62
BELGAUM,1:9,True,15.6818,75.0657,7.26,1.1,26.68,39.03,30.69,44.29,24.84,23.23,66.04,1064.2,0.762,0.127,6,42.17,19.53,633.0,0.43
BELGAUM,1:9,True,15.9884,74.8729,6.96,0.98,11.84,35.93,35.62,37.21,25.2,23.39,62.04,795.3,0.74,0.139,6,42.53,18.63,694.0,0.9
BANGALORE RURAL,21:3,True,13.2257,77.7935,6.67,1.01,9.58,27.75,54.52,15.47,23.74,21.61,67.94,842.5,0.522,0.251,4,40.38,20.19,870.0,0.45
BANGALORE RURAL,21:3,True,13.2105,77.6917,6.65,0.86,9.38,25.97,57.94,15.89,23.74,21.61,67.94,842.5,0.522,0.251,4,40.38,20.19,909.0,0.82
BANGALORE RURAL,21:3,True,13.3332,77.7699,6.49,0.88,10.14,30.08,51.76,12.92,24.02,21.74,66.33,800.0,0.529,0.257,5,40.42,20.19,891.0,0.7
BANGALORE RURAL,21:3,True,13.259,77.6696,6.42,1.05,8.69,26.46,53.61,12.11,24.02,21.74,66.33,800.0,0.529,0.257,5,40.42,20.19,906.0,1.01
BANGALORE RURAL,21:3,True,13.1363,77.7574,6.59,1.06,10.22,29.98,53.47,13.57,23.74,21.61,67.94,842.5,0.522,0.251,4,40.38,20.19,865.0,0.28
BENGALURU URBAN,21:3,True,13.1509,77.7307,6.53,1.02,9.08,26.91,57.38,12.11,23.74,21.61,67.94,842.5,0.522,0.251,4,40.38,20.19,884.0,0.69
BANGALORE RURAL,21:3,True,13.3074,77.6516,6.43,1.18,10.57,29.62,51.66,16.06,24.02,21.74,66.33,800.0,0.529,0.257,5,40.42,20.19,966.0,0.21
BANGALORE RURAL,21:4,True,13.1282,77.7629,6.72,1.1,9.4,29.67,53.04,15.31,23.74,21.61,67.94,842.5,0.522,0.251,4,40.38,20.19,864.0,0.17
BANGALORE RURAL,21:4,True,13.2026,77.89,6.53,0.84,9.16,26.22,56.46,12.52,23.83,21.25,69.24,876.1,0.497,0.296,4,40.91,20.19,911.0,1.87
BANGALORE RURAL,21:4,True,12.9488,77.8197,6.6,0.97,10.02,32.37,48.57,20.35,23.83,21.25,69.24,876.1,0.497,0.296,4,40.91,19.73,858.0,0.5
BANGALORE RURAL,21:4,True,12.996,77.7925,6.5,0.92,9.39,29.81,51.74,17.31,23.74,21.61,67.94,842.5,0.522,0.251,4,40.38,19.73,878.0,0.62
BANGALORE RURAL,21:4,True,13.1221,77.8014,6.61,0.81,8.93,27.7,58.08,13.38,23.74,21.61,67.94,842.5,0.522,0.251,4,40.38,20.19,918.0,0.96
BANGALORE RURAL,21:1,True,13.1366,77.3506,6.46,1.25,10.1,28.09,56.68,11.96,23.74,21.61,67.94,842.5,0.522,0.251,4,40.38,20.19,876.0,0.62
BANGALORE RURAL,21:1,True,13.2005,77.354,6.32,1.33,9.85,29.41,57.5,12.68,23.74,21.61,67.94,842.5,0.522,0.251,4,40.38,20.19,904.0,0.98
BANGALORE RURAL,21:1,True,13.3211,77.3383,6.16,1.29,10.96,27.3,57.59,10.15,24.02,21.74,66.33,800.0,0.529,0.257,5,40.42,20.19,871.0,2.04
BANGALORE RURAL,21:1,True,13.1647,77.3361,6.37,1.14,9.57,27.57,57.54,12.11,23.74,21.61,67.94,842.5,0.522,0.251,4,40.38,20.19,890.0,0.37
BENGALURU URBAN,20:3,True,12.7427,77.7415,6.43,1.16,11.03,32.22,48.13,19.52,24.45,22.34,68.11,833.3,0.495,0.275,4,41.69,19.73,893.0,0.67
BENGALURU URBAN,20:3,True,12.722,77.7105,6.42,1.16,14.49,31.69,46.53,20.58,24.45,22.34,68.11,833.3,0.495,0.275,4,41.69,19.73,904.0,0.99
BENGALURU URBAN,20:2,True,12.8061,77.4943,6.5,1.15,10.85,26.68,54.46,16.45,23.74,21.61,67.94,842.5,0.522,0.251,4,40.38,19.73,789.0,0.61
BENGALURU URBAN,20:2,True,12.9165,77.4476,6.46,1.13,10.08,26.98,53.23,15.06,23.74,21.61,67.94,842.5,0.522,0.251,4,40.38,19.73,782.0,0.37
BENGALURU URBAN,20:2,True,12.9618,77.4199,6.45,1.09,10.08,29.7,51.89,12.57,23.74,21.61,67.94,842.5,0.522,0.251,4,40.38,19.73,846.0,1.32
BENGALURU URBAN,20:2,True,12.8718,77.5103,6.43,1.17,11.59,26.19,54.48,19.08,23.74,21.61,67.94,842.5,0.522,0.251,4,40.38,19.73,846.0,0.46
BENGALURU URBAN,20:2,True,12.9163,77.6227,6.55,1.61,15.7,29.07,47.83,22.47,23.74,21.61,67.94,842.5,0.522,0.251,4,40.38,19.73,884.0,0.43
BENGALURU URBAN,20:2,True,12.8497,77.4403,6.51,1.19,11.89,25.62,53.74,15.48,23.74,21.61,67.94,842.5,0.522,0.251,4,40.38,19.73,751.0,0.7
BENGALURU URBAN,20:2,True,12.8995,77.438,6.48,1.22,10.77,25.94,53.04,14.36,23.74,21.61,67.94,842.5,0.522,0.251,4,40.38,19.73,776.0,1.32
BIDAR,5:3,True,18.1868,77.2674,7.4,0.98,8.55,40.34,30.98,35.14,26.18,22.78,56.29,858.8,0.792,0.109,7,44.55,19.23,546.0,0.19
BENGALURU URBAN,20:4,True,13.0643,77.6356,6.6,0.81,10.96,28.18,55.71,15.68,23.74,21.61,67.94,842.5,0.522,0.251,4,40.38,20.19,900.0,0.93
BENGALURU URBAN,20:4,True,13.1123,77.6468,6.52,1.02,11.34,25.92,57.36,16.16,23.74,21.61,67.94,842.5,0.522,0.251,4,40.38,20.19,914.0,1.1
BENGALURU URBAN,20:4,True,13.0109,77.7436,6.45,1.19,10.78,28.43,51.44,17.92,23.74,21.61,67.94,842.5,0.522,0.251,4,40.38,20.19,862.0,0.79
BENGALURU URBAN,20:4,True,13.0164,77.6926,6.41,1.29,12.97,27.91,55.15,16.73,23.74,21.61,67.94,842.5,0.522,0.251,4,40.38,20.19,882.0,0.68
BENGALURU URBAN,20:4,True,13.0445,77.6719,6.52,1.05,11.4,27.27,53.18,18.36,23.74,21.61,67.94,842.5,0.522,0.251,4,40.38,20.19,877.0,0.58
BENGALURU URBAN,20:4,True,12.8976,77.7247,6.54,1.06,9.99,29.76,51.06,20.04,23.74,21.61,67.94,842.5,0.522,0.251,4,40.38,19.73,887.0,0.21
BENGALURU URBAN,20:4,True,12.936,77.7408,6.54,1.06,11.07,29.28,48.43,20.5,23.74,21.61,67.94,842.5,0.522,0.251,4,40.38,19.73,877.0,1.0
BENGALURU URBAN,20:4,True,12.8812,77.7158,6.44,1.06,11.34,30.81,48.54,20.12,23.74,21.61,67.94,842.5,0.522,0.251,4,40.38,19.73,908.0,0.1
BIDAR,5:1,True,17.8968,76.9214,6.89,0.99,10.24,36.0,36.53,29.67,26.06,22.76,55.28,788.5,0.779,0.121,7,44.16,19.47,629.0,0.62
BIDAR,5:1,True,17.8683,76.9895,6.95,1.1,10.05,37.81,34.44,31.48,26.06,22.76,55.28,788.5,0.779,0.121,7,44.16,19.47,617.0,0.61
BIDAR,5:1,True,17.6673,76.739,6.99,1.09,10.32,36.58,35.97,33.88,26.58,23.47,55.25,770.7,0.765,0.125,7,44.6,19.47,562.0,0.99
BIDAR,5:1,True,17.8568,76.9225,6.88,1.04,9.96,35.01,38.61,31.01,26.06,22.76,55.28,788.5,0.779,0.121,7,44.16,19.47,645.0,0.36
BIDAR,5:1,True,17.7898,76.7688,6.9,1.05,11.48,33.64,35.96,33.51,26.06,22.76,55.28,788.5,0.779,0.121,7,44.16,19.47,628.0,0.41
BIDAR,5:1,True,17.8493,77.0526,6.88,1.05,10.29,36.08,36.38,31.95,26.06,22.76,55.28,788.5,0.779,0.121,7,44.16,19.29,648.0,0.57
BIDAR,5:2,True,17.9445,77.2353,7.17,1.13,8.58,41.61,33.31,31.34,26.18,22.78,56.29,858.8,0.792,0.109,7,44.55,19.29,565.0,0.33
BIDAR,5:2,True,17.9881,77.2171,7.34,1.01,8.92,40.12,32.11,30.56,26.18,22.78,56.29,858.8,0.792,0.109,7,44.55,19.29,572.0,0.42
BIDAR,5:2,True,18.1174,77.0435,7.26,1.01,8.8,39.48,31.9,34.56,26.06,22.76,55.28,788.5,0.779,0.121,7,44.16,19.23,553.0,0.95
BIDAR,5:2,True,18.0656,76.9694,7.14,0.99,9.03,41.18,29.34,34.16,26.06,22.76,55.28,788.5,0.779,0.121,7,44.16,19.3,578.0,0.54
BIDAR,5:2,True,18.055,77.3816,7.32,1.21,9.88,39.63,29.06,38.1,26.18,22.78,56.29,858.8,0.792,0.109,7,44.55,19.23,539.0,0.49
BIDAR,5:4,True,17.7946,77.4088,6.92,1.01,9.72,38.38,36.75,28.75,26.18,22.78,56.29,858.8,0.792,0.109,7,44.55,19.29,620.0,0.38
BIDAR,5:4,True,17.7371,77.5101,7.18,1.13,8.94,39.13,33.41,31.29,26.11,22.97,57.34,831.4,0.773,0.117,7,44.4,19.29,611.0,0.65
BIDAR,5:4,True,17.7664,77.3838,7.33,1.05,9.05,40.4,33.38,31.7,26.18,22.78,56.29,858.8,0.792,0.109,7,44.55,19.29,590.0,0.49
BIDAR,5:4,True,17.7591,77.453,6.89,1.06,9.46,38.07,35.73,29.57,26.18,22.78,56.29,858.8,0.792,0.109,7,44.55,19.29,629.0,1.45
BIDAR,5:4,True,17.7743,77.5088,7.2,1.01,9.51,40.4,38.17,25.4,26.18,22.78,56.29,858.8,0.792,0.109,7,44.55,19.29,610.0,0.5
BIDAR,5:4,True,17.8241,77.3208,7.14,0.94,26.14,41.92,29.45,36.38,26.18,22.78,56.29,858.8,0.792,0.109,7,44.55,19.29,580.0,0.0
BIDAR,5:4,True,17.9902,77.3997,7.05,1.14,9.67,36.36,34.54,31.54,26.18,22.78,56.29,858.8,0.792,0.109,7,44.55,19.29,591.0,1.2
BIDAR,5:5,True,17.7056,77.2273,7.07,1.1,9.02,36.9,37.2,27.44,26.11,22.97,57.34,831.4,0.773,0.117,7,44.4,19.29,607.0,0.29
BIDAR,5:5,True,17.6101,77.3401,6.81,1.1,10.62,36.87,39.01,25.91,26.11,22.97,57.34,831.4,0.773,0.117,7,44.4,19.29,600.0,1.79
BIDAR,5:5,True,17.8748,77.2918,7.16,1.01,10.21,42.47,32.62,28.27,26.18,22.78,56.29,858.8,0.792,0.109,7,44.55,19.29,593.0,0.45
BIDAR,5:5,True,17.8816,77.2836,7.18,1.03,9.73,41.99,32.11,30.41,26.18,22.78,56.29,858.8,0.792,0.109,7,44.55,19.29,591.0,0.87
BIDAR,5:5,True,17.7487,77.0993,6.88,0.96,9.22,35.11,36.21,28.62,26.58,23.47,55.25,770.7,0.765,0.125,7,44.6,19.29,645.0,0.94
BIDAR,5:5,True,17.6813,77.4077,6.91,1.13,9.43,37.55,36.51,31.41,26.11,22.97,57.34,831.4,0.773,0.117,7,44.4,19.29,618.0,0.72
BIDAR,5:5,True,17.7681,77.1419,6.88,0.99,9.58,36.25,36.83,29.36,26.06,22.76,55.28,788.5,0.779,0.121,7,44.16,19.29,621.0,0.68
CHAMARAJANAGAR,27:2,True,11.7763,76.8636,6.98,1.22,18.4,31.62,41.09,29.06,23.86,22.49,69.82,886.2,0.508,0.266,4,40.67,18.58,841.0,0.48
CHAMARAJANAGAR,27:2,True,11.9919,76.8722,7.07,1.31,12.96,31.14,40.19,31.97,23.86,22.49,69.82,886.2,0.508,0.266,4,40.67,18.58,750.0,1.25
CHAMARAJANAGAR,27:2,True,11.8261,77.0572,6.75,1.56,15.51,34.49,38.53,29.54,23.86,22.49,69.82,886.2,0.508,0.266,4,40.67,19.74,765.0,1.14
CHAMARAJANAGAR,27:2,True,11.8436,77.0407,6.83,1.46,13.46,34.44,39.14,29.64,23.86,22.49,69.82,886.2,0.508,0.266,4,40.67,19.74,778.0,0.89
CHAMARAJANAGAR,27:1,True,11.7684,76.6484,6.66,1.26,12.39,34.65,38.16,30.54,23.86,22.49,69.82,886.2,0.508,0.266,4,40.67,18.58,853.0,2.07
CHAMARAJANAGAR,27:1,True,11.7764,76.4641,5.93,1.78,18.24,35.38,42.02,24.15,23.31,22.41,76.05,1737.8,0.693,0.161,4,40.03,18.58,859.0,1.65
CHAMARAJANAGAR,27:1,True,11.7307,76.4449,5.85,1.91,18.02,33.99,40.09,22.26,23.56,22.96,78.53,1852.7,0.663,0.185,4,38.78,18.58,852.0,0.26
CHAMARAJANAGAR,27:1,True,11.7043,76.7113,6.74,1.31,12.31,35.34,39.79,29.81,23.5,21.97,72.73,947.1,0.493,0.299,4,40.27,18.58,866.0,0.77
CHAMARAJANAGAR,27:1,True,11.9484,76.6868,7.07,1.29,13.83,32.42,38.6,32.5,23.86,22.49,69.82,886.2,0.508,0.266,4,40.67,18.58,748.0,0.77
CHIKBALLAPUR,29:4,True,13.7618,77.9518,6.91,1.1,18.33,33.05,46.85,18.55,25.33,22.27,64.54,733.4,0.513,0.311,5,41.84,20.19,721.0,2.59
CHIKBALLAPUR,29:4,True,13.7645,78.0866,7.02,0.88,24.04,35.84,41.3,22.52,25.33,22.27,64.54,733.4,0.513,0.311,5,41.84,19.83,680.0,0.17
CHIKBALLAPUR,29:4,True,13.8102,78.0536,6.95,0.98,11.93,35.59,43.27,22.5,25.33,22.27,64.54,733.4,0.513,0.311,5,41.84,19.83,687.0,0.7
CHIKBALLAPUR,29:4,True,13.7414,77.9255,6.64,1.38,23.19,32.12,48.56,18.65,23.98,21.24,67.6,814.7,0.506,0.299,5,40.44,20.19,788.0,12.03
CHAMARAJANAGAR,27:3,True,12.0427,77.0039,6.82,1.33,12.26,34.37,34.91,29.22,23.86,22.49,69.82,886.2,0.508,0.266,4,40.67,19.73,662.0,0.11
CHAMARAJANAGAR,27:3,True,12.0479,77.0042,6.86,1.31,11.65,34.05,35.11,28.95,23.86,22.49,69.82,886.2,0.508,0.266,4,40.67,19.73,665.0,0.63
CHAMARAJANAGAR,27:3,True,12.0429,77.0611,6.57,1.26,14.73,32.14,37.81,26.85,23.86,22.49,69.82,886.2,0.508,0.266,4,40.67,19.73,657.0,0.38
CHAMARAJANAGAR,27:3,True,11.9127,77.1604,5.97,3.11,30.94,34.32,37.81,25.26,23.86,22.49,69.82,886.2,0.508,0.266,4,40.67,19.74,1226.0,3.4
CHAMARAJANAGAR,27:3,True,11.9591,77.134,6.06,3.44,26.79,35.21,38.29,24.72,23.86,22.49,69.82,886.2,0.508,0.266,4,40.67,19.74,1224.0,18.06
CHAMARAJANAGAR,27:3,True,12.0258,77.1372,6.27,2.19,22.19,32.25,39.59,21.71,23.86,22.49,69.82,886.2,0.508,0.266,4,40.67,19.73,981.0,7.13
CHAMARAJANAGAR,27:3,True,12.0723,77.0797,6.55,1.36,13.92,31.45,39.66,27.36,23.86,22.49,69.82,886.2,0.508,0.266,4,40.67,19.73,650.0,0.3
CHAMARAJANAGAR,27:3,True,12.1048,77.0063,6.72,1.28,12.06,34.41,34.83,27.88,23.86,22.49,69.82,886.2,0.508,0.266,4,40.67,19.73,654.0,0.22
CHAMARAJANAGAR,27:3,True,12.0403,77.075,6.59,1.28,13.08,31.91,39.19,28.11,23.86,22.49,69.82,886.2,0.508,0.266,4,40.67,19.73,662.0,0.37
CHIKBALLAPUR,29:2,True,13.47,77.6723,6.11,1.64,26.72,26.98,56.34,15.81,24.02,21.74,66.33,800.0,0.529,0.257,5,40.42,20.19,1115.0,2.99
CHIKBALLAPUR,29:2,True,13.5531,77.8026,6.46,1.06,17.81,29.98,53.95,14.42,24.02,21.74,66.33,800.0,0.529,0.257,5,40.42,20.19,852.0,1.26
CHIKBALLAPUR,29:2,True,13.3917,77.777,6.33,1.17,17.27,29.48,54.22,12.81,24.02,21.74,66.33,800.0,0.529,0.257,5,40.42,20.19,928.0,0.69
CHIKBALLAPUR,29:2,True,13.4559,77.6239,6.24,0.89,12.63,28.06,58.17,10.47,24.02,21.74,66.33,800.0,0.529,0.257,5,40.42,20.19,780.0,1.25
CHIKBALLAPUR,29:2,True,13.3793,77.6829,6.12,1.66,18.94,27.83,52.84,14.01,24.02,21.74,66.33,800.0,0.529,0.257,5,40.42,20.19,976.0,10.24
CHIKBALLAPUR,29:2,True,13.5858,77.7849,6.69,1.15,19.24,30.72,50.6,15.64,24.02,21.74,66.33,800.0,0.529,0.257,5,40.42,20.19,852.0,0.6
CHIKBALLAPUR,29:6,True,13.3721,78.1291,6.85,0.81,9.65,31.92,48.95,18.5,23.98,21.24,67.6,814.7,0.506,0.299,5,40.44,19.83,843.0,0.92
CHIKBALLAPUR,29:6,True,13.5692,77.9827,6.98,0.94,11.05,32.55,45.25,20.16,23.98,21.24,67.6,814.7,0.506,0.299,5,40.44,20.19,780.0,1.03
CHIKBALLAPUR,29:6,True,13.4875,78.0382,6.75,0.97,11.14,32.7,46.24,18.63,23.98,21.24,67.6,814.7,0.506,0.299,5,40.44,19.83,832.0,1.43
CHIKBALLAPUR,29:6,True,13.3226,78.0826,6.53,1.0,12.37,31.21,50.58,15.83,23.98,21.24,67.6,814.7,0.506,0.299,5,40.44,19.83,848.0,1.04
CHIKBALLAPUR,29:6,True,13.5728,78.0136,6.85,0.97,11.25,32.3,47.04,18.6,23.98,21.24,67.6,814.7,0.506,0.299,5,40.44,19.83,760.0,1.66
CHIKBALLAPUR,29:6,True,13.3177,78.0674,6.5,0.99,12.93,29.58,50.66,14.87,23.98,21.24,67.6,814.7,0.506,0.299,5,40.44,19.83,867.0,0.24
CHIKBALLAPUR,29:6,True,13.5657,78.1453,6.86,0.86,9.48,34.66,42.21,18.9,23.98,21.24,67.6,814.7,0.506,0.299,5,40.44,19.83,781.0,1.05
CHIKBALLAPUR,29:6,True,13.4332,77.9916,6.64,1.04,17.6,28.4,50.7,16.08,23.98,21.24,67.6,814.7,0.506,0.299,5,40.44,20.19,915.0,0.54
CHIKBALLAPUR,29:1,True,13.6947,77.6124,6.71,1.9,14.91,31.52,52.05,20.95,24.02,21.74,66.33,800.0,0.529,0.257,5,40.42,20.19,680.0,0.43
CHIKBALLAPUR,29:1,True,13.7488,77.5433,7.06,1.05,10.44,36.01,44.26,26.15,24.02,21.74,66.33,800.0,0.529,0.257,5,40.42,20.19,646.0,0.74
CHIKBALLAPUR,29:1,True,13.7019,77.5592,6.74,1.27,12.04,35.0,43.95,24.93,24.02,21.74,66.33,800.0,0.529,0.257,5,40.42,20.19,663.0,0.33
CHIKBALLAPUR,29:1,True,13.5622,77.5739,6.43,1.02,11.66,28.8,56.5,12.85,24.02,21.74,66.33,800.0,0.529,0.257,5,40.42,20.19,758.0,4.87
CHIKBALLAPUR,29:1,True,13.5626,77.6263,6.37,1.13,12.38,31.0,53.58,16.5,24.02,21.74,66.33,800.0,0.529,0.257,5,40.42,20.19,762.0,1.88
CHIKBALLAPUR,29:3,True,13.7137,77.78,6.76,1.03,20.25,34.0,43.67,22.36,24.02,21.74,66.33,800.0,0.529,0.257,5,40.42,20.19,750.0,0.53
CHIKBALLAPUR,29:3,True,13.7139,77.7328,6.62,1.04,17.81,30.42,52.25,16.73,24.02,21.74,66.33,800.0,0.529,0.257,5,40.42,20.19,799.0,0.79
CHIKBALLAPUR,29:3,True,13.6553,77.6709,6.42,1.79,23.04,30.8,52.38,15.21,24.02,21.74,66.33,800.0,0.529,0.257,5,40.42,20.19,866.0,5.62
CHIKBALLAPUR,29:3,True,13.6722,77.7304,6.74,1.07,19.42,31.26,51.53,19.11,24.02,21.74,66.33,800.0,0.529,0.257,5,40.42,20.19,813.0,1.52
CHIKBALLAPUR,29:3,True,13.7201,77.7411,6.69,1.04,18.74,31.96,49.16,18.61,24.02,21.74,66.33,800.0,0.529,0.257,5,40.42,20.19,773.0,0.12
CHIKBALLAPUR,29:3,True,13.6292,77.7117,6.5,1.11,20.97,30.23,53.9,16.04,24.02,21.74,66.33,800.0,0.529,0.257,5,40.42,20.19,824.0,0.63
CHIKBALLAPUR,29:3,True,13.6514,77.7474,6.73,1.03,20.01,30.12,53.45,16.91,24.02,21.74,66.33,800.0,0.529,0.257,5,40.42,20.19,814.0,0.59
CHIKBALLAPUR,29:5,True,13.5838,77.9175,6.72,1.08,18.69,30.55,51.82,18.26,23.98,21.24,67.6,814.7,0.506,0.299,5,40.44,20.19,860.0,2.13
CHIKBALLAPUR,29:5,True,13.4313,77.9304,6.72,1.21,18.5,29.02,51.23,16.37,23.98,21.24,67.6,814.7,0.506,0.299,5,40.44,20.19,903.0,0.84
CHIKBALLAPUR,29:5,True,13.6309,77.8428,6.95,1.01,18.49,33.52,46.77,19.5,23.98,21.24,67.6,814.7,0.506,0.299,5,40.44,20.19,780.0,0.5
CHIKBALLAPUR,29:5,True,13.3755,77.9577,6.64,1.1,14.05,30.45,47.17,19.4,23.98,21.24,67.6,814.7,0.506,0.299,5,40.44,20.19,930.0,0.74
CHIKBALLAPUR,29:5,True,13.4783,77.9866,6.65,1.03,13.28,28.63,54.11,17.86,23.98,21.24,67.6,814.7,0.506,0.299,5,40.44,20.19,874.0,1.86
CHIKBALLAPUR,29:5,True,13.2873,77.8932,6.61,0.95,10.21,27.87,54.93,15.69,23.98,21.24,67.6,814.7,0.506,0.299,5,40.44,20.19,910.0,1.38
CHIKBALLAPUR,29:5,True,13.4824,77.8697,6.59,1.08,18.65,30.96,52.55,18.83,23.98,21.24,67.6,814.7,0.506,0.299,5,40.44,20.19,878.0,1.5
CHIKMAGALUR,17:5,True,13.3876,75.9916,7.3,1.07,11.0,31.83,40.5,31.17,23.65,21.88,68.79,1137.3,0.684,0.164,6,40.36,18.72,873.0,1.39
CHIKMAGALUR,17:5,True,13.6074,75.9327,6.82,1.03,12.33,30.85,42.09,26.35,22.53,20.5,77.64,2460.4,0.819,0.102,5,39.03,18.72,834.0,1.28
CHIKMAGALUR,17:5,True,13.7253,76.1585,7.04,1.11,11.18,36.1,41.13,32.96,23.65,21.88,68.79,1137.3,0.684,0.164,6,40.36,19.82,731.0,1.2
CHIKMAGALUR,17:5,True,13.5204,76.206,7.0,1.32,11.84,32.91,44.98,32.15,23.65,21.88,68.79,1137.3,0.684,0.164,6,40.36,19.82,785.0,1.02
CHIKMAGALUR,17:5,True,13.5488,76.1946,6.9,1.32,11.88,33.85,44.01,30.27,23.65,21.88,68.79,1137.3,0.684,0.164,6,40.36,19.82,748.0,0.64
CHIKMAGALUR,17:6,True,13.5087,75.6951,5.73,2.53,24.16,34.78,38.92,26.94,22.53,20.5,77.64,2460.4,0.819,0.102,5,39.03,18.72,858.0,4.34
CHIKMAGALUR,17:6,True,13.3557,75.6001,5.6,4.11,42.18,33.49,38.3,29.76,22.53,20.5,77.64,2460.4,0.819,0.102,5,39.03,18.72,1309.0,10.45
CHIKMAGALUR,17:6,True,13.4507,75.6661,5.6,2.31,20.21,32.65,40.69,27.92,22.53,20.5,77.64,2460.4,0.819,0.102,5,39.03,18.72,814.0,1.43
CHIKMAGALUR,17:6,True,13.2578,75.6592,5.87,2.8,26.83,34.69,40.48,29.74,22.53,20.5,77.64,2460.4,0.819,0.102,5,39.03,18.72,1045.0,0.66
CHIKMAGALUR,17:6,True,13.1968,75.6864,5.76,2.85,26.74,31.83,38.11,25.43,23.41,22.06,78.12,2852.8,0.82,0.099,5,39.7,18.72,1092.0,2.82
CHIKMAGALUR,17:6,True,13.3611,75.6432,5.61,3.42,34.43,32.82,38.89,27.11,22.53,20.5,77.64,2460.4,0.819,0.102,5,39.03,18.72,1062.0,8.55
CHIKMAGALUR,17:6,True,13.3933,75.5652,5.63,3.21,32.33,35.09,38.41,27.64,22.53,20.5,77.64,2460.4,0.819,0.102,5,39.03,18.72,1017.0,9.99
CHIKMAGALUR,17:7,True,13.2522,75.365,5.45,3.25,37.65,33.4,40.83,26.26,22.53,20.5,77.64,2460.4,0.819,0.102,5,39.03,18.72,864.0,12.12
CHIKMAGALUR,17:7,True,13.0472,75.6997,5.66,1.91,19.97,30.99,42.85,27.34,23.41,22.06,78.12,2852.8,0.82,0.099,5,39.7,18.72,905.0,1.03
CHIKMAGALUR,17:7,True,13.2318,75.5855,5.56,2.82,32.61,38.78,39.61,25.38,23.41,22.06,78.12,2852.8,0.82,0.099,5,39.7,18.72,879.0,3.31
CHIKMAGALUR,17:2,True,13.4066,75.3184,5.44,2.52,24.54,33.82,40.9,24.95,22.53,20.5,77.64,2460.4,0.819,0.102,5,39.03,18.72,717.0,6.85
CHIKMAGALUR,17:2,True,13.3186,75.3168,5.46,3.5,36.42,34.37,39.45,25.45,22.53,20.5,77.64,2460.4,0.819,0.102,5,39.03,18.72,873.0,8.64
CHIKMAGALUR,17:2,True,13.5451,75.2558,5.5,2.08,21.75,30.64,42.01,24.16,25.38,24.34,77.32,3354.6,0.848,0.09,5,38.61,18.72,648.0,0.26
CHIKMAGALUR,17:2,True,13.3702,75.3244,5.48,3.35,35.51,34.98,39.82,24.5,22.53,20.5,77.64,2460.4,0.819,0.102,5,39.03,18.72,826.0,10.1
CHIKMAGALUR,17:2,True,13.3092,75.2901,5.48,3.68,38.98,34.52,38.1,28.4,25.38,24.34,77.32,3354.6,0.848,0.09,5,38.61,18.72,1123.0,17.74
CHIKMAGALUR,17:2,True,13.3471,75.3896,5.46,3.26,33.25,35.62,39.38,26.7,22.53,20.5,77.64,2460.4,0.819,0.102,5,39.03,18.72,767.0,4.56
CHIKMAGALUR,17:2,True,13.5807,75.3977,5.59,2.89,38.94,34.78,39.56,25.13,22.53,20.5,77.64,2460.4,0.819,0.102,5,39.03,18.72,848.0,5.76
CHIKMAGALUR,17:2,True,13.5295,75.3279,5.44,2.52,26.83,31.55,41.64,25.51,22.53,20.5,77.64,2460.4,0.819,0.102,5,39.03,18.72,800.0,8.1
CHIKMAGALUR,17:2,True,13.5584,75.3599,5.51,2.11,21.35,30.47,40.88,25.62,22.53,20.5,77.64,2460.4,0.819,0.102,5,39.03,18.72,742.0,1.44
CHIKMAGALUR,17:2,True,13.5386,75.3161,5.46,2.23,21.53,31.61,42.2,24.05,22.53,20.5,77.64,2460.4,0.819,0.102,5,39.03,18.72,674.0,4.79
CHIKMAGALUR,17:3,True,13.6218,75.427,5.65,1.99,20.6,30.14,41.4,26.12,22.53,20.5,77.64,2460.4,0.819,0.102,5,39.03,18.72,648.0,0.21
CHIKMAGALUR,17:3,True,13.5712,75.6234,5.69,2.7,31.98,34.7,39.62,34.34,22.53,20.5,77.64,2460.4,0.819,0.102,5,39.03,18.72,774.0,6.91
CHIKMAGALUR,17:3,True,13.5762,75.5561,5.67,2.34,28.68,32.57,42.42,31.84,22.53,20.5,77.64,2460.4,0.819,0.102,5,39.03,18.72,674.0,1.78
CHIKMAGALUR,17:3,True,13.2948,75.4406,5.41,3.18,35.77,36.13,39.02,25.28,22.53,20.5,77.64,2460.4,0.819,0.102,5,39.03,18.72,957.0,10.9
CHIKMAGALUR,17:3,True,13.6365,75.415,5.55,2.44,23.28,29.79,40.7,25.85,22.53,20.5,77.64,2460.4,0.819,0.102,5,39.03,18.72,716.0,2.35
CHIKMAGALUR,17:3,True,13.6428,75.5787,5.76,2.48,34.29,32.52,44.05,33.27,22.53,20.5,77.64,2460.4,0.819,0.102,5,39.03,18.72,688.0,0.85
CHIKMAGALUR,17:3,True,13.5223,75.5314,5.6,2.27,21.44,32.19,40.45,29.68,22.53,20.5,77.64,2460.4,0.819,0.102,5,39.03,18.72,793.0,4.56
CHIKMAGALUR,17:4,True,13.5345,75.7736,5.85,3.34,28.74,38.59,33.02,35.27,22.53,20.5,77.64,2460.4,0.819,0.102,5,39.03,18.72,1703.0,6.5
CHIKMAGALUR,17:4,True,13.8073,75.831,6.38,1.44,16.88,33.73,38.5,23.15,23.87,21.87,73.34,1866.3,0.802,0.112,6,41.12,18.72,746.0,3.91
CHIKMAGALUR,17:4,True,13.6343,75.6005,5.75,2.59,27.84,34.33,40.02,32.91,22.53,20.5,77.64,2460.4,0.819,0.102,5,39.03,18.72,733.0,4.33
CHIKMAGALUR,17:4,True,13.6742,75.9613,7.02,1.02,9.93,32.57,43.39,28.69,23.65,21.88,68.79,1137.3,0.684,0.164,6,40.36,18.72,778.0,0.48
CHIKMAGALUR,17:1,True,13.3153,75.1389,5.47,3.1,33.18,30.79,42.16,25.32,25.38,24.34,77.32,3354.6,0.848,0.09,5,38.61,18.72,737.0,2.51
CHIKMAGALUR,17:1,True,13.4035,75.1757,5.51,3.36,34.42,32.31,41.88,24.78,25.38,24.34,77.32,3354.6,0.848,0.09,5,38.61,18.72,709.0,4.52
CHIKMAGALUR,17:1,True,13.2745,75.2501,5.61,4.69,45.17,36.75,35.86,31.49,25.38,24.34,77.32,3354.6,0.848,0.09,5,38.61,18.72,1363.0,13.74
CHIKMAGALUR,17:1,True,13.4417,75.2509,5.45,1.91,22.57,30.08,42.99,23.25,25.38,24.34,77.32,3354.6,0.848,0.09,5,38.61,18.72,699.0,1.48
CHIKMAGALUR,17:1,True,13.3496,75.1628,5.5,2.93,31.65,32.19,40.25,25.08,25.38,24.34,77.32,3354.6,0.848,0.09,5,38.61,18.72,752.0,2.11
CHIKMAGALUR,17:1,True,13.4794,75.168,5.52,3.05,39.32,33.47,42.84,24.67,25.38,24.34,77.32,3354.6,0.848,0.09,5,38.61,18.72,699.0,3.31
CHIKMAGALUR,17:1,True,13.3313,75.153,5.52,3.12,33.99,31.56,40.87,27.21,25.38,24.34,77.32,3354.6,0.848,0.09,5,38.61,18.72,682.0,4.51
CHIKMAGALUR,17:1,True,13.3823,75.177,5.47,3.25,35.79,32.8,40.22,25.29,25.38,24.34,77.32,3354.6,0.848,0.09,5,38.61,18.72,789.0,6.67
CHIKMAGALUR,17:1,True,13.3312,75.2112,5.48,3.15,35.5,33.89,39.97,26.41,25.38,24.34,77.32,3354.6,0.848,0.09,5,38.61,18.72,849.0,6.4
CHIKMAGALUR,17:1,True,13.438,75.2026,5.51,2.44,28.57,30.01,43.72,24.24,25.38,24.34,77.32,3354.6,0.848,0.09,5,38.61,18.72,682.0,5.7
CHITRADURGA,13:6,True,14.2019,76.6021,7.18,1.09,15.31,36.34,38.08,40.69,25.15,23.04,63.39,683.6,0.537,0.244,6,41.44,20.22,595.0,0.44
CHITRADURGA,13:6,True,14.1043,76.8776,7.28,1.11,11.43,40.52,34.37,38.88,25.15,23.04,63.39,683.6,0.537,0.244,6,41.44,20.22,589.0,0.24
CHITRADURGA,13:6,True,13.741,76.5789,6.97,1.11,10.98,34.74,45.02,27.67,24.29,22.48,65.46,798.0,0.542,0.233,5,40.72,19.82,701.0,0.75
CHITRADURGA,13:6,True,14.0253,76.717,7.14,1.0,10.07,36.57,40.9,26.19,25.15,23.04,63.39,683.6,0.537,0.244,6,41.44,20.22,574.0,0.33
CHITRADURGA,13:6,True,13.9828,76.4914,6.99,1.12,11.71,36.3,40.75,35.97,24.57,22.79,66.3,865.0,0.629,0.196,6,41.15,19.82,668.0,0.9
CHITRADURGA,13:3,True,14.3494,76.4499,7.03,1.01,11.38,34.75,37.08,38.9,25.16,23.39,64.13,702.4,0.583,0.22,6,41.6,20.22,660.0,0.53
CHITRADURGA,13:3,True,14.3843,76.1592,6.89,1.29,12.56,36.42,36.38,34.37,25.16,23.39,64.13,702.4,0.583,0.22,6,41.6,20.22,701.0,4.36
CHITRADURGA,13:3,True,14.2278,76.4081,6.84,1.07,10.41,30.93,48.84,26.06,24.57,22.79,66.3,865.0,0.629,0.196,6,41.15,20.22,718.0,1.07
CHITRADURGA,13:3,True,14.2562,76.171,6.85,1.04,10.69,34.67,40.15,31.2,25.16,23.39,64.13,702.4,0.583,0.22,6,41.6,20.22,795.0,1.11
CHITRADURGA,13:3,True,14.3016,76.1176,6.88,1.24,12.31,36.03,36.88,35.43,25.16,23.39,64.13,702.4,0.583,0.22,6,41.6,20.22,717.0,1.03
CHITRADURGA,13:3,True,14.2851,76.1215,6.89,1.14,11.57,35.76,37.76,34.66,25.16,23.39,64.13,702.4,0.583,0.22,6,41.6,20.22,704.0,1.82
CHITRADURGA,13:3,True,14.3689,76.479,7.13,1.0,20.03,36.14,37.73,40.26,25.16,23.39,64.13,702.4,0.583,0.22,6,41.6,20.22,639.0,0.85
CHITRADURGA,13:3,True,14.084,76.4206,6.85,1.27,15.57,31.54,41.86,29.57,24.57,22.79,66.3,865.0,0.629,0.196,6,41.15,20.22,866.0,4.24
CHITRADURGA,13:4,True,14.0582,76.1811,6.92,1.05,9.83,35.07,41.99,28.51,24.57,22.79,66.3,865.0,0.629,0.196,6,41.15,20.22,695.0,0.3
CHITRADURGA,13:4,True,14.0569,76.1807,6.92,1.05,11.28,34.85,42.37,28.63,24.57,22.79,66.3,865.0,0.629,0.196,6,41.15,20.22,691.0,0.43
CHITRADURGA,13:4,True,14.2238,76.1483,7.05,1.17,11.91,36.24,39.96,35.38,24.57,22.79,66.3,865.0,0.629,0.196,6,41.15,20.22,690.0,4.78
CHITRADURGA,13:4,True,14.1295,76.2055,6.81,1.13,12.29,34.04,45.05,28.28,24.57,22.79,66.3,865.0,0.629,0.196,6,41.15,20.22,775.0,0.85
CHITRADURGA,13:4,True,13.9659,76.1796,6.85,1.19,11.41,32.34,43.71,29.06,24.57,22.79,66.3,865.0,0.629,0.196,6,41.15,19.82,741.0,3.9
CHITRADURGA,13:4,True,14.0281,76.3116,7.05,1.23,12.5,34.16,40.66,32.09,24.57,22.79,66.3,865.0,0.629,0.196,6,41.15,20.22,817.0,6.72
CHITRADURGA,13:5,True,13.6726,76.4287,7.18,1.13,11.63,35.03,38.33,35.91,23.65,21.88,68.79,1137.3,0.684,0.164,6,40.36,19.82,707.0,0.62
CHITRADURGA,13:5,True,13.7887,76.1636,7.11,1.04,11.3,36.75,37.8,37.1,24.57,22.79,66.3,865.0,0.629,0.196,6,41.15,19.82,717.0,0.54
CHITRADURGA,13:5,True,13.7606,76.1895,7.13,1.16,12.33,38.59,36.56,38.64,24.57,22.79,66.3,865.0,0.629,0.196,6,41.15,19.82,709.0,0.48
CHITRADURGA,13:5,True,13.6939,76.2323,7.27,1.11,11.8,39.27,36.1,38.55,23.65,21.88,68.79,1137.3,0.684,0.164,6,40.36,19.82,676.0,0.37
CHITRADURGA,13:5,True,13.7689,76.4396,7.17,1.08,17.45,34.64,42.68,36.25,24.57,22.79,66.3,865.0,0.629,0.196,6,41.15,19.82,676.0,1.28
CHITRADURGA,13:5,True,13.8617,76.2637,6.85,1.13,12.79,30.24,45.4,22.54,24.57,22.79,66.3,865.0,0.629,0.196,6,41.15,19.82,778.0,2.8
CHITRADURGA,13:5,True,13.8843,76.2004,6.87,1.03,11.13,34.27,43.34,28.19,24.57,22.79,66.3,865.0,0.629,0.196,6,41.15,19.82,732.0,0.23
CHITRADURGA,13:5,True,13.7884,76.4237,7.18,1.37,13.45,34.39,39.85,39.45,24.57,22.79,66.3,865.0,0.629,0.196,6,41.15,19.82,660.0,2.37
DAKSHIN KANNAD,24:2,True,12.8917,75.0809,5.8,2.47,29.03,38.92,41.49,23.81,26.74,26.33,76.55,3614.3,0.835,0.095,5,38.08,18.14,35.0,1.11
DAKSHIN KANNAD,24:2,True,12.9065,75.0376,5.72,2.62,30.62,39.21,45.66,21.39,26.74,26.33,76.55,3614.3,0.835,0.095,5,38.08,18.14,71.0,3.44
DAKSHIN KANNAD,24:2,True,12.7425,75.0004,5.67,2.04,24.21,35.59,47.47,17.62,27.08,26.85,77.98,3521.1,0.795,0.113,4,36.03,18.14,80.0,4.09
DAKSHIN KANNAD,24:2,True,12.9639,75.0294,5.72,2.54,28.34,37.26,43.9,18.6,26.74,26.33,76.55,3614.3,0.835,0.095,5,38.08,18.14,49.0,0.53
DAKSHIN KANNAD,24:2,True,12.895,75.1912,5.62,2.64,26.2,35.07,41.36,18.93,26.74,26.33,76.55,3614.3,0.835,0.095,5,38.08,18.14,81.0,1.96
DAKSHIN KANNAD,24:2,True,12.7339,75.0118,5.67,1.99,25.08,35.82,49.02,19.09,27.08,26.85,77.98,3521.1,0.795,0.113,4,36.03,18.14,60.0,1.54
CHITRADURGA,13:1,True,14.786,76.7463,7.04,1.04,14.15,34.46,42.1,30.26,26.5,24.05,59.76,589.7,0.585,0.215,6,43.11,20.22,523.0,0.59
CHITRADURGA,13:1,True,14.8866,76.792,7.14,1.04,10.81,35.16,37.01,37.34,26.5,24.05,59.76,589.7,0.585,0.215,6,43.11,20.22,510.0,0.48
CHITRADURGA,13:1,True,14.9864,76.702,7.26,1.21,11.55,32.24,49.0,31.87,26.5,24.05,59.76,589.7,0.585,0.215,6,43.11,20.22,649.0,0.6
CHITRADURGA,13:1,True,14.8386,76.8172,7.01,1.0,11.72,35.1,38.73,34.19,26.5,24.05,59.76,589.7,0.585,0.215,6,43.11,20.22,493.0,1.06
CHITRADURGA,13:1,True,14.931,76.7507,7.09,1.12,11.58,33.53,44.53,32.54,26.5,24.05,59.76,589.7,0.585,0.215,6,43.11,20.22,570.0,3.1
CHITRADURGA,13:1,True,14.9179,76.7378,7.09,1.07,10.83,33.16,45.52,27.49,26.5,24.05,59.76,589.7,0.585,0.215,6,43.11,20.22,557.0,1.28
CHITRADURGA,13:1,True,14.8683,76.801,7.08,0.99,10.13,34.12,41.05,29.61,26.5,24.05,59.76,589.7,0.585,0.215,6,43.11,20.22,503.0,0.22
CHITRADURGA,13:1,True,14.6244,76.6928,6.98,0.99,28.35,33.63,44.71,32.41,25.83,23.51,61.8,605.5,0.545,0.239,6,42.12,20.22,577.0,0.31
CHITRADURGA,13:1,True,14.641,76.7255,7.04,0.97,14.1,32.26,44.68,32.07,25.83,23.51,61.8,605.5,0.545,0.239,6,42.12,20.22,567.0,0.38
CHITRADURGA,13:1,True,14.8831,76.8035,7.15,1.04,10.58,34.94,37.15,37.16,26.5,24.05,59.76,589.7,0.585,0.215,6,43.11,20.22,501.0,0.34
DAKSHIN KANNAD,24:3,True,12.9074,75.4373,5.66,1.86,22.54,30.77,49.72,17.43,23.41,22.06,78.12,2852.8,0.82,0.099,5,39.7,18.14,119.0,3.91
DAKSHIN KANNAD,24:3,True,12.9283,75.3635,5.6,1.7,22.59,31.91,44.27,16.87,23.41,22.06,78.12,2852.8,0.82,0.099,5,39.7,18.14,65.0,1.15
DAKSHIN KANNAD,24:3,True,13.0023,75.3814,5.65,3.26,22.96,31.79,46.9,15.69,23.41,22.06,78.12,2852.8,0.82,0.099,5,39.7,18.72,154.0,3.42
DAKSHIN KANNAD,24:3,True,13.1329,75.1931,5.43,4.11,44.06,32.61,46.01,25.33,26.74,26.33,76.55,3614.3,0.835,0.095,5,38.08,18.72,561.0,8.97
DAKSHIN KANNAD,24:1,True,12.942,74.8348,5.87,2.0,42.69,37.77,37.96,23.88,26.74,26.33,76.55,3614.3,0.835,0.095,5,38.08,19.05,4.0,0.64
UDUPI,24:1,True,13.048,74.9955,5.6,2.31,28.65,38.26,45.33,19.59,26.74,26.33,76.55,3614.3,0.835,0.095,5,38.08,19.02,152.0,2.72
DAKSHIN KANNAD,24:1,True,13.0363,74.8512,6.02,1.81,31.47,37.46,43.45,22.48,26.74,26.33,76.55,3614.3,0.835,0.095,5,38.08,19.02,6.0,1.04
DAKSHIN KANNAD,24:4,True,12.8173,75.2367,5.6,2.26,27.15,35.0,45.21,17.98,26.74,26.33,76.55,3614.3,0.835,0.095,5,38.08,18.14,101.0,2.83
DAKSHIN KANNAD,24:4,True,12.8094,75.3622,5.64,1.73,22.34,29.97,51.35,16.92,23.41,22.06,78.12,2852.8,0.82,0.099,5,39.7,18.14,114.0,2.07
DAKSHIN KANNAD,24:4,True,12.7961,75.3382,5.71,1.81,23.32,31.35,44.72,16.78,23.41,22.06,78.12,2852.8,0.82,0.099,5,39.7,18.14,104.0,1.34
DAKSHIN KANNAD,24:4,True,12.7856,75.2526,5.6,2.37,26.3,34.0,46.88,15.89,26.74,26.33,76.55,3614.3,0.835,0.095,5,38.08,18.14,94.0,1.95
DAKSHIN KANNAD,24:4,True,12.8677,75.5907,5.55,4.88,42.99,36.29,41.19,26.13,23.41,22.06,78.12,2852.8,0.82,0.099,5,39.7,18.14,565.0,15.92
DAKSHIN KANNAD,24:4,True,12.7004,75.295,5.62,2.02,26.47,33.7,42.61,18.61,27.08,26.85,77.98,3521.1,0.795,0.113,4,36.03,18.14,95.0,0.92
DAKSHIN KANNAD,24:5,True,12.6386,75.577,5.6,2.39,25.01,31.84,50.33,14.24,23.82,23.05,79.01,2994.4,0.793,0.112,4,38.9,18.14,197.0,3.78
DAKSHIN KANNAD,24:5,True,12.6639,75.6409,5.49,3.75,32.78,32.85,45.45,22.46,23.82,23.05,79.01,2994.4,0.793,0.112,4,38.9,18.14,582.0,17.74
DAKSHIN KANNAD,24:5,True,12.4987,75.3273,5.42,3.58,37.38,33.23,44.84,19.14,23.82,23.05,79.01,2994.4,0.793,0.112,4,38.9,18.14,479.0,5.18
DAKSHIN KANNAD,24:5,True,12.5732,75.4359,5.53,1.97,24.56,28.28,51.9,13.93,23.82,23.05,79.01,2994.4,0.793,0.112,4,38.9,18.14,108.0,2.9
DAKSHIN KANNAD,24:5,True,12.575,75.6028,5.54,3.15,27.42,31.97,50.34,13.27,23.82,23.05,79.01,2994.4,0.793,0.112,4,38.9,18.14,176.0,2.3
DAKSHIN KANNAD,24:5,True,12.5273,75.4117,5.59,1.96,23.44,29.03,51.87,13.23,23.82,23.05,79.01,2994.4,0.793,0.112,4,38.9,18.14,127.0,5.37
DAVANGERE,14:6,True,14.0354,75.9845,6.99,1.16,12.35,35.68,37.33,32.67,24.57,22.79,66.3,865.0,0.629,0.196,6,41.15,19.76,693.0,1.91
DAVANGERE,14:6,True,14.2892,75.8733,6.93,1.25,11.81,35.26,41.55,24.55,24.92,23.46,67.99,1365.1,0.768,0.129,6,42.2,19.76,572.0,1.17
DAVANGERE,14:6,True,14.2193,76.0081,6.87,1.02,10.63,35.97,43.0,24.19,24.57,22.79,66.3,865.0,0.629,0.196,6,41.15,20.22,604.0,0.3
DAVANGERE,14:6,True,14.2352,75.8244,6.74,1.09,11.76,34.34,46.0,19.83,23.87,21.87,73.34,1866.3,0.802,0.112,6,41.12,19.76,587.0,0.62
DAVANGERE,14:2,True,14.6837,75.8292,7.45,0.95,9.64,41.69,31.71,31.39,24.92,23.46,67.99,1365.1,0.768,0.129,6,42.2,19.76,531.0,0.8
BELLARY,14:2,True,14.8778,75.8064,7.63,1.03,10.71,34.71,31.09,39.59,25.49,23.83,63.97,800.7,0.658,0.177,6,42.13,19.76,572.0,1.28
DAVANGERE,14:2,True,14.7309,76.0725,7.31,1.06,10.55,35.62,34.57,42.56,25.16,23.39,64.13,702.4,0.583,0.22,6,41.6,20.22,621.0,0.7
DAVANGERE,14:2,True,14.8995,75.9831,7.53,1.13,15.67,33.56,36.22,31.57,25.65,23.58,62.51,634.8,0.583,0.214,6,41.41,19.76,634.0,6.31
DAVANGERE,14:4,True,14.3177,76.0945,6.96,1.43,13.53,37.8,35.53,41.18,25.16,23.39,64.13,702.4,0.583,0.22,6,41.6,20.22,677.0,3.86
DAVANGERE,14:4,True,14.3663,76.0592,6.98,1.21,10.89,37.76,36.72,35.04,25.16,23.39,64.13,702.4,0.583,0.22,6,41.6,20.22,665.0,0.31
DAVANGERE,14:4,True,14.3542,75.9371,6.8,1.11,10.43,34.08,43.21,22.53,24.92,23.46,67.99,1365.1,0.768,0.129,6,42.2,19.76,589.0,1.07
DAVANGERE,14:4,True,14.5093,76.0185,6.99,1.03,10.13,37.57,38.17,32.52,25.16,23.39,64.13,702.4,0.583,0.22,6,41.6,20.22,616.0,0.69
DAVANGERE,14:4,True,14.5266,75.8527,7.05,0.93,9.46,40.77,32.75,32.23,24.92,23.46,67.99,1365.1,0.768,0.129,6,42.2,19.76,547.0,0.44
DAVANGERE,14:4,True,14.4519,75.8767,6.8,1.05,11.88,36.18,37.92,22.18,24.92,23.46,67.99,1365.1,0.768,0.129,6,42.2,19.76,584.0,0.57
CHITRADURGA,14:4,True,14.2868,76.1192,6.89,1.12,11.78,36.06,37.61,34.91,25.16,23.39,64.13,702.4,0.583,0.22,6,41.6,20.22,693.0,0.9
DAVANGERE,14:4,True,14.4505,75.9539,6.84,1.16,11.89,34.76,39.51,23.2,25.16,23.39,64.13,702.4,0.583,0.22,6,41.6,19.76,580.0,0.49
DAVANGERE,14:4,True,14.3517,76.0255,7.11,1.05,10.04,37.67,36.01,39.6,25.16,23.39,64.13,702.4,0.583,0.22,6,41.6,20.22,631.0,0.43
DAVANGERE,14:4,True,14.37,75.8608,6.95,1.32,12.0,36.76,40.08,22.55,24.92,23.46,67.99,1365.1,0.768,0.129,6,42.2,19.76,550.0,0.05
DAVANGERE,14:5,True,14.2601,75.5399,6.78,1.1,11.06,34.35,36.12,32.58,24.92,23.46,67.99,1365.1,0.768,0.129,6,42.2,19.76,661.0,1.93
DAVANGERE,14:5,True,14.1876,75.6572,7.25,0.86,10.34,43.18,30.12,35.63,23.87,21.87,73.34,1866.3,0.802,0.112,6,41.12,19.76,567.0,0.78
DAVANGERE,14:5,True,14.1918,75.7349,6.89,1.2,12.44,37.1,35.54,33.42,23.87,21.87,73.34,1866.3,0.802,0.112,6,41.12,19.76,616.0,2.45
DAVANGERE,14:5,True,14.1542,75.5245,6.64,1.15,12.85,33.53,35.62,29.92,23.87,21.87,73.34,1866.3,0.802,0.112,6,41.12,19.76,651.0,1.8
DAVANGERE,14:1,True,14.4606,75.7862,7.06,0.99,10.02,39.59,34.4,27.74,24.92,23.46,67.99,1365.1,0.768,0.129,6,42.2,19.76,543.0,1.01
DAVANGERE,14:1,True,14.4505,75.6425,7.01,0.98,10.57,42.63,33.24,28.35,24.92,23.46,67.99,1365.1,0.768,0.129,6,42.2,19.76,548.0,0.88
DAVANGERE,14:1,True,14.5806,75.8467,6.95,1.01,10.28,37.8,37.06,24.97,24.92,23.46,67.99,1365.1,0.768,0.129,6,42.2,19.76,535.0,0.31
DAVANGERE,14:1,True,14.3701,75.626,6.98,0.99,10.91,38.55,34.33,25.55,24.92,23.46,67.99,1365.1,0.768,0.129,6,42.2,19.76,530.0,0.39
DAVANGERE,14:1,True,14.3828,75.649,6.98,1.01,11.66,36.9,39.07,23.52,24.92,23.46,67.99,1365.1,0.768,0.129,6,42.2,19.76,551.0,0.83
DAVANGERE,14:1,True,14.5969,75.8358,7.03,0.98,10.72,37.37,36.68,26.83,24.92,23.46,67.99,1365.1,0.768,0.129,6,42.2,19.76,530.0,0.27
DAVANGERE,14:1,True,14.5694,75.8264,6.99,1.06,13.07,38.0,36.79,22.27,24.92,23.46,67.99,1365.1,0.768,0.129,6,42.2,19.76,537.0,1.01
DAVANGERE,14:1,True,14.4079,75.7329,6.88,1.03,10.14,37.69,37.48,25.21,24.92,23.46,67.99,1365.1,0.768,0.129,6,42.2,19.76,556.0,0.87
DHARWAD,9:1,True,15.5241,75.0089,6.99,0.99,11.43,34.51,36.23,33.97,24.84,23.23,66.04,1064.2,0.762,0.127,6,42.17,19.53,688.0,0.44
DHARWAD,9:1,True,15.5034,75.03,6.95,1.01,12.28,35.91,34.65,34.74,24.84,23.23,66.04,1064.2,0.762,0.127,6,42.17,19.53,693.0,0.86
DAVANGERE,14:3,True,14.4422,76.2903,7.11,1.1,12.92,37.43,36.17,41.11,25.16,23.39,64.13,702.4,0.583,0.22,6,41.6,20.22,681.0,0.46
DAVANGERE,14:3,True,14.667,76.1341,7.27,0.92,10.29,37.1,32.51,42.66,25.16,23.39,64.13,702.4,0.583,0.22,6,41.6,20.22,598.0,0.8
DAVANGERE,14:3,True,14.6771,76.2639,7.35,1.06,11.23,36.84,33.45,43.92,25.16,23.39,64.13,702.4,0.583,0.22,6,41.6,20.22,608.0,0.28
DAVANGERE,14:3,True,14.5823,76.1698,7.09,0.97,11.75,36.86,33.85,40.96,25.16,23.39,64.13,702.4,0.583,0.22,6,41.6,20.22,626.0,0.23
DAVANGERE,14:3,True,14.6502,76.1573,7.22,1.06,11.31,34.43,31.03,41.98,25.16,23.39,64.13,702.4,0.583,0.22,6,41.6,20.22,637.0,0.8
DAVANGERE,14:3,True,14.5394,76.3603,7.19,0.99,11.65,35.26,36.05,42.23,25.16,23.39,64.13,702.4,0.583,0.22,6,41.6,20.22,670.0,0.64
DHARWAD,9:3,True,15.4768,75.2662,7.69,1.03,30.73,49.5,25.1,45.4,24.84,23.23,66.04,1064.2,0.762,0.127,6,42.17,19.53,594.0,0.3
DHARWAD,9:3,True,15.3404,75.0272,6.38,1.04,10.99,35.64,38.62,25.28,24.84,23.23,66.04,1064.2,0.762,0.127,6,42.17,19.53,668.0,0.88
DHARWAD,9:3,True,15.3561,75.27,7.48,1.14,18.98,44.08,26.08,42.96,24.84,23.23,66.04,1064.2,0.762,0.127,6,42.17,19.53,591.0,0.21
DHARWAD,9:3,True,15.3507,75.4322,7.56,1.0,18.76,38.36,32.11,35.93,25.6,23.63,61.26,680.1,0.647,0.178,6,42.37,19.53,628.0,0.64
DHARWAD,9:3,True,15.3588,75.1484,6.71,1.06,11.32,33.17,41.91,26.4,24.84,23.23,66.04,1064.2,0.762,0.127,6,42.17,19.53,656.0,0.45
DHARWAD,9:3,True,15.3719,75.1609,7.07,1.0,10.84,35.26,38.05,34.69,24.84,23.23,66.04,1064.2,0.762,0.127,6,42.17,19.53,654.0,0.21
DHARWAD,9:3,True,15.296,75.1509,7.24,0.99,10.52,40.11,34.38,33.11,24.84,23.23,66.04,1064.2,0.762,0.127,6,42.17,19.53,608.0,1.34
DHARWAD,9:3,True,15.3898,75.085,6.63,1.05,11.39,36.12,39.14,28.2,24.84,23.23,66.04,1064.2,0.762,0.127,6,42.17,19.53,666.0,1.67
DHARWAD,9:4,True,15.135,75.0883,6.57,1.05,10.71,39.95,34.34,29.19,24.93,23.44,69.68,1392.9,0.79,0.117,6,42.17,19.53,601.0,0.99
DHARWAD,9:4,True,15.1471,74.8653,6.11,1.24,11.53,37.54,36.36,33.6,24.93,23.44,69.68,1392.9,0.79,0.117,6,42.17,18.63,489.0,1.62
DHARWAD,9:4,True,15.0744,74.8868,6.08,1.21,12.63,37.04,36.95,34.15,24.93,23.44,69.68,1392.9,0.79,0.117,6,42.17,18.63,558.0,0.93
DHARWAD,9:4,True,15.2015,74.9412,6.41,1.14,11.25,37.87,37.37,26.61,24.93,23.44,69.68,1392.9,0.79,0.117,6,42.17,18.63,546.0,2.03
DHARWAD,9:4,True,15.2348,75.0059,6.88,0.93,10.3,40.38,36.92,31.6,24.93,23.44,69.68,1392.9,0.79,0.117,6,42.17,19.53,561.0,0.9
DHARWAD,9:4,True,15.1629,75.0107,6.58,0.95,10.35,41.62,33.62,30.44,24.93,23.44,69.68,1392.9,0.79,0.117,6,42.17,19.53,538.0,0.62
DHARWAD,9:4,True,15.2064,75.0828,6.97,0.95,10.25,40.95,35.32,32.51,24.93,23.44,69.68,1392.9,0.79,0.117,6,42.17,19.53,566.0,1.0
DHARWAD,9:2,True,15.5451,75.3445,7.87,1.0,24.53,47.71,23.89,44.63,25.6,23.63,61.26,680.1,0.647,0.178,6,42.37,19.53,582.0,0.57
DHARWAD,9:2,True,15.575,75.4331,7.78,1.05,12.61,45.86,25.47,43.88,25.6,23.63,61.26,680.1,0.647,0.178,6,42.37,19.53,586.0,0.4
DHARWAD,9:2,True,15.6407,75.1742,7.52,1.03,23.91,46.69,26.33,46.62,24.84,23.23,66.04,1064.2,0.762,0.127,6,42.17,19.53,613.0,0.19
DHARWAD,9:5,True,15.2107,75.2194,7.48,1.03,11.83,39.14,29.68,41.14,24.93,23.44,69.68,1392.9,0.79,0.117,6,42.17,19.53,630.0,0.66
DHARWAD,9:5,True,15.1438,75.2112,7.33,1.02,11.0,37.84,31.78,39.91,24.93,23.44,69.68,1392.9,0.79,0.117,6,42.17,19.53,648.0,0.38
DHARWAD,9:5,True,15.1375,75.3483,7.46,1.12,10.85,40.15,31.26,41.2,25.49,23.83,63.97,800.7,0.658,0.177,6,42.13,19.53,673.0,0.6
DHARWAD,9:5,True,15.3239,75.2722,7.52,1.13,24.52,45.71,25.98,42.29,24.84,23.23,66.04,1064.2,0.762,0.127,6,42.17,19.53,598.0,0.47
DHARWAD,9:5,True,15.1818,75.3126,7.59,0.97,11.55,37.77,32.48,38.29,25.49,23.83,63.97,800.7,0.658,0.177,6,42.13,19.53,637.0,0.59
DHARWAD,9:5,True,15.2905,75.2086,7.55,1.01,11.42,45.39,26.3,42.3,24.84,23.23,66.04,1064.2,0.762,0.127,6,42.17,19.53,620.0,0.42
DHARWAD,9:5,True,15.2193,75.2027,7.39,1.1,11.03,37.26,29.44,39.5,24.93,23.44,69.68,1392.9,0.79,0.117,6,42.17,19.53,651.0,0.63
GADAG,8:3,True,15.4189,75.5396,7.54,1.04,15.91,33.37,35.96,36.12,25.6,23.63,61.26,680.1,0.647,0.178,6,42.37,19.53,660.0,0.46
GADAG,8:3,True,15.6113,75.5501,7.62,1.1,28.63,37.92,30.96,39.24,25.6,23.63,61.26,680.1,0.647,0.178,6,42.37,19.53,577.0,0.38
GADAG,8:3,True,15.255,75.5888,7.62,1.01,11.68,34.76,31.78,41.09,25.6,23.63,61.26,680.1,0.647,0.178,6,42.37,19.53,694.0,1.35
GADAG,8:3,True,15.4597,75.5961,7.7,1.03,12.13,31.49,36.72,34.12,25.6,23.63,61.26,680.1,0.647,0.178,6,42.37,19.53,636.0,0.53
GADAG,8:3,True,15.411,75.7191,7.48,0.91,12.5,30.37,42.21,30.66,25.6,23.63,61.26,680.1,0.647,0.178,6,42.37,19.53,654.0,0.39
GADAG,8:5,True,15.3088,75.6826,7.41,1.16,11.78,29.46,42.81,30.62,25.6,23.63,61.26,680.1,0.647,0.178,6,42.37,19.53,705.0,3.06
GADAG,8:5,True,15.3131,75.8877,7.51,0.81,10.98,32.54,38.91,29.05,25.6,23.63,61.26,680.1,0.647,0.178,6,42.37,19.53,561.0,0.45
GADAG,8:5,True,15.25,75.7931,7.86,1.0,11.34,34.4,32.17,39.68,25.6,23.63,61.26,680.1,0.647,0.178,6,42.37,19.53,583.0,0.52
GADAG,8:5,True,15.17,75.8064,7.67,1.02,10.7,32.23,36.14,33.97,25.49,23.83,63.97,800.7,0.658,0.177,6,42.13,19.53,592.0,1.0
GADAG,8:5,True,15.2717,75.7544,7.61,1.01,11.39,30.54,40.66,31.98,25.6,23.63,61.26,680.1,0.647,0.178,6,42.37,19.53,630.0,3.23
GADAG,8:2,True,15.646,75.7936,7.4,0.98,12.77,32.3,36.13,33.17,25.6,23.63,61.26,680.1,0.647,0.178,6,42.37,19.53,594.0,0.56
GADAG,8:4,True,15.2114,75.5779,7.74,1.01,10.99,37.74,32.13,39.59,25.49,23.83,63.97,800.7,0.658,0.177,6,42.13,19.53,656.0,0.62
GADAG,8:4,True,15.1812,75.4704,7.6,1.05,12.1,38.79,32.22,40.52,25.49,23.83,63.97,800.7,0.658,0.177,6,42.13,19.53,650.0,0.77
GADAG,8:4,True,15.0488,75.4845,7.68,1.09,11.3,38.73,29.63,46.84,25.49,23.83,63.97,800.7,0.658,0.177,6,42.13,19.53,613.0,0.81
GADAG,8:4,True,15.2047,75.5984,7.79,1.12,11.88,38.2,29.87,44.42,25.49,23.83,63.97,800.7,0.658,0.177,6,42.13,19.53,635.0,1.03
GADAG,8:4,True,15.0956,75.5828,7.75,1.18,25.01,40.51,29.66,44.21,25.49,23.83,63.97,800.7,0.658,0.177,6,42.13,19.53,574.0,0.99
GADAG,8:1,True,15.7538,75.3939,7.93,1.08,22.0,48.75,28.19,46.34,26.07,23.83,58.12,590.4,0.659,0.176,6,43.05,19.53,588.0,0.34
GADAG,8:1,True,15.6596,75.3561,8.03,1.11,12.99,52.61,23.63,50.82,25.6,23.63,61.26,680.1,0.647,0.178,6,42.37,19.53,575.0,0.38
GADAG,8:1,True,15.7506,75.4565,7.9,1.08,12.83,47.42,26.84,46.91,26.07,23.83,58.12,590.4,0.659,0.176,6,43.05,19.53,589.0,0.47
GADAG,8:1,True,15.6469,75.3533,8.12,1.11,13.45,50.84,24.25,49.32,25.6,23.63,61.26,680.1,0.647,0.178,6,42.37,19.53,584.0,0.05
GADAG,8:1,True,15.8519,75.4942,7.42,0.99,18.09,36.19,36.99,28.21,26.07,23.83,58.12,590.4,0.659,0.176,6,43.05,19.53,548.0,0.56
GADAG,8:1,True,15.8046,75.3176,7.73,1.08,13.67,45.67,30.65,48.79,26.07,23.83,58.12,590.4,0.659,0.176,6,43.05,19.53,605.0,0.27
GADAG,8:1,True,15.8451,75.4709,7.91,1.1,23.49,44.64,30.54,47.36,26.07,23.83,58.12,590.4,0.659,0.176,6,43.05,19.53,562.0,0.52
GADAG,8:1,True,15.7806,75.355,7.83,1.04,12.22,47.11,29.8,43.57,26.07,23.83,58.12,590.4,0.659,0.176,6,43.05,19.53,601.0,0.57
GADAG,8:1,True,15.6919,75.4551,7.81,1.06,12.32,44.66,29.36,45.63,25.6,23.63,61.26,680.1,0.647,0.178,6,42.37,19.53,557.0,0.15
GADAG,8:1,True,15.8387,75.4606,8.02,1.16,27.31,45.4,30.0,49.6,26.07,23.83,58.12,590.4,0.659,0.176,6,43.05,19.53,567.0,0.49
HASSAN,23:5,True,12.8992,75.9142,5.64,2.01,20.45,34.16,37.04,30.6,23.41,22.06,78.12,2852.8,0.82,0.099,5,39.7,18.14,995.0,1.81
HASSAN,23:5,True,13.0217,76.0033,6.41,1.38,11.93,34.84,36.17,27.8,23.02,21.46,71.84,1417.6,0.715,0.144,4,39.67,19.82,941.0,0.67
HASSAN,23:5,True,12.9892,75.9384,6.07,1.6,13.65,36.14,36.24,26.7,23.02,21.46,71.84,1417.6,0.715,0.144,4,39.67,18.14,941.0,1.06
HASSAN,23:5,True,13.0405,75.9175,6.05,1.54,14.8,33.91,40.52,27.2,23.41,22.06,78.12,2852.8,0.82,0.099,5,39.7,18.72,995.0,1.14
HASSAN,23:5,True,12.8498,75.842,5.98,1.85,17.77,30.64,41.01,27.75,23.41,22.06,78.12,2852.8,0.82,0.099,5,39.7,18.14,886.0,2.34
HASSAN,23:5,True,12.8283,76.021,6.67,1.73,25.14,38.59,36.82,31.53,23.02,21.46,71.84,1417.6,0.715,0.144,4,39.67,19.49,893.0,0.68
HASSAN,23:5,True,12.964,76.0386,6.65,1.23,11.9,37.37,35.37,28.08,23.02,21.46,71.84,1417.6,0.715,0.144,4,39.67,19.49,929.0,0.91
HASSAN,23:5,True,12.9884,75.9717,6.21,1.53,12.81,34.97,38.79,26.35,23.02,21.46,71.84,1417.6,0.715,0.144,4,39.67,18.14,956.0,0.43
HASSAN,23:5,True,12.8272,76.0324,6.78,1.69,20.66,37.29,36.45,32.22,23.02,21.46,71.84,1417.6,0.715,0.144,4,39.67,19.49,887.0,0.79
HASSAN,23:5,True,12.8114,75.9524,6.13,1.82,21.77,36.63,38.47,25.25,23.02,21.46,71.84,1417.6,0.715,0.144,4,39.67,18.14,883.0,1.56
HASSAN,23:3,True,13.1387,76.3601,6.87,1.11,10.91,32.13,42.37,25.13,23.02,21.46,71.84,1417.6,0.715,0.144,4,39.67,19.82,889.0,0.31
HASSAN,23:3,True,13.3085,76.3043,6.89,1.15,10.75,33.59,43.15,22.69,23.65,21.88,68.79,1137.3,0.684,0.164,6,40.36,19.82,828.0,0.3
HASSAN,23:3,True,13.282,76.2504,6.93,1.04,10.69,35.06,39.35,25.05,23.65,21.88,68.79,1137.3,0.684,0.164,6,40.36,19.82,824.0,0.85
HASSAN,23:3,True,13.5149,76.3508,6.98,0.97,10.09,34.5,45.74,25.05,23.65,21.88,68.79,1137.3,0.684,0.164,6,40.36,19.82,745.0,0.68
HASSAN,23:3,True,13.341,76.3253,6.79,1.01,12.18,32.63,47.12,22.6,23.65,21.88,68.79,1137.3,0.684,0.164,6,40.36,19.82,861.0,0.83
HASSAN,23:3,True,13.4696,76.258,6.86,1.13,11.37,32.89,45.44,24.32,23.65,21.88,68.79,1137.3,0.684,0.164,6,40.36,19.82,786.0,0.97
HASSAN,23:3,True,13.3454,76.0325,7.24,1.02,10.82,32.04,40.55,31.07,23.65,21.88,68.79,1137.3,0.684,0.164,6,40.36,19.82,803.0,1.54
HASSAN,23:3,True,13.1618,76.3261,6.98,1.22,11.12,31.69,42.55,24.58,23.02,21.46,71.84,1417.6,0.715,0.144,4,39.67,19.82,903.0,0.51
HASSAN,23:2,True,13.2477,76.0763,7.05,1.52,16.1,31.42,41.43,29.26,23.02,21.46,71.84,1417.6,0.715,0.144,4,39.67,19.82,882.0,2.3
HASSAN,23:2,True,13.0167,75.7408,5.69,1.82,19.77,32.79,42.65,28.64,23.41,22.06,78.12,2852.8,0.82,0.099,5,39.7,18.72,937.0,2.12
HASSAN,23:2,True,13.1303,75.7762,5.67,1.84,19.46,31.27,38.5,28.98,23.41,22.06,78.12,2852.8,0.82,0.099,5,39.7,18.72,1032.0,2.09
HASSAN,23:2,True,13.2181,75.9923,6.9,1.1,11.33,32.59,43.7,28.95,23.02,21.46,71.84,1417.6,0.715,0.144,4,39.67,18.72,870.0,1.37
HASSAN,23:2,True,13.2403,75.9436,6.73,1.33,12.29,31.06,43.91,29.82,23.02,21.46,71.84,1417.6,0.715,0.144,4,39.67,18.72,887.0,1.35
HASSAN,23:2,True,13.1607,76.01,6.87,1.18,11.81,33.36,41.11,24.5,23.02,21.46,71.84,1417.6,0.715,0.144,4,39.67,19.82,897.0,0.68
HASSAN,23:2,True,13.2336,76.0228,7.09,1.13,12.58,34.82,38.19,30.69,23.02,21.46,71.84,1417.6,0.715,0.144,4,39.67,19.82,847.0,0.89
HASSAN,23:6,True,12.6948,76.0094,6.36,1.48,14.29,33.56,40.16,25.4,23.2,22.02,73.35,1604.3,0.717,0.143,4,39.89,19.49,950.0,1.35
HASSAN,23:6,True,12.5829,76.0845,6.81,1.27,12.32,37.35,37.97,28.41,23.2,22.02,73.35,1604.3,0.717,0.143,4,39.89,19.49,843.0,0.9
HASSAN,23:6,True,12.7495,76.1286,7.0,1.17,13.1,36.18,38.74,30.83,23.2,22.02,73.35,1604.3,0.717,0.143,4,39.89,19.49,921.0,0.07
HASSAN,23:6,True,12.6142,76.1067,6.75,1.39,12.98,38.29,37.32,25.89,23.2,22.02,73.35,1604.3,0.717,0.143,4,39.89,19.49,832.0,0.7
HASSAN,23:6,True,12.613,75.9767,6.32,1.63,14.4,31.75,40.83,26.71,23.2,22.02,73.35,1604.3,0.717,0.143,4,39.89,18.14,849.0,0.82
HASSAN,23:6,True,12.6491,76.1613,6.97,1.36,13.44,35.08,39.86,26.07,23.2,22.02,73.35,1604.3,0.717,0.143,4,39.89,19.49,841.0,0.96
HASSAN,23:6,True,12.6575,76.1384,6.84,1.42,13.05,37.98,40.62,27.72,23.2,22.02,73.35,1604.3,0.717,0.143,4,39.89,19.49,868.0,0.8
HASSAN,23:6,True,12.5897,76.0944,6.7,1.34,12.83,38.14,38.45,26.76,23.2,22.02,73.35,1604.3,0.717,0.143,4,39.89,19.49,820.0,0.6
HASSAN,23:6,True,12.5841,76.0205,6.49,1.37,14.02,37.72,34.82,25.2,23.2,22.02,73.35,1604.3,0.717,0.143,4,39.89,19.49,812.0,0.38
HASSAN,23:6,True,12.6959,76.1192,6.89,1.39,12.7,35.58,40.73,30.22,23.2,22.02,73.35,1604.3,0.717,0.143,4,39.89,19.49,897.0,0.49
HASSAN,23:8,True,12.8582,76.4011,6.94,1.21,13.4,34.6,38.64,21.95,23.02,21.46,71.84,1417.6,0.715,0.144,4,39.67,19.49,818.0,0.22
HASSAN,23:8,True,12.8293,76.4495,7.01,1.13,11.3,33.91,40.13,23.7,23.02,21.46,71.84,1417.6,0.715,0.144,4,39.67,19.49,859.0,1.5
HASSAN,23:8,True,13.1167,76.362,6.97,1.07,11.69,33.74,42.31,22.31,23.02,21.46,71.84,1417.6,0.715,0.144,4,39.67,19.82,880.0,0.36
HASSAN,23:8,True,12.8719,76.5426,6.97,1.03,11.52,30.74,42.85,22.94,23.02,21.46,71.84,1417.6,0.715,0.144,4,39.67,19.49,897.0,0.88
HASSAN,23:8,True,12.7903,76.4888,7.02,1.04,11.46,32.77,42.54,23.67,23.02,21.46,71.84,1417.6,0.715,0.144,4,39.67,19.49,872.0,0.4
HASSAN,23:4,True,12.9292,76.2887,7.01,1.3,13.3,31.75,40.65,25.93,23.02,21.46,71.84,1417.6,0.715,0.144,4,39.67,19.49,947.0,2.08
HASSAN,23:4,True,12.9112,76.0612,6.6,1.34,13.52,33.22,39.2,29.2,23.02,21.46,71.84,1417.6,0.715,0.144,4,39.67,19.49,963.0,0.53
HASSAN,23:4,True,12.8874,76.203,6.94,1.28,12.81,32.84,40.08,28.85,23.02,21.46,71.84,1417.6,0.715,0.144,4,39.67,19.49,909.0,1.77
HASSAN,23:4,True,12.996,76.1537,6.99,1.09,11.49,33.38,40.43,25.94,23.02,21.46,71.84,1417.6,0.715,0.144,4,39.67,19.49,933.0,0.47
HASSAN,23:7,True,12.6377,76.1919,7.0,1.38,12.79,33.79,42.0,25.83,23.2,22.02,73.35,1604.3,0.717,0.143,4,39.89,19.49,863.0,0.22
HASSAN,23:7,True,12.8541,76.2612,6.93,1.34,13.88,33.52,41.53,26.31,23.02,21.46,71.84,1417.6,0.715,0.144,4,39.67,19.49,858.0,4.22
HASSAN,23:7,True,12.7946,76.2336,7.04,1.21,13.1,35.33,37.98,25.64,23.02,21.46,71.84,1417.6,0.715,0.144,4,39.67,19.49,851.0,0.58
HASSAN,23:7,True,12.658,76.3291,7.09,1.27,11.9,33.81,41.61,26.46,23.2,22.02,73.35,1604.3,0.717,0.143,4,39.89,19.49,861.0,1.24
HASSAN,23:7,True,12.6828,76.2935,7.02,1.17,12.83,32.14,43.56,26.54,23.2,22.02,73.35,1604.3,0.717,0.143,4,39.89,19.49,873.0,1.3
HASSAN,23:7,True,12.7177,76.2247,7.0,1.33,13.04,33.14,42.14,26.92,23.2,22.02,73.35,1604.3,0.717,0.143,4,39.89,19.49,899.0,0.82
HASSAN,23:1,True,12.7561,75.826,5.64,2.19,22.41,29.01,39.57,25.34,23.41,22.06,78.12,2852.8,0.82,0.099,5,39.7,18.14,973.0,3.42
HASSAN,23:1,True,12.7037,75.8578,5.81,2.31,19.51,29.69,40.48,26.07,23.82,23.05,79.01,2994.4,0.793,0.112,4,38.9,18.14,931.0,2.6
HASSAN,23:1,True,12.8794,75.6428,5.48,3.07,35.38,34.0,39.89,25.91,23.41,22.06,78.12,2852.8,0.82,0.099,5,39.7,18.14,841.0,7.41
HASSAN,23:1,True,12.7642,75.7699,5.72,2.27,29.18,31.73,40.9,28.9,23.41,22.06,78.12,2852.8,0.82,0.099,5,39.7,18.14,893.0,1.49
HASSAN,23:1,True,12.7864,75.6559,5.58,3.12,35.14,31.17,41.72,26.7,23.41,22.06,78.12,2852.8,0.82,0.099,5,39.7,18.14,915.0,4.34
HASSAN,23:1,True,12.9161,75.6451,5.56,2.89,34.7,30.88,40.57,24.42,23.41,22.06,78.12,2852.8,0.82,0.099,5,39.7,18.14,945.0,1.78
HAVERI,11:5,True,14.7142,75.445,7.35,1.08,11.7,42.7,28.31,41.78,24.92,23.46,67.99,1365.1,0.768,0.129,6,42.2,19.76,584.0,0.71
HAVERI,11:5,True,14.6833,75.4994,7.5,1.13,10.87,43.68,27.92,41.54,24.92,23.46,67.99,1365.1,0.768,0.129,6,42.2,19.76,619.0,0.59
HAVERI,11:5,True,14.6966,75.4162,7.09,1.2,12.87,36.68,33.21,38.93,24.92,23.46,67.99,1365.1,0.768,0.129,6,42.2,19.76,592.0,0.58
HAVERI,11:5,True,14.7046,75.5738,8.03,0.99,14.74,41.6,28.03,45.66,24.92,23.46,67.99,1365.1,0.768,0.129,6,42.2,19.76,593.0,0.75
HAVERI,11:5,True,14.6028,75.4815,7.24,1.14,10.48,35.76,37.33,33.69,24.92,23.46,67.99,1365.1,0.768,0.129,6,42.2,19.76,641.0,0.95
HAVERI,11:5,True,14.6453,75.3424,6.86,1.1,10.19,36.85,36.57,33.64,24.92,23.46,67.99,1365.1,0.768,0.129,6,42.2,19.76,611.0,0.45
HAVERI,11:5,True,14.6944,75.5065,7.74,1.15,11.61,43.02,28.89,44.12,24.92,23.46,67.99,1365.1,0.768,0.129,6,42.2,19.76,629.0,1.26
HAVERI,11:4,True,14.8285,75.3491,7.32,1.03,10.92,42.25,28.89,42.25,25.49,23.83,63.97,800.7,0.658,0.177,6,42.13,19.76,558.0,0.58
HAVERI,11:3,True,14.7426,75.1804,6.35,1.1,9.81,40.13,33.8,30.35,24.39,22.64,74.71,1885.8,0.821,0.105,6,41.54,19.76,562.0,1.3
HAVERI,11:3,True,14.7893,75.2285,6.46,1.13,10.44,44.21,30.14,33.67,24.93,23.44,69.68,1392.9,0.79,0.117,6,42.17,19.76,572.0,2.32
HAVERI,11:3,True,14.8491,75.1525,6.29,1.0,10.33,35.8,36.0,30.64,24.93,23.44,69.68,1392.9,0.79,0.117,6,42.17,19.76,597.0,0.79
HAVERI,11:3,True,14.6438,75.214,6.59,1.07,10.05,39.14,35.83,27.45,24.39,22.64,74.71,1885.8,0.821,0.105,6,41.54,19.76,542.0,0.33
HAVERI,11:3,True,14.6505,75.186,6.38,1.15,10.7,37.95,34.3,35.94,24.39,22.64,74.71,1885.8,0.821,0.105,6,41.54,19.76,569.0,0.41
HAVERI,11:3,True,14.6571,75.1999,6.46,1.03,9.83,37.73,34.45,32.22,24.39,22.64,74.71,1885.8,0.821,0.105,6,41.54,19.76,550.0,1.04
HAVERI,11:3,True,14.7175,75.1829,6.47,1.0,9.58,37.82,35.35,25.26,24.39,22.64,74.71,1885.8,0.821,0.105,6,41.54,19.76,548.0,0.9
HAVERI,11:6,True,14.3802,75.5603,6.79,1.16,13.78,34.13,36.89,29.55,24.92,23.46,67.99,1365.1,0.768,0.129,6,42.2,19.76,689.0,3.36
HAVERI,11:6,True,14.2983,75.5713,6.91,1.18,15.96,35.46,35.67,31.98,24.92,23.46,67.99,1365.1,0.768,0.129,6,42.2,19.76,610.0,0.47
HAVERI,11:6,True,14.5719,75.3931,6.74,1.05,10.66,37.28,36.94,31.35,24.92,23.46,67.99,1365.1,0.768,0.129,6,42.2,19.76,637.0,0.66
HAVERI,11:6,True,14.3784,75.3656,6.56,1.39,13.26,34.09,37.57,28.67,24.92,23.46,67.99,1365.1,0.768,0.129,6,42.2,19.76,691.0,3.69
HAVERI,11:6,True,14.4297,75.5273,7.0,1.03,11.13,43.63,29.56,36.14,24.92,23.46,67.99,1365.1,0.768,0.129,6,42.2,19.76,551.0,0.38
HAVERI,11:6,True,14.4023,75.3764,6.61,1.3,11.56,36.03,33.87,31.41,24.92,23.46,67.99,1365.1,0.768,0.129,6,42.2,19.76,644.0,3.76
HAVERI,11:6,True,14.4393,75.504,7.25,1.0,10.66,43.4,29.0,40.72,24.92,23.46,67.99,1365.1,0.768,0.129,6,42.2,19.76,578.0,0.68
HAVERI,11:7,True,14.697,75.5478,7.92,1.08,10.97,40.45,28.98,45.16,24.92,23.46,67.99,1365.1,0.768,0.129,6,42.2,19.76,610.0,0.78
HAVERI,11:7,True,14.6441,75.8114,7.12,0.99,17.29,38.87,34.28,23.35,24.92,23.46,67.99,1365.1,0.768,0.129,6,42.2,19.76,519.0,0.16
HAVERI,11:7,True,14.6009,75.7648,7.44,1.22,12.57,37.53,36.63,34.27,24.92,23.46,67.99,1365.1,0.768,0.129,6,42.2,19.76,629.0,4.69
HAVERI,11:7,True,14.6076,75.687,8.06,1.07,16.8,44.33,27.23,45.44,24.92,23.46,67.99,1365.1,0.768,0.129,6,42.2,19.76,577.0,0.93
HAVERI,11:7,True,14.6467,75.6194,7.94,0.98,11.76,42.74,27.89,44.54,24.92,23.46,67.99,1365.1,0.768,0.129,6,42.2,19.76,575.0,0.37
HAVERI,11:7,True,14.6311,75.7335,7.83,1.12,11.18,44.7,27.52,43.94,24.92,23.46,67.99,1365.1,0.768,0.129,6,42.2,19.76,544.0,0.8
HAVERI,11:7,True,14.6786,75.7902,7.35,1.04,17.98,38.37,34.85,22.45,24.92,23.46,67.99,1365.1,0.768,0.129,6,42.2,19.76,526.0,0.79
HAVERI,11:2,True,15.0034,75.5223,7.69,1.01,10.79,41.27,28.44,43.23,25.49,23.83,63.97,800.7,0.658,0.177,6,42.13,19.53,559.0,0.73
HAVERI,11:2,True,15.0079,75.4055,7.74,1.07,10.82,40.63,31.49,43.8,25.49,23.83,63.97,800.7,0.658,0.177,6,42.13,19.53,598.0,0.79
HAVERI,11:2,True,14.9683,75.3432,7.24,1.03,10.14,38.98,35.31,34.31,25.49,23.83,63.97,800.7,0.658,0.177,6,42.13,19.76,578.0,1.01
HAVERI,11:2,True,14.9959,75.3542,7.71,1.03,10.76,36.37,32.66,46.48,25.49,23.83,63.97,800.7,0.658,0.177,6,42.13,19.76,599.0,0.69
HAVERI,11:2,True,14.9362,75.4877,7.65,1.06,10.54,43.88,28.05,40.94,25.49,23.83,63.97,800.7,0.658,0.177,6,42.13,19.76,526.0,0.57
HAVERI,11:2,True,15.0328,75.4021,7.71,1.04,10.46,40.01,31.1,44.11,25.49,23.83,63.97,800.7,0.658,0.177,6,42.13,19.53,604.0,1.2
HAVERI,11:2,True,15.0159,75.2848,7.62,1.0,10.11,37.54,34.32,39.76,24.93,23.44,69.68,1392.9,0.79,0.117,6,42.17,19.53,602.0,0.67
HAVERI,11:2,True,14.9613,75.3701,7.54,1.04,10.49,42.73,30.28,42.37,25.49,23.83,63.97,800.7,0.658,0.177,6,42.13,19.76,577.0,1.28
HAVERI,11:1,True,14.9371,75.1328,6.43,1.19,10.84,36.84,38.57,27.59,24.93,23.44,69.68,1392.9,0.79,0.117,6,42.17,19.76,623.0,0.62
HAVERI,11:1,True,14.9208,75.1035,6.14,1.28,11.56,34.28,41.03,24.8,24.93,23.44,69.68,1392.9,0.79,0.117,6,42.17,19.76,626.0,1.66
HAVERI,11:1,True,14.8966,75.19,6.53,1.2,11.4,36.65,34.83,34.46,24.93,23.44,69.68,1392.9,0.79,0.117,6,42.17,19.76,614.0,0.63
HAVERI,11:1,True,15.0481,75.1241,6.3,1.36,13.01,35.99,39.08,23.15,24.93,23.44,69.68,1392.9,0.79,0.117,6,42.17,19.53,689.0,2.88
HAVERI,11:1,True,14.9329,75.1645,6.46,1.14,10.77,37.56,37.06,29.23,24.93,23.44,69.68,1392.9,0.79,0.117,6,42.17,19.76,645.0,0.76
HAVERI,11:1,True,15.0998,75.2726,7.35,1.02,10.86,36.32,31.6,41.25,24.93,23.44,69.68,1392.9,0.79,0.117,6,42.17,19.53,666.0,1.34
HAVERI,11:1,True,14.9973,75.2644,7.52,1.03,10.37,36.91,31.43,41.39,24.93,23.44,69.68,1392.9,0.79,0.117,6,42.17,19.76,580.0,0.26
HAVERI,11:1,True,14.9336,75.2124,6.76,1.11,10.37,37.69,36.82,34.16,24.93,23.44,69.68,1392.9,0.79,0.117,6,42.17,19.76,617.0,0.93
HAVERI,11:1,True,14.9997,75.2484,7.57,1.01,10.19,37.7,32.72,42.04,24.93,23.44,69.68,1392.9,0.79,0.117,6,42.17,19.76,586.0,0.48
GULBARGA,4:2+1,True,17.5525,76.8627,7.03,1.22,10.46,36.78,33.26,31.33,26.58,23.47,55.25,770.7,0.765,0.125,7,44.6,19.47,453.0,0.77
GULBARGA,4:2+1,True,17.6341,76.8372,7.12,1.08,10.33,34.39,38.03,33.05,26.58,23.47,55.25,770.7,0.765,0.125,7,44.6,19.47,525.0,0.99
GULBARGA,4:2+1,True,17.2688,76.3207,7.39,0.86,22.92,41.34,30.11,34.87,26.88,23.79,53.69,691.2,0.748,0.145,7,44.94,19.47,424.0,0.68
GULBARGA,4:6,True,17.4038,77.0498,7.09,1.28,10.5,34.9,32.76,30.2,26.58,23.47,55.25,770.7,0.765,0.125,7,44.6,19.29,429.0,0.68
GULBARGA,4:6,True,16.902,76.9789,7.11,1.03,20.16,39.32,32.57,26.33,27.23,24.25,55.04,720.5,0.746,0.132,7,45.04,19.87,382.0,0.22
GULBARGA,4:6,True,17.0007,77.0958,6.69,0.98,10.37,35.3,39.09,23.89,27.23,24.25,55.04,720.5,0.746,0.132,7,45.04,19.29,439.0,0.31
GULBARGA,4:4,True,17.3703,77.3703,7.28,1.18,9.09,41.04,31.87,33.26,26.11,22.97,57.34,831.4,0.773,0.117,7,44.4,19.29,488.0,0.16
GULBARGA,4:4,True,17.545,77.3917,7.03,1.27,10.39,35.85,34.05,32.9,26.11,22.97,57.34,831.4,0.773,0.117,7,44.4,19.29,487.0,0.45
GULBARGA,4:4,True,17.4083,77.3237,7.07,1.27,11.44,37.67,36.31,30.14,26.11,22.97,57.34,831.4,0.773,0.117,7,44.4,19.29,535.0,1.36
GULBARGA,4:4,True,17.4755,77.5057,6.7,1.34,13.8,35.34,38.88,23.51,26.11,22.97,57.34,831.4,0.773,0.117,7,44.4,19.29,644.0,4.1
GULBARGA,4:4,True,17.4899,77.1245,6.83,1.23,11.76,35.12,33.88,32.86,26.58,23.47,55.25,770.7,0.765,0.125,7,44.6,19.29,504.0,4.08
GULBARGA,4:4,True,17.3077,77.416,7.12,1.26,11.19,40.95,30.84,31.88,26.11,22.97,57.34,831.4,0.773,0.117,7,44.4,19.29,433.0,0.43
GULBARGA,4:4,True,17.5701,77.1513,6.88,1.14,12.62,38.58,33.77,32.88,26.58,23.47,55.25,770.7,0.765,0.125,7,44.6,19.29,554.0,2.59
GULBARGA,4:3,True,17.4169,76.9876,7.13,1.13,9.87,40.85,29.46,32.01,26.58,23.47,55.25,770.7,0.765,0.125,7,44.6,19.47,447.0,0.67
GULBARGA,4:3,True,17.5755,77.0212,6.9,1.08,11.37,34.88,37.06,30.07,26.58,23.47,55.25,770.7,0.765,0.125,7,44.6,19.29,515.0,0.69
GULBARGA,4:3,True,17.2318,76.7391,7.26,1.07,10.78,37.72,32.5,32.73,27.23,24.25,55.04,720.5,0.746,0.132,7,45.04,19.47,428.0,1.5
GULBARGA,4:3,True,17.0702,76.7943,7.31,0.96,10.0,36.73,32.69,30.6,27.23,24.25,55.04,720.5,0.746,0.132,7,45.04,19.47,383.0,0.95
GULBARGA,4:3,True,17.3224,76.9104,6.99,1.36,10.65,37.53,36.26,30.51,26.58,23.47,55.25,770.7,0.765,0.125,7,44.6,19.47,487.0,1.35
GULBARGA,4:3,True,17.5134,76.9744,6.92,1.14,11.02,36.2,34.34,32.2,26.58,23.47,55.25,770.7,0.765,0.125,7,44.6,19.47,462.0,0.92
GULBARGA,4:3,True,17.6373,77.1498,6.89,1.08,11.47,37.8,34.74,30.43,26.58,23.47,55.25,770.7,0.765,0.125,7,44.6,19.29,569.0,3.7
GULBARGA,4:3,True,17.525,76.9482,7.04,1.16,10.72,36.14,36.25,31.38,26.58,23.47,55.25,770.7,0.765,0.125,7,44.6,19.47,483.0,2.37
GULBARGA,4:7,True,16.7701,76.4649,7.22,0.88,9.73,38.24,36.28,28.62,27.06,24.05,54.06,632.3,0.728,0.152,7,44.82,19.87,457.0,0.68
GULBARGA,4:7,True,16.9945,76.8917,7.23,0.92,10.57,40.51,33.19,32.24,27.23,24.25,55.04,720.5,0.746,0.132,7,45.04,19.87,408.0,0.44
GULBARGA,4:7,True,16.9329,76.8277,7.11,0.99,10.51,39.57,34.03,29.59,27.23,24.25,55.04,720.5,0.746,0.132,7,45.04,19.87,448.0,0.87
GULBARGA,4:7,True,16.8619,76.7497,7.34,0.94,9.58,36.96,36.06,30.96,27.23,24.25,55.04,720.5,0.746,0.132,7,45.04,19.87,478.0,0.78
GULBARGA,4:7,True,17.0405,76.8424,7.25,0.92,10.66,36.7,38.05,28.88,27.23,24.25,55.04,720.5,0.746,0.132,7,45.04,19.47,393.0,0.95
GULBARGA,4:7,True,17.1165,76.4432,7.31,0.9,17.77,40.13,31.78,34.5,27.06,24.05,54.06,632.3,0.728,0.152,7,44.82,19.47,404.0,0.43
KODAGU,25:1,True,12.4158,75.6201,5.48,4.41,53.41,33.22,38.81,28.3,23.82,23.05,79.01,2994.4,0.793,0.112,4,38.9,18.14,1132.0,10.16
KODAGU,25:2,True,12.3645,75.8247,5.67,3.12,25.8,30.72,39.3,24.03,23.82,23.05,79.01,2994.4,0.793,0.112,4,38.9,18.14,1046.0,12.61
KODAGU,25:2,True,12.6902,75.9506,6.1,1.48,14.85,35.88,38.64,25.85,23.2,22.02,73.35,1604.3,0.717,0.143,4,39.89,18.14,929.0,1.34
KODAGU,25:2,True,12.5411,75.8411,5.64,2.95,32.14,31.17,38.92,29.68,23.82,23.05,79.01,2994.4,0.793,0.112,4,38.9,18.14,921.0,5.15
KODAGU,25:2,True,12.5279,75.8018,5.57,2.74,32.24,33.77,39.37,28.49,23.82,23.05,79.01,2994.4,0.793,0.112,4,38.9,18.14,885.0,2.81
KODAGU,25:3,True,12.2574,75.8089,5.58,2.28,20.16,33.92,42.24,25.26,23.82,23.05,79.01,2994.4,0.793,0.112,4,38.9,18.14,894.0,1.25
GULBARGA,4:5,True,17.1043,77.3845,7.07,1.13,9.49,38.06,33.75,26.67,26.66,23.74,57.53,777.7,0.752,0.127,7,44.7,19.29,440.0,0.41
GULBARGA,4:5,True,17.1982,77.1534,7.12,1.12,11.01,38.38,32.88,25.93,27.23,24.25,55.04,720.5,0.746,0.132,7,45.04,19.29,401.0,0.58
GULBARGA,4:5,True,17.0982,77.2274,7.34,1.08,9.55,38.65,33.68,28.89,26.66,23.74,57.53,777.7,0.752,0.127,7,44.7,19.29,444.0,0.31
GULBARGA,4:5,True,17.1602,77.137,7.34,1.01,11.21,41.33,32.1,26.79,27.23,24.25,55.04,720.5,0.746,0.132,7,45.04,19.29,414.0,0.27
GULBARGA,4:5,True,16.986,77.4181,7.01,1.03,10.43,35.09,37.83,31.7,26.66,23.74,57.53,777.7,0.752,0.127,7,44.7,19.96,576.0,0.65
GULBARGA,4:5,True,17.1599,77.2621,7.41,1.16,10.37,38.35,32.78,27.8,26.66,23.74,57.53,777.7,0.752,0.127,7,44.7,19.29,429.0,0.27
GULBARGA,4:5,True,17.1255,77.2412,7.34,1.17,11.54,38.1,34.3,28.01,26.66,23.74,57.53,777.7,0.752,0.127,7,44.7,19.29,438.0,0.39
GULBARGA,4:5,True,16.9212,77.3852,6.81,0.96,10.25,35.31,37.89,29.38,26.66,23.74,57.53,777.7,0.752,0.127,7,44.7,19.96,590.0,1.35
GULBARGA,4:5,True,17.1837,77.1839,7.33,1.11,9.68,36.92,32.74,26.94,27.23,24.25,55.04,720.5,0.746,0.132,7,45.04,19.29,410.0,0.33
KOLAR,19:10,True,12.9311,78.3853,7.06,1.01,12.97,35.89,39.38,27.41,23.83,21.25,69.24,876.1,0.497,0.296,4,40.91,19.58,751.0,0.41
KOLAR,19:10,True,13.0101,78.4614,7.01,0.95,11.58,35.27,37.26,27.4,25.37,22.22,68.99,886.0,0.495,0.316,5,43.06,19.83,758.0,0.33
KOLAR,19:10,True,12.8179,78.2226,6.79,1.12,11.88,33.4,42.2,28.92,23.83,21.25,69.24,876.1,0.497,0.296,4,40.91,19.58,714.0,1.25
KOLAR,19:8,True,13.1721,78.1529,6.76,0.92,9.25,28.54,50.54,15.87,23.83,21.25,69.24,876.1,0.497,0.296,4,40.91,19.83,830.0,0.53
KOLAR,19:8,True,13.1771,78.0041,6.56,0.94,9.8,25.85,54.49,15.5,23.83,21.25,69.24,876.1,0.497,0.296,4,40.91,19.83,854.0,0.51
KOLAR,19:8,True,13.2247,78.2141,6.82,0.99,11.62,32.18,47.28,18.19,23.83,21.25,69.24,876.1,0.497,0.296,4,40.91,19.83,823.0,0.99
KOLAR,19:11,True,13.1744,78.4757,6.97,0.94,11.85,36.57,38.69,24.6,25.37,22.22,68.99,886.0,0.495,0.316,5,43.06,19.83,780.0,1.46
KOLAR,19:11,True,13.0524,78.4069,7.09,0.92,12.11,35.87,41.31,24.4,23.83,21.25,69.24,876.1,0.497,0.296,4,40.91,19.83,781.0,0.67
KOLAR,19:11,True,13.1169,78.3588,6.86,0.93,11.17,34.49,44.52,19.02,23.83,21.25,69.24,876.1,0.497,0.296,4,40.91,19.83,832.0,0.38
KOLAR,19:11,True,13.0698,78.4363,7.03,0.89,11.42,36.72,42.0,22.91,23.83,21.25,69.24,876.1,0.497,0.296,4,40.91,19.83,768.0,0.89
KOLAR,19:11,True,13.2826,78.4529,7.11,0.97,11.18,34.1,40.95,24.87,24.89,21.68,68.28,827.6,0.505,0.313,5,41.84,19.83,776.0,0.57
KOLAR,19:11,True,13.1232,78.4933,7.17,0.9,10.99,35.37,41.71,25.37,25.37,22.22,68.99,886.0,0.495,0.316,5,43.06,19.83,748.0,0.24
KOLAR,19:11,True,13.3182,78.4172,7.14,1.06,10.99,34.79,42.18,24.61,23.98,21.24,67.6,814.7,0.506,0.299,5,40.44,19.83,799.0,0.31
KOLAR,19:9,True,12.8722,78.0552,6.57,1.16,11.93,32.36,44.63,27.07,23.83,21.25,69.24,876.1,0.497,0.296,4,40.91,19.58,845.0,0.59
KOLAR,19:9,True,12.8789,78.0389,6.61,1.17,11.49,32.49,44.96,25.81,23.83,21.25,69.24,876.1,0.497,0.296,4,40.91,19.58,862.0,0.93
KOLAR,19:9,True,12.9926,77.9985,6.82,0.9,10.45,32.06,48.43,23.47,23.83,21.25,69.24,876.1,0.497,0.296,4,40.91,19.73,863.0,0.43
KOLAR,19:9,True,12.9027,77.8888,6.55,0.95,10.01,31.17,51.07,19.62,23.83,21.25,69.24,876.1,0.497,0.296,4,40.91,19.73,866.0,0.33
KOLAR,19:9,True,12.9069,77.9079,6.58,0.95,10.37,32.03,49.61,20.93,23.83,21.25,69.24,876.1,0.497,0.296,4,40.91,19.73,880.0,1.02
KOLAR,19:9,True,12.9152,78.0468,6.57,1.2,12.15,32.19,45.67,25.93,23.83,21.25,69.24,876.1,0.497,0.296,4,40.91,19.58,864.0,0.92
KOLAR,19:9,True,12.9014,78.0323,6.51,1.16,11.68,32.41,47.91,24.32,23.83,21.25,69.24,876.1,0.497,0.296,4,40.91,19.58,861.0,0.99
KOLAR,19:9,True,12.9289,77.9161,6.62,0.93,10.35,31.49,49.62,20.95,23.83,21.25,69.24,876.1,0.497,0.296,4,40.91,19.73,900.0,0.15
KOPPAL,7:3,True,15.664,76.4986,7.02,0.97,11.08,27.15,50.12,20.76,26.15,23.81,59.49,600.0,0.614,0.194,6,42.97,19.94,465.0,1.05
KOLAR,19:7,True,13.3114,78.1457,6.82,0.79,9.8,31.55,48.36,16.19,23.98,21.24,67.6,814.7,0.506,0.299,5,40.44,19.83,823.0,0.71
KOLAR,19:7,True,13.3255,78.1934,7.03,0.89,9.52,31.81,46.53,21.02,23.98,21.24,67.6,814.7,0.506,0.299,5,40.44,19.83,832.0,0.8
KOLAR,19:7,True,13.276,78.2178,6.94,0.98,11.27,33.33,45.62,22.59,23.98,21.24,67.6,814.7,0.506,0.299,5,40.44,19.83,820.0,0.75
KOLAR,19:7,True,13.5181,78.2402,6.9,0.85,9.29,32.99,44.99,19.13,23.98,21.24,67.6,814.7,0.506,0.299,5,40.44,19.83,748.0,0.67
KOLAR,19:7,True,13.2968,78.2683,7.09,0.93,10.08,31.69,44.06,24.62,23.98,21.24,67.6,814.7,0.506,0.299,5,40.44,19.83,830.0,0.92
KOLAR,19:7,True,13.3333,78.3368,7.02,0.98,9.9,34.74,42.82,22.07,23.98,21.24,67.6,814.7,0.506,0.299,5,40.44,19.83,829.0,0.58
KOPPAL,7:2,True,15.829,76.1714,7.19,1.05,12.23,32.16,43.39,31.4,26.47,23.92,57.11,576.1,0.65,0.178,6,43.8,19.94,640.0,0.59
KOPPAL,7:4,True,15.1919,75.9685,7.28,1.04,26.53,34.24,35.11,35.41,25.65,23.58,62.51,634.8,0.583,0.214,6,41.41,19.53,519.0,0.65
KOPPAL,7:4,True,15.2995,76.0948,6.94,0.97,19.69,32.37,36.09,29.58,26.15,23.81,59.49,600.0,0.614,0.194,6,42.97,19.94,505.0,0.45
KOPPAL,7:4,True,15.2629,75.9449,7.49,0.84,12.35,34.26,37.49,30.04,26.15,23.81,59.49,600.0,0.614,0.194,6,42.97,19.53,542.0,0.64
KOPPAL,7:4,True,15.4294,76.3693,6.86,1.09,12.14,26.3,53.34,19.3,26.15,23.81,59.49,600.0,0.614,0.194,6,42.97,19.94,504.0,0.67
KOPPAL,7:4,True,15.5909,76.278,7.0,0.9,20.06,28.78,50.14,25.74,26.15,23.81,59.49,600.0,0.614,0.194,6,42.97,19.94,575.0,0.39
KOPPAL,7:4,True,15.3928,76.1395,7.09,1.07,14.44,34.9,35.69,26.18,26.15,23.81,59.49,600.0,0.614,0.194,6,42.97,19.94,522.0,0.31
KOPPAL,7:4,True,15.3713,76.3509,6.83,1.06,13.91,28.97,45.22,28.74,26.15,23.81,59.49,600.0,0.614,0.194,6,42.97,19.94,528.0,1.45
KOPPAL,7:1,True,15.4481,75.8713,7.47,0.88,11.2,29.84,41.01,29.21,25.6,23.63,61.26,680.1,0.647,0.178,6,42.37,19.53,595.0,0.22
KOPPAL,7:1,True,15.4707,76.1555,7.12,1.03,16.95,29.49,49.3,28.86,26.15,23.81,59.49,600.0,0.614,0.194,6,42.97,19.94,553.0,0.65
KOPPAL,7:1,True,15.6001,76.1682,7.06,0.99,15.23,30.21,47.44,28.53,26.15,23.81,59.49,600.0,0.614,0.194,6,42.97,19.94,616.0,0.61
KOPPAL,7:1,True,15.6739,75.9352,7.11,0.92,9.97,29.2,40.55,27.69,25.6,23.63,61.26,680.1,0.647,0.178,6,42.37,19.53,618.0,0.42
KOPPAL,7:1,True,15.6999,76.1812,6.89,1.01,12.0,31.95,41.31,29.63,26.15,23.81,59.49,600.0,0.614,0.194,6,42.97,19.94,660.0,0.23
KOPPAL,7:1,True,15.5128,76.0807,7.27,0.97,16.62,30.89,45.11,27.93,26.15,23.81,59.49,600.0,0.614,0.194,6,42.97,19.94,553.0,0.31
KOPPAL,7:1,True,15.439,75.8783,7.51,0.99,11.43,29.88,38.85,32.21,25.6,23.63,61.26,680.1,0.647,0.178,6,42.37,19.53,600.0,0.62
MANDYA,22:1,True,12.5929,76.5788,7.0,1.16,13.06,34.3,40.21,27.75,24.52,23.11,67.75,883.0,0.534,0.232,4,41.44,19.49,846.0,1.44
MANDYA,22:1,True,12.7357,76.4354,6.95,1.32,14.44,37.35,36.65,23.94,23.2,22.02,73.35,1604.3,0.717,0.143,4,39.89,19.49,807.0,0.96
MANDYA,22:1,True,12.4889,76.5023,7.29,1.35,12.66,32.2,39.99,31.81,23.2,22.02,73.35,1604.3,0.717,0.143,4,39.89,19.49,769.0,1.68
MANDYA,22:1,True,12.5647,76.468,6.97,1.17,13.11,34.15,36.85,26.84,23.2,22.02,73.35,1604.3,0.717,0.143,4,39.89,19.49,751.0,0.33
MANDYA,22:1,True,12.5249,76.4926,7.24,1.29,12.08,33.25,38.75,30.65,23.2,22.02,73.35,1604.3,0.717,0.143,4,39.89,19.49,800.0,1.07
MANDYA,22:6,True,12.4463,76.9952,6.69,1.24,12.13,36.85,33.93,26.32,24.52,23.11,67.75,883.0,0.534,0.232,4,41.44,19.49,667.0,0.95
MANDYA,22:6,True,12.5827,77.0294,6.67,1.35,13.7,36.45,35.62,24.79,24.52,23.11,67.75,883.0,0.534,0.232,4,41.44,19.73,639.0,0.4
MANDYA,22:6,True,12.7151,77.0241,6.59,1.01,11.11,34.98,38.73,19.32,24.52,23.11,67.75,883.0,0.534,0.232,4,41.44,19.73,650.0,0.44
MANDYA,22:6,True,12.4918,77.0551,6.61,1.52,14.97,36.99,33.09,24.6,24.52,23.11,67.75,883.0,0.534,0.232,4,41.44,19.73,623.0,1.0
MANDYA,22:6,True,12.4883,76.9561,6.62,1.49,14.21,37.1,34.61,23.26,24.52,23.11,67.75,883.0,0.534,0.232,4,41.44,19.49,653.0,0.38
MANDYA,22:6,True,12.6759,77.0444,6.58,1.23,12.58,38.94,36.7,21.58,24.52,23.11,67.75,883.0,0.534,0.232,4,41.44,19.73,627.0,0.21
MANDYA,22:6,True,12.6848,76.9893,6.62,1.03,11.34,36.77,37.06,20.39,24.52,23.11,67.75,883.0,0.534,0.232,4,41.44,19.49,672.0,1.33
MANDYA,22:7,True,12.374,76.941,6.71,1.29,15.36,35.43,36.11,25.63,24.52,23.11,67.75,883.0,0.534,0.232,4,41.44,19.49,681.0,0.82
MANDYA,22:7,True,12.3594,77.304,6.66,2.17,19.94,30.97,41.81,21.52,24.45,22.34,68.11,833.3,0.495,0.275,4,41.69,19.73,855.0,7.72
MANDYA,22:7,True,12.4027,77.2189,6.68,1.13,11.58,33.65,39.84,26.37,24.45,22.34,68.11,833.3,0.495,0.275,4,41.69,19.73,595.0,0.81
MANDYA,22:7,True,12.3906,76.947,6.7,1.32,14.98,34.9,35.55,25.99,24.52,23.11,67.75,883.0,0.534,0.232,4,41.44,19.49,681.0,1.16
MANDYA,22:7,True,12.2668,77.0738,6.97,1.33,11.06,39.78,31.16,31.04,24.52,23.11,67.75,883.0,0.534,0.232,4,41.44,19.73,662.0,0.58
MANDYA,22:7,True,12.4164,76.9803,6.79,1.46,16.61,36.66,35.58,24.37,24.52,23.11,67.75,883.0,0.534,0.232,4,41.44,19.49,667.0,0.62
MANDYA,22:7,True,12.4224,77.0564,6.8,1.39,14.49,37.53,34.95,24.26,24.52,23.11,67.75,883.0,0.534,0.232,4,41.44,19.73,642.0,0.9
MANDYA,22:7,True,12.4123,77.0407,6.78,1.28,13.85,35.11,34.91,25.95,24.52,23.11,67.75,883.0,0.534,0.232,4,41.44,19.73,639.0,1.05
MANDYA,22:5,True,12.7524,76.8852,6.58,0.95,10.61,34.82,42.68,21.17,24.11,22.5,67.12,880.9,0.546,0.222,5,40.63,19.49,708.0,1.39
MANDYA,22:5,True,12.4925,76.9534,6.66,1.43,14.17,36.74,34.86,23.19,24.52,23.11,67.75,883.0,0.534,0.232,4,41.44,19.49,672.0,0.74
MANDYA,22:5,True,12.6597,76.7751,6.78,1.03,11.59,34.15,40.76,23.43,24.52,23.11,67.75,883.0,0.534,0.232,4,41.44,19.49,823.0,0.72
MANDYA,22:5,True,12.704,76.8107,6.7,1.02,10.72,34.04,42.35,23.87,24.52,23.11,67.75,883.0,0.534,0.232,4,41.44,19.49,765.0,0.67
MANDYA,22:2,True,12.8773,76.6053,6.79,1.25,12.66,31.28,42.44,24.13,24.11,22.5,67.12,880.9,0.546,0.222,5,40.63,19.49,898.0,1.27
MANDYA,22:2,True,12.7903,76.7893,6.76,1.09,10.64,32.98,43.2,24.87,24.11,22.5,67.12,880.9,0.546,0.222,5,40.63,19.49,782.0,1.3
MANDYA,22:2,True,12.856,76.7688,6.8,1.09,9.95,33.54,44.16,24.38,24.11,22.5,67.12,880.9,0.546,0.222,5,40.63,19.49,781.0,1.7
MANDYA,22:2,True,12.9339,76.8462,6.91,1.01,9.8,37.83,42.07,26.29,24.11,22.5,67.12,880.9,0.546,0.222,5,40.63,19.49,751.0,0.95
MANDYA,22:2,True,12.8957,76.713,6.78,0.95,9.97,31.55,46.33,23.44,24.11,22.5,67.12,880.9,0.546,0.222,5,40.63,19.49,842.0,0.74
MANDYA,22:3,True,12.4965,76.565,7.02,1.2,11.27,32.04,41.72,26.81,24.52,23.11,67.75,883.0,0.534,0.232,4,41.44,19.49,796.0,1.5
MANDYA,22:3,True,12.5135,76.5613,6.98,1.31,12.28,32.61,41.46,27.16,23.2,22.02,73.35,1604.3,0.717,0.143,4,39.89,19.49,794.0,1.16
MANDYA,22:3,True,12.4757,76.5567,7.1,1.15,12.02,31.57,41.12,29.66,23.2,22.02,73.35,1604.3,0.717,0.143,4,39.89,19.49,783.0,1.28
MANDYA,22:3,True,12.5421,76.6375,6.94,1.1,11.69,32.32,41.51,26.94,24.52,23.11,67.75,883.0,0.534,0.232,4,41.44,19.49,781.0,1.71
MANDYA,22:3,True,12.5282,76.7118,6.66,1.23,13.65,35.46,39.3,23.87,24.52,23.11,67.75,883.0,0.534,0.232,4,41.44,19.49,758.0,0.3
MANDYA,22:3,True,12.6118,76.653,6.91,1.19,12.2,35.04,39.29,26.45,24.52,23.11,67.75,883.0,0.534,0.232,4,41.44,19.49,862.0,0.93
MANDYA,22:3,True,12.6303,76.6151,7.08,1.3,12.72,32.43,42.22,25.25,24.52,23.11,67.75,883.0,0.534,0.232,4,41.44,19.49,877.0,1.04
MANDYA,22:3,True,12.549,76.7384,6.8,1.12,12.22,34.34,41.78,24.99,24.52,23.11,67.75,883.0,0.534,0.232,4,41.44,19.49,738.0,1.96
MYSORE,26:5,True,12.0839,76.3745,6.47,1.12,11.33,33.43,39.61,26.27,23.31,22.41,76.05,1737.8,0.693,0.161,4,40.03,19.49,693.0,1.15
MYSORE,26:5,True,11.9114,76.3964,6.06,1.5,13.6,33.36,43.54,24.92,23.31,22.41,76.05,1737.8,0.693,0.161,4,40.03,18.58,809.0,1.28
MYSORE,26:5,True,11.8401,76.3225,5.66,1.8,19.06,32.67,41.73,23.04,23.31,22.41,76.05,1737.8,0.693,0.161,4,40.03,18.58,815.0,1.38
MANDYA,22:4,True,12.3185,76.7606,6.83,1.17,11.16,35.64,36.4,28.56,24.52,23.11,67.75,883.0,0.534,0.232,4,41.44,19.49,715.0,1.31
MANDYA,22:4,True,12.3442,76.7589,6.63,1.35,12.37,33.16,37.43,24.65,24.52,23.11,67.75,883.0,0.534,0.232,4,41.44,19.49,683.0,0.6
MANDYA,22:4,True,12.3807,76.6205,6.81,1.18,12.25,33.96,39.52,23.93,24.52,23.11,67.75,883.0,0.534,0.232,4,41.44,19.49,743.0,1.03
MANDYA,22:4,True,12.3757,76.5677,6.95,1.17,11.89,33.69,39.44,27.63,24.52,23.11,67.75,883.0,0.534,0.232,4,41.44,19.49,804.0,1.19
MANDYA,22:4,True,12.4575,76.6621,6.6,1.23,14.05,35.24,36.97,24.57,24.52,23.11,67.75,883.0,0.534,0.232,4,41.44,19.49,725.0,0.6
MANDYA,22:4,True,12.3775,76.5983,6.82,1.21,12.23,34.03,39.78,26.83,24.52,23.11,67.75,883.0,0.534,0.232,4,41.44,19.49,736.0,1.26
MANDYA,22:4,True,12.4017,76.7548,6.66,1.2,13.19,35.45,35.79,24.72,24.52,23.11,67.75,883.0,0.534,0.232,4,41.44,19.49,672.0,0.98
MYSORE,22:4,True,12.4205,76.5678,7.05,1.03,20.93,33.97,39.43,25.9,24.52,23.11,67.75,883.0,0.534,0.232,4,41.44,19.49,748.0,0.95
MANDYA,22:4,True,12.3498,76.7233,6.75,1.19,13.7,35.5,36.59,28.74,24.52,23.11,67.75,883.0,0.534,0.232,4,41.44,19.49,714.0,0.83
MYSORE,26:2,True,12.1843,76.3272,6.65,1.12,11.37,33.09,37.85,25.77,23.31,22.41,76.05,1737.8,0.693,0.161,4,40.03,19.49,755.0,1.12
MYSORE,26:2,True,12.3941,76.2796,6.82,1.18,12.71,32.99,42.51,27.97,23.2,22.02,73.35,1604.3,0.717,0.143,4,39.89,19.49,811.0,0.65
MYSORE,26:2,True,12.3958,76.2516,6.8,1.13,12.27,33.61,41.22,26.97,23.2,22.02,73.35,1604.3,0.717,0.143,4,39.89,19.49,808.0,0.73
MYSORE,26:2,True,12.2411,76.2083,6.5,1.19,11.24,33.43,36.84,26.57,23.31,22.41,76.05,1737.8,0.693,0.161,4,40.03,19.49,789.0,0.49
MYSORE,26:2,True,12.1814,76.3652,6.66,1.2,11.25,33.87,38.27,25.04,23.31,22.41,76.05,1737.8,0.693,0.161,4,40.03,19.49,732.0,1.38
MYSORE,26:2,True,12.2577,76.3062,6.68,1.13,11.1,31.19,40.75,24.38,23.2,22.02,73.35,1604.3,0.717,0.143,4,39.89,19.49,779.0,1.16
MYSORE,26:3,True,12.6324,76.3332,7.03,1.24,12.78,33.13,42.47,27.16,23.2,22.02,73.35,1604.3,0.717,0.143,4,39.89,19.49,825.0,0.9
MYSORE,26:3,True,12.6107,76.2809,6.94,1.53,13.48,32.46,43.77,24.84,23.2,22.02,73.35,1604.3,0.717,0.143,4,39.89,19.49,835.0,0.83
MYSORE,26:3,True,12.4795,76.42,7.03,1.22,12.72,33.79,37.39,24.81,23.2,22.02,73.35,1604.3,0.717,0.143,4,39.89,19.49,771.0,0.45
MYSORE,26:3,True,12.5283,76.3681,7.0,1.48,13.98,36.41,38.4,26.98,23.2,22.02,73.35,1604.3,0.717,0.143,4,39.89,19.49,790.0,0.22
MYSORE,26:3,True,12.4317,76.3304,7.06,1.17,12.58,35.77,39.3,29.24,23.2,22.02,73.35,1604.3,0.717,0.143,4,39.89,19.49,841.0,1.07
HASSAN,26:3,True,12.64,76.2147,7.04,1.36,12.76,34.55,41.65,26.52,23.2,22.02,73.35,1604.3,0.717,0.143,4,39.89,19.49,857.0,1.81
MYSORE,26:3,True,12.5615,76.3212,6.97,1.35,15.74,34.89,40.19,26.79,23.2,22.02,73.35,1604.3,0.717,0.143,4,39.89,19.49,799.0,1.08
MYSORE,26:3,True,12.6192,76.2333,7.13,1.27,12.18,33.12,43.09,26.4,23.2,22.02,73.35,1604.3,0.717,0.143,4,39.89,19.49,854.0,0.77
MYSORE,26:4,True,12.2791,76.7014,6.7,1.28,13.98,34.38,39.02,26.16,24.52,23.11,67.75,883.0,0.534,0.232,4,41.44,19.49,739.0,1.7
MYSORE,26:4,True,12.4204,76.5012,7.09,1.58,12.92,34.52,38.14,26.43,23.2,22.02,73.35,1604.3,0.717,0.143,4,39.89,19.49,770.0,0.58
MYSORE,26:4,True,12.2326,76.7817,6.86,1.11,10.79,33.65,36.28,27.77,23.86,22.49,69.82,886.2,0.508,0.266,4,40.67,19.49,697.0,1.43
MYSORE,26:4,True,12.2006,76.5519,6.88,1.19,11.7,33.52,39.15,28.99,23.31,22.41,76.05,1737.8,0.693,0.161,4,40.03,19.49,744.0,1.15
MYSORE,26:4,True,12.3946,76.5136,7.04,1.24,12.43,34.58,38.65,28.28,23.2,22.02,73.35,1604.3,0.717,0.143,4,39.89,19.49,782.0,1.58
MYSORE,26:4,True,12.1641,76.4849,6.65,1.19,12.04,31.34,42.93,26.95,23.31,22.41,76.05,1737.8,0.693,0.161,4,40.03,19.49,737.0,3.16
MYSORE,26:6,True,12.0258,76.9215,7.25,1.33,15.04,32.72,38.33,32.9,23.86,22.49,69.82,886.2,0.508,0.266,4,40.67,19.49,695.0,0.33
MYSORE,26:6,True,12.1168,76.6571,6.84,1.42,13.19,35.6,35.08,27.53,23.86,22.49,69.82,886.2,0.508,0.266,4,40.67,19.49,675.0,0.89
MYSORE,26:6,True,11.9948,76.5105,6.65,1.28,12.86,34.51,39.82,29.77,23.31,22.41,76.05,1737.8,0.693,0.161,4,40.03,18.58,700.0,1.26
MYSORE,26:6,True,12.1748,76.6607,6.94,1.18,10.61,35.19,37.08,27.84,23.86,22.49,69.82,886.2,0.508,0.266,4,40.67,19.49,671.0,0.89
MYSORE,26:6,True,12.0323,76.698,7.24,1.3,14.03,33.52,38.43,30.65,23.86,22.49,69.82,886.2,0.508,0.266,4,40.67,19.49,694.0,0.59
MYSORE,26:1,True,12.4013,76.1527,6.74,1.26,12.61,33.15,41.88,31.5,23.2,22.02,73.35,1604.3,0.717,0.143,4,39.89,19.49,908.0,0.58
MYSORE,26:1,True,12.3159,76.0044,5.87,2.44,22.34,31.53,38.83,24.02,23.2,22.02,73.35,1604.3,0.717,0.143,4,39.89,19.49,948.0,1.1
MYSORE,26:1,True,12.4942,76.1263,6.87,1.26,12.18,33.09,42.5,28.47,23.2,22.02,73.35,1604.3,0.717,0.143,4,39.89,19.49,847.0,0.77
MYSORE,26:1,True,12.363,76.0238,6.23,1.34,12.01,31.24,39.08,27.07,23.2,22.02,73.35,1604.3,0.717,0.143,4,39.89,19.49,901.0,1.26
MYSORE,26:1,True,12.3687,75.9756,5.98,2.22,19.11,33.07,39.54,25.09,23.2,22.02,73.35,1604.3,0.717,0.143,4,39.89,18.14,945.0,1.79
MYSORE,26:1,True,12.2948,76.0186,5.83,2.46,24.98,32.66,39.21,24.44,23.2,22.02,73.35,1604.3,0.717,0.143,4,39.89,19.49,959.0,2.37
MYSORE,26:1,True,12.5105,76.087,6.72,1.34,14.13,35.29,38.1,35.23,23.2,22.02,73.35,1604.3,0.717,0.143,4,39.89,19.49,902.0,0.73
MYSORE,26:1,True,12.4679,76.1123,6.65,1.44,16.31,31.58,43.4,26.93,23.2,22.02,73.35,1604.3,0.717,0.143,4,39.89,19.49,1012.0,5.69
MYSORE,26:1,True,12.4988,76.1041,6.84,1.21,12.05,33.9,40.61,31.65,23.2,22.02,73.35,1604.3,0.717,0.143,4,39.89,19.49,895.0,1.23
MYSORE,26:7,True,12.1025,76.9543,6.73,1.15,11.69,35.69,34.11,28.57,23.86,22.49,69.82,886.2,0.508,0.266,4,40.67,19.49,661.0,0.19
MYSORE,26:7,True,12.4084,76.9046,6.68,1.29,11.96,35.55,34.51,27.19,24.52,23.11,67.75,883.0,0.534,0.232,4,41.44,19.49,710.0,0.46
MYSORE,26:7,True,12.2674,76.8308,6.67,1.21,10.55,32.95,36.71,28.57,24.52,23.11,67.75,883.0,0.534,0.232,4,41.44,19.49,671.0,0.85
MYSORE,26:7,True,12.2728,76.9686,6.8,1.21,10.6,36.14,33.73,29.27,24.52,23.11,67.75,883.0,0.534,0.232,4,41.44,19.49,663.0,0.66
MYSORE,26:7,True,12.3857,76.8539,6.82,1.06,11.18,31.41,37.17,27.45,24.52,23.11,67.75,883.0,0.534,0.232,4,41.44,19.49,701.0,0.45
MYSORE,26:7,True,12.374,76.8621,6.67,1.39,12.76,33.21,36.53,26.77,24.52,23.11,67.75,883.0,0.534,0.232,4,41.44,19.49,679.0,0.56
MYSORE,26:7,True,12.3585,76.8614,6.62,1.5,15.86,35.11,34.58,25.82,24.52,23.11,67.75,883.0,0.534,0.232,4,41.44,19.49,682.0,0.77
MYSORE,26:7,True,12.1921,77.1055,6.71,1.33,14.82,35.12,36.04,26.44,23.86,22.49,69.82,886.2,0.508,0.266,4,40.67,19.73,631.0,0.26
MYSORE,26:7,True,12.3094,76.9298,6.81,1.23,11.48,35.14,37.48,27.8,24.52,23.11,67.75,883.0,0.534,0.232,4,41.44,19.49,705.0,1.37
RAICHUR,6:4,True,15.9525,76.9605,6.96,1.14,12.33,36.78,39.82,19.79,27.18,24.44,56.69,611.1,0.676,0.162,6,44.66,19.94,370.0,0.33
RAICHUR,6:4,True,16.0291,77.1474,7.04,0.9,12.19,35.95,36.09,23.2,27.18,24.44,56.69,611.1,0.676,0.162,6,44.66,19.96,350.0,0.21
RAICHUR,6:2,True,16.2266,77.0893,7.09,0.93,15.76,37.89,37.17,22.73,27.18,24.44,56.69,611.1,0.676,0.162,6,44.66,19.96,408.0,0.15
RAICHUR,6:2,True,16.4138,77.0242,7.36,1.0,19.12,41.96,29.33,37.73,27.26,24.37,55.84,655.1,0.717,0.144,7,44.84,19.96,393.0,0.31
RAICHUR,6:2,True,16.3501,76.7532,6.85,0.97,12.23,31.99,44.69,21.41,27.26,24.37,55.84,655.1,0.717,0.144,7,44.84,19.87,452.0,1.75
RAICHUR,6:2,True,16.2581,76.9398,6.99,1.05,21.8,38.8,38.49,26.79,27.26,24.37,55.84,655.1,0.717,0.144,7,44.84,19.87,493.0,1.28
RAICHUR,6:2,True,16.4009,76.9868,7.12,1.02,12.8,42.47,29.78,28.68,27.26,24.37,55.84,655.1,0.717,0.144,7,44.84,19.87,387.0,0.42
RAICHUR,6:2,True,16.3177,76.806,7.06,0.97,9.49,37.03,35.77,24.26,27.26,24.37,55.84,655.1,0.717,0.144,7,44.84,19.87,411.0,0.33
RAICHUR,6:2,True,16.3742,77.0913,7.48,0.94,11.56,38.34,31.29,35.01,27.26,24.37,55.84,655.1,0.717,0.144,7,44.84,19.96,383.0,0.47
RAICHUR,6:2,True,16.2687,76.9384,6.87,1.13,13.2,35.18,43.58,24.89,27.26,24.37,55.84,655.1,0.717,0.144,7,44.84,19.87,487.0,1.94
RAICHUR,6:2,True,16.3037,76.7739,7.11,1.01,10.54,37.51,36.61,28.4,27.26,24.37,55.84,655.1,0.717,0.144,7,44.84,19.87,426.0,0.41
RAICHUR,6:3,True,16.0603,77.439,7.27,1.16,16.93,35.56,36.21,24.76,27.35,24.52,58.34,678.6,0.7,0.153,6,45.08,19.96,356.0,0.23
RAICHUR,6:3,True,16.394,77.3182,7.18,1.0,13.16,40.71,29.01,26.54,27.07,24.18,57.95,717.6,0.727,0.139,7,45.0,19.96,329.0,0.59
RAICHUR,6:3,True,16.2818,77.5126,7.09,1.04,19.82,35.67,35.14,26.74,27.07,24.18,57.95,717.6,0.727,0.139,7,45.0,19.96,353.0,0.34
RAICHUR,6:3,True,16.3205,77.3144,7.25,1.0,9.77,37.99,32.65,32.31,27.07,24.18,57.95,717.6,0.727,0.139,7,45.0,19.96,351.0,0.31
RAICHUR,6:3,True,16.37,77.3482,7.03,1.07,10.35,36.7,34.55,21.2,27.07,24.18,57.95,717.6,0.727,0.139,7,45.0,19.96,352.0,0.43
RAICHUR,6:3,True,16.3799,77.3793,7.03,1.08,14.38,37.37,32.02,20.13,27.07,24.18,57.95,717.6,0.727,0.139,7,45.0,19.96,336.0,1.19
RAICHUR,6:3,True,16.3611,77.47,7.13,1.1,19.85,36.69,32.9,23.38,27.07,24.18,57.95,717.6,0.727,0.139,7,45.0,19.96,337.0,0.15
RAICHUR,6:3,True,16.3098,77.3827,7.22,1.15,10.73,37.73,31.3,33.48,27.07,24.18,57.95,717.6,0.727,0.139,7,45.0,19.96,349.0,0.35
RAICHUR,6:3,True,15.9968,77.4616,7.2,1.07,11.32,36.63,34.18,31.88,27.35,24.52,58.34,678.6,0.7,0.153,6,45.08,20.05,339.0,0.48
RAICHUR,6:5,True,15.7307,76.7511,7.03,1.64,12.6,38.14,41.79,19.94,27.12,24.58,57.77,597.5,0.632,0.187,6,44.35,19.94,385.0,0.43
RAICHUR,6:5,True,15.881,76.9194,7.33,0.96,22.37,36.97,38.41,19.91,27.18,24.44,56.69,611.1,0.676,0.162,6,44.66,19.94,367.0,0.43
RAICHUR,6:5,True,15.6738,76.6766,7.11,1.05,10.92,39.21,39.51,21.8,27.12,24.58,57.77,597.5,0.632,0.187,6,44.35,19.94,407.0,0.3
RAICHUR,6:5,True,15.9052,76.9012,7.37,0.99,13.72,36.71,37.31,20.02,27.18,24.44,56.69,611.1,0.676,0.162,6,44.66,19.94,364.0,0.44
RAICHUR,6:5,True,15.7302,76.4738,7.27,0.82,9.33,29.81,47.09,23.93,26.15,23.81,59.49,600.0,0.614,0.194,6,42.97,19.94,486.0,0.22
RAICHUR,6:5,True,15.8229,76.8968,7.33,0.96,19.88,37.07,37.52,25.07,27.18,24.44,56.69,611.1,0.676,0.162,6,44.66,19.94,371.0,0.19
RAMANAGARA,28:7,True,12.5972,77.2042,6.64,1.37,11.15,35.05,38.55,22.96,24.45,22.34,68.11,833.3,0.495,0.275,4,41.69,19.73,639.0,0.35
RAMANAGARA,28:7,True,12.524,77.1634,6.66,1.07,10.72,38.12,36.77,24.54,24.52,23.11,67.75,883.0,0.534,0.232,4,41.44,19.73,638.0,0.45
RAMANAGARA,28:7,True,12.6337,77.1204,6.5,1.21,11.55,36.09,39.45,18.72,24.52,23.11,67.75,883.0,0.534,0.232,4,41.44,19.73,662.0,0.45
RAMANAGARA,28:7,True,12.7231,77.1696,6.55,1.22,13.25,31.28,45.22,17.22,24.52,23.11,67.75,883.0,0.534,0.232,4,41.44,19.73,700.0,3.1
RAMANAGARA,28:7,True,12.7219,77.1793,6.51,1.37,14.11,32.36,45.27,17.0,24.52,23.11,67.75,883.0,0.534,0.232,4,41.44,19.73,695.0,1.16
RAMANAGARA,28:7,True,12.6369,77.2,6.62,1.5,13.96,34.94,40.52,17.91,24.45,22.34,68.11,833.3,0.495,0.275,4,41.69,19.73,655.0,0.64
RAMANAGARA,28:7,True,12.7682,77.0994,6.46,1.36,14.4,30.74,48.1,16.03,24.11,22.5,67.12,880.9,0.546,0.222,5,40.63,19.73,777.0,4.49
RAMANAGARA,28:5,True,13.094,77.2143,6.36,1.08,9.59,28.49,57.67,10.18,23.74,21.61,67.94,842.5,0.522,0.251,4,40.38,20.19,883.0,1.31
RAMANAGARA,28:5,True,13.0833,77.152,6.36,1.02,10.07,27.85,57.02,10.62,24.11,22.5,67.12,880.9,0.546,0.222,5,40.63,20.19,816.0,0.85
RAMANAGARA,28:5,True,13.1064,77.2506,6.31,1.2,9.82,28.48,57.1,10.94,23.74,21.61,67.94,842.5,0.522,0.251,4,40.38,20.19,909.0,1.29
RAMANAGARA,28:5,True,13.0997,77.2988,6.34,1.07,9.26,28.83,57.18,8.67,23.74,21.61,67.94,842.5,0.522,0.251,4,40.38,20.19,882.0,1.3
RAMANAGARA,28:5,True,12.9848,77.1877,6.42,0.99,10.78,27.91,53.88,11.89,23.74,21.61,67.94,842.5,0.522,0.251,4,40.38,19.73,879.0,0.96
RAMANAGARA,28:6,True,12.7779,77.4173,6.61,1.14,14.82,29.4,47.1,19.84,23.74,21.61,67.94,842.5,0.522,0.251,4,40.38,19.73,723.0,0.26
RAMANAGARA,28:6,True,12.83,77.4159,6.47,0.96,9.4,27.58,54.35,15.46,23.74,21.61,67.94,842.5,0.522,0.251,4,40.38,19.73,760.0,0.48
RAMANAGARA,28:6,True,12.7805,77.4478,6.51,1.16,11.45,27.05,50.54,17.34,23.74,21.61,67.94,842.5,0.522,0.251,4,40.38,19.73,732.0,1.38
RAMANAGARA,28:6,True,12.6972,77.3608,6.39,1.46,15.36,29.93,47.37,15.58,24.45,22.34,68.11,833.3,0.495,0.275,4,41.69,19.73,754.0,3.57
RAMANAGARA,28:6,True,12.8209,77.3367,6.45,1.29,13.64,26.41,56.13,12.07,23.74,21.61,67.94,842.5,0.522,0.251,4,40.38,19.73,766.0,2.57
RAMANAGARA,28:6,True,12.7391,77.3782,6.5,1.26,10.9,29.74,50.39,14.29,24.45,22.34,68.11,833.3,0.495,0.275,4,41.69,19.73,720.0,0.91
SHIMOGA,15:7,True,14.0386,75.7579,6.88,1.2,14.59,35.49,43.82,22.07,23.87,21.87,73.34,1866.3,0.802,0.112,6,41.12,19.76,576.0,0.96
SHIMOGA,15:7,True,14.0188,75.7658,6.74,1.16,14.01,33.82,44.18,21.94,23.87,21.87,73.34,1866.3,0.802,0.112,6,41.12,19.76,604.0,1.7
SHIMOGA,15:7,True,13.8015,75.7424,6.65,1.16,14.54,32.81,41.9,23.13,23.87,21.87,73.34,1866.3,0.802,0.112,6,41.12,18.72,605.0,0.22
SHIMOGA,15:7,True,13.8004,75.6123,6.29,1.33,13.88,34.54,38.46,25.74,23.87,21.87,73.34,1866.3,0.802,0.112,6,41.12,18.72,653.0,0.89
SHIMOGA,15:7,True,13.8993,75.8097,6.43,1.32,15.81,33.94,37.83,24.14,23.87,21.87,73.34,1866.3,0.802,0.112,6,41.12,18.72,712.0,1.52
SHIMOGA,15:7,True,13.7587,75.631,6.2,1.43,13.41,34.69,39.52,25.22,23.87,21.87,73.34,1866.3,0.802,0.112,6,41.12,18.72,644.0,2.41
SHIMOGA,15:7,True,13.8302,75.6956,6.63,1.0,11.59,33.79,37.45,23.14,23.87,21.87,73.34,1866.3,0.802,0.112,6,41.12,18.72,596.0,0.33
SHIMOGA,15:7,True,13.8909,75.7147,6.59,1.55,15.5,35.64,39.19,24.2,23.87,21.87,73.34,1866.3,0.802,0.112,6,41.12,18.72,580.0,0.84
SHIMOGA,15:7,True,13.9603,75.8159,6.64,1.58,21.12,33.69,43.13,21.09,23.87,21.87,73.34,1866.3,0.802,0.112,6,41.12,18.72,781.0,4.99
SHIMOGA,15:7,True,14.0517,75.7568,6.8,1.19,14.01,32.98,45.33,21.68,23.87,21.87,73.34,1866.3,0.802,0.112,6,41.12,19.76,611.0,3.0
SHIMOGA,15:1,True,14.1278,75.1903,6.11,1.49,14.4,31.76,42.07,32.11,24.33,22.54,79.02,2754.3,0.846,0.092,5,40.38,19.76,644.0,1.96
SHIMOGA,15:1,True,14.1979,74.7567,5.53,3.03,57.67,24.87,44.43,25.35,24.33,22.54,79.02,2754.3,0.846,0.092,5,40.38,19.17,552.0,1.82
SHIMOGA,15:1,True,14.0621,74.9704,5.89,2.11,34.04,27.31,44.58,27.19,24.33,22.54,79.02,2754.3,0.846,0.092,5,40.38,19.17,557.0,2.44
SHIMOGA,15:1,True,13.9941,74.9612,5.9,2.48,48.5,29.32,39.68,30.2,24.33,22.54,79.02,2754.3,0.846,0.092,5,40.38,19.02,557.0,0.0
SHIMOGA,15:3,True,14.2291,75.3936,6.4,1.25,11.48,36.21,37.13,31.39,23.87,21.87,73.34,1866.3,0.802,0.112,6,41.12,19.76,666.0,1.56
SHIMOGA,15:3,True,14.1093,75.3441,6.17,1.52,15.69,33.85,40.4,32.15,23.87,21.87,73.34,1866.3,0.802,0.112,6,41.12,19.76,681.0,3.22
SHIMOGA,15:3,True,14.3206,75.3507,6.45,1.06,10.44,37.15,37.27,30.75,24.92,23.46,67.99,1365.1,0.768,0.129,6,42.2,19.76,591.0,0.87
SHIMOGA,15:3,True,14.2179,75.4548,6.48,1.61,17.87,32.96,40.74,25.89,23.87,21.87,73.34,1866.3,0.802,0.112,6,41.12,19.76,747.0,0.8
SHIMOGA,15:3,True,14.4805,75.342,6.51,1.08,10.02,34.59,38.89,29.27,24.92,23.46,67.99,1365.1,0.768,0.129,6,42.2,19.76,649.0,0.29
SHIMOGA,15:3,True,14.2803,75.2508,6.33,1.38,13.08,37.54,33.93,35.27,24.39,22.64,74.71,1885.8,0.821,0.105,6,41.54,19.76,634.0,1.13
SHIMOGA,15:3,True,14.3188,75.277,6.33,1.13,12.51,37.95,34.81,35.7,24.39,22.64,74.71,1885.8,0.821,0.105,6,41.54,19.76,614.0,0.77
SHIMOGA,15:3,True,14.44,75.3051,6.42,1.1,10.52,34.63,36.52,35.27,24.39,22.64,74.71,1885.8,0.821,0.105,6,41.54,19.76,647.0,1.14
SHIMOGA,15:6,True,13.7973,75.5687,6.14,1.34,14.52,36.86,34.98,25.15,23.87,21.87,73.34,1866.3,0.802,0.112,6,41.12,18.72,618.0,1.24
SHIMOGA,15:6,True,13.7557,75.5629,6.02,1.54,15.6,34.95,37.66,30.53,23.87,21.87,73.34,1866.3,0.802,0.112,6,41.12,18.72,620.0,0.42
SHIMOGA,15:6,True,14.0729,75.7161,6.9,1.04,11.47,36.93,40.12,21.28,23.87,21.87,73.34,1866.3,0.802,0.112,6,41.12,19.76,566.0,0.63
SHIMOGA,15:6,True,13.7338,75.5507,5.81,1.65,16.97,33.78,39.37,33.98,22.53,20.5,77.64,2460.4,0.819,0.102,5,39.03,18.72,712.0,4.37
SHIMOGA,15:6,True,14.0733,75.308,6.13,1.65,16.96,32.02,40.43,31.45,24.33,22.54,79.02,2754.3,0.846,0.092,5,40.38,19.76,758.0,4.42
SHIMOGA,15:6,True,14.0385,75.3836,6.43,1.21,11.52,36.39,38.31,33.46,23.87,21.87,73.34,1866.3,0.802,0.112,6,41.12,19.76,639.0,0.17
SHIMOGA,15:6,True,14.0979,75.3576,6.19,1.36,13.2,34.38,39.9,31.86,23.87,21.87,73.34,1866.3,0.802,0.112,6,41.12,19.76,641.0,1.68
SHIMOGA,15:2,True,14.4498,75.0981,5.82,1.66,18.41,30.42,40.32,28.56,24.39,22.64,74.71,1885.8,0.821,0.105,6,41.54,19.76,618.0,1.07
SHIMOGA,15:2,True,14.5536,75.0987,6.36,1.19,12.63,37.49,32.13,35.47,24.39,22.64,74.71,1885.8,0.821,0.105,6,41.54,19.76,578.0,0.64
SHIMOGA,15:2,True,14.5858,75.0732,6.32,1.22,12.48,38.29,32.09,36.72,24.39,22.64,74.71,1885.8,0.821,0.105,6,41.54,19.76,555.0,0.75
SHIMOGA,15:2,True,14.4397,75.1508,6.42,1.14,11.47,35.66,36.73,35.41,24.39,22.64,74.71,1885.8,0.821,0.105,6,41.54,19.76,569.0,0.78
SHIMOGA,15:2,True,14.4235,75.0894,5.95,1.53,16.21,30.2,40.48,29.12,24.39,22.64,74.71,1885.8,0.821,0.105,6,41.54,19.76,616.0,2.26
SHIMOGA,15:2,True,14.3927,74.9669,6.35,1.36,14.28,30.29,40.97,30.32,24.39,22.64,74.71,1885.8,0.821,0.105,6,41.54,19.17,551.0,1.21
SHIMOGA,15:2,True,14.4594,75.1333,6.4,1.19,12.23,35.53,36.71,34.88,24.39,22.64,74.71,1885.8,0.821,0.105,6,41.54,19.76,563.0,0.17
SHIMOGA,15:2,True,14.5006,75.1157,6.3,1.28,13.03,33.74,38.44,34.13,24.39,22.64,74.71,1885.8,0.821,0.105,6,41.54,19.76,554.0,0.36
SHIMOGA,15:5,True,13.6302,75.2843,5.63,1.85,19.76,31.23,43.18,25.16,25.38,24.34,77.32,3354.6,0.848,0.09,5,38.61,18.72,659.0,1.65
SHIMOGA,15:5,True,13.643,75.1317,5.61,2.83,33.65,30.92,44.73,27.44,25.38,24.34,77.32,3354.6,0.848,0.09,5,38.61,18.72,650.0,1.81
SHIMOGA,15:5,True,13.8471,75.2525,6.22,1.62,16.82,31.02,43.74,31.4,24.33,22.54,79.02,2754.3,0.846,0.092,5,40.38,18.72,672.0,0.72
SHIMOGA,15:5,True,13.7232,75.2997,5.67,1.75,19.2,30.66,42.17,26.59,25.38,24.34,77.32,3354.6,0.848,0.09,5,38.61,18.72,650.0,3.18
SHIMOGA,15:5,True,13.5134,75.177,5.56,2.5,29.32,31.94,43.44,27.09,25.38,24.34,77.32,3354.6,0.848,0.09,5,38.61,18.72,638.0,0.35
SHIMOGA,15:5,True,13.6693,75.3622,5.6,1.91,19.8,31.12,41.69,27.21,22.53,20.5,77.64,2460.4,0.819,0.102,5,39.03,18.72,629.0,2.13
SHIMOGA,15:5,True,13.738,75.3277,6.09,1.62,17.74,30.65,42.02,28.7,22.53,20.5,77.64,2460.4,0.819,0.102,5,39.03,18.72,645.0,1.96
SHIMOGA,15:5,True,13.6325,75.1426,5.57,2.8,30.08,30.74,44.34,28.05,25.38,24.34,77.32,3354.6,0.848,0.09,5,38.61,18.72,629.0,2.03
SHIMOGA,15:5,True,13.8697,75.2494,6.06,2.05,18.76,29.96,40.46,26.45,24.33,22.54,79.02,2754.3,0.846,0.092,5,40.38,18.72,695.0,2.81
TUMKUR,18:1,True,13.4255,76.5355,6.96,0.98,10.76,35.4,42.59,24.79,23.65,21.88,68.79,1137.3,0.684,0.164,6,40.36,19.82,740.0,0.55
TUMKUR,18:1,True,13.3729,76.5619,6.94,0.92,10.12,32.73,45.78,23.74,23.65,21.88,68.79,1137.3,0.684,0.164,6,40.36,19.82,774.0,0.41
TUMKUR,18:1,True,13.5875,76.6408,7.18,1.19,16.35,35.63,38.99,30.66,24.29,22.48,65.46,798.0,0.542,0.233,5,40.72,19.82,700.0,7.05
TUMKUR,18:1,True,13.4238,76.4726,6.96,1.1,10.49,34.9,46.39,28.37,23.65,21.88,68.79,1137.3,0.684,0.164,6,40.36,19.82,780.0,0.72
TUMKUR,18:1,True,13.5604,76.4148,7.11,1.05,11.63,33.26,44.28,34.45,23.65,21.88,68.79,1137.3,0.684,0.164,6,40.36,19.82,756.0,0.24
TUMKUR,18:1,True,13.6797,76.5615,7.12,1.42,12.09,32.81,45.37,28.1,23.65,21.88,68.79,1137.3,0.684,0.164,6,40.36,19.82,766.0,1.86
TUMKUR,18:1,True,13.6795,76.6197,7.14,1.04,10.19,33.5,45.95,29.23,24.29,22.48,65.46,798.0,0.542,0.233,5,40.72,19.82,679.0,1.21
TUMKUR,18:1,True,13.5769,76.4645,7.2,1.06,13.52,37.8,39.28,34.19,23.65,21.88,68.79,1137.3,0.684,0.164,6,40.36,19.82,723.0,0.43
TUMKUR,18:1,True,13.505,76.7206,7.07,1.11,10.15,34.98,39.97,28.62,24.29,22.48,65.46,798.0,0.542,0.233,5,40.72,19.82,734.0,1.13
TUMKUR,18:7,True,13.4671,76.9004,6.99,0.98,10.17,31.26,50.45,21.44,24.29,22.48,65.46,798.0,0.542,0.233,5,40.72,19.82,828.0,0.5
TUMKUR,18:7,True,13.5233,76.7528,7.04,1.05,10.04,33.51,45.74,23.67,24.29,22.48,65.46,798.0,0.542,0.233,5,40.72,19.82,760.0,1.77
TUMKUR,18:7,True,13.1624,76.9358,6.75,0.99,9.82,35.63,44.56,18.72,24.11,22.5,67.12,880.9,0.546,0.222,5,40.63,19.82,780.0,0.98
TUMKUR,18:7,True,13.3139,76.9579,6.74,0.92,9.95,32.62,49.74,14.34,24.29,22.48,65.46,798.0,0.542,0.233,5,40.72,19.82,789.0,0.67
TUMKUR,18:7,True,13.3716,76.9856,6.88,0.98,11.06,32.85,44.41,16.9,24.29,22.48,65.46,798.0,0.542,0.233,5,40.72,19.82,809.0,0.75
TUMKUR,18:7,True,13.3426,76.7262,6.87,1.05,10.77,33.17,48.87,25.67,24.29,22.48,65.46,798.0,0.542,0.233,5,40.72,19.82,888.0,0.6
TUMKUR,18:7,True,13.5508,76.7924,6.97,1.13,11.9,32.98,45.35,23.77,24.29,22.48,65.46,798.0,0.542,0.233,5,40.72,19.82,770.0,1.59
TUMKUR,18:10,True,12.8887,77.0192,6.6,1.2,11.4,32.43,47.12,23.24,24.11,22.5,67.12,880.9,0.546,0.222,5,40.63,19.73,743.0,4.03
TUMKUR,18:10,True,12.8023,77.0522,6.45,1.1,11.37,34.52,45.65,15.04,24.11,22.5,67.12,880.9,0.546,0.222,5,40.63,19.73,721.0,2.22
TUMKUR,18:10,True,12.8,77.0387,6.47,0.96,9.66,34.88,46.52,14.91,24.11,22.5,67.12,880.9,0.546,0.222,5,40.63,19.73,725.0,1.57
TUMKUR,18:10,True,12.9981,76.8567,6.82,1.17,9.42,38.05,39.12,27.04,24.11,22.5,67.12,880.9,0.546,0.222,5,40.63,19.49,764.0,0.26
TUMKUR,18:10,True,12.8209,77.1302,6.34,1.06,11.32,28.95,53.16,13.71,24.11,22.5,67.12,880.9,0.546,0.222,5,40.63,19.73,826.0,1.49
TUMKUR,18:10,True,12.8617,76.9011,6.53,0.99,11.23,37.89,41.13,20.08,24.11,22.5,67.12,880.9,0.546,0.222,5,40.63,19.49,708.0,1.18
TUMKUR,18:10,True,12.9775,77.0641,6.45,1.17,10.89,31.32,48.75,17.13,24.11,22.5,67.12,880.9,0.546,0.222,5,40.63,19.73,808.0,0.71
TUMKUR,18:5,True,13.5901,77.1982,6.76,1.04,11.5,33.13,49.58,20.84,24.02,21.74,66.33,800.0,0.529,0.257,5,40.42,20.19,830.0,2.58
TUMKUR,18:5,True,13.5857,77.2663,6.89,1.07,10.58,32.47,45.48,24.76,24.02,21.74,66.33,800.0,0.529,0.257,5,40.42,20.19,767.0,1.23
TUMKUR,18:5,True,13.4993,77.2355,6.62,0.96,10.43,28.95,54.31,16.11,24.02,21.74,66.33,800.0,0.529,0.257,5,40.42,20.19,774.0,2.18
TUMKUR,18:5,True,13.5254,77.3184,6.6,0.94,9.43,29.56,53.41,12.84,24.02,21.74,66.33,800.0,0.529,0.257,5,40.42,20.19,744.0,1.18
TUMKUR,18:5,True,13.4569,77.2493,6.47,0.97,9.38,28.17,54.22,15.2,24.02,21.74,66.33,800.0,0.529,0.257,5,40.42,20.19,800.0,1.36
TUMKUR,18:5,True,13.5357,77.378,6.69,0.95,10.09,28.38,55.07,14.5,24.02,21.74,66.33,800.0,0.529,0.257,5,40.42,20.19,769.0,0.87
TUMKUR,18:5,True,13.5206,77.2741,6.65,0.91,9.25,27.48,55.34,14.43,24.02,21.74,66.33,800.0,0.529,0.257,5,40.42,20.19,759.0,1.03
TUMKUR,18:5,True,13.4842,77.2776,6.72,0.92,9.3,30.12,52.28,14.35,24.02,21.74,66.33,800.0,0.529,0.257,5,40.42,20.19,762.0,0.77
TUMKUR,18:5,True,13.3946,77.303,6.26,1.06,10.66,31.42,48.36,14.78,24.02,21.74,66.33,800.0,0.529,0.257,5,40.42,20.19,827.0,1.32
TUMKUR,18:4,True,13.8206,77.1983,6.74,1.55,14.31,30.45,48.52,25.1,25.39,22.89,63.31,715.1,0.543,0.261,5,41.9,20.19,738.0,3.05
TUMKUR,18:4,True,13.6164,77.0336,7.02,1.01,11.06,34.3,45.09,25.61,24.29,22.48,65.46,798.0,0.542,0.233,5,40.72,20.19,797.0,3.42
TUMKUR,18:4,True,13.7572,77.3824,6.99,1.12,10.47,37.65,44.16,23.43,25.39,22.89,63.31,715.1,0.543,0.261,5,41.9,20.19,662.0,0.15
TUMKUR,18:4,True,13.7763,77.3449,7.03,1.33,10.71,36.57,43.06,29.91,25.39,22.89,63.31,715.1,0.543,0.261,5,41.9,20.19,665.0,0.98
TUMKUR,18:4,True,13.7618,77.1796,6.91,1.36,10.94,31.68,48.65,24.35,25.15,23.04,63.39,683.6,0.537,0.244,6,41.44,20.19,753.0,0.82
TUMKUR,18:4,True,13.7009,77.402,6.91,1.42,11.43,38.44,42.51,29.07,24.02,21.74,66.33,800.0,0.529,0.257,5,40.42,20.19,663.0,0.31
TUMKUR,18:3,True,14.204,77.1871,6.94,1.12,11.56,33.34,38.64,30.16,25.15,23.04,63.39,683.6,0.537,0.244,6,41.44,20.36,651.0,4.29
TUMKUR,18:3,True,14.2391,77.2095,6.85,1.15,15.31,33.02,46.2,22.77,25.39,22.89,63.31,715.1,0.543,0.261,5,41.9,20.36,696.0,2.62
TUMKUR,18:3,True,14.2203,77.1804,6.95,1.19,11.69,33.87,41.46,29.4,25.15,23.04,63.39,683.6,0.537,0.244,6,41.44,20.36,664.0,1.16
TUMKUR,18:3,True,14.1085,77.0273,7.03,1.09,10.58,34.49,37.32,36.31,25.15,23.04,63.39,683.6,0.537,0.244,6,41.44,20.36,618.0,0.53
TUMKUR,18:3,True,14.1569,77.0889,6.75,1.34,15.9,30.4,47.39,20.11,25.15,23.04,63.39,683.6,0.537,0.244,6,41.44,20.36,828.0,7.14
TUMKUR,18:3,True,14.2092,77.3249,7.05,1.04,10.84,34.09,39.69,31.2,25.39,22.89,63.31,715.1,0.543,0.261,5,41.9,20.36,578.0,0.44
TUMKUR,18:3,True,14.163,77.2024,6.98,0.98,10.08,33.13,39.63,28.13,25.39,22.89,63.31,715.1,0.543,0.261,5,41.9,20.36,652.0,0.57
TUMKUR,18:2,True,13.5681,76.9945,7.27,1.08,10.45,34.49,42.6,32.94,24.29,22.48,65.46,798.0,0.542,0.233,5,40.72,19.82,754.0,0.68
TUMKUR,18:2,True,13.6955,76.9298,6.98,1.25,10.65,33.34,39.28,22.35,24.29,22.48,65.46,798.0,0.542,0.233,5,40.72,19.82,661.0,0.11
TUMKUR,18:2,True,13.9119,76.8292,7.25,1.1,16.93,41.11,32.29,37.27,25.15,23.04,63.39,683.6,0.537,0.244,6,41.44,19.82,622.0,0.67
TUMKUR,18:2,True,13.7777,76.9752,7.09,1.23,10.79,38.14,35.82,32.06,25.15,23.04,63.39,683.6,0.537,0.244,6,41.44,19.82,671.0,0.37
TUMKUR,18:2,True,13.7434,76.7838,7.1,1.15,12.36,36.48,36.96,39.97,24.29,22.48,65.46,798.0,0.542,0.233,5,40.72,19.82,659.0,0.89
TUMKUR,18:2,True,13.8122,76.9779,7.07,1.08,10.23,37.32,35.34,24.06,25.15,23.04,63.39,683.6,0.537,0.244,6,41.44,19.82,652.0,0.21
TUMKUR,18:2,True,13.6613,76.9859,7.24,1.16,11.14,35.72,38.41,33.89,24.29,22.48,65.46,798.0,0.542,0.233,5,40.72,19.82,704.0,0.39
TUMKUR,18:8,True,13.0856,76.5194,6.7,1.07,10.83,32.09,45.34,21.34,23.02,21.46,71.84,1417.6,0.715,0.144,4,39.67,19.82,875.0,0.05
TUMKUR,18:8,True,13.2387,76.5339,6.81,1.35,13.78,33.86,45.82,21.1,23.02,21.46,71.84,1417.6,0.715,0.144,4,39.67,19.82,827.0,0.86
TUMKUR,18:8,True,13.2505,76.4336,6.81,1.27,11.88,33.32,43.55,24.31,23.65,21.88,68.79,1137.3,0.684,0.164,6,40.36,19.82,875.0,0.21
TUMKUR,18:8,True,13.3347,76.4274,6.87,1.03,10.07,32.36,43.63,30.34,23.65,21.88,68.79,1137.3,0.684,0.164,6,40.36,19.82,839.0,0.8
TUMKUR,18:8,True,13.2288,76.4126,6.89,1.26,12.07,35.32,41.54,23.23,23.02,21.46,71.84,1417.6,0.715,0.144,4,39.67,19.82,849.0,0.6
TUMKUR,18:8,True,13.1317,76.5302,6.77,1.02,12.07,34.01,45.01,22.36,23.02,21.46,71.84,1417.6,0.715,0.144,4,39.67,19.82,842.0,0.37
TUMKUR,18:8,True,13.1661,76.5274,6.68,1.24,16.61,36.68,43.63,19.61,23.02,21.46,71.84,1417.6,0.715,0.144,4,39.67,19.82,811.0,0.41
TUMKUR,18:8,True,13.1876,76.4596,6.8,1.05,12.89,33.76,44.31,22.09,23.02,21.46,71.84,1417.6,0.715,0.144,4,39.67,19.82,825.0,0.19
TUMKUR,18:8,True,13.3316,76.4462,6.83,1.05,10.28,32.8,47.34,25.58,23.65,21.88,68.79,1137.3,0.684,0.164,6,40.36,19.82,808.0,0.8
TUMKUR,18:6,True,13.4713,77.0246,6.87,0.94,10.19,31.86,50.78,21.11,24.29,22.48,65.46,798.0,0.542,0.233,5,40.72,20.19,815.0,0.37
TUMKUR,18:6,True,13.1645,77.0824,6.47,1.1,10.19,28.47,54.96,15.61,24.11,22.5,67.12,880.9,0.546,0.222,5,40.63,20.19,828.0,0.58
TUMKUR,18:6,True,13.1747,77.0458,6.84,1.21,9.94,29.83,51.1,23.31,24.11,22.5,67.12,880.9,0.546,0.222,5,40.63,20.19,816.0,1.08
TUMKUR,18:6,True,13.2104,77.0279,6.72,1.13,10.65,30.05,48.36,19.82,24.11,22.5,67.12,880.9,0.546,0.222,5,40.63,20.19,802.0,0.81
TUMKUR,18:6,True,13.217,77.1422,6.46,1.09,10.08,28.24,52.09,16.26,24.11,22.5,67.12,880.9,0.546,0.222,5,40.63,20.19,844.0,1.02
TUMKUR,18:6,True,13.2651,77.1497,6.56,1.16,10.65,28.96,53.76,18.23,24.29,22.48,65.46,798.0,0.542,0.233,5,40.72,20.19,863.0,1.66
UDUPI,16:3,True,13.3162,75.0061,5.73,1.55,19.69,33.34,43.2,20.34,25.38,24.34,77.32,3354.6,0.848,0.09,5,38.61,18.72,56.0,1.29
UDUPI,16:3,True,13.4626,75.0385,5.66,2.66,28.53,29.39,46.19,17.54,25.38,24.34,77.32,3354.6,0.848,0.09,5,38.61,18.72,210.0,12.15
UDUPI,16:3,True,13.3036,74.9789,5.68,1.91,25.39,36.21,41.09,21.21,25.38,24.34,77.32,3354.6,0.848,0.09,5,38.61,19.02,33.0,1.2
UDUPI,16:3,True,13.4432,74.9868,5.66,1.8,22.35,36.22,42.39,19.78,25.38,24.34,77.32,3354.6,0.848,0.09,5,38.61,19.02,78.0,1.26
UDUPI,16:3,True,13.246,75.1247,5.65,2.51,24.96,32.19,46.93,17.41,26.74,26.33,76.55,3614.3,0.835,0.095,5,38.08,18.72,258.0,3.22
TUMKUR,18:9,True,13.0719,76.8345,6.79,0.95,9.07,36.13,43.34,23.59,24.11,22.5,67.12,880.9,0.546,0.222,5,40.63,19.82,752.0,1.11
TUMKUR,18:9,True,13.0722,76.8909,6.71,1.19,9.61,35.73,43.42,22.29,24.11,22.5,67.12,880.9,0.546,0.222,5,40.63,19.82,771.0,0.91
TUMKUR,18:9,True,13.185,76.7547,6.76,0.98,10.46,34.38,46.58,19.1,24.11,22.5,67.12,880.9,0.546,0.222,5,40.63,19.82,786.0,1.11
TUMKUR,18:9,True,13.1985,76.7161,6.76,0.96,10.85,35.27,46.18,20.24,24.11,22.5,67.12,880.9,0.546,0.222,5,40.63,19.82,801.0,0.58
TUMKUR,18:9,True,13.2568,76.6338,6.87,0.97,10.72,33.12,47.28,23.51,24.29,22.48,65.46,798.0,0.542,0.233,5,40.72,19.82,826.0,0.59
TUMKUR,18:9,True,13.1592,76.6656,6.69,1.0,10.97,34.58,45.69,20.43,24.11,22.5,67.12,880.9,0.546,0.222,5,40.63,19.82,808.0,0.37
TUMKUR,18:9,True,13.2017,76.6297,6.78,1.18,11.67,34.82,44.22,24.87,24.11,22.5,67.12,880.9,0.546,0.222,5,40.63,19.82,815.0,0.52
TUMKUR,18:9,True,13.2269,76.6273,6.74,1.29,12.07,33.11,46.04,26.99,24.11,22.5,67.12,880.9,0.546,0.222,5,40.63,19.82,831.0,1.39
TUMKUR,18:9,True,13.1496,76.6777,6.65,1.05,11.86,34.55,46.24,19.85,24.11,22.5,67.12,880.9,0.546,0.222,5,40.63,19.82,796.0,0.75
UDUPI,16:2,True,13.3271,74.7707,6.01,1.98,28.44,34.48,43.1,19.5,25.38,24.34,77.32,3354.6,0.848,0.09,5,38.61,19.02,17.0,1.23
UDUPI,16:2,True,13.2232,74.8455,5.85,1.92,28.17,33.59,41.85,20.18,26.74,26.33,76.55,3614.3,0.835,0.095,5,38.08,19.02,28.0,1.6
UDUPI,16:2,True,13.3897,74.905,5.74,1.98,29.13,35.75,41.41,22.6,25.38,24.34,77.32,3354.6,0.848,0.09,5,38.61,19.02,55.0,0.79
UDUPI,16:2,True,13.427,74.8725,5.75,1.97,27.72,37.83,42.45,22.1,25.38,24.34,77.32,3354.6,0.848,0.09,5,38.61,19.02,42.0,0.58
UTTAR KANNAD,10:7,True,14.6208,74.3667,5.67,2.16,32.72,28.76,44.45,21.69,26.42,25.2,77.43,2873.6,0.863,0.084,6,35.89,19.17,80.0,13.27
UTTAR KANNAD,10:7,True,14.6371,74.4979,5.59,3.87,37.6,28.14,41.99,24.1,26.42,25.2,77.43,2873.6,0.863,0.084,6,35.89,19.17,206.0,8.13
UTTAR KANNAD,10:7,True,14.7811,74.5464,5.68,2.31,28.73,30.85,42.09,23.3,25.32,23.72,77.14,2320.2,0.86,0.085,6,39.71,19.17,142.0,17.33
UTTAR KANNAD,10:7,True,14.6309,74.3048,6.18,2.02,31.0,32.07,41.03,22.7,26.42,25.2,77.43,2873.6,0.863,0.084,6,35.89,19.17,11.0,0.56
UTTAR KANNAD,10:7,True,14.7433,74.3978,5.62,3.83,39.82,27.91,42.41,24.08,26.42,25.2,77.43,2873.6,0.863,0.084,6,35.89,19.17,397.0,4.04
UTTAR KANNAD,10:7,True,14.7424,74.4155,5.69,3.67,37.42,28.87,41.59,22.43,26.42,25.2,77.43,2873.6,0.863,0.084,6,35.89,19.17,197.0,7.76
UTTAR KANNAD,10:7,True,14.6975,74.2809,6.18,1.96,32.06,32.72,36.21,24.23,26.42,25.2,77.43,2873.6,0.863,0.084,6,35.89,19.17,5.0,0.44
UTTAR KANNAD,10:3,True,15.2128,74.6232,5.84,2.21,20.55,30.65,41.98,31.68,25.32,23.72,77.14,2320.2,0.86,0.085,6,39.71,18.63,581.0,6.29
UTTAR KANNAD,10:3,True,15.1669,74.7197,6.12,1.39,13.78,32.84,39.72,32.07,24.93,23.44,69.68,1392.9,0.79,0.117,6,42.17,18.63,442.0,1.52
UTTAR KANNAD,10:3,True,15.2769,74.618,6.03,1.44,17.06,31.26,42.35,30.49,25.17,24.13,70.94,1889.4,0.854,0.085,6,42.39,18.63,472.0,1.15
UTTAR KANNAD,10:3,True,15.2849,74.8178,6.39,1.1,11.15,40.8,32.66,27.26,24.84,23.23,66.04,1064.2,0.762,0.127,6,42.17,18.63,512.0,0.21
UTTAR KANNAD,10:11,True,14.0455,74.507,6.15,2.6,36.72,34.92,36.54,27.0,26.96,26.14,78.24,3553.6,0.866,0.083,5,33.42,19.17,1.0,0.12
UTTAR KANNAD,10:11,True,14.1025,74.6415,5.66,3.42,32.73,27.56,45.06,19.08,26.96,26.14,78.24,3553.6,0.866,0.083,5,33.42,19.17,167.0,10.39
UTTAR KANNAD,10:11,True,13.9677,74.5494,6.02,1.91,29.96,34.16,40.93,24.88,26.96,26.14,78.24,3553.6,0.866,0.083,5,33.42,19.02,17.0,2.94
UTTAR KANNAD,10:11,True,14.0254,74.6376,5.67,2.32,30.17,29.86,45.43,19.75,26.96,26.14,78.24,3553.6,0.866,0.083,5,33.42,19.17,73.0,7.17
UTTAR KANNAD,10:11,True,14.0186,74.551,6.06,1.91,32.61,32.11,41.5,25.78,26.96,26.14,78.24,3553.6,0.866,0.083,5,33.42,19.17,30.0,2.85
UTTAR KANNAD,10:11,True,13.9919,74.5856,6.0,1.94,31.83,31.98,43.01,22.06,26.96,26.14,78.24,3553.6,0.866,0.083,5,33.42,19.02,105.0,3.36
UTTAR KANNAD,10:11,True,14.0596,74.5068,6.03,2.42,33.56,34.54,37.4,24.49,26.96,26.14,78.24,3553.6,0.866,0.083,5,33.42,19.17,18.0,1.0
UTTAR KANNAD,10:11,True,14.0723,74.4978,6.11,2.39,37.49,34.31,37.92,23.64,26.96,26.14,78.24,3553.6,0.866,0.083,5,33.42,19.17,3.0,0.28
UTTAR KANNAD,10:11,True,14.0488,74.5749,5.87,1.94,27.31,28.65,46.86,23.47,26.96,26.14,78.24,3553.6,0.866,0.083,5,33.42,19.17,95.0,0.99
UDUPI,10:11,True,13.9436,74.6363,5.61,2.53,32.13,30.12,46.52,19.73,26.96,26.14,78.24,3553.6,0.866,0.083,5,33.42,19.02,96.0,7.08
UTTAR KANNAD,10:10,True,14.1978,74.5959,5.64,2.47,26.13,30.15,43.64,20.36,26.96,26.14,78.24,3553.6,0.866,0.083,5,33.42,19.17,65.0,3.87
UTTAR KANNAD,10:10,True,14.2245,74.5205,5.89,2.1,31.09,31.36,44.91,21.95,26.96,26.14,78.24,3553.6,0.866,0.083,5,33.42,19.17,79.0,6.67
UTTAR KANNAD,10:10,True,14.3399,74.5598,5.63,2.85,28.59,30.45,44.22,20.51,26.42,25.2,77.43,2873.6,0.863,0.084,6,35.89,19.17,110.0,3.36
UTTAR KANNAD,10:10,True,14.1792,74.6244,5.61,2.6,32.62,24.91,44.24,23.45,26.96,26.14,78.24,3553.6,0.866,0.083,5,33.42,19.17,409.0,3.12
UTTAR KANNAD,10:10,True,14.2322,74.6958,5.67,3.42,32.52,29.5,43.16,21.45,24.33,22.54,79.02,2754.3,0.846,0.092,5,40.38,19.17,146.0,4.59
UTTAR KANNAD,10:10,True,14.3494,74.6207,5.62,2.52,28.92,27.14,43.64,21.27,26.42,25.2,77.43,2873.6,0.863,0.084,6,35.89,19.17,163.0,12.6
UTTAR KANNAD,10:10,True,14.3518,74.5284,5.61,3.12,40.4,30.71,44.21,21.82,26.42,25.2,77.43,2873.6,0.863,0.084,6,35.89,19.17,173.0,7.64
UTTAR KANNAD,10:10,True,14.296,74.6555,5.61,3.14,31.03,26.11,43.68,21.76,26.42,25.2,77.43,2873.6,0.863,0.084,6,35.89,19.17,280.0,20.65
UTTAR KANNAD,10:10,True,14.3771,74.5287,5.6,2.05,24.72,29.17,45.09,19.05,26.42,25.2,77.43,2873.6,0.863,0.084,6,35.89,19.17,112.0,5.25
UTTAR KANNAD,10:10,True,14.3219,74.4965,5.74,1.93,27.5,28.15,47.91,21.42,26.42,25.2,77.43,2873.6,0.863,0.084,6,35.89,19.17,87.0,1.84
UTTAR KANNAD,10:1,True,14.9117,74.1385,5.89,2.16,23.6,28.62,40.86,22.72,25.32,23.72,77.14,2320.2,0.86,0.085,6,39.71,19.17,83.0,3.08
UTTAR KANNAD,10:1,True,14.9035,74.3702,5.68,3.81,59.29,31.18,39.75,23.56,25.32,23.72,77.14,2320.2,0.86,0.085,6,39.71,19.17,32.0,2.75
UTTAR KANNAD,10:1,True,14.9124,74.1912,5.69,3.35,31.69,29.65,43.12,21.34,25.32,23.72,77.14,2320.2,0.86,0.085,6,39.71,19.17,79.0,8.38
UTTAR KANNAD,10:1,True,14.8433,74.4675,5.62,2.97,35.02,29.49,41.7,24.76,25.32,23.72,77.14,2320.2,0.86,0.085,6,39.71,19.17,376.0,10.46
UTTAR KANNAD,10:1,True,14.974,74.2806,5.62,3.53,32.78,30.54,41.69,22.82,25.32,23.72,77.14,2320.2,0.86,0.085,6,39.71,19.17,113.0,10.58
UTTAR KANNAD,10:1,True,14.8201,74.2479,5.65,2.49,28.09,27.97,44.41,20.92,25.32,23.72,77.14,2320.2,0.86,0.085,6,39.71,19.17,331.0,7.3
UTTAR KANNAD,10:1,True,15.0402,74.3091,5.68,3.21,39.67,31.04,41.61,25.75,25.32,23.72,77.14,2320.2,0.86,0.085,6,39.71,18.63,678.0,2.4
UTTAR KANNAD,10:1,True,14.9243,74.2405,5.72,3.09,28.46,31.34,41.09,20.85,25.32,23.72,77.14,2320.2,0.86,0.085,6,39.71,19.17,99.0,7.76
UTTAR KANNAD,10:1,True,14.8401,74.382,5.64,4.25,40.55,27.29,41.5,24.98,25.32,23.72,77.14,2320.2,0.86,0.085,6,39.71,19.17,517.0,15.44
UTTAR KANNAD,10:1,True,14.729,74.1972,5.71,3.74,55.9,33.7,39.48,23.69,26.42,25.2,77.43,2873.6,0.863,0.084,6,35.89,19.17,108.0,7.11
UTTAR KANNAD,10:8,True,14.5158,74.4123,5.83,2.77,35.47,31.68,40.85,22.72,26.42,25.2,77.43,2873.6,0.863,0.084,6,35.89,19.17,55.0,1.96
UTTAR KANNAD,10:8,True,14.5409,74.35,5.99,2.37,35.0,29.44,43.68,22.07,26.42,25.2,77.43,2873.6,0.863,0.084,6,35.89,19.17,-1.0,2.96
UTTAR KANNAD,10:8,True,14.3714,74.5702,5.6,3.21,38.26,29.05,42.82,23.52,26.42,25.2,77.43,2873.6,0.863,0.084,6,35.89,19.17,274.0,14.87
UTTAR KANNAD,10:8,True,14.5321,74.4406,5.61,2.46,33.75,32.96,41.5,23.47,26.42,25.2,77.43,2873.6,0.863,0.084,6,35.89,19.17,155.0,3.31
UTTAR KANNAD,10:8,True,14.4201,74.5708,5.78,2.04,22.88,28.99,44.1,20.19,26.42,25.2,77.43,2873.6,0.863,0.084,6,35.89,19.17,83.0,4.04
UTTAR KANNAD,10:8,True,14.6046,74.436,5.62,2.39,26.94,29.68,41.79,22.42,26.42,25.2,77.43,2873.6,0.863,0.084,6,35.89,19.17,92.0,3.29
UTTAR KANNAD,10:8,True,14.4379,74.6671,5.61,3.6,32.26,27.73,42.23,23.28,26.42,25.2,77.43,2873.6,0.863,0.084,6,35.89,19.17,219.0,8.98
UTTAR KANNAD,10:8,True,14.4539,74.5093,5.97,2.43,23.07,29.34,41.64,21.68,26.42,25.2,77.43,2873.6,0.863,0.084,6,35.89,19.17,14.0,0.15
UTTAR KANNAD,10:8,True,14.501,74.443,5.59,2.37,32.64,30.8,45.23,23.56,26.42,25.2,77.43,2873.6,0.863,0.084,6,35.89,19.17,127.0,2.92
UTTAR KANNAD,10:5,True,14.9016,75.0554,6.38,1.15,10.76,37.77,36.89,34.5,24.93,23.44,69.68,1392.9,0.79,0.117,6,42.17,19.76,552.0,0.53
UTTAR KANNAD,10:5,True,14.8016,74.9725,5.9,1.65,18.91,28.89,44.02,30.72,24.93,23.44,69.68,1392.9,0.79,0.117,6,42.17,19.17,587.0,1.24
UTTAR KANNAD,10:5,True,14.9796,74.9541,5.9,1.36,14.27,35.11,39.18,34.52,24.93,23.44,69.68,1392.9,0.79,0.117,6,42.17,19.17,544.0,1.55
UTTAR KANNAD,10:5,True,14.9947,74.9415,5.88,1.41,14.96,33.61,40.37,33.67,24.93,23.44,69.68,1392.9,0.79,0.117,6,42.17,19.17,540.0,2.68
UTTAR KANNAD,10:5,True,15.0614,74.9399,5.95,1.38,13.87,37.74,35.83,25.9,24.93,23.44,69.68,1392.9,0.79,0.117,6,42.17,18.63,496.0,0.15
UTTAR KANNAD,10:5,True,15.0512,74.9699,6.32,1.09,10.45,39.77,34.03,26.07,24.93,23.44,69.68,1392.9,0.79,0.117,6,42.17,18.63,523.0,0.31
UTTAR KANNAD,10:5,True,14.8687,75.0156,5.99,1.26,14.46,33.87,39.46,34.06,24.93,23.44,69.68,1392.9,0.79,0.117,6,42.17,19.76,545.0,0.97
UTTAR KANNAD,10:5,True,14.9544,74.8959,5.9,1.49,16.12,30.18,41.07,30.02,24.93,23.44,69.68,1392.9,0.79,0.117,6,42.17,19.17,494.0,1.63
UTTAR KANNAD,10:5,True,14.7181,75.0095,6.34,1.31,13.52,34.54,38.61,35.14,24.39,22.64,74.71,1885.8,0.821,0.105,6,41.54,19.76,580.0,0.43
UTTAR KANNAD,10:5,True,14.9418,75.0964,5.98,1.39,13.94,35.28,41.5,23.63,24.93,23.44,69.68,1392.9,0.79,0.117,6,42.17,19.76,630.0,2.09
UTTAR KANNAD,10:6,True,14.5305,74.6853,5.68,2.67,26.73,29.76,44.37,25.3,26.42,25.2,77.43,2873.6,0.863,0.084,6,35.89,19.17,559.0,1.88
UTTAR KANNAD,10:6,True,14.5259,74.6297,5.62,2.39,28.89,30.55,42.42,26.81,26.42,25.2,77.43,2873.6,0.863,0.084,6,35.89,19.17,463.0,3.48
UTTAR KANNAD,10:6,True,14.5457,74.5925,5.62,2.52,32.39,27.09,42.52,24.69,26.42,25.2,77.43,2873.6,0.863,0.084,6,35.89,19.17,505.0,2.44
UTTAR KANNAD,10:6,True,14.5791,74.9075,5.91,1.67,16.73,29.09,42.54,31.76,24.39,22.64,74.71,1885.8,0.821,0.105,6,41.54,19.17,581.0,1.09
UTTAR KANNAD,10:6,True,14.7281,74.7448,5.69,2.06,20.99,29.49,42.51,26.71,24.39,22.64,74.71,1885.8,0.821,0.105,6,41.54,19.17,525.0,1.37
UTTAR KANNAD,10:6,True,14.6962,74.9518,6.02,1.71,19.59,30.75,41.31,29.77,24.39,22.64,74.71,1885.8,0.821,0.105,6,41.54,19.17,641.0,0.43
UTTAR KANNAD,10:9,True,14.3313,74.7332,5.68,2.44,23.93,27.56,42.69,24.77,24.39,22.64,74.71,1885.8,0.821,0.105,6,41.54,19.17,548.0,3.74
UTTAR KANNAD,10:9,True,14.505,74.6571,5.65,2.87,33.26,27.94,41.6,25.12,26.42,25.2,77.43,2873.6,0.863,0.084,6,35.89,19.17,523.0,4.55
UTTAR KANNAD,10:9,True,14.306,74.7649,5.61,2.6,26.42,27.41,43.02,25.41,24.39,22.64,74.71,1885.8,0.821,0.105,6,41.54,19.17,538.0,2.24
UTTAR KANNAD,10:9,True,14.4033,74.7076,5.66,2.93,29.12,26.56,42.1,24.66,24.39,22.64,74.71,1885.8,0.821,0.105,6,41.54,19.17,536.0,2.59
UTTAR KANNAD,10:9,True,14.3799,74.8479,5.86,1.73,19.52,28.2,42.78,24.91,24.39,22.64,74.71,1885.8,0.821,0.105,6,41.54,19.17,583.0,1.49
UTTAR KANNAD,10:9,True,14.4109,74.8628,6.01,1.69,18.6,27.33,42.82,26.32,24.39,22.64,74.71,1885.8,0.821,0.105,6,41.54,19.17,591.0,0.98
SHIMOGA,10:9,True,14.3196,74.9706,6.12,1.34,14.59,30.93,41.16,32.92,24.39,22.64,74.71,1885.8,0.821,0.105,6,41.54,19.17,562.0,0.3
UTTAR KANNAD,10:9,True,14.3741,74.8171,5.98,1.82,20.15,30.38,42.12,26.38,24.39,22.64,74.71,1885.8,0.821,0.105,6,41.54,19.17,522.0,1.75
UTTAR KANNAD,10:2,True,14.9556,74.4037,5.64,3.01,33.37,31.26,41.55,25.57,25.32,23.72,77.14,2320.2,0.86,0.085,6,39.71,19.17,488.0,1.97
UTTAR KANNAD,10:2,True,15.479,74.2646,5.7,2.54,28.81,31.55,38.43,28.24,25.17,24.13,70.94,1889.4,0.854,0.085,6,42.39,18.63,623.0,2.85
UTTAR KANNAD,10:2,True,15.4982,74.2566,5.77,3.13,30.4,30.4,40.71,27.68,25.17,24.13,70.94,1889.4,0.854,0.085,6,42.39,18.63,714.0,5.94
UTTAR KANNAD,10:2,True,15.3071,74.5341,5.82,2.37,21.15,29.21,40.42,28.71,25.17,24.13,70.94,1889.4,0.854,0.085,6,42.39,18.63,560.0,2.37
UTTAR KANNAD,10:2,True,15.284,74.3899,5.75,2.23,21.7,30.47,41.02,28.27,25.17,24.13,70.94,1889.4,0.854,0.085,6,42.39,18.63,631.0,4.46
UTTAR KANNAD,10:2,True,15.11,74.5324,5.68,2.2,27.64,29.17,42.78,28.08,25.32,23.72,77.14,2320.2,0.86,0.085,6,39.71,18.63,466.0,1.99
UTTAR KANNAD,10:4,True,15.0032,74.7392,5.73,1.91,19.64,30.67,41.29,28.23,24.93,23.44,69.68,1392.9,0.79,0.117,6,42.17,18.63,559.0,2.12
UTTAR KANNAD,10:4,True,14.8516,74.7984,5.75,2.05,19.94,28.12,43.66,27.69,24.93,23.44,69.68,1392.9,0.79,0.117,6,42.17,19.17,518.0,1.26
UTTAR KANNAD,10:4,True,15.0698,74.8478,6.14,1.32,13.3,35.14,38.4,34.95,24.93,23.44,69.68,1392.9,0.79,0.117,6,42.17,18.63,546.0,0.42
UTTAR KANNAD,10:4,True,14.9611,74.8781,5.9,1.42,15.53,30.02,40.28,30.04,24.93,23.44,69.68,1392.9,0.79,0.117,6,42.17,19.17,493.0,0.76
UTTAR KANNAD,10:4,True,14.8062,74.8217,5.77,1.96,21.58,27.28,43.9,26.5,24.93,23.44,69.68,1392.9,0.79,0.117,6,42.17,19.17,555.0,0.59
UTTAR KANNAD,10:4,True,14.8349,74.7859,5.77,2.47,20.76,27.32,43.74,26.62,24.93,23.44,69.68,1392.9,0.79,0.117,6,42.17,19.17,490.0,0.69
BIJAPUR,3:1,True,16.713,75.5352,7.04,0.97,10.12,34.35,37.78,32.49,26.25,23.69,56.3,541.3,0.686,0.174,7,43.44,19.65,612.0,0.36
BIJAPUR,3:1,True,16.5765,75.577,7.31,0.88,10.87,35.11,36.02,33.72,26.25,23.69,56.3,541.3,0.686,0.174,7,43.44,19.65,578.0,0.97
BIJAPUR,3:1,True,16.8706,75.5294,7.02,1.08,12.7,34.18,37.41,37.22,26.53,23.57,54.77,553.7,0.716,0.17,7,44.1,19.65,679.0,1.12
BAGALKOT,3:1,True,16.6985,75.4482,7.18,0.96,10.36,33.68,40.68,35.08,26.25,23.69,56.3,541.3,0.686,0.174,7,43.44,19.65,607.0,0.75
BIJAPUR,3:1,True,16.9077,75.5375,6.96,1.02,10.78,32.55,39.71,34.36,26.53,23.57,54.77,553.7,0.716,0.17,7,44.1,19.65,620.0,0.74
BIJAPUR,3:4,True,16.4138,75.9473,7.39,0.89,11.01,32.54,38.6,33.61,26.66,23.84,55.64,584.1,0.692,0.164,7,44.19,19.65,572.0,0.43
BIJAPUR,3:4,True,16.6442,76.0547,7.01,0.97,12.17,32.47,38.94,35.19,26.66,23.84,55.64,584.1,0.692,0.164,7,44.19,19.87,637.0,2.75
BIJAPUR,3:4,True,16.6318,75.8878,7.32,0.85,10.12,31.75,41.66,32.23,26.25,23.69,56.3,541.3,0.686,0.174,7,43.44,19.65,591.0,0.81
BIJAPUR,3:4,True,16.6208,75.9958,7.1,0.93,11.17,33.34,41.1,35.57,26.66,23.84,55.64,584.1,0.692,0.164,7,44.19,19.65,639.0,0.72
BIJAPUR,3:4,True,16.6764,75.8479,7.04,1.24,12.57,31.43,38.4,33.85,26.25,23.69,56.3,541.3,0.686,0.174,7,43.44,19.65,632.0,2.54
BIJAPUR,3:4,True,16.6584,75.8539,7.16,0.95,10.73,31.06,39.82,32.14,26.25,23.69,56.3,541.3,0.686,0.174,7,43.44,19.65,608.0,0.67
BIJAPUR,3:4,True,16.4862,75.8031,7.42,0.96,10.78,32.25,37.85,37.7,26.25,23.69,56.3,541.3,0.686,0.174,7,43.44,19.65,583.0,0.37
BIJAPUR,3:4,True,16.7128,76.1049,7.35,0.88,11.19,32.18,39.61,35.89,26.66,23.84,55.64,584.1,0.692,0.164,7,44.19,19.87,550.0,0.72
BIJAPUR,3:3,True,17.0239,76.2411,7.42,0.85,11.72,43.54,31.83,36.7,27.06,24.05,54.06,632.3,0.728,0.152,7,44.82,19.47,461.0,0.77
YADGIR,30:9,True,16.5639,76.8332,6.99,0.93,12.11,40.47,34.49,20.57,27.26,24.37,55.84,655.1,0.717,0.144,7,44.84,19.87,400.0,0.32
BIJAPUR,3:5,True,16.5307,76.2933,7.57,0.9,22.38,35.23,36.32,36.29,26.66,23.84,55.64,584.1,0.692,0.164,7,44.19,19.87,508.0,0.19
BIJAPUR,3:5,True,16.2526,76.0871,7.53,0.88,9.78,36.36,36.54,32.59,26.66,23.84,55.64,584.1,0.692,0.164,7,44.19,19.87,500.0,0.68
BIJAPUR,3:5,True,16.3153,76.2817,7.02,1.02,11.9,30.79,43.68,26.43,26.66,23.84,55.64,584.1,0.692,0.164,7,44.19,19.87,507.0,0.48
BIJAPUR,3:5,True,16.5701,76.4028,7.2,0.89,10.98,34.41,40.39,31.35,26.66,23.84,55.64,584.1,0.692,0.164,7,44.19,19.87,565.0,2.48
BIJAPUR,3:5,True,16.5027,76.1483,7.4,0.85,9.69,33.72,42.91,31.83,26.66,23.84,55.64,584.1,0.692,0.164,7,44.19,19.87,563.0,0.85
BIJAPUR,3:5,True,16.4018,76.1899,7.43,0.91,11.37,35.07,39.16,37.03,26.66,23.84,55.64,584.1,0.692,0.164,7,44.19,19.87,553.0,0.81
BIJAPUR,3:5,True,16.4895,76.1997,7.36,0.83,10.5,35.04,39.42,33.27,26.66,23.84,55.64,584.1,0.692,0.164,7,44.19,19.87,541.0,0.67
BIJAPUR,3:5,True,16.3631,76.1446,7.17,0.86,10.75,30.95,47.35,28.69,26.66,23.84,55.64,584.1,0.692,0.164,7,44.19,19.87,582.0,1.25
YADGIR,30:8,True,16.4321,76.7327,7.33,0.89,15.28,38.74,35.13,24.6,27.26,24.37,55.84,655.1,0.717,0.144,7,44.84,19.87,371.0,0.29
YADGIR,30:8,True,16.4474,76.5086,7.14,1.06,15.1,37.88,36.78,24.35,26.66,23.84,55.64,584.1,0.692,0.164,7,44.19,19.87,443.0,0.33
YADGIR,30:8,True,16.4647,76.7825,7.24,0.83,10.84,40.27,34.71,24.48,27.26,24.37,55.84,655.1,0.717,0.144,7,44.84,19.87,380.0,0.46
YADGIR,30:8,True,16.3214,76.3949,6.91,1.12,12.74,36.11,40.31,25.18,26.66,23.84,55.64,584.1,0.692,0.164,7,44.19,19.87,445.0,0.49
YADGIR,30:10,True,16.7609,77.1963,6.84,0.91,9.6,35.26,38.5,25.94,26.66,23.74,57.53,777.7,0.752,0.127,7,44.7,19.96,402.0,1.02
BIJAPUR,3:2,True,17.1638,76.1521,7.5,0.88,11.67,43.79,29.89,38.12,27.06,24.05,54.06,632.3,0.728,0.152,7,44.82,19.47,420.0,0.56
BIJAPUR,3:2,True,17.1953,75.8321,7.52,0.86,11.04,40.57,34.57,34.69,26.53,23.57,54.77,553.7,0.716,0.17,7,44.1,19.66,502.0,0.61
BIJAPUR,3:2,True,17.1629,75.8319,7.31,0.92,9.69,37.02,37.4,33.33,26.53,23.57,54.77,553.7,0.716,0.17,7,44.1,19.66,510.0,0.83
BIJAPUR,3:2,True,17.3901,75.737,7.5,0.92,11.87,45.81,28.36,36.64,26.87,23.69,53.44,598.1,0.737,0.164,7,44.8,19.66,443.0,0.17
