Level,District,Taluk,Season,Best crop to sow (app headline),Year-round crop that suits the land best,Model top 5,Year-round crops in top 3,To sow this season,Share of district's field crops sown this season,Little sown note shown,Really grown most (statistics),Sown most in the district (DES 2022-23),Taluk weight,Sample farms
district,BAGALKOT,,Kharif,maize,sugarcane,"sugarcane 27%, maize 18%, pigeonpea (tur) 13%, bajra 11%, green gram 10%",sugarcane,"maize 18%, pigeonpea (tur) 13%, green gram 10%",48%,False,"sugarcane 35%, green gram 14%, maize 14%","maize 59,639 ha, pigeonpea (tur) 37,495 ha, sunflower 29,541 ha",,61
taluk,BAGALKOT,JAMKHANDI,Kharif,maize,sugarcane,"sugarcane 43%, maize 23%, pigeonpea (tur) 9%, bajra 6%, green gram 3%",sugarcane,"maize 23%, bajra 6%, sunflower 1%",48%,False,"sugarcane 60%, maize 27%, pigeonpea (tur) 8%","maize 59,639 ha, pigeonpea (tur) 37,495 ha, sunflower 29,541 ha",0.75,10
taluk,BAGALKOT,BILGI,Kharif,maize,sugarcane,"sugarcane 34%, maize 17%, pigeonpea (tur) 14%, bajra 9%, onion 7%",sugarcane,"maize 17%, bajra 9%, pigeonpea (tur) 14%",48%,False,"sugarcane 51%, maize 18%, onion 11%","maize 59,639 ha, pigeonpea (tur) 37,495 ha, sunflower 29,541 ha",0.75,10
taluk,BAGALKOT,MUDHOL,Kharif,maize,sugarcane,"sugarcane 34%, maize 19%, bajra 9%, green gram 8%, pigeonpea (tur) 8%",sugarcane,"maize 19%, green gram 8%, onion 6%",48%,False,"sugarcane 67%, maize 18%, onion 10%","maize 59,639 ha, pigeonpea (tur) 37,495 ha, sunflower 29,541 ha",0.75,10
taluk,BAGALKOT,BADAMI,Kharif,maize,,"maize 19%, sugarcane 18%, green gram 16%, bajra 14%, pigeonpea (tur) 9%",sugarcane,"maize 19%, bajra 14%, green gram 16%",48%,False,"bajra 29%, maize 25%, green gram 19%","maize 59,639 ha, pigeonpea (tur) 37,495 ha, sunflower 29,541 ha",0.75,10
taluk,BAGALKOT,BAGALKOTE,Kharif,bajra,sugarcane,"sugarcane 20%, pigeonpea (tur) 17%, maize 16%, bajra 12%, green gram 12%",sugarcane,"bajra 12%, green gram 12%, pigeonpea (tur) 17%",48%,False,"pigeonpea (tur) 18%, onion 18%, green gram 15%","maize 59,639 ha, pigeonpea (tur) 37,495 ha, sunflower 29,541 ha",0.75,10
taluk,BAGALKOT,HUNGUNDA,Kharif,green gram,,"pigeonpea (tur) 19%, bajra 18%, maize 14%, green gram 13%, sugarcane 11%",,"green gram 13%, bajra 18%, pigeonpea (tur) 19%",48%,False,"pigeonpea (tur) 31%, green gram 27%, bajra 14%","maize 59,639 ha, pigeonpea (tur) 37,495 ha, sunflower 29,541 ha",0.75,10
district,BAGALKOT,,Rabi,chickpea,sugarcane,"sugarcane 30%, jowar 26%, chickpea 18%, wheat 7%, maize 6%",sugarcane,"chickpea 18%, jowar 26%, wheat 7%",50%,False,"chickpea 41%, sugarcane 34%, jowar 9%","chickpea 57,148 ha, jowar 39,320 ha, groundnut 24,042 ha",,61
taluk,BAGALKOT,JAMKHANDI,Rabi,jowar,sugarcane,"sugarcane 48%, jowar 17%, chickpea 12%, wheat 9%, maize 7%",sugarcane,"jowar 17%, wheat 9%, maize 7%",50%,False,"sugarcane 61%, jowar 16%, wheat 11%","chickpea 57,148 ha, jowar 39,320 ha, groundnut 24,042 ha",0.75,10
taluk,BAGALKOT,BILGI,Rabi,jowar,sugarcane,"sugarcane 37%, jowar 23%, chickpea 13%, wheat 8%, maize 5%",sugarcane,"jowar 23%, chickpea 13%, wheat 8%",50%,False,"sugarcane 51%, jowar 22%, wheat 9%","chickpea 57,148 ha, jowar 39,320 ha, groundnut 24,042 ha",0.75,10
taluk,BAGALKOT,MUDHOL,Rabi,jowar,sugarcane,"sugarcane 39%, jowar 22%, chickpea 13%, wheat 8%, maize 6%",sugarcane,"jowar 22%, chickpea 13%, wheat 8%",50%,False,"sugarcane 65%, jowar 13%, wheat 11%","chickpea 57,148 ha, jowar 39,320 ha, groundnut 24,042 ha",0.75,10
taluk,BAGALKOT,BADAMI,Rabi,jowar,,"jowar 30%, sugarcane 21%, chickpea 20%, wheat 7%, sunflower 6%",sugarcane,"jowar 30%, chickpea 20%, maize 6%",50%,False,"jowar 43%, chickpea 17%, sunflower 11%","chickpea 57,148 ha, jowar 39,320 ha, groundnut 24,042 ha",0.75,10
taluk,BAGALKOT,BAGALKOTE,Rabi,jowar,,"jowar 29%, sugarcane 22%, chickpea 21%, wheat 7%, sunflower 5%",sugarcane,"jowar 29%, chickpea 21%, wheat 7%",50%,False,"jowar 38%, chickpea 22%, sugarcane 15%","chickpea 57,148 ha, jowar 39,320 ha, groundnut 24,042 ha",0.75,10
taluk,BAGALKOT,HUNGUNDA,Rabi,jowar,,"jowar 31%, chickpea 29%, sugarcane 13%, sunflower 7%, wheat 4%",sugarcane,"jowar 31%, chickpea 29%, wheat 4%",50%,False,"chickpea 50%, jowar 36%, sunflower 8%","chickpea 57,148 ha, jowar 39,320 ha, groundnut 24,042 ha",0.75,10
district,BAGALKOT,,Summer,maize,sugarcane,"sugarcane 61%, groundnut 19%, sunflower 3%, rice 3%, pomegranate 3%",sugarcane,"maize 2%, sunflower 3%, onion 1%",2%,True,"sugarcane 93%, groundnut 4%, grapes 3%","maize 5,227 ha, sunflower 537 ha, onion 361 ha",,61
taluk,BAGALKOT,JAMKHANDI,Summer,maize,sugarcane,"sugarcane 81%, groundnut 7%, grapes 4%, pomegranate 1%, maize 1%","sugarcane, grapes","maize 1%, sunflower 1%, onion 0%",2%,True,"sugarcane 96%, grapes 4%","maize 5,227 ha, sunflower 537 ha, onion 361 ha",0.75,10
taluk,BAGALKOT,BILGI,Summer,maize,sugarcane,"sugarcane 68%, groundnut 14%, grapes 4%, pomegranate 3%, rice 2%","sugarcane, grapes","maize 1%, sunflower 1%, onion 1%",2%,True,"sugarcane 85%, groundnut 15%","maize 5,227 ha, sunflower 537 ha, onion 361 ha",0.75,10
taluk,BAGALKOT,MUDHOL,Summer,maize,sugarcane,"sugarcane 68%, groundnut 16%, sunflower 2%, pomegranate 2%, rice 2%",sugarcane,"maize 2%, sunflower 2%, onion 0%",2%,True,sugarcane 100%,"maize 5,227 ha, sunflower 537 ha, onion 361 ha",0.75,10
taluk,BAGALKOT,BADAMI,Summer,maize,sugarcane,"sugarcane 51%, groundnut 28%, sunflower 5%, pomegranate 3%, maize 3%",sugarcane,"maize 3%, sunflower 5%, onion 0%",2%,True,"groundnut 61%, sugarcane 31%, maize 4%","maize 5,227 ha, sunflower 537 ha, onion 361 ha",0.75,10
taluk,BAGALKOT,BAGALKOTE,Summer,maize,sugarcane,"sugarcane 56%, groundnut 21%, pomegranate 4%, sunflower 3%, rice 3%","sugarcane, pomegranate","maize 2%, sunflower 3%, onion 1%",2%,True,"sugarcane 51%, groundnut 28%, pomegranate 21%","maize 5,227 ha, sunflower 537 ha, onion 361 ha",0.75,10
taluk,BAGALKOT,HUNGUNDA,Summer,sunflower,sugarcane,"sugarcane 41%, groundnut 27%, rice 7%, sunflower 5%, coconut 4%",sugarcane,"sunflower 5%, maize 3%, onion 0%",2%,True,"sugarcane 54%, groundnut 24%, coconut 16%","maize 5,227 ha, sunflower 537 ha, onion 361 ha",0.75,10
district,BANGALORE RURAL,,Kharif,ragi,,"ragi 62%, mango 11%, maize 10%, coconut 5%, grapes 3%",mango,"ragi 62%, maize 10%, jowar 2%",96%,False,"ragi 62%, maize 18%, mango 10%","ragi 61,437 ha, maize 4,888 ha, jowar 1,874 ha",,39
taluk,BANGALORE RURAL,NELAMANGALA,Kharif,ragi,,"ragi 64%, mango 12%, coconut 7%, maize 7%, arecanut 4%","mango, coconut","ragi 64%, maize 7%, jowar 2%",96%,False,"ragi 71%, mango 9%, coconut 8%","ragi 61,437 ha, maize 4,888 ha, jowar 1,874 ha",0.75,10
taluk,BANGALORE RURAL,DODDABALLAPUR,Kharif,ragi,,"ragi 55%, maize 17%, mango 7%, coconut 4%, grapes 3%",mango,"ragi 55%, maize 17%, jowar 3%",96%,False,"ragi 63%, maize 23%, arecanut 5%","ragi 61,437 ha, maize 4,888 ha, jowar 1,874 ha",0.75,10
taluk,BANGALORE RURAL,DEVANAHALLI,Kharif,ragi,,"ragi 62%, maize 11%, mango 9%, coconut 5%, grapes 4%",mango,"ragi 62%, maize 11%, jowar 2%",96%,False,"ragi 80%, grapes 10%, mango 6%","ragi 61,437 ha, maize 4,888 ha, jowar 1,874 ha",0.75,9
taluk,BANGALORE RURAL,HOSAKOTE,Kharif,ragi,,"ragi 67%, mango 14%, maize 5%, coconut 4%, grapes 2%",mango,"ragi 67%, maize 5%, jowar 1%",96%,False,"ragi 83%, mango 12%, maize 5%","ragi 61,437 ha, maize 4,888 ha, jowar 1,874 ha",0.75,10
district,BANGALORE RURAL,,Rabi,jowar,mango,"mango 36%, coconut 16%, grapes 14%, arecanut 10%, jowar 6%","mango, coconut, grapes","jowar 6%, ragi 2%, potato 3%",3%,True,"mango 44%, coconut 22%, grapes 14%","ragi 533 ha, potato 319 ha, jowar 189 ha",,39
taluk,BANGALORE RURAL,NELAMANGALA,Rabi,jowar,mango,"mango 35%, coconut 22%, arecanut 13%, grapes 11%, banana 6%","mango, coconut, arecanut","jowar 5%, ragi 2%, horse gram 1%",3%,True,"mango 29%, coconut 28%, arecanut 20%","ragi 533 ha, potato 319 ha, jowar 189 ha",0.75,10
taluk,BANGALORE RURAL,DODDABALLAPUR,Rabi,jowar,mango,"mango 28%, coconut 16%, grapes 15%, arecanut 13%, jowar 9%","mango, coconut, grapes","jowar 9%, maize 2%, ragi 2%",3%,True,"jowar 40%, arecanut 17%, coconut 14%","ragi 533 ha, potato 319 ha, jowar 189 ha",0.75,10
taluk,BANGALORE RURAL,DEVANAHALLI,Rabi,potato,mango,"mango 32%, grapes 19%, coconut 15%, arecanut 10%, jowar 6%","mango, grapes, coconut","potato 3%, jowar 6%, ragi 2%",3%,True,"grapes 41%, mango 24%, jowar 11%","ragi 533 ha, potato 319 ha, jowar 189 ha",0.75,9
taluk,BANGALORE RURAL,HOSAKOTE,Rabi,potato,mango,"mango 50%, coconut 12%, grapes 9%, tomato 5%, arecanut 4%","mango, coconut, grapes","potato 4%, jowar 4%, ragi 3%",3%,True,"mango 56%, jowar 15%, coconut 8%","ragi 533 ha, potato 319 ha, jowar 189 ha",0.75,10
district,BANGALORE RURAL,,Summer,tomato,mango,"mango 39%, coconut 17%, grapes 14%, arecanut 11%, banana 7%","mango, coconut, grapes","tomato 2%, jowar 4%, maize 1%",1%,True,"mango 47%, coconut 24%, grapes 15%","tomato 391 ha, maize 130 ha, ragi 54 ha",,39
taluk,BANGALORE RURAL,NELAMANGALA,Summer,jowar,mango,"mango 36%, coconut 23%, arecanut 13%, grapes 12%, banana 6%","mango, coconut, arecanut","jowar 4%, tomato 1%, maize 1%",1%,True,"mango 34%, coconut 34%, arecanut 23%","tomato 391 ha, maize 130 ha, ragi 54 ha",0.75,10
taluk,BANGALORE RURAL,DODDABALLAPUR,Summer,jowar,mango,"mango 29%, coconut 17%, grapes 16%, arecanut 15%, banana 9%","mango, coconut, grapes","jowar 6%, maize 2%, tomato 1%",1%,True,"arecanut 28%, coconut 23%, mango 22%","tomato 391 ha, maize 130 ha, ragi 54 ha",0.75,10
taluk,BANGALORE RURAL,DEVANAHALLI,Summer,tomato,mango,"mango 34%, grapes 21%, coconut 16%, arecanut 11%, banana 7%","mango, grapes, coconut","tomato 2%, jowar 4%, maize 1%",1%,True,"grapes 52%, mango 30%, coconut 9%","tomato 391 ha, maize 130 ha, ragi 54 ha",0.75,9
taluk,BANGALORE RURAL,HOSAKOTE,Summer,tomato,mango,"mango 56%, coconut 13%, grapes 10%, arecanut 4%, banana 4%","mango, coconut, grapes","tomato 2%, jowar 3%, ragi 3%",1%,True,"mango 75%, coconut 11%, grapes 9%","tomato 391 ha, maize 130 ha, ragi 54 ha",0.75,10
district,BELGAUM,,Kharif,maize,sugarcane,"sugarcane 28%, maize 16%, rice 14%, soybean 8%, cotton 6%",sugarcane,"maize 16%, soybean 8%, rice 14%",66%,False,"sugarcane 32%, maize 20%, soybean 16%","maize 112,159 ha, soybean 98,836 ha, rice 52,941 ha",,99
taluk,BELGAUM,CHIKKODI,Kharif,soybean,sugarcane,"sugarcane 32%, maize 14%, soybean 13%, rice 9%, groundnut 7%",sugarcane,"soybean 13%, maize 14%, groundnut 7%",66%,False,"sugarcane 43%, maize 16%, soybean 13%","maize 112,159 ha, soybean 98,836 ha, rice 52,941 ha",0.75,10
taluk,BELGAUM,RAMDURGA,Kharif,maize,sugarcane,"sugarcane 21%, maize 19%, green gram 13%, cotton 7%, bajra 6%",sugarcane,"maize 19%, green gram 13%, bajra 6%",66%,False,"maize 24%, green gram 24%, bajra 12%","maize 112,159 ha, soybean 98,836 ha, rice 52,941 ha",0.75,10
taluk,BELGAUM,ATHANI,Kharif,maize,sugarcane,"sugarcane 38%, maize 21%, pigeonpea (tur) 6%, bajra 5%, soybean 5%",sugarcane,"maize 21%, bajra 5%, pigeonpea (tur) 6%",66%,False,"sugarcane 46%, maize 28%, pigeonpea (tur) 8%","maize 112,159 ha, soybean 98,836 ha, rice 52,941 ha",0.75,10
taluk,BELGAUM,RAIBAG,Kharif,maize,sugarcane,"sugarcane 46%, maize 27%, cotton 4%, rice 4%, soybean 3%",sugarcane,"maize 27%, cotton 4%, soybean 3%",66%,False,"sugarcane 53%, maize 43%, cotton 4%","maize 112,159 ha, soybean 98,836 ha, rice 52,941 ha",0.75,10
taluk,BELGAUM,GOKAK,Kharif,maize,sugarcane,"sugarcane 36%, maize 21%, soybean 6%, rice 6%, cotton 6%",sugarcane,"maize 21%, soybean 6%, cotton 6%",66%,False,"sugarcane 55%, maize 37%, cotton 5%","maize 112,159 ha, soybean 98,836 ha, rice 52,941 ha",0.75,10
taluk,BELGAUM,HUKKERI,Kharif,soybean,sugarcane,"sugarcane 24%, rice 16%, soybean 15%, maize 12%, groundnut 7%",sugarcane,"soybean 15%, maize 12%, rice 16%",66%,False,"soybean 37%, sugarcane 19%, maize 14%","maize 112,159 ha, soybean 98,836 ha, rice 52,941 ha",0.75,10
taluk,BELGAUM,BELGAUM,Kharif,rice,,"rice 33%, sugarcane 19%, soybean 12%, maize 8%, groundnut 6%",sugarcane,"rice 33%, soybean 12%, groundnut 6%",66%,False,"rice 55%, soybean 13%, sugarcane 11%","maize 112,159 ha, soybean 98,836 ha, rice 52,941 ha",0.75,10
taluk,BELGAUM,KHANAPUR,Kharif,rice,,"rice 44%, sugarcane 20%, maize 8%, soybean 5%, groundnut 4%",sugarcane,"rice 44%, groundnut 4%, maize 8%",66%,False,"rice 77%, sugarcane 20%, groundnut 3%","maize 112,159 ha, soybean 98,836 ha, rice 52,941 ha",0.75,10
taluk,BELGAUM,BAILHONGAL,Kharif,soybean,sugarcane,"sugarcane 20%, maize 16%, soybean 12%, rice 12%, cotton 9%",sugarcane,"soybean 12%, cotton 9%, maize 16%",66%,False,"soybean 41%, cotton 15%, sugarcane 12%","maize 112,159 ha, soybean 98,836 ha, rice 52,941 ha",0.75,9
taluk,BELGAUM,SOUNDATTI,Kharif,cotton,sugarcane,"sugarcane 21%, maize 18%, cotton 11%, green gram 10%, soybean 7%",sugarcane,"cotton 11%, maize 18%, green gram 10%",66%,False,"cotton 23%, maize 20%, green gram 19%","maize 112,159 ha, soybean 98,836 ha, rice 52,941 ha",0.75,10
district,BELGAUM,,Rabi,jowar,sugarcane,"sugarcane 46%, jowar 17%, chickpea 11%, wheat 7%, maize 5%",sugarcane,"jowar 17%, chickpea 11%, maize 5%",33%,False,"sugarcane 46%, chickpea 28%, wheat 12%","chickpea 107,737 ha, jowar 102,390 ha, maize 66,038 ha",,99
taluk,BELGAUM,CHIKKODI,Rabi,jowar,sugarcane,"sugarcane 55%, jowar 15%, chickpea 8%, wheat 6%, maize 6%",sugarcane,"jowar 15%, maize 6%, wheat 6%",33%,False,"sugarcane 67%, jowar 16%, wheat 7%","chickpea 107,737 ha, jowar 102,390 ha, maize 66,038 ha",0.75,10
taluk,BELGAUM,RAMDURGA,Rabi,jowar,sugarcane,"sugarcane 29%, jowar 25%, chickpea 19%, wheat 9%, maize 6%",sugarcane,"jowar 25%, chickpea 19%, wheat 9%",33%,False,"jowar 41%, chickpea 22%, sugarcane 14%","chickpea 107,737 ha, jowar 102,390 ha, maize 66,038 ha",0.75,10
taluk,BELGAUM,ATHANI,Rabi,jowar,sugarcane,"sugarcane 46%, jowar 17%, chickpea 12%, wheat 9%, maize 7%",sugarcane,"jowar 17%, wheat 9%, chickpea 12%",33%,False,"sugarcane 46%, jowar 19%, chickpea 19%","chickpea 107,737 ha, jowar 102,390 ha, maize 66,038 ha",0.75,10
taluk,BELGAUM,RAIBAG,Rabi,maize,sugarcane,"sugarcane 58%, wheat 10%, jowar 9%, maize 9%, chickpea 8%",sugarcane,"maize 9%, wheat 10%, jowar 9%",33%,False,"sugarcane 71%, wheat 15%, maize 10%","chickpea 107,737 ha, jowar 102,390 ha, maize 66,038 ha",0.75,10
taluk,BELGAUM,GOKAK,Rabi,maize,sugarcane,"sugarcane 49%, jowar 16%, chickpea 11%, wheat 9%, maize 7%",sugarcane,"maize 7%, wheat 9%, jowar 16%",33%,False,"sugarcane 68%, wheat 14%, maize 8%","chickpea 107,737 ha, jowar 102,390 ha, maize 66,038 ha",0.75,10
taluk,BELGAUM,HUKKERI,Rabi,jowar,sugarcane,"sugarcane 50%, jowar 18%, chickpea 8%, wheat 5%, maize 4%",sugarcane,"jowar 18%, chickpea 8%, maize 4%",33%,False,"sugarcane 45%, jowar 35%, chickpea 11%","chickpea 107,737 ha, jowar 102,390 ha, maize 66,038 ha",0.75,10
taluk,BELGAUM,BELGAUM,Rabi,jowar,sugarcane,"sugarcane 48%, jowar 19%, chickpea 7%, lentil 4%, mango 4%",sugarcane,"jowar 19%, chickpea 7%, groundnut 1%",33%,False,"jowar 36%, sugarcane 36%, lentil 14%","chickpea 107,737 ha, jowar 102,390 ha, maize 66,038 ha",0.75,10
taluk,BELGAUM,KHANAPUR,Rabi,chickpea,sugarcane,"sugarcane 54%, jowar 8%, mango 6%, arecanut 6%, chickpea 5%","sugarcane, mango","chickpea 5%, jowar 8%, groundnut 1%",33%,False,"sugarcane 84%, mango 9%, cashewnut 7%","chickpea 107,737 ha, jowar 102,390 ha, maize 66,038 ha",0.75,10
taluk,BELGAUM,BAILHONGAL,Rabi,jowar,sugarcane,"sugarcane 35%, jowar 20%, chickpea 17%, wheat 7%, mango 5%",sugarcane,"jowar 20%, chickpea 17%, wheat 7%",33%,False,"jowar 38%, chickpea 27%, sugarcane 22%","chickpea 107,737 ha, jowar 102,390 ha, maize 66,038 ha",0.75,9
taluk,BELGAUM,SOUNDATTI,Rabi,jowar,sugarcane,"sugarcane 31%, jowar 22%, chickpea 19%, wheat 9%, maize 5%",sugarcane,"jowar 22%, chickpea 19%, wheat 9%",33%,False,"chickpea 33%, jowar 23%, sugarcane 23%","chickpea 107,737 ha, jowar 102,390 ha, maize 66,038 ha",0.75,10
district,BELGAUM,,Summer,maize,sugarcane,"sugarcane 78%, mango 5%, groundnut 3%, jowar 2%, grapes 2%","sugarcane, mango","maize 1%, jowar 2%, sunflower 1%",1%,True,"sugarcane 97%, mango 3%","maize 10,540 ha, jowar 850 ha, tomato 603 ha",,99
taluk,BELGAUM,CHIKKODI,Summer,maize,sugarcane,"sugarcane 85%, groundnut 2%, mango 2%, jowar 2%, maize 1%","sugarcane, mango","maize 1%, jowar 2%, sunflower 0%",1%,True,sugarcane 100%,"maize 10,540 ha, jowar 850 ha, tomato 603 ha",0.75,10
taluk,BELGAUM,RAMDURGA,Summer,maize,sugarcane,"sugarcane 72%, groundnut 8%, mango 3%, sunflower 3%, banana 2%","sugarcane, mango","maize 2%, jowar 2%, sunflower 3%",1%,True,"sugarcane 86%, groundnut 5%, sunflower 3%","maize 10,540 ha, jowar 850 ha, tomato 603 ha",0.75,10
taluk,BELGAUM,ATHANI,Summer,maize,sugarcane,"sugarcane 80%, grapes 7%, mango 2%, groundnut 2%, pomegranate 2%","sugarcane, grapes, mango","maize 1%, jowar 1%, sunflower 0%",1%,True,"sugarcane 96%, grapes 4%","maize 10,540 ha, jowar 850 ha, tomato 603 ha",0.75,10
taluk,BELGAUM,RAIBAG,Summer,maize,sugarcane,"sugarcane 90%, grapes 2%, mango 2%, maize 1%, groundnut 1%","sugarcane, grapes, mango","maize 1%, jowar 1%, sunflower 0%",1%,True,sugarcane 100%,"maize 10,540 ha, jowar 850 ha, tomato 603 ha",0.75,10
taluk,BELGAUM,GOKAK,Summer,maize,sugarcane,"sugarcane 85%, mango 3%, groundnut 2%, jowar 2%, grapes 2%","sugarcane, mango","maize 1%, jowar 2%, sunflower 0%",1%,True,sugarcane 100%,"maize 10,540 ha, jowar 850 ha, tomato 603 ha",0.75,10
taluk,BELGAUM,HUKKERI,Summer,maize,sugarcane,"sugarcane 79%, mango 4%, jowar 4%, groundnut 3%, chickpea 1%","sugarcane, mango","maize 1%, jowar 4%, tomato 0%",1%,True,"sugarcane 97%, groundnut 3%","maize 10,540 ha, jowar 850 ha, tomato 603 ha",0.75,10
taluk,BELGAUM,BELGAUM,Summer,jowar,sugarcane,"sugarcane 73%, mango 6%, jowar 5%, groundnut 3%, cashewnut 2%","sugarcane, mango","jowar 5%, maize 1%, tomato 0%",1%,True,"sugarcane 82%, mango 11%, cashewnut 5%","maize 10,540 ha, jowar 850 ha, tomato 603 ha",0.75,10
taluk,BELGAUM,KHANAPUR,Summer,maize,sugarcane,"sugarcane 68%, mango 8%, arecanut 6%, cashewnut 3%, rice 3%","sugarcane, mango, arecanut","maize 1%, jowar 1%, sunflower 0%",1%,True,"sugarcane 84%, mango 9%, cashewnut 7%","maize 10,540 ha, jowar 850 ha, tomato 603 ha",0.75,10
taluk,BELGAUM,BAILHONGAL,Summer,maize,sugarcane,"sugarcane 72%, mango 12%, jowar 3%, chickpea 2%, groundnut 2%","sugarcane, mango","maize 2%, jowar 3%, sunflower 0%",1%,True,"sugarcane 87%, mango 13%","maize 10,540 ha, jowar 850 ha, tomato 603 ha",0.75,9
taluk,BELGAUM,SOUNDATTI,Summer,maize,sugarcane,"sugarcane 73%, mango 8%, groundnut 3%, maize 2%, jowar 2%","sugarcane, mango","maize 2%, jowar 2%, sunflower 1%",1%,True,"sugarcane 94%, banana 6%","maize 10,540 ha, jowar 850 ha, tomato 603 ha",0.75,10
district,BELLARY,,Kharif,maize,,"maize 25%, rice 24%, groundnut 13%, cotton 11%, jowar 5%",,"maize 25%, rice 24%, cotton 11%",84%,False,"maize 36%, rice 19%, cotton 15%","maize 222,214 ha, rice 101,569 ha, chilli 46,164 ha",,70
taluk,BELLARY,HADAGALI,Kharif,maize,,"maize 41%, cotton 14%, rice 11%, groundnut 11%, jowar 5%",,"maize 41%, cotton 14%, groundnut 11%",84%,False,"maize 60%, jowar 10%, rice 8%","maize 222,214 ha, rice 101,569 ha, chilli 46,164 ha",0.75,10
taluk,BELLARY,HAGARIBOMMANAHALLI,Kharif,maize,,"maize 36%, groundnut 15%, rice 13%, bajra 8%, cotton 5%",,"maize 36%, groundnut 15%, bajra 8%",84%,False,"maize 51%, groundnut 15%, bajra 13%","maize 222,214 ha, rice 101,569 ha, chilli 46,164 ha",0.75,10
taluk,BELLARY,HOSPET,Kharif,rice,,"rice 38%, maize 16%, cotton 9%, groundnut 8%, bajra 7%",,"rice 38%, maize 16%, cotton 9%",84%,False,"rice 80%, maize 7%, sugarcane 6%","maize 222,214 ha, rice 101,569 ha, chilli 46,164 ha",0.75,10
taluk,BELLARY,SIRUGUPPA,Kharif,rice,,"rice 46%, cotton 20%, maize 8%, jowar 5%, groundnut 4%",,"rice 46%, cotton 20%, sunflower 1%",84%,False,"rice 59%, cotton 37%, jowar 3%","maize 222,214 ha, rice 101,569 ha, chilli 46,164 ha",0.75,10
taluk,BELLARY,BELLARY,Kharif,rice,,"rice 38%, cotton 16%, maize 10%, groundnut 8%, jowar 5%",,"rice 38%, cotton 16%, maize 10%",84%,False,"rice 47%, cotton 23%, chilli 15%","maize 222,214 ha, rice 101,569 ha, chilli 46,164 ha",0.75,10
taluk,BELLARY,SANDUR,Kharif,maize,,"maize 28%, groundnut 20%, rice 14%, cotton 8%, jowar 7%",,"maize 28%, groundnut 20%, cotton 8%",84%,False,"maize 51%, groundnut 13%, jowar 11%","maize 222,214 ha, rice 101,569 ha, chilli 46,164 ha",0.75,9
taluk,BELLARY,KUDALGI,Kharif,maize,,"maize 34%, groundnut 23%, rice 10%, cotton 7%, jowar 5%",,"maize 34%, groundnut 23%, cotton 7%",84%,False,"groundnut 42%, maize 31%, ragi 12%","maize 222,214 ha, rice 101,569 ha, chilli 46,164 ha",0.75,10
district,BELLARY,,Rabi,jowar,,"jowar 27%, chickpea 22%, sugarcane 8%, sunflower 7%, rice 7%",sugarcane,"jowar 27%, chickpea 22%, groundnut 5%",11%,False,"chickpea 52%, jowar 13%, sunflower 8%","ragi 31,686 ha, jowar 23,836 ha, groundnut 21,117 ha",,70
taluk,BELLARY,HADAGALI,Rabi,jowar,,"jowar 33%, chickpea 14%, sugarcane 10%, sunflower 7%, maize 7%",sugarcane,"jowar 33%, chickpea 14%, maize 7%",11%,False,"jowar 34%, chickpea 23%, sunflower 15%","ragi 31,686 ha, jowar 23,836 ha, groundnut 21,117 ha",0.75,10
taluk,BELLARY,HAGARIBOMMANAHALLI,Rabi,jowar,,"jowar 21%, chickpea 16%, pomegranate 13%, sunflower 11%, sugarcane 8%",pomegranate,"jowar 21%, chickpea 16%, sunflower 11%",11%,False,"pomegranate 25%, sunflower 24%, chickpea 21%","ragi 31,686 ha, jowar 23,836 ha, groundnut 21,117 ha",0.75,10
taluk,BELLARY,HOSPET,Rabi,jowar,,"jowar 27%, chickpea 22%, sugarcane 11%, rice 9%, sunflower 7%",sugarcane,"jowar 27%, rice 9%, maize 3%",11%,False,"sugarcane 45%, jowar 23%, banana 20%","ragi 31,686 ha, jowar 23,836 ha, groundnut 21,117 ha",0.75,10
taluk,BELLARY,SIRUGUPPA,Rabi,chickpea,,"chickpea 34%, jowar 26%, rice 10%, sunflower 8%, cotton 7%",,"chickpea 34%, jowar 26%, rice 10%",11%,False,"chickpea 38%, jowar 24%, sunflower 20%","ragi 31,686 ha, jowar 23,836 ha, groundnut 21,117 ha",0.75,10
taluk,BELLARY,BELLARY,Rabi,chickpea,,"chickpea 35%, jowar 26%, rice 9%, sunflower 6%, cotton 5%",,"chickpea 35%, jowar 26%, rice 9%",11%,False,"chickpea 68%, jowar 27%, cotton 5%","ragi 31,686 ha, jowar 23,836 ha, groundnut 21,117 ha",0.75,10
taluk,BELLARY,SANDUR,Rabi,jowar,,"jowar 32%, chickpea 16%, sugarcane 8%, groundnut 7%, sunflower 7%",sugarcane,"jowar 32%, groundnut 7%, maize 6%",11%,False,"jowar 65%, banana 14%, sugarcane 9%","ragi 31,686 ha, jowar 23,836 ha, groundnut 21,117 ha",0.75,9
taluk,BELLARY,KUDALGI,Rabi,jowar,,"jowar 23%, chickpea 18%, groundnut 9%, arecanut 9%, sunflower 7%",,"jowar 23%, groundnut 9%, chickpea 18%",11%,False,"jowar 38%, chickpea 23%, groundnut 16%","ragi 31,686 ha, jowar 23,836 ha, groundnut 21,117 ha",0.75,10
district,BELLARY,,Summer,rice,,"rice 39%, groundnut 11%, sugarcane 9%, pomegranate 7%, jowar 6%",sugarcane,"rice 39%, maize 4%, ragi 1%",5%,True,"rice 55%, sugarcane 13%, pomegranate 12%","rice 72,190 ha, ragi 1,688 ha, maize 1,281 ha",,70
taluk,BELLARY,HADAGALI,Summer,rice,,"rice 20%, sugarcane 20%, groundnut 11%, jowar 8%, maize 7%",sugarcane,"rice 20%, maize 7%, bajra 0%",5%,True,"sugarcane 33%, rice 25%, jowar 8%","rice 72,190 ha, ragi 1,688 ha, maize 1,281 ha",0.75,10
taluk,BELLARY,HAGARIBOMMANAHALLI,Summer,rice,,"rice 20%, pomegranate 18%, groundnut 12%, sugarcane 10%, jowar 6%",pomegranate,"rice 20%, maize 6%, bajra 0%",5%,True,"pomegranate 45%, rice 12%, sugarcane 11%","rice 72,190 ha, ragi 1,688 ha, maize 1,281 ha",0.75,10
taluk,BELLARY,HOSPET,Summer,rice,,"rice 51%, groundnut 9%, sugarcane 9%, jowar 5%, pomegranate 4%",sugarcane,"rice 51%, maize 3%, bajra 0%",5%,True,"rice 71%, sugarcane 20%, banana 9%","rice 72,190 ha, ragi 1,688 ha, maize 1,281 ha",0.75,10
taluk,BELLARY,SIRUGUPPA,Summer,rice,,"rice 71%, groundnut 6%, sugarcane 4%, jowar 4%, chickpea 3%",sugarcane,"rice 71%, bajra 0%, maize 1%",5%,True,rice 100%,"rice 72,190 ha, ragi 1,688 ha, maize 1,281 ha",0.75,10
taluk,BELLARY,BELLARY,Summer,rice,,"rice 63%, groundnut 7%, sugarcane 5%, jowar 4%, mango 4%",sugarcane,"rice 63%, maize 2%, bajra 0%",5%,True,"rice 94%, jowar 3%, pomegranate 3%","rice 72,190 ha, ragi 1,688 ha, maize 1,281 ha",0.75,10
taluk,BELLARY,SANDUR,Summer,rice,,"rice 28%, groundnut 16%, sugarcane 9%, jowar 9%, pomegranate 7%",sugarcane,"rice 28%, maize 5%, bajra 0%",5%,True,"banana 23%, rice 22%, sugarcane 15%","rice 72,190 ha, ragi 1,688 ha, maize 1,281 ha",0.75,9
taluk,BELLARY,KUDALGI,Summer,rice,,"rice 20%, groundnut 18%, arecanut 11%, pomegranate 8%, jowar 7%",arecanut,"rice 20%, maize 5%, ragi 2%",5%,True,"groundnut 51%, rice 9%, jowar 8%","rice 72,190 ha, ragi 1,688 ha, maize 1,281 ha",0.75,10
district,BENGALURU URBAN,,Kharif,ragi,,"ragi 62%, mango 15%, coconut 10%, maize 3%, arecanut 2%","mango, coconut","ragi 62%, maize 3%, jowar 2%",96%,False,"ragi 84%, coconut 7%, rice 4%","ragi 15,125 ha, jowar 727 ha, maize 716 ha",,42
taluk,BENGALURU URBAN,BANGALORE NORTH,Kharif,ragi,,"ragi 65%, mango 13%, coconut 8%, maize 4%, arecanut 3%","mango, coconut","ragi 65%, maize 4%, jowar 2%",96%,False,"ragi 70%, grapes 7%, coconut 6%","ragi 15,125 ha, jowar 727 ha, maize 716 ha",0.75,11
taluk,BENGALURU URBAN,BANGALORE SOUTH,Kharif,ragi,,"ragi 54%, mango 17%, coconut 16%, maize 3%, jowar 2%","mango, coconut","ragi 54%, maize 3%, pigeonpea (tur) 2%",96%,False,"ragi 57%, coconut 24%, mango 7%","ragi 15,125 ha, jowar 727 ha, maize 716 ha",0.75,10
taluk,BENGALURU URBAN,ANEKAL,Kharif,ragi,,"ragi 65%, mango 12%, coconut 8%, field bean (avare) 3%, maize 2%","mango, coconut","ragi 65%, tomato 1%, maize 2%",96%,False,"ragi 85%, field bean (avare) 8%, coconut 4%","ragi 15,125 ha, jowar 727 ha, maize 716 ha",0.75,10
taluk,BENGALURU URBAN,BANGALORE EAST,Kharif,ragi,,"ragi 65%, mango 17%, coconut 7%, maize 3%, grapes 2%","mango, coconut","ragi 65%, jowar 1%, tomato 1%",96%,False,"ragi 70%, mango 26%, coconut 4%","ragi 15,125 ha, jowar 727 ha, maize 716 ha",0.75,10
district,BENGALURU URBAN,,Rabi,ragi,mango,"mango 41%, coconut 28%, grapes 9%, arecanut 5%, banana 5%","mango, coconut, grapes","ragi 2%, jowar 2%, tomato 2%",2%,True,"coconut 67%, arecanut 12%, horse gram 7%","ragi 437 ha, maize 31 ha, jowar 28 ha",,42
taluk,BENGALURU URBAN,BANGALORE NORTH,Rabi,ragi,mango,"mango 36%, coconut 25%, grapes 15%, arecanut 9%, banana 5%","mango, coconut, grapes","ragi 2%, jowar 3%, tomato 2%",2%,True,"grapes 29%, coconut 27%, mango 21%","ragi 437 ha, maize 31 ha, jowar 28 ha",0.75,11
taluk,BENGALURU URBAN,BANGALORE SOUTH,Rabi,ragi,coconut,"coconut 41%, mango 38%, arecanut 5%, grapes 4%, banana 4%","coconut, mango, arecanut","ragi 2%, horse gram 2%, maize 0%",2%,True,"coconut 66%, mango 20%, banana 5%","ragi 437 ha, maize 31 ha, jowar 28 ha",0.75,10
taluk,BENGALURU URBAN,ANEKAL,Rabi,ragi,mango,"mango 37%, coconut 30%, banana 8%, grapes 6%, tomato 4%","mango, coconut, banana","ragi 2%, horse gram 3%, tomato 4%",2%,True,"coconut 27%, mango 24%, tomato 16%","ragi 437 ha, maize 31 ha, jowar 28 ha",0.75,10
taluk,BENGALURU URBAN,BANGALORE EAST,Rabi,ragi,mango,"mango 53%, coconut 19%, grapes 9%, arecanut 4%, banana 4%","mango, coconut, grapes","ragi 2%, tomato 3%, horse gram 1%",2%,True,"mango 78%, coconut 11%, grapes 6%","ragi 437 ha, maize 31 ha, jowar 28 ha",0.75,10
district,BENGALURU URBAN,,Summer,jowar,mango,"mango 41%, coconut 29%, grapes 9%, arecanut 5%, banana 5%","mango, coconut, grapes","jowar 1%, tomato 2%, maize 1%",2%,True,"coconut 70%, arecanut 12%, rice 7%","jowar 8 ha, maize 1 ha, tomato 1 ha",,42
taluk,BENGALURU URBAN,BANGALORE NORTH,Summer,jowar,mango,"mango 37%, coconut 25%, grapes 15%, arecanut 9%, banana 5%","mango, coconut, grapes","jowar 2%, tomato 2%, maize 1%",2%,True,"grapes 30%, coconut 27%, mango 21%","jowar 8 ha, maize 1 ha, tomato 1 ha",0.75,11
taluk,BENGALURU URBAN,BANGALORE SOUTH,Summer,maize,coconut,"coconut 41%, mango 38%, arecanut 5%, grapes 5%, banana 4%","coconut, mango, arecanut","maize 1%, tomato 1%, jowar 1%",2%,True,"coconut 68%, mango 21%, banana 6%","jowar 8 ha, maize 1 ha, tomato 1 ha",0.75,10
taluk,BENGALURU URBAN,ANEKAL,Summer,tomato,mango,"mango 38%, coconut 30%, banana 8%, grapes 6%, tomato 3%","mango, coconut, banana","tomato 3%, maize 1%, jowar 1%",2%,True,"coconut 35%, mango 31%, banana 16%","jowar 8 ha, maize 1 ha, tomato 1 ha",0.75,10
taluk,BENGALURU URBAN,BANGALORE EAST,Summer,jowar,mango,"mango 54%, coconut 20%, grapes 9%, arecanut 4%, banana 4%","mango, coconut, grapes","jowar 2%, tomato 2%, maize 1%",2%,True,"mango 83%, coconut 11%, grapes 6%","jowar 8 ha, maize 1 ha, tomato 1 ha",0.75,10
district,BIDAR,,Kharif,soybean,,"soybean 28%, pigeonpea (tur) 27%, sugarcane 7%, green gram 7%, black gram 7%",sugarcane,"soybean 28%, pigeonpea (tur) 27%, green gram 7%",80%,False,"soybean 43%, pigeonpea (tur) 26%, green gram 9%","soybean 253,670 ha, pigeonpea (tur) 113,718 ha, green gram 20,553 ha",,50
taluk,BIDAR,BASAVAKALYAN,Kharif,pigeonpea (tur),,"pigeonpea (tur) 34%, soybean 25%, sugarcane 7%, jowar 7%, green gram 7%",sugarcane,"pigeonpea (tur) 34%, soybean 25%, black gram 6%",80%,False,"soybean 42%, pigeonpea (tur) 34%, jowar 9%","soybean 253,670 ha, pigeonpea (tur) 113,718 ha, green gram 20,553 ha",0.75,10
taluk,BIDAR,BHALKI,Kharif,soybean,,"soybean 33%, pigeonpea (tur) 25%, sugarcane 7%, black gram 7%, green gram 7%",sugarcane,"soybean 33%, pigeonpea (tur) 25%, black gram 7%",80%,False,"soybean 40%, pigeonpea (tur) 26%, black gram 12%","soybean 253,670 ha, pigeonpea (tur) 113,718 ha, green gram 20,553 ha",0.75,10
taluk,BIDAR,AURAD,Kharif,soybean,,"soybean 31%, pigeonpea (tur) 22%, green gram 6%, black gram 6%, sugarcane 6%",,"soybean 31%, pigeonpea (tur) 22%, black gram 6%",80%,False,"soybean 46%, pigeonpea (tur) 30%, black gram 8%","soybean 253,670 ha, pigeonpea (tur) 113,718 ha, green gram 20,553 ha",0.75,10
taluk,BIDAR,BIDAR,Kharif,pigeonpea (tur),,"soybean 27%, pigeonpea (tur) 26%, sugarcane 8%, green gram 8%, black gram 8%",sugarcane,"pigeonpea (tur) 26%, soybean 27%, green gram 8%",80%,False,"soybean 31%, pigeonpea (tur) 30%, green gram 12%","soybean 253,670 ha, pigeonpea (tur) 113,718 ha, green gram 20,553 ha",0.75,10
taluk,BIDAR,HUMNABAD,Kharif,pigeonpea (tur),,"pigeonpea (tur) 29%, soybean 24%, sugarcane 8%, green gram 7%, black gram 7%",sugarcane,"pigeonpea (tur) 29%, soybean 24%, black gram 7%",80%,False,"pigeonpea (tur) 31%, soybean 19%, green gram 12%","soybean 253,670 ha, pigeonpea (tur) 113,718 ha, green gram 20,553 ha",0.75,10
district,BIDAR,,Rabi,chickpea,,"chickpea 43%, sugarcane 19%, jowar 16%, wheat 4%, rice 4%",sugarcane,"chickpea 43%, jowar 16%, wheat 4%",20%,False,"chickpea 53%, sugarcane 26%, safflower 10%","chickpea 84,639 ha, jowar 35,310 ha, safflower 25,782 ha",,50
taluk,BIDAR,BASAVAKALYAN,Rabi,chickpea,,"chickpea 40%, jowar 21%, sugarcane 18%, wheat 5%, mango 3%",sugarcane,"chickpea 40%, jowar 21%, wheat 5%",20%,False,"chickpea 54%, jowar 19%, sugarcane 14%","chickpea 84,639 ha, jowar 35,310 ha, safflower 25,782 ha",0.75,10
taluk,BIDAR,BHALKI,Rabi,chickpea,,"chickpea 49%, sugarcane 18%, jowar 14%, wheat 5%, soybean 3%",sugarcane,"chickpea 49%, jowar 14%, wheat 5%",20%,False,"chickpea 77%, sugarcane 13%, jowar 11%","chickpea 84,639 ha, jowar 35,310 ha, safflower 25,782 ha",0.75,10
taluk,BIDAR,AURAD,Rabi,chickpea,,"chickpea 43%, sugarcane 16%, jowar 14%, rice 7%, wheat 4%",sugarcane,"chickpea 43%, jowar 14%, wheat 4%",20%,False,"chickpea 67%, jowar 21%, sugarcane 8%","chickpea 84,639 ha, jowar 35,310 ha, safflower 25,782 ha",0.75,10
taluk,BIDAR,BIDAR,Rabi,chickpea,,"chickpea 41%, sugarcane 22%, jowar 15%, rice 4%, wheat 4%",sugarcane,"chickpea 41%, jowar 15%, wheat 4%",20%,False,"chickpea 46%, sugarcane 38%, jowar 13%","chickpea 84,639 ha, jowar 35,310 ha, safflower 25,782 ha",0.75,10
taluk,BIDAR,HUMNABAD,Rabi,jowar,,"chickpea 39%, sugarcane 20%, jowar 18%, wheat 4%, rice 4%",sugarcane,"jowar 18%, chickpea 39%, wheat 4%",20%,False,"sugarcane 36%, chickpea 32%, jowar 14%","chickpea 84,639 ha, jowar 35,310 ha, safflower 25,782 ha",0.75,10
district,BIDAR,,Summer,jowar,sugarcane,"sugarcane 80%, mango 7%, banana 3%, groundnut 2%, chickpea 2%","sugarcane, mango, banana","jowar 1%, maize 1%, onion 0%",0%,True,sugarcane 100%,"onion 518 ha, jowar 443 ha, tomato 442 ha",,50
taluk,BIDAR,BASAVAKALYAN,Summer,jowar,sugarcane,"sugarcane 76%, mango 8%, banana 5%, groundnut 2%, chickpea 2%","sugarcane, mango, banana","jowar 1%, maize 1%, sunflower 0%",0%,True,"sugarcane 81%, mango 16%, banana 3%","onion 518 ha, jowar 443 ha, tomato 442 ha",0.75,10
taluk,BIDAR,BHALKI,Summer,jowar,sugarcane,"sugarcane 84%, mango 6%, chickpea 2%, banana 1%, groundnut 1%","sugarcane, mango","jowar 1%, maize 1%, sunflower 0%",0%,True,"sugarcane 97%, mango 3%","onion 518 ha, jowar 443 ha, tomato 442 ha",0.75,10
taluk,BIDAR,AURAD,Summer,jowar,sugarcane,"sugarcane 85%, mango 5%, chickpea 2%, banana 2%, groundnut 1%","sugarcane, mango","jowar 1%, maize 1%, sunflower 0%",0%,True,"sugarcane 96%, mango 4%","onion 518 ha, jowar 443 ha, tomato 442 ha",0.75,10
taluk,BIDAR,BIDAR,Summer,jowar,sugarcane,"sugarcane 82%, mango 7%, banana 2%, black pepper 2%, groundnut 1%","sugarcane, mango, banana","jowar 1%, maize 1%, sunflower 0%",0%,True,"sugarcane 92%, mango 8%","onion 518 ha, jowar 443 ha, tomato 442 ha",0.75,10
taluk,BIDAR,HUMNABAD,Summer,jowar,sugarcane,"sugarcane 75%, mango 8%, banana 4%, black pepper 3%, groundnut 2%","sugarcane, mango, banana","jowar 1%, maize 1%, onion 0%",0%,True,"sugarcane 90%, mango 10%","onion 518 ha, jowar 443 ha, tomato 442 ha",0.75,10
district,BIJAPUR,,Kharif,pigeonpea (tur),,"pigeonpea (tur) 50%, sugarcane 11%, bajra 7%, maize 6%, cotton 5%",sugarcane,"pigeonpea (tur) 50%, maize 6%, cotton 5%",55%,False,"pigeonpea (tur) 72%, sugarcane 9%, maize 8%","pigeonpea (tur) 375,180 ha, maize 86,285 ha, cotton 84,768 ha",,49
taluk,BIJAPUR,BIJAPUR,Kharif,pigeonpea (tur),,"pigeonpea (tur) 42%, sugarcane 14%, maize 9%, bajra 8%, green gram 4%",sugarcane,"pigeonpea (tur) 42%, bajra 8%, maize 9%",55%,False,"pigeonpea (tur) 56%, maize 12%, bajra 11%","pigeonpea (tur) 375,180 ha, maize 86,285 ha, cotton 84,768 ha",0.75,9
taluk,BIJAPUR,INDI,Kharif,pigeonpea (tur),,"pigeonpea (tur) 49%, sugarcane 11%, bajra 7%, maize 6%, cotton 5%",sugarcane,"pigeonpea (tur) 49%, bajra 7%, maize 6%",55%,False,"pigeonpea (tur) 67%, sugarcane 13%, maize 6%","pigeonpea (tur) 375,180 ha, maize 86,285 ha, cotton 84,768 ha",0.75,10
taluk,BIJAPUR,SINDGI,Kharif,pigeonpea (tur),,"pigeonpea (tur) 57%, sugarcane 9%, cotton 9%, bajra 6%, maize 4%",sugarcane,"pigeonpea (tur) 57%, cotton 9%, bajra 6%",55%,False,"pigeonpea (tur) 68%, cotton 16%, sugarcane 11%","pigeonpea (tur) 375,180 ha, maize 86,285 ha, cotton 84,768 ha",0.75,10
taluk,BIJAPUR,BASAVANA BAGEVADI,Kharif,pigeonpea (tur),,"pigeonpea (tur) 48%, sugarcane 13%, maize 8%, bajra 7%, cotton 4%",sugarcane,"pigeonpea (tur) 48%, maize 8%, bajra 7%",55%,False,"pigeonpea (tur) 61%, maize 15%, onion 10%","pigeonpea (tur) 375,180 ha, maize 86,285 ha, cotton 84,768 ha",0.75,10
taluk,BIJAPUR,MUDDEBIHAL,Kharif,pigeonpea (tur),,"pigeonpea (tur) 56%, bajra 8%, sugarcane 8%, cotton 6%, maize 5%",sugarcane,"pigeonpea (tur) 56%, bajra 8%, maize 5%",55%,False,"pigeonpea (tur) 83%, bajra 8%, cotton 4%","pigeonpea (tur) 375,180 ha, maize 86,285 ha, cotton 84,768 ha",0.75,10
district,BIJAPUR,,Rabi,chickpea,,"jowar 32%, chickpea 28%, sugarcane 17%, wheat 8%, grapes 3%",sugarcane,"chickpea 28%, jowar 32%, wheat 8%",44%,False,"chickpea 53%, jowar 27%, sugarcane 10%","chickpea 66,164 ha, jowar 49,529 ha, wheat 30,214 ha",,49
taluk,BIJAPUR,BIJAPUR,Rabi,jowar,,"jowar 33%, chickpea 24%, sugarcane 17%, wheat 9%, grapes 5%",sugarcane,"jowar 33%, chickpea 24%, wheat 9%",44%,False,"jowar 38%, chickpea 28%, sugarcane 12%","chickpea 66,164 ha, jowar 49,529 ha, wheat 30,214 ha",0.75,9
taluk,BIJAPUR,INDI,Rabi,jowar,,"jowar 33%, chickpea 25%, sugarcane 17%, wheat 9%, grapes 4%",sugarcane,"jowar 33%, chickpea 25%, wheat 9%",44%,False,"jowar 34%, chickpea 31%, sugarcane 22%","chickpea 66,164 ha, jowar 49,529 ha, wheat 30,214 ha",0.75,10
taluk,BIJAPUR,SINDGI,Rabi,jowar,,"jowar 32%, chickpea 30%, sugarcane 17%, wheat 8%, pigeonpea (tur) 3%",sugarcane,"jowar 32%, chickpea 30%, wheat 8%",44%,False,"chickpea 34%, jowar 28%, sugarcane 19%","chickpea 66,164 ha, jowar 49,529 ha, wheat 30,214 ha",0.75,10
taluk,BIJAPUR,BASAVANA BAGEVADI,Rabi,jowar,,"jowar 31%, chickpea 28%, sugarcane 17%, wheat 8%, sunflower 3%",sugarcane,"jowar 31%, chickpea 28%, wheat 8%",44%,False,"jowar 43%, chickpea 33%, wheat 12%","chickpea 66,164 ha, jowar 49,529 ha, wheat 30,214 ha",0.75,10
taluk,BIJAPUR,MUDDEBIHAL,Rabi,chickpea,,"chickpea 32%, jowar 31%, sugarcane 14%, wheat 6%, sunflower 3%",sugarcane,"chickpea 32%, jowar 31%, wheat 6%",44%,False,"chickpea 49%, jowar 30%, sugarcane 11%","chickpea 66,164 ha, jowar 49,529 ha, wheat 30,214 ha",0.75,10
district,BIJAPUR,,Summer,maize,sugarcane,"sugarcane 61%, grapes 10%, groundnut 10%, pomegranate 4%, rice 4%","sugarcane, grapes","maize 1%, onion 1%, sunflower 0%",1%,True,"sugarcane 69%, grapes 16%, groundnut 7%","maize 5,581 ha, onion 3,038 ha, sunflower 263 ha",,49
taluk,BIJAPUR,BIJAPUR,Summer,maize,sugarcane,"sugarcane 58%, grapes 17%, groundnut 7%, pomegranate 6%, jowar 2%","sugarcane, grapes","maize 1%, onion 1%, sunflower 0%",1%,True,"sugarcane 51%, grapes 32%, pomegranate 10%","maize 5,581 ha, onion 3,038 ha, sunflower 263 ha",0.75,9
taluk,BIJAPUR,INDI,Summer,maize,sugarcane,"sugarcane 61%, grapes 12%, groundnut 8%, pomegranate 6%, rice 3%","sugarcane, grapes","maize 1%, onion 1%, sunflower 0%",1%,True,"sugarcane 70%, groundnut 11%, grapes 10%","maize 5,581 ha, onion 3,038 ha, sunflower 263 ha",0.75,10
taluk,BIJAPUR,SINDGI,Summer,maize,sugarcane,"sugarcane 67%, groundnut 10%, grapes 6%, rice 4%, banana 2%","sugarcane, grapes","maize 1%, onion 1%, sunflower 0%",1%,True,"sugarcane 85%, groundnut 8%, grapes 5%","maize 5,581 ha, onion 3,038 ha, sunflower 263 ha",0.75,10
taluk,BIJAPUR,BASAVANA BAGEVADI,Summer,onion,sugarcane,"sugarcane 62%, groundnut 10%, grapes 10%, pomegranate 3%, rice 3%","sugarcane, grapes","onion 2%, maize 1%, sunflower 0%",1%,True,"sugarcane 62%, onion 11%, grapes 10%","maize 5,581 ha, onion 3,038 ha, sunflower 263 ha",0.75,10
taluk,BIJAPUR,MUDDEBIHAL,Summer,maize,sugarcane,"sugarcane 58%, groundnut 14%, grapes 6%, rice 6%, chickpea 2%","sugarcane, grapes","maize 1%, onion 2%, sunflower 1%",1%,True,"sugarcane 76%, groundnut 20%, grapes 4%","maize 5,581 ha, onion 3,038 ha, sunflower 263 ha",0.75,10
district,CHAMARAJANAGAR,,Kharif,maize,,"rice 15%, maize 11%, jowar 10%, ragi 9%, coconut 9%",,"maize 11%, jowar 10%, rice 15%",79%,False,"maize 23%, jowar 13%, ragi 10%","maize 29,901 ha, sunflower 18,607 ha, jowar 13,235 ha",,42
taluk,CHAMARAJANAGAR,GUDLUPET,Kharif,jowar,,"jowar 11%, rice 11%, coconut 10%, maize 8%, coffee 8%",coconut,"jowar 11%, sunflower 4%, cotton 6%",79%,False,"jowar 24%, sunflower 22%, cotton 16%","maize 29,901 ha, sunflower 18,607 ha, jowar 13,235 ha",0.75,10
taluk,CHAMARAJANAGAR,CHAMARAJANAGAR,Kharif,jowar,,"jowar 14%, rice 13%, coconut 11%, banana 9%, sugarcane 8%",coconut,"jowar 14%, ragi 8%, rice 13%",79%,False,"jowar 25%, banana 21%, coconut 16%","maize 29,901 ha, sunflower 18,607 ha, jowar 13,235 ha",0.75,10
taluk,CHAMARAJANAGAR,YELANDUR,Kharif,rice,,"rice 23%, sugarcane 13%, jowar 9%, coconut 8%, ragi 8%",sugarcane,"rice 23%, ragi 8%, jowar 9%",79%,False,"rice 35%, sugarcane 24%, ragi 7%","maize 29,901 ha, sunflower 18,607 ha, jowar 13,235 ha",0.75,10
taluk,CHAMARAJANAGAR,KOLLEGAL,Kharif,maize,,"maize 22%, ragi 13%, rice 12%, jowar 8%, sugarcane 7%",,"maize 22%, ragi 13%, jowar 8%",79%,False,"maize 46%, ragi 13%, rice 12%","maize 29,901 ha, sunflower 18,607 ha, jowar 13,235 ha",0.75,11
district,CHAMARAJANAGAR,,Rabi,horse gram,sugarcane,"sugarcane 22%, banana 20%, coconut 19%, horse gram 16%, coffee 4%","sugarcane, banana, coconut","horse gram 16%, maize 3%, chickpea 2%",20%,False,"horse gram 45%, coconut 21%, sugarcane 12%","horse gram 11,675 ha, maize 8,411 ha, chickpea 1,481 ha",,42
taluk,CHAMARAJANAGAR,GUDLUPET,Rabi,horse gram,coconut,"coconut 21%, banana 20%, horse gram 17%, sugarcane 15%, coffee 9%","coconut, banana","horse gram 17%, chickpea 2%, maize 1%",20%,False,"horse gram 51%, banana 18%, coconut 13%","horse gram 11,675 ha, maize 8,411 ha, chickpea 1,481 ha",0.75,10
taluk,CHAMARAJANAGAR,CHAMARAJANAGAR,Rabi,horse gram,banana,"banana 23%, coconut 22%, horse gram 20%, sugarcane 20%, chickpea 2%","banana, coconut","horse gram 20%, chickpea 2%, maize 1%",20%,False,"banana 31%, horse gram 28%, coconut 24%","horse gram 11,675 ha, maize 8,411 ha, chickpea 1,481 ha",0.75,10
taluk,CHAMARAJANAGAR,YELANDUR,Rabi,rice,sugarcane,"sugarcane 34%, coconut 18%, banana 15%, horse gram 13%, rice 5%","sugarcane, coconut, banana","rice 5%, horse gram 13%, maize 1%",20%,False,"sugarcane 55%, coconut 16%, banana 11%","horse gram 11,675 ha, maize 8,411 ha, chickpea 1,481 ha",0.75,10
taluk,CHAMARAJANAGAR,KOLLEGAL,Rabi,horse gram,banana,"banana 22%, sugarcane 20%, coconut 17%, horse gram 15%, maize 6%","banana, sugarcane, coconut","horse gram 15%, maize 6%, rice 4%",20%,False,"horse gram 37%, banana 23%, maize 12%","horse gram 11,675 ha, maize 8,411 ha, chickpea 1,481 ha",0.75,11
district,CHAMARAJANAGAR,,Summer,maize,sugarcane,"sugarcane 24%, banana 23%, coconut 23%, horse gram 8%, coffee 5%","sugarcane, banana, coconut","maize 2%, rice 4%, tomato 0%",2%,True,"coconut 48%, sugarcane 27%, banana 17%","maize 8,081 ha, rice 1,158 ha, sunflower 392 ha",,42
taluk,CHAMARAJANAGAR,GUDLUPET,Summer,maize,coconut,"coconut 24%, banana 24%, sugarcane 17%, coffee 10%, horse gram 8%","coconut, banana, sugarcane","maize 1%, sunflower 0%, rice 3%",2%,True,"banana 46%, coconut 33%, sugarcane 17%","maize 8,081 ha, rice 1,158 ha, sunflower 392 ha",0.75,10
taluk,CHAMARAJANAGAR,CHAMARAJANAGAR,Summer,rice,banana,"banana 28%, coconut 27%, sugarcane 22%, horse gram 8%, rice 3%","banana, coconut, sugarcane","rice 3%, maize 1%, tomato 0%",2%,True,"banana 44%, coconut 34%, sugarcane 18%","maize 8,081 ha, rice 1,158 ha, sunflower 392 ha",0.75,10
taluk,CHAMARAJANAGAR,YELANDUR,Summer,rice,sugarcane,"sugarcane 36%, coconut 21%, banana 18%, rice 7%, horse gram 5%","sugarcane, coconut, banana","rice 7%, maize 1%, tomato 0%",2%,True,"sugarcane 60%, coconut 17%, banana 12%","maize 8,081 ha, rice 1,158 ha, sunflower 392 ha",0.75,10
taluk,CHAMARAJANAGAR,KOLLEGAL,Summer,maize,banana,"banana 24%, sugarcane 22%, coconut 18%, horse gram 9%, mango 7%","banana, sugarcane, coconut","maize 6%, rice 5%, tomato 0%",2%,True,"banana 45%, sugarcane 24%, coconut 16%","maize 8,081 ha, rice 1,158 ha, sunflower 392 ha",0.75,11
district,CHIKBALLAPUR,,Kharif,ragi,,"ragi 35%, maize 20%, groundnut 13%, mango 12%, jowar 4%",,"ragi 35%, maize 20%, groundnut 13%",97%,False,"maize 34%, ragi 30%, groundnut 16%","maize 48,152 ha, ragi 31,860 ha, groundnut 15,347 ha",,61
taluk,CHIKBALLAPUR,GOURIBADANUR,Kharif,maize,,"ragi 32%, maize 31%, groundnut 11%, mango 5%, jowar 4%",,"maize 31%, ragi 32%, groundnut 11%",97%,False,"maize 65%, ragi 15%, jowar 6%","maize 48,152 ha, ragi 31,860 ha, groundnut 15,347 ha",0.75,10
taluk,CHIKBALLAPUR,CHICHBALLAPURA,Kharif,ragi,,"ragi 45%, maize 21%, groundnut 7%, mango 7%, jowar 5%",,"ragi 45%, maize 21%, groundnut 7%",97%,False,"ragi 65%, jowar 10%, maize 9%","maize 48,152 ha, ragi 31,860 ha, groundnut 15,347 ha",0.75,10
taluk,CHIKBALLAPUR,GUDIBANDA,Kharif,ragi,,"ragi 31%, maize 31%, groundnut 12%, jowar 5%, mango 5%",,"ragi 31%, maize 31%, groundnut 12%",97%,False,"maize 41%, ragi 29%, groundnut 14%","maize 48,152 ha, ragi 31,860 ha, groundnut 15,347 ha",0.75,10
taluk,CHIKBALLAPUR,BAGEPALLI,Kharif,groundnut,,"groundnut 28%, ragi 21%, maize 17%, mango 9%, jowar 4%",,"groundnut 28%, maize 17%, ragi 21%",97%,False,"groundnut 48%, maize 30%, ragi 10%","maize 48,152 ha, ragi 31,860 ha, groundnut 15,347 ha",0.75,10
taluk,CHIKBALLAPUR,SIDLAGHATTA,Kharif,ragi,,"ragi 46%, mango 16%, maize 11%, groundnut 8%, jowar 5%",mango,"ragi 46%, maize 11%, rice 1%",97%,False,"ragi 68%, maize 12%, mango 9%","maize 48,152 ha, ragi 31,860 ha, groundnut 15,347 ha",0.75,10
taluk,CHIKBALLAPUR,CHINTAMANI,Kharif,ragi,,"ragi 39%, mango 27%, groundnut 9%, maize 9%, jowar 4%",mango,"ragi 39%, groundnut 9%, maize 9%",97%,False,"ragi 44%, mango 19%, groundnut 15%","maize 48,152 ha, ragi 31,860 ha, groundnut 15,347 ha",0.75,10
district,CHIKBALLAPUR,,Rabi,potato,mango,"mango 38%, grapes 14%, tomato 7%, potato 7%, arecanut 5%","mango, grapes","potato 7%, tomato 7%, maize 3%",2%,True,"mango 66%, grapes 13%, sapota 7%","maize 4,226 ha, potato 3,551 ha, groundnut 2,830 ha",,61
taluk,CHIKBALLAPUR,GOURIBADANUR,Rabi,maize,mango,"mango 27%, arecanut 14%, coconut 12%, grapes 11%, banana 11%","mango, arecanut, coconut","maize 4%, jowar 4%, rice 1%",2%,True,"mango 29%, banana 28%, arecanut 12%","maize 4,226 ha, potato 3,551 ha, groundnut 2,830 ha",0.75,10
taluk,CHIKBALLAPUR,CHICHBALLAPURA,Rabi,potato,grapes,"grapes 27%, mango 27%, potato 9%, coconut 6%, arecanut 6%","grapes, mango","potato 9%, jowar 3%, ragi 1%",2%,True,"grapes 48%, mango 25%, potato 18%","maize 4,226 ha, potato 3,551 ha, groundnut 2,830 ha",0.75,10
taluk,CHIKBALLAPUR,GUDIBANDA,Rabi,maize,mango,"mango 24%, grapes 24%, potato 12%, tomato 8%, banana 7%","mango, grapes","maize 4%, jowar 2%, tomato 8%",2%,True,"potato 33%, grapes 22%, tomato 22%","maize 4,226 ha, potato 3,551 ha, groundnut 2,830 ha",0.75,10
taluk,CHIKBALLAPUR,BAGEPALLI,Rabi,groundnut,mango,"mango 33%, tomato 10%, grapes 6%, potato 6%, rice 5%","mango, grapes","groundnut 4%, maize 4%, rice 5%",2%,True,"tomato 30%, onion 16%, potato 15%","maize 4,226 ha, potato 3,551 ha, groundnut 2,830 ha",0.75,10
taluk,CHIKBALLAPUR,SIDLAGHATTA,Rabi,ragi,mango,"mango 54%, grapes 10%, tomato 8%, potato 6%, onion 2%","mango, grapes","ragi 2%, potato 6%, horse gram 1%",2%,True,"mango 58%, grapes 14%, potato 9%","maize 4,226 ha, potato 3,551 ha, groundnut 2,830 ha",0.75,10
taluk,CHIKBALLAPUR,CHINTAMANI,Rabi,ragi,mango,"mango 67%, tomato 8%, grapes 5%, potato 3%, coconut 2%","mango, grapes","ragi 2%, tomato 8%, horse gram 2%",2%,True,"mango 83%, tomato 14%, chickpea 4%","maize 4,226 ha, potato 3,551 ha, groundnut 2,830 ha",0.75,10
district,CHIKBALLAPUR,,Summer,tomato,mango,"mango 44%, grapes 16%, coconut 6%, arecanut 6%, banana 5%","mango, grapes, coconut","tomato 4%, maize 3%, rice 3%",0%,True,"mango 71%, grapes 14%, sapota 8%","maize 3,578 ha, tomato 3,370 ha, rice 987 ha",,61
taluk,CHIKBALLAPUR,GOURIBADANUR,Summer,maize,mango,"mango 29%, arecanut 15%, grapes 13%, coconut 13%, banana 11%","mango, arecanut, grapes","maize 4%, rice 2%, jowar 2%",0%,True,"mango 33%, banana 31%, arecanut 13%","maize 3,578 ha, tomato 3,370 ha, rice 987 ha",0.75,10
taluk,CHIKBALLAPUR,CHICHBALLAPURA,Summer,jowar,grapes,"grapes 31%, mango 29%, coconut 7%, arecanut 6%, banana 6%","grapes, mango, coconut","jowar 2%, rice 2%, ragi 1%",0%,True,"grapes 63%, mango 33%, cashewnut 5%","maize 3,578 ha, tomato 3,370 ha, rice 987 ha",0.75,10
taluk,CHIKBALLAPUR,GUDIBANDA,Summer,maize,grapes,"grapes 29%, mango 27%, banana 7%, coconut 7%, potato 6%","grapes, mango, banana","maize 5%, tomato 4%, rice 2%",0%,True,"grapes 50%, mango 22%, maize 9%","maize 3,578 ha, tomato 3,370 ha, rice 987 ha",0.75,10
taluk,CHIKBALLAPUR,BAGEPALLI,Summer,rice,mango,"mango 39%, grapes 8%, rice 7%, tomato 5%, arecanut 5%","mango, grapes","rice 7%, maize 4%, tomato 5%",0%,True,"mango 28%, rice 26%, sunflower 10%","maize 3,578 ha, tomato 3,370 ha, rice 987 ha",0.75,10
taluk,CHIKBALLAPUR,SIDLAGHATTA,Summer,ragi,mango,"mango 60%, grapes 11%, tomato 3%, potato 3%, coconut 3%","mango, grapes","ragi 2%, rice 2%, tomato 3%",0%,True,"mango 75%, grapes 18%, cashewnut 4%","maize 3,578 ha, tomato 3,370 ha, rice 987 ha",0.75,10
taluk,CHIKBALLAPUR,CHINTAMANI,Summer,tomato,mango,"mango 75%, grapes 6%, tomato 3%, coconut 2%, potato 2%","mango, grapes","tomato 3%, ragi 1%, rice 1%",0%,True,mango 100%,"maize 3,578 ha, tomato 3,370 ha, rice 987 ha",0.75,10
district,CHIKMAGALUR,,Kharif,ragi,coffee,"coffee 28%, arecanut 24%, rice 15%, coconut 11%, ragi 6%","coffee, arecanut","ragi 6%, rice 15%, maize 5%",84%,False,"coffee 35%, ragi 17%, coconut 16%","ragi 54,494 ha, onion 9,617 ha, rice 8,954 ha",,70
taluk,CHIKMAGALUR,SRINGERI,Kharif,rice,arecanut,"arecanut 39%, rice 22%, coffee 20%, coconut 5%, black pepper 3%","arecanut, coffee","rice 22%, green gram 0%, groundnut 0%",84%,False,"arecanut 51%, rice 26%, coffee 13%","ragi 54,494 ha, onion 9,617 ha, rice 8,954 ha",0.75,10
taluk,CHIKMAGALUR,KOPPA,Kharif,rice,coffee,"coffee 35%, arecanut 28%, rice 17%, coconut 5%, black pepper 5%","coffee, arecanut","rice 17%, ragi 3%, jowar 0%",84%,False,"coffee 43%, arecanut 32%, rice 18%","ragi 54,494 ha, onion 9,617 ha, rice 8,954 ha",0.75,10
taluk,CHIKMAGALUR,N.R. PURA,Kharif,rice,coffee,"coffee 30%, arecanut 28%, rice 18%, coconut 7%, black pepper 4%","coffee, arecanut","rice 18%, maize 3%, ragi 3%",84%,False,"rice 33%, arecanut 33%, coffee 26%","ragi 54,494 ha, onion 9,617 ha, rice 8,954 ha",0.75,10
taluk,CHIKMAGALUR,TARIKERE,Kharif,rice,arecanut,"arecanut 23%, coconut 16%, coffee 15%, rice 14%, ragi 10%","arecanut, coconut, coffee","rice 14%, ragi 10%, maize 9%",84%,False,"arecanut 31%, coconut 18%, ragi 15%","ragi 54,494 ha, onion 9,617 ha, rice 8,954 ha",0.75,10
taluk,CHIKMAGALUR,KADUR,Kharif,ragi,coconut,"coconut 31%, ragi 21%, arecanut 13%, coffee 9%, maize 7%","coconut, arecanut","ragi 21%, maize 7%, green gram 2%",84%,False,"coconut 39%, ragi 33%, maize 11%","ragi 54,494 ha, onion 9,617 ha, rice 8,954 ha",0.75,10
taluk,CHIKMAGALUR,CHIKKAMAGALUR,Kharif,rice,coffee,"coffee 44%, arecanut 18%, rice 13%, coconut 6%, black pepper 5%","coffee, arecanut","rice 13%, ragi 4%, maize 4%",84%,False,"coffee 64%, maize 7%, black pepper 7%","ragi 54,494 ha, onion 9,617 ha, rice 8,954 ha",0.75,10
taluk,CHIKMAGALUR,MUDIGERE,Kharif,rice,coffee,"coffee 44%, arecanut 20%, rice 13%, coconut 6%, black pepper 5%","coffee, arecanut","rice 13%, ragi 3%, jowar 0%",84%,False,"coffee 71%, rice 12%, arecanut 10%","ragi 54,494 ha, onion 9,617 ha, rice 8,954 ha",0.75,10
district,CHIKMAGALUR,,Rabi,chickpea,coffee,"coffee 34%, arecanut 33%, coconut 17%, black pepper 5%, banana 2%","coffee, arecanut, coconut","chickpea 1%, jowar 0%, ragi 1%",14%,False,"coffee 49%, coconut 22%, arecanut 14%","chickpea 5,816 ha, jowar 2,699 ha, ragi 1,401 ha",,70
taluk,CHIKMAGALUR,SRINGERI,Rabi,rice,arecanut,"arecanut 52%, coffee 24%, coconut 7%, black pepper 5%, banana 4%","arecanut, coffee, coconut","rice 3%, chickpea 0%, horse gram 0%",14%,False,"arecanut 70%, coffee 18%, black pepper 6%","chickpea 5,816 ha, jowar 2,699 ha, ragi 1,401 ha",0.75,10
taluk,CHIKMAGALUR,KOPPA,Rabi,rice,coffee,"coffee 41%, arecanut 36%, coconut 8%, black pepper 6%, banana 3%","coffee, arecanut, coconut","rice 3%, jowar 0%, ragi 0%",14%,False,"coffee 51%, arecanut 38%, black pepper 8%","chickpea 5,816 ha, jowar 2,699 ha, ragi 1,401 ha",0.75,10
taluk,CHIKMAGALUR,N.R. PURA,Rabi,rice,arecanut,"arecanut 39%, coffee 35%, coconut 10%, black pepper 5%, rice 3%","arecanut, coffee, coconut","rice 3%, maize 0%, chickpea 1%",14%,False,"arecanut 48%, coffee 38%, banana 6%","chickpea 5,816 ha, jowar 2,699 ha, ragi 1,401 ha",0.75,10
taluk,CHIKMAGALUR,TARIKERE,Rabi,chickpea,arecanut,"arecanut 38%, coconut 27%, coffee 18%, black pepper 3%, rice 2%","arecanut, coconut, coffee","chickpea 2%, horse gram 1%, jowar 1%",14%,False,"arecanut 47%, coconut 28%, chickpea 10%","chickpea 5,816 ha, jowar 2,699 ha, ragi 1,401 ha",0.75,10
taluk,CHIKMAGALUR,KADUR,Rabi,horse gram,coconut,"coconut 52%, arecanut 21%, coffee 12%, horse gram 3%, ragi 2%","coconut, arecanut, coffee","horse gram 3%, jowar 1%, chickpea 2%",14%,False,"coconut 65%, arecanut 17%, horse gram 8%","chickpea 5,816 ha, jowar 2,699 ha, ragi 1,401 ha",0.75,10
taluk,CHIKMAGALUR,CHIKKAMAGALUR,Rabi,jowar,coffee,"coffee 54%, arecanut 22%, coconut 9%, black pepper 7%, rice 2%","coffee, arecanut, coconut","jowar 0%, horse gram 0%, rice 2%",14%,False,"coffee 80%, black pepper 9%, coconut 6%","chickpea 5,816 ha, jowar 2,699 ha, ragi 1,401 ha",0.75,10
taluk,CHIKMAGALUR,MUDIGERE,Rabi,rice,coffee,"coffee 54%, arecanut 23%, coconut 8%, black pepper 7%, rice 2%","coffee, arecanut, coconut","rice 2%, jowar 0%, ragi 0%",14%,False,"coffee 81%, arecanut 11%, black pepper 8%","chickpea 5,816 ha, jowar 2,699 ha, ragi 1,401 ha",0.75,10
district,CHIKMAGALUR,,Summer,rice,coffee,"coffee 34%, arecanut 33%, coconut 18%, black pepper 5%, rice 3%","coffee, arecanut, coconut","rice 3%, maize 0%, ragi 0%",2%,True,"coffee 55%, coconut 25%, arecanut 16%","rice 331 ha, tomato 103 ha, maize 74 ha",,70
taluk,CHIKMAGALUR,SRINGERI,Summer,rice,arecanut,"arecanut 52%, coffee 24%, coconut 7%, black pepper 5%, banana 4%","arecanut, coffee, coconut","rice 4%, maize 0%, ragi 0%",2%,True,"arecanut 68%, coffee 18%, black pepper 6%","rice 331 ha, tomato 103 ha, maize 74 ha",0.75,10
taluk,CHIKMAGALUR,KOPPA,Summer,rice,coffee,"coffee 41%, arecanut 36%, coconut 8%, black pepper 6%, banana 3%","coffee, arecanut, coconut","rice 3%, jowar 0%, ragi 0%",2%,True,"coffee 51%, arecanut 38%, black pepper 8%","rice 331 ha, tomato 103 ha, maize 74 ha",0.75,10
taluk,CHIKMAGALUR,N.R. PURA,Summer,rice,arecanut,"arecanut 38%, coffee 35%, coconut 10%, black pepper 5%, rice 4%","arecanut, coffee, coconut","rice 4%, maize 0%, ragi 0%",2%,True,"arecanut 46%, coffee 37%, banana 6%","rice 331 ha, tomato 103 ha, maize 74 ha",0.75,10
taluk,CHIKMAGALUR,TARIKERE,Summer,rice,arecanut,"arecanut 38%, coconut 27%, coffee 17%, rice 3%, black pepper 3%","arecanut, coconut, coffee","rice 3%, maize 1%, jowar 1%",2%,True,"arecanut 58%, coconut 34%, mango 8%","rice 331 ha, tomato 103 ha, maize 74 ha",0.75,10
taluk,CHIKMAGALUR,KADUR,Summer,jowar,coconut,"coconut 53%, arecanut 21%, coffee 12%, horse gram 2%, black pepper 2%","coconut, arecanut, coffee","jowar 1%, maize 1%, ragi 1%",2%,True,"coconut 80%, arecanut 20%","rice 331 ha, tomato 103 ha, maize 74 ha",0.75,10
taluk,CHIKMAGALUR,CHIKKAMAGALUR,Summer,rice,coffee,"coffee 53%, arecanut 23%, coconut 9%, black pepper 7%, rice 2%","coffee, arecanut, coconut","rice 2%, maize 1%, jowar 0%",2%,True,"coffee 80%, black pepper 9%, coconut 6%","rice 331 ha, tomato 103 ha, maize 74 ha",0.75,10
taluk,CHIKMAGALUR,MUDIGERE,Summer,rice,coffee,"coffee 54%, arecanut 23%, coconut 8%, black pepper 7%, rice 2%","coffee, arecanut, coconut","rice 2%, jowar 0%, maize 0%",2%,True,"coffee 81%, arecanut 11%, black pepper 8%","rice 331 ha, tomato 103 ha, maize 74 ha",0.75,10
district,CHITRADURGA,,Kharif,groundnut,,"groundnut 24%, maize 23%, coconut 11%, ragi 10%, arecanut 9%",coconut,"groundnut 24%, maize 23%, ragi 10%",86%,False,"groundnut 31%, maize 28%, coconut 14%","groundnut 117,215 ha, maize 117,158 ha, ragi 37,350 ha",,63
taluk,CHITRADURGA,MOLKALMUR,Kharif,groundnut,,"groundnut 39%, maize 17%, cotton 7%, jowar 6%, ragi 6%",,"groundnut 39%, maize 17%, cotton 7%",86%,False,"groundnut 73%, cotton 10%, maize 6%","groundnut 117,215 ha, maize 117,158 ha, ragi 37,350 ha",0.75,10
taluk,CHITRADURGA,CHALLAKERE,Kharif,groundnut,,"groundnut 45%, maize 11%, ragi 7%, coconut 6%, arecanut 5%",,"groundnut 45%, pigeonpea (tur) 4%, maize 11%",86%,False,"groundnut 74%, onion 11%, maize 5%","groundnut 117,215 ha, maize 117,158 ha, ragi 37,350 ha",0.75,11
taluk,CHITRADURGA,CHITRADURGA,Kharif,maize,,"maize 39%, groundnut 13%, arecanut 12%, ragi 9%, coconut 8%",arecanut,"maize 39%, groundnut 13%, ragi 9%",86%,False,"maize 64%, arecanut 10%, onion 8%","groundnut 117,215 ha, maize 117,158 ha, ragi 37,350 ha",0.75,10
taluk,CHITRADURGA,HOLALKERE,Kharif,maize,,"maize 34%, arecanut 15%, coconut 14%, ragi 11%, groundnut 10%","arecanut, coconut","maize 34%, ragi 11%, groundnut 10%",86%,False,"maize 60%, arecanut 21%, coconut 11%","groundnut 117,215 ha, maize 117,158 ha, ragi 37,350 ha",0.75,10
taluk,CHITRADURGA,HOSADURGA,Kharif,ragi,coconut,"coconut 24%, maize 21%, ragi 17%, arecanut 11%, groundnut 9%",coconut,"ragi 17%, maize 21%, groundnut 9%",86%,False,"coconut 38%, ragi 33%, maize 10%","groundnut 117,215 ha, maize 117,158 ha, ragi 37,350 ha",0.75,10
taluk,CHITRADURGA,HIRIYUR,Kharif,groundnut,,"groundnut 28%, maize 15%, coconut 14%, ragi 12%, arecanut 9%",coconut,"groundnut 28%, maize 15%, ragi 12%",86%,False,"groundnut 27%, coconut 17%, ragi 10%","groundnut 117,215 ha, maize 117,158 ha, ragi 37,350 ha",0.75,10
district,CHITRADURGA,,Rabi,chickpea,arecanut,"arecanut 25%, coconut 24%, chickpea 12%, jowar 11%, pomegranate 5%","arecanut, coconut","chickpea 12%, maize 3%, groundnut 4%",12%,False,"coconut 50%, chickpea 33%, pomegranate 9%","chickpea 30,699 ha, maize 22,164 ha, groundnut 9,234 ha",,63
taluk,CHITRADURGA,MOLKALMUR,Rabi,jowar,,"jowar 29%, chickpea 16%, groundnut 9%, coconut 8%, arecanut 8%",,"jowar 29%, groundnut 9%, maize 3%",12%,False,"jowar 52%, chickpea 14%, sunflower 7%","chickpea 30,699 ha, maize 22,164 ha, groundnut 9,234 ha",0.75,10
taluk,CHITRADURGA,CHALLAKERE,Rabi,groundnut,arecanut,"arecanut 17%, coconut 16%, chickpea 13%, jowar 13%, groundnut 8%","arecanut, coconut","groundnut 8%, jowar 13%, onion 2%",12%,False,"chickpea 21%, jowar 15%, arecanut 13%","chickpea 30,699 ha, maize 22,164 ha, groundnut 9,234 ha",0.75,11
taluk,CHITRADURGA,CHITRADURGA,Rabi,maize,arecanut,"arecanut 38%, coconut 17%, chickpea 15%, jowar 6%, maize 5%","arecanut, coconut","maize 5%, chickpea 15%, jowar 6%",12%,False,"chickpea 48%, arecanut 39%, maize 6%","chickpea 30,699 ha, maize 22,164 ha, groundnut 9,234 ha",0.75,10
taluk,CHITRADURGA,HOLALKERE,Rabi,maize,arecanut,"arecanut 40%, coconut 27%, chickpea 9%, maize 4%, jowar 4%","arecanut, coconut","maize 4%, chickpea 9%, jowar 4%",12%,False,"arecanut 53%, coconut 27%, banana 7%","chickpea 30,699 ha, maize 22,164 ha, groundnut 9,234 ha",0.75,10
taluk,CHITRADURGA,HOSADURGA,Rabi,ragi,coconut,"coconut 48%, arecanut 23%, chickpea 6%, pomegranate 5%, jowar 4%","coconut, arecanut","ragi 1%, jowar 4%, chickpea 6%",12%,False,"coconut 76%, arecanut 9%, pomegranate 8%","chickpea 30,699 ha, maize 22,164 ha, groundnut 9,234 ha",0.75,10
taluk,CHITRADURGA,HIRIYUR,Rabi,jowar,coconut,"coconut 32%, arecanut 25%, chickpea 10%, pomegranate 7%, jowar 6%","coconut, arecanut","jowar 6%, chickpea 10%, groundnut 3%",12%,False,"coconut 34%, chickpea 27%, jowar 11%","chickpea 30,699 ha, maize 22,164 ha, groundnut 9,234 ha",0.75,10
district,CHITRADURGA,,Summer,maize,arecanut,"arecanut 27%, coconut 27%, rice 9%, groundnut 8%, pomegranate 6%","arecanut, coconut","maize 3%, jowar 3%, rice 9%",1%,True,"coconut 77%, pomegranate 14%, arecanut 6%","maize 6,256 ha, ragi 1,447 ha, tomato 615 ha",,63
taluk,CHITRADURGA,MOLKALMUR,Summer,rice,,"rice 21%, groundnut 18%, coconut 11%, arecanut 10%, pomegranate 8%",coconut,"rice 21%, jowar 6%, maize 3%",1%,True,"rice 28%, groundnut 24%, pomegranate 16%","maize 6,256 ha, ragi 1,447 ha, tomato 615 ha",0.75,10
taluk,CHITRADURGA,CHALLAKERE,Summer,rice,arecanut,"arecanut 20%, coconut 20%, groundnut 12%, rice 11%, pomegranate 10%","arecanut, coconut","rice 11%, jowar 4%, maize 2%",1%,True,"arecanut 24%, pomegranate 22%, rice 18%","maize 6,256 ha, ragi 1,447 ha, tomato 615 ha",0.75,11
taluk,CHITRADURGA,CHITRADURGA,Summer,maize,arecanut,"arecanut 41%, coconut 18%, rice 9%, groundnut 5%, chickpea 5%","arecanut, coconut","maize 4%, rice 9%, ragi 1%",1%,True,"arecanut 81%, coconut 8%, rice 7%","maize 6,256 ha, ragi 1,447 ha, tomato 615 ha",0.75,10
taluk,CHITRADURGA,HOLALKERE,Summer,maize,arecanut,"arecanut 42%, coconut 29%, chickpea 4%, banana 4%, mango 4%","arecanut, coconut","maize 3%, rice 4%, ragi 1%",1%,True,"arecanut 58%, coconut 29%, banana 8%","maize 6,256 ha, ragi 1,447 ha, tomato 615 ha",0.75,10
taluk,CHITRADURGA,HOSADURGA,Summer,rice,coconut,"coconut 50%, arecanut 24%, pomegranate 5%, rice 3%, chickpea 3%","coconut, arecanut, pomegranate","rice 3%, ragi 1%, maize 2%",1%,True,"coconut 81%, arecanut 10%, pomegranate 9%","maize 6,256 ha, ragi 1,447 ha, tomato 615 ha",0.75,10
taluk,CHITRADURGA,HIRIYUR,Summer,rice,coconut,"coconut 36%, arecanut 27%, pomegranate 8%, mango 6%, rice 4%","coconut, arecanut, pomegranate","rice 4%, jowar 2%, maize 1%",1%,True,"coconut 62%, arecanut 20%, pomegranate 11%","maize 6,256 ha, ragi 1,447 ha, tomato 615 ha",0.75,10
district,DAKSHIN KANNAD,,Kharif,rice,arecanut,"arecanut 45%, coconut 24%, rice 11%, cashewnut 10%, coffee 4%","arecanut, coconut",rice 11%,64%,False,"coconut 48%, rice 31%, arecanut 14%","rice 6,186 ha, cowpea 1 ha",,48
taluk,DAKSHIN KANNAD,MANGALORE,Kharif,rice,arecanut,"arecanut 36%, coconut 28%, rice 22%, cashewnut 9%, coffee 1%","arecanut, coconut",rice 22%,64%,False,"arecanut 39%, coconut 29%, rice 22%","rice 6,186 ha, cowpea 1 ha",0.75,6
taluk,DAKSHIN KANNAD,BANTWAL,Kharif,rice,arecanut,"arecanut 46%, coconut 25%, cashewnut 11%, rice 10%, banana 3%","arecanut, coconut, cashewnut",rice 10%,64%,False,"arecanut 59%, coconut 17%, cashewnut 13%","rice 6,186 ha, cowpea 1 ha",0.75,10
taluk,DAKSHIN KANNAD,BELTANGADY,Kharif,rice,arecanut,"arecanut 49%, coconut 20%, rice 11%, cashewnut 10%, coffee 5%","arecanut, coconut",rice 11%,64%,False,"arecanut 68%, coconut 18%, cashewnut 8%","rice 6,186 ha, cowpea 1 ha",0.75,10
taluk,DAKSHIN KANNAD,PUTTUR,Kharif,rice,arecanut,"arecanut 48%, coconut 22%, cashewnut 11%, rice 8%, coffee 6%","arecanut, coconut, cashewnut",rice 8%,64%,False,"arecanut 62%, cashewnut 17%, coconut 16%","rice 6,186 ha, cowpea 1 ha",0.75,10
taluk,DAKSHIN KANNAD,SULYA,Kharif,rice,arecanut,"arecanut 46%, coconut 25%, cashewnut 11%, rice 6%, coffee 6%","arecanut, coconut, cashewnut",rice 6%,64%,False,"arecanut 57%, coconut 23%, cashewnut 16%","rice 6,186 ha, cowpea 1 ha",0.75,10
district,DAKSHIN KANNAD,,Rabi,rice,arecanut,"arecanut 51%, coconut 26%, cashewnut 12%, coffee 4%, banana 3%","arecanut, coconut, cashewnut",rice 3%,33%,False,"coconut 56%, rice 18%, arecanut 17%","rice 1,127 ha, cowpea 1 ha",,48
taluk,DAKSHIN KANNAD,MANGALORE,Rabi,rice,arecanut,"arecanut 43%, coconut 35%, cashewnut 11%, rice 5%, banana 2%","arecanut, coconut, cashewnut",rice 5%,33%,False,"arecanut 44%, coconut 33%, rice 12%","rice 1,127 ha, cowpea 1 ha",0.75,6
taluk,DAKSHIN KANNAD,BANTWAL,Rabi,rice,arecanut,"arecanut 52%, coconut 26%, cashewnut 13%, banana 3%, rice 3%","arecanut, coconut, cashewnut",rice 3%,33%,False,"arecanut 62%, coconut 17%, cashewnut 14%","rice 1,127 ha, cowpea 1 ha",0.75,10
taluk,DAKSHIN KANNAD,BELTANGADY,Rabi,rice,arecanut,"arecanut 57%, coconut 21%, cashewnut 11%, coffee 4%, banana 3%","arecanut, coconut, cashewnut",rice 3%,33%,False,"arecanut 70%, coconut 19%, cashewnut 9%","rice 1,127 ha, cowpea 1 ha",0.75,10
taluk,DAKSHIN KANNAD,PUTTUR,Rabi,rice,arecanut,"arecanut 54%, coconut 22%, cashewnut 12%, coffee 5%, banana 3%","arecanut, coconut, cashewnut",rice 2%,33%,False,"arecanut 62%, cashewnut 17%, coconut 16%","rice 1,127 ha, cowpea 1 ha",0.75,10
taluk,DAKSHIN KANNAD,SULYA,Rabi,rice,arecanut,"arecanut 50%, coconut 25%, cashewnut 12%, coffee 6%, banana 4%","arecanut, coconut, cashewnut",rice 1%,33%,False,"arecanut 57%, coconut 23%, cashewnut 16%","rice 1,127 ha, cowpea 1 ha",0.75,10
district,DAKSHIN KANNAD,,Summer,rice,arecanut,"arecanut 51%, coconut 26%, cashewnut 12%, coffee 4%, banana 3%","arecanut, coconut, cashewnut","rice 2%, cowpea 0%",3%,True,"coconut 69%, arecanut 20%, black pepper 11%","rice 9 ha, cowpea 6 ha",,48
taluk,DAKSHIN KANNAD,MANGALORE,Summer,rice,arecanut,"arecanut 44%, coconut 36%, cashewnut 12%, rice 4%, banana 2%","arecanut, coconut, cashewnut","rice 4%, cowpea 0%",3%,True,"arecanut 50%, coconut 37%, cashewnut 13%","rice 9 ha, cowpea 6 ha",0.75,6
taluk,DAKSHIN KANNAD,BANTWAL,Summer,rice,arecanut,"arecanut 53%, coconut 26%, cashewnut 13%, banana 3%, rice 2%","arecanut, coconut, cashewnut","rice 2%, cowpea 0%",3%,True,"arecanut 64%, coconut 18%, cashewnut 14%","rice 9 ha, cowpea 6 ha",0.75,10
taluk,DAKSHIN KANNAD,BELTANGADY,Summer,rice,arecanut,"arecanut 57%, coconut 21%, cashewnut 11%, coffee 5%, banana 3%","arecanut, coconut, cashewnut","rice 2%, cowpea 0%",3%,True,"arecanut 72%, coconut 19%, cashewnut 9%","rice 9 ha, cowpea 6 ha",0.75,10
taluk,DAKSHIN KANNAD,PUTTUR,Summer,rice,arecanut,"arecanut 54%, coconut 23%, cashewnut 12%, coffee 5%, banana 3%","arecanut, coconut, cashewnut","rice 2%, cowpea 0%",3%,True,"arecanut 62%, cashewnut 17%, coconut 16%","rice 9 ha, cowpea 6 ha",0.75,10
taluk,DAKSHIN KANNAD,SULYA,Summer,rice,arecanut,"arecanut 50%, coconut 25%, cashewnut 12%, coffee 6%, banana 4%","arecanut, coconut, cashewnut","rice 1%, cowpea 0%",3%,True,"arecanut 57%, coconut 23%, cashewnut 16%","rice 9 ha, cowpea 6 ha",0.75,10
district,DAVANGERE,,Kharif,maize,,"maize 42%, rice 20%, arecanut 12%, groundnut 6%, cotton 5%",arecanut,"maize 42%, rice 20%, ragi 4%",88%,False,"maize 64%, rice 18%, groundnut 5%","maize 123,767 ha, rice 62,378 ha, ragi 12,026 ha",,58
taluk,DAVANGERE,HARIHARA,Kharif,rice,,"rice 39%, maize 36%, arecanut 9%, cotton 4%, coconut 4%",arecanut,"rice 39%, maize 36%, cotton 4%",88%,False,"rice 73%, maize 19%, arecanut 5%","maize 123,767 ha, rice 62,378 ha, ragi 12,026 ha",0.75,10
taluk,DAVANGERE,HARAPANAHALLI,Kharif,maize,,"maize 50%, rice 13%, groundnut 8%, cotton 6%, arecanut 6%",,"maize 50%, rice 13%, cotton 6%",88%,False,"maize 73%, ragi 8%, rice 5%","maize 123,767 ha, rice 62,378 ha, ragi 12,026 ha",0.75,9
taluk,DAVANGERE,JAGALUR,Kharif,maize,,"maize 50%, groundnut 13%, rice 9%, ragi 7%, arecanut 6%",,"maize 50%, groundnut 13%, ragi 7%",88%,False,"maize 61%, groundnut 16%, ragi 11%","maize 123,767 ha, rice 62,378 ha, ragi 12,026 ha",0.75,10
taluk,DAVANGERE,DAVANAGERE,Kharif,maize,,"maize 44%, rice 21%, arecanut 11%, groundnut 6%, cotton 5%",arecanut,"maize 44%, rice 21%, ragi 3%",88%,False,"maize 44%, rice 36%, arecanut 16%","maize 123,767 ha, rice 62,378 ha, ragi 12,026 ha",0.75,9
taluk,DAVANGERE,HONNALI,Kharif,maize,,"maize 44%, rice 20%, arecanut 18%, cotton 6%, coconut 3%",arecanut,"maize 44%, rice 20%, cotton 6%",88%,False,"maize 58%, rice 21%, arecanut 21%","maize 123,767 ha, rice 62,378 ha, ragi 12,026 ha",0.75,10
taluk,DAVANGERE,CHANNAGIRI,Kharif,maize,,"maize 32%, arecanut 24%, rice 20%, coconut 7%, ragi 4%",arecanut,"maize 32%, rice 20%, ragi 4%",88%,False,"maize 42%, arecanut 37%, rice 18%","maize 123,767 ha, rice 62,378 ha, ragi 12,026 ha",0.75,10
district,DAVANGERE,,Rabi,chickpea,arecanut,"arecanut 41%, coconut 10%, jowar 9%, chickpea 8%, rice 6%","arecanut, coconut","chickpea 8%, maize 5%, jowar 9%",3%,True,"coconut 33%, arecanut 25%, sugarcane 22%","ragi 11,154 ha, maize 6,779 ha, chickpea 6,196 ha",,58
taluk,DAVANGERE,HARIHARA,Rabi,jowar,arecanut,"arecanut 39%, coconut 16%, rice 9%, jowar 9%, sugarcane 7%","arecanut, coconut","jowar 9%, rice 9%, maize 3%",3%,True,"arecanut 52%, coconut 33%, sugarcane 11%","ragi 11,154 ha, maize 6,779 ha, chickpea 6,196 ha",0.75,10
taluk,DAVANGERE,HARAPANAHALLI,Rabi,jowar,arecanut,"arecanut 26%, jowar 15%, chickpea 11%, sugarcane 7%, coconut 7%",arecanut,"jowar 15%, maize 6%, ragi 2%",3%,True,"sugarcane 21%, jowar 18%, arecanut 15%","ragi 11,154 ha, maize 6,779 ha, chickpea 6,196 ha",0.75,9
taluk,DAVANGERE,JAGALUR,Rabi,groundnut,arecanut,"arecanut 28%, chickpea 18%, jowar 10%, groundnut 8%, coconut 7%",arecanut,"groundnut 8%, jowar 10%, ragi 3%",3%,True,"chickpea 41%, arecanut 23%, groundnut 8%","ragi 11,154 ha, maize 6,779 ha, chickpea 6,196 ha",0.75,10
taluk,DAVANGERE,DAVANAGERE,Rabi,maize,arecanut,"arecanut 40%, coconut 10%, chickpea 9%, jowar 9%, rice 6%","arecanut, coconut","maize 5%, jowar 9%, rice 6%",3%,True,"arecanut 74%, coconut 16%, sugarcane 7%","ragi 11,154 ha, maize 6,779 ha, chickpea 6,196 ha",0.75,9
taluk,DAVANGERE,HONNALI,Rabi,maize,arecanut,"arecanut 53%, jowar 9%, coconut 8%, rice 5%, maize 4%","arecanut, coconut","maize 4%, jowar 9%, groundnut 1%",3%,True,"arecanut 88%, coconut 8%, banana 4%","ragi 11,154 ha, maize 6,779 ha, chickpea 6,196 ha",0.75,10
taluk,DAVANGERE,CHANNAGIRI,Rabi,maize,arecanut,"arecanut 56%, coconut 14%, rice 5%, jowar 4%, chickpea 4%","arecanut, coconut","maize 3%, jowar 4%, ragi 1%",3%,True,"arecanut 86%, coconut 8%, mango 6%","ragi 11,154 ha, maize 6,779 ha, chickpea 6,196 ha",0.75,10
district,DAVANGERE,,Summer,rice,arecanut,"arecanut 38%, rice 19%, coconut 9%, sugarcane 6%, groundnut 5%","arecanut, coconut","rice 19%, maize 5%",8%,True,"rice 47%, coconut 21%, arecanut 16%","rice 54,027 ha, maize 1,862 ha, ragi 549 ha",,58
taluk,DAVANGERE,HARIHARA,Summer,rice,,"rice 36%, arecanut 27%, coconut 10%, sugarcane 9%, maize 4%","arecanut, coconut","rice 36%, maize 4%",8%,True,"rice 77%, arecanut 12%, coconut 8%","rice 54,027 ha, maize 1,862 ha, ragi 549 ha",0.75,10
taluk,DAVANGERE,HARAPANAHALLI,Summer,rice,arecanut,"arecanut 26%, rice 18%, sugarcane 10%, groundnut 8%, coconut 7%","arecanut, sugarcane","rice 18%, maize 6%",8%,True,"rice 33%, sugarcane 21%, arecanut 15%","rice 54,027 ha, maize 1,862 ha, ragi 549 ha",0.75,9
taluk,DAVANGERE,JAGALUR,Summer,rice,arecanut,"arecanut 31%, groundnut 14%, rice 13%, coconut 7%, maize 5%",arecanut,"rice 13%, maize 5%",8%,True,"arecanut 39%, groundnut 25%, pomegranate 6%","rice 54,027 ha, maize 1,862 ha, ragi 549 ha",0.75,10
taluk,DAVANGERE,DAVANAGERE,Summer,rice,arecanut,"arecanut 37%, rice 21%, coconut 8%, sugarcane 7%, maize 5%","arecanut, coconut","rice 21%, maize 5%",8%,True,"rice 44%, arecanut 43%, coconut 9%","rice 54,027 ha, maize 1,862 ha, ragi 549 ha",0.75,9
taluk,DAVANGERE,HONNALI,Summer,rice,arecanut,"arecanut 50%, rice 15%, coconut 7%, maize 6%, sugarcane 6%","arecanut, coconut","rice 15%, maize 6%",8%,True,"arecanut 64%, rice 30%, coconut 6%","rice 54,027 ha, maize 1,862 ha, ragi 549 ha",0.75,10
taluk,DAVANGERE,CHANNAGIRI,Summer,rice,arecanut,"arecanut 54%, coconut 14%, rice 12%, sugarcane 4%, maize 3%","arecanut, coconut","rice 12%, maize 3%",8%,True,"arecanut 72%, rice 17%, coconut 6%","rice 54,027 ha, maize 1,862 ha, ragi 549 ha",0.75,10
district,DHARWAD,,Kharif,green gram,,"maize 18%, cotton 15%, green gram 12%, rice 10%, groundnut 10%",,"green gram 12%, maize 18%, cotton 15%",64%,False,"cotton 18%, green gram 14%, soybean 13%","green gram 102,121 ha, maize 48,724 ha, cotton 47,796 ha",,51
taluk,DHARWAD,DHARWAD,Kharif,rice,,"maize 15%, cotton 13%, rice 12%, soybean 11%, green gram 10%",,"rice 12%, maize 15%, green gram 10%",64%,False,"green gram 16%, soybean 16%, maize 14%","green gram 102,121 ha, maize 48,724 ha, cotton 47,796 ha",0.75,10
taluk,DHARWAD,NAVALGUND,Kharif,green gram,,"green gram 22%, maize 16%, cotton 16%, onion 9%, groundnut 9%",,"green gram 22%, cotton 16%, maize 16%",64%,False,"green gram 27%, cotton 24%, onion 17%","green gram 102,121 ha, maize 48,724 ha, cotton 47,796 ha",0.75,10
taluk,DHARWAD,HUBLI,Kharif,cotton,,"cotton 16%, maize 15%, green gram 14%, groundnut 11%, soybean 8%",,"cotton 16%, groundnut 11%, green gram 14%",64%,False,"cotton 20%, chilli 19%, groundnut 15%","green gram 102,121 ha, maize 48,724 ha, cotton 47,796 ha",0.75,10
taluk,DHARWAD,KALGHATGI,Kharif,rice,,"maize 22%, rice 21%, cotton 11%, soybean 10%, sugarcane 7%",,"rice 21%, maize 22%, soybean 10%",64%,False,"maize 34%, rice 25%, soybean 25%","green gram 102,121 ha, maize 48,724 ha, cotton 47,796 ha",0.75,10
taluk,DHARWAD,KUNDGOL,Kharif,cotton,,"cotton 21%, maize 20%, groundnut 15%, green gram 9%, chilli 8%",,"cotton 21%, groundnut 15%, chilli 8%",64%,False,"cotton 34%, groundnut 31%, chilli 27%","green gram 102,121 ha, maize 48,724 ha, cotton 47,796 ha",0.75,10
district,DHARWAD,,Rabi,chickpea,,"chickpea 23%, jowar 22%, sugarcane 13%, wheat 9%, mango 8%",sugarcane,"chickpea 23%, jowar 22%, wheat 9%",36%,False,"chickpea 53%, wheat 18%, mango 8%","chickpea 141,619 ha, jowar 28,372 ha, wheat 13,050 ha",,51
taluk,DHARWAD,DHARWAD,Rabi,chickpea,,"chickpea 23%, jowar 20%, sugarcane 19%, mango 11%, wheat 8%",sugarcane,"chickpea 23%, jowar 20%, wheat 8%",36%,False,"chickpea 44%, jowar 20%, mango 13%","chickpea 141,619 ha, jowar 28,372 ha, wheat 13,050 ha",0.75,10
taluk,DHARWAD,NAVALGUND,Rabi,chickpea,,"chickpea 34%, jowar 18%, wheat 14%, cotton 8%, sugarcane 5%",,"chickpea 34%, wheat 14%, jowar 18%",36%,False,"chickpea 51%, wheat 22%, jowar 14%","chickpea 141,619 ha, jowar 28,372 ha, wheat 13,050 ha",0.75,10
taluk,DHARWAD,HUBLI,Rabi,jowar,,"chickpea 28%, jowar 20%, sugarcane 11%, wheat 10%, mango 8%",sugarcane,"jowar 20%, chickpea 28%, wheat 10%",36%,False,"chickpea 36%, jowar 26%, wheat 17%","chickpea 141,619 ha, jowar 28,372 ha, wheat 13,050 ha",0.75,10
taluk,DHARWAD,KALGHATGI,Rabi,jowar,,"jowar 24%, sugarcane 21%, mango 11%, chickpea 10%, arecanut 7%","sugarcane, mango","jowar 24%, maize 4%, chickpea 10%",36%,False,"jowar 51%, sugarcane 20%, horse gram 12%","chickpea 141,619 ha, jowar 28,372 ha, wheat 13,050 ha",0.75,10
taluk,DHARWAD,KUNDGOL,Rabi,jowar,,"jowar 26%, chickpea 19%, wheat 9%, cotton 9%, sugarcane 8%",,"jowar 26%, chickpea 19%, wheat 9%",36%,False,"chickpea 30%, jowar 27%, wheat 24%","chickpea 141,619 ha, jowar 28,372 ha, wheat 13,050 ha",0.75,10
district,DHARWAD,,Summer,maize,sugarcane,"sugarcane 28%, mango 22%, groundnut 9%, coconut 8%, maize 6%","sugarcane, mango","maize 6%, rice 3%, tomato 0%",0%,True,"mango 68%, sugarcane 27%, sapota 5%","maize 893 ha, rice 74 ha, tomato 41 ha",,51
taluk,DHARWAD,DHARWAD,Summer,maize,sugarcane,"sugarcane 38%, mango 29%, coconut 5%, groundnut 5%, chickpea 4%","sugarcane, mango, coconut","maize 4%, rice 1%, tomato 0%",0%,True,"mango 58%, sugarcane 42%","maize 893 ha, rice 74 ha, tomato 41 ha",0.75,10
taluk,DHARWAD,NAVALGUND,Summer,maize,sugarcane,"sugarcane 20%, coconut 18%, maize 13%, mango 12%, groundnut 11%","sugarcane, coconut","maize 13%, rice 3%, tomato 0%",0%,True,"coconut 51%, maize 33%, sugarcane 6%","maize 893 ha, rice 74 ha, tomato 41 ha",0.75,10
taluk,DHARWAD,HUBLI,Summer,maize,mango,"mango 27%, sugarcane 25%, groundnut 12%, coconut 8%, maize 5%","mango, sugarcane","maize 5%, rice 2%, tomato 0%",0%,True,"mango 61%, coconut 15%, sugarcane 8%","maize 893 ha, rice 74 ha, tomato 41 ha",0.75,10
taluk,DHARWAD,KALGHATGI,Summer,rice,sugarcane,"sugarcane 37%, mango 22%, arecanut 8%, jowar 6%, maize 5%","sugarcane, mango, arecanut","rice 4%, maize 5%, tomato 0%",0%,True,"sugarcane 70%, mango 24%, maize 6%","maize 893 ha, rice 74 ha, tomato 41 ha",0.75,10
taluk,DHARWAD,KUNDGOL,Summer,maize,mango,"mango 19%, sugarcane 19%, groundnut 16%, coconut 7%, maize 6%","mango, sugarcane","maize 6%, rice 5%, tomato 0%",0%,True,"groundnut 38%, mango 26%, chilli 12%","maize 893 ha, rice 74 ha, tomato 41 ha",0.75,10
district,GADAG,,Kharif,green gram,,"green gram 24%, maize 21%, cotton 12%, groundnut 12%, onion 8%",,"green gram 24%, maize 21%, onion 8%",59%,False,"green gram 39%, maize 19%, onion 14%","green gram 130,105 ha, maize 112,055 ha, onion 32,733 ha",,50
taluk,GADAG,NARAGUND,Kharif,green gram,,"green gram 28%, maize 20%, cotton 10%, onion 8%, groundnut 6%",,"green gram 28%, maize 20%, cotton 10%",59%,False,"green gram 47%, maize 32%, cotton 9%","green gram 130,105 ha, maize 112,055 ha, onion 32,733 ha",0.75,10
taluk,GADAG,RON,Kharif,green gram,,"green gram 30%, maize 17%, groundnut 11%, onion 11%, cotton 8%",,"green gram 30%, onion 11%, cotton 8%",59%,False,"green gram 55%, onion 16%, groundnut 10%","green gram 130,105 ha, maize 112,055 ha, onion 32,733 ha",0.75,10
taluk,GADAG,GADAG,Kharif,green gram,,"green gram 29%, maize 16%, onion 12%, cotton 11%, groundnut 11%",,"green gram 29%, onion 12%, cotton 11%",59%,False,"green gram 32%, onion 18%, chilli 17%","green gram 130,105 ha, maize 112,055 ha, onion 32,733 ha",0.75,10
taluk,GADAG,SHIRAHATTI,Kharif,cotton,,"maize 28%, cotton 20%, groundnut 17%, green gram 13%, chilli 5%",,"cotton 20%, maize 28%, groundnut 17%",59%,False,"maize 34%, groundnut 25%, cotton 21%","green gram 130,105 ha, maize 112,055 ha, onion 32,733 ha",0.75,10
taluk,GADAG,MUNDARGI,Kharif,maize,,"maize 23%, green gram 20%, groundnut 13%, cotton 12%, onion 7%",,"maize 23%, green gram 20%, groundnut 13%",59%,False,"maize 35%, green gram 18%, groundnut 17%","green gram 130,105 ha, maize 112,055 ha, onion 32,733 ha",0.75,10
district,GADAG,,Rabi,chickpea,,"chickpea 32%, jowar 26%, wheat 10%, cotton 8%, sunflower 7%",,"chickpea 32%, jowar 26%, wheat 10%",40%,False,"chickpea 70%, wheat 10%, cotton 7%","chickpea 153,989 ha, jowar 26,034 ha, sunflower 15,866 ha",,50
taluk,GADAG,NARAGUND,Rabi,chickpea,,"chickpea 33%, jowar 22%, wheat 15%, sunflower 8%, cotton 6%",,"chickpea 33%, wheat 15%, jowar 22%",40%,False,"chickpea 39%, wheat 31%, jowar 15%","chickpea 153,989 ha, jowar 26,034 ha, sunflower 15,866 ha",0.75,10
taluk,GADAG,RON,Rabi,chickpea,,"chickpea 39%, jowar 25%, wheat 9%, sunflower 7%, cotton 6%",,"chickpea 39%, jowar 25%, wheat 9%",40%,False,"chickpea 57%, jowar 25%, wheat 10%","chickpea 153,989 ha, jowar 26,034 ha, sunflower 15,866 ha",0.75,10
taluk,GADAG,GADAG,Rabi,chickpea,,"chickpea 39%, jowar 24%, wheat 10%, cotton 7%, sunflower 7%",,"chickpea 39%, jowar 24%, wheat 10%",40%,False,"chickpea 52%, jowar 24%, wheat 11%","chickpea 153,989 ha, jowar 26,034 ha, sunflower 15,866 ha",0.75,10
taluk,GADAG,SHIRAHATTI,Rabi,jowar,,"jowar 33%, chickpea 19%, cotton 13%, wheat 7%, groundnut 6%",,"jowar 33%, cotton 13%, groundnut 6%",40%,False,"jowar 37%, cotton 32%, chickpea 17%","chickpea 153,989 ha, jowar 26,034 ha, sunflower 15,866 ha",0.75,10
taluk,GADAG,MUNDARGI,Rabi,jowar,,"jowar 29%, chickpea 28%, sunflower 8%, cotton 8%, wheat 7%",,"jowar 29%, chickpea 28%, sunflower 8%",40%,False,"jowar 40%, chickpea 25%, sunflower 22%","chickpea 153,989 ha, jowar 26,034 ha, sunflower 15,866 ha",0.75,10
district,GADAG,,Summer,rice,,"groundnut 31%, sugarcane 19%, rice 8%, mango 8%, sunflower 6%",sugarcane,"rice 8%, sunflower 6%, cowpea 2%",1%,True,"groundnut 46%, sugarcane 35%, rice 11%","rice 2,674 ha, cowpea 823 ha, maize 307 ha",,50
taluk,GADAG,NARAGUND,Summer,sunflower,sugarcane,"sugarcane 32%, groundnut 20%, sunflower 10%, coconut 9%, maize 6%",sugarcane,"sunflower 10%, maize 6%, rice 5%",1%,True,"sugarcane 49%, sunflower 29%, groundnut 7%","rice 2,674 ha, cowpea 823 ha, maize 307 ha",0.75,10
taluk,GADAG,RON,Summer,sunflower,,"groundnut 39%, sugarcane 16%, mango 9%, sunflower 7%, rice 7%","sugarcane, mango","sunflower 7%, rice 7%, onion 1%",1%,True,"groundnut 65%, sugarcane 15%, sunflower 12%","rice 2,674 ha, cowpea 823 ha, maize 307 ha",0.75,10
taluk,GADAG,GADAG,Summer,rice,,"groundnut 36%, sugarcane 13%, mango 12%, rice 7%, sunflower 6%","sugarcane, mango","rice 7%, sunflower 6%, maize 4%",1%,True,"groundnut 49%, mango 26%, rice 6%","rice 2,674 ha, cowpea 823 ha, maize 307 ha",0.75,10
taluk,GADAG,SHIRAHATTI,Summer,rice,,"groundnut 30%, sugarcane 16%, rice 10%, mango 6%, coconut 5%",sugarcane,"rice 10%, maize 4%, sunflower 3%",1%,True,"groundnut 49%, rice 15%, sugarcane 12%","rice 2,674 ha, cowpea 823 ha, maize 307 ha",0.75,10
taluk,GADAG,MUNDARGI,Summer,rice,,"groundnut 29%, sugarcane 17%, rice 12%, mango 7%, sunflower 6%",sugarcane,"rice 12%, sunflower 6%, maize 4%",1%,True,"rice 36%, sugarcane 29%, groundnut 17%","rice 2,674 ha, cowpea 823 ha, maize 307 ha",0.75,10
district,GULBARGA,,Kharif,pigeonpea (tur),,"pigeonpea (tur) 54%, cotton 11%, green gram 7%, sugarcane 4%, black gram 4%",,"pigeonpea (tur) 54%, cotton 11%, green gram 7%",72%,False,"pigeonpea (tur) 72%, cotton 10%, green gram 9%","pigeonpea (tur) 486,238 ha, cotton 135,338 ha, soybean 51,180 ha",,60
taluk,GULBARGA,AFZALPUR + ALAND,Kharif,pigeonpea (tur),,"pigeonpea (tur) 56%, cotton 10%, sugarcane 6%, green gram 5%, soybean 5%",sugarcane,"pigeonpea (tur) 56%, black gram 4%, green gram 5%",72%,False,"pigeonpea (tur) 74%, sugarcane 7%, black gram 5%","pigeonpea (tur) 486,238 ha, cotton 135,338 ha, soybean 51,180 ha",0.75,10
taluk,GULBARGA,GULBARGA,Kharif,pigeonpea (tur),,"pigeonpea (tur) 58%, cotton 8%, green gram 7%, soybean 5%, black gram 5%",,"pigeonpea (tur) 58%, green gram 7%, black gram 5%",72%,False,"pigeonpea (tur) 82%, green gram 7%, cotton 5%","pigeonpea (tur) 486,238 ha, cotton 135,338 ha, soybean 51,180 ha",0.75,10
taluk,GULBARGA,CHINCHOLI,Kharif,pigeonpea (tur),,"pigeonpea (tur) 46%, cotton 10%, green gram 8%, black gram 6%, soybean 6%",,"pigeonpea (tur) 46%, black gram 6%, green gram 8%",72%,False,"pigeonpea (tur) 68%, green gram 16%, black gram 16%","pigeonpea (tur) 486,238 ha, cotton 135,338 ha, soybean 51,180 ha",0.75,10
taluk,GULBARGA,SEDAM,Kharif,pigeonpea (tur),,"pigeonpea (tur) 54%, cotton 11%, green gram 9%, rice 4%, black gram 4%",,"pigeonpea (tur) 54%, green gram 9%, black gram 4%",72%,False,"pigeonpea (tur) 72%, green gram 18%, black gram 6%","pigeonpea (tur) 486,238 ha, cotton 135,338 ha, soybean 51,180 ha",0.75,10
taluk,GULBARGA,CHITAPUR,Kharif,pigeonpea (tur),,"pigeonpea (tur) 54%, cotton 12%, green gram 8%, rice 4%, jowar 4%",,"pigeonpea (tur) 54%, green gram 8%, black gram 4%",72%,False,"pigeonpea (tur) 77%, green gram 14%, cotton 6%","pigeonpea (tur) 486,238 ha, cotton 135,338 ha, soybean 51,180 ha",0.75,10
taluk,GULBARGA,JEWARGI,Kharif,pigeonpea (tur),,"pigeonpea (tur) 56%, cotton 14%, sugarcane 6%, green gram 5%, rice 4%",sugarcane,"pigeonpea (tur) 56%, cotton 14%, green gram 5%",72%,False,"pigeonpea (tur) 66%, cotton 29%, sugarcane 3%","pigeonpea (tur) 486,238 ha, cotton 135,338 ha, soybean 51,180 ha",0.75,10
district,GULBARGA,,Rabi,jowar,,"jowar 38%, chickpea 31%, sugarcane 11%, pigeonpea (tur) 4%, wheat 3%",sugarcane,"jowar 38%, chickpea 31%, wheat 3%",28%,False,"chickpea 62%, jowar 26%, sugarcane 9%","jowar 58,085 ha, chickpea 40,369 ha, safflower 17,427 ha",,60
taluk,GULBARGA,AFZALPUR + ALAND,Rabi,jowar,,"jowar 36%, chickpea 30%, sugarcane 14%, wheat 5%, pigeonpea (tur) 4%",sugarcane,"jowar 36%, chickpea 30%, wheat 5%",28%,False,"jowar 37%, chickpea 28%, sugarcane 24%","jowar 58,085 ha, chickpea 40,369 ha, safflower 17,427 ha",0.75,10
taluk,GULBARGA,GULBARGA,Rabi,jowar,,"jowar 39%, chickpea 32%, sugarcane 12%, pigeonpea (tur) 4%, wheat 3%",sugarcane,"jowar 39%, chickpea 32%, wheat 3%",28%,False,"jowar 54%, chickpea 31%, sugarcane 9%","jowar 58,085 ha, chickpea 40,369 ha, safflower 17,427 ha",0.75,10
taluk,GULBARGA,CHINCHOLI,Rabi,jowar,,"jowar 32%, chickpea 31%, sugarcane 11%, rice 5%, pigeonpea (tur) 4%",sugarcane,"jowar 32%, chickpea 31%, groundnut 2%",28%,False,"jowar 49%, chickpea 42%, sugarcane 6%","jowar 58,085 ha, chickpea 40,369 ha, safflower 17,427 ha",0.75,10
taluk,GULBARGA,SEDAM,Rabi,jowar,,"jowar 40%, chickpea 32%, sugarcane 7%, groundnut 4%, pigeonpea (tur) 4%",sugarcane,"jowar 40%, chickpea 32%, groundnut 4%",28%,False,"chickpea 52%, jowar 48%","jowar 58,085 ha, chickpea 40,369 ha, safflower 17,427 ha",0.75,10
taluk,GULBARGA,CHITAPUR,Rabi,chickpea,,"jowar 40%, chickpea 30%, sugarcane 8%, pigeonpea (tur) 4%, groundnut 4%",sugarcane,"chickpea 30%, jowar 40%, wheat 2%",28%,False,"jowar 53%, chickpea 47%","jowar 58,085 ha, chickpea 40,369 ha, safflower 17,427 ha",0.75,10
taluk,GULBARGA,JEWARGI,Rabi,jowar,,"jowar 38%, chickpea 28%, sugarcane 14%, wheat 4%, pigeonpea (tur) 4%",sugarcane,"jowar 38%, chickpea 28%, wheat 4%",28%,False,"jowar 44%, chickpea 29%, sugarcane 16%","jowar 58,085 ha, chickpea 40,369 ha, safflower 17,427 ha",0.75,10
district,GULBARGA,,Summer,rice,sugarcane,"sugarcane 55%, groundnut 13%, rice 7%, banana 7%, mango 6%",sugarcane,"rice 7%, jowar 2%, maize 1%",0%,True,sugarcane 100%,"rice 1,695 ha, jowar 377 ha, onion 122 ha",,60
taluk,GULBARGA,AFZALPUR + ALAND,Summer,rice,sugarcane,"sugarcane 67%, groundnut 9%, banana 6%, rice 4%, mango 4%","sugarcane, banana","rice 4%, jowar 2%, bajra 0%",0%,True,"sugarcane 95%, banana 5%","rice 1,695 ha, jowar 377 ha, onion 122 ha",0.75,10
taluk,GULBARGA,GULBARGA,Summer,rice,sugarcane,"sugarcane 63%, banana 9%, groundnut 9%, mango 6%, rice 4%","sugarcane, banana","rice 4%, jowar 2%, bajra 0%",0%,True,"sugarcane 75%, banana 22%, mango 3%","rice 1,695 ha, jowar 377 ha, onion 122 ha",0.75,10
taluk,GULBARGA,CHINCHOLI,Summer,jowar,sugarcane,"sugarcane 54%, banana 11%, groundnut 7%, mango 7%, black pepper 6%","sugarcane, banana","jowar 2%, rice 3%, maize 2%",0%,True,"sugarcane 53%, banana 28%, mango 10%","rice 1,695 ha, jowar 377 ha, onion 122 ha",0.75,10
taluk,GULBARGA,SEDAM,Summer,rice,sugarcane,"sugarcane 38%, groundnut 24%, rice 13%, mango 8%, banana 4%",sugarcane,"rice 13%, jowar 3%, maize 1%",0%,True,"groundnut 55%, rice 32%, sugarcane 10%","rice 1,695 ha, jowar 377 ha, onion 122 ha",0.75,10
taluk,GULBARGA,CHITAPUR,Summer,rice,sugarcane,"sugarcane 45%, groundnut 19%, rice 11%, banana 6%, mango 6%",sugarcane,"rice 11%, jowar 3%, bajra 0%",0%,True,"groundnut 39%, sugarcane 38%, banana 12%","rice 1,695 ha, jowar 377 ha, onion 122 ha",0.75,10
taluk,GULBARGA,JEWARGI,Summer,rice,sugarcane,"sugarcane 61%, groundnut 13%, rice 8%, banana 4%, mango 3%",sugarcane,"rice 8%, jowar 2%, maize 0%",0%,True,"sugarcane 85%, rice 11%, groundnut 4%","rice 1,695 ha, jowar 377 ha, onion 122 ha",0.75,10
district,HASSAN,,Kharif,maize,coconut,"coconut 19%, coffee 18%, ragi 15%, maize 15%, rice 11%","coconut, coffee","maize 15%, ragi 15%, rice 11%",93%,False,"maize 25%, coconut 23%, ragi 19%","maize 106,933 ha, ragi 99,098 ha, rice 32,308 ha",,81
taluk,HASSAN,SAKALESHPUR,Kharif,rice,coffee,"coffee 50%, rice 12%, coconut 7%, arecanut 7%, maize 6%","coffee, coconut","rice 12%, ragi 5%, maize 6%",93%,False,"coffee 71%, rice 18%, black pepper 9%","maize 106,933 ha, ragi 99,098 ha, rice 32,308 ha",0.75,10
taluk,HASSAN,BELUR,Kharif,maize,coffee,"coffee 23%, maize 17%, coconut 17%, ragi 12%, rice 10%","coffee, coconut","maize 17%, rice 10%, ragi 12%",93%,False,"coffee 35%, maize 32%, rice 12%","maize 106,933 ha, ragi 99,098 ha, rice 32,308 ha",0.75,10
taluk,HASSAN,ARASIKERE,Kharif,ragi,coconut,"coconut 38%, ragi 24%, maize 11%, coffee 6%, rice 5%",coconut,"ragi 24%, maize 11%, jowar 2%",93%,False,"coconut 49%, ragi 31%, maize 12%","maize 106,933 ha, ragi 99,098 ha, rice 32,308 ha",0.75,10
taluk,HASSAN,HASSAN,Kharif,maize,,"maize 23%, coconut 20%, ragi 14%, coffee 12%, rice 10%",coconut,"maize 23%, ragi 14%, potato 4%",93%,False,"maize 49%, potato 14%, ragi 12%","maize 106,933 ha, ragi 99,098 ha, rice 32,308 ha",0.75,10
taluk,HASSAN,ALUR,Kharif,maize,coffee,"coffee 28%, maize 17%, rice 12%, coconut 11%, ragi 9%",coffee,"maize 17%, rice 12%, ragi 9%",93%,False,"maize 31%, coffee 30%, rice 22%","maize 106,933 ha, ragi 99,098 ha, rice 32,308 ha",0.75,10
taluk,HASSAN,ARKALGUD,Kharif,maize,,"rice 17%, ragi 16%, maize 15%, tobacco 14%, coconut 12%",,"maize 15%, rice 17%, ragi 16%",93%,False,"maize 34%, rice 20%, tobacco 15%","maize 106,933 ha, ragi 99,098 ha, rice 32,308 ha",0.75,10
taluk,HASSAN,HOLENARASIPURA,Kharif,ragi,,"ragi 18%, coconut 17%, rice 17%, maize 15%, tobacco 8%",coconut,"ragi 18%, rice 17%, maize 15%",93%,False,"ragi 27%, rice 24%, maize 22%","maize 106,933 ha, ragi 99,098 ha, rice 32,308 ha",0.75,10
taluk,HASSAN,CHANNARAYAPATNA,Kharif,ragi,coconut,"coconut 35%, ragi 23%, maize 12%, rice 7%, coffee 7%",coconut,"ragi 23%, maize 12%, rice 7%",93%,False,"coconut 51%, ragi 33%, maize 7%","maize 106,933 ha, ragi 99,098 ha, rice 32,308 ha",0.75,10
district,HASSAN,,Rabi,ragi,coconut,"coconut 42%, coffee 28%, arecanut 7%, ragi 5%, maize 3%","coconut, coffee, arecanut","ragi 5%, maize 3%, horse gram 3%",7%,True,"coconut 56%, coffee 26%, black pepper 12%","ragi 11,149 ha, maize 9,436 ha, cowpea 2,327 ha",,81
taluk,HASSAN,SAKALESHPUR,Rabi,rice,coffee,"coffee 63%, coconut 12%, arecanut 8%, black pepper 6%, rice 2%","coffee, coconut, arecanut","rice 2%, ragi 1%, maize 1%",7%,True,"coffee 84%, black pepper 10%, cardamom 3%","ragi 11,149 ha, maize 9,436 ha, cowpea 2,327 ha",0.75,10
taluk,HASSAN,BELUR,Rabi,maize,coffee,"coffee 41%, coconut 34%, arecanut 6%, maize 4%, black pepper 3%","coffee, coconut, arecanut","maize 4%, ragi 3%, jowar 0%",7%,True,"coffee 78%, coconut 11%, arecanut 4%","ragi 11,149 ha, maize 9,436 ha, cowpea 2,327 ha",0.75,10
taluk,HASSAN,ARASIKERE,Rabi,ragi,coconut,"coconut 70%, coffee 10%, arecanut 7%, ragi 3%, horse gram 2%","coconut, coffee, arecanut","ragi 3%, horse gram 2%, maize 2%",7%,True,"coconut 90%, ragi 6%, horse gram 4%","ragi 11,149 ha, maize 9,436 ha, cowpea 2,327 ha",0.75,10
taluk,HASSAN,HASSAN,Rabi,maize,coconut,"coconut 51%, coffee 23%, arecanut 6%, maize 5%, ragi 4%","coconut, coffee, arecanut","maize 5%, ragi 4%, horse gram 2%",7%,True,"coconut 65%, maize 16%, ragi 10%","ragi 11,149 ha, maize 9,436 ha, cowpea 2,327 ha",0.75,10
taluk,HASSAN,ALUR,Rabi,maize,coffee,"coffee 50%, coconut 23%, arecanut 6%, black pepper 4%, maize 4%","coffee, coconut, arecanut","maize 4%, ragi 3%, jowar 0%",7%,True,"coffee 82%, black pepper 6%, arecanut 5%","ragi 11,149 ha, maize 9,436 ha, cowpea 2,327 ha",0.75,10
taluk,HASSAN,ARKALGUD,Rabi,maize,coconut,"coconut 33%, coffee 13%, arecanut 13%, ragi 9%, horse gram 7%","coconut, coffee, arecanut","maize 5%, ragi 9%, horse gram 7%",7%,True,"coconut 29%, arecanut 28%, coffee 12%","ragi 11,149 ha, maize 9,436 ha, cowpea 2,327 ha",0.75,10
taluk,HASSAN,HOLENARASIPURA,Rabi,ragi,coconut,"coconut 45%, coffee 12%, sugarcane 8%, ragi 8%, arecanut 7%","coconut, coffee, sugarcane","ragi 8%, horse gram 6%, maize 3%",7%,True,"coconut 44%, sugarcane 15%, ragi 14%","ragi 11,149 ha, maize 9,436 ha, cowpea 2,327 ha",0.75,10
taluk,HASSAN,CHANNARAYAPATNA,Rabi,ragi,coconut,"coconut 69%, coffee 11%, arecanut 4%, ragi 4%, sugarcane 3%","coconut, coffee, arecanut","ragi 4%, horse gram 2%, maize 2%",7%,True,"coconut 90%, ragi 7%, sugarcane 4%","ragi 11,149 ha, maize 9,436 ha, cowpea 2,327 ha",0.75,10
district,HASSAN,,Summer,maize,coconut,"coconut 44%, coffee 28%, arecanut 8%, sugarcane 3%, banana 3%","coconut, coffee, arecanut","maize 2%, ragi 3%, rice 2%",0%,True,"coconut 59%, coffee 28%, black pepper 13%","maize 1,198 ha, ragi 172 ha, rice 154 ha",,81
taluk,HASSAN,SAKALESHPUR,Summer,rice,coffee,"coffee 63%, coconut 13%, arecanut 9%, black pepper 6%, rice 2%","coffee, coconut, arecanut","rice 2%, ragi 1%, maize 1%",0%,True,"coffee 84%, black pepper 10%, cardamom 3%","maize 1,198 ha, ragi 172 ha, rice 154 ha",0.75,10
taluk,HASSAN,BELUR,Summer,maize,coffee,"coffee 41%, coconut 35%, arecanut 7%, maize 3%, black pepper 3%","coffee, coconut, arecanut","maize 3%, rice 2%, jowar 0%",0%,True,"coffee 81%, coconut 11%, arecanut 4%","maize 1,198 ha, ragi 172 ha, rice 154 ha",0.75,10
taluk,HASSAN,ARASIKERE,Summer,maize,coconut,"coconut 72%, coffee 10%, arecanut 7%, ragi 3%, sugarcane 1%","coconut, coffee, arecanut","maize 1%, ragi 3%, jowar 0%",0%,True,coconut 100%,"maize 1,198 ha, ragi 172 ha, rice 154 ha",0.75,10
taluk,HASSAN,HASSAN,Summer,maize,coconut,"coconut 53%, coffee 23%, arecanut 6%, maize 4%, ragi 3%","coconut, coffee, arecanut","maize 4%, ragi 3%, jowar 0%",0%,True,"coconut 87%, arecanut 9%, banana 4%","maize 1,198 ha, ragi 172 ha, rice 154 ha",0.75,10
taluk,HASSAN,ALUR,Summer,maize,coffee,"coffee 50%, coconut 24%, arecanut 7%, black pepper 4%, maize 3%","coffee, coconut, arecanut","maize 3%, rice 2%, jowar 0%",0%,True,"coffee 85%, black pepper 6%, arecanut 5%","maize 1,198 ha, ragi 172 ha, rice 154 ha",0.75,10
taluk,HASSAN,ARKALGUD,Summer,maize,coconut,"coconut 38%, arecanut 15%, coffee 15%, banana 8%, rice 6%","coconut, arecanut, coffee","maize 3%, rice 6%, ragi 4%",0%,True,"coconut 37%, arecanut 36%, coffee 15%","maize 1,198 ha, ragi 172 ha, rice 154 ha",0.75,10
taluk,HASSAN,HOLENARASIPURA,Summer,rice,coconut,"coconut 49%, coffee 12%, sugarcane 9%, arecanut 8%, banana 5%","coconut, coffee, sugarcane","rice 5%, maize 2%, ragi 4%",0%,True,"coconut 62%, sugarcane 22%, arecanut 8%","maize 1,198 ha, ragi 172 ha, rice 154 ha",0.75,10
taluk,HASSAN,CHANNARAYAPATNA,Summer,ragi,coconut,"coconut 70%, coffee 11%, arecanut 5%, sugarcane 3%, ragi 3%","coconut, coffee, arecanut","ragi 3%, maize 2%, rice 1%",0%,True,"coconut 96%, sugarcane 4%","maize 1,198 ha, ragi 172 ha, rice 154 ha",0.75,10
district,HAVERI,,Kharif,maize,,"maize 48%, rice 15%, cotton 15%, groundnut 5%, arecanut 4%",,"maize 48%, cotton 15%, rice 15%",92%,False,"maize 59%, cotton 25%, rice 10%","maize 241,207 ha, cotton 29,698 ha, rice 28,438 ha",,70
taluk,HAVERI,SHIGGAON,Kharif,maize,,"maize 35%, rice 20%, cotton 15%, groundnut 7%, arecanut 5%",,"maize 35%, cotton 15%, rice 20%",92%,False,"maize 37%, cotton 25%, rice 19%","maize 241,207 ha, cotton 29,698 ha, rice 28,438 ha",0.75,10
taluk,HAVERI,SAVANUR,Kharif,cotton,,"maize 42%, cotton 20%, groundnut 11%, rice 7%, jowar 4%",,"cotton 20%, maize 42%, groundnut 11%",92%,False,"cotton 48%, maize 29%, groundnut 22%","maize 241,207 ha, cotton 29,698 ha, rice 28,438 ha",0.75,10
taluk,HAVERI,HANAGAL,Kharif,rice,,"maize 37%, rice 26%, cotton 9%, arecanut 9%, soybean 4%",,"rice 26%, maize 37%, cotton 9%",92%,False,"maize 40%, rice 34%, cotton 11%","maize 241,207 ha, cotton 29,698 ha, rice 28,438 ha",0.75,10
taluk,HAVERI,HAVERI,Kharif,maize,,"maize 49%, cotton 18%, rice 9%, groundnut 8%, jowar 4%",,"maize 49%, cotton 18%, groundnut 8%",92%,False,"maize 70%, cotton 21%, groundnut 6%","maize 241,207 ha, cotton 29,698 ha, rice 28,438 ha",0.75,10
taluk,HAVERI,BYADAGI,Kharif,maize,,"maize 59%, cotton 15%, rice 12%, arecanut 4%, groundnut 2%",,"maize 59%, cotton 15%, rice 12%",92%,False,"maize 73%, cotton 27%","maize 241,207 ha, cotton 29,698 ha, rice 28,438 ha",0.75,10
taluk,HAVERI,HIREKERUR,Kharif,maize,,"maize 56%, rice 15%, cotton 13%, arecanut 6%, groundnut 2%",,"maize 56%, cotton 13%, rice 15%",92%,False,"maize 75%, cotton 21%, rice 4%","maize 241,207 ha, cotton 29,698 ha, rice 28,438 ha",0.75,10
taluk,HAVERI,RANEBENNUR,Kharif,maize,,"maize 56%, rice 15%, cotton 14%, arecanut 3%, groundnut 2%",,"maize 56%, cotton 14%, rice 15%",92%,False,"maize 62%, cotton 16%, rice 15%","maize 241,207 ha, cotton 29,698 ha, rice 28,438 ha",0.75,10
district,HAVERI,,Rabi,jowar,,"jowar 31%, arecanut 15%, sugarcane 10%, maize 7%, mango 5%","arecanut, sugarcane","jowar 31%, maize 7%, sunflower 3%",6%,True,"jowar 26%, sugarcane 23%, maize 17%","maize 74,311 ha, jowar 50,894 ha, sunflower 11,101 ha",,70
taluk,HAVERI,SHIGGAON,Rabi,jowar,,"jowar 28%, arecanut 14%, sugarcane 11%, mango 11%, maize 6%","arecanut, sugarcane","jowar 28%, maize 6%, groundnut 2%",6%,True,"jowar 50%, mango 16%, green gram 10%","maize 74,311 ha, jowar 50,894 ha, sunflower 11,101 ha",0.75,10
taluk,HAVERI,SAVANUR,Rabi,jowar,,"jowar 40%, chickpea 9%, sugarcane 9%, maize 7%, cotton 5%",sugarcane,"jowar 40%, maize 7%, groundnut 4%",6%,True,"jowar 71%, tapioca 13%, chickpea 5%","maize 74,311 ha, jowar 50,894 ha, sunflower 11,101 ha",0.75,10
taluk,HAVERI,HANAGAL,Rabi,jowar,arecanut,"arecanut 24%, jowar 19%, sugarcane 12%, mango 12%, maize 6%","arecanut, sugarcane","jowar 19%, maize 6%, green gram 3%",6%,True,"mango 22%, arecanut 21%, sugarcane 16%","maize 74,311 ha, jowar 50,894 ha, sunflower 11,101 ha",0.75,10
taluk,HAVERI,HAVERI,Rabi,jowar,,"jowar 38%, sugarcane 11%, maize 8%, arecanut 8%, chickpea 7%",sugarcane,"jowar 38%, maize 8%, groundnut 2%",6%,True,"jowar 65%, sugarcane 16%, maize 9%","maize 74,311 ha, jowar 50,894 ha, sunflower 11,101 ha",0.75,10
taluk,HAVERI,BYADAGI,Rabi,jowar,,"jowar 35%, arecanut 17%, sugarcane 9%, maize 8%, horse gram 6%","arecanut, sugarcane","jowar 35%, maize 8%, horse gram 6%",6%,True,"jowar 60%, horse gram 17%, maize 9%","maize 74,311 ha, jowar 50,894 ha, sunflower 11,101 ha",0.75,10
taluk,HAVERI,HIREKERUR,Rabi,maize,arecanut,"arecanut 26%, jowar 26%, maize 7%, sugarcane 7%, horse gram 7%",arecanut,"maize 7%, jowar 26%, horse gram 7%",6%,True,"jowar 34%, horse gram 24%, sunflower 12%","maize 74,311 ha, jowar 50,894 ha, sunflower 11,101 ha",0.75,10
taluk,HAVERI,RANEBENNUR,Rabi,jowar,,"jowar 35%, arecanut 14%, sugarcane 10%, maize 8%, coconut 5%","arecanut, sugarcane","jowar 35%, maize 8%, sunflower 3%",6%,True,"jowar 53%, sugarcane 9%, barley 9%","maize 74,311 ha, jowar 50,894 ha, sunflower 11,101 ha",0.75,10
district,HAVERI,,Summer,rice,sugarcane,"sugarcane 18%, arecanut 17%, rice 13%, jowar 9%, maize 9%","sugarcane, arecanut","rice 13%, maize 9%, jowar 9%",2%,True,"sugarcane 36%, rice 18%, maize 14%","maize 11,035 ha, rice 10,221 ha, tomato 346 ha",,70
taluk,HAVERI,SHIGGAON,Summer,rice,sugarcane,"sugarcane 17%, mango 16%, arecanut 16%, rice 13%, jowar 8%","sugarcane, mango, arecanut","rice 13%, maize 7%, jowar 8%",2%,True,"mango 31%, rice 24%, sugarcane 11%","maize 11,035 ha, rice 10,221 ha, tomato 346 ha",0.75,10
taluk,HAVERI,SAVANUR,Summer,maize,sugarcane,"sugarcane 21%, groundnut 13%, rice 10%, jowar 9%, maize 8%",sugarcane,"maize 8%, rice 10%, jowar 9%",2%,True,"tapioca 45%, groundnut 18%, sugarcane 9%","maize 11,035 ha, rice 10,221 ha, tomato 346 ha",0.75,10
taluk,HAVERI,HANAGAL,Summer,rice,arecanut,"arecanut 24%, sugarcane 17%, mango 14%, rice 13%, maize 7%","arecanut, sugarcane, mango","rice 13%, maize 7%, jowar 7%",2%,True,"mango 26%, arecanut 25%, sugarcane 19%","maize 11,035 ha, rice 10,221 ha, tomato 346 ha",0.75,10
taluk,HAVERI,HAVERI,Summer,maize,sugarcane,"sugarcane 24%, rice 10%, maize 10%, jowar 10%, arecanut 9%",sugarcane,"maize 10%, rice 10%, jowar 10%",2%,True,"sugarcane 54%, maize 15%, jowar 7%","maize 11,035 ha, rice 10,221 ha, tomato 346 ha",0.75,10
taluk,HAVERI,BYADAGI,Summer,maize,arecanut,"arecanut 21%, sugarcane 18%, rice 14%, maize 12%, jowar 11%","arecanut, sugarcane","maize 12%, rice 14%, jowar 11%",2%,True,"sugarcane 26%, maize 22%, arecanut 20%","maize 11,035 ha, rice 10,221 ha, tomato 346 ha",0.75,10
taluk,HAVERI,HIREKERUR,Summer,maize,arecanut,"arecanut 28%, rice 15%, sugarcane 13%, maize 10%, jowar 8%","arecanut, sugarcane","maize 10%, rice 15%, jowar 8%",2%,True,"arecanut 32%, maize 15%, sunflower 12%","maize 11,035 ha, rice 10,221 ha, tomato 346 ha",0.75,10
taluk,HAVERI,RANEBENNUR,Summer,rice,sugarcane,"sugarcane 19%, arecanut 18%, rice 17%, jowar 11%, maize 11%","sugarcane, arecanut","rice 17%, maize 11%, jowar 11%",2%,True,"sugarcane 28%, rice 19%, arecanut 15%","maize 11,035 ha, rice 10,221 ha, tomato 346 ha",0.75,10
district,KODAGU,,Kharif,rice,coffee,"coffee 59%, rice 11%, arecanut 6%, black pepper 6%, coconut 5%","coffee, arecanut","rice 11%, maize 2%, jowar 1%",100%,False,"coffee 64%, black pepper 20%, rice 16%","rice 13,439 ha, maize 1,892 ha, jowar 176 ha",,30
taluk,KODAGU,MADIKERI,Kharif,rice,coffee,"coffee 62%, rice 10%, arecanut 9%, coconut 6%, black pepper 6%","coffee, arecanut","rice 10%, jowar 0%, maize 1%",100%,False,"coffee 77%, rice 10%, arecanut 7%","rice 13,439 ha, maize 1,892 ha, jowar 176 ha",0.75,10
taluk,KODAGU,SOMWARPET,Kharif,rice,coffee,"coffee 64%, rice 12%, black pepper 6%, arecanut 4%, coconut 3%","coffee, black pepper","rice 12%, maize 3%, jowar 1%",100%,False,"coffee 81%, rice 14%, black pepper 6%","rice 13,439 ha, maize 1,892 ha, jowar 176 ha",0.75,10
taluk,KODAGU,VIRAJPET,Kharif,rice,coffee,"coffee 52%, rice 11%, coconut 7%, black pepper 6%, arecanut 5%","coffee, coconut","rice 11%, maize 3%, jowar 1%",100%,False,"coffee 71%, rice 16%, black pepper 9%","rice 13,439 ha, maize 1,892 ha, jowar 176 ha",0.75,10
district,KODAGU,,Rabi,rice,coffee,"coffee 70%, arecanut 7%, black pepper 7%, coconut 6%, banana 2%","coffee, arecanut, black pepper",rice 2%,0%,True,"coffee 76%, black pepper 24%",rice 1 ha,,30
taluk,KODAGU,MADIKERI,Rabi,rice,coffee,"coffee 70%, arecanut 10%, black pepper 7%, coconut 6%, rice 1%","coffee, arecanut, black pepper",rice 1%,0%,True,"coffee 85%, arecanut 8%, black pepper 8%",rice 1 ha,0.75,10
taluk,KODAGU,SOMWARPET,Rabi,rice,coffee,"coffee 77%, black pepper 6%, arecanut 5%, coconut 4%, rice 2%","coffee, black pepper, arecanut",rice 2%,0%,True,"coffee 93%, black pepper 7%",rice 1 ha,0.75,10
taluk,KODAGU,VIRAJPET,Rabi,rice,coffee,"coffee 63%, coconut 8%, black pepper 7%, arecanut 6%, banana 3%","coffee, coconut, black pepper",rice 2%,0%,True,"coffee 84%, black pepper 10%, arecanut 6%",rice 1 ha,0.75,10
district,KODAGU,,Summer,rice,coffee,"coffee 70%, arecanut 7%, black pepper 7%, coconut 6%, banana 2%","coffee, arecanut, black pepper",rice 2%,0%,True,"coffee 76%, black pepper 24%",rice 7 ha,,30
taluk,KODAGU,MADIKERI,Summer,rice,coffee,"coffee 70%, arecanut 10%, black pepper 7%, coconut 6%, rice 2%","coffee, arecanut, black pepper",rice 2%,0%,True,"coffee 85%, arecanut 8%, black pepper 8%",rice 7 ha,0.75,10
taluk,KODAGU,SOMWARPET,Summer,rice,coffee,"coffee 77%, black pepper 6%, arecanut 5%, coconut 4%, rice 2%","coffee, black pepper, arecanut",rice 2%,0%,True,"coffee 93%, black pepper 7%",rice 7 ha,0.75,10
taluk,KODAGU,VIRAJPET,Summer,rice,coffee,"coffee 63%, coconut 8%, black pepper 7%, arecanut 7%, banana 4%","coffee, coconut, black pepper",rice 2%,0%,True,"coffee 79%, black pepper 10%, arecanut 6%",rice 7 ha,0.75,10
district,KOLAR,,Kharif,ragi,,"ragi 46%, mango 26%, groundnut 7%, tomato 5%, field bean (avare) 3%",mango,"ragi 46%, tomato 5%, groundnut 7%",90%,False,"ragi 46%, mango 40%, groundnut 7%","ragi 43,466 ha, tomato 9,870 ha, groundnut 3,706 ha",,51
taluk,KOLAR,BANGARPET,Kharif,ragi,,"ragi 45%, mango 21%, groundnut 9%, tomato 6%, rice 4%",mango,"ragi 45%, groundnut 9%, tomato 6%",90%,False,"ragi 65%, mango 10%, tomato 9%","ragi 43,466 ha, tomato 9,870 ha, groundnut 3,706 ha",0.75,10
taluk,KOLAR,MULBAGAL,Kharif,ragi,,"ragi 36%, mango 28%, groundnut 12%, tomato 5%, rice 4%",mango,"ragi 36%, groundnut 12%, rice 4%",90%,False,"mango 34%, ragi 28%, groundnut 24%","ragi 43,466 ha, tomato 9,870 ha, groundnut 3,706 ha",0.75,10
taluk,KOLAR,SRINIVASAPUR,Kharif,ragi,mango,"mango 38%, ragi 36%, groundnut 7%, tomato 5%, field bean (avare) 3%",mango,"ragi 36%, groundnut 7%, tomato 5%",90%,False,"mango 64%, ragi 26%, field bean (avare) 5%","ragi 43,466 ha, tomato 9,870 ha, groundnut 3,706 ha",0.75,10
taluk,KOLAR,KOLAR,Kharif,ragi,,"ragi 54%, mango 24%, tomato 5%, groundnut 4%, field bean (avare) 3%",mango,"ragi 54%, tomato 5%, groundnut 4%",90%,False,"ragi 63%, mango 26%, tomato 7%","ragi 43,466 ha, tomato 9,870 ha, groundnut 3,706 ha",0.75,10
taluk,KOLAR,MALUR,Kharif,ragi,,"ragi 61%, mango 17%, tomato 6%, field bean (avare) 4%, groundnut 3%",mango,"ragi 61%, tomato 6%, jowar 1%",90%,False,"ragi 81%, tomato 8%, mango 7%","ragi 43,466 ha, tomato 9,870 ha, groundnut 3,706 ha",0.75,10
district,KOLAR,,Rabi,potato,mango,"mango 63%, tomato 10%, potato 8%, horse gram 6%, coconut 4%",mango,"potato 8%, tomato 10%, horse gram 6%",9%,True,"mango 82%, tomato 6%, sapota 6%","horse gram 3,943 ha, potato 3,260 ha, tomato 2,463 ha",,51
taluk,KOLAR,BANGARPET,Rabi,potato,mango,"mango 53%, potato 12%, tomato 11%, horse gram 8%, coconut 6%",mango,"potato 12%, horse gram 8%, tomato 11%",9%,True,"mango 28%, potato 27%, horse gram 20%","horse gram 3,943 ha, potato 3,260 ha, tomato 2,463 ha",0.75,10
taluk,KOLAR,MULBAGAL,Rabi,horse gram,mango,"mango 66%, tomato 8%, potato 6%, horse gram 6%, coconut 4%",mango,"horse gram 6%, tomato 8%, potato 6%",9%,True,"mango 75%, tomato 11%, horse gram 8%","horse gram 3,943 ha, potato 3,260 ha, tomato 2,463 ha",0.75,10
taluk,KOLAR,SRINIVASAPUR,Rabi,horse gram,mango,"mango 79%, tomato 8%, horse gram 3%, potato 3%, coconut 1%",mango,"horse gram 3%, tomato 8%, potato 3%",9%,True,"mango 88%, horse gram 6%, tomato 5%","horse gram 3,943 ha, potato 3,260 ha, tomato 2,463 ha",0.75,10
taluk,KOLAR,KOLAR,Rabi,tomato,mango,"mango 66%, tomato 10%, potato 7%, horse gram 5%, coconut 4%",mango,"tomato 10%, potato 7%, horse gram 5%",9%,True,"mango 71%, tomato 14%, potato 6%","horse gram 3,943 ha, potato 3,260 ha, tomato 2,463 ha",0.75,10
taluk,KOLAR,MALUR,Rabi,potato,mango,"mango 53%, potato 13%, tomato 12%, horse gram 7%, coconut 6%",mango,"potato 13%, tomato 12%, horse gram 7%",9%,True,"mango 29%, potato 28%, tomato 25%","horse gram 3,943 ha, potato 3,260 ha, tomato 2,463 ha",0.75,10
district,KOLAR,,Summer,tomato,mango,"mango 75%, potato 5%, coconut 5%, tomato 4%, horse gram 2%","mango, coconut","tomato 4%, potato 5%, ragi 2%",1%,True,"mango 91%, sapota 6%, coconut 3%","tomato 4,927 ha, maize 910 ha, ragi 706 ha",,51
taluk,KOLAR,BANGARPET,Summer,tomato,mango,"mango 65%, potato 8%, coconut 7%, tomato 5%, horse gram 4%","mango, coconut","tomato 5%, potato 8%, ragi 2%",1%,True,"mango 73%, banana 9%, potato 9%","tomato 4,927 ha, maize 910 ha, ragi 706 ha",0.75,10
taluk,KOLAR,MULBAGAL,Summer,tomato,mango,"mango 77%, coconut 4%, potato 3%, tomato 3%, horse gram 2%","mango, coconut","tomato 3%, rice 1%, ragi 1%",1%,True,mango 100%,"tomato 4,927 ha, maize 910 ha, ragi 706 ha",0.75,10
taluk,KOLAR,SRINIVASAPUR,Summer,tomato,mango,"mango 88%, tomato 2%, coconut 2%, potato 2%, horse gram 1%","mango, coconut","tomato 2%, ragi 1%, rice 0%",1%,True,mango 100%,"tomato 4,927 ha, maize 910 ha, ragi 706 ha",0.75,10
taluk,KOLAR,KOLAR,Summer,tomato,mango,"mango 79%, coconut 5%, potato 3%, tomato 3%, ragi 2%","mango, coconut","tomato 3%, ragi 2%, potato 3%",1%,True,"mango 96%, coconut 4%","tomato 4,927 ha, maize 910 ha, ragi 706 ha",0.75,10
taluk,KOLAR,MALUR,Summer,tomato,mango,"mango 67%, potato 9%, coconut 7%, tomato 5%, horse gram 3%","mango, coconut","tomato 5%, potato 9%, ragi 2%",1%,True,"mango 78%, coconut 12%, potato 10%","tomato 4,927 ha, maize 910 ha, ragi 706 ha",0.75,10
district,KOPPAL,,Kharif,maize,,"rice 20%, maize 18%, bajra 15%, green gram 10%, pigeonpea (tur) 9%",,"maize 18%, rice 20%, bajra 15%",67%,False,"bajra 30%, maize 22%, rice 14%","maize 121,429 ha, rice 59,670 ha, green gram 44,492 ha",,40
taluk,KOPPAL,YELBURGA,Kharif,maize,,"maize 21%, green gram 16%, bajra 13%, rice 12%, groundnut 9%",,"maize 21%, green gram 16%, bajra 13%",67%,False,"maize 25%, green gram 24%, bajra 21%","maize 121,429 ha, rice 59,670 ha, green gram 44,492 ha",0.75,10
taluk,KOPPAL,KUSHTAGI,Kharif,bajra,,"bajra 21%, pigeonpea (tur) 17%, maize 14%, green gram 11%, rice 10%",,"bajra 21%, maize 14%, pigeonpea (tur) 17%",67%,False,"bajra 39%, maize 19%, pigeonpea (tur) 16%","maize 121,429 ha, rice 59,670 ha, green gram 44,492 ha",0.75,10
taluk,KOPPAL,GANGAVATHI,Kharif,rice,,"rice 41%, bajra 13%, maize 13%, pigeonpea (tur) 6%, cotton 4%",,"rice 41%, bajra 13%, maize 13%",67%,False,"rice 71%, bajra 19%, pigeonpea (tur) 5%","maize 121,429 ha, rice 59,670 ha, green gram 44,492 ha",0.75,10
taluk,KOPPAL,KOPPAL,Kharif,maize,,"maize 23%, rice 19%, bajra 15%, green gram 9%, groundnut 7%",,"maize 23%, bajra 15%, rice 19%",67%,False,"maize 43%, bajra 26%, rice 10%","maize 121,429 ha, rice 59,670 ha, green gram 44,492 ha",0.75,10
district,KOPPAL,,Rabi,chickpea,,"chickpea 29%, jowar 29%, sunflower 8%, sugarcane 7%, groundnut 5%",,"chickpea 29%, jowar 29%, groundnut 5%",27%,False,"chickpea 68%, sunflower 9%, jowar 6%","chickpea 84,493 ha, groundnut 35,308 ha, maize 20,383 ha",,40
taluk,KOPPAL,YELBURGA,Rabi,jowar,,"chickpea 33%, jowar 27%, sunflower 9%, sugarcane 5%, groundnut 5%",,"jowar 27%, chickpea 33%, groundnut 5%",27%,False,"chickpea 49%, jowar 24%, sunflower 9%","chickpea 84,493 ha, groundnut 35,308 ha, maize 20,383 ha",0.75,10
taluk,KOPPAL,KUSHTAGI,Rabi,jowar,,"jowar 32%, chickpea 30%, sunflower 8%, sugarcane 7%, groundnut 5%",,"jowar 32%, chickpea 30%, groundnut 5%",27%,False,"jowar 42%, chickpea 30%, sunflower 9%","chickpea 84,493 ha, groundnut 35,308 ha, maize 20,383 ha",0.75,10
taluk,KOPPAL,GANGAVATHI,Rabi,jowar,,"jowar 29%, chickpea 26%, rice 9%, sugarcane 8%, sunflower 7%",,"jowar 29%, rice 9%, chickpea 26%",27%,False,"jowar 40%, chickpea 29%, sunflower 12%","chickpea 84,493 ha, groundnut 35,308 ha, maize 20,383 ha",0.75,10
taluk,KOPPAL,KOPPAL,Rabi,jowar,,"chickpea 28%, jowar 27%, sunflower 9%, sugarcane 8%, maize 5%",,"jowar 27%, maize 5%, groundnut 5%",27%,False,"chickpea 31%, jowar 28%, sunflower 15%","chickpea 84,493 ha, groundnut 35,308 ha, maize 20,383 ha",0.75,10
district,KOPPAL,,Summer,rice,,"rice 30%, groundnut 27%, sugarcane 13%, sunflower 5%, mango 4%",sugarcane,"rice 30%, maize 4%",6%,True,"rice 60%, groundnut 18%, sugarcane 7%","rice 45,048 ha, maize 867 ha, tomato 343 ha",,40
taluk,KOPPAL,YELBURGA,Summer,rice,,"groundnut 36%, rice 18%, sugarcane 11%, sunflower 7%, mango 6%",sugarcane,"rice 18%, maize 5%",6%,True,"groundnut 65%, sunflower 13%, maize 8%","rice 45,048 ha, maize 867 ha, tomato 343 ha",0.75,10
taluk,KOPPAL,KUSHTAGI,Summer,rice,,"groundnut 32%, rice 19%, sugarcane 17%, sunflower 6%, maize 5%",sugarcane,"rice 19%, maize 5%",6%,True,"groundnut 51%, sunflower 10%, maize 8%","rice 45,048 ha, maize 867 ha, tomato 343 ha",0.75,10
taluk,KOPPAL,GANGAVATHI,Summer,rice,,"rice 54%, groundnut 14%, sugarcane 9%, jowar 4%, mango 4%",sugarcane,"rice 54%, maize 3%",6%,True,"rice 97%, groundnut 3%","rice 45,048 ha, maize 867 ha, tomato 343 ha",0.75,10
taluk,KOPPAL,KOPPAL,Summer,rice,,"rice 29%, groundnut 24%, sugarcane 13%, maize 5%, sunflower 5%",sugarcane,"rice 29%, maize 5%",6%,True,"rice 32%, sugarcane 23%, groundnut 19%","rice 45,048 ha, maize 867 ha, tomato 343 ha",0.75,10
district,MANDYA,,Kharif,rice,,"rice 27%, ragi 22%, coconut 17%, sugarcane 13%, horse gram 4%",coconut,"rice 27%, ragi 22%, horse gram 4%",85%,False,"ragi 26%, coconut 23%, rice 23%","rice 60,391 ha, ragi 58,444 ha, cowpea 12,413 ha",,69
taluk,MANDYA,K.R. PET,Kharif,ragi,,"rice 23%, ragi 21%, coconut 16%, sugarcane 9%, tobacco 8%",coconut,"ragi 21%, rice 23%, horse gram 3%",85%,False,"ragi 30%, coconut 29%, rice 18%","rice 60,391 ha, ragi 58,444 ha, cowpea 12,413 ha",0.75,10
taluk,MANDYA,NAGAMANGALA,Kharif,ragi,,"ragi 33%, coconut 33%, rice 11%, horse gram 6%, sugarcane 5%",coconut,"ragi 33%, horse gram 6%, rice 11%",85%,False,"ragi 50%, coconut 39%, horse gram 8%","rice 60,391 ha, ragi 58,444 ha, cowpea 12,413 ha",0.75,10
taluk,MANDYA,PANDAVAPURA,Kharif,ragi,,"rice 28%, ragi 21%, coconut 15%, sugarcane 14%, horse gram 4%",coconut,"ragi 21%, rice 28%, horse gram 4%",85%,False,"ragi 29%, sugarcane 20%, rice 19%","rice 60,391 ha, ragi 58,444 ha, cowpea 12,413 ha",0.75,10
taluk,MANDYA,SRIRANGAPATNA,Kharif,rice,,"rice 38%, ragi 17%, sugarcane 15%, coconut 12%, horse gram 4%",sugarcane,"rice 38%, ragi 17%, horse gram 4%",85%,False,"rice 58%, sugarcane 17%, ragi 12%","rice 60,391 ha, ragi 58,444 ha, cowpea 12,413 ha",0.75,9
taluk,MANDYA,MANDYA,Kharif,rice,,"rice 32%, ragi 20%, sugarcane 16%, coconut 15%, horse gram 5%",sugarcane,"rice 32%, ragi 20%, horse gram 5%",85%,False,"rice 35%, sugarcane 32%, ragi 19%","rice 60,391 ha, ragi 58,444 ha, cowpea 12,413 ha",0.75,10
taluk,MANDYA,MADDUR,Kharif,rice,,"rice 31%, ragi 19%, sugarcane 16%, coconut 15%, horse gram 5%",sugarcane,"rice 31%, ragi 19%, horse gram 5%",85%,False,"rice 39%, sugarcane 28%, ragi 17%","rice 60,391 ha, ragi 58,444 ha, cowpea 12,413 ha",0.75,10
taluk,MANDYA,MALAVALLI,Kharif,rice,,"rice 30%, ragi 21%, sugarcane 13%, coconut 13%, horse gram 5%",sugarcane,"rice 30%, ragi 21%, horse gram 5%",85%,False,"rice 34%, ragi 25%, sugarcane 10%","rice 60,391 ha, ragi 58,444 ha, cowpea 12,413 ha",0.75,10
district,MANDYA,,Rabi,horse gram,coconut,"coconut 36%, sugarcane 32%, horse gram 11%, banana 4%, ragi 4%","coconut, sugarcane","horse gram 11%, ragi 4%, maize 1%",9%,True,"coconut 46%, sugarcane 33%, mango 8%","ragi 7,820 ha, horse gram 4,061 ha, maize 1,188 ha",,69
taluk,MANDYA,K.R. PET,Rabi,horse gram,coconut,"coconut 39%, sugarcane 21%, horse gram 11%, ragi 8%, banana 6%","coconut, sugarcane","horse gram 11%, ragi 8%, maize 1%",9%,True,"coconut 55%, sugarcane 25%, horse gram 10%","ragi 7,820 ha, horse gram 4,061 ha, maize 1,188 ha",0.75,10
taluk,MANDYA,NAGAMANGALA,Rabi,horse gram,coconut,"coconut 65%, sugarcane 11%, horse gram 8%, arecanut 5%, ragi 4%","coconut, sugarcane","horse gram 8%, ragi 4%, tomato 0%",9%,True,"coconut 74%, horse gram 20%, ragi 7%","ragi 7,820 ha, horse gram 4,061 ha, maize 1,188 ha",0.75,10
taluk,MANDYA,PANDAVAPURA,Rabi,horse gram,sugarcane,"sugarcane 35%, coconut 32%, horse gram 12%, banana 5%, ragi 4%","sugarcane, coconut","horse gram 12%, ragi 4%, tomato 1%",9%,True,"sugarcane 39%, coconut 31%, horse gram 19%","ragi 7,820 ha, horse gram 4,061 ha, maize 1,188 ha",0.75,10
taluk,MANDYA,SRIRANGAPATNA,Rabi,horse gram,sugarcane,"sugarcane 43%, coconut 28%, horse gram 13%, banana 4%, ragi 3%","sugarcane, coconut","horse gram 13%, ragi 3%, tomato 1%",9%,True,"sugarcane 55%, coconut 31%, horse gram 15%","ragi 7,820 ha, horse gram 4,061 ha, maize 1,188 ha",0.75,9
taluk,MANDYA,MANDYA,Rabi,horse gram,sugarcane,"sugarcane 43%, coconut 29%, horse gram 12%, banana 4%, ragi 3%","sugarcane, coconut","horse gram 12%, ragi 3%, tomato 0%",9%,True,"sugarcane 67%, coconut 17%, horse gram 13%","ragi 7,820 ha, horse gram 4,061 ha, maize 1,188 ha",0.75,10
taluk,MANDYA,MADDUR,Rabi,horse gram,sugarcane,"sugarcane 40%, coconut 30%, horse gram 11%, mango 6%, banana 4%","sugarcane, coconut","horse gram 11%, ragi 3%, tomato 0%",9%,True,"sugarcane 59%, coconut 27%, horse gram 10%","ragi 7,820 ha, horse gram 4,061 ha, maize 1,188 ha",0.75,10
taluk,MANDYA,MALAVALLI,Rabi,horse gram,sugarcane,"sugarcane 34%, coconut 30%, horse gram 12%, mango 8%, banana 6%","sugarcane, coconut","horse gram 12%, ragi 3%, maize 0%",9%,True,"horse gram 27%, sugarcane 27%, coconut 24%","ragi 7,820 ha, horse gram 4,061 ha, maize 1,188 ha",0.75,10
district,MANDYA,,Summer,rice,coconut,"coconut 39%, sugarcane 33%, rice 8%, banana 5%, mango 5%","coconut, sugarcane","rice 8%, ragi 2%, maize 0%",6%,True,"coconut 48%, sugarcane 34%, mango 8%","rice 16,034 ha, ragi 2,996 ha, maize 2,649 ha",,69
taluk,MANDYA,K.R. PET,Summer,rice,coconut,"coconut 44%, sugarcane 22%, banana 7%, rice 7%, arecanut 6%","coconut, sugarcane, banana","rice 7%, ragi 3%, maize 1%",6%,True,"coconut 60%, sugarcane 27%, rice 5%","rice 16,034 ha, ragi 2,996 ha, maize 2,649 ha",0.75,10
taluk,MANDYA,NAGAMANGALA,Summer,ragi,coconut,"coconut 67%, sugarcane 11%, arecanut 5%, horse gram 4%, ragi 3%","coconut, sugarcane, arecanut","ragi 3%, rice 3%, maize 0%",6%,True,"coconut 96%, ragi 4%","rice 16,034 ha, ragi 2,996 ha, maize 2,649 ha",0.75,10
taluk,MANDYA,PANDAVAPURA,Summer,rice,sugarcane,"sugarcane 37%, coconut 36%, rice 8%, banana 6%, mango 4%","sugarcane, coconut","rice 8%, ragi 2%, tomato 0%",6%,True,"sugarcane 48%, coconut 39%, rice 7%","rice 16,034 ha, ragi 2,996 ha, maize 2,649 ha",0.75,10
taluk,MANDYA,SRIRANGAPATNA,Summer,rice,sugarcane,"sugarcane 44%, coconut 29%, rice 12%, banana 5%, mango 4%","sugarcane, coconut","rice 12%, ragi 1%, tomato 0%",6%,True,"sugarcane 49%, coconut 27%, rice 24%","rice 16,034 ha, ragi 2,996 ha, maize 2,649 ha",0.75,9
taluk,MANDYA,MANDYA,Summer,rice,sugarcane,"sugarcane 44%, coconut 31%, rice 10%, mango 4%, banana 4%","sugarcane, coconut","rice 10%, ragi 1%, maize 0%",6%,True,"sugarcane 71%, coconut 18%, rice 11%","rice 16,034 ha, ragi 2,996 ha, maize 2,649 ha",0.75,10
taluk,MANDYA,MADDUR,Summer,rice,sugarcane,"sugarcane 41%, coconut 31%, rice 9%, mango 7%, banana 5%","sugarcane, coconut","rice 9%, ragi 1%, maize 0%",6%,True,"sugarcane 58%, coconut 27%, rice 12%","rice 16,034 ha, ragi 2,996 ha, maize 2,649 ha",0.75,10
taluk,MANDYA,MALAVALLI,Summer,rice,sugarcane,"sugarcane 35%, coconut 31%, mango 10%, rice 9%, banana 7%","sugarcane, coconut, mango","rice 9%, ragi 1%, maize 0%",6%,True,"sugarcane 33%, coconut 29%, rice 17%","rice 16,034 ha, ragi 2,996 ha, maize 2,649 ha",0.75,10
district,MYSORE,,Kharif,rice,,"rice 23%, ragi 13%, coconut 10%, tobacco 9%, maize 8%",coconut,"rice 23%, ragi 13%, tobacco 9%",90%,False,"tobacco 26%, rice 23%, cotton 14%","rice 85,847 ha, tobacco 65,129 ha, ragi 60,999 ha",,70
taluk,MYSORE,PERIYAPATNA,Kharif,tobacco,,"rice 18%, tobacco 16%, ragi 14%, maize 12%, coconut 8%",,"tobacco 16%, ragi 14%, maize 12%",90%,False,"tobacco 45%, ragi 19%, maize 13%","rice 85,847 ha, tobacco 65,129 ha, ragi 60,999 ha",0.75,10
taluk,MYSORE,HUNSUR,Kharif,tobacco,,"rice 19%, ragi 16%, tobacco 14%, coconut 10%, maize 10%",,"tobacco 14%, rice 19%, maize 10%",90%,False,"tobacco 41%, ragi 16%, maize 15%","rice 85,847 ha, tobacco 65,129 ha, ragi 60,999 ha",0.75,10
taluk,MYSORE,K.R. NAGARA,Kharif,rice,,"rice 24%, ragi 18%, tobacco 12%, coconut 12%, maize 9%",,"rice 24%, ragi 18%, tobacco 12%",90%,False,"rice 45%, ragi 19%, tobacco 19%","rice 85,847 ha, tobacco 65,129 ha, ragi 60,999 ha",0.75,9
taluk,MYSORE,MYSORE,Kharif,rice,,"rice 23%, ragi 14%, coconut 11%, sugarcane 8%, tobacco 6%",coconut,"rice 23%, ragi 14%, cotton 6%",90%,False,"rice 27%, ragi 18%, coconut 13%","rice 85,847 ha, tobacco 65,129 ha, ragi 60,999 ha",0.75,10
taluk,MYSORE,H.D. KOTE,Kharif,rice,,"rice 18%, cotton 12%, ragi 10%, coconut 9%, coffee 9%",,"rice 18%, cotton 12%, ragi 10%",90%,False,"cotton 39%, rice 18%, ragi 12%","rice 85,847 ha, tobacco 65,129 ha, ragi 60,999 ha",0.75,10
taluk,MYSORE,NANJANGUD,Kharif,rice,,"rice 23%, ragi 9%, coconut 9%, sugarcane 8%, cotton 8%",coconut,"rice 23%, cotton 8%, ragi 9%",90%,False,"rice 31%, cotton 20%, jowar 16%","rice 85,847 ha, tobacco 65,129 ha, ragi 60,999 ha",0.75,10
taluk,MYSORE,T. NARASIPURA,Kharif,rice,,"rice 37%, sugarcane 13%, ragi 12%, coconut 9%, maize 5%",sugarcane,"rice 37%, ragi 12%, maize 5%",90%,False,"rice 68%, black gram 10%, sugarcane 8%","rice 85,847 ha, tobacco 65,129 ha, ragi 60,999 ha",0.75,10
district,MYSORE,,Rabi,horse gram,coconut,"coconut 26%, sugarcane 17%, horse gram 14%, banana 13%, ragi 8%","coconut, sugarcane","horse gram 14%, ragi 8%, field bean (avare) 2%",9%,True,"coconut 35%, horse gram 24%, sugarcane 14%","ragi 42,444 ha, horse gram 25,231 ha, field bean (avare) 7,088 ha",,70
taluk,MYSORE,PERIYAPATNA,Rabi,ragi,coconut,"coconut 24%, coffee 13%, ragi 10%, banana 10%, horse gram 10%","coconut, coffee","ragi 10%, horse gram 10%, maize 4%",9%,True,"ragi 32%, horse gram 20%, coconut 12%","ragi 42,444 ha, horse gram 25,231 ha, field bean (avare) 7,088 ha",0.75,10
taluk,MYSORE,HUNSUR,Rabi,ragi,coconut,"coconut 30%, horse gram 13%, banana 12%, sugarcane 11%, ragi 10%","coconut, banana","ragi 10%, horse gram 13%, maize 3%",9%,True,"coconut 28%, ragi 18%, field bean (avare) 14%","ragi 42,444 ha, horse gram 25,231 ha, field bean (avare) 7,088 ha",0.75,10
taluk,MYSORE,K.R. NAGARA,Rabi,ragi,coconut,"coconut 33%, sugarcane 13%, horse gram 13%, ragi 10%, banana 8%","coconut, sugarcane","ragi 10%, horse gram 13%, maize 2%",9%,True,"horse gram 30%, coconut 26%, ragi 19%","ragi 42,444 ha, horse gram 25,231 ha, field bean (avare) 7,088 ha",0.75,9
taluk,MYSORE,MYSORE,Rabi,horse gram,coconut,"coconut 27%, sugarcane 18%, horse gram 16%, banana 13%, ragi 7%","coconut, sugarcane","horse gram 16%, ragi 7%, tomato 1%",9%,True,"coconut 29%, horse gram 26%, ragi 11%","ragi 42,444 ha, horse gram 25,231 ha, field bean (avare) 7,088 ha",0.75,10
taluk,MYSORE,H.D. KOTE,Rabi,ragi,coconut,"coconut 21%, banana 18%, horse gram 13%, sugarcane 12%, coffee 9%","coconut, banana","ragi 7%, horse gram 13%, maize 2%",9%,True,"banana 30%, horse gram 22%, ragi 14%","ragi 42,444 ha, horse gram 25,231 ha, field bean (avare) 7,088 ha",0.75,10
taluk,MYSORE,NANJANGUD,Rabi,horse gram,coconut,"coconut 23%, horse gram 20%, sugarcane 19%, banana 17%, ragi 5%","coconut, sugarcane","horse gram 20%, ragi 5%, maize 1%",9%,True,"horse gram 44%, sugarcane 17%, banana 16%","ragi 42,444 ha, horse gram 25,231 ha, field bean (avare) 7,088 ha",0.75,10
taluk,MYSORE,T. NARASIPURA,Rabi,horse gram,sugarcane,"sugarcane 37%, coconut 22%, horse gram 15%, banana 9%, ragi 5%","sugarcane, coconut","horse gram 15%, ragi 5%, maize 1%",9%,True,"sugarcane 44%, horse gram 24%, banana 12%","ragi 42,444 ha, horse gram 25,231 ha, field bean (avare) 7,088 ha",0.75,10
district,MYSORE,,Summer,rice,coconut,"coconut 31%, sugarcane 20%, banana 16%, rice 7%, arecanut 5%","coconut, sugarcane, banana","rice 7%, ragi 3%, maize 1%",2%,True,"coconut 61%, sugarcane 25%, rice 14%","rice 12,492 ha, maize 1,056 ha, tomato 994 ha",,70
taluk,MYSORE,PERIYAPATNA,Summer,rice,coconut,"coconut 29%, coffee 15%, banana 12%, arecanut 11%, sugarcane 8%","coconut, coffee, banana","rice 6%, maize 2%, ragi 5%",2%,True,"coconut 37%, banana 26%, arecanut 17%","rice 12,492 ha, maize 1,056 ha, tomato 994 ha",0.75,10
taluk,MYSORE,HUNSUR,Summer,rice,coconut,"coconut 38%, banana 16%, sugarcane 14%, arecanut 7%, rice 6%","coconut, banana, sugarcane","rice 6%, maize 1%, ragi 4%",2%,True,"coconut 53%, banana 20%, arecanut 10%","rice 12,492 ha, maize 1,056 ha, tomato 994 ha",0.75,10
taluk,MYSORE,K.R. NAGARA,Summer,rice,coconut,"coconut 41%, sugarcane 15%, banana 11%, arecanut 9%, rice 8%","coconut, sugarcane, banana","rice 8%, ragi 4%, maize 1%",2%,True,"coconut 45%, rice 20%, sugarcane 17%","rice 12,492 ha, maize 1,056 ha, tomato 994 ha",0.75,9
taluk,MYSORE,MYSORE,Summer,rice,coconut,"coconut 34%, sugarcane 21%, banana 17%, rice 7%, horse gram 5%","coconut, sugarcane, banana","rice 7%, ragi 3%, tomato 0%",2%,True,"coconut 49%, sugarcane 15%, banana 15%","rice 12,492 ha, maize 1,056 ha, tomato 994 ha",0.75,10
taluk,MYSORE,H.D. KOTE,Summer,rice,coconut,"coconut 26%, banana 22%, sugarcane 14%, coffee 9%, rice 6%","coconut, banana, sugarcane","rice 6%, ragi 4%, maize 1%",2%,True,"banana 47%, coconut 21%, sugarcane 19%","rice 12,492 ha, maize 1,056 ha, tomato 994 ha",0.75,10
taluk,MYSORE,NANJANGUD,Summer,rice,coconut,"coconut 28%, sugarcane 23%, banana 22%, rice 7%, horse gram 7%","coconut, sugarcane, banana","rice 7%, ragi 2%, tomato 0%",2%,True,"sugarcane 30%, banana 29%, coconut 28%","rice 12,492 ha, maize 1,056 ha, tomato 994 ha",0.75,10
taluk,MYSORE,T. NARASIPURA,Summer,rice,sugarcane,"sugarcane 39%, coconut 24%, banana 11%, rice 11%, horse gram 4%","sugarcane, coconut, banana","rice 11%, ragi 2%, maize 0%",2%,True,"sugarcane 47%, rice 25%, banana 13%","rice 12,492 ha, maize 1,056 ha, tomato 994 ha",0.75,10
district,RAICHUR,,Kharif,cotton,,"rice 32%, cotton 24%, pigeonpea (tur) 17%, bajra 7%, jowar 4%",,"cotton 24%, rice 32%, pigeonpea (tur) 17%",62%,False,"rice 31%, cotton 29%, pigeonpea (tur) 26%","cotton 230,879 ha, rice 174,181 ha, pigeonpea (tur) 108,337 ha",,50
taluk,RAICHUR,LINGSUGUR,Kharif,bajra,,"rice 23%, pigeonpea (tur) 21%, cotton 14%, bajra 14%, maize 5%",,"bajra 14%, pigeonpea (tur) 21%, rice 23%",62%,False,"pigeonpea (tur) 41%, bajra 30%, rice 16%","cotton 230,879 ha, rice 174,181 ha, pigeonpea (tur) 108,337 ha",0.75,10
taluk,RAICHUR,DEVDURGA,Kharif,rice,,"cotton 30%, rice 28%, pigeonpea (tur) 20%, bajra 5%, jowar 4%",,"rice 28%, cotton 30%, pigeonpea (tur) 20%",62%,False,"cotton 41%, rice 32%, pigeonpea (tur) 15%","cotton 230,879 ha, rice 174,181 ha, pigeonpea (tur) 108,337 ha",0.75,10
taluk,RAICHUR,RAICHUR,Kharif,cotton,,"cotton 35%, rice 23%, pigeonpea (tur) 20%, jowar 3%, green gram 3%",,"cotton 35%, rice 23%, pigeonpea (tur) 20%",62%,False,"cotton 54%, rice 23%, pigeonpea (tur) 23%","cotton 230,879 ha, rice 174,181 ha, pigeonpea (tur) 108,337 ha",0.75,10
taluk,RAICHUR,MANVI,Kharif,rice,,"rice 39%, cotton 23%, pigeonpea (tur) 15%, bajra 7%, jowar 4%",,"rice 39%, cotton 23%, pigeonpea (tur) 15%",62%,False,"rice 47%, cotton 34%, pigeonpea (tur) 14%","cotton 230,879 ha, rice 174,181 ha, pigeonpea (tur) 108,337 ha",0.75,10
taluk,RAICHUR,SINDHANUR,Kharif,rice,,"rice 46%, cotton 21%, pigeonpea (tur) 11%, bajra 6%, jowar 4%",,"rice 46%, cotton 21%, pigeonpea (tur) 11%",62%,False,"rice 83%, cotton 9%, pigeonpea (tur) 5%","cotton 230,879 ha, rice 174,181 ha, pigeonpea (tur) 108,337 ha",0.75,10
district,RAICHUR,,Rabi,jowar,,"jowar 38%, chickpea 29%, rice 11%, groundnut 6%, sunflower 4%",,"jowar 38%, chickpea 29%, rice 11%",32%,False,"chickpea 77%, jowar 19%, sunflower 3%","rice 67,868 ha, jowar 46,036 ha, chickpea 35,684 ha",,50
taluk,RAICHUR,LINGSUGUR,Rabi,jowar,,"jowar 36%, chickpea 33%, rice 7%, sunflower 6%, groundnut 5%",,"jowar 36%, chickpea 33%, groundnut 5%",32%,False,"jowar 47%, chickpea 43%, sunflower 8%","rice 67,868 ha, jowar 46,036 ha, chickpea 35,684 ha",0.75,10
taluk,RAICHUR,DEVDURGA,Rabi,jowar,,"jowar 42%, chickpea 22%, rice 15%, groundnut 9%, sunflower 3%",,"jowar 42%, rice 15%, groundnut 9%",32%,False,"jowar 55%, chickpea 25%, groundnut 14%","rice 67,868 ha, jowar 46,036 ha, chickpea 35,684 ha",0.75,10
taluk,RAICHUR,RAICHUR,Rabi,jowar,,"jowar 36%, chickpea 27%, rice 10%, groundnut 8%, mango 7%",,"jowar 36%, rice 10%, chickpea 27%",32%,False,"chickpea 49%, jowar 43%, sunflower 4%","rice 67,868 ha, jowar 46,036 ha, chickpea 35,684 ha",0.75,10
taluk,RAICHUR,MANVI,Rabi,jowar,,"jowar 40%, chickpea 31%, rice 11%, sunflower 5%, groundnut 4%",,"jowar 40%, rice 11%, chickpea 31%",32%,False,"jowar 62%, chickpea 34%, sunflower 3%","rice 67,868 ha, jowar 46,036 ha, chickpea 35,684 ha",0.75,10
taluk,RAICHUR,SINDHANUR,Rabi,jowar,,"jowar 35%, chickpea 34%, rice 11%, sunflower 5%, cotton 4%",,"jowar 35%, rice 11%, chickpea 34%",32%,False,"chickpea 52%, jowar 45%, sunflower 3%","rice 67,868 ha, jowar 46,036 ha, chickpea 35,684 ha",0.75,10
district,RAICHUR,,Summer,rice,,"rice 59%, groundnut 17%, mango 6%, sugarcane 5%, jowar 4%",mango,"rice 59%, bajra 0%",6%,True,"rice 83%, groundnut 17%","rice 21,500 ha, bajra 586 ha, jowar 42 ha",,50
taluk,RAICHUR,LINGSUGUR,Summer,rice,,"rice 47%, groundnut 22%, sugarcane 10%, mango 4%, jowar 4%",sugarcane,"rice 47%, bajra 0%",6%,True,"rice 48%, groundnut 45%, pomegranate 6%","rice 21,500 ha, bajra 586 ha, jowar 42 ha",0.75,10
taluk,RAICHUR,DEVDURGA,Summer,rice,,"rice 57%, groundnut 23%, sugarcane 5%, jowar 4%, mango 4%",sugarcane,"rice 57%, bajra 0%",6%,True,"rice 58%, groundnut 42%","rice 21,500 ha, bajra 586 ha, jowar 42 ha",0.75,10
taluk,RAICHUR,RAICHUR,Summer,rice,,"rice 45%, groundnut 22%, mango 16%, sugarcane 5%, jowar 4%",mango,"rice 45%, bajra 0%",6%,True,"rice 74%, groundnut 16%, mango 11%","rice 21,500 ha, bajra 586 ha, jowar 42 ha",0.75,10
taluk,RAICHUR,MANVI,Summer,rice,,"rice 70%, groundnut 11%, jowar 4%, mango 4%, sugarcane 3%",,"rice 70%, bajra 0%",6%,True,rice 100%,"rice 21,500 ha, bajra 586 ha, jowar 42 ha",0.75,10
taluk,RAICHUR,SINDHANUR,Summer,rice,,"rice 75%, groundnut 8%, jowar 4%, mango 3%, chickpea 3%",,"rice 75%, bajra 0%",6%,True,rice 100%,"rice 21,500 ha, bajra 586 ha, jowar 42 ha",0.75,10
district,RAMANAGARA,,Kharif,ragi,,"ragi 43%, coconut 16%, mango 15%, rice 6%, maize 3%","coconut, mango","ragi 43%, rice 6%, horse gram 3%",98%,False,"ragi 54%, coconut 20%, mango 20%","ragi 58,995 ha, horse gram 3,257 ha, rice 3,022 ha",,42
taluk,RAMANAGARA,MAGADI,Kharif,ragi,,"ragi 50%, coconut 16%, mango 15%, arecanut 5%, maize 3%","coconut, mango","ragi 50%, rice 2%, horse gram 2%",98%,False,"ragi 57%, mango 26%, coconut 9%","ragi 58,995 ha, horse gram 3,257 ha, rice 3,022 ha",0.75,10
taluk,RAMANAGARA,RAMANAGAR,Kharif,ragi,,"ragi 47%, mango 20%, coconut 16%, maize 3%, rice 2%","mango, coconut","ragi 47%, horse gram 2%, rice 2%",98%,False,"mango 42%, ragi 40%, coconut 14%","ragi 58,995 ha, horse gram 3,257 ha, rice 3,022 ha",0.75,10
taluk,RAMANAGARA,CHANNAPATNA,Kharif,ragi,,"ragi 33%, coconut 20%, rice 12%, mango 11%, sugarcane 6%",coconut,"ragi 33%, rice 12%, horse gram 4%",98%,False,"coconut 37%, ragi 30%, mango 19%","ragi 58,995 ha, horse gram 3,257 ha, rice 3,022 ha",0.75,10
taluk,RAMANAGARA,KANKAPUR,Kharif,ragi,,"ragi 43%, coconut 15%, mango 13%, rice 6%, groundnut 4%","coconut, mango","ragi 43%, rice 6%, horse gram 3%",98%,False,"ragi 60%, coconut 16%, mango 9%","ragi 58,995 ha, horse gram 3,257 ha, rice 3,022 ha",0.75,12
district,RAMANAGARA,,Rabi,horse gram,coconut,"coconut 40%, mango 36%, arecanut 4%, banana 4%, sugarcane 4%","coconut, mango, arecanut","horse gram 3%, ragi 2%, maize 0%",2%,True,"coconut 50%, mango 48%, horse gram 3%","ragi 1,659 ha, maize 1,480 ha, horse gram 1,404 ha",,42
taluk,RAMANAGARA,MAGADI,Rabi,ragi,mango,"mango 39%, coconut 34%, arecanut 12%, banana 4%, grapes 3%","mango, coconut, arecanut","ragi 2%, horse gram 1%, jowar 1%",2%,True,"mango 64%, coconut 21%, arecanut 12%","ragi 1,659 ha, maize 1,480 ha, horse gram 1,404 ha",0.75,10
taluk,RAMANAGARA,RAMANAGAR,Rabi,horse gram,mango,"mango 47%, coconut 34%, banana 4%, arecanut 3%, grapes 3%","mango, coconut, banana","horse gram 3%, ragi 2%, jowar 1%",2%,True,"mango 73%, coconut 25%, horse gram 3%","ragi 1,659 ha, maize 1,480 ha, horse gram 1,404 ha",0.75,10
taluk,RAMANAGARA,CHANNAPATNA,Rabi,horse gram,coconut,"coconut 46%, mango 26%, sugarcane 10%, banana 5%, horse gram 4%","coconut, mango, sugarcane","horse gram 4%, ragi 2%, jowar 0%",2%,True,"coconut 63%, mango 33%, banana 3%","ragi 1,659 ha, maize 1,480 ha, horse gram 1,404 ha",0.75,10
taluk,RAMANAGARA,KANKAPUR,Rabi,horse gram,coconut,"coconut 45%, mango 34%, banana 5%, horse gram 4%, sugarcane 3%","coconut, mango, banana","horse gram 4%, ragi 1%, jowar 0%",2%,True,"coconut 57%, mango 32%, horse gram 6%","ragi 1,659 ha, maize 1,480 ha, horse gram 1,404 ha",0.75,12
district,RAMANAGARA,,Summer,ragi,coconut,"coconut 40%, mango 37%, banana 5%, arecanut 4%, sugarcane 4%","coconut, mango, banana","ragi 1%, tomato 1%, rice 1%",1%,True,"coconut 51%, mango 49%","ragi 81 ha, tomato 74 ha, maize 46 ha",,42
taluk,RAMANAGARA,MAGADI,Summer,ragi,mango,"mango 40%, coconut 34%, arecanut 12%, banana 4%, grapes 3%","mango, coconut, arecanut","ragi 2%, tomato 1%, rice 0%",1%,True,"mango 64%, coconut 21%, arecanut 12%","ragi 81 ha, tomato 74 ha, maize 46 ha",0.75,10
taluk,RAMANAGARA,RAMANAGAR,Summer,ragi,mango,"mango 47%, coconut 35%, banana 4%, arecanut 3%, grapes 3%","mango, coconut, banana","ragi 2%, rice 1%, tomato 1%",1%,True,"mango 75%, coconut 25%","ragi 81 ha, tomato 74 ha, maize 46 ha",0.75,10
taluk,RAMANAGARA,CHANNAPATNA,Summer,rice,coconut,"coconut 46%, mango 27%, sugarcane 11%, banana 5%, arecanut 3%","coconut, mango, sugarcane","rice 2%, ragi 1%, tomato 0%",1%,True,"coconut 63%, mango 33%, banana 3%","ragi 81 ha, tomato 74 ha, maize 46 ha",0.75,10
taluk,RAMANAGARA,KANKAPUR,Summer,ragi,coconut,"coconut 46%, mango 35%, banana 5%, sugarcane 4%, horse gram 3%","coconut, mango, banana","ragi 1%, rice 1%, tomato 1%",1%,True,"coconut 61%, mango 34%, banana 6%","ragi 81 ha, tomato 74 ha, maize 46 ha",0.75,12
district,SHIMOGA,,Kharif,rice,arecanut,"arecanut 34%, rice 32%, maize 17%, coconut 4%, banana 3%",arecanut,"rice 32%, maize 17%",88%,False,"rice 49%, maize 27%, arecanut 21%","rice 72,054 ha, maize 44,734 ha, cotton 273 ha",,71
taluk,SHIMOGA,SAGARA,Kharif,rice,,"rice 37%, arecanut 36%, maize 9%, banana 5%, coconut 4%",arecanut,"rice 37%, maize 9%",88%,False,"rice 46%, arecanut 32%, maize 10%","rice 72,054 ha, maize 44,734 ha, cotton 273 ha",0.75,10
taluk,SHIMOGA,SORABA,Kharif,rice,,"rice 37%, arecanut 26%, maize 21%, banana 4%, mango 2%",arecanut,"rice 37%, maize 21%",88%,False,"rice 48%, maize 23%, arecanut 19%","rice 72,054 ha, maize 44,734 ha, cotton 273 ha",0.75,10
taluk,SHIMOGA,SHIKARIPURA,Kharif,rice,,"maize 33%, rice 28%, arecanut 22%, cotton 4%, coconut 2%",arecanut,"rice 28%, maize 33%",88%,False,"maize 48%, rice 36%, arecanut 16%","rice 72,054 ha, maize 44,734 ha, cotton 273 ha",0.75,10
taluk,SHIMOGA,HOSANAGARA,Kharif,rice,arecanut,"arecanut 38%, rice 36%, maize 8%, banana 4%, coconut 4%",arecanut,"rice 36%, maize 8%",88%,False,"rice 46%, arecanut 38%, ginger 6%","rice 72,054 ha, maize 44,734 ha, cotton 273 ha",0.75,10
taluk,SHIMOGA,THIRTHAHALLI,Kharif,rice,arecanut,"arecanut 40%, rice 32%, coffee 7%, maize 6%, coconut 4%","arecanut, coffee","rice 32%, maize 6%",88%,False,"arecanut 53%, rice 44%, banana 3%","rice 72,054 ha, maize 44,734 ha, cotton 273 ha",0.75,10
taluk,SHIMOGA,SHIMOGA,Kharif,rice,arecanut,"arecanut 34%, rice 28%, maize 21%, coconut 4%, coffee 3%",arecanut,"rice 28%, maize 21%",88%,False,"arecanut 35%, maize 32%, rice 28%","rice 72,054 ha, maize 44,734 ha, cotton 273 ha",0.75,10
taluk,SHIMOGA,BHADRAVATHI,Kharif,rice,arecanut,"arecanut 40%, rice 26%, maize 19%, coconut 5%, sugarcane 2%",arecanut,"rice 26%, maize 19%",88%,False,"arecanut 58%, rice 25%, maize 7%","rice 72,054 ha, maize 44,734 ha, cotton 273 ha",0.75,10
district,SHIMOGA,,Rabi,maize,arecanut,"arecanut 67%, banana 7%, coconut 7%, rice 5%, mango 3%","arecanut, banana, coconut","maize 2%, rice 5%, sunflower 0%",1%,True,"arecanut 79%, coconut 10%, sugarcane 8%","maize 963 ha, sunflower 160 ha, rice 94 ha",,71
taluk,SHIMOGA,SAGARA,Rabi,rice,arecanut,"arecanut 68%, banana 10%, coconut 7%, rice 6%, cashewnut 4%","arecanut, banana, coconut","rice 6%, maize 1%, horse gram 0%",1%,True,"arecanut 73%, banana 16%, cashewnut 6%","maize 963 ha, sunflower 160 ha, rice 94 ha",0.75,10
taluk,SHIMOGA,SORABA,Rabi,maize,arecanut,"arecanut 61%, banana 11%, mango 8%, rice 7%, coconut 4%","arecanut, banana, mango","maize 3%, rice 7%, horse gram 0%",1%,True,"arecanut 71%, banana 13%, mango 13%","maize 963 ha, sunflower 160 ha, rice 94 ha",0.75,10
taluk,SHIMOGA,SHIKARIPURA,Rabi,maize,arecanut,"arecanut 57%, banana 7%, jowar 6%, coconut 6%, rice 6%","arecanut, banana","maize 4%, sunflower 1%, rice 6%",1%,True,"arecanut 77%, banana 10%, mango 9%","maize 963 ha, sunflower 160 ha, rice 94 ha",0.75,10
taluk,SHIMOGA,HOSANAGARA,Rabi,rice,arecanut,"arecanut 70%, banana 8%, coconut 6%, rice 6%, cashewnut 3%","arecanut, banana, coconut","rice 6%, maize 1%, horse gram 0%",1%,True,"arecanut 80%, banana 9%, coconut 6%","maize 963 ha, sunflower 160 ha, rice 94 ha",0.75,10
taluk,SHIMOGA,THIRTHAHALLI,Rabi,rice,arecanut,"arecanut 69%, banana 6%, coffee 6%, coconut 6%, rice 5%","arecanut, banana, coffee","rice 5%, maize 1%, horse gram 0%",1%,True,"arecanut 89%, banana 5%, black pepper 4%","maize 963 ha, sunflower 160 ha, rice 94 ha",0.75,10
taluk,SHIMOGA,SHIMOGA,Rabi,maize,arecanut,"arecanut 71%, coconut 8%, rice 5%, banana 5%, mango 3%","arecanut, coconut","maize 2%, rice 5%, horse gram 0%",1%,True,"arecanut 82%, coconut 11%, banana 4%","maize 963 ha, sunflower 160 ha, rice 94 ha",0.75,10
taluk,SHIMOGA,BHADRAVATHI,Rabi,maize,arecanut,"arecanut 74%, coconut 9%, rice 4%, banana 3%, mango 2%","arecanut, coconut","maize 1%, rice 4%, green gram 0%",1%,True,"arecanut 85%, coconut 10%, sugarcane 5%","maize 963 ha, sunflower 160 ha, rice 94 ha",0.75,10
district,SHIMOGA,,Summer,rice,arecanut,"arecanut 65%, rice 9%, banana 7%, coconut 6%, mango 3%","arecanut, banana","rice 9%, maize 2%",10%,False,"arecanut 59%, rice 21%, coconut 7%","rice 10,129 ha, maize 9,882 ha, jowar 87 ha",,71
taluk,SHIMOGA,SAGARA,Summer,rice,arecanut,"arecanut 65%, rice 10%, banana 9%, coconut 7%, cashewnut 4%","arecanut, banana","rice 10%, maize 1%",10%,False,"arecanut 63%, rice 14%, banana 13%","rice 10,129 ha, maize 9,882 ha, jowar 87 ha",0.75,10
taluk,SHIMOGA,SORABA,Summer,rice,arecanut,"arecanut 59%, banana 11%, rice 10%, mango 7%, coconut 4%","arecanut, banana","rice 10%, maize 3%",10%,False,"arecanut 55%, rice 21%, banana 10%","rice 10,129 ha, maize 9,882 ha, jowar 87 ha",0.75,10
taluk,SHIMOGA,SHIKARIPURA,Summer,rice,arecanut,"arecanut 55%, rice 12%, banana 6%, mango 6%, maize 5%","arecanut, banana","rice 12%, maize 5%",10%,False,"arecanut 56%, rice 20%, maize 11%","rice 10,129 ha, maize 9,882 ha, jowar 87 ha",0.75,10
taluk,SHIMOGA,HOSANAGARA,Summer,rice,arecanut,"arecanut 67%, rice 9%, banana 8%, coconut 6%, cashewnut 3%","arecanut, banana","rice 9%, maize 1%",10%,False,"arecanut 69%, rice 13%, banana 7%","rice 10,129 ha, maize 9,882 ha, jowar 87 ha",0.75,10
taluk,SHIMOGA,THIRTHAHALLI,Summer,rice,arecanut,"arecanut 68%, rice 8%, banana 6%, coffee 6%, coconut 6%","arecanut, banana","rice 8%, maize 1%",10%,False,"arecanut 82%, rice 11%, banana 4%","rice 10,129 ha, maize 9,882 ha, jowar 87 ha",0.75,10
taluk,SHIMOGA,SHIMOGA,Summer,rice,arecanut,"arecanut 67%, rice 9%, coconut 8%, banana 4%, maize 2%","arecanut, coconut","rice 9%, maize 2%",10%,False,"arecanut 73%, coconut 10%, rice 9%","rice 10,129 ha, maize 9,882 ha, jowar 87 ha",0.75,10
taluk,SHIMOGA,BHADRAVATHI,Summer,rice,arecanut,"arecanut 72%, coconut 9%, rice 8%, banana 3%, mango 2%","arecanut, coconut","rice 8%, maize 2%",10%,False,"arecanut 80%, coconut 10%, rice 5%","rice 10,129 ha, maize 9,882 ha, jowar 87 ha",0.75,10
district,TUMKUR,,Kharif,ragi,,"ragi 26%, coconut 26%, groundnut 14%, maize 9%, arecanut 8%",coconut,"ragi 26%, groundnut 14%, maize 9%",98%,False,"coconut 39%, ragi 34%, groundnut 15%","ragi 149,124 ha, groundnut 47,078 ha, green gram 39,241 ha",,100
taluk,TUMKUR,CHIKKANAYAKANAHALLI,Kharif,ragi,coconut,"coconut 36%, ragi 27%, arecanut 9%, groundnut 7%, maize 7%","coconut, arecanut","ragi 27%, horse gram 3%, rice 2%",98%,False,"coconut 48%, ragi 41%, arecanut 8%","ragi 149,124 ha, groundnut 47,078 ha, green gram 39,241 ha",0.75,10
taluk,TUMKUR,KUNIGAL,Kharif,ragi,,"ragi 36%, coconut 28%, arecanut 7%, mango 7%, rice 4%","coconut, arecanut","ragi 36%, rice 4%, horse gram 4%",98%,False,"ragi 53%, coconut 22%, horse gram 7%","ragi 149,124 ha, groundnut 47,078 ha, green gram 39,241 ha",0.75,10
taluk,TUMKUR,SIRA,Kharif,groundnut,,"groundnut 26%, coconut 20%, ragi 18%, arecanut 8%, maize 7%",coconut,"groundnut 26%, ragi 18%, pigeonpea (tur) 3%",98%,False,"groundnut 41%, ragi 19%, coconut 15%","ragi 149,124 ha, groundnut 47,078 ha, green gram 39,241 ha",0.75,10
taluk,TUMKUR,PAVAGADA,Kharif,groundnut,,"groundnut 42%, ragi 12%, coconut 9%, maize 8%, arecanut 6%",coconut,"groundnut 42%, ragi 12%, pigeonpea (tur) 5%",98%,False,"groundnut 73%, pigeonpea (tur) 9%, arecanut 5%","ragi 149,124 ha, groundnut 47,078 ha, green gram 39,241 ha",0.75,10
taluk,TUMKUR,MADHUGIRI,Kharif,groundnut,,"groundnut 25%, ragi 18%, maize 16%, coconut 14%, arecanut 7%",,"groundnut 25%, maize 16%, ragi 18%",98%,False,"groundnut 37%, maize 32%, ragi 16%","ragi 149,124 ha, groundnut 47,078 ha, green gram 39,241 ha",0.75,10
taluk,TUMKUR,KORATAGERE,Kharif,maize,,"ragi 31%, maize 26%, coconut 11%, groundnut 11%, arecanut 6%",coconut,"maize 26%, ragi 31%, groundnut 11%",98%,False,"maize 41%, ragi 26%, groundnut 17%","ragi 149,124 ha, groundnut 47,078 ha, green gram 39,241 ha",0.75,10
taluk,TUMKUR,TUMKUR,Kharif,ragi,,"ragi 34%, coconut 25%, arecanut 10%, mango 8%, maize 7%","coconut, arecanut","ragi 34%, groundnut 6%, maize 7%",98%,False,"ragi 38%, coconut 29%, arecanut 20%","ragi 149,124 ha, groundnut 47,078 ha, green gram 39,241 ha",0.75,10
taluk,TUMKUR,GUBBI,Kharif,ragi,coconut,"coconut 35%, ragi 27%, arecanut 11%, groundnut 7%, mango 5%","coconut, arecanut","ragi 27%, horse gram 4%, rice 1%",98%,False,"coconut 43%, ragi 25%, arecanut 20%","ragi 149,124 ha, groundnut 47,078 ha, green gram 39,241 ha",0.75,10
taluk,TUMKUR,TIPTUR,Kharif,ragi,coconut,"coconut 41%, ragi 28%, maize 7%, arecanut 5%, groundnut 4%",coconut,"ragi 28%, jowar 2%, horse gram 1%",98%,False,"coconut 57%, ragi 39%, arecanut 4%","ragi 149,124 ha, groundnut 47,078 ha, green gram 39,241 ha",0.75,10
taluk,TUMKUR,TURUVEKERE,Kharif,ragi,coconut,"coconut 39%, ragi 30%, arecanut 9%, groundnut 5%, horse gram 4%","coconut, arecanut","ragi 30%, horse gram 4%, rice 2%",98%,False,"coconut 57%, ragi 29%, arecanut 11%","ragi 149,124 ha, groundnut 47,078 ha, green gram 39,241 ha",0.75,10
district,TUMKUR,,Rabi,groundnut,coconut,"coconut 49%, arecanut 19%, mango 11%, banana 3%, pomegranate 3%","coconut, arecanut, mango","groundnut 1%, jowar 2%, maize 1%",2%,True,"coconut 88%, mango 8%, arecanut 4%","groundnut 3,650 ha, maize 2,159 ha, linseed 976 ha",,100
taluk,TUMKUR,CHIKKANAYAKANAHALLI,Rabi,horse gram,coconut,"coconut 65%, arecanut 17%, mango 5%, pomegranate 2%, horse gram 2%","coconut, arecanut, mango","horse gram 2%, jowar 1%, chickpea 2%",2%,True,"coconut 86%, arecanut 14%","groundnut 3,650 ha, maize 2,159 ha, linseed 976 ha",0.75,10
taluk,TUMKUR,KUNIGAL,Rabi,horse gram,coconut,"coconut 54%, arecanut 13%, mango 12%, sugarcane 7%, banana 3%","coconut, arecanut, mango","horse gram 2%, jowar 1%, chickpea 1%",2%,True,"coconut 60%, arecanut 15%, mango 13%","groundnut 3,650 ha, maize 2,159 ha, linseed 976 ha",0.75,10
taluk,TUMKUR,SIRA,Rabi,groundnut,coconut,"coconut 45%, arecanut 21%, pomegranate 7%, mango 7%, chickpea 4%","coconut, arecanut, pomegranate","groundnut 2%, jowar 3%, chickpea 4%",2%,True,"coconut 48%, arecanut 30%, pomegranate 15%","groundnut 3,650 ha, maize 2,159 ha, linseed 976 ha",0.75,10
taluk,TUMKUR,PAVAGADA,Rabi,groundnut,coconut,"coconut 23%, arecanut 22%, mango 17%, pomegranate 7%, chickpea 7%","coconut, arecanut, mango","groundnut 5%, chickpea 7%, jowar 4%",2%,True,"arecanut 33%, mango 20%, tomato 16%","groundnut 3,650 ha, maize 2,159 ha, linseed 976 ha",0.75,10
taluk,TUMKUR,MADHUGIRI,Rabi,groundnut,coconut,"coconut 28%, arecanut 23%, mango 18%, chickpea 4%, banana 4%","coconut, arecanut, mango","groundnut 2%, chickpea 4%, maize 2%",2%,True,"arecanut 36%, coconut 26%, mango 18%","groundnut 3,650 ha, maize 2,159 ha, linseed 976 ha",0.75,10
taluk,TUMKUR,KORATAGERE,Rabi,maize,coconut,"coconut 29%, arecanut 25%, mango 17%, banana 7%, grapes 5%","coconut, arecanut, mango","maize 2%, jowar 4%, groundnut 1%",2%,True,"arecanut 44%, coconut 31%, mango 15%","groundnut 3,650 ha, maize 2,159 ha, linseed 976 ha",0.75,10
taluk,TUMKUR,TUMKUR,Rabi,jowar,coconut,"coconut 41%, arecanut 23%, mango 21%, banana 3%, grapes 2%","coconut, arecanut, mango","jowar 1%, chickpea 1%, horse gram 1%",2%,True,"coconut 49%, arecanut 34%, mango 18%","groundnut 3,650 ha, maize 2,159 ha, linseed 976 ha",0.75,10
taluk,TUMKUR,GUBBI,Rabi,chickpea,coconut,"coconut 59%, arecanut 20%, mango 8%, banana 3%, pomegranate 2%","coconut, arecanut, mango","chickpea 1%, horse gram 1%, jowar 1%",2%,True,"coconut 58%, arecanut 27%, mango 11%","groundnut 3,650 ha, maize 2,159 ha, linseed 976 ha",0.75,10
taluk,TUMKUR,TIPTUR,Rabi,jowar,coconut,"coconut 74%, arecanut 8%, mango 3%, ragi 3%, coffee 2%","coconut, arecanut, mango","jowar 1%, horse gram 1%, chickpea 1%",2%,True,"coconut 94%, arecanut 6%","groundnut 3,650 ha, maize 2,159 ha, linseed 976 ha",0.75,10
taluk,TUMKUR,TURUVEKERE,Rabi,horse gram,coconut,"coconut 67%, arecanut 16%, mango 6%, horse gram 2%, ragi 2%","coconut, arecanut, mango","horse gram 2%, jowar 1%, chickpea 1%",2%,True,"coconut 84%, arecanut 16%","groundnut 3,650 ha, maize 2,159 ha, linseed 976 ha",0.75,10
district,TUMKUR,,Summer,ragi,coconut,"coconut 50%, arecanut 19%, mango 13%, pomegranate 3%, banana 3%","coconut, arecanut, mango","ragi 1%, rice 1%, maize 1%",1%,True,"coconut 88%, mango 8%, arecanut 4%","maize 242 ha, ragi 237 ha, rice 222 ha",,100
taluk,TUMKUR,CHIKKANAYAKANAHALLI,Summer,ragi,coconut,"coconut 66%, arecanut 17%, mango 5%, pomegranate 2%, banana 2%","coconut, arecanut, mango","ragi 1%, rice 1%, jowar 1%",1%,True,"coconut 86%, arecanut 14%","maize 242 ha, ragi 237 ha, rice 222 ha",0.75,10
taluk,TUMKUR,KUNIGAL,Summer,rice,coconut,"coconut 55%, arecanut 14%, mango 12%, sugarcane 7%, banana 3%","coconut, arecanut, mango","rice 2%, ragi 2%, jowar 0%",1%,True,"coconut 59%, arecanut 15%, mango 12%","maize 242 ha, ragi 237 ha, rice 222 ha",0.75,10
taluk,TUMKUR,SIRA,Summer,rice,coconut,"coconut 47%, arecanut 23%, mango 8%, pomegranate 8%, banana 2%","coconut, arecanut, mango","rice 2%, jowar 1%, ragi 1%",1%,True,"coconut 49%, arecanut 31%, pomegranate 16%","maize 242 ha, ragi 237 ha, rice 222 ha",0.75,10
taluk,TUMKUR,PAVAGADA,Summer,rice,coconut,"coconut 25%, arecanut 23%, mango 21%, pomegranate 8%, groundnut 5%","coconut, arecanut, mango","rice 4%, jowar 2%, tomato 2%",1%,True,"arecanut 39%, mango 23%, pomegranate 15%","maize 242 ha, ragi 237 ha, rice 222 ha",0.75,10
taluk,TUMKUR,MADHUGIRI,Summer,rice,coconut,"coconut 29%, arecanut 24%, mango 21%, banana 5%, pomegranate 5%","coconut, arecanut, mango","rice 2%, maize 2%, jowar 1%",1%,True,"arecanut 40%, coconut 29%, mango 20%","maize 242 ha, ragi 237 ha, rice 222 ha",0.75,10
taluk,TUMKUR,KORATAGERE,Summer,maize,coconut,"coconut 30%, arecanut 26%, mango 19%, banana 8%, grapes 6%","coconut, arecanut, mango","maize 2%, rice 1%, jowar 2%",1%,True,"arecanut 47%, coconut 32%, mango 15%","maize 242 ha, ragi 237 ha, rice 222 ha",0.75,10
taluk,TUMKUR,TUMKUR,Summer,rice,coconut,"coconut 42%, arecanut 23%, mango 22%, banana 3%, grapes 2%","coconut, arecanut, mango","rice 1%, ragi 2%, jowar 1%",1%,True,"coconut 49%, arecanut 34%, mango 18%","maize 242 ha, ragi 237 ha, rice 222 ha",0.75,10
taluk,TUMKUR,GUBBI,Summer,rice,coconut,"coconut 60%, arecanut 21%, mango 9%, banana 3%, pomegranate 2%","coconut, arecanut, mango","rice 1%, ragi 1%, jowar 1%",1%,True,"coconut 58%, arecanut 27%, mango 11%","maize 242 ha, ragi 237 ha, rice 222 ha",0.75,10
taluk,TUMKUR,TIPTUR,Summer,ragi,coconut,"coconut 75%, arecanut 9%, mango 4%, coffee 2%, ragi 2%","coconut, arecanut, mango","ragi 2%, rice 1%, jowar 0%",1%,True,"coconut 94%, arecanut 6%","maize 242 ha, ragi 237 ha, rice 222 ha",0.75,10
taluk,TUMKUR,TURUVEKERE,Summer,rice,coconut,"coconut 68%, arecanut 16%, mango 6%, banana 2%, sugarcane 2%","coconut, arecanut, mango","rice 1%, ragi 2%, jowar 0%",1%,True,"coconut 84%, arecanut 16%","maize 242 ha, ragi 237 ha, rice 222 ha",0.75,10
district,UDUPI,,Kharif,rice,,"rice 32%, arecanut 29%, coconut 27%, cashewnut 8%, banana 2%","arecanut, coconut",rice 32%,81%,False,"rice 63%, coconut 35%, arecanut 3%","rice 35,781 ha, sesame 29 ha, cowpea 1 ha",,35
taluk,UDUPI,KUNDAPURA,Kharif,rice,,"rice 36%, arecanut 27%, coconut 26%, cashewnut 7%, banana 2%","arecanut, coconut",rice 36%,81%,False,"rice 38%, arecanut 29%, coconut 24%","rice 35,781 ha, sesame 29 ha, cowpea 1 ha",0.75,10
taluk,UDUPI,UDUPI,Kharif,rice,,"rice 34%, coconut 29%, arecanut 26%, cashewnut 8%, banana 1%","coconut, arecanut",rice 34%,81%,False,"rice 52%, coconut 33%, arecanut 9%","rice 35,781 ha, sesame 29 ha, cowpea 1 ha",0.75,10
taluk,UDUPI,KARKALA,Kharif,rice,arecanut,"arecanut 31%, rice 30%, coconut 26%, cashewnut 8%, banana 2%","arecanut, coconut",rice 30%,81%,False,"rice 33%, arecanut 29%, coconut 24%","rice 35,781 ha, sesame 29 ha, cowpea 1 ha",0.75,10
district,UDUPI,,Rabi,rice,coconut,"coconut 39%, arecanut 38%, cashewnut 11%, rice 5%, banana 2%","coconut, arecanut, cashewnut","rice 5%, black gram 2%, groundnut 1%",18%,False,"coconut 70%, rice 13%, black gram 6%","rice 5,407 ha, black gram 2,644 ha, groundnut 1,585 ha",,35
taluk,UDUPI,KUNDAPURA,Rabi,rice,coconut,"coconut 39%, arecanut 38%, cashewnut 11%, rice 5%, banana 2%","coconut, arecanut, cashewnut","rice 5%, black gram 2%, groundnut 1%",18%,False,"arecanut 40%, coconut 33%, cashewnut 14%","rice 5,407 ha, black gram 2,644 ha, groundnut 1,585 ha",0.75,10
taluk,UDUPI,UDUPI,Rabi,rice,coconut,"coconut 45%, arecanut 31%, cashewnut 11%, rice 6%, black gram 2%","coconut, arecanut, cashewnut","rice 6%, black gram 2%, groundnut 1%",18%,False,"coconut 57%, arecanut 15%, cashewnut 10%","rice 5,407 ha, black gram 2,644 ha, groundnut 1,585 ha",0.75,10
taluk,UDUPI,KARKALA,Rabi,rice,arecanut,"arecanut 41%, coconut 36%, cashewnut 12%, rice 5%, banana 3%","arecanut, coconut, cashewnut","rice 5%, black gram 1%, groundnut 1%",18%,False,"arecanut 41%, coconut 34%, cashewnut 15%","rice 5,407 ha, black gram 2,644 ha, groundnut 1,585 ha",0.75,10
district,UDUPI,,Summer,rice,coconut,"coconut 40%, arecanut 38%, cashewnut 11%, rice 4%, banana 2%","coconut, arecanut, cashewnut","rice 4%, cowpea 0%",1%,True,"coconut 90%, arecanut 7%, black pepper 3%","cowpea 27 ha, rice 24 ha",,35
taluk,UDUPI,KUNDAPURA,Summer,rice,coconut,"coconut 39%, arecanut 38%, cashewnut 11%, rice 5%, banana 2%","coconut, arecanut, cashewnut","rice 5%, cowpea 0%",1%,True,"arecanut 46%, coconut 38%, cashewnut 16%","cowpea 27 ha, rice 24 ha",0.75,10
taluk,UDUPI,UDUPI,Summer,rice,coconut,"coconut 46%, arecanut 32%, cashewnut 11%, rice 5%, banana 2%","coconut, arecanut, cashewnut","rice 5%, cowpea 0%",1%,True,"coconut 68%, arecanut 18%, cashewnut 11%","cowpea 27 ha, rice 24 ha",0.75,10
taluk,UDUPI,KARKALA,Summer,rice,arecanut,"arecanut 41%, coconut 36%, cashewnut 12%, rice 4%, banana 3%","arecanut, coconut, cashewnut","rice 4%, cowpea 0%",1%,True,"arecanut 43%, coconut 36%, cashewnut 16%","cowpea 27 ha, rice 24 ha",0.75,10
district,UTTAR KANNAD,,Kharif,rice,,"rice 43%, arecanut 23%, coconut 13%, maize 5%, banana 3%","arecanut, coconut","rice 43%, maize 5%",94%,False,"rice 68%, coconut 11%, maize 9%","rice 38,830 ha, maize 7,617 ha, cotton 374 ha",,108
taluk,UTTAR KANNAD,KARWAR,Kharif,rice,,"rice 48%, coconut 19%, arecanut 16%, cashewnut 4%, mango 4%","coconut, arecanut","rice 48%, maize 2%",94%,False,"rice 58%, coconut 31%, mango 7%","rice 38,830 ha, maize 7,617 ha, cotton 374 ha",0.75,10
taluk,UTTAR KANNAD,HONNAVAR,Kharif,rice,,"rice 37%, arecanut 31%, coconut 21%, cashewnut 3%, banana 2%","arecanut, coconut","rice 37%, maize 2%",94%,False,"arecanut 44%, rice 31%, coconut 18%","rice 38,830 ha, maize 7,617 ha, cotton 374 ha",0.75,10
taluk,UTTAR KANNAD,BHATKAL,Kharif,rice,,"rice 40%, arecanut 25%, coconut 24%, cashewnut 4%, banana 2%","arecanut, coconut","rice 40%, maize 1%",94%,False,"rice 49%, coconut 29%, arecanut 22%","rice 38,830 ha, maize 7,617 ha, cotton 374 ha",0.75,9
taluk,UTTAR KANNAD,SUPA,Kharif,rice,,"rice 54%, arecanut 15%, coconut 9%, sugarcane 7%, banana 3%","arecanut, coconut","rice 54%, maize 3%",94%,False,"rice 81%, arecanut 12%, banana 4%","rice 38,830 ha, maize 7,617 ha, cotton 374 ha",0.75,10
taluk,UTTAR KANNAD,HALIYAL,Kharif,rice,,"rice 41%, sugarcane 12%, arecanut 11%, maize 9%, coconut 5%","sugarcane, arecanut","rice 41%, maize 9%",94%,False,"rice 43%, sugarcane 38%, maize 20%","rice 38,830 ha, maize 7,617 ha, cotton 374 ha",0.75,10
taluk,UTTAR KANNAD,YELLAPUR,Kharif,rice,,"rice 43%, arecanut 24%, maize 8%, coconut 8%, sugarcane 4%",arecanut,"rice 43%, maize 8%",94%,False,"arecanut 48%, rice 42%, banana 7%","rice 38,830 ha, maize 7,617 ha, cotton 374 ha",0.75,10
taluk,UTTAR KANNAD,MUNDGOD,Kharif,rice,,"rice 39%, maize 18%, arecanut 17%, sugarcane 5%, coconut 4%",arecanut,"rice 39%, maize 18%",94%,False,"rice 53%, maize 29%, arecanut 11%","rice 38,830 ha, maize 7,617 ha, cotton 374 ha",0.75,10
taluk,UTTAR KANNAD,SIRSI,Kharif,rice,,"rice 43%, arecanut 31%, coconut 7%, maize 6%, banana 6%","arecanut, coconut","rice 43%, maize 6%",94%,False,"rice 44%, arecanut 39%, banana 11%","rice 38,830 ha, maize 7,617 ha, cotton 374 ha",0.75,10
taluk,UTTAR KANNAD,ANKOLA,Kharif,rice,,"rice 44%, arecanut 23%, coconut 20%, cashewnut 3%, banana 3%","arecanut, coconut","rice 44%, maize 2%",94%,False,"rice 55%, arecanut 23%, coconut 14%","rice 38,830 ha, maize 7,617 ha, cotton 374 ha",0.75,10
taluk,UTTAR KANNAD,KUMTA,Kharif,rice,,"rice 41%, arecanut 27%, coconut 20%, banana 3%, cashewnut 3%","arecanut, coconut","rice 41%, maize 2%",94%,False,"rice 43%, coconut 28%, arecanut 25%","rice 38,830 ha, maize 7,617 ha, cotton 374 ha",0.75,10
taluk,UTTAR KANNAD,SIDDAPUR,Kharif,rice,,"rice 44%, arecanut 32%, banana 7%, coconut 6%, maize 5%","arecanut, banana","rice 44%, maize 5%",94%,False,"rice 53%, arecanut 36%, banana 11%","rice 38,830 ha, maize 7,617 ha, cotton 374 ha",0.75,9
district,UTTAR KANNAD,,Rabi,rice,arecanut,"arecanut 42%, coconut 21%, sugarcane 9%, banana 7%, mango 6%","arecanut, coconut, sugarcane","rice 4%, maize 1%, green gram 1%",4%,True,"coconut 42%, sugarcane 18%, arecanut 17%","maize 2,152 ha, green gram 1,462 ha, horse gram 1,209 ha",,108
taluk,UTTAR KANNAD,KARWAR,Rabi,rice,coconut,"coconut 39%, arecanut 27%, mango 9%, cashewnut 7%, rice 6%","coconut, arecanut, mango","rice 6%, groundnut 1%, green gram 0%",4%,True,"coconut 71%, mango 16%, arecanut 8%","maize 2,152 ha, green gram 1,462 ha, horse gram 1,209 ha",0.75,10
taluk,UTTAR KANNAD,HONNAVAR,Rabi,rice,arecanut,"arecanut 50%, coconut 29%, cashewnut 7%, banana 4%, rice 3%","arecanut, coconut, cashewnut","rice 3%, groundnut 1%, green gram 0%",4%,True,"arecanut 65%, coconut 26%, cashewnut 9%","maize 2,152 ha, green gram 1,462 ha, horse gram 1,209 ha",0.75,10
taluk,UTTAR KANNAD,BHATKAL,Rabi,rice,arecanut,"arecanut 41%, coconut 36%, cashewnut 7%, rice 4%, banana 3%","arecanut, coconut, cashewnut","rice 4%, groundnut 1%, black gram 0%",4%,True,"coconut 52%, arecanut 38%, groundnut 5%","maize 2,152 ha, green gram 1,462 ha, horse gram 1,209 ha",0.75,9
taluk,UTTAR KANNAD,SUPA,Rabi,rice,arecanut,"arecanut 36%, sugarcane 17%, coconut 16%, banana 8%, mango 7%","arecanut, sugarcane, coconut","rice 6%, groundnut 1%, green gram 1%",4%,True,"arecanut 51%, banana 17%, coconut 14%","maize 2,152 ha, green gram 1,462 ha, horse gram 1,209 ha",0.75,10
taluk,UTTAR KANNAD,HALIYAL,Rabi,maize,sugarcane,"sugarcane 33%, arecanut 21%, mango 8%, coconut 7%, jowar 6%","sugarcane, arecanut, mango","maize 1%, rice 4%, green gram 2%",4%,True,"sugarcane 78%, horse gram 9%, green gram 8%","maize 2,152 ha, green gram 1,462 ha, horse gram 1,209 ha",0.75,10
taluk,UTTAR KANNAD,YELLAPUR,Rabi,rice,arecanut,"arecanut 49%, coconut 12%, sugarcane 10%, banana 8%, mango 6%","arecanut, coconut, sugarcane","rice 4%, maize 1%, groundnut 0%",4%,True,"arecanut 82%, banana 12%, coconut 6%","maize 2,152 ha, green gram 1,462 ha, horse gram 1,209 ha",0.75,10
taluk,UTTAR KANNAD,MUNDGOD,Rabi,maize,arecanut,"arecanut 38%, sugarcane 14%, mango 10%, jowar 7%, coconut 7%","arecanut, sugarcane, mango","maize 2%, rice 4%, horse gram 1%",4%,True,"arecanut 44%, mango 19%, banana 12%","maize 2,152 ha, green gram 1,462 ha, horse gram 1,209 ha",0.75,10
taluk,UTTAR KANNAD,SIRSI,Rabi,rice,arecanut,"arecanut 60%, banana 13%, coconut 11%, mango 4%, rice 4%","arecanut, banana, coconut","rice 4%, maize 1%, groundnut 0%",4%,True,"arecanut 73%, banana 20%, coconut 7%","maize 2,152 ha, green gram 1,462 ha, horse gram 1,209 ha",0.75,10
taluk,UTTAR KANNAD,ANKOLA,Rabi,rice,arecanut,"arecanut 39%, coconut 34%, cashewnut 6%, mango 6%, banana 5%","arecanut, coconut, cashewnut","rice 4%, groundnut 1%, green gram 0%",4%,True,"arecanut 44%, coconut 28%, mango 12%","maize 2,152 ha, green gram 1,462 ha, horse gram 1,209 ha",0.75,10
taluk,UTTAR KANNAD,KUMTA,Rabi,rice,arecanut,"arecanut 43%, coconut 33%, cashewnut 6%, banana 5%, mango 4%","arecanut, coconut, cashewnut","rice 3%, groundnut 1%, green gram 0%",4%,True,"coconut 45%, arecanut 41%, banana 7%","maize 2,152 ha, green gram 1,462 ha, horse gram 1,209 ha",0.75,10
taluk,UTTAR KANNAD,SIDDAPUR,Rabi,rice,arecanut,"arecanut 60%, banana 14%, coconut 10%, rice 3%, mango 3%","arecanut, banana, coconut","rice 3%, black gram 0%, maize 0%",4%,True,"arecanut 71%, banana 21%, coconut 4%","maize 2,152 ha, green gram 1,462 ha, horse gram 1,209 ha",0.75,9
district,UTTAR KANNAD,,Summer,rice,arecanut,"arecanut 42%, coconut 21%, sugarcane 10%, banana 7%, mango 6%","arecanut, coconut, sugarcane","rice 4%, maize 1%, jowar 1%",1%,True,"coconut 44%, sugarcane 18%, arecanut 18%","maize 783 ha, rice 421 ha, jowar 37 ha",,108
taluk,UTTAR KANNAD,KARWAR,Summer,rice,coconut,"coconut 39%, arecanut 27%, mango 9%, cashewnut 7%, banana 5%","coconut, arecanut, mango","rice 5%, maize 0%, jowar 0%",1%,True,"coconut 71%, mango 16%, arecanut 8%","maize 783 ha, rice 421 ha, jowar 37 ha",0.75,10
taluk,UTTAR KANNAD,HONNAVAR,Summer,rice,arecanut,"arecanut 50%, coconut 29%, cashewnut 7%, banana 4%, mango 3%","arecanut, coconut, cashewnut","rice 3%, jowar 0%, maize 0%",1%,True,"arecanut 65%, coconut 26%, cashewnut 9%","maize 783 ha, rice 421 ha, jowar 37 ha",0.75,10
taluk,UTTAR KANNAD,BHATKAL,Summer,rice,arecanut,"arecanut 41%, coconut 37%, cashewnut 7%, rice 4%, mango 3%","arecanut, coconut, cashewnut","rice 4%, maize 0%, jowar 0%",1%,True,"coconut 55%, arecanut 41%, cashewnut 5%","maize 783 ha, rice 421 ha, jowar 37 ha",0.75,9
taluk,UTTAR KANNAD,SUPA,Summer,rice,arecanut,"arecanut 36%, sugarcane 18%, coconut 16%, banana 8%, mango 7%","arecanut, sugarcane, coconut","rice 6%, maize 0%, jowar 0%",1%,True,"arecanut 51%, banana 17%, coconut 14%","maize 783 ha, rice 421 ha, jowar 37 ha",0.75,10
taluk,UTTAR KANNAD,HALIYAL,Summer,rice,sugarcane,"sugarcane 42%, arecanut 21%, mango 12%, coconut 8%, banana 4%","sugarcane, arecanut, mango","rice 3%, maize 1%, jowar 1%",1%,True,"sugarcane 94%, mango 6%","maize 783 ha, rice 421 ha, jowar 37 ha",0.75,10
taluk,UTTAR KANNAD,YELLAPUR,Summer,rice,arecanut,"arecanut 49%, coconut 12%, sugarcane 12%, banana 9%, mango 7%","arecanut, coconut, sugarcane","rice 5%, maize 1%, jowar 1%",1%,True,"arecanut 82%, banana 12%, coconut 6%","maize 783 ha, rice 421 ha, jowar 37 ha",0.75,10
taluk,UTTAR KANNAD,MUNDGOD,Summer,rice,arecanut,"arecanut 37%, sugarcane 18%, mango 12%, banana 7%, coconut 7%","arecanut, sugarcane, mango","rice 7%, maize 3%, jowar 2%",1%,True,"arecanut 47%, mango 21%, banana 13%","maize 783 ha, rice 421 ha, jowar 37 ha",0.75,10
taluk,UTTAR KANNAD,SIRSI,Summer,rice,arecanut,"arecanut 59%, banana 13%, coconut 11%, rice 4%, mango 4%","arecanut, banana, coconut","rice 4%, maize 1%, jowar 0%",1%,True,"arecanut 73%, banana 20%, coconut 7%","maize 783 ha, rice 421 ha, jowar 37 ha",0.75,10
taluk,UTTAR KANNAD,ANKOLA,Summer,rice,arecanut,"arecanut 39%, coconut 34%, cashewnut 7%, mango 6%, banana 5%","arecanut, coconut, cashewnut","rice 4%, maize 0%, jowar 0%",1%,True,"arecanut 47%, coconut 30%, mango 12%","maize 783 ha, rice 421 ha, jowar 37 ha",0.75,10
taluk,UTTAR KANNAD,KUMTA,Summer,rice,arecanut,"arecanut 43%, coconut 33%, cashewnut 6%, banana 5%, mango 4%","arecanut, coconut, cashewnut","rice 3%, maize 0%, jowar 0%",1%,True,"coconut 45%, arecanut 41%, banana 7%","maize 783 ha, rice 421 ha, jowar 37 ha",0.75,10
taluk,UTTAR KANNAD,SIDDAPUR,Summer,rice,arecanut,"arecanut 59%, banana 14%, coconut 10%, rice 4%, sugarcane 3%","arecanut, banana, coconut","rice 4%, maize 1%, jowar 0%",1%,True,"arecanut 69%, banana 20%, coconut 4%","maize 783 ha, rice 421 ha, jowar 37 ha",0.75,9
district,YADGIR,,Kharif,cotton,,"cotton 31%, pigeonpea (tur) 28%, rice 20%, jowar 4%, green gram 4%",,"cotton 31%, rice 20%, pigeonpea (tur) 28%",87%,False,"cotton 35%, pigeonpea (tur) 31%, rice 20%","cotton 220,443 ha, rice 91,467 ha, pigeonpea (tur) 48,142 ha",,30
taluk,YADGIR,YADGIR,Kharif,pigeonpea (tur),,"cotton 32%, pigeonpea (tur) 29%, rice 16%, green gram 5%, jowar 4%",,"pigeonpea (tur) 29%, cotton 32%, rice 16%",87%,False,"cotton 41%, pigeonpea (tur) 30%, green gram 17%","cotton 220,443 ha, rice 91,467 ha, pigeonpea (tur) 48,142 ha",0.75,10
taluk,YADGIR,SHORAPUR,Kharif,rice,,"pigeonpea (tur) 30%, cotton 27%, rice 22%, bajra 4%, jowar 4%",,"rice 22%, cotton 27%, pigeonpea (tur) 30%",87%,False,"rice 43%, pigeonpea (tur) 33%, cotton 18%","cotton 220,443 ha, rice 91,467 ha, pigeonpea (tur) 48,142 ha",0.75,10
taluk,YADGIR,SHAHAPUR,Kharif,cotton,,"cotton 35%, pigeonpea (tur) 24%, rice 23%, jowar 4%, green gram 3%",,"cotton 35%, pigeonpea (tur) 24%, rice 23%",87%,False,"cotton 59%, pigeonpea (tur) 21%, rice 16%","cotton 220,443 ha, rice 91,467 ha, pigeonpea (tur) 48,142 ha",0.75,10
district,YADGIR,,Rabi,jowar,,"jowar 43%, chickpea 18%, rice 15%, groundnut 11%, sugarcane 3%",,"jowar 43%, groundnut 11%, chickpea 18%",9%,True,"chickpea 50%, jowar 26%, rice 15%","groundnut 20,474 ha, jowar 10,032 ha, bajra 1,396 ha",,30
taluk,YADGIR,YADGIR,Rabi,jowar,,"jowar 43%, chickpea 20%, groundnut 11%, rice 10%, mango 5%",,"jowar 43%, groundnut 11%, chickpea 20%",9%,True,"jowar 71%, groundnut 18%, chickpea 6%","groundnut 20,474 ha, jowar 10,032 ha, bajra 1,396 ha",0.75,10
taluk,YADGIR,SHORAPUR,Rabi,jowar,,"jowar 41%, chickpea 19%, rice 17%, groundnut 9%, sugarcane 4%",,"jowar 41%, chickpea 19%, groundnut 9%",9%,True,"jowar 41%, rice 34%, chickpea 15%","groundnut 20,474 ha, jowar 10,032 ha, bajra 1,396 ha",0.75,10
taluk,YADGIR,SHAHAPUR,Rabi,jowar,,"jowar 45%, rice 18%, chickpea 15%, groundnut 11%, cotton 3%",,"jowar 45%, groundnut 11%, chickpea 15%",9%,True,"jowar 65%, rice 19%, groundnut 10%","groundnut 20,474 ha, jowar 10,032 ha, bajra 1,396 ha",0.75,10
district,YADGIR,,Summer,rice,,"rice 43%, groundnut 28%, sugarcane 11%, mango 7%, jowar 4%",sugarcane,"rice 43%, bajra 0%",4%,True,"rice 59%, groundnut 36%, sugarcane 5%","rice 45,875 ha, bajra 2,376 ha, jowar 128 ha",,30
taluk,YADGIR,YADGIR,Summer,rice,,"rice 34%, groundnut 32%, mango 12%, sugarcane 10%, jowar 4%",mango,"rice 34%, bajra 0%",4%,True,"groundnut 77%, rice 23%","rice 45,875 ha, bajra 2,376 ha, jowar 128 ha",0.75,10
taluk,YADGIR,SHORAPUR,Summer,rice,,"rice 45%, groundnut 24%, sugarcane 16%, jowar 4%, mango 4%",sugarcane,"rice 45%, bajra 0%",4%,True,"rice 75%, groundnut 22%, sugarcane 3%","rice 45,875 ha, bajra 2,376 ha, jowar 128 ha",0.75,10
taluk,YADGIR,SHAHAPUR,Summer,rice,,"rice 50%, groundnut 28%, sugarcane 8%, jowar 5%, mango 4%",sugarcane,"rice 50%, bajra 0%",4%,True,"rice 63%, groundnut 35%, sugarcane 3%","rice 45,875 ha, bajra 2,376 ha, jowar 128 ha",0.75,10
