Level,District,Taluk,Season,arecanut,bajra,banana,barley,black gram,black pepper,cardamom,cashewnut,castor,chickpea,chilli,coconut,coffee,coriander,cotton,cowpea,field bean (avare),garlic,ginger,grapes,green gram,groundnut,guar,horse gram,jowar,jute,khesari,lentil,linseed,maize,mango,mesta,moth bean,mustard,niger seed,onion,orange,papaya,pigeonpea (tur),pineapple,pomegranate,potato,ragi,rajma,rice,safflower,sapota,sesame,soybean,sugarcane,sunflower,sweet potato,tapioca,tobacco,tomato,turmeric,wheat
district,BAGALKOT,,Kharif,0.0,11.1,0.0,0.0,0.3,0.0,0.0,0.0,0.0,1.1,0.1,0.0,0.0,0.0,1.7,0.0,0.0,0.0,0.0,0.4,9.6,1.8,0.0,0.0,3.0,0.0,0.0,0.0,0.0,17.8,0.1,0.1,0.0,0.0,0.0,5.4,0.0,0.0,12.7,0.0,0.6,0.1,0.0,0.0,1.8,0.0,0.0,0.2,0.6,26.7,3.8,0.0,0.0,0.0,0.0,0.3,0.6
taluk,BAGALKOT,JAMKHANDI,Kharif,0.0,5.5,0.0,0.0,0.8,0.0,0.0,0.0,0.0,0.9,0.0,0.0,0.0,0.0,1.6,0.0,0.0,0.0,0.0,0.4,3.2,0.9,0.0,0.0,2.7,0.0,0.0,0.0,0.0,22.5,0.1,0.0,0.0,0.0,0.0,2.7,0.0,0.0,9.4,0.0,0.3,0.1,0.0,0.0,1.0,0.0,0.0,0.1,1.0,43.1,1.3,0.0,0.0,0.1,0.0,1.0,1.0
taluk,BAGALKOT,BILGI,Kharif,0.0,8.9,0.0,0.0,0.3,0.0,0.0,0.0,0.0,0.9,0.0,0.0,0.0,0.0,0.9,0.0,0.0,0.0,0.0,0.6,5.2,1.5,0.0,0.0,2.6,0.0,0.0,0.0,0.0,16.7,0.1,0.0,0.0,0.0,0.0,6.6,0.0,0.0,13.7,0.0,0.6,0.2,0.0,0.0,2.2,0.0,0.0,0.1,0.7,34.0,3.0,0.0,0.0,0.0,0.0,0.3,0.7
taluk,BAGALKOT,MUDHOL,Kharif,0.0,9.2,0.0,0.0,0.2,0.0,0.0,0.0,0.0,0.9,0.1,0.1,0.0,0.0,1.8,0.0,0.0,0.0,0.0,0.2,8.3,1.7,0.0,0.0,2.9,0.0,0.0,0.0,0.0,19.4,0.1,0.0,0.0,0.0,0.0,5.7,0.0,0.0,7.9,0.0,0.4,0.1,0.1,0.0,1.7,0.0,0.0,0.2,0.6,34.2,3.3,0.0,0.0,0.1,0.0,0.3,0.7
taluk,BAGALKOT,BADAMI,Kharif,0.0,14.0,0.0,0.0,0.1,0.0,0.0,0.0,0.0,1.2,0.1,0.1,0.0,0.0,1.6,0.0,0.0,0.0,0.0,0.1,16.2,2.3,0.0,0.0,3.5,0.0,0.0,0.0,0.0,19.1,0.0,0.0,0.0,0.0,0.0,6.5,0.0,0.0,8.6,0.0,0.6,0.0,0.0,0.0,1.2,0.0,0.0,0.2,0.3,17.9,5.6,0.0,0.0,0.0,0.0,0.1,0.4
taluk,BAGALKOT,BAGALKOTE,Kharif,0.0,11.8,0.0,0.0,0.3,0.0,0.0,0.0,0.0,1.3,0.1,0.1,0.0,0.0,2.1,0.0,0.0,0.0,0.0,0.4,11.6,1.9,0.0,0.0,2.9,0.0,0.0,0.0,0.0,15.5,0.1,0.1,0.0,0.0,0.0,6.5,0.0,0.0,16.6,0.0,1.0,0.1,0.0,0.0,2.1,0.0,0.0,0.2,0.5,19.9,4.2,0.0,0.0,0.0,0.0,0.2,0.5
taluk,BAGALKOT,HUNGUNDA,Kharif,0.0,17.5,0.0,0.0,0.2,0.0,0.0,0.0,0.0,1.5,0.1,0.1,0.0,0.0,2.1,0.0,0.0,0.0,0.0,0.2,13.4,2.4,0.0,0.0,3.1,0.0,0.0,0.0,0.0,13.8,0.1,0.4,0.0,0.0,0.0,4.6,0.0,0.0,18.7,0.0,0.6,0.1,0.0,0.0,2.7,0.0,0.0,0.8,0.3,11.4,5.4,0.0,0.0,0.0,0.0,0.1,0.3
district,BAGALKOT,,Rabi,0.0,0.8,0.2,0.0,0.0,0.0,0.0,0.0,0.0,17.9,0.0,0.1,0.0,0.0,0.7,0.0,0.0,0.0,0.0,0.6,0.6,2.7,0.0,0.2,25.7,0.0,0.0,0.0,0.0,5.6,0.3,0.0,0.0,0.0,0.0,0.6,0.0,0.0,0.8,0.0,0.6,0.0,0.0,0.0,0.5,0.0,0.0,0.0,0.0,30.0,4.5,0.0,0.0,0.0,0.0,0.0,7.2
taluk,BAGALKOT,JAMKHANDI,Rabi,0.0,0.4,0.1,0.0,0.1,0.0,0.0,0.0,0.0,11.6,0.0,0.0,0.0,0.0,0.3,0.0,0.0,0.0,0.0,0.7,0.2,1.1,0.0,0.1,17.3,0.0,0.0,0.0,0.0,7.2,0.2,0.0,0.0,0.0,0.0,0.4,0.0,0.0,0.9,0.0,0.3,0.0,0.0,0.0,0.4,0.0,0.0,0.0,0.1,47.5,1.6,0.0,0.0,0.0,0.0,0.2,9.0
taluk,BAGALKOT,BILGI,Rabi,0.0,0.7,0.2,0.0,0.0,0.0,0.0,0.0,0.0,13.2,0.0,0.1,0.0,0.0,0.3,0.0,0.0,0.0,0.0,0.9,0.4,2.8,0.0,0.1,23.4,0.0,0.0,0.0,0.0,5.4,0.3,0.0,0.0,0.1,0.0,0.9,0.0,0.0,0.8,0.0,0.7,0.0,0.0,0.0,0.5,0.0,0.0,0.0,0.0,37.4,3.6,0.0,0.0,0.0,0.0,0.0,8.0
taluk,BAGALKOT,MUDHOL,Rabi,0.1,0.6,0.3,0.0,0.0,0.0,0.0,0.0,0.0,13.1,0.0,0.1,0.0,0.0,0.5,0.0,0.0,0.0,0.0,0.3,0.6,2.4,0.0,0.2,22.4,0.0,0.0,0.0,0.0,6.4,0.4,0.0,0.0,0.1,0.0,0.6,0.0,0.0,0.5,0.0,0.5,0.0,0.0,0.0,0.5,0.0,0.0,0.0,0.0,39.2,3.7,0.0,0.0,0.0,0.0,0.0,7.5
taluk,BAGALKOT,BADAMI,Rabi,0.0,1.1,0.2,0.0,0.0,0.0,0.0,0.0,0.0,19.7,0.0,0.1,0.0,0.0,0.9,0.0,0.0,0.0,0.0,0.3,1.0,3.4,0.0,0.2,30.5,0.0,0.0,0.0,0.0,6.0,0.3,0.0,0.0,0.0,0.0,0.5,0.0,0.0,0.5,0.0,0.7,0.0,0.0,0.0,0.3,0.0,0.0,0.0,0.0,20.8,6.2,0.0,0.0,0.0,0.0,0.0,6.9
taluk,BAGALKOT,BAGALKOTE,Rabi,0.0,0.8,0.1,0.0,0.0,0.0,0.0,0.0,0.0,20.9,0.0,0.1,0.0,0.0,0.8,0.0,0.0,0.0,0.0,0.7,0.7,3.1,0.0,0.1,29.1,0.0,0.0,0.0,0.0,4.7,0.3,0.0,0.0,0.0,0.0,0.8,0.0,0.0,1.0,0.0,1.0,0.0,0.0,0.0,0.9,0.0,0.0,0.0,0.0,22.3,5.2,0.0,0.0,0.0,0.0,0.0,7.0
taluk,BAGALKOT,HUNGUNDA,Rabi,0.0,0.8,0.2,0.0,0.0,0.0,0.0,0.0,0.0,29.2,0.0,0.2,0.0,0.0,1.6,0.0,0.0,0.0,0.0,0.2,0.7,3.4,0.0,0.6,31.2,0.0,0.0,0.0,0.0,3.7,0.3,0.0,0.0,0.0,0.0,0.4,0.0,0.0,0.9,0.0,0.6,0.0,0.0,0.0,0.6,0.0,0.0,0.0,0.0,13.4,7.1,0.0,0.0,0.0,0.0,0.0,4.4
district,BAGALKOT,,Summer,0.1,0.2,0.9,0.0,0.0,0.2,0.0,0.0,0.0,0.7,0.0,1.5,0.0,0.0,0.0,0.3,0.0,0.0,0.0,2.4,0.1,18.6,0.0,0.0,1.3,0.0,0.0,0.0,0.0,1.9,1.1,0.0,0.0,0.0,0.0,0.5,0.0,0.0,0.2,0.0,2.8,0.0,0.0,0.0,3.0,0.0,0.1,0.0,0.0,60.6,3.0,0.0,0.1,0.0,0.0,0.0,0.3
taluk,BAGALKOT,JAMKHANDI,Summer,0.0,0.1,0.6,0.0,0.0,0.2,0.0,0.0,0.0,0.4,0.0,0.4,0.0,0.0,0.0,0.1,0.0,0.0,0.0,3.5,0.0,6.5,0.0,0.0,0.8,0.0,0.0,0.0,0.0,1.2,0.7,0.0,0.0,0.0,0.0,0.4,0.0,0.0,0.2,0.0,1.5,0.0,0.0,0.0,1.0,0.0,0.1,0.0,0.0,81.0,0.8,0.0,0.0,0.0,0.0,0.0,0.3
taluk,BAGALKOT,BILGI,Summer,0.0,0.2,0.9,0.0,0.0,0.2,0.0,0.0,0.0,0.5,0.0,0.5,0.0,0.0,0.0,0.1,0.0,0.0,0.0,4.1,0.1,13.9,0.0,0.0,1.1,0.0,0.0,0.0,0.0,1.5,0.7,0.0,0.0,0.0,0.0,1.0,0.0,0.0,0.2,0.0,3.2,0.0,0.0,0.0,1.8,0.0,0.1,0.0,0.0,68.3,1.3,0.0,0.0,0.0,0.0,0.0,0.4
taluk,BAGALKOT,MUDHOL,Summer,0.1,0.1,0.9,0.0,0.0,0.2,0.0,0.1,0.0,0.5,0.0,1.1,0.0,0.0,0.0,0.2,0.0,0.0,0.0,1.5,0.1,15.6,0.0,0.0,1.2,0.0,0.0,0.0,0.0,1.8,1.0,0.0,0.0,0.0,0.0,0.5,0.0,0.0,0.1,0.0,2.2,0.0,0.0,0.0,1.9,0.0,0.1,0.0,0.0,67.7,2.4,0.0,0.0,0.0,0.0,0.0,0.4
taluk,BAGALKOT,BADAMI,Summer,0.0,0.2,1.1,0.0,0.0,0.1,0.0,0.0,0.0,0.6,0.0,1.8,0.0,0.0,0.0,0.2,0.0,0.0,0.0,0.7,0.2,28.1,0.0,0.0,1.3,0.0,0.0,0.0,0.0,2.6,1.1,0.0,0.0,0.0,0.0,0.4,0.0,0.0,0.1,0.0,2.8,0.0,0.0,0.0,2.4,0.0,0.1,0.0,0.0,50.7,5.1,0.0,0.1,0.0,0.0,0.0,0.2
taluk,BAGALKOT,BAGALKOTE,Summer,0.0,0.2,1.0,0.0,0.0,0.1,0.0,0.0,0.0,0.8,0.0,1.7,0.0,0.0,0.0,0.2,0.0,0.0,0.0,2.5,0.2,21.3,0.0,0.0,1.3,0.0,0.0,0.0,0.0,1.8,1.0,0.0,0.0,0.0,0.0,0.6,0.0,0.1,0.2,0.0,4.0,0.0,0.0,0.0,3.4,0.0,0.1,0.0,0.0,55.5,3.5,0.0,0.0,0.0,0.0,0.0,0.2
taluk,BAGALKOT,HUNGUNDA,Summer,0.1,0.2,1.1,0.0,0.2,0.1,0.0,0.0,0.0,1.2,0.1,3.9,0.0,0.0,0.1,0.9,0.0,0.0,0.0,0.8,0.2,26.7,0.0,0.0,2.2,0.0,0.0,0.0,0.0,2.7,2.2,0.0,0.0,0.0,0.0,0.3,0.0,0.0,0.2,0.0,3.1,0.0,0.0,0.0,7.4,0.0,0.1,0.1,0.0,40.6,5.2,0.0,0.2,0.0,0.0,0.0,0.1
district,BANGALORE RURAL,,Kharif,2.7,0.0,0.4,0.0,0.0,0.0,0.0,0.0,0.0,0.0,0.0,4.9,0.0,0.0,0.0,0.0,0.6,0.0,0.0,3.0,0.0,1.6,0.0,0.4,2.1,0.0,0.0,0.0,0.0,9.9,10.5,0.0,0.0,0.0,0.0,0.0,0.0,0.0,0.5,0.0,0.0,0.2,61.9,0.0,0.3,0.0,0.0,0.0,0.0,0.0,0.0,0.0,0.0,0.0,0.7,0.0,0.0
taluk,BANGALORE RURAL,NELAMANGALA,Kharif,3.6,0.0,0.3,0.0,0.0,0.0,0.0,0.0,0.0,0.0,0.0,6.8,0.0,0.0,0.0,0.0,0.4,0.0,0.0,2.5,0.0,0.7,0.0,0.3,1.8,0.0,0.0,0.0,0.0,6.6,11.8,0.0,0.0,0.0,0.0,0.0,0.0,0.0,0.7,0.0,0.0,0.1,64.0,0.0,0.1,0.0,0.0,0.0,0.0,0.0,0.0,0.0,0.0,0.0,0.3,0.0,0.0
taluk,BANGALORE RURAL,DODDABALLAPUR,Kharif,3.2,0.0,0.5,0.0,0.0,0.0,0.0,0.0,0.0,0.0,0.0,4.5,0.0,0.0,0.0,0.0,0.3,0.0,0.0,3.5,0.0,3.2,0.0,0.7,2.9,0.0,0.0,0.0,0.0,17.4,7.2,0.0,0.0,0.0,0.0,0.0,0.0,0.0,0.7,0.0,0.0,0.2,54.7,0.0,0.5,0.0,0.0,0.0,0.0,0.0,0.0,0.0,0.0,0.0,0.3,0.0,0.0
taluk,BANGALORE RURAL,DEVANAHALLI,Kharif,2.6,0.0,0.3,0.0,0.0,0.0,0.0,0.0,0.0,0.0,0.0,4.5,0.0,0.0,0.0,0.0,0.4,0.0,0.0,4.0,0.0,2.0,0.0,0.5,2.3,0.0,0.0,0.0,0.0,11.2,9.2,0.0,0.0,0.0,0.0,0.0,0.0,0.0,0.5,0.0,0.1,0.1,61.6,0.0,0.2,0.0,0.0,0.0,0.0,0.0,0.0,0.0,0.0,0.0,0.4,0.0,0.0
taluk,BANGALORE RURAL,HOSAKOTE,Kharif,1.5,0.0,0.3,0.0,0.0,0.0,0.0,0.0,0.0,0.0,0.0,3.9,0.0,0.0,0.0,0.0,1.4,0.0,0.0,2.1,0.0,0.7,0.0,0.3,1.3,0.0,0.0,0.0,0.0,4.7,13.9,0.0,0.0,0.0,0.0,0.0,0.0,0.0,0.3,0.0,0.0,0.3,67.4,0.0,0.2,0.0,0.0,0.0,0.0,0.0,0.0,0.0,0.0,0.0,1.6,0.0,0.0
district,BANGALORE RURAL,,Rabi,10.1,0.0,6.2,0.0,0.0,0.0,0.0,0.3,0.0,0.2,0.0,16.4,0.0,0.0,0.0,0.0,0.0,0.0,0.0,13.6,0.0,0.0,0.0,1.0,6.2,0.0,0.0,0.0,0.0,1.0,36.4,0.0,0.0,0.0,0.0,0.1,0.0,0.0,0.0,0.0,0.7,2.6,1.9,0.0,0.2,0.0,0.0,0.0,0.0,0.0,0.0,0.0,0.0,0.0,3.0,0.0,0.1
taluk,BANGALORE RURAL,NELAMANGALA,Rabi,13.0,0.0,6.1,0.0,0.0,0.0,0.0,0.1,0.0,0.1,0.0,21.9,0.0,0.0,0.0,0.0,0.0,0.0,0.0,11.2,0.0,0.0,0.0,1.1,5.3,0.0,0.0,0.0,0.0,0.8,35.1,0.0,0.0,0.0,0.0,0.0,0.0,0.0,0.0,0.0,0.4,1.0,1.7,0.0,0.1,0.0,0.0,0.0,0.0,0.0,0.0,0.0,0.0,0.0,1.7,0.0,0.0
taluk,BANGALORE RURAL,DODDABALLAPUR,Rabi,13.3,0.0,8.6,0.0,0.0,0.0,0.0,0.5,0.0,0.4,0.0,15.6,0.0,0.0,0.0,0.0,0.0,0.0,0.0,14.9,0.0,0.1,0.0,0.5,9.0,0.0,0.0,0.0,0.0,1.5,27.6,0.0,0.0,0.0,0.0,0.1,0.0,0.0,0.0,0.0,0.7,2.7,1.5,0.0,0.3,0.0,0.0,0.0,0.0,0.0,0.0,0.0,0.0,0.0,2.4,0.0,0.0
taluk,BANGALORE RURAL,DEVANAHALLI,Rabi,9.8,0.0,6.2,0.0,0.0,0.0,0.0,0.4,0.0,0.2,0.0,15.4,0.0,0.0,0.0,0.0,0.0,0.0,0.0,19.5,0.0,0.0,0.0,0.5,6.3,0.0,0.0,0.0,0.0,1.0,32.1,0.0,0.0,0.0,0.0,0.1,0.0,0.0,0.0,0.0,1.1,2.8,1.7,0.0,0.2,0.0,0.0,0.0,0.0,0.0,0.0,0.0,0.0,0.0,2.7,0.0,0.0
taluk,BANGALORE RURAL,HOSAKOTE,Rabi,4.3,0.0,3.8,0.0,0.0,0.0,0.0,0.3,0.0,0.1,0.0,12.5,0.0,0.0,0.0,0.0,0.0,0.0,0.0,9.3,0.0,0.1,0.0,1.9,4.2,0.0,0.0,0.0,0.0,0.5,50.2,0.0,0.0,0.0,0.0,0.2,0.0,0.0,0.0,0.0,0.5,4.1,2.5,0.0,0.2,0.0,0.0,0.0,0.0,0.0,0.0,0.0,0.0,0.0,5.1,0.0,0.2
district,BANGALORE RURAL,,Summer,10.8,0.0,6.6,0.0,0.0,0.0,0.0,0.3,0.0,0.1,0.0,17.2,0.0,0.0,0.0,0.0,0.0,0.0,0.0,14.4,0.0,0.0,0.0,0.5,4.0,0.0,0.0,0.0,0.0,1.0,38.9,0.0,0.0,0.0,0.0,0.1,0.0,0.0,0.0,0.0,0.7,1.4,1.9,0.0,0.3,0.0,0.0,0.0,0.0,0.1,0.0,0.0,0.0,0.0,1.5,0.0,0.0
taluk,BANGALORE RURAL,NELAMANGALA,Summer,13.4,0.0,6.4,0.0,0.0,0.0,0.0,0.1,0.0,0.1,0.0,22.5,0.0,0.0,0.0,0.0,0.0,0.0,0.0,11.7,0.0,0.0,0.0,0.8,3.7,0.0,0.0,0.0,0.0,1.0,36.2,0.0,0.0,0.0,0.0,0.0,0.0,0.0,0.0,0.0,0.4,0.6,1.8,0.0,0.2,0.0,0.0,0.0,0.0,0.1,0.0,0.0,0.0,0.0,1.1,0.0,0.0
taluk,BANGALORE RURAL,DODDABALLAPUR,Summer,14.8,0.0,9.2,0.0,0.0,0.0,0.0,0.5,0.0,0.2,0.0,16.7,0.0,0.0,0.0,0.0,0.0,0.0,0.0,16.2,0.0,0.1,0.0,0.3,5.6,0.0,0.0,0.0,0.0,1.5,29.3,0.0,0.0,0.0,0.0,0.1,0.0,0.0,0.0,0.0,0.7,1.4,1.5,0.0,0.6,0.0,0.0,0.0,0.0,0.1,0.0,0.0,0.0,0.0,1.3,0.0,0.0
taluk,BANGALORE RURAL,DEVANAHALLI,Summer,10.6,0.0,6.6,0.0,0.0,0.0,0.0,0.4,0.0,0.1,0.0,16.3,0.0,0.0,0.0,0.0,0.0,0.0,0.0,20.7,0.0,0.0,0.0,0.3,4.0,0.0,0.0,0.0,0.0,1.1,33.5,0.0,0.0,0.0,0.0,0.1,0.0,0.0,0.0,0.0,1.1,1.5,1.7,0.0,0.3,0.0,0.0,0.0,0.0,0.0,0.0,0.0,0.0,0.0,1.5,0.0,0.0
taluk,BANGALORE RURAL,HOSAKOTE,Summer,4.5,0.0,4.0,0.0,0.0,0.0,0.0,0.3,0.0,0.1,0.0,13.1,0.0,0.0,0.0,0.0,0.0,0.0,0.0,9.9,0.0,0.0,0.0,0.8,2.6,0.0,0.0,0.0,0.0,0.6,55.9,0.0,0.0,0.0,0.0,0.1,0.0,0.0,0.0,0.0,0.6,2.3,2.5,0.0,0.3,0.0,0.0,0.0,0.0,0.1,0.0,0.0,0.0,0.0,2.3,0.0,0.1
district,BELGAUM,,Kharif,0.6,2.6,0.2,0.0,0.5,0.0,0.0,0.3,0.0,0.9,0.4,0.4,0.1,0.0,5.8,0.0,0.0,0.0,0.0,0.3,4.7,4.7,0.0,0.0,4.0,0.0,0.0,0.1,0.0,16.3,0.8,0.0,0.0,0.0,0.0,1.4,0.0,0.0,1.9,0.0,0.1,0.4,0.5,0.0,13.9,0.0,0.0,0.0,8.3,27.6,0.9,0.3,0.0,0.9,0.0,0.2,0.6
taluk,BELGAUM,CHIKKODI,Kharif,0.4,2.3,0.1,0.0,0.4,0.0,0.0,0.1,0.0,0.8,0.2,0.2,0.0,0.0,5.5,0.0,0.0,0.0,0.0,0.2,2.2,6.9,0.0,0.0,4.5,0.0,0.0,0.0,0.0,14.0,0.6,0.0,0.0,0.0,0.0,0.6,0.0,0.0,1.2,0.0,0.1,0.2,0.8,0.0,9.2,0.0,0.0,0.0,12.9,32.0,0.3,0.1,0.0,3.2,0.1,0.1,0.7
taluk,BELGAUM,RAMDURGA,Kharif,0.2,6.0,0.1,0.0,0.3,0.0,0.0,0.1,0.0,1.3,0.4,0.2,0.0,0.0,6.9,0.0,0.0,0.0,0.0,0.1,13.4,4.9,0.0,0.0,5.4,0.0,0.0,0.0,0.0,19.2,0.4,0.0,0.0,0.0,0.0,3.8,0.0,0.0,2.4,0.0,0.2,0.1,0.2,0.0,4.6,0.0,0.0,0.1,4.5,20.9,3.3,0.1,0.0,0.3,0.0,0.1,0.6
taluk,BELGAUM,ATHANI,Kharif,0.2,5.0,0.1,0.0,1.5,0.0,0.0,0.1,0.0,1.2,0.1,0.1,0.0,0.0,2.9,0.0,0.0,0.0,0.0,1.3,2.6,2.4,0.0,0.0,4.1,0.0,0.0,0.0,0.0,21.0,0.3,0.0,0.0,0.0,0.0,1.1,0.0,0.0,6.2,0.0,0.3,0.2,0.2,0.0,4.3,0.0,0.0,0.0,4.6,37.7,0.5,0.1,0.0,0.4,0.0,0.7,1.0
taluk,BELGAUM,RAIBAG,Kharif,0.2,1.9,0.1,0.0,0.6,0.0,0.0,0.1,0.0,0.7,0.1,0.1,0.0,0.0,3.9,0.0,0.0,0.0,0.0,0.2,1.6,1.7,0.0,0.0,2.1,0.0,0.0,0.0,0.0,26.7,0.2,0.0,0.0,0.0,0.0,0.8,0.0,0.0,2.6,0.0,0.1,0.2,0.1,0.0,3.8,0.0,0.0,0.0,3.3,46.1,0.3,0.1,0.0,0.5,0.0,0.5,1.2
taluk,BELGAUM,GOKAK,Kharif,0.2,2.5,0.1,0.0,0.5,0.0,0.0,0.1,0.0,0.9,0.2,0.2,0.0,0.0,6.1,0.0,0.0,0.0,0.0,0.2,4.6,3.3,0.0,0.0,3.7,0.0,0.0,0.0,0.0,21.2,0.4,0.0,0.0,0.0,0.0,1.4,0.0,0.0,2.3,0.0,0.1,0.2,0.3,0.0,6.2,0.0,0.0,0.0,6.4,35.8,0.9,0.1,0.0,0.5,0.0,0.5,0.9
taluk,BELGAUM,HUKKERI,Kharif,0.9,1.9,0.2,0.0,0.4,0.0,0.0,0.1,0.0,0.8,0.3,0.4,0.1,0.0,6.0,0.0,0.0,0.0,0.0,0.2,2.1,7.1,0.0,0.0,4.6,0.0,0.0,0.1,0.0,12.4,0.7,0.0,0.0,0.0,0.0,0.5,0.0,0.0,0.8,0.0,0.1,0.5,1.1,0.0,16.2,0.0,0.0,0.0,15.0,23.9,0.3,0.4,0.0,2.2,0.1,0.1,0.4
taluk,BELGAUM,BELGAUM,Kharif,1.0,1.3,0.2,0.0,0.2,0.0,0.0,0.4,0.0,0.5,0.1,0.5,0.1,0.0,4.3,0.0,0.1,0.0,0.0,0.1,1.6,5.7,0.0,0.0,4.2,0.0,0.0,0.4,0.0,7.7,1.1,0.0,0.0,0.0,0.0,0.4,0.0,0.0,0.6,0.0,0.1,1.6,1.1,0.0,33.0,0.0,0.0,0.0,11.8,18.6,0.2,1.5,0.0,0.6,0.1,0.1,0.2
taluk,BELGAUM,KHANAPUR,Kharif,2.6,0.9,0.9,0.0,0.3,0.0,0.0,1.8,0.0,0.3,0.3,1.7,0.1,0.0,2.7,0.0,0.0,0.0,0.0,0.1,1.8,3.6,0.1,0.1,1.6,0.1,0.0,0.0,0.0,7.6,1.7,0.0,0.0,0.0,0.0,0.5,0.0,0.0,0.6,0.0,0.0,0.3,0.4,0.0,43.8,0.0,0.0,0.0,4.9,19.8,0.2,0.3,0.0,0.3,0.0,0.1,0.2
taluk,BELGAUM,BAILHONGAL,Kharif,0.5,1.8,0.2,0.0,0.6,0.0,0.0,0.1,0.0,1.3,0.9,0.4,0.1,0.0,9.5,0.0,0.0,0.0,0.0,0.1,7.2,5.1,0.1,0.1,4.5,0.0,0.0,0.0,0.0,16.0,1.7,0.0,0.0,0.0,0.0,1.8,0.0,0.0,0.9,0.0,0.1,0.3,0.5,0.0,11.6,0.0,0.0,0.0,12.3,19.9,1.0,0.1,0.0,0.4,0.1,0.1,0.5
taluk,BELGAUM,SOUNDATTI,Kharif,0.3,2.8,0.1,0.0,0.4,0.0,0.0,0.1,0.0,1.3,1.7,0.3,0.0,0.0,10.8,0.0,0.0,0.0,0.0,0.1,10.4,6.3,0.0,0.0,5.1,0.0,0.0,0.0,0.0,17.7,0.9,0.0,0.0,0.0,0.0,2.9,0.0,0.0,1.0,0.0,0.1,0.2,0.3,0.0,6.0,0.0,0.0,0.0,7.3,20.5,2.0,0.1,0.0,0.3,0.0,0.1,0.7
district,BELGAUM,,Rabi,1.1,0.2,0.4,0.0,0.1,0.0,0.0,0.6,0.0,11.3,0.0,0.5,0.0,0.0,0.8,0.0,0.3,0.0,0.0,0.4,0.6,0.9,0.0,0.3,16.8,0.0,0.0,0.9,0.0,5.3,2.8,0.0,0.0,0.2,0.0,0.2,0.0,0.0,0.2,0.0,0.1,0.0,0.0,0.0,1.4,0.0,0.0,0.0,0.7,45.7,1.0,0.0,0.0,0.1,0.1,0.0,6.9
taluk,BELGAUM,CHIKKODI,Rabi,0.4,0.1,0.2,0.0,0.0,0.0,0.0,0.2,0.0,8.5,0.0,0.2,0.0,0.0,0.7,0.0,0.1,0.0,0.0,0.3,0.2,1.1,0.0,0.2,14.9,0.0,0.0,0.3,0.0,5.7,1.5,0.0,0.0,0.2,0.0,0.1,0.0,0.0,0.1,0.0,0.1,0.0,0.1,0.0,1.4,0.0,0.0,0.0,1.2,54.8,0.4,0.0,0.0,0.5,0.1,0.0,6.2
taluk,BELGAUM,RAMDURGA,Rabi,0.4,0.4,0.3,0.0,0.0,0.0,0.0,0.2,0.0,18.6,0.0,0.2,0.0,0.0,1.1,0.0,0.1,0.0,0.0,0.3,1.1,1.5,0.0,0.2,24.5,0.0,0.0,0.2,0.0,5.6,1.5,0.0,0.0,0.1,0.0,0.3,0.0,0.0,0.1,0.0,0.2,0.0,0.0,0.0,0.8,0.0,0.0,0.0,0.3,29.5,3.6,0.0,0.0,0.0,0.1,0.0,8.6
taluk,BELGAUM,ATHANI,Rabi,0.3,0.6,0.1,0.0,0.2,0.0,0.0,0.2,0.0,11.6,0.0,0.1,0.0,0.0,0.3,0.0,0.1,0.0,0.0,1.6,0.2,0.7,0.0,0.1,17.0,0.0,0.0,0.2,0.0,6.9,0.9,0.0,0.0,0.1,0.0,0.2,0.0,0.0,0.6,0.0,0.3,0.0,0.0,0.0,0.7,0.0,0.0,0.0,0.4,46.0,0.7,0.0,0.0,0.0,0.1,0.1,9.3
taluk,BELGAUM,RAIBAG,Rabi,0.3,0.1,0.1,0.0,0.1,0.0,0.0,0.2,0.0,7.5,0.0,0.1,0.0,0.0,0.5,0.0,0.1,0.0,0.0,0.3,0.2,0.4,0.0,0.1,9.5,0.0,0.0,0.2,0.0,9.2,0.9,0.0,0.0,0.1,0.0,0.1,0.0,0.0,0.2,0.0,0.1,0.0,0.0,0.0,0.9,0.0,0.0,0.0,0.3,58.1,0.3,0.0,0.0,0.1,0.0,0.0,9.8
taluk,BELGAUM,GOKAK,Rabi,0.3,0.2,0.2,0.0,0.1,0.0,0.0,0.2,0.0,11.1,0.0,0.2,0.0,0.0,0.6,0.0,0.2,0.0,0.0,0.3,0.4,0.6,0.0,0.2,15.5,0.0,0.0,0.5,0.0,7.0,1.7,0.0,0.0,0.1,0.0,0.2,0.0,0.0,0.2,0.0,0.1,0.0,0.0,0.0,0.8,0.0,0.0,0.0,0.5,49.2,0.8,0.0,0.0,0.1,0.1,0.1,8.5
taluk,BELGAUM,HUKKERI,Rabi,1.0,0.1,0.3,0.0,0.0,0.0,0.0,0.5,0.0,8.4,0.0,0.4,0.0,0.0,0.6,0.0,0.5,0.0,0.0,0.2,0.3,1.3,0.0,0.2,18.0,0.0,0.1,1.5,0.0,4.4,2.4,0.0,0.0,0.4,0.0,0.1,0.0,0.0,0.0,0.0,0.1,0.0,0.1,0.0,1.5,0.0,0.0,0.0,1.5,50.1,0.3,0.0,0.0,0.2,0.1,0.0,5.0
taluk,BELGAUM,BELGAUM,Rabi,0.9,0.1,0.3,0.0,0.0,0.0,0.0,1.0,0.0,7.1,0.0,0.4,0.0,0.0,0.4,0.0,1.5,0.0,0.0,0.2,0.3,1.1,0.0,0.3,19.3,0.0,0.1,4.4,0.0,2.6,4.2,0.0,0.0,0.4,0.0,0.1,0.0,0.0,0.0,0.0,0.1,0.2,0.1,0.0,2.4,0.0,0.0,0.0,0.8,47.7,0.3,0.1,0.0,0.1,0.1,0.0,3.4
taluk,BELGAUM,KHANAPUR,Rabi,5.8,0.0,1.7,0.0,0.0,0.0,0.0,3.1,0.0,5.0,0.0,2.2,0.1,0.0,0.4,0.0,0.2,0.0,0.0,0.2,1.0,0.6,0.0,1.0,8.1,0.0,0.0,0.8,0.0,2.0,6.4,0.0,0.0,0.3,0.0,0.1,0.0,0.0,0.0,0.0,0.0,0.0,0.0,0.0,3.5,0.0,0.0,0.0,0.3,53.9,0.3,0.0,0.0,0.0,0.1,0.0,2.5
taluk,BELGAUM,BAILHONGAL,Rabi,0.7,0.1,0.2,0.0,0.1,0.0,0.0,0.3,0.0,16.5,0.1,0.3,0.0,0.0,1.6,0.0,0.1,0.0,0.0,0.3,0.9,0.6,0.0,0.7,20.3,0.0,0.1,0.4,0.0,4.6,5.1,0.0,0.0,0.3,0.0,0.2,0.0,0.0,0.1,0.0,0.1,0.0,0.0,0.0,1.3,0.0,0.0,0.0,1.1,35.4,1.1,0.0,0.0,0.0,0.1,0.0,7.0
taluk,BELGAUM,SOUNDATTI,Rabi,0.4,0.2,0.3,0.0,0.1,0.0,0.0,0.2,0.0,19.3,0.1,0.4,0.0,0.0,1.9,0.0,0.1,0.0,0.0,0.3,0.9,0.9,0.0,0.2,21.5,0.0,0.0,0.3,0.0,5.1,3.2,0.0,0.0,0.1,0.0,0.3,0.0,0.0,0.1,0.0,0.1,0.0,0.0,0.0,0.9,0.0,0.0,0.0,0.5,31.1,2.3,0.0,0.0,0.0,0.1,0.0,9.1
district,BELGAUM,,Summer,1.0,0.0,1.1,0.0,0.0,0.2,0.1,0.8,0.0,1.2,0.1,0.7,0.0,0.0,0.2,0.0,0.1,0.0,0.0,1.5,0.2,2.7,0.0,0.1,2.2,0.0,0.0,0.3,0.0,1.4,5.0,0.0,0.0,0.0,0.0,0.1,0.0,0.0,0.0,0.0,0.5,0.0,0.0,0.0,0.9,0.0,0.1,0.0,0.3,77.9,0.6,0.0,0.0,0.0,0.0,0.0,0.6
taluk,BELGAUM,CHIKKODI,Summer,0.4,0.0,0.6,0.0,0.0,0.2,0.1,0.3,0.0,0.9,0.0,0.3,0.0,0.0,0.2,0.0,0.0,0.0,0.0,1.0,0.1,2.5,0.0,0.0,2.0,0.0,0.0,0.1,0.0,1.3,2.4,0.0,0.0,0.0,0.0,0.1,0.0,0.0,0.0,0.0,0.4,0.0,0.0,0.0,0.6,0.0,0.1,0.0,0.4,85.0,0.2,0.0,0.0,0.2,0.0,0.0,0.6
taluk,BELGAUM,RAMDURGA,Summer,0.4,0.1,2.2,0.0,0.0,0.2,0.1,0.3,0.0,1.2,0.0,0.9,0.0,0.0,0.1,0.1,0.0,0.0,0.0,0.7,0.3,7.9,0.0,0.0,1.8,0.0,0.0,0.1,0.0,2.1,3.2,0.0,0.0,0.0,0.0,0.2,0.0,0.0,0.0,0.0,0.8,0.0,0.0,0.0,1.1,0.0,0.1,0.0,0.1,72.5,2.8,0.0,0.1,0.0,0.0,0.0,0.6
taluk,BELGAUM,ATHANI,Summer,0.3,0.2,0.6,0.0,0.0,0.2,0.0,0.2,0.0,0.7,0.0,0.2,0.0,0.0,0.1,0.0,0.0,0.0,0.0,6.7,0.1,2.0,0.0,0.0,1.2,0.0,0.0,0.1,0.0,1.2,2.1,0.0,0.0,0.0,0.0,0.2,0.0,0.0,0.2,0.0,1.6,0.0,0.0,0.0,0.4,0.0,0.2,0.0,0.1,80.3,0.2,0.0,0.0,0.1,0.0,0.0,0.5
taluk,BELGAUM,RAIBAG,Summer,0.3,0.0,0.5,0.0,0.0,0.2,0.0,0.2,0.0,0.5,0.0,0.2,0.0,0.0,0.1,0.0,0.0,0.0,0.0,1.8,0.1,1.0,0.0,0.0,0.7,0.0,0.0,0.1,0.0,1.2,1.7,0.0,0.0,0.0,0.0,0.0,0.0,0.0,0.0,0.0,0.2,0.0,0.0,0.0,0.3,0.0,0.1,0.0,0.1,89.9,0.2,0.0,0.0,0.0,0.0,0.0,0.5
taluk,BELGAUM,GOKAK,Summer,0.3,0.0,1.0,0.0,0.0,0.3,0.1,0.3,0.0,0.9,0.0,0.2,0.0,0.0,0.1,0.0,0.0,0.0,0.0,1.5,0.1,1.7,0.0,0.0,1.6,0.0,0.0,0.1,0.0,1.3,3.1,0.0,0.0,0.0,0.0,0.1,0.0,0.0,0.0,0.0,0.3,0.0,0.0,0.0,0.4,0.0,0.1,0.0,0.2,84.9,0.4,0.0,0.0,0.0,0.0,0.0,0.6
taluk,BELGAUM,HUKKERI,Summer,0.8,0.0,0.6,0.0,0.0,0.1,0.1,0.9,0.0,1.4,0.1,0.4,0.0,0.0,0.2,0.0,0.1,0.0,0.0,0.8,0.1,3.1,0.0,0.0,3.6,0.0,0.0,0.3,0.0,1.3,3.6,0.0,0.0,0.1,0.0,0.2,0.0,0.0,0.0,0.0,0.3,0.0,0.0,0.0,0.9,0.0,0.1,0.0,0.7,79.1,0.2,0.0,0.0,0.1,0.0,0.0,0.8
taluk,BELGAUM,BELGAUM,Summer,0.6,0.0,0.5,0.0,0.0,0.1,0.2,2.0,0.0,1.3,0.0,0.4,0.0,0.0,0.2,0.0,0.5,0.0,0.0,0.6,0.2,3.2,0.0,0.1,4.8,0.0,0.0,1.4,0.0,0.7,6.2,0.0,0.0,0.0,0.0,0.2,0.0,0.0,0.0,0.0,0.3,0.1,0.0,0.0,1.7,0.0,0.0,0.0,0.5,73.4,0.2,0.1,0.0,0.0,0.0,0.0,0.5
taluk,BELGAUM,KHANAPUR,Summer,5.6,0.0,1.9,0.0,0.0,0.1,0.2,3.1,0.0,0.7,0.1,2.1,0.1,0.0,0.1,0.0,0.1,0.0,0.0,0.6,0.4,1.5,0.0,0.4,1.5,0.0,0.0,0.2,0.0,0.7,8.4,0.0,0.0,0.1,0.0,0.1,0.0,0.0,0.0,0.0,0.2,0.0,0.0,0.0,2.6,0.0,0.0,0.0,0.1,68.4,0.2,0.0,0.0,0.0,0.0,0.0,0.3
taluk,BELGAUM,BAILHONGAL,Summer,0.8,0.0,1.4,0.0,0.0,0.2,0.3,0.5,0.0,2.1,0.1,0.7,0.0,0.0,0.4,0.0,0.0,0.0,0.0,0.7,0.3,1.7,0.0,0.1,2.7,0.0,0.0,0.1,0.0,1.5,11.8,0.0,0.0,0.0,0.0,0.1,0.0,0.0,0.0,0.0,0.3,0.0,0.0,0.0,0.7,0.0,0.1,0.0,0.4,71.9,0.5,0.0,0.0,0.0,0.0,0.0,0.7
taluk,BELGAUM,SOUNDATTI,Summer,0.6,0.0,2.0,0.0,0.0,0.3,0.2,0.3,0.0,1.9,0.3,1.5,0.0,0.0,0.3,0.0,0.0,0.0,0.0,0.7,0.3,2.9,0.0,0.0,2.2,0.0,0.0,0.1,0.0,2.3,8.3,0.0,0.0,0.0,0.0,0.1,0.0,0.0,0.0,0.0,0.2,0.0,0.0,0.0,0.5,0.0,0.1,0.0,0.2,72.6,1.0,0.0,0.1,0.0,0.0,0.0,0.8
district,BELLARY,,Kharif,0.7,5.2,0.3,0.0,0.1,0.0,0.0,0.0,0.1,1.7,1.3,0.5,0.0,0.0,11.4,0.1,0.0,0.0,0.0,0.0,1.0,12.7,0.1,0.1,5.4,0.0,0.0,0.0,0.0,24.8,0.4,0.0,0.0,0.0,0.0,0.9,0.0,0.0,2.4,0.0,0.9,0.0,2.1,0.0,24.4,0.0,0.0,0.0,0.1,1.6,1.6,0.0,0.0,0.0,0.0,0.0,0.0
taluk,BELLARY,HADAGALI,Kharif,0.8,3.2,0.2,0.0,0.1,0.0,0.0,0.0,0.0,0.9,0.8,0.5,0.0,0.0,14.0,0.2,0.0,0.0,0.0,0.0,2.1,10.8,0.0,0.1,5.0,0.0,0.0,0.0,0.0,40.8,0.3,0.0,0.0,0.0,0.0,1.1,0.0,0.0,1.0,0.0,0.6,0.1,1.4,0.0,11.2,0.0,0.0,0.0,0.1,2.3,2.1,0.0,0.2,0.0,0.0,0.0,0.2
taluk,BELLARY,HAGARIBOMMANAHALLI,Kharif,0.7,7.9,0.2,0.0,0.0,0.0,0.0,0.0,0.0,1.0,0.4,0.6,0.0,0.0,5.4,0.3,0.0,0.0,0.0,0.0,0.8,15.5,0.1,0.1,5.4,0.0,0.0,0.0,0.0,35.9,0.4,0.0,0.0,0.0,0.0,0.8,0.0,0.0,1.1,0.0,3.1,0.0,2.6,0.0,13.2,0.0,0.0,0.0,0.0,1.4,2.9,0.0,0.0,0.0,0.0,0.0,0.0
taluk,BELLARY,HOSPET,Kharif,0.4,7.3,0.6,0.0,0.1,0.0,0.0,0.0,0.1,1.6,1.2,0.5,0.0,0.0,9.1,0.1,0.0,0.0,0.0,0.0,1.2,7.9,0.1,0.1,5.0,0.0,0.0,0.0,0.0,16.1,0.6,0.1,0.0,0.0,0.0,0.5,0.0,0.0,3.3,0.0,0.5,0.0,1.1,0.0,38.0,0.0,0.0,0.1,0.1,2.8,1.4,0.0,0.0,0.0,0.0,0.0,0.0
taluk,BELLARY,SIRUGUPPA,Kharif,0.2,3.0,0.2,0.0,0.0,0.0,0.0,0.0,0.1,2.9,2.2,0.2,0.0,0.0,19.6,0.0,0.0,0.0,0.0,0.0,0.4,4.1,0.0,0.0,5.3,0.0,0.0,0.0,0.0,8.0,0.4,0.1,0.0,0.0,0.0,0.3,0.0,0.0,4.0,0.0,0.3,0.0,0.6,0.0,45.6,0.0,0.0,0.0,0.0,1.1,1.1,0.0,0.0,0.0,0.0,0.0,0.0
taluk,BELLARY,BELLARY,Kharif,0.2,4.1,0.2,0.0,0.1,0.0,0.0,0.0,0.1,3.2,3.1,0.5,0.0,0.0,16.1,0.1,0.0,0.0,0.0,0.0,0.6,8.1,0.1,0.1,5.4,0.0,0.0,0.0,0.0,10.5,0.7,0.1,0.0,0.0,0.0,0.4,0.0,0.0,4.4,0.0,0.3,0.0,0.9,0.0,38.2,0.0,0.0,0.0,0.0,1.3,0.9,0.0,0.0,0.0,0.0,0.0,0.0
taluk,BELLARY,SANDUR,Kharif,0.7,6.6,0.6,0.0,0.0,0.0,0.0,0.0,0.1,1.0,0.7,0.6,0.0,0.0,7.8,0.1,0.0,0.0,0.0,0.0,1.1,20.4,0.1,0.1,6.8,0.0,0.0,0.0,0.0,27.7,0.5,0.0,0.0,0.0,0.0,0.9,0.0,0.0,2.1,0.0,0.9,0.1,3.3,0.0,14.3,0.0,0.0,0.0,0.1,1.6,1.5,0.0,0.0,0.0,0.1,0.0,0.0
taluk,BELLARY,KUDALGI,Kharif,1.9,4.3,0.3,0.0,0.0,0.0,0.0,0.0,0.0,1.0,0.4,0.9,0.0,0.0,6.6,0.1,0.0,0.0,0.0,0.0,0.6,23.0,0.0,0.2,5.1,0.0,0.0,0.0,0.0,33.5,0.4,0.0,0.0,0.0,0.0,2.0,0.0,0.0,1.3,0.0,1.0,0.0,4.8,0.0,10.4,0.0,0.0,0.0,0.0,0.8,1.2,0.0,0.0,0.0,0.1,0.0,0.0
district,BELLARY,,Rabi,2.4,0.3,2.8,0.1,0.1,0.0,0.0,0.0,0.0,22.0,0.1,1.2,0.0,0.0,3.3,1.0,0.0,0.0,0.0,0.0,0.1,5.0,0.0,0.2,26.9,0.0,0.0,0.0,0.0,4.4,1.3,0.0,0.0,0.0,0.0,0.4,0.0,0.0,0.2,0.0,4.2,0.0,0.5,0.0,6.6,0.0,0.0,0.0,0.0,7.5,7.4,0.0,0.4,0.0,0.2,0.0,1.0
taluk,BELLARY,HADAGALI,Rabi,3.0,0.2,1.4,0.3,0.2,0.0,0.0,0.0,0.0,14.2,0.2,1.5,0.0,0.0,3.2,1.7,0.0,0.0,0.0,0.0,0.1,3.7,0.0,0.4,33.3,0.0,0.0,0.0,0.0,6.6,0.8,0.0,0.0,0.0,0.0,0.3,0.0,0.0,0.1,0.0,2.5,0.0,0.5,0.0,3.8,0.0,0.0,0.0,0.0,10.3,6.8,0.0,1.9,0.0,0.1,0.0,2.6
taluk,BELLARY,HAGARIBOMMANAHALLI,Rabi,1.5,0.5,2.7,0.1,0.1,0.0,0.0,0.0,0.0,15.9,0.0,1.0,0.0,0.0,1.3,2.6,0.0,0.0,0.0,0.0,0.1,6.5,0.0,0.2,20.6,0.0,0.0,0.0,0.0,6.2,1.3,0.0,0.0,0.0,0.0,0.4,0.0,0.0,0.1,0.0,12.7,0.0,0.4,0.0,4.6,0.0,0.0,0.1,0.0,8.3,11.4,0.0,0.2,0.0,0.2,0.0,0.8
taluk,BELLARY,HOSPET,Rabi,0.9,0.4,4.8,0.1,0.1,0.0,0.0,0.0,0.0,21.9,0.1,0.6,0.0,0.0,3.1,0.6,0.0,0.0,0.0,0.0,0.1,4.0,0.0,0.2,26.6,0.0,0.0,0.0,0.0,3.4,1.6,0.0,0.0,0.0,0.0,0.2,0.0,0.0,0.2,0.0,2.6,0.0,0.2,0.0,9.2,0.0,0.1,0.0,0.0,11.0,6.7,0.0,0.1,0.0,0.1,0.0,0.8
taluk,BELLARY,SIRUGUPPA,Rabi,0.6,0.2,1.7,0.0,0.1,0.0,0.0,0.0,0.0,33.5,0.2,0.3,0.0,0.0,6.7,0.3,0.0,0.0,0.0,0.0,0.0,2.1,0.0,0.1,25.8,0.0,0.0,0.0,0.0,1.4,1.0,0.0,0.0,0.0,0.0,0.1,0.0,0.0,0.3,0.0,1.2,0.0,0.1,0.0,10.3,0.0,0.0,0.0,0.0,5.3,7.8,0.0,0.1,0.0,0.1,0.0,0.4
taluk,BELLARY,BELLARY,Rabi,0.6,0.3,1.9,0.0,0.2,0.0,0.0,0.0,0.0,34.6,0.4,0.6,0.0,0.0,5.2,0.3,0.0,0.0,0.0,0.0,0.0,3.0,0.0,0.1,26.5,0.0,0.0,0.0,0.0,1.9,1.4,0.0,0.0,0.0,0.0,0.1,0.0,0.0,0.3,0.0,1.5,0.0,0.1,0.0,9.1,0.0,0.1,0.0,0.0,4.9,6.0,0.0,0.1,0.0,0.1,0.0,0.5
taluk,BELLARY,SANDUR,Rabi,1.4,0.5,4.8,0.1,0.1,0.0,0.0,0.0,0.0,15.8,0.1,1.3,0.0,0.0,2.2,0.9,0.0,0.0,0.0,0.0,0.1,7.1,0.0,0.2,32.0,0.0,0.0,0.0,0.0,5.8,1.5,0.0,0.0,0.0,0.0,0.3,0.0,0.0,0.1,0.0,4.4,0.0,0.5,0.0,5.1,0.0,0.0,0.0,0.0,7.6,6.6,0.0,0.2,0.0,0.2,0.0,0.8
taluk,BELLARY,KUDALGI,Rabi,8.8,0.2,2.6,0.2,0.1,0.0,0.0,0.0,0.0,18.0,0.0,3.1,0.0,0.0,1.6,0.7,0.0,0.0,0.0,0.0,0.0,8.9,0.0,0.3,23.5,0.0,0.0,0.0,0.0,5.4,1.4,0.0,0.0,0.0,0.0,1.2,0.0,0.0,0.1,0.0,5.1,0.0,1.5,0.0,4.3,0.0,0.0,0.0,0.0,5.3,6.5,0.0,0.1,0.0,0.3,0.0,0.5
district,BELLARY,,Summer,3.0,0.2,3.5,0.0,0.3,0.1,0.0,0.0,0.0,2.7,0.3,2.2,0.0,0.0,0.5,2.0,0.0,0.0,0.0,0.0,0.0,11.3,0.0,0.0,6.2,0.0,0.0,0.0,0.0,4.2,3.2,0.0,0.0,0.0,0.0,0.4,0.0,0.0,0.0,0.0,6.5,0.0,0.5,0.0,39.0,0.0,0.1,0.0,0.0,9.4,2.9,0.0,1.0,0.0,0.0,0.0,0.2
taluk,BELLARY,HADAGALI,Summer,3.1,0.1,2.7,0.1,0.7,0.1,0.0,0.0,0.0,2.2,1.1,3.5,0.0,0.0,0.4,3.2,0.0,0.0,0.0,0.1,0.1,11.1,0.0,0.1,8.4,0.0,0.0,0.0,0.0,7.3,2.2,0.0,0.0,0.0,0.0,0.2,0.0,0.0,0.0,0.0,4.1,0.0,0.4,0.0,20.3,0.0,0.1,0.0,0.0,20.0,3.4,0.0,4.3,0.0,0.0,0.0,0.5
taluk,BELLARY,HAGARIBOMMANAHALLI,Summer,2.2,0.4,3.5,0.0,0.3,0.0,0.0,0.0,0.0,3.3,0.1,1.9,0.0,0.0,0.2,4.2,0.0,0.0,0.0,0.0,0.1,12.4,0.0,0.0,6.2,0.0,0.0,0.0,0.0,6.1,3.6,0.0,0.0,0.0,0.0,0.5,0.0,0.0,0.0,0.0,17.6,0.0,0.5,0.0,20.3,0.0,0.1,0.0,0.0,10.3,5.6,0.0,0.4,0.0,0.0,0.0,0.2
taluk,BELLARY,HOSPET,Summer,1.2,0.2,4.1,0.0,0.2,0.1,0.0,0.1,0.0,2.4,0.1,1.2,0.0,0.0,0.4,1.4,0.0,0.0,0.0,0.0,0.1,9.5,0.0,0.0,5.1,0.0,0.0,0.0,0.0,3.0,2.9,0.0,0.0,0.0,0.0,0.2,0.0,0.0,0.1,0.0,4.2,0.0,0.2,0.0,51.4,0.0,0.1,0.1,0.0,9.3,2.1,0.0,0.3,0.0,0.0,0.0,0.1
taluk,BELLARY,SIRUGUPPA,Summer,0.8,0.1,1.8,0.0,0.1,0.0,0.0,0.0,0.0,2.9,0.1,0.6,0.0,0.0,1.1,0.6,0.0,0.0,0.0,0.0,0.0,5.5,0.0,0.0,3.7,0.0,0.0,0.0,0.0,1.2,1.9,0.0,0.0,0.0,0.0,0.1,0.0,0.0,0.1,0.0,2.3,0.0,0.1,0.0,71.2,0.0,0.1,0.0,0.0,4.0,1.3,0.0,0.2,0.0,0.0,0.0,0.0
taluk,BELLARY,BELLARY,Summer,0.9,0.1,2.5,0.0,0.1,0.0,0.0,0.0,0.0,3.2,0.2,1.1,0.0,0.0,0.7,0.7,0.0,0.0,0.0,0.0,0.1,7.3,0.0,0.0,4.2,0.0,0.0,0.0,0.0,1.7,3.8,0.0,0.0,0.0,0.0,0.1,0.0,0.0,0.1,0.0,3.1,0.0,0.2,0.0,62.7,0.0,0.2,0.1,0.0,5.3,1.2,0.0,0.3,0.0,0.0,0.0,0.0
taluk,BELLARY,SANDUR,Summer,2.2,0.2,6.4,0.0,0.2,0.1,0.0,0.0,0.0,2.0,0.1,2.5,0.0,0.0,0.3,2.3,0.0,0.0,0.0,0.0,0.1,16.1,0.0,0.0,8.8,0.0,0.0,0.0,0.0,5.3,4.2,0.0,0.0,0.0,0.0,0.5,0.0,0.0,0.0,0.0,7.2,0.0,0.6,0.0,27.9,0.0,0.1,0.0,0.0,9.1,2.9,0.0,0.4,0.0,0.0,0.0,0.1
taluk,BELLARY,KUDALGI,Summer,10.9,0.1,4.0,0.1,0.2,0.1,0.0,0.0,0.0,3.2,0.1,4.4,0.0,0.0,0.3,1.6,0.0,0.0,0.0,0.0,0.0,17.5,0.0,0.1,7.4,0.0,0.0,0.0,0.0,4.9,3.7,0.0,0.0,0.0,0.0,1.4,0.0,0.0,0.0,0.0,7.5,0.0,1.6,0.0,20.3,0.0,0.1,0.0,0.0,6.4,3.6,0.0,0.4,0.0,0.1,0.0,0.1
district,BENGALURU URBAN,,Kharif,1.7,0.0,0.3,0.0,0.0,0.0,0.0,0.0,0.0,0.0,0.0,9.6,0.0,0.0,0.1,0.0,1.4,0.0,0.0,1.6,0.0,0.5,0.0,0.8,1.6,0.0,0.0,0.0,0.0,3.0,14.9,0.0,0.0,0.0,0.0,0.0,0.0,0.0,0.9,0.0,0.0,0.1,62.2,0.0,0.5,0.0,0.0,0.0,0.0,0.1,0.0,0.0,0.0,0.0,0.6,0.0,0.0
taluk,BENGALURU URBAN,BANGALORE NORTH,Kharif,2.8,0.0,0.3,0.0,0.0,0.0,0.0,0.0,0.0,0.0,0.0,7.9,0.0,0.0,0.0,0.0,0.7,0.0,0.0,2.7,0.0,0.2,0.0,0.3,1.7,0.0,0.0,0.0,0.0,3.6,13.4,0.0,0.0,0.0,0.0,0.0,0.0,0.0,0.7,0.0,0.0,0.0,64.8,0.0,0.2,0.0,0.0,0.0,0.0,0.0,0.0,0.0,0.0,0.0,0.4,0.0,0.0
taluk,BENGALURU URBAN,BANGALORE SOUTH,Kharif,1.3,0.0,0.3,0.0,0.0,0.0,0.0,0.0,0.0,0.0,0.0,15.6,0.0,0.0,0.0,0.0,0.8,0.0,0.0,0.8,0.0,0.5,0.1,1.3,2.1,0.0,0.0,0.0,0.0,2.9,17.5,0.0,0.0,0.0,0.0,0.0,0.0,0.0,1.8,0.0,0.0,0.1,53.7,0.0,0.5,0.0,0.0,0.0,0.0,0.1,0.0,0.0,0.0,0.0,0.4,0.0,0.0
taluk,BENGALURU URBAN,ANEKAL,Kharif,0.9,0.0,0.5,0.0,0.1,0.0,0.0,0.0,0.0,0.0,0.0,8.2,0.1,0.0,0.1,0.1,3.2,0.0,0.0,0.9,0.0,1.1,0.0,1.1,1.3,0.0,0.0,0.0,0.0,2.4,12.3,0.0,0.0,0.0,0.0,0.0,0.0,0.0,0.5,0.0,0.0,0.1,64.6,0.0,1.1,0.0,0.0,0.0,0.0,0.2,0.0,0.0,0.0,0.0,1.3,0.0,0.0
taluk,BENGALURU URBAN,BANGALORE EAST,Kharif,1.7,0.0,0.2,0.0,0.0,0.0,0.0,0.0,0.0,0.0,0.0,7.3,0.0,0.0,0.0,0.0,1.0,0.0,0.0,1.9,0.0,0.3,0.0,0.4,1.3,0.0,0.0,0.0,0.0,3.0,16.6,0.0,0.0,0.0,0.0,0.0,0.0,0.0,0.6,0.0,0.0,0.0,64.8,0.0,0.2,0.0,0.0,0.0,0.0,0.0,0.0,0.0,0.0,0.0,0.5,0.0,0.0
district,BENGALURU URBAN,,Rabi,5.3,0.0,5.2,0.0,0.0,0.0,0.0,0.0,0.0,0.1,0.0,28.5,0.1,0.0,0.0,0.0,0.0,0.0,0.0,9.0,0.0,0.0,0.0,1.9,1.7,0.0,0.0,0.0,0.0,0.7,40.8,0.0,0.0,0.0,0.0,0.0,0.0,0.0,0.0,0.0,0.3,0.8,2.0,0.0,0.4,0.0,0.0,0.0,0.0,0.4,0.0,0.0,0.1,0.0,2.4,0.0,0.0
taluk,BENGALURU URBAN,BANGALORE NORTH,Rabi,9.2,0.0,4.9,0.0,0.0,0.0,0.0,0.0,0.0,0.0,0.0,24.7,0.0,0.0,0.0,0.0,0.0,0.0,0.0,14.7,0.0,0.0,0.0,1.1,2.6,0.0,0.0,0.0,0.0,0.9,36.4,0.0,0.0,0.0,0.0,0.0,0.0,0.0,0.0,0.0,0.5,0.6,1.9,0.0,0.1,0.0,0.0,0.0,0.0,0.1,0.0,0.0,0.0,0.0,2.0,0.0,0.0
taluk,BENGALURU URBAN,BANGALORE SOUTH,Rabi,4.9,0.0,4.4,0.0,0.0,0.0,0.0,0.0,0.0,0.0,0.0,40.9,0.1,0.0,0.0,0.0,0.0,0.0,0.0,4.5,0.0,0.0,0.0,2.1,0.8,0.0,0.0,0.0,0.0,0.4,37.8,0.0,0.0,0.0,0.0,0.0,0.0,0.0,0.1,0.0,0.1,0.4,1.6,0.0,0.2,0.0,0.0,0.0,0.0,0.2,0.0,0.0,0.0,0.0,1.2,0.0,0.0
taluk,BENGALURU URBAN,ANEKAL,Rabi,2.3,0.0,7.9,0.0,0.0,0.0,0.0,0.1,0.0,0.1,0.0,30.1,0.2,0.0,0.0,0.0,0.1,0.0,0.0,6.0,0.0,0.0,0.0,3.4,1.0,0.0,0.0,0.0,0.0,1.1,36.8,0.0,0.0,0.0,0.0,0.0,0.0,0.0,0.0,0.0,0.2,1.4,2.4,0.0,1.2,0.0,0.0,0.0,0.0,1.1,0.0,0.0,0.2,0.0,4.0,0.0,0.1
taluk,BENGALURU URBAN,BANGALORE EAST,Rabi,4.0,0.0,3.8,0.0,0.0,0.0,0.0,0.0,0.0,0.0,0.0,19.5,0.0,0.0,0.0,0.0,0.0,0.0,0.0,9.4,0.0,0.0,0.0,1.1,2.3,0.0,0.0,0.0,0.0,0.5,52.9,0.0,0.0,0.0,0.0,0.0,0.0,0.0,0.0,0.0,0.4,0.9,2.0,0.0,0.2,0.0,0.0,0.0,0.0,0.1,0.0,0.0,0.0,0.0,2.5,0.0,0.0
district,BENGALURU URBAN,,Summer,5.4,0.0,5.3,0.0,0.0,0.0,0.0,0.0,0.0,0.0,0.0,28.9,0.1,0.0,0.0,0.0,0.0,0.0,0.0,9.2,0.0,0.0,0.0,1.5,1.2,0.0,0.0,0.0,0.0,0.9,41.5,0.0,0.0,0.0,0.0,0.0,0.0,0.0,0.0,0.0,0.3,0.6,2.0,0.0,0.5,0.0,0.0,0.0,0.0,0.4,0.0,0.0,0.1,0.0,1.8,0.0,0.0
taluk,BENGALURU URBAN,BANGALORE NORTH,Summer,9.4,0.0,5.1,0.0,0.0,0.0,0.0,0.0,0.0,0.0,0.0,25.0,0.0,0.0,0.0,0.0,0.0,0.0,0.0,15.0,0.0,0.0,0.0,0.8,1.9,0.0,0.0,0.0,0.0,1.1,36.9,0.0,0.0,0.0,0.0,0.0,0.0,0.0,0.0,0.0,0.5,0.5,1.9,0.0,0.2,0.0,0.0,0.0,0.0,0.1,0.0,0.0,0.0,0.0,1.6,0.0,0.0
taluk,BENGALURU URBAN,BANGALORE SOUTH,Summer,5.0,0.0,4.4,0.0,0.0,0.0,0.0,0.0,0.0,0.0,0.0,41.3,0.1,0.0,0.0,0.0,0.0,0.0,0.0,4.5,0.0,0.0,0.0,1.7,0.6,0.0,0.0,0.0,0.0,0.5,38.2,0.0,0.0,0.0,0.0,0.0,0.0,0.0,0.1,0.0,0.1,0.3,1.7,0.0,0.3,0.0,0.0,0.0,0.0,0.3,0.0,0.0,0.0,0.0,0.9,0.0,0.0
taluk,BENGALURU URBAN,ANEKAL,Summer,2.4,0.0,8.0,0.0,0.0,0.0,0.0,0.1,0.0,0.1,0.0,30.4,0.2,0.0,0.0,0.0,0.1,0.0,0.0,6.3,0.0,0.0,0.0,2.7,0.7,0.0,0.0,0.0,0.0,1.3,37.8,0.0,0.0,0.0,0.0,0.0,0.0,0.0,0.0,0.0,0.2,1.1,2.5,0.0,1.4,0.0,0.0,0.0,0.0,1.2,0.0,0.0,0.2,0.0,3.2,0.0,0.1
taluk,BENGALURU URBAN,BANGALORE EAST,Summer,4.2,0.0,3.9,0.0,0.0,0.0,0.0,0.0,0.0,0.0,0.0,19.9,0.0,0.0,0.0,0.0,0.0,0.0,0.0,9.5,0.0,0.0,0.0,0.8,1.6,0.0,0.0,0.0,0.0,0.6,53.9,0.0,0.0,0.0,0.0,0.0,0.0,0.0,0.0,0.0,0.4,0.6,2.0,0.0,0.3,0.0,0.0,0.0,0.0,0.2,0.0,0.0,0.0,0.0,1.9,0.0,0.0
district,BIDAR,,Kharif,0.0,1.0,0.1,0.0,6.9,0.0,0.0,0.0,0.0,3.9,0.0,0.0,0.0,0.0,4.3,0.0,0.0,0.0,0.6,0.2,7.0,0.2,0.0,0.0,6.8,0.0,0.0,0.1,0.0,2.4,0.5,0.0,0.0,0.0,0.0,0.0,0.0,0.0,27.1,0.0,0.2,0.1,0.0,0.0,2.7,0.0,0.0,0.1,27.8,7.3,0.0,0.0,0.0,0.0,0.0,0.2,0.3
taluk,BIDAR,BASAVAKALYAN,Kharif,0.0,1.4,0.1,0.0,6.2,0.0,0.0,0.0,0.0,3.4,0.0,0.0,0.0,0.0,3.8,0.0,0.0,0.0,0.5,0.3,6.6,0.2,0.0,0.0,6.8,0.0,0.0,0.0,0.0,1.9,0.5,0.0,0.0,0.0,0.0,0.1,0.0,0.0,33.9,0.0,0.2,0.0,0.0,0.0,1.6,0.0,0.0,0.2,24.6,6.9,0.0,0.0,0.0,0.0,0.0,0.1,0.4
taluk,BIDAR,BHALKI,Kharif,0.0,0.8,0.0,0.0,7.3,0.0,0.0,0.0,0.0,4.8,0.0,0.0,0.0,0.0,3.0,0.0,0.0,0.0,0.6,0.2,7.2,0.1,0.0,0.0,7.0,0.0,0.0,0.0,0.0,1.6,0.3,0.0,0.0,0.0,0.0,0.0,0.0,0.0,24.6,0.0,0.2,0.0,0.0,0.0,1.5,0.0,0.0,0.0,32.8,7.4,0.0,0.0,0.0,0.0,0.0,0.1,0.3
taluk,BIDAR,AURAD,Kharif,0.0,0.8,0.0,0.0,6.3,0.0,0.0,0.0,0.0,4.7,0.0,0.0,0.0,0.0,5.5,0.0,0.0,0.0,0.4,0.2,6.4,0.2,0.0,0.0,6.2,0.0,0.0,0.0,0.0,2.8,0.5,0.0,0.0,0.0,0.0,0.0,0.0,0.0,21.6,0.0,0.1,0.0,0.0,0.0,6.0,0.0,0.0,0.1,30.5,6.2,0.1,0.0,0.0,0.0,0.0,0.8,0.4
taluk,BIDAR,BIDAR,Kharif,0.0,0.8,0.0,0.0,7.6,0.0,0.0,0.0,0.0,3.4,0.0,0.0,0.0,0.0,3.7,0.0,0.0,0.0,0.7,0.2,7.7,0.2,0.0,0.0,7.4,0.0,0.0,0.1,0.0,2.3,0.5,0.0,0.0,0.0,0.0,0.0,0.0,0.0,26.3,0.0,0.2,0.1,0.0,0.0,2.3,0.0,0.0,0.0,27.3,8.5,0.0,0.0,0.0,0.0,0.0,0.1,0.2
taluk,BIDAR,HUMNABAD,Kharif,0.0,1.0,0.1,0.0,7.1,0.1,0.0,0.0,0.0,3.2,0.0,0.0,0.0,0.0,5.4,0.0,0.0,0.0,0.8,0.2,7.4,0.3,0.0,0.0,6.9,0.0,0.0,0.1,0.0,3.3,0.5,0.0,0.0,0.0,0.0,0.1,0.0,0.0,29.1,0.0,0.2,0.1,0.0,0.0,2.2,0.0,0.0,0.1,23.5,7.8,0.0,0.0,0.0,0.0,0.1,0.1,0.3
district,BIDAR,,Rabi,0.0,0.2,0.4,0.0,0.6,0.3,0.0,0.0,0.0,42.6,0.0,0.0,0.0,0.0,0.2,0.0,0.0,0.0,0.1,0.1,0.6,0.4,0.0,0.0,16.4,0.0,0.0,0.5,0.0,1.3,2.4,0.0,0.0,0.0,0.0,0.3,0.0,0.0,2.2,0.0,0.1,0.0,0.0,0.0,3.9,0.3,0.0,0.1,2.5,18.9,0.5,0.0,0.0,0.0,0.4,0.0,4.4
taluk,BIDAR,BASAVAKALYAN,Rabi,0.0,0.1,0.4,0.0,0.5,0.2,0.0,0.0,0.0,40.4,0.0,0.0,0.0,0.0,0.2,0.0,0.0,0.0,0.1,0.2,0.5,0.4,0.0,0.0,21.2,0.0,0.0,0.5,0.0,0.9,2.6,0.0,0.0,0.0,0.0,0.2,0.0,0.0,2.4,0.0,0.2,0.0,0.0,0.0,2.3,0.3,0.0,0.1,2.2,17.8,0.7,0.0,0.0,0.0,0.3,0.0,5.3
taluk,BIDAR,BHALKI,Rabi,0.0,0.1,0.2,0.0,0.7,0.1,0.0,0.0,0.0,49.1,0.0,0.0,0.0,0.0,0.1,0.0,0.0,0.0,0.0,0.1,0.7,0.2,0.0,0.0,14.0,0.0,0.0,0.5,0.0,0.8,1.8,0.0,0.0,0.0,0.0,0.2,0.0,0.0,2.1,0.0,0.2,0.0,0.0,0.0,2.1,0.6,0.0,0.1,3.0,18.3,0.2,0.0,0.0,0.0,0.2,0.0,4.6
taluk,BIDAR,AURAD,Rabi,0.0,0.4,0.2,0.0,0.7,0.3,0.1,0.0,0.0,43.3,0.0,0.0,0.0,0.0,0.4,0.0,0.0,0.0,0.0,0.1,0.7,0.3,0.0,0.0,13.7,0.0,0.0,0.3,0.0,2.0,2.1,0.0,0.0,0.0,0.0,0.3,0.0,0.0,2.1,0.0,0.1,0.0,0.0,0.0,7.5,0.3,0.0,0.4,3.2,16.0,0.7,0.0,0.0,0.0,0.2,0.1,4.4
taluk,BIDAR,BIDAR,Rabi,0.0,0.1,0.4,0.0,0.7,0.3,0.0,0.0,0.0,41.4,0.0,0.0,0.0,0.0,0.2,0.0,0.0,0.0,0.1,0.1,0.6,0.4,0.0,0.0,15.5,0.0,0.0,0.6,0.0,1.3,2.8,0.0,0.0,0.0,0.0,0.3,0.0,0.0,2.1,0.0,0.1,0.0,0.0,0.0,3.7,0.2,0.0,0.1,2.2,22.4,0.4,0.0,0.0,0.0,0.4,0.0,3.5
taluk,BIDAR,HUMNABAD,Rabi,0.0,0.1,0.7,0.0,0.6,0.6,0.0,0.0,0.0,38.9,0.0,0.0,0.0,0.0,0.3,0.0,0.0,0.0,0.1,0.2,0.6,0.8,0.0,0.0,17.8,0.0,0.0,0.7,0.0,1.6,2.7,0.0,0.0,0.0,0.0,0.4,0.0,0.0,2.2,0.0,0.1,0.0,0.0,0.0,3.9,0.2,0.0,0.1,1.9,19.9,0.4,0.0,0.0,0.0,0.8,0.0,4.0
district,BIDAR,,Summer,0.0,0.0,2.9,0.0,0.1,1.5,0.0,0.1,0.0,1.6,0.0,0.0,0.0,0.0,0.0,0.0,0.0,0.0,0.0,0.5,0.2,1.7,0.0,0.0,0.7,0.0,0.0,0.0,0.0,0.6,7.1,0.0,0.0,0.0,0.0,0.1,0.0,0.1,0.5,0.0,0.6,0.0,0.0,0.0,0.4,0.0,0.1,0.0,0.6,80.4,0.0,0.0,0.0,0.0,0.0,0.0,0.1
taluk,BIDAR,BASAVAKALYAN,Summer,0.0,0.0,4.8,0.0,0.1,1.3,0.0,0.1,0.0,1.7,0.0,0.0,0.0,0.0,0.0,0.0,0.0,0.0,0.0,0.7,0.1,2.1,0.0,0.0,0.9,0.0,0.0,0.0,0.0,0.6,8.5,0.0,0.0,0.0,0.0,0.0,0.0,0.1,0.6,0.0,0.7,0.0,0.0,0.0,0.5,0.0,0.2,0.0,0.6,75.8,0.0,0.0,0.0,0.0,0.0,0.0,0.2
taluk,BIDAR,BHALKI,Summer,0.0,0.0,1.4,0.0,0.1,0.7,0.0,0.1,0.0,1.9,0.0,0.0,0.0,0.0,0.0,0.0,0.0,0.0,0.0,0.5,0.2,1.4,0.0,0.0,0.5,0.0,0.0,0.0,0.0,0.5,6.4,0.0,0.0,0.0,0.0,0.0,0.0,0.1,0.4,0.0,0.7,0.0,0.0,0.0,0.1,0.0,0.1,0.0,0.7,83.9,0.0,0.0,0.0,0.0,0.0,0.0,0.1
taluk,BIDAR,AURAD,Summer,0.0,0.0,1.5,0.0,0.1,0.5,0.0,0.0,0.0,1.6,0.0,0.0,0.0,0.0,0.1,0.0,0.0,0.0,0.0,0.3,0.2,1.5,0.0,0.0,0.5,0.0,0.0,0.0,0.0,0.6,5.4,0.0,0.0,0.0,0.0,0.0,0.0,0.2,0.4,0.0,0.3,0.0,0.0,0.0,0.5,0.0,0.1,0.0,0.7,85.0,0.0,0.0,0.0,0.0,0.0,0.0,0.1
taluk,BIDAR,BIDAR,Summer,0.0,0.0,2.3,0.0,0.1,1.6,0.0,0.1,0.0,1.3,0.0,0.0,0.0,0.0,0.0,0.0,0.0,0.0,0.0,0.4,0.2,1.5,0.0,0.0,0.6,0.0,0.0,0.0,0.0,0.6,7.3,0.0,0.0,0.0,0.0,0.1,0.0,0.1,0.5,0.0,0.5,0.0,0.0,0.0,0.4,0.0,0.1,0.0,0.5,81.7,0.0,0.0,0.0,0.0,0.0,0.0,0.1
taluk,BIDAR,HUMNABAD,Summer,0.0,0.0,4.2,0.0,0.1,3.3,0.0,0.3,0.0,1.4,0.0,0.0,0.0,0.0,0.1,0.0,0.0,0.0,0.0,0.5,0.2,2.2,0.0,0.0,0.8,0.0,0.0,0.0,0.0,0.8,7.8,0.0,0.0,0.0,0.0,0.1,0.0,0.1,0.5,0.0,0.6,0.0,0.0,0.0,0.6,0.0,0.1,0.0,0.5,75.4,0.0,0.0,0.0,0.0,0.0,0.0,0.1
district,BIJAPUR,,Kharif,0.0,7.2,0.0,0.0,0.9,0.0,0.0,0.0,0.0,1.5,0.0,0.0,0.0,0.0,5.5,0.0,0.0,0.0,0.0,1.5,2.6,1.9,0.0,0.0,2.3,0.0,0.0,0.0,0.0,6.5,0.1,0.0,0.0,0.0,0.0,2.1,0.0,0.0,50.4,0.0,0.5,0.1,0.0,0.0,2.5,0.0,0.0,0.2,2.0,11.0,0.6,0.0,0.0,0.0,0.0,0.1,0.5
taluk,BIJAPUR,BIJAPUR,Kharif,0.0,8.1,0.0,0.0,1.2,0.0,0.0,0.0,0.0,1.5,0.0,0.0,0.0,0.0,2.5,0.0,0.0,0.0,0.0,2.9,3.5,2.9,0.0,0.0,3.1,0.0,0.0,0.0,0.0,8.9,0.1,0.0,0.0,0.0,0.0,2.3,0.0,0.0,41.5,0.0,0.7,0.1,0.0,0.0,1.8,0.0,0.0,0.1,3.2,14.3,0.7,0.0,0.0,0.0,0.0,0.1,0.6
taluk,BIJAPUR,INDI,Kharif,0.0,7.0,0.0,0.0,1.4,0.0,0.0,0.0,0.1,1.4,0.0,0.0,0.0,0.0,5.1,0.0,0.0,0.0,0.0,2.2,3.3,2.8,0.0,0.0,2.6,0.0,0.0,0.0,0.0,5.6,0.1,0.0,0.0,0.0,0.0,1.0,0.0,0.0,49.1,0.0,0.8,0.0,0.0,0.0,2.1,0.0,0.0,0.3,3.1,11.0,0.3,0.0,0.0,0.0,0.0,0.0,0.5
taluk,BIJAPUR,SINDGI,Kharif,0.0,5.6,0.0,0.0,0.9,0.0,0.0,0.0,0.0,1.6,0.0,0.0,0.0,0.0,9.1,0.0,0.0,0.0,0.0,0.7,1.8,1.1,0.0,0.0,1.9,0.0,0.0,0.0,0.0,4.3,0.1,0.0,0.0,0.0,0.0,1.3,0.0,0.0,56.8,0.0,0.3,0.0,0.0,0.0,2.7,0.0,0.0,0.3,1.5,9.1,0.3,0.0,0.0,0.0,0.0,0.0,0.5
taluk,BIJAPUR,BASAVANA BAGEVADI,Kharif,0.0,7.4,0.0,0.0,0.6,0.0,0.0,0.0,0.0,1.5,0.0,0.0,0.0,0.0,4.2,0.0,0.0,0.0,0.0,1.3,2.2,1.4,0.0,0.0,2.3,0.0,0.0,0.0,0.0,8.3,0.1,0.0,0.0,0.0,0.0,3.5,0.0,0.0,48.0,0.0,0.4,0.1,0.0,0.0,2.4,0.0,0.0,0.1,1.5,13.2,0.7,0.0,0.0,0.0,0.0,0.2,0.4
taluk,BIJAPUR,MUDDEBIHAL,Kharif,0.0,8.0,0.0,0.0,0.5,0.0,0.0,0.0,0.1,1.4,0.0,0.0,0.0,0.0,6.3,0.0,0.0,0.0,0.0,0.6,2.2,1.2,0.0,0.0,1.8,0.0,0.0,0.0,0.0,5.5,0.1,0.1,0.0,0.0,0.0,2.4,0.0,0.0,55.8,0.0,0.3,0.0,0.0,0.0,3.6,0.0,0.0,0.2,0.9,7.9,0.8,0.0,0.0,0.0,0.0,0.0,0.3
district,BIJAPUR,,Rabi,0.0,0.4,0.2,0.0,0.1,0.0,0.0,0.0,0.0,27.9,0.0,0.0,0.0,0.0,0.3,0.0,0.0,0.0,0.0,2.9,0.1,1.5,0.0,0.0,32.1,0.0,0.0,0.0,0.0,1.3,0.3,0.0,0.0,0.0,0.0,0.7,0.0,0.0,2.6,0.0,0.6,0.0,0.0,0.0,1.4,0.0,0.0,0.0,0.1,16.6,2.7,0.0,0.0,0.0,0.0,0.0,8.0
taluk,BIJAPUR,BIJAPUR,Rabi,0.0,0.5,0.1,0.0,0.1,0.0,0.0,0.0,0.0,23.6,0.0,0.0,0.0,0.0,0.1,0.0,0.0,0.0,0.0,5.4,0.2,1.2,0.0,0.0,32.8,0.0,0.0,0.0,0.0,2.0,0.3,0.0,0.0,0.0,0.0,0.7,0.0,0.0,2.5,0.0,0.8,0.0,0.0,0.0,0.7,0.0,0.0,0.0,0.2,17.2,2.4,0.0,0.0,0.0,0.0,0.0,9.0
taluk,BIJAPUR,INDI,Rabi,0.0,0.4,0.1,0.0,0.1,0.0,0.0,0.0,0.0,25.3,0.0,0.0,0.0,0.0,0.3,0.0,0.0,0.0,0.0,4.0,0.2,1.1,0.0,0.0,33.3,0.0,0.0,0.0,0.0,1.3,0.3,0.0,0.0,0.0,0.0,0.3,0.0,0.0,2.8,0.0,0.9,0.0,0.0,0.0,1.0,0.0,0.0,0.0,0.2,17.1,2.2,0.0,0.0,0.0,0.0,0.0,8.8
taluk,BIJAPUR,SINDGI,Rabi,0.0,0.3,0.2,0.0,0.1,0.0,0.0,0.0,0.0,29.8,0.0,0.0,0.0,0.0,0.6,0.0,0.0,0.0,0.0,1.5,0.1,1.3,0.0,0.0,31.7,0.0,0.0,0.0,0.0,0.8,0.3,0.0,0.0,0.0,0.0,0.5,0.0,0.0,3.0,0.0,0.4,0.0,0.0,0.0,1.4,0.1,0.0,0.0,0.1,16.9,3.0,0.0,0.0,0.0,0.0,0.0,8.1
taluk,BIJAPUR,BASAVANA BAGEVADI,Rabi,0.0,0.4,0.2,0.0,0.0,0.0,0.0,0.0,0.0,27.8,0.0,0.0,0.0,0.0,0.2,0.0,0.0,0.0,0.0,2.4,0.1,1.7,0.0,0.0,31.3,0.0,0.0,0.0,0.0,1.7,0.3,0.0,0.0,0.0,0.0,1.2,0.0,0.0,2.5,0.0,0.4,0.0,0.0,0.0,1.4,0.0,0.0,0.0,0.1,17.5,2.7,0.0,0.0,0.0,0.0,0.0,7.8
taluk,BIJAPUR,MUDDEBIHAL,Rabi,0.0,0.3,0.2,0.0,0.0,0.0,0.0,0.0,0.0,32.5,0.0,0.0,0.0,0.0,0.5,0.0,0.0,0.0,0.0,1.2,0.1,2.2,0.0,0.1,31.5,0.0,0.0,0.0,0.0,0.9,0.3,0.0,0.0,0.0,0.0,0.9,0.0,0.0,2.3,0.0,0.3,0.0,0.0,0.0,2.3,0.0,0.0,0.0,0.0,14.3,3.3,0.0,0.0,0.0,0.0,0.0,6.5
district,BIJAPUR,,Summer,0.0,0.1,1.6,0.0,0.0,0.1,0.0,0.0,0.0,1.7,0.0,0.2,0.0,0.0,0.1,0.0,0.0,0.0,0.0,10.1,0.1,10.1,0.0,0.0,1.9,0.0,0.0,0.0,0.0,1.0,0.9,0.0,0.0,0.0,0.0,1.3,0.0,0.0,1.0,0.0,3.9,0.0,0.0,0.0,3.5,0.0,0.3,0.0,0.0,61.3,0.3,0.0,0.0,0.1,0.0,0.0,0.4
taluk,BIJAPUR,BIJAPUR,Summer,0.0,0.2,1.0,0.0,0.0,0.2,0.0,0.0,0.0,1.4,0.0,0.1,0.0,0.0,0.0,0.0,0.0,0.0,0.0,17.4,0.1,7.4,0.0,0.0,1.8,0.0,0.0,0.0,0.0,0.9,0.9,0.0,0.0,0.0,0.0,1.2,0.0,0.1,0.8,0.0,6.1,0.0,0.0,0.0,1.6,0.0,0.4,0.0,0.0,57.7,0.2,0.0,0.0,0.0,0.0,0.0,0.5
taluk,BIJAPUR,INDI,Summer,0.0,0.1,1.3,0.0,0.0,0.1,0.0,0.0,0.0,1.3,0.0,0.1,0.0,0.0,0.1,0.0,0.0,0.0,0.0,12.2,0.1,8.4,0.0,0.0,1.7,0.0,0.0,0.0,0.0,0.7,1.2,0.0,0.0,0.0,0.0,0.6,0.0,0.1,0.8,0.0,6.2,0.0,0.0,0.0,2.6,0.0,0.5,0.0,0.0,61.3,0.2,0.0,0.0,0.1,0.0,0.0,0.5
taluk,BIJAPUR,SINDGI,Summer,0.0,0.1,2.3,0.0,0.0,0.1,0.0,0.0,0.0,1.7,0.0,0.1,0.0,0.0,0.1,0.0,0.0,0.0,0.0,5.8,0.0,9.8,0.0,0.0,1.7,0.0,0.0,0.0,0.0,0.8,0.9,0.0,0.0,0.0,0.0,1.0,0.0,0.1,1.0,0.0,2.1,0.0,0.0,0.0,3.9,0.0,0.2,0.0,0.0,67.5,0.3,0.0,0.0,0.1,0.0,0.0,0.5
taluk,BIJAPUR,BASAVANA BAGEVADI,Summer,0.0,0.1,1.7,0.0,0.0,0.1,0.0,0.0,0.0,1.7,0.0,0.1,0.0,0.0,0.1,0.0,0.0,0.0,0.0,9.7,0.0,10.5,0.0,0.0,1.9,0.0,0.0,0.0,0.0,1.3,0.7,0.0,0.0,0.0,0.0,2.1,0.0,0.0,1.0,0.0,3.1,0.0,0.0,0.0,3.0,0.0,0.2,0.0,0.0,61.8,0.3,0.0,0.0,0.0,0.0,0.0,0.4
taluk,BIJAPUR,MUDDEBIHAL,Summer,0.0,0.1,1.7,0.0,0.0,0.0,0.0,0.0,0.0,2.3,0.0,0.5,0.0,0.0,0.1,0.1,0.0,0.0,0.0,6.3,0.0,14.0,0.0,0.0,2.3,0.0,0.0,0.0,0.0,1.2,0.9,0.0,0.0,0.0,0.0,1.6,0.0,0.0,1.1,0.0,2.2,0.0,0.0,0.0,6.3,0.0,0.1,0.0,0.0,57.7,0.7,0.0,0.0,0.1,0.0,0.0,0.4
district,CHAMARAJANAGAR,,Kharif,0.7,0.1,7.0,0.0,2.4,0.4,0.2,0.1,0.0,0.1,0.0,8.9,3.4,0.0,4.7,1.1,0.3,0.0,0.1,0.0,1.1,4.0,0.8,1.3,10.5,0.0,0.0,0.0,0.0,11.3,2.1,0.0,0.0,0.0,0.0,0.1,0.0,0.0,0.7,0.0,0.0,0.3,9.0,0.0,14.5,0.0,0.1,0.2,0.1,8.4,2.1,0.0,0.1,0.5,0.3,3.0,0.0
taluk,CHAMARAJANAGAR,GUDLUPET,Kharif,1.0,0.1,7.6,0.0,1.9,1.0,0.4,0.1,0.0,0.2,0.0,10.2,7.9,0.0,6.3,0.9,0.3,0.0,0.1,0.0,0.8,3.3,1.4,1.4,11.3,0.0,0.0,0.0,0.0,8.0,1.5,0.0,0.0,0.0,0.0,0.0,0.0,0.0,0.5,0.0,0.0,0.5,7.2,0.0,10.9,0.0,0.0,0.2,0.1,5.9,3.7,0.0,0.1,1.1,0.2,3.6,0.0
taluk,CHAMARAJANAGAR,CHAMARAJANAGAR,Kharif,0.5,0.1,9.3,0.0,3.0,0.2,0.1,0.0,0.0,0.1,0.0,10.8,1.5,0.0,5.3,1.2,0.3,0.0,0.0,0.0,1.2,3.1,0.6,1.2,13.9,0.0,0.0,0.0,0.0,7.7,1.4,0.0,0.0,0.0,0.0,0.0,0.0,0.0,0.6,0.0,0.0,0.2,8.4,0.0,12.7,0.0,0.0,0.3,0.1,8.4,2.9,0.0,0.0,0.2,0.2,4.2,0.0
taluk,CHAMARAJANAGAR,YELANDUR,Kharif,0.5,0.1,6.2,0.0,3.5,0.3,0.1,0.1,0.0,0.0,0.0,8.5,2.6,0.0,4.3,1.3,0.4,0.0,0.0,0.0,1.9,2.6,0.6,0.9,8.8,0.0,0.0,0.0,0.0,7.0,1.7,0.0,0.0,0.0,0.0,0.0,0.0,0.0,0.6,0.0,0.0,0.3,7.7,0.0,22.8,0.0,0.0,0.3,0.0,12.9,1.2,0.0,0.1,0.4,0.2,1.9,0.0
taluk,CHAMARAJANAGAR,KOLLEGAL,Kharif,0.7,0.2,5.0,0.0,1.2,0.1,0.1,0.0,0.0,0.0,0.1,6.5,1.3,0.0,2.8,0.9,0.2,0.0,0.0,0.0,0.7,6.9,0.5,1.8,8.2,0.0,0.0,0.0,0.0,21.6,3.5,0.0,0.0,0.0,0.0,0.1,0.0,0.0,1.1,0.0,0.1,0.2,12.7,0.0,12.4,0.0,0.1,0.1,0.1,7.0,0.6,0.0,0.1,0.2,0.6,2.5,0.0
district,CHAMARAJANAGAR,,Rabi,0.9,0.0,19.8,0.0,0.2,0.5,0.2,0.1,0.0,1.6,0.0,19.3,4.5,0.0,0.2,0.0,0.2,0.0,0.0,0.0,0.1,0.3,0.0,16.3,0.6,0.0,0.0,0.0,0.0,2.6,3.3,0.0,0.0,0.0,0.0,0.0,0.0,0.0,0.0,0.0,0.0,0.1,2.1,0.0,3.4,0.0,0.0,0.0,0.0,21.8,0.2,0.0,0.4,0.0,0.8,0.1,0.1
taluk,CHAMARAJANAGAR,GUDLUPET,Rabi,1.5,0.0,20.1,0.0,0.2,1.2,0.4,0.1,0.0,2.2,0.0,20.6,9.3,0.0,0.4,0.1,0.3,0.0,0.0,0.0,0.1,0.3,0.1,17.2,0.7,0.0,0.0,0.0,0.0,1.5,2.5,0.0,0.0,0.0,0.0,0.0,0.0,0.0,0.0,0.0,0.0,0.1,2.1,0.0,2.1,0.0,0.0,0.0,0.0,14.9,0.3,0.0,0.2,0.1,1.0,0.2,0.1
taluk,CHAMARAJANAGAR,CHAMARAJANAGAR,Rabi,0.8,0.0,22.6,0.0,0.2,0.2,0.1,0.1,0.0,2.3,0.0,22.1,1.8,0.0,0.2,0.0,0.2,0.0,0.0,0.0,0.1,0.2,0.0,20.0,0.7,0.0,0.0,0.0,0.0,1.1,2.1,0.0,0.0,0.0,0.0,0.0,0.0,0.0,0.0,0.0,0.0,0.1,1.6,0.0,2.3,0.0,0.0,0.0,0.0,19.7,0.1,0.0,0.2,0.0,0.9,0.2,0.0
taluk,CHAMARAJANAGAR,YELANDUR,Rabi,0.5,0.0,15.0,0.0,0.3,0.4,0.2,0.1,0.0,1.0,0.0,18.2,4.5,0.0,0.1,0.0,0.2,0.0,0.0,0.0,0.2,0.2,0.0,13.2,0.4,0.0,0.0,0.0,0.0,1.1,2.4,0.0,0.0,0.0,0.0,0.0,0.0,0.0,0.0,0.0,0.0,0.0,1.9,0.0,5.3,0.0,0.0,0.0,0.0,33.6,0.1,0.0,0.3,0.0,0.5,0.1,0.0
taluk,CHAMARAJANAGAR,KOLLEGAL,Rabi,0.8,0.0,21.7,0.0,0.2,0.2,0.1,0.1,0.0,0.9,0.0,16.6,1.7,0.0,0.1,0.0,0.1,0.0,0.0,0.1,0.0,0.6,0.0,15.0,0.7,0.0,0.0,0.0,0.0,6.4,5.9,0.0,0.0,0.0,0.0,0.1,0.0,0.0,0.0,0.0,0.1,0.1,2.6,0.0,4.1,0.0,0.1,0.0,0.0,19.8,0.1,0.0,0.8,0.0,0.9,0.1,0.1
district,CHAMARAJANAGAR,,Summer,1.4,0.0,23.4,0.0,0.1,0.5,0.2,0.2,0.0,0.8,0.0,22.6,4.7,0.0,0.2,0.0,0.1,0.0,0.0,0.0,0.1,0.2,0.0,7.7,0.5,0.0,0.0,0.0,0.0,2.4,4.0,0.0,0.0,0.0,0.0,0.0,0.0,0.0,0.0,0.0,0.1,0.1,1.0,0.0,4.5,0.0,0.1,0.0,0.0,24.1,0.1,0.0,0.4,0.0,0.4,0.1,0.0
taluk,CHAMARAJANAGAR,GUDLUPET,Summer,2.1,0.0,23.8,0.0,0.1,1.3,0.4,0.2,0.0,1.2,0.1,24.4,9.8,0.0,0.4,0.1,0.1,0.0,0.0,0.0,0.1,0.2,0.1,8.4,0.6,0.0,0.0,0.0,0.0,1.3,3.1,0.0,0.0,0.0,0.0,0.0,0.0,0.0,0.0,0.0,0.0,0.1,1.0,0.0,3.0,0.0,0.1,0.0,0.0,16.9,0.3,0.0,0.3,0.1,0.5,0.2,0.0
taluk,CHAMARAJANAGAR,CHAMARAJANAGAR,Summer,1.6,0.0,27.9,0.0,0.1,0.2,0.1,0.1,0.0,1.1,0.0,27.0,1.9,0.0,0.1,0.0,0.1,0.0,0.0,0.0,0.1,0.1,0.0,8.1,0.5,0.0,0.0,0.0,0.0,1.0,2.9,0.0,0.0,0.0,0.0,0.0,0.0,0.0,0.0,0.0,0.0,0.0,0.6,0.0,3.5,0.0,0.0,0.0,0.0,22.0,0.1,0.0,0.2,0.0,0.4,0.1,0.0
taluk,CHAMARAJANAGAR,YELANDUR,Summer,0.8,0.0,17.9,0.0,0.2,0.4,0.2,0.1,0.0,0.4,0.0,20.9,4.5,0.0,0.1,0.0,0.1,0.0,0.0,0.0,0.1,0.1,0.0,4.9,0.3,0.0,0.0,0.0,0.0,1.0,3.0,0.0,0.0,0.0,0.0,0.0,0.0,0.0,0.0,0.0,0.0,0.0,0.8,0.0,7.0,0.0,0.1,0.0,0.0,36.4,0.0,0.0,0.3,0.0,0.2,0.0,0.0
taluk,CHAMARAJANAGAR,KOLLEGAL,Summer,0.9,0.0,24.4,0.0,0.1,0.2,0.1,0.2,0.0,0.4,0.0,18.5,1.7,0.0,0.1,0.0,0.0,0.0,0.0,0.1,0.0,0.4,0.0,9.2,0.5,0.0,0.0,0.0,0.0,6.1,6.7,0.0,0.0,0.0,0.0,0.0,0.0,0.0,0.0,0.0,0.1,0.1,1.6,0.0,4.7,0.0,0.1,0.0,0.0,22.1,0.1,0.0,0.9,0.0,0.4,0.1,0.0
district,CHIKBALLAPUR,,Kharif,1.6,0.0,0.3,0.0,0.0,0.0,0.0,0.1,0.0,0.1,0.0,2.3,0.0,0.0,0.4,0.0,0.8,0.0,0.0,2.0,0.0,12.8,0.0,1.8,4.4,0.0,0.0,0.0,0.0,19.9,11.6,0.0,0.0,0.0,0.0,0.2,0.0,0.0,1.9,0.0,0.2,0.5,35.3,0.0,1.7,0.0,0.0,0.0,0.0,0.2,0.1,0.0,0.0,0.0,1.3,0.0,0.0
taluk,CHIKBALLAPUR,GOURIBADANUR,Kharif,2.7,0.0,0.7,0.0,0.1,0.0,0.0,0.0,0.0,0.1,0.0,3.5,0.1,0.0,0.3,0.0,0.2,0.0,0.0,1.8,0.0,10.9,0.1,1.5,4.4,0.0,0.0,0.0,0.0,30.6,5.3,0.0,0.0,0.0,0.0,0.1,0.0,0.0,2.3,0.0,0.1,0.4,31.8,0.0,1.9,0.0,0.0,0.0,0.0,0.3,0.0,0.0,0.0,0.0,0.5,0.1,0.0
taluk,CHIKBALLAPUR,CHICHBALLAPURA,Kharif,2.1,0.0,0.3,0.0,0.0,0.0,0.0,0.1,0.0,0.0,0.0,2.8,0.1,0.0,0.1,0.0,0.3,0.0,0.0,4.5,0.0,7.3,0.0,1.0,4.8,0.0,0.0,0.0,0.0,21.0,6.7,0.0,0.0,0.0,0.0,0.1,0.0,0.0,1.3,0.0,0.1,0.5,44.9,0.0,1.1,0.0,0.0,0.0,0.0,0.1,0.0,0.0,0.0,0.0,0.5,0.0,0.0
taluk,CHIKBALLAPUR,GUDIBANDA,Kharif,1.9,0.0,0.5,0.0,0.0,0.0,0.0,0.1,0.0,0.0,0.0,2.5,0.0,0.0,0.2,0.0,0.2,0.0,0.0,2.4,0.0,11.9,0.0,1.4,5.1,0.0,0.0,0.0,0.0,31.2,5.0,0.0,0.0,0.0,0.0,0.1,0.0,0.0,2.5,0.0,0.1,0.7,31.4,0.0,1.5,0.0,0.0,0.0,0.0,0.2,0.0,0.0,0.0,0.0,0.7,0.1,0.0
taluk,CHIKBALLAPUR,BAGEPALLI,Kharif,1.5,0.1,0.2,0.0,0.1,0.0,0.0,0.1,0.0,0.3,0.0,2.2,0.0,0.0,1.4,0.0,0.4,0.0,0.0,0.8,0.1,28.1,0.1,1.9,3.6,0.0,0.0,0.0,0.0,17.0,9.3,0.0,0.0,0.0,0.0,0.7,0.0,0.0,3.5,0.0,0.5,0.6,21.4,0.0,3.4,0.0,0.1,0.0,0.0,0.5,0.4,0.0,0.0,0.0,1.6,0.1,0.0
taluk,CHIKBALLAPUR,SIDLAGHATTA,Kharif,0.8,0.0,0.1,0.0,0.0,0.0,0.0,0.2,0.0,0.1,0.0,1.6,0.0,0.0,0.1,0.0,1.2,0.0,0.0,1.5,0.0,8.2,0.0,2.6,5.3,0.0,0.0,0.0,0.0,11.4,16.3,0.0,0.0,0.0,0.0,0.2,0.0,0.0,0.8,0.0,0.2,0.5,45.7,0.0,1.0,0.0,0.0,0.0,0.0,0.1,0.1,0.0,0.0,0.0,1.7,0.0,0.1
taluk,CHIKBALLAPUR,CHINTAMANI,Kharif,0.6,0.0,0.1,0.0,0.0,0.0,0.0,0.1,0.0,0.1,0.0,1.4,0.0,0.0,0.1,0.0,2.3,0.0,0.0,0.7,0.0,8.7,0.0,2.2,3.7,0.0,0.0,0.0,0.0,8.7,27.1,0.0,0.0,0.0,0.0,0.1,0.0,0.0,0.7,0.0,0.1,0.3,38.6,0.0,1.0,0.0,0.0,0.0,0.0,0.1,0.0,0.0,0.0,0.0,3.0,0.0,0.0
district,CHIKBALLAPUR,,Rabi,5.3,0.0,4.6,0.0,0.0,0.0,0.0,1.2,0.0,1.9,0.0,5.3,0.0,0.0,0.0,0.0,0.0,0.0,0.0,13.9,0.0,1.2,0.0,0.7,2.1,0.0,0.0,0.0,0.0,2.8,38.4,0.0,0.0,0.0,0.0,1.9,0.0,0.0,0.1,0.0,1.4,6.7,1.2,0.0,1.9,0.0,0.2,0.0,0.0,0.4,0.8,0.0,0.0,0.0,7.3,0.0,0.5
taluk,CHIKBALLAPUR,GOURIBADANUR,Rabi,13.7,0.0,10.6,0.0,0.0,0.0,0.0,0.7,0.0,1.6,0.0,12.1,0.1,0.0,0.0,0.0,0.0,0.0,0.0,11.5,0.0,0.6,0.0,0.6,3.8,0.0,0.0,0.0,0.0,3.8,26.8,0.0,0.0,0.0,0.0,0.8,0.0,0.0,0.1,0.0,0.9,4.6,0.9,0.0,1.3,0.0,0.1,0.0,0.0,0.3,0.2,0.0,0.0,0.0,4.7,0.0,0.2
taluk,CHIKBALLAPUR,CHICHBALLAPURA,Rabi,5.8,0.0,5.6,0.0,0.0,0.0,0.0,1.8,0.0,0.8,0.0,6.1,0.0,0.0,0.0,0.0,0.0,0.0,0.0,27.4,0.0,0.4,0.0,0.2,3.4,0.0,0.0,0.0,0.0,2.6,26.6,0.0,0.0,0.0,0.0,1.0,0.0,0.0,0.0,0.0,0.7,9.1,1.1,0.0,0.9,0.0,0.0,0.0,0.0,0.1,0.2,0.0,0.0,0.0,5.6,0.0,0.2
taluk,CHIKBALLAPUR,GUDIBANDA,Rabi,5.5,0.0,6.6,0.0,0.0,0.0,0.0,1.1,0.0,1.0,0.0,5.6,0.1,0.0,0.0,0.0,0.0,0.0,0.0,23.6,0.0,0.7,0.0,0.3,1.6,0.0,0.0,0.0,0.0,4.4,23.9,0.0,0.0,0.0,0.0,1.7,0.0,0.0,0.1,0.0,0.7,11.9,0.9,0.0,1.5,0.0,0.1,0.0,0.0,0.2,0.3,0.0,0.0,0.0,7.9,0.0,0.1
taluk,CHIKBALLAPUR,BAGEPALLI,Rabi,4.0,0.0,2.1,0.0,0.1,0.0,0.0,0.8,0.0,5.1,0.0,3.8,0.1,0.1,0.1,0.0,0.0,0.0,0.0,6.5,0.0,3.9,0.0,0.7,1.6,0.0,0.0,0.0,0.0,3.7,32.6,0.0,0.0,0.1,0.0,4.1,0.0,0.0,0.2,0.0,3.8,5.8,0.8,0.0,5.3,0.0,0.7,0.1,0.0,1.2,2.6,0.0,0.0,0.0,9.5,0.0,0.5
taluk,CHIKBALLAPUR,SIDLAGHATTA,Rabi,1.4,0.0,1.4,0.0,0.0,0.0,0.0,2.1,0.0,1.1,0.0,2.2,0.0,0.0,0.0,0.0,0.0,0.0,0.0,10.0,0.0,0.9,0.0,0.8,1.2,0.0,0.0,0.0,0.0,1.5,53.6,0.0,0.0,0.0,0.0,2.4,0.0,0.0,0.0,0.0,1.4,5.8,2.1,0.0,1.3,0.0,0.1,0.0,0.0,0.3,0.7,0.0,0.0,0.0,8.0,0.0,1.4
taluk,CHIKBALLAPUR,CHINTAMANI,Rabi,1.3,0.0,1.2,0.0,0.0,0.0,0.0,0.8,0.0,1.5,0.0,1.8,0.0,0.0,0.0,0.0,0.1,0.0,0.0,5.4,0.0,0.6,0.0,1.7,0.8,0.0,0.0,0.0,0.0,0.9,67.4,0.0,0.0,0.0,0.0,1.0,0.0,0.0,0.0,0.0,0.6,3.4,1.5,0.0,0.7,0.0,0.1,0.0,0.0,0.2,0.3,0.0,0.0,0.0,7.8,0.0,0.6
district,CHIKBALLAPUR,,Summer,5.7,0.0,5.0,0.0,0.0,0.0,0.0,1.2,0.0,0.9,0.0,5.9,0.0,0.0,0.0,0.0,0.0,0.0,0.0,16.3,0.0,1.1,0.0,0.3,1.1,0.0,0.0,0.0,0.0,3.1,43.5,0.0,0.0,0.0,0.0,1.2,0.0,0.0,0.1,0.0,1.8,3.5,1.2,0.0,2.7,0.0,0.2,0.0,0.0,0.6,0.8,0.0,0.0,0.0,3.5,0.0,0.2
taluk,CHIKBALLAPUR,GOURIBADANUR,Summer,14.7,0.0,11.1,0.0,0.0,0.0,0.0,0.7,0.0,0.9,0.0,12.9,0.1,0.0,0.0,0.0,0.0,0.0,0.0,13.3,0.0,0.5,0.0,0.3,2.2,0.0,0.0,0.0,0.0,3.8,29.2,0.0,0.0,0.0,0.0,0.5,0.0,0.0,0.1,0.0,1.0,2.5,0.8,0.0,1.8,0.0,0.1,0.0,0.0,0.3,0.3,0.0,0.0,0.0,2.6,0.0,0.1
taluk,CHIKBALLAPUR,CHICHBALLAPURA,Summer,6.3,0.0,6.2,0.0,0.0,0.0,0.0,1.8,0.0,0.4,0.0,6.9,0.0,0.0,0.0,0.0,0.0,0.0,0.0,31.3,0.0,0.4,0.0,0.1,1.8,0.0,0.0,0.0,0.0,3.0,29.4,0.0,0.0,0.0,0.0,0.6,0.0,0.0,0.0,0.0,0.8,4.8,1.1,0.0,1.6,0.0,0.1,0.0,0.0,0.2,0.3,0.0,0.0,0.0,2.8,0.0,0.1
taluk,CHIKBALLAPUR,GUDIBANDA,Summer,5.9,0.0,7.2,0.0,0.0,0.0,0.0,1.1,0.0,0.5,0.0,6.5,0.1,0.0,0.0,0.0,0.0,0.0,0.0,28.5,0.0,0.6,0.0,0.1,0.8,0.0,0.0,0.0,0.0,4.9,27.2,0.0,0.0,0.0,0.0,1.0,0.0,0.0,0.1,0.0,0.8,6.5,0.8,0.0,2.3,0.0,0.1,0.0,0.0,0.3,0.3,0.0,0.0,0.0,4.2,0.0,0.1
taluk,CHIKBALLAPUR,BAGEPALLI,Summer,4.6,0.0,2.4,0.0,0.0,0.0,0.0,0.8,0.0,2.3,0.0,4.5,0.1,0.0,0.1,0.0,0.0,0.0,0.0,7.8,0.0,3.6,0.0,0.3,0.8,0.0,0.0,0.0,0.0,4.0,39.4,0.0,0.0,0.0,0.0,3.0,0.0,0.1,0.2,0.0,4.5,3.2,0.8,0.0,6.8,0.0,0.8,0.0,0.0,1.8,2.7,0.0,0.0,0.0,5.1,0.0,0.2
taluk,CHIKBALLAPUR,SIDLAGHATTA,Summer,1.5,0.0,1.6,0.0,0.0,0.0,0.0,2.1,0.0,0.5,0.0,2.5,0.0,0.0,0.0,0.0,0.0,0.0,0.0,11.5,0.0,0.9,0.0,0.3,0.6,0.0,0.0,0.0,0.0,1.6,60.4,0.0,0.0,0.0,0.0,1.4,0.0,0.0,0.0,0.0,2.4,2.9,2.0,0.0,2.0,0.0,0.1,0.0,0.0,0.5,0.8,0.0,0.0,0.0,3.4,0.0,0.7
taluk,CHIKBALLAPUR,CHINTAMANI,Summer,1.4,0.0,1.4,0.0,0.0,0.0,0.0,0.8,0.0,0.6,0.0,2.2,0.0,0.0,0.0,0.0,0.1,0.0,0.0,6.2,0.0,0.6,0.0,0.5,0.4,0.0,0.0,0.0,0.0,1.0,75.4,0.0,0.0,0.0,0.0,0.5,0.0,0.0,0.0,0.0,1.0,1.6,1.5,0.0,1.0,0.0,0.1,0.0,0.0,0.3,0.3,0.0,0.0,0.0,2.9,0.0,0.2
district,CHIKMAGALUR,,Kharif,24.3,0.0,1.7,0.0,0.0,3.5,0.2,0.5,0.0,0.1,0.0,10.9,28.4,0.0,0.3,0.0,0.0,0.0,0.3,0.0,0.4,0.2,0.1,0.3,0.5,0.0,0.0,0.0,0.0,4.5,0.5,0.0,0.0,0.0,0.0,0.3,0.0,0.0,0.0,0.0,0.1,0.4,6.4,0.0,14.9,0.0,0.0,0.2,0.1,0.3,0.1,0.0,0.1,0.1,0.0,0.0,0.0
taluk,CHIKMAGALUR,SRINGERI,Kharif,39.0,0.0,3.3,0.0,0.0,3.4,0.1,0.8,0.0,0.0,0.0,5.2,20.0,0.0,0.1,0.0,0.0,0.0,0.4,0.0,0.1,0.1,0.1,0.1,0.2,0.0,0.0,0.0,0.0,1.9,0.2,0.0,0.0,0.0,0.0,0.1,0.0,0.0,0.0,0.0,0.0,0.1,1.7,0.0,22.5,0.0,0.0,0.1,0.1,0.2,0.0,0.0,0.0,0.0,0.0,0.0,0.0
taluk,CHIKMAGALUR,KOPPA,Kharif,27.6,0.0,2.0,0.0,0.0,4.6,0.2,0.5,0.0,0.0,0.0,5.4,35.3,0.0,0.2,0.0,0.0,0.0,0.2,0.0,0.1,0.1,0.1,0.1,0.2,0.0,0.0,0.0,0.0,2.5,0.3,0.0,0.0,0.0,0.0,0.2,0.0,0.0,0.0,0.0,0.0,0.3,2.7,0.0,16.7,0.0,0.0,0.1,0.1,0.2,0.0,0.0,0.1,0.0,0.0,0.0,0.0
taluk,CHIKMAGALUR,N.R. PURA,Kharif,28.5,0.0,2.2,0.0,0.0,3.9,0.1,0.5,0.0,0.1,0.0,6.5,30.4,0.0,0.2,0.0,0.0,0.0,0.2,0.0,0.2,0.1,0.1,0.1,0.3,0.1,0.0,0.0,0.0,3.4,0.5,0.0,0.0,0.0,0.0,0.3,0.0,0.0,0.0,0.0,0.0,0.4,3.2,0.0,18.1,0.0,0.0,0.1,0.1,0.2,0.0,0.0,0.1,0.0,0.0,0.0,0.0
taluk,CHIKMAGALUR,TARIKERE,Kharif,23.2,0.1,1.2,0.0,0.1,1.9,0.1,0.3,0.0,0.2,0.0,16.1,15.2,0.0,0.7,0.1,0.0,0.0,0.2,0.0,0.7,0.6,0.1,0.5,0.8,0.1,0.0,0.0,0.0,9.3,1.0,0.0,0.0,0.0,0.0,0.6,0.0,0.0,0.1,0.0,0.2,0.7,10.2,0.0,13.6,0.0,0.0,0.3,0.3,0.7,0.1,0.0,0.1,0.2,0.0,0.1,0.0
taluk,CHIKMAGALUR,KADUR,Kharif,13.4,0.0,0.7,0.0,0.1,1.1,0.1,0.2,0.0,0.2,0.0,30.7,9.3,0.0,0.7,0.1,0.0,0.0,0.2,0.0,1.6,0.5,0.2,1.0,1.3,0.1,0.0,0.0,0.0,6.9,0.8,0.0,0.0,0.0,0.0,0.4,0.0,0.0,0.1,0.0,0.3,0.6,20.7,0.0,6.7,0.0,0.0,0.9,0.2,0.5,0.1,0.0,0.0,0.2,0.0,0.1,0.0
taluk,CHIKMAGALUR,CHIKKAMAGALUR,Kharif,18.4,0.0,1.2,0.0,0.0,4.8,0.3,0.2,0.0,0.1,0.0,6.1,44.0,0.0,0.2,0.0,0.0,0.0,0.3,0.0,0.2,0.1,0.1,0.1,0.5,0.0,0.0,0.0,0.0,4.4,0.5,0.0,0.0,0.0,0.0,0.3,0.0,0.0,0.0,0.0,0.0,0.4,3.6,0.0,13.4,0.0,0.0,0.1,0.1,0.2,0.1,0.0,0.1,0.1,0.0,0.0,0.0
taluk,CHIKMAGALUR,MUDIGERE,Kharif,19.9,0.0,1.3,0.0,0.0,4.9,0.5,1.0,0.0,0.0,0.0,6.2,44.4,0.0,0.2,0.0,0.0,0.0,0.3,0.0,0.1,0.1,0.2,0.1,0.5,0.0,0.0,0.0,0.0,3.3,0.3,0.0,0.0,0.0,0.0,0.1,0.0,0.0,0.0,0.0,0.0,0.2,2.5,0.0,13.2,0.0,0.0,0.1,0.1,0.2,0.0,0.0,0.1,0.1,0.0,0.0,0.0
district,CHIKMAGALUR,,Rabi,33.0,0.0,2.4,0.0,0.0,4.9,0.2,0.5,0.0,0.8,0.0,17.2,34.0,0.0,0.0,0.0,0.0,0.0,0.0,0.0,0.0,0.0,0.0,0.8,0.5,0.0,0.0,0.0,0.0,0.5,0.9,0.0,0.0,0.1,0.0,0.0,0.0,0.0,0.0,0.0,0.2,0.1,0.6,0.0,2.3,0.0,0.0,0.0,0.0,0.5,0.0,0.0,0.0,0.0,0.0,0.0,0.1
taluk,CHIKMAGALUR,SRINGERI,Rabi,52.5,0.0,4.1,0.0,0.0,4.7,0.1,1.2,0.0,0.2,0.0,7.2,24.4,0.0,0.0,0.0,0.0,0.0,0.0,0.0,0.0,0.1,0.0,0.2,0.2,0.0,0.0,0.0,0.0,0.2,0.5,0.0,0.0,0.0,0.0,0.0,0.0,0.0,0.0,0.0,0.0,0.0,0.2,0.0,3.4,0.0,0.0,0.0,0.0,0.5,0.0,0.0,0.0,0.0,0.0,0.0,0.1
taluk,CHIKMAGALUR,KOPPA,Rabi,35.7,0.0,3.1,0.0,0.0,6.4,0.1,0.5,0.0,0.4,0.0,7.8,40.9,0.0,0.0,0.0,0.0,0.0,0.0,0.0,0.0,0.0,0.0,0.4,0.2,0.0,0.0,0.0,0.0,0.2,0.5,0.0,0.0,0.1,0.0,0.0,0.0,0.0,0.0,0.0,0.0,0.1,0.2,0.0,2.6,0.0,0.0,0.0,0.0,0.3,0.0,0.0,0.0,0.0,0.0,0.0,0.1
taluk,CHIKMAGALUR,N.R. PURA,Rabi,38.6,0.0,3.1,0.0,0.0,5.4,0.1,0.4,0.0,0.7,0.0,9.9,35.2,0.0,0.0,0.0,0.0,0.0,0.0,0.0,0.0,0.0,0.0,0.5,0.4,0.0,0.0,0.0,0.0,0.3,0.9,0.0,0.0,0.2,0.0,0.1,0.0,0.0,0.0,0.0,0.0,0.2,0.3,0.0,3.1,0.0,0.0,0.0,0.0,0.3,0.0,0.0,0.0,0.0,0.0,0.0,0.2
taluk,CHIKMAGALUR,TARIKERE,Rabi,38.0,0.0,2.1,0.0,0.0,2.6,0.1,0.4,0.0,1.7,0.0,26.6,17.6,0.0,0.0,0.0,0.0,0.0,0.0,0.0,0.1,0.1,0.0,1.5,0.9,0.0,0.0,0.0,0.0,0.9,2.1,0.0,0.0,0.1,0.0,0.1,0.0,0.0,0.0,0.0,0.5,0.2,0.9,0.0,2.3,0.0,0.0,0.0,0.0,0.8,0.1,0.0,0.0,0.0,0.0,0.0,0.2
taluk,CHIKMAGALUR,KADUR,Rabi,21.0,0.0,1.1,0.0,0.0,1.6,0.1,0.3,0.0,1.6,0.0,52.1,11.7,0.0,0.0,0.0,0.0,0.0,0.0,0.0,0.1,0.0,0.0,2.6,1.1,0.0,0.0,0.0,0.0,0.6,1.2,0.0,0.0,0.1,0.0,0.0,0.0,0.0,0.0,0.0,0.6,0.1,1.7,0.0,1.0,0.0,0.0,0.1,0.0,0.7,0.0,0.0,0.0,0.0,0.0,0.0,0.1
taluk,CHIKMAGALUR,CHIKKAMAGALUR,Rabi,22.4,0.0,1.6,0.0,0.0,6.8,0.2,0.2,0.0,0.5,0.0,9.1,53.9,0.0,0.0,0.0,0.0,0.0,0.0,0.0,0.0,0.0,0.0,0.4,0.3,0.0,0.0,0.0,0.0,0.6,0.6,0.0,0.0,0.2,0.0,0.1,0.0,0.0,0.0,0.0,0.0,0.2,0.4,0.0,1.7,0.0,0.0,0.0,0.0,0.3,0.0,0.0,0.0,0.0,0.0,0.0,0.2
taluk,CHIKMAGALUR,MUDIGERE,Rabi,23.0,0.0,1.6,0.0,0.0,6.9,0.5,0.9,0.0,0.3,0.0,7.8,54.3,0.0,0.0,0.0,0.0,0.0,0.0,0.0,0.0,0.0,0.0,0.3,0.2,0.0,0.0,0.0,0.0,0.5,0.5,0.0,0.0,0.1,0.0,0.0,0.0,0.0,0.0,0.0,0.0,0.1,0.2,0.0,2.0,0.0,0.0,0.0,0.0,0.4,0.0,0.0,0.0,0.0,0.0,0.0,0.1
district,CHIKMAGALUR,,Summer,33.0,0.0,2.5,0.0,0.0,4.9,0.2,0.6,0.0,0.5,0.0,17.5,33.8,0.0,0.0,0.0,0.0,0.0,0.0,0.0,0.1,0.1,0.0,0.6,0.3,0.0,0.0,0.0,0.0,0.5,1.0,0.0,0.0,0.0,0.0,0.1,0.0,0.0,0.0,0.0,0.2,0.1,0.5,0.0,2.7,0.0,0.0,0.0,0.0,0.7,0.0,0.0,0.0,0.0,0.0,0.0,0.1
taluk,CHIKMAGALUR,SRINGERI,Summer,52.2,0.0,4.1,0.0,0.0,4.7,0.1,1.2,0.0,0.2,0.0,7.3,24.3,0.0,0.0,0.0,0.0,0.0,0.0,0.0,0.0,0.0,0.0,0.2,0.1,0.0,0.0,0.0,0.0,0.2,0.5,0.0,0.0,0.0,0.0,0.0,0.0,0.0,0.0,0.0,0.1,0.1,0.1,0.0,3.8,0.0,0.0,0.0,0.0,0.6,0.0,0.0,0.0,0.0,0.0,0.0,0.1
taluk,CHIKMAGALUR,KOPPA,Summer,35.7,0.0,3.2,0.0,0.0,6.4,0.1,0.6,0.0,0.3,0.0,7.9,40.7,0.0,0.0,0.0,0.0,0.0,0.0,0.0,0.0,0.0,0.0,0.2,0.2,0.0,0.0,0.0,0.0,0.2,0.5,0.0,0.0,0.0,0.0,0.1,0.0,0.0,0.0,0.0,0.1,0.1,0.2,0.0,2.9,0.0,0.0,0.0,0.0,0.4,0.0,0.0,0.0,0.0,0.0,0.0,0.1
taluk,CHIKMAGALUR,N.R. PURA,Summer,38.2,0.0,3.2,0.0,0.0,5.4,0.1,0.4,0.0,0.5,0.0,10.0,35.3,0.0,0.0,0.0,0.0,0.0,0.0,0.0,0.0,0.0,0.0,0.3,0.2,0.0,0.0,0.0,0.0,0.3,0.9,0.0,0.0,0.1,0.0,0.1,0.0,0.0,0.0,0.0,0.1,0.2,0.3,0.0,3.5,0.0,0.0,0.0,0.0,0.4,0.0,0.0,0.0,0.0,0.0,0.0,0.1
taluk,CHIKMAGALUR,TARIKERE,Summer,37.9,0.0,2.1,0.0,0.0,2.6,0.1,0.4,0.0,1.2,0.0,27.0,17.4,0.0,0.0,0.0,0.0,0.0,0.0,0.0,0.1,0.1,0.0,1.0,0.6,0.0,0.0,0.0,0.0,0.9,2.3,0.0,0.0,0.1,0.0,0.1,0.0,0.0,0.0,0.0,0.5,0.1,0.7,0.0,3.0,0.0,0.0,0.0,0.0,1.1,0.1,0.0,0.0,0.0,0.0,0.0,0.1
taluk,CHIKMAGALUR,KADUR,Summer,21.4,0.0,1.2,0.0,0.0,1.6,0.1,0.3,0.0,1.0,0.0,53.2,11.5,0.0,0.0,0.0,0.0,0.0,0.0,0.0,0.2,0.1,0.0,1.7,0.8,0.0,0.0,0.0,0.0,0.5,1.5,0.0,0.0,0.0,0.0,0.1,0.0,0.0,0.0,0.0,0.6,0.1,1.4,0.0,1.2,0.0,0.0,0.1,0.0,1.0,0.0,0.0,0.0,0.0,0.0,0.0,0.1
taluk,CHIKMAGALUR,CHIKKAMAGALUR,Summer,22.6,0.0,1.7,0.0,0.0,6.8,0.2,0.2,0.0,0.3,0.0,9.3,53.4,0.0,0.0,0.0,0.0,0.0,0.0,0.0,0.0,0.0,0.0,0.3,0.2,0.0,0.0,0.0,0.0,0.6,0.7,0.0,0.0,0.1,0.0,0.1,0.0,0.0,0.0,0.0,0.1,0.1,0.4,0.0,2.0,0.0,0.0,0.0,0.0,0.5,0.0,0.0,0.0,0.0,0.0,0.0,0.1
taluk,CHIKMAGALUR,MUDIGERE,Summer,23.3,0.0,1.7,0.0,0.0,6.9,0.5,1.0,0.0,0.2,0.0,8.0,53.7,0.0,0.0,0.0,0.0,0.0,0.0,0.0,0.0,0.1,0.0,0.2,0.2,0.0,0.0,0.0,0.0,0.4,0.6,0.0,0.0,0.0,0.0,0.0,0.0,0.0,0.0,0.0,0.1,0.1,0.2,0.0,2.1,0.0,0.0,0.0,0.0,0.5,0.0,0.0,0.0,0.0,0.0,0.0,0.1
district,CHITRADURGA,,Kharif,8.7,1.2,0.3,0.0,0.0,0.0,0.0,0.0,0.0,0.8,0.1,11.1,0.1,0.0,3.4,0.0,0.0,0.0,0.0,0.0,0.7,24.4,0.1,0.9,2.5,0.0,0.0,0.0,0.0,23.0,0.9,0.0,0.0,0.0,0.0,2.6,0.0,0.0,2.0,0.0,1.4,0.2,10.0,0.0,4.0,0.0,0.0,0.1,0.1,0.4,0.6,0.0,0.0,0.0,0.3,0.0,0.0
taluk,CHITRADURGA,MOLKALMUR,Kharif,2.6,3.8,0.3,0.0,0.0,0.0,0.0,0.0,0.1,1.2,0.5,3.3,0.0,0.0,6.6,0.0,0.0,0.0,0.0,0.0,0.7,39.0,0.1,0.5,5.9,0.0,0.0,0.0,0.0,17.3,0.9,0.0,0.0,0.0,0.0,1.5,0.0,0.0,2.1,0.0,0.8,0.1,5.7,0.0,5.6,0.0,0.0,0.0,0.0,0.5,0.6,0.0,0.0,0.0,0.2,0.0,0.0
taluk,CHITRADURGA,CHALLAKERE,Kharif,4.8,1.2,0.2,0.0,0.0,0.0,0.0,0.0,0.0,1.0,0.1,5.9,0.0,0.0,3.0,0.0,0.0,0.0,0.0,0.0,0.4,45.2,0.0,1.5,2.6,0.0,0.0,0.0,0.0,11.3,1.3,0.0,0.0,0.0,0.0,3.7,0.0,0.0,3.9,0.0,1.8,0.1,7.2,0.0,2.9,0.0,0.0,0.0,0.0,0.2,0.9,0.0,0.0,0.0,0.7,0.0,0.0
taluk,CHITRADURGA,CHITRADURGA,Kharif,11.5,0.8,0.2,0.0,0.0,0.0,0.0,0.0,0.0,1.0,0.1,7.8,0.1,0.0,3.2,0.0,0.0,0.0,0.0,0.0,0.5,12.5,0.1,0.4,1.7,0.0,0.0,0.0,0.0,39.0,0.6,0.0,0.0,0.0,0.0,3.1,0.0,0.0,0.8,0.0,0.8,0.2,8.5,0.0,5.9,0.0,0.0,0.0,0.1,0.3,0.4,0.0,0.0,0.0,0.1,0.0,0.0
taluk,CHITRADURGA,HOLALKERE,Kharif,14.9,0.4,0.4,0.0,0.0,0.0,0.0,0.0,0.0,0.6,0.1,13.6,0.1,0.0,2.4,0.0,0.0,0.0,0.0,0.0,0.8,10.0,0.1,0.5,1.3,0.0,0.0,0.0,0.0,33.8,0.8,0.0,0.0,0.0,0.0,2.3,0.0,0.0,1.0,0.0,1.3,0.1,11.3,0.0,3.1,0.0,0.0,0.0,0.1,0.3,0.5,0.0,0.0,0.0,0.1,0.0,0.0
taluk,CHITRADURGA,HOSADURGA,Kharif,10.6,0.4,0.2,0.0,0.1,0.0,0.0,0.0,0.0,0.4,0.1,23.9,0.2,0.0,2.5,0.1,0.0,0.0,0.0,0.0,1.6,9.1,0.2,0.8,1.4,0.0,0.0,0.0,0.0,20.6,0.9,0.0,0.0,0.0,0.0,1.6,0.0,0.0,1.0,0.0,1.9,0.3,16.9,0.0,3.5,0.0,0.0,0.3,0.1,0.4,0.4,0.0,0.0,0.1,0.1,0.0,0.0
taluk,CHITRADURGA,HIRIYUR,Kharif,8.8,0.5,0.3,0.0,0.0,0.0,0.0,0.0,0.0,0.7,0.1,13.7,0.1,0.0,2.4,0.0,0.0,0.0,0.0,0.0,0.5,28.2,0.1,1.6,1.8,0.0,0.0,0.0,0.0,15.2,1.2,0.0,0.0,0.0,0.0,3.1,0.0,0.0,3.2,0.0,2.2,0.2,11.5,0.0,2.6,0.0,0.0,0.0,0.0,0.3,1.0,0.0,0.0,0.0,0.4,0.0,0.0
district,CHITRADURGA,,Rabi,24.6,0.1,2.4,0.0,0.0,0.0,0.0,0.0,0.0,11.6,0.0,24.4,0.1,0.0,0.7,0.1,0.0,0.0,0.0,0.0,0.1,4.2,0.0,1.2,10.6,0.0,0.0,0.0,0.0,2.9,3.2,0.0,0.0,0.0,0.0,0.7,0.0,0.0,0.1,0.0,4.7,0.0,0.8,0.0,2.6,0.0,0.1,0.0,0.0,1.5,2.1,0.0,0.0,0.0,0.7,0.0,0.3
taluk,CHITRADURGA,MOLKALMUR,Rabi,7.7,0.3,2.9,0.0,0.1,0.0,0.0,0.0,0.0,15.8,0.0,8.4,0.0,0.0,2.3,0.1,0.0,0.0,0.0,0.0,0.0,8.6,0.0,0.6,28.9,0.0,0.0,0.0,0.0,3.3,3.0,0.0,0.0,0.0,0.0,0.6,0.0,0.0,0.1,0.0,4.2,0.0,0.5,0.0,4.2,0.0,0.1,0.0,0.0,3.0,4.1,0.0,0.1,0.0,0.6,0.0,0.4
taluk,CHITRADURGA,CHALLAKERE,Rabi,16.6,0.1,1.9,0.0,0.0,0.0,0.0,0.0,0.0,13.2,0.0,16.4,0.0,0.0,0.7,0.2,0.0,0.0,0.0,0.0,0.1,7.8,0.0,1.5,13.0,0.0,0.0,0.0,0.0,1.9,4.5,0.0,0.0,0.0,0.0,1.5,0.0,0.0,0.2,0.0,7.7,0.1,0.6,0.0,3.9,0.0,0.1,0.0,0.0,1.6,3.7,0.0,0.1,0.0,1.9,0.0,0.4
taluk,CHITRADURGA,CHITRADURGA,Rabi,37.5,0.0,2.2,0.1,0.0,0.0,0.0,0.0,0.0,14.8,0.0,17.2,0.1,0.0,0.3,0.0,0.0,0.0,0.0,0.0,0.1,2.7,0.0,0.7,5.9,0.0,0.0,0.0,0.0,4.7,2.2,0.0,0.0,0.0,0.0,0.8,0.0,0.0,0.0,0.0,2.3,0.0,1.2,0.0,2.9,0.0,0.0,0.0,0.0,1.9,1.5,0.0,0.0,0.0,0.3,0.0,0.2
taluk,CHITRADURGA,HOLALKERE,Rabi,39.5,0.0,3.2,0.0,0.0,0.0,0.0,0.0,0.0,9.3,0.0,27.3,0.1,0.0,0.2,0.0,0.0,0.0,0.0,0.0,0.1,1.3,0.0,0.9,3.8,0.0,0.0,0.0,0.0,3.9,3.4,0.0,0.0,0.0,0.0,0.3,0.0,0.0,0.0,0.0,2.6,0.0,0.6,0.0,1.3,0.0,0.0,0.0,0.0,0.6,0.8,0.0,0.0,0.0,0.3,0.0,0.2
taluk,CHITRADURGA,HOSADURGA,Rabi,22.9,0.0,1.6,0.0,0.0,0.0,0.0,0.1,0.0,5.9,0.0,48.4,0.3,0.0,0.3,0.0,0.0,0.0,0.0,0.0,0.2,1.2,0.0,1.8,3.6,0.0,0.0,0.0,0.0,1.8,2.2,0.0,0.0,0.0,0.0,0.2,0.0,0.0,0.0,0.0,4.7,0.0,1.3,0.0,1.0,0.0,0.0,0.0,0.0,0.9,0.7,0.0,0.0,0.0,0.2,0.0,0.2
taluk,CHITRADURGA,HIRIYUR,Rabi,24.6,0.0,2.4,0.0,0.0,0.0,0.0,0.0,0.0,9.5,0.0,32.5,0.1,0.0,0.3,0.0,0.0,0.0,0.0,0.0,0.0,3.1,0.0,1.6,6.0,0.0,0.0,0.0,0.0,1.6,4.3,0.0,0.0,0.0,0.0,0.7,0.0,0.0,0.1,0.0,6.6,0.1,0.7,0.0,1.9,0.0,0.1,0.0,0.0,0.7,1.7,0.0,0.0,0.0,1.1,0.0,0.1
district,CHITRADURGA,,Summer,27.1,0.0,3.4,0.0,0.1,0.0,0.0,0.1,0.0,3.6,0.0,26.5,0.1,0.0,0.2,0.3,0.0,0.0,0.0,0.0,0.1,7.5,0.0,0.6,3.0,0.0,0.0,0.0,0.0,2.6,4.9,0.0,0.0,0.0,0.0,0.5,0.0,0.0,0.1,0.0,6.2,0.0,0.8,0.0,8.8,0.0,0.1,0.1,0.0,1.9,1.1,0.0,0.0,0.0,0.2,0.0,0.0
taluk,CHITRADURGA,MOLKALMUR,Summer,9.6,0.1,5.1,0.0,0.2,0.1,0.0,0.0,0.0,2.1,0.0,10.6,0.0,0.0,0.3,1.0,0.0,0.0,0.0,0.0,0.1,18.0,0.0,0.2,6.4,0.0,0.0,0.0,0.0,3.0,6.9,0.0,0.0,0.0,0.0,0.6,0.0,0.0,0.0,0.0,7.6,0.0,0.6,0.0,20.6,0.0,0.1,0.1,0.0,4.4,1.9,0.0,0.1,0.0,0.2,0.0,0.0
taluk,CHITRADURGA,CHALLAKERE,Summer,19.9,0.0,3.3,0.0,0.1,0.0,0.0,0.0,0.0,3.5,0.0,19.6,0.1,0.0,0.2,0.4,0.0,0.0,0.0,0.1,0.0,11.7,0.0,0.6,4.0,0.0,0.0,0.0,0.0,1.7,7.1,0.0,0.0,0.0,0.0,0.9,0.0,0.0,0.1,0.0,10.3,0.0,0.6,0.0,10.9,0.0,0.2,0.0,0.0,2.1,1.6,0.0,0.1,0.0,0.6,0.0,0.0
taluk,CHITRADURGA,CHITRADURGA,Summer,41.3,0.0,2.7,0.0,0.0,0.0,0.0,0.1,0.0,5.0,0.0,18.4,0.1,0.0,0.1,0.1,0.0,0.0,0.0,0.0,0.1,5.3,0.0,0.3,1.9,0.0,0.0,0.0,0.0,4.2,3.1,0.0,0.0,0.0,0.0,0.8,0.0,0.0,0.0,0.0,2.9,0.0,1.1,0.0,8.9,0.0,0.0,0.1,0.0,2.0,1.1,0.0,0.0,0.0,0.1,0.0,0.1
taluk,CHITRADURGA,HOLALKERE,Summer,42.2,0.0,4.0,0.0,0.0,0.0,0.0,0.0,0.0,4.3,0.0,28.8,0.0,0.0,0.1,0.1,0.0,0.0,0.0,0.0,0.1,2.3,0.0,0.4,1.3,0.0,0.0,0.0,0.0,3.3,4.0,0.0,0.0,0.0,0.0,0.3,0.0,0.0,0.0,0.0,3.0,0.0,0.6,0.0,3.5,0.0,0.0,0.1,0.0,0.8,0.4,0.0,0.0,0.0,0.1,0.0,0.0
taluk,CHITRADURGA,HOSADURGA,Summer,24.0,0.0,2.0,0.0,0.0,0.1,0.0,0.1,0.0,2.7,0.0,50.0,0.4,0.0,0.2,0.1,0.0,0.0,0.0,0.0,0.2,2.2,0.0,1.1,1.3,0.0,0.0,0.0,0.0,1.5,2.7,0.0,0.0,0.0,0.0,0.2,0.0,0.0,0.0,0.0,5.1,0.0,1.2,0.0,2.9,0.0,0.1,0.1,0.0,1.0,0.4,0.0,0.0,0.0,0.1,0.0,0.1
taluk,CHITRADURGA,HIRIYUR,Summer,26.9,0.0,3.1,0.0,0.0,0.0,0.0,0.0,0.0,4.0,0.0,35.5,0.1,0.0,0.1,0.1,0.0,0.0,0.0,0.0,0.0,4.1,0.0,0.8,2.3,0.0,0.0,0.0,0.0,1.4,5.8,0.0,0.0,0.0,0.0,0.4,0.0,0.0,0.1,0.0,7.9,0.0,0.6,0.0,4.3,0.0,0.1,0.0,0.0,0.8,0.9,0.0,0.0,0.0,0.3,0.0,0.0
district,DAKSHIN KANNAD,,Kharif,45.4,0.0,2.6,0.0,0.0,1.0,0.1,10.4,0.0,0.0,0.0,24.1,4.3,0.0,0.1,0.0,0.0,0.0,0.0,0.0,0.0,0.0,0.0,0.0,0.0,0.1,0.0,0.0,0.0,0.3,0.3,0.0,0.0,0.0,0.0,0.0,0.0,0.0,0.0,0.0,0.0,0.0,0.1,0.0,10.7,0.0,0.0,0.0,0.0,0.1,0.0,0.0,0.1,0.0,0.0,0.0,0.0
taluk,DAKSHIN KANNAD,MANGALORE,Kharif,35.7,0.0,1.4,0.0,0.1,0.7,0.0,8.9,0.0,0.0,0.0,28.2,1.5,0.0,0.1,0.0,0.0,0.0,0.0,0.0,0.1,0.1,0.1,0.0,0.0,0.1,0.0,0.0,0.0,0.2,0.3,0.0,0.0,0.0,0.0,0.0,0.0,0.0,0.0,0.0,0.0,0.0,0.0,0.0,22.2,0.0,0.0,0.0,0.0,0.1,0.0,0.0,0.0,0.0,0.0,0.0,0.0
taluk,DAKSHIN KANNAD,BANTWAL,Kharif,46.3,0.0,2.7,0.0,0.0,0.9,0.0,11.2,0.0,0.0,0.0,25.3,2.2,0.0,0.1,0.0,0.0,0.0,0.0,0.0,0.0,0.0,0.0,0.0,0.0,0.1,0.0,0.0,0.0,0.2,0.2,0.0,0.0,0.0,0.0,0.0,0.0,0.0,0.0,0.0,0.0,0.0,0.0,0.0,10.4,0.0,0.0,0.0,0.0,0.0,0.0,0.0,0.0,0.0,0.0,0.0,0.0
taluk,DAKSHIN KANNAD,BELTANGADY,Kharif,49.4,0.0,2.5,0.0,0.0,0.9,0.1,9.9,0.0,0.0,0.0,20.4,4.8,0.0,0.1,0.0,0.0,0.0,0.1,0.0,0.0,0.0,0.0,0.0,0.0,0.1,0.0,0.0,0.0,0.4,0.2,0.0,0.0,0.0,0.0,0.0,0.0,0.0,0.0,0.0,0.0,0.0,0.1,0.0,10.5,0.0,0.0,0.0,0.0,0.0,0.0,0.0,0.1,0.0,0.0,0.0,0.0
taluk,DAKSHIN KANNAD,PUTTUR,Kharif,48.1,0.0,2.7,0.0,0.0,1.1,0.1,10.8,0.0,0.0,0.0,22.3,5.6,0.0,0.1,0.0,0.0,0.0,0.1,0.0,0.0,0.0,0.0,0.0,0.1,0.1,0.0,0.0,0.0,0.4,0.2,0.0,0.0,0.0,0.0,0.0,0.0,0.0,0.0,0.0,0.0,0.0,0.1,0.0,7.9,0.0,0.0,0.0,0.0,0.0,0.0,0.0,0.1,0.0,0.0,0.0,0.0
taluk,DAKSHIN KANNAD,SULYA,Kharif,46.2,0.0,3.2,0.0,0.0,1.3,0.1,11.1,0.0,0.0,0.0,25.3,5.7,0.0,0.1,0.0,0.0,0.0,0.0,0.0,0.0,0.0,0.0,0.0,0.0,0.1,0.0,0.0,0.0,0.3,0.3,0.0,0.0,0.0,0.0,0.0,0.0,0.0,0.0,0.0,0.0,0.0,0.1,0.0,5.8,0.0,0.0,0.0,0.0,0.0,0.0,0.0,0.1,0.0,0.0,0.0,0.0
district,DAKSHIN KANNAD,,Rabi,51.3,0.0,3.0,0.0,0.2,1.0,0.0,11.7,0.0,0.0,0.0,25.5,3.8,0.0,0.0,0.0,0.0,0.0,0.0,0.0,0.0,0.1,0.0,0.0,0.0,0.0,0.0,0.0,0.0,0.0,0.3,0.0,0.0,0.1,0.0,0.0,0.0,0.0,0.0,0.0,0.0,0.0,0.0,0.0,2.6,0.0,0.0,0.0,0.0,0.1,0.0,0.0,0.0,0.0,0.0,0.0,0.0
taluk,DAKSHIN KANNAD,MANGALORE,Rabi,43.2,0.0,1.7,0.0,0.8,0.5,0.0,11.4,0.0,0.0,0.0,35.0,1.1,0.0,0.0,0.0,0.0,0.0,0.0,0.0,0.0,0.4,0.0,0.0,0.0,0.0,0.0,0.0,0.0,0.0,0.4,0.0,0.0,0.1,0.0,0.0,0.0,0.0,0.0,0.0,0.0,0.0,0.0,0.0,4.9,0.0,0.0,0.0,0.0,0.2,0.0,0.0,0.0,0.0,0.0,0.0,0.0
taluk,DAKSHIN KANNAD,BANTWAL,Rabi,52.5,0.0,3.1,0.0,0.2,0.7,0.0,12.6,0.0,0.0,0.0,26.0,1.5,0.0,0.0,0.0,0.0,0.0,0.0,0.0,0.0,0.1,0.0,0.0,0.0,0.0,0.0,0.0,0.0,0.0,0.2,0.0,0.0,0.0,0.0,0.0,0.0,0.0,0.0,0.0,0.0,0.0,0.0,0.0,2.9,0.0,0.0,0.0,0.0,0.1,0.0,0.0,0.0,0.0,0.0,0.0,0.0
taluk,DAKSHIN KANNAD,BELTANGADY,Rabi,56.5,0.0,2.8,0.0,0.1,0.9,0.0,11.1,0.0,0.0,0.0,21.0,4.3,0.0,0.0,0.0,0.0,0.0,0.0,0.0,0.0,0.1,0.0,0.0,0.0,0.0,0.0,0.0,0.0,0.0,0.3,0.0,0.0,0.0,0.0,0.0,0.0,0.0,0.0,0.0,0.0,0.0,0.0,0.0,2.6,0.0,0.0,0.0,0.0,0.1,0.0,0.0,0.0,0.0,0.0,0.0,0.0
taluk,DAKSHIN KANNAD,PUTTUR,Rabi,54.2,0.0,3.1,0.0,0.1,1.1,0.1,11.8,0.0,0.0,0.0,22.4,4.8,0.0,0.0,0.0,0.0,0.0,0.0,0.0,0.0,0.1,0.0,0.0,0.0,0.0,0.0,0.0,0.0,0.0,0.2,0.0,0.0,0.0,0.0,0.0,0.0,0.0,0.0,0.0,0.0,0.0,0.0,0.0,1.9,0.0,0.0,0.0,0.0,0.1,0.0,0.0,0.0,0.0,0.0,0.0,0.0
taluk,DAKSHIN KANNAD,SULYA,Rabi,49.8,0.0,3.7,0.0,0.1,1.2,0.0,12.3,0.0,0.0,0.0,25.3,5.5,0.0,0.0,0.0,0.0,0.0,0.0,0.0,0.0,0.1,0.0,0.0,0.0,0.0,0.0,0.0,0.0,0.0,0.2,0.0,0.0,0.1,0.0,0.0,0.0,0.0,0.0,0.0,0.0,0.0,0.0,0.0,1.3,0.0,0.0,0.0,0.0,0.1,0.0,0.0,0.1,0.0,0.0,0.0,0.0
district,DAKSHIN KANNAD,,Summer,51.4,0.0,3.0,0.0,0.1,1.0,0.0,11.8,0.0,0.0,0.0,25.7,3.9,0.0,0.0,0.0,0.0,0.0,0.0,0.0,0.0,0.1,0.0,0.0,0.0,0.0,0.0,0.0,0.0,0.0,0.3,0.0,0.0,0.0,0.0,0.0,0.0,0.0,0.0,0.0,0.0,0.0,0.0,0.0,2.3,0.0,0.0,0.0,0.0,0.1,0.0,0.0,0.0,0.0,0.0,0.0,0.0
taluk,DAKSHIN KANNAD,MANGALORE,Summer,43.8,0.0,1.8,0.0,0.6,0.5,0.0,11.7,0.0,0.0,0.0,35.6,1.1,0.0,0.0,0.0,0.0,0.0,0.0,0.0,0.0,0.3,0.0,0.0,0.0,0.0,0.0,0.0,0.0,0.0,0.4,0.0,0.0,0.0,0.0,0.0,0.0,0.0,0.0,0.0,0.0,0.0,0.0,0.0,3.9,0.0,0.0,0.0,0.0,0.2,0.0,0.0,0.0,0.0,0.0,0.0,0.0
taluk,DAKSHIN KANNAD,BANTWAL,Summer,52.8,0.0,3.1,0.0,0.1,0.7,0.0,12.6,0.0,0.0,0.0,26.3,1.4,0.0,0.0,0.0,0.0,0.0,0.0,0.0,0.0,0.1,0.0,0.0,0.0,0.0,0.0,0.0,0.0,0.0,0.2,0.0,0.0,0.0,0.0,0.0,0.0,0.0,0.0,0.0,0.0,0.0,0.0,0.0,2.5,0.0,0.0,0.0,0.0,0.1,0.0,0.0,0.0,0.0,0.0,0.0,0.0
taluk,DAKSHIN KANNAD,BELTANGADY,Summer,56.5,0.0,2.9,0.0,0.1,0.9,0.0,11.0,0.0,0.0,0.0,21.1,4.5,0.0,0.0,0.0,0.0,0.0,0.0,0.0,0.0,0.1,0.0,0.0,0.0,0.0,0.0,0.0,0.0,0.0,0.3,0.0,0.0,0.0,0.0,0.0,0.0,0.0,0.0,0.0,0.0,0.0,0.0,0.0,2.3,0.0,0.0,0.0,0.0,0.1,0.0,0.0,0.0,0.0,0.0,0.0,0.0
taluk,DAKSHIN KANNAD,PUTTUR,Summer,54.1,0.0,3.1,0.0,0.1,1.1,0.1,11.7,0.0,0.0,0.0,22.5,5.0,0.0,0.0,0.0,0.0,0.0,0.0,0.0,0.0,0.0,0.0,0.0,0.0,0.0,0.0,0.0,0.0,0.0,0.2,0.0,0.0,0.0,0.0,0.0,0.0,0.0,0.0,0.0,0.0,0.0,0.0,0.0,1.7,0.0,0.0,0.0,0.0,0.1,0.0,0.0,0.0,0.0,0.0,0.0,0.0
taluk,DAKSHIN KANNAD,SULYA,Summer,49.9,0.0,3.7,0.0,0.0,1.2,0.0,12.3,0.0,0.0,0.0,25.3,5.5,0.0,0.0,0.0,0.0,0.0,0.0,0.0,0.0,0.0,0.0,0.0,0.0,0.0,0.0,0.0,0.0,0.0,0.2,0.0,0.0,0.0,0.0,0.0,0.0,0.0,0.0,0.0,0.0,0.0,0.0,0.0,1.3,0.0,0.0,0.0,0.0,0.1,0.0,0.0,0.1,0.0,0.0,0.0,0.0
district,DAVANGERE,,Kharif,12.5,0.7,0.3,0.0,0.0,0.0,0.0,0.0,0.0,0.3,0.1,3.3,0.1,0.0,4.7,0.0,0.0,0.0,0.0,0.0,0.2,5.6,0.0,0.1,1.3,0.0,0.0,0.0,0.0,42.5,0.4,0.0,0.0,0.0,0.0,1.7,0.0,0.0,0.1,0.0,0.2,0.1,3.6,0.0,20.3,0.0,0.0,0.0,0.4,0.9,0.3,0.0,0.0,0.0,0.0,0.0,0.0
taluk,DAVANGERE,HARIHARA,Kharif,9.3,0.3,0.2,0.0,0.0,0.0,0.0,0.0,0.0,0.1,0.0,3.9,0.0,0.0,4.1,0.0,0.0,0.0,0.0,0.0,0.2,2.0,0.0,0.0,0.8,0.0,0.0,0.0,0.0,35.8,0.4,0.0,0.0,0.0,0.0,0.9,0.0,0.0,0.1,0.0,0.1,0.0,1.3,0.0,38.7,0.0,0.0,0.0,0.5,0.9,0.2,0.0,0.0,0.0,0.0,0.0,0.0
taluk,DAVANGERE,HARAPANAHALLI,Kharif,6.2,1.3,0.2,0.1,0.0,0.0,0.0,0.0,0.0,0.4,0.1,1.9,0.0,0.0,6.3,0.0,0.0,0.0,0.0,0.0,0.3,8.3,0.0,0.1,2.3,0.0,0.0,0.0,0.0,49.5,0.2,0.0,0.0,0.0,0.0,2.5,0.0,0.0,0.1,0.0,0.3,0.0,4.6,0.0,13.1,0.0,0.0,0.0,0.2,0.9,0.7,0.0,0.0,0.0,0.0,0.0,0.0
taluk,DAVANGERE,JAGALUR,Kharif,6.1,1.1,0.1,0.0,0.0,0.0,0.0,0.0,0.0,0.8,0.0,1.6,0.0,0.0,4.5,0.0,0.0,0.0,0.0,0.0,0.1,12.6,0.0,0.0,2.1,0.0,0.0,0.0,0.0,50.5,0.2,0.0,0.0,0.0,0.0,3.4,0.0,0.0,0.1,0.0,0.3,0.0,6.8,0.0,8.6,0.0,0.0,0.0,0.1,0.4,0.4,0.0,0.0,0.0,0.0,0.0,0.0
taluk,DAVANGERE,DAVANAGERE,Kharif,10.6,0.7,0.3,0.0,0.0,0.0,0.0,0.0,0.0,0.4,0.0,2.9,0.0,0.0,4.8,0.0,0.0,0.0,0.0,0.0,0.2,6.2,0.0,0.1,1.4,0.0,0.0,0.0,0.0,43.7,0.4,0.0,0.0,0.0,0.0,1.9,0.0,0.0,0.2,0.0,0.2,0.1,3.4,0.0,20.8,0.0,0.0,0.0,0.3,0.8,0.3,0.0,0.0,0.0,0.0,0.0,0.0
taluk,DAVANGERE,HONNALI,Kharif,17.8,0.2,0.4,0.0,0.0,0.0,0.0,0.0,0.0,0.1,0.1,2.6,0.2,0.0,5.9,0.0,0.0,0.0,0.1,0.0,0.2,2.1,0.0,0.1,0.7,0.0,0.0,0.0,0.0,44.2,0.6,0.0,0.0,0.0,0.0,0.7,0.0,0.0,0.1,0.0,0.1,0.1,1.4,0.0,20.4,0.0,0.0,0.0,0.6,0.9,0.2,0.0,0.0,0.1,0.0,0.0,0.0
taluk,DAVANGERE,CHANNAGIRI,Kharif,24.0,0.3,0.4,0.0,0.0,0.0,0.0,0.1,0.0,0.2,0.0,7.0,0.2,0.0,2.8,0.0,0.0,0.0,0.1,0.0,0.4,2.9,0.1,0.1,0.7,0.0,0.0,0.0,0.0,32.1,0.7,0.0,0.0,0.0,0.0,1.0,0.0,0.0,0.2,0.0,0.4,0.2,4.3,0.0,19.6,0.0,0.0,0.0,0.4,1.2,0.2,0.0,0.0,0.1,0.0,0.0,0.0
district,DAVANGERE,,Rabi,40.7,0.0,2.4,0.6,0.0,0.0,0.0,0.1,0.0,7.7,0.0,10.4,0.0,0.0,0.2,0.1,0.0,0.0,0.0,0.0,0.2,2.8,0.0,1.4,9.1,0.0,0.0,0.0,0.0,4.7,1.8,0.0,0.0,0.0,0.0,1.0,0.0,0.0,0.0,0.0,1.2,0.0,1.4,0.0,5.7,0.0,0.0,0.0,0.0,5.1,2.4,0.0,0.0,0.0,0.3,0.0,0.4
taluk,DAVANGERE,HARIHARA,Rabi,39.0,0.0,3.1,0.7,0.0,0.0,0.0,0.0,0.0,2.7,0.0,15.8,0.0,0.0,0.1,0.1,0.0,0.0,0.0,0.0,0.3,0.8,0.0,1.8,9.3,0.0,0.0,0.0,0.0,3.5,1.4,0.0,0.0,0.1,0.0,0.4,0.0,0.0,0.0,0.0,0.3,0.0,0.7,0.0,9.5,0.0,0.0,0.0,0.0,7.5,1.9,0.0,0.0,0.0,0.4,0.0,0.5
taluk,DAVANGERE,HARAPANAHALLI,Rabi,25.8,0.0,1.8,1.1,0.0,0.0,0.0,0.0,0.0,11.3,0.0,7.3,0.0,0.0,0.4,0.2,0.0,0.0,0.0,0.0,0.1,4.3,0.0,1.3,14.9,0.0,0.0,0.0,0.0,6.4,1.1,0.0,0.0,0.0,0.0,1.6,0.0,0.0,0.0,0.0,1.9,0.0,2.5,0.0,4.9,0.0,0.0,0.0,0.0,7.3,4.2,0.0,0.1,0.0,0.3,0.0,0.8
taluk,DAVANGERE,JAGALUR,Rabi,28.4,0.0,1.3,0.6,0.0,0.0,0.0,0.0,0.0,17.6,0.0,6.5,0.0,0.0,0.2,0.0,0.0,0.0,0.0,0.0,0.1,7.7,0.0,0.4,10.0,0.0,0.0,0.0,0.0,6.1,0.9,0.0,0.0,0.0,0.0,2.5,0.0,0.0,0.0,0.0,2.6,0.0,3.3,0.0,3.4,0.0,0.0,0.0,0.0,4.0,3.7,0.0,0.0,0.0,0.2,0.0,0.2
taluk,DAVANGERE,DAVANAGERE,Rabi,40.4,0.0,2.4,0.5,0.0,0.0,0.0,0.1,0.0,9.1,0.0,10.1,0.0,0.0,0.2,0.1,0.0,0.0,0.0,0.0,0.2,2.3,0.0,1.4,8.6,0.0,0.0,0.0,0.0,4.8,1.7,0.0,0.0,0.1,0.0,0.9,0.0,0.0,0.0,0.0,1.0,0.0,1.3,0.0,6.3,0.0,0.0,0.0,0.0,5.4,2.2,0.0,0.0,0.0,0.4,0.0,0.4
taluk,DAVANGERE,HONNALI,Rabi,52.8,0.0,3.4,0.3,0.0,0.1,0.0,0.0,0.0,2.4,0.0,8.2,0.1,0.0,0.1,0.1,0.0,0.0,0.0,0.0,0.3,0.7,0.0,2.6,8.6,0.0,0.0,0.0,0.0,4.4,2.6,0.0,0.0,0.0,0.0,0.3,0.0,0.0,0.0,0.0,0.3,0.0,0.5,0.0,5.4,0.0,0.0,0.0,0.0,3.9,1.8,0.0,0.0,0.0,0.6,0.0,0.3
taluk,DAVANGERE,CHANNAGIRI,Rabi,56.4,0.0,2.4,0.2,0.0,0.1,0.0,0.1,0.0,3.5,0.0,14.4,0.1,0.0,0.1,0.0,0.0,0.0,0.0,0.0,0.2,0.8,0.0,1.1,3.8,0.0,0.0,0.0,0.0,3.0,2.8,0.0,0.0,0.0,0.0,0.3,0.0,0.0,0.0,0.0,0.9,0.0,0.5,0.0,4.8,0.0,0.0,0.0,0.0,3.1,1.0,0.0,0.0,0.0,0.2,0.0,0.2
district,DAVANGERE,,Summer,37.7,0.0,2.5,0.1,0.0,0.2,0.0,0.1,0.0,1.9,0.0,8.8,0.1,0.0,0.1,0.2,0.0,0.0,0.0,0.0,0.1,5.2,0.0,0.2,3.2,0.0,0.0,0.0,0.0,5.0,2.6,0.0,0.0,0.0,0.0,0.9,0.0,0.0,0.0,0.0,1.3,0.0,1.3,0.0,19.3,0.0,0.0,0.0,0.0,6.5,2.3,0.0,0.1,0.0,0.0,0.0,0.1
taluk,DAVANGERE,HARIHARA,Summer,27.4,0.0,2.2,0.1,0.1,0.3,0.0,0.0,0.0,0.6,0.0,10.1,0.1,0.0,0.1,0.1,0.0,0.0,0.0,0.0,0.1,1.7,0.0,0.2,2.7,0.0,0.0,0.0,0.0,4.2,2.1,0.0,0.0,0.0,0.0,0.2,0.0,0.0,0.0,0.0,0.4,0.0,0.5,0.0,35.8,0.0,0.0,0.0,0.0,9.0,1.7,0.0,0.0,0.0,0.0,0.0,0.1
taluk,DAVANGERE,HARAPANAHALLI,Summer,25.9,0.0,2.5,0.3,0.1,0.2,0.0,0.0,0.0,2.6,0.1,6.9,0.0,0.0,0.1,0.4,0.0,0.0,0.0,0.0,0.0,8.3,0.0,0.2,5.4,0.0,0.0,0.0,0.0,6.4,2.4,0.0,0.0,0.0,0.0,1.3,0.0,0.0,0.0,0.0,2.2,0.0,2.1,0.0,18.2,0.0,0.0,0.0,0.0,9.8,3.7,0.0,0.2,0.0,0.1,0.0,0.2
taluk,DAVANGERE,JAGALUR,Summer,31.4,0.0,2.1,0.2,0.0,0.1,0.0,0.0,0.0,4.4,0.0,6.6,0.0,0.0,0.1,0.1,0.0,0.0,0.0,0.0,0.0,13.7,0.0,0.1,4.0,0.0,0.0,0.0,0.0,5.3,2.2,0.0,0.0,0.0,0.0,2.4,0.0,0.0,0.0,0.0,2.8,0.0,3.1,0.0,13.2,0.0,0.0,0.0,0.0,4.3,3.7,0.0,0.0,0.0,0.0,0.0,0.0
taluk,DAVANGERE,DAVANAGERE,Summer,36.8,0.0,2.3,0.1,0.0,0.2,0.0,0.1,0.0,2.1,0.0,8.3,0.1,0.0,0.1,0.1,0.0,0.0,0.0,0.0,0.1,4.9,0.0,0.2,3.0,0.0,0.0,0.0,0.0,5.1,2.6,0.0,0.0,0.0,0.0,0.8,0.0,0.0,0.0,0.0,1.3,0.0,1.1,0.0,21.1,0.0,0.0,0.0,0.0,6.8,2.1,0.0,0.1,0.0,0.1,0.0,0.1
taluk,DAVANGERE,HONNALI,Summer,49.9,0.0,3.5,0.1,0.0,0.4,0.0,0.1,0.0,0.6,0.0,7.2,0.1,0.0,0.1,0.1,0.0,0.0,0.0,0.0,0.1,1.5,0.0,0.5,2.8,0.0,0.0,0.0,0.0,5.8,3.2,0.0,0.0,0.0,0.0,0.2,0.0,0.0,0.0,0.0,0.4,0.0,0.4,0.0,15.4,0.0,0.0,0.0,0.0,5.7,1.6,0.0,0.0,0.0,0.1,0.0,0.1
taluk,DAVANGERE,CHANNAGIRI,Summer,53.5,0.0,2.4,0.0,0.0,0.2,0.1,0.1,0.0,1.3,0.0,13.6,0.1,0.0,0.1,0.1,0.0,0.0,0.0,0.0,0.2,1.5,0.0,0.3,1.4,0.0,0.0,0.0,0.0,3.3,3.1,0.0,0.0,0.0,0.0,0.3,0.0,0.0,0.0,0.0,0.9,0.0,0.5,0.0,12.2,0.0,0.0,0.0,0.0,3.6,0.9,0.0,0.0,0.0,0.0,0.0,0.1
district,DHARWAD,,Kharif,1.0,0.5,0.2,0.0,0.6,0.0,0.0,0.0,0.0,1.5,6.0,0.6,0.0,0.0,15.4,0.0,0.0,0.0,0.0,0.0,11.9,9.8,0.0,0.1,2.0,0.0,0.0,0.0,0.0,17.7,2.3,0.0,0.0,0.0,0.0,4.7,0.0,0.0,0.4,0.0,0.0,0.0,0.3,0.0,10.4,0.0,0.0,0.0,7.7,5.1,0.8,0.0,0.0,0.1,0.0,0.0,0.6
taluk,DHARWAD,DHARWAD,Kharif,0.8,0.5,0.1,0.0,1.1,0.0,0.0,0.0,0.0,1.6,4.8,0.6,0.1,0.0,13.3,0.0,0.0,0.0,0.0,0.0,9.6,8.7,0.0,0.1,2.4,0.0,0.0,0.0,0.0,15.1,3.7,0.0,0.0,0.0,0.0,3.7,0.0,0.0,0.4,0.0,0.0,0.1,0.4,0.0,12.1,0.0,0.0,0.0,11.3,8.0,0.5,0.0,0.0,0.1,0.0,0.0,0.6
taluk,DHARWAD,NAVALGUND,Kharif,0.3,0.5,0.1,0.0,0.3,0.0,0.0,0.0,0.0,2.3,7.5,0.8,0.0,0.0,16.4,0.0,0.0,0.0,0.0,0.0,22.4,8.8,0.0,0.0,1.7,0.0,0.0,0.0,0.0,16.4,0.9,0.0,0.0,0.0,0.0,9.2,0.0,0.0,0.4,0.0,0.0,0.0,0.1,0.0,3.4,0.0,0.0,0.0,3.3,2.2,1.8,0.0,0.0,0.0,0.0,0.0,1.1
taluk,DHARWAD,HUBLI,Kharif,0.6,0.6,0.1,0.0,0.8,0.0,0.0,0.0,0.0,1.7,7.4,0.5,0.0,0.0,15.8,0.0,0.0,0.0,0.0,0.0,13.6,10.7,0.0,0.1,2.1,0.0,0.0,0.0,0.0,14.6,2.6,0.0,0.0,0.0,0.0,5.9,0.0,0.0,0.4,0.0,0.0,0.0,0.3,0.0,7.4,0.0,0.0,0.0,8.0,4.8,0.9,0.0,0.0,0.1,0.0,0.0,0.7
taluk,DHARWAD,KALGHATGI,Kharif,2.9,0.4,0.5,0.0,0.5,0.0,0.0,0.1,0.0,0.6,2.8,0.6,0.1,0.0,11.3,0.0,0.0,0.0,0.0,0.0,5.5,6.4,0.0,0.1,1.7,0.0,0.0,0.0,0.0,22.5,2.6,0.0,0.0,0.0,0.0,1.7,0.0,0.0,0.3,0.0,0.0,0.0,0.3,0.0,21.1,0.0,0.0,0.0,10.2,6.8,0.3,0.0,0.0,0.1,0.0,0.0,0.2
taluk,DHARWAD,KUNDGOL,Kharif,0.6,0.4,0.1,0.0,0.4,0.0,0.0,0.0,0.0,1.3,7.8,0.4,0.0,0.0,20.8,0.1,0.0,0.0,0.0,0.1,9.0,14.7,0.0,0.0,2.0,0.0,0.0,0.0,0.0,19.9,1.5,0.0,0.0,0.0,0.0,3.4,0.0,0.0,0.3,0.0,0.0,0.0,0.2,0.0,7.2,0.0,0.0,0.0,5.1,3.0,0.8,0.0,0.1,0.1,0.0,0.0,0.7
district,DHARWAD,,Rabi,2.5,0.0,0.6,0.1,0.1,0.0,0.1,0.1,0.0,23.0,0.6,1.4,0.0,0.0,6.3,0.1,0.0,0.0,0.0,0.1,1.6,2.0,0.0,1.1,21.6,0.0,0.0,0.0,0.0,3.1,8.0,0.0,0.0,0.1,0.0,0.4,0.0,0.0,0.0,0.0,0.1,0.0,0.0,0.0,1.1,0.0,0.0,0.0,0.4,12.9,2.5,0.0,0.3,0.0,0.1,0.0,9.3
taluk,DHARWAD,DHARWAD,Rabi,1.3,0.0,0.3,0.0,0.1,0.0,0.2,0.2,0.0,23.5,0.4,0.9,0.1,0.0,4.9,0.0,0.0,0.0,0.0,0.1,1.3,1.1,0.0,1.0,19.7,0.0,0.0,0.0,0.0,2.6,10.7,0.0,0.0,0.2,0.0,0.3,0.0,0.0,0.0,0.0,0.1,0.0,0.0,0.0,1.2,0.0,0.0,0.0,0.7,18.6,1.6,0.0,0.1,0.0,0.1,0.0,8.4
taluk,DHARWAD,NAVALGUND,Rabi,0.7,0.0,0.2,0.0,0.1,0.0,0.1,0.0,0.0,34.3,0.8,2.5,0.0,0.0,7.8,0.1,0.0,0.0,0.0,0.1,1.6,1.6,0.0,0.3,17.6,0.0,0.0,0.0,0.0,3.1,3.2,0.0,0.0,0.0,0.0,0.6,0.0,0.0,0.0,0.0,0.1,0.0,0.0,0.0,0.5,0.0,0.0,0.0,0.2,5.1,4.8,0.0,0.1,0.0,0.0,0.0,14.4
taluk,DHARWAD,HUBLI,Rabi,1.3,0.0,0.3,0.0,0.1,0.1,0.2,0.1,0.0,28.0,0.8,1.4,0.0,0.0,6.7,0.1,0.0,0.0,0.0,0.1,1.2,2.0,0.0,0.6,20.3,0.0,0.0,0.0,0.0,2.4,8.3,0.0,0.0,0.1,0.0,0.5,0.0,0.0,0.0,0.0,0.1,0.0,0.0,0.0,0.8,0.0,0.0,0.0,0.5,10.5,2.8,0.0,0.1,0.0,0.1,0.0,10.3
taluk,DHARWAD,KALGHATGI,Rabi,7.5,0.0,1.6,0.0,0.1,0.0,0.1,0.1,0.0,10.3,0.2,0.9,0.1,0.0,3.5,0.1,0.0,0.0,0.0,0.1,2.8,0.9,0.0,2.8,24.0,0.0,0.0,0.0,0.0,4.0,11.1,0.0,0.0,0.2,0.0,0.2,0.0,0.0,0.0,0.0,0.1,0.0,0.0,0.0,2.0,0.0,0.0,0.0,0.5,21.2,0.9,0.0,0.3,0.0,0.1,0.0,4.4
taluk,DHARWAD,KUNDGOL,Rabi,1.9,0.0,0.5,0.2,0.0,0.0,0.1,0.0,0.0,19.3,1.1,1.6,0.0,0.0,9.0,0.5,0.0,0.0,0.0,0.2,1.4,4.3,0.0,0.9,26.3,0.0,0.0,0.0,0.0,3.5,6.3,0.0,0.0,0.1,0.0,0.3,0.0,0.0,0.0,0.0,0.1,0.0,0.1,0.0,1.2,0.0,0.0,0.0,0.2,7.6,2.6,0.0,0.9,0.0,0.2,0.0,9.5
district,DHARWAD,,Summer,3.2,0.0,1.6,0.0,0.0,0.2,0.6,0.2,0.0,3.3,1.7,8.2,0.0,0.0,1.3,0.5,0.0,0.0,0.0,0.5,0.6,9.4,0.0,0.3,4.0,0.0,0.0,0.0,0.0,6.4,21.8,0.0,0.0,0.0,0.0,0.3,0.0,0.0,0.0,0.0,0.2,0.0,0.0,0.0,3.1,0.0,0.1,0.0,0.2,28.4,1.6,0.0,0.9,0.0,0.0,0.0,1.4
taluk,DHARWAD,DHARWAD,Summer,2.2,0.0,1.0,0.0,0.1,0.2,0.8,0.3,0.0,3.9,0.9,5.2,0.1,0.0,1.0,0.1,0.0,0.0,0.0,0.3,0.5,4.8,0.0,0.2,3.5,0.0,0.0,0.0,0.0,3.8,28.8,0.0,0.0,0.1,0.0,0.2,0.0,0.0,0.0,0.0,0.1,0.0,0.0,0.0,1.5,0.0,0.1,0.0,0.3,38.0,0.6,0.0,0.3,0.0,0.0,0.0,1.2
taluk,DHARWAD,NAVALGUND,Summer,1.1,0.0,1.6,0.0,0.1,0.3,0.4,0.0,0.0,3.9,2.5,17.7,0.0,0.0,1.4,0.7,0.0,0.0,0.0,0.3,0.7,11.1,0.0,0.1,2.5,0.0,0.0,0.0,0.0,12.6,11.7,0.0,0.0,0.0,0.0,0.4,0.0,0.0,0.0,0.0,0.4,0.0,0.0,0.0,2.9,0.0,0.1,0.0,0.1,19.8,4.6,0.0,1.2,0.0,0.0,0.0,1.8
taluk,DHARWAD,HUBLI,Summer,2.3,0.0,1.3,0.0,0.1,0.4,1.0,0.1,0.0,3.8,1.5,7.9,0.0,0.0,1.3,0.3,0.0,0.0,0.0,0.5,0.4,11.6,0.0,0.1,3.1,0.0,0.0,0.0,0.0,5.1,27.2,0.0,0.0,0.0,0.0,0.4,0.0,0.0,0.0,0.0,0.2,0.0,0.0,0.0,2.2,0.0,0.1,0.0,0.2,25.4,1.4,0.0,0.4,0.0,0.0,0.0,1.5
taluk,DHARWAD,KALGHATGI,Summer,7.6,0.0,2.5,0.0,0.0,0.1,0.4,0.3,0.0,1.6,0.8,3.3,0.0,0.0,0.9,0.2,0.0,0.0,0.0,0.3,0.8,4.2,0.0,0.8,5.8,0.0,0.0,0.0,0.0,4.8,21.5,0.0,0.0,0.0,0.0,0.1,0.0,0.0,0.0,0.0,0.1,0.0,0.0,0.0,4.2,0.0,0.1,0.0,0.3,37.5,0.5,0.0,0.6,0.0,0.0,0.0,0.7
taluk,DHARWAD,KUNDGOL,Summer,2.9,0.0,1.9,0.0,0.1,0.2,0.5,0.1,0.0,3.3,2.6,7.4,0.0,0.0,2.1,1.3,0.0,0.0,0.0,0.9,0.5,16.0,0.0,0.1,5.0,0.0,0.0,0.0,0.0,6.1,19.5,0.0,0.0,0.0,0.0,0.2,0.0,0.0,0.0,0.0,0.3,0.0,0.0,0.0,5.0,0.0,0.0,0.0,0.1,19.0,1.1,0.0,1.9,0.0,0.0,0.0,1.9
district,GADAG,,Kharif,0.0,2.8,0.1,0.0,0.0,0.0,0.0,0.0,0.0,1.7,4.5,0.2,0.0,0.0,12.2,0.1,0.0,0.0,0.0,0.0,24.0,11.6,0.0,0.0,3.3,0.0,0.0,0.0,0.0,20.9,0.2,0.0,0.0,0.0,0.0,8.3,0.0,0.0,1.8,0.0,0.1,0.0,0.1,0.0,1.4,0.0,0.0,0.0,0.6,1.6,3.7,0.0,0.0,0.0,0.0,0.0,0.7
taluk,GADAG,NARAGUND,Kharif,0.0,4.8,0.1,0.0,0.1,0.0,0.0,0.0,0.0,2.6,3.3,0.3,0.0,0.0,10.2,0.0,0.0,0.0,0.0,0.0,27.7,5.8,0.0,0.0,2.6,0.0,0.0,0.0,0.0,20.2,0.1,0.0,0.0,0.0,0.0,8.4,0.0,0.0,2.8,0.0,0.3,0.0,0.0,0.0,0.8,0.0,0.0,0.0,0.5,3.2,4.7,0.0,0.0,0.0,0.0,0.0,1.4
taluk,GADAG,RON,Kharif,0.0,3.5,0.0,0.0,0.0,0.0,0.0,0.0,0.0,1.8,4.1,0.1,0.0,0.0,8.4,0.0,0.0,0.0,0.0,0.0,30.4,10.6,0.0,0.0,3.7,0.0,0.0,0.0,0.0,16.5,0.2,0.0,0.0,0.0,0.0,10.5,0.0,0.0,2.0,0.0,0.1,0.0,0.1,0.0,1.1,0.0,0.0,0.0,0.6,1.4,4.2,0.0,0.0,0.0,0.0,0.0,0.4
taluk,GADAG,GADAG,Kharif,0.0,2.0,0.1,0.0,0.0,0.0,0.0,0.0,0.0,1.8,6.3,0.1,0.0,0.0,11.0,0.0,0.0,0.0,0.0,0.0,28.8,11.0,0.0,0.0,2.9,0.0,0.0,0.0,0.0,16.3,0.3,0.0,0.0,0.0,0.0,11.6,0.0,0.0,1.3,0.0,0.0,0.0,0.1,0.0,1.0,0.0,0.0,0.0,0.9,0.8,3.2,0.0,0.0,0.0,0.0,0.0,0.5
taluk,GADAG,SHIRAHATTI,Kharif,0.0,1.1,0.1,0.0,0.0,0.0,0.0,0.0,0.0,1.1,4.8,0.2,0.0,0.0,19.6,0.1,0.0,0.0,0.0,0.0,12.8,17.4,0.0,0.0,3.2,0.0,0.0,0.0,0.0,28.3,0.2,0.0,0.0,0.0,0.0,4.2,0.0,0.0,1.0,0.0,0.1,0.0,0.2,0.0,1.7,0.0,0.0,0.0,0.2,1.0,2.3,0.0,0.1,0.0,0.0,0.0,0.4
taluk,GADAG,MUNDARGI,Kharif,0.1,2.7,0.1,0.0,0.1,0.0,0.0,0.0,0.0,1.5,3.8,0.2,0.0,0.0,11.8,0.1,0.0,0.0,0.0,0.0,20.4,13.1,0.0,0.0,4.1,0.0,0.0,0.0,0.0,23.4,0.3,0.0,0.0,0.0,0.0,7.0,0.0,0.0,1.8,0.0,0.1,0.0,0.2,0.0,2.5,0.0,0.0,0.0,0.6,1.6,4.0,0.0,0.1,0.0,0.0,0.0,0.4
district,GADAG,,Rabi,0.2,0.1,0.3,0.0,0.1,0.0,0.0,0.0,0.0,31.7,0.3,0.5,0.0,0.0,8.1,0.5,0.0,0.0,0.0,0.0,1.4,3.8,0.0,0.1,26.4,0.0,0.0,0.0,0.0,2.7,0.8,0.0,0.0,0.0,0.0,0.5,0.0,0.0,0.1,0.0,0.2,0.0,0.1,0.0,0.9,0.0,0.0,0.0,0.0,3.6,7.2,0.0,0.6,0.0,0.0,0.0,9.7
taluk,GADAG,NARAGUND,Rabi,0.1,0.1,0.2,0.0,0.0,0.0,0.0,0.0,0.0,33.4,0.2,0.8,0.0,0.0,6.2,0.1,0.0,0.0,0.0,0.1,2.3,1.9,0.0,0.0,21.9,0.0,0.0,0.0,0.0,3.4,0.4,0.0,0.0,0.0,0.0,0.5,0.0,0.0,0.1,0.0,0.3,0.0,0.0,0.0,0.4,0.0,0.0,0.0,0.0,4.6,7.6,0.0,0.2,0.0,0.0,0.0,14.7
taluk,GADAG,RON,Rabi,0.1,0.1,0.1,0.0,0.1,0.0,0.0,0.0,0.0,38.7,0.2,0.3,0.0,0.0,6.4,0.1,0.0,0.0,0.0,0.0,1.5,3.5,0.0,0.0,25.0,0.0,0.0,0.0,0.0,2.0,0.8,0.0,0.0,0.0,0.0,0.6,0.0,0.0,0.1,0.0,0.2,0.0,0.0,0.0,0.5,0.0,0.0,0.0,0.0,2.7,7.4,0.0,0.2,0.0,0.0,0.0,9.2
taluk,GADAG,GADAG,Rabi,0.1,0.0,0.2,0.0,0.1,0.1,0.0,0.0,0.0,39.3,0.4,0.4,0.0,0.0,7.3,0.1,0.0,0.0,0.0,0.0,1.3,3.2,0.0,0.0,23.6,0.0,0.0,0.0,0.0,1.6,1.3,0.0,0.0,0.0,0.0,0.6,0.0,0.0,0.0,0.0,0.1,0.0,0.0,0.0,0.6,0.0,0.0,0.0,0.0,2.0,7.0,0.0,0.2,0.0,0.0,0.0,10.3
taluk,GADAG,SHIRAHATTI,Rabi,0.3,0.0,0.4,0.1,0.1,0.0,0.0,0.0,0.0,19.2,0.5,0.6,0.0,0.0,12.9,1.3,0.0,0.0,0.0,0.1,0.8,6.3,0.0,0.1,32.5,0.0,0.0,0.0,0.0,3.4,0.8,0.0,0.0,0.0,0.0,0.3,0.0,0.0,0.0,0.0,0.2,0.0,0.1,0.0,1.2,0.0,0.0,0.0,0.0,4.1,5.9,0.0,1.7,0.0,0.0,0.0,7.1
taluk,GADAG,MUNDARGI,Rabi,0.3,0.1,0.4,0.1,0.1,0.0,0.0,0.0,0.0,27.8,0.2,0.5,0.0,0.0,7.7,0.6,0.0,0.0,0.0,0.0,1.1,4.1,0.0,0.1,29.0,0.0,0.0,0.0,0.0,3.1,0.8,0.0,0.0,0.0,0.0,0.4,0.0,0.0,0.1,0.0,0.3,0.0,0.1,0.0,1.6,0.0,0.0,0.0,0.0,4.6,8.2,0.0,0.9,0.0,0.0,0.0,7.4
district,GADAG,,Summer,0.4,0.0,2.4,0.0,0.4,0.6,0.1,0.0,0.0,1.9,1.0,5.7,0.0,0.0,0.9,2.0,0.0,0.0,0.0,0.2,0.4,30.9,0.0,0.0,2.8,0.0,0.0,0.0,0.0,4.4,7.6,0.0,0.0,0.0,0.0,0.8,0.0,0.0,0.0,0.0,1.3,0.0,0.1,0.0,8.1,0.0,0.1,0.0,0.0,19.0,6.5,0.0,1.7,0.0,0.0,0.0,0.6
taluk,GADAG,NARAGUND,Summer,0.2,0.0,2.3,0.0,0.1,0.3,0.1,0.0,0.0,1.9,1.0,9.0,0.0,0.0,0.6,0.8,0.0,0.0,0.0,0.3,0.6,20.3,0.0,0.0,1.5,0.0,0.0,0.0,0.0,6.3,3.5,0.0,0.0,0.0,0.0,0.4,0.0,0.0,0.0,0.0,1.6,0.0,0.0,0.0,4.7,0.0,0.1,0.0,0.0,32.4,10.0,0.0,0.8,0.0,0.0,0.0,1.0
taluk,GADAG,RON,Summer,0.4,0.0,2.0,0.0,0.6,0.8,0.2,0.0,0.0,1.9,0.4,3.9,0.0,0.0,0.5,1.2,0.0,0.0,0.0,0.1,0.5,39.5,0.0,0.0,2.2,0.0,0.0,0.0,0.0,3.5,8.8,0.0,0.0,0.0,0.0,1.3,0.0,0.0,0.0,0.0,1.2,0.0,0.0,0.0,6.6,0.0,0.1,0.0,0.0,16.1,7.2,0.0,0.6,0.0,0.0,0.0,0.4
taluk,GADAG,GADAG,Summer,0.5,0.0,2.5,0.0,0.3,1.2,0.3,0.0,0.0,2.1,0.8,6.1,0.0,0.0,0.6,1.3,0.0,0.0,0.0,0.2,0.4,35.7,0.0,0.0,2.0,0.0,0.0,0.0,0.0,3.9,12.3,0.0,0.0,0.0,0.0,1.0,0.0,0.0,0.0,0.0,0.9,0.0,0.0,0.0,7.0,0.0,0.0,0.0,0.0,13.2,6.1,0.0,0.8,0.0,0.0,0.0,0.5
taluk,GADAG,SHIRAHATTI,Summer,0.4,0.0,2.7,0.0,0.3,0.3,0.1,0.0,0.0,1.7,1.8,5.3,0.0,0.0,1.9,4.1,0.0,0.0,0.0,0.4,0.3,29.5,0.0,0.0,4.4,0.0,0.0,0.0,0.0,4.4,6.5,0.0,0.0,0.0,0.0,0.3,0.0,0.0,0.0,0.0,1.0,0.0,0.1,0.0,10.3,0.0,0.1,0.0,0.0,15.8,3.4,0.0,4.1,0.0,0.0,0.0,0.7
taluk,GADAG,MUNDARGI,Summer,0.6,0.0,2.6,0.0,0.5,0.6,0.1,0.1,0.0,1.9,0.8,4.2,0.0,0.0,0.8,2.7,0.0,0.0,0.0,0.2,0.3,29.4,0.0,0.0,3.8,0.0,0.0,0.0,0.0,4.1,6.8,0.0,0.0,0.0,0.0,0.7,0.0,0.0,0.0,0.0,1.6,0.0,0.1,0.0,12.0,0.0,0.1,0.0,0.0,17.4,5.7,0.0,2.2,0.0,0.0,0.0,0.5
district,GULBARGA,,Kharif,0.0,2.2,0.2,0.0,4.1,0.0,0.0,0.0,0.1,2.2,0.1,0.0,0.0,0.0,10.8,0.0,0.0,0.0,0.1,0.2,6.8,0.7,0.0,0.0,3.7,0.0,0.0,0.0,0.0,2.0,0.3,0.0,0.0,0.0,0.0,0.1,0.0,0.0,53.7,0.0,0.2,0.0,0.0,0.0,3.2,0.0,0.0,0.5,4.0,4.1,0.2,0.0,0.0,0.0,0.0,0.0,0.2
taluk,GULBARGA,AFZALPUR + ALAND,Kharif,0.0,3.1,0.1,0.0,3.6,0.0,0.0,0.0,0.1,2.1,0.0,0.0,0.0,0.0,9.6,0.0,0.0,0.0,0.1,0.3,5.1,0.6,0.0,0.0,3.2,0.0,0.0,0.0,0.0,1.6,0.2,0.0,0.0,0.0,0.0,0.1,0.0,0.0,55.5,0.0,0.3,0.0,0.0,0.0,2.2,0.0,0.0,0.8,4.9,5.7,0.2,0.0,0.0,0.0,0.0,0.0,0.3
taluk,GULBARGA,GULBARGA,Kharif,0.0,2.5,0.2,0.0,4.6,0.0,0.0,0.0,0.0,2.1,0.0,0.0,0.0,0.0,8.0,0.0,0.0,0.0,0.1,0.2,6.7,0.4,0.0,0.0,3.9,0.0,0.0,0.0,0.0,1.1,0.2,0.0,0.0,0.0,0.0,0.1,0.0,0.0,57.6,0.0,0.1,0.0,0.0,0.0,1.9,0.0,0.0,0.6,5.2,4.0,0.2,0.0,0.0,0.0,0.0,0.0,0.1
taluk,GULBARGA,CHINCHOLI,Kharif,0.0,1.6,0.4,0.0,6.4,0.2,0.0,0.0,0.1,2.3,0.0,0.0,0.0,0.0,9.8,0.0,0.0,0.0,0.3,0.2,7.9,0.6,0.0,0.0,4.6,0.0,0.0,0.0,0.0,4.6,0.5,0.0,0.0,0.0,0.0,0.1,0.0,0.0,45.7,0.0,0.2,0.0,0.1,0.0,3.3,0.0,0.0,0.3,6.3,3.8,0.1,0.0,0.0,0.0,0.1,0.1,0.1
taluk,GULBARGA,SEDAM,Kharif,0.0,1.9,0.1,0.0,3.9,0.0,0.0,0.0,0.1,2.3,0.1,0.0,0.0,0.0,11.2,0.0,0.0,0.0,0.1,0.1,8.8,1.2,0.0,0.0,3.5,0.0,0.0,0.0,0.0,1.8,0.5,0.0,0.0,0.0,0.0,0.1,0.0,0.0,53.8,0.0,0.1,0.0,0.0,0.0,4.1,0.0,0.0,0.4,2.8,2.6,0.1,0.0,0.0,0.0,0.0,0.0,0.1
taluk,GULBARGA,CHITAPUR,Kharif,0.0,1.8,0.2,0.0,3.6,0.0,0.0,0.0,0.1,2.3,0.1,0.0,0.0,0.0,12.4,0.0,0.0,0.0,0.1,0.1,7.6,1.0,0.0,0.0,3.6,0.0,0.0,0.0,0.0,1.4,0.4,0.0,0.0,0.0,0.0,0.1,0.0,0.0,54.0,0.0,0.1,0.0,0.0,0.0,4.3,0.0,0.0,0.4,2.6,3.1,0.1,0.0,0.0,0.0,0.0,0.0,0.1
taluk,GULBARGA,JEWARGI,Kharif,0.0,2.5,0.1,0.0,2.5,0.0,0.0,0.0,0.1,2.1,0.1,0.0,0.0,0.0,13.9,0.0,0.0,0.0,0.0,0.2,4.6,0.6,0.0,0.0,3.2,0.0,0.0,0.0,0.0,1.5,0.2,0.0,0.0,0.0,0.0,0.2,0.0,0.0,55.6,0.0,0.2,0.0,0.0,0.0,3.6,0.0,0.0,0.5,2.0,5.7,0.3,0.0,0.0,0.0,0.0,0.0,0.3
district,GULBARGA,,Rabi,0.0,0.1,0.9,0.0,0.3,0.3,0.0,0.0,0.0,30.7,0.0,0.0,0.0,0.0,0.8,0.0,0.0,0.0,0.0,0.3,0.5,2.4,0.0,0.0,37.5,0.0,0.0,0.1,0.0,0.7,1.1,0.0,0.0,0.0,0.0,0.2,0.0,0.0,4.0,0.0,0.2,0.0,0.0,0.0,3.0,0.1,0.0,0.1,0.2,11.1,1.9,0.0,0.0,0.0,0.4,0.0,3.1
taluk,GULBARGA,AFZALPUR + ALAND,Rabi,0.0,0.2,0.5,0.0,0.3,0.1,0.0,0.0,0.0,30.3,0.0,0.0,0.0,0.0,0.7,0.0,0.0,0.0,0.0,0.5,0.3,1.2,0.0,0.0,35.8,0.0,0.0,0.1,0.0,0.5,0.8,0.0,0.0,0.1,0.0,0.1,0.0,0.0,4.1,0.0,0.2,0.0,0.0,0.0,1.6,0.2,0.0,0.1,0.3,14.5,2.5,0.0,0.0,0.0,0.2,0.0,4.8
taluk,GULBARGA,GULBARGA,Rabi,0.0,0.2,0.9,0.0,0.3,0.2,0.0,0.0,0.0,31.8,0.0,0.0,0.0,0.0,0.5,0.0,0.0,0.0,0.0,0.2,0.4,1.3,0.0,0.0,38.9,0.0,0.0,0.1,0.0,0.4,1.1,0.0,0.0,0.0,0.0,0.1,0.0,0.0,4.2,0.0,0.1,0.0,0.0,0.0,1.6,0.1,0.0,0.1,0.3,11.9,2.1,0.0,0.0,0.0,0.2,0.0,2.9
taluk,GULBARGA,CHINCHOLI,Rabi,0.0,0.1,2.0,0.0,0.6,1.0,0.0,0.0,0.0,31.0,0.0,0.0,0.0,0.0,0.7,0.0,0.0,0.0,0.0,0.2,0.7,1.9,0.0,0.0,32.1,0.0,0.0,0.3,0.0,1.9,1.5,0.0,0.0,0.0,0.0,0.5,0.0,0.0,3.7,0.0,0.2,0.0,0.0,0.0,5.0,0.1,0.0,0.1,0.3,11.1,1.1,0.0,0.0,0.0,1.2,0.0,2.6
taluk,GULBARGA,SEDAM,Rabi,0.0,0.1,0.6,0.0,0.3,0.2,0.0,0.0,0.0,32.3,0.0,0.0,0.0,0.0,0.6,0.0,0.0,0.0,0.0,0.2,0.7,3.9,0.0,0.0,40.3,0.0,0.0,0.1,0.0,0.5,1.4,0.0,0.0,0.0,0.0,0.2,0.0,0.0,3.7,0.0,0.1,0.0,0.0,0.0,3.6,0.1,0.0,0.0,0.1,7.1,1.5,0.0,0.0,0.0,0.2,0.0,2.0
taluk,GULBARGA,CHITAPUR,Rabi,0.0,0.1,0.7,0.0,0.3,0.2,0.0,0.0,0.0,30.4,0.0,0.0,0.0,0.0,0.8,0.0,0.0,0.0,0.0,0.2,0.7,3.7,0.0,0.0,40.4,0.0,0.0,0.1,0.0,0.5,1.2,0.0,0.0,0.1,0.0,0.1,0.0,0.0,4.0,0.0,0.1,0.0,0.0,0.0,3.7,0.1,0.0,0.0,0.1,8.4,1.6,0.0,0.0,0.0,0.2,0.0,2.1
taluk,GULBARGA,JEWARGI,Rabi,0.0,0.1,0.4,0.0,0.2,0.1,0.0,0.0,0.0,28.4,0.0,0.0,0.0,0.0,1.2,0.0,0.0,0.0,0.0,0.5,0.3,2.1,0.0,0.0,37.7,0.0,0.0,0.0,0.0,0.4,0.7,0.0,0.0,0.1,0.0,0.1,0.0,0.0,4.1,0.0,0.2,0.0,0.0,0.0,2.5,0.1,0.0,0.1,0.1,13.7,2.6,0.0,0.0,0.0,0.1,0.0,4.2
district,GULBARGA,,Summer,0.0,0.1,6.7,0.0,0.1,2.1,0.0,0.2,0.0,1.7,0.0,0.1,0.0,0.0,0.2,0.0,0.0,0.0,0.0,1.2,0.3,13.5,0.0,0.0,2.3,0.0,0.0,0.0,0.0,0.8,5.7,0.0,0.0,0.0,0.0,0.1,0.0,0.1,1.1,0.0,1.0,0.0,0.0,0.0,7.2,0.0,0.2,0.1,0.0,54.7,0.2,0.0,0.0,0.0,0.0,0.0,0.2
taluk,GULBARGA,AFZALPUR + ALAND,Summer,0.0,0.1,5.7,0.0,0.1,0.9,0.0,0.1,0.0,1.4,0.0,0.0,0.0,0.0,0.1,0.0,0.0,0.0,0.0,1.8,0.1,8.7,0.0,0.0,1.8,0.0,0.0,0.0,0.0,0.7,4.3,0.0,0.0,0.0,0.0,0.1,0.0,0.1,1.0,0.0,1.3,0.0,0.0,0.0,4.3,0.0,0.3,0.0,0.1,66.5,0.2,0.0,0.0,0.1,0.0,0.0,0.2
taluk,GULBARGA,GULBARGA,Summer,0.0,0.1,8.8,0.0,0.1,1.3,0.0,0.1,0.0,1.4,0.0,0.1,0.0,0.0,0.1,0.0,0.0,0.0,0.0,0.8,0.2,8.6,0.0,0.0,2.0,0.0,0.0,0.0,0.0,0.9,6.0,0.0,0.0,0.0,0.0,0.0,0.0,0.1,1.1,0.0,0.7,0.0,0.0,0.0,3.9,0.0,0.2,0.0,0.1,62.9,0.2,0.0,0.0,0.0,0.0,0.0,0.1
taluk,GULBARGA,CHINCHOLI,Summer,0.0,0.0,11.4,0.0,0.1,6.3,0.0,0.5,0.0,1.5,0.0,0.1,0.0,0.0,0.1,0.0,0.0,0.0,0.0,0.9,0.4,7.4,0.0,0.0,1.7,0.0,0.0,0.0,0.0,1.6,7.4,0.0,0.0,0.0,0.0,0.1,0.0,0.2,0.9,0.0,1.2,0.0,0.0,0.0,3.0,0.0,0.2,0.0,0.1,54.3,0.1,0.0,0.0,0.0,0.1,0.0,0.1
taluk,GULBARGA,SEDAM,Summer,0.0,0.1,4.3,0.0,0.1,1.8,0.0,0.2,0.0,1.9,0.0,0.2,0.0,0.0,0.2,0.0,0.0,0.0,0.0,1.2,0.4,24.3,0.0,0.0,2.6,0.0,0.0,0.0,0.0,0.7,7.5,0.0,0.0,0.0,0.0,0.1,0.0,0.2,1.2,0.0,1.2,0.0,0.0,0.0,12.9,0.0,0.3,0.1,0.0,37.8,0.3,0.0,0.0,0.0,0.0,0.0,0.1
taluk,GULBARGA,CHITAPUR,Summer,0.0,0.1,5.9,0.0,0.1,1.5,0.0,0.1,0.0,2.2,0.0,0.1,0.0,0.0,0.3,0.0,0.0,0.0,0.0,0.9,0.3,19.3,0.0,0.0,3.1,0.0,0.0,0.0,0.0,0.7,5.8,0.0,0.0,0.0,0.0,0.1,0.0,0.2,1.2,0.0,0.8,0.0,0.0,0.0,11.0,0.0,0.3,0.1,0.0,45.1,0.2,0.0,0.0,0.1,0.0,0.0,0.2
taluk,GULBARGA,JEWARGI,Summer,0.0,0.1,4.1,0.0,0.0,0.7,0.0,0.1,0.0,1.8,0.0,0.1,0.0,0.0,0.3,0.0,0.0,0.0,0.0,1.6,0.1,12.6,0.0,0.0,2.5,0.0,0.0,0.0,0.0,0.5,2.9,0.0,0.0,0.0,0.0,0.1,0.0,0.1,1.0,0.0,0.9,0.0,0.0,0.0,8.1,0.0,0.2,0.1,0.0,61.5,0.3,0.0,0.0,0.1,0.0,0.0,0.2
district,HASSAN,,Kharif,3.4,0.0,0.5,0.0,0.1,1.3,0.3,0.1,0.0,0.0,0.0,19.4,17.5,0.0,0.4,1.4,0.3,0.0,1.7,0.0,0.4,0.2,0.2,0.5,2.9,0.0,0.0,0.0,0.0,14.6,0.3,0.0,0.0,0.0,0.0,0.1,0.0,0.0,0.1,0.0,0.0,1.8,15.2,0.0,11.4,0.0,0.0,0.1,0.1,1.3,0.1,0.0,0.0,3.9,0.0,0.1,0.0
taluk,HASSAN,SAKALESHPUR,Kharif,6.6,0.1,0.5,0.0,0.0,4.9,1.3,0.6,0.0,0.0,0.0,6.7,49.7,0.0,0.2,0.4,0.1,0.0,0.8,0.0,0.1,0.1,0.2,0.1,1.4,0.0,0.0,0.0,0.0,6.5,0.2,0.0,0.0,0.0,0.0,0.0,0.0,0.0,0.0,0.0,0.0,0.5,4.5,0.0,12.3,0.0,0.0,0.0,0.1,0.4,0.1,0.0,0.0,1.1,0.0,0.0,0.0
taluk,HASSAN,BELUR,Kharif,3.8,0.0,0.6,0.0,0.1,1.5,0.3,0.1,0.0,0.0,0.0,17.2,23.2,0.0,0.4,0.6,0.1,0.0,2.4,0.0,0.4,0.2,0.2,0.3,3.5,0.0,0.0,0.0,0.0,17.3,0.2,0.0,0.0,0.0,0.0,0.1,0.0,0.0,0.1,0.0,0.0,2.2,12.3,0.0,10.0,0.0,0.0,0.1,0.1,0.8,0.2,0.0,0.0,1.7,0.0,0.1,0.0
taluk,HASSAN,ARASIKERE,Kharif,4.5,0.0,0.2,0.0,0.0,0.4,0.1,0.1,0.0,0.0,0.0,37.7,6.1,0.0,0.3,0.4,0.1,0.0,1.0,0.0,1.3,0.2,0.1,0.8,2.4,0.0,0.0,0.0,0.0,10.7,0.4,0.0,0.0,0.0,0.0,0.1,0.0,0.0,0.1,0.0,0.1,1.2,24.2,0.0,4.8,0.0,0.0,0.5,0.0,0.5,0.1,0.0,0.0,1.1,0.0,0.0,0.0
taluk,HASSAN,HASSAN,Kharif,1.7,0.0,0.5,0.0,0.1,0.5,0.1,0.0,0.0,0.0,0.0,19.7,12.5,0.0,0.3,0.8,0.2,0.0,3.6,0.0,0.4,0.2,0.2,0.3,4.4,0.0,0.0,0.0,0.0,23.5,0.2,0.0,0.0,0.0,0.0,0.0,0.0,0.0,0.1,0.0,0.0,3.9,13.9,0.0,9.5,0.0,0.0,0.1,0.0,1.0,0.1,0.0,0.0,2.0,0.0,0.1,0.0
taluk,HASSAN,ALUR,Kharif,3.5,0.1,0.7,0.0,0.1,2.1,0.5,0.2,0.0,0.0,0.0,11.0,28.3,0.0,0.6,0.7,0.2,0.0,2.3,0.0,0.3,0.3,0.3,0.3,3.6,0.0,0.0,0.0,0.0,17.0,0.6,0.0,0.0,0.0,0.1,0.1,0.0,0.0,0.1,0.0,0.0,2.0,9.0,0.0,12.4,0.0,0.0,0.1,0.2,0.9,0.2,0.0,0.1,2.1,0.1,0.1,0.0
taluk,HASSAN,ARKALGUD,Kharif,2.9,0.0,0.8,0.0,0.2,0.5,0.1,0.1,0.0,0.0,0.0,11.8,7.2,0.0,0.8,3.9,1.2,0.0,0.5,0.0,0.1,0.2,0.1,0.8,2.0,0.0,0.0,0.0,0.0,14.9,0.3,0.0,0.0,0.0,0.0,0.0,0.0,0.0,0.1,0.0,0.0,1.5,16.3,0.0,17.1,0.0,0.0,0.1,0.1,2.3,0.1,0.0,0.0,13.5,0.1,0.1,0.0
taluk,HASSAN,HOLENARASIPURA,Kharif,1.8,0.0,0.6,0.0,0.1,0.4,0.1,0.1,0.0,0.0,0.0,17.1,6.9,0.0,0.5,3.3,0.6,0.0,1.3,0.0,0.2,0.2,0.2,0.7,2.9,0.0,0.0,0.0,0.0,14.9,0.3,0.0,0.0,0.0,0.0,0.0,0.0,0.0,0.2,0.0,0.0,1.6,18.2,0.0,16.6,0.0,0.0,0.1,0.0,2.9,0.1,0.0,0.0,7.9,0.1,0.1,0.0
taluk,HASSAN,CHANNARAYAPATNA,Kharif,2.3,0.0,0.3,0.0,0.0,0.4,0.1,0.1,0.0,0.0,0.0,34.5,7.3,0.0,0.3,0.7,0.1,0.0,1.5,0.0,0.5,0.3,0.2,0.7,3.1,0.0,0.0,0.0,0.0,12.0,0.4,0.0,0.0,0.0,0.0,0.1,0.0,0.0,0.1,0.0,0.0,1.6,22.9,0.0,7.4,0.0,0.0,0.1,0.0,1.2,0.1,0.0,0.0,1.4,0.0,0.1,0.0
district,HASSAN,,Rabi,7.2,0.0,2.6,0.0,0.0,2.2,0.4,0.2,0.0,0.2,0.0,42.0,27.5,0.0,0.0,0.3,0.5,0.0,0.1,0.0,0.0,0.0,0.0,2.9,0.3,0.0,0.0,0.0,0.0,3.2,0.4,0.0,0.0,0.0,0.0,0.0,0.0,0.0,0.0,0.0,0.0,0.1,4.5,0.0,1.7,0.0,0.0,0.0,0.0,3.1,0.0,0.0,0.0,0.2,0.1,0.0,0.1
taluk,HASSAN,SAKALESHPUR,Rabi,8.4,0.0,1.0,0.0,0.0,6.4,1.5,0.4,0.0,0.1,0.1,12.4,63.2,0.0,0.0,0.1,0.1,0.0,0.1,0.0,0.0,0.0,0.0,0.7,0.2,0.0,0.0,0.0,0.0,1.4,0.1,0.0,0.0,0.0,0.0,0.0,0.0,0.0,0.0,0.0,0.0,0.0,1.2,0.0,1.6,0.0,0.0,0.0,0.0,0.8,0.0,0.0,0.0,0.0,0.0,0.0,0.0
taluk,HASSAN,BELUR,Rabi,6.4,0.0,1.9,0.0,0.0,3.1,0.3,0.1,0.0,0.1,0.0,33.6,41.3,0.0,0.0,0.1,0.2,0.0,0.2,0.0,0.0,0.0,0.0,1.4,0.4,0.0,0.0,0.0,0.0,4.0,0.3,0.0,0.0,0.0,0.0,0.0,0.0,0.0,0.0,0.0,0.0,0.1,2.9,0.0,1.3,0.0,0.0,0.0,0.0,1.9,0.0,0.0,0.0,0.1,0.0,0.0,0.1
taluk,HASSAN,ARASIKERE,Rabi,6.8,0.0,1.1,0.0,0.0,0.7,0.1,0.1,0.0,0.5,0.0,70.5,9.6,0.0,0.0,0.1,0.1,0.0,0.1,0.0,0.1,0.0,0.0,2.1,0.5,0.0,0.0,0.0,0.0,1.7,0.3,0.0,0.0,0.0,0.0,0.0,0.0,0.0,0.0,0.0,0.2,0.1,3.3,0.0,0.6,0.0,0.0,0.0,0.0,1.3,0.0,0.0,0.0,0.0,0.0,0.0,0.0
taluk,HASSAN,HASSAN,Rabi,5.8,0.0,2.6,0.0,0.0,1.5,0.1,0.1,0.0,0.1,0.0,51.0,22.6,0.0,0.0,0.1,0.2,0.0,0.2,0.0,0.0,0.0,0.0,1.6,0.3,0.0,0.0,0.0,0.0,5.0,0.2,0.0,0.0,0.0,0.0,0.0,0.0,0.0,0.0,0.0,0.0,0.3,4.3,0.0,1.2,0.0,0.0,0.0,0.0,2.5,0.0,0.0,0.0,0.1,0.0,0.0,0.1
taluk,HASSAN,ALUR,Rabi,6.3,0.0,2.1,0.0,0.0,3.9,0.6,0.2,0.0,0.1,0.1,23.2,49.9,0.0,0.0,0.2,0.3,0.0,0.2,0.0,0.0,0.0,0.0,1.4,0.5,0.0,0.0,0.0,0.0,3.8,0.6,0.0,0.0,0.1,0.0,0.0,0.0,0.0,0.0,0.0,0.0,0.1,2.5,0.0,1.8,0.0,0.0,0.0,0.0,1.5,0.0,0.0,0.0,0.1,0.1,0.0,0.1
taluk,HASSAN,ARKALGUD,Rabi,12.8,0.0,6.2,0.0,0.0,0.8,0.1,0.1,0.0,0.1,0.0,32.9,13.2,0.0,0.0,1.0,1.9,0.0,0.0,0.0,0.0,0.0,0.0,6.7,0.2,0.0,0.0,0.0,0.0,4.6,0.7,0.0,0.0,0.1,0.0,0.0,0.0,0.0,0.0,0.0,0.0,0.1,9.4,0.0,3.4,0.0,0.0,0.0,0.0,4.7,0.0,0.0,0.0,0.6,0.1,0.0,0.0
taluk,HASSAN,HOLENARASIPURA,Rabi,6.8,0.0,4.2,0.0,0.0,0.8,0.1,0.1,0.0,0.1,0.0,44.6,11.6,0.0,0.0,0.7,0.7,0.0,0.1,0.0,0.0,0.0,0.0,6.4,0.3,0.0,0.0,0.0,0.0,3.4,0.5,0.0,0.0,0.0,0.0,0.0,0.0,0.0,0.0,0.0,0.0,0.1,7.8,0.0,2.8,0.0,0.0,0.0,0.0,8.1,0.0,0.0,0.0,0.2,0.1,0.0,0.1
taluk,HASSAN,CHANNARAYAPATNA,Rabi,4.3,0.0,1.4,0.0,0.0,0.8,0.1,0.1,0.0,0.1,0.0,68.6,10.9,0.0,0.0,0.1,0.1,0.0,0.1,0.0,0.0,0.0,0.0,1.8,0.3,0.0,0.0,0.0,0.0,2.1,0.3,0.0,0.0,0.0,0.0,0.0,0.0,0.0,0.0,0.0,0.0,0.1,4.2,0.0,0.9,0.0,0.0,0.0,0.0,3.3,0.0,0.0,0.0,0.1,0.0,0.0,0.1
district,HASSAN,,Summer,8.0,0.0,3.2,0.0,0.0,2.2,0.4,0.2,0.0,0.1,0.0,44.3,27.7,0.0,0.0,0.1,0.2,0.0,0.1,0.0,0.0,0.0,0.0,1.2,0.3,0.0,0.0,0.0,0.0,2.5,0.4,0.0,0.0,0.0,0.0,0.0,0.0,0.0,0.0,0.0,0.1,0.1,2.7,0.0,2.4,0.0,0.0,0.0,0.0,3.4,0.0,0.0,0.0,0.2,0.0,0.0,0.0
taluk,HASSAN,SAKALESHPUR,Summer,8.8,0.0,1.1,0.0,0.0,6.4,1.5,0.5,0.0,0.0,0.1,13.0,62.9,0.0,0.0,0.0,0.0,0.0,0.1,0.0,0.0,0.0,0.0,0.3,0.1,0.0,0.0,0.0,0.0,1.1,0.2,0.0,0.0,0.0,0.0,0.0,0.0,0.0,0.0,0.0,0.0,0.0,0.7,0.0,1.8,0.0,0.0,0.0,0.0,0.9,0.0,0.0,0.0,0.0,0.0,0.0,0.0
taluk,HASSAN,BELUR,Summer,6.8,0.0,2.2,0.0,0.0,3.1,0.3,0.2,0.0,0.1,0.0,34.9,41.0,0.0,0.0,0.1,0.1,0.0,0.2,0.0,0.0,0.0,0.0,0.8,0.3,0.0,0.0,0.0,0.0,3.4,0.3,0.0,0.0,0.0,0.0,0.0,0.0,0.0,0.0,0.0,0.0,0.1,2.1,0.0,1.5,0.0,0.0,0.0,0.0,2.0,0.0,0.0,0.0,0.1,0.0,0.0,0.1
taluk,HASSAN,ARASIKERE,Summer,7.2,0.0,1.3,0.0,0.0,0.7,0.1,0.1,0.0,0.3,0.0,71.9,9.6,0.0,0.0,0.0,0.0,0.0,0.1,0.0,0.1,0.0,0.0,1.2,0.4,0.0,0.0,0.0,0.0,1.4,0.4,0.0,0.0,0.0,0.0,0.0,0.0,0.0,0.0,0.0,0.2,0.1,2.5,0.0,0.8,0.0,0.0,0.0,0.0,1.4,0.0,0.0,0.0,0.0,0.0,0.0,0.0
taluk,HASSAN,HASSAN,Summer,6.3,0.0,2.9,0.0,0.0,1.5,0.1,0.1,0.0,0.1,0.0,52.5,22.7,0.0,0.0,0.1,0.1,0.0,0.2,0.0,0.0,0.0,0.0,0.9,0.3,0.0,0.0,0.0,0.0,4.2,0.2,0.0,0.0,0.0,0.0,0.0,0.0,0.0,0.0,0.0,0.0,0.3,3.2,0.0,1.4,0.0,0.0,0.0,0.0,2.6,0.0,0.0,0.0,0.1,0.0,0.0,0.1
taluk,HASSAN,ALUR,Summer,6.8,0.0,2.4,0.0,0.0,3.9,0.6,0.2,0.0,0.1,0.1,23.8,50.1,0.0,0.0,0.1,0.2,0.0,0.2,0.0,0.1,0.0,0.0,0.8,0.4,0.0,0.0,0.0,0.0,3.4,0.5,0.0,0.0,0.0,0.0,0.1,0.0,0.0,0.0,0.0,0.0,0.1,1.8,0.0,2.1,0.0,0.0,0.0,0.0,1.7,0.0,0.0,0.1,0.1,0.0,0.0,0.1
taluk,HASSAN,ARKALGUD,Summer,14.8,0.0,8.1,0.0,0.0,0.8,0.1,0.1,0.0,0.1,0.0,38.5,14.6,0.0,0.0,0.4,0.7,0.0,0.0,0.0,0.0,0.0,0.0,2.2,0.1,0.0,0.0,0.0,0.0,2.6,0.8,0.0,0.0,0.0,0.0,0.0,0.0,0.0,0.0,0.0,0.0,0.1,4.0,0.0,5.6,0.0,0.0,0.0,0.0,5.5,0.0,0.0,0.0,0.6,0.0,0.0,0.0
taluk,HASSAN,HOLENARASIPURA,Summer,8.2,0.0,5.4,0.0,0.0,0.8,0.1,0.1,0.0,0.1,0.0,49.4,12.0,0.0,0.0,0.3,0.3,0.0,0.1,0.0,0.0,0.0,0.0,2.3,0.2,0.0,0.0,0.0,0.0,2.2,0.6,0.0,0.0,0.0,0.0,0.0,0.0,0.0,0.0,0.0,0.0,0.1,3.7,0.0,4.6,0.0,0.0,0.0,0.0,9.0,0.0,0.0,0.0,0.2,0.0,0.0,0.0
taluk,HASSAN,CHANNARAYAPATNA,Summer,4.7,0.0,1.6,0.0,0.0,0.8,0.1,0.2,0.0,0.1,0.0,70.2,10.7,0.0,0.0,0.0,0.1,0.0,0.1,0.0,0.0,0.0,0.0,1.0,0.3,0.0,0.0,0.0,0.0,1.6,0.4,0.0,0.0,0.0,0.0,0.0,0.0,0.0,0.0,0.0,0.0,0.1,3.3,0.0,1.1,0.0,0.0,0.0,0.0,3.4,0.0,0.0,0.0,0.1,0.0,0.0,0.0
district,HAVERI,,Kharif,4.3,0.4,0.4,0.0,0.0,0.0,0.0,0.0,0.0,0.2,0.9,0.6,0.0,0.0,14.9,0.1,0.0,0.0,0.1,0.0,1.2,5.2,0.0,0.1,2.2,0.0,0.0,0.0,0.0,47.6,0.9,0.0,0.0,0.0,0.0,0.9,0.0,0.0,0.1,0.0,0.0,0.0,0.5,0.0,15.0,0.0,0.0,0.0,1.6,1.9,0.5,0.0,0.2,0.0,0.0,0.0,0.1
taluk,HAVERI,SHIGGAON,Kharif,4.6,0.2,0.6,0.0,0.1,0.0,0.0,0.0,0.0,0.2,2.0,0.6,0.0,0.0,14.6,0.0,0.0,0.0,0.1,0.0,1.7,7.3,0.0,0.1,1.7,0.0,0.0,0.0,0.0,35.4,1.9,0.0,0.0,0.0,0.0,0.6,0.0,0.0,0.1,0.0,0.0,0.0,0.3,0.0,20.3,0.0,0.0,0.0,4.4,2.6,0.2,0.0,0.1,0.1,0.0,0.0,0.1
taluk,HAVERI,SAVANUR,Kharif,1.2,0.8,0.2,0.0,0.0,0.0,0.0,0.0,0.0,0.4,2.1,0.3,0.0,0.0,20.3,0.2,0.0,0.0,0.0,0.0,3.2,11.5,0.0,0.0,4.0,0.0,0.0,0.0,0.0,41.7,0.4,0.0,0.0,0.0,0.0,1.2,0.0,0.0,0.3,0.0,0.0,0.0,0.4,0.0,6.5,0.0,0.0,0.0,1.0,2.0,1.2,0.0,0.6,0.0,0.0,0.0,0.1
taluk,HAVERI,HANAGAL,Kharif,8.7,0.2,1.2,0.0,0.0,0.0,0.0,0.0,0.0,0.1,0.6,0.7,0.1,0.0,9.2,0.0,0.0,0.0,0.4,0.0,1.0,3.3,0.0,0.1,1.2,0.0,0.0,0.0,0.0,36.6,2.7,0.0,0.0,0.0,0.0,0.3,0.0,0.0,0.1,0.0,0.0,0.0,0.3,0.0,26.4,0.0,0.0,0.0,3.5,2.8,0.2,0.0,0.0,0.0,0.0,0.0,0.0
taluk,HAVERI,HAVERI,Kharif,2.4,0.9,0.3,0.0,0.0,0.0,0.0,0.0,0.0,0.3,0.7,0.4,0.0,0.0,17.7,0.2,0.0,0.0,0.1,0.0,1.3,7.8,0.0,0.1,3.8,0.0,0.0,0.0,0.0,48.5,0.5,0.0,0.0,0.0,0.0,0.8,0.0,0.0,0.1,0.0,0.1,0.0,0.5,0.0,8.9,0.0,0.0,0.0,0.7,2.6,1.0,0.0,0.3,0.0,0.0,0.0,0.1
taluk,HAVERI,BYADAGI,Kharif,3.8,0.2,0.2,0.0,0.0,0.0,0.0,0.0,0.0,0.1,0.4,0.5,0.0,0.0,15.2,0.0,0.0,0.0,0.0,0.0,0.4,2.2,0.0,0.2,1.7,0.0,0.0,0.0,0.0,59.0,0.3,0.0,0.0,0.0,0.0,1.2,0.0,0.0,0.1,0.0,0.0,0.0,0.5,0.0,12.0,0.0,0.0,0.0,0.6,1.0,0.3,0.0,0.0,0.0,0.0,0.0,0.0
taluk,HAVERI,HIREKERUR,Kharif,5.7,0.2,0.3,0.0,0.0,0.0,0.0,0.0,0.0,0.1,0.3,0.9,0.0,0.0,13.0,0.0,0.0,0.0,0.0,0.0,0.4,2.0,0.0,0.2,1.4,0.0,0.0,0.0,0.0,56.1,0.5,0.0,0.0,0.0,0.0,0.7,0.0,0.0,0.1,0.0,0.0,0.0,0.5,0.0,15.5,0.0,0.0,0.0,0.7,0.9,0.3,0.0,0.0,0.0,0.0,0.0,0.0
taluk,HAVERI,RANEBENNUR,Kharif,3.4,0.2,0.2,0.1,0.0,0.0,0.0,0.0,0.0,0.1,0.4,0.9,0.0,0.0,14.0,0.0,0.0,0.0,0.0,0.0,0.4,2.3,0.0,0.1,1.9,0.0,0.0,0.0,0.0,55.9,0.3,0.0,0.0,0.0,0.0,1.6,0.0,0.0,0.1,0.0,0.0,0.0,0.7,0.0,15.1,0.0,0.0,0.0,0.6,1.1,0.4,0.0,0.0,0.0,0.0,0.0,0.1
district,HAVERI,,Rabi,15.3,0.0,2.5,0.9,0.0,0.1,0.0,0.0,0.0,4.4,0.2,2.8,0.0,0.0,2.1,0.8,0.0,0.0,0.0,0.0,1.4,1.4,0.0,3.6,31.5,0.0,0.0,0.0,0.0,7.2,4.9,0.0,0.0,0.0,0.0,0.2,0.0,0.0,0.0,0.0,0.1,0.0,0.2,0.0,3.2,0.0,0.0,0.0,0.0,9.9,2.7,0.0,1.3,0.0,0.8,0.0,2.2
taluk,HAVERI,SHIGGAON,Rabi,13.9,0.0,2.7,0.4,0.0,0.0,0.1,0.1,0.0,4.6,0.3,2.0,0.0,0.0,2.5,0.3,0.0,0.0,0.0,0.1,3.3,1.7,0.0,2.8,28.3,0.0,0.0,0.0,0.0,5.7,10.5,0.0,0.0,0.1,0.0,0.1,0.0,0.0,0.0,0.0,0.1,0.0,0.1,0.0,3.9,0.0,0.0,0.0,0.1,10.6,1.2,0.0,0.8,0.0,0.4,0.0,3.2
taluk,HAVERI,SAVANUR,Rabi,4.5,0.0,0.9,0.3,0.1,0.0,0.0,0.0,0.0,8.9,0.4,1.2,0.0,0.0,5.1,2.1,0.0,0.0,0.0,0.0,0.7,3.7,0.0,1.1,39.6,0.0,0.0,0.0,0.0,6.8,2.1,0.0,0.0,0.0,0.0,0.2,0.0,0.0,0.0,0.0,0.2,0.0,0.2,0.0,1.7,0.0,0.0,0.0,0.0,8.7,3.6,0.0,4.1,0.0,0.2,0.0,3.3
taluk,HAVERI,HANAGAL,Rabi,23.8,0.0,5.0,0.3,0.0,0.1,0.0,0.1,0.0,2.1,0.1,1.9,0.1,0.0,1.2,0.4,0.0,0.0,0.0,0.0,3.2,0.7,0.0,2.5,19.4,0.0,0.0,0.0,0.0,6.0,11.9,0.0,0.0,0.1,0.0,0.1,0.0,0.0,0.0,0.0,0.0,0.0,0.1,0.0,5.8,0.0,0.0,0.0,0.1,12.2,1.0,0.0,0.4,0.0,0.3,0.0,1.2
taluk,HAVERI,HAVERI,Rabi,8.0,0.0,1.6,0.4,0.1,0.0,0.0,0.0,0.0,7.0,0.3,1.6,0.0,0.0,2.8,2.1,0.0,0.0,0.0,0.0,0.6,2.3,0.0,1.5,38.2,0.0,0.0,0.0,0.0,8.1,2.4,0.0,0.0,0.0,0.0,0.1,0.0,0.0,0.0,0.0,0.2,0.0,0.2,0.0,2.4,0.0,0.0,0.0,0.0,11.2,3.3,0.0,2.9,0.0,0.3,0.0,2.3
taluk,HAVERI,BYADAGI,Rabi,16.6,0.0,2.3,1.8,0.0,0.1,0.0,0.0,0.0,2.9,0.1,3.5,0.0,0.0,1.1,0.3,0.0,0.0,0.0,0.0,0.6,0.4,0.0,6.2,34.6,0.0,0.0,0.0,0.0,8.4,2.3,0.0,0.0,0.0,0.0,0.2,0.0,0.0,0.0,0.0,0.0,0.0,0.3,0.0,2.4,0.0,0.0,0.0,0.0,8.9,3.0,0.0,0.4,0.0,1.6,0.0,1.9
taluk,HAVERI,HIREKERUR,Rabi,26.1,0.0,3.6,0.8,0.0,0.2,0.0,0.0,0.0,2.1,0.1,4.3,0.0,0.0,0.8,0.3,0.0,0.0,0.0,0.0,0.7,0.4,0.0,6.9,25.6,0.0,0.0,0.0,0.0,7.5,3.0,0.0,0.0,0.0,0.0,0.1,0.0,0.0,0.0,0.0,0.0,0.0,0.2,0.0,2.8,0.0,0.0,0.0,0.0,7.5,3.6,0.0,0.3,0.0,1.5,0.0,1.1
taluk,HAVERI,RANEBENNUR,Rabi,14.2,0.0,1.9,2.5,0.0,0.1,0.0,0.1,0.0,3.4,0.1,4.8,0.0,0.0,1.0,0.3,0.0,0.0,0.0,0.0,0.6,0.5,0.0,4.5,34.5,0.0,0.0,0.0,0.0,7.8,2.0,0.0,0.0,0.0,0.0,0.3,0.0,0.0,0.0,0.0,0.1,0.0,0.5,0.0,3.5,0.0,0.0,0.0,0.0,10.3,3.2,0.0,0.4,0.0,1.2,0.0,2.2
district,HAVERI,,Summer,17.2,0.0,4.1,0.2,0.2,0.4,0.1,0.1,0.0,0.7,0.9,4.7,0.0,0.0,0.6,1.2,0.0,0.0,0.0,0.1,0.5,4.9,0.0,0.8,9.2,0.0,0.0,0.0,0.0,9.2,7.6,0.0,0.0,0.0,0.0,0.1,0.0,0.0,0.0,0.0,0.4,0.0,0.2,0.0,13.1,0.0,0.0,0.0,0.0,18.3,2.2,0.0,2.6,0.0,0.1,0.0,0.4
taluk,HAVERI,SHIGGAON,Summer,16.0,0.0,4.4,0.1,0.1,0.2,0.2,0.1,0.0,1.1,0.9,3.9,0.0,0.0,0.9,0.4,0.0,0.0,0.0,0.3,1.1,5.0,0.0,0.5,8.5,0.0,0.0,0.0,0.0,6.9,16.3,0.0,0.0,0.0,0.0,0.1,0.0,0.0,0.0,0.0,0.2,0.0,0.1,0.0,12.6,0.0,0.0,0.0,0.1,16.7,0.9,0.0,1.4,0.0,0.1,0.0,0.8
taluk,HAVERI,SAVANUR,Summer,5.1,0.0,2.6,0.1,0.5,0.2,0.0,0.0,0.0,1.1,2.1,4.8,0.0,0.0,1.0,3.4,0.0,0.0,0.0,0.2,0.2,13.4,0.0,0.2,9.4,0.0,0.0,0.0,0.0,8.2,4.9,0.0,0.0,0.0,0.0,0.1,0.0,0.0,0.0,0.0,0.9,0.0,0.1,0.0,10.0,0.0,0.0,0.0,0.0,20.7,2.1,0.0,8.1,0.0,0.0,0.0,0.4
taluk,HAVERI,HANAGAL,Summer,24.1,0.0,5.9,0.1,0.1,0.2,0.0,0.1,0.0,0.4,0.4,2.7,0.1,0.0,0.4,0.5,0.0,0.0,0.0,0.1,1.5,2.3,0.0,0.8,6.9,0.0,0.0,0.0,0.0,7.0,14.5,0.0,0.0,0.0,0.0,0.1,0.0,0.0,0.0,0.0,0.1,0.0,0.1,0.0,13.0,0.0,0.0,0.0,0.1,16.6,0.8,0.0,0.8,0.0,0.1,0.0,0.2
taluk,HAVERI,HAVERI,Summer,8.5,0.0,3.1,0.1,0.5,0.2,0.0,0.0,0.0,0.9,1.8,4.9,0.0,0.0,0.6,3.0,0.0,0.0,0.0,0.1,0.3,7.9,0.0,0.4,10.0,0.0,0.0,0.0,0.0,10.0,3.7,0.0,0.0,0.0,0.0,0.0,0.0,0.0,0.0,0.0,0.9,0.0,0.1,0.0,10.4,0.0,0.0,0.0,0.0,23.9,2.2,0.0,6.0,0.0,0.1,0.0,0.3
taluk,HAVERI,BYADAGI,Summer,21.4,0.0,4.3,0.4,0.1,0.6,0.0,0.0,0.0,0.4,0.3,5.4,0.0,0.0,0.4,0.4,0.0,0.0,0.0,0.1,0.2,1.8,0.0,1.3,11.0,0.0,0.0,0.0,0.0,11.6,4.6,0.0,0.0,0.0,0.0,0.1,0.0,0.0,0.0,0.0,0.2,0.0,0.2,0.0,13.5,0.0,0.0,0.0,0.0,17.6,2.9,0.0,0.7,0.0,0.3,0.0,0.2
taluk,HAVERI,HIREKERUR,Summer,27.8,0.0,4.8,0.1,0.1,1.0,0.1,0.0,0.0,0.4,0.3,4.9,0.0,0.0,0.3,0.4,0.0,0.0,0.0,0.0,0.2,1.6,0.0,1.5,8.0,0.0,0.0,0.0,0.0,10.2,5.3,0.0,0.0,0.0,0.0,0.0,0.0,0.0,0.0,0.0,0.2,0.0,0.1,0.0,14.7,0.0,0.0,0.0,0.0,13.4,3.3,0.0,0.7,0.0,0.3,0.0,0.2
taluk,HAVERI,RANEBENNUR,Summer,17.7,0.0,3.7,0.6,0.1,0.4,0.0,0.1,0.0,0.6,0.3,6.3,0.0,0.0,0.3,0.5,0.0,0.0,0.0,0.0,0.1,1.9,0.0,0.8,10.9,0.0,0.0,0.0,0.0,10.5,3.9,0.0,0.0,0.0,0.0,0.1,0.0,0.0,0.0,0.0,0.2,0.0,0.3,0.0,17.1,0.0,0.0,0.0,0.0,19.0,3.1,0.0,0.7,0.0,0.2,0.0,0.4
district,KODAGU,,Kharif,6.0,0.0,0.9,0.0,0.1,6.0,0.7,0.8,0.0,0.0,0.1,5.3,59.3,0.0,1.1,0.3,0.2,0.0,0.1,0.0,0.1,0.1,0.5,0.1,0.7,0.0,0.0,0.0,0.0,2.1,0.4,0.0,0.0,0.0,0.0,0.0,0.0,0.0,0.0,0.0,0.0,0.2,1.5,0.0,10.9,0.0,0.0,0.0,0.1,0.4,0.2,0.0,0.2,1.4,0.0,0.1,0.0
taluk,KODAGU,MADIKERI,Kharif,8.8,0.0,0.7,0.0,0.0,6.3,0.7,1.3,0.0,0.0,0.1,6.3,61.8,0.0,0.3,0.1,0.0,0.0,0.1,0.0,0.0,0.1,0.3,0.0,0.3,0.0,0.0,0.0,0.0,0.9,0.3,0.0,0.0,0.0,0.0,0.0,0.0,0.0,0.0,0.0,0.0,0.1,0.5,0.0,9.9,0.0,0.0,0.0,0.0,0.1,0.1,0.0,0.2,0.4,0.0,0.0,0.0
taluk,KODAGU,SOMWARPET,Kharif,3.8,0.1,0.6,0.0,0.1,5.5,0.7,0.4,0.0,0.0,0.1,2.6,64.0,0.0,0.7,0.4,0.2,0.0,0.2,0.0,0.0,0.1,0.3,0.1,0.7,0.0,0.0,0.0,0.0,2.6,0.3,0.0,0.0,0.0,0.0,0.0,0.0,0.0,0.0,0.0,0.0,0.2,1.7,0.0,12.0,0.0,0.0,0.0,0.1,0.3,0.2,0.0,0.1,1.8,0.0,0.1,0.0
taluk,KODAGU,VIRAJPET,Kharif,5.4,0.0,1.5,0.0,0.1,6.1,0.8,0.6,0.0,0.0,0.2,6.8,52.2,0.0,2.1,0.4,0.3,0.0,0.2,0.0,0.1,0.2,0.9,0.2,1.0,0.0,0.0,0.0,0.0,2.7,0.7,0.0,0.0,0.0,0.0,0.0,0.0,0.0,0.1,0.0,0.0,0.3,2.3,0.0,10.9,0.0,0.0,0.0,0.1,0.8,0.3,0.0,0.3,2.0,0.0,0.2,0.0
district,KODAGU,,Rabi,7.2,0.0,2.0,0.0,0.0,6.9,0.6,0.7,0.0,0.1,0.3,5.9,70.0,0.0,0.1,0.1,0.2,0.0,0.0,0.0,0.0,0.0,0.0,1.0,0.1,0.0,0.0,0.0,0.0,0.6,0.5,0.0,0.0,0.0,0.0,0.0,0.0,0.0,0.0,0.0,0.0,0.0,0.9,0.0,1.7,0.0,0.0,0.0,0.0,0.7,0.0,0.0,0.1,0.1,0.1,0.0,0.0
taluk,KODAGU,MADIKERI,Rabi,10.4,0.0,1.0,0.0,0.0,7.4,0.5,1.2,0.0,0.0,0.2,6.1,69.9,0.0,0.0,0.0,0.1,0.0,0.0,0.0,0.0,0.0,0.0,0.3,0.0,0.0,0.0,0.0,0.0,0.2,0.3,0.0,0.0,0.0,0.0,0.0,0.0,0.0,0.0,0.0,0.0,0.0,0.3,0.0,1.5,0.0,0.0,0.0,0.0,0.3,0.0,0.0,0.1,0.0,0.0,0.0,0.0
taluk,KODAGU,SOMWARPET,Rabi,4.7,0.0,1.6,0.0,0.0,6.2,0.6,0.3,0.0,0.1,0.2,3.5,76.7,0.0,0.0,0.1,0.2,0.0,0.0,0.0,0.0,0.0,0.0,1.0,0.1,0.0,0.0,0.0,0.0,0.7,0.3,0.0,0.0,0.0,0.0,0.0,0.0,0.0,0.0,0.0,0.0,0.0,1.0,0.0,1.7,0.0,0.0,0.0,0.0,0.5,0.0,0.0,0.1,0.1,0.0,0.0,0.0
taluk,KODAGU,VIRAJPET,Rabi,6.4,0.0,3.4,0.0,0.0,7.1,0.6,0.6,0.0,0.1,0.6,8.0,63.3,0.0,0.2,0.1,0.3,0.0,0.0,0.0,0.1,0.0,0.1,1.6,0.1,0.0,0.0,0.0,0.0,0.8,0.9,0.0,0.0,0.1,0.0,0.0,0.0,0.0,0.0,0.0,0.0,0.0,1.4,0.0,2.0,0.0,0.0,0.0,0.0,1.2,0.0,0.0,0.2,0.2,0.1,0.0,0.0
district,KODAGU,,Summer,7.4,0.0,2.2,0.0,0.0,6.9,0.5,0.7,0.0,0.0,0.4,6.2,69.9,0.0,0.1,0.1,0.1,0.0,0.0,0.0,0.0,0.0,0.0,0.6,0.1,0.0,0.0,0.0,0.0,0.5,0.5,0.0,0.0,0.0,0.0,0.0,0.0,0.0,0.0,0.0,0.0,0.0,0.6,0.0,1.9,0.0,0.0,0.0,0.0,0.8,0.0,0.0,0.1,0.1,0.0,0.0,0.0
taluk,KODAGU,MADIKERI,Summer,10.5,0.0,1.0,0.0,0.0,7.4,0.5,1.2,0.0,0.0,0.3,6.2,69.7,0.0,0.0,0.0,0.0,0.0,0.0,0.0,0.0,0.0,0.0,0.2,0.0,0.0,0.0,0.0,0.0,0.2,0.3,0.0,0.0,0.0,0.0,0.0,0.0,0.0,0.0,0.0,0.0,0.0,0.2,0.0,1.5,0.0,0.0,0.0,0.0,0.3,0.0,0.0,0.1,0.0,0.0,0.0,0.0
taluk,KODAGU,SOMWARPET,Summer,5.0,0.0,1.8,0.0,0.0,6.2,0.5,0.3,0.0,0.0,0.3,3.9,76.6,0.0,0.0,0.1,0.2,0.0,0.0,0.0,0.0,0.0,0.0,0.6,0.1,0.0,0.0,0.0,0.0,0.6,0.3,0.0,0.0,0.0,0.0,0.0,0.0,0.0,0.0,0.0,0.0,0.0,0.7,0.0,1.9,0.0,0.0,0.0,0.0,0.6,0.0,0.0,0.0,0.1,0.0,0.0,0.0
taluk,KODAGU,VIRAJPET,Summer,6.7,0.0,3.8,0.0,0.0,7.1,0.6,0.7,0.0,0.1,0.6,8.4,63.3,0.0,0.2,0.1,0.2,0.0,0.0,0.0,0.1,0.0,0.1,1.1,0.1,0.0,0.0,0.0,0.0,0.7,0.9,0.0,0.0,0.0,0.0,0.0,0.0,0.0,0.0,0.0,0.0,0.0,1.0,0.0,2.2,0.0,0.0,0.0,0.0,1.4,0.0,0.0,0.2,0.2,0.1,0.0,0.0
district,KOLAR,,Kharif,0.2,0.0,0.2,0.0,0.1,0.0,0.0,0.0,0.0,0.0,0.0,2.2,0.0,0.0,0.4,0.1,2.9,0.0,0.0,0.1,0.1,7.4,0.1,1.1,1.8,0.0,0.0,0.0,0.0,2.0,25.6,0.0,0.0,0.0,0.0,0.0,0.0,0.0,0.5,0.0,0.0,0.6,46.2,0.0,2.5,0.0,0.1,0.0,0.0,0.5,0.0,0.0,0.0,0.0,5.1,0.1,0.0
taluk,KOLAR,BANGARPET,Kharif,0.1,0.1,0.5,0.0,0.2,0.0,0.0,0.0,0.0,0.0,0.0,2.9,0.0,0.0,0.6,0.2,2.7,0.0,0.0,0.0,0.1,8.9,0.1,1.3,2.3,0.0,0.0,0.0,0.0,1.8,20.7,0.0,0.0,0.0,0.0,0.0,0.0,0.0,0.6,0.0,0.0,0.9,45.1,0.0,4.1,0.0,0.1,0.0,0.0,0.8,0.1,0.0,0.0,0.0,5.7,0.1,0.0
taluk,KOLAR,MULBAGAL,Kharif,0.2,0.1,0.2,0.0,0.2,0.0,0.0,0.0,0.0,0.0,0.0,2.2,0.1,0.0,0.8,0.2,2.2,0.0,0.0,0.0,0.1,12.0,0.1,1.2,2.1,0.0,0.0,0.0,0.0,2.7,27.7,0.0,0.0,0.0,0.0,0.1,0.0,0.0,0.9,0.0,0.0,0.4,36.2,0.0,4.2,0.0,0.1,0.0,0.1,0.9,0.1,0.0,0.0,0.0,4.8,0.1,0.0
taluk,KOLAR,SRINIVASAPUR,Kharif,0.1,0.0,0.1,0.0,0.0,0.0,0.0,0.0,0.0,0.0,0.0,1.2,0.0,0.0,0.1,0.0,3.3,0.0,0.0,0.1,0.0,7.4,0.0,1.6,2.0,0.0,0.0,0.0,0.0,2.6,38.3,0.0,0.0,0.0,0.0,0.0,0.0,0.0,0.3,0.0,0.0,0.3,36.1,0.0,1.3,0.0,0.0,0.0,0.0,0.2,0.0,0.0,0.0,0.0,4.6,0.0,0.0
taluk,KOLAR,KOLAR,Kharif,0.3,0.0,0.1,0.0,0.0,0.0,0.0,0.0,0.0,0.0,0.0,2.5,0.0,0.0,0.1,0.0,2.9,0.0,0.0,0.3,0.0,4.4,0.0,0.8,1.3,0.0,0.0,0.0,0.0,1.7,24.4,0.0,0.0,0.0,0.0,0.0,0.0,0.0,0.3,0.0,0.0,0.4,54.1,0.0,1.4,0.0,0.0,0.0,0.0,0.2,0.0,0.0,0.0,0.0,4.6,0.0,0.0
taluk,KOLAR,MALUR,Kharif,0.2,0.0,0.2,0.0,0.0,0.0,0.0,0.0,0.0,0.0,0.0,2.2,0.0,0.0,0.1,0.0,3.5,0.0,0.0,0.2,0.0,3.4,0.0,0.8,1.2,0.0,0.0,0.0,0.0,1.4,17.0,0.0,0.0,0.0,0.0,0.0,0.0,0.0,0.2,0.0,0.0,1.0,61.2,0.0,1.4,0.0,0.0,0.0,0.0,0.2,0.0,0.0,0.0,0.0,5.6,0.0,0.0
district,KOLAR,,Rabi,0.2,0.0,1.5,0.0,0.0,0.0,0.0,0.2,0.0,0.6,0.0,4.4,0.0,0.0,0.0,0.0,0.1,0.0,0.0,0.8,0.0,0.5,0.0,5.8,0.7,0.0,0.0,0.0,0.0,0.1,63.4,0.0,0.0,0.0,0.0,0.2,0.0,0.0,0.0,0.0,0.1,8.1,2.0,0.0,0.5,0.0,0.1,0.0,0.0,0.8,0.1,0.0,0.1,0.0,9.5,0.0,0.1
taluk,KOLAR,BANGARPET,Rabi,0.2,0.0,2.9,0.0,0.0,0.0,0.0,0.1,0.0,0.5,0.0,6.1,0.1,0.0,0.0,0.0,0.1,0.0,0.0,0.4,0.0,0.6,0.0,7.9,0.5,0.0,0.0,0.0,0.0,0.1,53.3,0.0,0.0,0.0,0.0,0.1,0.0,0.0,0.0,0.0,0.1,11.9,2.2,0.0,0.6,0.0,0.1,0.0,0.0,1.2,0.1,0.0,0.1,0.0,10.5,0.0,0.1
taluk,KOLAR,MULBAGAL,Rabi,0.3,0.0,1.3,0.0,0.0,0.0,0.0,0.2,0.0,0.8,0.0,3.8,0.1,0.0,0.0,0.0,0.1,0.0,0.0,0.5,0.0,1.0,0.0,5.6,0.5,0.0,0.0,0.0,0.0,0.2,66.5,0.0,0.0,0.0,0.0,0.2,0.0,0.0,0.0,0.0,0.1,6.0,1.7,0.0,0.9,0.0,0.2,0.0,0.0,1.3,0.2,0.0,0.1,0.0,8.3,0.0,0.1
taluk,KOLAR,SRINIVASAPUR,Rabi,0.1,0.0,0.5,0.0,0.0,0.0,0.0,0.2,0.0,1.0,0.0,1.5,0.0,0.0,0.0,0.0,0.1,0.0,0.0,0.7,0.0,0.3,0.0,3.5,0.2,0.0,0.0,0.0,0.0,0.1,78.8,0.0,0.0,0.0,0.0,0.2,0.0,0.0,0.0,0.0,0.1,2.9,1.3,0.0,0.2,0.0,0.1,0.0,0.0,0.3,0.0,0.0,0.0,0.0,7.6,0.0,0.2
taluk,KOLAR,KOLAR,Rabi,0.1,0.0,1.1,0.0,0.0,0.0,0.0,0.2,0.0,0.4,0.0,4.4,0.0,0.0,0.0,0.0,0.2,0.0,0.0,1.2,0.0,0.3,0.0,4.9,1.2,0.0,0.0,0.0,0.0,0.1,65.6,0.0,0.0,0.0,0.0,0.2,0.0,0.0,0.0,0.0,0.1,6.9,2.3,0.0,0.3,0.0,0.0,0.0,0.0,0.3,0.1,0.0,0.0,0.0,9.9,0.0,0.2
taluk,KOLAR,MALUR,Rabi,0.1,0.0,1.9,0.0,0.0,0.0,0.0,0.2,0.0,0.3,0.0,6.1,0.1,0.0,0.0,0.0,0.1,0.0,0.0,1.1,0.0,0.2,0.0,7.1,1.0,0.0,0.0,0.0,0.0,0.1,52.9,0.0,0.0,0.0,0.0,0.2,0.0,0.0,0.0,0.0,0.1,13.0,2.5,0.0,0.3,0.0,0.1,0.0,0.0,0.5,0.1,0.0,0.1,0.0,11.7,0.0,0.2
district,KOLAR,,Summer,0.2,0.0,1.9,0.0,0.0,0.0,0.0,0.2,0.0,0.2,0.0,5.0,0.0,0.0,0.0,0.0,0.1,0.0,0.0,1.0,0.0,0.4,0.0,2.5,0.2,0.0,0.0,0.0,0.0,0.1,75.1,0.0,0.0,0.0,0.0,0.1,0.0,0.0,0.0,0.0,0.2,5.1,1.9,0.0,0.4,0.0,0.1,0.0,0.0,0.9,0.1,0.0,0.1,0.0,3.9,0.0,0.0
taluk,KOLAR,BANGARPET,Summer,0.3,0.0,3.5,0.0,0.0,0.0,0.0,0.1,0.0,0.2,0.0,7.1,0.1,0.0,0.0,0.0,0.1,0.0,0.0,0.6,0.0,0.5,0.0,4.0,0.2,0.0,0.0,0.0,0.0,0.1,65.0,0.0,0.0,0.0,0.0,0.1,0.0,0.0,0.0,0.0,0.2,8.3,1.9,0.0,0.6,0.0,0.1,0.0,0.0,1.6,0.1,0.0,0.2,0.0,5.0,0.0,0.0
taluk,KOLAR,MULBAGAL,Summer,0.3,0.0,1.7,0.0,0.0,0.0,0.0,0.1,0.0,0.2,0.0,4.3,0.0,0.0,0.0,0.0,0.1,0.0,0.0,0.7,0.0,0.8,0.0,2.3,0.2,0.0,0.0,0.0,0.0,0.2,77.3,0.0,0.0,0.0,0.0,0.1,0.0,0.1,0.0,0.0,0.2,3.4,1.5,0.0,0.7,0.0,0.3,0.0,0.0,1.6,0.1,0.0,0.1,0.0,3.3,0.0,0.1
taluk,KOLAR,SRINIVASAPUR,Summer,0.1,0.0,0.6,0.0,0.0,0.0,0.0,0.2,0.0,0.3,0.0,1.8,0.0,0.0,0.0,0.0,0.1,0.0,0.0,0.9,0.0,0.3,0.0,1.3,0.1,0.0,0.0,0.0,0.0,0.1,87.8,0.0,0.0,0.0,0.0,0.1,0.0,0.0,0.0,0.0,0.2,1.6,1.3,0.0,0.2,0.0,0.0,0.0,0.0,0.4,0.0,0.0,0.0,0.0,2.5,0.0,0.0
taluk,KOLAR,KOLAR,Summer,0.1,0.0,1.3,0.0,0.0,0.0,0.0,0.2,0.0,0.1,0.0,4.9,0.0,0.0,0.0,0.0,0.1,0.0,0.0,1.7,0.0,0.3,0.0,1.6,0.4,0.0,0.0,0.0,0.0,0.1,78.8,0.0,0.0,0.0,0.0,0.1,0.0,0.0,0.0,0.0,0.3,3.5,2.3,0.0,0.3,0.0,0.0,0.0,0.0,0.4,0.1,0.0,0.0,0.0,3.4,0.0,0.0
taluk,KOLAR,MALUR,Summer,0.1,0.0,2.2,0.0,0.0,0.0,0.0,0.2,0.0,0.1,0.0,7.0,0.1,0.0,0.0,0.0,0.1,0.0,0.0,1.5,0.0,0.2,0.0,3.2,0.4,0.0,0.0,0.0,0.0,0.1,66.7,0.0,0.0,0.0,0.0,0.1,0.0,0.0,0.0,0.0,0.2,8.8,2.4,0.0,0.4,0.0,0.1,0.0,0.0,0.6,0.1,0.0,0.1,0.0,5.3,0.0,0.1
district,KOPPAL,,Kharif,0.1,15.4,0.2,0.0,0.1,0.0,0.0,0.0,0.1,1.7,0.7,0.2,0.0,0.0,3.5,0.0,0.0,0.0,0.0,0.0,10.0,6.0,0.0,0.1,4.0,0.0,0.0,0.0,0.0,17.6,0.3,0.2,0.0,0.0,0.0,2.5,0.0,0.0,8.5,0.0,0.2,0.1,0.3,0.0,20.3,0.0,0.0,0.5,0.1,3.5,3.8,0.0,0.0,0.0,0.0,0.0,0.1
taluk,KOPPAL,YELBURGA,Kharif,0.1,13.1,0.1,0.0,0.1,0.0,0.0,0.0,0.0,1.6,1.1,0.1,0.0,0.0,3.6,0.0,0.0,0.0,0.0,0.0,16.2,8.6,0.0,0.0,4.2,0.0,0.0,0.0,0.0,21.0,0.2,0.1,0.0,0.0,0.0,4.5,0.0,0.0,5.4,0.0,0.2,0.0,0.3,0.0,11.7,0.0,0.0,0.2,0.2,2.7,4.3,0.0,0.0,0.0,0.0,0.0,0.2
taluk,KOPPAL,KUSHTAGI,Kharif,0.0,20.7,0.1,0.0,0.1,0.0,0.0,0.0,0.1,1.5,0.3,0.1,0.0,0.0,2.5,0.0,0.0,0.0,0.0,0.0,10.7,4.1,0.0,0.1,3.8,0.0,0.0,0.0,0.0,14.2,0.2,0.5,0.0,0.0,0.0,2.5,0.0,0.0,17.0,0.0,0.2,0.1,0.1,0.0,9.8,0.0,0.0,1.2,0.2,4.7,5.1,0.0,0.0,0.0,0.0,0.0,0.1
taluk,KOPPAL,GANGAVATHI,Kharif,0.1,13.1,0.4,0.0,0.1,0.0,0.0,0.0,0.1,1.9,0.8,0.2,0.0,0.0,4.4,0.0,0.0,0.0,0.0,0.0,4.2,3.8,0.0,0.1,4.1,0.0,0.0,0.0,0.0,12.6,0.5,0.1,0.0,0.0,0.0,1.0,0.0,0.0,5.5,0.0,0.1,0.1,0.2,0.0,41.2,0.0,0.0,0.2,0.1,2.8,2.1,0.0,0.0,0.0,0.0,0.0,0.0
taluk,KOPPAL,KOPPAL,Kharif,0.2,14.8,0.2,0.0,0.1,0.0,0.0,0.0,0.1,1.5,0.6,0.3,0.0,0.0,3.4,0.1,0.0,0.0,0.0,0.0,8.8,7.3,0.1,0.1,3.9,0.0,0.0,0.0,0.0,22.6,0.4,0.1,0.0,0.0,0.0,2.1,0.0,0.0,6.1,0.0,0.4,0.1,0.5,0.0,18.6,0.0,0.0,0.3,0.1,3.5,3.7,0.0,0.0,0.0,0.0,0.0,0.1
district,KOPPAL,,Rabi,0.2,0.9,2.3,0.0,0.1,0.0,0.0,0.0,0.0,29.4,0.0,0.3,0.0,0.0,3.3,0.2,0.0,0.0,0.0,0.0,0.4,4.7,0.0,0.5,28.8,0.0,0.0,0.0,0.0,3.9,1.2,0.0,0.0,0.0,0.0,0.2,0.0,0.0,0.4,0.0,0.7,0.0,0.0,0.0,4.2,0.0,0.0,0.0,0.0,7.1,8.1,0.0,0.0,0.0,0.1,0.0,2.7
taluk,KOPPAL,YELBURGA,Rabi,0.2,0.7,1.4,0.0,0.1,0.0,0.0,0.0,0.0,33.3,0.0,0.3,0.0,0.0,4.1,0.1,0.0,0.0,0.0,0.0,0.7,4.9,0.0,0.3,27.2,0.0,0.0,0.0,0.0,4.2,1.0,0.0,0.0,0.0,0.0,0.2,0.0,0.0,0.3,0.0,0.5,0.0,0.0,0.0,1.9,0.0,0.0,0.0,0.0,5.0,8.8,0.0,0.0,0.0,0.1,0.0,4.5
taluk,KOPPAL,KUSHTAGI,Rabi,0.1,1.2,1.3,0.0,0.0,0.0,0.0,0.0,0.0,30.3,0.0,0.3,0.0,0.0,2.5,0.1,0.0,0.0,0.0,0.0,0.5,4.9,0.0,1.0,32.3,0.0,0.0,0.0,0.0,3.8,0.7,0.0,0.0,0.0,0.0,0.2,0.0,0.0,0.7,0.0,0.5,0.0,0.0,0.0,2.0,0.0,0.0,0.1,0.0,7.1,8.0,0.0,0.0,0.0,0.0,0.0,2.1
taluk,KOPPAL,GANGAVATHI,Rabi,0.1,1.0,4.0,0.0,0.1,0.0,0.0,0.1,0.0,26.5,0.0,0.2,0.0,0.0,3.3,0.1,0.0,0.0,0.0,0.0,0.2,4.0,0.0,0.3,28.6,0.0,0.0,0.0,0.0,2.8,1.9,0.0,0.0,0.0,0.0,0.1,0.0,0.0,0.3,0.0,0.4,0.0,0.0,0.0,9.0,0.0,0.0,0.0,0.0,8.3,7.0,0.0,0.0,0.0,0.1,0.0,1.4
taluk,KOPPAL,KOPPAL,Rabi,0.3,0.9,2.4,0.0,0.1,0.0,0.0,0.0,0.0,27.6,0.0,0.4,0.0,0.0,3.4,0.3,0.0,0.0,0.0,0.0,0.4,4.9,0.0,0.3,27.2,0.0,0.0,0.0,0.0,5.0,1.3,0.0,0.0,0.0,0.0,0.2,0.0,0.0,0.3,0.0,1.4,0.0,0.1,0.0,3.8,0.0,0.0,0.0,0.0,8.1,8.7,0.0,0.0,0.0,0.1,0.0,2.5
district,KOPPAL,,Summer,0.3,0.3,2.6,0.0,0.6,0.2,0.0,0.0,0.0,1.9,0.1,2.1,0.0,0.0,0.3,1.5,0.0,0.0,0.0,0.1,0.2,26.6,0.0,0.0,3.8,0.0,0.0,0.0,0.0,4.3,4.4,0.0,0.0,0.0,0.0,0.4,0.0,0.0,0.1,0.0,2.2,0.0,0.1,0.0,29.9,0.0,0.1,0.1,0.0,12.6,5.0,0.0,0.1,0.0,0.0,0.0,0.1
taluk,KOPPAL,YELBURGA,Summer,0.3,0.2,2.3,0.0,1.0,0.3,0.0,0.0,0.0,1.9,0.1,2.1,0.0,0.0,0.3,1.4,0.0,0.0,0.0,0.1,0.2,36.3,0.0,0.0,3.7,0.0,0.0,0.0,0.0,5.0,5.6,0.0,0.0,0.0,0.0,0.7,0.0,0.0,0.1,0.0,1.8,0.0,0.1,0.0,17.6,0.0,0.1,0.1,0.0,11.3,7.0,0.0,0.1,0.0,0.0,0.0,0.2
taluk,KOPPAL,KUSHTAGI,Summer,0.2,0.4,1.8,0.0,0.4,0.2,0.0,0.0,0.0,1.6,0.1,3.4,0.0,0.0,0.2,1.7,0.0,0.0,0.0,0.2,0.2,32.1,0.0,0.1,3.9,0.0,0.0,0.0,0.0,4.7,3.9,0.0,0.0,0.0,0.0,0.3,0.0,0.0,0.2,0.0,2.4,0.0,0.0,0.0,18.5,0.0,0.1,0.1,0.0,17.2,5.7,0.0,0.2,0.0,0.0,0.0,0.1
taluk,KOPPAL,GANGAVATHI,Summer,0.2,0.3,3.1,0.0,0.3,0.1,0.0,0.0,0.0,2.2,0.0,0.9,0.0,0.0,0.3,0.9,0.0,0.0,0.0,0.0,0.1,14.1,0.0,0.0,3.9,0.0,0.0,0.0,0.0,2.5,3.5,0.0,0.0,0.0,0.0,0.1,0.0,0.0,0.1,0.0,1.5,0.0,0.0,0.0,54.3,0.0,0.1,0.1,0.0,8.6,2.6,0.0,0.1,0.0,0.0,0.0,0.1
taluk,KOPPAL,KOPPAL,Summer,0.5,0.3,3.1,0.0,0.6,0.1,0.0,0.0,0.0,2.1,0.1,2.1,0.0,0.0,0.3,1.9,0.0,0.0,0.0,0.1,0.1,24.0,0.0,0.0,3.9,0.0,0.0,0.0,0.0,5.0,4.4,0.0,0.0,0.0,0.0,0.3,0.0,0.0,0.1,0.0,3.0,0.0,0.1,0.0,29.0,0.0,0.1,0.1,0.0,13.3,4.9,0.0,0.2,0.0,0.0,0.0,0.2
district,MANDYA,,Kharif,1.1,0.0,0.8,0.0,0.9,0.0,0.0,0.0,0.0,0.0,0.0,17.2,0.2,0.0,0.4,1.5,0.3,0.0,0.0,0.0,0.1,0.9,0.1,4.4,1.3,0.0,0.0,0.0,0.0,3.7,1.9,0.0,0.0,0.0,0.0,0.0,0.0,0.0,0.2,0.0,0.0,0.1,22.0,0.0,27.4,0.0,0.0,0.1,0.0,12.6,0.0,0.0,0.0,1.9,0.5,0.1,0.0
taluk,MANDYA,K.R. PET,Kharif,1.1,0.0,0.8,0.0,0.5,0.0,0.0,0.0,0.0,0.0,0.0,16.5,0.6,0.0,0.6,4.2,0.8,0.0,0.1,0.0,0.1,0.4,0.1,2.7,1.3,0.0,0.0,0.0,0.0,6.5,0.9,0.0,0.0,0.0,0.0,0.0,0.0,0.0,0.3,0.0,0.0,0.4,21.1,0.0,23.4,0.0,0.0,0.3,0.0,8.9,0.0,0.0,0.0,7.9,0.4,0.1,0.0
taluk,MANDYA,NAGAMANGALA,Kharif,3.8,0.0,0.3,0.0,0.2,0.0,0.0,0.0,0.0,0.0,0.0,32.6,0.1,0.0,0.2,0.4,0.1,0.0,0.0,0.0,0.2,0.7,0.1,5.5,0.7,0.0,0.0,0.0,0.0,2.0,2.2,0.0,0.0,0.0,0.0,0.1,0.0,0.0,0.1,0.0,0.1,0.2,33.4,0.0,10.8,0.0,0.0,0.1,0.0,5.0,0.0,0.0,0.0,0.5,0.2,0.0,0.0
taluk,MANDYA,PANDAVAPURA,Kharif,0.6,0.0,0.8,0.0,0.7,0.0,0.0,0.0,0.0,0.0,0.0,15.2,0.2,0.0,0.5,2.3,0.4,0.0,0.0,0.0,0.1,0.8,0.1,4.0,1.5,0.0,0.0,0.0,0.0,3.7,1.6,0.0,0.0,0.0,0.0,0.0,0.0,0.0,0.3,0.0,0.0,0.1,20.6,0.0,28.3,0.0,0.0,0.2,0.0,14.1,0.1,0.0,0.0,2.5,1.0,0.2,0.0
taluk,MANDYA,SRIRANGAPATNA,Kharif,0.3,0.0,0.8,0.0,1.5,0.0,0.0,0.0,0.0,0.0,0.0,12.4,0.1,0.0,0.3,1.1,0.1,0.0,0.0,0.0,0.1,1.0,0.1,4.3,1.1,0.0,0.0,0.0,0.0,2.9,1.1,0.0,0.0,0.0,0.0,0.0,0.0,0.0,0.2,0.0,0.0,0.1,17.5,0.0,38.1,0.0,0.0,0.1,0.0,15.5,0.0,0.0,0.0,0.5,0.6,0.1,0.0
taluk,MANDYA,MANDYA,Kharif,0.7,0.0,0.8,0.0,1.0,0.0,0.0,0.0,0.0,0.0,0.0,14.9,0.1,0.0,0.3,1.0,0.1,0.0,0.0,0.0,0.1,1.0,0.1,4.6,1.2,0.0,0.0,0.0,0.0,2.8,1.7,0.0,0.0,0.0,0.0,0.0,0.0,0.0,0.2,0.0,0.0,0.1,20.1,0.0,31.6,0.0,0.0,0.1,0.1,16.1,0.0,0.0,0.0,0.5,0.6,0.1,0.0
taluk,MANDYA,MADDUR,Kharif,0.7,0.0,1.0,0.0,1.0,0.0,0.0,0.0,0.0,0.0,0.0,15.2,0.2,0.0,0.4,0.6,0.1,0.0,0.0,0.0,0.1,1.1,0.1,4.7,1.5,0.0,0.0,0.0,0.0,3.6,2.3,0.0,0.0,0.0,0.0,0.0,0.0,0.0,0.2,0.0,0.0,0.0,19.3,0.0,31.0,0.0,0.0,0.1,0.1,15.7,0.0,0.0,0.0,0.5,0.3,0.1,0.0
taluk,MANDYA,MALAVALLI,Kharif,0.4,0.0,1.4,0.0,1.1,0.0,0.0,0.0,0.0,0.0,0.0,13.0,0.2,0.0,0.5,0.7,0.3,0.0,0.0,0.0,0.2,1.6,0.1,4.6,2.1,0.0,0.0,0.0,0.0,4.3,3.2,0.0,0.0,0.0,0.0,0.0,0.0,0.0,0.3,0.0,0.0,0.1,21.4,0.0,30.0,0.0,0.0,0.1,0.0,13.2,0.0,0.0,0.0,0.5,0.4,0.1,0.0
district,MANDYA,,Rabi,2.3,0.0,4.2,0.0,0.1,0.0,0.0,0.1,0.0,0.1,0.0,36.3,0.4,0.0,0.0,0.2,0.3,0.0,0.0,0.0,0.0,0.1,0.0,11.3,0.1,0.0,0.0,0.0,0.0,0.5,4.1,0.0,0.0,0.0,0.0,0.0,0.0,0.0,0.0,0.0,0.0,0.0,4.2,0.0,2.6,0.0,0.0,0.0,0.0,32.1,0.0,0.0,0.1,0.0,0.5,0.0,0.1
taluk,MANDYA,K.R. PET,Rabi,5.6,0.0,5.6,0.0,0.0,0.0,0.0,0.0,0.0,0.1,0.0,38.7,1.1,0.0,0.0,0.7,1.2,0.0,0.0,0.0,0.0,0.1,0.0,10.9,0.1,0.0,0.0,0.0,0.0,1.5,2.1,0.0,0.0,0.0,0.0,0.0,0.0,0.0,0.0,0.0,0.0,0.0,7.5,0.0,2.9,0.0,0.0,0.0,0.0,20.7,0.0,0.0,0.1,0.2,0.5,0.0,0.0
taluk,MANDYA,NAGAMANGALA,Rabi,4.8,0.0,1.7,0.0,0.0,0.0,0.0,0.1,0.0,0.2,0.0,65.1,0.2,0.0,0.0,0.0,0.1,0.0,0.0,0.0,0.0,0.0,0.0,7.6,0.2,0.0,0.0,0.0,0.0,0.2,3.0,0.0,0.0,0.0,0.0,0.0,0.0,0.0,0.0,0.0,0.1,0.0,4.1,0.0,1.1,0.0,0.0,0.0,0.0,10.8,0.0,0.0,0.0,0.0,0.2,0.0,0.1
taluk,MANDYA,PANDAVAPURA,Rabi,1.6,0.0,4.6,0.0,0.0,0.0,0.0,0.1,0.0,0.1,0.0,32.4,0.3,0.0,0.0,0.2,0.5,0.0,0.0,0.0,0.0,0.1,0.0,12.2,0.1,0.0,0.0,0.0,0.0,0.5,3.4,0.0,0.0,0.0,0.0,0.0,0.0,0.0,0.0,0.0,0.0,0.0,4.5,0.0,2.8,0.0,0.0,0.0,0.0,35.1,0.0,0.0,0.1,0.1,1.0,0.0,0.1
taluk,MANDYA,SRIRANGAPATNA,Rabi,0.7,0.0,4.1,0.0,0.0,0.0,0.0,0.0,0.0,0.1,0.0,27.9,0.1,0.0,0.0,0.0,0.1,0.0,0.0,0.0,0.0,0.1,0.0,13.5,0.1,0.0,0.0,0.0,0.0,0.2,2.7,0.0,0.0,0.0,0.0,0.0,0.0,0.0,0.0,0.0,0.0,0.0,3.4,0.0,3.0,0.0,0.0,0.0,0.0,43.1,0.0,0.0,0.0,0.0,0.7,0.0,0.0
taluk,MANDYA,MANDYA,Rabi,1.3,0.0,3.5,0.0,0.1,0.0,0.0,0.1,0.0,0.1,0.0,29.2,0.2,0.0,0.0,0.0,0.1,0.0,0.0,0.0,0.0,0.1,0.0,11.9,0.1,0.0,0.0,0.0,0.0,0.2,3.4,0.0,0.0,0.0,0.0,0.0,0.0,0.0,0.0,0.0,0.0,0.0,3.4,0.0,2.9,0.0,0.0,0.0,0.0,42.7,0.0,0.0,0.0,0.0,0.5,0.0,0.0
taluk,MANDYA,MADDUR,Rabi,1.3,0.0,4.1,0.0,0.1,0.0,0.0,0.1,0.0,0.1,0.0,30.2,0.3,0.0,0.0,0.0,0.1,0.0,0.0,0.0,0.0,0.1,0.0,11.1,0.1,0.0,0.0,0.0,0.0,0.3,5.6,0.0,0.0,0.0,0.0,0.0,0.0,0.0,0.0,0.0,0.1,0.0,2.9,0.0,2.8,0.0,0.0,0.0,0.0,39.9,0.0,0.0,0.1,0.0,0.3,0.0,0.1
taluk,MANDYA,MALAVALLI,Rabi,0.7,0.0,5.9,0.0,0.1,0.0,0.0,0.1,0.0,0.1,0.0,30.1,0.3,0.0,0.0,0.0,0.1,0.0,0.0,0.2,0.0,0.1,0.0,12.4,0.2,0.0,0.0,0.0,0.0,0.5,8.2,0.0,0.0,0.0,0.0,0.0,0.0,0.0,0.0,0.0,0.0,0.1,3.3,0.0,2.8,0.0,0.0,0.0,0.0,33.7,0.0,0.0,0.2,0.0,0.6,0.0,0.1
district,MANDYA,,Summer,2.5,0.0,5.2,0.0,0.0,0.0,0.0,0.1,0.0,0.1,0.0,38.7,0.4,0.0,0.0,0.1,0.1,0.0,0.0,0.0,0.0,0.0,0.0,3.6,0.1,0.0,0.0,0.0,0.0,0.3,5.0,0.0,0.0,0.0,0.0,0.0,0.0,0.0,0.0,0.0,0.0,0.0,1.8,0.0,8.1,0.0,0.0,0.0,0.0,33.3,0.0,0.0,0.1,0.0,0.2,0.0,0.0
taluk,MANDYA,K.R. PET,Summer,6.5,0.0,7.3,0.0,0.0,0.0,0.0,0.1,0.0,0.0,0.0,44.4,1.4,0.0,0.0,0.3,0.4,0.0,0.0,0.0,0.0,0.0,0.0,3.5,0.0,0.0,0.0,0.0,0.0,0.5,2.7,0.0,0.0,0.0,0.0,0.0,0.0,0.0,0.0,0.0,0.0,0.0,2.8,0.0,7.1,0.0,0.0,0.0,0.0,22.4,0.0,0.0,0.0,0.2,0.2,0.0,0.0
taluk,MANDYA,NAGAMANGALA,Summer,4.8,0.0,2.0,0.0,0.0,0.0,0.0,0.1,0.0,0.1,0.0,67.4,0.3,0.0,0.0,0.0,0.0,0.0,0.0,0.0,0.0,0.0,0.0,4.4,0.1,0.0,0.0,0.0,0.0,0.1,3.1,0.0,0.0,0.0,0.0,0.0,0.0,0.0,0.0,0.0,0.1,0.0,3.4,0.0,2.6,0.0,0.0,0.0,0.0,11.1,0.0,0.0,0.0,0.0,0.1,0.0,0.0
taluk,MANDYA,PANDAVAPURA,Summer,1.9,0.0,5.5,0.0,0.0,0.0,0.0,0.1,0.0,0.1,0.0,35.6,0.4,0.0,0.0,0.1,0.1,0.0,0.0,0.0,0.0,0.1,0.0,3.9,0.1,0.0,0.0,0.0,0.0,0.3,4.5,0.0,0.0,0.0,0.0,0.0,0.0,0.0,0.0,0.0,0.0,0.0,1.7,0.0,8.1,0.0,0.0,0.0,0.0,36.7,0.0,0.0,0.1,0.1,0.4,0.0,0.0
taluk,MANDYA,SRIRANGAPATNA,Summer,0.8,0.0,5.1,0.0,0.0,0.0,0.0,0.0,0.0,0.0,0.0,29.2,0.1,0.0,0.0,0.0,0.0,0.0,0.0,0.0,0.0,0.0,0.0,3.2,0.0,0.0,0.0,0.0,0.0,0.1,3.8,0.0,0.0,0.0,0.0,0.0,0.0,0.0,0.0,0.0,0.0,0.0,1.0,0.0,11.5,0.0,0.0,0.0,0.0,44.4,0.0,0.0,0.1,0.0,0.2,0.0,0.0
taluk,MANDYA,MANDYA,Summer,1.3,0.0,4.3,0.0,0.0,0.0,0.0,0.1,0.0,0.0,0.0,30.6,0.2,0.0,0.0,0.0,0.0,0.0,0.0,0.0,0.0,0.1,0.0,3.2,0.1,0.0,0.0,0.0,0.0,0.1,4.4,0.0,0.0,0.0,0.0,0.0,0.0,0.0,0.0,0.0,0.0,0.0,1.3,0.0,9.7,0.0,0.0,0.0,0.0,44.1,0.0,0.0,0.1,0.0,0.1,0.0,0.0
taluk,MANDYA,MADDUR,Summer,1.4,0.0,5.1,0.0,0.0,0.1,0.0,0.1,0.0,0.1,0.0,31.3,0.3,0.0,0.0,0.0,0.0,0.0,0.0,0.0,0.0,0.1,0.0,3.1,0.1,0.0,0.0,0.0,0.0,0.3,6.5,0.0,0.0,0.0,0.0,0.0,0.0,0.0,0.0,0.0,0.1,0.0,1.1,0.0,9.0,0.0,0.0,0.0,0.0,40.9,0.0,0.0,0.1,0.0,0.1,0.0,0.0
taluk,MANDYA,MALAVALLI,Summer,0.8,0.0,7.0,0.0,0.0,0.0,0.0,0.1,0.0,0.1,0.0,31.4,0.3,0.0,0.0,0.0,0.0,0.0,0.0,0.2,0.0,0.1,0.0,3.7,0.1,0.0,0.0,0.0,0.0,0.4,9.6,0.0,0.0,0.0,0.0,0.0,0.0,0.0,0.0,0.0,0.0,0.1,1.3,0.0,9.2,0.0,0.0,0.0,0.0,34.8,0.0,0.0,0.3,0.0,0.3,0.0,0.0
district,MYSORE,,Kharif,1.1,0.0,3.2,0.0,1.6,0.4,0.1,0.1,0.0,0.0,0.0,9.6,3.5,0.0,5.5,3.3,1.2,0.0,0.1,0.0,0.6,0.9,0.3,1.5,3.8,0.0,0.0,0.0,0.0,7.8,0.9,0.0,0.0,0.0,0.0,0.0,0.0,0.0,0.4,0.0,0.0,0.4,13.3,0.0,23.2,0.0,0.0,0.4,0.1,6.9,0.5,0.0,0.0,8.7,0.2,0.6,0.0
taluk,MYSORE,PERIYAPATNA,Kharif,2.0,0.0,2.0,0.0,0.5,0.8,0.2,0.0,0.0,0.0,0.0,7.9,7.8,0.0,2.4,3.7,1.8,0.0,0.2,0.0,0.2,0.4,0.3,1.1,2.7,0.0,0.0,0.0,0.0,12.4,0.5,0.0,0.0,0.0,0.0,0.0,0.0,0.0,0.2,0.0,0.0,0.9,14.4,0.0,17.7,0.0,0.0,0.2,0.1,3.2,0.3,0.0,0.1,15.6,0.1,0.2,0.0
taluk,MYSORE,HUNSUR,Kharif,1.2,0.0,2.3,0.0,0.8,0.2,0.0,0.0,0.0,0.0,0.0,10.2,2.2,0.0,5.7,4.1,1.9,0.0,0.1,0.0,0.3,0.4,0.1,1.2,2.5,0.0,0.0,0.0,0.0,9.9,0.7,0.0,0.0,0.0,0.0,0.0,0.0,0.0,0.4,0.0,0.0,0.5,15.5,0.0,19.5,0.0,0.0,0.4,0.0,4.6,0.3,0.0,0.0,14.2,0.2,0.2,0.0
taluk,MYSORE,K.R. NAGARA,Kharif,1.2,0.0,1.4,0.0,0.6,0.2,0.0,0.0,0.0,0.0,0.0,11.7,1.8,0.0,1.9,5.2,1.1,0.0,0.1,0.0,0.2,0.3,0.1,1.5,2.0,0.0,0.0,0.0,0.0,8.9,0.5,0.0,0.0,0.0,0.0,0.0,0.0,0.0,0.3,0.0,0.0,0.6,18.2,0.0,23.8,0.0,0.0,0.3,0.0,5.4,0.2,0.0,0.0,12.2,0.2,0.2,0.0
taluk,MYSORE,MYSORE,Kharif,0.7,0.0,3.8,0.0,2.1,0.2,0.0,0.0,0.0,0.0,0.0,10.8,1.7,0.0,6.2,3.5,1.2,0.0,0.1,0.0,0.8,1.0,0.2,1.5,4.9,0.0,0.0,0.0,0.0,6.1,1.3,0.0,0.0,0.0,0.0,0.0,0.0,0.0,0.7,0.0,0.0,0.2,13.6,0.0,22.7,0.0,0.0,0.6,0.0,7.8,0.6,0.0,0.0,6.2,0.3,0.9,0.0
taluk,MYSORE,H.D. KOTE,Kharif,1.6,0.0,4.7,0.0,1.0,1.1,0.2,0.1,0.0,0.0,0.0,9.0,8.6,0.0,11.6,2.4,1.2,0.0,0.1,0.0,0.5,0.9,0.6,1.2,3.6,0.0,0.0,0.0,0.0,7.3,1.1,0.0,0.0,0.0,0.0,0.0,0.0,0.0,0.4,0.0,0.0,0.3,9.9,0.0,17.8,0.0,0.0,0.4,0.1,4.8,1.0,0.0,0.1,7.5,0.1,0.6,0.0
taluk,MYSORE,NANJANGUD,Kharif,0.6,0.0,5.6,0.0,3.1,0.2,0.0,0.1,0.0,0.0,0.0,9.0,1.7,0.0,8.2,2.7,0.9,0.0,0.0,0.0,1.5,1.6,0.3,1.2,7.8,0.0,0.0,0.0,0.0,5.6,1.1,0.0,0.0,0.0,0.0,0.0,0.0,0.0,0.6,0.0,0.0,0.1,9.4,0.0,23.4,0.0,0.0,0.5,0.1,8.4,1.0,0.0,0.0,3.7,0.1,1.5,0.0
taluk,MYSORE,T. NARASIPURA,Kharif,0.4,0.0,2.4,0.0,2.8,0.1,0.0,0.0,0.0,0.0,0.0,8.6,1.0,0.0,2.8,1.5,0.4,0.0,0.0,0.0,0.7,1.5,0.1,2.6,3.2,0.0,0.0,0.0,0.0,4.5,0.9,0.0,0.0,0.0,0.0,0.0,0.0,0.0,0.3,0.0,0.0,0.1,12.1,0.0,37.2,0.0,0.0,0.2,0.1,13.0,0.3,0.0,0.0,2.2,0.2,0.4,0.0
district,MYSORE,,Rabi,4.3,0.0,12.6,0.0,0.1,0.4,0.1,0.1,0.0,0.4,0.0,25.6,4.7,0.0,0.3,0.6,1.9,0.0,0.0,0.0,0.1,0.1,0.0,14.3,0.2,0.0,0.0,0.0,0.0,2.1,2.6,0.0,0.0,0.0,0.0,0.0,0.0,0.0,0.0,0.0,0.0,0.0,7.8,0.0,3.5,0.0,0.0,0.0,0.0,17.1,0.0,0.0,0.1,0.4,0.5,0.0,0.0
taluk,MYSORE,PERIYAPATNA,Rabi,9.0,0.0,10.1,0.0,0.0,1.2,0.2,0.1,0.0,0.3,0.1,23.6,13.3,0.0,0.1,1.2,2.8,0.0,0.0,0.0,0.0,0.0,0.0,9.8,0.2,0.0,0.0,0.0,0.0,4.1,1.4,0.0,0.0,0.1,0.0,0.0,0.0,0.0,0.0,0.0,0.0,0.1,10.3,0.0,3.5,0.0,0.0,0.0,0.0,7.1,0.0,0.0,0.1,1.0,0.3,0.0,0.1
taluk,MYSORE,HUNSUR,Rabi,5.9,0.0,12.2,0.0,0.1,0.2,0.0,0.1,0.0,0.2,0.0,30.0,2.6,0.0,0.2,0.7,3.3,0.0,0.0,0.0,0.0,0.0,0.0,12.9,0.1,0.0,0.0,0.0,0.0,2.9,3.0,0.0,0.0,0.0,0.0,0.0,0.0,0.0,0.0,0.0,0.0,0.0,10.2,0.0,3.0,0.0,0.0,0.0,0.0,11.0,0.0,0.0,0.1,0.6,0.5,0.0,0.0
taluk,MYSORE,K.R. NAGARA,Rabi,7.1,0.0,8.2,0.0,0.0,0.2,0.0,0.0,0.0,0.2,0.0,33.3,2.7,0.0,0.1,1.2,1.7,0.0,0.0,0.0,0.0,0.0,0.0,12.7,0.1,0.0,0.0,0.0,0.0,2.4,1.5,0.0,0.0,0.0,0.0,0.0,0.0,0.0,0.0,0.0,0.0,0.0,10.1,0.0,4.0,0.0,0.0,0.0,0.0,13.2,0.0,0.0,0.0,0.5,0.4,0.0,0.0
taluk,MYSORE,MYSORE,Rabi,2.8,0.0,13.3,0.0,0.1,0.2,0.0,0.1,0.0,0.5,0.0,27.4,2.1,0.0,0.2,0.4,1.8,0.0,0.0,0.0,0.0,0.1,0.0,16.4,0.2,0.0,0.0,0.0,0.0,1.4,3.5,0.0,0.0,0.0,0.0,0.0,0.0,0.0,0.0,0.0,0.0,0.0,6.9,0.0,3.2,0.0,0.0,0.0,0.0,18.0,0.0,0.0,0.1,0.2,0.9,0.0,0.0
taluk,MYSORE,H.D. KOTE,Rabi,3.1,0.0,18.4,0.0,0.1,1.1,0.1,0.2,0.0,0.4,0.1,21.5,8.9,0.0,0.9,0.3,1.7,0.0,0.0,0.0,0.1,0.1,0.0,13.2,0.2,0.0,0.0,0.0,0.0,2.3,3.6,0.0,0.0,0.0,0.0,0.0,0.0,0.0,0.0,0.0,0.0,0.0,7.4,0.0,3.4,0.0,0.0,0.0,0.0,11.6,0.1,0.0,0.1,0.3,0.5,0.0,0.1
taluk,MYSORE,NANJANGUD,Rabi,1.7,0.0,17.2,0.0,0.2,0.2,0.0,0.1,0.0,0.9,0.0,22.7,1.9,0.0,0.4,0.3,1.3,0.0,0.0,0.0,0.1,0.1,0.0,19.5,0.3,0.0,0.0,0.0,0.0,1.1,2.6,0.0,0.0,0.0,0.0,0.0,0.0,0.0,0.0,0.0,0.0,0.0,5.3,0.0,3.6,0.0,0.0,0.0,0.0,19.5,0.0,0.0,0.1,0.1,0.7,0.0,0.0
taluk,MYSORE,T. NARASIPURA,Rabi,1.2,0.0,9.3,0.0,0.1,0.1,0.0,0.0,0.0,0.3,0.0,21.6,1.6,0.0,0.1,0.2,0.6,0.0,0.0,0.0,0.0,0.1,0.0,15.3,0.1,0.0,0.0,0.0,0.0,0.7,2.4,0.0,0.0,0.0,0.0,0.0,0.0,0.0,0.0,0.0,0.0,0.0,4.7,0.0,4.0,0.0,0.0,0.0,0.0,36.8,0.0,0.0,0.1,0.1,0.5,0.0,0.0
district,MYSORE,,Summer,5.2,0.0,15.7,0.0,0.1,0.4,0.1,0.1,0.0,0.1,0.0,31.3,5.2,0.0,0.3,0.3,0.8,0.0,0.0,0.0,0.0,0.0,0.0,5.0,0.1,0.0,0.0,0.0,0.0,1.0,3.2,0.0,0.0,0.0,0.0,0.0,0.0,0.0,0.0,0.0,0.0,0.0,3.2,0.0,7.3,0.0,0.0,0.0,0.0,19.6,0.0,0.0,0.1,0.4,0.2,0.0,0.0
taluk,MYSORE,PERIYAPATNA,Summer,10.8,0.0,12.5,0.0,0.0,1.2,0.2,0.1,0.0,0.1,0.1,29.5,14.6,0.0,0.1,0.7,1.3,0.0,0.0,0.0,0.0,0.0,0.0,4.0,0.2,0.0,0.0,0.0,0.0,2.3,1.6,0.0,0.0,0.0,0.0,0.0,0.0,0.0,0.0,0.0,0.0,0.1,4.9,0.0,6.0,0.0,0.0,0.0,0.0,8.3,0.0,0.0,0.1,1.0,0.1,0.0,0.0
taluk,MYSORE,HUNSUR,Summer,7.0,0.0,15.6,0.0,0.0,0.2,0.0,0.1,0.0,0.1,0.0,37.6,3.1,0.0,0.1,0.3,1.4,0.0,0.0,0.0,0.0,0.0,0.0,4.3,0.1,0.0,0.0,0.0,0.0,1.3,3.5,0.0,0.0,0.0,0.0,0.0,0.0,0.0,0.0,0.0,0.0,0.0,4.0,0.0,6.4,0.0,0.0,0.0,0.0,13.7,0.0,0.0,0.1,0.6,0.2,0.0,0.0
taluk,MYSORE,K.R. NAGARA,Summer,8.7,0.0,10.6,0.0,0.0,0.2,0.0,0.1,0.0,0.1,0.0,40.8,3.5,0.0,0.1,0.6,0.6,0.0,0.0,0.0,0.0,0.0,0.0,4.3,0.1,0.0,0.0,0.0,0.0,0.9,1.9,0.0,0.0,0.0,0.0,0.0,0.0,0.0,0.0,0.0,0.0,0.0,3.8,0.0,7.8,0.0,0.0,0.0,0.0,15.2,0.0,0.0,0.0,0.5,0.1,0.0,0.0
taluk,MYSORE,MYSORE,Summer,3.5,0.0,16.8,0.0,0.1,0.2,0.0,0.1,0.0,0.1,0.0,33.7,2.3,0.0,0.2,0.2,0.8,0.0,0.0,0.0,0.0,0.0,0.0,5.4,0.1,0.0,0.0,0.0,0.0,0.6,4.4,0.0,0.0,0.0,0.0,0.0,0.0,0.0,0.0,0.0,0.0,0.0,2.7,0.0,6.8,0.0,0.0,0.0,0.0,20.9,0.0,0.0,0.1,0.2,0.4,0.0,0.0
taluk,MYSORE,H.D. KOTE,Summer,3.6,0.0,21.7,0.0,0.1,1.1,0.1,0.2,0.0,0.2,0.1,26.2,9.0,0.0,0.9,0.2,0.6,0.0,0.0,0.0,0.1,0.1,0.0,5.8,0.2,0.0,0.0,0.0,0.0,1.3,3.9,0.0,0.0,0.0,0.0,0.0,0.0,0.0,0.0,0.0,0.0,0.0,3.5,0.0,6.0,0.0,0.0,0.0,0.0,14.3,0.1,0.0,0.1,0.3,0.2,0.0,0.1
taluk,MYSORE,NANJANGUD,Summer,2.4,0.0,21.7,0.0,0.1,0.2,0.0,0.1,0.0,0.3,0.0,28.4,2.2,0.0,0.3,0.2,0.4,0.0,0.0,0.0,0.1,0.0,0.0,6.7,0.2,0.0,0.0,0.0,0.0,0.6,3.3,0.0,0.0,0.0,0.0,0.0,0.0,0.0,0.0,0.0,0.0,0.0,2.0,0.0,7.0,0.0,0.0,0.0,0.0,23.2,0.0,0.0,0.1,0.1,0.2,0.0,0.0
taluk,MYSORE,T. NARASIPURA,Summer,1.4,0.0,11.4,0.0,0.1,0.1,0.0,0.1,0.0,0.1,0.0,24.0,1.7,0.0,0.1,0.1,0.2,0.0,0.0,0.0,0.0,0.1,0.0,4.2,0.1,0.0,0.0,0.0,0.0,0.4,3.6,0.0,0.0,0.0,0.0,0.0,0.0,0.0,0.0,0.0,0.0,0.0,1.6,0.0,11.3,0.0,0.0,0.0,0.0,39.0,0.0,0.0,0.1,0.1,0.1,0.0,0.0
district,RAICHUR,,Kharif,0.0,6.9,0.0,0.0,0.2,0.0,0.0,0.0,0.3,2.3,1.1,0.1,0.0,0.0,24.5,0.0,0.0,0.0,0.0,0.0,2.3,2.1,0.0,0.0,3.9,0.0,0.0,0.0,0.0,2.6,0.8,0.4,0.0,0.0,0.0,0.4,0.0,0.0,17.4,0.0,0.1,0.0,0.0,0.0,31.9,0.0,0.0,0.1,0.2,0.8,1.2,0.0,0.0,0.0,0.0,0.0,0.0
taluk,RAICHUR,LINGSUGUR,Kharif,0.0,13.9,0.0,0.0,0.1,0.0,0.0,0.0,0.2,2.3,0.8,0.1,0.0,0.0,14.1,0.0,0.0,0.0,0.0,0.0,4.5,2.5,0.0,0.0,3.7,0.0,0.0,0.0,0.0,5.0,0.4,0.9,0.0,0.0,0.0,1.1,0.0,0.0,21.2,0.0,0.2,0.0,0.1,0.0,23.3,0.0,0.0,0.5,0.2,1.9,3.0,0.0,0.0,0.0,0.0,0.0,0.0
taluk,RAICHUR,DEVDURGA,Kharif,0.0,5.4,0.0,0.0,0.2,0.0,0.0,0.0,0.2,1.8,1.3,0.0,0.0,0.0,29.9,0.0,0.0,0.0,0.0,0.0,2.1,2.2,0.0,0.0,4.1,0.0,0.0,0.0,0.0,1.5,0.5,0.3,0.0,0.0,0.0,0.2,0.0,0.0,19.9,0.0,0.1,0.0,0.0,0.0,28.5,0.0,0.0,0.1,0.3,0.6,0.7,0.0,0.0,0.0,0.0,0.0,0.0
taluk,RAICHUR,RAICHUR,Kharif,0.0,2.4,0.1,0.0,0.2,0.0,0.0,0.0,0.7,2.3,0.9,0.1,0.0,0.0,34.7,0.0,0.0,0.0,0.0,0.0,3.2,2.6,0.0,0.0,3.3,0.0,0.0,0.0,0.0,2.6,2.3,0.1,0.0,0.0,0.0,0.3,0.0,0.0,20.0,0.0,0.0,0.0,0.0,0.0,22.9,0.0,0.0,0.1,0.2,0.4,0.5,0.0,0.0,0.0,0.0,0.0,0.0
taluk,RAICHUR,MANVI,Kharif,0.0,7.0,0.0,0.0,0.1,0.0,0.0,0.0,0.3,2.4,1.0,0.1,0.0,0.0,22.9,0.0,0.0,0.0,0.0,0.0,1.0,1.7,0.1,0.0,4.0,0.0,0.0,0.0,0.0,1.7,0.5,0.5,0.0,0.0,0.0,0.3,0.0,0.0,15.3,0.0,0.1,0.0,0.0,0.0,38.9,0.0,0.0,0.1,0.2,0.5,1.1,0.0,0.0,0.0,0.0,0.0,0.0
taluk,RAICHUR,SINDHANUR,Kharif,0.0,5.6,0.1,0.0,0.1,0.0,0.0,0.0,0.2,2.8,1.6,0.1,0.0,0.0,20.8,0.0,0.0,0.0,0.0,0.0,0.9,1.4,0.0,0.0,4.4,0.0,0.0,0.0,0.0,2.3,0.5,0.3,0.0,0.0,0.0,0.2,0.0,0.0,10.8,0.0,0.0,0.0,0.1,0.0,45.9,0.0,0.0,0.1,0.1,0.7,0.9,0.0,0.0,0.0,0.0,0.0,0.0
district,RAICHUR,,Rabi,0.0,0.5,0.4,0.0,0.1,0.0,0.0,0.0,0.0,29.4,0.1,0.1,0.0,0.0,2.9,0.0,0.0,0.0,0.0,0.0,0.1,5.7,0.0,0.1,38.0,0.0,0.0,0.0,0.0,0.5,2.6,0.0,0.0,0.0,0.0,0.0,0.0,0.0,1.2,0.0,0.1,0.0,0.0,0.0,10.8,0.0,0.0,0.0,0.0,1.9,4.4,0.0,0.0,0.0,0.0,0.0,0.5
taluk,RAICHUR,LINGSUGUR,Rabi,0.0,1.0,0.6,0.0,0.1,0.0,0.0,0.0,0.0,32.6,0.1,0.1,0.0,0.0,2.3,0.0,0.0,0.0,0.0,0.0,0.2,4.9,0.0,0.4,36.4,0.0,0.0,0.0,0.0,1.2,1.3,0.1,0.0,0.0,0.0,0.1,0.0,0.0,1.4,0.0,0.3,0.0,0.0,0.0,6.5,0.0,0.0,0.0,0.0,3.3,6.1,0.0,0.0,0.0,0.0,0.0,0.8
taluk,RAICHUR,DEVDURGA,Rabi,0.0,0.5,0.2,0.0,0.1,0.0,0.0,0.0,0.0,21.5,0.1,0.0,0.0,0.0,2.8,0.0,0.0,0.0,0.0,0.1,0.1,9.2,0.0,0.0,42.2,0.0,0.0,0.0,0.0,0.3,1.7,0.0,0.0,0.0,0.0,0.0,0.0,0.0,1.4,0.0,0.1,0.0,0.0,0.0,14.8,0.0,0.0,0.0,0.0,1.4,2.9,0.0,0.0,0.0,0.0,0.0,0.4
taluk,RAICHUR,RAICHUR,Rabi,0.0,0.2,0.3,0.0,0.3,0.0,0.0,0.0,0.1,27.0,0.1,0.1,0.0,0.1,3.1,0.0,0.0,0.0,0.0,0.0,0.2,7.6,0.0,0.0,36.3,0.0,0.0,0.0,0.0,0.4,7.1,0.0,0.0,0.0,0.0,0.0,0.0,0.0,1.4,0.0,0.1,0.0,0.0,0.0,10.3,0.0,0.1,0.1,0.0,1.4,3.0,0.0,0.0,0.0,0.1,0.0,0.5
taluk,RAICHUR,MANVI,Rabi,0.0,0.5,0.3,0.0,0.1,0.0,0.0,0.0,0.0,31.4,0.1,0.1,0.0,0.0,2.4,0.0,0.0,0.0,0.0,0.0,0.1,3.7,0.0,0.1,40.3,0.0,0.0,0.0,0.0,0.3,1.6,0.0,0.0,0.1,0.0,0.0,0.0,0.0,1.1,0.0,0.1,0.0,0.0,0.0,11.2,0.0,0.0,0.0,0.0,1.2,4.7,0.0,0.0,0.0,0.0,0.0,0.4
taluk,RAICHUR,SINDHANUR,Rabi,0.0,0.4,0.8,0.0,0.1,0.0,0.0,0.0,0.0,34.3,0.1,0.1,0.0,0.0,3.7,0.0,0.0,0.0,0.0,0.0,0.1,3.0,0.0,0.1,35.0,0.0,0.0,0.0,0.0,0.4,1.4,0.0,0.0,0.0,0.0,0.0,0.0,0.0,0.7,0.0,0.1,0.0,0.0,0.0,11.3,0.0,0.0,0.0,0.0,2.3,5.5,0.0,0.0,0.0,0.0,0.0,0.3
district,RAICHUR,,Summer,0.0,0.2,1.0,0.0,0.0,0.1,0.0,0.1,0.0,2.7,0.0,0.5,0.0,0.0,0.7,0.2,0.0,0.0,0.0,0.1,0.1,17.0,0.0,0.0,3.9,0.0,0.0,0.0,0.0,0.5,6.2,0.0,0.0,0.0,0.0,0.0,0.0,0.1,0.4,0.0,1.0,0.0,0.0,0.0,58.9,0.0,0.2,0.0,0.0,5.0,0.9,0.0,0.0,0.0,0.0,0.0,0.0
taluk,RAICHUR,LINGSUGUR,Summer,0.0,0.4,1.3,0.0,0.1,0.1,0.0,0.0,0.0,2.5,0.0,1.6,0.0,0.0,0.4,0.6,0.0,0.0,0.0,0.2,0.1,21.7,0.0,0.0,3.7,0.0,0.0,0.0,0.0,1.5,4.1,0.0,0.0,0.0,0.0,0.1,0.0,0.0,0.6,0.0,2.1,0.0,0.0,0.0,46.6,0.0,0.1,0.0,0.0,9.7,2.2,0.0,0.0,0.0,0.0,0.0,0.0
taluk,RAICHUR,DEVDURGA,Summer,0.0,0.2,0.7,0.0,0.0,0.1,0.0,0.0,0.0,2.0,0.0,0.2,0.0,0.0,0.9,0.1,0.0,0.0,0.0,0.1,0.1,23.0,0.0,0.0,4.2,0.0,0.0,0.0,0.0,0.2,4.1,0.0,0.0,0.0,0.0,0.1,0.0,0.0,0.5,0.0,0.5,0.0,0.0,0.0,57.3,0.0,0.1,0.0,0.0,4.9,0.4,0.0,0.0,0.0,0.0,0.0,0.0
taluk,RAICHUR,RAICHUR,Summer,0.0,0.1,1.2,0.0,0.0,0.2,0.1,0.1,0.0,3.0,0.0,0.3,0.0,0.0,1.0,0.1,0.0,0.0,0.0,0.1,0.1,21.6,0.0,0.0,3.5,0.0,0.0,0.0,0.0,0.3,15.7,0.0,0.0,0.0,0.0,0.1,0.0,0.1,0.5,0.0,0.4,0.0,0.0,0.0,45.3,0.0,0.5,0.0,0.0,4.8,0.5,0.0,0.0,0.0,0.0,0.0,0.1
taluk,RAICHUR,MANVI,Summer,0.0,0.2,0.9,0.0,0.0,0.1,0.0,0.0,0.0,3.0,0.0,0.3,0.0,0.0,0.7,0.1,0.0,0.0,0.0,0.1,0.1,10.7,0.0,0.0,4.3,0.0,0.0,0.0,0.0,0.3,4.0,0.0,0.0,0.0,0.0,0.0,0.0,0.0,0.4,0.0,0.9,0.0,0.0,0.0,70.0,0.0,0.2,0.0,0.0,3.0,0.7,0.0,0.0,0.0,0.0,0.0,0.0
taluk,RAICHUR,SINDHANUR,Summer,0.0,0.1,1.0,0.0,0.0,0.0,0.0,0.0,0.0,2.8,0.0,0.2,0.0,0.0,0.6,0.1,0.0,0.0,0.0,0.0,0.0,8.1,0.0,0.0,3.6,0.0,0.0,0.0,0.0,0.3,3.0,0.0,0.0,0.0,0.0,0.0,0.0,0.0,0.2,0.0,0.9,0.0,0.0,0.0,75.2,0.0,0.1,0.0,0.0,2.8,0.6,0.0,0.0,0.0,0.0,0.0,0.0
district,RAMANAGARA,,Kharif,2.0,0.0,0.5,0.0,0.3,0.0,0.0,0.0,0.0,0.0,0.0,16.4,0.1,0.0,0.5,0.3,0.7,0.0,0.0,0.3,0.1,2.2,0.2,2.8,2.3,0.0,0.0,0.0,0.0,3.2,14.8,0.0,0.0,0.0,0.0,0.0,0.0,0.0,1.0,0.0,0.0,0.1,43.1,0.0,5.8,0.0,0.0,0.0,0.0,2.3,0.0,0.0,0.0,0.0,0.7,0.1,0.0
taluk,RAMANAGARA,MAGADI,Kharif,4.8,0.0,0.3,0.0,0.1,0.0,0.0,0.0,0.0,0.0,0.0,15.8,0.1,0.0,0.2,0.1,0.4,0.0,0.0,0.7,0.0,1.0,0.1,1.9,1.5,0.0,0.0,0.0,0.0,3.0,15.5,0.0,0.0,0.0,0.0,0.0,0.0,0.0,1.2,0.0,0.0,0.0,49.7,0.0,2.2,0.0,0.0,0.0,0.0,1.0,0.0,0.0,0.0,0.0,0.3,0.0,0.0
taluk,RAMANAGARA,RAMANAGAR,Kharif,1.1,0.0,0.3,0.0,0.1,0.0,0.0,0.0,0.0,0.0,0.0,16.0,0.1,0.0,0.2,0.1,0.9,0.0,0.0,0.3,0.0,1.5,0.1,2.3,2.1,0.0,0.0,0.0,0.0,2.8,19.8,0.0,0.0,0.0,0.0,0.0,0.0,0.0,1.4,0.0,0.0,0.1,46.9,0.0,2.4,0.0,0.0,0.0,0.0,0.8,0.0,0.0,0.0,0.0,0.6,0.1,0.0
taluk,RAMANAGARA,CHANNAPATNA,Kharif,1.5,0.0,0.8,0.0,0.4,0.1,0.0,0.1,0.0,0.0,0.0,19.6,0.2,0.0,0.6,0.4,0.4,0.0,0.0,0.1,0.1,2.0,0.3,3.8,2.5,0.0,0.0,0.0,0.0,3.7,11.0,0.0,0.0,0.0,0.0,0.0,0.0,0.0,0.6,0.0,0.0,0.1,32.7,0.0,12.2,0.0,0.0,0.0,0.1,5.8,0.0,0.0,0.1,0.0,0.6,0.2,0.0
taluk,RAMANAGARA,KANKAPUR,Kharif,0.6,0.0,0.6,0.0,0.4,0.0,0.0,0.0,0.0,0.0,0.0,14.7,0.2,0.0,0.9,0.4,1.0,0.0,0.0,0.1,0.1,4.1,0.2,3.3,3.1,0.0,0.0,0.0,0.0,3.4,13.2,0.0,0.0,0.0,0.0,0.0,0.0,0.0,0.8,0.0,0.0,0.1,43.2,0.0,6.4,0.0,0.0,0.0,0.0,1.6,0.1,0.0,0.1,0.0,1.1,0.2,0.0
district,RAMANAGARA,,Rabi,4.5,0.0,4.4,0.0,0.0,0.0,0.0,0.1,0.0,0.2,0.0,40.0,0.2,0.0,0.0,0.0,0.0,0.0,0.0,1.7,0.0,0.1,0.0,2.9,0.6,0.0,0.0,0.0,0.0,0.4,36.4,0.0,0.0,0.0,0.0,0.0,0.0,0.0,0.0,0.0,0.1,0.3,1.5,0.0,0.7,0.0,0.0,0.0,0.0,4.1,0.0,0.0,0.3,0.0,1.1,0.0,0.0
taluk,RAMANAGARA,MAGADI,Rabi,11.7,0.0,4.0,0.0,0.0,0.0,0.0,0.1,0.0,0.1,0.0,33.7,0.1,0.0,0.0,0.0,0.0,0.0,0.0,3.1,0.0,0.0,0.0,1.4,1.3,0.0,0.0,0.0,0.0,0.3,39.4,0.0,0.0,0.0,0.0,0.0,0.0,0.0,0.1,0.0,0.1,0.2,1.7,0.0,0.3,0.0,0.0,0.0,0.0,1.4,0.0,0.0,0.1,0.0,0.7,0.0,0.0
taluk,RAMANAGARA,RAMANAGAR,Rabi,3.0,0.0,3.9,0.0,0.0,0.0,0.0,0.1,0.0,0.1,0.0,34.3,0.1,0.0,0.0,0.0,0.0,0.0,0.0,2.6,0.0,0.0,0.0,2.5,0.6,0.0,0.0,0.0,0.0,0.4,46.6,0.0,0.0,0.0,0.0,0.0,0.0,0.0,0.0,0.0,0.1,0.5,1.5,0.0,0.5,0.0,0.0,0.0,0.0,1.4,0.0,0.0,0.2,0.0,1.4,0.0,0.0
taluk,RAMANAGARA,CHANNAPATNA,Rabi,2.5,0.0,4.6,0.0,0.1,0.1,0.0,0.3,0.0,0.2,0.0,45.5,0.3,0.0,0.0,0.0,0.0,0.0,0.0,0.6,0.0,0.1,0.0,3.8,0.3,0.0,0.0,0.0,0.0,0.4,26.4,0.0,0.0,0.0,0.0,0.0,0.0,0.0,0.0,0.0,0.1,0.2,1.6,0.0,1.2,0.0,0.1,0.0,0.0,10.4,0.0,0.0,0.3,0.0,0.7,0.0,0.1
taluk,RAMANAGARA,KANKAPUR,Rabi,1.3,0.0,5.1,0.0,0.1,0.0,0.0,0.1,0.0,0.3,0.0,45.3,0.3,0.0,0.0,0.0,0.0,0.0,0.0,0.8,0.0,0.1,0.0,3.8,0.3,0.0,0.0,0.0,0.0,0.4,33.8,0.0,0.0,0.0,0.0,0.0,0.0,0.0,0.0,0.0,0.1,0.3,1.4,0.0,0.8,0.0,0.0,0.0,0.0,3.4,0.0,0.0,0.7,0.0,1.3,0.0,0.0
district,RAMANAGARA,,Summer,4.5,0.0,4.6,0.0,0.0,0.0,0.0,0.1,0.0,0.1,0.0,40.3,0.2,0.0,0.0,0.0,0.0,0.0,0.0,1.8,0.0,0.1,0.0,1.9,0.5,0.0,0.0,0.0,0.0,0.4,37.1,0.0,0.0,0.0,0.0,0.0,0.0,0.0,0.0,0.0,0.1,0.2,1.4,0.0,1.1,0.0,0.0,0.0,0.0,4.3,0.0,0.0,0.4,0.0,0.7,0.0,0.0
taluk,RAMANAGARA,MAGADI,Summer,11.7,0.0,4.1,0.0,0.0,0.0,0.0,0.1,0.0,0.0,0.0,33.9,0.1,0.0,0.0,0.0,0.0,0.0,0.0,3.2,0.0,0.0,0.0,1.0,1.0,0.0,0.0,0.0,0.0,0.4,39.9,0.0,0.0,0.0,0.0,0.0,0.0,0.0,0.1,0.0,0.1,0.1,1.7,0.0,0.4,0.0,0.0,0.0,0.0,1.5,0.0,0.0,0.1,0.0,0.5,0.0,0.0
taluk,RAMANAGARA,RAMANAGAR,Summer,3.0,0.0,4.0,0.0,0.0,0.0,0.0,0.1,0.0,0.1,0.0,34.7,0.1,0.0,0.0,0.0,0.0,0.0,0.0,2.6,0.0,0.0,0.0,1.9,0.4,0.0,0.0,0.0,0.0,0.5,47.0,0.0,0.0,0.0,0.0,0.0,0.0,0.0,0.0,0.0,0.1,0.4,1.5,0.0,0.6,0.0,0.0,0.0,0.0,1.5,0.0,0.0,0.2,0.0,1.0,0.0,0.0
taluk,RAMANAGARA,CHANNAPATNA,Summer,2.5,0.0,4.8,0.0,0.1,0.1,0.0,0.3,0.0,0.1,0.0,45.9,0.3,0.0,0.0,0.0,0.0,0.0,0.0,0.6,0.0,0.0,0.0,2.0,0.3,0.0,0.0,0.0,0.0,0.4,27.0,0.0,0.0,0.0,0.0,0.0,0.0,0.0,0.0,0.0,0.1,0.1,1.3,0.0,2.3,0.0,0.1,0.0,0.0,10.7,0.0,0.0,0.3,0.0,0.5,0.0,0.0
taluk,RAMANAGARA,KANKAPUR,Summer,1.3,0.0,5.2,0.0,0.0,0.0,0.0,0.1,0.0,0.2,0.0,45.6,0.2,0.0,0.0,0.0,0.0,0.0,0.0,0.9,0.0,0.1,0.0,2.6,0.2,0.0,0.0,0.0,0.0,0.4,34.9,0.0,0.0,0.0,0.0,0.0,0.0,0.0,0.0,0.0,0.1,0.2,1.3,0.0,1.0,0.0,0.0,0.0,0.0,3.7,0.0,0.0,0.8,0.0,0.9,0.0,0.0
district,SHIMOGA,,Kharif,33.8,0.0,3.2,0.0,0.0,0.4,0.0,1.0,0.0,0.0,0.0,3.8,2.3,0.0,1.2,0.0,0.0,0.0,1.2,0.0,0.1,0.3,0.0,0.0,0.2,0.0,0.0,0.0,0.0,16.7,1.0,0.0,0.0,0.0,0.0,0.1,0.0,0.0,0.0,0.0,0.0,0.1,0.6,0.0,32.2,0.0,0.0,0.0,0.5,1.0,0.0,0.0,0.0,0.1,0.0,0.0,0.0
taluk,SHIMOGA,SAGARA,Kharif,35.7,0.0,4.7,0.0,0.0,0.3,0.0,2.2,0.0,0.0,0.0,4.2,1.5,0.0,0.4,0.0,0.0,0.0,2.4,0.0,0.0,0.2,0.0,0.0,0.1,0.0,0.0,0.0,0.0,9.5,0.5,0.0,0.0,0.0,0.0,0.0,0.0,0.0,0.0,0.0,0.0,0.1,0.3,0.0,37.2,0.0,0.0,0.0,0.1,0.4,0.0,0.0,0.0,0.1,0.0,0.0,0.0
taluk,SHIMOGA,SORABA,Kharif,26.3,0.0,4.2,0.0,0.0,0.1,0.0,0.4,0.0,0.0,0.0,1.9,0.7,0.0,1.7,0.0,0.0,0.0,1.4,0.0,0.1,0.4,0.0,0.0,0.1,0.0,0.0,0.0,0.0,20.6,2.5,0.0,0.0,0.0,0.0,0.1,0.0,0.0,0.0,0.0,0.0,0.1,0.2,0.0,36.7,0.0,0.0,0.0,0.8,1.2,0.0,0.0,0.0,0.0,0.0,0.0,0.0
taluk,SHIMOGA,SHIKARIPURA,Kharif,22.2,0.1,1.8,0.0,0.0,0.1,0.0,0.3,0.0,0.0,0.0,2.3,0.8,0.0,4.1,0.0,0.0,0.0,0.7,0.0,0.2,0.7,0.0,0.1,0.4,0.0,0.0,0.0,0.0,32.9,1.5,0.0,0.0,0.0,0.0,0.2,0.0,0.0,0.0,0.0,0.0,0.1,0.5,0.0,28.2,0.0,0.0,0.0,0.9,1.3,0.1,0.0,0.0,0.1,0.0,0.0,0.0
taluk,SHIMOGA,HOSANAGARA,Kharif,38.2,0.0,4.4,0.0,0.0,0.5,0.0,1.8,0.0,0.0,0.0,4.3,2.4,0.0,0.4,0.0,0.0,0.0,2.0,0.0,0.0,0.1,0.0,0.0,0.1,0.0,0.0,0.0,0.0,7.9,0.4,0.0,0.0,0.0,0.0,0.1,0.0,0.0,0.0,0.0,0.0,0.1,0.3,0.0,36.3,0.0,0.0,0.0,0.1,0.4,0.0,0.0,0.0,0.0,0.0,0.0,0.0
taluk,SHIMOGA,THIRTHAHALLI,Kharif,40.4,0.0,3.9,0.0,0.0,1.4,0.0,1.2,0.0,0.0,0.0,4.1,7.0,0.0,0.3,0.0,0.0,0.0,1.1,0.0,0.0,0.1,0.0,0.0,0.1,0.0,0.0,0.0,0.0,6.3,0.5,0.0,0.0,0.0,0.0,0.1,0.0,0.0,0.0,0.0,0.0,0.1,0.5,0.0,32.0,0.0,0.0,0.0,0.1,0.4,0.0,0.0,0.0,0.0,0.0,0.0,0.0
taluk,SHIMOGA,SHIMOGA,Kharif,34.1,0.1,1.8,0.0,0.1,0.4,0.0,0.5,0.0,0.0,0.0,4.4,2.7,0.0,0.9,0.0,0.0,0.0,0.7,0.0,0.2,0.4,0.0,0.0,0.2,0.0,0.0,0.0,0.0,21.4,0.9,0.0,0.0,0.0,0.0,0.2,0.0,0.0,0.0,0.0,0.0,0.2,1.0,0.0,27.7,0.0,0.0,0.0,0.6,1.3,0.0,0.0,0.0,0.1,0.0,0.0,0.0
taluk,SHIMOGA,BHADRAVATHI,Kharif,39.7,0.1,1.3,0.0,0.0,0.2,0.0,0.4,0.0,0.0,0.0,5.2,1.1,0.0,0.7,0.0,0.0,0.0,0.5,0.0,0.1,0.4,0.0,0.0,0.2,0.0,0.0,0.0,0.0,18.8,0.8,0.0,0.0,0.0,0.0,0.3,0.0,0.0,0.0,0.0,0.0,0.3,1.1,0.0,26.1,0.0,0.0,0.0,0.4,1.9,0.0,0.0,0.0,0.1,0.0,0.0,0.0
district,SHIMOGA,,Rabi,67.2,0.0,7.2,0.0,0.0,0.9,0.1,1.5,0.0,0.2,0.0,6.6,1.8,0.0,0.0,0.0,0.0,0.0,0.1,0.0,0.2,0.1,0.0,0.5,1.3,0.0,0.0,0.0,0.0,1.6,3.1,0.0,0.0,0.0,0.0,0.0,0.0,0.0,0.0,0.0,0.0,0.0,0.0,0.0,5.5,0.0,0.0,0.0,0.0,1.5,0.4,0.0,0.0,0.0,0.1,0.0,0.1
taluk,SHIMOGA,SAGARA,Rabi,68.2,0.0,9.8,0.0,0.1,0.7,0.1,3.6,0.0,0.1,0.0,6.9,1.0,0.0,0.0,0.0,0.0,0.0,0.2,0.0,0.1,0.1,0.0,0.1,0.3,0.0,0.0,0.0,0.0,0.8,1.2,0.0,0.0,0.0,0.0,0.0,0.0,0.0,0.0,0.0,0.0,0.0,0.0,0.0,5.9,0.0,0.0,0.0,0.0,0.5,0.1,0.0,0.0,0.0,0.0,0.0,0.1
taluk,SHIMOGA,SORABA,Rabi,60.7,0.0,11.2,0.0,0.0,0.6,0.1,0.5,0.0,0.2,0.0,3.9,0.6,0.0,0.0,0.1,0.0,0.0,0.1,0.0,0.7,0.1,0.0,0.3,1.4,0.0,0.0,0.0,0.0,2.6,7.5,0.0,0.0,0.0,0.0,0.0,0.0,0.0,0.0,0.0,0.0,0.0,0.0,0.0,6.6,0.0,0.0,0.0,0.0,2.2,0.3,0.0,0.0,0.0,0.0,0.0,0.0
taluk,SHIMOGA,SHIKARIPURA,Rabi,57.0,0.0,6.5,0.1,0.0,0.4,0.0,0.5,0.0,0.4,0.0,5.6,0.6,0.0,0.1,0.1,0.0,0.0,0.0,0.0,0.6,0.1,0.0,2.2,5.7,0.0,0.0,0.0,0.0,3.8,5.2,0.0,0.0,0.0,0.0,0.0,0.0,0.0,0.0,0.0,0.0,0.0,0.1,0.0,5.5,0.0,0.0,0.0,0.0,3.6,1.3,0.0,0.0,0.0,0.4,0.0,0.1
taluk,SHIMOGA,HOSANAGARA,Rabi,69.9,0.0,8.2,0.0,0.0,1.1,0.0,3.1,0.0,0.1,0.0,6.5,1.7,0.0,0.0,0.0,0.0,0.0,0.1,0.0,0.1,0.1,0.0,0.2,0.4,0.0,0.0,0.0,0.0,0.7,1.2,0.0,0.0,0.0,0.0,0.0,0.0,0.0,0.0,0.0,0.0,0.0,0.0,0.0,5.8,0.0,0.0,0.0,0.0,0.6,0.1,0.0,0.0,0.0,0.0,0.0,0.0
taluk,SHIMOGA,THIRTHAHALLI,Rabi,69.3,0.0,6.3,0.0,0.0,2.5,0.0,1.6,0.0,0.2,0.0,5.8,5.9,0.0,0.0,0.0,0.0,0.0,0.0,0.0,0.1,0.0,0.0,0.2,0.4,0.0,0.0,0.0,0.0,0.6,1.1,0.0,0.0,0.0,0.0,0.0,0.0,0.0,0.0,0.0,0.0,0.0,0.1,0.0,5.2,0.0,0.0,0.0,0.0,0.5,0.1,0.0,0.0,0.0,0.0,0.0,0.0
taluk,SHIMOGA,SHIMOGA,Rabi,70.9,0.0,4.7,0.0,0.0,0.6,0.0,0.7,0.0,0.3,0.0,8.4,2.2,0.0,0.0,0.0,0.0,0.0,0.0,0.0,0.1,0.0,0.0,0.3,0.5,0.0,0.0,0.0,0.0,1.8,2.6,0.0,0.0,0.0,0.0,0.0,0.0,0.0,0.0,0.0,0.0,0.0,0.1,0.0,5.1,0.0,0.0,0.0,0.0,1.2,0.3,0.0,0.0,0.0,0.0,0.0,0.0
taluk,SHIMOGA,BHADRAVATHI,Rabi,74.3,0.0,3.2,0.0,0.0,0.3,0.0,0.5,0.0,0.3,0.0,9.3,0.6,0.0,0.0,0.0,0.0,0.0,0.0,0.0,0.1,0.0,0.0,0.3,0.5,0.0,0.0,0.0,0.0,1.3,2.5,0.0,0.0,0.0,0.0,0.0,0.0,0.0,0.0,0.0,0.0,0.0,0.0,0.0,4.3,0.0,0.0,0.0,0.0,2.1,0.2,0.0,0.0,0.0,0.0,0.0,0.0
district,SHIMOGA,,Summer,64.6,0.0,6.9,0.0,0.0,0.9,0.1,1.5,0.0,0.1,0.0,6.2,1.8,0.0,0.0,0.0,0.0,0.0,0.1,0.0,0.1,0.1,0.0,0.2,0.5,0.0,0.0,0.0,0.0,2.2,2.9,0.0,0.0,0.0,0.0,0.0,0.0,0.0,0.0,0.0,0.0,0.0,0.0,0.0,9.3,0.0,0.0,0.0,0.0,1.8,0.3,0.0,0.0,0.0,0.0,0.0,0.0
taluk,SHIMOGA,SAGARA,Summer,65.2,0.0,9.2,0.0,0.1,0.7,0.1,3.6,0.0,0.1,0.0,6.6,1.1,0.0,0.0,0.0,0.0,0.0,0.2,0.0,0.1,0.1,0.0,0.1,0.1,0.0,0.0,0.0,0.0,1.0,1.1,0.0,0.0,0.0,0.0,0.0,0.0,0.0,0.0,0.0,0.0,0.0,0.0,0.0,9.9,0.0,0.0,0.0,0.0,0.6,0.1,0.0,0.0,0.0,0.0,0.0,0.0
taluk,SHIMOGA,SORABA,Summer,58.7,0.0,10.7,0.0,0.0,0.6,0.3,0.5,0.0,0.1,0.0,3.5,0.6,0.0,0.0,0.1,0.0,0.0,0.1,0.0,0.4,0.1,0.0,0.1,0.7,0.0,0.0,0.0,0.0,3.3,7.3,0.0,0.0,0.0,0.0,0.0,0.0,0.0,0.0,0.0,0.0,0.0,0.0,0.0,9.9,0.0,0.0,0.0,0.0,2.6,0.2,0.0,0.0,0.0,0.0,0.0,0.0
taluk,SHIMOGA,SHIKARIPURA,Summer,54.6,0.0,6.3,0.0,0.0,0.6,0.1,0.4,0.0,0.1,0.0,5.1,0.6,0.0,0.1,0.1,0.0,0.0,0.0,0.0,0.3,0.2,0.0,0.5,2.2,0.0,0.0,0.0,0.0,5.3,5.5,0.0,0.0,0.0,0.0,0.0,0.0,0.0,0.0,0.0,0.0,0.0,0.0,0.0,11.7,0.0,0.0,0.0,0.0,4.6,1.2,0.0,0.0,0.0,0.1,0.0,0.0
taluk,SHIMOGA,HOSANAGARA,Summer,67.4,0.0,7.7,0.0,0.0,1.2,0.1,3.1,0.0,0.0,0.0,6.2,1.8,0.0,0.0,0.0,0.0,0.0,0.1,0.0,0.0,0.1,0.0,0.1,0.1,0.0,0.0,0.0,0.0,0.9,1.1,0.0,0.0,0.0,0.0,0.0,0.0,0.0,0.0,0.0,0.0,0.0,0.0,0.0,9.2,0.0,0.0,0.0,0.0,0.7,0.1,0.0,0.0,0.0,0.0,0.0,0.0
taluk,SHIMOGA,THIRTHAHALLI,Summer,67.5,0.0,6.1,0.0,0.0,2.5,0.0,1.6,0.0,0.1,0.0,5.5,5.8,0.0,0.0,0.0,0.0,0.0,0.0,0.0,0.0,0.0,0.0,0.1,0.2,0.0,0.0,0.0,0.0,0.7,1.1,0.0,0.0,0.0,0.0,0.0,0.0,0.0,0.0,0.0,0.0,0.0,0.0,0.0,7.5,0.0,0.0,0.0,0.0,0.7,0.1,0.0,0.0,0.0,0.0,0.0,0.0
taluk,SHIMOGA,SHIMOGA,Summer,67.4,0.0,4.4,0.0,0.0,0.6,0.0,0.7,0.0,0.2,0.0,8.0,2.3,0.0,0.0,0.0,0.0,0.0,0.0,0.0,0.1,0.0,0.0,0.1,0.2,0.0,0.0,0.0,0.0,2.5,2.3,0.0,0.0,0.0,0.0,0.0,0.0,0.0,0.0,0.0,0.0,0.0,0.1,0.0,9.3,0.0,0.0,0.0,0.0,1.4,0.2,0.0,0.0,0.0,0.0,0.0,0.0
taluk,SHIMOGA,BHADRAVATHI,Summer,71.7,0.0,2.9,0.0,0.0,0.3,0.0,0.5,0.0,0.2,0.0,8.9,0.7,0.0,0.0,0.0,0.0,0.0,0.0,0.0,0.0,0.1,0.0,0.1,0.2,0.0,0.0,0.0,0.0,1.8,2.2,0.0,0.0,0.0,0.0,0.0,0.0,0.0,0.0,0.0,0.0,0.0,0.0,0.0,7.8,0.0,0.0,0.0,0.0,2.1,0.1,0.0,0.0,0.0,0.0,0.0,0.0
district,TUMKUR,,Kharif,7.7,0.1,0.2,0.0,0.0,0.0,0.0,0.0,0.0,0.1,0.0,25.8,0.3,0.0,0.7,0.1,0.0,0.0,0.1,0.2,0.3,13.6,0.1,3.0,1.4,0.0,0.0,0.0,0.0,8.9,4.1,0.0,0.0,0.0,0.0,0.6,0.0,0.0,1.9,0.0,0.7,0.2,26.0,0.0,2.3,0.0,0.0,0.1,0.0,0.8,0.2,0.0,0.0,0.0,0.3,0.0,0.0
taluk,TUMKUR,CHIKKANAYAKANAHALLI,Kharif,8.9,0.0,0.2,0.0,0.0,0.0,0.0,0.0,0.0,0.1,0.0,36.3,0.2,0.0,0.7,0.1,0.0,0.0,0.1,0.1,1.1,7.0,0.1,2.5,1.1,0.0,0.0,0.0,0.0,6.7,2.3,0.0,0.0,0.0,0.0,0.5,0.0,0.0,1.0,0.0,0.8,0.4,26.9,0.0,1.7,0.0,0.0,0.5,0.0,0.5,0.1,0.0,0.0,0.1,0.1,0.0,0.0
taluk,TUMKUR,KUNIGAL,Kharif,7.0,0.0,0.3,0.0,0.1,0.0,0.0,0.0,0.0,0.0,0.0,27.8,0.1,0.0,0.3,0.1,0.1,0.0,0.0,0.1,0.2,3.8,0.1,4.1,0.7,0.0,0.0,0.0,0.0,3.2,6.6,0.0,0.0,0.0,0.0,0.2,0.0,0.0,0.9,0.0,0.2,0.1,36.4,0.0,4.3,0.0,0.0,0.1,0.0,3.0,0.1,0.0,0.0,0.0,0.1,0.0,0.0
taluk,TUMKUR,SIRA,Kharif,7.8,0.2,0.3,0.0,0.1,0.0,0.0,0.0,0.0,0.2,0.0,19.8,0.1,0.0,1.4,0.1,0.0,0.0,0.0,0.1,0.3,25.9,0.1,2.9,1.5,0.0,0.0,0.0,0.0,7.1,2.6,0.0,0.0,0.0,0.0,1.9,0.0,0.0,3.2,0.0,2.1,0.4,17.8,0.0,2.1,0.0,0.0,0.1,0.0,0.6,0.7,0.0,0.0,0.0,0.4,0.1,0.0
taluk,TUMKUR,PAVAGADA,Kharif,5.5,0.2,0.1,0.0,0.0,0.0,0.0,0.0,0.0,0.4,0.0,9.5,0.1,0.0,1.9,0.0,0.0,0.0,0.0,0.1,0.1,41.7,0.0,2.7,1.4,0.0,0.0,0.0,0.0,7.6,3.7,0.0,0.0,0.0,0.0,1.9,0.0,0.0,4.8,0.0,1.4,0.1,11.7,0.0,2.6,0.0,0.1,0.0,0.0,0.4,0.4,0.0,0.0,0.0,1.3,0.0,0.0
taluk,TUMKUR,MADHUGIRI,Kharif,6.7,0.2,0.4,0.0,0.1,0.0,0.0,0.0,0.0,0.2,0.0,13.5,0.1,0.0,1.3,0.1,0.0,0.0,0.0,0.2,0.2,25.2,0.1,2.8,1.9,0.0,0.0,0.0,0.0,16.0,4.0,0.0,0.0,0.0,0.0,0.7,0.0,0.0,3.4,0.0,0.8,0.2,17.8,0.0,2.4,0.0,0.0,0.0,0.0,0.6,0.2,0.0,0.0,0.0,0.6,0.1,0.0
taluk,TUMKUR,KORATAGERE,Kharif,5.8,0.0,0.4,0.0,0.0,0.0,0.0,0.0,0.0,0.1,0.0,11.3,0.1,0.0,0.3,0.0,0.1,0.0,0.0,0.9,0.1,10.8,0.0,2.3,2.7,0.0,0.0,0.0,0.0,26.1,3.6,0.0,0.0,0.0,0.0,0.2,0.0,0.0,1.9,0.0,0.2,0.2,30.6,0.0,1.4,0.0,0.0,0.0,0.0,0.3,0.1,0.0,0.0,0.0,0.2,0.0,0.0
taluk,TUMKUR,TUMKUR,Kharif,10.3,0.0,0.2,0.0,0.0,0.0,0.0,0.0,0.0,0.0,0.0,24.6,0.1,0.0,0.3,0.0,0.0,0.0,0.0,0.5,0.1,5.7,0.0,3.2,1.1,0.0,0.0,0.0,0.0,6.7,8.2,0.0,0.0,0.0,0.0,0.2,0.0,0.0,1.1,0.0,0.3,0.2,34.0,0.0,1.7,0.0,0.0,0.0,0.0,0.8,0.1,0.0,0.0,0.0,0.1,0.0,0.0
taluk,TUMKUR,GUBBI,Kharif,11.2,0.0,0.2,0.0,0.0,0.0,0.0,0.0,0.0,0.0,0.0,35.1,0.1,0.0,0.4,0.0,0.0,0.0,0.0,0.1,0.2,7.1,0.1,4.0,0.6,0.0,0.0,0.0,0.0,4.5,4.7,0.0,0.0,0.0,0.0,0.4,0.0,0.0,1.0,0.0,0.6,0.2,27.1,0.0,1.4,0.0,0.0,0.0,0.0,0.6,0.1,0.0,0.0,0.0,0.1,0.0,0.0
taluk,TUMKUR,TIPTUR,Kharif,5.0,0.0,0.1,0.0,0.0,0.1,0.0,0.0,0.0,0.0,0.0,41.4,1.8,0.0,0.4,0.2,0.1,0.0,0.4,0.1,0.9,3.6,0.2,1.3,2.0,0.0,0.0,0.0,0.0,7.3,1.5,0.0,0.0,0.0,0.0,0.3,0.0,0.0,0.5,0.0,0.2,0.4,27.7,0.0,3.0,0.0,0.0,0.3,0.0,0.6,0.1,0.0,0.0,0.3,0.1,0.0,0.0
taluk,TUMKUR,TURUVEKERE,Kharif,9.0,0.0,0.1,0.0,0.0,0.0,0.0,0.0,0.0,0.0,0.0,38.5,0.1,0.0,0.3,0.0,0.0,0.0,0.0,0.1,0.2,4.6,0.1,4.3,0.6,0.0,0.0,0.0,0.0,3.4,3.6,0.0,0.0,0.0,0.0,0.2,0.0,0.0,0.7,0.0,0.3,0.1,30.1,0.0,2.2,0.0,0.0,0.1,0.0,1.0,0.1,0.0,0.0,0.0,0.1,0.0,0.0
district,TUMKUR,,Rabi,18.9,0.0,2.8,0.0,0.0,0.0,0.0,0.1,0.0,2.3,0.0,48.5,0.4,0.0,0.0,0.0,0.0,0.0,0.0,1.0,0.0,1.2,0.0,1.3,1.8,0.0,0.0,0.0,0.0,0.7,11.5,0.0,0.0,0.0,0.0,0.2,0.0,0.0,0.1,0.0,2.7,0.5,1.4,0.0,0.8,0.0,0.1,0.0,0.0,1.6,0.3,0.0,0.0,0.0,1.3,0.0,0.1
taluk,TUMKUR,CHIKKANAYAKANAHALLI,Rabi,16.8,0.0,1.4,0.0,0.0,0.0,0.0,0.1,0.0,1.6,0.0,64.7,0.5,0.0,0.0,0.0,0.0,0.0,0.0,0.3,0.1,0.5,0.0,1.7,1.2,0.0,0.0,0.0,0.0,0.4,4.7,0.0,0.0,0.0,0.0,0.1,0.0,0.0,0.0,0.0,2.3,0.1,1.6,0.0,0.3,0.0,0.1,0.0,0.0,0.8,0.1,0.0,0.0,0.0,0.3,0.0,0.1
taluk,TUMKUR,KUNIGAL,Rabi,13.5,0.0,3.0,0.0,0.1,0.1,0.0,0.1,0.0,0.7,0.0,54.1,0.3,0.0,0.0,0.0,0.0,0.0,0.0,0.3,0.0,0.3,0.0,2.0,0.6,0.0,0.0,0.0,0.0,0.3,12.2,0.0,0.0,0.0,0.0,0.1,0.0,0.0,0.0,0.0,0.8,0.1,2.1,0.0,1.4,0.0,0.0,0.0,0.0,7.1,0.1,0.0,0.1,0.0,0.4,0.0,0.1
taluk,TUMKUR,SIRA,Rabi,21.3,0.0,1.9,0.0,0.0,0.0,0.0,0.0,0.0,4.5,0.0,44.6,0.2,0.0,0.1,0.0,0.0,0.0,0.0,0.3,0.0,1.9,0.0,1.4,3.3,0.0,0.0,0.0,0.0,0.4,7.1,0.0,0.0,0.1,0.0,0.4,0.0,0.0,0.1,0.0,7.1,0.2,0.9,0.0,1.0,0.0,0.1,0.0,0.0,1.0,0.9,0.0,0.1,0.0,1.1,0.0,0.1
taluk,TUMKUR,PAVAGADA,Rabi,21.8,0.0,1.8,0.0,0.0,0.0,0.0,0.1,0.0,6.8,0.0,22.8,0.1,0.0,0.1,0.0,0.0,0.0,0.0,0.4,0.0,4.7,0.0,1.3,3.7,0.0,0.0,0.0,0.0,0.7,17.1,0.0,0.0,0.0,0.0,0.7,0.0,0.0,0.3,0.0,7.4,0.5,0.6,0.0,2.2,0.0,0.6,0.0,0.0,0.9,0.8,0.0,0.0,0.0,4.3,0.0,0.1
taluk,TUMKUR,MADHUGIRI,Rabi,22.8,0.0,4.4,0.0,0.0,0.0,0.0,0.1,0.0,4.5,0.0,28.4,0.2,0.0,0.1,0.0,0.0,0.0,0.0,1.2,0.0,2.2,0.0,1.4,2.6,0.0,0.0,0.0,0.0,1.6,17.6,0.0,0.0,0.0,0.0,0.6,0.0,0.0,0.1,0.0,4.3,1.0,0.8,0.0,1.3,0.0,0.4,0.0,0.0,0.8,0.4,0.0,0.0,0.0,2.9,0.0,0.1
taluk,TUMKUR,KORATAGERE,Rabi,25.5,0.0,7.1,0.0,0.0,0.0,0.0,0.2,0.0,1.2,0.0,29.3,0.1,0.0,0.0,0.0,0.0,0.0,0.0,4.9,0.0,0.6,0.0,0.6,3.6,0.0,0.0,0.0,0.0,2.0,17.4,0.0,0.0,0.0,0.0,0.3,0.0,0.0,0.0,0.0,1.2,1.8,1.0,0.0,0.6,0.0,0.1,0.0,0.0,0.5,0.1,0.0,0.0,0.0,2.0,0.0,0.0
taluk,TUMKUR,TUMKUR,Rabi,22.9,0.0,2.9,0.0,0.0,0.0,0.0,0.1,0.0,0.9,0.0,41.2,0.2,0.0,0.0,0.0,0.0,0.0,0.0,2.0,0.0,0.4,0.0,0.7,1.3,0.0,0.0,0.0,0.0,0.5,21.2,0.0,0.0,0.0,0.0,0.1,0.0,0.0,0.1,0.0,1.1,0.5,1.6,0.0,0.4,0.0,0.1,0.0,0.0,0.9,0.1,0.0,0.0,0.0,0.6,0.0,0.0
taluk,TUMKUR,GUBBI,Rabi,20.5,0.0,2.7,0.0,0.0,0.0,0.0,0.0,0.0,1.1,0.0,59.3,0.2,0.0,0.0,0.0,0.0,0.0,0.0,0.3,0.0,0.4,0.0,0.9,0.8,0.0,0.0,0.0,0.0,0.3,8.4,0.0,0.0,0.0,0.0,0.1,0.0,0.0,0.0,0.0,1.7,0.1,1.2,0.0,0.4,0.0,0.1,0.0,0.0,1.1,0.1,0.0,0.0,0.0,0.4,0.0,0.0
taluk,TUMKUR,TIPTUR,Rabi,8.5,0.0,1.1,0.0,0.0,0.2,0.0,0.1,0.0,0.8,0.0,74.0,2.5,0.0,0.0,0.0,0.0,0.0,0.0,0.3,0.0,0.3,0.0,1.3,0.7,0.0,0.0,0.0,0.0,0.7,3.2,0.0,0.0,0.0,0.0,0.1,0.0,0.0,0.0,0.0,0.7,0.1,2.7,0.0,0.5,0.0,0.0,0.0,0.0,1.5,0.1,0.0,0.0,0.0,0.3,0.0,0.1
taluk,TUMKUR,TURUVEKERE,Rabi,15.6,0.0,1.8,0.0,0.0,0.0,0.0,0.0,0.0,0.8,0.0,66.8,0.2,0.0,0.0,0.0,0.0,0.0,0.0,0.3,0.0,0.3,0.0,1.9,0.6,0.0,0.0,0.0,0.0,0.2,6.0,0.0,0.0,0.0,0.0,0.1,0.0,0.0,0.0,0.0,0.9,0.1,1.8,0.0,0.4,0.0,0.0,0.0,0.0,1.7,0.1,0.0,0.0,0.0,0.3,0.0,0.0
district,TUMKUR,,Summer,19.5,0.0,3.0,0.0,0.0,0.0,0.0,0.1,0.0,1.0,0.0,49.6,0.4,0.0,0.0,0.0,0.0,0.0,0.0,1.2,0.0,1.2,0.0,0.8,1.0,0.0,0.0,0.0,0.0,0.7,12.6,0.0,0.0,0.0,0.0,0.1,0.0,0.0,0.1,0.0,3.0,0.2,1.3,0.0,1.3,0.0,0.2,0.0,0.0,1.7,0.2,0.0,0.0,0.0,0.6,0.0,0.0
taluk,TUMKUR,CHIKKANAYAKANAHALLI,Summer,17.2,0.0,1.5,0.0,0.0,0.0,0.0,0.1,0.0,0.9,0.0,65.7,0.5,0.0,0.0,0.0,0.0,0.0,0.0,0.3,0.1,0.5,0.0,1.1,0.8,0.0,0.0,0.0,0.0,0.4,5.2,0.0,0.0,0.0,0.0,0.1,0.0,0.0,0.0,0.0,2.4,0.1,1.4,0.0,0.5,0.0,0.1,0.0,0.0,0.9,0.1,0.0,0.0,0.0,0.2,0.0,0.0
taluk,TUMKUR,KUNIGAL,Summer,13.7,0.0,3.1,0.0,0.0,0.1,0.0,0.2,0.0,0.3,0.0,54.9,0.3,0.0,0.0,0.0,0.0,0.0,0.0,0.3,0.0,0.3,0.0,1.4,0.3,0.0,0.0,0.0,0.0,0.2,12.4,0.0,0.0,0.0,0.0,0.0,0.0,0.0,0.0,0.0,0.9,0.1,2.0,0.0,1.7,0.0,0.1,0.0,0.0,7.1,0.1,0.0,0.1,0.0,0.2,0.0,0.0
taluk,TUMKUR,SIRA,Summer,22.6,0.0,2.3,0.0,0.0,0.0,0.0,0.0,0.0,1.7,0.0,46.6,0.2,0.0,0.0,0.0,0.0,0.0,0.0,0.4,0.0,2.1,0.0,0.7,1.4,0.0,0.0,0.0,0.0,0.4,8.4,0.0,0.0,0.0,0.0,0.2,0.0,0.0,0.1,0.0,7.9,0.1,0.8,0.0,1.9,0.0,0.1,0.0,0.0,1.1,0.4,0.0,0.1,0.0,0.3,0.0,0.0
taluk,TUMKUR,PAVAGADA,Summer,23.1,0.0,2.1,0.0,0.0,0.0,0.0,0.1,0.0,2.5,0.0,25.0,0.1,0.0,0.1,0.0,0.0,0.0,0.0,0.6,0.0,4.6,0.0,0.6,1.5,0.0,0.0,0.0,0.0,0.8,20.9,0.0,0.0,0.0,0.0,0.4,0.0,0.0,0.2,0.0,8.3,0.2,0.5,0.0,3.7,0.0,0.7,0.0,0.0,1.0,0.6,0.0,0.0,0.0,2.0,0.0,0.1
taluk,TUMKUR,MADHUGIRI,Summer,23.7,0.0,4.7,0.0,0.0,0.0,0.0,0.1,0.0,2.0,0.0,29.4,0.2,0.0,0.0,0.0,0.0,0.0,0.0,1.6,0.0,2.1,0.0,0.8,1.3,0.0,0.0,0.0,0.0,1.6,20.7,0.0,0.0,0.0,0.0,0.3,0.0,0.0,0.1,0.0,4.7,0.4,0.7,0.0,2.2,0.0,0.5,0.0,0.0,0.9,0.4,0.0,0.0,0.0,1.3,0.0,0.1
taluk,TUMKUR,KORATAGERE,Summer,26.5,0.0,7.6,0.0,0.0,0.0,0.0,0.2,0.0,0.6,0.0,30.1,0.1,0.0,0.0,0.0,0.0,0.0,0.0,5.7,0.0,0.6,0.0,0.4,2.1,0.0,0.0,0.0,0.0,1.9,18.6,0.0,0.0,0.0,0.0,0.1,0.0,0.0,0.0,0.0,1.3,0.8,0.9,0.0,1.0,0.0,0.1,0.0,0.0,0.5,0.1,0.0,0.0,0.0,0.9,0.0,0.0
taluk,TUMKUR,TUMKUR,Summer,23.1,0.0,3.0,0.0,0.0,0.0,0.0,0.1,0.0,0.5,0.0,41.7,0.2,0.0,0.0,0.0,0.0,0.0,0.0,2.2,0.0,0.5,0.0,0.5,0.8,0.0,0.0,0.0,0.0,0.5,21.7,0.0,0.0,0.0,0.0,0.1,0.0,0.0,0.1,0.0,1.2,0.2,1.6,0.0,0.6,0.0,0.1,0.0,0.0,1.0,0.1,0.0,0.0,0.0,0.3,0.0,0.0
taluk,TUMKUR,GUBBI,Summer,20.6,0.0,2.7,0.0,0.0,0.0,0.0,0.0,0.0,0.6,0.0,59.9,0.2,0.0,0.0,0.0,0.0,0.0,0.0,0.4,0.0,0.4,0.0,0.6,0.5,0.0,0.0,0.0,0.0,0.3,8.8,0.0,0.0,0.0,0.0,0.0,0.0,0.0,0.0,0.0,1.8,0.1,1.1,0.0,0.5,0.0,0.1,0.0,0.0,1.1,0.1,0.0,0.0,0.0,0.2,0.0,0.0
taluk,TUMKUR,TIPTUR,Summer,8.7,0.0,1.2,0.0,0.0,0.2,0.0,0.1,0.0,0.4,0.0,74.9,2.4,0.0,0.0,0.0,0.0,0.0,0.0,0.3,0.0,0.3,0.0,0.8,0.4,0.0,0.0,0.0,0.0,0.6,3.5,0.0,0.0,0.0,0.0,0.1,0.0,0.0,0.0,0.0,0.8,0.1,2.3,0.0,0.6,0.0,0.0,0.0,0.0,1.6,0.0,0.0,0.0,0.0,0.1,0.0,0.0
taluk,TUMKUR,TURUVEKERE,Summer,15.7,0.0,1.8,0.0,0.0,0.0,0.0,0.1,0.0,0.4,0.0,67.8,0.2,0.0,0.0,0.0,0.0,0.0,0.0,0.3,0.0,0.3,0.0,1.3,0.3,0.0,0.0,0.0,0.0,0.2,6.3,0.0,0.0,0.0,0.0,0.0,0.0,0.0,0.0,0.0,1.0,0.1,1.7,0.0,0.6,0.0,0.0,0.0,0.0,1.7,0.1,0.0,0.0,0.0,0.2,0.0,0.0
district,UDUPI,,Kharif,29.1,0.0,1.7,0.0,0.2,0.3,0.0,7.6,0.0,0.0,0.0,26.8,0.6,0.0,0.1,0.0,0.0,0.0,0.1,0.0,0.0,0.2,0.0,0.0,0.0,0.1,0.0,0.0,0.0,0.3,0.4,0.0,0.0,0.0,0.0,0.0,0.0,0.0,0.0,0.0,0.0,0.0,0.0,0.0,32.1,0.0,0.0,0.0,0.0,0.1,0.0,0.0,0.0,0.0,0.0,0.0,0.0
taluk,UDUPI,KUNDAPURA,Kharif,26.7,0.0,1.6,0.0,0.2,0.2,0.0,6.9,0.0,0.0,0.0,25.7,0.5,0.0,0.1,0.0,0.0,0.0,0.2,0.0,0.1,0.2,0.0,0.0,0.0,0.1,0.0,0.0,0.0,0.6,0.6,0.0,0.0,0.0,0.0,0.0,0.0,0.0,0.0,0.0,0.0,0.0,0.0,0.0,35.6,0.0,0.0,0.0,0.0,0.2,0.0,0.0,0.0,0.0,0.0,0.0,0.0
taluk,UDUPI,UDUPI,Kharif,25.6,0.0,1.4,0.0,0.3,0.3,0.0,7.5,0.0,0.0,0.0,29.0,0.5,0.0,0.1,0.0,0.0,0.0,0.0,0.0,0.1,0.1,0.0,0.0,0.0,0.0,0.0,0.0,0.0,0.2,0.4,0.0,0.0,0.0,0.0,0.0,0.0,0.0,0.0,0.0,0.0,0.0,0.0,0.0,34.1,0.0,0.0,0.0,0.0,0.1,0.0,0.0,0.0,0.0,0.0,0.0,0.0
taluk,UDUPI,KARKALA,Kharif,31.1,0.0,2.1,0.0,0.1,0.3,0.0,8.0,0.0,0.0,0.0,25.9,0.8,0.0,0.1,0.0,0.0,0.0,0.1,0.0,0.0,0.1,0.0,0.0,0.0,0.0,0.0,0.0,0.0,0.3,0.4,0.0,0.0,0.0,0.0,0.0,0.0,0.0,0.0,0.0,0.0,0.0,0.0,0.0,30.2,0.0,0.0,0.0,0.0,0.1,0.0,0.0,0.1,0.0,0.0,0.0,0.0
district,UDUPI,,Rabi,37.8,0.0,2.2,0.0,1.6,0.3,0.0,11.4,0.0,0.0,0.0,39.3,0.5,0.0,0.0,0.0,0.0,0.0,0.0,0.0,0.0,0.7,0.0,0.0,0.0,0.0,0.0,0.0,0.0,0.0,0.6,0.0,0.0,0.0,0.0,0.0,0.0,0.0,0.0,0.0,0.0,0.0,0.0,0.0,5.2,0.0,0.0,0.0,0.0,0.1,0.0,0.0,0.0,0.0,0.0,0.0,0.0
taluk,UDUPI,KUNDAPURA,Rabi,37.8,0.0,2.2,0.0,1.7,0.3,0.0,11.0,0.0,0.0,0.0,38.6,0.5,0.0,0.0,0.0,0.0,0.0,0.0,0.0,0.0,1.0,0.0,0.0,0.0,0.0,0.0,0.0,0.0,0.0,0.9,0.0,0.0,0.1,0.0,0.0,0.0,0.0,0.0,0.0,0.0,0.0,0.0,0.0,5.3,0.0,0.0,0.0,0.0,0.2,0.0,0.0,0.0,0.0,0.0,0.0,0.0
taluk,UDUPI,UDUPI,Rabi,31.4,0.0,1.9,0.0,2.4,0.3,0.0,11.2,0.0,0.0,0.0,45.3,0.3,0.0,0.0,0.0,0.0,0.0,0.0,0.0,0.0,0.7,0.0,0.0,0.0,0.0,0.0,0.0,0.0,0.0,0.5,0.0,0.0,0.0,0.0,0.0,0.0,0.0,0.0,0.0,0.0,0.0,0.0,0.0,5.8,0.0,0.0,0.0,0.0,0.1,0.0,0.0,0.0,0.0,0.0,0.0,0.0
taluk,UDUPI,KARKALA,Rabi,40.8,0.0,2.7,0.0,1.1,0.4,0.0,12.1,0.0,0.0,0.0,35.9,0.8,0.0,0.0,0.0,0.0,0.0,0.0,0.0,0.0,0.5,0.0,0.0,0.0,0.0,0.0,0.0,0.0,0.0,0.6,0.0,0.0,0.0,0.0,0.0,0.0,0.0,0.0,0.0,0.0,0.0,0.0,0.0,4.8,0.0,0.0,0.0,0.0,0.1,0.0,0.0,0.0,0.0,0.0,0.0,0.0
district,UDUPI,,Summer,38.3,0.0,2.4,0.0,1.2,0.3,0.0,11.5,0.0,0.0,0.0,39.8,0.5,0.0,0.0,0.0,0.0,0.0,0.0,0.0,0.0,0.6,0.0,0.0,0.0,0.0,0.0,0.0,0.0,0.0,0.6,0.0,0.0,0.0,0.0,0.0,0.0,0.0,0.0,0.0,0.0,0.0,0.0,0.0,4.4,0.0,0.0,0.0,0.0,0.1,0.0,0.0,0.0,0.0,0.0,0.0,0.0
taluk,UDUPI,KUNDAPURA,Summer,38.1,0.0,2.4,0.0,1.3,0.3,0.0,11.1,0.0,0.0,0.0,39.3,0.6,0.0,0.0,0.0,0.0,0.0,0.0,0.0,0.0,0.8,0.0,0.0,0.0,0.0,0.0,0.0,0.0,0.1,0.9,0.0,0.0,0.0,0.0,0.0,0.0,0.0,0.0,0.0,0.0,0.0,0.0,0.0,4.7,0.0,0.0,0.0,0.0,0.2,0.0,0.0,0.0,0.0,0.0,0.0,0.0
taluk,UDUPI,UDUPI,Summer,32.0,0.0,2.2,0.0,1.9,0.3,0.0,11.3,0.0,0.0,0.0,46.2,0.2,0.0,0.0,0.0,0.0,0.0,0.0,0.0,0.0,0.5,0.0,0.0,0.0,0.0,0.0,0.0,0.0,0.0,0.5,0.0,0.0,0.0,0.0,0.0,0.0,0.0,0.0,0.0,0.0,0.0,0.0,0.0,4.7,0.0,0.0,0.0,0.0,0.1,0.0,0.0,0.0,0.0,0.0,0.0,0.0
taluk,UDUPI,KARKALA,Summer,41.2,0.0,2.9,0.0,0.8,0.4,0.0,12.1,0.0,0.0,0.0,36.3,0.8,0.0,0.0,0.0,0.0,0.0,0.0,0.0,0.0,0.4,0.0,0.0,0.0,0.0,0.0,0.0,0.0,0.0,0.6,0.0,0.0,0.0,0.0,0.0,0.0,0.0,0.0,0.0,0.0,0.0,0.0,0.0,4.2,0.0,0.0,0.0,0.0,0.1,0.0,0.0,0.0,0.0,0.0,0.0,0.0
district,UTTAR KANNAD,,Kharif,22.6,0.1,3.4,0.0,0.1,0.1,0.0,2.4,0.0,0.0,0.1,12.9,0.3,0.0,0.9,0.0,0.0,0.0,0.2,0.0,0.3,0.8,0.0,0.0,0.2,0.1,0.0,0.0,0.0,5.2,2.1,0.0,0.0,0.0,0.0,0.1,0.0,0.0,0.1,0.0,0.0,0.1,0.2,0.0,43.1,0.0,0.0,0.0,1.1,3.2,0.0,0.0,0.0,0.0,0.0,0.0,0.0
taluk,UTTAR KANNAD,KARWAR,Kharif,16.3,0.0,2.6,0.0,0.1,0.1,0.0,4.2,0.0,0.0,0.0,19.1,0.3,0.0,0.3,0.0,0.0,0.0,0.1,0.0,0.1,0.5,0.1,0.0,0.1,0.1,0.0,0.0,0.0,1.8,3.6,0.0,0.0,0.0,0.0,0.0,0.0,0.0,0.1,0.0,0.0,0.0,0.1,0.0,47.9,0.0,0.0,0.0,0.4,1.9,0.0,0.0,0.0,0.0,0.0,0.0,0.0
taluk,UTTAR KANNAD,HONNAVAR,Kharif,30.6,0.0,2.5,0.0,0.0,0.1,0.0,3.4,0.0,0.0,0.0,20.5,0.4,0.0,0.3,0.0,0.0,0.0,0.1,0.0,0.1,0.3,0.0,0.0,0.1,0.0,0.0,0.0,0.0,1.6,1.1,0.0,0.0,0.0,0.0,0.0,0.0,0.0,0.0,0.0,0.0,0.0,0.1,0.0,37.3,0.0,0.0,0.0,0.3,0.9,0.0,0.0,0.0,0.0,0.0,0.0,0.0
taluk,UTTAR KANNAD,BHATKAL,Kharif,24.9,0.0,1.9,0.0,0.1,0.2,0.0,3.6,0.0,0.0,0.0,23.9,0.4,0.0,0.3,0.0,0.0,0.0,0.1,0.0,0.1,0.4,0.1,0.0,0.1,0.0,0.0,0.0,0.0,1.5,1.2,0.0,0.0,0.0,0.0,0.0,0.0,0.0,0.0,0.0,0.0,0.0,0.1,0.0,39.6,0.0,0.0,0.0,0.3,0.9,0.0,0.0,0.1,0.0,0.0,0.0,0.0
taluk,UTTAR KANNAD,SUPA,Kharif,14.6,0.1,3.1,0.0,0.1,0.1,0.0,3.0,0.0,0.0,0.0,8.8,0.4,0.0,0.4,0.0,0.0,0.0,0.1,0.0,0.2,1.3,0.1,0.0,0.2,0.1,0.0,0.0,0.0,2.6,2.3,0.0,0.0,0.0,0.0,0.0,0.0,0.0,0.1,0.0,0.0,0.1,0.4,0.0,54.1,0.0,0.0,0.0,0.9,6.6,0.0,0.1,0.0,0.0,0.0,0.0,0.0
taluk,UTTAR KANNAD,HALIYAL,Kharif,11.2,0.2,1.9,0.0,0.3,0.1,0.0,1.7,0.0,0.2,0.5,4.9,0.2,0.0,3.0,0.0,0.0,0.0,0.1,0.0,1.7,2.4,0.1,0.1,0.9,0.1,0.0,0.0,0.0,9.5,2.5,0.0,0.0,0.0,0.0,0.4,0.0,0.0,0.2,0.0,0.0,0.2,0.3,0.0,40.7,0.0,0.0,0.0,4.7,11.5,0.0,0.1,0.0,0.1,0.1,0.0,0.1
taluk,UTTAR KANNAD,YELLAPUR,Kharif,23.9,0.1,3.9,0.0,0.1,0.1,0.0,1.4,0.0,0.0,0.1,7.6,0.5,0.0,1.2,0.0,0.0,0.0,0.2,0.0,0.4,0.8,0.1,0.0,0.2,0.1,0.0,0.0,0.0,7.9,2.3,0.0,0.0,0.0,0.0,0.1,0.0,0.0,0.1,0.0,0.0,0.1,0.2,0.0,43.5,0.0,0.0,0.0,1.2,4.0,0.0,0.0,0.0,0.0,0.0,0.0,0.0
taluk,UTTAR KANNAD,MUNDGOD,Kharif,16.8,0.1,2.9,0.0,0.1,0.0,0.0,0.8,0.0,0.0,0.2,4.2,0.2,0.0,3.3,0.0,0.0,0.0,0.3,0.0,0.7,1.7,0.0,0.0,0.5,0.0,0.0,0.0,0.0,17.7,2.8,0.0,0.0,0.0,0.0,0.1,0.0,0.0,0.1,0.0,0.0,0.1,0.3,0.0,39.1,0.0,0.0,0.0,2.9,4.6,0.0,0.0,0.0,0.0,0.0,0.0,0.0
taluk,UTTAR KANNAD,SIRSI,Kharif,30.5,0.0,6.0,0.0,0.0,0.2,0.1,1.1,0.0,0.0,0.0,7.3,0.4,0.0,0.4,0.0,0.0,0.0,0.7,0.0,0.1,0.3,0.0,0.0,0.1,0.0,0.0,0.0,0.0,6.4,1.4,0.0,0.0,0.0,0.0,0.0,0.0,0.0,0.0,0.0,0.0,0.0,0.1,0.0,42.9,0.0,0.0,0.0,0.4,1.3,0.0,0.0,0.0,0.0,0.0,0.0,0.0
taluk,UTTAR KANNAD,ANKOLA,Kharif,22.8,0.0,3.0,0.0,0.1,0.1,0.0,3.2,0.0,0.0,0.0,19.7,0.2,0.0,0.3,0.0,0.0,0.0,0.1,0.0,0.1,0.5,0.0,0.0,0.1,0.0,0.0,0.0,0.0,1.6,2.6,0.0,0.0,0.0,0.0,0.0,0.0,0.0,0.0,0.0,0.0,0.0,0.1,0.0,43.8,0.0,0.0,0.0,0.3,1.2,0.0,0.0,0.0,0.0,0.0,0.0,0.0
taluk,UTTAR KANNAD,KUMTA,Kharif,26.7,0.0,3.1,0.0,0.0,0.1,0.0,2.6,0.0,0.0,0.0,20.4,0.3,0.0,0.3,0.0,0.0,0.0,0.1,0.0,0.1,0.4,0.0,0.0,0.1,0.0,0.0,0.0,0.0,1.5,1.6,0.0,0.0,0.0,0.0,0.0,0.0,0.0,0.0,0.0,0.0,0.0,0.1,0.0,41.0,0.0,0.0,0.0,0.3,1.0,0.0,0.0,0.0,0.0,0.0,0.0,0.0
taluk,UTTAR KANNAD,SIDDAPUR,Kharif,31.6,0.0,6.7,0.0,0.0,0.2,0.1,1.1,0.0,0.0,0.0,6.2,0.4,0.0,0.3,0.0,0.0,0.0,0.6,0.0,0.1,0.3,0.0,0.0,0.1,0.0,0.0,0.0,0.0,4.7,1.3,0.0,0.0,0.0,0.0,0.0,0.0,0.0,0.0,0.0,0.0,0.0,0.1,0.0,44.3,0.0,0.0,0.0,0.4,1.2,0.0,0.0,0.0,0.0,0.0,0.0,0.0
district,UTTAR KANNAD,,Rabi,42.0,0.0,6.8,0.0,0.1,0.5,0.2,4.5,0.0,0.7,0.0,21.2,0.3,0.0,0.1,0.0,0.0,0.0,0.0,0.0,0.8,0.7,0.0,0.5,1.9,0.0,0.0,0.0,0.0,0.6,5.7,0.0,0.0,0.1,0.0,0.0,0.0,0.0,0.0,0.0,0.0,0.0,0.0,0.0,4.0,0.0,0.0,0.0,0.0,8.6,0.1,0.0,0.0,0.0,0.0,0.0,0.3
taluk,UTTAR KANNAD,KARWAR,Rabi,27.3,0.0,5.3,0.0,0.1,0.2,0.1,7.2,0.0,0.2,0.0,38.7,0.5,0.0,0.1,0.0,0.0,0.0,0.0,0.0,0.3,0.7,0.0,0.2,0.5,0.0,0.0,0.0,0.0,0.2,8.6,0.0,0.0,0.1,0.0,0.0,0.0,0.0,0.0,0.0,0.0,0.0,0.0,0.0,5.5,0.0,0.0,0.0,0.0,3.7,0.0,0.0,0.0,0.0,0.0,0.0,0.2
taluk,UTTAR KANNAD,HONNAVAR,Rabi,49.6,0.0,3.6,0.0,0.1,0.3,0.1,7.1,0.0,0.2,0.0,28.8,0.4,0.0,0.0,0.0,0.0,0.0,0.0,0.0,0.2,1.0,0.0,0.1,0.5,0.0,0.0,0.0,0.0,0.2,2.6,0.0,0.0,0.0,0.0,0.0,0.0,0.0,0.0,0.0,0.0,0.0,0.0,0.0,2.7,0.0,0.0,0.0,0.0,2.2,0.0,0.0,0.0,0.0,0.0,0.0,0.1
taluk,UTTAR KANNAD,BHATKAL,Rabi,40.7,0.0,3.0,0.0,0.4,0.4,0.1,6.7,0.0,0.2,0.0,36.0,0.6,0.0,0.0,0.0,0.0,0.0,0.0,0.0,0.2,1.4,0.0,0.1,0.5,0.0,0.0,0.0,0.0,0.2,3.0,0.0,0.0,0.1,0.0,0.0,0.0,0.0,0.0,0.0,0.0,0.0,0.0,0.0,3.8,0.0,0.0,0.0,0.0,2.4,0.0,0.0,0.0,0.0,0.0,0.0,0.1
taluk,UTTAR KANNAD,SUPA,Rabi,35.6,0.0,8.1,0.0,0.0,0.2,0.1,5.7,0.0,0.6,0.0,15.6,0.4,0.0,0.0,0.0,0.0,0.0,0.0,0.0,0.5,0.5,0.0,0.4,1.0,0.0,0.0,0.1,0.0,0.3,6.6,0.0,0.0,0.2,0.0,0.1,0.0,0.0,0.0,0.0,0.0,0.0,0.0,0.0,6.1,0.0,0.0,0.0,0.0,17.1,0.0,0.0,0.0,0.0,0.0,0.0,0.3
taluk,UTTAR KANNAD,HALIYAL,Rabi,21.1,0.0,3.9,0.0,0.1,0.2,0.1,2.7,0.0,4.2,0.0,7.4,0.2,0.0,0.6,0.0,0.1,0.0,0.0,0.1,1.9,0.5,0.0,1.6,6.4,0.0,0.0,0.2,0.0,1.4,8.0,0.0,0.0,0.3,0.0,0.1,0.0,0.0,0.0,0.0,0.0,0.0,0.0,0.0,3.6,0.0,0.0,0.0,0.2,33.2,0.2,0.0,0.0,0.0,0.1,0.0,1.4
taluk,UTTAR KANNAD,YELLAPUR,Rabi,49.3,0.0,8.3,0.0,0.1,0.3,0.2,2.5,0.0,0.5,0.0,11.8,0.2,0.0,0.1,0.0,0.0,0.0,0.0,0.0,1.5,0.3,0.0,0.8,2.0,0.0,0.0,0.0,0.0,0.8,6.2,0.0,0.0,0.2,0.0,0.0,0.0,0.0,0.0,0.0,0.0,0.0,0.0,0.0,4.1,0.0,0.0,0.0,0.0,10.0,0.1,0.0,0.0,0.0,0.0,0.0,0.3
taluk,UTTAR KANNAD,MUNDGOD,Rabi,38.0,0.0,6.9,0.0,0.1,0.2,0.1,1.4,0.0,1.1,0.0,7.0,0.1,0.0,0.5,0.0,0.0,0.0,0.0,0.0,2.9,0.4,0.0,1.5,7.3,0.0,0.0,0.1,0.0,2.3,10.2,0.0,0.0,0.2,0.0,0.0,0.0,0.0,0.0,0.0,0.0,0.0,0.0,0.0,4.4,0.0,0.0,0.0,0.1,14.1,0.2,0.0,0.0,0.0,0.1,0.0,0.7
taluk,UTTAR KANNAD,SIRSI,Rabi,59.9,0.0,12.8,0.0,0.0,1.2,0.4,1.9,0.0,0.2,0.0,10.8,0.3,0.0,0.0,0.0,0.0,0.0,0.0,0.0,0.3,0.3,0.0,0.2,0.6,0.0,0.0,0.0,0.0,0.6,3.7,0.0,0.0,0.0,0.0,0.0,0.0,0.0,0.0,0.0,0.0,0.0,0.0,0.0,3.5,0.0,0.0,0.0,0.0,2.8,0.1,0.0,0.0,0.0,0.0,0.0,0.1
taluk,UTTAR KANNAD,ANKOLA,Rabi,38.9,0.0,4.9,0.0,0.1,0.2,0.1,6.3,0.0,0.2,0.0,34.0,0.3,0.0,0.0,0.0,0.0,0.0,0.0,0.0,0.2,1.3,0.0,0.1,0.5,0.0,0.0,0.0,0.0,0.2,6.0,0.0,0.0,0.0,0.0,0.0,0.0,0.0,0.0,0.0,0.0,0.0,0.0,0.0,3.7,0.0,0.0,0.0,0.0,2.6,0.0,0.0,0.0,0.0,0.0,0.0,0.1
taluk,UTTAR KANNAD,KUMTA,Rabi,43.4,0.0,4.7,0.0,0.1,0.3,0.1,5.8,0.0,0.2,0.0,33.0,0.4,0.0,0.0,0.0,0.0,0.0,0.0,0.0,0.2,1.5,0.0,0.1,0.5,0.0,0.0,0.0,0.0,0.2,4.1,0.0,0.0,0.0,0.0,0.0,0.0,0.0,0.0,0.0,0.0,0.0,0.0,0.0,2.9,0.0,0.0,0.0,0.0,2.4,0.0,0.0,0.0,0.0,0.0,0.0,0.1
taluk,UTTAR KANNAD,SIDDAPUR,Rabi,60.0,0.0,14.1,0.0,0.0,1.8,0.7,1.7,0.0,0.2,0.0,10.2,0.3,0.0,0.0,0.0,0.0,0.0,0.0,0.0,0.3,0.3,0.0,0.2,0.6,0.0,0.0,0.0,0.0,0.4,3.1,0.0,0.0,0.1,0.0,0.0,0.0,0.0,0.0,0.0,0.0,0.1,0.0,0.0,3.2,0.0,0.0,0.0,0.0,2.6,0.0,0.0,0.0,0.0,0.0,0.0,0.1
district,UTTAR KANNAD,,Summer,41.8,0.0,6.9,0.0,0.1,0.5,0.3,4.6,0.0,0.2,0.0,21.3,0.3,0.0,0.0,0.0,0.0,0.0,0.0,0.0,0.4,0.8,0.0,0.2,0.5,0.0,0.0,0.0,0.0,0.7,6.4,0.0,0.0,0.1,0.0,0.0,0.0,0.0,0.0,0.0,0.0,0.0,0.0,0.0,4.2,0.0,0.0,0.0,0.0,10.3,0.0,0.0,0.0,0.0,0.0,0.0,0.1
taluk,UTTAR KANNAD,KARWAR,Summer,27.4,0.0,5.4,0.0,0.1,0.3,0.1,7.4,0.0,0.1,0.0,38.9,0.5,0.0,0.0,0.0,0.0,0.0,0.0,0.0,0.2,0.6,0.0,0.1,0.2,0.0,0.0,0.0,0.0,0.2,8.9,0.0,0.0,0.0,0.0,0.0,0.0,0.0,0.0,0.0,0.0,0.0,0.0,0.0,5.1,0.0,0.0,0.0,0.0,4.2,0.0,0.0,0.0,0.0,0.0,0.0,0.0
taluk,UTTAR KANNAD,HONNAVAR,Summer,49.7,0.0,3.7,0.0,0.1,0.3,0.1,7.1,0.0,0.0,0.0,28.9,0.4,0.0,0.0,0.0,0.0,0.0,0.0,0.0,0.1,0.8,0.0,0.0,0.1,0.0,0.0,0.0,0.0,0.2,2.8,0.0,0.0,0.0,0.0,0.0,0.0,0.0,0.0,0.0,0.0,0.0,0.0,0.0,2.8,0.0,0.0,0.0,0.0,2.6,0.0,0.0,0.0,0.0,0.0,0.0,0.0
taluk,UTTAR KANNAD,BHATKAL,Summer,40.6,0.0,3.1,0.0,0.3,0.4,0.1,6.8,0.0,0.1,0.0,36.6,0.5,0.0,0.0,0.0,0.0,0.0,0.0,0.0,0.1,1.2,0.0,0.0,0.1,0.0,0.0,0.0,0.0,0.2,3.2,0.0,0.0,0.0,0.0,0.0,0.0,0.0,0.0,0.0,0.0,0.0,0.0,0.0,3.6,0.0,0.0,0.0,0.0,2.8,0.0,0.0,0.0,0.0,0.0,0.0,0.0
taluk,UTTAR KANNAD,SUPA,Summer,35.7,0.0,8.1,0.0,0.0,0.3,0.2,5.8,0.0,0.2,0.1,15.6,0.5,0.0,0.0,0.0,0.0,0.0,0.0,0.1,0.2,0.5,0.0,0.2,0.4,0.0,0.0,0.0,0.0,0.4,6.9,0.0,0.0,0.1,0.0,0.2,0.0,0.0,0.0,0.0,0.1,0.0,0.0,0.0,5.7,0.0,0.0,0.0,0.0,18.4,0.0,0.0,0.0,0.0,0.0,0.0,0.2
taluk,UTTAR KANNAD,HALIYAL,Summer,20.8,0.0,4.1,0.0,0.0,0.2,0.3,2.7,0.0,0.7,0.1,7.7,0.2,0.0,0.1,0.0,0.0,0.0,0.0,0.1,0.9,0.8,0.0,0.7,1.4,0.0,0.0,0.1,0.0,1.2,11.9,0.0,0.0,0.1,0.0,0.1,0.0,0.0,0.0,0.0,0.1,0.0,0.0,0.0,3.1,0.0,0.0,0.0,0.1,41.9,0.1,0.0,0.1,0.0,0.0,0.0,0.3
taluk,UTTAR KANNAD,YELLAPUR,Summer,48.9,0.0,8.6,0.0,0.0,0.3,0.3,2.7,0.0,0.1,0.0,11.9,0.2,0.0,0.0,0.0,0.0,0.0,0.0,0.0,0.6,0.5,0.0,0.3,0.6,0.0,0.0,0.0,0.0,1.1,6.8,0.0,0.0,0.1,0.0,0.0,0.0,0.0,0.0,0.0,0.0,0.0,0.0,0.0,4.6,0.0,0.0,0.0,0.0,11.8,0.1,0.0,0.1,0.0,0.0,0.0,0.1
taluk,UTTAR KANNAD,MUNDGOD,Summer,37.4,0.0,7.4,0.0,0.0,0.2,0.3,1.5,0.0,0.3,0.1,7.2,0.2,0.0,0.2,0.0,0.0,0.0,0.0,0.1,1.2,1.0,0.0,0.5,2.3,0.0,0.0,0.0,0.0,2.9,12.2,0.0,0.0,0.1,0.0,0.0,0.0,0.0,0.0,0.0,0.0,0.0,0.0,0.0,6.7,0.0,0.0,0.0,0.1,17.5,0.2,0.0,0.1,0.0,0.0,0.0,0.2
taluk,UTTAR KANNAD,SIRSI,Summer,59.2,0.0,12.7,0.0,0.0,1.2,0.7,1.9,0.0,0.0,0.0,10.7,0.3,0.0,0.0,0.0,0.0,0.0,0.0,0.0,0.2,0.3,0.0,0.1,0.2,0.0,0.0,0.0,0.0,0.8,3.6,0.0,0.0,0.0,0.0,0.0,0.0,0.0,0.0,0.0,0.0,0.0,0.0,0.0,4.5,0.0,0.0,0.0,0.0,3.3,0.0,0.0,0.0,0.0,0.0,0.0,0.0
taluk,UTTAR KANNAD,ANKOLA,Summer,38.9,0.0,4.9,0.0,0.1,0.2,0.1,6.5,0.0,0.0,0.0,34.3,0.3,0.0,0.0,0.0,0.0,0.0,0.0,0.0,0.1,1.1,0.0,0.1,0.1,0.0,0.0,0.0,0.0,0.2,6.3,0.0,0.0,0.0,0.0,0.0,0.0,0.0,0.0,0.0,0.0,0.0,0.0,0.0,3.5,0.0,0.0,0.0,0.0,3.0,0.0,0.0,0.0,0.0,0.0,0.0,0.0
taluk,UTTAR KANNAD,KUMTA,Summer,43.4,0.0,4.7,0.0,0.1,0.3,0.1,5.9,0.0,0.0,0.0,33.2,0.4,0.0,0.0,0.0,0.0,0.0,0.0,0.0,0.1,1.3,0.0,0.1,0.1,0.0,0.0,0.0,0.0,0.2,4.3,0.0,0.0,0.0,0.0,0.0,0.0,0.0,0.0,0.0,0.0,0.0,0.0,0.0,2.8,0.0,0.0,0.0,0.0,2.8,0.0,0.0,0.0,0.0,0.0,0.0,0.0
taluk,UTTAR KANNAD,SIDDAPUR,Summer,59.4,0.0,14.0,0.0,0.0,1.9,1.1,1.8,0.0,0.1,0.0,10.1,0.3,0.0,0.0,0.0,0.0,0.0,0.0,0.0,0.1,0.3,0.0,0.1,0.2,0.0,0.0,0.0,0.0,0.5,3.0,0.0,0.0,0.0,0.0,0.0,0.0,0.0,0.0,0.0,0.0,0.0,0.0,0.0,3.8,0.0,0.0,0.0,0.0,3.1,0.0,0.0,0.0,0.0,0.0,0.0,0.0
district,YADGIR,,Kharif,0.0,2.9,0.0,0.0,0.5,0.0,0.0,0.0,0.3,1.2,0.8,0.0,0.0,0.0,31.3,0.0,0.0,0.0,0.0,0.1,3.6,2.2,0.0,0.0,3.9,0.0,0.0,0.0,0.0,1.7,0.8,0.0,0.0,0.0,0.0,0.3,0.0,0.0,27.7,0.0,0.1,0.0,0.0,0.0,20.4,0.0,0.0,0.1,0.6,1.2,0.2,0.0,0.0,0.0,0.0,0.0,0.0
taluk,YADGIR,YADGIR,Kharif,0.0,1.7,0.0,0.0,0.8,0.0,0.0,0.0,0.5,1.2,0.5,0.0,0.0,0.0,31.7,0.0,0.0,0.0,0.0,0.1,5.3,2.5,0.0,0.0,3.9,0.0,0.0,0.0,0.0,2.2,1.4,0.0,0.0,0.0,0.0,0.2,0.0,0.0,29.0,0.0,0.1,0.0,0.0,0.0,16.5,0.0,0.0,0.1,1.0,1.0,0.1,0.0,0.0,0.0,0.0,0.0,0.1
taluk,YADGIR,SHORAPUR,Kharif,0.0,4.0,0.0,0.0,0.4,0.0,0.0,0.0,0.2,1.2,0.8,0.0,0.0,0.0,27.3,0.0,0.0,0.0,0.0,0.2,2.6,2.0,0.0,0.0,3.5,0.0,0.0,0.0,0.0,1.8,0.5,0.0,0.0,0.0,0.0,0.5,0.0,0.0,29.7,0.0,0.2,0.0,0.0,0.0,22.2,0.0,0.0,0.1,0.5,2.0,0.2,0.0,0.0,0.0,0.0,0.0,0.1
taluk,YADGIR,SHAHAPUR,Kharif,0.0,3.0,0.0,0.0,0.4,0.0,0.0,0.0,0.2,1.1,1.0,0.0,0.0,0.0,34.9,0.0,0.0,0.0,0.0,0.0,3.1,2.2,0.0,0.0,4.1,0.0,0.0,0.0,0.0,1.0,0.5,0.0,0.0,0.0,0.0,0.2,0.0,0.0,24.4,0.0,0.0,0.0,0.0,0.0,22.6,0.0,0.0,0.0,0.3,0.7,0.1,0.0,0.0,0.0,0.0,0.0,0.0
district,YADGIR,,Rabi,0.0,0.2,0.2,0.0,0.1,0.0,0.0,0.0,0.0,18.1,0.1,0.0,0.0,0.0,2.5,0.0,0.0,0.0,0.0,0.1,0.3,10.6,0.0,0.0,42.6,0.0,0.0,0.0,0.0,0.2,2.4,0.0,0.0,0.0,0.0,0.1,0.0,0.0,1.9,0.0,0.1,0.0,0.0,0.0,15.1,0.0,0.0,0.0,0.0,2.5,1.6,0.0,0.0,0.0,0.0,0.0,1.0
taluk,YADGIR,YADGIR,Rabi,0.0,0.1,0.2,0.0,0.1,0.1,0.0,0.0,0.0,20.3,0.0,0.0,0.0,0.0,2.3,0.0,0.0,0.0,0.0,0.1,0.5,11.3,0.0,0.0,42.7,0.0,0.0,0.0,0.0,0.3,4.5,0.0,0.0,0.0,0.0,0.1,0.0,0.0,2.0,0.0,0.1,0.0,0.0,0.0,10.1,0.0,0.0,0.0,0.0,2.4,1.6,0.0,0.0,0.0,0.1,0.0,0.9
taluk,YADGIR,SHORAPUR,Rabi,0.0,0.3,0.2,0.0,0.1,0.0,0.0,0.0,0.0,18.7,0.1,0.0,0.0,0.0,2.2,0.0,0.0,0.0,0.0,0.2,0.2,9.3,0.0,0.0,40.5,0.0,0.0,0.0,0.0,0.3,1.4,0.0,0.0,0.0,0.0,0.2,0.0,0.0,1.9,0.0,0.2,0.0,0.0,0.0,17.2,0.0,0.0,0.0,0.0,3.6,1.8,0.0,0.0,0.0,0.0,0.0,1.5
taluk,YADGIR,SHAHAPUR,Rabi,0.0,0.3,0.1,0.0,0.1,0.0,0.0,0.0,0.0,15.3,0.1,0.0,0.0,0.0,3.0,0.0,0.0,0.0,0.0,0.1,0.3,11.2,0.0,0.0,44.5,0.0,0.0,0.0,0.0,0.1,1.4,0.0,0.0,0.0,0.0,0.0,0.0,0.0,1.8,0.0,0.1,0.0,0.0,0.0,17.9,0.0,0.0,0.0,0.0,1.7,1.5,0.0,0.0,0.0,0.0,0.0,0.5
district,YADGIR,,Summer,0.0,0.1,0.9,0.0,0.0,0.3,0.0,0.0,0.0,1.5,0.0,0.1,0.0,0.0,0.9,0.0,0.0,0.0,0.0,0.5,0.2,28.1,0.0,0.0,4.3,0.0,0.0,0.0,0.0,0.2,6.6,0.0,0.0,0.0,0.0,0.2,0.0,0.1,0.7,0.0,0.5,0.0,0.0,0.0,42.7,0.0,0.2,0.1,0.0,11.3,0.2,0.0,0.0,0.0,0.0,0.0,0.1
taluk,YADGIR,YADGIR,Summer,0.0,0.1,1.3,0.0,0.0,0.5,0.0,0.1,0.0,1.6,0.0,0.2,0.0,0.0,0.8,0.1,0.0,0.0,0.0,0.4,0.3,32.1,0.0,0.0,4.2,0.0,0.0,0.0,0.0,0.3,11.6,0.0,0.0,0.0,0.0,0.2,0.0,0.1,0.7,0.0,0.4,0.0,0.0,0.0,33.8,0.0,0.2,0.1,0.0,10.4,0.2,0.0,0.0,0.0,0.0,0.0,0.1
taluk,YADGIR,SHORAPUR,Summer,0.0,0.1,0.9,0.0,0.0,0.2,0.0,0.0,0.0,1.5,0.0,0.1,0.0,0.0,0.7,0.0,0.0,0.0,0.0,1.1,0.1,24.3,0.0,0.0,4.1,0.0,0.0,0.0,0.0,0.3,4.0,0.0,0.0,0.0,0.0,0.3,0.0,0.0,0.7,0.0,0.8,0.0,0.0,0.0,44.7,0.0,0.2,0.0,0.0,15.5,0.2,0.0,0.0,0.0,0.0,0.0,0.1
taluk,YADGIR,SHAHAPUR,Summer,0.0,0.1,0.7,0.0,0.0,0.1,0.0,0.0,0.0,1.4,0.0,0.1,0.0,0.0,1.1,0.0,0.0,0.0,0.0,0.2,0.2,27.8,0.0,0.0,4.7,0.0,0.0,0.0,0.0,0.1,4.3,0.0,0.0,0.0,0.0,0.1,0.0,0.0,0.6,0.0,0.3,0.0,0.0,0.0,49.7,0.0,0.1,0.0,0.0,8.0,0.1,0.0,0.0,0.0,0.0,0.0,0.0
