Latitude,Longitude,Stats_State,Stats_District,Kharif,Rabi,Summer
13.916,77.4321,Andhra Pradesh,ANANTAPUR,0.865,0.135,0.0
14.0197,78.0613,Andhra Pradesh,ANANTAPUR,0.865,0.135,0.0
14.1046,77.6718,Andhra Pradesh,ANANTAPUR,0.865,0.135,0.0
13.8404,77.0513,Andhra Pradesh,ANANTAPUR,0.865,0.135,0.0
13.9756,78.1215,Andhra Pradesh,ANANTAPUR,0.865,0.135,0.0
19.3529,78.2846,Telangana,ADILABAD,0.884,0.116,0.0
19.4266,78.5771,Telangana,ADILABAD,0.884,0.116,0.0
18.9699,78.332,Telangana,ADILABAD,0.884,0.116,0.0
19.269,79.6107,Telangana,ADILABAD,0.884,0.116,0.0
19.5963,78.9166,Telangana,ADILABAD,0.884,0.116,0.0
13.6303,79.2926,Andhra Pradesh,CHITTOOR,0.803,0.197,0.0
13.8782,79.5244,Andhra Pradesh,CHITTOOR,0.803,0.197,0.0
13.5029,79.9275,Andhra Pradesh,CHITTOOR,0.803,0.197,0.0
13.3998,79.1358,Andhra Pradesh,CHITTOOR,0.803,0.197,0.0
13.87,78.6121,Andhra Pradesh,CHITTOOR,0.803,0.197,0.0
14.109,78.6776,Andhra Pradesh,KADAPA,0.46,0.54,0.0
14.8645,78.6551,Andhra Pradesh,KADAPA,0.46,0.54,0.0
14.8803,78.5074,Andhra Pradesh,KADAPA,0.46,0.54,0.0
14.9284,78.3546,Andhra Pradesh,KADAPA,0.46,0.54,0.0
14.3401,79.0499,Andhra Pradesh,KADAPA,0.46,0.54,0.0
16.9302,82.086,Andhra Pradesh,EAST GODAVARI,0.677,0.323,0.0
17.7121,81.9638,Andhra Pradesh,EAST GODAVARI,0.677,0.323,0.0
16.9827,82.1312,Andhra Pradesh,EAST GODAVARI,0.677,0.323,0.0
17.6939,81.8365,Andhra Pradesh,EAST GODAVARI,0.677,0.323,0.0
17.2963,81.6963,Andhra Pradesh,EAST GODAVARI,0.677,0.323,0.0
16.5033,79.4073,Andhra Pradesh,GUNTUR,0.846,0.154,0.0
16.2344,80.2859,Andhra Pradesh,GUNTUR,0.846,0.154,0.0
16.2736,79.9643,Andhra Pradesh,GUNTUR,0.846,0.154,0.0
16.4106,79.2995,Andhra Pradesh,GUNTUR,0.846,0.154,0.0
16.4552,79.8349,Andhra Pradesh,GUNTUR,0.846,0.154,0.0
18.4451,79.5568,Telangana,KARIMNAGAR,0.755,0.245,0.0
18.2009,79.569,Telangana,KARIMNAGAR,0.755,0.245,0.0
18.3342,79.4645,Telangana,KARIMNAGAR,0.755,0.245,0.0
19.0194,78.972,Telangana,KARIMNAGAR,0.755,0.245,0.0
18.6361,80.0822,Telangana,KARIMNAGAR,0.755,0.245,0.0
17.807,80.6941,Telangana,KHAMMAM,0.898,0.102,0.0
17.8585,80.8055,Telangana,KHAMMAM,0.898,0.102,0.0
17.7177,80.1561,Telangana,KHAMMAM,0.898,0.102,0.0
17.3288,79.9742,Telangana,KHAMMAM,0.898,0.102,0.0
17.2141,80.1673,Telangana,KHAMMAM,0.898,0.102,0.0
16.6486,80.741,Andhra Pradesh,KRISHNA,0.8,0.2,0.0
15.9128,81.0439,Andhra Pradesh,KRISHNA,0.8,0.2,0.0
16.5685,81.0821,Andhra Pradesh,KRISHNA,0.8,0.2,0.0
16.6541,80.8731,Andhra Pradesh,KRISHNA,0.8,0.2,0.0
17.0037,80.2479,Andhra Pradesh,KRISHNA,0.8,0.2,0.0
15.7607,77.4766,Andhra Pradesh,KURNOOL,0.708,0.292,0.0
15.9686,78.3078,Andhra Pradesh,KURNOOL,0.708,0.292,0.0
15.1845,77.3333,Andhra Pradesh,KURNOOL,0.708,0.292,0.0
15.1777,77.2579,Andhra Pradesh,KURNOOL,0.708,0.292,0.0
15.0574,78.4054,Andhra Pradesh,KURNOOL,0.708,0.292,0.0
16.1868,77.776,Telangana,MAHBUBNAGAR,0.884,0.116,0.0
16.753,78.6994,Telangana,MAHBUBNAGAR,0.884,0.116,0.0
16.7892,77.8395,Telangana,MAHBUBNAGAR,0.884,0.116,0.0
16.9204,78.0264,Telangana,MAHBUBNAGAR,0.884,0.116,0.0
16.3306,79.0333,Telangana,MAHBUBNAGAR,0.884,0.116,0.0
17.0558,79.136,Telangana,NALGONDA,0.884,0.116,0.0
17.0071,79.2171,Telangana,NALGONDA,0.884,0.116,0.0
17.3113,79.2062,Telangana,NALGONDA,0.884,0.116,0.0
17.2786,78.9859,Telangana,NALGONDA,0.884,0.116,0.0
16.5675,79.0973,Telangana,NALGONDA,0.884,0.116,0.0
18.007,78.9256,Telangana,MEDAK,0.838,0.162,0.0
17.7088,77.8449,Telangana,MEDAK,0.838,0.162,0.0
17.6137,77.8847,Telangana,MEDAK,0.838,0.162,0.0
18.1748,78.889,Telangana,MEDAK,0.838,0.162,0.0
17.8108,77.8308,Telangana,MEDAK,0.838,0.162,0.0
18.2576,77.9056,Telangana,NIZAMABAD,0.742,0.258,0.0
18.5326,78.0845,Telangana,NIZAMABAD,0.742,0.258,0.0
18.4995,78.0732,Telangana,NIZAMABAD,0.742,0.258,0.0
18.3095,77.8248,Telangana,NIZAMABAD,0.742,0.258,0.0
18.3751,78.3181,Telangana,NIZAMABAD,0.742,0.258,0.0
14.7718,79.7171,Andhra Pradesh,SPSR NELLORE,0.318,0.682,0.0
14.5936,80.0232,Andhra Pradesh,SPSR NELLORE,0.318,0.682,0.0
13.8081,79.9985,Andhra Pradesh,SPSR NELLORE,0.318,0.682,0.0
13.9212,79.6915,Andhra Pradesh,SPSR NELLORE,0.318,0.682,0.0
14.7821,79.1405,Andhra Pradesh,SPSR NELLORE,0.318,0.682,0.0
17.6261,78.5013,Telangana,RANGAREDDI,0.915,0.085,0.0
17.3934,77.7469,Telangana,RANGAREDDI,0.915,0.085,0.0
17.2321,78.7746,Telangana,RANGAREDDI,0.915,0.085,0.0
17.1336,78.7129,Telangana,RANGAREDDI,0.915,0.085,0.0
17.3864,77.9963,Telangana,RANGAREDDI,0.915,0.085,0.0
16.0165,79.911,Andhra Pradesh,PRAKASAM,0.559,0.441,0.0
15.6427,79.6388,Andhra Pradesh,PRAKASAM,0.559,0.441,0.0
15.1462,79.2374,Andhra Pradesh,PRAKASAM,0.559,0.441,0.0
15.2995,79.1882,Andhra Pradesh,PRAKASAM,0.559,0.441,0.0
15.3097,79.3034,Andhra Pradesh,PRAKASAM,0.559,0.441,0.0
18.5936,84.2665,Andhra Pradesh,SRIKAKULAM,0.899,0.101,0.0
18.3308,84.0904,Andhra Pradesh,SRIKAKULAM,0.899,0.101,0.0
18.1213,83.7214,Andhra Pradesh,SRIKAKULAM,0.899,0.101,0.0
18.6724,84.02,Andhra Pradesh,SRIKAKULAM,0.899,0.101,0.0
18.5997,83.8707,Andhra Pradesh,SRIKAKULAM,0.899,0.101,0.0
17.6929,82.913,Andhra Pradesh,VISAKHAPATANAM,0.911,0.089,0.0
18.0375,82.989,Andhra Pradesh,VISAKHAPATANAM,0.911,0.089,0.0
18.2556,82.3641,Andhra Pradesh,VISAKHAPATANAM,0.911,0.089,0.0
17.4853,82.939,Andhra Pradesh,VISAKHAPATANAM,0.911,0.089,0.0
17.9147,82.678,Andhra Pradesh,VISAKHAPATANAM,0.911,0.089,0.0
17.9938,83.4286,Andhra Pradesh,VIZIANAGARAM,0.859,0.141,0.0
18.4129,83.1498,Andhra Pradesh,VIZIANAGARAM,0.859,0.141,0.0
18.4269,83.1738,Andhra Pradesh,VIZIANAGARAM,0.859,0.141,0.0
18.7992,83.4142,Andhra Pradesh,VIZIANAGARAM,0.859,0.141,0.0
18.6482,83.534,Andhra Pradesh,VIZIANAGARAM,0.859,0.141,0.0
18.3978,80.1303,Telangana,WARANGAL,0.83,0.17,0.0
18.3025,80.1526,Telangana,WARANGAL,0.83,0.17,0.0
18.4313,79.6328,Telangana,WARANGAL,0.83,0.17,0.0
17.8871,80.1795,Telangana,WARANGAL,0.83,0.17,0.0
17.7078,79.4225,Telangana,WARANGAL,0.83,0.17,0.0
16.5703,81.701,Andhra Pradesh,WEST GODAVARI,0.614,0.386,0.0
16.6778,81.1115,Andhra Pradesh,WEST GODAVARI,0.614,0.386,0.0
17.0085,81.2804,Andhra Pradesh,WEST GODAVARI,0.614,0.386,0.0
17.1234,80.9798,Andhra Pradesh,WEST GODAVARI,0.614,0.386,0.0
16.9193,81.6897,Andhra Pradesh,WEST GODAVARI,0.614,0.386,0.0
27.6331,96.6125,Arunachal Pradesh,CHANGLANG,0.942,0.057,0.001
27.5372,96.1962,Arunachal Pradesh,CHANGLANG,0.942,0.057,0.001
27.3211,96.0875,Arunachal Pradesh,CHANGLANG,0.942,0.057,0.001
27.5283,96.4984,Arunachal Pradesh,CHANGLANG,0.942,0.057,0.001
27.2299,96.9436,Arunachal Pradesh,CHANGLANG,0.942,0.057,0.001
13.4533,75.4155,Karnataka,CHIKMAGALUR,0.839,0.142,0.019
13.2806,75.3765,Karnataka,CHIKMAGALUR,0.839,0.142,0.019
13.2379,75.1736,Karnataka,CHIKMAGALUR,0.839,0.142,0.019
13.6163,75.9627,Karnataka,CHIKMAGALUR,0.839,0.142,0.019
13.3345,75.7621,Karnataka,CHIKMAGALUR,0.839,0.142,0.019
13.8218,76.0786,Karnataka,CHIKMAGALUR,0.839,0.142,0.019
13.7525,75.7958,Karnataka,CHIKMAGALUR,0.839,0.142,0.019
13.1386,75.5062,Karnataka,CHIKMAGALUR,0.839,0.142,0.019
13.7343,75.8584,Karnataka,CHIKMAGALUR,0.839,0.142,0.019
13.2527,75.3722,Karnataka,CHIKMAGALUR,0.839,0.142,0.019
13.5484,75.4836,Karnataka,CHIKMAGALUR,0.839,0.142,0.019
13.1921,75.4166,Karnataka,CHIKMAGALUR,0.839,0.142,0.019
13.0592,74.7785,Karnataka,DAKSHIN KANNAD,0.641,0.332,0.027
12.8407,75.3384,Karnataka,DAKSHIN KANNAD,0.641,0.332,0.027
12.8065,75.5183,Karnataka,DAKSHIN KANNAD,0.641,0.332,0.027
12.6904,75.0665,Karnataka,DAKSHIN KANNAD,0.641,0.332,0.027
13.0005,74.9006,Karnataka,DAKSHIN KANNAD,0.641,0.332,0.027
13.0467,75.2856,Karnataka,DAKSHIN KANNAD,0.641,0.332,0.027
12.6178,75.4108,Karnataka,DAKSHIN KANNAD,0.641,0.332,0.027
12.9561,74.9061,Karnataka,DAKSHIN KANNAD,0.641,0.332,0.027
12.9442,74.8503,Karnataka,DAKSHIN KANNAD,0.641,0.332,0.027
12.8765,75.1045,Karnataka,DAKSHIN KANNAD,0.641,0.332,0.027
12.7773,75.1396,Karnataka,DAKSHIN KANNAD,0.641,0.332,0.027
12.6208,75.6105,Karnataka,DAKSHIN KANNAD,0.641,0.332,0.027
14.7122,75.8473,Karnataka,DAVANGERE,0.885,0.031,0.084
14.4418,75.8347,Karnataka,DAVANGERE,0.885,0.031,0.084
13.8701,75.8989,Karnataka,DAVANGERE,0.885,0.031,0.084
14.7052,75.7628,Karnataka,DAVANGERE,0.885,0.031,0.084
14.2542,75.8143,Karnataka,DAVANGERE,0.885,0.031,0.084
14.6527,76.2634,Karnataka,DAVANGERE,0.885,0.031,0.084
14.1011,75.4618,Karnataka,DAVANGERE,0.885,0.031,0.084
14.5169,76.3554,Karnataka,DAVANGERE,0.885,0.031,0.084
14.0922,75.5344,Karnataka,DAVANGERE,0.885,0.031,0.084
14.6495,76.119,Karnataka,DAVANGERE,0.885,0.031,0.084
14.0937,75.868,Karnataka,DAVANGERE,0.885,0.031,0.084
14.3997,75.7074,Karnataka,DAVANGERE,0.885,0.031,0.084
15.1289,75.7316,Karnataka,GADAG,0.592,0.399,0.008
15.1314,75.7067,Karnataka,GADAG,0.592,0.399,0.008
15.2729,75.4478,Karnataka,GADAG,0.592,0.399,0.008
15.6126,75.6852,Karnataka,GADAG,0.592,0.399,0.008
15.667,75.769,Karnataka,GADAG,0.592,0.399,0.008
15.0182,75.7323,Karnataka,GADAG,0.592,0.399,0.008
15.6419,75.7702,Karnataka,GADAG,0.592,0.399,0.008
15.4526,75.5497,Karnataka,GADAG,0.592,0.399,0.008
15.1698,75.8658,Karnataka,GADAG,0.592,0.399,0.008
15.7815,75.6617,Karnataka,GADAG,0.592,0.399,0.008
15.1186,75.5692,Karnataka,GADAG,0.592,0.399,0.008
15.0676,75.6968,Karnataka,GADAG,0.592,0.399,0.008
12.7624,77.0293,Karnataka,MANDYA,0.851,0.093,0.056
12.6769,76.3968,Karnataka,MANDYA,0.851,0.093,0.056
12.8249,76.8047,Karnataka,MANDYA,0.851,0.093,0.056
12.5262,76.7184,Karnataka,MANDYA,0.851,0.093,0.056
12.5128,77.0287,Karnataka,MANDYA,0.851,0.093,0.056
12.5898,76.9482,Karnataka,MANDYA,0.851,0.093,0.056
12.5059,76.7861,Karnataka,MANDYA,0.851,0.093,0.056
12.8491,76.859,Karnataka,MANDYA,0.851,0.093,0.056
12.5203,76.5776,Karnataka,MANDYA,0.851,0.093,0.056
12.2736,77.0253,Karnataka,MANDYA,0.851,0.093,0.056
12.458,76.7957,Karnataka,MANDYA,0.851,0.093,0.056
12.5807,76.485,Karnataka,MANDYA,0.851,0.093,0.056
17.1342,76.5803,Karnataka,GULBARGA,0.721,0.278,0.002
17.065,76.6081,Karnataka,GULBARGA,0.721,0.278,0.002
17.0053,77.2221,Karnataka,GULBARGA,0.721,0.278,0.002
17.1496,77.3459,Karnataka,GULBARGA,0.721,0.278,0.002
17.5105,77.3015,Karnataka,GULBARGA,0.721,0.278,0.002
16.8918,76.6559,Karnataka,GULBARGA,0.721,0.278,0.002
17.1713,76.5865,Karnataka,GULBARGA,0.721,0.278,0.002
17.453,76.8045,Karnataka,GULBARGA,0.721,0.278,0.002
17.5493,77.3665,Karnataka,GULBARGA,0.721,0.278,0.002
17.06,76.5452,Karnataka,GULBARGA,0.721,0.278,0.002
16.9957,76.7776,Karnataka,GULBARGA,0.721,0.278,0.002
17.0774,76.5847,Karnataka,GULBARGA,0.721,0.278,0.002
14.1013,74.7545,Karnataka,SHIMOGA,0.882,0.013,0.105
13.9859,75.5378,Karnataka,SHIMOGA,0.882,0.013,0.105
13.8459,75.1655,Karnataka,SHIMOGA,0.882,0.013,0.105
14.0188,74.8297,Karnataka,SHIMOGA,0.882,0.013,0.105
13.8407,74.9303,Karnataka,SHIMOGA,0.882,0.013,0.105
14.2721,75.3353,Karnataka,SHIMOGA,0.882,0.013,0.105
14.2989,75.3127,Karnataka,SHIMOGA,0.882,0.013,0.105
14.0509,75.292,Karnataka,SHIMOGA,0.882,0.013,0.105
13.9875,75.1017,Karnataka,SHIMOGA,0.882,0.013,0.105
14.0539,75.4541,Karnataka,SHIMOGA,0.882,0.013,0.105
13.6314,75.2738,Karnataka,SHIMOGA,0.882,0.013,0.105
14.114,75.1925,Karnataka,SHIMOGA,0.882,0.013,0.105
13.4182,77.0704,Karnataka,TUMKUR,0.976,0.016,0.008
12.8376,77.1201,Karnataka,TUMKUR,0.976,0.016,0.008
13.9691,76.9863,Karnataka,TUMKUR,0.976,0.016,0.008
14.0384,76.9192,Karnataka,TUMKUR,0.976,0.016,0.008
13.2641,76.6754,Karnataka,TUMKUR,0.976,0.016,0.008
13.3711,76.3927,Karnataka,TUMKUR,0.976,0.016,0.008
13.7021,77.404,Karnataka,TUMKUR,0.976,0.016,0.008
12.974,77.1046,Karnataka,TUMKUR,0.976,0.016,0.008
13.1179,76.9226,Karnataka,TUMKUR,0.976,0.016,0.008
13.4917,77.1613,Karnataka,TUMKUR,0.976,0.016,0.008
12.8519,77.0791,Karnataka,TUMKUR,0.976,0.016,0.008
13.7564,77.4088,Karnataka,TUMKUR,0.976,0.016,0.008
15.3164,74.6017,Karnataka,UTTAR KANNAD,0.944,0.042,0.014
14.511,75.0212,Karnataka,UTTAR KANNAD,0.944,0.042,0.014
14.8925,74.5304,Karnataka,UTTAR KANNAD,0.944,0.042,0.014
14.6858,74.7485,Karnataka,UTTAR KANNAD,0.944,0.042,0.014
15.2341,74.534,Karnataka,UTTAR KANNAD,0.944,0.042,0.014
15.0629,74.6487,Karnataka,UTTAR KANNAD,0.944,0.042,0.014
15.2044,74.7744,Karnataka,UTTAR KANNAD,0.944,0.042,0.014
15.3659,74.7173,Karnataka,UTTAR KANNAD,0.944,0.042,0.014
14.8641,74.5684,Karnataka,UTTAR KANNAD,0.944,0.042,0.014
14.7548,74.5593,Karnataka,UTTAR KANNAD,0.944,0.042,0.014
15.1917,74.7726,Karnataka,UTTAR KANNAD,0.944,0.042,0.014
14.6468,75.0464,Karnataka,UTTAR KANNAD,0.944,0.042,0.014
13.6513,74.7452,Karnataka,UDUPI,0.811,0.178,0.011
13.6476,74.9315,Karnataka,UDUPI,0.811,0.178,0.011
13.4825,74.9372,Karnataka,UDUPI,0.811,0.178,0.011
13.7687,74.6903,Karnataka,UDUPI,0.811,0.178,0.011
13.1665,74.7994,Karnataka,UDUPI,0.811,0.178,0.011
13.4223,74.8904,Karnataka,UDUPI,0.811,0.178,0.011
13.0938,75.0995,Karnataka,UDUPI,0.811,0.178,0.011
13.5551,74.7828,Karnataka,UDUPI,0.811,0.178,0.011
13.2381,74.8407,Karnataka,UDUPI,0.811,0.178,0.011
13.4174,75.0193,Karnataka,UDUPI,0.811,0.178,0.011
13.2022,74.8008,Karnataka,UDUPI,0.811,0.178,0.011
13.8512,74.7505,Karnataka,UDUPI,0.811,0.178,0.011
12.382,76.3905,Karnataka,MYSORE,0.899,0.086,0.015
12.1192,76.3301,Karnataka,MYSORE,0.899,0.086,0.015
12.5395,76.0325,Karnataka,MYSORE,0.899,0.086,0.015
12.1035,76.7588,Karnataka,MYSORE,0.899,0.086,0.015
12.2577,76.4347,Karnataka,MYSORE,0.899,0.086,0.015
11.9819,76.147,Karnataka,MYSORE,0.899,0.086,0.015
12.2112,76.2913,Karnataka,MYSORE,0.899,0.086,0.015
11.9633,76.4303,Karnataka,MYSORE,0.899,0.086,0.015
11.9917,76.5219,Karnataka,MYSORE,0.899,0.086,0.015
12.234,76.6357,Karnataka,MYSORE,0.899,0.086,0.015
12.0289,76.3732,Karnataka,MYSORE,0.899,0.086,0.015
12.5794,76.261,Karnataka,MYSORE,0.899,0.086,0.015
17.1788,75.9677,Karnataka,BIJAPUR,0.546,0.445,0.008
16.8577,76.0303,Karnataka,BIJAPUR,0.546,0.445,0.008
16.8222,75.6256,Karnataka,BIJAPUR,0.546,0.445,0.008
16.6716,76.1966,Karnataka,BIJAPUR,0.546,0.445,0.008
16.8956,76.2266,Karnataka,BIJAPUR,0.546,0.445,0.008
16.7133,76.3215,Karnataka,BIJAPUR,0.546,0.445,0.008
17.0234,75.9141,Karnataka,BIJAPUR,0.546,0.445,0.008
17.204,75.8352,Karnataka,BIJAPUR,0.546,0.445,0.008
16.7202,75.6595,Karnataka,BIJAPUR,0.546,0.445,0.008
16.5933,76.3535,Karnataka,BIJAPUR,0.546,0.445,0.008
16.6473,76.2194,Karnataka,BIJAPUR,0.546,0.445,0.008
16.9492,75.353,Karnataka,BIJAPUR,0.546,0.445,0.008
15.9927,75.9172,Karnataka,BAGALKOT,0.479,0.501,0.02
16.3196,75.6152,Karnataka,BAGALKOT,0.479,0.501,0.02
16.2964,75.8286,Karnataka,BAGALKOT,0.479,0.501,0.02
16.4716,75.2277,Karnataka,BAGALKOT,0.479,0.501,0.02
16.5949,75.1667,Karnataka,BAGALKOT,0.479,0.501,0.02
16.3826,75.1625,Karnataka,BAGALKOT,0.479,0.501,0.02
16.2486,75.6605,Karnataka,BAGALKOT,0.479,0.501,0.02
16.2393,75.3176,Karnataka,BAGALKOT,0.479,0.501,0.02
16.6374,75.3711,Karnataka,BAGALKOT,0.479,0.501,0.02
16.236,75.3799,Karnataka,BAGALKOT,0.479,0.501,0.02
16.5334,75.2687,Karnataka,BAGALKOT,0.479,0.501,0.02
16.037,75.7139,Karnataka,BAGALKOT,0.479,0.501,0.02
18.0476,77.2186,Karnataka,BIDAR,0.795,0.205,0.0
17.7863,77.2619,Karnataka,BIDAR,0.795,0.205,0.0
18.1387,77.3525,Karnataka,BIDAR,0.795,0.205,0.0
18.2111,77.5774,Karnataka,BIDAR,0.795,0.205,0.0
17.8494,77.5416,Karnataka,BIDAR,0.795,0.205,0.0
17.9336,77.1345,Karnataka,BIDAR,0.795,0.205,0.0
17.6752,76.9199,Karnataka,BIDAR,0.795,0.205,0.0
17.6751,76.9481,Karnataka,BIDAR,0.795,0.205,0.0
17.8429,77.1453,Karnataka,BIDAR,0.795,0.205,0.0
18.2657,77.5532,Karnataka,BIDAR,0.795,0.205,0.0
18.119,77.464,Karnataka,BIDAR,0.795,0.205,0.0
18.4206,77.3299,Karnataka,BIDAR,0.795,0.205,0.0
12.1491,77.1916,Karnataka,CHAMARAJANAGAR,0.787,0.198,0.015
11.8498,76.8951,Karnataka,CHAMARAJANAGAR,0.787,0.198,0.015
11.8747,77.2322,Karnataka,CHAMARAJANAGAR,0.787,0.198,0.015
11.9785,76.7531,Karnataka,CHAMARAJANAGAR,0.787,0.198,0.015
11.6866,76.8538,Karnataka,CHAMARAJANAGAR,0.787,0.198,0.015
11.9648,77.0783,Karnataka,CHAMARAJANAGAR,0.787,0.198,0.015
11.7843,77.4263,Karnataka,CHAMARAJANAGAR,0.787,0.198,0.015
12.001,77.2983,Karnataka,CHAMARAJANAGAR,0.787,0.198,0.015
12.3039,77.1783,Karnataka,CHAMARAJANAGAR,0.787,0.198,0.015
12.1713,77.277,Karnataka,CHAMARAJANAGAR,0.787,0.198,0.015
12.0748,77.4325,Karnataka,CHAMARAJANAGAR,0.787,0.198,0.015
12.1418,76.8597,Karnataka,CHAMARAJANAGAR,0.787,0.198,0.015
13.0801,75.8918,Karnataka,HASSAN,0.928,0.067,0.005
12.7522,75.6654,Karnataka,HASSAN,0.928,0.067,0.005
12.9034,76.589,Karnataka,HASSAN,0.928,0.067,0.005
12.7913,76.3169,Karnataka,HASSAN,0.928,0.067,0.005
13.1605,76.262,Karnataka,HASSAN,0.928,0.067,0.005
12.9309,76.5362,Karnataka,HASSAN,0.928,0.067,0.005
12.9179,76.1683,Karnataka,HASSAN,0.928,0.067,0.005
12.7029,75.822,Karnataka,HASSAN,0.928,0.067,0.005
13.2136,76.0994,Karnataka,HASSAN,0.928,0.067,0.005
12.6795,76.2921,Karnataka,HASSAN,0.928,0.067,0.005
13.0467,76.1919,Karnataka,HASSAN,0.928,0.067,0.005
13.0724,76.5459,Karnataka,HASSAN,0.928,0.067,0.005
12.1099,76.1141,Karnataka,KODAGU,0.995,0.001,0.004
12.6413,75.9103,Karnataka,KODAGU,0.995,0.001,0.004
12.6262,75.9403,Karnataka,KODAGU,0.995,0.001,0.004
12.376,75.4858,Karnataka,KODAGU,0.995,0.001,0.004
12.5275,75.7149,Karnataka,KODAGU,0.995,0.001,0.004
12.342,75.9384,Karnataka,KODAGU,0.995,0.001,0.004
12.0617,75.9465,Karnataka,KODAGU,0.995,0.001,0.004
12.3252,75.5946,Karnataka,KODAGU,0.995,0.001,0.004
12.7052,75.9031,Karnataka,KODAGU,0.995,0.001,0.004
12.2253,75.6722,Karnataka,KODAGU,0.995,0.001,0.004
12.6655,75.8595,Karnataka,KODAGU,0.995,0.001,0.004
12.3968,75.7483,Karnataka,KODAGU,0.995,0.001,0.004
14.5203,75.5881,Karnataka,HAVERI,0.92,0.059,0.021
14.7922,75.5786,Karnataka,HAVERI,0.92,0.059,0.021
14.9579,75.6571,Karnataka,HAVERI,0.92,0.059,0.021
14.729,75.3088,Karnataka,HAVERI,0.92,0.059,0.021
14.9033,75.1869,Karnataka,HAVERI,0.92,0.059,0.021
14.9297,75.432,Karnataka,HAVERI,0.92,0.059,0.021
14.7643,75.3534,Karnataka,HAVERI,0.92,0.059,0.021
14.6691,75.4132,Karnataka,HAVERI,0.92,0.059,0.021
14.948,75.3407,Karnataka,HAVERI,0.92,0.059,0.021
14.8038,75.5165,Karnataka,HAVERI,0.92,0.059,0.021
14.7658,75.2595,Karnataka,HAVERI,0.92,0.059,0.021
14.8002,75.1288,Karnataka,HAVERI,0.92,0.059,0.021
15.5707,76.4878,Karnataka,KOPPAL,0.667,0.272,0.062
15.8529,76.2321,Karnataka,KOPPAL,0.667,0.272,0.062
15.6337,76.4722,Karnataka,KOPPAL,0.667,0.272,0.062
15.683,76.4985,Karnataka,KOPPAL,0.667,0.272,0.062
15.5103,75.9996,Karnataka,KOPPAL,0.667,0.272,0.062
15.5911,76.5074,Karnataka,KOPPAL,0.667,0.272,0.062
15.6109,76.485,Karnataka,KOPPAL,0.667,0.272,0.062
15.895,76.2752,Karnataka,KOPPAL,0.667,0.272,0.062
15.8589,75.9365,Karnataka,KOPPAL,0.667,0.272,0.062
15.5013,76.1042,Karnataka,KOPPAL,0.667,0.272,0.062
15.8598,75.985,Karnataka,KOPPAL,0.667,0.272,0.062
15.8213,76.234,Karnataka,KOPPAL,0.667,0.272,0.062
13.09,77.7802,Karnataka,BANGALORE RURAL,0.96,0.033,0.007
13.0169,77.8208,Karnataka,BANGALORE RURAL,0.96,0.033,0.007
13.1718,77.2898,Karnataka,BANGALORE RURAL,0.96,0.033,0.007
13.1639,77.3765,Karnataka,BANGALORE RURAL,0.96,0.033,0.007
13.4622,77.3748,Karnataka,BANGALORE RURAL,0.96,0.033,0.007
13.0781,77.353,Karnataka,BANGALORE RURAL,0.96,0.033,0.007
13.0632,77.8438,Karnataka,BANGALORE RURAL,0.96,0.033,0.007
13.2858,77.5632,Karnataka,BANGALORE RURAL,0.96,0.033,0.007
13.4063,77.4512,Karnataka,BANGALORE RURAL,0.96,0.033,0.007
13.3466,77.7099,Karnataka,BANGALORE RURAL,0.96,0.033,0.007
13.2093,77.258,Karnataka,BANGALORE RURAL,0.96,0.033,0.007
13.3458,77.4147,Karnataka,BANGALORE RURAL,0.96,0.033,0.007
12.8852,77.8078,Karnataka,BENGALURU URBAN,0.96,0.024,0.015
13.0079,77.459,Karnataka,BENGALURU URBAN,0.96,0.024,0.015
12.9348,77.4617,Karnataka,BENGALURU URBAN,0.96,0.024,0.015
12.7389,77.7066,Karnataka,BENGALURU URBAN,0.96,0.024,0.015
12.7388,77.7201,Karnataka,BENGALURU URBAN,0.96,0.024,0.015
13.1205,77.4466,Karnataka,BENGALURU URBAN,0.96,0.024,0.015
13.0074,77.6855,Karnataka,BENGALURU URBAN,0.96,0.024,0.015
12.9042,77.5108,Karnataka,BENGALURU URBAN,0.96,0.024,0.015
12.9878,77.4471,Karnataka,BENGALURU URBAN,0.96,0.024,0.015
13.1446,77.5089,Karnataka,BENGALURU URBAN,0.96,0.024,0.015
12.7178,77.5886,Karnataka,BENGALURU URBAN,0.96,0.024,0.015
12.7125,77.6753,Karnataka,BENGALURU URBAN,0.96,0.024,0.015
15.616,74.3543,Karnataka,BELGAUM,0.663,0.33,0.007
16.5613,74.8411,Karnataka,BELGAUM,0.663,0.33,0.007
16.3105,74.5364,Karnataka,BELGAUM,0.663,0.33,0.007
16.0204,75.2735,Karnataka,BELGAUM,0.663,0.33,0.007
15.8749,74.442,Karnataka,BELGAUM,0.663,0.33,0.007
15.8188,74.396,Karnataka,BELGAUM,0.663,0.33,0.007
16.5161,74.5264,Karnataka,BELGAUM,0.663,0.33,0.007
15.8451,75.3492,Karnataka,BELGAUM,0.663,0.33,0.007
15.7558,75.1306,Karnataka,BELGAUM,0.663,0.33,0.007
16.7455,75.0291,Karnataka,BELGAUM,0.663,0.33,0.007
15.7891,75.0708,Karnataka,BELGAUM,0.663,0.33,0.007
15.5416,74.3919,Karnataka,BELGAUM,0.663,0.33,0.007
14.9733,76.377,Karnataka,BELLARY,0.836,0.11,0.054
14.9652,76.3088,Karnataka,BELLARY,0.836,0.11,0.054
14.8452,76.3178,Karnataka,BELLARY,0.836,0.11,0.054
14.7583,76.6027,Karnataka,BELLARY,0.836,0.11,0.054
14.7059,76.428,Karnataka,BELLARY,0.836,0.11,0.054
14.761,75.7456,Karnataka,BELLARY,0.836,0.11,0.054
15.2718,76.4361,Karnataka,BELLARY,0.836,0.11,0.054
15.3282,76.6107,Karnataka,BELLARY,0.836,0.11,0.054
14.7341,75.7105,Karnataka,BELLARY,0.836,0.11,0.054
14.7244,76.6214,Karnataka,BELLARY,0.836,0.11,0.054
15.2922,76.6071,Karnataka,BELLARY,0.836,0.11,0.054
14.9247,75.8139,Karnataka,BELLARY,0.836,0.11,0.054
13.8329,78.0735,Karnataka,CHIKBALLAPUR,0.973,0.023,0.004
13.8313,77.8698,Karnataka,CHIKBALLAPUR,0.973,0.023,0.004
13.6418,77.6966,Karnataka,CHIKBALLAPUR,0.973,0.023,0.004
13.5634,77.7019,Karnataka,CHIKBALLAPUR,0.973,0.023,0.004
13.4423,77.5514,Karnataka,CHIKBALLAPUR,0.973,0.023,0.004
13.8444,77.9096,Karnataka,CHIKBALLAPUR,0.973,0.023,0.004
13.545,77.973,Karnataka,CHIKBALLAPUR,0.973,0.023,0.004
13.7914,77.8022,Karnataka,CHIKBALLAPUR,0.973,0.023,0.004
13.7825,78.1252,Karnataka,CHIKBALLAPUR,0.973,0.023,0.004
13.4645,77.9015,Karnataka,CHIKBALLAPUR,0.973,0.023,0.004
13.5018,77.6796,Karnataka,CHIKBALLAPUR,0.973,0.023,0.004
13.4225,77.7392,Karnataka,CHIKBALLAPUR,0.973,0.023,0.004
14.2838,76.8223,Karnataka,CHITRADURGA,0.865,0.125,0.009
14.1545,76.4579,Karnataka,CHITRADURGA,0.865,0.125,0.009
13.7184,76.3655,Karnataka,CHITRADURGA,0.865,0.125,0.009
14.2422,76.3184,Karnataka,CHITRADURGA,0.865,0.125,0.009
14.1286,76.6778,Karnataka,CHITRADURGA,0.865,0.125,0.009
14.0414,76.8313,Karnataka,CHITRADURGA,0.865,0.125,0.009
14.4792,76.6818,Karnataka,CHITRADURGA,0.865,0.125,0.009
14.1195,76.1114,Karnataka,CHITRADURGA,0.865,0.125,0.009
14.1715,76.9042,Karnataka,CHITRADURGA,0.865,0.125,0.009
14.1221,76.7038,Karnataka,CHITRADURGA,0.865,0.125,0.009
13.7541,76.2238,Karnataka,CHITRADURGA,0.865,0.125,0.009
13.812,76.5817,Karnataka,CHITRADURGA,0.865,0.125,0.009
15.5051,75.3376,Karnataka,DHARWAD,0.636,0.362,0.002
15.5952,75.3727,Karnataka,DHARWAD,0.636,0.362,0.002
15.5153,75.0431,Karnataka,DHARWAD,0.636,0.362,0.002
15.5891,75.0244,Karnataka,DHARWAD,0.636,0.362,0.002
15.5808,75.138,Karnataka,DHARWAD,0.636,0.362,0.002
15.4495,75.3797,Karnataka,DHARWAD,0.636,0.362,0.002
15.6404,75.4053,Karnataka,DHARWAD,0.636,0.362,0.002
15.2015,75.4043,Karnataka,DHARWAD,0.636,0.362,0.002
15.5712,74.8467,Karnataka,DHARWAD,0.636,0.362,0.002
15.4226,74.8335,Karnataka,DHARWAD,0.636,0.362,0.002
15.1963,75.0303,Karnataka,DHARWAD,0.636,0.362,0.002
15.3486,75.4284,Karnataka,DHARWAD,0.636,0.362,0.002
15.6878,76.7294,Karnataka,RAICHUR,0.617,0.324,0.059
16.0165,76.959,Karnataka,RAICHUR,0.617,0.324,0.059
16.2309,76.7188,Karnataka,RAICHUR,0.617,0.324,0.059
16.2215,76.8055,Karnataka,RAICHUR,0.617,0.324,0.059
16.0631,77.1782,Karnataka,RAICHUR,0.617,0.324,0.059
16.1751,76.7237,Karnataka,RAICHUR,0.617,0.324,0.059
15.7379,76.7577,Karnataka,RAICHUR,0.617,0.324,0.059
15.8987,76.5617,Karnataka,RAICHUR,0.617,0.324,0.059
15.9624,76.5621,Karnataka,RAICHUR,0.617,0.324,0.059
16.1774,76.4554,Karnataka,RAICHUR,0.617,0.324,0.059
16.1402,76.6704,Karnataka,RAICHUR,0.617,0.324,0.059
15.9935,77.172,Karnataka,RAICHUR,0.617,0.324,0.059
13.0886,78.0675,Karnataka,KOLAR,0.901,0.092,0.007
13.2073,78.184,Karnataka,KOLAR,0.901,0.092,0.007
13.0117,78.4592,Karnataka,KOLAR,0.901,0.092,0.007
13.1315,78.172,Karnataka,KOLAR,0.901,0.092,0.007
13.1749,78.5772,Karnataka,KOLAR,0.901,0.092,0.007
13.1616,78.2546,Karnataka,KOLAR,0.901,0.092,0.007
13.1259,78.1041,Karnataka,KOLAR,0.901,0.092,0.007
12.9535,78.1359,Karnataka,KOLAR,0.901,0.092,0.007
13.1846,78.0619,Karnataka,KOLAR,0.901,0.092,0.007
13.2992,78.3021,Karnataka,KOLAR,0.901,0.092,0.007
13.3305,78.221,Karnataka,KOLAR,0.901,0.092,0.007
13.0842,78.2874,Karnataka,KOLAR,0.901,0.092,0.007
16.6853,77.057,Karnataka,YADGIR,0.872,0.088,0.04
16.7189,76.6998,Karnataka,YADGIR,0.872,0.088,0.04
16.4251,76.7051,Karnataka,YADGIR,0.872,0.088,0.04
16.5153,76.7111,Karnataka,YADGIR,0.872,0.088,0.04
16.6551,76.9806,Karnataka,YADGIR,0.872,0.088,0.04
16.6841,77.3822,Karnataka,YADGIR,0.872,0.088,0.04
16.7057,76.7364,Karnataka,YADGIR,0.872,0.088,0.04
16.8821,77.0725,Karnataka,YADGIR,0.872,0.088,0.04
16.6398,76.8825,Karnataka,YADGIR,0.872,0.088,0.04
16.5052,77.1771,Karnataka,YADGIR,0.872,0.088,0.04
16.5367,77.282,Karnataka,YADGIR,0.872,0.088,0.04
16.5331,76.5037,Karnataka,YADGIR,0.872,0.088,0.04
12.4835,77.4073,Karnataka,RAMANAGARA,0.975,0.019,0.007
12.836,77.21,Karnataka,RAMANAGARA,0.975,0.019,0.007
12.7908,77.4293,Karnataka,RAMANAGARA,0.975,0.019,0.007
12.2884,77.4527,Karnataka,RAMANAGARA,0.975,0.019,0.007
12.4636,77.4669,Karnataka,RAMANAGARA,0.975,0.019,0.007
12.7973,77.4266,Karnataka,RAMANAGARA,0.975,0.019,0.007
12.7102,77.1537,Karnataka,RAMANAGARA,0.975,0.019,0.007
12.6711,77.5354,Karnataka,RAMANAGARA,0.975,0.019,0.007
12.4737,77.3195,Karnataka,RAMANAGARA,0.975,0.019,0.007
12.4949,77.575,Karnataka,RAMANAGARA,0.975,0.019,0.007
12.9018,77.2747,Karnataka,RAMANAGARA,0.975,0.019,0.007
12.4894,77.5651,Karnataka,RAMANAGARA,0.975,0.019,0.007
27.4951,93.1093,Arunachal Pradesh,EAST KAMENG,0.983,0.017,0.0
27.067,93.2425,Arunachal Pradesh,EAST KAMENG,0.983,0.017,0.0
26.9806,93.0489,Arunachal Pradesh,EAST KAMENG,0.983,0.017,0.0
27.5558,93.2615,Arunachal Pradesh,EAST KAMENG,0.983,0.017,0.0
27.4589,93.1827,Arunachal Pradesh,EAST KAMENG,0.983,0.017,0.0
27.8861,95.237,Arunachal Pradesh,EAST SIANG,0.935,0.065,0.0
27.9152,95.0879,Arunachal Pradesh,EAST SIANG,0.935,0.065,0.0
28.4332,95.0664,Arunachal Pradesh,EAST SIANG,0.935,0.065,0.0
28.5506,94.8202,Arunachal Pradesh,EAST SIANG,0.935,0.065,0.0
28.4841,94.8488,Arunachal Pradesh,EAST SIANG,0.935,0.065,0.0
27.8624,93.346,Arunachal Pradesh,KURUNG KUMEY,0.959,0.041,0.0
27.8609,93.2988,Arunachal Pradesh,KURUNG KUMEY,0.959,0.041,0.0
27.8653,92.942,Arunachal Pradesh,KURUNG KUMEY,0.959,0.041,0.0
27.9194,93.4205,Arunachal Pradesh,KURUNG KUMEY,0.959,0.041,0.0
27.9407,93.5738,Arunachal Pradesh,KURUNG KUMEY,0.959,0.041,0.0
27.8158,96.6514,Arunachal Pradesh,LOHIT,0.932,0.068,0.0
27.7866,96.1062,Arunachal Pradesh,LOHIT,0.932,0.068,0.0
28.1383,96.4164,Arunachal Pradesh,LOHIT,0.932,0.068,0.0
27.6176,96.1603,Arunachal Pradesh,LOHIT,0.932,0.068,0.0
28.3908,96.7516,Arunachal Pradesh,LOHIT,0.932,0.068,0.0
28.4718,95.7339,Arunachal Pradesh,LOWER DIBANG VALLEY,0.929,0.071,0.0
28.5354,95.5644,Arunachal Pradesh,LOWER DIBANG VALLEY,0.929,0.071,0.0
28.5208,95.4755,Arunachal Pradesh,LOWER DIBANG VALLEY,0.929,0.071,0.0
28.2681,95.8842,Arunachal Pradesh,LOWER DIBANG VALLEY,0.929,0.071,0.0
28.354,95.936,Arunachal Pradesh,LOWER DIBANG VALLEY,0.929,0.071,0.0
27.8333,93.8706,Arunachal Pradesh,LOWER SUBANSIRI,0.956,0.043,0.0
27.6855,93.4885,Arunachal Pradesh,LOWER SUBANSIRI,0.956,0.043,0.0
27.6952,94.2054,Arunachal Pradesh,LOWER SUBANSIRI,0.956,0.043,0.0
27.3302,93.7497,Arunachal Pradesh,LOWER SUBANSIRI,0.956,0.043,0.0
27.4439,93.7324,Arunachal Pradesh,LOWER SUBANSIRI,0.956,0.043,0.0
27.3726,93.8626,Arunachal Pradesh,PAPUM PARE,0.961,0.039,0.0
27.2517,93.7392,Arunachal Pradesh,PAPUM PARE,0.961,0.039,0.0
27.156,93.5123,Arunachal Pradesh,PAPUM PARE,0.961,0.039,0.0
27.0886,93.4955,Arunachal Pradesh,PAPUM PARE,0.961,0.039,0.0
27.4659,94.1074,Arunachal Pradesh,PAPUM PARE,0.961,0.039,0.0
27.6966,91.9523,Arunachal Pradesh,TAWANG,0.521,0.478,0.001
27.8227,92.195,Arunachal Pradesh,TAWANG,0.521,0.478,0.001
27.4987,91.7803,Arunachal Pradesh,TAWANG,0.521,0.478,0.001
27.523,91.9389,Arunachal Pradesh,TAWANG,0.521,0.478,0.001
27.7066,91.7556,Arunachal Pradesh,TAWANG,0.521,0.478,0.001
27.1173,95.4975,Arunachal Pradesh,TIRAP,0.988,0.012,0.0
27.1877,95.6108,Arunachal Pradesh,TIRAP,0.988,0.012,0.0
27.1154,95.5078,Arunachal Pradesh,TIRAP,0.988,0.012,0.0
27.2271,95.6152,Arunachal Pradesh,TIRAP,0.988,0.012,0.0
26.8813,95.3409,Arunachal Pradesh,TIRAP,0.988,0.012,0.0
29.1589,94.9366,Arunachal Pradesh,UPPER SIANG,0.972,0.028,0.0
28.7666,95.2049,Arunachal Pradesh,UPPER SIANG,0.972,0.028,0.0
28.5916,94.953,Arunachal Pradesh,UPPER SIANG,0.972,0.028,0.0
28.8694,95.0173,Arunachal Pradesh,UPPER SIANG,0.972,0.028,0.0
28.6812,95.0831,Arunachal Pradesh,UPPER SIANG,0.972,0.028,0.0
28.1692,94.0856,Arunachal Pradesh,UPPER SUBANSIRI,0.953,0.047,0.0
27.8236,94.2056,Arunachal Pradesh,UPPER SUBANSIRI,0.953,0.047,0.0
28.1176,94.1682,Arunachal Pradesh,UPPER SUBANSIRI,0.953,0.047,0.0
28.4526,93.6471,Arunachal Pradesh,UPPER SUBANSIRI,0.953,0.047,0.0
28.6776,93.8502,Arunachal Pradesh,UPPER SUBANSIRI,0.953,0.047,0.0
27.3091,92.2683,Arunachal Pradesh,WEST KAMENG,0.773,0.226,0.0
27.3202,92.2501,Arunachal Pradesh,WEST KAMENG,0.773,0.226,0.0
27.2772,92.3232,Arunachal Pradesh,WEST KAMENG,0.773,0.226,0.0
27.3492,92.5304,Arunachal Pradesh,WEST KAMENG,0.773,0.226,0.0
27.8335,92.9328,Arunachal Pradesh,WEST KAMENG,0.773,0.226,0.0
28.83,94.4178,Arunachal Pradesh,WEST SIANG,0.982,0.018,0.0
28.1965,94.8379,Arunachal Pradesh,WEST SIANG,0.982,0.018,0.0
28.2253,94.5784,Arunachal Pradesh,WEST SIANG,0.982,0.018,0.0
27.7224,94.5636,Arunachal Pradesh,WEST SIANG,0.982,0.018,0.0
28.7644,94.4721,Arunachal Pradesh,WEST SIANG,0.982,0.018,0.0
26.258,90.8986,Assam,BARPETA,0.347,0.533,0.12
26.5935,91.0263,Assam,BARPETA,0.347,0.533,0.12
26.3696,91.0101,Assam,BARPETA,0.347,0.533,0.12
26.5105,91.1259,Assam,BARPETA,0.347,0.533,0.12
26.5727,91.158,Assam,BARPETA,0.347,0.533,0.12
26.2892,90.5134,Assam,BONGAIGAON,0.451,0.483,0.066
26.5845,90.7943,Assam,BONGAIGAON,0.451,0.483,0.066
26.4729,90.4791,Assam,BONGAIGAON,0.451,0.483,0.066
26.4987,90.7416,Assam,BONGAIGAON,0.451,0.483,0.066
26.5276,90.4802,Assam,BONGAIGAON,0.451,0.483,0.066
26.5982,91.9816,Assam,DARRANG,0.458,0.473,0.069
26.2203,91.8571,Assam,DARRANG,0.458,0.473,0.069
26.2054,91.7834,Assam,DARRANG,0.458,0.473,0.069
26.5773,91.8106,Assam,DARRANG,0.458,0.473,0.069
26.4973,91.9612,Assam,DARRANG,0.458,0.473,0.069
24.9862,92.9876,Assam,CACHAR,0.713,0.231,0.056
24.7596,92.8042,Assam,CACHAR,0.713,0.231,0.056
25.0319,92.7363,Assam,CACHAR,0.713,0.231,0.056
24.9573,92.8829,Assam,CACHAR,0.713,0.231,0.056
24.5119,92.7881,Assam,CACHAR,0.713,0.231,0.056
27.5768,94.5668,Assam,DHEMAJI,0.402,0.575,0.022
27.4879,94.3182,Assam,DHEMAJI,0.402,0.575,0.022
27.3562,94.5825,Assam,DHEMAJI,0.402,0.575,0.022
27.7134,95.3207,Assam,DHEMAJI,0.402,0.575,0.022
27.5292,94.3092,Assam,DHEMAJI,0.402,0.575,0.022
26.2819,90.1569,Assam,DHUBRI,0.363,0.486,0.151
25.9581,89.8742,Assam,DHUBRI,0.363,0.486,0.151
26.2492,89.9461,Assam,DHUBRI,0.363,0.486,0.151
26.2054,90.0925,Assam,DHUBRI,0.363,0.486,0.151
25.5732,89.9108,Assam,DHUBRI,0.363,0.486,0.151
27.3628,94.8936,Assam,DIBRUGARH,0.738,0.256,0.005
27.3096,94.9875,Assam,DIBRUGARH,0.738,0.256,0.005
27.3396,95.0416,Assam,DIBRUGARH,0.738,0.256,0.005
27.1616,94.5911,Assam,DIBRUGARH,0.738,0.256,0.005
27.4343,95.0132,Assam,DIBRUGARH,0.738,0.256,0.005
25.9882,90.8151,Assam,GOALPARA,0.463,0.416,0.12
25.9506,91.0371,Assam,GOALPARA,0.463,0.416,0.12
26.0601,90.3318,Assam,GOALPARA,0.463,0.416,0.12
25.9376,90.9509,Assam,GOALPARA,0.463,0.416,0.12
26.0558,90.1805,Assam,GOALPARA,0.463,0.416,0.12
26.6556,93.3854,Assam,GOLAGHAT,0.618,0.354,0.027
26.6375,93.3267,Assam,GOLAGHAT,0.618,0.354,0.027
26.6351,93.4246,Assam,GOLAGHAT,0.618,0.354,0.027
26.4883,94.0512,Assam,GOLAGHAT,0.618,0.354,0.027
26.1145,93.9767,Assam,GOLAGHAT,0.618,0.354,0.027
24.3332,92.5987,Assam,HAILAKANDI,0.68,0.285,0.035
24.8582,92.5899,Assam,HAILAKANDI,0.68,0.285,0.035
24.5849,92.5376,Assam,HAILAKANDI,0.68,0.285,0.035
24.6082,92.6386,Assam,HAILAKANDI,0.68,0.285,0.035
24.3042,92.5744,Assam,HAILAKANDI,0.68,0.285,0.035
26.7713,94.1159,Assam,JORHAT,0.444,0.534,0.023
26.813,94.108,Assam,JORHAT,0.444,0.534,0.023
26.8768,94.3127,Assam,JORHAT,0.444,0.534,0.023
26.6531,94.3372,Assam,JORHAT,0.444,0.534,0.023
27.0313,94.2672,Assam,JORHAT,0.444,0.534,0.023
26.1604,92.1059,Assam,KAMRUP,0.473,0.394,0.133
26.0952,91.1632,Assam,KAMRUP,0.473,0.394,0.133
26.0181,91.2222,Assam,KAMRUP,0.473,0.394,0.133
26.1703,91.9026,Assam,KAMRUP,0.473,0.394,0.133
26.4444,91.6512,Assam,KAMRUP,0.473,0.394,0.133
26.496,93.228,Assam,KARBI ANGLONG,0.562,0.433,0.005
26.3024,92.9473,Assam,KARBI ANGLONG,0.562,0.433,0.005
26.0957,93.787,Assam,KARBI ANGLONG,0.562,0.433,0.005
26.3204,93.432,Assam,KARBI ANGLONG,0.562,0.433,0.005
25.8147,93.4546,Assam,KARBI ANGLONG,0.562,0.433,0.005
24.5733,92.422,Assam,KARIMGANJ,0.777,0.151,0.072
24.6366,92.3808,Assam,KARIMGANJ,0.777,0.151,0.072
24.861,92.3566,Assam,KARIMGANJ,0.777,0.151,0.072
24.6502,92.4193,Assam,KARIMGANJ,0.777,0.151,0.072
24.5952,92.4168,Assam,KARIMGANJ,0.777,0.151,0.072
26.7489,90.4796,Assam,KOKRAJHAR,0.407,0.525,0.068
26.5097,90.0195,Assam,KOKRAJHAR,0.407,0.525,0.068
26.8811,90.3777,Assam,KOKRAJHAR,0.407,0.525,0.068
26.624,90.3272,Assam,KOKRAJHAR,0.407,0.525,0.068
26.5424,90.0929,Assam,KOKRAJHAR,0.407,0.525,0.068
27.2165,94.5675,Assam,LAKHIMPUR,0.343,0.611,0.046
27.1911,94.1245,Assam,LAKHIMPUR,0.343,0.611,0.046
26.9873,94.0767,Assam,LAKHIMPUR,0.343,0.611,0.046
27.0945,94.1995,Assam,LAKHIMPUR,0.343,0.611,0.046
27.2158,94.2516,Assam,LAKHIMPUR,0.343,0.611,0.046
26.3527,92.5516,Assam,MARIGAON,0.417,0.389,0.194
26.2982,92.4051,Assam,MARIGAON,0.417,0.389,0.194
26.235,92.3245,Assam,MARIGAON,0.417,0.389,0.194
26.3614,92.5533,Assam,MARIGAON,0.417,0.389,0.194
26.3742,92.3989,Assam,MARIGAON,0.417,0.389,0.194
25.9187,92.9364,Assam,NAGAON,0.548,0.346,0.107
26.1587,92.4418,Assam,NAGAON,0.548,0.346,0.107
25.8191,93.2032,Assam,NAGAON,0.548,0.346,0.107
26.179,92.8529,Assam,NAGAON,0.548,0.346,0.107
26.2613,92.4714,Assam,NAGAON,0.548,0.346,0.107
26.6361,91.6318,Assam,NALBARI,0.545,0.399,0.057
26.5115,91.6119,Assam,NALBARI,0.545,0.399,0.057
26.646,91.5896,Assam,NALBARI,0.545,0.399,0.057
26.6049,91.3816,Assam,NALBARI,0.545,0.399,0.057
26.7607,91.6919,Assam,NALBARI,0.545,0.399,0.057
25.4652,92.8182,Assam,DIMA HASAO,0.731,0.268,0.0
25.2553,92.9702,Assam,DIMA HASAO,0.731,0.268,0.0
25.5481,93.1241,Assam,DIMA HASAO,0.731,0.268,0.0
25.4466,93.0133,Assam,DIMA HASAO,0.731,0.268,0.0
25.4843,93.0862,Assam,DIMA HASAO,0.731,0.268,0.0
27.0306,94.8818,Assam,SIVASAGAR,0.746,0.248,0.006
27.1071,94.713,Assam,SIVASAGAR,0.746,0.248,0.006
26.92,94.8737,Assam,SIVASAGAR,0.746,0.248,0.006
26.9035,94.7952,Assam,SIVASAGAR,0.746,0.248,0.006
27.0727,94.5638,Assam,SIVASAGAR,0.746,0.248,0.006
26.7722,92.8441,Assam,SONITPUR,0.484,0.462,0.054
26.753,92.5024,Assam,SONITPUR,0.484,0.462,0.054
26.9169,93.0831,Assam,SONITPUR,0.484,0.462,0.054
26.8166,92.825,Assam,SONITPUR,0.484,0.462,0.054
26.6123,92.5575,Assam,SONITPUR,0.484,0.462,0.054
27.4495,95.5769,Assam,TINSUKIA,0.519,0.48,0.001
27.7334,95.4397,Assam,TINSUKIA,0.519,0.48,0.001
27.6879,95.403,Assam,TINSUKIA,0.519,0.48,0.001
27.7072,95.5631,Assam,TINSUKIA,0.519,0.48,0.001
27.3836,95.6106,Assam,TINSUKIA,0.519,0.48,0.001
26.3486,87.3455,Bihar,ARARIA,0.397,0.441,0.162
26.0722,87.5611,Bihar,ARARIA,0.397,0.441,0.162
26.3633,87.5718,Bihar,ARARIA,0.397,0.441,0.162
26.3804,87.0867,Bihar,ARARIA,0.397,0.441,0.162
25.9719,87.101,Bihar,ARARIA,0.397,0.441,0.162
24.7922,86.5301,Bihar,BANKA,0.343,0.639,0.018
24.7986,86.6516,Bihar,BANKA,0.343,0.639,0.018
25.0412,86.6584,Bihar,BANKA,0.343,0.639,0.018
24.9728,86.8693,Bihar,BANKA,0.343,0.639,0.018
24.6133,86.8056,Bihar,BANKA,0.343,0.639,0.018
24.6679,84.3052,Bihar,AURANGABAD,0.524,0.476,0.0
24.769,84.6296,Bihar,AURANGABAD,0.524,0.476,0.0
24.8387,84.3912,Bihar,AURANGABAD,0.524,0.476,0.0
24.8959,84.2479,Bihar,AURANGABAD,0.524,0.476,0.0
24.6525,84.4154,Bihar,AURANGABAD,0.524,0.476,0.0
25.7144,86.0411,Bihar,BEGUSARAI,0.179,0.812,0.009
25.6758,86.068,Bihar,BEGUSARAI,0.179,0.812,0.009
25.6374,86.2028,Bihar,BEGUSARAI,0.179,0.812,0.009
25.4586,86.0712,Bihar,BEGUSARAI,0.179,0.812,0.009
25.3204,86.177,Bihar,BEGUSARAI,0.179,0.812,0.009
25.3592,83.7434,Bihar,KAIMUR (BHABUA),0.535,0.465,0.001
25.3308,83.7467,Bihar,KAIMUR (BHABUA),0.535,0.465,0.001
25.0455,83.38,Bihar,KAIMUR (BHABUA),0.535,0.465,0.001
24.7724,83.5649,Bihar,KAIMUR (BHABUA),0.535,0.465,0.001
25.2144,83.635,Bihar,KAIMUR (BHABUA),0.535,0.465,0.001
25.4754,86.9327,Bihar,BHAGALPUR,0.18,0.794,0.026
25.4362,87.0118,Bihar,BHAGALPUR,0.18,0.794,0.026
25.3082,86.9264,Bihar,BHAGALPUR,0.18,0.794,0.026
25.2461,87.0354,Bihar,BHAGALPUR,0.18,0.794,0.026
25.2471,86.9913,Bihar,BHAGALPUR,0.18,0.794,0.026
25.241,84.533,Bihar,BHOJPUR,0.154,0.844,0.002
25.5073,84.6571,Bihar,BHOJPUR,0.154,0.844,0.002
25.3992,84.6806,Bihar,BHOJPUR,0.154,0.844,0.002
25.393,84.4871,Bihar,BHOJPUR,0.154,0.844,0.002
25.3468,84.3093,Bihar,BHOJPUR,0.154,0.844,0.002
25.5643,83.9648,Bihar,BUXAR,0.151,0.849,0.0
25.3602,83.9269,Bihar,BUXAR,0.151,0.849,0.0
25.4329,84.2386,Bihar,BUXAR,0.151,0.849,0.0
25.4321,83.8664,Bihar,BUXAR,0.151,0.849,0.0
25.3356,83.8809,Bihar,BUXAR,0.151,0.849,0.0
26.2132,85.7188,Bihar,DARBHANGA,0.183,0.782,0.035
26.0852,86.0646,Bihar,DARBHANGA,0.183,0.782,0.035
26.0669,86.1813,Bihar,DARBHANGA,0.183,0.782,0.035
26.2361,85.944,Bihar,DARBHANGA,0.183,0.782,0.035
25.9965,86.1733,Bihar,DARBHANGA,0.183,0.782,0.035
24.6498,84.9088,Bihar,GAYA,0.186,0.807,0.007
24.6705,84.9337,Bihar,GAYA,0.186,0.807,0.007
24.4878,84.4073,Bihar,GAYA,0.186,0.807,0.007
24.6194,84.6745,Bihar,GAYA,0.186,0.807,0.007
24.6282,84.8965,Bihar,GAYA,0.186,0.807,0.007
26.5885,84.2103,Bihar,GOPALGANJ,0.18,0.81,0.01
26.406,84.343,Bihar,GOPALGANJ,0.18,0.81,0.01
26.426,84.2145,Bihar,GOPALGANJ,0.18,0.81,0.01
26.5279,84.4682,Bihar,GOPALGANJ,0.18,0.81,0.01
26.3522,84.6175,Bihar,GOPALGANJ,0.18,0.81,0.01
24.7072,86.177,Bihar,JAMUI,0.235,0.76,0.005
24.964,85.8531,Bihar,JAMUI,0.235,0.76,0.005
24.8889,86.3532,Bihar,JAMUI,0.235,0.76,0.005
24.8903,86.1943,Bihar,JAMUI,0.235,0.76,0.005
24.6382,86.5018,Bihar,JAMUI,0.235,0.76,0.005
25.0823,84.5946,Bihar,JEHANABAD,0.141,0.858,0.001
25.062,84.7629,Bihar,JEHANABAD,0.141,0.858,0.001
25.2673,84.6728,Bihar,JEHANABAD,0.141,0.858,0.001
25.0587,85.0941,Bihar,JEHANABAD,0.141,0.858,0.001
25.1821,84.9489,Bihar,JEHANABAD,0.141,0.858,0.001
25.5242,87.2993,Bihar,KATIHAR,0.441,0.444,0.115
25.6163,87.6864,Bihar,KATIHAR,0.441,0.444,0.115
25.6295,87.3259,Bihar,KATIHAR,0.441,0.444,0.115
25.3391,87.6655,Bihar,KATIHAR,0.441,0.444,0.115
25.5814,87.3737,Bihar,KATIHAR,0.441,0.444,0.115
25.2994,86.7459,Bihar,KHAGARIA,0.2,0.763,0.036
25.6011,86.8097,Bihar,KHAGARIA,0.2,0.763,0.036
25.621,86.6514,Bihar,KHAGARIA,0.2,0.763,0.036
25.585,86.3831,Bihar,KHAGARIA,0.2,0.763,0.036
25.5134,86.4934,Bihar,KHAGARIA,0.2,0.763,0.036
26.1501,87.6995,Bihar,KISHANGANJ,0.488,0.429,0.082
26.0569,87.842,Bihar,KISHANGANJ,0.488,0.429,0.082
26.188,87.813,Bihar,KISHANGANJ,0.488,0.429,0.082
26.3945,87.8288,Bihar,KISHANGANJ,0.488,0.429,0.082
26.2233,88.083,Bihar,KISHANGANJ,0.488,0.429,0.082
25.1735,86.0285,Bihar,LAKHISARAI,0.08,0.919,0.0
25.1701,86.0816,Bihar,LAKHISARAI,0.08,0.919,0.0
25.1765,86.0847,Bihar,LAKHISARAI,0.08,0.919,0.0
25.1811,86.3957,Bihar,LAKHISARAI,0.08,0.919,0.0
25.2025,85.9595,Bihar,LAKHISARAI,0.08,0.919,0.0
26.3493,85.8851,Bihar,MADHUBANI,0.25,0.703,0.048
26.536,86.5343,Bihar,MADHUBANI,0.25,0.703,0.048
26.1421,86.4059,Bihar,MADHUBANI,0.25,0.703,0.048
26.5681,86.0432,Bihar,MADHUBANI,0.25,0.703,0.048
26.262,86.0612,Bihar,MADHUBANI,0.25,0.703,0.048
25.7505,86.8584,Bihar,MADHEPURA,0.339,0.548,0.113
25.7038,86.8848,Bihar,MADHEPURA,0.339,0.548,0.113
25.5517,87.0253,Bihar,MADHEPURA,0.339,0.548,0.113
25.96,86.8302,Bihar,MADHEPURA,0.339,0.548,0.113
26.0568,86.9093,Bihar,MADHEPURA,0.339,0.548,0.113
25.4203,86.5124,Bihar,MUNGER,0.6,0.368,0.032
25.3056,86.3202,Bihar,MUNGER,0.6,0.368,0.032
25.2089,86.648,Bihar,MUNGER,0.6,0.368,0.032
25.4448,86.5683,Bihar,MUNGER,0.6,0.368,0.032
25.2636,86.4492,Bihar,MUNGER,0.6,0.368,0.032
26.3526,85.5106,Bihar,MUZAFFARPUR,0.146,0.701,0.153
26.148,85.0408,Bihar,MUZAFFARPUR,0.146,0.701,0.153
26.2665,85.3524,Bihar,MUZAFFARPUR,0.146,0.701,0.153
26.1707,85.4026,Bihar,MUZAFFARPUR,0.146,0.701,0.153
26.031,85.5321,Bihar,MUZAFFARPUR,0.146,0.701,0.153
24.8963,85.6585,Bihar,NAWADA,0.195,0.797,0.008
24.8665,85.6256,Bihar,NAWADA,0.195,0.797,0.008
24.6922,85.3987,Bihar,NAWADA,0.195,0.797,0.008
24.7567,85.3293,Bihar,NAWADA,0.195,0.797,0.008
24.8068,85.4945,Bihar,NAWADA,0.195,0.797,0.008
25.271,85.3095,Bihar,NALANDA,0.141,0.853,0.006
25.1948,85.3038,Bihar,NALANDA,0.141,0.853,0.006
25.3038,85.6006,Bihar,NALANDA,0.141,0.853,0.006
25.3856,85.5657,Bihar,NALANDA,0.141,0.853,0.006
25.3052,85.3285,Bihar,NALANDA,0.141,0.853,0.006
25.2769,84.8475,Bihar,PATNA,0.103,0.894,0.003
25.4199,84.9179,Bihar,PATNA,0.103,0.894,0.003
25.4487,84.9048,Bihar,PATNA,0.103,0.894,0.003
25.3187,85.8931,Bihar,PATNA,0.103,0.894,0.003
25.4628,85.371,Bihar,PATNA,0.103,0.894,0.003
27.0914,84.6055,Bihar,PASHCHIM CHAMPARAN,0.606,0.375,0.02
26.8993,84.0884,Bihar,PASHCHIM CHAMPARAN,0.606,0.375,0.02
26.8921,84.3315,Bihar,PASHCHIM CHAMPARAN,0.606,0.375,0.02
26.6999,84.4858,Bihar,PASHCHIM CHAMPARAN,0.606,0.375,0.02
26.8438,84.1651,Bihar,PASHCHIM CHAMPARAN,0.606,0.375,0.02
26.3711,85.1696,Bihar,PURBI CHAMPARAN,0.615,0.37,0.015
26.9415,84.8156,Bihar,PURBI CHAMPARAN,0.615,0.37,0.015
26.7775,84.7212,Bihar,PURBI CHAMPARAN,0.615,0.37,0.015
26.6094,84.596,Bihar,PURBI CHAMPARAN,0.615,0.37,0.015
26.6836,85.1155,Bihar,PURBI CHAMPARAN,0.615,0.37,0.015
25.4974,87.1624,Bihar,PURNIA,0.565,0.288,0.148
25.839,87.5618,Bihar,PURNIA,0.565,0.288,0.148
25.6789,87.5399,Bihar,PURNIA,0.565,0.288,0.148
25.5044,87.1704,Bihar,PURNIA,0.565,0.288,0.148
25.8841,87.0567,Bihar,PURNIA,0.565,0.288,0.148
24.9102,84.2093,Bihar,ROHTAS,0.173,0.826,0.001
24.8276,84.0751,Bihar,ROHTAS,0.173,0.826,0.001
24.7679,84.0174,Bihar,ROHTAS,0.173,0.826,0.001
25.3409,84.0307,Bihar,ROHTAS,0.173,0.826,0.001
25.1432,83.8299,Bihar,ROHTAS,0.173,0.826,0.001
25.8689,86.5421,Bihar,SAHARSA,0.171,0.59,0.239
25.8804,86.6197,Bihar,SAHARSA,0.171,0.59,0.239
25.8237,86.6266,Bihar,SAHARSA,0.171,0.59,0.239
25.9008,86.6279,Bihar,SAHARSA,0.171,0.59,0.239
25.9021,86.667,Bihar,SAHARSA,0.171,0.59,0.239
25.6992,84.8355,Bihar,SARAN,0.145,0.834,0.022
25.8825,84.6242,Bihar,SARAN,0.145,0.834,0.022
26.1018,84.7624,Bihar,SARAN,0.145,0.834,0.022
26.0098,84.7714,Bihar,SARAN,0.145,0.834,0.022
25.8045,84.931,Bihar,SARAN,0.145,0.834,0.022
25.687,85.6257,Bihar,SAMASTIPUR,0.211,0.735,0.054
25.5405,85.6781,Bihar,SAMASTIPUR,0.211,0.735,0.054
25.8709,86.2072,Bihar,SAMASTIPUR,0.211,0.735,0.054
25.6477,85.7871,Bihar,SAMASTIPUR,0.211,0.735,0.054
25.9458,85.7135,Bihar,SAMASTIPUR,0.211,0.735,0.054
25.1297,85.8718,Bihar,SHEIKHPURA,0.129,0.869,0.001
25.0156,85.7755,Bihar,SHEIKHPURA,0.129,0.869,0.001
25.1344,85.8023,Bihar,SHEIKHPURA,0.129,0.869,0.001
25.1997,85.7271,Bihar,SHEIKHPURA,0.129,0.869,0.001
25.1562,85.8214,Bihar,SHEIKHPURA,0.129,0.869,0.001
26.6173,85.2824,Bihar,SHEOHAR,0.199,0.786,0.015
26.3927,85.2899,Bihar,SHEOHAR,0.199,0.786,0.015
26.4274,85.2932,Bihar,SHEOHAR,0.199,0.786,0.015
26.4353,85.2482,Bihar,SHEOHAR,0.199,0.786,0.015
26.4882,85.2544,Bihar,SHEOHAR,0.199,0.786,0.015
26.4941,85.737,Bihar,SITAMARHI,0.15,0.819,0.032
26.5676,85.7316,Bihar,SITAMARHI,0.15,0.819,0.032
26.735,85.2731,Bihar,SITAMARHI,0.15,0.819,0.032
26.6779,85.2351,Bihar,SITAMARHI,0.15,0.819,0.032
26.6693,85.627,Bihar,SITAMARHI,0.15,0.819,0.032
26.2942,84.2773,Bihar,SIWAN,0.173,0.821,0.005
26.2441,84.3675,Bihar,SIWAN,0.173,0.821,0.005
25.985,84.3858,Bihar,SIWAN,0.173,0.821,0.005
26.0654,84.5463,Bihar,SIWAN,0.173,0.821,0.005
26.2747,84.6012,Bihar,SIWAN,0.173,0.821,0.005
26.1104,86.6785,Bihar,SUPAUL,0.293,0.549,0.158
26.1374,86.5175,Bihar,SUPAUL,0.293,0.549,0.158
26.1389,86.9331,Bihar,SUPAUL,0.293,0.549,0.158
26.234,86.7395,Bihar,SUPAUL,0.293,0.549,0.158
26.1197,86.8282,Bihar,SUPAUL,0.293,0.549,0.158
25.8601,85.5,Bihar,VAISHALI,0.194,0.754,0.052
25.7156,85.4779,Bihar,VAISHALI,0.194,0.754,0.052
25.8933,85.2374,Bihar,VAISHALI,0.194,0.754,0.052
25.9932,85.1813,Bihar,VAISHALI,0.194,0.754,0.052
25.5706,85.5269,Bihar,VAISHALI,0.194,0.754,0.052
30.6946,76.7753,Chandigarh,CHANDIGARH,0.072,0.928,0.0
30.7554,76.7587,Chandigarh,CHANDIGARH,0.072,0.928,0.0
30.7591,76.7327,Chandigarh,CHANDIGARH,0.072,0.928,0.0
30.7305,76.744,Chandigarh,CHANDIGARH,0.072,0.928,0.0
30.752,76.7381,Chandigarh,CHANDIGARH,0.072,0.928,0.0
19.5782,80.8905,Chhattisgarh,BASTAR,0.988,0.012,0.0
19.7323,80.9246,Chhattisgarh,BASTAR,0.988,0.012,0.0
19.2085,81.6185,Chhattisgarh,BASTAR,0.988,0.012,0.0
19.4988,81.6338,Chhattisgarh,BASTAR,0.988,0.012,0.0
19.4244,81.6372,Chhattisgarh,BASTAR,0.988,0.012,0.0
22.9616,82.0646,Chhattisgarh,BILASPUR,0.893,0.107,0.0
22.0224,81.6031,Chhattisgarh,BILASPUR,0.893,0.107,0.0
22.446,81.673,Chhattisgarh,BILASPUR,0.893,0.107,0.0
22.2856,81.7588,Chhattisgarh,BILASPUR,0.893,0.107,0.0
22.8158,82.1151,Chhattisgarh,BILASPUR,0.893,0.107,0.0
18.1511,81.4948,Chhattisgarh,DANTEWADA,0.989,0.011,0.0
18.9378,80.8066,Chhattisgarh,DANTEWADA,0.989,0.011,0.0
19.2317,80.5254,Chhattisgarh,DANTEWADA,0.989,0.011,0.0
18.8432,80.4421,Chhattisgarh,DANTEWADA,0.989,0.011,0.0
18.8273,80.805,Chhattisgarh,DANTEWADA,0.989,0.011,0.0
20.7962,81.6428,Chhattisgarh,DHAMTARI,0.844,0.155,0.0
20.7794,81.6703,Chhattisgarh,DHAMTARI,0.844,0.155,0.0
20.6891,81.5172,Chhattisgarh,DHAMTARI,0.844,0.155,0.0
20.4212,81.7327,Chhattisgarh,DHAMTARI,0.844,0.155,0.0
20.9069,81.7557,Chhattisgarh,DHAMTARI,0.844,0.155,0.0
21.8609,81.6065,Chhattisgarh,DURG,0.779,0.221,0.0
21.7016,81.7152,Chhattisgarh,DURG,0.779,0.221,0.0
21.1185,81.2122,Chhattisgarh,DURG,0.779,0.221,0.0
21.5131,81.5417,Chhattisgarh,DURG,0.779,0.221,0.0
20.6016,81.3487,Chhattisgarh,DURG,0.779,0.221,0.0
22.014,82.5511,Chhattisgarh,JANJGIR-CHAMPA,0.919,0.081,0.001
21.8554,82.7899,Chhattisgarh,JANJGIR-CHAMPA,0.919,0.081,0.001
21.8212,83.065,Chhattisgarh,JANJGIR-CHAMPA,0.919,0.081,0.001
22.0882,82.9032,Chhattisgarh,JANJGIR-CHAMPA,0.919,0.081,0.001
21.7846,82.6189,Chhattisgarh,JANJGIR-CHAMPA,0.919,0.081,0.001
23.0685,83.5178,Chhattisgarh,JASHPUR,0.959,0.04,0.0
22.4766,83.6642,Chhattisgarh,JASHPUR,0.959,0.04,0.0
23.105,83.5895,Chhattisgarh,JASHPUR,0.959,0.04,0.0
22.471,83.5781,Chhattisgarh,JASHPUR,0.959,0.04,0.0
22.5978,83.4894,Chhattisgarh,JASHPUR,0.959,0.04,0.0
20.0868,80.7902,Chhattisgarh,KANKER,0.987,0.013,0.0
19.7783,81.1689,Chhattisgarh,KANKER,0.987,0.013,0.0
20.1382,81.1907,Chhattisgarh,KANKER,0.987,0.013,0.0
20.1634,81.6446,Chhattisgarh,KANKER,0.987,0.013,0.0
19.7474,81.1252,Chhattisgarh,KANKER,0.987,0.013,0.0
21.9053,81.425,Chhattisgarh,KABIRDHAM,0.608,0.392,0.0
21.9266,81.1743,Chhattisgarh,KABIRDHAM,0.608,0.392,0.0
21.7632,81.2185,Chhattisgarh,KABIRDHAM,0.608,0.392,0.0
21.9615,81.1261,Chhattisgarh,KABIRDHAM,0.608,0.392,0.0
22.1365,81.2852,Chhattisgarh,KABIRDHAM,0.608,0.392,0.0
22.2404,82.9467,Chhattisgarh,KORBA,0.965,0.034,0.0
22.5107,83.0605,Chhattisgarh,KORBA,0.965,0.034,0.0
22.6292,82.523,Chhattisgarh,KORBA,0.965,0.034,0.0
22.2567,82.5468,Chhattisgarh,KORBA,0.965,0.034,0.0
22.436,82.7921,Chhattisgarh,KORBA,0.965,0.034,0.0
23.5957,82.1388,Chhattisgarh,KOREA,0.91,0.09,0.0
23.6286,82.3026,Chhattisgarh,KOREA,0.91,0.09,0.0
23.5332,81.8386,Chhattisgarh,KOREA,0.91,0.09,0.0
23.1888,82.2904,Chhattisgarh,KOREA,0.91,0.09,0.0
23.606,81.6469,Chhattisgarh,KOREA,0.91,0.09,0.0
21.2561,82.3734,Chhattisgarh,MAHASAMUND,0.983,0.016,0.0
21.1081,82.5431,Chhattisgarh,MAHASAMUND,0.983,0.016,0.0
21.2618,82.9661,Chhattisgarh,MAHASAMUND,0.983,0.016,0.0
21.3185,82.8185,Chhattisgarh,MAHASAMUND,0.983,0.016,0.0
21.1167,82.1962,Chhattisgarh,MAHASAMUND,0.983,0.016,0.0
21.481,83.1311,Chhattisgarh,RAIGARH,0.966,0.034,0.0
21.4313,83.1778,Chhattisgarh,RAIGARH,0.966,0.034,0.0
21.4932,83.2161,Chhattisgarh,RAIGARH,0.966,0.034,0.0
21.4992,83.3257,Chhattisgarh,RAIGARH,0.966,0.034,0.0
22.7184,83.1222,Chhattisgarh,RAIGARH,0.966,0.034,0.0
21.5827,82.621,Chhattisgarh,RAIPUR,0.871,0.128,0.0
20.926,82.2275,Chhattisgarh,RAIPUR,0.871,0.128,0.0
20.1197,82.3789,Chhattisgarh,RAIPUR,0.871,0.128,0.0
20.2631,82.396,Chhattisgarh,RAIPUR,0.871,0.128,0.0
21.5907,82.0635,Chhattisgarh,RAIPUR,0.871,0.128,0.0
21.1432,81.0624,Chhattisgarh,RAJNANDGAON,0.738,0.262,0.0
21.3806,80.9176,Chhattisgarh,RAJNANDGAON,0.738,0.262,0.0
20.9434,80.7806,Chhattisgarh,RAJNANDGAON,0.738,0.262,0.0
20.8125,80.5864,Chhattisgarh,RAJNANDGAON,0.738,0.262,0.0
21.6006,80.8657,Chhattisgarh,RAJNANDGAON,0.738,0.262,0.0
22.8683,82.8704,Chhattisgarh,SURGUJA,0.898,0.102,0.0
22.8598,83.1226,Chhattisgarh,SURGUJA,0.898,0.102,0.0
22.7985,83.1334,Chhattisgarh,SURGUJA,0.898,0.102,0.0
23.464,83.3238,Chhattisgarh,SURGUJA,0.898,0.102,0.0
23.8261,83.0421,Chhattisgarh,SURGUJA,0.898,0.102,0.0
20.108,73.1405,Dadra and Nagar Haveli,DADRA AND NAGAR HAVELI,0.975,0.025,0.0
20.1455,73.158,Dadra and Nagar Haveli,DADRA AND NAGAR HAVELI,0.975,0.025,0.0
20.2396,73.0781,Dadra and Nagar Haveli,DADRA AND NAGAR HAVELI,0.975,0.025,0.0
20.285,73.038,Dadra and Nagar Haveli,DADRA AND NAGAR HAVELI,0.975,0.025,0.0
20.1923,73.1569,Dadra and Nagar Haveli,DADRA AND NAGAR HAVELI,0.975,0.025,0.0
15.5841,73.9894,Goa,NORTH GOA,0.625,0.375,0.0
15.7605,73.8631,Goa,NORTH GOA,0.625,0.375,0.0
15.7104,73.9578,Goa,NORTH GOA,0.625,0.375,0.0
15.5817,74.1255,Goa,NORTH GOA,0.625,0.375,0.0
15.6007,73.9094,Goa,NORTH GOA,0.625,0.375,0.0
15.0929,74.0722,Goa,SOUTH GOA,0.644,0.356,0.0
14.9905,74.2557,Goa,SOUTH GOA,0.644,0.356,0.0
15.0939,73.9566,Goa,SOUTH GOA,0.644,0.356,0.0
14.9372,74.1079,Goa,SOUTH GOA,0.644,0.356,0.0
15.1619,73.944,Goa,SOUTH GOA,0.644,0.356,0.0
23.1885,72.1322,Gujarat,AHMADABAD,0.634,0.355,0.012
22.2593,71.6591,Gujarat,AHMADABAD,0.634,0.355,0.012
22.3545,72.1438,Gujarat,AHMADABAD,0.634,0.355,0.012
22.2977,71.7947,Gujarat,AHMADABAD,0.634,0.355,0.012
23.0012,72.2514,Gujarat,AHMADABAD,0.634,0.355,0.012
21.0863,71.6179,Gujarat,AMRELI,0.954,0.04,0.006
21.1824,71.533,Gujarat,AMRELI,0.954,0.04,0.006
21.2438,71.4676,Gujarat,AMRELI,0.954,0.04,0.006
21.567,71.3479,Gujarat,AMRELI,0.954,0.04,0.006
21.5925,71.5507,Gujarat,AMRELI,0.954,0.04,0.006
22.509,72.8584,Gujarat,ANAND,0.586,0.363,0.05
22.5451,72.7556,Gujarat,ANAND,0.586,0.363,0.05
22.4522,72.7693,Gujarat,ANAND,0.586,0.363,0.05
22.4879,72.9499,Gujarat,ANAND,0.586,0.363,0.05
22.4221,72.6937,Gujarat,ANAND,0.586,0.363,0.05
24.089,71.9892,Gujarat,BANAS KANTHA,0.559,0.37,0.072
23.9351,72.5151,Gujarat,BANAS KANTHA,0.559,0.37,0.072
24.3468,71.4273,Gujarat,BANAS KANTHA,0.559,0.37,0.072
24.1536,72.5243,Gujarat,BANAS KANTHA,0.559,0.37,0.072
24.0747,71.934,Gujarat,BANAS KANTHA,0.559,0.37,0.072
21.6154,73.4507,Gujarat,BHARUCH,0.88,0.11,0.01
21.5303,73.0183,Gujarat,BHARUCH,0.88,0.11,0.01
21.6278,73.1459,Gujarat,BHARUCH,0.88,0.11,0.01
22.1739,72.8774,Gujarat,BHARUCH,0.88,0.11,0.01
21.7848,73.2256,Gujarat,BHARUCH,0.88,0.11,0.01
22.054,71.9834,Gujarat,BHAVNAGAR,0.876,0.089,0.035
22.1925,71.6735,Gujarat,BHAVNAGAR,0.876,0.089,0.035
21.4411,72.0276,Gujarat,BHAVNAGAR,0.876,0.089,0.035
21.1801,71.9463,Gujarat,BHAVNAGAR,0.876,0.089,0.035
21.7616,72.182,Gujarat,BHAVNAGAR,0.876,0.089,0.035
22.7284,74.0457,Gujarat,DOHAD,0.688,0.31,0.002
23.1272,74.0539,Gujarat,DOHAD,0.688,0.31,0.002
22.6642,74.1662,Gujarat,DOHAD,0.688,0.31,0.002
22.8699,73.9007,Gujarat,DOHAD,0.688,0.31,0.002
22.8265,74.4394,Gujarat,DOHAD,0.688,0.31,0.002
23.3292,72.5631,Gujarat,GANDHINAGAR,0.66,0.318,0.023
23.1181,72.4053,Gujarat,GANDHINAGAR,0.66,0.318,0.023
23.3841,72.6151,Gujarat,GANDHINAGAR,0.66,0.318,0.023
23.2523,72.5857,Gujarat,GANDHINAGAR,0.66,0.318,0.023
23.0679,72.4141,Gujarat,GANDHINAGAR,0.66,0.318,0.023
22.2094,69.6544,Gujarat,JAMNAGAR,0.906,0.072,0.022
22.8357,70.4997,Gujarat,JAMNAGAR,0.906,0.072,0.022
22.7563,70.6051,Gujarat,JAMNAGAR,0.906,0.072,0.022
22.3679,70.016,Gujarat,JAMNAGAR,0.906,0.072,0.022
22.4828,70.2979,Gujarat,JAMNAGAR,0.906,0.072,0.022
21.1726,70.6029,Gujarat,JUNAGADH,0.795,0.185,0.021
21.2329,70.4028,Gujarat,JUNAGADH,0.795,0.185,0.021
21.3912,70.7668,Gujarat,JUNAGADH,0.795,0.185,0.021
20.9834,70.3062,Gujarat,JUNAGADH,0.795,0.185,0.021
21.02,70.9569,Gujarat,JUNAGADH,0.795,0.185,0.021
23.1161,69.9005,Gujarat,KACHCHH,0.85,0.094,0.056
23.4856,68.5773,Gujarat,KACHCHH,0.85,0.094,0.056
23.2142,69.9232,Gujarat,KACHCHH,0.85,0.094,0.056
23.2662,70.7554,Gujarat,KACHCHH,0.85,0.094,0.056
23.2405,70.6289,Gujarat,KACHCHH,0.85,0.094,0.056
22.993,73.2292,Gujarat,KHEDA,0.655,0.296,0.048
22.8843,73.1368,Gujarat,KHEDA,0.655,0.296,0.048
22.6982,72.8177,Gujarat,KHEDA,0.655,0.296,0.048
22.7695,72.8946,Gujarat,KHEDA,0.655,0.296,0.048
22.8061,73.256,Gujarat,KHEDA,0.655,0.296,0.048
23.5955,72.4871,Gujarat,MAHESANA,0.558,0.333,0.109
23.1861,72.3489,Gujarat,MAHESANA,0.558,0.333,0.109
23.4666,72.5271,Gujarat,MAHESANA,0.558,0.333,0.109
23.8614,72.7058,Gujarat,MAHESANA,0.558,0.333,0.109
23.7428,72.7573,Gujarat,MAHESANA,0.558,0.333,0.109
21.8761,73.5459,Gujarat,NARMADA,0.936,0.051,0.012
21.6992,73.5996,Gujarat,NARMADA,0.936,0.051,0.012
21.4786,73.9738,Gujarat,NARMADA,0.936,0.051,0.012
21.4997,73.9197,Gujarat,NARMADA,0.936,0.051,0.012
21.899,73.85,Gujarat,NARMADA,0.936,0.051,0.012
20.8011,72.8748,Gujarat,NAVSARI,0.833,0.031,0.136
20.683,73.2704,Gujarat,NAVSARI,0.833,0.031,0.136
20.7023,73.3992,Gujarat,NAVSARI,0.833,0.031,0.136
20.9318,72.9905,Gujarat,NAVSARI,0.833,0.031,0.136
20.7622,73.2246,Gujarat,NAVSARI,0.833,0.031,0.136
23.3311,73.668,Gujarat,PANCH MAHALS,0.85,0.138,0.011
22.9274,73.7892,Gujarat,PANCH MAHALS,0.85,0.138,0.011
23.3284,73.6605,Gujarat,PANCH MAHALS,0.85,0.138,0.011
22.553,73.5136,Gujarat,PANCH MAHALS,0.85,0.138,0.011
22.8619,73.5285,Gujarat,PANCH MAHALS,0.85,0.138,0.011
23.7918,71.4432,Gujarat,PATAN,0.678,0.316,0.006
24.0194,72.098,Gujarat,PATAN,0.678,0.316,0.006
23.8078,71.1293,Gujarat,PATAN,0.678,0.316,0.006
23.7618,71.6351,Gujarat,PATAN,0.678,0.316,0.006
23.8844,72.1005,Gujarat,PATAN,0.678,0.316,0.006
21.7714,69.6654,Gujarat,PORBANDAR,0.772,0.224,0.005
21.4808,69.9614,Gujarat,PORBANDAR,0.772,0.224,0.005
21.7751,69.5696,Gujarat,PORBANDAR,0.772,0.224,0.005
21.8488,69.5236,Gujarat,PORBANDAR,0.772,0.224,0.005
21.7798,70.0135,Gujarat,PORBANDAR,0.772,0.224,0.005
22.6417,70.9069,Gujarat,RAJKOT,0.883,0.11,0.007
22.3211,70.7667,Gujarat,RAJKOT,0.883,0.11,0.007
21.6804,70.4362,Gujarat,RAJKOT,0.883,0.11,0.007
22.8703,70.7617,Gujarat,RAJKOT,0.883,0.11,0.007
22.0055,71.2867,Gujarat,RAJKOT,0.883,0.11,0.007
23.3839,72.7727,Gujarat,SABAR KANTHA,0.644,0.328,0.028
24.1116,72.9576,Gujarat,SABAR KANTHA,0.644,0.328,0.028
23.8805,73.1907,Gujarat,SABAR KANTHA,0.644,0.328,0.028
23.2222,73.3232,Gujarat,SABAR KANTHA,0.644,0.328,0.028
23.7238,73.0005,Gujarat,SABAR KANTHA,0.644,0.328,0.028
21.1559,73.3663,Gujarat,SURAT,0.838,0.086,0.077
21.2564,73.2983,Gujarat,SURAT,0.838,0.086,0.077
20.9144,73.3967,Gujarat,SURAT,0.838,0.086,0.077
21.166,73.3158,Gujarat,SURAT,0.838,0.086,0.077
21.4861,74.2078,Gujarat,SURAT,0.838,0.086,0.077
22.8393,71.5413,Gujarat,SURENDRANAGAR,0.888,0.109,0.003
22.9749,71.5101,Gujarat,SURENDRANAGAR,0.888,0.109,0.003
22.682,71.3032,Gujarat,SURENDRANAGAR,0.888,0.109,0.003
22.5735,71.1904,Gujarat,SURENDRANAGAR,0.888,0.109,0.003
22.7368,71.2135,Gujarat,SURENDRANAGAR,0.888,0.109,0.003
20.8426,73.5381,Gujarat,DANG,0.732,0.257,0.011
20.9662,73.7424,Gujarat,DANG,0.732,0.257,0.011
20.5801,73.6395,Gujarat,DANG,0.732,0.257,0.011
20.7484,73.9375,Gujarat,DANG,0.732,0.257,0.011
20.8802,73.852,Gujarat,DANG,0.732,0.257,0.011
22.1289,74.0775,Gujarat,VADODARA,0.873,0.117,0.01
22.1643,73.4702,Gujarat,VADODARA,0.873,0.117,0.01
22.4491,73.3543,Gujarat,VADODARA,0.873,0.117,0.01
22.0548,73.1583,Gujarat,VADODARA,0.873,0.117,0.01
22.1176,73.5891,Gujarat,VADODARA,0.873,0.117,0.01
20.5177,73.0456,Gujarat,VALSAD,0.939,0.04,0.02
20.1691,73.1177,Gujarat,VALSAD,0.939,0.04,0.02
20.6332,72.9305,Gujarat,VALSAD,0.939,0.04,0.02
20.5579,73.2405,Gujarat,VALSAD,0.939,0.04,0.02
20.3762,73.0541,Gujarat,VALSAD,0.939,0.04,0.02
30.2552,76.5879,Haryana,AMBALA,0.452,0.548,0.0
30.4215,77.1576,Haryana,AMBALA,0.452,0.548,0.0
30.2717,76.6466,Haryana,AMBALA,0.452,0.548,0.0
30.2261,76.6822,Haryana,AMBALA,0.452,0.548,0.0
30.3913,76.8142,Haryana,AMBALA,0.452,0.548,0.0
28.5991,75.6528,Haryana,BHIWANI,0.438,0.562,0.0
28.5006,75.9398,Haryana,BHIWANI,0.438,0.562,0.0
28.9068,75.5578,Haryana,BHIWANI,0.438,0.562,0.0
28.9042,75.7962,Haryana,BHIWANI,0.438,0.562,0.0
28.7295,76.2885,Haryana,BHIWANI,0.438,0.562,0.0
28.4096,77.4025,Haryana,FARIDABAD,0.285,0.715,0.0
28.2303,77.5033,Haryana,FARIDABAD,0.285,0.715,0.0
28.2292,77.2855,Haryana,FARIDABAD,0.285,0.715,0.0
28.2923,77.412,Haryana,FARIDABAD,0.285,0.715,0.0
28.2201,77.342,Haryana,FARIDABAD,0.285,0.715,0.0
29.6102,75.8022,Haryana,FATEHABAD,0.491,0.509,0.0
29.6111,75.8798,Haryana,FATEHABAD,0.491,0.509,0.0
29.7464,75.6577,Haryana,FATEHABAD,0.491,0.509,0.0
29.6833,75.4364,Haryana,FATEHABAD,0.491,0.509,0.0
29.4388,75.4512,Haryana,FATEHABAD,0.491,0.509,0.0
28.4111,76.8166,Haryana,GURGAON,0.408,0.592,0.0
28.4005,77.0504,Haryana,GURGAON,0.408,0.592,0.0
28.2399,76.8554,Haryana,GURGAON,0.408,0.592,0.0
28.2406,76.9283,Haryana,GURGAON,0.408,0.592,0.0
28.2372,77.0297,Haryana,GURGAON,0.408,0.592,0.0
29.4385,75.7303,Haryana,HISAR,0.472,0.528,0.0
29.3461,75.7035,Haryana,HISAR,0.472,0.528,0.0
29.2069,76.0591,Haryana,HISAR,0.472,0.528,0.0
29.2708,75.6626,Haryana,HISAR,0.472,0.528,0.0
29.2219,76.0067,Haryana,HISAR,0.472,0.528,0.0
28.6196,76.67,Haryana,JHAJJAR,0.417,0.582,0.0
28.5536,76.802,Haryana,JHAJJAR,0.417,0.582,0.0
28.7652,76.6389,Haryana,JHAJJAR,0.417,0.582,0.0
28.4776,76.6689,Haryana,JHAJJAR,0.417,0.582,0.0
28.4256,76.6336,Haryana,JHAJJAR,0.417,0.582,0.0
29.3582,76.3852,Haryana,JIND,0.527,0.473,0.0
29.6803,76.0119,Haryana,JIND,0.527,0.473,0.0
29.725,75.9669,Haryana,JIND,0.527,0.473,0.0
29.652,76.0514,Haryana,JIND,0.527,0.473,0.0
29.6953,76.1255,Haryana,JIND,0.527,0.473,0.0
29.6725,76.5196,Haryana,KAITHAL,0.503,0.497,0.0
30.0767,76.2999,Haryana,KAITHAL,0.503,0.497,0.0
29.6721,76.2186,Haryana,KAITHAL,0.503,0.497,0.0
29.5942,76.2273,Haryana,KAITHAL,0.503,0.497,0.0
29.7788,76.3926,Haryana,KAITHAL,0.503,0.497,0.0
29.8696,76.7871,Haryana,KARNAL,0.533,0.467,0.0
29.7937,76.7222,Haryana,KARNAL,0.533,0.467,0.0
29.4811,76.949,Haryana,KARNAL,0.533,0.467,0.0
29.4905,76.5162,Haryana,KARNAL,0.533,0.467,0.0
29.838,76.9221,Haryana,KARNAL,0.533,0.467,0.0
30.1249,76.752,Haryana,KURUKSHETRA,0.536,0.464,0.0
30.0102,77.028,Haryana,KURUKSHETRA,0.536,0.464,0.0
30.0211,76.6013,Haryana,KURUKSHETRA,0.536,0.464,0.0
30.1209,76.6649,Haryana,KURUKSHETRA,0.536,0.464,0.0
29.9445,76.9102,Haryana,KURUKSHETRA,0.536,0.464,0.0
28.1552,76.2441,Haryana,MAHENDRAGARH,0.429,0.571,0.0
28.3519,76.1581,Haryana,MAHENDRAGARH,0.429,0.571,0.0
28.1192,76.2592,Haryana,MAHENDRAGARH,0.429,0.571,0.0
27.8856,76.0291,Haryana,MAHENDRAGARH,0.429,0.571,0.0
28.1449,76.0985,Haryana,MAHENDRAGARH,0.429,0.571,0.0
30.748,76.9697,Haryana,PANCHKULA,0.328,0.671,0.0
30.7194,77.0172,Haryana,PANCHKULA,0.328,0.671,0.0
30.7769,76.9538,Haryana,PANCHKULA,0.328,0.671,0.0
30.6097,76.9233,Haryana,PANCHKULA,0.328,0.671,0.0
30.8078,76.9018,Haryana,PANCHKULA,0.328,0.671,0.0
29.3681,76.8892,Haryana,PANIPAT,0.424,0.576,0.0
29.2284,76.8681,Haryana,PANIPAT,0.424,0.576,0.0
29.2724,76.848,Haryana,PANIPAT,0.424,0.576,0.0
29.1891,77.1061,Haryana,PANIPAT,0.424,0.576,0.0
29.3808,76.9298,Haryana,PANIPAT,0.424,0.576,0.0
28.1823,76.5999,Haryana,REWARI,0.413,0.587,0.0
28.1988,76.6237,Haryana,REWARI,0.413,0.587,0.0
28.1389,76.495,Haryana,REWARI,0.413,0.587,0.0
28.2209,76.3404,Haryana,REWARI,0.413,0.587,0.0
28.1028,76.6385,Haryana,REWARI,0.413,0.587,0.0
28.8197,76.787,Haryana,ROHTAK,0.429,0.571,0.0
28.8763,76.2846,Haryana,ROHTAK,0.429,0.571,0.0
28.8053,76.7372,Haryana,ROHTAK,0.429,0.571,0.0
29.0697,76.3458,Haryana,ROHTAK,0.429,0.571,0.0
28.9718,76.2368,Haryana,ROHTAK,0.429,0.571,0.0
29.2836,75.2026,Haryana,SIRSA,0.478,0.522,0.0
29.7422,75.204,Haryana,SIRSA,0.478,0.522,0.0
29.5974,74.7261,Haryana,SIRSA,0.478,0.522,0.0
29.3787,75.1162,Haryana,SIRSA,0.478,0.522,0.0
29.8379,75.023,Haryana,SIRSA,0.478,0.522,0.0
29.1054,76.6007,Haryana,SONIPAT,0.463,0.537,0.0
28.9736,76.7891,Haryana,SONIPAT,0.463,0.537,0.0
28.9559,77.1776,Haryana,SONIPAT,0.463,0.537,0.0
29.0558,77.0215,Haryana,SONIPAT,0.463,0.537,0.0
29.2055,76.5382,Haryana,SONIPAT,0.463,0.537,0.0
30.0836,77.1829,Haryana,YAMUNANAGAR,0.499,0.5,0.0
30.3493,77.4693,Haryana,YAMUNANAGAR,0.499,0.5,0.0
30.2642,77.4926,Haryana,YAMUNANAGAR,0.499,0.5,0.0
30.3035,77.5531,Haryana,YAMUNANAGAR,0.499,0.5,0.0
30.4259,77.3235,Haryana,YAMUNANAGAR,0.499,0.5,0.0
31.414,76.7777,Himachal Pradesh,BILASPUR,0.518,0.482,0.0
31.2992,76.5821,Himachal Pradesh,BILASPUR,0.518,0.482,0.0
31.5073,76.6531,Himachal Pradesh,BILASPUR,0.518,0.482,0.0
31.5603,76.7049,Himachal Pradesh,BILASPUR,0.518,0.482,0.0
31.2572,76.7368,Himachal Pradesh,BILASPUR,0.518,0.482,0.0
32.8236,76.0632,Himachal Pradesh,CHAMBA,0.556,0.444,0.0
32.3075,76.3867,Himachal Pradesh,CHAMBA,0.556,0.444,0.0
32.5357,76.64,Himachal Pradesh,CHAMBA,0.556,0.444,0.0
32.4581,76.5982,Himachal Pradesh,CHAMBA,0.556,0.444,0.0
33.033,76.3982,Himachal Pradesh,CHAMBA,0.556,0.444,0.0
31.5716,76.5378,Himachal Pradesh,HAMIRPUR,0.468,0.532,0.0
31.6595,76.4167,Himachal Pradesh,HAMIRPUR,0.468,0.532,0.0
31.6956,76.5082,Himachal Pradesh,HAMIRPUR,0.468,0.532,0.0
31.5058,76.4835,Himachal Pradesh,HAMIRPUR,0.468,0.532,0.0
31.5062,76.4853,Himachal Pradesh,HAMIRPUR,0.468,0.532,0.0
32.129,76.7397,Himachal Pradesh,KANGRA,0.503,0.497,0.0
32.3659,76.9432,Himachal Pradesh,KANGRA,0.503,0.497,0.0
32.1741,76.7145,Himachal Pradesh,KANGRA,0.503,0.497,0.0
32.1274,75.6702,Himachal Pradesh,KANGRA,0.503,0.497,0.0
32.1954,76.2869,Himachal Pradesh,KANGRA,0.503,0.497,0.0
31.796,78.4575,Himachal Pradesh,KINNAUR,0.383,0.617,0.0
31.4471,78.2933,Himachal Pradesh,KINNAUR,0.383,0.617,0.0
31.7239,78.6261,Himachal Pradesh,KINNAUR,0.383,0.617,0.0
31.5776,78.3043,Himachal Pradesh,KINNAUR,0.383,0.617,0.0
31.8305,78.2382,Himachal Pradesh,KINNAUR,0.383,0.617,0.0
32.0629,77.2243,Himachal Pradesh,KULLU,0.456,0.544,0.0
32.1172,77.6464,Himachal Pradesh,KULLU,0.456,0.544,0.0
31.7384,77.3958,Himachal Pradesh,KULLU,0.456,0.544,0.0
31.7816,77.7255,Himachal Pradesh,KULLU,0.456,0.544,0.0
31.7198,77.5851,Himachal Pradesh,KULLU,0.456,0.544,0.0
32.4163,78.2019,Himachal Pradesh,LAHUL AND SPITI,0.375,0.625,0.0
32.2674,78.4127,Himachal Pradesh,LAHUL AND SPITI,0.375,0.625,0.0
32.3144,77.8606,Himachal Pradesh,LAHUL AND SPITI,0.375,0.625,0.0
32.7779,77.6602,Himachal Pradesh,LAHUL AND SPITI,0.375,0.625,0.0
31.8443,77.9086,Himachal Pradesh,LAHUL AND SPITI,0.375,0.625,0.0
31.2949,77.0641,Himachal Pradesh,MANDI,0.521,0.479,0.0
31.6421,77.0007,Himachal Pradesh,MANDI,0.521,0.479,0.0
31.4641,77.2024,Himachal Pradesh,MANDI,0.521,0.479,0.0
31.3852,77.1784,Himachal Pradesh,MANDI,0.521,0.479,0.0
31.694,77.2638,Himachal Pradesh,MANDI,0.521,0.479,0.0
31.3113,77.8064,Himachal Pradesh,SHIMLA,0.498,0.502,0.0
31.0608,77.394,Himachal Pradesh,SHIMLA,0.498,0.502,0.0
31.2972,78.1258,Himachal Pradesh,SHIMLA,0.498,0.502,0.0
30.9912,77.5735,Himachal Pradesh,SHIMLA,0.498,0.502,0.0
31.1731,77.8262,Himachal Pradesh,SHIMLA,0.498,0.502,0.0
30.84,77.4752,Himachal Pradesh,SIRMAUR,0.469,0.531,0.0
30.6146,77.5661,Himachal Pradesh,SIRMAUR,0.469,0.531,0.0
30.6216,77.335,Himachal Pradesh,SIRMAUR,0.469,0.531,0.0
30.6435,77.6619,Himachal Pradesh,SIRMAUR,0.469,0.531,0.0
30.8477,77.1893,Himachal Pradesh,SIRMAUR,0.469,0.531,0.0
30.9597,77.0792,Himachal Pradesh,SOLAN,0.477,0.523,0.0
30.9001,77.1387,Himachal Pradesh,SOLAN,0.477,0.523,0.0
31.3218,76.9014,Himachal Pradesh,SOLAN,0.477,0.523,0.0
31.0644,76.6981,Himachal Pradesh,SOLAN,0.477,0.523,0.0
30.7613,77.0093,Himachal Pradesh,SOLAN,0.477,0.523,0.0
31.4158,76.4114,Himachal Pradesh,UNA,0.514,0.486,0.0
31.5535,76.2024,Himachal Pradesh,UNA,0.514,0.486,0.0
31.4728,76.2292,Himachal Pradesh,UNA,0.514,0.486,0.0
31.7139,76.2194,Himachal Pradesh,UNA,0.514,0.486,0.0
31.7997,75.9918,Himachal Pradesh,UNA,0.514,0.486,0.0
33.617,75.2249,Jammu and Kashmir,ANANTNAG,0.687,0.313,0.0
33.5044,75.3767,Jammu and Kashmir,ANANTNAG,0.687,0.313,0.0
33.5526,74.8104,Jammu and Kashmir,ANANTNAG,0.687,0.313,0.0
34.1325,75.3777,Jammu and Kashmir,ANANTNAG,0.687,0.313,0.0
33.4294,75.5148,Jammu and Kashmir,ANANTNAG,0.687,0.313,0.0
33.8446,74.6898,Jammu and Kashmir,BADGAM,0.843,0.157,0.0
33.896,74.6886,Jammu and Kashmir,BADGAM,0.843,0.157,0.0
34.0458,74.9839,Jammu and Kashmir,BADGAM,0.843,0.157,0.0
33.8185,74.7039,Jammu and Kashmir,BADGAM,0.843,0.157,0.0
33.8683,74.97,Jammu and Kashmir,BADGAM,0.843,0.157,0.0
34.1693,74.6068,Jammu and Kashmir,BARAMULLA,0.995,0.005,0.0
34.6751,74.6245,Jammu and Kashmir,BARAMULLA,0.995,0.005,0.0
34.1547,74.0335,Jammu and Kashmir,BARAMULLA,0.995,0.005,0.0
34.5249,74.796,Jammu and Kashmir,BARAMULLA,0.995,0.005,0.0
34.1632,74.1397,Jammu and Kashmir,BARAMULLA,0.995,0.005,0.0
33.0046,76.0213,Jammu and Kashmir,DODA,0.784,0.216,0.0
33.6354,76.2246,Jammu and Kashmir,DODA,0.784,0.216,0.0
33.9149,75.7969,Jammu and Kashmir,DODA,0.784,0.216,0.0
33.9845,75.7033,Jammu and Kashmir,DODA,0.784,0.216,0.0
33.9413,75.8324,Jammu and Kashmir,DODA,0.784,0.216,0.0
32.9299,74.6877,Jammu and Kashmir,JAMMU,0.485,0.515,0.0
32.6366,74.6897,Jammu and Kashmir,JAMMU,0.485,0.515,0.0
32.9113,74.4903,Jammu and Kashmir,JAMMU,0.485,0.515,0.0
32.7901,75.1912,Jammu and Kashmir,JAMMU,0.485,0.515,0.0
32.7453,74.7052,Jammu and Kashmir,JAMMU,0.485,0.515,0.0
32.5216,75.4466,Jammu and Kashmir,KATHUA,0.507,0.493,0.0
32.5421,75.5962,Jammu and Kashmir,KATHUA,0.507,0.493,0.0
32.349,75.4438,Jammu and Kashmir,KATHUA,0.507,0.493,0.0
32.5438,75.4511,Jammu and Kashmir,KATHUA,0.507,0.493,0.0
32.5476,75.5396,Jammu and Kashmir,KATHUA,0.507,0.493,0.0
33.7303,76.6973,Jammu and Kashmir,KARGIL,0.04,0.96,0.0
33.3258,77.2348,Jammu and Kashmir,KARGIL,0.04,0.96,0.0
32.8701,77.3602,Jammu and Kashmir,KARGIL,0.04,0.96,0.0
33.3163,77.2662,Jammu and Kashmir,KARGIL,0.04,0.96,0.0
33.738,76.749,Jammu and Kashmir,KARGIL,0.04,0.96,0.0
34.5401,74.074,Jammu and Kashmir,KUPWARA,1.0,0.0,0.0
34.5937,74.2885,Jammu and Kashmir,KUPWARA,1.0,0.0,0.0
34.6705,73.9807,Jammu and Kashmir,KUPWARA,1.0,0.0,0.0
34.5273,73.9087,Jammu and Kashmir,KUPWARA,1.0,0.0,0.0
34.4679,73.957,Jammu and Kashmir,KUPWARA,1.0,0.0,0.0
34.5232,77.1099,Jammu and Kashmir,LEH LADAKH,0.002,0.998,0.0
35.1943,77.5965,Jammu and Kashmir,LEH LADAKH,0.002,0.998,0.0
34.5325,76.6773,Jammu and Kashmir,LEH LADAKH,0.002,0.998,0.0
33.8396,78.6523,Jammu and Kashmir,LEH LADAKH,0.002,0.998,0.0
33.3314,78.9779,Jammu and Kashmir,LEH LADAKH,0.002,0.998,0.0
34.0585,73.9302,Jammu and Kashmir,POONCH,0.637,0.363,0.0
33.6695,74.4658,Jammu and Kashmir,POONCH,0.637,0.363,0.0
33.7784,74.3605,Jammu and Kashmir,POONCH,0.637,0.363,0.0
33.622,74.3257,Jammu and Kashmir,POONCH,0.637,0.363,0.0
33.654,74.431,Jammu and Kashmir,POONCH,0.637,0.363,0.0
33.9224,74.9978,Jammu and Kashmir,PULWAMA,0.593,0.407,0.0
33.723,75.0207,Jammu and Kashmir,PULWAMA,0.593,0.407,0.0
33.8063,74.8739,Jammu and Kashmir,PULWAMA,0.593,0.407,0.0
33.7256,74.9599,Jammu and Kashmir,PULWAMA,0.593,0.407,0.0
33.9059,74.9906,Jammu and Kashmir,PULWAMA,0.593,0.407,0.0
33.4442,74.6137,Jammu and Kashmir,RAJAURI,0.543,0.457,0.0
33.2709,74.7027,Jammu and Kashmir,RAJAURI,0.543,0.457,0.0
33.201,74.1261,Jammu and Kashmir,RAJAURI,0.543,0.457,0.0
33.2493,74.5186,Jammu and Kashmir,RAJAURI,0.543,0.457,0.0
33.5159,74.4996,Jammu and Kashmir,RAJAURI,0.543,0.457,0.0
34.1653,75.0448,Jammu and Kashmir,SRINAGAR,0.972,0.028,0.0
34.4422,75.1093,Jammu and Kashmir,SRINAGAR,0.972,0.028,0.0
34.2199,75.0177,Jammu and Kashmir,SRINAGAR,0.972,0.028,0.0
34.1963,75.2577,Jammu and Kashmir,SRINAGAR,0.972,0.028,0.0
34.3746,75.1002,Jammu and Kashmir,SRINAGAR,0.972,0.028,0.0
33.0909,75.3023,Jammu and Kashmir,UDHAMPUR,0.54,0.46,0.0
33.4163,75.0628,Jammu and Kashmir,UDHAMPUR,0.54,0.46,0.0
33.2763,74.9357,Jammu and Kashmir,UDHAMPUR,0.54,0.46,0.0
32.6916,75.2599,Jammu and Kashmir,UDHAMPUR,0.54,0.46,0.0
32.9134,75.2895,Jammu and Kashmir,UDHAMPUR,0.54,0.46,0.0
23.456,86.3017,Jharkhand,BOKARO,0.606,0.394,0.0
23.6312,85.7124,Jharkhand,BOKARO,0.606,0.394,0.0
23.7679,85.91,Jharkhand,BOKARO,0.606,0.394,0.0
23.7918,86.1392,Jharkhand,BOKARO,0.606,0.394,0.0
23.7644,85.6875,Jharkhand,BOKARO,0.606,0.394,0.0
24.4531,86.8506,Jharkhand,DEOGHAR,0.0,1.0,0.0
24.5012,86.8896,Jharkhand,DEOGHAR,0.0,1.0,0.0
24.2873,86.5805,Jharkhand,DEOGHAR,0.0,1.0,0.0
24.5044,86.8497,Jharkhand,DEOGHAR,0.0,1.0,0.0
24.2031,86.5473,Jharkhand,DEOGHAR,0.0,1.0,0.0
23.7132,84.978,Jharkhand,CHATRA,0.469,0.531,0.0
24.2518,84.6184,Jharkhand,CHATRA,0.469,0.531,0.0
24.016,85.2193,Jharkhand,CHATRA,0.469,0.531,0.0
24.2837,85.0197,Jharkhand,CHATRA,0.469,0.531,0.0
24.2905,84.9982,Jharkhand,CHATRA,0.469,0.531,0.0
24.4512,86.9226,Jharkhand,DUMKA,0.0,1.0,0.0
24.4729,86.9617,Jharkhand,DUMKA,0.0,1.0,0.0
24.2653,87.1171,Jharkhand,DUMKA,0.0,1.0,0.0
24.1947,87.1567,Jharkhand,DUMKA,0.0,1.0,0.0
24.0448,87.3863,Jharkhand,DUMKA,0.0,1.0,0.0
23.6853,86.4925,Jharkhand,DHANBAD,0.736,0.264,0.0
23.8783,86.1919,Jharkhand,DHANBAD,0.736,0.264,0.0
23.9181,86.6816,Jharkhand,DHANBAD,0.736,0.264,0.0
23.8799,86.2288,Jharkhand,DHANBAD,0.736,0.264,0.0
23.8405,86.457,Jharkhand,DHANBAD,0.736,0.264,0.0
23.9462,83.5779,Jharkhand,GARHWA,0.0,1.0,0.0
24.2577,83.528,Jharkhand,GARHWA,0.0,1.0,0.0
24.3131,83.7471,Jharkhand,GARHWA,0.0,1.0,0.0
24.0701,83.6022,Jharkhand,GARHWA,0.0,1.0,0.0
24.1486,83.6896,Jharkhand,GARHWA,0.0,1.0,0.0
24.0136,86.3061,Jharkhand,GIRIDIH,0.656,0.344,0.0
24.1243,86.4428,Jharkhand,GIRIDIH,0.656,0.344,0.0
24.2968,85.9153,Jharkhand,GIRIDIH,0.656,0.344,0.0
24.648,85.838,Jharkhand,GIRIDIH,0.656,0.344,0.0
24.5122,85.9352,Jharkhand,GIRIDIH,0.656,0.344,0.0
23.2878,84.7782,Jharkhand,GUMLA,0.774,0.226,0.0
22.885,84.4306,Jharkhand,GUMLA,0.774,0.226,0.0
23.4736,84.4486,Jharkhand,GUMLA,0.774,0.226,0.0
23.1823,84.0645,Jharkhand,GUMLA,0.774,0.226,0.0
23.152,84.2268,Jharkhand,GUMLA,0.774,0.226,0.0
24.7371,87.0761,Jharkhand,GODDA,0.489,0.511,0.0
25.0049,87.4003,Jharkhand,GODDA,0.489,0.511,0.0
25.0484,87.2666,Jharkhand,GODDA,0.489,0.511,0.0
24.6019,87.3328,Jharkhand,GODDA,0.489,0.511,0.0
24.847,87.3124,Jharkhand,GODDA,0.489,0.511,0.0
24.3677,85.0944,Jharkhand,HAZARIBAGH,0.593,0.407,0.0
23.6584,85.5617,Jharkhand,HAZARIBAGH,0.593,0.407,0.0
24.0888,85.726,Jharkhand,HAZARIBAGH,0.593,0.407,0.0
24.2922,85.6743,Jharkhand,HAZARIBAGH,0.593,0.407,0.0
23.5511,85.8343,Jharkhand,HAZARIBAGH,0.593,0.407,0.0
23.9184,86.8649,Jharkhand,JAMTARA,0.593,0.407,0.0
23.8533,87.0426,Jharkhand,JAMTARA,0.593,0.407,0.0
24.0461,86.5212,Jharkhand,JAMTARA,0.593,0.407,0.0
23.9352,86.7176,Jharkhand,JAMTARA,0.593,0.407,0.0
24.0958,86.7332,Jharkhand,JAMTARA,0.593,0.407,0.0
24.5525,85.6901,Jharkhand,KODERMA,0.0,1.0,0.0
24.4065,85.8253,Jharkhand,KODERMA,0.0,1.0,0.0
24.3948,85.7582,Jharkhand,KODERMA,0.0,1.0,0.0
24.4656,85.5702,Jharkhand,KODERMA,0.0,1.0,0.0
24.5717,85.753,Jharkhand,KODERMA,0.0,1.0,0.0
23.9333,84.6966,Jharkhand,LATEHAR,0.609,0.391,0.0
23.5117,84.1494,Jharkhand,LATEHAR,0.609,0.391,0.0
23.7944,84.4891,Jharkhand,LATEHAR,0.609,0.391,0.0
23.8607,84.1575,Jharkhand,LATEHAR,0.609,0.391,0.0
23.8153,84.2383,Jharkhand,LATEHAR,0.609,0.391,0.0
23.5441,84.6668,Jharkhand,LOHARDAGA,0.673,0.327,0.0
23.3665,84.8579,Jharkhand,LOHARDAGA,0.673,0.327,0.0
23.5459,84.4764,Jharkhand,LOHARDAGA,0.673,0.327,0.0
23.5543,84.5791,Jharkhand,LOHARDAGA,0.673,0.327,0.0
23.3503,84.5904,Jharkhand,LOHARDAGA,0.673,0.327,0.0
24.6972,87.532,Jharkhand,PAKUR,0.0,1.0,0.0
24.57,87.519,Jharkhand,PAKUR,0.0,1.0,0.0
24.4391,87.719,Jharkhand,PAKUR,0.0,1.0,0.0
24.7443,87.5431,Jharkhand,PAKUR,0.0,1.0,0.0
24.3248,87.6773,Jharkhand,PAKUR,0.0,1.0,0.0
23.9979,84.5543,Jharkhand,PALAMU,0.514,0.486,0.0
23.9052,84.3037,Jharkhand,PALAMU,0.514,0.486,0.0
24.3805,84.089,Jharkhand,PALAMU,0.514,0.486,0.0
24.0283,84.5258,Jharkhand,PALAMU,0.514,0.486,0.0
24.029,84.1866,Jharkhand,PALAMU,0.514,0.486,0.0
22.59,85.3889,Jharkhand,WEST SINGHBHUM,0.0,1.0,0.0
22.3379,85.753,Jharkhand,WEST SINGHBHUM,0.0,1.0,0.0
22.4614,85.1242,Jharkhand,WEST SINGHBHUM,0.0,1.0,0.0
22.7438,85.4948,Jharkhand,WEST SINGHBHUM,0.0,1.0,0.0
22.3442,85.1185,Jharkhand,WEST SINGHBHUM,0.0,1.0,0.0
22.4841,86.7608,Jharkhand,EAST SINGHBUM,0.0,1.0,0.0
22.7779,86.1711,Jharkhand,EAST SINGHBUM,0.0,1.0,0.0
22.629,86.5884,Jharkhand,EAST SINGHBUM,0.0,1.0,0.0
22.5166,86.1142,Jharkhand,EAST SINGHBUM,0.0,1.0,0.0
22.3222,86.7385,Jharkhand,EAST SINGHBUM,0.0,1.0,0.0
23.4558,84.9348,Jharkhand,RANCHI,0.72,0.28,0.0
23.1028,85.0282,Jharkhand,RANCHI,0.72,0.28,0.0
23.1523,85.2153,Jharkhand,RANCHI,0.72,0.28,0.0
23.1991,85.1671,Jharkhand,RANCHI,0.72,0.28,0.0
23.4983,85.5402,Jharkhand,RANCHI,0.72,0.28,0.0
24.8535,87.5289,Jharkhand,SAHEBGANJ,0.565,0.435,0.0
24.9101,87.7169,Jharkhand,SAHEBGANJ,0.565,0.435,0.0
25.0444,87.6313,Jharkhand,SAHEBGANJ,0.565,0.435,0.0
24.9272,87.5638,Jharkhand,SAHEBGANJ,0.565,0.435,0.0
25.0092,87.7379,Jharkhand,SAHEBGANJ,0.565,0.435,0.0
22.7181,85.8872,Jharkhand,SARAIKELA KHARSAWAN,0.684,0.316,0.0
22.8424,85.7276,Jharkhand,SARAIKELA KHARSAWAN,0.684,0.316,0.0
22.6625,86.0047,Jharkhand,SARAIKELA KHARSAWAN,0.684,0.316,0.0
23.022,85.9107,Jharkhand,SARAIKELA KHARSAWAN,0.684,0.316,0.0
23.0583,85.9543,Jharkhand,SARAIKELA KHARSAWAN,0.684,0.316,0.0
22.4795,84.1064,Jharkhand,SIMDEGA,0.68,0.32,0.0
22.6718,84.4038,Jharkhand,SIMDEGA,0.68,0.32,0.0
22.6323,84.8714,Jharkhand,SIMDEGA,0.68,0.32,0.0
22.4653,84.8874,Jharkhand,SIMDEGA,0.68,0.32,0.0
22.5523,84.8852,Jharkhand,SIMDEGA,0.68,0.32,0.0
9.456,76.4442,Kerala,ALAPPUZHA,0.417,0.096,0.488
9.3071,76.396,Kerala,ALAPPUZHA,0.417,0.096,0.488
9.6601,76.3572,Kerala,ALAPPUZHA,0.417,0.096,0.488
9.1398,76.5336,Kerala,ALAPPUZHA,0.417,0.096,0.488
9.2477,76.6376,Kerala,ALAPPUZHA,0.417,0.096,0.488
9.9852,76.6157,Kerala,ERNAKULAM,0.412,0.389,0.199
9.8254,76.5487,Kerala,ERNAKULAM,0.412,0.389,0.199
10.1587,76.2328,Kerala,ERNAKULAM,0.412,0.389,0.199
9.851,76.45,Kerala,ERNAKULAM,0.412,0.389,0.199
10.2062,76.4703,Kerala,ERNAKULAM,0.412,0.389,0.199
10.1401,76.9694,Kerala,IDUKKI,0.347,0.36,0.293
9.5952,77.1215,Kerala,IDUKKI,0.347,0.36,0.293
9.8671,76.9303,Kerala,IDUKKI,0.347,0.36,0.293
9.9392,77.1566,Kerala,IDUKKI,0.347,0.36,0.293
10.1872,77.0712,Kerala,IDUKKI,0.347,0.36,0.293
12.0294,75.5068,Kerala,KANNUR,0.426,0.294,0.28
12.0192,75.4258,Kerala,KANNUR,0.426,0.294,0.28
11.7274,75.5132,Kerala,KANNUR,0.426,0.294,0.28
11.9775,75.793,Kerala,KANNUR,0.426,0.294,0.28
11.7497,75.6049,Kerala,KANNUR,0.426,0.294,0.28
12.7071,74.9775,Kerala,KASARAGOD,0.477,0.264,0.259
12.5024,75.2353,Kerala,KASARAGOD,0.477,0.264,0.259
12.4631,75.1044,Kerala,KASARAGOD,0.477,0.264,0.259
12.7144,75.0301,Kerala,KASARAGOD,0.477,0.264,0.259
12.6134,75.1704,Kerala,KASARAGOD,0.477,0.264,0.259
9.0503,77.1206,Kerala,KOLLAM,0.385,0.312,0.303
9.0475,77.0908,Kerala,KOLLAM,0.385,0.312,0.303
9.0339,77.0141,Kerala,KOLLAM,0.385,0.312,0.303
8.9552,77.0072,Kerala,KOLLAM,0.385,0.312,0.303
9.0044,76.5392,Kerala,KOLLAM,0.385,0.312,0.303
9.7846,76.5316,Kerala,KOTTAYAM,0.393,0.204,0.403
9.6662,76.536,Kerala,KOTTAYAM,0.393,0.204,0.403
9.6824,76.7455,Kerala,KOTTAYAM,0.393,0.204,0.403
9.7913,76.6665,Kerala,KOTTAYAM,0.393,0.204,0.403
9.7491,76.463,Kerala,KOTTAYAM,0.393,0.204,0.403
11.7526,75.7653,Kerala,KOZHIKODE,0.383,0.31,0.307
11.1713,75.8714,Kerala,KOZHIKODE,0.383,0.31,0.307
11.7634,75.7783,Kerala,KOZHIKODE,0.383,0.31,0.307
11.4928,75.81,Kerala,KOZHIKODE,0.383,0.31,0.307
11.7257,75.7182,Kerala,KOZHIKODE,0.383,0.31,0.307
11.0005,76.1434,Kerala,MALAPPURAM,0.415,0.288,0.297
11.0631,76.2387,Kerala,MALAPPURAM,0.415,0.288,0.297
11.09,76.1187,Kerala,MALAPPURAM,0.415,0.288,0.297
11.2986,76.1917,Kerala,MALAPPURAM,0.415,0.288,0.297
11.3503,76.1762,Kerala,MALAPPURAM,0.415,0.288,0.297
10.8158,76.6222,Kerala,PALAKKAD,0.721,0.154,0.126
10.6331,76.7308,Kerala,PALAKKAD,0.721,0.154,0.126
10.5652,76.4192,Kerala,PALAKKAD,0.721,0.154,0.126
11.0103,76.5903,Kerala,PALAKKAD,0.721,0.154,0.126
10.4433,76.5378,Kerala,PALAKKAD,0.721,0.154,0.126
9.2218,76.8959,Kerala,PATHANAMTHITTA,0.318,0.277,0.405
9.3362,77.1597,Kerala,PATHANAMTHITTA,0.318,0.277,0.405
9.087,77.1604,Kerala,PATHANAMTHITTA,0.318,0.277,0.405
9.1978,76.688,Kerala,PATHANAMTHITTA,0.318,0.277,0.405
9.2306,76.8006,Kerala,PATHANAMTHITTA,0.318,0.277,0.405
8.4181,77.0662,Kerala,THIRUVANANTHAPURAM,0.373,0.317,0.31
8.6903,77.0993,Kerala,THIRUVANANTHAPURAM,0.373,0.317,0.31
8.566,76.8676,Kerala,THIRUVANANTHAPURAM,0.373,0.317,0.31
8.3936,77.018,Kerala,THIRUVANANTHAPURAM,0.373,0.317,0.31
8.6985,77.0513,Kerala,THIRUVANANTHAPURAM,0.373,0.317,0.31
10.5851,76.0754,Kerala,THRISSUR,0.454,0.212,0.334
10.4014,76.4826,Kerala,THRISSUR,0.454,0.212,0.334
10.4383,76.2306,Kerala,THRISSUR,0.454,0.212,0.334
10.5369,76.1297,Kerala,THRISSUR,0.454,0.212,0.334
10.6903,76.2491,Kerala,THRISSUR,0.454,0.212,0.334
11.6709,76.0965,Kerala,WAYANAD,0.465,0.267,0.268
11.5949,76.1117,Kerala,WAYANAD,0.465,0.267,0.268
11.6129,75.9835,Kerala,WAYANAD,0.465,0.267,0.268
11.7365,76.1337,Kerala,WAYANAD,0.465,0.267,0.268
11.6559,76.2669,Kerala,WAYANAD,0.465,0.267,0.268
23.0022,81.6236,Madhya Pradesh,ANUPPUR,0.725,0.275,0.0
23.0853,81.921,Madhya Pradesh,ANUPPUR,0.725,0.275,0.0
23.0347,81.6725,Madhya Pradesh,ANUPPUR,0.725,0.275,0.0
23.3392,81.9365,Madhya Pradesh,ANUPPUR,0.725,0.275,0.0
23.3277,82.1199,Madhya Pradesh,ANUPPUR,0.725,0.275,0.0
24.6618,77.5017,Madhya Pradesh,ASHOKNAGAR,0.482,0.518,0.0
24.9463,77.8183,Madhya Pradesh,ASHOKNAGAR,0.482,0.518,0.0
24.4175,77.9937,Madhya Pradesh,ASHOKNAGAR,0.482,0.518,0.0
24.8373,77.5351,Madhya Pradesh,ASHOKNAGAR,0.482,0.518,0.0
24.8377,77.8828,Madhya Pradesh,ASHOKNAGAR,0.482,0.518,0.0
21.8397,80.3756,Madhya Pradesh,BALAGHAT,0.695,0.305,0.0
21.9745,80.568,Madhya Pradesh,BALAGHAT,0.695,0.305,0.0
21.7679,79.9365,Madhya Pradesh,BALAGHAT,0.695,0.305,0.0
21.6213,80.6766,Madhya Pradesh,BALAGHAT,0.695,0.305,0.0
21.9631,80.3296,Madhya Pradesh,BALAGHAT,0.695,0.305,0.0
21.7293,74.7494,Madhya Pradesh,BARWANI,0.74,0.26,0.0
21.9053,75.0901,Madhya Pradesh,BARWANI,0.74,0.26,0.0
21.8038,74.5761,Madhya Pradesh,BARWANI,0.74,0.26,0.0
21.9253,74.9982,Madhya Pradesh,BARWANI,0.74,0.26,0.0
21.761,75.1694,Madhya Pradesh,BARWANI,0.74,0.26,0.0
21.9178,77.5214,Madhya Pradesh,BETUL,0.644,0.356,0.0
21.7379,77.7498,Madhya Pradesh,BETUL,0.644,0.356,0.0
21.5655,77.8678,Madhya Pradesh,BETUL,0.644,0.356,0.0
22.1255,77.8204,Madhya Pradesh,BETUL,0.644,0.356,0.0
21.8211,77.6177,Madhya Pradesh,BETUL,0.644,0.356,0.0
26.6471,78.894,Madhya Pradesh,BHIND,0.235,0.765,0.0
26.4475,78.6015,Madhya Pradesh,BHIND,0.235,0.765,0.0
26.5552,78.9268,Madhya Pradesh,BHIND,0.235,0.765,0.0
26.4691,78.7785,Madhya Pradesh,BHIND,0.235,0.765,0.0
26.4037,79.0553,Madhya Pradesh,BHIND,0.235,0.765,0.0
23.6362,77.4643,Madhya Pradesh,BHOPAL,0.523,0.477,0.0
23.511,77.4278,Madhya Pradesh,BHOPAL,0.523,0.477,0.0
23.8116,77.3196,Madhya Pradesh,BHOPAL,0.523,0.477,0.0
23.68,77.2094,Madhya Pradesh,BHOPAL,0.523,0.477,0.0
23.4501,77.4542,Madhya Pradesh,BHOPAL,0.523,0.477,0.0
21.3497,76.2133,Madhya Pradesh,BURHANPUR,0.771,0.229,0.0
21.4455,76.2128,Madhya Pradesh,BURHANPUR,0.771,0.229,0.0
21.4797,76.5078,Madhya Pradesh,BURHANPUR,0.771,0.229,0.0
21.1962,76.292,Madhya Pradesh,BURHANPUR,0.771,0.229,0.0
21.3952,76.1857,Madhya Pradesh,BURHANPUR,0.771,0.229,0.0
24.6937,79.956,Madhya Pradesh,CHHATARPUR,0.478,0.522,0.0
24.6098,79.263,Madhya Pradesh,CHHATARPUR,0.478,0.522,0.0
24.9616,79.8406,Madhya Pradesh,CHHATARPUR,0.478,0.522,0.0
25.0068,79.6807,Madhya Pradesh,CHHATARPUR,0.478,0.522,0.0
24.5021,79.7575,Madhya Pradesh,CHHATARPUR,0.478,0.522,0.0
22.0663,78.4732,Madhya Pradesh,CHHINDWARA,0.628,0.372,0.0
21.6038,78.642,Madhya Pradesh,CHHINDWARA,0.628,0.372,0.0
21.514,78.8868,Madhya Pradesh,CHHINDWARA,0.628,0.372,0.0
22.2914,78.9727,Madhya Pradesh,CHHINDWARA,0.628,0.372,0.0
22.5562,78.8462,Madhya Pradesh,CHHINDWARA,0.628,0.372,0.0
23.8447,79.7294,Madhya Pradesh,DAMOH,0.496,0.504,0.0
24.1655,79.3364,Madhya Pradesh,DAMOH,0.496,0.504,0.0
24.237,79.7654,Madhya Pradesh,DAMOH,0.496,0.504,0.0
23.4438,79.6884,Madhya Pradesh,DAMOH,0.496,0.504,0.0
23.3837,79.1894,Madhya Pradesh,DAMOH,0.496,0.504,0.0
26.0097,78.7177,Madhya Pradesh,DATIA,0.378,0.622,0.0
25.7202,78.3828,Madhya Pradesh,DATIA,0.378,0.622,0.0
26.1334,78.7752,Madhya Pradesh,DATIA,0.378,0.622,0.0
25.916,78.7632,Madhya Pradesh,DATIA,0.378,0.622,0.0
25.6317,78.7845,Madhya Pradesh,DATIA,0.378,0.622,0.0
22.6638,76.9367,Madhya Pradesh,DEWAS,0.514,0.486,0.0
22.908,75.9959,Madhya Pradesh,DEWAS,0.514,0.486,0.0
22.8913,76.2653,Madhya Pradesh,DEWAS,0.514,0.486,0.0
22.4395,76.6873,Madhya Pradesh,DEWAS,0.514,0.486,0.0
22.7933,76.9354,Madhya Pradesh,DEWAS,0.514,0.486,0.0
22.4193,75.0739,Madhya Pradesh,DHAR,0.577,0.423,0.0
22.4386,75.3137,Madhya Pradesh,DHAR,0.577,0.423,0.0
22.7694,75.1598,Madhya Pradesh,DHAR,0.577,0.423,0.0
22.8545,74.9958,Madhya Pradesh,DHAR,0.577,0.423,0.0
22.5062,74.9132,Madhya Pradesh,DHAR,0.577,0.423,0.0
22.8047,81.294,Madhya Pradesh,DINDORI,0.557,0.443,0.0
23.022,80.9362,Madhya Pradesh,DINDORI,0.557,0.443,0.0
22.932,80.8177,Madhya Pradesh,DINDORI,0.557,0.443,0.0
23.0624,81.1804,Madhya Pradesh,DINDORI,0.557,0.443,0.0
22.8831,81.2326,Madhya Pradesh,DINDORI,0.557,0.443,0.0
22.0974,76.2528,Madhya Pradesh,KHANDWA,0.602,0.397,0.001
22.1831,76.3093,Madhya Pradesh,KHANDWA,0.602,0.397,0.001
21.653,76.7183,Madhya Pradesh,KHANDWA,0.602,0.397,0.001
21.9626,76.6419,Madhya Pradesh,KHANDWA,0.602,0.397,0.001
22.2681,76.8064,Madhya Pradesh,KHANDWA,0.602,0.397,0.001
24.344,76.935,Madhya Pradesh,GUNA,0.536,0.464,0.0
24.7897,77.5191,Madhya Pradesh,GUNA,0.536,0.464,0.0
23.9177,77.2409,Madhya Pradesh,GUNA,0.536,0.464,0.0
24.3455,77.1604,Madhya Pradesh,GUNA,0.536,0.464,0.0
24.6058,77.321,Madhya Pradesh,GUNA,0.536,0.464,0.0
26.243,78.4077,Madhya Pradesh,GWALIOR,0.351,0.649,0.0
25.9524,78.2222,Madhya Pradesh,GWALIOR,0.351,0.649,0.0
25.8301,77.952,Madhya Pradesh,GWALIOR,0.351,0.649,0.0
26.115,77.9878,Madhya Pradesh,GWALIOR,0.351,0.649,0.0
26.1103,78.511,Madhya Pradesh,GWALIOR,0.351,0.649,0.0
22.0427,77.048,Madhya Pradesh,HARDA,0.488,0.512,0.0
22.0976,77.0095,Madhya Pradesh,HARDA,0.488,0.512,0.0
22.0055,77.3387,Madhya Pradesh,HARDA,0.488,0.512,0.0
22.0417,77.1292,Madhya Pradesh,HARDA,0.488,0.512,0.0
22.0402,77.291,Madhya Pradesh,HARDA,0.488,0.512,0.0
22.9262,78.5449,Madhya Pradesh,HOSHANGABAD,0.464,0.536,0.0
22.6722,77.9092,Madhya Pradesh,HOSHANGABAD,0.464,0.536,0.0
22.4532,78.1274,Madhya Pradesh,HOSHANGABAD,0.464,0.536,0.0
22.6623,78.0688,Madhya Pradesh,HOSHANGABAD,0.464,0.536,0.0
22.4067,77.5118,Madhya Pradesh,HOSHANGABAD,0.464,0.536,0.0
22.8163,75.4569,Madhya Pradesh,INDORE,0.519,0.48,0.001
22.6088,75.9822,Madhya Pradesh,INDORE,0.519,0.48,0.001
22.5211,75.799,Madhya Pradesh,INDORE,0.519,0.48,0.001
22.6013,75.7183,Madhya Pradesh,INDORE,0.519,0.48,0.001
22.7403,75.7423,Madhya Pradesh,INDORE,0.519,0.48,0.001
23.3342,79.8507,Madhya Pradesh,JABALPUR,0.451,0.549,0.0
23.1338,80.2721,Madhya Pradesh,JABALPUR,0.451,0.549,0.0
23.1018,80.1024,Madhya Pradesh,JABALPUR,0.451,0.549,0.0
23.1711,80.2269,Madhya Pradesh,JABALPUR,0.451,0.549,0.0
23.2775,80.0649,Madhya Pradesh,JABALPUR,0.451,0.549,0.0
22.9315,74.5782,Madhya Pradesh,JHABUA,0.689,0.311,0.0
22.7844,74.5155,Madhya Pradesh,JHABUA,0.689,0.311,0.0
23.0599,74.681,Madhya Pradesh,JHABUA,0.689,0.311,0.0
22.7803,74.8869,Madhya Pradesh,JHABUA,0.689,0.311,0.0
22.3832,74.5023,Madhya Pradesh,JHABUA,0.689,0.311,0.0
23.9378,80.7259,Madhya Pradesh,KATNI,0.435,0.565,0.0
23.7712,79.8336,Madhya Pradesh,KATNI,0.435,0.565,0.0
23.4359,80.1167,Madhya Pradesh,KATNI,0.435,0.565,0.0
23.7486,80.2879,Madhya Pradesh,KATNI,0.435,0.565,0.0
23.8393,80.8233,Madhya Pradesh,KATNI,0.435,0.565,0.0
23.0733,80.4516,Madhya Pradesh,MANDLA,0.614,0.386,0.0
22.6982,80.2833,Madhya Pradesh,MANDLA,0.614,0.386,0.0
22.8411,80.8431,Madhya Pradesh,MANDLA,0.614,0.386,0.0
22.8053,80.4139,Madhya Pradesh,MANDLA,0.614,0.386,0.0
22.3395,80.5747,Madhya Pradesh,MANDLA,0.614,0.386,0.0
24.0274,75.4324,Madhya Pradesh,MANDSAUR,0.572,0.428,0.0
24.7234,75.7619,Madhya Pradesh,MANDSAUR,0.572,0.428,0.0
24.1986,75.5351,Madhya Pradesh,MANDSAUR,0.572,0.428,0.0
24.3253,75.6677,Madhya Pradesh,MANDSAUR,0.572,0.428,0.0
24.2407,75.3244,Madhya Pradesh,MANDSAUR,0.572,0.428,0.0
26.1772,77.1562,Madhya Pradesh,MORENA,0.425,0.575,0.0
26.7098,78.2925,Madhya Pradesh,MORENA,0.425,0.575,0.0
26.7404,78.2986,Madhya Pradesh,MORENA,0.425,0.575,0.0
26.3545,78.0974,Madhya Pradesh,MORENA,0.425,0.575,0.0
26.8062,78.3461,Madhya Pradesh,MORENA,0.425,0.575,0.0
22.865,79.132,Madhya Pradesh,NARSINGHPUR,0.454,0.546,0.0
23.1665,78.852,Madhya Pradesh,NARSINGHPUR,0.454,0.546,0.0
23.0242,78.6085,Madhya Pradesh,NARSINGHPUR,0.454,0.546,0.0
22.9582,79.3242,Madhya Pradesh,NARSINGHPUR,0.454,0.546,0.0
23.1166,79.3366,Madhya Pradesh,NARSINGHPUR,0.454,0.546,0.0
24.5018,75.1534,Madhya Pradesh,NEEMUCH,0.595,0.405,0.0
24.5477,75.1901,Madhya Pradesh,NEEMUCH,0.595,0.405,0.0
24.4439,74.8519,Madhya Pradesh,NEEMUCH,0.595,0.405,0.0
24.5865,75.3914,Madhya Pradesh,NEEMUCH,0.595,0.405,0.0
24.912,75.2292,Madhya Pradesh,NEEMUCH,0.595,0.405,0.0
24.2176,80.2528,Madhya Pradesh,PANNA,0.465,0.535,0.0
24.0323,79.8425,Madhya Pradesh,PANNA,0.465,0.535,0.0
24.4698,80.3107,Madhya Pradesh,PANNA,0.465,0.535,0.0
24.1826,80.6147,Madhya Pradesh,PANNA,0.465,0.535,0.0
24.7093,80.0401,Madhya Pradesh,PANNA,0.465,0.535,0.0
23.062,78.7147,Madhya Pradesh,RAISEN,0.439,0.561,0.0
23.2805,78.0407,Madhya Pradesh,RAISEN,0.439,0.561,0.0
23.5127,78.2586,Madhya Pradesh,RAISEN,0.439,0.561,0.0
23.2493,77.622,Madhya Pradesh,RAISEN,0.439,0.561,0.0
23.1452,78.7561,Madhya Pradesh,RAISEN,0.439,0.561,0.0
23.6845,77.0693,Madhya Pradesh,RAJGARH,0.53,0.47,0.0
23.5276,76.9036,Madhya Pradesh,RAJGARH,0.53,0.47,0.0
24.1556,76.6278,Madhya Pradesh,RAJGARH,0.53,0.47,0.0
23.955,76.7027,Madhya Pradesh,RAJGARH,0.53,0.47,0.0
23.8046,76.9253,Madhya Pradesh,RAJGARH,0.53,0.47,0.0
23.3713,75.1539,Madhya Pradesh,RATLAM,0.574,0.426,0.0
23.6239,75.3361,Madhya Pradesh,RATLAM,0.574,0.426,0.0
23.4323,75.1579,Madhya Pradesh,RATLAM,0.574,0.426,0.0
23.1159,75.0683,Madhya Pradesh,RATLAM,0.574,0.426,0.0
23.5602,75.1855,Madhya Pradesh,RATLAM,0.574,0.426,0.0
24.9637,81.8684,Madhya Pradesh,REWA,0.468,0.532,0.0
24.8985,81.5305,Madhya Pradesh,REWA,0.468,0.532,0.0
24.9661,81.6447,Madhya Pradesh,REWA,0.468,0.532,0.0
25.0144,81.3742,Madhya Pradesh,REWA,0.468,0.532,0.0
24.6979,81.3698,Madhya Pradesh,REWA,0.468,0.532,0.0
24.1535,79.0457,Madhya Pradesh,SAGAR,0.494,0.506,0.0
24.2453,78.2472,Madhya Pradesh,SAGAR,0.494,0.506,0.0
24.3464,78.3015,Madhya Pradesh,SAGAR,0.494,0.506,0.0
23.5871,78.8019,Madhya Pradesh,SAGAR,0.494,0.506,0.0
23.976,78.5965,Madhya Pradesh,SAGAR,0.494,0.506,0.0
24.1082,80.8421,Madhya Pradesh,SATNA,0.486,0.514,0.0
24.4725,80.8658,Madhya Pradesh,SATNA,0.486,0.514,0.0
24.7155,80.8047,Madhya Pradesh,SATNA,0.486,0.514,0.0
24.9549,80.56,Madhya Pradesh,SATNA,0.486,0.514,0.0
24.5704,80.5759,Madhya Pradesh,SATNA,0.486,0.514,0.0
23.1088,76.7229,Madhya Pradesh,SEHORE,0.493,0.507,0.0
23.2416,77.1341,Madhya Pradesh,SEHORE,0.493,0.507,0.0
22.9629,76.9281,Madhya Pradesh,SEHORE,0.493,0.507,0.0
23.5344,77.2639,Madhya Pradesh,SEHORE,0.493,0.507,0.0
22.9795,76.8833,Madhya Pradesh,SEHORE,0.493,0.507,0.0
22.6854,79.9814,Madhya Pradesh,SEONI,0.573,0.427,0.0
22.2657,79.4374,Madhya Pradesh,SEONI,0.573,0.427,0.0
22.1079,79.3964,Madhya Pradesh,SEONI,0.573,0.427,0.0
22.734,79.5472,Madhya Pradesh,SEONI,0.573,0.427,0.0
22.679,80.2103,Madhya Pradesh,SEONI,0.573,0.427,0.0
23.7585,81.3579,Madhya Pradesh,SHAHDOL,0.706,0.293,0.0
22.9158,81.413,Madhya Pradesh,SHAHDOL,0.706,0.293,0.0
22.9452,81.6553,Madhya Pradesh,SHAHDOL,0.706,0.293,0.0
23.9065,81.4042,Madhya Pradesh,SHAHDOL,0.706,0.293,0.0
23.5684,81.2729,Madhya Pradesh,SHAHDOL,0.706,0.293,0.0
23.2445,76.1231,Madhya Pradesh,SHAJAPUR,0.527,0.472,0.001
23.6638,76.2208,Madhya Pradesh,SHAJAPUR,0.527,0.472,0.001
23.7851,76.1362,Madhya Pradesh,SHAJAPUR,0.527,0.472,0.001
23.4398,76.8982,Madhya Pradesh,SHAJAPUR,0.527,0.472,0.001
23.9181,76.2666,Madhya Pradesh,SHAJAPUR,0.527,0.472,0.001
25.8901,76.7214,Madhya Pradesh,SHEOPUR,0.402,0.598,0.0
25.4448,76.6905,Madhya Pradesh,SHEOPUR,0.402,0.598,0.0
25.9689,77.0964,Madhya Pradesh,SHEOPUR,0.402,0.598,0.0
25.8438,76.8021,Madhya Pradesh,SHEOPUR,0.402,0.598,0.0
26.0878,77.1344,Madhya Pradesh,SHEOPUR,0.402,0.598,0.0
25.6187,77.5361,Madhya Pradesh,SHIVPURI,0.538,0.462,0.0
25.5758,78.1333,Madhya Pradesh,SHIVPURI,0.538,0.462,0.0
25.5143,77.8719,Madhya Pradesh,SHIVPURI,0.538,0.462,0.0
25.2073,78.072,Madhya Pradesh,SHIVPURI,0.538,0.462,0.0
25.2698,77.504,Madhya Pradesh,SHIVPURI,0.538,0.462,0.0
24.1021,82.2005,Madhya Pradesh,SIDHI,0.523,0.477,0.0
24.1747,82.5408,Madhya Pradesh,SIDHI,0.523,0.477,0.0
23.9333,82.1736,Madhya Pradesh,SIDHI,0.523,0.477,0.0
24.1237,81.9439,Madhya Pradesh,SIDHI,0.523,0.477,0.0
24.0114,81.5075,Madhya Pradesh,SIDHI,0.523,0.477,0.0
25.3366,78.7921,Madhya Pradesh,TIKAMGARH,0.552,0.448,0.0
24.9562,78.8786,Madhya Pradesh,TIKAMGARH,0.552,0.448,0.0
25.1901,78.6432,Madhya Pradesh,TIKAMGARH,0.552,0.448,0.0
24.7896,79.1996,Madhya Pradesh,TIKAMGARH,0.552,0.448,0.0
25.357,78.5874,Madhya Pradesh,TIKAMGARH,0.552,0.448,0.0
23.2747,75.7514,Madhya Pradesh,UJJAIN,0.535,0.465,0.0
22.8689,75.3449,Madhya Pradesh,UJJAIN,0.535,0.465,0.0
23.3015,75.5777,Madhya Pradesh,UJJAIN,0.535,0.465,0.0
22.9525,75.3792,Madhya Pradesh,UJJAIN,0.535,0.465,0.0
23.6345,75.752,Madhya Pradesh,UJJAIN,0.535,0.465,0.0
23.5545,80.904,Madhya Pradesh,UMARIA,0.553,0.447,0.0
23.8135,80.9245,Madhya Pradesh,UMARIA,0.553,0.447,0.0
23.3053,80.9614,Madhya Pradesh,UMARIA,0.553,0.447,0.0
23.6397,80.8115,Madhya Pradesh,UMARIA,0.553,0.447,0.0
23.3373,80.7721,Madhya Pradesh,UMARIA,0.553,0.447,0.0
23.8022,78.1394,Madhya Pradesh,VIDISHA,0.477,0.523,0.0
24.0203,77.4969,Madhya Pradesh,VIDISHA,0.477,0.523,0.0
23.9354,77.5729,Madhya Pradesh,VIDISHA,0.477,0.523,0.0
24.108,77.4942,Madhya Pradesh,VIDISHA,0.477,0.523,0.0
23.536,77.6604,Madhya Pradesh,VIDISHA,0.477,0.523,0.0
21.7088,75.8584,Madhya Pradesh,KHARGONE,0.603,0.396,0.0
21.5931,75.8435,Madhya Pradesh,KHARGONE,0.603,0.396,0.0
22.1898,75.7923,Madhya Pradesh,KHARGONE,0.603,0.396,0.0
22.3433,75.93,Madhya Pradesh,KHARGONE,0.603,0.396,0.0
21.5495,75.4846,Madhya Pradesh,KHARGONE,0.603,0.396,0.0
20.5705,77.2715,Maharashtra,AKOLA,0.816,0.181,0.004
20.7835,77.3237,Maharashtra,AKOLA,0.816,0.181,0.004
20.8859,77.0327,Maharashtra,AKOLA,0.816,0.181,0.004
20.614,76.8611,Maharashtra,AKOLA,0.816,0.181,0.004
21.0094,76.8603,Maharashtra,AKOLA,0.816,0.181,0.004
19.2007,74.4529,Maharashtra,AHMEDNAGAR,0.593,0.405,0.002
19.5965,73.9926,Maharashtra,AHMEDNAGAR,0.593,0.405,0.002
19.5306,74.0289,Maharashtra,AHMEDNAGAR,0.593,0.405,0.002
19.448,74.3553,Maharashtra,AHMEDNAGAR,0.593,0.405,0.002
19.287,75.2883,Maharashtra,AHMEDNAGAR,0.593,0.405,0.002
20.0206,75.5891,Maharashtra,AURANGABAD,0.744,0.254,0.002
20.1746,75.469,Maharashtra,AURANGABAD,0.744,0.254,0.002
19.4911,75.3719,Maharashtra,AURANGABAD,0.744,0.254,0.002
20.3937,75.194,Maharashtra,AURANGABAD,0.744,0.254,0.002
20.061,75.1661,Maharashtra,AURANGABAD,0.744,0.254,0.002
21.5273,77.272,Maharashtra,AMRAVATI,0.832,0.165,0.003
21.2322,76.9421,Maharashtra,AMRAVATI,0.832,0.165,0.003
21.3119,77.0791,Maharashtra,AMRAVATI,0.832,0.165,0.003
21.1237,77.8741,Maharashtra,AMRAVATI,0.832,0.165,0.003
21.0546,77.7387,Maharashtra,AMRAVATI,0.832,0.165,0.003
18.7484,76.3913,Maharashtra,BEED,0.81,0.189,0.002
18.9149,74.953,Maharashtra,BEED,0.81,0.189,0.002
19.0054,75.8767,Maharashtra,BEED,0.81,0.189,0.002
18.8084,75.2522,Maharashtra,BEED,0.81,0.189,0.002
19.2006,75.4088,Maharashtra,BEED,0.81,0.189,0.002
20.9158,79.7632,Maharashtra,BHANDARA,0.864,0.119,0.016
21.0459,79.8305,Maharashtra,BHANDARA,0.864,0.119,0.016
21.4569,80.3562,Maharashtra,BHANDARA,0.864,0.119,0.016
20.8457,79.6162,Maharashtra,BHANDARA,0.864,0.119,0.016
21.437,80.313,Maharashtra,BHANDARA,0.864,0.119,0.016
20.7925,76.5108,Maharashtra,BULDHANA,0.807,0.191,0.001
20.4794,76.5443,Maharashtra,BULDHANA,0.807,0.191,0.001
20.0622,76.2224,Maharashtra,BULDHANA,0.807,0.191,0.001
20.1347,76.1704,Maharashtra,BULDHANA,0.807,0.191,0.001
20.0181,76.1367,Maharashtra,BULDHANA,0.807,0.191,0.001
20.568,79.3052,Maharashtra,CHANDRAPUR,0.889,0.108,0.003
19.637,79.0261,Maharashtra,CHANDRAPUR,0.889,0.108,0.003
19.9709,79.3298,Maharashtra,CHANDRAPUR,0.889,0.108,0.003
20.6014,79.4869,Maharashtra,CHANDRAPUR,0.889,0.108,0.003
19.7418,78.9495,Maharashtra,CHANDRAPUR,0.889,0.108,0.003
21.0835,74.5955,Maharashtra,DHULE,0.811,0.184,0.005
20.8127,74.7131,Maharashtra,DHULE,0.811,0.184,0.005
20.8773,74.0028,Maharashtra,DHULE,0.811,0.184,0.005
21.2004,74.5551,Maharashtra,DHULE,0.811,0.184,0.005
20.9719,74.1482,Maharashtra,DHULE,0.811,0.184,0.005
19.5674,80.2108,Maharashtra,GADCHIROLI,0.902,0.09,0.008
20.1315,80.0273,Maharashtra,GADCHIROLI,0.902,0.09,0.008
20.6508,80.316,Maharashtra,GADCHIROLI,0.902,0.09,0.008
19.5206,80.6551,Maharashtra,GADCHIROLI,0.902,0.09,0.008
18.7555,80.2108,Maharashtra,GADCHIROLI,0.902,0.09,0.008
21.5769,80.1581,Maharashtra,GONDIA,0.912,0.059,0.028
20.8786,80.2759,Maharashtra,GONDIA,0.912,0.059,0.028
21.3277,80.2042,Maharashtra,GONDIA,0.912,0.059,0.028
21.1187,80.2961,Maharashtra,GONDIA,0.912,0.059,0.028
21.2906,80.1245,Maharashtra,GONDIA,0.912,0.059,0.028
19.4658,77.0018,Maharashtra,HINGOLI,0.777,0.219,0.004
19.6978,77.1824,Maharashtra,HINGOLI,0.777,0.219,0.004
19.7393,77.0163,Maharashtra,HINGOLI,0.777,0.219,0.004
19.7702,76.9817,Maharashtra,HINGOLI,0.777,0.219,0.004
19.3962,77.2423,Maharashtra,HINGOLI,0.777,0.219,0.004
20.1397,76.0103,Maharashtra,JALNA,0.87,0.129,0.001
19.7191,76.0033,Maharashtra,JALNA,0.87,0.129,0.001
19.4017,75.985,Maharashtra,JALNA,0.87,0.129,0.001
20.1319,75.9265,Maharashtra,JALNA,0.87,0.129,0.001
19.9359,75.7523,Maharashtra,JALNA,0.87,0.129,0.001
20.8875,76.0526,Maharashtra,JALGAON,0.84,0.156,0.003
20.9579,75.763,Maharashtra,JALGAON,0.84,0.156,0.003
21.3359,75.8767,Maharashtra,JALGAON,0.84,0.156,0.003
21.3542,75.5588,Maharashtra,JALGAON,0.84,0.156,0.003
20.6978,75.5799,Maharashtra,JALGAON,0.84,0.156,0.003
16.3756,74.2646,Maharashtra,KOLHAPUR,0.93,0.061,0.009
16.6965,74.4742,Maharashtra,KOLHAPUR,0.93,0.061,0.009
16.0626,74.1244,Maharashtra,KOLHAPUR,0.93,0.061,0.009
16.7888,73.9525,Maharashtra,KOLHAPUR,0.93,0.061,0.009
17.0684,73.888,Maharashtra,KOLHAPUR,0.93,0.061,0.009
18.6492,76.7994,Maharashtra,LATUR,0.746,0.253,0.001
18.093,76.4474,Maharashtra,LATUR,0.746,0.253,0.001
18.482,76.7186,Maharashtra,LATUR,0.746,0.253,0.001
18.6484,76.6975,Maharashtra,LATUR,0.746,0.253,0.001
18.5986,76.522,Maharashtra,LATUR,0.746,0.253,0.001
18.8494,77.1993,Maharashtra,NANDED,0.845,0.153,0.002
19.3162,77.4417,Maharashtra,NANDED,0.845,0.153,0.002
18.6643,77.1807,Maharashtra,NANDED,0.845,0.153,0.002
19.9117,78.1583,Maharashtra,NANDED,0.845,0.153,0.002
19.3175,77.3408,Maharashtra,NANDED,0.845,0.153,0.002
21.4101,79.2789,Maharashtra,NAGPUR,0.716,0.284,0.001
21.3418,79.0115,Maharashtra,NAGPUR,0.716,0.284,0.001
20.6518,79.2825,Maharashtra,NAGPUR,0.716,0.284,0.001
20.8958,78.8318,Maharashtra,NAGPUR,0.716,0.284,0.001
20.7997,79.087,Maharashtra,NAGPUR,0.716,0.284,0.001
21.9865,74.3956,Maharashtra,NANDURBAR,0.815,0.179,0.006
21.366,74.0408,Maharashtra,NANDURBAR,0.815,0.179,0.006
21.4919,74.7425,Maharashtra,NANDURBAR,0.815,0.179,0.006
21.3265,74.3331,Maharashtra,NANDURBAR,0.815,0.179,0.006
21.3769,74.4561,Maharashtra,NANDURBAR,0.815,0.179,0.006
20.1055,74.6125,Maharashtra,NASHIK,0.792,0.207,0.0
20.2348,73.7009,Maharashtra,NASHIK,0.792,0.207,0.0
20.0637,73.5436,Maharashtra,NASHIK,0.792,0.207,0.0
20.5849,73.8591,Maharashtra,NASHIK,0.792,0.207,0.0
20.5817,74.6851,Maharashtra,NASHIK,0.792,0.207,0.0
18.4148,75.9555,Maharashtra,OSMANABAD,0.631,0.367,0.002
17.7973,76.3956,Maharashtra,OSMANABAD,0.631,0.367,0.002
18.2609,76.2595,Maharashtra,OSMANABAD,0.631,0.367,0.002
18.3944,75.8731,Maharashtra,OSMANABAD,0.631,0.367,0.002
17.7018,76.3662,Maharashtra,OSMANABAD,0.631,0.367,0.002
19.5914,76.7928,Maharashtra,PARBHANI,0.798,0.2,0.002
19.5922,76.6326,Maharashtra,PARBHANI,0.798,0.2,0.002
19.451,76.8894,Maharashtra,PARBHANI,0.798,0.2,0.002
19.1351,76.3813,Maharashtra,PARBHANI,0.798,0.2,0.002
18.9606,76.9899,Maharashtra,PARBHANI,0.798,0.2,0.002
18.4792,73.9485,Maharashtra,PUNE,0.455,0.536,0.009
19.0772,73.7062,Maharashtra,PUNE,0.455,0.536,0.009
19.0685,73.7037,Maharashtra,PUNE,0.455,0.536,0.009
18.0875,73.7364,Maharashtra,PUNE,0.455,0.536,0.009
18.1656,74.25,Maharashtra,PUNE,0.455,0.536,0.009
18.986,73.1031,Maharashtra,RAIGAD,0.975,0.006,0.02
18.9086,73.3598,Maharashtra,RAIGAD,0.975,0.006,0.02
18.1642,73.5103,Maharashtra,RAIGAD,0.975,0.006,0.02
17.8837,73.5497,Maharashtra,RAIGAD,0.975,0.006,0.02
18.5853,73.0081,Maharashtra,RAIGAD,0.975,0.006,0.02
17.3544,74.8491,Maharashtra,SANGLI,0.673,0.322,0.004
16.9343,75.1208,Maharashtra,SANGLI,0.673,0.322,0.004
16.878,74.9057,Maharashtra,SANGLI,0.673,0.322,0.004
17.1975,75.4108,Maharashtra,SANGLI,0.673,0.322,0.004
17.3734,74.4588,Maharashtra,SANGLI,0.673,0.322,0.004
16.9981,73.7357,Maharashtra,RATNAGIRI,0.998,0.002,0.0
17.8644,73.1734,Maharashtra,RATNAGIRI,0.998,0.002,0.0
17.5142,73.5632,Maharashtra,RATNAGIRI,0.998,0.002,0.0
17.4114,73.5896,Maharashtra,RATNAGIRI,0.998,0.002,0.0
17.6119,73.6776,Maharashtra,RATNAGIRI,0.998,0.002,0.0
17.4758,74.3021,Maharashtra,SATARA,0.705,0.286,0.009
17.4627,74.2787,Maharashtra,SATARA,0.705,0.286,0.009
17.9596,73.9956,Maharashtra,SATARA,0.705,0.286,0.009
17.6158,74.0717,Maharashtra,SATARA,0.705,0.286,0.009
17.5891,73.8925,Maharashtra,SATARA,0.705,0.286,0.009
15.9714,73.6365,Maharashtra,SINDHUDURG,0.971,0.002,0.027
15.8265,74.0187,Maharashtra,SINDHUDURG,0.971,0.002,0.027
16.3778,73.693,Maharashtra,SINDHUDURG,0.971,0.002,0.027
15.8278,73.7924,Maharashtra,SINDHUDURG,0.971,0.002,0.027
16.4437,73.8577,Maharashtra,SINDHUDURG,0.971,0.002,0.027
18.027,75.9886,Maharashtra,SOLAPUR,0.265,0.731,0.004
17.7211,75.5083,Maharashtra,SOLAPUR,0.265,0.731,0.004
17.6256,75.5082,Maharashtra,SOLAPUR,0.265,0.731,0.004
17.9881,75.4705,Maharashtra,SOLAPUR,0.265,0.731,0.004
17.778,74.8894,Maharashtra,SOLAPUR,0.265,0.731,0.004
19.6378,73.4828,Maharashtra,THANE,0.965,0.024,0.011
19.9478,73.0465,Maharashtra,THANE,0.965,0.024,0.011
19.5659,72.7501,Maharashtra,THANE,0.965,0.024,0.011
19.2714,73.5697,Maharashtra,THANE,0.965,0.024,0.011
19.7917,73.2577,Maharashtra,THANE,0.965,0.024,0.011
21.1868,78.287,Maharashtra,WARDHA,0.9,0.095,0.005
20.5613,78.6692,Maharashtra,WARDHA,0.9,0.095,0.005
20.6894,78.5632,Maharashtra,WARDHA,0.9,0.095,0.005
20.4582,79.107,Maharashtra,WARDHA,0.9,0.095,0.005
20.5069,78.7656,Maharashtra,WARDHA,0.9,0.095,0.005
20.1033,76.724,Maharashtra,WASHIM,0.828,0.166,0.005
20.1082,77.3387,Maharashtra,WASHIM,0.828,0.166,0.005
20.2149,77.1216,Maharashtra,WASHIM,0.828,0.166,0.005
20.0084,76.8286,Maharashtra,WASHIM,0.828,0.166,0.005
20.2143,77.1146,Maharashtra,WASHIM,0.828,0.166,0.005
20.0005,78.476,Maharashtra,YAVATMAL,0.913,0.08,0.007
20.3766,78.2147,Maharashtra,YAVATMAL,0.913,0.08,0.007
19.6281,77.9973,Maharashtra,YAVATMAL,0.913,0.08,0.007
19.8605,78.9113,Maharashtra,YAVATMAL,0.913,0.08,0.007
19.9606,77.6078,Maharashtra,YAVATMAL,0.913,0.08,0.007
25.6721,90.4872,Meghalaya,EAST GARO HILLS,0.947,0.053,0.0
25.7537,90.7953,Meghalaya,EAST GARO HILLS,0.947,0.053,0.0
25.6148,90.6848,Meghalaya,EAST GARO HILLS,0.947,0.053,0.0
25.6799,90.5905,Meghalaya,EAST GARO HILLS,0.947,0.053,0.0
25.6367,90.7011,Meghalaya,EAST GARO HILLS,0.947,0.053,0.0
25.5751,92.0687,Meghalaya,EAST KHASI HILLS,0.61,0.01,0.38
25.5008,91.6769,Meghalaya,EAST KHASI HILLS,0.61,0.01,0.38
25.2217,91.9596,Meghalaya,EAST KHASI HILLS,0.61,0.01,0.38
25.5225,91.828,Meghalaya,EAST KHASI HILLS,0.61,0.01,0.38
25.3393,91.5881,Meghalaya,EAST KHASI HILLS,0.61,0.01,0.38
25.2279,92.2481,Meghalaya,WEST JAINTIA HILLS,0.974,0.014,0.012
25.1898,92.3587,Meghalaya,WEST JAINTIA HILLS,0.974,0.014,0.012
25.1986,92.3677,Meghalaya,WEST JAINTIA HILLS,0.974,0.014,0.012
25.5095,92.5901,Meghalaya,WEST JAINTIA HILLS,0.974,0.014,0.012
25.6907,92.2663,Meghalaya,WEST JAINTIA HILLS,0.974,0.014,0.012
25.7425,91.7924,Meghalaya,RI BHOI,0.976,0.023,0.002
25.9936,91.6224,Meghalaya,RI BHOI,0.976,0.023,0.002
25.902,91.7413,Meghalaya,RI BHOI,0.976,0.023,0.002
26.0448,91.753,Meghalaya,RI BHOI,0.976,0.023,0.002
26.0201,92.1755,Meghalaya,RI BHOI,0.976,0.023,0.002
25.299,90.3342,Meghalaya,SOUTH GARO HILLS,0.939,0.061,0.001
25.1872,90.5498,Meghalaya,SOUTH GARO HILLS,0.939,0.061,0.001
25.3016,90.6723,Meghalaya,SOUTH GARO HILLS,0.939,0.061,0.001
25.4575,90.7426,Meghalaya,SOUTH GARO HILLS,0.939,0.061,0.001
25.2297,90.9465,Meghalaya,SOUTH GARO HILLS,0.939,0.061,0.001
25.3734,90.0116,Meghalaya,WEST GARO HILLS,0.767,0.233,0.001
25.5212,90.2294,Meghalaya,WEST GARO HILLS,0.767,0.233,0.001
25.4143,90.1188,Meghalaya,WEST GARO HILLS,0.767,0.233,0.001
25.3685,90.1819,Meghalaya,WEST GARO HILLS,0.767,0.233,0.001
25.6649,90.2526,Meghalaya,WEST GARO HILLS,0.767,0.233,0.001
25.593,90.9211,Meghalaya,WEST KHASI HILLS,0.802,0.007,0.191
25.2011,91.1139,Meghalaya,WEST KHASI HILLS,0.802,0.007,0.191
25.5364,91.3514,Meghalaya,WEST KHASI HILLS,0.802,0.007,0.191
25.6602,91.1711,Meghalaya,WEST KHASI HILLS,0.802,0.007,0.191
25.5058,91.3879,Meghalaya,WEST KHASI HILLS,0.802,0.007,0.191
25.7181,93.6178,Nagaland,DIMAPUR,0.838,0.162,0.0
25.7866,93.6353,Nagaland,DIMAPUR,0.838,0.162,0.0
25.9117,93.788,Nagaland,DIMAPUR,0.838,0.162,0.0
25.8848,93.9677,Nagaland,DIMAPUR,0.838,0.162,0.0
25.8378,93.7377,Nagaland,DIMAPUR,0.838,0.162,0.0
25.5227,93.5169,Nagaland,KOHIMA,0.843,0.157,0.0
25.6593,93.7026,Nagaland,KOHIMA,0.843,0.157,0.0
25.6453,93.6484,Nagaland,KOHIMA,0.843,0.157,0.0
25.6244,93.6738,Nagaland,KOHIMA,0.843,0.157,0.0
25.8298,94.1626,Nagaland,KOHIMA,0.843,0.157,0.0
26.392,94.6122,Nagaland,MOKOKCHUNG,0.777,0.223,0.0
26.4544,94.3639,Nagaland,MOKOKCHUNG,0.777,0.223,0.0
26.3436,94.3668,Nagaland,MOKOKCHUNG,0.777,0.223,0.0
26.2474,94.3583,Nagaland,MOKOKCHUNG,0.777,0.223,0.0
26.2417,94.3866,Nagaland,MOKOKCHUNG,0.777,0.223,0.0
26.6887,94.7989,Nagaland,MON,0.793,0.207,0.0
26.7873,95.1632,Nagaland,MON,0.793,0.207,0.0
26.6354,94.9928,Nagaland,MON,0.793,0.207,0.0
26.4215,94.9601,Nagaland,MON,0.793,0.207,0.0
27.0204,95.1853,Nagaland,MON,0.793,0.207,0.0
25.6833,94.8171,Nagaland,PHEK,0.811,0.189,0.0
25.6943,94.2636,Nagaland,PHEK,0.811,0.189,0.0
25.5645,94.6331,Nagaland,PHEK,0.811,0.189,0.0
25.5868,94.8809,Nagaland,PHEK,0.811,0.189,0.0
25.8411,94.4641,Nagaland,PHEK,0.811,0.189,0.0
26.2261,94.833,Nagaland,TUENSANG,0.863,0.137,0.0
25.7897,94.7808,Nagaland,TUENSANG,0.863,0.137,0.0
26.462,94.8334,Nagaland,TUENSANG,0.863,0.137,0.0
26.2471,94.9655,Nagaland,TUENSANG,0.863,0.137,0.0
26.7202,94.8139,Nagaland,TUENSANG,0.863,0.137,0.0
26.3033,94.2909,Nagaland,WOKHA,0.821,0.179,0.0
26.3072,94.2487,Nagaland,WOKHA,0.821,0.179,0.0
26.2759,94.0838,Nagaland,WOKHA,0.821,0.179,0.0
26.5036,94.2547,Nagaland,WOKHA,0.821,0.179,0.0
26.0927,94.3569,Nagaland,WOKHA,0.821,0.179,0.0
25.9838,94.3719,Nagaland,ZUNHEBOTO,0.909,0.091,0.0
26.1641,94.4989,Nagaland,ZUNHEBOTO,0.909,0.091,0.0
25.9728,94.5888,Nagaland,ZUNHEBOTO,0.909,0.091,0.0
25.8903,94.47,Nagaland,ZUNHEBOTO,0.909,0.091,0.0
26.158,94.6361,Nagaland,ZUNHEBOTO,0.909,0.091,0.0
21.421,86.7223,Odisha,BALESHWAR,0.694,0.0,0.306
21.9564,87.2086,Odisha,BALESHWAR,0.694,0.0,0.306
21.3824,86.5078,Odisha,BALESHWAR,0.694,0.0,0.306
21.6676,87.3581,Odisha,BALESHWAR,0.694,0.0,0.306
21.6126,87.4208,Odisha,BALESHWAR,0.694,0.0,0.306
20.8009,85.1015,Odisha,ANUGUL,0.618,0.22,0.162
21.0201,85.1039,Odisha,ANUGUL,0.618,0.22,0.162
20.6793,84.6775,Odisha,ANUGUL,0.618,0.22,0.162
20.7693,85.1021,Odisha,ANUGUL,0.618,0.22,0.162
20.8101,84.9061,Odisha,ANUGUL,0.618,0.22,0.162
21.4781,83.7451,Odisha,BARGARH,0.547,0.068,0.385
20.9655,83.2805,Odisha,BARGARH,0.547,0.068,0.385
21.2532,83.7676,Odisha,BARGARH,0.547,0.068,0.385
21.0092,83.0212,Odisha,BARGARH,0.547,0.068,0.385
20.8969,83.2498,Odisha,BARGARH,0.547,0.068,0.385
20.8502,86.4441,Odisha,BHADRAK,0.582,0.148,0.27
20.9881,86.468,Odisha,BHADRAK,0.582,0.148,0.27
21.0855,86.7733,Odisha,BHADRAK,0.582,0.148,0.27
20.9272,86.9045,Odisha,BHADRAK,0.582,0.148,0.27
20.9574,86.332,Odisha,BHADRAK,0.582,0.148,0.27
20.8075,83.3457,Odisha,BALANGIR,0.687,0.094,0.219
20.2926,83.1465,Odisha,BALANGIR,0.687,0.094,0.219
20.5357,83.1959,Odisha,BALANGIR,0.687,0.094,0.219
20.4211,83.0041,Odisha,BALANGIR,0.687,0.094,0.219
20.8343,83.2876,Odisha,BALANGIR,0.687,0.094,0.219
20.4714,84.5958,Odisha,BOUDH,0.615,0.115,0.27
20.8541,84.2107,Odisha,BOUDH,0.615,0.115,0.27
20.6112,84.5795,Odisha,BOUDH,0.615,0.115,0.27
20.7527,83.8588,Odisha,BOUDH,0.615,0.115,0.27
20.7907,84.0753,Odisha,BOUDH,0.615,0.115,0.27
20.5003,84.8776,Odisha,CUTTACK,0.322,0.081,0.597
20.4771,84.98,Odisha,CUTTACK,0.322,0.081,0.597
20.4709,85.5707,Odisha,CUTTACK,0.322,0.081,0.597
20.3714,85.6167,Odisha,CUTTACK,0.322,0.081,0.597
20.4732,85.7056,Odisha,CUTTACK,0.322,0.081,0.597
21.4571,84.4958,Odisha,DEOGARH,0.64,0.112,0.249
21.5435,85.0422,Odisha,DEOGARH,0.64,0.112,0.249
21.6948,84.686,Odisha,DEOGARH,0.64,0.112,0.249
21.3444,84.8858,Odisha,DEOGARH,0.64,0.112,0.249
21.5085,84.9553,Odisha,DEOGARH,0.64,0.112,0.249
20.8626,85.6278,Odisha,DHENKANAL,0.576,0.158,0.266
20.7855,85.8843,Odisha,DHENKANAL,0.576,0.158,0.266
20.6629,85.6693,Odisha,DHENKANAL,0.576,0.158,0.266
20.9859,85.5266,Odisha,DHENKANAL,0.576,0.158,0.266
20.6651,85.3505,Odisha,DHENKANAL,0.576,0.158,0.266
19.6045,84.101,Odisha,GAJAPATI,0.692,0.16,0.148
18.9328,83.9734,Odisha,GAJAPATI,0.692,0.16,0.148
19.2649,84.1338,Odisha,GAJAPATI,0.692,0.16,0.148
18.9821,84.409,Odisha,GAJAPATI,0.692,0.16,0.148
19.5371,84.0919,Odisha,GAJAPATI,0.692,0.16,0.148
19.9805,84.4793,Odisha,GANJAM,0.68,0.142,0.178
20.1642,84.6399,Odisha,GANJAM,0.68,0.142,0.178
19.2593,84.8474,Odisha,GANJAM,0.68,0.142,0.178
19.2072,84.7875,Odisha,GANJAM,0.68,0.142,0.178
19.7163,84.5062,Odisha,GANJAM,0.68,0.142,0.178
20.19,86.3757,Odisha,JAGATSINGHAPUR,0.193,0.059,0.748
20.046,86.222,Odisha,JAGATSINGHAPUR,0.193,0.059,0.748
20.2637,86.5901,Odisha,JAGATSINGHAPUR,0.193,0.059,0.748
20.3115,86.6633,Odisha,JAGATSINGHAPUR,0.193,0.059,0.748
20.2207,86.5343,Odisha,JAGATSINGHAPUR,0.193,0.059,0.748
20.7986,86.286,Odisha,JAJAPUR,0.413,0.06,0.527
20.8313,86.0314,Odisha,JAJAPUR,0.413,0.06,0.527
20.7396,86.0366,Odisha,JAJAPUR,0.413,0.06,0.527
20.9923,86.224,Odisha,JAJAPUR,0.413,0.06,0.527
20.8586,86.499,Odisha,JAJAPUR,0.413,0.06,0.527
21.9531,84.3145,Odisha,JHARSUGUDA,0.666,0.096,0.239
21.7083,83.8019,Odisha,JHARSUGUDA,0.666,0.096,0.239
21.6339,83.92,Odisha,JHARSUGUDA,0.666,0.096,0.239
21.6895,83.8376,Odisha,JHARSUGUDA,0.666,0.096,0.239
21.6561,83.9285,Odisha,JHARSUGUDA,0.666,0.096,0.239
20.0521,83.3064,Odisha,KALAHANDI,0.645,0.121,0.235
19.7079,83.1985,Odisha,KALAHANDI,0.645,0.121,0.235
20.0551,83.506,Odisha,KALAHANDI,0.645,0.121,0.235
19.8181,83.0964,Odisha,KALAHANDI,0.645,0.121,0.235
20.1367,82.9786,Odisha,KALAHANDI,0.645,0.121,0.235
20.7018,86.5543,Odisha,KENDRAPARA,0.39,0.104,0.505
20.4766,86.4471,Odisha,KENDRAPARA,0.39,0.104,0.505
20.6735,86.6069,Odisha,KENDRAPARA,0.39,0.104,0.505
20.6559,86.5061,Odisha,KENDRAPARA,0.39,0.104,0.505
20.4621,86.5737,Odisha,KENDRAPARA,0.39,0.104,0.505
20.4577,84.3467,Odisha,KANDHAMAL,0.77,0.018,0.212
19.8652,83.6981,Odisha,KANDHAMAL,0.77,0.018,0.212
20.0329,83.757,Odisha,KANDHAMAL,0.77,0.018,0.212
20.5293,84.2736,Odisha,KANDHAMAL,0.77,0.018,0.212
20.1498,84.0126,Odisha,KANDHAMAL,0.77,0.018,0.212
20.1363,85.6567,Odisha,KHORDHA,0.64,0.016,0.343
20.1891,85.2775,Odisha,KHORDHA,0.64,0.016,0.343
19.9037,85.4807,Odisha,KHORDHA,0.64,0.016,0.343
20.1611,85.8887,Odisha,KHORDHA,0.64,0.016,0.343
20.143,85.9748,Odisha,KHORDHA,0.64,0.016,0.343
21.4855,85.8639,Odisha,KENDUJHAR,0.652,0.19,0.158
21.5507,85.4409,Odisha,KENDUJHAR,0.652,0.19,0.158
21.1611,86.1347,Odisha,KENDUJHAR,0.652,0.19,0.158
21.2886,85.4127,Odisha,KENDUJHAR,0.652,0.19,0.158
21.8652,85.532,Odisha,KENDUJHAR,0.652,0.19,0.158
18.898,82.9231,Odisha,KORAPUT,0.679,0.129,0.192
19.1528,82.277,Odisha,KORAPUT,0.679,0.129,0.192
18.7258,82.1299,Odisha,KORAPUT,0.679,0.129,0.192
18.9321,83.2095,Odisha,KORAPUT,0.679,0.129,0.192
18.6556,82.3986,Odisha,KORAPUT,0.679,0.129,0.192
18.2244,82.0339,Odisha,MALKANGIRI,0.635,0.115,0.25
18.6312,82.0276,Odisha,MALKANGIRI,0.635,0.115,0.25
17.9893,81.6069,Odisha,MALKANGIRI,0.635,0.115,0.25
18.4057,82.1853,Odisha,MALKANGIRI,0.635,0.115,0.25
18.3979,82.0107,Odisha,MALKANGIRI,0.635,0.115,0.25
21.48,86.227,Odisha,MAYURBHANJ,0.648,0.158,0.194
21.4384,86.3558,Odisha,MAYURBHANJ,0.648,0.158,0.194
21.986,86.3601,Odisha,MAYURBHANJ,0.648,0.158,0.194
22.0242,85.965,Odisha,MAYURBHANJ,0.648,0.158,0.194
22.1051,86.7759,Odisha,MAYURBHANJ,0.648,0.158,0.194
19.5255,82.4841,Odisha,NABARANGPUR,0.654,0.127,0.219
19.9701,82.0467,Odisha,NABARANGPUR,0.654,0.127,0.219
19.9539,82.2621,Odisha,NABARANGPUR,0.654,0.127,0.219
19.5007,82.5723,Odisha,NABARANGPUR,0.654,0.127,0.219
20.0584,81.9355,Odisha,NABARANGPUR,0.654,0.127,0.219
20.4393,84.883,Odisha,NAYAGARH,0.638,0.131,0.231
20.4436,84.7683,Odisha,NAYAGARH,0.638,0.131,0.231
20.0845,85.3142,Odisha,NAYAGARH,0.638,0.131,0.231
20.0066,85.3531,Odisha,NAYAGARH,0.638,0.131,0.231
19.9596,84.973,Odisha,NAYAGARH,0.638,0.131,0.231
20.7075,82.3508,Odisha,NUAPADA,0.684,0.097,0.219
20.1433,82.6195,Odisha,NUAPADA,0.684,0.097,0.219
20.3917,82.5472,Odisha,NUAPADA,0.684,0.097,0.219
20.293,82.7796,Odisha,NUAPADA,0.684,0.097,0.219
20.0836,82.5319,Odisha,NUAPADA,0.684,0.097,0.219
19.3571,83.9444,Odisha,RAYAGADA,0.834,0.062,0.105
19.2976,83.5675,Odisha,RAYAGADA,0.834,0.062,0.105
19.5951,83.6996,Odisha,RAYAGADA,0.834,0.062,0.105
19.2009,83.2815,Odisha,RAYAGADA,0.834,0.062,0.105
19.2587,83.316,Odisha,RAYAGADA,0.834,0.062,0.105
19.7485,85.2418,Odisha,PURI,0.308,0.062,0.63
19.9951,85.9307,Odisha,PURI,0.308,0.062,0.63
19.9296,85.6792,Odisha,PURI,0.308,0.062,0.63
20.1287,85.6796,Odisha,PURI,0.308,0.062,0.63
20.001,85.9593,Odisha,PURI,0.308,0.062,0.63
21.5963,84.1655,Odisha,SAMBALPUR,0.584,0.083,0.332
21.7547,84.4757,Odisha,SAMBALPUR,0.584,0.083,0.332
21.3059,83.9901,Odisha,SAMBALPUR,0.584,0.083,0.332
21.2277,84.5261,Odisha,SAMBALPUR,0.584,0.083,0.332
21.2363,84.4107,Odisha,SAMBALPUR,0.584,0.083,0.332
20.6883,83.6993,Odisha,SONEPUR,0.492,0.111,0.398
20.8915,84.1202,Odisha,SONEPUR,0.492,0.111,0.398
21.1369,83.8987,Odisha,SONEPUR,0.492,0.111,0.398
20.6613,83.6803,Odisha,SONEPUR,0.492,0.111,0.398
20.9953,84.1015,Odisha,SONEPUR,0.492,0.111,0.398
22.3349,85.0472,Odisha,SUNDARGARH,0.661,0.109,0.23
21.9551,84.9921,Odisha,SUNDARGARH,0.661,0.109,0.23
22.2165,84.9873,Odisha,SUNDARGARH,0.661,0.109,0.23
21.6543,84.7748,Odisha,SUNDARGARH,0.661,0.109,0.23
22.2239,84.9193,Odisha,SUNDARGARH,0.661,0.109,0.23
10.8284,79.8276,Puducherry,KARAIKAL,0.094,0.675,0.231
10.8833,79.8003,Puducherry,KARAIKAL,0.094,0.675,0.231
10.8839,79.7862,Puducherry,KARAIKAL,0.094,0.675,0.231
10.9325,79.7644,Puducherry,KARAIKAL,0.094,0.675,0.231
10.8416,79.8303,Puducherry,KARAIKAL,0.094,0.675,0.231
11.8786,79.7589,Puducherry,PONDICHERRY,0.307,0.361,0.331
11.9206,79.7361,Puducherry,PONDICHERRY,0.307,0.361,0.331
11.8471,79.7888,Puducherry,PONDICHERRY,0.307,0.361,0.331
11.9238,79.76,Puducherry,PONDICHERRY,0.307,0.361,0.331
11.9624,79.7001,Puducherry,PONDICHERRY,0.307,0.361,0.331
16.6959,82.2603,Puducherry,YANAM,0.602,0.334,0.064
16.7214,82.2158,Puducherry,YANAM,0.602,0.334,0.064
16.7078,82.2431,Puducherry,YANAM,0.602,0.334,0.064
16.7245,82.3011,Puducherry,YANAM,0.602,0.334,0.064
16.7269,82.2884,Puducherry,YANAM,0.602,0.334,0.064
31.4877,74.8759,Punjab,AMRITSAR,0.491,0.509,0.0
31.3767,74.8531,Punjab,AMRITSAR,0.491,0.509,0.0
31.1974,74.7758,Punjab,AMRITSAR,0.491,0.509,0.0
31.2384,74.8696,Punjab,AMRITSAR,0.491,0.509,0.0
31.5263,75.237,Punjab,AMRITSAR,0.491,0.509,0.0
29.8604,75.1124,Punjab,BATHINDA,0.503,0.497,0.0
30.2136,75.2327,Punjab,BATHINDA,0.503,0.497,0.0
30.1841,75.1297,Punjab,BATHINDA,0.503,0.497,0.0
30.1878,75.3033,Punjab,BATHINDA,0.503,0.497,0.0
29.9506,74.9649,Punjab,BATHINDA,0.503,0.497,0.0
30.4769,75.011,Punjab,FARIDKOT,0.501,0.499,0.0
30.5691,74.7932,Punjab,FARIDKOT,0.501,0.499,0.0
30.6132,74.9058,Punjab,FARIDKOT,0.501,0.499,0.0
30.7397,74.8041,Punjab,FARIDKOT,0.501,0.499,0.0
30.4888,74.9032,Punjab,FARIDKOT,0.501,0.499,0.0
30.0076,74.0704,Punjab,FIROZEPUR,0.5,0.5,0.0
30.9576,74.9781,Punjab,FIROZEPUR,0.5,0.5,0.0
30.818,74.4481,Punjab,FIROZEPUR,0.5,0.5,0.0
30.9515,75.0461,Punjab,FIROZEPUR,0.5,0.5,0.0
29.9519,74.3726,Punjab,FIROZEPUR,0.5,0.5,0.0
30.6887,76.4913,Punjab,FATEHGARH SAHIB,0.505,0.495,0.0
30.6315,76.3922,Punjab,FATEHGARH SAHIB,0.505,0.495,0.0
30.7255,76.3639,Punjab,FATEHGARH SAHIB,0.505,0.495,0.0
30.6208,76.1943,Punjab,FATEHGARH SAHIB,0.505,0.495,0.0
30.5916,76.3538,Punjab,FATEHGARH SAHIB,0.505,0.495,0.0
31.9157,75.104,Punjab,GURDASPUR,0.485,0.515,0.0
31.8246,75.5147,Punjab,GURDASPUR,0.485,0.515,0.0
32.347,75.7086,Punjab,GURDASPUR,0.485,0.515,0.0
32.2854,75.6178,Punjab,GURDASPUR,0.485,0.515,0.0
32.1289,75.5001,Punjab,GURDASPUR,0.485,0.515,0.0
31.8078,75.7131,Punjab,HOSHIARPUR,0.471,0.529,0.0
31.7506,75.9089,Punjab,HOSHIARPUR,0.471,0.529,0.0
31.8707,75.7163,Punjab,HOSHIARPUR,0.471,0.529,0.0
31.7351,75.7542,Punjab,HOSHIARPUR,0.471,0.529,0.0
32.0404,75.6543,Punjab,HOSHIARPUR,0.471,0.529,0.0
31.023,75.474,Punjab,JALANDHAR,0.51,0.49,0.0
31.16,75.6852,Punjab,JALANDHAR,0.51,0.49,0.0
31.0616,75.6409,Punjab,JALANDHAR,0.51,0.49,0.0
31.1504,75.7588,Punjab,JALANDHAR,0.51,0.49,0.0
31.1334,75.5329,Punjab,JALANDHAR,0.51,0.49,0.0
31.3054,75.3424,Punjab,KAPURTHALA,0.524,0.476,0.0
31.2632,75.1614,Punjab,KAPURTHALA,0.524,0.476,0.0
31.6166,75.4611,Punjab,KAPURTHALA,0.524,0.476,0.0
31.2056,75.1791,Punjab,KAPURTHALA,0.524,0.476,0.0
31.3561,75.2338,Punjab,KAPURTHALA,0.524,0.476,0.0
30.676,76.1138,Punjab,LUDHIANA,0.507,0.493,0.0
30.6624,75.6189,Punjab,LUDHIANA,0.507,0.493,0.0
30.9133,75.8996,Punjab,LUDHIANA,0.507,0.493,0.0
30.8137,75.4063,Punjab,LUDHIANA,0.507,0.493,0.0
30.92,76.2768,Punjab,LUDHIANA,0.507,0.493,0.0
29.9878,75.5102,Punjab,MANSA,0.498,0.502,0.0
30.0228,75.3492,Punjab,MANSA,0.498,0.502,0.0
29.9742,75.4271,Punjab,MANSA,0.498,0.502,0.0
29.8869,75.2907,Punjab,MANSA,0.498,0.502,0.0
29.805,75.2938,Punjab,MANSA,0.498,0.502,0.0
30.5132,75.2664,Punjab,MOGA,0.508,0.492,0.0
30.8922,75.093,Punjab,MOGA,0.508,0.492,0.0
30.9566,75.1314,Punjab,MOGA,0.508,0.492,0.0
30.6824,74.9329,Punjab,MOGA,0.508,0.492,0.0
30.6912,75.0239,Punjab,MOGA,0.508,0.492,0.0
29.9902,74.4253,Punjab,MUKTSAR,0.501,0.499,0.0
30.4244,74.3222,Punjab,MUKTSAR,0.501,0.499,0.0
30.5006,74.3746,Punjab,MUKTSAR,0.501,0.499,0.0
30.3185,74.6036,Punjab,MUKTSAR,0.501,0.499,0.0
30.2376,74.6524,Punjab,MUKTSAR,0.501,0.499,0.0
31.1989,76.2305,Punjab,NAWANSHAHR,0.472,0.528,0.0
30.9991,76.2982,Punjab,NAWANSHAHR,0.472,0.528,0.0
31.2275,75.9865,Punjab,NAWANSHAHR,0.472,0.528,0.0
31.0795,76.1373,Punjab,NAWANSHAHR,0.472,0.528,0.0
31.0324,76.2448,Punjab,NAWANSHAHR,0.472,0.528,0.0
30.3802,76.6086,Punjab,PATIALA,0.499,0.501,0.0
30.1801,76.2896,Punjab,PATIALA,0.499,0.501,0.0
30.0288,76.0738,Punjab,PATIALA,0.499,0.501,0.0
30.39,76.1487,Punjab,PATIALA,0.499,0.501,0.0
30.5046,76.9042,Punjab,PATIALA,0.499,0.501,0.0
30.8546,76.5555,Punjab,RUPNAGAR,0.473,0.527,0.0
30.9004,76.6177,Punjab,RUPNAGAR,0.473,0.527,0.0
31.3902,76.3483,Punjab,RUPNAGAR,0.473,0.527,0.0
30.9591,76.5772,Punjab,RUPNAGAR,0.473,0.527,0.0
31.1297,76.4564,Punjab,RUPNAGAR,0.473,0.527,0.0
30.0214,75.8326,Punjab,SANGRUR,0.498,0.502,0.0
29.8759,75.999,Punjab,SANGRUR,0.498,0.502,0.0
30.239,75.6967,Punjab,SANGRUR,0.498,0.502,0.0
30.3856,75.8333,Punjab,SANGRUR,0.498,0.502,0.0
30.4992,75.9626,Punjab,SANGRUR,0.498,0.502,0.0
26.3696,74.3727,Rajasthan,AJMER,0.656,0.344,0.0
26.8897,74.9295,Rajasthan,AJMER,0.656,0.344,0.0
26.0725,74.5285,Rajasthan,AJMER,0.656,0.344,0.0
26.5769,74.9091,Rajasthan,AJMER,0.656,0.344,0.0
25.7809,75.1786,Rajasthan,AJMER,0.656,0.344,0.0
27.9958,76.7265,Rajasthan,ALWAR,0.434,0.566,0.0
27.5431,76.8657,Rajasthan,ALWAR,0.434,0.566,0.0
27.2447,76.3609,Rajasthan,ALWAR,0.434,0.566,0.0
27.293,76.8343,Rajasthan,ALWAR,0.434,0.566,0.0
27.5299,76.3272,Rajasthan,ALWAR,0.434,0.566,0.0
23.2112,74.3089,Rajasthan,BANSWARA,0.69,0.31,0.0
23.5394,74.5693,Rajasthan,BANSWARA,0.69,0.31,0.0
23.706,74.4614,Rajasthan,BANSWARA,0.69,0.31,0.0
23.6435,74.1497,Rajasthan,BANSWARA,0.69,0.31,0.0
23.5272,74.3103,Rajasthan,BANSWARA,0.69,0.31,0.0
25.1598,76.4107,Rajasthan,BARAN,0.543,0.457,0.0
24.6166,76.637,Rajasthan,BARAN,0.543,0.457,0.0
25.3126,77.1839,Rajasthan,BARAN,0.543,0.457,0.0
25.2185,76.9549,Rajasthan,BARAN,0.543,0.457,0.0
25.2631,77.1158,Rajasthan,BARAN,0.543,0.457,0.0
26.1638,70.5455,Rajasthan,BARMER,0.974,0.026,0.0
25.8997,70.9025,Rajasthan,BARMER,0.974,0.026,0.0
25.5784,72.5178,Rajasthan,BARMER,0.974,0.026,0.0
25.2303,71.3641,Rajasthan,BARMER,0.974,0.026,0.0
25.2723,71.4748,Rajasthan,BARMER,0.974,0.026,0.0
27.6957,77.2725,Rajasthan,BHARATPUR,0.332,0.668,0.0
27.0014,77.0943,Rajasthan,BHARATPUR,0.332,0.668,0.0
27.0018,77.4364,Rajasthan,BHARATPUR,0.332,0.668,0.0
27.3821,77.4458,Rajasthan,BHARATPUR,0.332,0.668,0.0
27.4918,77.1501,Rajasthan,BHARATPUR,0.332,0.668,0.0
25.4065,75.2474,Rajasthan,BHILWARA,0.634,0.366,0.0
25.5361,75.3542,Rajasthan,BHILWARA,0.634,0.366,0.0
25.53,74.4213,Rajasthan,BHILWARA,0.634,0.366,0.0
25.2721,74.4459,Rajasthan,BHILWARA,0.634,0.366,0.0
25.3452,74.2427,Rajasthan,BHILWARA,0.634,0.366,0.0
28.7122,72.6293,Rajasthan,BIKANER,0.598,0.402,0.0
28.7056,73.5758,Rajasthan,BIKANER,0.598,0.402,0.0
27.9919,72.463,Rajasthan,BIKANER,0.598,0.402,0.0
28.8059,74.0007,Rajasthan,BIKANER,0.598,0.402,0.0
28.0062,73.3597,Rajasthan,BIKANER,0.598,0.402,0.0
25.689,76.2863,Rajasthan,BUNDI,0.507,0.493,0.0
25.4697,75.4287,Rajasthan,BUNDI,0.507,0.493,0.0
25.4812,75.4736,Rajasthan,BUNDI,0.507,0.493,0.0
25.6669,75.6813,Rajasthan,BUNDI,0.507,0.493,0.0
25.632,75.9369,Rajasthan,BUNDI,0.507,0.493,0.0
24.8918,74.2166,Rajasthan,CHITTORGARH,0.562,0.438,0.0
24.7243,74.7687,Rajasthan,CHITTORGARH,0.562,0.438,0.0
24.8818,74.4193,Rajasthan,CHITTORGARH,0.562,0.438,0.0
25.0747,74.9836,Rajasthan,CHITTORGARH,0.562,0.438,0.0
24.7412,74.5982,Rajasthan,CHITTORGARH,0.562,0.438,0.0
28.2018,74.0379,Rajasthan,CHURU,0.747,0.253,0.0
28.9117,75.4406,Rajasthan,CHURU,0.747,0.253,0.0
27.7164,74.1015,Rajasthan,CHURU,0.747,0.253,0.0
28.8973,74.9444,Rajasthan,CHURU,0.747,0.253,0.0
28.0287,74.5785,Rajasthan,CHURU,0.747,0.253,0.0
26.8275,76.4849,Rajasthan,DAUSA,0.545,0.455,0.0
27.0796,76.5112,Rajasthan,DAUSA,0.545,0.455,0.0
27.057,76.6602,Rajasthan,DAUSA,0.545,0.455,0.0
26.7916,76.622,Rajasthan,DAUSA,0.545,0.455,0.0
27.0745,76.7815,Rajasthan,DAUSA,0.545,0.455,0.0
26.8791,77.7583,Rajasthan,DHOLPUR,0.422,0.578,0.0
26.679,77.7886,Rajasthan,DHOLPUR,0.422,0.578,0.0
26.6387,77.4604,Rajasthan,DHOLPUR,0.422,0.578,0.0
26.6813,77.7888,Rajasthan,DHOLPUR,0.422,0.578,0.0
26.9179,78.1885,Rajasthan,DHOLPUR,0.422,0.578,0.0
23.8697,73.7526,Rajasthan,DUNGARPUR,0.669,0.331,0.0
23.9017,73.5959,Rajasthan,DUNGARPUR,0.669,0.331,0.0
23.7805,73.6086,Rajasthan,DUNGARPUR,0.669,0.331,0.0
23.7233,73.7263,Rajasthan,DUNGARPUR,0.669,0.331,0.0
23.341,73.8976,Rajasthan,DUNGARPUR,0.669,0.331,0.0
29.4149,73.8826,Rajasthan,GANGANAGAR,0.272,0.728,0.0
29.3373,73.1727,Rajasthan,GANGANAGAR,0.272,0.728,0.0
29.6952,74.0214,Rajasthan,GANGANAGAR,0.272,0.728,0.0
28.9668,73.966,Rajasthan,GANGANAGAR,0.272,0.728,0.0
29.4622,73.6822,Rajasthan,GANGANAGAR,0.272,0.728,0.0
29.4566,74.2863,Rajasthan,HANUMANGARH,0.407,0.593,0.0
29.4752,74.4064,Rajasthan,HANUMANGARH,0.407,0.593,0.0
29.048,74.5569,Rajasthan,HANUMANGARH,0.407,0.593,0.0
29.3439,74.1845,Rajasthan,HANUMANGARH,0.407,0.593,0.0
29.1767,75.2944,Rajasthan,HANUMANGARH,0.407,0.593,0.0
26.8872,75.4672,Rajasthan,JAIPUR,0.595,0.405,0.0
27.3037,75.9729,Rajasthan,JAIPUR,0.595,0.405,0.0
27.1327,75.4824,Rajasthan,JAIPUR,0.595,0.405,0.0
26.8344,76.216,Rajasthan,JAIPUR,0.595,0.405,0.0
27.2992,75.866,Rajasthan,JAIPUR,0.595,0.405,0.0
26.503,70.3446,Rajasthan,JAISALMER,0.493,0.507,0.0
27.0918,71.06,Rajasthan,JAISALMER,0.493,0.507,0.0
27.2569,71.2173,Rajasthan,JAISALMER,0.493,0.507,0.0
26.7204,70.1495,Rajasthan,JAISALMER,0.493,0.507,0.0
27.7161,70.6175,Rajasthan,JAISALMER,0.493,0.507,0.0
25.3423,72.5165,Rajasthan,JALORE,0.794,0.206,0.0
24.721,71.9724,Rajasthan,JALORE,0.794,0.206,0.0
24.9785,71.4607,Rajasthan,JALORE,0.794,0.206,0.0
24.6212,72.1856,Rajasthan,JALORE,0.794,0.206,0.0
25.4652,72.9785,Rajasthan,JALORE,0.794,0.206,0.0
24.2574,76.0015,Rajasthan,JHALAWAR,0.658,0.342,0.0
24.2327,76.1269,Rajasthan,JHALAWAR,0.658,0.342,0.0
24.3986,76.5875,Rajasthan,JHALAWAR,0.658,0.342,0.0
24.8072,76.2837,Rajasthan,JHALAWAR,0.658,0.342,0.0
24.3135,76.6456,Rajasthan,JHALAWAR,0.658,0.342,0.0
27.8805,75.7139,Rajasthan,JHUNJHUNU,0.551,0.449,0.0
27.8902,75.3301,Rajasthan,JHUNJHUNU,0.551,0.449,0.0
28.487,75.6359,Rajasthan,JHUNJHUNU,0.551,0.449,0.0
28.4053,75.5681,Rajasthan,JHUNJHUNU,0.551,0.449,0.0
27.8122,75.6533,Rajasthan,JHUNJHUNU,0.551,0.449,0.0
27.3711,72.7979,Rajasthan,JODHPUR,0.807,0.193,0.0
26.401,72.7095,Rajasthan,JODHPUR,0.807,0.193,0.0
26.722,72.2445,Rajasthan,JODHPUR,0.807,0.193,0.0
26.4586,73.4416,Rajasthan,JODHPUR,0.807,0.193,0.0
26.5148,73.0994,Rajasthan,JODHPUR,0.807,0.193,0.0
26.2688,76.9642,Rajasthan,KARAULI,0.469,0.531,0.0
26.9379,76.8157,Rajasthan,KARAULI,0.469,0.531,0.0
26.4128,77.2829,Rajasthan,KARAULI,0.469,0.531,0.0
26.3259,77.1399,Rajasthan,KARAULI,0.469,0.531,0.0
26.7617,77.2339,Rajasthan,KARAULI,0.469,0.531,0.0
25.542,76.3746,Rajasthan,KOTA,0.548,0.452,0.0
25.3492,76.2744,Rajasthan,KOTA,0.548,0.452,0.0
24.8032,76.0375,Rajasthan,KOTA,0.548,0.452,0.0
25.1952,75.8175,Rajasthan,KOTA,0.548,0.452,0.0
24.5568,75.9318,Rajasthan,KOTA,0.548,0.452,0.0
27.0923,74.0377,Rajasthan,NAGAUR,0.865,0.135,0.0
26.9447,74.4567,Rajasthan,NAGAUR,0.865,0.135,0.0
26.9227,74.5531,Rajasthan,NAGAUR,0.865,0.135,0.0
26.9967,73.2937,Rajasthan,NAGAUR,0.865,0.135,0.0
27.1345,73.1844,Rajasthan,NAGAUR,0.865,0.135,0.0
24.9586,73.2337,Rajasthan,PALI,0.703,0.297,0.0
26.09,73.7848,Rajasthan,PALI,0.703,0.297,0.0
25.6991,73.2751,Rajasthan,PALI,0.703,0.297,0.0
25.7931,73.6421,Rajasthan,PALI,0.703,0.297,0.0
26.0083,74.16,Rajasthan,PALI,0.703,0.297,0.0
24.8976,73.6361,Rajasthan,RAJSAMAND,0.683,0.317,0.0
25.4761,73.8021,Rajasthan,RAJSAMAND,0.683,0.317,0.0
24.9246,73.9661,Rajasthan,RAJSAMAND,0.683,0.317,0.0
25.1028,73.5599,Rajasthan,RAJSAMAND,0.683,0.317,0.0
25.3912,73.8554,Rajasthan,RAJSAMAND,0.683,0.317,0.0
26.642,76.9235,Rajasthan,SAWAI MADHOPUR,0.385,0.615,0.0
25.9654,76.6708,Rajasthan,SAWAI MADHOPUR,0.385,0.615,0.0
25.9894,76.691,Rajasthan,SAWAI MADHOPUR,0.385,0.615,0.0
26.3654,76.192,Rajasthan,SAWAI MADHOPUR,0.385,0.615,0.0
26.3107,76.4581,Rajasthan,SAWAI MADHOPUR,0.385,0.615,0.0
27.9643,74.8098,Rajasthan,SIKAR,0.64,0.36,0.0
27.4485,75.685,Rajasthan,SIKAR,0.64,0.36,0.0
28.077,74.9169,Rajasthan,SIKAR,0.64,0.36,0.0
27.86,75.2097,Rajasthan,SIKAR,0.64,0.36,0.0
27.6877,75.9498,Rajasthan,SIKAR,0.64,0.36,0.0
24.6425,72.9308,Rajasthan,SIROHI,0.761,0.239,0.0
24.9944,72.9513,Rajasthan,SIROHI,0.761,0.239,0.0
24.5936,72.704,Rajasthan,SIROHI,0.761,0.239,0.0
24.7103,72.4957,Rajasthan,SIROHI,0.761,0.239,0.0
24.7236,72.3663,Rajasthan,SIROHI,0.761,0.239,0.0
26.1549,75.3971,Rajasthan,TONK,0.436,0.564,0.0
26.0227,75.9172,Rajasthan,TONK,0.436,0.564,0.0
26.4389,75.9551,Rajasthan,TONK,0.436,0.564,0.0
26.1714,75.566,Rajasthan,TONK,0.436,0.564,0.0
26.2779,75.9741,Rajasthan,TONK,0.436,0.564,0.0
24.7795,73.4864,Rajasthan,UDAIPUR,0.725,0.275,0.0
24.2311,74.035,Rajasthan,UDAIPUR,0.725,0.275,0.0
24.5158,73.4232,Rajasthan,UDAIPUR,0.725,0.275,0.0
24.1401,74.034,Rajasthan,UDAIPUR,0.725,0.275,0.0
24.1208,73.7731,Rajasthan,UDAIPUR,0.725,0.275,0.0
27.3446,88.8768,Sikkim,EAST DISTRICT,0.865,0.135,0.0
27.2984,88.6223,Sikkim,EAST DISTRICT,0.865,0.135,0.0
27.2037,88.7422,Sikkim,EAST DISTRICT,0.865,0.135,0.0
27.271,88.5499,Sikkim,EAST DISTRICT,0.865,0.135,0.0
27.3162,88.5038,Sikkim,EAST DISTRICT,0.865,0.135,0.0
27.9762,88.4496,Sikkim,NORTH DISTRICT,0.85,0.15,0.0
27.843,88.6141,Sikkim,NORTH DISTRICT,0.85,0.15,0.0
27.9726,88.7485,Sikkim,NORTH DISTRICT,0.85,0.15,0.0
27.6241,88.7981,Sikkim,NORTH DISTRICT,0.85,0.15,0.0
27.7302,88.4831,Sikkim,NORTH DISTRICT,0.85,0.15,0.0
27.2871,88.4105,Sikkim,SOUTH DISTRICT,0.918,0.082,0.0
27.4344,88.2953,Sikkim,SOUTH DISTRICT,0.918,0.082,0.0
27.3845,88.3735,Sikkim,SOUTH DISTRICT,0.918,0.082,0.0
27.3925,88.4297,Sikkim,SOUTH DISTRICT,0.918,0.082,0.0
27.1144,88.4664,Sikkim,SOUTH DISTRICT,0.918,0.082,0.0
27.4436,88.1879,Sikkim,WEST DISTRICT,0.927,0.073,0.0
27.3724,88.1359,Sikkim,WEST DISTRICT,0.927,0.073,0.0
27.2749,88.1703,Sikkim,WEST DISTRICT,0.927,0.073,0.0
27.1632,88.1969,Sikkim,WEST DISTRICT,0.927,0.073,0.0
27.5053,88.2352,Sikkim,WEST DISTRICT,0.927,0.073,0.0
11.2817,79.4742,Tamil Nadu,ARIYALUR,0.957,0.043,0.0
11.0842,79.3261,Tamil Nadu,ARIYALUR,0.957,0.043,0.0
11.338,79.1769,Tamil Nadu,ARIYALUR,0.957,0.043,0.0
11.1557,79.3784,Tamil Nadu,ARIYALUR,0.957,0.043,0.0
11.1916,79.2783,Tamil Nadu,ARIYALUR,0.957,0.043,0.0
11.1115,77.2544,Tamil Nadu,COIMBATORE,0.911,0.089,0.0
10.857,77.1219,Tamil Nadu,COIMBATORE,0.911,0.089,0.0
10.9514,77.445,Tamil Nadu,COIMBATORE,0.911,0.089,0.0
10.7985,77.0032,Tamil Nadu,COIMBATORE,0.911,0.089,0.0
10.2591,76.9522,Tamil Nadu,COIMBATORE,0.911,0.089,0.0
11.4205,79.6364,Tamil Nadu,CUDDALORE,0.884,0.116,0.0
11.7579,79.5587,Tamil Nadu,CUDDALORE,0.884,0.116,0.0
11.2706,79.5404,Tamil Nadu,CUDDALORE,0.884,0.116,0.0
11.2922,79.572,Tamil Nadu,CUDDALORE,0.884,0.116,0.0
11.5185,79.2558,Tamil Nadu,CUDDALORE,0.884,0.116,0.0
12.2877,77.7221,Tamil Nadu,DHARMAPURI,0.902,0.098,0.0
11.8527,78.6095,Tamil Nadu,DHARMAPURI,0.902,0.098,0.0
12.3203,77.7278,Tamil Nadu,DHARMAPURI,0.902,0.098,0.0
12.434,77.9495,Tamil Nadu,DHARMAPURI,0.902,0.098,0.0
12.2445,78.3151,Tamil Nadu,DHARMAPURI,0.902,0.098,0.0
10.4541,77.5437,Tamil Nadu,DINDIGUL,0.7,0.3,0.0
10.1953,77.913,Tamil Nadu,DINDIGUL,0.7,0.3,0.0
10.3622,78.249,Tamil Nadu,DINDIGUL,0.7,0.3,0.0
10.7088,78.0629,Tamil Nadu,DINDIGUL,0.7,0.3,0.0
10.3711,78.1227,Tamil Nadu,DINDIGUL,0.7,0.3,0.0
11.9086,77.607,Tamil Nadu,ERODE,0.966,0.034,0.0
11.4406,77.3003,Tamil Nadu,ERODE,0.966,0.034,0.0
11.1033,77.8684,Tamil Nadu,ERODE,0.966,0.034,0.0
11.4909,77.1731,Tamil Nadu,ERODE,0.966,0.034,0.0
10.7772,77.3234,Tamil Nadu,ERODE,0.966,0.034,0.0
12.3364,79.6535,Tamil Nadu,KANCHIPURAM,0.953,0.047,0.0
12.924,79.9156,Tamil Nadu,KANCHIPURAM,0.953,0.047,0.0
12.5361,80.0576,Tamil Nadu,KANCHIPURAM,0.953,0.047,0.0
12.6152,79.8342,Tamil Nadu,KANCHIPURAM,0.953,0.047,0.0
12.3434,79.9558,Tamil Nadu,KANCHIPURAM,0.953,0.047,0.0
8.2759,77.213,Tamil Nadu,KANNIYAKUMARI,0.966,0.033,0.001
8.2267,77.3588,Tamil Nadu,KANNIYAKUMARI,0.966,0.033,0.001
8.2457,77.2885,Tamil Nadu,KANNIYAKUMARI,0.966,0.033,0.001
8.4676,77.2654,Tamil Nadu,KANNIYAKUMARI,0.966,0.033,0.001
8.4317,77.3549,Tamil Nadu,KANNIYAKUMARI,0.966,0.033,0.001
10.6376,78.2269,Tamil Nadu,KARUR,0.898,0.1,0.002
10.7443,78.2734,Tamil Nadu,KARUR,0.898,0.1,0.002
10.7902,78.3446,Tamil Nadu,KARUR,0.898,0.1,0.002
10.8985,78.2855,Tamil Nadu,KARUR,0.898,0.1,0.002
10.7334,78.1406,Tamil Nadu,KARUR,0.898,0.1,0.002
9.7752,77.7153,Tamil Nadu,MADURAI,0.924,0.076,0.0
9.7151,77.7001,Tamil Nadu,MADURAI,0.924,0.076,0.0
9.7309,77.967,Tamil Nadu,MADURAI,0.924,0.076,0.0
9.9677,77.7983,Tamil Nadu,MADURAI,0.924,0.076,0.0
10.0228,78.0903,Tamil Nadu,MADURAI,0.924,0.076,0.0
11.1091,79.7484,Tamil Nadu,NAGAPATTINAM,0.75,0.25,0.0
11.0674,79.7701,Tamil Nadu,NAGAPATTINAM,0.75,0.25,0.0
10.3615,79.7839,Tamil Nadu,NAGAPATTINAM,0.75,0.25,0.0
10.4164,79.6853,Tamil Nadu,NAGAPATTINAM,0.75,0.25,0.0
10.7194,79.8358,Tamil Nadu,NAGAPATTINAM,0.75,0.25,0.0
11.1885,78.0421,Tamil Nadu,NAMAKKAL,0.87,0.13,0.0
11.2092,77.8674,Tamil Nadu,NAMAKKAL,0.87,0.13,0.0
11.407,77.8917,Tamil Nadu,NAMAKKAL,0.87,0.13,0.0
11.1266,77.9965,Tamil Nadu,NAMAKKAL,0.87,0.13,0.0
11.1254,77.9598,Tamil Nadu,NAMAKKAL,0.87,0.13,0.0
11.204,76.458,Tamil Nadu,THE NILGIRIS,0.952,0.047,0.001
11.5747,76.3125,Tamil Nadu,THE NILGIRIS,0.952,0.047,0.001
11.2039,76.5774,Tamil Nadu,THE NILGIRIS,0.952,0.047,0.001
11.6224,76.3908,Tamil Nadu,THE NILGIRIS,0.952,0.047,0.001
11.5948,76.638,Tamil Nadu,THE NILGIRIS,0.952,0.047,0.001
11.0916,78.818,Tamil Nadu,PERAMBALUR,0.948,0.052,0.0
11.3148,78.6979,Tamil Nadu,PERAMBALUR,0.948,0.052,0.0
11.2523,78.7879,Tamil Nadu,PERAMBALUR,0.948,0.052,0.0
11.3081,78.8705,Tamil Nadu,PERAMBALUR,0.948,0.052,0.0
11.2144,78.9958,Tamil Nadu,PERAMBALUR,0.948,0.052,0.0
10.2175,78.7784,Tamil Nadu,PUDUKKOTTAI,0.944,0.055,0.001
10.4236,78.7105,Tamil Nadu,PUDUKKOTTAI,0.944,0.055,0.001
10.5025,79.1142,Tamil Nadu,PUDUKKOTTAI,0.944,0.055,0.001
10.1956,78.9657,Tamil Nadu,PUDUKKOTTAI,0.944,0.055,0.001
10.0469,79.2294,Tamil Nadu,PUDUKKOTTAI,0.944,0.055,0.001
9.2473,78.6911,Tamil Nadu,RAMANATHAPURAM,0.837,0.163,0.0
9.2877,79.2249,Tamil Nadu,RAMANATHAPURAM,0.837,0.163,0.0
9.418,78.5272,Tamil Nadu,RAMANATHAPURAM,0.837,0.163,0.0
9.32,79.0317,Tamil Nadu,RAMANATHAPURAM,0.837,0.163,0.0
9.2577,78.4393,Tamil Nadu,RAMANATHAPURAM,0.837,0.163,0.0
11.6942,78.2317,Tamil Nadu,SALEM,0.903,0.097,0.0
11.7839,77.9179,Tamil Nadu,SALEM,0.903,0.097,0.0
11.7934,78.631,Tamil Nadu,SALEM,0.903,0.097,0.0
11.5828,77.7925,Tamil Nadu,SALEM,0.903,0.097,0.0
11.5429,77.976,Tamil Nadu,SALEM,0.903,0.097,0.0
9.6571,78.3775,Tamil Nadu,SIVAGANGA,0.985,0.015,0.0
10.0183,78.624,Tamil Nadu,SIVAGANGA,0.985,0.015,0.0
9.8527,78.2664,Tamil Nadu,SIVAGANGA,0.985,0.015,0.0
9.8996,78.4892,Tamil Nadu,SIVAGANGA,0.985,0.015,0.0
9.7997,78.4757,Tamil Nadu,SIVAGANGA,0.985,0.015,0.0
10.6075,79.1733,Tamil Nadu,THANJAVUR,0.931,0.069,0.0
10.8744,79.0805,Tamil Nadu,THANJAVUR,0.931,0.069,0.0
10.8551,79.2095,Tamil Nadu,THANJAVUR,0.931,0.069,0.0
11.0412,79.4287,Tamil Nadu,THANJAVUR,0.931,0.069,0.0
10.7771,79.0627,Tamil Nadu,THANJAVUR,0.931,0.069,0.0
9.8628,77.458,Tamil Nadu,THENI,0.889,0.111,0.0
10.0309,77.5151,Tamil Nadu,THENI,0.889,0.111,0.0
10.0489,77.4533,Tamil Nadu,THENI,0.889,0.111,0.0
9.6178,77.4498,Tamil Nadu,THENI,0.889,0.111,0.0
10.0705,77.4978,Tamil Nadu,THENI,0.889,0.111,0.0
13.3521,80.269,Tamil Nadu,THIRUVALLUR,0.956,0.044,0.0
13.2851,80.0259,Tamil Nadu,THIRUVALLUR,0.956,0.044,0.0
13.2431,79.9062,Tamil Nadu,THIRUVALLUR,0.956,0.044,0.0
13.3523,80.2765,Tamil Nadu,THIRUVALLUR,0.956,0.044,0.0
13.2958,80.1312,Tamil Nadu,THIRUVALLUR,0.956,0.044,0.0
10.618,79.6311,Tamil Nadu,THIRUVARUR,0.707,0.293,0.0
10.3751,79.501,Tamil Nadu,THIRUVARUR,0.707,0.293,0.0
10.6108,79.6123,Tamil Nadu,THIRUVARUR,0.707,0.293,0.0
10.8517,79.4282,Tamil Nadu,THIRUVARUR,0.707,0.293,0.0
10.3957,79.526,Tamil Nadu,THIRUVARUR,0.707,0.293,0.0
8.6264,78.0265,Tamil Nadu,TUTICORIN,0.612,0.387,0.001
9.1692,77.9529,Tamil Nadu,TUTICORIN,0.612,0.387,0.001
9.0073,78.0342,Tamil Nadu,TUTICORIN,0.612,0.387,0.001
9.2737,78.042,Tamil Nadu,TUTICORIN,0.612,0.387,0.001
9.0665,77.8169,Tamil Nadu,TUTICORIN,0.612,0.387,0.001
11.1787,78.5998,Tamil Nadu,TIRUCHIRAPPALLI,0.935,0.064,0.0
10.3723,78.4173,Tamil Nadu,TIRUCHIRAPPALLI,0.935,0.064,0.0
11.2152,78.5098,Tamil Nadu,TIRUCHIRAPPALLI,0.935,0.064,0.0
11.0064,78.2484,Tamil Nadu,TIRUCHIRAPPALLI,0.935,0.064,0.0
11.0189,78.5487,Tamil Nadu,TIRUCHIRAPPALLI,0.935,0.064,0.0
8.6981,77.6076,Tamil Nadu,TIRUNELVELI,0.859,0.141,0.0
8.6121,77.7475,Tamil Nadu,TIRUNELVELI,0.859,0.141,0.0
8.9064,77.4665,Tamil Nadu,TIRUNELVELI,0.859,0.141,0.0
9.2414,77.4083,Tamil Nadu,TIRUNELVELI,0.859,0.141,0.0
9.2863,77.4401,Tamil Nadu,TIRUNELVELI,0.859,0.141,0.0
12.2725,79.1627,Tamil Nadu,TIRUVANNAMALAI,0.902,0.097,0.0
12.6344,79.5503,Tamil Nadu,TIRUVANNAMALAI,0.902,0.097,0.0
12.7061,79.2211,Tamil Nadu,TIRUVANNAMALAI,0.902,0.097,0.0
12.2679,78.8833,Tamil Nadu,TIRUVANNAMALAI,0.902,0.097,0.0
12.195,78.8796,Tamil Nadu,TIRUVANNAMALAI,0.902,0.097,0.0
12.711,78.6342,Tamil Nadu,VELLORE,0.918,0.082,0.0
12.6117,78.8148,Tamil Nadu,VELLORE,0.918,0.082,0.0
12.4728,78.6087,Tamil Nadu,VELLORE,0.918,0.082,0.0
12.8912,78.8496,Tamil Nadu,VELLORE,0.918,0.082,0.0
13.0488,79.2193,Tamil Nadu,VELLORE,0.918,0.082,0.0
12.287,79.7542,Tamil Nadu,VILLUPURAM,0.87,0.13,0.0
11.7876,79.4537,Tamil Nadu,VILLUPURAM,0.87,0.13,0.0
12.01,79.661,Tamil Nadu,VILLUPURAM,0.87,0.13,0.0
11.692,79.0478,Tamil Nadu,VILLUPURAM,0.87,0.13,0.0
11.7172,78.8322,Tamil Nadu,VILLUPURAM,0.87,0.13,0.0
9.4958,78.2696,Tamil Nadu,VIRUDHUNAGAR,0.739,0.261,0.0
9.3548,77.8991,Tamil Nadu,VIRUDHUNAGAR,0.739,0.261,0.0
9.3978,77.7276,Tamil Nadu,VIRUDHUNAGAR,0.739,0.261,0.0
9.4606,78.0364,Tamil Nadu,VIRUDHUNAGAR,0.739,0.261,0.0
9.6012,77.6477,Tamil Nadu,VIRUDHUNAGAR,0.739,0.261,0.0
23.9882,91.7997,Tripura,DHALAI,0.975,0.025,0.0
23.9374,91.8743,Tripura,DHALAI,0.975,0.025,0.0
23.7367,92.0725,Tripura,DHALAI,0.975,0.025,0.0
23.7725,91.8339,Tripura,DHALAI,0.975,0.025,0.0
24.1489,91.8577,Tripura,DHALAI,0.975,0.025,0.0
24.0724,92.294,Tripura,NORTH TRIPURA,0.973,0.027,0.0
24.1469,92.1083,Tripura,NORTH TRIPURA,0.973,0.027,0.0
23.9097,92.2941,Tripura,NORTH TRIPURA,0.973,0.027,0.0
24.0639,92.3152,Tripura,NORTH TRIPURA,0.973,0.027,0.0
24.4705,92.1853,Tripura,NORTH TRIPURA,0.973,0.027,0.0
23.2681,91.6063,Tripura,SOUTH TRIPURA,0.98,0.02,0.0
23.4491,91.7991,Tripura,SOUTH TRIPURA,0.98,0.02,0.0
23.3921,91.6532,Tripura,SOUTH TRIPURA,0.98,0.02,0.0
23.352,91.5199,Tripura,SOUTH TRIPURA,0.98,0.02,0.0
23.6507,91.6587,Tripura,SOUTH TRIPURA,0.98,0.02,0.0
24.0258,91.664,Tripura,WEST TRIPURA,0.989,0.011,0.0
23.9174,91.2911,Tripura,WEST TRIPURA,0.989,0.011,0.0
23.8232,91.7545,Tripura,WEST TRIPURA,0.989,0.011,0.0
23.4466,91.3763,Tripura,WEST TRIPURA,0.989,0.011,0.0
23.5251,91.2099,Tripura,WEST TRIPURA,0.989,0.011,0.0
27.0272,77.7849,Uttar Pradesh,AGRA,0.34,0.659,0.001
26.9354,78.2962,Uttar Pradesh,AGRA,0.34,0.659,0.001
27.115,78.1241,Uttar Pradesh,AGRA,0.34,0.659,0.001
26.9054,78.3021,Uttar Pradesh,AGRA,0.34,0.659,0.001
27.0794,78.0342,Uttar Pradesh,AGRA,0.34,0.659,0.001
27.9918,78.1849,Uttar Pradesh,ALIGARH,0.422,0.574,0.003
27.7448,78.2042,Uttar Pradesh,ALIGARH,0.422,0.574,0.003
27.8185,77.9227,Uttar Pradesh,ALIGARH,0.422,0.574,0.003
27.8553,78.0802,Uttar Pradesh,ALIGARH,0.422,0.574,0.003
27.8556,77.9296,Uttar Pradesh,ALIGARH,0.422,0.574,0.003
24.9878,82.0819,Uttar Pradesh,ALLAHABAD,0.436,0.559,0.006
25.7213,81.9572,Uttar Pradesh,ALLAHABAD,0.436,0.559,0.006
25.1524,82.0094,Uttar Pradesh,ALLAHABAD,0.436,0.559,0.006
24.9926,82.1459,Uttar Pradesh,ALLAHABAD,0.436,0.559,0.006
25.5331,81.6667,Uttar Pradesh,ALLAHABAD,0.436,0.559,0.006
26.555,82.3226,Uttar Pradesh,AMBEDKAR NAGAR,0.477,0.52,0.003
26.5403,82.793,Uttar Pradesh,AMBEDKAR NAGAR,0.477,0.52,0.003
26.2724,82.7654,Uttar Pradesh,AMBEDKAR NAGAR,0.477,0.52,0.003
26.4143,82.9745,Uttar Pradesh,AMBEDKAR NAGAR,0.477,0.52,0.003
26.3217,83.0437,Uttar Pradesh,AMBEDKAR NAGAR,0.477,0.52,0.003
26.5641,79.6326,Uttar Pradesh,AURAIYA,0.419,0.571,0.01
26.789,79.3994,Uttar Pradesh,AURAIYA,0.419,0.571,0.01
26.5362,79.5486,Uttar Pradesh,AURAIYA,0.419,0.571,0.01
26.4735,79.4998,Uttar Pradesh,AURAIYA,0.419,0.571,0.01
26.6743,79.5287,Uttar Pradesh,AURAIYA,0.419,0.571,0.01
26.1366,83.0642,Uttar Pradesh,AZAMGARH,0.479,0.52,0.001
25.9398,82.8675,Uttar Pradesh,AZAMGARH,0.479,0.52,0.001
26.1271,82.9794,Uttar Pradesh,AZAMGARH,0.479,0.52,0.001
26.082,83.1732,Uttar Pradesh,AZAMGARH,0.479,0.52,0.001
26.0259,83.0374,Uttar Pradesh,AZAMGARH,0.479,0.52,0.001
28.2812,78.4122,Uttar Pradesh,BUDAUN,0.439,0.558,0.003
28.1445,78.8821,Uttar Pradesh,BUDAUN,0.439,0.558,0.003
28.3326,78.8162,Uttar Pradesh,BUDAUN,0.439,0.558,0.003
27.7321,79.2928,Uttar Pradesh,BUDAUN,0.439,0.558,0.003
27.8092,79.2171,Uttar Pradesh,BUDAUN,0.439,0.558,0.003
28.9148,77.3279,Uttar Pradesh,BAGHPAT,0.127,0.87,0.002
28.9773,77.3912,Uttar Pradesh,BAGHPAT,0.127,0.87,0.002
28.9583,77.4074,Uttar Pradesh,BAGHPAT,0.127,0.87,0.002
29.1932,77.3253,Uttar Pradesh,BAGHPAT,0.127,0.87,0.002
28.9352,77.2638,Uttar Pradesh,BAGHPAT,0.127,0.87,0.002
28.1495,81.2124,Uttar Pradesh,BAHRAICH,0.517,0.48,0.003
27.5373,81.5842,Uttar Pradesh,BAHRAICH,0.517,0.48,0.003
27.3515,81.6146,Uttar Pradesh,BAHRAICH,0.517,0.48,0.003
27.9728,81.3805,Uttar Pradesh,BAHRAICH,0.517,0.48,0.003
27.5459,81.3317,Uttar Pradesh,BAHRAICH,0.517,0.48,0.003
26.0723,84.0071,Uttar Pradesh,BALLIA,0.465,0.533,0.002
25.9698,83.9755,Uttar Pradesh,BALLIA,0.465,0.533,0.002
25.8933,83.8356,Uttar Pradesh,BALLIA,0.465,0.533,0.002
25.7343,84.1803,Uttar Pradesh,BALLIA,0.465,0.533,0.002
26.0576,83.9101,Uttar Pradesh,BALLIA,0.465,0.533,0.002
27.6082,82.6002,Uttar Pradesh,BALRAMPUR,0.423,0.575,0.001
27.6307,82.3265,Uttar Pradesh,BALRAMPUR,0.423,0.575,0.001
27.5263,82.574,Uttar Pradesh,BALRAMPUR,0.423,0.575,0.001
27.7158,82.3662,Uttar Pradesh,BALRAMPUR,0.423,0.575,0.001
27.5639,82.3274,Uttar Pradesh,BALRAMPUR,0.423,0.575,0.001
25.5238,80.5288,Uttar Pradesh,BANDA,0.331,0.668,0.0
25.6897,80.8491,Uttar Pradesh,BANDA,0.331,0.668,0.0
25.6305,80.7932,Uttar Pradesh,BANDA,0.331,0.668,0.0
25.2768,80.6064,Uttar Pradesh,BANDA,0.331,0.668,0.0
25.136,80.5766,Uttar Pradesh,BANDA,0.331,0.668,0.0
27.1125,81.1797,Uttar Pradesh,BARABANKI,0.476,0.522,0.002
27.1906,81.1922,Uttar Pradesh,BARABANKI,0.476,0.522,0.002
26.5761,81.5205,Uttar Pradesh,BARABANKI,0.476,0.522,0.002
26.9736,81.2957,Uttar Pradesh,BARABANKI,0.476,0.522,0.002
26.734,81.7903,Uttar Pradesh,BARABANKI,0.476,0.522,0.002
28.4512,79.5625,Uttar Pradesh,BAREILLY,0.433,0.565,0.002
28.3856,79.2794,Uttar Pradesh,BAREILLY,0.433,0.565,0.002
28.2309,79.1935,Uttar Pradesh,BAREILLY,0.433,0.565,0.002
28.634,79.3865,Uttar Pradesh,BAREILLY,0.433,0.565,0.002
28.3957,79.5908,Uttar Pradesh,BAREILLY,0.433,0.565,0.002
26.8389,82.5777,Uttar Pradesh,BASTI,0.463,0.535,0.001
26.7147,82.3965,Uttar Pradesh,BASTI,0.463,0.535,0.001
26.7195,82.8848,Uttar Pradesh,BASTI,0.463,0.535,0.001
26.932,82.3061,Uttar Pradesh,BASTI,0.463,0.535,0.001
26.7382,82.9052,Uttar Pradesh,BASTI,0.463,0.535,0.001
29.5402,78.4916,Uttar Pradesh,BIJNOR,0.277,0.722,0.001
29.112,78.4474,Uttar Pradesh,BIJNOR,0.277,0.722,0.001
29.0967,78.3265,Uttar Pradesh,BIJNOR,0.277,0.722,0.001
29.3163,78.5808,Uttar Pradesh,BIJNOR,0.277,0.722,0.001
29.3,78.6723,Uttar Pradesh,BIJNOR,0.277,0.722,0.001
28.1808,77.7725,Uttar Pradesh,BULANDSHAHR,0.412,0.583,0.005
28.45,77.7049,Uttar Pradesh,BULANDSHAHR,0.412,0.583,0.005
28.5213,78.0841,Uttar Pradesh,BULANDSHAHR,0.412,0.583,0.005
28.2741,78.1732,Uttar Pradesh,BULANDSHAHR,0.412,0.583,0.005
28.218,77.8656,Uttar Pradesh,BULANDSHAHR,0.412,0.583,0.005
25.3072,83.0896,Uttar Pradesh,CHANDAULI,0.515,0.485,0.0
24.9135,83.2312,Uttar Pradesh,CHANDAULI,0.515,0.485,0.0
25.1975,83.2412,Uttar Pradesh,CHANDAULI,0.515,0.485,0.0
25.2581,83.298,Uttar Pradesh,CHANDAULI,0.515,0.485,0.0
25.4453,83.4285,Uttar Pradesh,CHANDAULI,0.515,0.485,0.0
26.3679,83.7055,Uttar Pradesh,DEORIA,0.474,0.525,0.001
26.3636,84.1301,Uttar Pradesh,DEORIA,0.474,0.525,0.001
26.3669,83.8254,Uttar Pradesh,DEORIA,0.474,0.525,0.001
26.568,83.841,Uttar Pradesh,DEORIA,0.474,0.525,0.001
26.2687,84.106,Uttar Pradesh,DEORIA,0.474,0.525,0.001
25.3799,80.8936,Uttar Pradesh,CHITRAKOOT,0.34,0.66,0.0
24.9578,81.0415,Uttar Pradesh,CHITRAKOOT,0.34,0.66,0.0
25.1419,81.2042,Uttar Pradesh,CHITRAKOOT,0.34,0.66,0.0
25.0775,80.7459,Uttar Pradesh,CHITRAKOOT,0.34,0.66,0.0
25.0555,81.0182,Uttar Pradesh,CHITRAKOOT,0.34,0.66,0.0
27.4112,78.189,Uttar Pradesh,ETAH,0.351,0.639,0.01
27.8045,78.847,Uttar Pradesh,ETAH,0.351,0.639,0.01
27.5257,78.8175,Uttar Pradesh,ETAH,0.351,0.639,0.01
27.6881,78.7713,Uttar Pradesh,ETAH,0.351,0.639,0.01
27.8096,79.0925,Uttar Pradesh,ETAH,0.351,0.639,0.01
26.8187,78.951,Uttar Pradesh,ETAWAH,0.418,0.574,0.008
26.713,79.1264,Uttar Pradesh,ETAWAH,0.418,0.574,0.008
26.6523,79.0801,Uttar Pradesh,ETAWAH,0.418,0.574,0.008
26.9363,78.9301,Uttar Pradesh,ETAWAH,0.418,0.574,0.008
26.9244,78.8025,Uttar Pradesh,ETAWAH,0.418,0.574,0.008
27.6368,79.6217,Uttar Pradesh,FARRUKHABAD,0.309,0.678,0.013
27.5917,79.4506,Uttar Pradesh,FARRUKHABAD,0.309,0.678,0.013
27.644,79.2863,Uttar Pradesh,FARRUKHABAD,0.309,0.678,0.013
27.446,79.6184,Uttar Pradesh,FARRUKHABAD,0.309,0.678,0.013
27.3117,79.4361,Uttar Pradesh,FARRUKHABAD,0.309,0.678,0.013
26.61,82.416,Uttar Pradesh,FAIZABAD,0.456,0.536,0.008
26.7517,81.8876,Uttar Pradesh,FAIZABAD,0.456,0.536,0.008
26.6135,81.933,Uttar Pradesh,FAIZABAD,0.456,0.536,0.008
26.6834,82.2117,Uttar Pradesh,FAIZABAD,0.456,0.536,0.008
26.7649,81.8518,Uttar Pradesh,FAIZABAD,0.456,0.536,0.008
26.1055,80.4006,Uttar Pradesh,FATEHPUR,0.355,0.64,0.005
26.1429,80.3749,Uttar Pradesh,FATEHPUR,0.355,0.64,0.005
26.0913,80.6616,Uttar Pradesh,FATEHPUR,0.355,0.64,0.005
26.1821,80.5593,Uttar Pradesh,FATEHPUR,0.355,0.64,0.005
25.9589,80.9185,Uttar Pradesh,FATEHPUR,0.355,0.64,0.005
27.3832,78.1732,Uttar Pradesh,FIROZABAD,0.392,0.603,0.005
27.3951,78.6403,Uttar Pradesh,FIROZABAD,0.392,0.603,0.005
27.1606,78.4147,Uttar Pradesh,FIROZABAD,0.392,0.603,0.005
27.2845,78.6028,Uttar Pradesh,FIROZABAD,0.392,0.603,0.005
26.9646,78.7925,Uttar Pradesh,FIROZABAD,0.392,0.603,0.005
28.0985,77.5709,Uttar Pradesh,GAUTAM BUDDHA NAGAR,0.341,0.654,0.005
28.4515,77.5718,Uttar Pradesh,GAUTAM BUDDHA NAGAR,0.341,0.654,0.005
28.1688,77.5926,Uttar Pradesh,GAUTAM BUDDHA NAGAR,0.341,0.654,0.005
28.5923,77.6347,Uttar Pradesh,GAUTAM BUDDHA NAGAR,0.341,0.654,0.005
28.2655,77.4823,Uttar Pradesh,GAUTAM BUDDHA NAGAR,0.341,0.654,0.005
28.7048,78.0613,Uttar Pradesh,GHAZIABAD,0.263,0.736,0.001
28.7172,77.3323,Uttar Pradesh,GHAZIABAD,0.263,0.736,0.001
28.7103,77.4419,Uttar Pradesh,GHAZIABAD,0.263,0.736,0.001
28.8478,77.8932,Uttar Pradesh,GHAZIABAD,0.263,0.736,0.001
28.8757,77.4558,Uttar Pradesh,GHAZIABAD,0.263,0.736,0.001
25.4908,83.3452,Uttar Pradesh,GHAZIPUR,0.455,0.543,0.002
25.5558,83.1712,Uttar Pradesh,GHAZIPUR,0.455,0.543,0.002
25.7038,83.2123,Uttar Pradesh,GHAZIPUR,0.455,0.543,0.002
25.538,83.1266,Uttar Pradesh,GHAZIPUR,0.455,0.543,0.002
25.7386,83.7652,Uttar Pradesh,GHAZIPUR,0.455,0.543,0.002
27.0393,81.5823,Uttar Pradesh,GONDA,0.485,0.511,0.005
27.3598,82.087,Uttar Pradesh,GONDA,0.485,0.511,0.005
27.0757,82.0888,Uttar Pradesh,GONDA,0.485,0.511,0.005
27.118,82.1318,Uttar Pradesh,GONDA,0.485,0.511,0.005
27.0972,82.2769,Uttar Pradesh,GONDA,0.485,0.511,0.005
26.6314,83.2339,Uttar Pradesh,GORAKHPUR,0.445,0.554,0.001
26.6702,83.5558,Uttar Pradesh,GORAKHPUR,0.445,0.554,0.001
26.505,83.5257,Uttar Pradesh,GORAKHPUR,0.445,0.554,0.001
26.5934,83.5771,Uttar Pradesh,GORAKHPUR,0.445,0.554,0.001
26.8536,83.363,Uttar Pradesh,GORAKHPUR,0.445,0.554,0.001
25.6621,79.6203,Uttar Pradesh,HAMIRPUR,0.685,0.315,0.0
25.5899,80.2272,Uttar Pradesh,HAMIRPUR,0.685,0.315,0.0
25.8392,80.1176,Uttar Pradesh,HAMIRPUR,0.685,0.315,0.0
25.793,79.7727,Uttar Pradesh,HAMIRPUR,0.685,0.315,0.0
25.8591,79.9379,Uttar Pradesh,HAMIRPUR,0.685,0.315,0.0
27.6151,80.219,Uttar Pradesh,HARDOI,0.402,0.593,0.005
27.3788,80.1801,Uttar Pradesh,HARDOI,0.402,0.593,0.005
27.0052,80.1843,Uttar Pradesh,HARDOI,0.402,0.593,0.005
27.4048,79.9901,Uttar Pradesh,HARDOI,0.402,0.593,0.005
27.3448,79.7631,Uttar Pradesh,HARDOI,0.402,0.593,0.005
27.761,78.1285,Uttar Pradesh,HATHRAS,0.355,0.642,0.003
27.7076,78.4779,Uttar Pradesh,HATHRAS,0.355,0.642,0.003
27.7614,78.0396,Uttar Pradesh,HATHRAS,0.355,0.642,0.003
27.5463,77.9802,Uttar Pradesh,HATHRAS,0.355,0.642,0.003
27.5467,78.2034,Uttar Pradesh,HATHRAS,0.355,0.642,0.003
25.985,79.7158,Uttar Pradesh,JALAUN,0.252,0.747,0.001
25.9648,79.0941,Uttar Pradesh,JALAUN,0.252,0.747,0.001
26.2624,79.3089,Uttar Pradesh,JALAUN,0.252,0.747,0.001
26.0103,79.6753,Uttar Pradesh,JALAUN,0.252,0.747,0.001
26.2051,79.4095,Uttar Pradesh,JALAUN,0.252,0.747,0.001
25.472,82.6627,Uttar Pradesh,JAUNPUR,0.482,0.516,0.003
25.9674,82.567,Uttar Pradesh,JAUNPUR,0.482,0.516,0.003
25.957,82.6863,Uttar Pradesh,JAUNPUR,0.482,0.516,0.003
25.5398,82.3527,Uttar Pradesh,JAUNPUR,0.482,0.516,0.003
25.5519,82.4981,Uttar Pradesh,JAUNPUR,0.482,0.516,0.003
25.3108,79.1596,Uttar Pradesh,JHANSI,0.451,0.548,0.0
25.4996,79.1027,Uttar Pradesh,JHANSI,0.451,0.548,0.0
25.5701,78.7514,Uttar Pradesh,JHANSI,0.451,0.548,0.0
25.3834,79.2362,Uttar Pradesh,JHANSI,0.451,0.548,0.0
25.7881,79.2502,Uttar Pradesh,JHANSI,0.451,0.548,0.0
29.052,78.5757,Uttar Pradesh,AMROHA,0.261,0.737,0.002
28.8983,78.0695,Uttar Pradesh,AMROHA,0.261,0.737,0.002
28.9806,78.2332,Uttar Pradesh,AMROHA,0.261,0.737,0.002
29.008,78.2381,Uttar Pradesh,AMROHA,0.261,0.737,0.002
28.5048,78.3226,Uttar Pradesh,AMROHA,0.261,0.737,0.002
26.9775,80.0068,Uttar Pradesh,KANNAUJ,0.323,0.641,0.036
27.0195,79.5561,Uttar Pradesh,KANNAUJ,0.323,0.641,0.036
26.7966,79.7882,Uttar Pradesh,KANNAUJ,0.323,0.641,0.036
26.8172,79.7399,Uttar Pradesh,KANNAUJ,0.323,0.641,0.036
26.8425,79.7585,Uttar Pradesh,KANNAUJ,0.323,0.641,0.036
26.5676,79.6985,Uttar Pradesh,KANPUR DEHAT,0.355,0.642,0.003
26.4318,79.586,Uttar Pradesh,KANPUR DEHAT,0.355,0.642,0.003
26.0675,80.1284,Uttar Pradesh,KANPUR DEHAT,0.355,0.642,0.003
26.2993,79.742,Uttar Pradesh,KANPUR DEHAT,0.355,0.642,0.003
26.3082,80.0674,Uttar Pradesh,KANPUR DEHAT,0.355,0.642,0.003
25.5666,81.4634,Uttar Pradesh,KAUSHAMBI,0.437,0.559,0.004
25.3479,81.4913,Uttar Pradesh,KAUSHAMBI,0.437,0.559,0.004
25.4982,81.4124,Uttar Pradesh,KAUSHAMBI,0.437,0.559,0.004
25.3613,81.246,Uttar Pradesh,KAUSHAMBI,0.437,0.559,0.004
25.4173,81.5313,Uttar Pradesh,KAUSHAMBI,0.437,0.559,0.004
26.8647,83.6448,Uttar Pradesh,KUSHI NAGAR,0.49,0.503,0.007
26.6903,84.0672,Uttar Pradesh,KUSHI NAGAR,0.49,0.503,0.007
27.0259,83.914,Uttar Pradesh,KUSHI NAGAR,0.49,0.503,0.007
26.6868,83.9482,Uttar Pradesh,KUSHI NAGAR,0.49,0.503,0.007
26.9544,83.8715,Uttar Pradesh,KUSHI NAGAR,0.49,0.503,0.007
28.3171,80.9688,Uttar Pradesh,KHERI,0.454,0.54,0.006
28.4809,80.7311,Uttar Pradesh,KHERI,0.454,0.54,0.006
28.0597,80.7261,Uttar Pradesh,KHERI,0.454,0.54,0.006
28.412,80.8262,Uttar Pradesh,KHERI,0.454,0.54,0.006
28.0168,80.2536,Uttar Pradesh,KHERI,0.454,0.54,0.006
24.6603,78.3472,Uttar Pradesh,LALITPUR,0.52,0.478,0.001
24.3252,78.7552,Uttar Pradesh,LALITPUR,0.52,0.478,0.001
24.5095,78.6026,Uttar Pradesh,LALITPUR,0.52,0.478,0.001
24.5907,78.6623,Uttar Pradesh,LALITPUR,0.52,0.478,0.001
24.9751,78.3837,Uttar Pradesh,LALITPUR,0.52,0.478,0.001
27.1002,80.7632,Uttar Pradesh,LUCKNOW,0.411,0.583,0.005
26.7793,80.85,Uttar Pradesh,LUCKNOW,0.411,0.583,0.005
27.12,80.8605,Uttar Pradesh,LUCKNOW,0.411,0.583,0.005
27.0591,80.8504,Uttar Pradesh,LUCKNOW,0.411,0.583,0.005
26.9616,80.7457,Uttar Pradesh,LUCKNOW,0.411,0.583,0.005
27.3333,83.3539,Uttar Pradesh,MAHARAJGANJ,0.503,0.497,0.001
27.3136,83.9199,Uttar Pradesh,MAHARAJGANJ,0.503,0.497,0.001
27.38,83.8001,Uttar Pradesh,MAHARAJGANJ,0.503,0.497,0.001
27.0736,83.1683,Uttar Pradesh,MAHARAJGANJ,0.503,0.497,0.001
27.1349,83.5446,Uttar Pradesh,MAHARAJGANJ,0.503,0.497,0.001
25.4602,79.8044,Uttar Pradesh,MAHOBA,0.419,0.581,0.0
25.3087,79.665,Uttar Pradesh,MAHOBA,0.419,0.581,0.0
25.3757,79.321,Uttar Pradesh,MAHOBA,0.419,0.581,0.0
25.3563,80.0784,Uttar Pradesh,MAHOBA,0.419,0.581,0.0
25.2233,79.7766,Uttar Pradesh,MAHOBA,0.419,0.581,0.0
27.1887,78.9494,Uttar Pradesh,MAINPURI,0.406,0.588,0.007
27.0302,78.7896,Uttar Pradesh,MAINPURI,0.406,0.588,0.007
27.1868,78.9401,Uttar Pradesh,MAINPURI,0.406,0.588,0.007
27.3274,79.169,Uttar Pradesh,MAINPURI,0.406,0.588,0.007
27.0546,79.3663,Uttar Pradesh,MAINPURI,0.406,0.588,0.007
27.3576,77.6101,Uttar Pradesh,MATHURA,0.267,0.732,0.001
27.5683,77.407,Uttar Pradesh,MATHURA,0.267,0.732,0.001
27.9009,77.5297,Uttar Pradesh,MATHURA,0.267,0.732,0.001
27.6879,77.3485,Uttar Pradesh,MATHURA,0.267,0.732,0.001
27.5722,77.5811,Uttar Pradesh,MATHURA,0.267,0.732,0.001
26.0859,83.6646,Uttar Pradesh,MAU,0.474,0.525,0.001
26.2439,83.6851,Uttar Pradesh,MAU,0.474,0.525,0.001
26.219,83.7666,Uttar Pradesh,MAU,0.474,0.525,0.001
26.2109,83.6297,Uttar Pradesh,MAU,0.474,0.525,0.001
25.9335,83.5515,Uttar Pradesh,MAU,0.474,0.525,0.001
28.889,77.8999,Uttar Pradesh,MEERUT,0.171,0.826,0.003
29.0371,77.6536,Uttar Pradesh,MEERUT,0.171,0.826,0.003
29.1112,78.094,Uttar Pradesh,MEERUT,0.171,0.826,0.003
28.9125,77.4723,Uttar Pradesh,MEERUT,0.171,0.826,0.003
28.944,77.6421,Uttar Pradesh,MEERUT,0.171,0.826,0.003
25.2044,82.3123,Uttar Pradesh,MIRZAPUR,0.485,0.515,0.0
25.0347,83.0498,Uttar Pradesh,MIRZAPUR,0.485,0.515,0.0
24.8399,82.1617,Uttar Pradesh,MIRZAPUR,0.485,0.515,0.0
24.9604,82.8502,Uttar Pradesh,MIRZAPUR,0.485,0.515,0.0
25.1515,82.3278,Uttar Pradesh,MIRZAPUR,0.485,0.515,0.0
29.0459,78.9032,Uttar Pradesh,MORADABAD,0.445,0.554,0.002
28.481,78.6079,Uttar Pradesh,MORADABAD,0.445,0.554,0.002
28.6093,78.7213,Uttar Pradesh,MORADABAD,0.445,0.554,0.002
28.5501,78.6299,Uttar Pradesh,MORADABAD,0.445,0.554,0.002
28.6323,78.4558,Uttar Pradesh,MORADABAD,0.445,0.554,0.002
29.5579,77.1321,Uttar Pradesh,MUZAFFARNAGAR,0.128,0.868,0.003
29.4442,77.4121,Uttar Pradesh,MUZAFFARNAGAR,0.128,0.868,0.003
29.4821,77.5254,Uttar Pradesh,MUZAFFARNAGAR,0.128,0.868,0.003
29.3427,77.5615,Uttar Pradesh,MUZAFFARNAGAR,0.128,0.868,0.003
29.5454,77.979,Uttar Pradesh,MUZAFFARNAGAR,0.128,0.868,0.003
28.7854,79.8139,Uttar Pradesh,PILIBHIT,0.459,0.524,0.018
28.8093,80.0899,Uttar Pradesh,PILIBHIT,0.459,0.524,0.018
28.6534,79.9423,Uttar Pradesh,PILIBHIT,0.459,0.524,0.018
28.4136,80.2353,Uttar Pradesh,PILIBHIT,0.459,0.524,0.018
28.7062,79.871,Uttar Pradesh,PILIBHIT,0.459,0.524,0.018
25.748,81.8581,Uttar Pradesh,PRATAPGARH,0.428,0.551,0.021
25.9758,81.6741,Uttar Pradesh,PRATAPGARH,0.428,0.551,0.021
25.6808,81.5379,Uttar Pradesh,PRATAPGARH,0.428,0.551,0.021
25.9779,82.1018,Uttar Pradesh,PRATAPGARH,0.428,0.551,0.021
25.7544,81.5802,Uttar Pradesh,PRATAPGARH,0.428,0.551,0.021
26.1891,81.4592,Uttar Pradesh,RAE BARELI,0.414,0.575,0.01
26.1555,81.4622,Uttar Pradesh,RAE BARELI,0.414,0.575,0.01
25.9052,81.2475,Uttar Pradesh,RAE BARELI,0.414,0.575,0.01
26.4391,81.3221,Uttar Pradesh,RAE BARELI,0.414,0.575,0.01
26.1877,81.2323,Uttar Pradesh,RAE BARELI,0.414,0.575,0.01
28.9155,79.122,Uttar Pradesh,RAMPUR,0.476,0.511,0.013
28.9839,79.0567,Uttar Pradesh,RAMPUR,0.476,0.511,0.013
28.7921,79.1034,Uttar Pradesh,RAMPUR,0.476,0.511,0.013
29.1178,79.0032,Uttar Pradesh,RAMPUR,0.476,0.511,0.013
28.8124,79.2434,Uttar Pradesh,RAMPUR,0.476,0.511,0.013
30.202,77.5228,Uttar Pradesh,SAHARANPUR,0.384,0.611,0.004
30.1597,77.6797,Uttar Pradesh,SAHARANPUR,0.384,0.611,0.004
29.8895,77.3038,Uttar Pradesh,SAHARANPUR,0.384,0.611,0.004
29.9697,77.5782,Uttar Pradesh,SAHARANPUR,0.384,0.611,0.004
30.0767,77.5331,Uttar Pradesh,SAHARANPUR,0.384,0.611,0.004
25.2448,82.4523,Uttar Pradesh,SANT RAVIDAS NAGAR,0.46,0.539,0.001
25.2576,82.3727,Uttar Pradesh,SANT RAVIDAS NAGAR,0.46,0.539,0.001
25.2848,82.321,Uttar Pradesh,SANT RAVIDAS NAGAR,0.46,0.539,0.001
25.2512,82.5347,Uttar Pradesh,SANT RAVIDAS NAGAR,0.46,0.539,0.001
25.3288,82.3261,Uttar Pradesh,SANT RAVIDAS NAGAR,0.46,0.539,0.001
26.7018,83.0068,Uttar Pradesh,SANT KABEER NAGAR,0.495,0.504,0.0
26.6732,82.9992,Uttar Pradesh,SANT KABEER NAGAR,0.495,0.504,0.0
26.877,83.0854,Uttar Pradesh,SANT KABEER NAGAR,0.495,0.504,0.0
26.5225,83.1731,Uttar Pradesh,SANT KABEER NAGAR,0.495,0.504,0.0
26.4291,83.0464,Uttar Pradesh,SANT KABEER NAGAR,0.495,0.504,0.0
27.7832,81.9138,Uttar Pradesh,SHRAVASTI,0.493,0.506,0.001
27.6546,81.7897,Uttar Pradesh,SHRAVASTI,0.493,0.506,0.001
27.637,81.9108,Uttar Pradesh,SHRAVASTI,0.493,0.506,0.001
27.7924,82.0492,Uttar Pradesh,SHRAVASTI,0.493,0.506,0.001
27.8628,81.5352,Uttar Pradesh,SHRAVASTI,0.493,0.506,0.001
27.636,79.5221,Uttar Pradesh,SHAHJAHANPUR,0.421,0.572,0.007
27.8831,79.4806,Uttar Pradesh,SHAHJAHANPUR,0.421,0.572,0.007
28.0645,79.66,Uttar Pradesh,SHAHJAHANPUR,0.421,0.572,0.007
27.7957,79.5885,Uttar Pradesh,SHAHJAHANPUR,0.421,0.572,0.007
28.1025,80.157,Uttar Pradesh,SHAHJAHANPUR,0.421,0.572,0.007
27.5239,80.9015,Uttar Pradesh,SITAPUR,0.441,0.556,0.002
27.715,80.4878,Uttar Pradesh,SITAPUR,0.441,0.556,0.002
27.288,80.9514,Uttar Pradesh,SITAPUR,0.441,0.556,0.002
27.6061,81.0559,Uttar Pradesh,SITAPUR,0.441,0.556,0.002
27.421,80.8044,Uttar Pradesh,SITAPUR,0.441,0.556,0.002
27.3724,82.9121,Uttar Pradesh,SIDDHARTH NAGAR,0.518,0.482,0.0
27.2294,82.9597,Uttar Pradesh,SIDDHARTH NAGAR,0.518,0.482,0.0
27.2136,82.6516,Uttar Pradesh,SIDDHARTH NAGAR,0.518,0.482,0.0
27.3091,82.5949,Uttar Pradesh,SIDDHARTH NAGAR,0.518,0.482,0.0
27.1465,83.0864,Uttar Pradesh,SIDDHARTH NAGAR,0.518,0.482,0.0
24.0168,82.8897,Uttar Pradesh,SONBHADRA,0.43,0.57,0.0
24.3521,83.0622,Uttar Pradesh,SONBHADRA,0.43,0.57,0.0
24.5708,82.8817,Uttar Pradesh,SONBHADRA,0.43,0.57,0.0
24.5613,82.9469,Uttar Pradesh,SONBHADRA,0.43,0.57,0.0
24.3997,83.2269,Uttar Pradesh,SONBHADRA,0.43,0.57,0.0
26.1424,82.4401,Uttar Pradesh,SULTANPUR,0.467,0.525,0.008
26.1426,81.6524,Uttar Pradesh,SULTANPUR,0.467,0.525,0.008
26.0709,82.0861,Uttar Pradesh,SULTANPUR,0.467,0.525,0.008
26.32,82.3225,Uttar Pradesh,SULTANPUR,0.467,0.525,0.008
26.37,82.3051,Uttar Pradesh,SULTANPUR,0.467,0.525,0.008
25.4601,83.0482,Uttar Pradesh,VARANASI,0.468,0.531,0.001
25.4665,82.8622,Uttar Pradesh,VARANASI,0.468,0.531,0.001
25.5124,82.8504,Uttar Pradesh,VARANASI,0.468,0.531,0.001
25.5072,82.9221,Uttar Pradesh,VARANASI,0.468,0.531,0.001
25.4255,83.0747,Uttar Pradesh,VARANASI,0.468,0.531,0.001
26.2995,80.6344,Uttar Pradesh,UNNAO,0.394,0.6,0.006
26.3019,80.6022,Uttar Pradesh,UNNAO,0.394,0.6,0.006
26.7693,80.5743,Uttar Pradesh,UNNAO,0.394,0.6,0.006
26.6076,80.8192,Uttar Pradesh,UNNAO,0.394,0.6,0.006
26.5707,80.8693,Uttar Pradesh,UNNAO,0.394,0.6,0.006
29.7684,79.4947,Uttarakhand,ALMORA,0.609,0.391,0.0
29.6965,79.7087,Uttarakhand,ALMORA,0.609,0.391,0.0
29.8277,79.6109,Uttarakhand,ALMORA,0.609,0.391,0.0
29.7585,79.532,Uttarakhand,ALMORA,0.609,0.391,0.0
29.7205,79.523,Uttarakhand,ALMORA,0.609,0.391,0.0
29.8846,79.6863,Uttarakhand,BAGESHWAR,0.534,0.466,0.0
29.8653,79.9474,Uttarakhand,BAGESHWAR,0.534,0.466,0.0
30.2414,79.9787,Uttarakhand,BAGESHWAR,0.534,0.466,0.0
30.0591,79.9392,Uttarakhand,BAGESHWAR,0.534,0.466,0.0
30.1772,80.0067,Uttarakhand,BAGESHWAR,0.534,0.466,0.0
30.3039,79.5245,Uttarakhand,CHAMOLI,0.604,0.396,0.0
30.7001,79.422,Uttarakhand,CHAMOLI,0.604,0.396,0.0
30.2965,79.4758,Uttarakhand,CHAMOLI,0.604,0.396,0.0
30.8829,79.6843,Uttarakhand,CHAMOLI,0.604,0.396,0.0
30.975,79.8046,Uttarakhand,CHAMOLI,0.604,0.396,0.0
29.2853,80.2116,Uttarakhand,CHAMPAWAT,0.611,0.388,0.0
29.2439,80.0172,Uttarakhand,CHAMPAWAT,0.611,0.388,0.0
29.4146,80.0595,Uttarakhand,CHAMPAWAT,0.611,0.388,0.0
29.1041,79.9679,Uttarakhand,CHAMPAWAT,0.611,0.388,0.0
29.3627,79.8922,Uttarakhand,CHAMPAWAT,0.611,0.388,0.0
29.9247,77.7663,Uttarakhand,HARIDWAR,0.254,0.746,0.001
29.8566,78.1598,Uttarakhand,HARIDWAR,0.254,0.746,0.001
29.7739,77.9728,Uttarakhand,HARIDWAR,0.254,0.746,0.001
29.8761,77.804,Uttarakhand,HARIDWAR,0.254,0.746,0.001
29.7709,77.8546,Uttarakhand,HARIDWAR,0.254,0.746,0.001
30.4385,77.667,Uttarakhand,DEHRADUN,0.518,0.482,0.0
30.24,78.1037,Uttarakhand,DEHRADUN,0.518,0.482,0.0
30.781,77.8527,Uttarakhand,DEHRADUN,0.518,0.482,0.0
30.5325,77.8446,Uttarakhand,DEHRADUN,0.518,0.482,0.0
30.1438,78.0196,Uttarakhand,DEHRADUN,0.518,0.482,0.0
29.4061,79.1315,Uttarakhand,NAINITAL,0.515,0.483,0.002
29.4038,79.4743,Uttarakhand,NAINITAL,0.515,0.483,0.002
29.3004,79.4847,Uttarakhand,NAINITAL,0.515,0.483,0.002
29.4797,79.0305,Uttarakhand,NAINITAL,0.515,0.483,0.002
29.3841,78.9867,Uttarakhand,NAINITAL,0.515,0.483,0.002
29.9268,78.4528,Uttarakhand,PAURI GARHWAL,0.596,0.403,0.0
29.7758,78.4212,Uttarakhand,PAURI GARHWAL,0.596,0.403,0.0
29.7979,79.0883,Uttarakhand,PAURI GARHWAL,0.596,0.403,0.0
30.0693,78.896,Uttarakhand,PAURI GARHWAL,0.596,0.403,0.0
29.841,78.979,Uttarakhand,PAURI GARHWAL,0.596,0.403,0.0
30.6107,79.0095,Uttarakhand,RUDRA PRAYAG,0.575,0.425,0.0
30.5448,79.0119,Uttarakhand,RUDRA PRAYAG,0.575,0.425,0.0
30.7122,78.9985,Uttarakhand,RUDRA PRAYAG,0.575,0.425,0.0
30.6102,79.2097,Uttarakhand,RUDRA PRAYAG,0.575,0.425,0.0
30.5172,79.0553,Uttarakhand,RUDRA PRAYAG,0.575,0.425,0.0
30.0169,80.5576,Uttarakhand,PITHORAGARH,0.532,0.468,0.0
30.4908,80.4707,Uttarakhand,PITHORAGARH,0.532,0.468,0.0
30.3471,80.1282,Uttarakhand,PITHORAGARH,0.532,0.468,0.0
29.8843,80.149,Uttarakhand,PITHORAGARH,0.532,0.468,0.0
30.2611,80.9028,Uttarakhand,PITHORAGARH,0.532,0.468,0.0
29.083,79.1639,Uttarakhand,UDAM SINGH NAGAR,0.469,0.502,0.029
28.8962,79.7336,Uttarakhand,UDAM SINGH NAGAR,0.469,0.502,0.029
28.9865,80.0274,Uttarakhand,UDAM SINGH NAGAR,0.469,0.502,0.029
28.9781,79.5344,Uttarakhand,UDAM SINGH NAGAR,0.469,0.502,0.029
29.078,80.0403,Uttarakhand,UDAM SINGH NAGAR,0.469,0.502,0.029
30.5962,78.7064,Uttarakhand,TEHRI GARHWAL,0.578,0.422,0.0
30.837,78.8672,Uttarakhand,TEHRI GARHWAL,0.578,0.422,0.0
30.5117,77.9993,Uttarakhand,TEHRI GARHWAL,0.578,0.422,0.0
30.3628,78.3589,Uttarakhand,TEHRI GARHWAL,0.578,0.422,0.0
30.3496,78.7058,Uttarakhand,TEHRI GARHWAL,0.578,0.422,0.0
31.4001,79.0697,Uttarakhand,UTTAR KASHI,0.638,0.362,0.0
30.6079,78.2258,Uttarakhand,UTTAR KASHI,0.638,0.362,0.0
30.7604,79.1375,Uttarakhand,UTTAR KASHI,0.638,0.362,0.0
31.0431,78.1547,Uttarakhand,UTTAR KASHI,0.638,0.362,0.0
30.6644,78.3919,Uttarakhand,UTTAR KASHI,0.638,0.362,0.0
23.2193,87.4893,West Bengal,BANKURA,0.403,0.504,0.093
23.0071,87.6538,West Bengal,BANKURA,0.403,0.504,0.093
23.3023,86.9009,West Bengal,BANKURA,0.403,0.504,0.093
23.4225,87.3691,West Bengal,BANKURA,0.403,0.504,0.093
22.8348,86.9387,West Bengal,BANKURA,0.403,0.504,0.093
23.5968,87.4274,West Bengal,BARDHAMAN,0.615,0.119,0.266
23.7595,86.9519,West Bengal,BARDHAMAN,0.615,0.119,0.266
23.3091,87.9166,West Bengal,BARDHAMAN,0.615,0.119,0.266
23.1646,87.9878,West Bengal,BARDHAMAN,0.615,0.119,0.266
23.4684,87.4861,West Bengal,BARDHAMAN,0.615,0.119,0.266
23.7084,87.8011,West Bengal,BIRBHUM,0.27,0.626,0.104
23.9202,87.4195,West Bengal,BIRBHUM,0.27,0.626,0.104
23.9559,87.6495,West Bengal,BIRBHUM,0.27,0.626,0.104
23.6203,87.8749,West Bengal,BIRBHUM,0.27,0.626,0.104
23.5503,87.9092,West Bengal,BIRBHUM,0.27,0.626,0.104
25.3392,88.4411,West Bengal,DINAJPUR DAKSHIN,0.308,0.651,0.042
25.2276,88.5845,West Bengal,DINAJPUR DAKSHIN,0.308,0.651,0.042
25.3111,88.4554,West Bengal,DINAJPUR DAKSHIN,0.308,0.651,0.042
25.287,88.7703,West Bengal,DINAJPUR DAKSHIN,0.308,0.651,0.042
25.3454,88.8337,West Bengal,DINAJPUR DAKSHIN,0.308,0.651,0.042
26.9505,88.5638,West Bengal,DARJEELING,0.626,0.294,0.08
26.666,88.3764,West Bengal,DARJEELING,0.626,0.294,0.08
26.9847,88.2951,West Bengal,DARJEELING,0.626,0.294,0.08
26.685,88.2991,West Bengal,DARJEELING,0.626,0.294,0.08
26.777,88.3036,West Bengal,DARJEELING,0.626,0.294,0.08
21.9613,87.6569,West Bengal,MEDINIPUR EAST,0.6,0.034,0.366
22.0897,87.7769,West Bengal,MEDINIPUR EAST,0.6,0.034,0.366
22.0077,87.7646,West Bengal,MEDINIPUR EAST,0.6,0.034,0.366
22.0402,87.8497,West Bengal,MEDINIPUR EAST,0.6,0.034,0.366
22.0016,87.6946,West Bengal,MEDINIPUR EAST,0.6,0.034,0.366
22.6805,88.1559,West Bengal,HOWRAH,0.349,0.283,0.369
22.2917,88.0029,West Bengal,HOWRAH,0.349,0.283,0.369
22.5382,88.0486,West Bengal,HOWRAH,0.349,0.283,0.369
22.4793,88.0519,West Bengal,HOWRAH,0.349,0.283,0.369
22.3883,87.9587,West Bengal,HOWRAH,0.349,0.283,0.369
22.9513,88.2012,West Bengal,HOOGHLY,0.204,0.53,0.265
22.7169,88.1091,West Bengal,HOOGHLY,0.204,0.53,0.265
23.0465,88.1505,West Bengal,HOOGHLY,0.204,0.53,0.265
22.9999,88.2664,West Bengal,HOOGHLY,0.204,0.53,0.265
22.7374,87.81,West Bengal,HOOGHLY,0.204,0.53,0.265
26.4996,89.2762,West Bengal,JALPAIGURI,0.501,0.437,0.061
26.5294,88.5031,West Bengal,JALPAIGURI,0.501,0.437,0.061
26.7458,88.7555,West Bengal,JALPAIGURI,0.501,0.437,0.061
26.7679,89.5838,West Bengal,JALPAIGURI,0.501,0.437,0.061
26.7143,89.3342,West Bengal,JALPAIGURI,0.501,0.437,0.061
26.3261,88.9548,West Bengal,COOCHBEHAR,0.524,0.415,0.06
26.4086,89.1581,West Bengal,COOCHBEHAR,0.524,0.415,0.06
26.4439,89.2046,West Bengal,COOCHBEHAR,0.524,0.415,0.06
26.3387,89.3298,West Bengal,COOCHBEHAR,0.524,0.415,0.06
26.0135,89.454,West Bengal,COOCHBEHAR,0.524,0.415,0.06
25.1008,88.2177,West Bengal,MALDAH,0.354,0.558,0.088
25.247,88.0692,West Bengal,MALDAH,0.354,0.558,0.088
25.2683,88.2351,West Bengal,MALDAH,0.354,0.558,0.088
25.2249,87.8554,West Bengal,MALDAH,0.354,0.558,0.088
24.9428,88.1151,West Bengal,MALDAH,0.354,0.558,0.088
23.9683,88.1852,West Bengal,MURSHIDABAD,0.424,0.496,0.08
24.0819,88.6518,West Bengal,MURSHIDABAD,0.424,0.496,0.08
24.1141,87.923,West Bengal,MURSHIDABAD,0.424,0.496,0.08
23.9083,88.1645,West Bengal,MURSHIDABAD,0.424,0.496,0.08
24.0423,87.9891,West Bengal,MURSHIDABAD,0.424,0.496,0.08
23.662,88.2137,West Bengal,NADIA,0.434,0.455,0.111
23.7676,88.3261,West Bengal,NADIA,0.434,0.455,0.111
22.9874,88.4625,West Bengal,NADIA,0.434,0.455,0.111
23.493,88.7122,West Bengal,NADIA,0.434,0.455,0.111
23.6403,88.407,West Bengal,NADIA,0.434,0.455,0.111
22.1391,88.893,West Bengal,24 PARAGANAS NORTH,0.481,0.387,0.132
22.7041,88.7029,West Bengal,24 PARAGANAS NORTH,0.481,0.387,0.132
21.6655,88.7717,West Bengal,24 PARAGANAS NORTH,0.481,0.387,0.132
22.8511,88.438,West Bengal,24 PARAGANAS NORTH,0.481,0.387,0.132
22.8996,88.5582,West Bengal,24 PARAGANAS NORTH,0.481,0.387,0.132
23.2059,86.4122,West Bengal,PURULIA,0.729,0.268,0.003
23.2811,86.7567,West Bengal,PURULIA,0.729,0.268,0.003
23.6065,86.5999,West Bengal,PURULIA,0.729,0.268,0.003
23.077,86.1442,West Bengal,PURULIA,0.729,0.268,0.003
23.224,86.1774,West Bengal,PURULIA,0.729,0.268,0.003
21.6994,88.145,West Bengal,24 PARAGANAS SOUTH,0.403,0.251,0.346
22.2757,88.5897,West Bengal,24 PARAGANAS SOUTH,0.403,0.251,0.346
22.3207,88.245,West Bengal,24 PARAGANAS SOUTH,0.403,0.251,0.346
22.0615,88.2641,West Bengal,24 PARAGANAS SOUTH,0.403,0.251,0.346
22.3682,88.115,West Bengal,24 PARAGANAS SOUTH,0.403,0.251,0.346
25.7268,88.3083,West Bengal,DINAJPUR UTTAR,0.332,0.583,0.085
25.7706,87.9555,West Bengal,DINAJPUR UTTAR,0.332,0.583,0.085
25.7813,87.9286,West Bengal,DINAJPUR UTTAR,0.332,0.583,0.085
25.6581,88.3911,West Bengal,DINAJPUR UTTAR,0.332,0.583,0.085
25.7826,88.0634,West Bengal,DINAJPUR UTTAR,0.332,0.583,0.085
22.4967,87.5447,West Bengal,MEDINIPUR WEST,0.317,0.358,0.325
21.768,87.4376,West Bengal,MEDINIPUR WEST,0.317,0.358,0.325
22.2619,87.229,West Bengal,MEDINIPUR WEST,0.317,0.358,0.325
22.4229,87.11,West Bengal,MEDINIPUR WEST,0.317,0.358,0.325
22.6781,87.4625,West Bengal,MEDINIPUR WEST,0.317,0.358,0.325
13.6225,75.6357,Karnataka,CHIKMAGALUR,0.839,0.142,0.019
13.6883,75.9911,Karnataka,CHIKMAGALUR,0.839,0.142,0.019
13.3921,75.9582,Karnataka,CHIKMAGALUR,0.839,0.142,0.019
13.6591,75.4883,Karnataka,CHIKMAGALUR,0.839,0.142,0.019
13.6775,76.0158,Karnataka,CHIKMAGALUR,0.839,0.142,0.019
13.6024,75.9438,Karnataka,CHIKMAGALUR,0.839,0.142,0.019
12.945,75.557,Karnataka,CHIKMAGALUR,0.839,0.142,0.019
13.4987,76.1784,Karnataka,CHIKMAGALUR,0.839,0.142,0.019
13.1588,75.2882,Karnataka,CHIKMAGALUR,0.839,0.142,0.019
13.7478,75.9379,Karnataka,CHIKMAGALUR,0.839,0.142,0.019
13.4811,75.533,Karnataka,CHIKMAGALUR,0.839,0.142,0.019
13.4828,75.7729,Karnataka,CHIKMAGALUR,0.839,0.142,0.019
12.9439,74.9056,Karnataka,DAKSHIN KANNAD,0.641,0.332,0.027
12.8037,75.5378,Karnataka,DAKSHIN KANNAD,0.641,0.332,0.027
12.9128,75.3368,Karnataka,DAKSHIN KANNAD,0.641,0.332,0.027
12.8967,75.2113,Karnataka,DAKSHIN KANNAD,0.641,0.332,0.027
12.4985,75.5114,Karnataka,DAKSHIN KANNAD,0.641,0.332,0.027
12.5928,75.5334,Karnataka,DAKSHIN KANNAD,0.641,0.332,0.027
13.0489,75.1259,Karnataka,DAKSHIN KANNAD,0.641,0.332,0.027
12.9585,75.1142,Karnataka,DAKSHIN KANNAD,0.641,0.332,0.027
12.4911,75.3707,Karnataka,DAKSHIN KANNAD,0.641,0.332,0.027
13.1557,75.3824,Karnataka,DAKSHIN KANNAD,0.641,0.332,0.027
12.9581,75.1697,Karnataka,DAKSHIN KANNAD,0.641,0.332,0.027
12.7264,75.3054,Karnataka,DAKSHIN KANNAD,0.641,0.332,0.027
14.5259,76.0676,Karnataka,DAVANGERE,0.885,0.031,0.084
14.1357,75.5491,Karnataka,DAVANGERE,0.885,0.031,0.084
14.5629,75.999,Karnataka,DAVANGERE,0.885,0.031,0.084
14.0911,75.873,Karnataka,DAVANGERE,0.885,0.031,0.084
14.2627,75.5978,Karnataka,DAVANGERE,0.885,0.031,0.084
14.6671,76.3068,Karnataka,DAVANGERE,0.885,0.031,0.084
14.0343,75.9812,Karnataka,DAVANGERE,0.885,0.031,0.084
14.3055,75.7231,Karnataka,DAVANGERE,0.885,0.031,0.084
14.5961,76.2922,Karnataka,DAVANGERE,0.885,0.031,0.084
13.9725,75.8459,Karnataka,DAVANGERE,0.885,0.031,0.084
14.2596,75.7118,Karnataka,DAVANGERE,0.885,0.031,0.084
14.7296,76.1242,Karnataka,DAVANGERE,0.885,0.031,0.084
15.5169,75.8388,Karnataka,GADAG,0.592,0.399,0.008
15.5855,75.6009,Karnataka,GADAG,0.592,0.399,0.008
15.2403,75.4774,Karnataka,GADAG,0.592,0.399,0.008
15.3212,75.4593,Karnataka,GADAG,0.592,0.399,0.008
15.1376,75.8252,Karnataka,GADAG,0.592,0.399,0.008
15.7269,75.7953,Karnataka,GADAG,0.592,0.399,0.008
15.3587,75.7814,Karnataka,GADAG,0.592,0.399,0.008
15.6607,75.8142,Karnataka,GADAG,0.592,0.399,0.008
15.6844,75.6432,Karnataka,GADAG,0.592,0.399,0.008
15.6054,75.7742,Karnataka,GADAG,0.592,0.399,0.008
15.3838,75.5098,Karnataka,GADAG,0.592,0.399,0.008
15.0629,75.8778,Karnataka,GADAG,0.592,0.399,0.008
12.7513,76.8928,Karnataka,MANDYA,0.851,0.093,0.056
12.4915,76.7952,Karnataka,MANDYA,0.851,0.093,0.056
12.727,76.5172,Karnataka,MANDYA,0.851,0.093,0.056
12.5262,76.9931,Karnataka,MANDYA,0.851,0.093,0.056
12.4607,76.9497,Karnataka,MANDYA,0.851,0.093,0.056
12.8727,76.6933,Karnataka,MANDYA,0.851,0.093,0.056
12.4995,76.925,Karnataka,MANDYA,0.851,0.093,0.056
12.4437,77.1294,Karnataka,MANDYA,0.851,0.093,0.056
12.9497,76.7878,Karnataka,MANDYA,0.851,0.093,0.056
12.6742,76.4631,Karnataka,MANDYA,0.851,0.093,0.056
12.7312,76.3879,Karnataka,MANDYA,0.851,0.093,0.056
12.565,76.8969,Karnataka,MANDYA,0.851,0.093,0.056
17.6467,77.0638,Karnataka,GULBARGA,0.721,0.278,0.002
16.9166,77.1229,Karnataka,GULBARGA,0.721,0.278,0.002
16.8309,76.9657,Karnataka,GULBARGA,0.721,0.278,0.002
17.3453,76.5308,Karnataka,GULBARGA,0.721,0.278,0.002
16.8757,76.9991,Karnataka,GULBARGA,0.721,0.278,0.002
17.1503,76.9735,Karnataka,GULBARGA,0.721,0.278,0.002
17.5113,77.1975,Karnataka,GULBARGA,0.721,0.278,0.002
17.3176,77.0732,Karnataka,GULBARGA,0.721,0.278,0.002
17.5703,76.3849,Karnataka,GULBARGA,0.721,0.278,0.002
17.1784,76.4672,Karnataka,GULBARGA,0.721,0.278,0.002
17.6302,76.6276,Karnataka,GULBARGA,0.721,0.278,0.002
17.4295,77.0336,Karnataka,GULBARGA,0.721,0.278,0.002
13.3724,77.2029,Karnataka,TUMKUR,0.976,0.016,0.008
13.594,76.6944,Karnataka,TUMKUR,0.976,0.016,0.008
14.2059,77.0556,Karnataka,TUMKUR,0.976,0.016,0.008
13.3966,76.9531,Karnataka,TUMKUR,0.976,0.016,0.008
13.7302,77.3009,Karnataka,TUMKUR,0.976,0.016,0.008
13.9172,77.4166,Karnataka,TUMKUR,0.976,0.016,0.008
14.1381,77.3387,Karnataka,TUMKUR,0.976,0.016,0.008
13.6243,77.0693,Karnataka,TUMKUR,0.976,0.016,0.008
13.3417,76.809,Karnataka,TUMKUR,0.976,0.016,0.008
13.8324,76.7889,Karnataka,TUMKUR,0.976,0.016,0.008
13.2399,77.1815,Karnataka,TUMKUR,0.976,0.016,0.008
13.3115,77.1624,Karnataka,TUMKUR,0.976,0.016,0.008
13.954,75.5794,Karnataka,SHIMOGA,0.882,0.013,0.105
13.6414,75.0503,Karnataka,SHIMOGA,0.882,0.013,0.105
13.7021,75.1045,Karnataka,SHIMOGA,0.882,0.013,0.105
14.0831,75.2615,Karnataka,SHIMOGA,0.882,0.013,0.105
13.9996,75.2278,Karnataka,SHIMOGA,0.882,0.013,0.105
13.9326,74.934,Karnataka,SHIMOGA,0.882,0.013,0.105
13.6873,75.0692,Karnataka,SHIMOGA,0.882,0.013,0.105
14.0584,75.1734,Karnataka,SHIMOGA,0.882,0.013,0.105
13.9805,75.1446,Karnataka,SHIMOGA,0.882,0.013,0.105
14.5282,75.2468,Karnataka,SHIMOGA,0.882,0.013,0.105
14.1946,74.74,Karnataka,SHIMOGA,0.882,0.013,0.105
14.4038,75.0507,Karnataka,SHIMOGA,0.882,0.013,0.105
13.068,74.9056,Karnataka,UDUPI,0.811,0.178,0.011
13.3013,74.9339,Karnataka,UDUPI,0.811,0.178,0.011
13.4619,75.002,Karnataka,UDUPI,0.811,0.178,0.011
13.4652,74.8415,Karnataka,UDUPI,0.811,0.178,0.011
13.3179,74.7778,Karnataka,UDUPI,0.811,0.178,0.011
13.2382,74.9293,Karnataka,UDUPI,0.811,0.178,0.011
13.8246,74.6354,Karnataka,UDUPI,0.811,0.178,0.011
13.4789,75.0864,Karnataka,UDUPI,0.811,0.178,0.011
13.6934,74.7186,Karnataka,UDUPI,0.811,0.178,0.011
13.7687,74.696,Karnataka,UDUPI,0.811,0.178,0.011
13.6168,74.72,Karnataka,UDUPI,0.811,0.178,0.011
13.0274,74.9362,Karnataka,UDUPI,0.811,0.178,0.011
14.5338,74.9333,Karnataka,UTTAR KANNAD,0.944,0.042,0.014
14.6913,74.4565,Karnataka,UTTAR KANNAD,0.944,0.042,0.014
14.9579,74.6446,Karnataka,UTTAR KANNAD,0.944,0.042,0.014
15.2796,74.839,Karnataka,UTTAR KANNAD,0.944,0.042,0.014
15.1416,74.2939,Karnataka,UTTAR KANNAD,0.944,0.042,0.014
15.2676,74.684,Karnataka,UTTAR KANNAD,0.944,0.042,0.014
15.2735,74.3326,Karnataka,UTTAR KANNAD,0.944,0.042,0.014
14.8242,74.7953,Karnataka,UTTAR KANNAD,0.944,0.042,0.014
14.3907,74.8984,Karnataka,UTTAR KANNAD,0.944,0.042,0.014
15.2604,74.3961,Karnataka,UTTAR KANNAD,0.944,0.042,0.014
14.3633,74.5642,Karnataka,UTTAR KANNAD,0.944,0.042,0.014
14.4811,74.7672,Karnataka,UTTAR KANNAD,0.944,0.042,0.014
16.9081,76.4433,Karnataka,BIJAPUR,0.546,0.445,0.008
17.147,75.8791,Karnataka,BIJAPUR,0.546,0.445,0.008
17.147,76.213,Karnataka,BIJAPUR,0.546,0.445,0.008
17.3904,75.7591,Karnataka,BIJAPUR,0.546,0.445,0.008
16.7617,75.6395,Karnataka,BIJAPUR,0.546,0.445,0.008
16.8476,76.1222,Karnataka,BIJAPUR,0.546,0.445,0.008
16.2433,76.1294,Karnataka,BIJAPUR,0.546,0.445,0.008
17.0494,75.65,Karnataka,BIJAPUR,0.546,0.445,0.008
17.0239,76.2184,Karnataka,BIJAPUR,0.546,0.445,0.008
17.062,75.7814,Karnataka,BIJAPUR,0.546,0.445,0.008
16.4267,76.3072,Karnataka,BIJAPUR,0.546,0.445,0.008
16.4968,76.0197,Karnataka,BIJAPUR,0.546,0.445,0.008
12.0864,76.6698,Karnataka,MYSORE,0.899,0.086,0.015
12.1918,76.992,Karnataka,MYSORE,0.899,0.086,0.015
11.8482,76.4071,Karnataka,MYSORE,0.899,0.086,0.015
12.2377,76.6865,Karnataka,MYSORE,0.899,0.086,0.015
11.8546,76.3971,Karnataka,MYSORE,0.899,0.086,0.015
12.2055,76.7219,Karnataka,MYSORE,0.899,0.086,0.015
12.3523,76.5114,Karnataka,MYSORE,0.899,0.086,0.015
12.5854,76.2659,Karnataka,MYSORE,0.899,0.086,0.015
12.1945,76.5114,Karnataka,MYSORE,0.899,0.086,0.015
12.1285,76.7346,Karnataka,MYSORE,0.899,0.086,0.015
12.2443,76.5413,Karnataka,MYSORE,0.899,0.086,0.015
11.9503,76.5484,Karnataka,MYSORE,0.899,0.086,0.015
16.2506,75.7815,Karnataka,BAGALKOT,0.479,0.501,0.02
16.3702,75.1501,Karnataka,BAGALKOT,0.479,0.501,0.02
16.0053,75.5255,Karnataka,BAGALKOT,0.479,0.501,0.02
16.4338,75.5165,Karnataka,BAGALKOT,0.479,0.501,0.02
16.0251,75.6497,Karnataka,BAGALKOT,0.479,0.501,0.02
16.0065,75.4883,Karnataka,BAGALKOT,0.479,0.501,0.02
16.2528,75.3171,Karnataka,BAGALKOT,0.479,0.501,0.02
16.3089,75.506,Karnataka,BAGALKOT,0.479,0.501,0.02
16.2921,75.9669,Karnataka,BAGALKOT,0.479,0.501,0.02
16.1216,75.4578,Karnataka,BAGALKOT,0.479,0.501,0.02
16.1838,75.7865,Karnataka,BAGALKOT,0.479,0.501,0.02
15.8892,75.7967,Karnataka,BAGALKOT,0.479,0.501,0.02
18.0034,77.4212,Karnataka,BIDAR,0.795,0.205,0.0
17.8164,77.0717,Karnataka,BIDAR,0.795,0.205,0.0
17.6988,76.8736,Karnataka,BIDAR,0.795,0.205,0.0
17.9151,77.201,Karnataka,BIDAR,0.795,0.205,0.0
18.1606,77.4888,Karnataka,BIDAR,0.795,0.205,0.0
18.324,77.2285,Karnataka,BIDAR,0.795,0.205,0.0
18.2684,77.3111,Karnataka,BIDAR,0.795,0.205,0.0
17.8138,77.2521,Karnataka,BIDAR,0.795,0.205,0.0
17.9289,77.5075,Karnataka,BIDAR,0.795,0.205,0.0
18.1436,76.9326,Karnataka,BIDAR,0.795,0.205,0.0
18.1123,77.3153,Karnataka,BIDAR,0.795,0.205,0.0
18.1586,77.3613,Karnataka,BIDAR,0.795,0.205,0.0
11.8857,76.5793,Karnataka,CHAMARAJANAGAR,0.787,0.198,0.015
11.9589,77.3133,Karnataka,CHAMARAJANAGAR,0.787,0.198,0.015
11.9825,77.129,Karnataka,CHAMARAJANAGAR,0.787,0.198,0.015
11.9791,77.5112,Karnataka,CHAMARAJANAGAR,0.787,0.198,0.015
11.7693,76.7774,Karnataka,CHAMARAJANAGAR,0.787,0.198,0.015
12.0598,77.4887,Karnataka,CHAMARAJANAGAR,0.787,0.198,0.015
11.9515,77.0706,Karnataka,CHAMARAJANAGAR,0.787,0.198,0.015
11.6754,76.8189,Karnataka,CHAMARAJANAGAR,0.787,0.198,0.015
11.7262,76.6069,Karnataka,CHAMARAJANAGAR,0.787,0.198,0.015
12.2013,77.4423,Karnataka,CHAMARAJANAGAR,0.787,0.198,0.015
11.8248,76.7632,Karnataka,CHAMARAJANAGAR,0.787,0.198,0.015
11.9399,76.9446,Karnataka,CHAMARAJANAGAR,0.787,0.198,0.015
13.1854,76.0018,Karnataka,HASSAN,0.928,0.067,0.005
12.9146,76.1755,Karnataka,HASSAN,0.928,0.067,0.005
13.0982,76.1143,Karnataka,HASSAN,0.928,0.067,0.005
12.6449,76.2421,Karnataka,HASSAN,0.928,0.067,0.005
12.9068,75.8241,Karnataka,HASSAN,0.928,0.067,0.005
13.1134,76.0497,Karnataka,HASSAN,0.928,0.067,0.005
12.8459,76.5208,Karnataka,HASSAN,0.928,0.067,0.005
12.9793,76.0414,Karnataka,HASSAN,0.928,0.067,0.005
13.2931,76.1517,Karnataka,HASSAN,0.928,0.067,0.005
12.8025,76.3237,Karnataka,HASSAN,0.928,0.067,0.005
13.0064,76.445,Karnataka,HASSAN,0.928,0.067,0.005
12.9927,75.7457,Karnataka,HASSAN,0.928,0.067,0.005
12.1915,75.6031,Karnataka,KODAGU,0.995,0.001,0.004
12.3571,75.9329,Karnataka,KODAGU,0.995,0.001,0.004
12.3301,75.5488,Karnataka,KODAGU,0.995,0.001,0.004
12.1534,76.096,Karnataka,KODAGU,0.995,0.001,0.004
12.4348,75.7848,Karnataka,KODAGU,0.995,0.001,0.004
12.1954,76.0467,Karnataka,KODAGU,0.995,0.001,0.004
12.2824,75.7578,Karnataka,KODAGU,0.995,0.001,0.004
12.4788,75.6097,Karnataka,KODAGU,0.995,0.001,0.004
12.1929,75.8984,Karnataka,KODAGU,0.995,0.001,0.004
12.6298,75.9077,Karnataka,KODAGU,0.995,0.001,0.004
12.2361,75.7917,Karnataka,KODAGU,0.995,0.001,0.004
12.0011,75.8503,Karnataka,KODAGU,0.995,0.001,0.004
14.5569,75.3178,Karnataka,HAVERI,0.92,0.059,0.021
14.4408,75.375,Karnataka,HAVERI,0.92,0.059,0.021
14.8811,75.6265,Karnataka,HAVERI,0.92,0.059,0.021
14.5471,75.3261,Karnataka,HAVERI,0.92,0.059,0.021
14.8534,75.5739,Karnataka,HAVERI,0.92,0.059,0.021
14.7333,75.3249,Karnataka,HAVERI,0.92,0.059,0.021
14.8297,75.3835,Karnataka,HAVERI,0.92,0.059,0.021
14.5463,75.6031,Karnataka,HAVERI,0.92,0.059,0.021
14.8754,75.1092,Karnataka,HAVERI,0.92,0.059,0.021
14.6871,75.4907,Karnataka,HAVERI,0.92,0.059,0.021
14.6523,75.5624,Karnataka,HAVERI,0.92,0.059,0.021
14.6521,75.3526,Karnataka,HAVERI,0.92,0.059,0.021
15.9313,76.0224,Karnataka,KOPPAL,0.667,0.272,0.062
15.3767,76.252,Karnataka,KOPPAL,0.667,0.272,0.062
15.2677,75.9515,Karnataka,KOPPAL,0.667,0.272,0.062
15.466,75.8441,Karnataka,KOPPAL,0.667,0.272,0.062
15.2566,76.2649,Karnataka,KOPPAL,0.667,0.272,0.062
15.3886,76.461,Karnataka,KOPPAL,0.667,0.272,0.062
15.987,76.0553,Karnataka,KOPPAL,0.667,0.272,0.062
15.6493,76.3413,Karnataka,KOPPAL,0.667,0.272,0.062
15.8308,76.1927,Karnataka,KOPPAL,0.667,0.272,0.062
15.5078,76.4079,Karnataka,KOPPAL,0.667,0.272,0.062
15.4289,76.5155,Karnataka,KOPPAL,0.667,0.272,0.062
15.4963,76.3747,Karnataka,KOPPAL,0.667,0.272,0.062
12.9715,77.8099,Karnataka,BANGALORE RURAL,0.96,0.033,0.007
13.2289,77.5668,Karnataka,BANGALORE RURAL,0.96,0.033,0.007
13.2838,77.5635,Karnataka,BANGALORE RURAL,0.96,0.033,0.007
13.4552,77.4644,Karnataka,BANGALORE RURAL,0.96,0.033,0.007
13.0924,77.8494,Karnataka,BANGALORE RURAL,0.96,0.033,0.007
13.2898,77.6165,Karnataka,BANGALORE RURAL,0.96,0.033,0.007
13.0737,77.4153,Karnataka,BANGALORE RURAL,0.96,0.033,0.007
13.381,77.4628,Karnataka,BANGALORE RURAL,0.96,0.033,0.007
13.1366,77.3756,Karnataka,BANGALORE RURAL,0.96,0.033,0.007
13.3335,77.5411,Karnataka,BANGALORE RURAL,0.96,0.033,0.007
13.3037,77.4509,Karnataka,BANGALORE RURAL,0.96,0.033,0.007
13.2034,77.4759,Karnataka,BANGALORE RURAL,0.96,0.033,0.007
13.1433,77.4967,Karnataka,BENGALURU URBAN,0.96,0.024,0.015
12.822,77.8024,Karnataka,BENGALURU URBAN,0.96,0.024,0.015
12.9688,77.3664,Karnataka,BENGALURU URBAN,0.96,0.024,0.015
12.9658,77.5158,Karnataka,BENGALURU URBAN,0.96,0.024,0.015
12.7654,77.6679,Karnataka,BENGALURU URBAN,0.96,0.024,0.015
13.1139,77.5616,Karnataka,BENGALURU URBAN,0.96,0.024,0.015
13.1418,77.4502,Karnataka,BENGALURU URBAN,0.96,0.024,0.015
13.122,77.5889,Karnataka,BENGALURU URBAN,0.96,0.024,0.015
12.7052,77.6724,Karnataka,BENGALURU URBAN,0.96,0.024,0.015
13.1275,77.5441,Karnataka,BENGALURU URBAN,0.96,0.024,0.015
13.0416,77.7448,Karnataka,BENGALURU URBAN,0.96,0.024,0.015
13.1739,77.6113,Karnataka,BENGALURU URBAN,0.96,0.024,0.015
16.4267,74.3776,Karnataka,BELGAUM,0.663,0.33,0.007
16.5889,75.0229,Karnataka,BELGAUM,0.663,0.33,0.007
16.3273,74.6493,Karnataka,BELGAUM,0.663,0.33,0.007
16.3828,74.7708,Karnataka,BELGAUM,0.663,0.33,0.007
16.303,74.8186,Karnataka,BELGAUM,0.663,0.33,0.007
16.0485,75.3525,Karnataka,BELGAUM,0.663,0.33,0.007
16.5313,74.3438,Karnataka,BELGAUM,0.663,0.33,0.007
15.841,75.2182,Karnataka,BELGAUM,0.663,0.33,0.007
15.8904,74.4187,Karnataka,BELGAUM,0.663,0.33,0.007
15.7771,74.7725,Karnataka,BELGAUM,0.663,0.33,0.007
16.7421,75.2013,Karnataka,BELGAUM,0.663,0.33,0.007
16.0311,74.7387,Karnataka,BELGAUM,0.663,0.33,0.007
15.4703,76.9507,Karnataka,BELLARY,0.836,0.11,0.054
15.2878,76.8178,Karnataka,BELLARY,0.836,0.11,0.054
15.0109,76.4484,Karnataka,BELLARY,0.836,0.11,0.054
15.3667,76.7379,Karnataka,BELLARY,0.836,0.11,0.054
15.1939,76.3861,Karnataka,BELLARY,0.836,0.11,0.054
15.2181,76.3746,Karnataka,BELLARY,0.836,0.11,0.054
14.99,75.9959,Karnataka,BELLARY,0.836,0.11,0.054
14.9782,76.4873,Karnataka,BELLARY,0.836,0.11,0.054
15.117,76.879,Karnataka,BELLARY,0.836,0.11,0.054
14.6897,76.2849,Karnataka,BELLARY,0.836,0.11,0.054
14.6466,76.517,Karnataka,BELLARY,0.836,0.11,0.054
15.1013,76.894,Karnataka,BELLARY,0.836,0.11,0.054
13.5777,77.9443,Karnataka,CHIKBALLAPUR,0.973,0.023,0.004
13.5869,77.7807,Karnataka,CHIKBALLAPUR,0.973,0.023,0.004
13.6986,77.6414,Karnataka,CHIKBALLAPUR,0.973,0.023,0.004
13.6143,77.9496,Karnataka,CHIKBALLAPUR,0.973,0.023,0.004
13.6824,77.6956,Karnataka,CHIKBALLAPUR,0.973,0.023,0.004
13.5055,78.125,Karnataka,CHIKBALLAPUR,0.973,0.023,0.004
13.5031,77.4159,Karnataka,CHIKBALLAPUR,0.973,0.023,0.004
13.8298,77.8264,Karnataka,CHIKBALLAPUR,0.973,0.023,0.004
13.6911,77.6736,Karnataka,CHIKBALLAPUR,0.973,0.023,0.004
13.434,77.6985,Karnataka,CHIKBALLAPUR,0.973,0.023,0.004
13.6914,77.9152,Karnataka,CHIKBALLAPUR,0.973,0.023,0.004
13.7216,77.7755,Karnataka,CHIKBALLAPUR,0.973,0.023,0.004
14.3249,76.6295,Karnataka,CHITRADURGA,0.865,0.125,0.009
14.2969,76.9422,Karnataka,CHITRADURGA,0.865,0.125,0.009
14.2038,76.786,Karnataka,CHITRADURGA,0.865,0.125,0.009
14.3092,76.8946,Karnataka,CHITRADURGA,0.865,0.125,0.009
14.043,76.46,Karnataka,CHITRADURGA,0.865,0.125,0.009
14.0943,76.369,Karnataka,CHITRADURGA,0.865,0.125,0.009
14.5859,76.7573,Karnataka,CHITRADURGA,0.865,0.125,0.009
14.1559,76.0681,Karnataka,CHITRADURGA,0.865,0.125,0.009
13.8658,76.4963,Karnataka,CHITRADURGA,0.865,0.125,0.009
14.2325,76.0999,Karnataka,CHITRADURGA,0.865,0.125,0.009
14.3252,76.5716,Karnataka,CHITRADURGA,0.865,0.125,0.009
14.2426,76.5805,Karnataka,CHITRADURGA,0.865,0.125,0.009
15.4805,74.7888,Karnataka,DHARWAD,0.636,0.362,0.002
15.4787,75.172,Karnataka,DHARWAD,0.636,0.362,0.002
15.3105,74.9946,Karnataka,DHARWAD,0.636,0.362,0.002
15.6413,75.3934,Karnataka,DHARWAD,0.636,0.362,0.002
15.3193,74.9019,Karnataka,DHARWAD,0.636,0.362,0.002
15.5162,74.9974,Karnataka,DHARWAD,0.636,0.362,0.002
15.2803,75.2505,Karnataka,DHARWAD,0.636,0.362,0.002
15.3671,74.8721,Karnataka,DHARWAD,0.636,0.362,0.002
15.6412,75.3953,Karnataka,DHARWAD,0.636,0.362,0.002
15.473,74.7375,Karnataka,DHARWAD,0.636,0.362,0.002
15.249,75.2625,Karnataka,DHARWAD,0.636,0.362,0.002
15.4609,75.1876,Karnataka,DHARWAD,0.636,0.362,0.002
13.3215,78.3641,Karnataka,KOLAR,0.901,0.092,0.007
12.9818,78.2563,Karnataka,KOLAR,0.901,0.092,0.007
12.9592,78.1724,Karnataka,KOLAR,0.901,0.092,0.007
12.8081,78.1965,Karnataka,KOLAR,0.901,0.092,0.007
13.081,78.1923,Karnataka,KOLAR,0.901,0.092,0.007
13.0218,77.936,Karnataka,KOLAR,0.901,0.092,0.007
13.0399,78.3162,Karnataka,KOLAR,0.901,0.092,0.007
13.175,78.5539,Karnataka,KOLAR,0.901,0.092,0.007
13.5704,78.286,Karnataka,KOLAR,0.901,0.092,0.007
12.9106,78.0717,Karnataka,KOLAR,0.901,0.092,0.007
13.2017,78.5055,Karnataka,KOLAR,0.901,0.092,0.007
12.8891,78.205,Karnataka,KOLAR,0.901,0.092,0.007
16.2442,76.781,Karnataka,RAICHUR,0.617,0.324,0.059
16.1947,76.8003,Karnataka,RAICHUR,0.617,0.324,0.059
16.2118,76.6198,Karnataka,RAICHUR,0.617,0.324,0.059
16.1569,76.5427,Karnataka,RAICHUR,0.617,0.324,0.059
15.9855,76.6836,Karnataka,RAICHUR,0.617,0.324,0.059
15.8044,76.623,Karnataka,RAICHUR,0.617,0.324,0.059
15.943,76.976,Karnataka,RAICHUR,0.617,0.324,0.059
15.8293,76.578,Karnataka,RAICHUR,0.617,0.324,0.059
16.1012,76.8493,Karnataka,RAICHUR,0.617,0.324,0.059
16.0672,76.9478,Karnataka,RAICHUR,0.617,0.324,0.059
15.9403,76.4963,Karnataka,RAICHUR,0.617,0.324,0.059
15.9406,77.4693,Karnataka,RAICHUR,0.617,0.324,0.059
12.6642,77.1305,Karnataka,RAMANAGARA,0.975,0.019,0.007
12.4203,77.2971,Karnataka,RAMANAGARA,0.975,0.019,0.007
12.7402,77.302,Karnataka,RAMANAGARA,0.975,0.019,0.007
12.6067,77.4203,Karnataka,RAMANAGARA,0.975,0.019,0.007
13.0195,77.1377,Karnataka,RAMANAGARA,0.975,0.019,0.007
12.3854,77.47,Karnataka,RAMANAGARA,0.975,0.019,0.007
13.0117,77.155,Karnataka,RAMANAGARA,0.975,0.019,0.007
12.507,77.5163,Karnataka,RAMANAGARA,0.975,0.019,0.007
12.4851,77.3644,Karnataka,RAMANAGARA,0.975,0.019,0.007
12.5864,77.2693,Karnataka,RAMANAGARA,0.975,0.019,0.007
12.8131,77.2394,Karnataka,RAMANAGARA,0.975,0.019,0.007
13.0431,77.1805,Karnataka,RAMANAGARA,0.975,0.019,0.007
16.5488,77.2394,Karnataka,YADGIR,0.872,0.088,0.04
16.7366,77.2132,Karnataka,YADGIR,0.872,0.088,0.04
16.5328,77.2131,Karnataka,YADGIR,0.872,0.088,0.04
16.4306,76.5718,Karnataka,YADGIR,0.872,0.088,0.04
16.7,76.4481,Karnataka,YADGIR,0.872,0.088,0.04
16.6115,77.2831,Karnataka,YADGIR,0.872,0.088,0.04
16.9158,77.2583,Karnataka,YADGIR,0.872,0.088,0.04
16.7161,77.0994,Karnataka,YADGIR,0.872,0.088,0.04
16.5153,76.8278,Karnataka,YADGIR,0.872,0.088,0.04
16.7606,77.0098,Karnataka,YADGIR,0.872,0.088,0.04
16.5973,77.2183,Karnataka,YADGIR,0.872,0.088,0.04
16.5349,77.1141,Karnataka,YADGIR,0.872,0.088,0.04
19.4108,79.4374,Telangana,ADILABAD,0.884,0.116,0.0
19.2645,79.6751,Telangana,ADILABAD,0.884,0.116,0.0
19.6701,78.6325,Telangana,ADILABAD,0.884,0.116,0.0
18.8007,79.7047,Telangana,ADILABAD,0.884,0.116,0.0
18.9485,78.0587,Telangana,ADILABAD,0.884,0.116,0.0
14.6475,77.2852,Andhra Pradesh,ANANTAPUR,0.865,0.135,0.0
15.0004,78.0046,Andhra Pradesh,ANANTAPUR,0.865,0.135,0.0
14.7168,77.7897,Andhra Pradesh,ANANTAPUR,0.865,0.135,0.0
13.9513,77.6195,Andhra Pradesh,ANANTAPUR,0.865,0.135,0.0
13.8143,77.5643,Andhra Pradesh,ANANTAPUR,0.865,0.135,0.0
12.9077,78.4734,Andhra Pradesh,CHITTOOR,0.803,0.197,0.0
13.5425,79.1268,Andhra Pradesh,CHITTOOR,0.803,0.197,0.0
13.9038,78.4641,Andhra Pradesh,CHITTOOR,0.803,0.197,0.0
12.7013,78.347,Andhra Pradesh,CHITTOOR,0.803,0.197,0.0
13.4399,78.6555,Andhra Pradesh,CHITTOOR,0.803,0.197,0.0
16.9416,82.1991,Andhra Pradesh,EAST GODAVARI,0.677,0.323,0.0
17.0351,82.2446,Andhra Pradesh,EAST GODAVARI,0.677,0.323,0.0
17.303,81.8427,Andhra Pradesh,EAST GODAVARI,0.677,0.323,0.0
16.8184,81.9953,Andhra Pradesh,EAST GODAVARI,0.677,0.323,0.0
17.2841,81.7659,Andhra Pradesh,EAST GODAVARI,0.677,0.323,0.0
14.7467,78.7586,Andhra Pradesh,KADAPA,0.46,0.54,0.0
14.5519,78.2333,Andhra Pradesh,KADAPA,0.46,0.54,0.0
14.1149,79.1645,Andhra Pradesh,KADAPA,0.46,0.54,0.0
14.2212,79.2241,Andhra Pradesh,KADAPA,0.46,0.54,0.0
14.1538,78.9056,Andhra Pradesh,KADAPA,0.46,0.54,0.0
16.4885,79.7688,Andhra Pradesh,GUNTUR,0.846,0.154,0.0
16.443,80.04,Andhra Pradesh,GUNTUR,0.846,0.154,0.0
16.3683,80.7282,Andhra Pradesh,GUNTUR,0.846,0.154,0.0
16.5297,80.1787,Andhra Pradesh,GUNTUR,0.846,0.154,0.0
16.0445,80.6934,Andhra Pradesh,GUNTUR,0.846,0.154,0.0
18.2858,79.2115,Telangana,KARIMNAGAR,0.755,0.245,0.0
18.8166,78.7591,Telangana,KARIMNAGAR,0.755,0.245,0.0
18.5767,79.0892,Telangana,KARIMNAGAR,0.755,0.245,0.0
18.0462,79.3105,Telangana,KARIMNAGAR,0.755,0.245,0.0
18.0154,79.2684,Telangana,KARIMNAGAR,0.755,0.245,0.0
18.3342,80.6703,Telangana,KHAMMAM,0.898,0.102,0.0
17.9572,80.8282,Telangana,KHAMMAM,0.898,0.102,0.0
17.9985,80.7893,Telangana,KHAMMAM,0.898,0.102,0.0
17.2817,80.704,Telangana,KHAMMAM,0.898,0.102,0.0
17.1912,80.4186,Telangana,KHAMMAM,0.898,0.102,0.0
16.8791,80.0846,Andhra Pradesh,KRISHNA,0.8,0.2,0.0
15.9427,80.9729,Andhra Pradesh,KRISHNA,0.8,0.2,0.0
16.8747,80.262,Andhra Pradesh,KRISHNA,0.8,0.2,0.0
16.3903,80.9327,Andhra Pradesh,KRISHNA,0.8,0.2,0.0
16.8845,80.0361,Andhra Pradesh,KRISHNA,0.8,0.2,0.0
15.1634,78.0091,Andhra Pradesh,KURNOOL,0.708,0.292,0.0
15.4393,77.5463,Andhra Pradesh,KURNOOL,0.708,0.292,0.0
15.6633,78.6081,Andhra Pradesh,KURNOOL,0.708,0.292,0.0
15.9138,78.5535,Andhra Pradesh,KURNOOL,0.708,0.292,0.0
15.8361,78.586,Andhra Pradesh,KURNOOL,0.708,0.292,0.0
16.7608,78.3349,Telangana,MAHBUBNAGAR,0.884,0.116,0.0
16.7435,77.5642,Telangana,MAHBUBNAGAR,0.884,0.116,0.0
16.7182,78.4102,Telangana,MAHBUBNAGAR,0.884,0.116,0.0
15.9603,77.5966,Telangana,MAHBUBNAGAR,0.884,0.116,0.0
16.4636,77.6218,Telangana,MAHBUBNAGAR,0.884,0.116,0.0
17.4837,78.1492,Telangana,MEDAK,0.838,0.162,0.0
17.7278,78.3938,Telangana,MEDAK,0.838,0.162,0.0
17.767,78.5304,Telangana,MEDAK,0.838,0.162,0.0
18.23,77.7308,Telangana,MEDAK,0.838,0.162,0.0
18.0398,78.6063,Telangana,MEDAK,0.838,0.162,0.0
16.81,79.6945,Telangana,NALGONDA,0.884,0.116,0.0
17.6515,78.9781,Telangana,NALGONDA,0.884,0.116,0.0
16.79,79.5239,Telangana,NALGONDA,0.884,0.116,0.0
16.8096,78.9354,Telangana,NALGONDA,0.884,0.116,0.0
17.499,78.985,Telangana,NALGONDA,0.884,0.116,0.0
14.341,79.9473,Andhra Pradesh,SPSR NELLORE,0.318,0.682,0.0
14.9035,79.7396,Andhra Pradesh,SPSR NELLORE,0.318,0.682,0.0
13.9069,79.8635,Andhra Pradesh,SPSR NELLORE,0.318,0.682,0.0
15.0032,79.1652,Andhra Pradesh,SPSR NELLORE,0.318,0.682,0.0
14.7814,79.2401,Andhra Pradesh,SPSR NELLORE,0.318,0.682,0.0
18.8049,78.2984,Telangana,NIZAMABAD,0.742,0.258,0.0
18.2943,77.7902,Telangana,NIZAMABAD,0.742,0.258,0.0
18.6084,78.3676,Telangana,NIZAMABAD,0.742,0.258,0.0
18.8501,78.5274,Telangana,NIZAMABAD,0.742,0.258,0.0
18.3514,77.7689,Telangana,NIZAMABAD,0.742,0.258,0.0
15.3885,78.9217,Andhra Pradesh,PRAKASAM,0.559,0.441,0.0
15.7217,79.2751,Andhra Pradesh,PRAKASAM,0.559,0.441,0.0
15.6851,79.0866,Andhra Pradesh,PRAKASAM,0.559,0.441,0.0
15.9462,79.4097,Andhra Pradesh,PRAKASAM,0.559,0.441,0.0
15.5101,80.1297,Andhra Pradesh,PRAKASAM,0.559,0.441,0.0
17.2691,78.5595,Telangana,RANGAREDDI,0.915,0.085,0.0
17.3393,77.4813,Telangana,RANGAREDDI,0.915,0.085,0.0
17.4433,77.6434,Telangana,RANGAREDDI,0.915,0.085,0.0
17.4406,77.7821,Telangana,RANGAREDDI,0.915,0.085,0.0
17.0333,78.6392,Telangana,RANGAREDDI,0.915,0.085,0.0
18.1157,83.6593,Andhra Pradesh,SRIKAKULAM,0.899,0.101,0.0
19.0422,84.7187,Andhra Pradesh,SRIKAKULAM,0.899,0.101,0.0
18.9004,84.4288,Andhra Pradesh,SRIKAKULAM,0.899,0.101,0.0
18.5906,83.572,Andhra Pradesh,SRIKAKULAM,0.899,0.101,0.0
19.0353,84.6569,Andhra Pradesh,SRIKAKULAM,0.899,0.101,0.0
18.1004,82.5212,Andhra Pradesh,VISAKHAPATANAM,0.911,0.089,0.0
17.9991,82.4634,Andhra Pradesh,VISAKHAPATANAM,0.911,0.089,0.0
18.0159,82.3396,Andhra Pradesh,VISAKHAPATANAM,0.911,0.089,0.0
17.8064,82.7376,Andhra Pradesh,VISAKHAPATANAM,0.911,0.089,0.0
17.9288,82.9483,Andhra Pradesh,VISAKHAPATANAM,0.911,0.089,0.0
18.7009,83.4632,Andhra Pradesh,VIZIANAGARAM,0.859,0.141,0.0
18.7774,83.3824,Andhra Pradesh,VIZIANAGARAM,0.859,0.141,0.0
18.0628,83.5212,Andhra Pradesh,VIZIANAGARAM,0.859,0.141,0.0
17.9515,83.0858,Andhra Pradesh,VIZIANAGARAM,0.859,0.141,0.0
18.9145,83.4638,Andhra Pradesh,VIZIANAGARAM,0.859,0.141,0.0
17.7874,79.8177,Telangana,WARANGAL,0.83,0.17,0.0
18.3452,80.0436,Telangana,WARANGAL,0.83,0.17,0.0
17.9519,78.9942,Telangana,WARANGAL,0.83,0.17,0.0
18.1791,79.7029,Telangana,WARANGAL,0.83,0.17,0.0
18.0005,80.227,Telangana,WARANGAL,0.83,0.17,0.0
17.0512,81.6518,Andhra Pradesh,WEST GODAVARI,0.614,0.386,0.0
16.5316,81.6823,Andhra Pradesh,WEST GODAVARI,0.614,0.386,0.0
16.8691,81.2148,Andhra Pradesh,WEST GODAVARI,0.614,0.386,0.0
16.4348,81.4929,Andhra Pradesh,WEST GODAVARI,0.614,0.386,0.0
16.8048,81.4395,Andhra Pradesh,WEST GODAVARI,0.614,0.386,0.0
27.2001,97.0797,Arunachal Pradesh,CHANGLANG,0.942,0.057,0.001
27.302,96.2941,Arunachal Pradesh,CHANGLANG,0.942,0.057,0.001
26.9648,95.7274,Arunachal Pradesh,CHANGLANG,0.942,0.057,0.001
27.4508,96.4736,Arunachal Pradesh,CHANGLANG,0.942,0.057,0.001
27.2172,95.7057,Arunachal Pradesh,CHANGLANG,0.942,0.057,0.001
27.4529,92.8606,Arunachal Pradesh,EAST KAMENG,0.983,0.017,0.0
27.3487,93.154,Arunachal Pradesh,EAST KAMENG,0.983,0.017,0.0
27.5348,92.832,Arunachal Pradesh,EAST KAMENG,0.983,0.017,0.0
27.0562,93.0149,Arunachal Pradesh,EAST KAMENG,0.983,0.017,0.0
27.1346,93.1566,Arunachal Pradesh,EAST KAMENG,0.983,0.017,0.0
27.9624,95.2909,Arunachal Pradesh,EAST SIANG,0.935,0.065,0.0
28.2991,94.9344,Arunachal Pradesh,EAST SIANG,0.935,0.065,0.0
28.2609,95.3813,Arunachal Pradesh,EAST SIANG,0.935,0.065,0.0
28.1681,94.9572,Arunachal Pradesh,EAST SIANG,0.935,0.065,0.0
27.9692,95.4965,Arunachal Pradesh,EAST SIANG,0.935,0.065,0.0
28.2076,93.171,Arunachal Pradesh,KURUNG KUMEY,0.959,0.041,0.0
27.747,93.3641,Arunachal Pradesh,KURUNG KUMEY,0.959,0.041,0.0
27.8258,93.5031,Arunachal Pradesh,KURUNG KUMEY,0.959,0.041,0.0
27.7652,93.3007,Arunachal Pradesh,KURUNG KUMEY,0.959,0.041,0.0
28.2025,93.1744,Arunachal Pradesh,KURUNG KUMEY,0.959,0.041,0.0
28.2494,96.8716,Arunachal Pradesh,LOHIT,0.932,0.068,0.0
28.1679,96.6955,Arunachal Pradesh,LOHIT,0.932,0.068,0.0
28.3102,96.2705,Arunachal Pradesh,LOHIT,0.932,0.068,0.0
27.7737,95.8913,Arunachal Pradesh,LOHIT,0.932,0.068,0.0
28.2555,96.2795,Arunachal Pradesh,LOHIT,0.932,0.068,0.0
28.0577,95.6946,Arunachal Pradesh,LOWER DIBANG VALLEY,0.929,0.071,0.0
28.4435,96.2344,Arunachal Pradesh,LOWER DIBANG VALLEY,0.929,0.071,0.0
28.569,95.5502,Arunachal Pradesh,LOWER DIBANG VALLEY,0.929,0.071,0.0
28.2236,95.6723,Arunachal Pradesh,LOWER DIBANG VALLEY,0.929,0.071,0.0
28.6032,96.0011,Arunachal Pradesh,LOWER DIBANG VALLEY,0.929,0.071,0.0
27.7272,94.1043,Arunachal Pradesh,LOWER SUBANSIRI,0.956,0.043,0.0
27.8682,93.9473,Arunachal Pradesh,LOWER SUBANSIRI,0.956,0.043,0.0
27.49,93.9583,Arunachal Pradesh,LOWER SUBANSIRI,0.956,0.043,0.0
27.5003,93.7097,Arunachal Pradesh,LOWER SUBANSIRI,0.956,0.043,0.0
27.3784,93.8036,Arunachal Pradesh,LOWER SUBANSIRI,0.956,0.043,0.0
27.1648,93.3343,Arunachal Pradesh,PAPUM PARE,0.961,0.039,0.0
27.1303,93.4538,Arunachal Pradesh,PAPUM PARE,0.961,0.039,0.0
27.2158,93.5154,Arunachal Pradesh,PAPUM PARE,0.961,0.039,0.0
27.016,93.3965,Arunachal Pradesh,PAPUM PARE,0.961,0.039,0.0
27.3322,93.9582,Arunachal Pradesh,PAPUM PARE,0.961,0.039,0.0
27.7639,92.1433,Arunachal Pradesh,TAWANG,0.521,0.478,0.001
27.683,91.7409,Arunachal Pradesh,TAWANG,0.521,0.478,0.001
27.7831,92.1915,Arunachal Pradesh,TAWANG,0.521,0.478,0.001
27.6978,92.2648,Arunachal Pradesh,TAWANG,0.521,0.478,0.001
27.5783,92.0355,Arunachal Pradesh,TAWANG,0.521,0.478,0.001
27.0157,95.5937,Arunachal Pradesh,TIRAP,0.988,0.012,0.0
26.8799,95.6126,Arunachal Pradesh,TIRAP,0.988,0.012,0.0
26.8862,95.5962,Arunachal Pradesh,TIRAP,0.988,0.012,0.0
26.7525,95.3699,Arunachal Pradesh,TIRAP,0.988,0.012,0.0
26.7013,95.2781,Arunachal Pradesh,TIRAP,0.988,0.012,0.0
28.2578,95.2096,Arunachal Pradesh,UPPER SIANG,0.972,0.028,0.0
28.9945,94.6189,Arunachal Pradesh,UPPER SIANG,0.972,0.028,0.0
28.8237,95.1954,Arunachal Pradesh,UPPER SIANG,0.972,0.028,0.0
28.8363,94.9631,Arunachal Pradesh,UPPER SIANG,0.972,0.028,0.0
28.2309,95.2986,Arunachal Pradesh,UPPER SIANG,0.972,0.028,0.0
27.9732,94.0055,Arunachal Pradesh,UPPER SUBANSIRI,0.953,0.047,0.0
28.2635,94.0479,Arunachal Pradesh,UPPER SUBANSIRI,0.953,0.047,0.0
28.4142,93.9398,Arunachal Pradesh,UPPER SUBANSIRI,0.953,0.047,0.0
28.4723,93.535,Arunachal Pradesh,UPPER SUBANSIRI,0.953,0.047,0.0
27.8432,94.4451,Arunachal Pradesh,UPPER SUBANSIRI,0.953,0.047,0.0
27.216,92.6401,Arunachal Pradesh,WEST KAMENG,0.773,0.226,0.0
27.2387,92.3266,Arunachal Pradesh,WEST KAMENG,0.773,0.226,0.0
27.0944,92.0669,Arunachal Pradesh,WEST KAMENG,0.773,0.226,0.0
27.0376,92.4413,Arunachal Pradesh,WEST KAMENG,0.773,0.226,0.0
27.0775,92.54,Arunachal Pradesh,WEST KAMENG,0.773,0.226,0.0
28.6541,94.2753,Arunachal Pradesh,WEST SIANG,0.982,0.018,0.0
28.227,94.7846,Arunachal Pradesh,WEST SIANG,0.982,0.018,0.0
28.406,94.5681,Arunachal Pradesh,WEST SIANG,0.982,0.018,0.0
28.7766,94.0723,Arunachal Pradesh,WEST SIANG,0.982,0.018,0.0
27.7016,94.4205,Arunachal Pradesh,WEST SIANG,0.982,0.018,0.0
26.4104,91.1957,Assam,BARPETA,0.347,0.533,0.12
26.1989,90.7522,Assam,BARPETA,0.347,0.533,0.12
26.2118,91.1204,Assam,BARPETA,0.347,0.533,0.12
26.5429,91.076,Assam,BARPETA,0.347,0.533,0.12
26.2472,91.1968,Assam,BARPETA,0.347,0.533,0.12
26.5985,90.8365,Assam,BONGAIGAON,0.451,0.483,0.066
26.2451,90.5531,Assam,BONGAIGAON,0.451,0.483,0.066
26.6191,90.8373,Assam,BONGAIGAON,0.451,0.483,0.066
26.7776,90.6724,Assam,BONGAIGAON,0.451,0.483,0.066
26.5033,90.5764,Assam,BONGAIGAON,0.451,0.483,0.066
24.7578,92.8539,Assam,CACHAR,0.713,0.231,0.056
24.8357,93.0721,Assam,CACHAR,0.713,0.231,0.056
24.8187,92.8491,Assam,CACHAR,0.713,0.231,0.056
25.0345,92.5102,Assam,CACHAR,0.713,0.231,0.056
24.4487,92.994,Assam,CACHAR,0.713,0.231,0.056
26.4391,92.1737,Assam,DARRANG,0.458,0.473,0.069
26.8188,91.7542,Assam,DARRANG,0.458,0.473,0.069
26.3892,91.8323,Assam,DARRANG,0.458,0.473,0.069
26.2352,91.8726,Assam,DARRANG,0.458,0.473,0.069
26.8005,92.1617,Assam,DARRANG,0.458,0.473,0.069
27.4361,94.4364,Assam,DHEMAJI,0.402,0.575,0.022
27.7222,95.3463,Assam,DHEMAJI,0.402,0.575,0.022
27.8292,95.4012,Assam,DHEMAJI,0.402,0.575,0.022
27.5839,94.2332,Assam,DHEMAJI,0.402,0.575,0.022
27.5574,94.3988,Assam,DHEMAJI,0.402,0.575,0.022
26.2932,89.9583,Assam,DHUBRI,0.363,0.486,0.151
26.1426,90.1739,Assam,DHUBRI,0.363,0.486,0.151
25.5818,89.9177,Assam,DHUBRI,0.363,0.486,0.151
26.2804,89.7739,Assam,DHUBRI,0.363,0.486,0.151
26.0136,89.931,Assam,DHUBRI,0.363,0.486,0.151
27.24,95.0924,Assam,DIBRUGARH,0.738,0.256,0.005
27.3192,95.0516,Assam,DIBRUGARH,0.738,0.256,0.005
27.5209,94.9142,Assam,DIBRUGARH,0.738,0.256,0.005
27.4412,95.1232,Assam,DIBRUGARH,0.738,0.256,0.005
27.2452,95.2715,Assam,DIBRUGARH,0.738,0.256,0.005
26.554,93.8408,Assam,GOLAGHAT,0.618,0.354,0.027
26.8323,93.9012,Assam,GOLAGHAT,0.618,0.354,0.027
26.676,93.4709,Assam,GOLAGHAT,0.618,0.354,0.027
26.5895,93.8334,Assam,GOLAGHAT,0.618,0.354,0.027
26.2329,93.9058,Assam,GOLAGHAT,0.618,0.354,0.027
25.9846,90.8019,Assam,GOALPARA,0.463,0.416,0.12
26.0004,90.4504,Assam,GOALPARA,0.463,0.416,0.12
25.9778,90.9424,Assam,GOALPARA,0.463,0.416,0.12
25.9815,90.6776,Assam,GOALPARA,0.463,0.416,0.12
26.1087,90.2536,Assam,GOALPARA,0.463,0.416,0.12
24.4777,92.6695,Assam,HAILAKANDI,0.68,0.285,0.035
24.2908,92.5161,Assam,HAILAKANDI,0.68,0.285,0.035
24.4418,92.6283,Assam,HAILAKANDI,0.68,0.285,0.035
24.6537,92.6448,Assam,HAILAKANDI,0.68,0.285,0.035
24.7965,92.5982,Assam,HAILAKANDI,0.68,0.285,0.035
26.8659,94.0733,Assam,JORHAT,0.444,0.534,0.023
27.0073,94.1958,Assam,JORHAT,0.444,0.534,0.023
27.0502,94.2416,Assam,JORHAT,0.444,0.534,0.023
26.4989,94.3411,Assam,JORHAT,0.444,0.534,0.023
26.5205,94.2267,Assam,JORHAT,0.444,0.534,0.023
25.9216,91.0508,Assam,KAMRUP,0.473,0.394,0.133
26.2923,91.7494,Assam,KAMRUP,0.473,0.394,0.133
25.9077,91.5031,Assam,KAMRUP,0.473,0.394,0.133
25.9168,91.0889,Assam,KAMRUP,0.473,0.394,0.133
26.3119,91.469,Assam,KAMRUP,0.473,0.394,0.133
25.7153,93.447,Assam,KARBI ANGLONG,0.562,0.433,0.005
25.6817,92.5494,Assam,KARBI ANGLONG,0.562,0.433,0.005
26.2327,93.0365,Assam,KARBI ANGLONG,0.562,0.433,0.005
25.63,92.636,Assam,KARBI ANGLONG,0.562,0.433,0.005
25.9788,93.3331,Assam,KARBI ANGLONG,0.562,0.433,0.005
24.4358,92.3111,Assam,KARIMGANJ,0.777,0.151,0.072
24.8514,92.3775,Assam,KARIMGANJ,0.777,0.151,0.072
24.2578,92.3543,Assam,KARIMGANJ,0.777,0.151,0.072
24.4031,92.3128,Assam,KARIMGANJ,0.777,0.151,0.072
24.9071,92.3042,Assam,KARIMGANJ,0.777,0.151,0.072
26.5564,90.3754,Assam,KOKRAJHAR,0.407,0.525,0.068
26.6786,90.2176,Assam,KOKRAJHAR,0.407,0.525,0.068
26.8039,90.2485,Assam,KOKRAJHAR,0.407,0.525,0.068
26.7489,90.1902,Assam,KOKRAJHAR,0.407,0.525,0.068
26.4819,90.112,Assam,KOKRAJHAR,0.407,0.525,0.068
27.3238,94.0979,Assam,LAKHIMPUR,0.343,0.611,0.046
26.9758,93.7553,Assam,LAKHIMPUR,0.343,0.611,0.046
27.233,94.3053,Assam,LAKHIMPUR,0.343,0.611,0.046
27.0948,94.2473,Assam,LAKHIMPUR,0.343,0.611,0.046
27.1502,93.8727,Assam,LAKHIMPUR,0.343,0.611,0.046
26.4336,92.2889,Assam,MARIGAON,0.417,0.389,0.194
26.3204,92.3318,Assam,MARIGAON,0.417,0.389,0.194
26.4103,92.2153,Assam,MARIGAON,0.417,0.389,0.194
26.2291,92.3153,Assam,MARIGAON,0.417,0.389,0.194
26.1628,92.2715,Assam,MARIGAON,0.417,0.389,0.194
26.0784,92.7493,Assam,NAGAON,0.548,0.346,0.107
26.3735,92.4968,Assam,NAGAON,0.548,0.346,0.107
26.4311,92.965,Assam,NAGAON,0.548,0.346,0.107
26.1576,92.5496,Assam,NAGAON,0.548,0.346,0.107
26.4243,92.5233,Assam,NAGAON,0.548,0.346,0.107
26.7282,91.5302,Assam,NALBARI,0.545,0.399,0.057
26.1685,91.365,Assam,NALBARI,0.545,0.399,0.057
26.5411,91.2584,Assam,NALBARI,0.545,0.399,0.057
26.5899,91.6308,Assam,NALBARI,0.545,0.399,0.057
26.3739,91.2668,Assam,NALBARI,0.545,0.399,0.057
25.178,92.8055,Assam,DIMA HASAO,0.731,0.268,0.0
25.1383,93.3159,Assam,DIMA HASAO,0.731,0.268,0.0
25.0753,93.1405,Assam,DIMA HASAO,0.731,0.268,0.0
25.3932,92.8283,Assam,DIMA HASAO,0.731,0.268,0.0
25.677,92.8836,Assam,DIMA HASAO,0.731,0.268,0.0
27.1047,95.2701,Assam,SIVASAGAR,0.746,0.248,0.006
27.2671,94.7318,Assam,SIVASAGAR,0.746,0.248,0.006
27.1452,95.0019,Assam,SIVASAGAR,0.746,0.248,0.006
27.0668,94.6123,Assam,SIVASAGAR,0.746,0.248,0.006
26.9554,94.875,Assam,SIVASAGAR,0.746,0.248,0.006
26.7927,92.4379,Assam,SONITPUR,0.484,0.462,0.054
26.8312,93.1477,Assam,SONITPUR,0.484,0.462,0.054
26.7479,92.8249,Assam,SONITPUR,0.484,0.462,0.054
26.7282,92.7483,Assam,SONITPUR,0.484,0.462,0.054
26.8933,92.576,Assam,SONITPUR,0.484,0.462,0.054
27.4761,95.4939,Assam,TINSUKIA,0.519,0.48,0.001
27.9347,95.6831,Assam,TINSUKIA,0.519,0.48,0.001
27.9232,95.71,Assam,TINSUKIA,0.519,0.48,0.001
27.5569,95.5362,Assam,TINSUKIA,0.519,0.48,0.001
27.5054,95.517,Assam,TINSUKIA,0.519,0.48,0.001
26.0837,87.4198,Bihar,ARARIA,0.397,0.441,0.162
26.1983,87.539,Bihar,ARARIA,0.397,0.441,0.162
26.1737,87.394,Bihar,ARARIA,0.397,0.441,0.162
26.1771,87.234,Bihar,ARARIA,0.397,0.441,0.162
26.0578,87.3525,Bihar,ARARIA,0.397,0.441,0.162
24.6362,86.7328,Bihar,BANKA,0.343,0.639,0.018
24.8058,86.9855,Bihar,BANKA,0.343,0.639,0.018
24.8469,86.8308,Bihar,BANKA,0.343,0.639,0.018
25.0522,86.7376,Bihar,BANKA,0.343,0.639,0.018
24.9454,86.9729,Bihar,BANKA,0.343,0.639,0.018
24.8855,84.4869,Bihar,AURANGABAD,0.524,0.476,0.0
25.038,84.3909,Bihar,AURANGABAD,0.524,0.476,0.0
25.0154,84.5941,Bihar,AURANGABAD,0.524,0.476,0.0
24.7086,84.0956,Bihar,AURANGABAD,0.524,0.476,0.0
24.7189,84.4275,Bihar,AURANGABAD,0.524,0.476,0.0
24.6339,83.7387,Bihar,KAIMUR (BHABUA),0.535,0.465,0.001
24.7113,83.6648,Bihar,KAIMUR (BHABUA),0.535,0.465,0.001
25.0007,83.4266,Bihar,KAIMUR (BHABUA),0.535,0.465,0.001
25.0073,83.5604,Bihar,KAIMUR (BHABUA),0.535,0.465,0.001
25.151,83.6179,Bihar,KAIMUR (BHABUA),0.535,0.465,0.001
25.5333,85.8769,Bihar,BEGUSARAI,0.179,0.812,0.009
25.5383,86.0617,Bihar,BEGUSARAI,0.179,0.812,0.009
25.506,86.0835,Bihar,BEGUSARAI,0.179,0.812,0.009
25.5037,85.9735,Bihar,BEGUSARAI,0.179,0.812,0.009
25.5588,85.9656,Bihar,BEGUSARAI,0.179,0.812,0.009
25.6127,84.4269,Bihar,BHOJPUR,0.154,0.844,0.002
25.218,84.5252,Bihar,BHOJPUR,0.154,0.844,0.002
25.3619,84.2857,Bihar,BHOJPUR,0.154,0.844,0.002
25.606,84.528,Bihar,BHOJPUR,0.154,0.844,0.002
25.639,84.7785,Bihar,BHOJPUR,0.154,0.844,0.002
25.123,86.7673,Bihar,BHAGALPUR,0.18,0.794,0.026
25.3745,86.9162,Bihar,BHAGALPUR,0.18,0.794,0.026
25.2347,86.727,Bihar,BHAGALPUR,0.18,0.794,0.026
25.0878,87.2015,Bihar,BHAGALPUR,0.18,0.794,0.026
25.1695,86.8606,Bihar,BHAGALPUR,0.18,0.794,0.026
25.4755,84.3186,Bihar,BUXAR,0.151,0.849,0.0
25.7391,84.3547,Bihar,BUXAR,0.151,0.849,0.0
25.3846,84.178,Bihar,BUXAR,0.151,0.849,0.0
25.3831,83.8545,Bihar,BUXAR,0.151,0.849,0.0
25.5118,84.2235,Bihar,BUXAR,0.151,0.849,0.0
26.1275,86.2593,Bihar,DARBHANGA,0.183,0.782,0.035
25.9203,86.2324,Bihar,DARBHANGA,0.183,0.782,0.035
26.0152,85.9712,Bihar,DARBHANGA,0.183,0.782,0.035
25.9957,85.9197,Bihar,DARBHANGA,0.183,0.782,0.035
26.1568,85.9219,Bihar,DARBHANGA,0.183,0.782,0.035
25.0246,85.2307,Bihar,GAYA,0.186,0.807,0.007
24.4464,84.9138,Bihar,GAYA,0.186,0.807,0.007
24.9604,85.2524,Bihar,GAYA,0.186,0.807,0.007
24.915,84.7984,Bihar,GAYA,0.186,0.807,0.007
24.458,84.5383,Bihar,GAYA,0.186,0.807,0.007
26.5078,83.9213,Bihar,GOPALGANJ,0.18,0.81,0.01
26.2528,84.8565,Bihar,GOPALGANJ,0.18,0.81,0.01
26.4223,84.5945,Bihar,GOPALGANJ,0.18,0.81,0.01
26.5109,84.2971,Bihar,GOPALGANJ,0.18,0.81,0.01
26.5469,84.5001,Bihar,GOPALGANJ,0.18,0.81,0.01
24.5764,86.3437,Bihar,JAMUI,0.235,0.76,0.005
24.7275,86.2733,Bihar,JAMUI,0.235,0.76,0.005
24.4706,86.3553,Bihar,JAMUI,0.235,0.76,0.005
24.6028,86.5144,Bihar,JAMUI,0.235,0.76,0.005
24.607,86.1867,Bihar,JAMUI,0.235,0.76,0.005
25.0942,85.0135,Bihar,JEHANABAD,0.141,0.858,0.001
25.1182,84.9257,Bihar,JEHANABAD,0.141,0.858,0.001
25.1972,84.5172,Bihar,JEHANABAD,0.141,0.858,0.001
25.2126,84.9898,Bihar,JEHANABAD,0.141,0.858,0.001
25.2813,84.9026,Bihar,JEHANABAD,0.141,0.858,0.001
25.6797,87.5813,Bihar,KATIHAR,0.441,0.444,0.115
25.779,87.8483,Bihar,KATIHAR,0.441,0.444,0.115
25.5139,87.2817,Bihar,KATIHAR,0.441,0.444,0.115
25.8446,87.8553,Bihar,KATIHAR,0.441,0.444,0.115
25.3488,87.6629,Bihar,KATIHAR,0.441,0.444,0.115
25.3658,86.7573,Bihar,KHAGARIA,0.2,0.763,0.036
25.3369,86.7615,Bihar,KHAGARIA,0.2,0.763,0.036
25.376,86.7805,Bihar,KHAGARIA,0.2,0.763,0.036
25.5761,86.5108,Bihar,KHAGARIA,0.2,0.763,0.036
25.4031,86.7352,Bihar,KHAGARIA,0.2,0.763,0.036
26.2764,88.0569,Bihar,KISHANGANJ,0.488,0.429,0.082
26.318,88.179,Bihar,KISHANGANJ,0.488,0.429,0.082
26.2742,88.0743,Bihar,KISHANGANJ,0.488,0.429,0.082
26.2829,88.1115,Bihar,KISHANGANJ,0.488,0.429,0.082
26.3845,88.1177,Bihar,KISHANGANJ,0.488,0.429,0.082
25.0387,86.073,Bihar,LAKHISARAI,0.08,0.919,0.0
25.0044,86.0214,Bihar,LAKHISARAI,0.08,0.919,0.0
25.1098,86.0428,Bihar,LAKHISARAI,0.08,0.919,0.0
25.0905,86.196,Bihar,LAKHISARAI,0.08,0.919,0.0
25.1105,86.1513,Bihar,LAKHISARAI,0.08,0.919,0.0
25.6678,86.9969,Bihar,MADHEPURA,0.339,0.548,0.113
26.0518,86.7965,Bihar,MADHEPURA,0.339,0.548,0.113
26.0013,86.7203,Bihar,MADHEPURA,0.339,0.548,0.113
26.0118,86.973,Bihar,MADHEPURA,0.339,0.548,0.113
25.5103,86.9669,Bihar,MADHEPURA,0.339,0.548,0.113
26.3461,86.2222,Bihar,MADHUBANI,0.25,0.703,0.048
26.2334,86.0919,Bihar,MADHUBANI,0.25,0.703,0.048
26.3931,86.2685,Bihar,MADHUBANI,0.25,0.703,0.048
26.3191,86.4404,Bihar,MADHUBANI,0.25,0.703,0.048
26.4466,86.1182,Bihar,MADHUBANI,0.25,0.703,0.048
25.1974,86.4354,Bihar,MUNGER,0.6,0.368,0.032
25.0729,86.4373,Bihar,MUNGER,0.6,0.368,0.032
25.2527,86.5694,Bihar,MUNGER,0.6,0.368,0.032
25.2894,86.5815,Bihar,MUNGER,0.6,0.368,0.032
25.2073,86.5816,Bihar,MUNGER,0.6,0.368,0.032
26.3413,85.2786,Bihar,MUZAFFARPUR,0.146,0.701,0.153
26.1994,85.5054,Bihar,MUZAFFARPUR,0.146,0.701,0.153
26.3017,84.9066,Bihar,MUZAFFARPUR,0.146,0.701,0.153
26.1484,84.9993,Bihar,MUZAFFARPUR,0.146,0.701,0.153
26.1662,85.4715,Bihar,MUZAFFARPUR,0.146,0.701,0.153
25.1971,85.6151,Bihar,NALANDA,0.141,0.853,0.006
25.1798,85.5855,Bihar,NALANDA,0.141,0.853,0.006
25.1905,85.6288,Bihar,NALANDA,0.141,0.853,0.006
25.4349,85.4745,Bihar,NALANDA,0.141,0.853,0.006
25.047,85.424,Bihar,NALANDA,0.141,0.853,0.006
24.8154,86.0061,Bihar,NAWADA,0.195,0.797,0.008
24.9728,85.5999,Bihar,NAWADA,0.195,0.797,0.008
24.8328,85.4656,Bihar,NAWADA,0.195,0.797,0.008
24.8855,85.7949,Bihar,NAWADA,0.195,0.797,0.008
24.9822,85.6058,Bihar,NAWADA,0.195,0.797,0.008
27.1973,84.3798,Bihar,PASHCHIM CHAMPARAN,0.606,0.375,0.02
26.889,84.5808,Bihar,PASHCHIM CHAMPARAN,0.606,0.375,0.02
27.0347,84.3798,Bihar,PASHCHIM CHAMPARAN,0.606,0.375,0.02
26.8616,84.3622,Bihar,PASHCHIM CHAMPARAN,0.606,0.375,0.02
27.174,84.526,Bihar,PASHCHIM CHAMPARAN,0.606,0.375,0.02
25.4963,84.862,Bihar,PATNA,0.103,0.894,0.003
25.354,84.7962,Bihar,PATNA,0.103,0.894,0.003
25.533,85.1308,Bihar,PATNA,0.103,0.894,0.003
25.441,85.0113,Bihar,PATNA,0.103,0.894,0.003
25.2304,84.7902,Bihar,PATNA,0.103,0.894,0.003
26.32,84.8127,Bihar,PURBI CHAMPARAN,0.615,0.37,0.015
26.821,85.1573,Bihar,PURBI CHAMPARAN,0.615,0.37,0.015
26.3674,85.1962,Bihar,PURBI CHAMPARAN,0.615,0.37,0.015
26.8593,84.7559,Bihar,PURBI CHAMPARAN,0.615,0.37,0.015
26.6864,84.7612,Bihar,PURBI CHAMPARAN,0.615,0.37,0.015
25.9447,87.6704,Bihar,PURNIA,0.565,0.288,0.148
25.7639,87.6563,Bihar,PURNIA,0.565,0.288,0.148
25.555,87.2249,Bihar,PURNIA,0.565,0.288,0.148
25.7373,87.3101,Bihar,PURNIA,0.565,0.288,0.148
25.7266,87.4502,Bihar,PURNIA,0.565,0.288,0.148
25.2611,84.2497,Bihar,ROHTAS,0.173,0.826,0.001
24.881,84.1596,Bihar,ROHTAS,0.173,0.826,0.001
24.8396,83.8202,Bihar,ROHTAS,0.173,0.826,0.001
24.5434,83.7489,Bihar,ROHTAS,0.173,0.826,0.001
24.6649,83.8703,Bihar,ROHTAS,0.173,0.826,0.001
25.8768,86.3971,Bihar,SAHARSA,0.171,0.59,0.239
25.6717,86.6467,Bihar,SAHARSA,0.171,0.59,0.239
25.9552,86.5367,Bihar,SAHARSA,0.171,0.59,0.239
25.6129,86.5089,Bihar,SAHARSA,0.171,0.59,0.239
25.8898,86.4326,Bihar,SAHARSA,0.171,0.59,0.239
25.5151,85.6182,Bihar,SAMASTIPUR,0.211,0.735,0.054
25.7062,85.6923,Bihar,SAMASTIPUR,0.211,0.735,0.054
25.9773,85.8144,Bihar,SAMASTIPUR,0.211,0.735,0.054
25.8087,86.1336,Bihar,SAMASTIPUR,0.211,0.735,0.054
25.876,86.0982,Bihar,SAMASTIPUR,0.211,0.735,0.054
25.7907,84.9494,Bihar,SARAN,0.145,0.834,0.022
25.8336,85.0259,Bihar,SARAN,0.145,0.834,0.022
26.0876,84.8348,Bihar,SARAN,0.145,0.834,0.022
25.7243,85.1151,Bihar,SARAN,0.145,0.834,0.022
25.9066,85.0203,Bihar,SARAN,0.145,0.834,0.022
25.1282,85.8122,Bihar,SHEIKHPURA,0.129,0.869,0.001
25.2396,85.844,Bihar,SHEIKHPURA,0.129,0.869,0.001
25.1346,85.7306,Bihar,SHEIKHPURA,0.129,0.869,0.001
25.0643,85.8106,Bihar,SHEIKHPURA,0.129,0.869,0.001
25.1042,85.7311,Bihar,SHEIKHPURA,0.129,0.869,0.001
26.5472,85.2668,Bihar,SHEOHAR,0.199,0.786,0.015
26.6176,85.2753,Bihar,SHEOHAR,0.199,0.786,0.015
26.3358,85.3243,Bihar,SHEOHAR,0.199,0.786,0.015
26.446,85.4172,Bihar,SHEOHAR,0.199,0.786,0.015
26.4654,85.2301,Bihar,SHEOHAR,0.199,0.786,0.015
26.7024,85.3542,Bihar,SITAMARHI,0.15,0.819,0.032
26.6707,85.495,Bihar,SITAMARHI,0.15,0.819,0.032
26.6237,85.5605,Bihar,SITAMARHI,0.15,0.819,0.032
26.6007,85.6719,Bihar,SITAMARHI,0.15,0.819,0.032
26.6535,85.6719,Bihar,SITAMARHI,0.15,0.819,0.032
26.3118,84.5776,Bihar,SIWAN,0.173,0.821,0.005
26.2942,84.3769,Bihar,SIWAN,0.173,0.821,0.005
26.0858,84.4196,Bihar,SIWAN,0.173,0.821,0.005
26.2854,84.4419,Bihar,SIWAN,0.173,0.821,0.005
26.1394,84.2094,Bihar,SIWAN,0.173,0.821,0.005
26.2074,87.0347,Bihar,SUPAUL,0.293,0.549,0.158
26.1878,86.9975,Bihar,SUPAUL,0.293,0.549,0.158
26.2605,86.9435,Bihar,SUPAUL,0.293,0.549,0.158
26.1491,86.6776,Bihar,SUPAUL,0.293,0.549,0.158
26.1192,86.6453,Bihar,SUPAUL,0.293,0.549,0.158
25.5513,85.4304,Bihar,VAISHALI,0.194,0.754,0.052
25.7861,85.5015,Bihar,VAISHALI,0.194,0.754,0.052
25.9321,85.171,Bihar,VAISHALI,0.194,0.754,0.052
25.8241,85.3164,Bihar,VAISHALI,0.194,0.754,0.052
25.8663,85.408,Bihar,VAISHALI,0.194,0.754,0.052
30.6963,76.7495,Chandigarh,CHANDIGARH,0.072,0.928,0.0
30.7088,76.7533,Chandigarh,CHANDIGARH,0.072,0.928,0.0
30.7556,76.7897,Chandigarh,CHANDIGARH,0.072,0.928,0.0
30.7205,76.8192,Chandigarh,CHANDIGARH,0.072,0.928,0.0
30.7242,76.7459,Chandigarh,CHANDIGARH,0.072,0.928,0.0
19.7686,82.0487,Chhattisgarh,BASTAR,0.988,0.012,0.0
19.8882,80.8587,Chhattisgarh,BASTAR,0.988,0.012,0.0
19.5676,81.7483,Chhattisgarh,BASTAR,0.988,0.012,0.0
19.3948,81.3554,Chhattisgarh,BASTAR,0.988,0.012,0.0
19.4416,81.0075,Chhattisgarh,BASTAR,0.988,0.012,0.0
22.2288,81.8595,Chhattisgarh,BILASPUR,0.893,0.107,0.0
22.1052,81.8627,Chhattisgarh,BILASPUR,0.893,0.107,0.0
22.3871,81.9327,Chhattisgarh,BILASPUR,0.893,0.107,0.0
22.3006,81.7005,Chhattisgarh,BILASPUR,0.893,0.107,0.0
22.3921,81.6151,Chhattisgarh,BILASPUR,0.893,0.107,0.0
18.7238,81.7183,Chhattisgarh,DANTEWADA,0.989,0.011,0.0
18.3044,80.9104,Chhattisgarh,DANTEWADA,0.989,0.011,0.0
18.7995,81.3053,Chhattisgarh,DANTEWADA,0.989,0.011,0.0
18.5374,80.942,Chhattisgarh,DANTEWADA,0.989,0.011,0.0
18.2009,81.1593,Chhattisgarh,DANTEWADA,0.989,0.011,0.0
20.2649,82.1065,Chhattisgarh,DHAMTARI,0.844,0.155,0.0
20.288,81.8056,Chhattisgarh,DHAMTARI,0.844,0.155,0.0
20.1561,81.8811,Chhattisgarh,DHAMTARI,0.844,0.155,0.0
20.5643,81.7039,Chhattisgarh,DHAMTARI,0.844,0.155,0.0
20.7884,81.7895,Chhattisgarh,DHAMTARI,0.844,0.155,0.0
21.2871,81.3013,Chhattisgarh,DURG,0.779,0.221,0.0
21.194,81.4911,Chhattisgarh,DURG,0.779,0.221,0.0
20.6281,81.2813,Chhattisgarh,DURG,0.779,0.221,0.0
20.7111,80.9601,Chhattisgarh,DURG,0.779,0.221,0.0
20.9049,81.0766,Chhattisgarh,DURG,0.779,0.221,0.0
21.7568,83.045,Chhattisgarh,JANJGIR-CHAMPA,0.919,0.081,0.001
21.7201,82.6782,Chhattisgarh,JANJGIR-CHAMPA,0.919,0.081,0.001
21.9626,82.4645,Chhattisgarh,JANJGIR-CHAMPA,0.919,0.081,0.001
21.8331,82.4568,Chhattisgarh,JANJGIR-CHAMPA,0.919,0.081,0.001
21.9215,82.5477,Chhattisgarh,JANJGIR-CHAMPA,0.919,0.081,0.001
22.9499,84.0163,Chhattisgarh,JASHPUR,0.959,0.04,0.0
23.0665,84.1118,Chhattisgarh,JASHPUR,0.959,0.04,0.0
22.6196,83.8361,Chhattisgarh,JASHPUR,0.959,0.04,0.0
22.7574,84.1481,Chhattisgarh,JASHPUR,0.959,0.04,0.0
23.1508,83.8722,Chhattisgarh,JASHPUR,0.959,0.04,0.0
22.187,81.1322,Chhattisgarh,KABIRDHAM,0.608,0.392,0.0
21.9299,81.3065,Chhattisgarh,KABIRDHAM,0.608,0.392,0.0
22.1189,81.0862,Chhattisgarh,KABIRDHAM,0.608,0.392,0.0
22.0782,81.3921,Chhattisgarh,KABIRDHAM,0.608,0.392,0.0
21.8888,81.1216,Chhattisgarh,KABIRDHAM,0.608,0.392,0.0
20.2274,81.4256,Chhattisgarh,KANKER,0.987,0.013,0.0
20.075,81.3364,Chhattisgarh,KANKER,0.987,0.013,0.0
20.0262,80.956,Chhattisgarh,KANKER,0.987,0.013,0.0
20.2856,81.6879,Chhattisgarh,KANKER,0.987,0.013,0.0
20.377,81.3124,Chhattisgarh,KANKER,0.987,0.013,0.0
22.3029,82.5092,Chhattisgarh,KORBA,0.965,0.034,0.0
22.7244,82.3487,Chhattisgarh,KORBA,0.965,0.034,0.0
22.3726,83.021,Chhattisgarh,KORBA,0.965,0.034,0.0
22.3369,82.9239,Chhattisgarh,KORBA,0.965,0.034,0.0
22.2654,82.8809,Chhattisgarh,KORBA,0.965,0.034,0.0
23.5769,81.9327,Chhattisgarh,KOREA,0.91,0.09,0.0
23.4102,82.3528,Chhattisgarh,KOREA,0.91,0.09,0.0
23.367,82.3382,Chhattisgarh,KOREA,0.91,0.09,0.0
23.1064,82.1863,Chhattisgarh,KOREA,0.91,0.09,0.0
23.078,82.2201,Chhattisgarh,KOREA,0.91,0.09,0.0
20.9607,82.3425,Chhattisgarh,MAHASAMUND,0.983,0.016,0.0
21.3371,82.215,Chhattisgarh,MAHASAMUND,0.983,0.016,0.0
21.164,82.2006,Chhattisgarh,MAHASAMUND,0.983,0.016,0.0
21.4316,82.8409,Chhattisgarh,MAHASAMUND,0.983,0.016,0.0
21.0591,82.1289,Chhattisgarh,MAHASAMUND,0.983,0.016,0.0
21.582,83.1398,Chhattisgarh,RAIGARH,0.966,0.034,0.0
22.7361,83.3756,Chhattisgarh,RAIGARH,0.966,0.034,0.0
21.4584,83.3407,Chhattisgarh,RAIGARH,0.966,0.034,0.0
21.6427,83.2123,Chhattisgarh,RAIGARH,0.966,0.034,0.0
21.6381,83.1112,Chhattisgarh,RAIGARH,0.966,0.034,0.0
21.3625,81.7958,Chhattisgarh,RAIPUR,0.871,0.128,0.0
21.741,81.9778,Chhattisgarh,RAIPUR,0.871,0.128,0.0
21.7246,82.4699,Chhattisgarh,RAIPUR,0.871,0.128,0.0
21.6727,82.9138,Chhattisgarh,RAIPUR,0.871,0.128,0.0
21.8244,81.9486,Chhattisgarh,RAIPUR,0.871,0.128,0.0
20.8885,80.8569,Chhattisgarh,RAJNANDGAON,0.738,0.262,0.0
21.0024,80.8421,Chhattisgarh,RAJNANDGAON,0.738,0.262,0.0
20.4677,80.7654,Chhattisgarh,RAJNANDGAON,0.738,0.262,0.0
20.5674,80.7182,Chhattisgarh,RAJNANDGAON,0.738,0.262,0.0
20.8378,80.7174,Chhattisgarh,RAJNANDGAON,0.738,0.262,0.0
22.8677,83.1771,Chhattisgarh,SURGUJA,0.898,0.102,0.0
23.2513,83.1009,Chhattisgarh,SURGUJA,0.898,0.102,0.0
23.5027,83.5011,Chhattisgarh,SURGUJA,0.898,0.102,0.0
23.9672,83.4959,Chhattisgarh,SURGUJA,0.898,0.102,0.0
23.4405,83.2546,Chhattisgarh,SURGUJA,0.898,0.102,0.0
20.1372,73.162,Dadra and Nagar Haveli,DADRA AND NAGAR HAVELI,0.975,0.025,0.0
20.2895,73.0804,Dadra and Nagar Haveli,DADRA AND NAGAR HAVELI,0.975,0.025,0.0
20.1008,73.1895,Dadra and Nagar Haveli,DADRA AND NAGAR HAVELI,0.975,0.025,0.0
20.2822,73.0493,Dadra and Nagar Haveli,DADRA AND NAGAR HAVELI,0.975,0.025,0.0
20.0699,73.1763,Dadra and Nagar Haveli,DADRA AND NAGAR HAVELI,0.975,0.025,0.0
15.5175,74.1531,Goa,NORTH GOA,0.625,0.375,0.0
15.507,73.9964,Goa,NORTH GOA,0.625,0.375,0.0
15.4173,73.9796,Goa,NORTH GOA,0.625,0.375,0.0
15.5977,74.246,Goa,NORTH GOA,0.625,0.375,0.0
15.4705,74.0964,Goa,NORTH GOA,0.625,0.375,0.0
15.0532,74.0938,Goa,SOUTH GOA,0.644,0.356,0.0
15.3522,74.2474,Goa,SOUTH GOA,0.644,0.356,0.0
15.3716,73.9602,Goa,SOUTH GOA,0.644,0.356,0.0
15.1322,73.9439,Goa,SOUTH GOA,0.644,0.356,0.0
15.2002,74.2076,Goa,SOUTH GOA,0.644,0.356,0.0
22.7279,72.3195,Gujarat,AHMADABAD,0.634,0.355,0.012
22.9185,72.5658,Gujarat,AHMADABAD,0.634,0.355,0.012
22.2092,72.168,Gujarat,AHMADABAD,0.634,0.355,0.012
22.6163,72.1709,Gujarat,AHMADABAD,0.634,0.355,0.012
22.714,72.4729,Gujarat,AHMADABAD,0.634,0.355,0.012
21.1734,71.4807,Gujarat,AMRELI,0.954,0.04,0.006
21.0426,71.2393,Gujarat,AMRELI,0.954,0.04,0.006
20.9896,71.2398,Gujarat,AMRELI,0.954,0.04,0.006
21.4685,71.3466,Gujarat,AMRELI,0.954,0.04,0.006
21.9067,71.1833,Gujarat,AMRELI,0.954,0.04,0.006
22.4556,73.0596,Gujarat,ANAND,0.586,0.363,0.05
22.36,72.9084,Gujarat,ANAND,0.586,0.363,0.05
22.5384,72.5068,Gujarat,ANAND,0.586,0.363,0.05
22.3292,72.7058,Gujarat,ANAND,0.586,0.363,0.05
22.3321,72.7251,Gujarat,ANAND,0.586,0.363,0.05
24.1516,71.4394,Gujarat,BANAS KANTHA,0.559,0.37,0.072
24.4577,71.3742,Gujarat,BANAS KANTHA,0.559,0.37,0.072
24.0741,71.6294,Gujarat,BANAS KANTHA,0.559,0.37,0.072
24.4599,72.0273,Gujarat,BANAS KANTHA,0.559,0.37,0.072
24.5905,71.8472,Gujarat,BANAS KANTHA,0.559,0.37,0.072
21.7503,72.6692,Gujarat,BHARUCH,0.88,0.11,0.01
21.6849,72.8296,Gujarat,BHARUCH,0.88,0.11,0.01
21.9814,72.8533,Gujarat,BHARUCH,0.88,0.11,0.01
21.7065,73.4663,Gujarat,BHARUCH,0.88,0.11,0.01
21.6168,73.2719,Gujarat,BHARUCH,0.88,0.11,0.01
21.2321,71.6427,Gujarat,BHAVNAGAR,0.876,0.089,0.035
21.1935,71.7278,Gujarat,BHAVNAGAR,0.876,0.089,0.035
21.8344,71.8808,Gujarat,BHAVNAGAR,0.876,0.089,0.035
21.1924,71.9018,Gujarat,BHAVNAGAR,0.876,0.089,0.035
21.853,71.8446,Gujarat,BHAVNAGAR,0.876,0.089,0.035
22.7957,74.3565,Gujarat,DOHAD,0.688,0.31,0.002
23.1205,73.9318,Gujarat,DOHAD,0.688,0.31,0.002
23.0045,74.0707,Gujarat,DOHAD,0.688,0.31,0.002
22.6094,73.6813,Gujarat,DOHAD,0.688,0.31,0.002
22.5404,73.7122,Gujarat,DOHAD,0.688,0.31,0.002
23.2344,72.8288,Gujarat,GANDHINAGAR,0.66,0.318,0.023
23.1858,72.8435,Gujarat,GANDHINAGAR,0.66,0.318,0.023
23.1897,72.4609,Gujarat,GANDHINAGAR,0.66,0.318,0.023
23.3151,72.7545,Gujarat,GANDHINAGAR,0.66,0.318,0.023
23.2099,72.9595,Gujarat,GANDHINAGAR,0.66,0.318,0.023
22.1767,70.3212,Gujarat,JAMNAGAR,0.906,0.072,0.022
22.8261,70.6014,Gujarat,JAMNAGAR,0.906,0.072,0.022
22.4604,69.8908,Gujarat,JAMNAGAR,0.906,0.072,0.022
22.5485,70.3317,Gujarat,JAMNAGAR,0.906,0.072,0.022
22.147,69.4349,Gujarat,JAMNAGAR,0.906,0.072,0.022
21.5796,70.8083,Gujarat,JUNAGADH,0.795,0.185,0.021
21.2642,70.3404,Gujarat,JUNAGADH,0.795,0.185,0.021
20.7901,70.8707,Gujarat,JUNAGADH,0.795,0.185,0.021
20.9525,71.24,Gujarat,JUNAGADH,0.795,0.185,0.021
20.9316,70.6047,Gujarat,JUNAGADH,0.795,0.185,0.021
24.119,69.538,Gujarat,KACHCHH,0.85,0.094,0.056
23.7468,70.7558,Gujarat,KACHCHH,0.85,0.094,0.056
24.3272,71.217,Gujarat,KACHCHH,0.85,0.094,0.056
23.8484,69.9671,Gujarat,KACHCHH,0.85,0.094,0.056
22.9963,69.0542,Gujarat,KACHCHH,0.85,0.094,0.056
22.8343,73.0199,Gujarat,KHEDA,0.655,0.296,0.048
22.7385,72.7714,Gujarat,KHEDA,0.655,0.296,0.048
23.1289,73.0761,Gujarat,KHEDA,0.655,0.296,0.048
22.5953,72.6069,Gujarat,KHEDA,0.655,0.296,0.048
22.6214,72.9122,Gujarat,KHEDA,0.655,0.296,0.048
23.8936,72.6411,Gujarat,MAHESANA,0.558,0.333,0.109
23.7236,72.4433,Gujarat,MAHESANA,0.558,0.333,0.109
23.5317,72.5812,Gujarat,MAHESANA,0.558,0.333,0.109
23.2916,72.3884,Gujarat,MAHESANA,0.558,0.333,0.109
23.4632,72.0868,Gujarat,MAHESANA,0.558,0.333,0.109
21.6946,73.5518,Gujarat,NARMADA,0.936,0.051,0.012
21.7453,73.4425,Gujarat,NARMADA,0.936,0.051,0.012
21.8085,73.6839,Gujarat,NARMADA,0.936,0.051,0.012
21.8558,73.3337,Gujarat,NARMADA,0.936,0.051,0.012
21.8924,73.7991,Gujarat,NARMADA,0.936,0.051,0.012
20.7873,72.9255,Gujarat,NAVSARI,0.833,0.031,0.136
20.8377,73.037,Gujarat,NAVSARI,0.833,0.031,0.136
20.8256,73.2542,Gujarat,NAVSARI,0.833,0.031,0.136
20.759,73.3117,Gujarat,NAVSARI,0.833,0.031,0.136
20.7527,73.4292,Gujarat,NAVSARI,0.833,0.031,0.136
22.5839,73.4196,Gujarat,PANCH MAHALS,0.85,0.138,0.011
22.978,73.7181,Gujarat,PANCH MAHALS,0.85,0.138,0.011
22.9764,73.5798,Gujarat,PANCH MAHALS,0.85,0.138,0.011
22.8958,73.5209,Gujarat,PANCH MAHALS,0.85,0.138,0.011
22.7557,73.5287,Gujarat,PANCH MAHALS,0.85,0.138,0.011
23.953,72.028,Gujarat,PATAN,0.678,0.316,0.006
23.5568,71.7552,Gujarat,PATAN,0.678,0.316,0.006
23.4564,71.8096,Gujarat,PATAN,0.678,0.316,0.006
23.5041,71.7878,Gujarat,PATAN,0.678,0.316,0.006
23.6764,72.2905,Gujarat,PATAN,0.678,0.316,0.006
21.6272,69.911,Gujarat,PORBANDAR,0.772,0.224,0.005
21.6907,69.8104,Gujarat,PORBANDAR,0.772,0.224,0.005
21.5103,69.7569,Gujarat,PORBANDAR,0.772,0.224,0.005
21.6455,69.6745,Gujarat,PORBANDAR,0.772,0.224,0.005
21.6074,69.9279,Gujarat,PORBANDAR,0.772,0.224,0.005
21.8256,70.3981,Gujarat,RAJKOT,0.883,0.11,0.007
22.0716,71.1342,Gujarat,RAJKOT,0.883,0.11,0.007
21.9165,70.9326,Gujarat,RAJKOT,0.883,0.11,0.007
21.8363,70.4449,Gujarat,RAJKOT,0.883,0.11,0.007
22.8266,70.9439,Gujarat,RAJKOT,0.883,0.11,0.007
23.1935,73.1276,Gujarat,SABAR KANTHA,0.644,0.328,0.028
23.52,73.2969,Gujarat,SABAR KANTHA,0.644,0.328,0.028
23.9728,72.912,Gujarat,SABAR KANTHA,0.644,0.328,0.028
23.4385,73.06,Gujarat,SABAR KANTHA,0.644,0.328,0.028
23.2492,73.0503,Gujarat,SABAR KANTHA,0.644,0.328,0.028
21.3734,73.0293,Gujarat,SURAT,0.838,0.086,0.077
21.1139,73.0346,Gujarat,SURAT,0.838,0.086,0.077
21.0748,72.728,Gujarat,SURAT,0.838,0.086,0.077
21.3511,73.6735,Gujarat,SURAT,0.838,0.086,0.077
21.3931,73.6278,Gujarat,SURAT,0.838,0.086,0.077
22.7648,71.7115,Gujarat,SURENDRANAGAR,0.888,0.109,0.003
22.5563,71.6303,Gujarat,SURENDRANAGAR,0.888,0.109,0.003
22.6039,71.8502,Gujarat,SURENDRANAGAR,0.888,0.109,0.003
22.4277,71.3238,Gujarat,SURENDRANAGAR,0.888,0.109,0.003
22.9411,71.2389,Gujarat,SURENDRANAGAR,0.888,0.109,0.003
21.003,73.6772,Gujarat,DANG,0.732,0.257,0.011
20.577,73.6855,Gujarat,DANG,0.732,0.257,0.011
20.8876,73.9259,Gujarat,DANG,0.732,0.257,0.011
20.6497,73.8429,Gujarat,DANG,0.732,0.257,0.011
20.6608,73.7498,Gujarat,DANG,0.732,0.257,0.011
22.5656,73.2059,Gujarat,VADODARA,0.873,0.117,0.01
22.2218,73.9483,Gujarat,VADODARA,0.873,0.117,0.01
22.3291,73.9187,Gujarat,VADODARA,0.873,0.117,0.01
22.2301,73.2068,Gujarat,VADODARA,0.873,0.117,0.01
21.9062,73.1744,Gujarat,VADODARA,0.873,0.117,0.01
20.139,73.2638,Gujarat,VALSAD,0.939,0.04,0.02
20.4725,73.19,Gujarat,VALSAD,0.939,0.04,0.02
20.3222,73.1509,Gujarat,VALSAD,0.939,0.04,0.02
20.4722,73.2718,Gujarat,VALSAD,0.939,0.04,0.02
20.5273,72.9239,Gujarat,VALSAD,0.939,0.04,0.02
30.2102,76.9787,Haryana,AMBALA,0.452,0.548,0.0
30.3038,77.0573,Haryana,AMBALA,0.452,0.548,0.0
30.342,76.9984,Haryana,AMBALA,0.452,0.548,0.0
30.2104,76.7576,Haryana,AMBALA,0.452,0.548,0.0
30.3581,77.1497,Haryana,AMBALA,0.452,0.548,0.0
28.4762,75.9426,Haryana,BHIWANI,0.438,0.562,0.0
28.9465,75.5227,Haryana,BHIWANI,0.438,0.562,0.0
28.5303,76.029,Haryana,BHIWANI,0.438,0.562,0.0
28.8225,75.7359,Haryana,BHIWANI,0.438,0.562,0.0
28.7628,75.9555,Haryana,BHIWANI,0.438,0.562,0.0
28.0527,77.1291,Haryana,FARIDABAD,0.285,0.715,0.0
28.128,77.1511,Haryana,FARIDABAD,0.285,0.715,0.0
28.1447,77.227,Haryana,FARIDABAD,0.285,0.715,0.0
28.3384,77.2026,Haryana,FARIDABAD,0.285,0.715,0.0
28.3238,77.1467,Haryana,FARIDABAD,0.285,0.715,0.0
29.502,75.7149,Haryana,FATEHABAD,0.491,0.509,0.0
29.7876,75.819,Haryana,FATEHABAD,0.491,0.509,0.0
29.3224,75.278,Haryana,FATEHABAD,0.491,0.509,0.0
29.3569,75.2611,Haryana,FATEHABAD,0.491,0.509,0.0
29.4534,75.5336,Haryana,FATEHABAD,0.491,0.509,0.0
28.3995,76.8771,Haryana,GURGAON,0.408,0.592,0.0
28.2115,77.0927,Haryana,GURGAON,0.408,0.592,0.0
28.2293,77.038,Haryana,GURGAON,0.408,0.592,0.0
28.2157,76.947,Haryana,GURGAON,0.408,0.592,0.0
28.4142,76.7514,Haryana,GURGAON,0.408,0.592,0.0
29.082,75.8828,Haryana,HISAR,0.472,0.528,0.0
29.4081,75.626,Haryana,HISAR,0.472,0.528,0.0
29.2841,75.3671,Haryana,HISAR,0.472,0.528,0.0
28.9286,75.7634,Haryana,HISAR,0.472,0.528,0.0
29.4237,75.7974,Haryana,HISAR,0.472,0.528,0.0
28.6708,76.4369,Haryana,JHAJJAR,0.417,0.582,0.0
28.6112,76.7983,Haryana,JHAJJAR,0.417,0.582,0.0
28.7174,76.5057,Haryana,JHAJJAR,0.417,0.582,0.0
28.6716,76.4703,Haryana,JHAJJAR,0.417,0.582,0.0
28.3574,76.5773,Haryana,JHAJJAR,0.417,0.582,0.0
29.199,76.3134,Haryana,JIND,0.527,0.473,0.0
29.5657,76.1979,Haryana,JIND,0.527,0.473,0.0
29.1465,76.4636,Haryana,JIND,0.527,0.473,0.0
29.622,76.1731,Haryana,JIND,0.527,0.473,0.0
29.5599,76.3074,Haryana,JIND,0.527,0.473,0.0
29.9883,76.3378,Haryana,KAITHAL,0.503,0.497,0.0
29.8438,76.2253,Haryana,KAITHAL,0.503,0.497,0.0
30.1048,76.264,Haryana,KAITHAL,0.503,0.497,0.0
29.7503,76.3574,Haryana,KAITHAL,0.503,0.497,0.0
29.9096,76.705,Haryana,KAITHAL,0.503,0.497,0.0
29.4759,76.9421,Haryana,KARNAL,0.533,0.467,0.0
29.4935,76.9616,Haryana,KARNAL,0.533,0.467,0.0
29.8825,76.7117,Haryana,KARNAL,0.533,0.467,0.0
29.9288,77.0461,Haryana,KARNAL,0.533,0.467,0.0
29.7327,76.9943,Haryana,KARNAL,0.533,0.467,0.0
30.1105,76.8405,Haryana,KURUKSHETRA,0.536,0.464,0.0
30.0569,76.7076,Haryana,KURUKSHETRA,0.536,0.464,0.0
30.0707,76.6106,Haryana,KURUKSHETRA,0.536,0.464,0.0
30.0943,77.1347,Haryana,KURUKSHETRA,0.536,0.464,0.0
29.928,76.4811,Haryana,KURUKSHETRA,0.536,0.464,0.0
28.3609,76.1159,Haryana,MAHENDRAGARH,0.429,0.571,0.0
28.2564,76.258,Haryana,MAHENDRAGARH,0.429,0.571,0.0
28.014,76.0944,Haryana,MAHENDRAGARH,0.429,0.571,0.0
28.3371,76.2715,Haryana,MAHENDRAGARH,0.429,0.571,0.0
27.932,76.1637,Haryana,MAHENDRAGARH,0.429,0.571,0.0
30.6936,76.9757,Haryana,PANCHKULA,0.328,0.671,0.0
30.6793,76.8285,Haryana,PANCHKULA,0.328,0.671,0.0
30.7636,76.8507,Haryana,PANCHKULA,0.328,0.671,0.0
30.7322,76.9664,Haryana,PANCHKULA,0.328,0.671,0.0
30.8137,76.8336,Haryana,PANCHKULA,0.328,0.671,0.0
29.2584,77.0323,Haryana,PANIPAT,0.424,0.576,0.0
29.319,76.7023,Haryana,PANIPAT,0.424,0.576,0.0
29.3329,77.0138,Haryana,PANIPAT,0.424,0.576,0.0
29.2514,76.8621,Haryana,PANIPAT,0.424,0.576,0.0
29.4748,76.9216,Haryana,PANIPAT,0.424,0.576,0.0
28.2143,76.3869,Haryana,REWARI,0.413,0.587,0.0
28.1194,76.5686,Haryana,REWARI,0.413,0.587,0.0
28.2084,76.7927,Haryana,REWARI,0.413,0.587,0.0
28.2897,76.5172,Haryana,REWARI,0.413,0.587,0.0
28.1345,76.7238,Haryana,REWARI,0.413,0.587,0.0
28.9786,76.303,Haryana,ROHTAK,0.429,0.571,0.0
28.8312,76.6995,Haryana,ROHTAK,0.429,0.571,0.0
28.9448,76.7606,Haryana,ROHTAK,0.429,0.571,0.0
28.8554,76.4263,Haryana,ROHTAK,0.429,0.571,0.0
28.922,76.7845,Haryana,ROHTAK,0.429,0.571,0.0
29.8549,74.5702,Haryana,SIRSA,0.478,0.522,0.0
29.6294,74.8208,Haryana,SIRSA,0.478,0.522,0.0
29.3055,74.988,Haryana,SIRSA,0.478,0.522,0.0
29.43,74.9664,Haryana,SIRSA,0.478,0.522,0.0
29.4403,74.589,Haryana,SIRSA,0.478,0.522,0.0
29.0956,76.5892,Haryana,SONIPAT,0.463,0.537,0.0
29.105,76.6299,Haryana,SONIPAT,0.463,0.537,0.0
29.0664,76.6732,Haryana,SONIPAT,0.463,0.537,0.0
29.1705,76.644,Haryana,SONIPAT,0.463,0.537,0.0
29.2411,76.6682,Haryana,SONIPAT,0.463,0.537,0.0
30.1735,77.1105,Haryana,YAMUNANAGAR,0.499,0.5,0.0
30.1664,77.338,Haryana,YAMUNANAGAR,0.499,0.5,0.0
30.1971,77.3987,Haryana,YAMUNANAGAR,0.499,0.5,0.0
30.4098,77.399,Haryana,YAMUNANAGAR,0.499,0.5,0.0
30.2,77.2354,Haryana,YAMUNANAGAR,0.499,0.5,0.0
31.3762,76.8511,Himachal Pradesh,BILASPUR,0.518,0.482,0.0
31.3713,76.4622,Himachal Pradesh,BILASPUR,0.518,0.482,0.0
31.3227,76.6046,Himachal Pradesh,BILASPUR,0.518,0.482,0.0
31.3712,76.4598,Himachal Pradesh,BILASPUR,0.518,0.482,0.0
31.4215,76.6001,Himachal Pradesh,BILASPUR,0.518,0.482,0.0
32.313,76.4377,Himachal Pradesh,CHAMBA,0.556,0.444,0.0
32.417,76.5406,Himachal Pradesh,CHAMBA,0.556,0.444,0.0
32.4909,76.0108,Himachal Pradesh,CHAMBA,0.556,0.444,0.0
32.5755,76.4063,Himachal Pradesh,CHAMBA,0.556,0.444,0.0
32.7202,76.2822,Himachal Pradesh,CHAMBA,0.556,0.444,0.0
31.6815,76.4835,Himachal Pradesh,HAMIRPUR,0.468,0.532,0.0
31.5907,76.5326,Himachal Pradesh,HAMIRPUR,0.468,0.532,0.0
31.5095,76.5873,Himachal Pradesh,HAMIRPUR,0.468,0.532,0.0
31.68,76.421,Himachal Pradesh,HAMIRPUR,0.468,0.532,0.0
31.5004,76.4566,Himachal Pradesh,HAMIRPUR,0.468,0.532,0.0
32.132,76.223,Himachal Pradesh,KANGRA,0.503,0.497,0.0
31.8116,76.2086,Himachal Pradesh,KANGRA,0.503,0.497,0.0
32.0737,75.9095,Himachal Pradesh,KANGRA,0.503,0.497,0.0
32.016,76.3699,Himachal Pradesh,KANGRA,0.503,0.497,0.0
32.0099,76.3419,Himachal Pradesh,KANGRA,0.503,0.497,0.0
31.5619,78.2676,Himachal Pradesh,KINNAUR,0.383,0.617,0.0
31.1188,78.9137,Himachal Pradesh,KINNAUR,0.383,0.617,0.0
31.476,78.3014,Himachal Pradesh,KINNAUR,0.383,0.617,0.0
31.8396,78.2663,Himachal Pradesh,KINNAUR,0.383,0.617,0.0
31.8708,78.2995,Himachal Pradesh,KINNAUR,0.383,0.617,0.0
31.8327,77.8218,Himachal Pradesh,KULLU,0.456,0.544,0.0
31.5829,77.5071,Himachal Pradesh,KULLU,0.456,0.544,0.0
31.9733,77.1029,Himachal Pradesh,KULLU,0.456,0.544,0.0
31.8354,77.4957,Himachal Pradesh,KULLU,0.456,0.544,0.0
31.5727,77.5578,Himachal Pradesh,KULLU,0.456,0.544,0.0
31.6464,76.8395,Himachal Pradesh,MANDI,0.521,0.479,0.0
31.6053,77.0358,Himachal Pradesh,MANDI,0.521,0.479,0.0
31.7419,77.1905,Himachal Pradesh,MANDI,0.521,0.479,0.0
31.7398,76.9649,Himachal Pradesh,MANDI,0.521,0.479,0.0
31.7129,76.6902,Himachal Pradesh,MANDI,0.521,0.479,0.0
32.1067,78.5173,Himachal Pradesh,LAHUL AND SPITI,0.375,0.625,0.0
32.9059,77.7181,Himachal Pradesh,LAHUL AND SPITI,0.375,0.625,0.0
32.7648,76.9906,Himachal Pradesh,LAHUL AND SPITI,0.375,0.625,0.0
32.8329,77.822,Himachal Pradesh,LAHUL AND SPITI,0.375,0.625,0.0
32.407,78.0661,Himachal Pradesh,LAHUL AND SPITI,0.375,0.625,0.0
31.0814,77.5817,Himachal Pradesh,SHIMLA,0.498,0.502,0.0
31.1557,77.6968,Himachal Pradesh,SHIMLA,0.498,0.502,0.0
30.8301,77.5583,Himachal Pradesh,SHIMLA,0.498,0.502,0.0
31.2534,77.4602,Himachal Pradesh,SHIMLA,0.498,0.502,0.0
31.2587,77.3773,Himachal Pradesh,SHIMLA,0.498,0.502,0.0
30.6167,77.7446,Himachal Pradesh,SIRMAUR,0.469,0.531,0.0
30.6081,77.6337,Himachal Pradesh,SIRMAUR,0.469,0.531,0.0
30.609,77.2834,Himachal Pradesh,SIRMAUR,0.469,0.531,0.0
30.6833,77.4478,Himachal Pradesh,SIRMAUR,0.469,0.531,0.0
30.524,77.4844,Himachal Pradesh,SIRMAUR,0.469,0.531,0.0
30.9088,76.9255,Himachal Pradesh,SOLAN,0.477,0.523,0.0
30.8868,77.1568,Himachal Pradesh,SOLAN,0.477,0.523,0.0
30.9822,77.1528,Himachal Pradesh,SOLAN,0.477,0.523,0.0
31.1674,76.9511,Himachal Pradesh,SOLAN,0.477,0.523,0.0
30.8968,77.0226,Himachal Pradesh,SOLAN,0.477,0.523,0.0
31.6344,76.246,Himachal Pradesh,UNA,0.514,0.486,0.0
31.734,76.0871,Himachal Pradesh,UNA,0.514,0.486,0.0
31.3339,76.297,Himachal Pradesh,UNA,0.514,0.486,0.0
31.6141,76.3027,Himachal Pradesh,UNA,0.514,0.486,0.0
31.6453,76.2678,Himachal Pradesh,UNA,0.514,0.486,0.0
33.9802,74.7179,Jammu and Kashmir,BADGAM,0.843,0.157,0.0
34.0281,74.8842,Jammu and Kashmir,BADGAM,0.843,0.157,0.0
33.7361,74.7102,Jammu and Kashmir,BADGAM,0.843,0.157,0.0
34.0072,74.5989,Jammu and Kashmir,BADGAM,0.843,0.157,0.0
34.009,74.93,Jammu and Kashmir,BADGAM,0.843,0.157,0.0
34.1616,75.6257,Jammu and Kashmir,ANANTNAG,0.687,0.313,0.0
33.935,75.224,Jammu and Kashmir,ANANTNAG,0.687,0.313,0.0
33.672,75.1436,Jammu and Kashmir,ANANTNAG,0.687,0.313,0.0
34.0732,75.5355,Jammu and Kashmir,ANANTNAG,0.687,0.313,0.0
33.5815,75.1103,Jammu and Kashmir,ANANTNAG,0.687,0.313,0.0
34.5805,74.9426,Jammu and Kashmir,BARAMULLA,0.995,0.005,0.0
34.0944,74.6156,Jammu and Kashmir,BARAMULLA,0.995,0.005,0.0
34.4666,74.735,Jammu and Kashmir,BARAMULLA,0.995,0.005,0.0
34.4355,74.5815,Jammu and Kashmir,BARAMULLA,0.995,0.005,0.0
34.1827,74.4742,Jammu and Kashmir,BARAMULLA,0.995,0.005,0.0
33.2671,76.3153,Jammu and Kashmir,DODA,0.784,0.216,0.0
32.9754,75.8496,Jammu and Kashmir,DODA,0.784,0.216,0.0
34.022,75.7553,Jammu and Kashmir,DODA,0.784,0.216,0.0
33.9535,75.6967,Jammu and Kashmir,DODA,0.784,0.216,0.0
33.9107,75.6177,Jammu and Kashmir,DODA,0.784,0.216,0.0
32.8519,74.9207,Jammu and Kashmir,JAMMU,0.485,0.515,0.0
32.6292,75.0486,Jammu and Kashmir,JAMMU,0.485,0.515,0.0
32.8335,75.1361,Jammu and Kashmir,JAMMU,0.485,0.515,0.0
32.4761,75.1289,Jammu and Kashmir,JAMMU,0.485,0.515,0.0
32.9053,75.0294,Jammu and Kashmir,JAMMU,0.485,0.515,0.0
33.9456,76.1756,Jammu and Kashmir,KARGIL,0.04,0.96,0.0
34.3075,76.296,Jammu and Kashmir,KARGIL,0.04,0.96,0.0
33.8998,76.8869,Jammu and Kashmir,KARGIL,0.04,0.96,0.0
33.7959,76.9078,Jammu and Kashmir,KARGIL,0.04,0.96,0.0
34.3,75.9975,Jammu and Kashmir,KARGIL,0.04,0.96,0.0
32.6163,75.7601,Jammu and Kashmir,KATHUA,0.507,0.493,0.0
32.487,75.5726,Jammu and Kashmir,KATHUA,0.507,0.493,0.0
32.6556,75.5627,Jammu and Kashmir,KATHUA,0.507,0.493,0.0
32.7263,75.9057,Jammu and Kashmir,KATHUA,0.507,0.493,0.0
32.8473,75.7917,Jammu and Kashmir,KATHUA,0.507,0.493,0.0
34.6316,74.4041,Jammu and Kashmir,KUPWARA,1.0,0.0,0.0
34.4982,74.2221,Jammu and Kashmir,KUPWARA,1.0,0.0,0.0
34.3808,74.2895,Jammu and Kashmir,KUPWARA,1.0,0.0,0.0
34.6239,74.5101,Jammu and Kashmir,KUPWARA,1.0,0.0,0.0
34.7841,74.3898,Jammu and Kashmir,KUPWARA,1.0,0.0,0.0
32.9422,79.0456,Jammu and Kashmir,LEH LADAKH,0.002,0.998,0.0
34.1462,77.4294,Jammu and Kashmir,LEH LADAKH,0.002,0.998,0.0
34.6482,77.3314,Jammu and Kashmir,LEH LADAKH,0.002,0.998,0.0
33.183,78.8814,Jammu and Kashmir,LEH LADAKH,0.002,0.998,0.0
34.3456,78.7401,Jammu and Kashmir,LEH LADAKH,0.002,0.998,0.0
33.6773,74.8993,Jammu and Kashmir,PULWAMA,0.593,0.407,0.0
33.8589,75.0954,Jammu and Kashmir,PULWAMA,0.593,0.407,0.0
33.6807,74.815,Jammu and Kashmir,PULWAMA,0.593,0.407,0.0
33.7754,75.0621,Jammu and Kashmir,PULWAMA,0.593,0.407,0.0
33.8813,75.1356,Jammu and Kashmir,PULWAMA,0.593,0.407,0.0
33.1772,74.3331,Jammu and Kashmir,RAJAURI,0.543,0.457,0.0
33.4053,74.3036,Jammu and Kashmir,RAJAURI,0.543,0.457,0.0
33.4718,74.5086,Jammu and Kashmir,RAJAURI,0.543,0.457,0.0
33.4969,74.6479,Jammu and Kashmir,RAJAURI,0.543,0.457,0.0
33.1782,74.2462,Jammu and Kashmir,RAJAURI,0.543,0.457,0.0
33.6646,74.3772,Jammu and Kashmir,POONCH,0.637,0.363,0.0
33.7214,74.3639,Jammu and Kashmir,POONCH,0.637,0.363,0.0
33.555,74.1728,Jammu and Kashmir,POONCH,0.637,0.363,0.0
33.5806,74.4616,Jammu and Kashmir,POONCH,0.637,0.363,0.0
33.8336,74.156,Jammu and Kashmir,POONCH,0.637,0.363,0.0
34.3379,74.9839,Jammu and Kashmir,SRINAGAR,0.972,0.028,0.0
34.1048,74.942,Jammu and Kashmir,SRINAGAR,0.972,0.028,0.0
34.1331,75.0357,Jammu and Kashmir,SRINAGAR,0.972,0.028,0.0
34.3404,75.0669,Jammu and Kashmir,SRINAGAR,0.972,0.028,0.0
34.3349,75.2957,Jammu and Kashmir,SRINAGAR,0.972,0.028,0.0
32.7504,75.5042,Jammu and Kashmir,UDHAMPUR,0.54,0.46,0.0
32.8674,75.6248,Jammu and Kashmir,UDHAMPUR,0.54,0.46,0.0
33.2041,74.8351,Jammu and Kashmir,UDHAMPUR,0.54,0.46,0.0
32.9369,75.1242,Jammu and Kashmir,UDHAMPUR,0.54,0.46,0.0
32.9211,75.1539,Jammu and Kashmir,UDHAMPUR,0.54,0.46,0.0
24.2292,84.4866,Jharkhand,CHATRA,0.469,0.531,0.0
24.4039,85.067,Jharkhand,CHATRA,0.469,0.531,0.0
24.2583,84.8094,Jharkhand,CHATRA,0.469,0.531,0.0
23.9819,85.0074,Jharkhand,CHATRA,0.469,0.531,0.0
24.2038,84.8168,Jharkhand,CHATRA,0.469,0.531,0.0
23.5698,85.8908,Jharkhand,BOKARO,0.606,0.394,0.0
23.4697,86.1985,Jharkhand,BOKARO,0.606,0.394,0.0
23.6311,86.0502,Jharkhand,BOKARO,0.606,0.394,0.0
23.6848,85.9445,Jharkhand,BOKARO,0.606,0.394,0.0
23.8099,85.8425,Jharkhand,BOKARO,0.606,0.394,0.0
24.2015,86.6401,Jharkhand,DEOGHAR,0.0,1.0,0.0
24.4605,86.4916,Jharkhand,DEOGHAR,0.0,1.0,0.0
24.3224,86.7998,Jharkhand,DEOGHAR,0.0,1.0,0.0
24.2042,86.8254,Jharkhand,DEOGHAR,0.0,1.0,0.0
24.4034,86.488,Jharkhand,DEOGHAR,0.0,1.0,0.0
23.884,86.5007,Jharkhand,DHANBAD,0.736,0.264,0.0
23.9365,86.4506,Jharkhand,DHANBAD,0.736,0.264,0.0
23.9036,86.7047,Jharkhand,DHANBAD,0.736,0.264,0.0
24.0049,86.484,Jharkhand,DHANBAD,0.736,0.264,0.0
23.9691,86.3003,Jharkhand,DHANBAD,0.736,0.264,0.0
24.2379,87.4353,Jharkhand,DUMKA,0.0,1.0,0.0
24.4708,87.0384,Jharkhand,DUMKA,0.0,1.0,0.0
24.0531,87.2238,Jharkhand,DUMKA,0.0,1.0,0.0
24.5221,87.1113,Jharkhand,DUMKA,0.0,1.0,0.0
24.4399,87.1887,Jharkhand,DUMKA,0.0,1.0,0.0
23.869,83.9525,Jharkhand,GARHWA,0.0,1.0,0.0
24.2797,83.6026,Jharkhand,GARHWA,0.0,1.0,0.0
24.33,83.6463,Jharkhand,GARHWA,0.0,1.0,0.0
23.85,83.9239,Jharkhand,GARHWA,0.0,1.0,0.0
24.0986,83.798,Jharkhand,GARHWA,0.0,1.0,0.0
23.9762,85.9813,Jharkhand,GIRIDIH,0.656,0.344,0.0
24.4987,86.0572,Jharkhand,GIRIDIH,0.656,0.344,0.0
24.4598,86.1047,Jharkhand,GIRIDIH,0.656,0.344,0.0
24.2283,86.4437,Jharkhand,GIRIDIH,0.656,0.344,0.0
24.4876,85.8675,Jharkhand,GIRIDIH,0.656,0.344,0.0
24.6567,87.2977,Jharkhand,GODDA,0.489,0.511,0.0
24.6376,87.3732,Jharkhand,GODDA,0.489,0.511,0.0
24.6746,87.186,Jharkhand,GODDA,0.489,0.511,0.0
24.6318,87.1706,Jharkhand,GODDA,0.489,0.511,0.0
24.9843,87.4005,Jharkhand,GODDA,0.489,0.511,0.0
22.8221,84.3496,Jharkhand,GUMLA,0.774,0.226,0.0
23.3513,84.4851,Jharkhand,GUMLA,0.774,0.226,0.0
22.8189,84.9264,Jharkhand,GUMLA,0.774,0.226,0.0
22.8849,84.8048,Jharkhand,GUMLA,0.774,0.226,0.0
22.8794,84.6666,Jharkhand,GUMLA,0.774,0.226,0.0
23.7134,85.3325,Jharkhand,HAZARIBAGH,0.593,0.407,0.0
23.6467,85.3618,Jharkhand,HAZARIBAGH,0.593,0.407,0.0
23.6205,85.2488,Jharkhand,HAZARIBAGH,0.593,0.407,0.0
24.0949,85.3575,Jharkhand,HAZARIBAGH,0.593,0.407,0.0
24.3984,85.4519,Jharkhand,HAZARIBAGH,0.593,0.407,0.0
23.9616,86.9351,Jharkhand,JAMTARA,0.593,0.407,0.0
23.9583,86.9038,Jharkhand,JAMTARA,0.593,0.407,0.0
23.9831,87.0233,Jharkhand,JAMTARA,0.593,0.407,0.0
23.9464,86.7661,Jharkhand,JAMTARA,0.593,0.407,0.0
23.8663,87.1139,Jharkhand,JAMTARA,0.593,0.407,0.0
24.4814,85.6908,Jharkhand,KODERMA,0.0,1.0,0.0
24.6683,85.6631,Jharkhand,KODERMA,0.0,1.0,0.0
24.3643,85.7572,Jharkhand,KODERMA,0.0,1.0,0.0
24.6745,85.6742,Jharkhand,KODERMA,0.0,1.0,0.0
24.3439,85.6817,Jharkhand,KODERMA,0.0,1.0,0.0
23.8192,84.3874,Jharkhand,LATEHAR,0.609,0.391,0.0
23.8276,84.9073,Jharkhand,LATEHAR,0.609,0.391,0.0
23.6914,84.6269,Jharkhand,LATEHAR,0.609,0.391,0.0
23.333,84.1538,Jharkhand,LATEHAR,0.609,0.391,0.0
23.9155,84.521,Jharkhand,LATEHAR,0.609,0.391,0.0
23.4349,84.4996,Jharkhand,LOHARDAGA,0.673,0.327,0.0
23.5799,84.5771,Jharkhand,LOHARDAGA,0.673,0.327,0.0
23.3289,84.7484,Jharkhand,LOHARDAGA,0.673,0.327,0.0
23.4232,84.549,Jharkhand,LOHARDAGA,0.673,0.327,0.0
23.5283,84.6415,Jharkhand,LOHARDAGA,0.673,0.327,0.0
24.4588,87.5923,Jharkhand,PAKUR,0.0,1.0,0.0
24.3687,87.7097,Jharkhand,PAKUR,0.0,1.0,0.0
24.5618,87.6682,Jharkhand,PAKUR,0.0,1.0,0.0
24.7302,87.5162,Jharkhand,PAKUR,0.0,1.0,0.0
24.725,87.6412,Jharkhand,PAKUR,0.0,1.0,0.0
24.3241,84.2445,Jharkhand,PALAMU,0.514,0.486,0.0
24.4101,84.3132,Jharkhand,PALAMU,0.514,0.486,0.0
23.8548,84.0243,Jharkhand,PALAMU,0.514,0.486,0.0
24.2851,84.3501,Jharkhand,PALAMU,0.514,0.486,0.0
24.4273,83.8846,Jharkhand,PALAMU,0.514,0.486,0.0
22.677,85.1277,Jharkhand,WEST SINGHBHUM,0.0,1.0,0.0
22.8422,85.2803,Jharkhand,WEST SINGHBHUM,0.0,1.0,0.0
22.6812,85.3321,Jharkhand,WEST SINGHBHUM,0.0,1.0,0.0
22.2363,85.8745,Jharkhand,WEST SINGHBHUM,0.0,1.0,0.0
22.4287,85.6661,Jharkhand,WEST SINGHBHUM,0.0,1.0,0.0
22.6395,86.2887,Jharkhand,EAST SINGHBUM,0.0,1.0,0.0
22.4067,86.3427,Jharkhand,EAST SINGHBUM,0.0,1.0,0.0
22.4915,86.2851,Jharkhand,EAST SINGHBUM,0.0,1.0,0.0
22.3875,86.5058,Jharkhand,EAST SINGHBUM,0.0,1.0,0.0
22.7163,86.5325,Jharkhand,EAST SINGHBUM,0.0,1.0,0.0
23.3256,85.5845,Jharkhand,RANCHI,0.72,0.28,0.0
23.5926,85.1281,Jharkhand,RANCHI,0.72,0.28,0.0
23.5742,85.109,Jharkhand,RANCHI,0.72,0.28,0.0
23.1865,85.4948,Jharkhand,RANCHI,0.72,0.28,0.0
22.8802,85.1289,Jharkhand,RANCHI,0.72,0.28,0.0
25.1974,87.6043,Jharkhand,SAHEBGANJ,0.565,0.435,0.0
24.9131,87.8339,Jharkhand,SAHEBGANJ,0.565,0.435,0.0
24.9986,87.5581,Jharkhand,SAHEBGANJ,0.565,0.435,0.0
24.9352,87.6271,Jharkhand,SAHEBGANJ,0.565,0.435,0.0
24.9517,87.6379,Jharkhand,SAHEBGANJ,0.565,0.435,0.0
22.7097,85.9995,Jharkhand,SARAIKELA KHARSAWAN,0.684,0.316,0.0
22.9488,85.9702,Jharkhand,SARAIKELA KHARSAWAN,0.684,0.316,0.0
22.8837,85.9682,Jharkhand,SARAIKELA KHARSAWAN,0.684,0.316,0.0
23.0571,85.8238,Jharkhand,SARAIKELA KHARSAWAN,0.684,0.316,0.0
23.0742,85.9346,Jharkhand,SARAIKELA KHARSAWAN,0.684,0.316,0.0
22.5564,84.164,Jharkhand,SIMDEGA,0.68,0.32,0.0
22.5408,84.6551,Jharkhand,SIMDEGA,0.68,0.32,0.0
22.6545,84.4408,Jharkhand,SIMDEGA,0.68,0.32,0.0
22.5745,84.877,Jharkhand,SIMDEGA,0.68,0.32,0.0
22.3664,84.3504,Jharkhand,SIMDEGA,0.68,0.32,0.0
9.6114,76.3339,Kerala,ALAPPUZHA,0.417,0.096,0.488
9.691,76.3456,Kerala,ALAPPUZHA,0.417,0.096,0.488
9.4331,76.3853,Kerala,ALAPPUZHA,0.417,0.096,0.488
9.4933,76.4597,Kerala,ALAPPUZHA,0.417,0.096,0.488
9.7081,76.299,Kerala,ALAPPUZHA,0.417,0.096,0.488
10.267,76.4259,Kerala,ERNAKULAM,0.412,0.389,0.199
10.0472,76.6029,Kerala,ERNAKULAM,0.412,0.389,0.199
10.2568,76.4662,Kerala,ERNAKULAM,0.412,0.389,0.199
10.1763,76.6174,Kerala,ERNAKULAM,0.412,0.389,0.199
10.2362,76.385,Kerala,ERNAKULAM,0.412,0.389,0.199
9.9763,77.0031,Kerala,IDUKKI,0.347,0.36,0.293
10.1466,77.1082,Kerala,IDUKKI,0.347,0.36,0.293
9.9579,76.726,Kerala,IDUKKI,0.347,0.36,0.293
10.1048,76.8959,Kerala,IDUKKI,0.347,0.36,0.293
9.8682,76.8009,Kerala,IDUKKI,0.347,0.36,0.293
11.9654,75.3243,Kerala,KANNUR,0.426,0.294,0.28
12.006,75.5024,Kerala,KANNUR,0.426,0.294,0.28
11.993,75.642,Kerala,KANNUR,0.426,0.294,0.28
12.1891,75.2385,Kerala,KANNUR,0.426,0.294,0.28
12.0641,75.7377,Kerala,KANNUR,0.426,0.294,0.28
12.617,75.1082,Kerala,KASARAGOD,0.477,0.264,0.259
12.5265,75.2261,Kerala,KASARAGOD,0.477,0.264,0.259
12.4065,75.3283,Kerala,KASARAGOD,0.477,0.264,0.259
12.5496,75.0335,Kerala,KASARAGOD,0.477,0.264,0.259
12.5808,75.0747,Kerala,KASARAGOD,0.477,0.264,0.259
9.0207,76.5555,Kerala,KOLLAM,0.385,0.312,0.303
8.867,76.6623,Kerala,KOLLAM,0.385,0.312,0.303
9.0258,76.9199,Kerala,KOLLAM,0.385,0.312,0.303
9.0062,76.8997,Kerala,KOLLAM,0.385,0.312,0.303
8.9413,76.8273,Kerala,KOLLAM,0.385,0.312,0.303
9.7549,76.6716,Kerala,KOTTAYAM,0.393,0.204,0.403
9.4457,76.5817,Kerala,KOTTAYAM,0.393,0.204,0.403
9.5938,76.7667,Kerala,KOTTAYAM,0.393,0.204,0.403
9.4613,76.8709,Kerala,KOTTAYAM,0.393,0.204,0.403
9.4853,76.5834,Kerala,KOTTAYAM,0.393,0.204,0.403
11.4115,76.0272,Kerala,KOZHIKODE,0.383,0.31,0.307
11.5139,75.6597,Kerala,KOZHIKODE,0.383,0.31,0.307
11.4098,76.0411,Kerala,KOZHIKODE,0.383,0.31,0.307
11.5767,75.8072,Kerala,KOZHIKODE,0.383,0.31,0.307
11.5145,75.7638,Kerala,KOZHIKODE,0.383,0.31,0.307
11.0281,76.252,Kerala,MALAPPURAM,0.415,0.288,0.297
10.7726,75.9498,Kerala,MALAPPURAM,0.415,0.288,0.297
11.1263,76.3966,Kerala,MALAPPURAM,0.415,0.288,0.297
11.1894,76.2645,Kerala,MALAPPURAM,0.415,0.288,0.297
11.0495,75.8748,Kerala,MALAPPURAM,0.415,0.288,0.297
10.5697,76.6021,Kerala,PALAKKAD,0.721,0.154,0.126
10.8063,76.6453,Kerala,PALAKKAD,0.721,0.154,0.126
10.8134,76.1094,Kerala,PALAKKAD,0.721,0.154,0.126
10.6379,76.6556,Kerala,PALAKKAD,0.721,0.154,0.126
10.763,76.2742,Kerala,PALAKKAD,0.721,0.154,0.126
9.3667,76.9897,Kerala,PATHANAMTHITTA,0.318,0.277,0.405
9.4053,76.8371,Kerala,PATHANAMTHITTA,0.318,0.277,0.405
9.1284,77.0534,Kerala,PATHANAMTHITTA,0.318,0.277,0.405
9.217,76.8849,Kerala,PATHANAMTHITTA,0.318,0.277,0.405
9.3297,77.1569,Kerala,PATHANAMTHITTA,0.318,0.277,0.405
8.5183,76.9053,Kerala,THIRUVANANTHAPURAM,0.373,0.317,0.31
8.692,77.0525,Kerala,THIRUVANANTHAPURAM,0.373,0.317,0.31
8.544,76.996,Kerala,THIRUVANANTHAPURAM,0.373,0.317,0.31
8.7243,77.0265,Kerala,THIRUVANANTHAPURAM,0.373,0.317,0.31
8.5477,76.9018,Kerala,THIRUVANANTHAPURAM,0.373,0.317,0.31
10.3822,76.4568,Kerala,THRISSUR,0.454,0.212,0.334
10.4849,76.1461,Kerala,THRISSUR,0.454,0.212,0.334
10.6026,76.2692,Kerala,THRISSUR,0.454,0.212,0.334
10.3928,76.5085,Kerala,THRISSUR,0.454,0.212,0.334
10.3131,76.3557,Kerala,THRISSUR,0.454,0.212,0.334
11.6659,75.8987,Kerala,WAYANAD,0.465,0.267,0.268
11.721,76.224,Kerala,WAYANAD,0.465,0.267,0.268
11.8115,75.8816,Kerala,WAYANAD,0.465,0.267,0.268
11.7419,76.0647,Kerala,WAYANAD,0.465,0.267,0.268
11.7936,76.1259,Kerala,WAYANAD,0.465,0.267,0.268
23.1721,81.7174,Madhya Pradesh,ANUPPUR,0.725,0.275,0.0
23.2468,81.9669,Madhya Pradesh,ANUPPUR,0.725,0.275,0.0
22.8919,81.8096,Madhya Pradesh,ANUPPUR,0.725,0.275,0.0
23.3339,82.0995,Madhya Pradesh,ANUPPUR,0.725,0.275,0.0
23.2426,81.9151,Madhya Pradesh,ANUPPUR,0.725,0.275,0.0
24.6765,78.186,Madhya Pradesh,ASHOKNAGAR,0.482,0.518,0.0
24.3403,78.1029,Madhya Pradesh,ASHOKNAGAR,0.482,0.518,0.0
24.6205,77.981,Madhya Pradesh,ASHOKNAGAR,0.482,0.518,0.0
24.3874,77.7123,Madhya Pradesh,ASHOKNAGAR,0.482,0.518,0.0
24.768,78.1281,Madhya Pradesh,ASHOKNAGAR,0.482,0.518,0.0
21.7212,80.4984,Madhya Pradesh,BALAGHAT,0.695,0.305,0.0
22.2023,80.7763,Madhya Pradesh,BALAGHAT,0.695,0.305,0.0
22.0604,80.0851,Madhya Pradesh,BALAGHAT,0.695,0.305,0.0
22.1118,80.6139,Madhya Pradesh,BALAGHAT,0.695,0.305,0.0
22.0875,80.0715,Madhya Pradesh,BALAGHAT,0.695,0.305,0.0
22.0888,75.3183,Madhya Pradesh,BARWANI,0.74,0.26,0.0
21.6222,75.1937,Madhya Pradesh,BARWANI,0.74,0.26,0.0
21.553,75.2387,Madhya Pradesh,BARWANI,0.74,0.26,0.0
21.5185,75.3113,Madhya Pradesh,BARWANI,0.74,0.26,0.0
21.6991,75.113,Madhya Pradesh,BARWANI,0.74,0.26,0.0
22.344,78.1416,Madhya Pradesh,BETUL,0.644,0.356,0.0
21.9329,78.2507,Madhya Pradesh,BETUL,0.644,0.356,0.0
21.8647,78.3524,Madhya Pradesh,BETUL,0.644,0.356,0.0
22.1881,77.7674,Madhya Pradesh,BETUL,0.644,0.356,0.0
21.9129,77.91,Madhya Pradesh,BETUL,0.644,0.356,0.0
26.4815,78.5877,Madhya Pradesh,BHIND,0.235,0.765,0.0
26.6517,78.9683,Madhya Pradesh,BHIND,0.235,0.765,0.0
25.9746,78.8361,Madhya Pradesh,BHIND,0.235,0.765,0.0
26.2495,78.5948,Madhya Pradesh,BHIND,0.235,0.765,0.0
26.676,78.8945,Madhya Pradesh,BHIND,0.235,0.765,0.0
23.54,77.3468,Madhya Pradesh,BHOPAL,0.523,0.477,0.0
23.2018,77.3761,Madhya Pradesh,BHOPAL,0.523,0.477,0.0
23.5814,77.4057,Madhya Pradesh,BHOPAL,0.523,0.477,0.0
23.3072,77.2409,Madhya Pradesh,BHOPAL,0.523,0.477,0.0
23.8472,77.292,Madhya Pradesh,BHOPAL,0.523,0.477,0.0
21.1903,76.4133,Madhya Pradesh,BURHANPUR,0.771,0.229,0.0
21.3708,76.2919,Madhya Pradesh,BURHANPUR,0.771,0.229,0.0
21.1143,76.3189,Madhya Pradesh,BURHANPUR,0.771,0.229,0.0
21.4258,76.1091,Madhya Pradesh,BURHANPUR,0.771,0.229,0.0
21.2526,76.2649,Madhya Pradesh,BURHANPUR,0.771,0.229,0.0
25.1824,79.3217,Madhya Pradesh,CHHATARPUR,0.478,0.522,0.0
25.0624,79.4984,Madhya Pradesh,CHHATARPUR,0.478,0.522,0.0
25.194,80.2411,Madhya Pradesh,CHHATARPUR,0.478,0.522,0.0
24.5505,79.2145,Madhya Pradesh,CHHATARPUR,0.478,0.522,0.0
24.2141,79.0947,Madhya Pradesh,CHHATARPUR,0.478,0.522,0.0
22.0982,79.2327,Madhya Pradesh,CHHINDWARA,0.628,0.372,0.0
22.2029,78.3171,Madhya Pradesh,CHHINDWARA,0.628,0.372,0.0
22.0838,79.2017,Madhya Pradesh,CHHINDWARA,0.628,0.372,0.0
22.2396,79.3119,Madhya Pradesh,CHHINDWARA,0.628,0.372,0.0
21.5928,78.796,Madhya Pradesh,CHHINDWARA,0.628,0.372,0.0
23.2796,79.5434,Madhya Pradesh,DAMOH,0.496,0.504,0.0
23.9341,79.3124,Madhya Pradesh,DAMOH,0.496,0.504,0.0
24.1271,79.6493,Madhya Pradesh,DAMOH,0.496,0.504,0.0
23.5823,79.5912,Madhya Pradesh,DAMOH,0.496,0.504,0.0
23.9214,79.3844,Madhya Pradesh,DAMOH,0.496,0.504,0.0
25.9369,78.7603,Madhya Pradesh,DATIA,0.378,0.622,0.0
25.6657,78.7422,Madhya Pradesh,DATIA,0.378,0.622,0.0
26.1004,78.6164,Madhya Pradesh,DATIA,0.378,0.622,0.0
25.8752,78.5768,Madhya Pradesh,DATIA,0.378,0.622,0.0
25.7461,78.6029,Madhya Pradesh,DATIA,0.378,0.622,0.0
22.9717,76.257,Madhya Pradesh,DEWAS,0.514,0.486,0.0
22.8335,76.9734,Madhya Pradesh,DEWAS,0.514,0.486,0.0
22.9712,76.2115,Madhya Pradesh,DEWAS,0.514,0.486,0.0
22.8842,76.1245,Madhya Pradesh,DEWAS,0.514,0.486,0.0
23.2084,76.2845,Madhya Pradesh,DEWAS,0.514,0.486,0.0
23.0866,80.7072,Madhya Pradesh,DINDORI,0.557,0.443,0.0
23.1201,81.046,Madhya Pradesh,DINDORI,0.557,0.443,0.0
22.733,81.047,Madhya Pradesh,DINDORI,0.557,0.443,0.0
23.0142,80.9063,Madhya Pradesh,DINDORI,0.557,0.443,0.0
22.7475,81.2543,Madhya Pradesh,DINDORI,0.557,0.443,0.0
22.1816,74.8705,Madhya Pradesh,DHAR,0.577,0.423,0.0
22.5489,75.3714,Madhya Pradesh,DHAR,0.577,0.423,0.0
22.5548,75.508,Madhya Pradesh,DHAR,0.577,0.423,0.0
22.7423,75.4257,Madhya Pradesh,DHAR,0.577,0.423,0.0
22.3548,74.6464,Madhya Pradesh,DHAR,0.577,0.423,0.0
21.8093,77.1376,Madhya Pradesh,KHANDWA,0.602,0.397,0.001
21.9066,76.2037,Madhya Pradesh,KHANDWA,0.602,0.397,0.001
22.0737,76.4545,Madhya Pradesh,KHANDWA,0.602,0.397,0.001
21.6971,76.8416,Madhya Pradesh,KHANDWA,0.602,0.397,0.001
21.7973,76.6541,Madhya Pradesh,KHANDWA,0.602,0.397,0.001
24.8303,77.4467,Madhya Pradesh,GUNA,0.536,0.464,0.0
24.2208,77.2131,Madhya Pradesh,GUNA,0.536,0.464,0.0
24.3807,77.3673,Madhya Pradesh,GUNA,0.536,0.464,0.0
24.8987,76.9799,Madhya Pradesh,GUNA,0.536,0.464,0.0
24.8483,77.4447,Madhya Pradesh,GUNA,0.536,0.464,0.0
25.9961,78.0125,Madhya Pradesh,GWALIOR,0.351,0.649,0.0
26.2689,78.2129,Madhya Pradesh,GWALIOR,0.351,0.649,0.0
26.1618,78.5349,Madhya Pradesh,GWALIOR,0.351,0.649,0.0
26.1074,77.8872,Madhya Pradesh,GWALIOR,0.351,0.649,0.0
25.9162,78.0085,Madhya Pradesh,GWALIOR,0.351,0.649,0.0
22.8418,78.2685,Madhya Pradesh,HOSHANGABAD,0.464,0.536,0.0
22.5699,78.4274,Madhya Pradesh,HOSHANGABAD,0.464,0.536,0.0
22.5722,77.3711,Madhya Pradesh,HOSHANGABAD,0.464,0.536,0.0
22.6004,77.434,Madhya Pradesh,HOSHANGABAD,0.464,0.536,0.0
22.7135,77.8916,Madhya Pradesh,HOSHANGABAD,0.464,0.536,0.0
22.786,75.7522,Madhya Pradesh,INDORE,0.519,0.48,0.001
22.6747,76.1488,Madhya Pradesh,INDORE,0.519,0.48,0.001
22.498,75.8082,Madhya Pradesh,INDORE,0.519,0.48,0.001
22.7796,75.9584,Madhya Pradesh,INDORE,0.519,0.48,0.001
22.8682,75.7275,Madhya Pradesh,INDORE,0.519,0.48,0.001
22.4886,77.0911,Madhya Pradesh,HARDA,0.488,0.512,0.0
22.3137,77.1342,Madhya Pradesh,HARDA,0.488,0.512,0.0
22.5002,77.0013,Madhya Pradesh,HARDA,0.488,0.512,0.0
22.1826,76.8791,Madhya Pradesh,HARDA,0.488,0.512,0.0
22.4607,77.1779,Madhya Pradesh,HARDA,0.488,0.512,0.0
22.3171,74.3022,Madhya Pradesh,JHABUA,0.689,0.311,0.0
22.8438,74.9126,Madhya Pradesh,JHABUA,0.689,0.311,0.0
22.4714,74.1728,Madhya Pradesh,JHABUA,0.689,0.311,0.0
22.7812,74.5789,Madhya Pradesh,JHABUA,0.689,0.311,0.0
22.6803,74.3944,Madhya Pradesh,JHABUA,0.689,0.311,0.0
23.2868,80.1207,Madhya Pradesh,JABALPUR,0.451,0.549,0.0
23.2663,80.3688,Madhya Pradesh,JABALPUR,0.451,0.549,0.0
23.178,80.1318,Madhya Pradesh,JABALPUR,0.451,0.549,0.0
23.2932,80.1252,Madhya Pradesh,JABALPUR,0.451,0.549,0.0
23.3329,79.8626,Madhya Pradesh,JABALPUR,0.451,0.549,0.0
22.3652,80.7586,Madhya Pradesh,MANDLA,0.614,0.386,0.0
22.5831,80.3076,Madhya Pradesh,MANDLA,0.614,0.386,0.0
22.6072,80.2291,Madhya Pradesh,MANDLA,0.614,0.386,0.0
22.651,80.8054,Madhya Pradesh,MANDLA,0.614,0.386,0.0
22.5052,80.8188,Madhya Pradesh,MANDLA,0.614,0.386,0.0
23.8747,80.0211,Madhya Pradesh,KATNI,0.435,0.565,0.0
23.9722,80.3946,Madhya Pradesh,KATNI,0.435,0.565,0.0
23.7148,79.8484,Madhya Pradesh,KATNI,0.435,0.565,0.0
23.8956,80.8089,Madhya Pradesh,KATNI,0.435,0.565,0.0
23.5093,80.138,Madhya Pradesh,KATNI,0.435,0.565,0.0
24.1352,75.2029,Madhya Pradesh,MANDSAUR,0.572,0.428,0.0
24.1398,75.0819,Madhya Pradesh,MANDSAUR,0.572,0.428,0.0
24.2501,75.7928,Madhya Pradesh,MANDSAUR,0.572,0.428,0.0
24.094,75.6867,Madhya Pradesh,MANDSAUR,0.572,0.428,0.0
24.3122,75.077,Madhya Pradesh,MANDSAUR,0.572,0.428,0.0
26.2266,77.6144,Madhya Pradesh,MORENA,0.425,0.575,0.0
26.1013,77.5359,Madhya Pradesh,MORENA,0.425,0.575,0.0
26.4281,78.2328,Madhya Pradesh,MORENA,0.425,0.575,0.0
26.1414,77.567,Madhya Pradesh,MORENA,0.425,0.575,0.0
26.4152,78.091,Madhya Pradesh,MORENA,0.425,0.575,0.0
23.084,78.9544,Madhya Pradesh,NARSINGHPUR,0.454,0.546,0.0
22.7444,79.4607,Madhya Pradesh,NARSINGHPUR,0.454,0.546,0.0
23.1344,79.2809,Madhya Pradesh,NARSINGHPUR,0.454,0.546,0.0
22.7547,78.8987,Madhya Pradesh,NARSINGHPUR,0.454,0.546,0.0
22.9122,79.2131,Madhya Pradesh,NARSINGHPUR,0.454,0.546,0.0
24.582,75.1588,Madhya Pradesh,NEEMUCH,0.595,0.405,0.0
24.6114,74.9822,Madhya Pradesh,NEEMUCH,0.595,0.405,0.0
24.8115,75.1001,Madhya Pradesh,NEEMUCH,0.595,0.405,0.0
24.556,75.4984,Madhya Pradesh,NEEMUCH,0.595,0.405,0.0
24.7456,74.8031,Madhya Pradesh,NEEMUCH,0.595,0.405,0.0
24.0644,80.1947,Madhya Pradesh,PANNA,0.465,0.535,0.0
24.6688,79.9049,Madhya Pradesh,PANNA,0.465,0.535,0.0
24.3744,80.2267,Madhya Pradesh,PANNA,0.465,0.535,0.0
24.4644,79.9925,Madhya Pradesh,PANNA,0.465,0.535,0.0
23.9605,80.3166,Madhya Pradesh,PANNA,0.465,0.535,0.0
23.2533,77.6106,Madhya Pradesh,RAISEN,0.439,0.561,0.0
23.1921,78.7757,Madhya Pradesh,RAISEN,0.439,0.561,0.0
23.3296,78.0671,Madhya Pradesh,RAISEN,0.439,0.561,0.0
23.4573,78.3744,Madhya Pradesh,RAISEN,0.439,0.561,0.0
22.8343,78.0332,Madhya Pradesh,RAISEN,0.439,0.561,0.0
24.005,76.3685,Madhya Pradesh,RAJGARH,0.53,0.47,0.0
23.9054,77.1547,Madhya Pradesh,RAJGARH,0.53,0.47,0.0
23.6451,77.0694,Madhya Pradesh,RAJGARH,0.53,0.47,0.0
23.4946,76.8255,Madhya Pradesh,RAJGARH,0.53,0.47,0.0
24.1517,76.3726,Madhya Pradesh,RAJGARH,0.53,0.47,0.0
23.3196,74.8346,Madhya Pradesh,RATLAM,0.574,0.426,0.0
23.7217,75.5609,Madhya Pradesh,RATLAM,0.574,0.426,0.0
23.7485,75.2284,Madhya Pradesh,RATLAM,0.574,0.426,0.0
23.6875,75.012,Madhya Pradesh,RATLAM,0.574,0.426,0.0
23.1691,74.8207,Madhya Pradesh,RATLAM,0.574,0.426,0.0
24.9558,81.4257,Madhya Pradesh,REWA,0.468,0.532,0.0
24.7691,81.7115,Madhya Pradesh,REWA,0.468,0.532,0.0
25.0539,81.2683,Madhya Pradesh,REWA,0.468,0.532,0.0
24.8782,81.4359,Madhya Pradesh,REWA,0.468,0.532,0.0
24.4431,81.3048,Madhya Pradesh,REWA,0.468,0.532,0.0
23.7799,78.7484,Madhya Pradesh,SAGAR,0.494,0.506,0.0
23.9761,78.2917,Madhya Pradesh,SAGAR,0.494,0.506,0.0
23.2735,79.1997,Madhya Pradesh,SAGAR,0.494,0.506,0.0
23.4766,78.7988,Madhya Pradesh,SAGAR,0.494,0.506,0.0
24.3947,78.258,Madhya Pradesh,SAGAR,0.494,0.506,0.0
24.8444,81.0084,Madhya Pradesh,SATNA,0.486,0.514,0.0
24.1775,81.1355,Madhya Pradesh,SATNA,0.486,0.514,0.0
24.2948,80.7926,Madhya Pradesh,SATNA,0.486,0.514,0.0
24.9748,80.693,Madhya Pradesh,SATNA,0.486,0.514,0.0
24.6818,80.4959,Madhya Pradesh,SATNA,0.486,0.514,0.0
22.7385,77.1591,Madhya Pradesh,SEHORE,0.493,0.507,0.0
22.8934,76.7702,Madhya Pradesh,SEHORE,0.493,0.507,0.0
22.9612,76.6577,Madhya Pradesh,SEHORE,0.493,0.507,0.0
23.5453,77.2814,Madhya Pradesh,SEHORE,0.493,0.507,0.0
23.2814,77.2121,Madhya Pradesh,SEHORE,0.493,0.507,0.0
22.23,79.8119,Madhya Pradesh,SEONI,0.573,0.427,0.0
21.7921,79.5153,Madhya Pradesh,SEONI,0.573,0.427,0.0
22.5885,79.7215,Madhya Pradesh,SEONI,0.573,0.427,0.0
21.9177,79.7972,Madhya Pradesh,SEONI,0.573,0.427,0.0
21.8361,79.7613,Madhya Pradesh,SEONI,0.573,0.427,0.0
23.7857,81.512,Madhya Pradesh,SHAHDOL,0.706,0.293,0.0
23.4904,81.4341,Madhya Pradesh,SHAHDOL,0.706,0.293,0.0
23.1826,81.3258,Madhya Pradesh,SHAHDOL,0.706,0.293,0.0
23.6565,81.6005,Madhya Pradesh,SHAHDOL,0.706,0.293,0.0
23.3133,81.563,Madhya Pradesh,SHAHDOL,0.706,0.293,0.0
25.7631,76.9798,Madhya Pradesh,SHEOPUR,0.402,0.598,0.0
25.5526,77.2111,Madhya Pradesh,SHEOPUR,0.402,0.598,0.0
25.63,76.6897,Madhya Pradesh,SHEOPUR,0.402,0.598,0.0
25.399,77.0337,Madhya Pradesh,SHEOPUR,0.402,0.598,0.0
26.0582,76.9177,Madhya Pradesh,SHEOPUR,0.402,0.598,0.0
23.3255,76.2622,Madhya Pradesh,SHAJAPUR,0.527,0.472,0.001
23.8005,76.2027,Madhya Pradesh,SHAJAPUR,0.527,0.472,0.001
23.7303,76.0764,Madhya Pradesh,SHAJAPUR,0.527,0.472,0.001
23.6903,76.3534,Madhya Pradesh,SHAJAPUR,0.527,0.472,0.001
23.6862,75.8439,Madhya Pradesh,SHAJAPUR,0.527,0.472,0.001
25.5549,77.6123,Madhya Pradesh,SHIVPURI,0.538,0.462,0.0
25.8089,77.4691,Madhya Pradesh,SHIVPURI,0.538,0.462,0.0
25.2742,78.1823,Madhya Pradesh,SHIVPURI,0.538,0.462,0.0
25.0545,77.9814,Madhya Pradesh,SHIVPURI,0.538,0.462,0.0
25.6606,77.3829,Madhya Pradesh,SHIVPURI,0.538,0.462,0.0
24.2593,82.0573,Madhya Pradesh,SIDHI,0.523,0.477,0.0
24.4208,82.4637,Madhya Pradesh,SIDHI,0.523,0.477,0.0
24.1073,81.7128,Madhya Pradesh,SIDHI,0.523,0.477,0.0
24.5302,82.2406,Madhya Pradesh,SIDHI,0.523,0.477,0.0
24.535,82.4326,Madhya Pradesh,SIDHI,0.523,0.477,0.0
23.4429,75.5554,Madhya Pradesh,UJJAIN,0.535,0.465,0.0
23.0579,75.4573,Madhya Pradesh,UJJAIN,0.535,0.465,0.0
23.6291,75.6175,Madhya Pradesh,UJJAIN,0.535,0.465,0.0
23.4811,76.1968,Madhya Pradesh,UJJAIN,0.535,0.465,0.0
23.0116,75.425,Madhya Pradesh,UJJAIN,0.535,0.465,0.0
25.2678,78.6282,Madhya Pradesh,TIKAMGARH,0.552,0.448,0.0
25.5111,78.8459,Madhya Pradesh,TIKAMGARH,0.552,0.448,0.0
24.4697,78.9725,Madhya Pradesh,TIKAMGARH,0.552,0.448,0.0
24.7968,79.1691,Madhya Pradesh,TIKAMGARH,0.552,0.448,0.0
25.0784,79.114,Madhya Pradesh,TIKAMGARH,0.552,0.448,0.0
23.9122,80.9578,Madhya Pradesh,UMARIA,0.553,0.447,0.0
23.9406,81.0412,Madhya Pradesh,UMARIA,0.553,0.447,0.0
23.7839,81.0417,Madhya Pradesh,UMARIA,0.553,0.447,0.0
23.8772,81.1709,Madhya Pradesh,UMARIA,0.553,0.447,0.0
23.818,81.1225,Madhya Pradesh,UMARIA,0.553,0.447,0.0
23.9164,77.6511,Madhya Pradesh,VIDISHA,0.477,0.523,0.0
24.1168,77.5763,Madhya Pradesh,VIDISHA,0.477,0.523,0.0
23.6419,77.857,Madhya Pradesh,VIDISHA,0.477,0.523,0.0
24.2259,77.5253,Madhya Pradesh,VIDISHA,0.477,0.523,0.0
24.0866,77.3256,Madhya Pradesh,VIDISHA,0.477,0.523,0.0
22.4132,76.1902,Madhya Pradesh,KHARGONE,0.603,0.396,0.0
21.9595,75.4665,Madhya Pradesh,KHARGONE,0.603,0.396,0.0
22.1443,75.8177,Madhya Pradesh,KHARGONE,0.603,0.396,0.0
21.453,75.9138,Madhya Pradesh,KHARGONE,0.603,0.396,0.0
21.5694,75.9263,Madhya Pradesh,KHARGONE,0.603,0.396,0.0
19.4199,74.7766,Maharashtra,AHMEDNAGAR,0.593,0.405,0.002
19.3279,74.1371,Maharashtra,AHMEDNAGAR,0.593,0.405,0.002
19.6961,74.8007,Maharashtra,AHMEDNAGAR,0.593,0.405,0.002
18.9943,74.2617,Maharashtra,AHMEDNAGAR,0.593,0.405,0.002
19.2223,75.3161,Maharashtra,AHMEDNAGAR,0.593,0.405,0.002
20.5208,76.9837,Maharashtra,AKOLA,0.816,0.181,0.004
20.663,76.8991,Maharashtra,AKOLA,0.816,0.181,0.004
21.0959,77.1487,Maharashtra,AKOLA,0.816,0.181,0.004
20.6219,76.9644,Maharashtra,AKOLA,0.816,0.181,0.004
20.4872,77.2329,Maharashtra,AKOLA,0.816,0.181,0.004
20.8485,77.6394,Maharashtra,AMRAVATI,0.832,0.165,0.003
21.4792,77.3554,Maharashtra,AMRAVATI,0.832,0.165,0.003
20.8791,77.551,Maharashtra,AMRAVATI,0.832,0.165,0.003
20.9533,77.4293,Maharashtra,AMRAVATI,0.832,0.165,0.003
20.8617,77.5003,Maharashtra,AMRAVATI,0.832,0.165,0.003
19.7889,75.1597,Maharashtra,AURANGABAD,0.744,0.254,0.002
20.4418,75.558,Maharashtra,AURANGABAD,0.744,0.254,0.002
20.0925,75.2358,Maharashtra,AURANGABAD,0.744,0.254,0.002
19.8218,74.6331,Maharashtra,AURANGABAD,0.744,0.254,0.002
20.0994,75.3317,Maharashtra,AURANGABAD,0.744,0.254,0.002
21.2753,80.6225,Maharashtra,BHANDARA,0.864,0.119,0.016
21.0933,79.7995,Maharashtra,BHANDARA,0.864,0.119,0.016
21.4011,79.5569,Maharashtra,BHANDARA,0.864,0.119,0.016
21.34,80.3734,Maharashtra,BHANDARA,0.864,0.119,0.016
21.2119,79.7855,Maharashtra,BHANDARA,0.864,0.119,0.016
19.1895,76.0023,Maharashtra,BEED,0.81,0.189,0.002
18.7781,76.1557,Maharashtra,BEED,0.81,0.189,0.002
18.7526,75.9831,Maharashtra,BEED,0.81,0.189,0.002
18.622,75.3148,Maharashtra,BEED,0.81,0.189,0.002
19.0041,76.3262,Maharashtra,BEED,0.81,0.189,0.002
20.1146,76.324,Maharashtra,BULDHANA,0.807,0.191,0.001
20.8409,76.6701,Maharashtra,BULDHANA,0.807,0.191,0.001
20.7725,76.0722,Maharashtra,BULDHANA,0.807,0.191,0.001
20.1222,76.4632,Maharashtra,BULDHANA,0.807,0.191,0.001
20.1264,76.6925,Maharashtra,BULDHANA,0.807,0.191,0.001
20.2572,79.3949,Maharashtra,CHANDRAPUR,0.889,0.108,0.003
20.1226,79.0317,Maharashtra,CHANDRAPUR,0.889,0.108,0.003
20.4178,79.3853,Maharashtra,CHANDRAPUR,0.889,0.108,0.003
20.5949,79.6877,Maharashtra,CHANDRAPUR,0.889,0.108,0.003
19.7498,79.3822,Maharashtra,CHANDRAPUR,0.889,0.108,0.003
20.7819,74.709,Maharashtra,DHULE,0.811,0.184,0.005
21.1656,74.6903,Maharashtra,DHULE,0.811,0.184,0.005
21.3113,74.4945,Maharashtra,DHULE,0.811,0.184,0.005
20.9459,73.973,Maharashtra,DHULE,0.811,0.184,0.005
21.0331,74.7012,Maharashtra,DHULE,0.811,0.184,0.005
20.0649,80.2638,Maharashtra,GADCHIROLI,0.902,0.09,0.008
19.2911,80.6895,Maharashtra,GADCHIROLI,0.902,0.09,0.008
19.6828,80.6193,Maharashtra,GADCHIROLI,0.902,0.09,0.008
19.6799,80.6051,Maharashtra,GADCHIROLI,0.902,0.09,0.008
19.0139,79.9567,Maharashtra,GADCHIROLI,0.902,0.09,0.008
21.0277,80.2306,Maharashtra,GONDIA,0.912,0.059,0.028
21.2988,80.2678,Maharashtra,GONDIA,0.912,0.059,0.028
20.9524,80.1319,Maharashtra,GONDIA,0.912,0.059,0.028
21.0877,80.2053,Maharashtra,GONDIA,0.912,0.059,0.028
20.8337,80.4991,Maharashtra,GONDIA,0.912,0.059,0.028
19.9435,77.029,Maharashtra,HINGOLI,0.777,0.219,0.004
19.715,77.2283,Maharashtra,HINGOLI,0.777,0.219,0.004
19.3888,77.2274,Maharashtra,HINGOLI,0.777,0.219,0.004
19.5665,77.3025,Maharashtra,HINGOLI,0.777,0.219,0.004
19.683,77.4484,Maharashtra,HINGOLI,0.777,0.219,0.004
21.3358,75.4154,Maharashtra,JALGAON,0.84,0.156,0.003
20.7196,75.0754,Maharashtra,JALGAON,0.84,0.156,0.003
20.9015,75.0867,Maharashtra,JALGAON,0.84,0.156,0.003
20.9111,75.1815,Maharashtra,JALGAON,0.84,0.156,0.003
21.3497,75.8132,Maharashtra,JALGAON,0.84,0.156,0.003
19.3102,76.059,Maharashtra,JALNA,0.87,0.129,0.001
19.6258,76.1819,Maharashtra,JALNA,0.87,0.129,0.001
19.3938,75.977,Maharashtra,JALNA,0.87,0.129,0.001
19.7985,76.0427,Maharashtra,JALNA,0.87,0.129,0.001
19.5446,76.0184,Maharashtra,JALNA,0.87,0.129,0.001
16.5182,74.0934,Maharashtra,KOLHAPUR,0.93,0.061,0.009
16.1418,73.8884,Maharashtra,KOLHAPUR,0.93,0.061,0.009
16.2372,74.2666,Maharashtra,KOLHAPUR,0.93,0.061,0.009
17.0618,73.8539,Maharashtra,KOLHAPUR,0.93,0.061,0.009
15.8497,74.1241,Maharashtra,KOLHAPUR,0.93,0.061,0.009
18.6386,77.0809,Maharashtra,LATUR,0.746,0.253,0.001
18.6195,77.0761,Maharashtra,LATUR,0.746,0.253,0.001
17.9935,76.8559,Maharashtra,LATUR,0.746,0.253,0.001
18.5819,76.4503,Maharashtra,LATUR,0.746,0.253,0.001
18.5668,76.5037,Maharashtra,LATUR,0.746,0.253,0.001
21.1,79.3429,Maharashtra,NAGPUR,0.716,0.284,0.001
20.9948,78.7522,Maharashtra,NAGPUR,0.716,0.284,0.001
20.7672,79.0234,Maharashtra,NAGPUR,0.716,0.284,0.001
20.8193,79.453,Maharashtra,NAGPUR,0.716,0.284,0.001
21.2634,79.0264,Maharashtra,NAGPUR,0.716,0.284,0.001
19.3453,78.1054,Maharashtra,NANDED,0.845,0.153,0.002
19.5551,78.2651,Maharashtra,NANDED,0.845,0.153,0.002
18.9546,77.0755,Maharashtra,NANDED,0.845,0.153,0.002
19.1246,77.6667,Maharashtra,NANDED,0.845,0.153,0.002
19.0905,77.4212,Maharashtra,NANDED,0.845,0.153,0.002
21.2732,74.1283,Maharashtra,NANDURBAR,0.815,0.179,0.006
21.0709,73.8048,Maharashtra,NANDURBAR,0.815,0.179,0.006
21.7942,73.9055,Maharashtra,NANDURBAR,0.815,0.179,0.006
21.0527,73.8622,Maharashtra,NANDURBAR,0.815,0.179,0.006
21.0069,73.8228,Maharashtra,NANDURBAR,0.815,0.179,0.006
19.9503,73.78,Maharashtra,NASHIK,0.792,0.207,0.0
20.203,73.3356,Maharashtra,NASHIK,0.792,0.207,0.0
20.642,73.9272,Maharashtra,NASHIK,0.792,0.207,0.0
20.0699,73.3004,Maharashtra,NASHIK,0.792,0.207,0.0
20.2959,74.0787,Maharashtra,NASHIK,0.792,0.207,0.0
18.5594,75.9591,Maharashtra,OSMANABAD,0.631,0.367,0.002
18.5566,76.0825,Maharashtra,OSMANABAD,0.631,0.367,0.002
18.586,75.7715,Maharashtra,OSMANABAD,0.631,0.367,0.002
17.8755,76.3934,Maharashtra,OSMANABAD,0.631,0.367,0.002
18.298,76.0714,Maharashtra,OSMANABAD,0.631,0.367,0.002
19.3091,76.3217,Maharashtra,PARBHANI,0.798,0.2,0.002
18.9546,76.8283,Maharashtra,PARBHANI,0.798,0.2,0.002
18.8743,76.9211,Maharashtra,PARBHANI,0.798,0.2,0.002
19.7272,76.5263,Maharashtra,PARBHANI,0.798,0.2,0.002
19.1255,76.8248,Maharashtra,PARBHANI,0.798,0.2,0.002
18.0707,73.2923,Maharashtra,RAIGAD,0.975,0.006,0.02
19.0068,73.3314,Maharashtra,RAIGAD,0.975,0.006,0.02
17.8839,73.4814,Maharashtra,RAIGAD,0.975,0.006,0.02
18.6412,73.1495,Maharashtra,RAIGAD,0.975,0.006,0.02
18.8344,73.3597,Maharashtra,RAIGAD,0.975,0.006,0.02
18.5463,73.4132,Maharashtra,PUNE,0.455,0.536,0.009
18.2385,73.669,Maharashtra,PUNE,0.455,0.536,0.009
18.4344,74.53,Maharashtra,PUNE,0.455,0.536,0.009
18.4858,74.3929,Maharashtra,PUNE,0.455,0.536,0.009
19.1325,73.7973,Maharashtra,PUNE,0.455,0.536,0.009
16.5554,73.5456,Maharashtra,RATNAGIRI,0.998,0.002,0.0
16.8547,73.7256,Maharashtra,RATNAGIRI,0.998,0.002,0.0
17.6975,73.1505,Maharashtra,RATNAGIRI,0.998,0.002,0.0
16.6199,73.5326,Maharashtra,RATNAGIRI,0.998,0.002,0.0
17.3398,73.6499,Maharashtra,RATNAGIRI,0.998,0.002,0.0
17.0523,74.7842,Maharashtra,SANGLI,0.673,0.322,0.004
17.1685,73.8856,Maharashtra,SANGLI,0.673,0.322,0.004
16.8429,74.819,Maharashtra,SANGLI,0.673,0.322,0.004
17.2003,75.5452,Maharashtra,SANGLI,0.673,0.322,0.004
17.5972,74.9169,Maharashtra,SANGLI,0.673,0.322,0.004
17.8043,73.6414,Maharashtra,SATARA,0.705,0.286,0.009
17.4859,73.8752,Maharashtra,SATARA,0.705,0.286,0.009
17.4888,74.1897,Maharashtra,SATARA,0.705,0.286,0.009
17.1635,74.1626,Maharashtra,SATARA,0.705,0.286,0.009
17.6851,74.0469,Maharashtra,SATARA,0.705,0.286,0.009
16.5016,73.3345,Maharashtra,SINDHUDURG,0.971,0.002,0.027
16.2554,73.4415,Maharashtra,SINDHUDURG,0.971,0.002,0.027
15.8293,73.7244,Maharashtra,SINDHUDURG,0.971,0.002,0.027
16.5273,73.6506,Maharashtra,SINDHUDURG,0.971,0.002,0.027
16.3148,73.6736,Maharashtra,SINDHUDURG,0.971,0.002,0.027
17.7649,74.9251,Maharashtra,SOLAPUR,0.265,0.731,0.004
17.2642,75.1116,Maharashtra,SOLAPUR,0.265,0.731,0.004
18.0857,75.2181,Maharashtra,SOLAPUR,0.265,0.731,0.004
18.4015,75.2122,Maharashtra,SOLAPUR,0.265,0.731,0.004
18.1151,75.2933,Maharashtra,SOLAPUR,0.265,0.731,0.004
20.2073,72.9289,Maharashtra,THANE,0.965,0.024,0.011
19.5844,73.1025,Maharashtra,THANE,0.965,0.024,0.011
19.4884,73.2236,Maharashtra,THANE,0.965,0.024,0.011
19.9654,73.1051,Maharashtra,THANE,0.965,0.024,0.011
19.1483,73.4866,Maharashtra,THANE,0.965,0.024,0.011
20.7893,78.5756,Maharashtra,WARDHA,0.9,0.095,0.005
20.8832,78.6585,Maharashtra,WARDHA,0.9,0.095,0.005
20.607,78.6982,Maharashtra,WARDHA,0.9,0.095,0.005
21.2463,78.2801,Maharashtra,WARDHA,0.9,0.095,0.005
20.6034,78.586,Maharashtra,WARDHA,0.9,0.095,0.005
20.2757,77.2339,Maharashtra,WASHIM,0.828,0.166,0.005
20.3072,77.1844,Maharashtra,WASHIM,0.828,0.166,0.005
20.1017,77.5107,Maharashtra,WASHIM,0.828,0.166,0.005
20.5265,77.5036,Maharashtra,WASHIM,0.828,0.166,0.005
20.3956,77.4698,Maharashtra,WASHIM,0.828,0.166,0.005
20.4012,78.4884,Maharashtra,YAVATMAL,0.913,0.08,0.007
19.9935,77.7154,Maharashtra,YAVATMAL,0.913,0.08,0.007
20.0586,78.8342,Maharashtra,YAVATMAL,0.913,0.08,0.007
20.2799,78.0432,Maharashtra,YAVATMAL,0.913,0.08,0.007
19.7381,77.7508,Maharashtra,YAVATMAL,0.913,0.08,0.007
25.7338,90.7834,Meghalaya,EAST GARO HILLS,0.947,0.053,0.0
25.7456,90.4929,Meghalaya,EAST GARO HILLS,0.947,0.053,0.0
25.4596,90.468,Meghalaya,EAST GARO HILLS,0.947,0.053,0.0
25.7086,90.7632,Meghalaya,EAST GARO HILLS,0.947,0.053,0.0
25.8223,90.6415,Meghalaya,EAST GARO HILLS,0.947,0.053,0.0
25.419,91.7413,Meghalaya,EAST KHASI HILLS,0.61,0.01,0.38
25.5062,91.728,Meghalaya,EAST KHASI HILLS,0.61,0.01,0.38
25.529,91.6989,Meghalaya,EAST KHASI HILLS,0.61,0.01,0.38
25.2835,91.7906,Meghalaya,EAST KHASI HILLS,0.61,0.01,0.38
25.5107,91.6521,Meghalaya,EAST KHASI HILLS,0.61,0.01,0.38
25.0959,92.3789,Meghalaya,WEST JAINTIA HILLS,0.974,0.014,0.012
25.3924,92.1582,Meghalaya,WEST JAINTIA HILLS,0.974,0.014,0.012
25.1496,92.206,Meghalaya,WEST JAINTIA HILLS,0.974,0.014,0.012
25.7159,92.3417,Meghalaya,WEST JAINTIA HILLS,0.974,0.014,0.012
25.4808,92.1561,Meghalaya,WEST JAINTIA HILLS,0.974,0.014,0.012
25.9746,91.9189,Meghalaya,RI BHOI,0.976,0.023,0.002
25.7319,92.0645,Meghalaya,RI BHOI,0.976,0.023,0.002
26.0299,92.1705,Meghalaya,RI BHOI,0.976,0.023,0.002
25.749,92.0525,Meghalaya,RI BHOI,0.976,0.023,0.002
25.8536,91.7693,Meghalaya,RI BHOI,0.976,0.023,0.002
25.2662,90.4885,Meghalaya,SOUTH GARO HILLS,0.939,0.061,0.001
25.2559,90.5761,Meghalaya,SOUTH GARO HILLS,0.939,0.061,0.001
25.3445,90.7294,Meghalaya,SOUTH GARO HILLS,0.939,0.061,0.001
25.2543,90.86,Meghalaya,SOUTH GARO HILLS,0.939,0.061,0.001
25.5152,90.7381,Meghalaya,SOUTH GARO HILLS,0.939,0.061,0.001
25.3817,90.271,Meghalaya,WEST GARO HILLS,0.767,0.233,0.001
25.5602,90.1901,Meghalaya,WEST GARO HILLS,0.767,0.233,0.001
25.8405,90.262,Meghalaya,WEST GARO HILLS,0.767,0.233,0.001
25.7043,90.1522,Meghalaya,WEST GARO HILLS,0.767,0.233,0.001
25.7598,90.1083,Meghalaya,WEST GARO HILLS,0.767,0.233,0.001
25.7673,91.5954,Meghalaya,WEST KHASI HILLS,0.802,0.007,0.191
25.5359,90.821,Meghalaya,WEST KHASI HILLS,0.802,0.007,0.191
25.6176,91.4563,Meghalaya,WEST KHASI HILLS,0.802,0.007,0.191
25.5573,90.9614,Meghalaya,WEST KHASI HILLS,0.802,0.007,0.191
25.2239,91.186,Meghalaya,WEST KHASI HILLS,0.802,0.007,0.191
25.6778,93.8203,Nagaland,DIMAPUR,0.838,0.162,0.0
25.8138,93.8277,Nagaland,DIMAPUR,0.838,0.162,0.0
25.6881,93.8604,Nagaland,DIMAPUR,0.838,0.162,0.0
25.8707,93.9323,Nagaland,DIMAPUR,0.838,0.162,0.0
25.7035,93.657,Nagaland,DIMAPUR,0.838,0.162,0.0
25.5388,93.4976,Nagaland,KOHIMA,0.843,0.157,0.0
25.5712,93.3879,Nagaland,KOHIMA,0.843,0.157,0.0
25.404,93.7077,Nagaland,KOHIMA,0.843,0.157,0.0
25.8278,94.0573,Nagaland,KOHIMA,0.843,0.157,0.0
25.3293,93.5919,Nagaland,KOHIMA,0.843,0.157,0.0
26.4216,94.4083,Nagaland,MOKOKCHUNG,0.777,0.223,0.0
26.4112,94.4674,Nagaland,MOKOKCHUNG,0.777,0.223,0.0
26.5401,94.4428,Nagaland,MOKOKCHUNG,0.777,0.223,0.0
26.3979,94.5445,Nagaland,MOKOKCHUNG,0.777,0.223,0.0
26.4322,94.4989,Nagaland,MOKOKCHUNG,0.777,0.223,0.0
26.3082,95.0158,Nagaland,MON,0.793,0.207,0.0
26.5182,94.933,Nagaland,MON,0.793,0.207,0.0
26.7037,94.9159,Nagaland,MON,0.793,0.207,0.0
26.7649,94.8343,Nagaland,MON,0.793,0.207,0.0
26.6866,94.8197,Nagaland,MON,0.793,0.207,0.0
25.6205,94.7221,Nagaland,PHEK,0.811,0.189,0.0
25.7244,94.7653,Nagaland,PHEK,0.811,0.189,0.0
25.642,94.3603,Nagaland,PHEK,0.811,0.189,0.0
25.6479,94.2873,Nagaland,PHEK,0.811,0.189,0.0
25.6804,94.2266,Nagaland,PHEK,0.811,0.189,0.0
25.8363,94.8618,Nagaland,TUENSANG,0.863,0.137,0.0
26.3524,94.7839,Nagaland,TUENSANG,0.863,0.137,0.0
25.7649,94.8974,Nagaland,TUENSANG,0.863,0.137,0.0
25.6667,94.9151,Nagaland,TUENSANG,0.863,0.137,0.0
26.2061,94.7938,Nagaland,TUENSANG,0.863,0.137,0.0
26.1559,94.3083,Nagaland,WOKHA,0.821,0.179,0.0
26.2657,94.1177,Nagaland,WOKHA,0.821,0.179,0.0
26.3464,94.2893,Nagaland,WOKHA,0.821,0.179,0.0
26.2444,94.1126,Nagaland,WOKHA,0.821,0.179,0.0
26.0452,94.1075,Nagaland,WOKHA,0.821,0.179,0.0
26.1859,94.5387,Nagaland,ZUNHEBOTO,0.909,0.091,0.0
25.8359,94.3985,Nagaland,ZUNHEBOTO,0.909,0.091,0.0
26.0079,94.3963,Nagaland,ZUNHEBOTO,0.909,0.091,0.0
26.0006,94.5521,Nagaland,ZUNHEBOTO,0.909,0.091,0.0
26.041,94.5563,Nagaland,ZUNHEBOTO,0.909,0.091,0.0
20.7468,85.0727,Odisha,ANUGUL,0.618,0.22,0.162
20.9562,84.8869,Odisha,ANUGUL,0.618,0.22,0.162
21.0772,84.8105,Odisha,ANUGUL,0.618,0.22,0.162
20.7288,84.6858,Odisha,ANUGUL,0.618,0.22,0.162
20.6616,84.7494,Odisha,ANUGUL,0.618,0.22,0.162
21.9083,87.1337,Odisha,BALESHWAR,0.694,0.0,0.306
21.3882,86.7894,Odisha,BALESHWAR,0.694,0.0,0.306
21.6744,87.1619,Odisha,BALESHWAR,0.694,0.0,0.306
21.2241,86.5117,Odisha,BALESHWAR,0.694,0.0,0.306
21.3047,86.5264,Odisha,BALESHWAR,0.694,0.0,0.306
21.2191,83.676,Odisha,BARGARH,0.547,0.068,0.385
21.5211,83.5908,Odisha,BARGARH,0.547,0.068,0.385
21.3631,83.3035,Odisha,BARGARH,0.547,0.068,0.385
20.9949,83.1992,Odisha,BARGARH,0.547,0.068,0.385
21.3672,83.7585,Odisha,BARGARH,0.547,0.068,0.385
20.8359,86.6379,Odisha,BHADRAK,0.582,0.148,0.27
20.8912,86.8097,Odisha,BHADRAK,0.582,0.148,0.27
21.1259,86.6678,Odisha,BHADRAK,0.582,0.148,0.27
20.9361,86.5627,Odisha,BHADRAK,0.582,0.148,0.27
21.09,86.3733,Odisha,BHADRAK,0.582,0.148,0.27
20.5576,82.7353,Odisha,BALANGIR,0.687,0.094,0.219
20.6068,82.7645,Odisha,BALANGIR,0.687,0.094,0.219
20.6107,83.4352,Odisha,BALANGIR,0.687,0.094,0.219
20.8476,83.5556,Odisha,BALANGIR,0.687,0.094,0.219
20.6753,83.5102,Odisha,BALANGIR,0.687,0.094,0.219
20.6207,84.6028,Odisha,BOUDH,0.615,0.115,0.27
20.6808,84.4287,Odisha,BOUDH,0.615,0.115,0.27
20.6442,84.1064,Odisha,BOUDH,0.615,0.115,0.27
20.5965,83.8122,Odisha,BOUDH,0.615,0.115,0.27
20.5198,84.5392,Odisha,BOUDH,0.615,0.115,0.27
20.3695,85.2593,Odisha,CUTTACK,0.322,0.081,0.597
20.5479,86.148,Odisha,CUTTACK,0.322,0.081,0.597
20.4754,85.3794,Odisha,CUTTACK,0.322,0.081,0.597
20.4384,85.8885,Odisha,CUTTACK,0.322,0.081,0.597
20.5779,85.8079,Odisha,CUTTACK,0.322,0.081,0.597
21.4992,84.6525,Odisha,DEOGARH,0.64,0.112,0.249
21.4893,85.1397,Odisha,DEOGARH,0.64,0.112,0.249
21.5325,84.7451,Odisha,DEOGARH,0.64,0.112,0.249
21.5909,84.8434,Odisha,DEOGARH,0.64,0.112,0.249
21.5698,84.8169,Odisha,DEOGARH,0.64,0.112,0.249
21.0467,85.6197,Odisha,DHENKANAL,0.576,0.158,0.266
21.0818,85.6744,Odisha,DHENKANAL,0.576,0.158,0.266
21.0848,85.455,Odisha,DHENKANAL,0.576,0.158,0.266
20.8008,85.3107,Odisha,DHENKANAL,0.576,0.158,0.266
21.1439,85.4307,Odisha,DHENKANAL,0.576,0.158,0.266
19.2679,84.2509,Odisha,GAJAPATI,0.692,0.16,0.148
19.4421,84.3073,Odisha,GAJAPATI,0.692,0.16,0.148
18.8584,84.072,Odisha,GAJAPATI,0.692,0.16,0.148
19.2269,84.0881,Odisha,GAJAPATI,0.692,0.16,0.148
19.5172,84.0359,Odisha,GAJAPATI,0.692,0.16,0.148
19.6888,84.4154,Odisha,GANJAM,0.68,0.142,0.178
19.6436,85.1038,Odisha,GANJAM,0.68,0.142,0.178
19.4299,84.4879,Odisha,GANJAM,0.68,0.142,0.178
19.5267,85.0466,Odisha,GANJAM,0.68,0.142,0.178
20.1516,84.7257,Odisha,GANJAM,0.68,0.142,0.178
20.1211,86.4171,Odisha,JAGATSINGHAPUR,0.193,0.059,0.748
20.1042,86.4198,Odisha,JAGATSINGHAPUR,0.193,0.059,0.748
20.0341,86.3623,Odisha,JAGATSINGHAPUR,0.193,0.059,0.748
20.2917,86.1437,Odisha,JAGATSINGHAPUR,0.193,0.059,0.748
20.0358,86.3425,Odisha,JAGATSINGHAPUR,0.193,0.059,0.748
20.8282,86.0585,Odisha,JAJAPUR,0.413,0.06,0.527
20.7369,86.2491,Odisha,JAJAPUR,0.413,0.06,0.527
21.0048,85.8674,Odisha,JAJAPUR,0.413,0.06,0.527
20.8364,86.507,Odisha,JAJAPUR,0.413,0.06,0.527
20.9346,85.8962,Odisha,JAJAPUR,0.413,0.06,0.527
21.8179,83.9924,Odisha,JHARSUGUDA,0.666,0.096,0.239
21.7627,83.701,Odisha,JHARSUGUDA,0.666,0.096,0.239
21.8437,84.0117,Odisha,JHARSUGUDA,0.666,0.096,0.239
21.8927,84.0928,Odisha,JHARSUGUDA,0.666,0.096,0.239
21.8135,83.7719,Odisha,JHARSUGUDA,0.666,0.096,0.239
20.0876,83.52,Odisha,KALAHANDI,0.645,0.121,0.235
19.8777,83.1836,Odisha,KALAHANDI,0.645,0.121,0.235
20.0245,82.8926,Odisha,KALAHANDI,0.645,0.121,0.235
19.5923,83.0452,Odisha,KALAHANDI,0.645,0.121,0.235
19.8121,83.3245,Odisha,KALAHANDI,0.645,0.121,0.235
19.6714,84.0165,Odisha,KANDHAMAL,0.77,0.018,0.212
19.7736,84.1092,Odisha,KANDHAMAL,0.77,0.018,0.212
19.8504,84.3737,Odisha,KANDHAMAL,0.77,0.018,0.212
20.4826,84.2732,Odisha,KANDHAMAL,0.77,0.018,0.212
20.4758,84.1093,Odisha,KANDHAMAL,0.77,0.018,0.212
20.3588,86.4574,Odisha,KENDRAPARA,0.39,0.104,0.505
20.7133,86.6414,Odisha,KENDRAPARA,0.39,0.104,0.505
20.3966,86.2713,Odisha,KENDRAPARA,0.39,0.104,0.505
20.5986,86.7188,Odisha,KENDRAPARA,0.39,0.104,0.505
20.449,86.3388,Odisha,KENDRAPARA,0.39,0.104,0.505
21.1753,85.5931,Odisha,KENDUJHAR,0.652,0.19,0.158
21.6841,85.8836,Odisha,KENDUJHAR,0.652,0.19,0.158
21.6736,85.4621,Odisha,KENDUJHAR,0.652,0.19,0.158
21.1828,85.6611,Odisha,KENDUJHAR,0.652,0.19,0.158
22.1086,85.3246,Odisha,KENDUJHAR,0.652,0.19,0.158
18.5996,82.6228,Odisha,KORAPUT,0.679,0.129,0.192
18.8737,82.9135,Odisha,KORAPUT,0.679,0.129,0.192
19.0712,82.8218,Odisha,KORAPUT,0.679,0.129,0.192
18.7451,83.0118,Odisha,KORAPUT,0.679,0.129,0.192
18.8653,82.7849,Odisha,KORAPUT,0.679,0.129,0.192
19.894,85.1387,Odisha,KHORDHA,0.64,0.016,0.343
19.9487,85.5607,Odisha,KHORDHA,0.64,0.016,0.343
20.1967,85.9598,Odisha,KHORDHA,0.64,0.016,0.343
19.7225,85.204,Odisha,KHORDHA,0.64,0.016,0.343
19.8832,85.5488,Odisha,KHORDHA,0.64,0.016,0.343
18.1203,81.8703,Odisha,MALKANGIRI,0.635,0.115,0.25
17.9142,81.7198,Odisha,MALKANGIRI,0.635,0.115,0.25
17.9939,81.5674,Odisha,MALKANGIRI,0.635,0.115,0.25
18.4608,81.9514,Odisha,MALKANGIRI,0.635,0.115,0.25
18.4613,82.0888,Odisha,MALKANGIRI,0.635,0.115,0.25
21.981,86.925,Odisha,MAYURBHANJ,0.648,0.158,0.194
21.8996,86.8584,Odisha,MAYURBHANJ,0.648,0.158,0.194
22.0497,86.695,Odisha,MAYURBHANJ,0.648,0.158,0.194
21.9578,86.3449,Odisha,MAYURBHANJ,0.648,0.158,0.194
21.874,86.8736,Odisha,MAYURBHANJ,0.648,0.158,0.194
19.7395,82.459,Odisha,NABARANGPUR,0.654,0.127,0.219
19.7,82.1519,Odisha,NABARANGPUR,0.654,0.127,0.219
19.9211,82.188,Odisha,NABARANGPUR,0.654,0.127,0.219
19.8252,82.1115,Odisha,NABARANGPUR,0.654,0.127,0.219
20.032,81.9303,Odisha,NABARANGPUR,0.654,0.127,0.219
20.0777,85.0654,Odisha,NAYAGARH,0.638,0.131,0.231
20.3764,85.1403,Odisha,NAYAGARH,0.638,0.131,0.231
20.217,84.5649,Odisha,NAYAGARH,0.638,0.131,0.231
20.2513,85.122,Odisha,NAYAGARH,0.638,0.131,0.231
20.0279,85.0702,Odisha,NAYAGARH,0.638,0.131,0.231
20.525,82.5733,Odisha,NUAPADA,0.684,0.097,0.219
20.3931,82.4916,Odisha,NUAPADA,0.684,0.097,0.219
20.7544,82.6428,Odisha,NUAPADA,0.684,0.097,0.219
20.3792,82.5987,Odisha,NUAPADA,0.684,0.097,0.219
20.2638,82.679,Odisha,NUAPADA,0.684,0.097,0.219
20.0332,85.7757,Odisha,PURI,0.308,0.062,0.63
20.056,86.0256,Odisha,PURI,0.308,0.062,0.63
20.0267,85.9462,Odisha,PURI,0.308,0.062,0.63
19.9433,85.9482,Odisha,PURI,0.308,0.062,0.63
19.8197,85.8555,Odisha,PURI,0.308,0.062,0.63
19.9083,83.5426,Odisha,RAYAGADA,0.834,0.062,0.105
19.1192,83.8374,Odisha,RAYAGADA,0.834,0.062,0.105
19.4863,83.339,Odisha,RAYAGADA,0.834,0.062,0.105
19.5312,83.9121,Odisha,RAYAGADA,0.834,0.062,0.105
19.3969,83.69,Odisha,RAYAGADA,0.834,0.062,0.105
21.7428,84.6244,Odisha,SAMBALPUR,0.584,0.083,0.332
22.0252,84.4225,Odisha,SAMBALPUR,0.584,0.083,0.332
22.1569,84.413,Odisha,SAMBALPUR,0.584,0.083,0.332
21.3526,84.369,Odisha,SAMBALPUR,0.584,0.083,0.332
21.2935,84.3429,Odisha,SAMBALPUR,0.584,0.083,0.332
20.672,83.6989,Odisha,SONEPUR,0.492,0.111,0.398
20.9113,84.212,Odisha,SONEPUR,0.492,0.111,0.398
21.1726,83.9003,Odisha,SONEPUR,0.492,0.111,0.398
21.1036,83.7791,Odisha,SONEPUR,0.492,0.111,0.398
20.9624,84.0193,Odisha,SONEPUR,0.492,0.111,0.398
21.8652,85.2157,Odisha,SUNDARGARH,0.661,0.109,0.23
21.7335,84.7582,Odisha,SUNDARGARH,0.661,0.109,0.23
22.4117,84.0234,Odisha,SUNDARGARH,0.661,0.109,0.23
22.1685,84.9848,Odisha,SUNDARGARH,0.661,0.109,0.23
21.8183,84.9232,Odisha,SUNDARGARH,0.661,0.109,0.23
10.9219,79.8194,Puducherry,KARAIKAL,0.094,0.675,0.231
10.9345,79.7753,Puducherry,KARAIKAL,0.094,0.675,0.231
10.9341,79.8179,Puducherry,KARAIKAL,0.094,0.675,0.231
10.9578,79.7766,Puducherry,KARAIKAL,0.094,0.675,0.231
10.8961,79.8201,Puducherry,KARAIKAL,0.094,0.675,0.231
11.9482,79.7049,Puducherry,PONDICHERRY,0.307,0.361,0.331
11.9283,79.75,Puducherry,PONDICHERRY,0.307,0.361,0.331
11.8618,79.7261,Puducherry,PONDICHERRY,0.307,0.361,0.331
11.8949,79.6866,Puducherry,PONDICHERRY,0.307,0.361,0.331
11.8614,79.7779,Puducherry,PONDICHERRY,0.307,0.361,0.331
16.7111,82.2141,Puducherry,YANAM,0.602,0.334,0.064
16.6922,82.2665,Puducherry,YANAM,0.602,0.334,0.064
16.6956,82.265,Puducherry,YANAM,0.602,0.334,0.064
16.7378,82.2082,Puducherry,YANAM,0.602,0.334,0.064
16.7376,82.293,Puducherry,YANAM,0.602,0.334,0.064
31.4895,74.9064,Punjab,AMRITSAR,0.491,0.509,0.0
31.3058,75.0321,Punjab,AMRITSAR,0.491,0.509,0.0
31.5437,74.7537,Punjab,AMRITSAR,0.491,0.509,0.0
31.2967,74.7364,Punjab,AMRITSAR,0.491,0.509,0.0
31.6714,74.6516,Punjab,AMRITSAR,0.491,0.509,0.0
30.1059,74.7823,Punjab,BATHINDA,0.503,0.497,0.0
30.0129,74.7764,Punjab,BATHINDA,0.503,0.497,0.0
30.2352,75.1833,Punjab,BATHINDA,0.503,0.497,0.0
30.3179,75.2373,Punjab,BATHINDA,0.503,0.497,0.0
30.1316,74.8134,Punjab,BATHINDA,0.503,0.497,0.0
30.3948,74.9954,Punjab,FARIDKOT,0.501,0.499,0.0
30.5096,74.8077,Punjab,FARIDKOT,0.501,0.499,0.0
30.5568,74.734,Punjab,FARIDKOT,0.501,0.499,0.0
30.6917,74.4718,Punjab,FARIDKOT,0.501,0.499,0.0
30.8236,74.6195,Punjab,FARIDKOT,0.501,0.499,0.0
30.608,76.297,Punjab,FATEHGARH SAHIB,0.505,0.495,0.0
30.5312,76.4385,Punjab,FATEHGARH SAHIB,0.505,0.495,0.0
30.6093,76.4092,Punjab,FATEHGARH SAHIB,0.505,0.495,0.0
30.6551,76.4427,Punjab,FATEHGARH SAHIB,0.505,0.495,0.0
30.5554,76.3577,Punjab,FATEHGARH SAHIB,0.505,0.495,0.0
30.7154,74.2448,Punjab,FIROZEPUR,0.5,0.5,0.0
30.122,74.2506,Punjab,FIROZEPUR,0.5,0.5,0.0
30.0796,74.0747,Punjab,FIROZEPUR,0.5,0.5,0.0
30.026,73.9025,Punjab,FIROZEPUR,0.5,0.5,0.0
30.2574,74.1552,Punjab,FIROZEPUR,0.5,0.5,0.0
32.275,75.428,Punjab,GURDASPUR,0.485,0.515,0.0
31.8562,75.2244,Punjab,GURDASPUR,0.485,0.515,0.0
31.8357,75.4238,Punjab,GURDASPUR,0.485,0.515,0.0
32.0511,75.2907,Punjab,GURDASPUR,0.485,0.515,0.0
32.1516,75.5055,Punjab,GURDASPUR,0.485,0.515,0.0
31.5525,75.9366,Punjab,HOSHIARPUR,0.471,0.529,0.0
31.765,75.5667,Punjab,HOSHIARPUR,0.471,0.529,0.0
31.3817,75.8869,Punjab,HOSHIARPUR,0.471,0.529,0.0
31.5375,75.8787,Punjab,HOSHIARPUR,0.471,0.529,0.0
31.8797,75.5936,Punjab,HOSHIARPUR,0.471,0.529,0.0
31.1504,75.2298,Punjab,JALANDHAR,0.51,0.49,0.0
31.0642,75.3264,Punjab,JALANDHAR,0.51,0.49,0.0
31.1778,75.3405,Punjab,JALANDHAR,0.51,0.49,0.0
31.1293,75.8242,Punjab,JALANDHAR,0.51,0.49,0.0
31.3065,75.6558,Punjab,JALANDHAR,0.51,0.49,0.0
31.353,75.3361,Punjab,KAPURTHALA,0.524,0.476,0.0
31.3672,75.8263,Punjab,KAPURTHALA,0.524,0.476,0.0
31.2335,75.712,Punjab,KAPURTHALA,0.524,0.476,0.0
31.6044,75.4241,Punjab,KAPURTHALA,0.524,0.476,0.0
31.6106,75.4587,Punjab,KAPURTHALA,0.524,0.476,0.0
30.6056,75.503,Punjab,LUDHIANA,0.507,0.493,0.0
30.7658,75.7765,Punjab,LUDHIANA,0.507,0.493,0.0
30.7114,75.5537,Punjab,LUDHIANA,0.507,0.493,0.0
30.9307,76.0049,Punjab,LUDHIANA,0.507,0.493,0.0
30.9824,76.1251,Punjab,LUDHIANA,0.507,0.493,0.0
30.0791,75.615,Punjab,MANSA,0.498,0.502,0.0
29.9481,75.4559,Punjab,MANSA,0.498,0.502,0.0
29.6564,75.2911,Punjab,MANSA,0.498,0.502,0.0
30.0728,75.2658,Punjab,MANSA,0.498,0.502,0.0
29.9537,75.2729,Punjab,MANSA,0.498,0.502,0.0
30.7749,75.3607,Punjab,MOGA,0.508,0.492,0.0
30.5565,75.2558,Punjab,MOGA,0.508,0.492,0.0
30.7526,75.1573,Punjab,MOGA,0.508,0.492,0.0
30.5788,75.2629,Punjab,MOGA,0.508,0.492,0.0
30.8075,75.1083,Punjab,MOGA,0.508,0.492,0.0
30.0402,74.6696,Punjab,MUKTSAR,0.501,0.499,0.0
30.3595,74.3998,Punjab,MUKTSAR,0.501,0.499,0.0
29.9922,74.5588,Punjab,MUKTSAR,0.501,0.499,0.0
30.0615,74.6873,Punjab,MUKTSAR,0.501,0.499,0.0
30.0964,74.6671,Punjab,MUKTSAR,0.501,0.499,0.0
31.1728,75.8596,Punjab,NAWANSHAHR,0.472,0.528,0.0
31.243,76.012,Punjab,NAWANSHAHR,0.472,0.528,0.0
30.9824,76.3455,Punjab,NAWANSHAHR,0.472,0.528,0.0
31.0074,76.2248,Punjab,NAWANSHAHR,0.472,0.528,0.0
31.166,76.0871,Punjab,NAWANSHAHR,0.472,0.528,0.0
30.7244,76.5874,Punjab,RUPNAGAR,0.473,0.527,0.0
30.9263,76.4528,Punjab,RUPNAGAR,0.473,0.527,0.0
30.7431,76.5538,Punjab,RUPNAGAR,0.473,0.527,0.0
31.1945,76.5414,Punjab,RUPNAGAR,0.473,0.527,0.0
31.3132,76.4407,Punjab,RUPNAGAR,0.473,0.527,0.0
30.434,76.622,Punjab,PATIALA,0.499,0.501,0.0
30.3126,76.4579,Punjab,PATIALA,0.499,0.501,0.0
30.2659,76.2591,Punjab,PATIALA,0.499,0.501,0.0
30.4547,76.7431,Punjab,PATIALA,0.499,0.501,0.0
30.3907,76.6069,Punjab,PATIALA,0.499,0.501,0.0
26.5006,74.73,Rajasthan,AJMER,0.656,0.344,0.0
25.7888,75.2511,Rajasthan,AJMER,0.656,0.344,0.0
26.0876,75.0344,Rajasthan,AJMER,0.656,0.344,0.0
25.7398,75.2309,Rajasthan,AJMER,0.656,0.344,0.0
26.4434,74.6597,Rajasthan,AJMER,0.656,0.344,0.0
30.1309,75.8628,Punjab,SANGRUR,0.498,0.502,0.0
30.1036,75.9892,Punjab,SANGRUR,0.498,0.502,0.0
30.4051,75.3104,Punjab,SANGRUR,0.498,0.502,0.0
30.252,75.7232,Punjab,SANGRUR,0.498,0.502,0.0
30.607,75.8469,Punjab,SANGRUR,0.498,0.502,0.0
27.38,76.798,Rajasthan,ALWAR,0.434,0.566,0.0
27.7371,76.4077,Rajasthan,ALWAR,0.434,0.566,0.0
27.5143,76.6685,Rajasthan,ALWAR,0.434,0.566,0.0
27.5551,76.867,Rajasthan,ALWAR,0.434,0.566,0.0
28.0919,76.7333,Rajasthan,ALWAR,0.434,0.566,0.0
23.6853,74.3895,Rajasthan,BANSWARA,0.69,0.31,0.0
23.4824,74.5111,Rajasthan,BANSWARA,0.69,0.31,0.0
23.3899,74.1165,Rajasthan,BANSWARA,0.69,0.31,0.0
23.4888,74.2958,Rajasthan,BANSWARA,0.69,0.31,0.0
23.2375,74.636,Rajasthan,BANSWARA,0.69,0.31,0.0
24.8863,76.5901,Rajasthan,BARAN,0.543,0.457,0.0
24.5035,76.6363,Rajasthan,BARAN,0.543,0.457,0.0
24.7717,76.5671,Rajasthan,BARAN,0.543,0.457,0.0
25.0728,77.1097,Rajasthan,BARAN,0.543,0.457,0.0
24.7492,76.8217,Rajasthan,BARAN,0.543,0.457,0.0
26.1431,71.9154,Rajasthan,BARMER,0.974,0.026,0.0
25.8304,71.5939,Rajasthan,BARMER,0.974,0.026,0.0
25.7633,71.429,Rajasthan,BARMER,0.974,0.026,0.0
25.7904,70.6076,Rajasthan,BARMER,0.974,0.026,0.0
25.4942,72.2785,Rajasthan,BARMER,0.974,0.026,0.0
25.6304,74.5296,Rajasthan,BHILWARA,0.634,0.366,0.0
25.1506,74.3235,Rajasthan,BHILWARA,0.634,0.366,0.0
25.4799,74.8488,Rajasthan,BHILWARA,0.634,0.366,0.0
25.6032,74.7973,Rajasthan,BHILWARA,0.634,0.366,0.0
25.4493,75.2947,Rajasthan,BHILWARA,0.634,0.366,0.0
27.474,77.3504,Rajasthan,BHARATPUR,0.332,0.668,0.0
26.8077,77.4069,Rajasthan,BHARATPUR,0.332,0.668,0.0
27.4655,77.2083,Rajasthan,BHARATPUR,0.332,0.668,0.0
27.3959,77.2882,Rajasthan,BHARATPUR,0.332,0.668,0.0
27.5878,77.2732,Rajasthan,BHARATPUR,0.332,0.668,0.0
25.5814,75.4393,Rajasthan,BUNDI,0.507,0.493,0.0
25.5456,75.4556,Rajasthan,BUNDI,0.507,0.493,0.0
25.8575,76.0533,Rajasthan,BUNDI,0.507,0.493,0.0
25.454,76.1728,Rajasthan,BUNDI,0.507,0.493,0.0
25.3835,76.0994,Rajasthan,BUNDI,0.507,0.493,0.0
28.2321,73.1617,Rajasthan,BIKANER,0.598,0.402,0.0
27.7281,72.6271,Rajasthan,BIKANER,0.598,0.402,0.0
28.0541,73.4047,Rajasthan,BIKANER,0.598,0.402,0.0
27.6954,73.5087,Rajasthan,BIKANER,0.598,0.402,0.0
28.3429,73.1116,Rajasthan,BIKANER,0.598,0.402,0.0
28.6992,75.1017,Rajasthan,CHURU,0.747,0.253,0.0
27.873,74.3801,Rajasthan,CHURU,0.747,0.253,0.0
27.8093,74.7081,Rajasthan,CHURU,0.747,0.253,0.0
28.775,75.3227,Rajasthan,CHURU,0.747,0.253,0.0
28.1318,74.1251,Rajasthan,CHURU,0.747,0.253,0.0
24.6524,74.4976,Rajasthan,CHITTORGARH,0.562,0.438,0.0
25.0726,74.6944,Rajasthan,CHITTORGARH,0.562,0.438,0.0
24.8656,75.4412,Rajasthan,CHITTORGARH,0.562,0.438,0.0
25.091,74.8393,Rajasthan,CHITTORGARH,0.562,0.438,0.0
24.9247,75.1097,Rajasthan,CHITTORGARH,0.562,0.438,0.0
26.413,76.3837,Rajasthan,DAUSA,0.545,0.455,0.0
27.0114,76.9653,Rajasthan,DAUSA,0.545,0.455,0.0
26.7429,76.4305,Rajasthan,DAUSA,0.545,0.455,0.0
26.9635,76.5863,Rajasthan,DAUSA,0.545,0.455,0.0
27.0084,76.5637,Rajasthan,DAUSA,0.545,0.455,0.0
26.6643,77.8082,Rajasthan,DHOLPUR,0.422,0.578,0.0
26.6105,77.5795,Rajasthan,DHOLPUR,0.422,0.578,0.0
26.7022,77.9319,Rajasthan,DHOLPUR,0.422,0.578,0.0
26.8454,77.7007,Rajasthan,DHOLPUR,0.422,0.578,0.0
26.738,78.0316,Rajasthan,DHOLPUR,0.422,0.578,0.0
23.6847,73.856,Rajasthan,DUNGARPUR,0.669,0.331,0.0
23.7913,73.5536,Rajasthan,DUNGARPUR,0.669,0.331,0.0
23.5837,73.8531,Rajasthan,DUNGARPUR,0.669,0.331,0.0
23.8589,73.8089,Rajasthan,DUNGARPUR,0.669,0.331,0.0
23.7138,73.5384,Rajasthan,DUNGARPUR,0.669,0.331,0.0
29.8131,73.5651,Rajasthan,GANGANAGAR,0.272,0.728,0.0
29.1071,73.8913,Rajasthan,GANGANAGAR,0.272,0.728,0.0
29.8636,73.7826,Rajasthan,GANGANAGAR,0.272,0.728,0.0
29.026,73.4092,Rajasthan,GANGANAGAR,0.272,0.728,0.0
28.9473,73.0785,Rajasthan,GANGANAGAR,0.272,0.728,0.0
29.0951,74.8257,Rajasthan,HANUMANGARH,0.407,0.593,0.0
28.9558,74.3559,Rajasthan,HANUMANGARH,0.407,0.593,0.0
29.0282,74.5181,Rajasthan,HANUMANGARH,0.407,0.593,0.0
29.7149,74.5362,Rajasthan,HANUMANGARH,0.407,0.593,0.0
29.4396,74.4707,Rajasthan,HANUMANGARH,0.407,0.593,0.0
27.3673,75.981,Rajasthan,JAIPUR,0.595,0.405,0.0
26.6663,75.9782,Rajasthan,JAIPUR,0.595,0.405,0.0
26.6146,75.776,Rajasthan,JAIPUR,0.595,0.405,0.0
26.9704,75.5475,Rajasthan,JAIPUR,0.595,0.405,0.0
26.8617,75.9622,Rajasthan,JAIPUR,0.595,0.405,0.0
27.5624,71.5797,Rajasthan,JAISALMER,0.493,0.507,0.0
26.8197,70.6316,Rajasthan,JAISALMER,0.493,0.507,0.0
27.9834,70.3737,Rajasthan,JAISALMER,0.493,0.507,0.0
26.7046,71.4914,Rajasthan,JAISALMER,0.493,0.507,0.0
27.3986,71.5828,Rajasthan,JAISALMER,0.493,0.507,0.0
25.3159,72.1998,Rajasthan,JALORE,0.794,0.206,0.0
24.855,72.2802,Rajasthan,JALORE,0.794,0.206,0.0
25.0405,71.7644,Rajasthan,JALORE,0.794,0.206,0.0
24.9515,71.8343,Rajasthan,JALORE,0.794,0.206,0.0
25.4171,72.0688,Rajasthan,JALORE,0.794,0.206,0.0
24.265,76.5238,Rajasthan,JHALAWAR,0.658,0.342,0.0
24.2536,75.8778,Rajasthan,JHALAWAR,0.658,0.342,0.0
24.628,76.1719,Rajasthan,JHALAWAR,0.658,0.342,0.0
24.2703,76.8301,Rajasthan,JHALAWAR,0.658,0.342,0.0
24.4966,76.3127,Rajasthan,JHALAWAR,0.658,0.342,0.0
28.0316,75.4649,Rajasthan,JHUNJHUNU,0.551,0.449,0.0
28.1452,75.1235,Rajasthan,JHUNJHUNU,0.551,0.449,0.0
28.1357,75.9912,Rajasthan,JHUNJHUNU,0.551,0.449,0.0
28.0739,75.3236,Rajasthan,JHUNJHUNU,0.551,0.449,0.0
27.865,75.503,Rajasthan,JHUNJHUNU,0.551,0.449,0.0
26.8057,72.4249,Rajasthan,JODHPUR,0.807,0.193,0.0
26.1942,73.3126,Rajasthan,JODHPUR,0.807,0.193,0.0
27.1304,73.0709,Rajasthan,JODHPUR,0.807,0.193,0.0
26.5511,73.6623,Rajasthan,JODHPUR,0.807,0.193,0.0
26.7809,72.3378,Rajasthan,JODHPUR,0.807,0.193,0.0
26.4302,77.2704,Rajasthan,KARAULI,0.469,0.531,0.0
26.3776,76.6861,Rajasthan,KARAULI,0.469,0.531,0.0
26.8794,76.9131,Rajasthan,KARAULI,0.469,0.531,0.0
26.357,76.7308,Rajasthan,KARAULI,0.469,0.531,0.0
26.5919,76.9916,Rajasthan,KARAULI,0.469,0.531,0.0
25.5944,76.4545,Rajasthan,KOTA,0.548,0.452,0.0
25.4023,76.3267,Rajasthan,KOTA,0.548,0.452,0.0
25.0001,75.9367,Rajasthan,KOTA,0.548,0.452,0.0
24.8836,75.7978,Rajasthan,KOTA,0.548,0.452,0.0
25.1531,76.1958,Rajasthan,KOTA,0.548,0.452,0.0
27.3297,73.6443,Rajasthan,NAGAUR,0.865,0.135,0.0
27.5747,74.5772,Rajasthan,NAGAUR,0.865,0.135,0.0
26.953,74.473,Rajasthan,NAGAUR,0.865,0.135,0.0
27.2271,73.6247,Rajasthan,NAGAUR,0.865,0.135,0.0
26.9163,74.0445,Rajasthan,NAGAUR,0.865,0.135,0.0
25.0828,73.3523,Rajasthan,PALI,0.703,0.297,0.0
25.9251,74.0702,Rajasthan,PALI,0.703,0.297,0.0
26.0544,73.44,Rajasthan,PALI,0.703,0.297,0.0
25.4217,73.6277,Rajasthan,PALI,0.703,0.297,0.0
25.8079,73.8677,Rajasthan,PALI,0.703,0.297,0.0
24.765,73.6783,Rajasthan,RAJSAMAND,0.683,0.317,0.0
25.1257,74.082,Rajasthan,RAJSAMAND,0.683,0.317,0.0
25.019,73.7747,Rajasthan,RAJSAMAND,0.683,0.317,0.0
25.0125,73.6858,Rajasthan,RAJSAMAND,0.683,0.317,0.0
25.5859,73.9461,Rajasthan,RAJSAMAND,0.683,0.317,0.0
25.9115,76.6062,Rajasthan,SAWAI MADHOPUR,0.385,0.615,0.0
26.2171,76.1637,Rajasthan,SAWAI MADHOPUR,0.385,0.615,0.0
26.0738,76.6192,Rajasthan,SAWAI MADHOPUR,0.385,0.615,0.0
26.3918,76.4197,Rajasthan,SAWAI MADHOPUR,0.385,0.615,0.0
26.162,76.5732,Rajasthan,SAWAI MADHOPUR,0.385,0.615,0.0
27.3549,74.9234,Rajasthan,SIKAR,0.64,0.36,0.0
27.7872,75.8133,Rajasthan,SIKAR,0.64,0.36,0.0
27.9965,74.9135,Rajasthan,SIKAR,0.64,0.36,0.0
27.7174,75.1455,Rajasthan,SIKAR,0.64,0.36,0.0
28.1831,74.9781,Rajasthan,SIKAR,0.64,0.36,0.0
24.5805,72.9763,Rajasthan,SIROHI,0.761,0.239,0.0
25.0048,72.9599,Rajasthan,SIROHI,0.761,0.239,0.0
25.0496,73.1209,Rajasthan,SIROHI,0.761,0.239,0.0
24.9319,72.8538,Rajasthan,SIROHI,0.761,0.239,0.0
24.9265,72.9848,Rajasthan,SIROHI,0.761,0.239,0.0
25.9642,76.1059,Rajasthan,TONK,0.436,0.564,0.0
26.2936,75.1328,Rajasthan,TONK,0.436,0.564,0.0
25.948,75.9418,Rajasthan,TONK,0.436,0.564,0.0
25.9259,75.3139,Rajasthan,TONK,0.436,0.564,0.0
26.3614,75.882,Rajasthan,TONK,0.436,0.564,0.0
24.0629,73.8105,Rajasthan,UDAIPUR,0.725,0.275,0.0
24.6411,74.0751,Rajasthan,UDAIPUR,0.725,0.275,0.0
24.8196,73.3517,Rajasthan,UDAIPUR,0.725,0.275,0.0
24.1934,74.1343,Rajasthan,UDAIPUR,0.725,0.275,0.0
24.6109,73.433,Rajasthan,UDAIPUR,0.725,0.275,0.0
27.2885,88.4721,Sikkim,EAST DISTRICT,0.865,0.135,0.0
27.2214,88.6141,Sikkim,EAST DISTRICT,0.865,0.135,0.0
27.3648,88.8408,Sikkim,EAST DISTRICT,0.865,0.135,0.0
27.3947,88.6948,Sikkim,EAST DISTRICT,0.865,0.135,0.0
27.1827,88.6547,Sikkim,EAST DISTRICT,0.865,0.135,0.0
27.9696,88.5158,Sikkim,NORTH DISTRICT,0.85,0.15,0.0
27.9039,88.5613,Sikkim,NORTH DISTRICT,0.85,0.15,0.0
27.865,88.6732,Sikkim,NORTH DISTRICT,0.85,0.15,0.0
27.4755,88.7297,Sikkim,NORTH DISTRICT,0.85,0.15,0.0
27.8928,88.4583,Sikkim,NORTH DISTRICT,0.85,0.15,0.0
27.2099,88.4162,Sikkim,SOUTH DISTRICT,0.918,0.082,0.0
27.1833,88.4375,Sikkim,SOUTH DISTRICT,0.918,0.082,0.0
27.2573,88.3339,Sikkim,SOUTH DISTRICT,0.918,0.082,0.0
27.2212,88.4302,Sikkim,SOUTH DISTRICT,0.918,0.082,0.0
27.2215,88.3418,Sikkim,SOUTH DISTRICT,0.918,0.082,0.0
27.3529,88.2216,Sikkim,WEST DISTRICT,0.927,0.073,0.0
27.3642,88.1165,Sikkim,WEST DISTRICT,0.927,0.073,0.0
27.3958,88.1092,Sikkim,WEST DISTRICT,0.927,0.073,0.0
27.584,88.1239,Sikkim,WEST DISTRICT,0.927,0.073,0.0
27.1719,88.2166,Sikkim,WEST DISTRICT,0.927,0.073,0.0
11.3099,79.1909,Tamil Nadu,ARIYALUR,0.957,0.043,0.0
11.1976,79.2099,Tamil Nadu,ARIYALUR,0.957,0.043,0.0
11.1275,79.1396,Tamil Nadu,ARIYALUR,0.957,0.043,0.0
11.2678,79.2499,Tamil Nadu,ARIYALUR,0.957,0.043,0.0
11.0416,79.2184,Tamil Nadu,ARIYALUR,0.957,0.043,0.0
10.4308,77.2765,Tamil Nadu,COIMBATORE,0.911,0.089,0.0
10.6172,77.2273,Tamil Nadu,COIMBATORE,0.911,0.089,0.0
11.1762,77.2307,Tamil Nadu,COIMBATORE,0.911,0.089,0.0
10.3814,76.9743,Tamil Nadu,COIMBATORE,0.911,0.089,0.0
11.1072,77.2777,Tamil Nadu,COIMBATORE,0.911,0.089,0.0
11.5448,79.653,Tamil Nadu,CUDDALORE,0.884,0.116,0.0
11.329,79.5959,Tamil Nadu,CUDDALORE,0.884,0.116,0.0
11.5839,79.1102,Tamil Nadu,CUDDALORE,0.884,0.116,0.0
11.4753,78.9541,Tamil Nadu,CUDDALORE,0.884,0.116,0.0
11.5962,79.0891,Tamil Nadu,CUDDALORE,0.884,0.116,0.0
11.9826,77.6981,Tamil Nadu,DHARMAPURI,0.902,0.098,0.0
12.4697,77.9637,Tamil Nadu,DHARMAPURI,0.902,0.098,0.0
12.2685,78.2049,Tamil Nadu,DHARMAPURI,0.902,0.098,0.0
12.1446,78.3598,Tamil Nadu,DHARMAPURI,0.902,0.098,0.0
12.4503,77.6407,Tamil Nadu,DHARMAPURI,0.902,0.098,0.0
10.0743,78.1831,Tamil Nadu,DINDIGUL,0.7,0.3,0.0
10.3996,77.3359,Tamil Nadu,DINDIGUL,0.7,0.3,0.0
10.2089,77.4414,Tamil Nadu,DINDIGUL,0.7,0.3,0.0
10.5262,77.5187,Tamil Nadu,DINDIGUL,0.7,0.3,0.0
10.4559,78.0767,Tamil Nadu,DINDIGUL,0.7,0.3,0.0
10.7463,77.3659,Tamil Nadu,ERODE,0.966,0.034,0.0
11.5129,77.152,Tamil Nadu,ERODE,0.966,0.034,0.0
10.8512,77.7749,Tamil Nadu,ERODE,0.966,0.034,0.0
11.3183,77.2604,Tamil Nadu,ERODE,0.966,0.034,0.0
11.3171,77.3754,Tamil Nadu,ERODE,0.966,0.034,0.0
12.418,79.9207,Tamil Nadu,KANCHIPURAM,0.953,0.047,0.0
12.6624,79.8712,Tamil Nadu,KANCHIPURAM,0.953,0.047,0.0
12.8541,79.9233,Tamil Nadu,KANCHIPURAM,0.953,0.047,0.0
12.4103,80.0041,Tamil Nadu,KANCHIPURAM,0.953,0.047,0.0
12.4562,79.7378,Tamil Nadu,KANCHIPURAM,0.953,0.047,0.0
8.4213,77.3018,Tamil Nadu,KANNIYAKUMARI,0.966,0.033,0.001
8.4898,77.2128,Tamil Nadu,KANNIYAKUMARI,0.966,0.033,0.001
8.3473,77.306,Tamil Nadu,KANNIYAKUMARI,0.966,0.033,0.001
8.3764,77.1922,Tamil Nadu,KANNIYAKUMARI,0.966,0.033,0.001
8.2895,77.5012,Tamil Nadu,KANNIYAKUMARI,0.966,0.033,0.001
10.7051,77.9191,Tamil Nadu,KARUR,0.898,0.1,0.002
11.0663,78.0073,Tamil Nadu,KARUR,0.898,0.1,0.002
10.8515,77.8503,Tamil Nadu,KARUR,0.898,0.1,0.002
10.5669,78.1617,Tamil Nadu,KARUR,0.898,0.1,0.002
10.7986,78.4544,Tamil Nadu,KARUR,0.898,0.1,0.002
9.8776,77.7073,Tamil Nadu,MADURAI,0.924,0.076,0.0
9.9784,78.1361,Tamil Nadu,MADURAI,0.924,0.076,0.0
10.0109,78.1916,Tamil Nadu,MADURAI,0.924,0.076,0.0
9.9736,77.9577,Tamil Nadu,MADURAI,0.924,0.076,0.0
9.9519,77.9127,Tamil Nadu,MADURAI,0.924,0.076,0.0
10.3619,79.8726,Tamil Nadu,NAGAPATTINAM,0.75,0.25,0.0
10.6293,79.7276,Tamil Nadu,NAGAPATTINAM,0.75,0.25,0.0
10.8955,79.7021,Tamil Nadu,NAGAPATTINAM,0.75,0.25,0.0
10.7216,79.8184,Tamil Nadu,NAGAPATTINAM,0.75,0.25,0.0
11.0391,79.5502,Tamil Nadu,NAGAPATTINAM,0.75,0.25,0.0
11.3432,77.8147,Tamil Nadu,NAMAKKAL,0.87,0.13,0.0
11.1724,77.8591,Tamil Nadu,NAMAKKAL,0.87,0.13,0.0
11.0869,77.9271,Tamil Nadu,NAMAKKAL,0.87,0.13,0.0
11.3518,78.1531,Tamil Nadu,NAMAKKAL,0.87,0.13,0.0
11.1211,77.9566,Tamil Nadu,NAMAKKAL,0.87,0.13,0.0
11.4785,76.82,Tamil Nadu,THE NILGIRIS,0.952,0.047,0.001
11.49,76.9149,Tamil Nadu,THE NILGIRIS,0.952,0.047,0.001
11.3097,76.6661,Tamil Nadu,THE NILGIRIS,0.952,0.047,0.001
11.3766,76.5151,Tamil Nadu,THE NILGIRIS,0.952,0.047,0.001
11.4981,76.3504,Tamil Nadu,THE NILGIRIS,0.952,0.047,0.001
11.0694,78.7007,Tamil Nadu,PERAMBALUR,0.948,0.052,0.0
11.3753,79.1125,Tamil Nadu,PERAMBALUR,0.948,0.052,0.0
11.403,78.8938,Tamil Nadu,PERAMBALUR,0.948,0.052,0.0
11.3926,78.7383,Tamil Nadu,PERAMBALUR,0.948,0.052,0.0
11.1538,78.7441,Tamil Nadu,PERAMBALUR,0.948,0.052,0.0
10.1999,79.1074,Tamil Nadu,PUDUKKOTTAI,0.944,0.055,0.001
10.5079,78.5952,Tamil Nadu,PUDUKKOTTAI,0.944,0.055,0.001
10.5378,78.8942,Tamil Nadu,PUDUKKOTTAI,0.944,0.055,0.001
10.2552,78.8709,Tamil Nadu,PUDUKKOTTAI,0.944,0.055,0.001
10.2445,78.4695,Tamil Nadu,PUDUKKOTTAI,0.944,0.055,0.001
9.2676,79.1095,Tamil Nadu,RAMANATHAPURAM,0.837,0.163,0.0
9.4635,78.7459,Tamil Nadu,RAMANATHAPURAM,0.837,0.163,0.0
9.9114,78.9452,Tamil Nadu,RAMANATHAPURAM,0.837,0.163,0.0
9.2677,78.8738,Tamil Nadu,RAMANATHAPURAM,0.837,0.163,0.0
9.5615,78.7751,Tamil Nadu,RAMANATHAPURAM,0.837,0.163,0.0
11.8054,78.087,Tamil Nadu,SALEM,0.903,0.097,0.0
11.7276,78.4974,Tamil Nadu,SALEM,0.903,0.097,0.0
11.6252,77.6931,Tamil Nadu,SALEM,0.903,0.097,0.0
11.7189,78.5718,Tamil Nadu,SALEM,0.903,0.097,0.0
11.9046,78.0712,Tamil Nadu,SALEM,0.903,0.097,0.0
9.7533,78.5568,Tamil Nadu,SIVAGANGA,0.985,0.015,0.0
9.8821,78.7597,Tamil Nadu,SIVAGANGA,0.985,0.015,0.0
9.8955,78.6018,Tamil Nadu,SIVAGANGA,0.985,0.015,0.0
9.8188,78.4331,Tamil Nadu,SIVAGANGA,0.985,0.015,0.0
9.8092,78.454,Tamil Nadu,SIVAGANGA,0.985,0.015,0.0
10.9511,79.4664,Tamil Nadu,THANJAVUR,0.931,0.069,0.0
11.0846,79.4091,Tamil Nadu,THANJAVUR,0.931,0.069,0.0
10.5932,79.2768,Tamil Nadu,THANJAVUR,0.931,0.069,0.0
10.3854,79.3003,Tamil Nadu,THANJAVUR,0.931,0.069,0.0
10.8462,78.9135,Tamil Nadu,THANJAVUR,0.931,0.069,0.0
9.7236,77.5059,Tamil Nadu,THENI,0.889,0.111,0.0
10.0736,77.5577,Tamil Nadu,THENI,0.889,0.111,0.0
10.1837,77.6824,Tamil Nadu,THENI,0.889,0.111,0.0
9.713,77.5346,Tamil Nadu,THENI,0.889,0.111,0.0
9.9617,77.6669,Tamil Nadu,THENI,0.889,0.111,0.0
13.211,80.0397,Tamil Nadu,THIRUVALLUR,0.956,0.044,0.0
13.2415,79.9689,Tamil Nadu,THIRUVALLUR,0.956,0.044,0.0
12.9663,79.8899,Tamil Nadu,THIRUVALLUR,0.956,0.044,0.0
13.2609,79.6549,Tamil Nadu,THIRUVALLUR,0.956,0.044,0.0
13.1859,80.3037,Tamil Nadu,THIRUVALLUR,0.956,0.044,0.0
10.856,79.4212,Tamil Nadu,THIRUVARUR,0.707,0.293,0.0
10.6355,79.3649,Tamil Nadu,THIRUVARUR,0.707,0.293,0.0
10.76,79.5197,Tamil Nadu,THIRUVARUR,0.707,0.293,0.0
10.585,79.4748,Tamil Nadu,THIRUVARUR,0.707,0.293,0.0
10.563,79.6736,Tamil Nadu,THIRUVARUR,0.707,0.293,0.0
10.3896,78.4628,Tamil Nadu,TIRUCHIRAPPALLI,0.935,0.064,0.0
10.7574,78.7132,Tamil Nadu,TIRUCHIRAPPALLI,0.935,0.064,0.0
11.0514,78.2043,Tamil Nadu,TIRUCHIRAPPALLI,0.935,0.064,0.0
10.8263,78.6213,Tamil Nadu,TIRUCHIRAPPALLI,0.935,0.064,0.0
10.6295,78.4236,Tamil Nadu,TIRUCHIRAPPALLI,0.935,0.064,0.0
8.7164,77.8782,Tamil Nadu,TUTICORIN,0.612,0.387,0.001
8.7677,78.0716,Tamil Nadu,TUTICORIN,0.612,0.387,0.001
9.0241,78.0653,Tamil Nadu,TUTICORIN,0.612,0.387,0.001
9.123,78.0788,Tamil Nadu,TUTICORIN,0.612,0.387,0.001
8.9999,77.8534,Tamil Nadu,TUTICORIN,0.612,0.387,0.001
8.9049,77.5728,Tamil Nadu,TIRUNELVELI,0.859,0.141,0.0
8.6174,77.3221,Tamil Nadu,TIRUNELVELI,0.859,0.141,0.0
8.7139,77.7149,Tamil Nadu,TIRUNELVELI,0.859,0.141,0.0
8.3635,77.7058,Tamil Nadu,TIRUNELVELI,0.859,0.141,0.0
9.1784,77.2889,Tamil Nadu,TIRUNELVELI,0.859,0.141,0.0
12.1419,78.7426,Tamil Nadu,TIRUVANNAMALAI,0.902,0.097,0.0
12.6003,79.2151,Tamil Nadu,TIRUVANNAMALAI,0.902,0.097,0.0
12.5035,79.2056,Tamil Nadu,TIRUVANNAMALAI,0.902,0.097,0.0
12.2468,78.6695,Tamil Nadu,TIRUVANNAMALAI,0.902,0.097,0.0
12.3845,79.0042,Tamil Nadu,TIRUVANNAMALAI,0.902,0.097,0.0
12.3726,78.6916,Tamil Nadu,VELLORE,0.918,0.082,0.0
12.8908,78.8961,Tamil Nadu,VELLORE,0.918,0.082,0.0
12.5807,78.7756,Tamil Nadu,VELLORE,0.918,0.082,0.0
12.47,78.578,Tamil Nadu,VELLORE,0.918,0.082,0.0
12.8744,78.858,Tamil Nadu,VELLORE,0.918,0.082,0.0
11.9932,78.8985,Tamil Nadu,VILLUPURAM,0.87,0.13,0.0
12.2445,79.2754,Tamil Nadu,VILLUPURAM,0.87,0.13,0.0
12.1507,79.8122,Tamil Nadu,VILLUPURAM,0.87,0.13,0.0
12.2312,79.4613,Tamil Nadu,VILLUPURAM,0.87,0.13,0.0
11.7131,78.6761,Tamil Nadu,VILLUPURAM,0.87,0.13,0.0
9.5738,77.8703,Tamil Nadu,VIRUDHUNAGAR,0.739,0.261,0.0
9.6416,77.7147,Tamil Nadu,VIRUDHUNAGAR,0.739,0.261,0.0
9.4784,77.4634,Tamil Nadu,VIRUDHUNAGAR,0.739,0.261,0.0
9.3445,78.2263,Tamil Nadu,VIRUDHUNAGAR,0.739,0.261,0.0
9.627,78.3377,Tamil Nadu,VIRUDHUNAGAR,0.739,0.261,0.0
24.0012,91.915,Tripura,DHALAI,0.975,0.025,0.0
23.9602,91.8948,Tripura,DHALAI,0.975,0.025,0.0
24.0849,91.8344,Tripura,DHALAI,0.975,0.025,0.0
23.6529,91.7968,Tripura,DHALAI,0.975,0.025,0.0
23.9961,91.9889,Tripura,DHALAI,0.975,0.025,0.0
23.9838,92.0918,Tripura,NORTH TRIPURA,0.973,0.027,0.0
23.9267,92.1345,Tripura,NORTH TRIPURA,0.973,0.027,0.0
24.1272,92.0014,Tripura,NORTH TRIPURA,0.973,0.027,0.0
23.8425,92.214,Tripura,NORTH TRIPURA,0.973,0.027,0.0
24.3094,91.9926,Tripura,NORTH TRIPURA,0.973,0.027,0.0
23.7226,91.6178,Tripura,SOUTH TRIPURA,0.98,0.02,0.0
23.6117,91.7683,Tripura,SOUTH TRIPURA,0.98,0.02,0.0
23.4538,91.721,Tripura,SOUTH TRIPURA,0.98,0.02,0.0
23.3723,91.4559,Tripura,SOUTH TRIPURA,0.98,0.02,0.0
23.7052,91.5334,Tripura,SOUTH TRIPURA,0.98,0.02,0.0
23.7592,91.5943,Tripura,WEST TRIPURA,0.989,0.011,0.0
23.332,91.3118,Tripura,WEST TRIPURA,0.989,0.011,0.0
23.9735,91.4399,Tripura,WEST TRIPURA,0.989,0.011,0.0
23.9525,91.3669,Tripura,WEST TRIPURA,0.989,0.011,0.0
23.7974,91.3181,Tripura,WEST TRIPURA,0.989,0.011,0.0
27.803,77.8895,Uttar Pradesh,ALIGARH,0.422,0.574,0.003
28.0117,78.3541,Uttar Pradesh,ALIGARH,0.422,0.574,0.003
27.8092,77.8497,Uttar Pradesh,ALIGARH,0.422,0.574,0.003
27.8624,78.3872,Uttar Pradesh,ALIGARH,0.422,0.574,0.003
27.911,77.77,Uttar Pradesh,ALIGARH,0.422,0.574,0.003
26.9148,77.6318,Uttar Pradesh,AGRA,0.34,0.659,0.001
27.1657,77.7415,Uttar Pradesh,AGRA,0.34,0.659,0.001
26.9465,78.0596,Uttar Pradesh,AGRA,0.34,0.659,0.001
27.0948,77.7444,Uttar Pradesh,AGRA,0.34,0.659,0.001
26.8512,78.6338,Uttar Pradesh,AGRA,0.34,0.659,0.001
24.9864,81.983,Uttar Pradesh,ALLAHABAD,0.436,0.559,0.006
25.0699,81.6668,Uttar Pradesh,ALLAHABAD,0.436,0.559,0.006
25.5214,81.8067,Uttar Pradesh,ALLAHABAD,0.436,0.559,0.006
25.1676,81.8394,Uttar Pradesh,ALLAHABAD,0.436,0.559,0.006
25.0894,81.6631,Uttar Pradesh,ALLAHABAD,0.436,0.559,0.006
26.5026,82.6041,Uttar Pradesh,AMBEDKAR NAGAR,0.477,0.52,0.003
26.5579,82.3597,Uttar Pradesh,AMBEDKAR NAGAR,0.477,0.52,0.003
26.4293,82.8933,Uttar Pradesh,AMBEDKAR NAGAR,0.477,0.52,0.003
26.3896,82.4138,Uttar Pradesh,AMBEDKAR NAGAR,0.477,0.52,0.003
26.562,82.5769,Uttar Pradesh,AMBEDKAR NAGAR,0.477,0.52,0.003
26.5636,79.5766,Uttar Pradesh,AURAIYA,0.419,0.571,0.01
26.8002,79.4832,Uttar Pradesh,AURAIYA,0.419,0.571,0.01
26.6036,79.5014,Uttar Pradesh,AURAIYA,0.419,0.571,0.01
26.8108,79.4028,Uttar Pradesh,AURAIYA,0.419,0.571,0.01
26.5605,79.4791,Uttar Pradesh,AURAIYA,0.419,0.571,0.01
26.2715,82.9621,Uttar Pradesh,AZAMGARH,0.479,0.52,0.001
26.0855,82.9996,Uttar Pradesh,AZAMGARH,0.479,0.52,0.001
25.8209,83.122,Uttar Pradesh,AZAMGARH,0.479,0.52,0.001
26.088,82.8582,Uttar Pradesh,AZAMGARH,0.479,0.52,0.001
25.928,83.1194,Uttar Pradesh,AZAMGARH,0.479,0.52,0.001
28.1403,78.7332,Uttar Pradesh,BUDAUN,0.439,0.558,0.003
28.0457,78.9347,Uttar Pradesh,BUDAUN,0.439,0.558,0.003
28.1102,79.0868,Uttar Pradesh,BUDAUN,0.439,0.558,0.003
28.1717,78.5379,Uttar Pradesh,BUDAUN,0.439,0.558,0.003
28.151,79.415,Uttar Pradesh,BUDAUN,0.439,0.558,0.003
28.9418,77.2816,Uttar Pradesh,BAGHPAT,0.127,0.87,0.002
28.9743,77.4388,Uttar Pradesh,BAGHPAT,0.127,0.87,0.002
28.9761,77.4501,Uttar Pradesh,BAGHPAT,0.127,0.87,0.002
28.8768,77.2416,Uttar Pradesh,BAGHPAT,0.127,0.87,0.002
29.2444,77.3952,Uttar Pradesh,BAGHPAT,0.127,0.87,0.002
28.1542,81.388,Uttar Pradesh,BAHRAICH,0.517,0.48,0.003
28.3549,81.1578,Uttar Pradesh,BAHRAICH,0.517,0.48,0.003
28.0242,81.3239,Uttar Pradesh,BAHRAICH,0.517,0.48,0.003
27.9986,81.3455,Uttar Pradesh,BAHRAICH,0.517,0.48,0.003
27.7552,81.546,Uttar Pradesh,BAHRAICH,0.517,0.48,0.003
25.9083,84.1454,Uttar Pradesh,BALLIA,0.465,0.533,0.002
25.6249,83.9569,Uttar Pradesh,BALLIA,0.465,0.533,0.002
26.1098,83.8337,Uttar Pradesh,BALLIA,0.465,0.533,0.002
25.9452,84.0113,Uttar Pradesh,BALLIA,0.465,0.533,0.002
25.7154,84.2228,Uttar Pradesh,BALLIA,0.465,0.533,0.002
27.4715,82.1784,Uttar Pradesh,BALRAMPUR,0.423,0.575,0.001
27.6043,82.6491,Uttar Pradesh,BALRAMPUR,0.423,0.575,0.001
27.2858,82.37,Uttar Pradesh,BALRAMPUR,0.423,0.575,0.001
27.4357,82.5647,Uttar Pradesh,BALRAMPUR,0.423,0.575,0.001
27.6372,82.3591,Uttar Pradesh,BALRAMPUR,0.423,0.575,0.001
25.8442,80.2923,Uttar Pradesh,BANDA,0.331,0.668,0.0
25.4053,80.7296,Uttar Pradesh,BANDA,0.331,0.668,0.0
25.2577,80.7093,Uttar Pradesh,BANDA,0.331,0.668,0.0
25.6533,80.9172,Uttar Pradesh,BANDA,0.331,0.668,0.0
25.6036,80.5126,Uttar Pradesh,BANDA,0.331,0.668,0.0
27.1639,81.1165,Uttar Pradesh,BARABANKI,0.476,0.522,0.002
27.1915,81.2748,Uttar Pradesh,BARABANKI,0.476,0.522,0.002
26.7865,81.6869,Uttar Pradesh,BARABANKI,0.476,0.522,0.002
26.8374,81.2939,Uttar Pradesh,BARABANKI,0.476,0.522,0.002
26.876,81.5514,Uttar Pradesh,BARABANKI,0.476,0.522,0.002
28.6502,79.46,Uttar Pradesh,BAREILLY,0.433,0.565,0.002
28.4262,79.6027,Uttar Pradesh,BAREILLY,0.433,0.565,0.002
28.7771,79.5702,Uttar Pradesh,BAREILLY,0.433,0.565,0.002
28.6774,79.3839,Uttar Pradesh,BAREILLY,0.433,0.565,0.002
28.4033,79.0581,Uttar Pradesh,BAREILLY,0.433,0.565,0.002
26.8574,82.4261,Uttar Pradesh,BASTI,0.463,0.535,0.001
26.7157,82.4608,Uttar Pradesh,BASTI,0.463,0.535,0.001
26.6441,82.5089,Uttar Pradesh,BASTI,0.463,0.535,0.001
26.7534,82.2325,Uttar Pradesh,BASTI,0.463,0.535,0.001
26.7754,82.726,Uttar Pradesh,BASTI,0.463,0.535,0.001
29.6966,78.3316,Uttar Pradesh,BIJNOR,0.277,0.722,0.001
29.5325,77.9985,Uttar Pradesh,BIJNOR,0.277,0.722,0.001
29.6409,78.1863,Uttar Pradesh,BIJNOR,0.277,0.722,0.001
29.4484,78.5011,Uttar Pradesh,BIJNOR,0.277,0.722,0.001
29.238,78.2649,Uttar Pradesh,BIJNOR,0.277,0.722,0.001
28.251,77.9631,Uttar Pradesh,BULANDSHAHR,0.412,0.583,0.005
28.3974,78.0304,Uttar Pradesh,BULANDSHAHR,0.412,0.583,0.005
28.3936,77.9882,Uttar Pradesh,BULANDSHAHR,0.412,0.583,0.005
28.564,78.1358,Uttar Pradesh,BULANDSHAHR,0.412,0.583,0.005
28.1827,78.0788,Uttar Pradesh,BULANDSHAHR,0.412,0.583,0.005
25.1563,83.3058,Uttar Pradesh,CHANDAULI,0.515,0.485,0.0
25.2871,83.2484,Uttar Pradesh,CHANDAULI,0.515,0.485,0.0
24.7382,83.1582,Uttar Pradesh,CHANDAULI,0.515,0.485,0.0
24.8865,83.1022,Uttar Pradesh,CHANDAULI,0.515,0.485,0.0
24.8847,83.0928,Uttar Pradesh,CHANDAULI,0.515,0.485,0.0
25.2358,81.164,Uttar Pradesh,CHITRAKOOT,0.34,0.66,0.0
25.2398,81.5198,Uttar Pradesh,CHITRAKOOT,0.34,0.66,0.0
25.2481,81.34,Uttar Pradesh,CHITRAKOOT,0.34,0.66,0.0
25.014,81.0429,Uttar Pradesh,CHITRAKOOT,0.34,0.66,0.0
25.3139,80.7942,Uttar Pradesh,CHITRAKOOT,0.34,0.66,0.0
26.5701,83.6185,Uttar Pradesh,DEORIA,0.474,0.525,0.001
26.4221,83.7904,Uttar Pradesh,DEORIA,0.474,0.525,0.001
26.3917,84.0191,Uttar Pradesh,DEORIA,0.474,0.525,0.001
26.4407,84.0075,Uttar Pradesh,DEORIA,0.474,0.525,0.001
26.2435,83.8554,Uttar Pradesh,DEORIA,0.474,0.525,0.001
27.3508,78.3317,Uttar Pradesh,ETAH,0.351,0.639,0.01
27.4773,78.2435,Uttar Pradesh,ETAH,0.351,0.639,0.01
27.4936,78.2417,Uttar Pradesh,ETAH,0.351,0.639,0.01
27.708,78.814,Uttar Pradesh,ETAH,0.351,0.639,0.01
27.6035,79.1049,Uttar Pradesh,ETAH,0.351,0.639,0.01
26.6838,78.956,Uttar Pradesh,ETAWAH,0.418,0.574,0.008
26.9489,79.0489,Uttar Pradesh,ETAWAH,0.418,0.574,0.008
26.6785,79.2676,Uttar Pradesh,ETAWAH,0.418,0.574,0.008
26.7434,79.2288,Uttar Pradesh,ETAWAH,0.418,0.574,0.008
26.8215,79.2893,Uttar Pradesh,ETAWAH,0.418,0.574,0.008
26.6249,82.4564,Uttar Pradesh,FAIZABAD,0.456,0.536,0.008
26.7511,81.8892,Uttar Pradesh,FAIZABAD,0.456,0.536,0.008
26.454,82.1802,Uttar Pradesh,FAIZABAD,0.456,0.536,0.008
26.7635,82.1035,Uttar Pradesh,FAIZABAD,0.456,0.536,0.008
26.4878,82.2324,Uttar Pradesh,FAIZABAD,0.456,0.536,0.008
27.3293,79.5763,Uttar Pradesh,FARRUKHABAD,0.309,0.678,0.013
27.3977,79.6732,Uttar Pradesh,FARRUKHABAD,0.309,0.678,0.013
27.5719,79.4193,Uttar Pradesh,FARRUKHABAD,0.309,0.678,0.013
27.4348,79.3067,Uttar Pradesh,FARRUKHABAD,0.309,0.678,0.013
27.6323,79.169,Uttar Pradesh,FARRUKHABAD,0.309,0.678,0.013
25.637,80.9896,Uttar Pradesh,FATEHPUR,0.355,0.64,0.005
25.9629,80.2272,Uttar Pradesh,FATEHPUR,0.355,0.64,0.005
25.7833,80.68,Uttar Pradesh,FATEHPUR,0.355,0.64,0.005
25.8942,80.9282,Uttar Pradesh,FATEHPUR,0.355,0.64,0.005
25.8933,81.0709,Uttar Pradesh,FATEHPUR,0.355,0.64,0.005
27.3357,78.0903,Uttar Pradesh,FIROZABAD,0.392,0.603,0.005
26.9582,78.7003,Uttar Pradesh,FIROZABAD,0.392,0.603,0.005
26.9894,78.7595,Uttar Pradesh,FIROZABAD,0.392,0.603,0.005
27.2282,78.2916,Uttar Pradesh,FIROZABAD,0.392,0.603,0.005
27.0472,78.5409,Uttar Pradesh,FIROZABAD,0.392,0.603,0.005
28.5041,77.5526,Uttar Pradesh,GAUTAM BUDDHA NAGAR,0.341,0.654,0.005
28.1399,77.7201,Uttar Pradesh,GAUTAM BUDDHA NAGAR,0.341,0.654,0.005
28.2496,77.6768,Uttar Pradesh,GAUTAM BUDDHA NAGAR,0.341,0.654,0.005
28.1092,77.5943,Uttar Pradesh,GAUTAM BUDDHA NAGAR,0.341,0.654,0.005
28.4633,77.5564,Uttar Pradesh,GAUTAM BUDDHA NAGAR,0.341,0.654,0.005
28.8613,77.6163,Uttar Pradesh,GHAZIABAD,0.263,0.736,0.001
28.8353,77.546,Uttar Pradesh,GHAZIABAD,0.263,0.736,0.001
28.7532,77.3259,Uttar Pradesh,GHAZIABAD,0.263,0.736,0.001
28.8059,77.8816,Uttar Pradesh,GHAZIABAD,0.263,0.736,0.001
28.7782,77.8398,Uttar Pradesh,GHAZIABAD,0.263,0.736,0.001
25.3352,83.554,Uttar Pradesh,GHAZIPUR,0.455,0.543,0.002
25.7922,83.5806,Uttar Pradesh,GHAZIPUR,0.455,0.543,0.002
25.595,83.81,Uttar Pradesh,GHAZIPUR,0.455,0.543,0.002
25.7556,83.7415,Uttar Pradesh,GHAZIPUR,0.455,0.543,0.002
25.3455,83.5366,Uttar Pradesh,GHAZIPUR,0.455,0.543,0.002
26.8783,82.0016,Uttar Pradesh,GONDA,0.485,0.511,0.005
27.2291,81.9295,Uttar Pradesh,GONDA,0.485,0.511,0.005
27.0257,82.4912,Uttar Pradesh,GONDA,0.485,0.511,0.005
27.1402,81.925,Uttar Pradesh,GONDA,0.485,0.511,0.005
27.1338,82.2408,Uttar Pradesh,GONDA,0.485,0.511,0.005
26.7645,83.2136,Uttar Pradesh,GORAKHPUR,0.445,0.554,0.001
26.8421,83.1839,Uttar Pradesh,GORAKHPUR,0.445,0.554,0.001
26.6914,83.2098,Uttar Pradesh,GORAKHPUR,0.445,0.554,0.001
26.852,83.4296,Uttar Pradesh,GORAKHPUR,0.445,0.554,0.001
26.4624,83.4226,Uttar Pradesh,GORAKHPUR,0.445,0.554,0.001
25.8259,79.8818,Uttar Pradesh,HAMIRPUR,0.685,0.315,0.0
25.6969,79.4206,Uttar Pradesh,HAMIRPUR,0.685,0.315,0.0
25.7828,79.9932,Uttar Pradesh,HAMIRPUR,0.685,0.315,0.0
25.5061,79.5654,Uttar Pradesh,HAMIRPUR,0.685,0.315,0.0
25.8819,79.6772,Uttar Pradesh,HAMIRPUR,0.685,0.315,0.0
27.1821,80.468,Uttar Pradesh,HARDOI,0.402,0.593,0.005
27.1603,80.0406,Uttar Pradesh,HARDOI,0.402,0.593,0.005
27.6171,80.0918,Uttar Pradesh,HARDOI,0.402,0.593,0.005
27.3521,79.7912,Uttar Pradesh,HARDOI,0.402,0.593,0.005
27.7517,80.2105,Uttar Pradesh,HARDOI,0.402,0.593,0.005
27.5821,78.0188,Uttar Pradesh,HATHRAS,0.355,0.642,0.003
27.337,77.9233,Uttar Pradesh,HATHRAS,0.355,0.642,0.003
27.4615,77.9789,Uttar Pradesh,HATHRAS,0.355,0.642,0.003
27.5587,78.0712,Uttar Pradesh,HATHRAS,0.355,0.642,0.003
27.5601,78.1174,Uttar Pradesh,HATHRAS,0.355,0.642,0.003
25.8727,79.2747,Uttar Pradesh,JALAUN,0.252,0.747,0.001
25.9132,79.3762,Uttar Pradesh,JALAUN,0.252,0.747,0.001
26.0199,79.9374,Uttar Pradesh,JALAUN,0.252,0.747,0.001
25.7937,79.3321,Uttar Pradesh,JALAUN,0.252,0.747,0.001
26.2857,79.2191,Uttar Pradesh,JALAUN,0.252,0.747,0.001
25.4141,82.6746,Uttar Pradesh,JAUNPUR,0.482,0.516,0.003
25.6338,82.771,Uttar Pradesh,JAUNPUR,0.482,0.516,0.003
25.7393,82.315,Uttar Pradesh,JAUNPUR,0.482,0.516,0.003
25.6867,82.3641,Uttar Pradesh,JAUNPUR,0.482,0.516,0.003
25.7495,82.6606,Uttar Pradesh,JAUNPUR,0.482,0.516,0.003
25.4765,78.4833,Uttar Pradesh,JHANSI,0.451,0.548,0.0
25.7095,79.3293,Uttar Pradesh,JHANSI,0.451,0.548,0.0
25.2687,78.4388,Uttar Pradesh,JHANSI,0.451,0.548,0.0
25.3505,78.5185,Uttar Pradesh,JHANSI,0.451,0.548,0.0
25.892,78.9823,Uttar Pradesh,JHANSI,0.451,0.548,0.0
28.9728,78.6122,Uttar Pradesh,AMROHA,0.261,0.737,0.002
28.8808,78.625,Uttar Pradesh,AMROHA,0.261,0.737,0.002
28.7558,78.1636,Uttar Pradesh,AMROHA,0.261,0.737,0.002
28.5864,78.3761,Uttar Pradesh,AMROHA,0.261,0.737,0.002
29.0603,78.1227,Uttar Pradesh,AMROHA,0.261,0.737,0.002
26.796,79.8187,Uttar Pradesh,KANNAUJ,0.323,0.641,0.036
26.9565,79.4676,Uttar Pradesh,KANNAUJ,0.323,0.641,0.036
26.8348,79.7772,Uttar Pradesh,KANNAUJ,0.323,0.641,0.036
26.9635,79.4935,Uttar Pradesh,KANNAUJ,0.323,0.641,0.036
26.9405,79.3397,Uttar Pradesh,KANNAUJ,0.323,0.641,0.036
26.227,79.6799,Uttar Pradesh,KANPUR DEHAT,0.355,0.642,0.003
26.7013,79.7528,Uttar Pradesh,KANPUR DEHAT,0.355,0.642,0.003
26.5829,79.6589,Uttar Pradesh,KANPUR DEHAT,0.355,0.642,0.003
26.1767,80.4374,Uttar Pradesh,KANPUR DEHAT,0.355,0.642,0.003
26.35,80.0934,Uttar Pradesh,KANPUR DEHAT,0.355,0.642,0.003
25.6075,81.3732,Uttar Pradesh,KAUSHAMBI,0.437,0.559,0.004
25.3998,81.7062,Uttar Pradesh,KAUSHAMBI,0.437,0.559,0.004
25.6032,81.2347,Uttar Pradesh,KAUSHAMBI,0.437,0.559,0.004
25.3258,81.4109,Uttar Pradesh,KAUSHAMBI,0.437,0.559,0.004
25.6644,81.3441,Uttar Pradesh,KAUSHAMBI,0.437,0.559,0.004
27.0886,83.7849,Uttar Pradesh,KUSHI NAGAR,0.49,0.503,0.007
26.7567,83.6575,Uttar Pradesh,KUSHI NAGAR,0.49,0.503,0.007
26.9722,84.0006,Uttar Pradesh,KUSHI NAGAR,0.49,0.503,0.007
26.6918,84.3132,Uttar Pradesh,KUSHI NAGAR,0.49,0.503,0.007
27.266,83.8406,Uttar Pradesh,KUSHI NAGAR,0.49,0.503,0.007
27.9116,80.1321,Uttar Pradesh,KHERI,0.454,0.54,0.006
28.2401,80.4882,Uttar Pradesh,KHERI,0.454,0.54,0.006
27.7403,81.2153,Uttar Pradesh,KHERI,0.454,0.54,0.006
28.1482,80.2384,Uttar Pradesh,KHERI,0.454,0.54,0.006
28.1302,80.3405,Uttar Pradesh,KHERI,0.454,0.54,0.006
24.4209,78.8037,Uttar Pradesh,LALITPUR,0.52,0.478,0.001
25.0875,78.4767,Uttar Pradesh,LALITPUR,0.52,0.478,0.001
24.6016,78.3343,Uttar Pradesh,LALITPUR,0.52,0.478,0.001
24.5221,78.5736,Uttar Pradesh,LALITPUR,0.52,0.478,0.001
24.4229,78.3089,Uttar Pradesh,LALITPUR,0.52,0.478,0.001
26.6257,81.1644,Uttar Pradesh,LUCKNOW,0.411,0.583,0.005
26.7127,80.7925,Uttar Pradesh,LUCKNOW,0.411,0.583,0.005
27.0307,80.6993,Uttar Pradesh,LUCKNOW,0.411,0.583,0.005
26.7002,80.8105,Uttar Pradesh,LUCKNOW,0.411,0.583,0.005
26.7248,81.0332,Uttar Pradesh,LUCKNOW,0.411,0.583,0.005
27.3192,83.6661,Uttar Pradesh,MAHARAJGANJ,0.503,0.497,0.001
27.1458,83.6536,Uttar Pradesh,MAHARAJGANJ,0.503,0.497,0.001
27.0861,83.2969,Uttar Pradesh,MAHARAJGANJ,0.503,0.497,0.001
27.4294,83.6314,Uttar Pradesh,MAHARAJGANJ,0.503,0.497,0.001
27.2396,83.2261,Uttar Pradesh,MAHARAJGANJ,0.503,0.497,0.001
25.4463,79.4024,Uttar Pradesh,MAHOBA,0.419,0.581,0.0
25.4691,79.7664,Uttar Pradesh,MAHOBA,0.419,0.581,0.0
25.1131,79.4979,Uttar Pradesh,MAHOBA,0.419,0.581,0.0
25.3381,79.5446,Uttar Pradesh,MAHOBA,0.419,0.581,0.0
25.2026,79.5809,Uttar Pradesh,MAHOBA,0.419,0.581,0.0
27.3589,79.1248,Uttar Pradesh,MAINPURI,0.406,0.588,0.007
27.4131,79.0182,Uttar Pradesh,MAINPURI,0.406,0.588,0.007
27.1349,79.177,Uttar Pradesh,MAINPURI,0.406,0.588,0.007
27.055,79.0301,Uttar Pradesh,MAINPURI,0.406,0.588,0.007
27.2102,79.2282,Uttar Pradesh,MAINPURI,0.406,0.588,0.007
27.4538,77.557,Uttar Pradesh,MATHURA,0.267,0.732,0.001
27.4054,77.5176,Uttar Pradesh,MATHURA,0.267,0.732,0.001
27.8768,77.4754,Uttar Pradesh,MATHURA,0.267,0.732,0.001
27.3293,77.708,Uttar Pradesh,MATHURA,0.267,0.732,0.001
27.6804,77.748,Uttar Pradesh,MATHURA,0.267,0.732,0.001
26.0878,83.5676,Uttar Pradesh,MAU,0.474,0.525,0.001
25.8727,83.3836,Uttar Pradesh,MAU,0.474,0.525,0.001
26.0891,83.5291,Uttar Pradesh,MAU,0.474,0.525,0.001
26.148,83.6349,Uttar Pradesh,MAU,0.474,0.525,0.001
25.8678,83.3114,Uttar Pradesh,MAU,0.474,0.525,0.001
24.7786,82.2778,Uttar Pradesh,MIRZAPUR,0.485,0.515,0.0
24.8735,82.9219,Uttar Pradesh,MIRZAPUR,0.485,0.515,0.0
25.1406,82.8795,Uttar Pradesh,MIRZAPUR,0.485,0.515,0.0
25.2039,82.4833,Uttar Pradesh,MIRZAPUR,0.485,0.515,0.0
25.0992,83.0622,Uttar Pradesh,MIRZAPUR,0.485,0.515,0.0
28.7545,77.7024,Uttar Pradesh,MEERUT,0.171,0.826,0.003
29.0077,77.737,Uttar Pradesh,MEERUT,0.171,0.826,0.003
29.2181,77.6907,Uttar Pradesh,MEERUT,0.171,0.826,0.003
29.0666,78.028,Uttar Pradesh,MEERUT,0.171,0.826,0.003
29.1875,77.8391,Uttar Pradesh,MEERUT,0.171,0.826,0.003
29.5832,77.8407,Uttar Pradesh,MUZAFFARNAGAR,0.128,0.868,0.003
29.5127,77.8958,Uttar Pradesh,MUZAFFARNAGAR,0.128,0.868,0.003
29.5035,77.1273,Uttar Pradesh,MUZAFFARNAGAR,0.128,0.868,0.003
29.2902,77.898,Uttar Pradesh,MUZAFFARNAGAR,0.128,0.868,0.003
29.2382,77.7053,Uttar Pradesh,MUZAFFARNAGAR,0.128,0.868,0.003
28.6277,78.5432,Uttar Pradesh,MORADABAD,0.445,0.554,0.002
28.6906,78.4336,Uttar Pradesh,MORADABAD,0.445,0.554,0.002
28.5728,78.8178,Uttar Pradesh,MORADABAD,0.445,0.554,0.002
28.9024,78.6796,Uttar Pradesh,MORADABAD,0.445,0.554,0.002
28.7417,78.8676,Uttar Pradesh,MORADABAD,0.445,0.554,0.002
25.8514,81.8378,Uttar Pradesh,PRATAPGARH,0.428,0.551,0.021
25.8903,82.2763,Uttar Pradesh,PRATAPGARH,0.428,0.551,0.021
25.8578,81.7887,Uttar Pradesh,PRATAPGARH,0.428,0.551,0.021
25.984,81.9824,Uttar Pradesh,PRATAPGARH,0.428,0.551,0.021
25.7511,81.8722,Uttar Pradesh,PRATAPGARH,0.428,0.551,0.021
28.6994,80.2259,Uttar Pradesh,PILIBHIT,0.459,0.524,0.018
28.4628,80.0778,Uttar Pradesh,PILIBHIT,0.459,0.524,0.018
28.4973,79.9938,Uttar Pradesh,PILIBHIT,0.459,0.524,0.018
28.6795,80.0405,Uttar Pradesh,PILIBHIT,0.459,0.524,0.018
28.4418,80.1734,Uttar Pradesh,PILIBHIT,0.459,0.524,0.018
26.4846,81.1064,Uttar Pradesh,RAE BARELI,0.414,0.575,0.01
26.0025,81.43,Uttar Pradesh,RAE BARELI,0.414,0.575,0.01
26.2551,81.1427,Uttar Pradesh,RAE BARELI,0.414,0.575,0.01
26.206,81.4164,Uttar Pradesh,RAE BARELI,0.414,0.575,0.01
26.4053,81.1223,Uttar Pradesh,RAE BARELI,0.414,0.575,0.01
28.5783,79.1001,Uttar Pradesh,RAMPUR,0.476,0.511,0.013
29.0134,79.1219,Uttar Pradesh,RAMPUR,0.476,0.511,0.013
28.5992,79.1544,Uttar Pradesh,RAMPUR,0.476,0.511,0.013
28.9026,79.3099,Uttar Pradesh,RAMPUR,0.476,0.511,0.013
29.0109,79.1402,Uttar Pradesh,RAMPUR,0.476,0.511,0.013
26.8498,82.8895,Uttar Pradesh,SANT KABEER NAGAR,0.495,0.504,0.0
26.6834,83.0345,Uttar Pradesh,SANT KABEER NAGAR,0.495,0.504,0.0
26.5866,82.9557,Uttar Pradesh,SANT KABEER NAGAR,0.495,0.504,0.0
26.5599,83.0753,Uttar Pradesh,SANT KABEER NAGAR,0.495,0.504,0.0
26.9775,83.0823,Uttar Pradesh,SANT KABEER NAGAR,0.495,0.504,0.0
29.8995,77.2089,Uttar Pradesh,SAHARANPUR,0.384,0.611,0.004
29.7291,77.7587,Uttar Pradesh,SAHARANPUR,0.384,0.611,0.004
29.8362,77.7139,Uttar Pradesh,SAHARANPUR,0.384,0.611,0.004
30.05,77.5899,Uttar Pradesh,SAHARANPUR,0.384,0.611,0.004
29.9333,77.2915,Uttar Pradesh,SAHARANPUR,0.384,0.611,0.004
25.2669,82.4875,Uttar Pradesh,SANT RAVIDAS NAGAR,0.46,0.539,0.001
25.3812,82.346,Uttar Pradesh,SANT RAVIDAS NAGAR,0.46,0.539,0.001
25.3841,82.4217,Uttar Pradesh,SANT RAVIDAS NAGAR,0.46,0.539,0.001
25.4151,82.5575,Uttar Pradesh,SANT RAVIDAS NAGAR,0.46,0.539,0.001
25.3961,82.4894,Uttar Pradesh,SANT RAVIDAS NAGAR,0.46,0.539,0.001
28.1571,80.1064,Uttar Pradesh,SHAHJAHANPUR,0.421,0.572,0.007
27.7611,79.5537,Uttar Pradesh,SHAHJAHANPUR,0.421,0.572,0.007
28.1913,79.6524,Uttar Pradesh,SHAHJAHANPUR,0.421,0.572,0.007
28.3328,80.033,Uttar Pradesh,SHAHJAHANPUR,0.421,0.572,0.007
28.0016,79.604,Uttar Pradesh,SHAHJAHANPUR,0.421,0.572,0.007
27.7023,81.5329,Uttar Pradesh,SHRAVASTI,0.493,0.506,0.001
27.8416,81.7905,Uttar Pradesh,SHRAVASTI,0.493,0.506,0.001
27.7094,82.1065,Uttar Pradesh,SHRAVASTI,0.493,0.506,0.001
27.6009,81.8154,Uttar Pradesh,SHRAVASTI,0.493,0.506,0.001
27.7894,81.9923,Uttar Pradesh,SHRAVASTI,0.493,0.506,0.001
27.2463,83.1093,Uttar Pradesh,SIDDHARTH NAGAR,0.518,0.482,0.0
27.3032,82.8713,Uttar Pradesh,SIDDHARTH NAGAR,0.518,0.482,0.0
27.3836,82.8112,Uttar Pradesh,SIDDHARTH NAGAR,0.518,0.482,0.0
27.1682,82.6774,Uttar Pradesh,SIDDHARTH NAGAR,0.518,0.482,0.0
27.3365,82.6496,Uttar Pradesh,SIDDHARTH NAGAR,0.518,0.482,0.0
27.3391,80.8168,Uttar Pradesh,SITAPUR,0.441,0.556,0.002
27.5368,80.3289,Uttar Pradesh,SITAPUR,0.441,0.556,0.002
27.5884,81.1846,Uttar Pradesh,SITAPUR,0.441,0.556,0.002
27.6359,80.5836,Uttar Pradesh,SITAPUR,0.441,0.556,0.002
27.4839,81.1351,Uttar Pradesh,SITAPUR,0.441,0.556,0.002
24.5139,82.8854,Uttar Pradesh,SONBHADRA,0.43,0.57,0.0
24.0679,82.9109,Uttar Pradesh,SONBHADRA,0.43,0.57,0.0
24.7452,82.5607,Uttar Pradesh,SONBHADRA,0.43,0.57,0.0
24.2069,83.1522,Uttar Pradesh,SONBHADRA,0.43,0.57,0.0
24.7374,83.4416,Uttar Pradesh,SONBHADRA,0.43,0.57,0.0
26.272,81.7796,Uttar Pradesh,SULTANPUR,0.467,0.525,0.008
26.3361,82.3444,Uttar Pradesh,SULTANPUR,0.467,0.525,0.008
26.1579,82.3892,Uttar Pradesh,SULTANPUR,0.467,0.525,0.008
26.3519,82.3194,Uttar Pradesh,SULTANPUR,0.467,0.525,0.008
26.085,82.2631,Uttar Pradesh,SULTANPUR,0.467,0.525,0.008
26.8221,80.6829,Uttar Pradesh,UNNAO,0.394,0.6,0.006
26.8055,80.116,Uttar Pradesh,UNNAO,0.394,0.6,0.006
26.9816,80.1603,Uttar Pradesh,UNNAO,0.394,0.6,0.006
26.6043,80.3254,Uttar Pradesh,UNNAO,0.394,0.6,0.006
26.1921,80.6353,Uttar Pradesh,UNNAO,0.394,0.6,0.006
25.5013,82.7381,Uttar Pradesh,VARANASI,0.468,0.531,0.001
25.4088,82.7298,Uttar Pradesh,VARANASI,0.468,0.531,0.001
25.2679,82.8541,Uttar Pradesh,VARANASI,0.468,0.531,0.001
25.3627,83.1055,Uttar Pradesh,VARANASI,0.468,0.531,0.001
25.1725,82.8482,Uttar Pradesh,VARANASI,0.468,0.531,0.001
29.4566,79.7648,Uttarakhand,ALMORA,0.609,0.391,0.0
29.6436,79.8901,Uttarakhand,ALMORA,0.609,0.391,0.0
29.6984,79.4221,Uttarakhand,ALMORA,0.609,0.391,0.0
29.7912,79.6068,Uttarakhand,ALMORA,0.609,0.391,0.0
29.5073,79.865,Uttarakhand,ALMORA,0.609,0.391,0.0
30.157,79.8131,Uttarakhand,BAGESHWAR,0.534,0.466,0.0
29.9714,79.7969,Uttarakhand,BAGESHWAR,0.534,0.466,0.0
30.0674,79.8857,Uttarakhand,BAGESHWAR,0.534,0.466,0.0
29.8914,79.7149,Uttarakhand,BAGESHWAR,0.534,0.466,0.0
29.8086,79.7641,Uttarakhand,BAGESHWAR,0.534,0.466,0.0
30.1883,79.4823,Uttarakhand,CHAMOLI,0.604,0.396,0.0
30.1099,79.6855,Uttarakhand,CHAMOLI,0.604,0.396,0.0
30.0626,79.5609,Uttarakhand,CHAMOLI,0.604,0.396,0.0
30.8545,79.5124,Uttarakhand,CHAMOLI,0.604,0.396,0.0
30.5731,79.5667,Uttarakhand,CHAMOLI,0.604,0.396,0.0
29.272,79.9428,Uttarakhand,CHAMPAWAT,0.611,0.388,0.0
29.128,80.2228,Uttarakhand,CHAMPAWAT,0.611,0.388,0.0
29.2356,80.1345,Uttarakhand,CHAMPAWAT,0.611,0.388,0.0
29.2076,80.2164,Uttarakhand,CHAMPAWAT,0.611,0.388,0.0
29.348,80.1367,Uttarakhand,CHAMPAWAT,0.611,0.388,0.0
30.8264,77.7642,Uttarakhand,DEHRADUN,0.518,0.482,0.0
30.7746,77.7978,Uttarakhand,DEHRADUN,0.518,0.482,0.0
30.36,77.8313,Uttarakhand,DEHRADUN,0.518,0.482,0.0
30.1353,78.0855,Uttarakhand,DEHRADUN,0.518,0.482,0.0
30.2789,78.074,Uttarakhand,DEHRADUN,0.518,0.482,0.0
30.0256,78.0581,Uttarakhand,HARIDWAR,0.254,0.746,0.001
30.0414,78.0467,Uttarakhand,HARIDWAR,0.254,0.746,0.001
29.895,78.0363,Uttarakhand,HARIDWAR,0.254,0.746,0.001
29.8575,77.9407,Uttarakhand,HARIDWAR,0.254,0.746,0.001
29.8968,78.1178,Uttarakhand,HARIDWAR,0.254,0.746,0.001
29.0351,79.8515,Uttarakhand,NAINITAL,0.515,0.483,0.002
29.2626,79.3986,Uttarakhand,NAINITAL,0.515,0.483,0.002
29.0568,79.7835,Uttarakhand,NAINITAL,0.515,0.483,0.002
29.3459,79.2007,Uttarakhand,NAINITAL,0.515,0.483,0.002
29.1472,79.3071,Uttarakhand,NAINITAL,0.515,0.483,0.002
30.0509,79.17,Uttarakhand,PAURI GARHWAL,0.596,0.403,0.0
29.8229,78.7335,Uttarakhand,PAURI GARHWAL,0.596,0.403,0.0
29.621,78.7913,Uttarakhand,PAURI GARHWAL,0.596,0.403,0.0
30.2488,78.9898,Uttarakhand,PAURI GARHWAL,0.596,0.403,0.0
30.1883,78.7608,Uttarakhand,PAURI GARHWAL,0.596,0.403,0.0
30.4514,80.1852,Uttarakhand,PITHORAGARH,0.532,0.468,0.0
30.0801,80.6516,Uttarakhand,PITHORAGARH,0.532,0.468,0.0
29.5692,80.311,Uttarakhand,PITHORAGARH,0.532,0.468,0.0
29.9775,80.6948,Uttarakhand,PITHORAGARH,0.532,0.468,0.0
30.1681,80.1687,Uttarakhand,PITHORAGARH,0.532,0.468,0.0
30.5925,78.9989,Uttarakhand,RUDRA PRAYAG,0.575,0.425,0.0
30.7338,79.0536,Uttarakhand,RUDRA PRAYAG,0.575,0.425,0.0
30.7327,79.0428,Uttarakhand,RUDRA PRAYAG,0.575,0.425,0.0
30.6731,79.2866,Uttarakhand,RUDRA PRAYAG,0.575,0.425,0.0
30.3329,78.9739,Uttarakhand,RUDRA PRAYAG,0.575,0.425,0.0
30.4257,78.6158,Uttarakhand,TEHRI GARHWAL,0.578,0.422,0.0
30.3428,78.4346,Uttarakhand,TEHRI GARHWAL,0.578,0.422,0.0
30.1079,78.5583,Uttarakhand,TEHRI GARHWAL,0.578,0.422,0.0
30.6963,78.7737,Uttarakhand,TEHRI GARHWAL,0.578,0.422,0.0
30.357,78.2014,Uttarakhand,TEHRI GARHWAL,0.578,0.422,0.0
28.976,79.5441,Uttarakhand,UDAM SINGH NAGAR,0.469,0.502,0.029
28.9315,80.0067,Uttarakhand,UDAM SINGH NAGAR,0.469,0.502,0.029
29.0178,79.3644,Uttarakhand,UDAM SINGH NAGAR,0.469,0.502,0.029
28.9035,79.7426,Uttarakhand,UDAM SINGH NAGAR,0.469,0.502,0.029
28.8969,79.8016,Uttarakhand,UDAM SINGH NAGAR,0.469,0.502,0.029
31.1376,79.2484,Uttarakhand,UTTAR KASHI,0.638,0.362,0.0
30.8696,79.2297,Uttarakhand,UTTAR KASHI,0.638,0.362,0.0
30.9207,78.1181,Uttarakhand,UTTAR KASHI,0.638,0.362,0.0
30.9589,78.7535,Uttarakhand,UTTAR KASHI,0.638,0.362,0.0
31.2381,78.3072,Uttarakhand,UTTAR KASHI,0.638,0.362,0.0
23.4056,87.4114,West Bengal,BANKURA,0.403,0.504,0.093
23.1245,86.7713,West Bengal,BANKURA,0.403,0.504,0.093
23.118,87.5445,West Bengal,BANKURA,0.403,0.504,0.093
23.4639,86.9613,West Bengal,BANKURA,0.403,0.504,0.093
23.2947,87.0939,West Bengal,BANKURA,0.403,0.504,0.093
23.6598,87.9112,West Bengal,BARDHAMAN,0.615,0.119,0.266
23.6714,88.1044,West Bengal,BARDHAMAN,0.615,0.119,0.266
23.0806,87.9353,West Bengal,BARDHAMAN,0.615,0.119,0.266
23.4439,87.7531,West Bengal,BARDHAMAN,0.615,0.119,0.266
23.1714,87.9142,West Bengal,BARDHAMAN,0.615,0.119,0.266
24.0848,87.5445,West Bengal,BIRBHUM,0.27,0.626,0.104
23.8265,87.7819,West Bengal,BIRBHUM,0.27,0.626,0.104
24.1365,87.6946,West Bengal,BIRBHUM,0.27,0.626,0.104
23.7877,87.8978,West Bengal,BIRBHUM,0.27,0.626,0.104
24.2421,87.7861,West Bengal,BIRBHUM,0.27,0.626,0.104
25.4915,88.811,West Bengal,DINAJPUR DAKSHIN,0.308,0.651,0.042
25.241,88.4799,West Bengal,DINAJPUR DAKSHIN,0.308,0.651,0.042
25.3022,88.261,West Bengal,DINAJPUR DAKSHIN,0.308,0.651,0.042
25.3542,88.4443,West Bengal,DINAJPUR DAKSHIN,0.308,0.651,0.042
25.4682,88.5561,West Bengal,DINAJPUR DAKSHIN,0.308,0.651,0.042
26.9197,88.5062,West Bengal,DARJEELING,0.626,0.294,0.08
27.0831,88.2537,West Bengal,DARJEELING,0.626,0.294,0.08
26.9713,88.3227,West Bengal,DARJEELING,0.626,0.294,0.08
27.0687,88.0961,West Bengal,DARJEELING,0.626,0.294,0.08
27.1513,88.5754,West Bengal,DARJEELING,0.626,0.294,0.08
22.6506,88.114,West Bengal,HOWRAH,0.349,0.283,0.369
22.6439,88.3141,West Bengal,HOWRAH,0.349,0.283,0.369
22.433,88.0381,West Bengal,HOWRAH,0.349,0.283,0.369
22.7478,87.9938,West Bengal,HOWRAH,0.349,0.283,0.369
22.3734,88.075,West Bengal,HOWRAH,0.349,0.283,0.369
21.8152,87.7274,West Bengal,MEDINIPUR EAST,0.6,0.034,0.366
22.0651,87.6511,West Bengal,MEDINIPUR EAST,0.6,0.034,0.366
22.189,87.8986,West Bengal,MEDINIPUR EAST,0.6,0.034,0.366
22.2229,87.8151,West Bengal,MEDINIPUR EAST,0.6,0.034,0.366
21.9565,87.8836,West Bengal,MEDINIPUR EAST,0.6,0.034,0.366
22.9597,88.3183,West Bengal,HOOGHLY,0.204,0.53,0.265
22.8599,88.2092,West Bengal,HOOGHLY,0.204,0.53,0.265
22.9005,87.5178,West Bengal,HOOGHLY,0.204,0.53,0.265
22.8072,87.8881,West Bengal,HOOGHLY,0.204,0.53,0.265
22.861,87.9394,West Bengal,HOOGHLY,0.204,0.53,0.265
26.4857,89.4334,West Bengal,JALPAIGURI,0.501,0.437,0.061
26.7188,89.327,West Bengal,JALPAIGURI,0.501,0.437,0.061
26.6579,88.607,West Bengal,JALPAIGURI,0.501,0.437,0.061
26.4465,88.6406,West Bengal,JALPAIGURI,0.501,0.437,0.061
26.6306,89.614,West Bengal,JALPAIGURI,0.501,0.437,0.061
26.1973,89.2666,West Bengal,COOCHBEHAR,0.524,0.415,0.06
26.1379,89.2124,West Bengal,COOCHBEHAR,0.524,0.415,0.06
26.4259,89.2612,West Bengal,COOCHBEHAR,0.524,0.415,0.06
26.1755,89.2358,West Bengal,COOCHBEHAR,0.524,0.415,0.06
26.3097,88.899,West Bengal,COOCHBEHAR,0.524,0.415,0.06
25.0149,88.0899,West Bengal,MALDAH,0.354,0.558,0.088
25.223,87.8361,West Bengal,MALDAH,0.354,0.558,0.088
25.0021,88.1292,West Bengal,MALDAH,0.354,0.558,0.088
25.328,87.8966,West Bengal,MALDAH,0.354,0.558,0.088
24.7713,87.9719,West Bengal,MALDAH,0.354,0.558,0.088
23.8306,87.9471,West Bengal,MURSHIDABAD,0.424,0.496,0.08
24.2829,88.1374,West Bengal,MURSHIDABAD,0.424,0.496,0.08
24.2629,88.1747,West Bengal,MURSHIDABAD,0.424,0.496,0.08
23.964,88.3052,West Bengal,MURSHIDABAD,0.424,0.496,0.08
24.321,88.0057,West Bengal,MURSHIDABAD,0.424,0.496,0.08
23.6914,88.3891,West Bengal,NADIA,0.434,0.455,0.111
23.4134,88.67,West Bengal,NADIA,0.434,0.455,0.111
23.2953,88.46,West Bengal,NADIA,0.434,0.455,0.111
23.8284,88.555,West Bengal,NADIA,0.434,0.455,0.111
23.4353,88.519,West Bengal,NADIA,0.434,0.455,0.111
22.5411,88.673,West Bengal,24 PARAGANAS NORTH,0.481,0.387,0.132
22.4153,88.9538,West Bengal,24 PARAGANAS NORTH,0.481,0.387,0.132
22.6666,88.5131,West Bengal,24 PARAGANAS NORTH,0.481,0.387,0.132
22.4974,88.695,West Bengal,24 PARAGANAS NORTH,0.481,0.387,0.132
22.7083,88.4878,West Bengal,24 PARAGANAS NORTH,0.481,0.387,0.132
23.3108,86.4961,West Bengal,PURULIA,0.729,0.268,0.003
23.095,86.5087,West Bengal,PURULIA,0.729,0.268,0.003
23.1549,86.0388,West Bengal,PURULIA,0.729,0.268,0.003
23.1727,86.0971,West Bengal,PURULIA,0.729,0.268,0.003
23.398,86.4626,West Bengal,PURULIA,0.729,0.268,0.003
22.226,88.1223,West Bengal,24 PARAGANAS SOUTH,0.403,0.251,0.346
21.9907,88.4479,West Bengal,24 PARAGANAS SOUTH,0.403,0.251,0.346
22.3521,88.7201,West Bengal,24 PARAGANAS SOUTH,0.403,0.251,0.346
21.9435,88.5633,West Bengal,24 PARAGANAS SOUTH,0.403,0.251,0.346
22.2493,88.1589,West Bengal,24 PARAGANAS SOUTH,0.403,0.251,0.346
26.1879,88.2328,West Bengal,DINAJPUR UTTAR,0.332,0.583,0.085
26.3184,88.383,West Bengal,DINAJPUR UTTAR,0.332,0.583,0.085
25.7346,88.189,West Bengal,DINAJPUR UTTAR,0.332,0.583,0.085
25.704,88.3501,West Bengal,DINAJPUR UTTAR,0.332,0.583,0.085
25.6195,88.1161,West Bengal,DINAJPUR UTTAR,0.332,0.583,0.085
22.1195,87.3021,West Bengal,MEDINIPUR WEST,0.317,0.358,0.325
22.7225,87.6067,West Bengal,MEDINIPUR WEST,0.317,0.358,0.325
22.2462,87.2394,West Bengal,MEDINIPUR WEST,0.317,0.358,0.325
22.107,87.1434,West Bengal,MEDINIPUR WEST,0.317,0.358,0.325
22.5737,87.7371,West Bengal,MEDINIPUR WEST,0.317,0.358,0.325
16.0844,75.6567,Karnataka,BAGALKOT,0.479,0.501,0.02
15.9402,75.5082,Karnataka,BAGALKOT,0.479,0.501,0.02
16.023,75.7234,Karnataka,BAGALKOT,0.479,0.501,0.02
15.9913,75.486,Karnataka,BAGALKOT,0.479,0.501,0.02
16.1933,75.4953,Karnataka,BAGALKOT,0.479,0.501,0.02
16.155,75.6859,Karnataka,BAGALKOT,0.479,0.501,0.02
16.2015,75.4814,Karnataka,BAGALKOT,0.479,0.501,0.02
16.1936,75.9346,Karnataka,BAGALKOT,0.479,0.501,0.02
16.2965,75.928,Karnataka,BAGALKOT,0.479,0.501,0.02
16.2397,75.9657,Karnataka,BAGALKOT,0.479,0.501,0.02
16.3721,75.7147,Karnataka,BAGALKOT,0.479,0.501,0.02
16.376,75.5048,Karnataka,BAGALKOT,0.479,0.501,0.02
16.3768,75.5497,Karnataka,BAGALKOT,0.479,0.501,0.02
16.3395,75.6448,Karnataka,BAGALKOT,0.479,0.501,0.02
16.3843,75.4019,Karnataka,BAGALKOT,0.479,0.501,0.02
16.2966,75.5318,Karnataka,BAGALKOT,0.479,0.501,0.02
15.9928,76.2876,Karnataka,BAGALKOT,0.479,0.501,0.02
16.0425,75.9533,Karnataka,BAGALKOT,0.479,0.501,0.02
16.0913,75.9254,Karnataka,BAGALKOT,0.479,0.501,0.02
15.9421,76.2206,Karnataka,BAGALKOT,0.479,0.501,0.02
15.9466,76.1727,Karnataka,BAGALKOT,0.479,0.501,0.02
16.0104,75.9892,Karnataka,BAGALKOT,0.479,0.501,0.02
16.0511,75.9725,Karnataka,BAGALKOT,0.479,0.501,0.02
16.1908,76.0323,Karnataka,BAGALKOT,0.479,0.501,0.02
16.1298,75.9167,Karnataka,BAGALKOT,0.479,0.501,0.02
16.5339,75.2839,Karnataka,BAGALKOT,0.479,0.501,0.02
16.6746,75.275,Karnataka,BAGALKOT,0.479,0.501,0.02
16.6286,75.3048,Karnataka,BAGALKOT,0.479,0.501,0.02
16.4565,75.1146,Karnataka,BAGALKOT,0.479,0.501,0.02
16.4322,75.3119,Karnataka,BAGALKOT,0.479,0.501,0.02
16.5608,75.4576,Karnataka,BAGALKOT,0.479,0.501,0.02
16.2047,75.3547,Karnataka,BAGALKOT,0.479,0.501,0.02
16.3678,75.3429,Karnataka,BAGALKOT,0.479,0.501,0.02
16.1452,75.3611,Karnataka,BAGALKOT,0.479,0.501,0.02
16.2375,75.3933,Karnataka,BAGALKOT,0.479,0.501,0.02
16.2258,75.3016,Karnataka,BAGALKOT,0.479,0.501,0.02
15.3287,77.0121,Karnataka,BELLARY,0.836,0.11,0.054
15.1769,76.9973,Karnataka,BELLARY,0.836,0.11,0.054
15.2151,76.9945,Karnataka,BELLARY,0.836,0.11,0.054
15.2658,76.7931,Karnataka,BELLARY,0.836,0.11,0.054
15.3749,76.682,Karnataka,BELLARY,0.836,0.11,0.054
15.228,76.9193,Karnataka,BELLARY,0.836,0.11,0.054
14.8136,75.7736,Karnataka,BELLARY,0.836,0.11,0.054
14.7853,75.7923,Karnataka,BELLARY,0.836,0.11,0.054
14.8942,75.7665,Karnataka,BELLARY,0.836,0.11,0.054
15.1245,75.9886,Karnataka,BELLARY,0.836,0.11,0.054
14.9321,75.9372,Karnataka,BELLARY,0.836,0.11,0.054
14.9494,75.9162,Karnataka,BELLARY,0.836,0.11,0.054
15.2635,76.5062,Karnataka,BELLARY,0.836,0.11,0.054
15.2994,76.5595,Karnataka,BELLARY,0.836,0.11,0.054
15.2449,76.6181,Karnataka,BELLARY,0.836,0.11,0.054
15.2776,76.402,Karnataka,BELLARY,0.836,0.11,0.054
15.3911,76.5892,Karnataka,BELLARY,0.836,0.11,0.054
15.0719,76.1199,Karnataka,BELLARY,0.836,0.11,0.054
14.9421,76.2875,Karnataka,BELLARY,0.836,0.11,0.054
15.1261,76.2964,Karnataka,BELLARY,0.836,0.11,0.054
15.0498,76.1582,Karnataka,BELLARY,0.836,0.11,0.054
15.1364,76.0359,Karnataka,BELLARY,0.836,0.11,0.054
15.017,76.2455,Karnataka,BELLARY,0.836,0.11,0.054
15.0015,76.1656,Karnataka,BELLARY,0.836,0.11,0.054
15.13,76.1295,Karnataka,BELLARY,0.836,0.11,0.054
14.9865,76.081,Karnataka,BELLARY,0.836,0.11,0.054
14.6778,76.3665,Karnataka,BELLARY,0.836,0.11,0.054
14.8794,76.3221,Karnataka,BELLARY,0.836,0.11,0.054
14.8647,76.4704,Karnataka,BELLARY,0.836,0.11,0.054
14.818,76.6251,Karnataka,BELLARY,0.836,0.11,0.054
15.2668,76.6423,Karnataka,BELLARY,0.836,0.11,0.054
14.915,76.5397,Karnataka,BELLARY,0.836,0.11,0.054
15.0051,76.642,Karnataka,BELLARY,0.836,0.11,0.054
14.8973,76.5791,Karnataka,BELLARY,0.836,0.11,0.054
14.9085,76.671,Karnataka,BELLARY,0.836,0.11,0.054
14.9966,76.7609,Karnataka,BELLARY,0.836,0.11,0.054
14.997,76.7293,Karnataka,CHITRADURGA,0.865,0.125,0.009
15.4803,76.8515,Karnataka,BELLARY,0.836,0.11,0.054
15.5953,76.9402,Karnataka,BELLARY,0.836,0.11,0.054
15.6657,76.9666,Karnataka,BELLARY,0.836,0.11,0.054
15.6345,76.9714,Karnataka,BELLARY,0.836,0.11,0.054
15.6985,77.0407,Karnataka,BELLARY,0.836,0.11,0.054
15.4141,76.8495,Karnataka,BELLARY,0.836,0.11,0.054
15.4801,76.858,Karnataka,BELLARY,0.836,0.11,0.054
15.4466,76.8095,Karnataka,BELLARY,0.836,0.11,0.054
15.4858,76.8858,Karnataka,BELLARY,0.836,0.11,0.054
16.696,75.0398,Karnataka,BELGAUM,0.663,0.33,0.007
16.7884,75.0124,Karnataka,BELGAUM,0.663,0.33,0.007
16.825,75.1141,Karnataka,BELGAUM,0.663,0.33,0.007
16.761,74.9658,Karnataka,BELGAUM,0.663,0.33,0.007
16.8474,75.1551,Karnataka,BELGAUM,0.663,0.33,0.007
16.7163,74.7741,Karnataka,BELGAUM,0.663,0.33,0.007
16.7426,75.2829,Karnataka,BELGAUM,0.663,0.33,0.007
15.9694,74.8296,Karnataka,BELGAUM,0.663,0.33,0.007
15.8362,74.7611,Karnataka,BELGAUM,0.663,0.33,0.007
15.5776,74.7563,Karnataka,BELGAUM,0.663,0.33,0.007
15.5916,74.7167,Karnataka,BELGAUM,0.663,0.33,0.007
15.9007,74.719,Karnataka,BELGAUM,0.663,0.33,0.007
15.6986,74.7987,Karnataka,BELGAUM,0.663,0.33,0.007
15.9385,74.7614,Karnataka,BELGAUM,0.663,0.33,0.007
15.7028,74.799,Karnataka,BELGAUM,0.663,0.33,0.007
15.7807,74.4151,Karnataka,BELGAUM,0.663,0.33,0.007
15.8111,74.5971,Karnataka,BELGAUM,0.663,0.33,0.007
15.7095,74.5848,Karnataka,BELGAUM,0.663,0.33,0.007
16.0354,74.5333,Karnataka,BELGAUM,0.663,0.33,0.007
15.837,74.6127,Karnataka,BELGAUM,0.663,0.33,0.007
15.8468,74.4187,Karnataka,BELGAUM,0.663,0.33,0.007
15.8495,74.493,Karnataka,BELGAUM,0.663,0.33,0.007
16.4409,74.6846,Karnataka,BELGAUM,0.663,0.33,0.007
16.5321,74.4558,Karnataka,BELGAUM,0.663,0.33,0.007
16.5031,74.4705,Karnataka,BELGAUM,0.663,0.33,0.007
16.5544,74.6575,Karnataka,BELGAUM,0.663,0.33,0.007
16.5652,74.6122,Karnataka,BELGAUM,0.663,0.33,0.007
16.2571,75.0091,Karnataka,BELGAUM,0.663,0.33,0.007
16.2379,74.7696,Karnataka,BELGAUM,0.663,0.33,0.007
16.2671,75.0607,Karnataka,BELGAUM,0.663,0.33,0.007
16.3258,75.1252,Karnataka,BELGAUM,0.663,0.33,0.007
16.1725,74.8645,Karnataka,BELGAUM,0.663,0.33,0.007
16.0136,74.661,Karnataka,BELGAUM,0.663,0.33,0.007
15.9975,74.8249,Karnataka,BELGAUM,0.663,0.33,0.007
16.3094,75.0373,Karnataka,BELGAUM,0.663,0.33,0.007
16.3286,74.5375,Karnataka,BELGAUM,0.663,0.33,0.007
16.3181,74.5618,Karnataka,BELGAUM,0.663,0.33,0.007
16.1959,74.5398,Karnataka,BELGAUM,0.663,0.33,0.007
16.2904,74.4661,Karnataka,BELGAUM,0.663,0.33,0.007
16.2314,74.6835,Karnataka,BELGAUM,0.663,0.33,0.007
15.9831,74.581,Karnataka,BELGAUM,0.663,0.33,0.007
16.1023,74.6672,Karnataka,BELGAUM,0.663,0.33,0.007
16.3172,74.5332,Karnataka,BELGAUM,0.663,0.33,0.007
16.1237,74.5873,Karnataka,BELGAUM,0.663,0.33,0.007
15.7026,74.6499,Karnataka,BELGAUM,0.663,0.33,0.007
15.5984,74.5042,Karnataka,BELGAUM,0.663,0.33,0.007
15.6368,74.7069,Karnataka,BELGAUM,0.663,0.33,0.007
15.4733,74.5878,Karnataka,BELGAUM,0.663,0.33,0.007
15.5716,74.4271,Karnataka,BELGAUM,0.663,0.33,0.007
15.5651,74.6028,Karnataka,BELGAUM,0.663,0.33,0.007
15.6272,74.4298,Karnataka,BELGAUM,0.663,0.33,0.007
15.482,74.6615,Karnataka,BELGAUM,0.663,0.33,0.007
16.4378,74.8744,Karnataka,BELGAUM,0.663,0.33,0.007
16.4676,74.9654,Karnataka,BELGAUM,0.663,0.33,0.007
16.3232,74.8566,Karnataka,BELGAUM,0.663,0.33,0.007
16.4775,74.8086,Karnataka,BELGAUM,0.663,0.33,0.007
16.3445,74.8557,Karnataka,BELGAUM,0.663,0.33,0.007
16.4305,74.7925,Karnataka,BELGAUM,0.663,0.33,0.007
16.499,74.7655,Karnataka,BELGAUM,0.663,0.33,0.007
16.3251,74.8317,Karnataka,BELGAUM,0.663,0.33,0.007
16.4062,74.8296,Karnataka,BELGAUM,0.663,0.33,0.007
16.0931,75.2396,Karnataka,BELGAUM,0.663,0.33,0.007
16.1385,75.1496,Karnataka,BELGAUM,0.663,0.33,0.007
15.9967,75.268,Karnataka,BELGAUM,0.663,0.33,0.007
15.9847,75.127,Karnataka,BELGAUM,0.663,0.33,0.007
15.9376,75.369,Karnataka,BELGAUM,0.663,0.33,0.007
16.0063,75.1,Karnataka,BELGAUM,0.663,0.33,0.007
15.9018,75.2843,Karnataka,BELGAUM,0.663,0.33,0.007
15.8761,74.8947,Karnataka,BELGAUM,0.663,0.33,0.007
15.8955,74.8416,Karnataka,BELGAUM,0.663,0.33,0.007
16.057,75.0617,Karnataka,BELGAUM,0.663,0.33,0.007
15.7257,75.2185,Karnataka,BELGAUM,0.663,0.33,0.007
15.8631,75.0968,Karnataka,BELGAUM,0.663,0.33,0.007
15.6818,75.0657,Karnataka,BELGAUM,0.663,0.33,0.007
15.9884,74.8729,Karnataka,BELGAUM,0.663,0.33,0.007
13.2257,77.7935,Karnataka,BANGALORE RURAL,0.96,0.033,0.007
13.2105,77.6917,Karnataka,BANGALORE RURAL,0.96,0.033,0.007
13.3332,77.7699,Karnataka,BANGALORE RURAL,0.96,0.033,0.007
13.259,77.6696,Karnataka,BANGALORE RURAL,0.96,0.033,0.007
13.1363,77.7574,Karnataka,BANGALORE RURAL,0.96,0.033,0.007
13.1509,77.7307,Karnataka,BENGALURU URBAN,0.96,0.024,0.015
13.3074,77.6516,Karnataka,BANGALORE RURAL,0.96,0.033,0.007
13.1282,77.7629,Karnataka,BANGALORE RURAL,0.96,0.033,0.007
13.2026,77.89,Karnataka,BANGALORE RURAL,0.96,0.033,0.007
12.9488,77.8197,Karnataka,BANGALORE RURAL,0.96,0.033,0.007
12.996,77.7925,Karnataka,BANGALORE RURAL,0.96,0.033,0.007
13.1221,77.8014,Karnataka,BANGALORE RURAL,0.96,0.033,0.007
13.1366,77.3506,Karnataka,BANGALORE RURAL,0.96,0.033,0.007
13.2005,77.354,Karnataka,BANGALORE RURAL,0.96,0.033,0.007
13.3211,77.3383,Karnataka,BANGALORE RURAL,0.96,0.033,0.007
13.1647,77.3361,Karnataka,BANGALORE RURAL,0.96,0.033,0.007
12.7427,77.7415,Karnataka,BENGALURU URBAN,0.96,0.024,0.015
12.722,77.7105,Karnataka,BENGALURU URBAN,0.96,0.024,0.015
12.8061,77.4943,Karnataka,BENGALURU URBAN,0.96,0.024,0.015
12.9165,77.4476,Karnataka,BENGALURU URBAN,0.96,0.024,0.015
12.9618,77.4199,Karnataka,BENGALURU URBAN,0.96,0.024,0.015
12.8718,77.5103,Karnataka,BENGALURU URBAN,0.96,0.024,0.015
12.9163,77.6227,Karnataka,BENGALURU URBAN,0.96,0.024,0.015
12.8497,77.4403,Karnataka,BENGALURU URBAN,0.96,0.024,0.015
12.8995,77.438,Karnataka,BENGALURU URBAN,0.96,0.024,0.015
18.1868,77.2674,Karnataka,BIDAR,0.795,0.205,0.0
13.0643,77.6356,Karnataka,BENGALURU URBAN,0.96,0.024,0.015
13.1123,77.6468,Karnataka,BENGALURU URBAN,0.96,0.024,0.015
13.0109,77.7436,Karnataka,BENGALURU URBAN,0.96,0.024,0.015
13.0164,77.6926,Karnataka,BENGALURU URBAN,0.96,0.024,0.015
13.0445,77.6719,Karnataka,BENGALURU URBAN,0.96,0.024,0.015
12.8976,77.7247,Karnataka,BENGALURU URBAN,0.96,0.024,0.015
12.936,77.7408,Karnataka,BENGALURU URBAN,0.96,0.024,0.015
12.8812,77.7158,Karnataka,BENGALURU URBAN,0.96,0.024,0.015
17.8968,76.9214,Karnataka,BIDAR,0.795,0.205,0.0
17.8683,76.9895,Karnataka,BIDAR,0.795,0.205,0.0
17.6673,76.739,Karnataka,BIDAR,0.795,0.205,0.0
17.8568,76.9225,Karnataka,BIDAR,0.795,0.205,0.0
17.7898,76.7688,Karnataka,BIDAR,0.795,0.205,0.0
17.8493,77.0526,Karnataka,BIDAR,0.795,0.205,0.0
17.9445,77.2353,Karnataka,BIDAR,0.795,0.205,0.0
17.9881,77.2171,Karnataka,BIDAR,0.795,0.205,0.0
18.1174,77.0435,Karnataka,BIDAR,0.795,0.205,0.0
18.0656,76.9694,Karnataka,BIDAR,0.795,0.205,0.0
18.055,77.3816,Karnataka,BIDAR,0.795,0.205,0.0
17.7946,77.4088,Karnataka,BIDAR,0.795,0.205,0.0
17.7371,77.5101,Karnataka,BIDAR,0.795,0.205,0.0
17.7664,77.3838,Karnataka,BIDAR,0.795,0.205,0.0
17.7591,77.453,Karnataka,BIDAR,0.795,0.205,0.0
17.7743,77.5088,Karnataka,BIDAR,0.795,0.205,0.0
17.8241,77.3208,Karnataka,BIDAR,0.795,0.205,0.0
17.9902,77.3997,Karnataka,BIDAR,0.795,0.205,0.0
17.7056,77.2273,Karnataka,BIDAR,0.795,0.205,0.0
17.6101,77.3401,Karnataka,BIDAR,0.795,0.205,0.0
17.8748,77.2918,Karnataka,BIDAR,0.795,0.205,0.0
17.8816,77.2836,Karnataka,BIDAR,0.795,0.205,0.0
17.7487,77.0993,Karnataka,BIDAR,0.795,0.205,0.0
17.6813,77.4077,Karnataka,BIDAR,0.795,0.205,0.0
17.7681,77.1419,Karnataka,BIDAR,0.795,0.205,0.0
11.7763,76.8636,Karnataka,CHAMARAJANAGAR,0.787,0.198,0.015
11.9919,76.8722,Karnataka,CHAMARAJANAGAR,0.787,0.198,0.015
11.8261,77.0572,Karnataka,CHAMARAJANAGAR,0.787,0.198,0.015
11.8436,77.0407,Karnataka,CHAMARAJANAGAR,0.787,0.198,0.015
11.7684,76.6484,Karnataka,CHAMARAJANAGAR,0.787,0.198,0.015
11.7764,76.4641,Karnataka,CHAMARAJANAGAR,0.787,0.198,0.015
11.7307,76.4449,Karnataka,CHAMARAJANAGAR,0.787,0.198,0.015
11.7043,76.7113,Karnataka,CHAMARAJANAGAR,0.787,0.198,0.015
11.9484,76.6868,Karnataka,CHAMARAJANAGAR,0.787,0.198,0.015
13.7618,77.9518,Karnataka,CHIKBALLAPUR,0.973,0.023,0.004
13.7645,78.0866,Karnataka,CHIKBALLAPUR,0.973,0.023,0.004
13.8102,78.0536,Karnataka,CHIKBALLAPUR,0.973,0.023,0.004
13.7414,77.9255,Karnataka,CHIKBALLAPUR,0.973,0.023,0.004
12.0427,77.0039,Karnataka,CHAMARAJANAGAR,0.787,0.198,0.015
12.0479,77.0042,Karnataka,CHAMARAJANAGAR,0.787,0.198,0.015
12.0429,77.0611,Karnataka,CHAMARAJANAGAR,0.787,0.198,0.015
11.9127,77.1604,Karnataka,CHAMARAJANAGAR,0.787,0.198,0.015
11.9591,77.134,Karnataka,CHAMARAJANAGAR,0.787,0.198,0.015
12.0258,77.1372,Karnataka,CHAMARAJANAGAR,0.787,0.198,0.015
12.0723,77.0797,Karnataka,CHAMARAJANAGAR,0.787,0.198,0.015
12.1048,77.0063,Karnataka,CHAMARAJANAGAR,0.787,0.198,0.015
12.0403,77.075,Karnataka,CHAMARAJANAGAR,0.787,0.198,0.015
13.47,77.6723,Karnataka,CHIKBALLAPUR,0.973,0.023,0.004
13.5531,77.8026,Karnataka,CHIKBALLAPUR,0.973,0.023,0.004
13.3917,77.777,Karnataka,CHIKBALLAPUR,0.973,0.023,0.004
13.4559,77.6239,Karnataka,CHIKBALLAPUR,0.973,0.023,0.004
13.3793,77.6829,Karnataka,CHIKBALLAPUR,0.973,0.023,0.004
13.5858,77.7849,Karnataka,CHIKBALLAPUR,0.973,0.023,0.004
13.3721,78.1291,Karnataka,CHIKBALLAPUR,0.973,0.023,0.004
13.5692,77.9827,Karnataka,CHIKBALLAPUR,0.973,0.023,0.004
13.4875,78.0382,Karnataka,CHIKBALLAPUR,0.973,0.023,0.004
13.3226,78.0826,Karnataka,CHIKBALLAPUR,0.973,0.023,0.004
13.5728,78.0136,Karnataka,CHIKBALLAPUR,0.973,0.023,0.004
13.3177,78.0674,Karnataka,CHIKBALLAPUR,0.973,0.023,0.004
13.5657,78.1453,Karnataka,CHIKBALLAPUR,0.973,0.023,0.004
13.4332,77.9916,Karnataka,CHIKBALLAPUR,0.973,0.023,0.004
13.6947,77.6124,Karnataka,CHIKBALLAPUR,0.973,0.023,0.004
13.7488,77.5433,Karnataka,CHIKBALLAPUR,0.973,0.023,0.004
13.7019,77.5592,Karnataka,CHIKBALLAPUR,0.973,0.023,0.004
13.5622,77.5739,Karnataka,CHIKBALLAPUR,0.973,0.023,0.004
13.5626,77.6263,Karnataka,CHIKBALLAPUR,0.973,0.023,0.004
13.7137,77.78,Karnataka,CHIKBALLAPUR,0.973,0.023,0.004
13.7139,77.7328,Karnataka,CHIKBALLAPUR,0.973,0.023,0.004
13.6553,77.6709,Karnataka,CHIKBALLAPUR,0.973,0.023,0.004
13.6722,77.7304,Karnataka,CHIKBALLAPUR,0.973,0.023,0.004
13.7201,77.7411,Karnataka,CHIKBALLAPUR,0.973,0.023,0.004
13.6292,77.7117,Karnataka,CHIKBALLAPUR,0.973,0.023,0.004
13.6514,77.7474,Karnataka,CHIKBALLAPUR,0.973,0.023,0.004
13.5838,77.9175,Karnataka,CHIKBALLAPUR,0.973,0.023,0.004
13.4313,77.9304,Karnataka,CHIKBALLAPUR,0.973,0.023,0.004
13.6309,77.8428,Karnataka,CHIKBALLAPUR,0.973,0.023,0.004
13.3755,77.9577,Karnataka,CHIKBALLAPUR,0.973,0.023,0.004
13.4783,77.9866,Karnataka,CHIKBALLAPUR,0.973,0.023,0.004
13.2873,77.8932,Karnataka,CHIKBALLAPUR,0.973,0.023,0.004
13.4824,77.8697,Karnataka,CHIKBALLAPUR,0.973,0.023,0.004
13.3876,75.9916,Karnataka,CHIKMAGALUR,0.839,0.142,0.019
13.6074,75.9327,Karnataka,CHIKMAGALUR,0.839,0.142,0.019
13.7253,76.1585,Karnataka,CHIKMAGALUR,0.839,0.142,0.019
13.5204,76.206,Karnataka,CHIKMAGALUR,0.839,0.142,0.019
13.5488,76.1946,Karnataka,CHIKMAGALUR,0.839,0.142,0.019
13.5087,75.6951,Karnataka,CHIKMAGALUR,0.839,0.142,0.019
13.3557,75.6001,Karnataka,CHIKMAGALUR,0.839,0.142,0.019
13.4507,75.6661,Karnataka,CHIKMAGALUR,0.839,0.142,0.019
13.2578,75.6592,Karnataka,CHIKMAGALUR,0.839,0.142,0.019
13.1968,75.6864,Karnataka,CHIKMAGALUR,0.839,0.142,0.019
13.3611,75.6432,Karnataka,CHIKMAGALUR,0.839,0.142,0.019
13.3933,75.5652,Karnataka,CHIKMAGALUR,0.839,0.142,0.019
13.2522,75.365,Karnataka,CHIKMAGALUR,0.839,0.142,0.019
13.0472,75.6997,Karnataka,CHIKMAGALUR,0.839,0.142,0.019
13.2318,75.5855,Karnataka,CHIKMAGALUR,0.839,0.142,0.019
13.4066,75.3184,Karnataka,CHIKMAGALUR,0.839,0.142,0.019
13.3186,75.3168,Karnataka,CHIKMAGALUR,0.839,0.142,0.019
13.5451,75.2558,Karnataka,CHIKMAGALUR,0.839,0.142,0.019
13.3702,75.3244,Karnataka,CHIKMAGALUR,0.839,0.142,0.019
13.3092,75.2901,Karnataka,CHIKMAGALUR,0.839,0.142,0.019
13.3471,75.3896,Karnataka,CHIKMAGALUR,0.839,0.142,0.019
13.5807,75.3977,Karnataka,CHIKMAGALUR,0.839,0.142,0.019
13.5295,75.3279,Karnataka,CHIKMAGALUR,0.839,0.142,0.019
13.5584,75.3599,Karnataka,CHIKMAGALUR,0.839,0.142,0.019
13.5386,75.3161,Karnataka,CHIKMAGALUR,0.839,0.142,0.019
13.6218,75.427,Karnataka,CHIKMAGALUR,0.839,0.142,0.019
13.5712,75.6234,Karnataka,CHIKMAGALUR,0.839,0.142,0.019
13.5762,75.5561,Karnataka,CHIKMAGALUR,0.839,0.142,0.019
13.2948,75.4406,Karnataka,CHIKMAGALUR,0.839,0.142,0.019
13.6365,75.415,Karnataka,CHIKMAGALUR,0.839,0.142,0.019
13.6428,75.5787,Karnataka,CHIKMAGALUR,0.839,0.142,0.019
13.5223,75.5314,Karnataka,CHIKMAGALUR,0.839,0.142,0.019
13.5345,75.7736,Karnataka,CHIKMAGALUR,0.839,0.142,0.019
13.8073,75.831,Karnataka,CHIKMAGALUR,0.839,0.142,0.019
13.6343,75.6005,Karnataka,CHIKMAGALUR,0.839,0.142,0.019
13.6742,75.9613,Karnataka,CHIKMAGALUR,0.839,0.142,0.019
13.3153,75.1389,Karnataka,CHIKMAGALUR,0.839,0.142,0.019
13.4035,75.1757,Karnataka,CHIKMAGALUR,0.839,0.142,0.019
13.2745,75.2501,Karnataka,CHIKMAGALUR,0.839,0.142,0.019
13.4417,75.2509,Karnataka,CHIKMAGALUR,0.839,0.142,0.019
13.3496,75.1628,Karnataka,CHIKMAGALUR,0.839,0.142,0.019
13.4794,75.168,Karnataka,CHIKMAGALUR,0.839,0.142,0.019
13.3313,75.153,Karnataka,CHIKMAGALUR,0.839,0.142,0.019
13.3823,75.177,Karnataka,CHIKMAGALUR,0.839,0.142,0.019
13.3312,75.2112,Karnataka,CHIKMAGALUR,0.839,0.142,0.019
13.438,75.2026,Karnataka,CHIKMAGALUR,0.839,0.142,0.019
14.2019,76.6021,Karnataka,CHITRADURGA,0.865,0.125,0.009
14.1043,76.8776,Karnataka,CHITRADURGA,0.865,0.125,0.009
13.741,76.5789,Karnataka,CHITRADURGA,0.865,0.125,0.009
14.0253,76.717,Karnataka,CHITRADURGA,0.865,0.125,0.009
13.9828,76.4914,Karnataka,CHITRADURGA,0.865,0.125,0.009
14.3494,76.4499,Karnataka,CHITRADURGA,0.865,0.125,0.009
14.3843,76.1592,Karnataka,CHITRADURGA,0.865,0.125,0.009
14.2278,76.4081,Karnataka,CHITRADURGA,0.865,0.125,0.009
14.2562,76.171,Karnataka,CHITRADURGA,0.865,0.125,0.009
14.3016,76.1176,Karnataka,CHITRADURGA,0.865,0.125,0.009
14.2851,76.1215,Karnataka,CHITRADURGA,0.865,0.125,0.009
14.3689,76.479,Karnataka,CHITRADURGA,0.865,0.125,0.009
14.084,76.4206,Karnataka,CHITRADURGA,0.865,0.125,0.009
14.0582,76.1811,Karnataka,CHITRADURGA,0.865,0.125,0.009
14.0569,76.1807,Karnataka,CHITRADURGA,0.865,0.125,0.009
14.2238,76.1483,Karnataka,CHITRADURGA,0.865,0.125,0.009
14.1295,76.2055,Karnataka,CHITRADURGA,0.865,0.125,0.009
13.9659,76.1796,Karnataka,CHITRADURGA,0.865,0.125,0.009
14.0281,76.3116,Karnataka,CHITRADURGA,0.865,0.125,0.009
13.6726,76.4287,Karnataka,CHITRADURGA,0.865,0.125,0.009
13.7887,76.1636,Karnataka,CHITRADURGA,0.865,0.125,0.009
13.7606,76.1895,Karnataka,CHITRADURGA,0.865,0.125,0.009
13.6939,76.2323,Karnataka,CHITRADURGA,0.865,0.125,0.009
13.7689,76.4396,Karnataka,CHITRADURGA,0.865,0.125,0.009
13.8617,76.2637,Karnataka,CHITRADURGA,0.865,0.125,0.009
13.8843,76.2004,Karnataka,CHITRADURGA,0.865,0.125,0.009
13.7884,76.4237,Karnataka,CHITRADURGA,0.865,0.125,0.009
12.8917,75.0809,Karnataka,DAKSHIN KANNAD,0.641,0.332,0.027
12.9065,75.0376,Karnataka,DAKSHIN KANNAD,0.641,0.332,0.027
12.7425,75.0004,Karnataka,DAKSHIN KANNAD,0.641,0.332,0.027
12.9639,75.0294,Karnataka,DAKSHIN KANNAD,0.641,0.332,0.027
12.895,75.1912,Karnataka,DAKSHIN KANNAD,0.641,0.332,0.027
12.7339,75.0118,Karnataka,DAKSHIN KANNAD,0.641,0.332,0.027
14.786,76.7463,Karnataka,CHITRADURGA,0.865,0.125,0.009
14.8866,76.792,Karnataka,CHITRADURGA,0.865,0.125,0.009
14.9864,76.702,Karnataka,CHITRADURGA,0.865,0.125,0.009
14.8386,76.8172,Karnataka,CHITRADURGA,0.865,0.125,0.009
14.931,76.7507,Karnataka,CHITRADURGA,0.865,0.125,0.009
14.9179,76.7378,Karnataka,CHITRADURGA,0.865,0.125,0.009
14.8683,76.801,Karnataka,CHITRADURGA,0.865,0.125,0.009
14.6244,76.6928,Karnataka,CHITRADURGA,0.865,0.125,0.009
14.641,76.7255,Karnataka,CHITRADURGA,0.865,0.125,0.009
14.8831,76.8035,Karnataka,CHITRADURGA,0.865,0.125,0.009
12.9074,75.4373,Karnataka,DAKSHIN KANNAD,0.641,0.332,0.027
12.9283,75.3635,Karnataka,DAKSHIN KANNAD,0.641,0.332,0.027
13.0023,75.3814,Karnataka,DAKSHIN KANNAD,0.641,0.332,0.027
13.1329,75.1931,Karnataka,DAKSHIN KANNAD,0.641,0.332,0.027
12.942,74.8348,Karnataka,DAKSHIN KANNAD,0.641,0.332,0.027
13.048,74.9955,Karnataka,UDUPI,0.811,0.178,0.011
13.0363,74.8512,Karnataka,DAKSHIN KANNAD,0.641,0.332,0.027
12.8173,75.2367,Karnataka,DAKSHIN KANNAD,0.641,0.332,0.027
12.8094,75.3622,Karnataka,DAKSHIN KANNAD,0.641,0.332,0.027
12.7961,75.3382,Karnataka,DAKSHIN KANNAD,0.641,0.332,0.027
12.7856,75.2526,Karnataka,DAKSHIN KANNAD,0.641,0.332,0.027
12.8677,75.5907,Karnataka,DAKSHIN KANNAD,0.641,0.332,0.027
12.7004,75.295,Karnataka,DAKSHIN KANNAD,0.641,0.332,0.027
12.6386,75.577,Karnataka,DAKSHIN KANNAD,0.641,0.332,0.027
12.6639,75.6409,Karnataka,DAKSHIN KANNAD,0.641,0.332,0.027
12.4987,75.3273,Karnataka,DAKSHIN KANNAD,0.641,0.332,0.027
12.5732,75.4359,Karnataka,DAKSHIN KANNAD,0.641,0.332,0.027
12.575,75.6028,Karnataka,DAKSHIN KANNAD,0.641,0.332,0.027
12.5273,75.4117,Karnataka,DAKSHIN KANNAD,0.641,0.332,0.027
14.0354,75.9845,Karnataka,DAVANGERE,0.885,0.031,0.084
14.2892,75.8733,Karnataka,DAVANGERE,0.885,0.031,0.084
14.2193,76.0081,Karnataka,DAVANGERE,0.885,0.031,0.084
14.2352,75.8244,Karnataka,DAVANGERE,0.885,0.031,0.084
14.6837,75.8292,Karnataka,DAVANGERE,0.885,0.031,0.084
14.8778,75.8064,Karnataka,BELLARY,0.836,0.11,0.054
14.7309,76.0725,Karnataka,DAVANGERE,0.885,0.031,0.084
14.8995,75.9831,Karnataka,DAVANGERE,0.885,0.031,0.084
14.3177,76.0945,Karnataka,DAVANGERE,0.885,0.031,0.084
14.3663,76.0592,Karnataka,DAVANGERE,0.885,0.031,0.084
14.3542,75.9371,Karnataka,DAVANGERE,0.885,0.031,0.084
14.5093,76.0185,Karnataka,DAVANGERE,0.885,0.031,0.084
14.5266,75.8527,Karnataka,DAVANGERE,0.885,0.031,0.084
14.4519,75.8767,Karnataka,DAVANGERE,0.885,0.031,0.084
14.2868,76.1192,Karnataka,CHITRADURGA,0.865,0.125,0.009
14.4505,75.9539,Karnataka,DAVANGERE,0.885,0.031,0.084
14.3517,76.0255,Karnataka,DAVANGERE,0.885,0.031,0.084
14.37,75.8608,Karnataka,DAVANGERE,0.885,0.031,0.084
14.2601,75.5399,Karnataka,DAVANGERE,0.885,0.031,0.084
14.1876,75.6572,Karnataka,DAVANGERE,0.885,0.031,0.084
14.1918,75.7349,Karnataka,DAVANGERE,0.885,0.031,0.084
14.1542,75.5245,Karnataka,DAVANGERE,0.885,0.031,0.084
14.4606,75.7862,Karnataka,DAVANGERE,0.885,0.031,0.084
14.4505,75.6425,Karnataka,DAVANGERE,0.885,0.031,0.084
14.5806,75.8467,Karnataka,DAVANGERE,0.885,0.031,0.084
14.3701,75.626,Karnataka,DAVANGERE,0.885,0.031,0.084
14.3828,75.649,Karnataka,DAVANGERE,0.885,0.031,0.084
14.5969,75.8358,Karnataka,DAVANGERE,0.885,0.031,0.084
14.5694,75.8264,Karnataka,DAVANGERE,0.885,0.031,0.084
14.4079,75.7329,Karnataka,DAVANGERE,0.885,0.031,0.084
15.5241,75.0089,Karnataka,DHARWAD,0.636,0.362,0.002
15.5034,75.03,Karnataka,DHARWAD,0.636,0.362,0.002
14.4422,76.2903,Karnataka,DAVANGERE,0.885,0.031,0.084
14.667,76.1341,Karnataka,DAVANGERE,0.885,0.031,0.084
14.6771,76.2639,Karnataka,DAVANGERE,0.885,0.031,0.084
14.5823,76.1698,Karnataka,DAVANGERE,0.885,0.031,0.084
14.6502,76.1573,Karnataka,DAVANGERE,0.885,0.031,0.084
14.5394,76.3603,Karnataka,DAVANGERE,0.885,0.031,0.084
15.4768,75.2662,Karnataka,DHARWAD,0.636,0.362,0.002
15.3404,75.0272,Karnataka,DHARWAD,0.636,0.362,0.002
15.3561,75.27,Karnataka,DHARWAD,0.636,0.362,0.002
15.3507,75.4322,Karnataka,DHARWAD,0.636,0.362,0.002
15.3588,75.1484,Karnataka,DHARWAD,0.636,0.362,0.002
15.3719,75.1609,Karnataka,DHARWAD,0.636,0.362,0.002
15.296,75.1509,Karnataka,DHARWAD,0.636,0.362,0.002
15.3898,75.085,Karnataka,DHARWAD,0.636,0.362,0.002
15.135,75.0883,Karnataka,DHARWAD,0.636,0.362,0.002
15.1471,74.8653,Karnataka,DHARWAD,0.636,0.362,0.002
15.0744,74.8868,Karnataka,DHARWAD,0.636,0.362,0.002
15.2015,74.9412,Karnataka,DHARWAD,0.636,0.362,0.002
15.2348,75.0059,Karnataka,DHARWAD,0.636,0.362,0.002
15.1629,75.0107,Karnataka,DHARWAD,0.636,0.362,0.002
15.2064,75.0828,Karnataka,DHARWAD,0.636,0.362,0.002
15.5451,75.3445,Karnataka,DHARWAD,0.636,0.362,0.002
15.575,75.4331,Karnataka,DHARWAD,0.636,0.362,0.002
15.6407,75.1742,Karnataka,DHARWAD,0.636,0.362,0.002
15.2107,75.2194,Karnataka,DHARWAD,0.636,0.362,0.002
15.1438,75.2112,Karnataka,DHARWAD,0.636,0.362,0.002
15.1375,75.3483,Karnataka,DHARWAD,0.636,0.362,0.002
15.3239,75.2722,Karnataka,DHARWAD,0.636,0.362,0.002
15.1818,75.3126,Karnataka,DHARWAD,0.636,0.362,0.002
15.2905,75.2086,Karnataka,DHARWAD,0.636,0.362,0.002
15.2193,75.2027,Karnataka,DHARWAD,0.636,0.362,0.002
15.4189,75.5396,Karnataka,GADAG,0.592,0.399,0.008
15.6113,75.5501,Karnataka,GADAG,0.592,0.399,0.008
15.255,75.5888,Karnataka,GADAG,0.592,0.399,0.008
15.4597,75.5961,Karnataka,GADAG,0.592,0.399,0.008
15.411,75.7191,Karnataka,GADAG,0.592,0.399,0.008
15.3088,75.6826,Karnataka,GADAG,0.592,0.399,0.008
15.3131,75.8877,Karnataka,GADAG,0.592,0.399,0.008
15.25,75.7931,Karnataka,GADAG,0.592,0.399,0.008
15.17,75.8064,Karnataka,GADAG,0.592,0.399,0.008
15.2717,75.7544,Karnataka,GADAG,0.592,0.399,0.008
15.646,75.7936,Karnataka,GADAG,0.592,0.399,0.008
15.2114,75.5779,Karnataka,GADAG,0.592,0.399,0.008
15.1812,75.4704,Karnataka,GADAG,0.592,0.399,0.008
15.0488,75.4845,Karnataka,GADAG,0.592,0.399,0.008
15.2047,75.5984,Karnataka,GADAG,0.592,0.399,0.008
15.0956,75.5828,Karnataka,GADAG,0.592,0.399,0.008
15.7538,75.3939,Karnataka,GADAG,0.592,0.399,0.008
15.6596,75.3561,Karnataka,GADAG,0.592,0.399,0.008
15.7506,75.4565,Karnataka,GADAG,0.592,0.399,0.008
15.6469,75.3533,Karnataka,GADAG,0.592,0.399,0.008
15.8519,75.4942,Karnataka,GADAG,0.592,0.399,0.008
15.8046,75.3176,Karnataka,GADAG,0.592,0.399,0.008
15.8451,75.4709,Karnataka,GADAG,0.592,0.399,0.008
15.7806,75.355,Karnataka,GADAG,0.592,0.399,0.008
15.6919,75.4551,Karnataka,GADAG,0.592,0.399,0.008
15.8387,75.4606,Karnataka,GADAG,0.592,0.399,0.008
12.8992,75.9142,Karnataka,HASSAN,0.928,0.067,0.005
13.0217,76.0033,Karnataka,HASSAN,0.928,0.067,0.005
12.9892,75.9384,Karnataka,HASSAN,0.928,0.067,0.005
13.0405,75.9175,Karnataka,HASSAN,0.928,0.067,0.005
12.8498,75.842,Karnataka,HASSAN,0.928,0.067,0.005
12.8283,76.021,Karnataka,HASSAN,0.928,0.067,0.005
12.964,76.0386,Karnataka,HASSAN,0.928,0.067,0.005
12.9884,75.9717,Karnataka,HASSAN,0.928,0.067,0.005
12.8272,76.0324,Karnataka,HASSAN,0.928,0.067,0.005
12.8114,75.9524,Karnataka,HASSAN,0.928,0.067,0.005
13.1387,76.3601,Karnataka,HASSAN,0.928,0.067,0.005
13.3085,76.3043,Karnataka,HASSAN,0.928,0.067,0.005
13.282,76.2504,Karnataka,HASSAN,0.928,0.067,0.005
13.5149,76.3508,Karnataka,HASSAN,0.928,0.067,0.005
13.341,76.3253,Karnataka,HASSAN,0.928,0.067,0.005
13.4696,76.258,Karnataka,HASSAN,0.928,0.067,0.005
13.3454,76.0325,Karnataka,HASSAN,0.928,0.067,0.005
13.1618,76.3261,Karnataka,HASSAN,0.928,0.067,0.005
13.2477,76.0763,Karnataka,HASSAN,0.928,0.067,0.005
13.0167,75.7408,Karnataka,HASSAN,0.928,0.067,0.005
13.1303,75.7762,Karnataka,HASSAN,0.928,0.067,0.005
13.2181,75.9923,Karnataka,HASSAN,0.928,0.067,0.005
13.2403,75.9436,Karnataka,HASSAN,0.928,0.067,0.005
13.1607,76.01,Karnataka,HASSAN,0.928,0.067,0.005
13.2336,76.0228,Karnataka,HASSAN,0.928,0.067,0.005
12.6948,76.0094,Karnataka,HASSAN,0.928,0.067,0.005
12.5829,76.0845,Karnataka,HASSAN,0.928,0.067,0.005
12.7495,76.1286,Karnataka,HASSAN,0.928,0.067,0.005
12.6142,76.1067,Karnataka,HASSAN,0.928,0.067,0.005
12.613,75.9767,Karnataka,HASSAN,0.928,0.067,0.005
12.6491,76.1613,Karnataka,HASSAN,0.928,0.067,0.005
12.6575,76.1384,Karnataka,HASSAN,0.928,0.067,0.005
12.5897,76.0944,Karnataka,HASSAN,0.928,0.067,0.005
12.5841,76.0205,Karnataka,HASSAN,0.928,0.067,0.005
12.6959,76.1192,Karnataka,HASSAN,0.928,0.067,0.005
12.8582,76.4011,Karnataka,HASSAN,0.928,0.067,0.005
12.8293,76.4495,Karnataka,HASSAN,0.928,0.067,0.005
13.1167,76.362,Karnataka,HASSAN,0.928,0.067,0.005
12.8719,76.5426,Karnataka,HASSAN,0.928,0.067,0.005
12.7903,76.4888,Karnataka,HASSAN,0.928,0.067,0.005
12.9292,76.2887,Karnataka,HASSAN,0.928,0.067,0.005
12.9112,76.0612,Karnataka,HASSAN,0.928,0.067,0.005
12.8874,76.203,Karnataka,HASSAN,0.928,0.067,0.005
12.996,76.1537,Karnataka,HASSAN,0.928,0.067,0.005
12.6377,76.1919,Karnataka,HASSAN,0.928,0.067,0.005
12.8541,76.2612,Karnataka,HASSAN,0.928,0.067,0.005
12.7946,76.2336,Karnataka,HASSAN,0.928,0.067,0.005
12.658,76.3291,Karnataka,HASSAN,0.928,0.067,0.005
12.6828,76.2935,Karnataka,HASSAN,0.928,0.067,0.005
12.7177,76.2247,Karnataka,HASSAN,0.928,0.067,0.005
12.7561,75.826,Karnataka,HASSAN,0.928,0.067,0.005
12.7037,75.8578,Karnataka,HASSAN,0.928,0.067,0.005
12.8794,75.6428,Karnataka,HASSAN,0.928,0.067,0.005
12.7642,75.7699,Karnataka,HASSAN,0.928,0.067,0.005
12.7864,75.6559,Karnataka,HASSAN,0.928,0.067,0.005
12.9161,75.6451,Karnataka,HASSAN,0.928,0.067,0.005
14.7142,75.445,Karnataka,HAVERI,0.92,0.059,0.021
14.6833,75.4994,Karnataka,HAVERI,0.92,0.059,0.021
14.6966,75.4162,Karnataka,HAVERI,0.92,0.059,0.021
14.7046,75.5738,Karnataka,HAVERI,0.92,0.059,0.021
14.6028,75.4815,Karnataka,HAVERI,0.92,0.059,0.021
14.6453,75.3424,Karnataka,HAVERI,0.92,0.059,0.021
14.6944,75.5065,Karnataka,HAVERI,0.92,0.059,0.021
14.8285,75.3491,Karnataka,HAVERI,0.92,0.059,0.021
14.7426,75.1804,Karnataka,HAVERI,0.92,0.059,0.021
14.7893,75.2285,Karnataka,HAVERI,0.92,0.059,0.021
14.8491,75.1525,Karnataka,HAVERI,0.92,0.059,0.021
14.6438,75.214,Karnataka,HAVERI,0.92,0.059,0.021
14.6505,75.186,Karnataka,HAVERI,0.92,0.059,0.021
14.6571,75.1999,Karnataka,HAVERI,0.92,0.059,0.021
14.7175,75.1829,Karnataka,HAVERI,0.92,0.059,0.021
14.3802,75.5603,Karnataka,HAVERI,0.92,0.059,0.021
14.2983,75.5713,Karnataka,HAVERI,0.92,0.059,0.021
14.5719,75.3931,Karnataka,HAVERI,0.92,0.059,0.021
14.3784,75.3656,Karnataka,HAVERI,0.92,0.059,0.021
14.4297,75.5273,Karnataka,HAVERI,0.92,0.059,0.021
14.4023,75.3764,Karnataka,HAVERI,0.92,0.059,0.021
14.4393,75.504,Karnataka,HAVERI,0.92,0.059,0.021
14.697,75.5478,Karnataka,HAVERI,0.92,0.059,0.021
14.6441,75.8114,Karnataka,HAVERI,0.92,0.059,0.021
14.6009,75.7648,Karnataka,HAVERI,0.92,0.059,0.021
14.6076,75.687,Karnataka,HAVERI,0.92,0.059,0.021
14.6467,75.6194,Karnataka,HAVERI,0.92,0.059,0.021
14.6311,75.7335,Karnataka,HAVERI,0.92,0.059,0.021
14.6786,75.7902,Karnataka,HAVERI,0.92,0.059,0.021
15.0034,75.5223,Karnataka,HAVERI,0.92,0.059,0.021
15.0079,75.4055,Karnataka,HAVERI,0.92,0.059,0.021
14.9683,75.3432,Karnataka,HAVERI,0.92,0.059,0.021
14.9959,75.3542,Karnataka,HAVERI,0.92,0.059,0.021
14.9362,75.4877,Karnataka,HAVERI,0.92,0.059,0.021
15.0328,75.4021,Karnataka,HAVERI,0.92,0.059,0.021
15.0159,75.2848,Karnataka,HAVERI,0.92,0.059,0.021
14.9613,75.3701,Karnataka,HAVERI,0.92,0.059,0.021
14.9371,75.1328,Karnataka,HAVERI,0.92,0.059,0.021
14.9208,75.1035,Karnataka,HAVERI,0.92,0.059,0.021
14.8966,75.19,Karnataka,HAVERI,0.92,0.059,0.021
15.0481,75.1241,Karnataka,HAVERI,0.92,0.059,0.021
14.9329,75.1645,Karnataka,HAVERI,0.92,0.059,0.021
15.0998,75.2726,Karnataka,HAVERI,0.92,0.059,0.021
14.9973,75.2644,Karnataka,HAVERI,0.92,0.059,0.021
14.9336,75.2124,Karnataka,HAVERI,0.92,0.059,0.021
14.9997,75.2484,Karnataka,HAVERI,0.92,0.059,0.021
17.5525,76.8627,Karnataka,GULBARGA,0.721,0.278,0.002
17.6341,76.8372,Karnataka,GULBARGA,0.721,0.278,0.002
17.2688,76.3207,Karnataka,GULBARGA,0.721,0.278,0.002
17.4038,77.0498,Karnataka,GULBARGA,0.721,0.278,0.002
16.902,76.9789,Karnataka,GULBARGA,0.721,0.278,0.002
17.0007,77.0958,Karnataka,GULBARGA,0.721,0.278,0.002
17.3703,77.3703,Karnataka,GULBARGA,0.721,0.278,0.002
17.545,77.3917,Karnataka,GULBARGA,0.721,0.278,0.002
17.4083,77.3237,Karnataka,GULBARGA,0.721,0.278,0.002
17.4755,77.5057,Karnataka,GULBARGA,0.721,0.278,0.002
17.4899,77.1245,Karnataka,GULBARGA,0.721,0.278,0.002
17.3077,77.416,Karnataka,GULBARGA,0.721,0.278,0.002
17.5701,77.1513,Karnataka,GULBARGA,0.721,0.278,0.002
17.4169,76.9876,Karnataka,GULBARGA,0.721,0.278,0.002
17.5755,77.0212,Karnataka,GULBARGA,0.721,0.278,0.002
17.2318,76.7391,Karnataka,GULBARGA,0.721,0.278,0.002
17.0702,76.7943,Karnataka,GULBARGA,0.721,0.278,0.002
17.3224,76.9104,Karnataka,GULBARGA,0.721,0.278,0.002
17.5134,76.9744,Karnataka,GULBARGA,0.721,0.278,0.002
17.6373,77.1498,Karnataka,GULBARGA,0.721,0.278,0.002
17.525,76.9482,Karnataka,GULBARGA,0.721,0.278,0.002
16.7701,76.4649,Karnataka,GULBARGA,0.721,0.278,0.002
16.9945,76.8917,Karnataka,GULBARGA,0.721,0.278,0.002
16.9329,76.8277,Karnataka,GULBARGA,0.721,0.278,0.002
16.8619,76.7497,Karnataka,GULBARGA,0.721,0.278,0.002
17.0405,76.8424,Karnataka,GULBARGA,0.721,0.278,0.002
17.1165,76.4432,Karnataka,GULBARGA,0.721,0.278,0.002
12.4158,75.6201,Karnataka,KODAGU,0.995,0.001,0.004
12.3645,75.8247,Karnataka,KODAGU,0.995,0.001,0.004
12.6902,75.9506,Karnataka,KODAGU,0.995,0.001,0.004
12.5411,75.8411,Karnataka,KODAGU,0.995,0.001,0.004
12.5279,75.8018,Karnataka,KODAGU,0.995,0.001,0.004
12.2574,75.8089,Karnataka,KODAGU,0.995,0.001,0.004
17.1043,77.3845,Karnataka,GULBARGA,0.721,0.278,0.002
17.1982,77.1534,Karnataka,GULBARGA,0.721,0.278,0.002
17.0982,77.2274,Karnataka,GULBARGA,0.721,0.278,0.002
17.1602,77.137,Karnataka,GULBARGA,0.721,0.278,0.002
16.986,77.4181,Karnataka,GULBARGA,0.721,0.278,0.002
17.1599,77.2621,Karnataka,GULBARGA,0.721,0.278,0.002
17.1255,77.2412,Karnataka,GULBARGA,0.721,0.278,0.002
16.9212,77.3852,Karnataka,GULBARGA,0.721,0.278,0.002
17.1837,77.1839,Karnataka,GULBARGA,0.721,0.278,0.002
12.9311,78.3853,Karnataka,KOLAR,0.901,0.092,0.007
13.0101,78.4614,Karnataka,KOLAR,0.901,0.092,0.007
12.8179,78.2226,Karnataka,KOLAR,0.901,0.092,0.007
13.1721,78.1529,Karnataka,KOLAR,0.901,0.092,0.007
13.1771,78.0041,Karnataka,KOLAR,0.901,0.092,0.007
13.2247,78.2141,Karnataka,KOLAR,0.901,0.092,0.007
13.1744,78.4757,Karnataka,KOLAR,0.901,0.092,0.007
13.0524,78.4069,Karnataka,KOLAR,0.901,0.092,0.007
13.1169,78.3588,Karnataka,KOLAR,0.901,0.092,0.007
13.0698,78.4363,Karnataka,KOLAR,0.901,0.092,0.007
13.2826,78.4529,Karnataka,KOLAR,0.901,0.092,0.007
13.1232,78.4933,Karnataka,KOLAR,0.901,0.092,0.007
13.3182,78.4172,Karnataka,KOLAR,0.901,0.092,0.007
12.8722,78.0552,Karnataka,KOLAR,0.901,0.092,0.007
12.8789,78.0389,Karnataka,KOLAR,0.901,0.092,0.007
12.9926,77.9985,Karnataka,KOLAR,0.901,0.092,0.007
12.9027,77.8888,Karnataka,KOLAR,0.901,0.092,0.007
12.9069,77.9079,Karnataka,KOLAR,0.901,0.092,0.007
12.9152,78.0468,Karnataka,KOLAR,0.901,0.092,0.007
12.9014,78.0323,Karnataka,KOLAR,0.901,0.092,0.007
12.9289,77.9161,Karnataka,KOLAR,0.901,0.092,0.007
15.664,76.4986,Karnataka,KOPPAL,0.667,0.272,0.062
13.3114,78.1457,Karnataka,KOLAR,0.901,0.092,0.007
13.3255,78.1934,Karnataka,KOLAR,0.901,0.092,0.007
13.276,78.2178,Karnataka,KOLAR,0.901,0.092,0.007
13.5181,78.2402,Karnataka,KOLAR,0.901,0.092,0.007
13.2968,78.2683,Karnataka,KOLAR,0.901,0.092,0.007
13.3333,78.3368,Karnataka,KOLAR,0.901,0.092,0.007
15.829,76.1714,Karnataka,KOPPAL,0.667,0.272,0.062
15.1919,75.9685,Karnataka,KOPPAL,0.667,0.272,0.062
15.2995,76.0948,Karnataka,KOPPAL,0.667,0.272,0.062
15.2629,75.9449,Karnataka,KOPPAL,0.667,0.272,0.062
15.4294,76.3693,Karnataka,KOPPAL,0.667,0.272,0.062
15.5909,76.278,Karnataka,KOPPAL,0.667,0.272,0.062
15.3928,76.1395,Karnataka,KOPPAL,0.667,0.272,0.062
15.3713,76.3509,Karnataka,KOPPAL,0.667,0.272,0.062
15.4481,75.8713,Karnataka,KOPPAL,0.667,0.272,0.062
15.4707,76.1555,Karnataka,KOPPAL,0.667,0.272,0.062
15.6001,76.1682,Karnataka,KOPPAL,0.667,0.272,0.062
15.6739,75.9352,Karnataka,KOPPAL,0.667,0.272,0.062
15.6999,76.1812,Karnataka,KOPPAL,0.667,0.272,0.062
15.5128,76.0807,Karnataka,KOPPAL,0.667,0.272,0.062
15.439,75.8783,Karnataka,KOPPAL,0.667,0.272,0.062
12.5929,76.5788,Karnataka,MANDYA,0.851,0.093,0.056
12.7357,76.4354,Karnataka,MANDYA,0.851,0.093,0.056
12.4889,76.5023,Karnataka,MANDYA,0.851,0.093,0.056
12.5647,76.468,Karnataka,MANDYA,0.851,0.093,0.056
12.5249,76.4926,Karnataka,MANDYA,0.851,0.093,0.056
12.4463,76.9952,Karnataka,MANDYA,0.851,0.093,0.056
12.5827,77.0294,Karnataka,MANDYA,0.851,0.093,0.056
12.7151,77.0241,Karnataka,MANDYA,0.851,0.093,0.056
12.4918,77.0551,Karnataka,MANDYA,0.851,0.093,0.056
12.4883,76.9561,Karnataka,MANDYA,0.851,0.093,0.056
12.6759,77.0444,Karnataka,MANDYA,0.851,0.093,0.056
12.6848,76.9893,Karnataka,MANDYA,0.851,0.093,0.056
12.374,76.941,Karnataka,MANDYA,0.851,0.093,0.056
12.3594,77.304,Karnataka,MANDYA,0.851,0.093,0.056
12.4027,77.2189,Karnataka,MANDYA,0.851,0.093,0.056
12.3906,76.947,Karnataka,MANDYA,0.851,0.093,0.056
12.2668,77.0738,Karnataka,MANDYA,0.851,0.093,0.056
12.4164,76.9803,Karnataka,MANDYA,0.851,0.093,0.056
12.4224,77.0564,Karnataka,MANDYA,0.851,0.093,0.056
12.4123,77.0407,Karnataka,MANDYA,0.851,0.093,0.056
12.7524,76.8852,Karnataka,MANDYA,0.851,0.093,0.056
12.4925,76.9534,Karnataka,MANDYA,0.851,0.093,0.056
12.6597,76.7751,Karnataka,MANDYA,0.851,0.093,0.056
12.704,76.8107,Karnataka,MANDYA,0.851,0.093,0.056
12.8773,76.6053,Karnataka,MANDYA,0.851,0.093,0.056
12.7903,76.7893,Karnataka,MANDYA,0.851,0.093,0.056
12.856,76.7688,Karnataka,MANDYA,0.851,0.093,0.056
12.9339,76.8462,Karnataka,MANDYA,0.851,0.093,0.056
12.8957,76.713,Karnataka,MANDYA,0.851,0.093,0.056
12.4965,76.565,Karnataka,MANDYA,0.851,0.093,0.056
12.5135,76.5613,Karnataka,MANDYA,0.851,0.093,0.056
12.4757,76.5567,Karnataka,MANDYA,0.851,0.093,0.056
12.5421,76.6375,Karnataka,MANDYA,0.851,0.093,0.056
12.5282,76.7118,Karnataka,MANDYA,0.851,0.093,0.056
12.6118,76.653,Karnataka,MANDYA,0.851,0.093,0.056
12.6303,76.6151,Karnataka,MANDYA,0.851,0.093,0.056
12.549,76.7384,Karnataka,MANDYA,0.851,0.093,0.056
12.0839,76.3745,Karnataka,MYSORE,0.899,0.086,0.015
11.9114,76.3964,Karnataka,MYSORE,0.899,0.086,0.015
11.8401,76.3225,Karnataka,MYSORE,0.899,0.086,0.015
12.3185,76.7606,Karnataka,MANDYA,0.851,0.093,0.056
12.3442,76.7589,Karnataka,MANDYA,0.851,0.093,0.056
12.3807,76.6205,Karnataka,MANDYA,0.851,0.093,0.056
12.3757,76.5677,Karnataka,MANDYA,0.851,0.093,0.056
12.4575,76.6621,Karnataka,MANDYA,0.851,0.093,0.056
12.3775,76.5983,Karnataka,MANDYA,0.851,0.093,0.056
12.4017,76.7548,Karnataka,MANDYA,0.851,0.093,0.056
12.4205,76.5678,Karnataka,MYSORE,0.899,0.086,0.015
12.3498,76.7233,Karnataka,MANDYA,0.851,0.093,0.056
12.1843,76.3272,Karnataka,MYSORE,0.899,0.086,0.015
12.3941,76.2796,Karnataka,MYSORE,0.899,0.086,0.015
12.3958,76.2516,Karnataka,MYSORE,0.899,0.086,0.015
12.2411,76.2083,Karnataka,MYSORE,0.899,0.086,0.015
12.1814,76.3652,Karnataka,MYSORE,0.899,0.086,0.015
12.2577,76.3062,Karnataka,MYSORE,0.899,0.086,0.015
12.6324,76.3332,Karnataka,MYSORE,0.899,0.086,0.015
12.6107,76.2809,Karnataka,MYSORE,0.899,0.086,0.015
12.4795,76.42,Karnataka,MYSORE,0.899,0.086,0.015
12.5283,76.3681,Karnataka,MYSORE,0.899,0.086,0.015
12.4317,76.3304,Karnataka,MYSORE,0.899,0.086,0.015
12.64,76.2147,Karnataka,HASSAN,0.928,0.067,0.005
12.5615,76.3212,Karnataka,MYSORE,0.899,0.086,0.015
12.6192,76.2333,Karnataka,MYSORE,0.899,0.086,0.015
12.2791,76.7014,Karnataka,MYSORE,0.899,0.086,0.015
12.4204,76.5012,Karnataka,MYSORE,0.899,0.086,0.015
12.2326,76.7817,Karnataka,MYSORE,0.899,0.086,0.015
12.2006,76.5519,Karnataka,MYSORE,0.899,0.086,0.015
12.3946,76.5136,Karnataka,MYSORE,0.899,0.086,0.015
12.1641,76.4849,Karnataka,MYSORE,0.899,0.086,0.015
12.0258,76.9215,Karnataka,MYSORE,0.899,0.086,0.015
12.1168,76.6571,Karnataka,MYSORE,0.899,0.086,0.015
11.9948,76.5105,Karnataka,MYSORE,0.899,0.086,0.015
12.1748,76.6607,Karnataka,MYSORE,0.899,0.086,0.015
12.0323,76.698,Karnataka,MYSORE,0.899,0.086,0.015
12.4013,76.1527,Karnataka,MYSORE,0.899,0.086,0.015
12.3159,76.0044,Karnataka,MYSORE,0.899,0.086,0.015
12.4942,76.1263,Karnataka,MYSORE,0.899,0.086,0.015
12.363,76.0238,Karnataka,MYSORE,0.899,0.086,0.015
12.3687,75.9756,Karnataka,MYSORE,0.899,0.086,0.015
12.2948,76.0186,Karnataka,MYSORE,0.899,0.086,0.015
12.5105,76.087,Karnataka,MYSORE,0.899,0.086,0.015
12.4679,76.1123,Karnataka,MYSORE,0.899,0.086,0.015
12.4988,76.1041,Karnataka,MYSORE,0.899,0.086,0.015
12.1025,76.9543,Karnataka,MYSORE,0.899,0.086,0.015
12.4084,76.9046,Karnataka,MYSORE,0.899,0.086,0.015
12.2674,76.8308,Karnataka,MYSORE,0.899,0.086,0.015
12.2728,76.9686,Karnataka,MYSORE,0.899,0.086,0.015
12.3857,76.8539,Karnataka,MYSORE,0.899,0.086,0.015
12.374,76.8621,Karnataka,MYSORE,0.899,0.086,0.015
12.3585,76.8614,Karnataka,MYSORE,0.899,0.086,0.015
12.1921,77.1055,Karnataka,MYSORE,0.899,0.086,0.015
12.3094,76.9298,Karnataka,MYSORE,0.899,0.086,0.015
15.9525,76.9605,Karnataka,RAICHUR,0.617,0.324,0.059
16.0291,77.1474,Karnataka,RAICHUR,0.617,0.324,0.059
16.2266,77.0893,Karnataka,RAICHUR,0.617,0.324,0.059
16.4138,77.0242,Karnataka,RAICHUR,0.617,0.324,0.059
16.3501,76.7532,Karnataka,RAICHUR,0.617,0.324,0.059
16.2581,76.9398,Karnataka,RAICHUR,0.617,0.324,0.059
16.4009,76.9868,Karnataka,RAICHUR,0.617,0.324,0.059
16.3177,76.806,Karnataka,RAICHUR,0.617,0.324,0.059
16.3742,77.0913,Karnataka,RAICHUR,0.617,0.324,0.059
16.2687,76.9384,Karnataka,RAICHUR,0.617,0.324,0.059
16.3037,76.7739,Karnataka,RAICHUR,0.617,0.324,0.059
16.0603,77.439,Karnataka,RAICHUR,0.617,0.324,0.059
16.394,77.3182,Karnataka,RAICHUR,0.617,0.324,0.059
16.2818,77.5126,Karnataka,RAICHUR,0.617,0.324,0.059
16.3205,77.3144,Karnataka,RAICHUR,0.617,0.324,0.059
16.37,77.3482,Karnataka,RAICHUR,0.617,0.324,0.059
16.3799,77.3793,Karnataka,RAICHUR,0.617,0.324,0.059
16.3611,77.47,Karnataka,RAICHUR,0.617,0.324,0.059
16.3098,77.3827,Karnataka,RAICHUR,0.617,0.324,0.059
15.9968,77.4616,Karnataka,RAICHUR,0.617,0.324,0.059
15.7307,76.7511,Karnataka,RAICHUR,0.617,0.324,0.059
15.881,76.9194,Karnataka,RAICHUR,0.617,0.324,0.059
15.6738,76.6766,Karnataka,RAICHUR,0.617,0.324,0.059
15.9052,76.9012,Karnataka,RAICHUR,0.617,0.324,0.059
15.7302,76.4738,Karnataka,RAICHUR,0.617,0.324,0.059
15.8229,76.8968,Karnataka,RAICHUR,0.617,0.324,0.059
12.5972,77.2042,Karnataka,RAMANAGARA,0.975,0.019,0.007
12.524,77.1634,Karnataka,RAMANAGARA,0.975,0.019,0.007
12.6337,77.1204,Karnataka,RAMANAGARA,0.975,0.019,0.007
12.7231,77.1696,Karnataka,RAMANAGARA,0.975,0.019,0.007
12.7219,77.1793,Karnataka,RAMANAGARA,0.975,0.019,0.007
12.6369,77.2,Karnataka,RAMANAGARA,0.975,0.019,0.007
12.7682,77.0994,Karnataka,RAMANAGARA,0.975,0.019,0.007
13.094,77.2143,Karnataka,RAMANAGARA,0.975,0.019,0.007
13.0833,77.152,Karnataka,RAMANAGARA,0.975,0.019,0.007
13.1064,77.2506,Karnataka,RAMANAGARA,0.975,0.019,0.007
13.0997,77.2988,Karnataka,RAMANAGARA,0.975,0.019,0.007
12.9848,77.1877,Karnataka,RAMANAGARA,0.975,0.019,0.007
12.7779,77.4173,Karnataka,RAMANAGARA,0.975,0.019,0.007
12.83,77.4159,Karnataka,RAMANAGARA,0.975,0.019,0.007
12.7805,77.4478,Karnataka,RAMANAGARA,0.975,0.019,0.007
12.6972,77.3608,Karnataka,RAMANAGARA,0.975,0.019,0.007
12.8209,77.3367,Karnataka,RAMANAGARA,0.975,0.019,0.007
12.7391,77.3782,Karnataka,RAMANAGARA,0.975,0.019,0.007
14.0386,75.7579,Karnataka,SHIMOGA,0.882,0.013,0.105
14.0188,75.7658,Karnataka,SHIMOGA,0.882,0.013,0.105
13.8015,75.7424,Karnataka,SHIMOGA,0.882,0.013,0.105
13.8004,75.6123,Karnataka,SHIMOGA,0.882,0.013,0.105
13.8993,75.8097,Karnataka,SHIMOGA,0.882,0.013,0.105
13.7587,75.631,Karnataka,SHIMOGA,0.882,0.013,0.105
13.8302,75.6956,Karnataka,SHIMOGA,0.882,0.013,0.105
13.8909,75.7147,Karnataka,SHIMOGA,0.882,0.013,0.105
13.9603,75.8159,Karnataka,SHIMOGA,0.882,0.013,0.105
14.0517,75.7568,Karnataka,SHIMOGA,0.882,0.013,0.105
14.1278,75.1903,Karnataka,SHIMOGA,0.882,0.013,0.105
14.1979,74.7567,Karnataka,SHIMOGA,0.882,0.013,0.105
14.0621,74.9704,Karnataka,SHIMOGA,0.882,0.013,0.105
13.9941,74.9612,Karnataka,SHIMOGA,0.882,0.013,0.105
14.2291,75.3936,Karnataka,SHIMOGA,0.882,0.013,0.105
14.1093,75.3441,Karnataka,SHIMOGA,0.882,0.013,0.105
14.3206,75.3507,Karnataka,SHIMOGA,0.882,0.013,0.105
14.2179,75.4548,Karnataka,SHIMOGA,0.882,0.013,0.105
14.4805,75.342,Karnataka,SHIMOGA,0.882,0.013,0.105
14.2803,75.2508,Karnataka,SHIMOGA,0.882,0.013,0.105
14.3188,75.277,Karnataka,SHIMOGA,0.882,0.013,0.105
14.44,75.3051,Karnataka,SHIMOGA,0.882,0.013,0.105
13.7973,75.5687,Karnataka,SHIMOGA,0.882,0.013,0.105
13.7557,75.5629,Karnataka,SHIMOGA,0.882,0.013,0.105
14.0729,75.7161,Karnataka,SHIMOGA,0.882,0.013,0.105
13.7338,75.5507,Karnataka,SHIMOGA,0.882,0.013,0.105
14.0733,75.308,Karnataka,SHIMOGA,0.882,0.013,0.105
14.0385,75.3836,Karnataka,SHIMOGA,0.882,0.013,0.105
14.0979,75.3576,Karnataka,SHIMOGA,0.882,0.013,0.105
14.4498,75.0981,Karnataka,SHIMOGA,0.882,0.013,0.105
14.5536,75.0987,Karnataka,SHIMOGA,0.882,0.013,0.105
14.5858,75.0732,Karnataka,SHIMOGA,0.882,0.013,0.105
14.4397,75.1508,Karnataka,SHIMOGA,0.882,0.013,0.105
14.4235,75.0894,Karnataka,SHIMOGA,0.882,0.013,0.105
14.3927,74.9669,Karnataka,SHIMOGA,0.882,0.013,0.105
14.4594,75.1333,Karnataka,SHIMOGA,0.882,0.013,0.105
14.5006,75.1157,Karnataka,SHIMOGA,0.882,0.013,0.105
13.6302,75.2843,Karnataka,SHIMOGA,0.882,0.013,0.105
13.643,75.1317,Karnataka,SHIMOGA,0.882,0.013,0.105
13.8471,75.2525,Karnataka,SHIMOGA,0.882,0.013,0.105
13.7232,75.2997,Karnataka,SHIMOGA,0.882,0.013,0.105
13.5134,75.177,Karnataka,SHIMOGA,0.882,0.013,0.105
13.6693,75.3622,Karnataka,SHIMOGA,0.882,0.013,0.105
13.738,75.3277,Karnataka,SHIMOGA,0.882,0.013,0.105
13.6325,75.1426,Karnataka,SHIMOGA,0.882,0.013,0.105
13.8697,75.2494,Karnataka,SHIMOGA,0.882,0.013,0.105
13.4255,76.5355,Karnataka,TUMKUR,0.976,0.016,0.008
13.3729,76.5619,Karnataka,TUMKUR,0.976,0.016,0.008
13.5875,76.6408,Karnataka,TUMKUR,0.976,0.016,0.008
13.4238,76.4726,Karnataka,TUMKUR,0.976,0.016,0.008
13.5604,76.4148,Karnataka,TUMKUR,0.976,0.016,0.008
13.6797,76.5615,Karnataka,TUMKUR,0.976,0.016,0.008
13.6795,76.6197,Karnataka,TUMKUR,0.976,0.016,0.008
13.5769,76.4645,Karnataka,TUMKUR,0.976,0.016,0.008
13.505,76.7206,Karnataka,TUMKUR,0.976,0.016,0.008
13.4671,76.9004,Karnataka,TUMKUR,0.976,0.016,0.008
13.5233,76.7528,Karnataka,TUMKUR,0.976,0.016,0.008
13.1624,76.9358,Karnataka,TUMKUR,0.976,0.016,0.008
13.3139,76.9579,Karnataka,TUMKUR,0.976,0.016,0.008
13.3716,76.9856,Karnataka,TUMKUR,0.976,0.016,0.008
13.3426,76.7262,Karnataka,TUMKUR,0.976,0.016,0.008
13.5508,76.7924,Karnataka,TUMKUR,0.976,0.016,0.008
12.8887,77.0192,Karnataka,TUMKUR,0.976,0.016,0.008
12.8023,77.0522,Karnataka,TUMKUR,0.976,0.016,0.008
12.8,77.0387,Karnataka,TUMKUR,0.976,0.016,0.008
12.9981,76.8567,Karnataka,TUMKUR,0.976,0.016,0.008
12.8209,77.1302,Karnataka,TUMKUR,0.976,0.016,0.008
12.8617,76.9011,Karnataka,TUMKUR,0.976,0.016,0.008
12.9775,77.0641,Karnataka,TUMKUR,0.976,0.016,0.008
13.5901,77.1982,Karnataka,TUMKUR,0.976,0.016,0.008
13.5857,77.2663,Karnataka,TUMKUR,0.976,0.016,0.008
13.4993,77.2355,Karnataka,TUMKUR,0.976,0.016,0.008
13.5254,77.3184,Karnataka,TUMKUR,0.976,0.016,0.008
13.4569,77.2493,Karnataka,TUMKUR,0.976,0.016,0.008
13.5357,77.378,Karnataka,TUMKUR,0.976,0.016,0.008
13.5206,77.2741,Karnataka,TUMKUR,0.976,0.016,0.008
13.4842,77.2776,Karnataka,TUMKUR,0.976,0.016,0.008
13.3946,77.303,Karnataka,TUMKUR,0.976,0.016,0.008
13.8206,77.1983,Karnataka,TUMKUR,0.976,0.016,0.008
13.6164,77.0336,Karnataka,TUMKUR,0.976,0.016,0.008
13.7572,77.3824,Karnataka,TUMKUR,0.976,0.016,0.008
13.7763,77.3449,Karnataka,TUMKUR,0.976,0.016,0.008
13.7618,77.1796,Karnataka,TUMKUR,0.976,0.016,0.008
13.7009,77.402,Karnataka,TUMKUR,0.976,0.016,0.008
14.204,77.1871,Karnataka,TUMKUR,0.976,0.016,0.008
14.2391,77.2095,Karnataka,TUMKUR,0.976,0.016,0.008
14.2203,77.1804,Karnataka,TUMKUR,0.976,0.016,0.008
14.1085,77.0273,Karnataka,TUMKUR,0.976,0.016,0.008
14.1569,77.0889,Karnataka,TUMKUR,0.976,0.016,0.008
14.2092,77.3249,Karnataka,TUMKUR,0.976,0.016,0.008
14.163,77.2024,Karnataka,TUMKUR,0.976,0.016,0.008
13.5681,76.9945,Karnataka,TUMKUR,0.976,0.016,0.008
13.6955,76.9298,Karnataka,TUMKUR,0.976,0.016,0.008
13.9119,76.8292,Karnataka,TUMKUR,0.976,0.016,0.008
13.7777,76.9752,Karnataka,TUMKUR,0.976,0.016,0.008
13.7434,76.7838,Karnataka,TUMKUR,0.976,0.016,0.008
13.8122,76.9779,Karnataka,TUMKUR,0.976,0.016,0.008
13.6613,76.9859,Karnataka,TUMKUR,0.976,0.016,0.008
13.0856,76.5194,Karnataka,TUMKUR,0.976,0.016,0.008
13.2387,76.5339,Karnataka,TUMKUR,0.976,0.016,0.008
13.2505,76.4336,Karnataka,TUMKUR,0.976,0.016,0.008
13.3347,76.4274,Karnataka,TUMKUR,0.976,0.016,0.008
13.2288,76.4126,Karnataka,TUMKUR,0.976,0.016,0.008
13.1317,76.5302,Karnataka,TUMKUR,0.976,0.016,0.008
13.1661,76.5274,Karnataka,TUMKUR,0.976,0.016,0.008
13.1876,76.4596,Karnataka,TUMKUR,0.976,0.016,0.008
13.3316,76.4462,Karnataka,TUMKUR,0.976,0.016,0.008
13.4713,77.0246,Karnataka,TUMKUR,0.976,0.016,0.008
13.1645,77.0824,Karnataka,TUMKUR,0.976,0.016,0.008
13.1747,77.0458,Karnataka,TUMKUR,0.976,0.016,0.008
13.2104,77.0279,Karnataka,TUMKUR,0.976,0.016,0.008
13.217,77.1422,Karnataka,TUMKUR,0.976,0.016,0.008
13.2651,77.1497,Karnataka,TUMKUR,0.976,0.016,0.008
13.3162,75.0061,Karnataka,UDUPI,0.811,0.178,0.011
13.4626,75.0385,Karnataka,UDUPI,0.811,0.178,0.011
13.3036,74.9789,Karnataka,UDUPI,0.811,0.178,0.011
13.4432,74.9868,Karnataka,UDUPI,0.811,0.178,0.011
13.246,75.1247,Karnataka,UDUPI,0.811,0.178,0.011
13.0719,76.8345,Karnataka,TUMKUR,0.976,0.016,0.008
13.0722,76.8909,Karnataka,TUMKUR,0.976,0.016,0.008
13.185,76.7547,Karnataka,TUMKUR,0.976,0.016,0.008
13.1985,76.7161,Karnataka,TUMKUR,0.976,0.016,0.008
13.2568,76.6338,Karnataka,TUMKUR,0.976,0.016,0.008
13.1592,76.6656,Karnataka,TUMKUR,0.976,0.016,0.008
13.2017,76.6297,Karnataka,TUMKUR,0.976,0.016,0.008
13.2269,76.6273,Karnataka,TUMKUR,0.976,0.016,0.008
13.1496,76.6777,Karnataka,TUMKUR,0.976,0.016,0.008
13.3271,74.7707,Karnataka,UDUPI,0.811,0.178,0.011
13.2232,74.8455,Karnataka,UDUPI,0.811,0.178,0.011
13.3897,74.905,Karnataka,UDUPI,0.811,0.178,0.011
13.427,74.8725,Karnataka,UDUPI,0.811,0.178,0.011
14.6208,74.3667,Karnataka,UTTAR KANNAD,0.944,0.042,0.014
14.6371,74.4979,Karnataka,UTTAR KANNAD,0.944,0.042,0.014
14.7811,74.5464,Karnataka,UTTAR KANNAD,0.944,0.042,0.014
14.6309,74.3048,Karnataka,UTTAR KANNAD,0.944,0.042,0.014
14.7433,74.3978,Karnataka,UTTAR KANNAD,0.944,0.042,0.014
14.7424,74.4155,Karnataka,UTTAR KANNAD,0.944,0.042,0.014
14.6975,74.2809,Karnataka,UTTAR KANNAD,0.944,0.042,0.014
15.2128,74.6232,Karnataka,UTTAR KANNAD,0.944,0.042,0.014
15.1669,74.7197,Karnataka,UTTAR KANNAD,0.944,0.042,0.014
15.2769,74.618,Karnataka,UTTAR KANNAD,0.944,0.042,0.014
15.2849,74.8178,Karnataka,UTTAR KANNAD,0.944,0.042,0.014
14.0455,74.507,Karnataka,UTTAR KANNAD,0.944,0.042,0.014
14.1025,74.6415,Karnataka,UTTAR KANNAD,0.944,0.042,0.014
13.9677,74.5494,Karnataka,UTTAR KANNAD,0.944,0.042,0.014
14.0254,74.6376,Karnataka,UTTAR KANNAD,0.944,0.042,0.014
14.0186,74.551,Karnataka,UTTAR KANNAD,0.944,0.042,0.014
13.9919,74.5856,Karnataka,UTTAR KANNAD,0.944,0.042,0.014
14.0596,74.5068,Karnataka,UTTAR KANNAD,0.944,0.042,0.014
14.0723,74.4978,Karnataka,UTTAR KANNAD,0.944,0.042,0.014
14.0488,74.5749,Karnataka,UTTAR KANNAD,0.944,0.042,0.014
13.9436,74.6363,Karnataka,UDUPI,0.811,0.178,0.011
14.1978,74.5959,Karnataka,UTTAR KANNAD,0.944,0.042,0.014
14.2245,74.5205,Karnataka,UTTAR KANNAD,0.944,0.042,0.014
14.3399,74.5598,Karnataka,UTTAR KANNAD,0.944,0.042,0.014
14.1792,74.6244,Karnataka,UTTAR KANNAD,0.944,0.042,0.014
14.2322,74.6958,Karnataka,UTTAR KANNAD,0.944,0.042,0.014
14.3494,74.6207,Karnataka,UTTAR KANNAD,0.944,0.042,0.014
14.3518,74.5284,Karnataka,UTTAR KANNAD,0.944,0.042,0.014
14.296,74.6555,Karnataka,UTTAR KANNAD,0.944,0.042,0.014
14.3771,74.5287,Karnataka,UTTAR KANNAD,0.944,0.042,0.014
14.3219,74.4965,Karnataka,UTTAR KANNAD,0.944,0.042,0.014
14.9117,74.1385,Karnataka,UTTAR KANNAD,0.944,0.042,0.014
14.9035,74.3702,Karnataka,UTTAR KANNAD,0.944,0.042,0.014
14.9124,74.1912,Karnataka,UTTAR KANNAD,0.944,0.042,0.014
14.8433,74.4675,Karnataka,UTTAR KANNAD,0.944,0.042,0.014
14.974,74.2806,Karnataka,UTTAR KANNAD,0.944,0.042,0.014
14.8201,74.2479,Karnataka,UTTAR KANNAD,0.944,0.042,0.014
15.0402,74.3091,Karnataka,UTTAR KANNAD,0.944,0.042,0.014
14.9243,74.2405,Karnataka,UTTAR KANNAD,0.944,0.042,0.014
14.8401,74.382,Karnataka,UTTAR KANNAD,0.944,0.042,0.014
14.729,74.1972,Karnataka,UTTAR KANNAD,0.944,0.042,0.014
14.5158,74.4123,Karnataka,UTTAR KANNAD,0.944,0.042,0.014
14.5409,74.35,Karnataka,UTTAR KANNAD,0.944,0.042,0.014
14.3714,74.5702,Karnataka,UTTAR KANNAD,0.944,0.042,0.014
14.5321,74.4406,Karnataka,UTTAR KANNAD,0.944,0.042,0.014
14.4201,74.5708,Karnataka,UTTAR KANNAD,0.944,0.042,0.014
14.6046,74.436,Karnataka,UTTAR KANNAD,0.944,0.042,0.014
14.4379,74.6671,Karnataka,UTTAR KANNAD,0.944,0.042,0.014
14.4539,74.5093,Karnataka,UTTAR KANNAD,0.944,0.042,0.014
14.501,74.443,Karnataka,UTTAR KANNAD,0.944,0.042,0.014
14.9016,75.0554,Karnataka,UTTAR KANNAD,0.944,0.042,0.014
14.8016,74.9725,Karnataka,UTTAR KANNAD,0.944,0.042,0.014
14.9796,74.9541,Karnataka,UTTAR KANNAD,0.944,0.042,0.014
14.9947,74.9415,Karnataka,UTTAR KANNAD,0.944,0.042,0.014
15.0614,74.9399,Karnataka,UTTAR KANNAD,0.944,0.042,0.014
15.0512,74.9699,Karnataka,UTTAR KANNAD,0.944,0.042,0.014
14.8687,75.0156,Karnataka,UTTAR KANNAD,0.944,0.042,0.014
14.9544,74.8959,Karnataka,UTTAR KANNAD,0.944,0.042,0.014
14.7181,75.0095,Karnataka,UTTAR KANNAD,0.944,0.042,0.014
14.9418,75.0964,Karnataka,UTTAR KANNAD,0.944,0.042,0.014
14.5305,74.6853,Karnataka,UTTAR KANNAD,0.944,0.042,0.014
14.5259,74.6297,Karnataka,UTTAR KANNAD,0.944,0.042,0.014
14.5457,74.5925,Karnataka,UTTAR KANNAD,0.944,0.042,0.014
14.5791,74.9075,Karnataka,UTTAR KANNAD,0.944,0.042,0.014
14.7281,74.7448,Karnataka,UTTAR KANNAD,0.944,0.042,0.014
14.6962,74.9518,Karnataka,UTTAR KANNAD,0.944,0.042,0.014
14.3313,74.7332,Karnataka,UTTAR KANNAD,0.944,0.042,0.014
14.505,74.6571,Karnataka,UTTAR KANNAD,0.944,0.042,0.014
14.306,74.7649,Karnataka,UTTAR KANNAD,0.944,0.042,0.014
14.4033,74.7076,Karnataka,UTTAR KANNAD,0.944,0.042,0.014
14.3799,74.8479,Karnataka,UTTAR KANNAD,0.944,0.042,0.014
14.4109,74.8628,Karnataka,UTTAR KANNAD,0.944,0.042,0.014
14.3196,74.9706,Karnataka,SHIMOGA,0.882,0.013,0.105
14.3741,74.8171,Karnataka,UTTAR KANNAD,0.944,0.042,0.014
14.9556,74.4037,Karnataka,UTTAR KANNAD,0.944,0.042,0.014
15.479,74.2646,Karnataka,UTTAR KANNAD,0.944,0.042,0.014
15.4982,74.2566,Karnataka,UTTAR KANNAD,0.944,0.042,0.014
15.3071,74.5341,Karnataka,UTTAR KANNAD,0.944,0.042,0.014
15.284,74.3899,Karnataka,UTTAR KANNAD,0.944,0.042,0.014
15.11,74.5324,Karnataka,UTTAR KANNAD,0.944,0.042,0.014
15.0032,74.7392,Karnataka,UTTAR KANNAD,0.944,0.042,0.014
14.8516,74.7984,Karnataka,UTTAR KANNAD,0.944,0.042,0.014
15.0698,74.8478,Karnataka,UTTAR KANNAD,0.944,0.042,0.014
14.9611,74.8781,Karnataka,UTTAR KANNAD,0.944,0.042,0.014
14.8062,74.8217,Karnataka,UTTAR KANNAD,0.944,0.042,0.014
14.8349,74.7859,Karnataka,UTTAR KANNAD,0.944,0.042,0.014
16.713,75.5352,Karnataka,BIJAPUR,0.546,0.445,0.008
16.5765,75.577,Karnataka,BIJAPUR,0.546,0.445,0.008
16.8706,75.5294,Karnataka,BIJAPUR,0.546,0.445,0.008
16.6985,75.4482,Karnataka,BAGALKOT,0.479,0.501,0.02
16.9077,75.5375,Karnataka,BIJAPUR,0.546,0.445,0.008
16.4138,75.9473,Karnataka,BIJAPUR,0.546,0.445,0.008
16.6442,76.0547,Karnataka,BIJAPUR,0.546,0.445,0.008
16.6318,75.8878,Karnataka,BIJAPUR,0.546,0.445,0.008
16.6208,75.9958,Karnataka,BIJAPUR,0.546,0.445,0.008
16.6764,75.8479,Karnataka,BIJAPUR,0.546,0.445,0.008
16.6584,75.8539,Karnataka,BIJAPUR,0.546,0.445,0.008
16.4862,75.8031,Karnataka,BIJAPUR,0.546,0.445,0.008
16.7128,76.1049,Karnataka,BIJAPUR,0.546,0.445,0.008
17.0239,76.2411,Karnataka,BIJAPUR,0.546,0.445,0.008
16.5639,76.8332,Karnataka,YADGIR,0.872,0.088,0.04
16.5307,76.2933,Karnataka,BIJAPUR,0.546,0.445,0.008
16.2526,76.0871,Karnataka,BIJAPUR,0.546,0.445,0.008
16.3153,76.2817,Karnataka,BIJAPUR,0.546,0.445,0.008
16.5701,76.4028,Karnataka,BIJAPUR,0.546,0.445,0.008
16.5027,76.1483,Karnataka,BIJAPUR,0.546,0.445,0.008
16.4018,76.1899,Karnataka,BIJAPUR,0.546,0.445,0.008
16.4895,76.1997,Karnataka,BIJAPUR,0.546,0.445,0.008
16.3631,76.1446,Karnataka,BIJAPUR,0.546,0.445,0.008
16.4321,76.7327,Karnataka,YADGIR,0.872,0.088,0.04
16.4474,76.5086,Karnataka,YADGIR,0.872,0.088,0.04
16.4647,76.7825,Karnataka,YADGIR,0.872,0.088,0.04
16.3214,76.3949,Karnataka,YADGIR,0.872,0.088,0.04
16.7609,77.1963,Karnataka,YADGIR,0.872,0.088,0.04
17.1638,76.1521,Karnataka,BIJAPUR,0.546,0.445,0.008
17.1953,75.8321,Karnataka,BIJAPUR,0.546,0.445,0.008
17.1629,75.8319,Karnataka,BIJAPUR,0.546,0.445,0.008
17.3901,75.737,Karnataka,BIJAPUR,0.546,0.445,0.008
