State,District,Taluk_Location,N,P,K,pH,Temperature,Humidity,Rainfall,Crop,Source
National Benchmark,Benchmark Baseline,Curated Benchmark,1.0685544626765828,-0.34447243273059536,-0.10166438892004157,0.03948102729048771,-0.9353113664504148,0.47243137587248085,1.8100321398407768,rice,Kaggle Benchmark
National Benchmark,Benchmark Baseline,Curated Benchmark,0.9331167297537334,0.14058355703326417,-0.14115267557683736,0.7372415215050074,-0.7595505664590608,0.3969725956276179,2.2416320127088674,rice,Kaggle Benchmark
National Benchmark,Benchmark Baseline,Curated Benchmark,0.2559280651394862,0.049635558952540494,-0.08192024559164365,1.7709607721931846,-0.516645191190111,0.48680447687150197,2.9203282714769854,rice,Kaggle Benchmark
National Benchmark,Benchmark Baseline,Curated Benchmark,0.6351537173234646,-0.5566844282522839,-0.16089681890523527,0.6597125777033946,0.17257412562991664,0.38978604512810733,2.5364008972140555,rice,Kaggle Benchmark
National Benchmark,Benchmark Baseline,Curated Benchmark,0.7435039036617441,-0.34447243273059536,-0.12140853224843946,1.499609468887538,-1.0834244001509938,0.45446499962370374,2.897765714885231,rice,Kaggle Benchmark
National Benchmark,Benchmark Baseline,Curated Benchmark,0.49971598440061515,-0.4960524295318015,-0.12140853224843946,0.7760059934058144,-0.504796148494065,0.5339662145245416,2.6854229443805675,rice,Kaggle Benchmark
National Benchmark,Benchmark Baseline,Curated Benchmark,0.49971598440061515,0.049635558952540494,-0.2003851055620311,-0.9942382233976894,-0.5739155642210014,0.5011775778705237,3.054247962215145,rice,Kaggle Benchmark
National Benchmark,Benchmark Baseline,Curated Benchmark,1.1769046490148625,-0.01099643976794195,-0.16089681890523527,-0.9683952421304856,-1.0538017934108777,0.5124065630260093,2.520206804176425,rice,Kaggle Benchmark
National Benchmark,Benchmark Baseline,Curated Benchmark,1.041466916092013,0.019319559592299272,-0.2003851055620311,0.28498934932893033,-0.21646944289027084,0.5416019244302719,2.3105933751949577,rice,Kaggle Benchmark
National Benchmark,Benchmark Baseline,Curated Benchmark,0.47262843781604524,0.14058355703326417,-0.2003851055620311,-0.16726282284714794,-0.47319870130460806,0.5186947947130812,2.142465937366073,rice,Kaggle Benchmark
National Benchmark,Benchmark Baseline,Curated Benchmark,1.0956420092611527,-0.01099643976794195,-0.16089681890523527,-1.3948044330393587,0.1804734874272814,0.44638013031175455,2.9321554180775027,rice,Kaggle Benchmark
National Benchmark,Benchmark Baseline,Curated Benchmark,1.0685544626765828,-0.2232084352896305,-0.12140853224843946,1.3316300906507095,-0.3231108271546876,0.4477276085304128,2.667773202530566,rice,Kaggle Benchmark
National Benchmark,Benchmark Baseline,Curated Benchmark,0.7435039036617441,0.14058355703326417,-0.08192024559164365,-1.75660617078022,0.23379417955948978,0.4225746817821252,3.2929743674440384,rice,Kaggle Benchmark
National Benchmark,Benchmark Baseline,Curated Benchmark,1.1498171024302926,0.07995155831278171,-0.2398733922188269,0.6597125777033946,-0.31718630580666424,0.47512633230979745,1.4886976645098124,rice,Kaggle Benchmark
National Benchmark,Benchmark Baseline,Curated Benchmark,1.1769046490148625,-0.10194443784866561,-0.22012924889042898,0.6209481058025877,0.010637208783950827,0.41224401543907835,1.9310329473691414,rice,Kaggle Benchmark
National Benchmark,Benchmark Baseline,Curated Benchmark,0.2559280651394862,-0.16257643656914805,-0.18064096223363318,0.7372415215050074,-0.2638656136744558,0.39607427681517926,2.322238565693928,rice,Kaggle Benchmark
National Benchmark,Benchmark Baseline,Curated Benchmark,0.9331167297537334,-0.46573643017156025,-0.14115267557683736,-0.2835562385495677,-0.7950976945471997,0.5079149689638154,3.15141252044093,rice,Kaggle Benchmark
National Benchmark,Benchmark Baseline,Curated Benchmark,1.0956420092611527,-0.5566844282522839,-0.18064096223363318,0.6467910870697916,-0.3606327956921679,0.4014641896898125,1.8704415655541857,rice,Kaggle Benchmark
National Benchmark,Benchmark Baseline,Curated Benchmark,0.7164163570771742,-0.46573643017156025,-0.2398733922188269,-0.671200957557634,-0.73980216196565,0.39113352334676565,2.203421231384121,rice,Kaggle Benchmark
National Benchmark,Benchmark Baseline,Curated Benchmark,1.014379369507443,-0.5566844282522839,-0.16089681890523527,-0.8004158638936568,-0.4021044451283302,0.5438477214613688,3.4177962531048776,rice,Kaggle Benchmark
National Benchmark,Benchmark Baseline,Curated Benchmark,1.041466916092013,-0.25352443464987173,-0.2398733922188269,-0.03804791651112508,-0.8464435462300675,0.40370998672090946,1.4927006987438336,rice,Kaggle Benchmark
National Benchmark,Benchmark Baseline,Curated Benchmark,0.6893288104926044,-0.40510443145107783,-0.10166438892004157,-1.808292133314629,-0.09007965413244326,0.5227372293690561,2.327515292638774,rice,Kaggle Benchmark
National Benchmark,Benchmark Baseline,Curated Benchmark,0.4455408912314754,0.17089955639350538,-0.14115267557683736,-0.5936720137560212,-0.7240034383709218,0.4261679570318805,1.999630397652139,rice,Kaggle Benchmark
National Benchmark,Benchmark Baseline,Curated Benchmark,0.8789416365845936,-0.3747884320908366,-0.10166438892004157,-0.2835562385495677,-0.9017390788116165,0.5029742154954018,2.3589936982063033,rice,Kaggle Benchmark
National Benchmark,Benchmark Baseline,Curated Benchmark,1.285254835353142,-0.1928924359293893,-0.22012924889042898,1.1765722030474828,-0.42185284962174036,0.4423376956557796,2.1943234263068003,rice,Kaggle Benchmark
National Benchmark,Benchmark Baseline,Curated Benchmark,0.4184533446469055,-0.01099643976794195,-0.14115267557683736,1.693431828391572,-0.10587837772717205,0.4059557837520064,2.7936868248006825,rice,Kaggle Benchmark
National Benchmark,Benchmark Baseline,Curated Benchmark,1.258167288768572,0.17089955639350538,-0.10166438892004157,-0.2318702760151588,0.14690119978848312,0.5640598947412429,3.0549757866213314,rice,Kaggle Benchmark
National Benchmark,Benchmark Baseline,Curated Benchmark,1.258167288768572,-0.10194443784866561,-0.14115267557683736,0.7760059934058144,-0.2144946024409295,0.4068541025644457,2.853004513904813,rice,Kaggle Benchmark
National Benchmark,Benchmark Baseline,Curated Benchmark,0.2559280651394862,-0.13226043720890684,-0.08192024559164365,-0.29647772918316967,-0.9550597709438249,0.5847212274273359,2.4858171009841534,rice,Kaggle Benchmark
National Benchmark,Benchmark Baseline,Curated Benchmark,0.9060291831691635,-0.07162843848842439,-0.2596175355472248,-0.5549075418552142,-0.6548840226439847,0.41134569662663967,1.7197819134737562,rice,Kaggle Benchmark
National Benchmark,Benchmark Baseline,Curated Benchmark,0.6080661707388947,0.11026755767302293,-0.14115267557683736,-0.8391803357944627,-0.8227454608379746,0.6044842413009903,3.070260099151229,rice,Kaggle Benchmark
National Benchmark,Benchmark Baseline,Curated Benchmark,1.1227295558457226,-0.5566844282522839,-0.16089681890523527,-0.14141984157994292,-0.6785821080360775,0.39742175503383753,1.7581746509000495,rice,Kaggle Benchmark
National Benchmark,Benchmark Baseline,Curated Benchmark,0.9331167297537334,-0.4960524295318015,-0.18064096223363318,-0.14141984157994292,-0.2144946024409295,0.5056691719327178,2.2056047046026777,rice,Kaggle Benchmark
National Benchmark,Benchmark Baseline,Curated Benchmark,1.285254835353142,-0.01099643976794195,-0.2003851055620311,-1.885821077116243,-1.055776633860219,0.4562616372485817,3.038235825279061,rice,Kaggle Benchmark
National Benchmark,Benchmark Baseline,Curated Benchmark,1.014379369507443,0.019319559592299272,-0.08192024559164365,-0.4127711448855894,0.024461091929337563,0.5568733442417316,2.359357610409396,rice,Kaggle Benchmark
National Benchmark,Benchmark Baseline,Curated Benchmark,1.2039921955994322,0.049635558952540494,-0.12140853224843946,-0.671200957557634,0.23379417955948978,0.4791687669657724,1.6355362384577672,rice,Kaggle Benchmark
National Benchmark,Benchmark Baseline,Curated Benchmark,1.3123423819377118,0.11026755767302293,-0.2596175355472248,-0.658279466924032,0.22589481776212572,0.43560030456248866,3.0720796601666938,rice,Kaggle Benchmark
National Benchmark,Benchmark Baseline,Curated Benchmark,1.2039921955994322,-0.43542043081131904,-0.2398733922188269,-1.175139092268121,-0.3468089125467805,0.5240847075877144,3.307712811669298,rice,Kaggle Benchmark
National Benchmark,Benchmark Baseline,Curated Benchmark,0.2559280651394862,-0.31415643337035415,-0.08192024559164365,1.2282581655818916,-0.9076636001596399,0.5151015194633259,3.54698508520283,rice,Kaggle Benchmark
National Benchmark,Benchmark Baseline,Curated Benchmark,0.3371907048931958,-0.28384043401011294,-0.14115267557683736,-1.149296111000916,-0.28558885861720734,0.5501359531484408,2.794232693105321,rice,Kaggle Benchmark
National Benchmark,Benchmark Baseline,Curated Benchmark,0.31010315830862595,-0.34447243273059536,-0.2398733922188269,-0.05096940714472817,-0.560091681075614,0.4755754917160165,2.6430271727202537,rice,Kaggle Benchmark
National Benchmark,Benchmark Baseline,Curated Benchmark,0.3642782514777657,-0.25352443464987173,-0.10166438892004157,-1.213903564168927,0.0027378469865860767,0.5411527650240522,1.93667358651708,rice,Kaggle Benchmark
National Benchmark,Benchmark Baseline,Curated Benchmark,0.8789416365845936,0.2012155557537466,-0.2398733922188269,0.5563406526345769,-0.0031866743614366094,0.3893368857218883,1.7716394024144841,rice,Kaggle Benchmark
National Benchmark,Benchmark Baseline,Curated Benchmark,0.8518540900000237,-0.40510443145107783,-0.16089681890523527,-0.25771325728236383,-0.3527334338948038,0.5986451690201381,3.549896382827573,rice,Kaggle Benchmark
National Benchmark,Benchmark Baseline,Curated Benchmark,0.9331167297537334,-0.04131243912818317,-0.062176102263245756,0.969828352909847,0.13702699754177772,0.4890502739025996,2.949077335521319,rice,Kaggle Benchmark
National Benchmark,Benchmark Baseline,Curated Benchmark,1.0956420092611527,-0.5566844282522839,-0.2003851055620311,-0.43861412615279444,-0.14142550581531096,0.40640494315822606,1.4595846882623866,rice,Kaggle Benchmark
National Benchmark,Benchmark Baseline,Curated Benchmark,0.6893288104926044,-0.13226043720890684,-0.12140853224843946,-1.6273912644441983,-0.1295764631192642,0.5838229086148973,1.7012223911160225,rice,Kaggle Benchmark
National Benchmark,Benchmark Baseline,Curated Benchmark,0.6351537173234646,-0.43542043081131904,-0.2003851055620311,1.693431828391572,-0.46924902040592603,0.5887636620833109,2.357901961597025,rice,Kaggle Benchmark
National Benchmark,Benchmark Baseline,Curated Benchmark,0.770591450246314,-0.31415643337035415,-0.18064096223363318,0.7630845027722114,-0.7792989709524709,0.4144898124701753,1.9532315917578036,rice,Kaggle Benchmark
National Benchmark,Benchmark Baseline,Curated Benchmark,1.014379369507443,0.049635558952540494,-0.062176102263245756,1.628824375223561,-0.192771357498178,0.4010150302835928,2.73400522349346,rice,Kaggle Benchmark
National Benchmark,Benchmark Baseline,Curated Benchmark,0.2559280651394862,-0.5263684288920427,-0.10166438892004157,-1.5240193393753805,-0.43172705186844573,0.5200422729317395,2.1186296880634927,rice,Kaggle Benchmark
National Benchmark,Benchmark Baseline,Curated Benchmark,0.6893288104926044,0.2012155557537466,-0.18064096223363318,0.38836127439774704,-1.099223123745722,0.3983200738462762,1.9126553811129539,rice,Kaggle Benchmark
National Benchmark,Benchmark Baseline,Curated Benchmark,1.1498171024302926,0.07995155831278171,-0.12140853224843946,1.1765722030474828,-0.3468089125467805,0.4827620422155277,1.6671966001268432,rice,Kaggle Benchmark
National Benchmark,Benchmark Baseline,Curated Benchmark,0.3913657980623356,0.2012155557537466,-0.10166438892004157,-1.0459241859320982,-0.7200537574722399,0.4679397818102869,2.2543689398171165,rice,Kaggle Benchmark
National Benchmark,Benchmark Baseline,Curated Benchmark,1.2039921955994322,-0.04131243912818317,-0.2398733922188269,-1.2009820735353252,0.12122827394704962,0.5550767066168544,3.330639280464146,rice,Kaggle Benchmark
National Benchmark,Benchmark Baseline,Curated Benchmark,0.6622412639080345,-0.46573643017156025,-0.18064096223363318,-0.3223207104503747,-0.4277773709697637,0.5977468502076995,3.2836946062651715,rice,Kaggle Benchmark
National Benchmark,Benchmark Baseline,Curated Benchmark,0.6351537173234646,0.019319559592299272,-0.2003851055620311,0.8406134465738253,0.008662368334609464,0.5384578085867355,2.0727767504737966,rice,Kaggle Benchmark
National Benchmark,Benchmark Baseline,Curated Benchmark,1.0956420092611527,-0.5263684288920427,-0.062176102263245756,-0.671200957557634,-0.23226816648499896,0.49264354915235486,2.993474624298644,rice,Kaggle Benchmark
National Benchmark,Benchmark Baseline,Curated Benchmark,0.553891077569755,-0.2232084352896305,-0.16089681890523527,0.995671334177052,-1.0538017934108777,0.4778212887471141,1.6100623842412694,rice,Kaggle Benchmark
National Benchmark,Benchmark Baseline,Curated Benchmark,1.3123423819377118,0.049635558952540494,-0.2596175355472248,0.03948102729048771,-0.7694247687057663,0.3933793203778626,3.175066813641963,rice,Kaggle Benchmark
National Benchmark,Benchmark Baseline,Curated Benchmark,0.5809786241543248,-0.40510443145107783,-0.2003851055620311,1.4479235063531293,-1.028128867569444,0.48186372340308836,2.5780688444681843,rice,Kaggle Benchmark
National Benchmark,Benchmark Baseline,Curated Benchmark,0.8789416365845936,0.14058355703326417,-0.062176102263245756,-0.7616513919928499,0.02841077282802029,0.5407036056178326,2.587348605647051,rice,Kaggle Benchmark
National Benchmark,Benchmark Baseline,Curated Benchmark,1.1498171024302926,0.14058355703326417,-0.2003851055620311,0.5951051245353827,-0.9866572181332818,0.551932590773318,3.203997833787843,rice,Kaggle Benchmark
National Benchmark,Benchmark Baseline,Curated Benchmark,0.5268035309851851,-0.5263684288920427,-0.12140853224843946,0.6209481058025877,-0.7457266833136733,0.4153881312826146,1.7998425981541777,rice,Kaggle Benchmark
National Benchmark,Benchmark Baseline,Curated Benchmark,0.6893288104926044,-0.1928924359293893,-0.12140853224843946,-0.9425522608632805,-1.0932986023976992,0.5303729392747863,2.9145056762275003,rice,Kaggle Benchmark
National Benchmark,Benchmark Baseline,Curated Benchmark,1.3123423819377118,-0.3747884320908366,-0.2398733922188269,0.3495968024969412,-0.22831848558631693,0.5061183313389374,1.4392056048891884,rice,Kaggle Benchmark
National Benchmark,Benchmark Baseline,Curated Benchmark,1.3123423819377118,0.019319559592299272,-0.22012924889042898,-1.1363746203673142,-0.883965514767547,0.3978709144400572,1.7323368844804585,rice,Kaggle Benchmark
National Benchmark,Benchmark Baseline,Curated Benchmark,0.9602042763383033,0.17089955639350538,-0.2596175355472248,0.6209481058025877,0.034335294176042974,0.47737212934089446,2.548228043814572,rice,Kaggle Benchmark
National Benchmark,Benchmark Baseline,Curated Benchmark,0.49971598440061515,-0.2232084352896305,-0.14115267557683736,-1.885821077116243,-0.3902554024322834,0.3956251174089602,2.9048620028455407,rice,Kaggle Benchmark
National Benchmark,Benchmark Baseline,Curated Benchmark,1.0956420092611527,0.07995155831278171,-0.22012924889042898,-0.14141984157994292,-0.43172705186844573,0.4082015807831034,3.021131951733698,rice,Kaggle Benchmark
National Benchmark,Benchmark Baseline,Curated Benchmark,0.28301561172405604,-0.04131243912818317,-0.14115267557683736,0.5304976713673718,-0.12562678222058218,0.5573225036479513,1.84387597472841,rice,Kaggle Benchmark
National Benchmark,Benchmark Baseline,Curated Benchmark,0.4455408912314754,-0.25352443464987173,-0.2003851055620311,1.073200277978665,-0.5699658833223195,0.48006708577821106,2.864467748302237,rice,Kaggle Benchmark
National Benchmark,Benchmark Baseline,Curated Benchmark,0.770591450246314,-0.34447243273059536,-0.22012924889042898,0.1557744429929075,-0.14735002716333367,0.5101607659949123,3.4962193328713815,rice,Kaggle Benchmark
National Benchmark,Benchmark Baseline,Curated Benchmark,0.7435039036617441,-0.31415643337035415,-0.12140853224843946,1.047357296711461,-0.848418386679408,0.5173473164944229,1.6167947599984869,rice,Kaggle Benchmark
National Benchmark,Benchmark Baseline,Curated Benchmark,0.6622412639080345,0.019319559592299272,-0.2398733922188269,0.7113985402378025,0.1330773166430957,0.5878653432708716,2.802602673776457,rice,Kaggle Benchmark
National Benchmark,Benchmark Baseline,Curated Benchmark,1.258167288768572,-0.5263684288920427,-0.062176102263245756,0.6080266151689858,-0.6687079057893721,0.4661431441854089,3.1772502868605197,rice,Kaggle Benchmark
National Benchmark,Benchmark Baseline,Curated Benchmark,0.4455408912314754,-0.1928924359293893,-0.08192024559164365,1.8097252440939915,0.21997029641410235,0.4629990283418733,3.2194641024192876,rice,Kaggle Benchmark
National Benchmark,Benchmark Baseline,Curated Benchmark,0.6080661707388947,-0.5566844282522839,-0.2003851055620311,-1.885821077116243,-0.14340034626465165,0.47153305706004217,1.500888723313422,rice,Kaggle Benchmark
National Benchmark,Benchmark Baseline,Curated Benchmark,0.7164163570771742,-0.5263684288920427,-0.22012924889042898,-0.4256926355191925,0.24959290315421787,0.44817676793663186,1.6579168389479764,rice,Kaggle Benchmark
National Benchmark,Benchmark Baseline,Curated Benchmark,0.8247665434154539,-0.3747884320908366,-0.2003851055620311,1.3574730719179133,-0.5798400855690248,0.5501359531484408,1.773095051226855,rice,Kaggle Benchmark
National Benchmark,Benchmark Baseline,Curated Benchmark,0.47262843781604524,0.11026755767302293,-0.10166438892004157,-0.9813167327640875,0.09358050765627475,0.39966755206493454,1.4453921123417663,rice,Kaggle Benchmark
National Benchmark,Benchmark Baseline,Curated Benchmark,0.5809786241543248,-0.25352443464987173,-0.2596175355472248,-0.9167092795960766,-0.03675896200023487,0.5151015194633259,1.6721094148685967,rice,Kaggle Benchmark
National Benchmark,Benchmark Baseline,Curated Benchmark,0.28301561172405604,-0.01099643976794195,-0.10166438892004157,-0.154341332213546,0.15480056158584718,0.4302103916878554,2.1817684553000976,rice,Kaggle Benchmark
National Benchmark,Benchmark Baseline,Curated Benchmark,0.4455408912314754,-0.31415643337035415,-0.18064096223363318,-0.6065935043896231,0.08370630540956933,0.6058317195196486,1.515445211437135,rice,Kaggle Benchmark
National Benchmark,Benchmark Baseline,Curated Benchmark,0.4455408912314754,0.14058355703326417,-0.18064096223363318,-1.3172754892377447,-0.06638156874035041,0.4068541025644457,2.1226327222975137,rice,Kaggle Benchmark
National Benchmark,Benchmark Baseline,Curated Benchmark,0.4184533446469055,0.2012155557537466,-0.2003851055620311,-0.12849835094634096,-0.696355672080147,0.5384578085867355,2.334065712294445,rice,Kaggle Benchmark
National Benchmark,Benchmark Baseline,Curated Benchmark,0.8518540900000237,-0.31415643337035415,-0.2003851055620311,-1.75660617078022,-0.4593748181592206,0.4468292897179742,2.526575267730549,rice,Kaggle Benchmark
National Benchmark,Benchmark Baseline,Curated Benchmark,0.9060291831691635,-0.10194443784866561,-0.08192024559164365,-0.6841224481912359,-0.0249099193041888,0.44593097090553485,1.440843209803106,rice,Kaggle Benchmark
National Benchmark,Benchmark Baseline,Curated Benchmark,0.8247665434154539,-0.01099643976794195,-0.12140853224843946,-1.6661557363450052,-0.3823560406349194,0.42931207287541673,2.369729108197541,rice,Kaggle Benchmark
National Benchmark,Benchmark Baseline,Curated Benchmark,1.0956420092611527,-0.10194443784866561,-0.16089681890523527,-0.0122049352439212,-0.9471604091464608,0.5681023293972172,2.3064083848593904,rice,Kaggle Benchmark
National Benchmark,Benchmark Baseline,Curated Benchmark,1.1498171024302926,-0.01099643976794195,-0.2003851055620311,0.7760059934058144,0.25946710540092327,0.46838894121650587,3.4065149748090002,rice,Kaggle Benchmark
National Benchmark,Benchmark Baseline,Curated Benchmark,1.0685544626765828,-0.28384043401011294,-0.2003851055620311,1.2928656187499024,-0.3507585934454625,0.5568733442417316,2.506196184357351,rice,Kaggle Benchmark
National Benchmark,Benchmark Baseline,Curated Benchmark,0.8247665434154539,-0.25352443464987173,-0.2596175355472248,-0.3998496542519875,0.1804734874272814,0.38798940750323,2.100797990111944,rice,Kaggle Benchmark
National Benchmark,Benchmark Baseline,Curated Benchmark,0.7435039036617441,-0.40510443145107783,-0.2003851055620311,1.3962375438187202,0.16664960428189396,0.555975025429293,2.634111323744479,rice,Kaggle Benchmark
National Benchmark,Benchmark Baseline,Curated Benchmark,0.2559280651394862,-0.07162843848842439,-0.2398733922188269,-0.5678290324888161,-0.5758904046703428,0.508813287776254,2.7936868248006825,rice,Kaggle Benchmark
National Benchmark,Benchmark Baseline,Curated Benchmark,1.014379369507443,-0.2232084352896305,-0.12140853224843946,0.16869593362650942,-0.5798400855690248,0.5380086491805159,1.6522761998000375,rice,Kaggle Benchmark
National Benchmark,Benchmark Baseline,Curated Benchmark,1.1498171024302926,-0.1928924359293893,-0.22012924889042898,0.03948102729048771,-0.8069467372432458,0.47871960755955273,3.50185997201932,rice,Kaggle Benchmark
National Benchmark,Benchmark Baseline,Curated Benchmark,0.2559280651394862,0.049635558952540494,-0.062176102263245756,-0.6841224481912359,-0.8306448226353387,0.5321695768996637,3.350108583329612,rice,Kaggle Benchmark
National Benchmark,Benchmark Baseline,Curated Benchmark,0.7435039036617441,-0.5566844282522839,-0.08192024559164365,0.7760059934058144,0.18244832787662205,0.5923569373330662,1.4584929516531082,rice,Kaggle Benchmark
National Benchmark,Benchmark Baseline,Curated Benchmark,0.3913657980623356,-0.4960524295318015,-0.16089681890523527,-1.4723333768409717,-0.4455509350138332,0.5442968808675879,1.5456499242938395,rice,Kaggle Benchmark
National Benchmark,Benchmark Baseline,Curated Benchmark,0.553891077569755,0.019319559592299272,-0.634756258786785,-0.9296307702296785,-0.5936639687144123,-0.3499794969152781,-0.28573823777080204,maize,Kaggle Benchmark
National Benchmark,Benchmark Baseline,Curated Benchmark,0.28301561172405604,-0.28384043401011294,-0.6150121154583871,0.5951051245353827,0.09555534810561611,0.003958115185625028,-0.021719934426957656,maize,Kaggle Benchmark
National Benchmark,Benchmark Baseline,Curated Benchmark,0.797678996830884,-0.31415643337035415,-0.634756258786785,0.24622487742812338,-0.40605412602701224,0.0048564339980643285,-0.668573875424454,maize,Kaggle Benchmark
National Benchmark,Benchmark Baseline,Curated Benchmark,0.6080661707388947,0.14058355703326417,-0.5360355421447954,0.16869593362650942,-1.1150218473404507,-0.6199243000531497,-0.7790212290631264,maize,Kaggle Benchmark
National Benchmark,Benchmark Baseline,Curated Benchmark,0.28301561172405604,-0.46573643017156025,-0.5557796854731933,-0.6453579762904301,-1.4092730742922674,-0.39444627813100047,-0.6918642564223948,maize,Kaggle Benchmark
National Benchmark,Benchmark Baseline,Curated Benchmark,0.47262843781604524,-0.3747884320908366,-0.634756258786785,-0.3998496542519875,-0.7575757260097195,-0.614085227772297,-0.024995144254792948,maize,Kaggle Benchmark
National Benchmark,Benchmark Baseline,Curated Benchmark,1.1498171024302926,-0.3747884320908366,-0.6150121154583871,-0.5419860512216123,0.000763006537245415,-0.2237657037676208,0.03650601806789439,maize,Kaggle Benchmark
National Benchmark,Benchmark Baseline,Curated Benchmark,1.041466916092013,0.2012155557537466,-0.5755238288015913,-0.7228869200920429,-0.08415513278441987,-0.21523167504945193,-0.46205370016927594,maize,Kaggle Benchmark
National Benchmark,Benchmark Baseline,Curated Benchmark,0.6893288104926044,-0.28384043401011294,-0.6150121154583871,-0.7874943732600538,-1.0261540271201026,-0.401183669224292,-0.6947755540471374,maize,Kaggle Benchmark
National Benchmark,Benchmark Baseline,Curated Benchmark,0.4455408912314754,0.2012155557537466,-0.45705896883120384,-0.9296307702296785,-0.13747582491662824,-0.21074008098725736,0.10473955614779908,maize,Kaggle Benchmark
National Benchmark,Benchmark Baseline,Curated Benchmark,0.5268035309851851,-0.28384043401011294,-0.5755238288015913,-0.8004158638936568,-0.45345029681119725,0.0884000835548765,-0.1667389473594484,maize,Kaggle Benchmark
National Benchmark,Benchmark Baseline,Curated Benchmark,1.0685544626765828,-0.13226043720890684,-0.5360355421447954,0.0007165553896807421,-0.15327454851135705,-0.14022205421080863,-0.5352000529909337,maize,Kaggle Benchmark
National Benchmark,Benchmark Baseline,Curated Benchmark,0.31010315830862595,-0.04131243912818317,-0.634756258786785,0.6467910870697916,-0.6588337035426667,-0.5678218089316968,-0.7204313643651816,maize,Kaggle Benchmark
National Benchmark,Benchmark Baseline,Curated Benchmark,1.1227295558457226,-0.28384043401011294,-0.634756258786785,-0.5032215793208054,-1.3302794563186255,-0.2565543404216387,-0.15836896668831327,maize,Kaggle Benchmark
National Benchmark,Benchmark Baseline,Curated Benchmark,0.4184533446469055,0.019319559592299272,-0.5360355421447954,-0.709965429458441,-0.08415513278441987,-0.5067361296858556,-0.5703175805893912,maize,Kaggle Benchmark
National Benchmark,Benchmark Baseline,Curated Benchmark,0.3371907048931958,0.14058355703326417,-0.5162913988163975,-0.34816369171757855,-1.4546944046271117,-0.7277225575458105,-0.7231607058883778,maize,Kaggle Benchmark
National Benchmark,Benchmark Baseline,Curated Benchmark,0.5268035309851851,-0.1928924359293893,-0.6150121154583871,0.16869593362650942,-0.19869587884620138,-0.04769521652960794,0.012669768765314315,maize,Kaggle Benchmark
National Benchmark,Benchmark Baseline,Curated Benchmark,0.28301561172405604,-0.3747884320908366,-0.6150121154583871,-0.5807505231224193,-0.09402933503112527,-0.2794614701388287,-0.487345598284227,maize,Kaggle Benchmark
National Benchmark,Benchmark Baseline,Curated Benchmark,0.4184533446469055,-0.01099643976794195,-0.5755238288015913,-0.5678290324888161,-0.49887162714604155,-0.5103294049356112,-0.6907725198131163,maize,Kaggle Benchmark
National Benchmark,Benchmark Baseline,Curated Benchmark,0.6351537173234646,0.049635558952540494,-0.5755238288015913,-0.2318702760151588,-1.4941912136139328,-0.3859122494128316,-0.3497867855151394,maize,Kaggle Benchmark
National Benchmark,Benchmark Baseline,Curated Benchmark,0.7164163570771742,0.11026755767302293,-0.5360355421447954,0.10408848045849857,-0.1355009844672876,0.10412066277255597,-0.431667031211025,maize,Kaggle Benchmark
National Benchmark,Benchmark Baseline,Curated Benchmark,1.3123423819377118,-0.10194443784866561,-0.6545004021151829,-1.162217601634518,-1.4744428091205226,-0.01760153631290669,-0.27991564252131695,maize,Kaggle Benchmark
National Benchmark,Benchmark Baseline,Curated Benchmark,0.6351537173234646,0.07995155831278171,-0.5162913988163975,0.46589021819936094,-1.4487698832790885,-0.21657915326811025,-0.4091044746192697,maize,Kaggle Benchmark
National Benchmark,Benchmark Baseline,Curated Benchmark,0.8789416365845936,-0.25352443464987173,-0.5360355421447954,-0.9683952421304856,-1.340153658565331,-0.5718642435876716,-0.43148507510947853,maize,Kaggle Benchmark
National Benchmark,Benchmark Baseline,Curated Benchmark,1.3394299285222817,-0.16257643656914805,-0.634756258786785,-1.1880605829017232,0.020511411030655537,-0.1914262265198226,-0.5268300723197986,maize,Kaggle Benchmark
National Benchmark,Benchmark Baseline,Curated Benchmark,0.770591450246314,-0.07162843848842439,-0.634756258786785,0.1557744429929075,-0.05453252604430433,-0.13393382252373673,-0.12743642942542335,maize,Kaggle Benchmark
National Benchmark,Benchmark Baseline,Curated Benchmark,1.1769046490148625,-0.43542043081131904,-0.5952679721299892,-0.7487299013592479,-0.3408843911987571,-0.6284583287713186,-0.011530392740358514,maize,Kaggle Benchmark
National Benchmark,Benchmark Baseline,Curated Benchmark,0.6622412639080345,-0.13226043720890684,-0.6545004021151829,-0.709965429458441,-0.8049718967939051,0.0012631587483090416,-0.0177169001929366,maize,Kaggle Benchmark
National Benchmark,Benchmark Baseline,Curated Benchmark,0.7435039036617441,-0.16257643656914805,-0.5162913988163975,-1.1363746203673142,-0.49887162714604155,-0.3764799018822237,-0.6010681617507349,maize,Kaggle Benchmark
National Benchmark,Benchmark Baseline,Curated Benchmark,0.9872918229228731,0.019319559592299272,-0.5557796854731933,0.14285295235930554,0.000763006537245415,-0.35986100385210523,0.09764326818748897,maize,Kaggle Benchmark
National Benchmark,Benchmark Baseline,Curated Benchmark,0.9872918229228731,-0.5566844282522839,-0.45705896883120384,-0.3740066729847836,-0.8227454608379746,-0.37378494544490737,-0.6836762318528062,maize,Kaggle Benchmark
National Benchmark,Benchmark Baseline,Curated Benchmark,0.3371907048931958,-0.31415643337035415,-0.5755238288015913,0.22038189616091833,-1.4013737124949035,-0.716493572390325,-0.22696641697131098,maize,Kaggle Benchmark
National Benchmark,Benchmark Baseline,Curated Benchmark,0.9060291831691635,0.11026755767302293,-0.45705896883120384,0.026559536656885773,-0.6074878518597997,-0.1568409522409274,-0.7106057348816753,maize,Kaggle Benchmark
National Benchmark,Benchmark Baseline,Curated Benchmark,0.3642782514777657,-0.5566844282522839,-0.49654725548799966,-1.0200812046648944,-0.512695510291429,-0.43082819003477363,-0.7355337207935339,maize,Kaggle Benchmark
National Benchmark,Benchmark Baseline,Curated Benchmark,0.2559280651394862,-0.2232084352896305,-0.5162913988163975,0.2074604055273164,-0.14340034626465165,-0.2637408909211493,-0.282644984044513,maize,Kaggle Benchmark
National Benchmark,Benchmark Baseline,Curated Benchmark,1.285254835353142,-0.28384043401011294,-0.5360355421447954,0.0653240085576916,0.03038561327736095,0.11714628555291944,0.07326115058026965,maize,Kaggle Benchmark
National Benchmark,Benchmark Baseline,Curated Benchmark,0.6622412639080345,0.07995155831278171,-0.5952679721299892,-0.9942382233976894,-1.227587752952891,-0.4097176979424609,-0.7735625460167339,maize,Kaggle Benchmark
National Benchmark,Benchmark Baseline,Curated Benchmark,0.9602042763383033,0.049635558952540494,-0.5360355421447954,0.427125746298554,-0.8049718967939051,-0.5318890564341432,0.11438322952975896,maize,Kaggle Benchmark
National Benchmark,Benchmark Baseline,Curated Benchmark,1.285254835353142,-0.5566844282522839,-0.5952679721299892,-0.2835562385495677,-0.3586579552428265,0.1503840816131563,-0.21295579715223703,maize,Kaggle Benchmark
National Benchmark,Benchmark Baseline,Curated Benchmark,0.6893288104926044,0.11026755767302293,-0.5952679721299892,-0.4903000886872034,-1.310531051825215,0.13690929942657384,-0.1674667717656339,maize,Kaggle Benchmark
National Benchmark,Benchmark Baseline,Curated Benchmark,1.3123423819377118,0.07995155831278171,-0.6150121154583871,-0.3093992198167716,-0.2974379013132541,0.07402698255585471,-0.5892410151502182,maize,Kaggle Benchmark
National Benchmark,Benchmark Baseline,Curated Benchmark,0.2559280651394862,-0.28384043401011294,-0.49654725548799966,-0.9683952421304856,-0.16314875075806246,-0.0643141145597267,-0.486435817776495,maize,Kaggle Benchmark
National Benchmark,Benchmark Baseline,Curated Benchmark,0.6351537173234646,-0.16257643656914805,-0.6150121154583871,-0.05096940714472817,-0.7871983327498356,-0.5031428544361003,-0.6230848500378509,maize,Kaggle Benchmark
National Benchmark,Benchmark Baseline,Curated Benchmark,1.041466916092013,0.2012155557537466,-0.6150121154583871,-0.632436485656827,-0.046633164246940285,-0.6410347921454623,-0.03209143221510304,maize,Kaggle Benchmark
National Benchmark,Benchmark Baseline,Curated Benchmark,0.49971598440061515,-0.07162843848842439,-0.49654725548799966,0.427125746298554,-0.6706827462387135,0.06145051918171089,0.05743096974573193,maize,Kaggle Benchmark
National Benchmark,Benchmark Baseline,Curated Benchmark,1.231079742184002,-0.2232084352896305,-0.5162913988163975,0.03948102729048771,-0.9945565799306465,-0.11147585221276571,-0.6763979877909496,maize,Kaggle Benchmark
National Benchmark,Benchmark Baseline,Curated Benchmark,0.28301561172405604,0.2012155557537466,-0.6545004021151829,-0.25771325728236383,-0.145375186713993,-0.12315399677447088,-0.22205360222955764,maize,Kaggle Benchmark
National Benchmark,Benchmark Baseline,Curated Benchmark,0.6351537173234646,0.14058355703326417,-0.5952679721299892,0.33667531186333927,-1.1011979641950633,-0.6792133416741132,0.10110043411687078,maize,Kaggle Benchmark
National Benchmark,Benchmark Baseline,Curated Benchmark,0.6351537173234646,-0.31415643337035415,-0.49654725548799966,-0.18018431348074987,0.06593274136549987,-0.43082819003477363,-0.07066612574294258,maize,Kaggle Benchmark
National Benchmark,Benchmark Baseline,Curated Benchmark,0.3371907048931958,-0.31415643337035415,-0.6150121154583871,0.4400472369321559,-1.2493109978956423,-0.27002912260822115,-0.5848740687131043,maize,Kaggle Benchmark
National Benchmark,Benchmark Baseline,Curated Benchmark,1.3123423819377118,-0.5263684288920427,-0.5557796854731933,0.2591463680617253,-0.9945565799306465,-0.2754190354828544,-0.45695892932597637,maize,Kaggle Benchmark
National Benchmark,Benchmark Baseline,Curated Benchmark,0.7164163570771742,-0.5263684288920427,-0.49654725548799966,0.23330338679452142,-0.17894747435279057,-0.6625944436439947,-0.2731832667640996,maize,Kaggle Benchmark
National Benchmark,Benchmark Baseline,Curated Benchmark,0.9872918229228731,0.2012155557537466,-0.49654725548799966,-0.03804791651112508,-1.055776633860219,-0.34009798997845087,-0.74535935027704,maize,Kaggle Benchmark
National Benchmark,Benchmark Baseline,Curated Benchmark,0.2559280651394862,-0.46573643017156025,-0.6150121154583871,0.0007165553896807421,-1.4211221169883135,-0.32527572957321005,-0.49225841302598033,maize,Kaggle Benchmark
National Benchmark,Benchmark Baseline,Curated Benchmark,1.1769046490148625,0.019319559592299272,-0.6150121154583871,-0.7745728826264519,-0.4396264136658098,-0.4375655811280649,0.0701678968539806,maize,Kaggle Benchmark
National Benchmark,Benchmark Baseline,Curated Benchmark,1.2039921955994322,-0.46573643017156025,-0.5162913988163975,-0.9554737514968824,-1.1387199327325428,-0.4595743920328165,-0.04901334965891953,maize,Kaggle Benchmark
National Benchmark,Benchmark Baseline,Curated Benchmark,0.9060291831691635,-0.28384043401011294,-0.5360355421447954,-0.8004158638936568,-0.73980216196565,-0.42992987122233495,0.0692581163462486,maize,Kaggle Benchmark
National Benchmark,Benchmark Baseline,Curated Benchmark,0.7164163570771742,0.14058355703326417,-0.5755238288015913,-0.8779448076952696,-0.5541671597275913,-0.6724759505808219,-0.03391099323056732,maize,Kaggle Benchmark
National Benchmark,Benchmark Baseline,Curated Benchmark,0.4184533446469055,-0.28384043401011294,-0.5557796854731933,0.3495968024969412,-1.2907826473318047,-0.11057753340032705,-0.41365337715793,maize,Kaggle Benchmark
National Benchmark,Benchmark Baseline,Curated Benchmark,0.3371907048931958,-0.5566844282522839,-0.634756258786785,-0.25771325728236383,-0.7082047147761931,-0.27496987607663476,-0.3590665466940063,maize,Kaggle Benchmark
National Benchmark,Benchmark Baseline,Curated Benchmark,0.770591450246314,-0.25352443464987173,-0.5557796854731933,-0.9683952421304856,-0.35668311479348586,-0.5494062732767007,-0.24570789543059146,maize,Kaggle Benchmark
National Benchmark,Benchmark Baseline,Curated Benchmark,0.5809786241543248,0.2012155557537466,-0.45705896883120384,-0.9037877889624747,-1.3993988720455621,-0.1101283739941074,-0.27955173031822417,maize,Kaggle Benchmark
National Benchmark,Benchmark Baseline,Curated Benchmark,0.4455408912314754,-0.07162843848842439,-0.47680311215960175,-1.149296111000916,-0.4179031687230583,-0.45643027618928056,-0.703873359124458,maize,Kaggle Benchmark
National Benchmark,Benchmark Baseline,Curated Benchmark,0.9602042763383033,-0.5263684288920427,-0.47680311215960175,-0.8779448076952696,0.18442316832596342,0.06324715680658885,-0.5481189362007288,maize,Kaggle Benchmark
National Benchmark,Benchmark Baseline,Curated Benchmark,0.6893288104926044,-0.16257643656914805,-0.5952679721299892,-0.8908662983288715,-1.2473361574463009,-0.08317880962094243,-0.3685282639744199,maize,Kaggle Benchmark
National Benchmark,Benchmark Baseline,Curated Benchmark,0.6622412639080345,-0.01099643976794195,-0.5952679721299892,0.504654690100168,-0.9728333349878944,-0.5408722445585318,0.0033900075864474436,maize,Kaggle Benchmark
National Benchmark,Benchmark Baseline,Curated Benchmark,0.8247665434154539,-0.25352443464987173,-0.49654725548799966,-0.36108518235118053,-1.2414116360982783,-0.15504431461604945,-0.3499687416166856,maize,Kaggle Benchmark
National Benchmark,Benchmark Baseline,Curated Benchmark,0.6080661707388947,-0.25352443464987173,-0.5360355421447954,0.22038189616091833,-0.19869587884620138,0.09468831524194841,-0.12507100010531982,maize,Kaggle Benchmark
National Benchmark,Benchmark Baseline,Curated Benchmark,0.553891077569755,-0.5566844282522839,-0.47680311215960175,-0.8262588451608607,-0.6608085439920081,-0.5372789693087762,-0.6458293627311524,maize,Kaggle Benchmark
National Benchmark,Benchmark Baseline,Curated Benchmark,1.231079742184002,0.019319559592299272,-0.5162913988163975,0.6338695964361897,0.016561730131973512,-0.45598111678306125,-0.3685282639744199,maize,Kaggle Benchmark
National Benchmark,Benchmark Baseline,Curated Benchmark,1.3123423819377118,-0.43542043081131904,-0.5952679721299892,-0.46445710741999835,-1.2670845619397118,-0.1424678512419056,-0.2841006328568845,maize,Kaggle Benchmark
National Benchmark,Benchmark Baseline,Curated Benchmark,0.31010315830862595,-0.16257643656914805,-0.5557796854731933,0.31083233059613424,-0.7733744496044482,-0.4946088257179314,-0.1410831370414043,maize,Kaggle Benchmark
National Benchmark,Benchmark Baseline,Curated Benchmark,0.9602042763383033,-0.4960524295318015,-0.634756258786785,-1.175139092268121,-1.0064056226266926,-0.5512029109015782,-0.6523797823868233,maize,Kaggle Benchmark
National Benchmark,Benchmark Baseline,Curated Benchmark,1.1769046490148625,-0.10194443784866561,-0.5755238288015913,-0.7745728826264519,-0.4573999777098792,0.09648495286682574,-0.10687538995067856,maize,Kaggle Benchmark
National Benchmark,Benchmark Baseline,Curated Benchmark,0.6893288104926044,-0.43542043081131904,-0.47680311215960175,0.6855555589705986,-0.2697901350224792,-0.711103659515692,-0.7136989886079644,maize,Kaggle Benchmark
National Benchmark,Benchmark Baseline,Curated Benchmark,0.7164163570771742,-0.04131243912818317,-0.6150121154583871,-0.9813167327640875,-0.14932486761267502,-0.257901818640297,-0.5029938230172187,maize,Kaggle Benchmark
National Benchmark,Benchmark Baseline,Curated Benchmark,0.6351537173234646,-0.43542043081131904,-0.49654725548799966,0.40128276503135013,-0.5897142878157302,-0.2565543404216387,-0.27827803760739916,maize,Kaggle Benchmark
National Benchmark,Benchmark Baseline,Curated Benchmark,0.8247665434154539,-0.13226043720890684,-0.5557796854731933,-1.239746545436132,-1.4961660540632742,-0.4883205940308595,0.013943461476139337,maize,Kaggle Benchmark
National Benchmark,Benchmark Baseline,Curated Benchmark,0.3371907048931958,-0.34447243273059536,-0.5360355421447954,-0.8650233170616677,-0.4652993395072433,0.03809423005830121,-0.6616595435656905,maize,Kaggle Benchmark
National Benchmark,Benchmark Baseline,Curated Benchmark,1.3123423819377118,-0.46573643017156025,-0.5360355421447954,-0.154341332213546,-0.5403432765822038,0.00530559340428334,-0.6501963091682662,maize,Kaggle Benchmark
National Benchmark,Benchmark Baseline,Curated Benchmark,1.0685544626765828,-0.04131243912818317,-0.45705896883120384,0.452968727565759,0.0698824222641819,-0.0953061135888666,-0.004434104780048418,maize,Kaggle Benchmark
National Benchmark,Benchmark Baseline,Curated Benchmark,0.47262843781604524,-0.40510443145107783,-0.5755238288015913,0.24622487742812338,0.10345470990298015,-0.2367913265479843,0.06871224804160933,maize,Kaggle Benchmark
National Benchmark,Benchmark Baseline,Curated Benchmark,0.2559280651394862,0.11026755767302293,-0.47680311215960175,-0.45153561678639637,-1.3737259462041287,-0.44609960984623404,-0.5173683550393852,maize,Kaggle Benchmark
National Benchmark,Benchmark Baseline,Curated Benchmark,0.553891077569755,-0.04131243912818317,-0.5952679721299892,-0.8779448076952696,-0.09995385637914866,-0.6962813991104513,-0.46041609525535815,maize,Kaggle Benchmark
National Benchmark,Benchmark Baseline,Curated Benchmark,0.28301561172405604,0.17089955639350538,-0.6150121154583871,0.0007165553896807421,-0.4495006159125152,-0.5494062732767007,0.02813603739675953,maize,Kaggle Benchmark
National Benchmark,Benchmark Baseline,Curated Benchmark,1.014379369507443,-0.46573643017156025,-0.6545004021151829,-0.0122049352439212,-0.10587837772717205,-0.24981694932834714,-0.7455413063785864,maize,Kaggle Benchmark
National Benchmark,Benchmark Baseline,Curated Benchmark,0.3913657980623356,0.2012155557537466,-0.5162913988163975,0.18161742426011251,-0.048608004696280946,0.046628258776470095,0.080903306845219,maize,Kaggle Benchmark
National Benchmark,Benchmark Baseline,Curated Benchmark,0.7435039036617441,-0.4960524295318015,-0.5162913988163975,-0.18018431348074987,-0.05453252604430433,-0.3665983949453965,-0.5266481162182524,maize,Kaggle Benchmark
National Benchmark,Benchmark Baseline,Curated Benchmark,0.7435039036617441,0.14058355703326417,-0.6545004021151829,0.07824549919129468,-0.1197022608725588,-0.16447666214665763,-0.7378991501136372,maize,Kaggle Benchmark
National Benchmark,Benchmark Baseline,Curated Benchmark,1.1227295558457226,0.2012155557537466,-0.49654725548799966,-0.9683952421304856,-1.3717511057547873,0.0017123181545280535,-0.6101659668280555,maize,Kaggle Benchmark
National Benchmark,Benchmark Baseline,Curated Benchmark,0.770591450246314,0.17089955639350538,-0.6150121154583871,0.22038189616091833,-1.0340533889174675,-0.3477336998841808,0.0918206729380039,maize,Kaggle Benchmark
National Benchmark,Benchmark Baseline,Curated Benchmark,1.0956420092611527,0.049635558952540494,-0.6545004021151829,-0.11557686031273903,-1.4862918518165686,0.050670693432445034,-0.44585960713164524,maize,Kaggle Benchmark
National Benchmark,Benchmark Baseline,Curated Benchmark,0.6893288104926044,-0.07162843848842439,-0.5952679721299892,-0.2835562385495677,0.10937923125100354,0.02147533202818245,-0.4296655140940145,maize,Kaggle Benchmark
National Benchmark,Benchmark Baseline,Curated Benchmark,0.9872918229228731,-0.16257643656914805,-0.45705896883120384,0.24622487742812338,-1.3757007866534698,-0.45373531975196396,-0.1791119622646043,maize,Kaggle Benchmark
National Benchmark,Benchmark Baseline,Curated Benchmark,0.553891077569755,0.2012155557537466,-0.5162913988163975,-0.34816369171757855,0.08963082675759272,-0.5440163604020677,-0.32212945808008453,maize,Kaggle Benchmark
National Benchmark,Benchmark Baseline,Curated Benchmark,1.0685544626765828,0.11026755767302293,-0.47680311215960175,-0.3998496542519875,-1.3204052540719202,0.05920472215061392,-0.38435844480895764,maize,Kaggle Benchmark
National Benchmark,Benchmark Baseline,Curated Benchmark,0.4455408912314754,-0.5566844282522839,-0.5162913988163975,-0.10265536967913709,-0.45542513726053857,-0.36974251078893244,0.09636957547666422,maize,Kaggle Benchmark
National Benchmark,Benchmark Baseline,Curated Benchmark,0.2559280651394862,0.019319559592299272,-0.5755238288015913,-0.06389089777833011,-1.3559523821600592,-0.403429466255389,-0.6047072837816632,maize,Kaggle Benchmark
National Benchmark,Benchmark Baseline,Curated Benchmark,0.8789416365845936,0.14058355703326417,-0.49654725548799966,-0.11557686031273903,-1.160443177675295,-0.5309907376217046,-0.6905905637115698,maize,Kaggle Benchmark
National Benchmark,Benchmark Baseline,Curated Benchmark,0.8789416365845936,0.11026755767302293,-0.5755238288015913,0.5304976713673718,0.022486251479996902,-0.03287295612436714,-0.08595043827284128,maize,Kaggle Benchmark
National Benchmark,Benchmark Baseline,Curated Benchmark,-0.28582286655191164,0.5650075480766412,0.5696364842454872,1.3187086000171075,-1.6975997798960616,-2.4475539239599717,-0.27136370574863555,chickpea,Kaggle Benchmark
National Benchmark,Benchmark Baseline,Curated Benchmark,-0.7463111584895997,0.5650075480766412,0.7078454875442726,0.5821836339017807,-1.3026316900278507,-2.4412656922728995,-0.42820986528164295,chickpea,Kaggle Benchmark
National Benchmark,Benchmark Baseline,Curated Benchmark,-0.3129104131364815,0.14058355703326417,0.7275896308726705,-0.6065935043896231,-1.5257886608033897,-2.5185211101426397,-0.6352759088414606,chickpea,Kaggle Benchmark
National Benchmark,Benchmark Baseline,Curated Benchmark,-0.7733987050741696,0.5650075480766412,0.7275896308726705,-0.10265536967913709,-1.3322542967679663,-2.5072921249871545,-0.27209153015482107,chickpea,Kaggle Benchmark
National Benchmark,Benchmark Baseline,Curated Benchmark,-0.39417305289019117,0.4134275512754351,0.5696364842454872,0.8793779184746323,-1.430996319235019,-2.33211995656158,-0.4404009240852526,chickpea,Kaggle Benchmark
National Benchmark,Benchmark Baseline,Curated Benchmark,-0.5025232392284708,0.5953235474368824,0.6486130575590788,-0.619514995023225,-1.02022950577208,-2.518970269548859,-0.19621583580996704,chickpea,Kaggle Benchmark
National Benchmark,Benchmark Baseline,Curated Benchmark,0.2017529719703464,0.5043755493561588,0.7078454875442726,-0.3093992198167716,-0.9807326967852591,-2.4646219813963093,-0.5241007307966026,chickpea,Kaggle Benchmark
National Benchmark,Benchmark Baseline,Curated Benchmark,0.22884051855491627,0.5043755493561588,0.7078454875442726,1.3962375438187202,-1.6363797259664892,-2.368501868465353,-0.379263673965658,chickpea,Kaggle Benchmark
National Benchmark,Benchmark Baseline,Curated Benchmark,-0.23164777338277184,0.261847554474229,0.5301481975886914,0.6984770496042005,-1.4685182877724994,-2.3617644773720623,-0.393274293784732,chickpea,Kaggle Benchmark
National Benchmark,Benchmark Baseline,Curated Benchmark,-0.6108734255667503,0.6256395467971237,0.6486130575590788,2.9468164198509865,-1.5020905754112968,-2.3882648823390076,-0.3907269083630822,chickpea,Kaggle Benchmark
National Benchmark,Benchmark Baseline,Curated Benchmark,0.2017529719703464,0.3831115519151939,0.609124770902283,2.9080519479501805,-0.9135881215076632,-2.342450622904627,-0.18038565497542933,chickpea,Kaggle Benchmark
National Benchmark,Benchmark Baseline,Curated Benchmark,-0.20456022679820193,0.3831115519151939,0.609124770902283,1.9518616410636165,-1.215738710256844,-2.526605979454589,-0.5253744235074272,chickpea,Kaggle Benchmark
National Benchmark,Benchmark Baseline,Curated Benchmark,0.2017529719703464,0.29216355383447024,0.6486130575590788,0.0653240085576916,-1.1466192945299076,-2.5504114279842183,-0.4456776510300987,chickpea,Kaggle Benchmark
National Benchmark,Benchmark Baseline,Curated Benchmark,-0.7463111584895997,0.261847554474229,0.7275896308726705,2.6108576633773293,-1.312505892274556,-2.333916594186458,-0.41401728936102306,chickpea,Kaggle Benchmark
National Benchmark,Benchmark Baseline,Curated Benchmark,-0.6379609721513202,0.261847554474229,0.5696364842454872,0.14285295235930554,-1.4645686068738173,-2.5499622685779992,-0.6056170642893951,chickpea,Kaggle Benchmark
National Benchmark,Benchmark Baseline,Curated Benchmark,-0.6108734255667503,0.5650075480766412,0.7078454875442726,0.01363804602328383,-1.359902063058741,-2.349188013997918,-0.5801432100728976,chickpea,Kaggle Benchmark
National Benchmark,Benchmark Baseline,Curated Benchmark,-0.014947400706212727,0.07995155831278171,0.5498923409170893,1.9389401504300132,-0.9116132810583218,-2.3186451743749976,-0.5450256824744398,chickpea,Kaggle Benchmark
National Benchmark,Benchmark Baseline,Curated Benchmark,-0.3129104131364815,0.5346915487164,0.7078454875442726,2.1586054912012522,-1.0538017934108777,-2.474054328926917,-0.38108323498112234,chickpea,Kaggle Benchmark
National Benchmark,Benchmark Baseline,Curated Benchmark,-0.6921360653204599,0.7469035442380886,0.5498923409170893,0.9827498435434501,-1.606757119226373,-2.50280053092496,-0.6640249728857937,chickpea,Kaggle Benchmark
National Benchmark,Benchmark Baseline,Curated Benchmark,-0.5296107858130407,0.5043755493561588,0.5696364842454872,0.026559536656885773,-0.9333365260010734,-2.5674794854205567,-0.23661009035327085,chickpea,Kaggle Benchmark
National Benchmark,Benchmark Baseline,Curated Benchmark,-0.6650485187358901,0.807535542958571,0.6881013442158747,1.3703945625515164,-1.6857507372000156,-2.4852833140824027,-0.5850560248146506,chickpea,Kaggle Benchmark
National Benchmark,Benchmark Baseline,Curated Benchmark,-0.6921360653204599,0.4437435506356764,0.5696364842454872,1.590059903322754,-1.0913237619483578,-2.5319958923292223,-0.322311414181631,chickpea,Kaggle Benchmark
National Benchmark,Benchmark Baseline,Curated Benchmark,-0.5296107858130407,0.7469035442380886,0.5498923409170893,2.649622135278135,-1.5889835551823035,-2.536936645797636,-0.2575350420311081,chickpea,Kaggle Benchmark
National Benchmark,Benchmark Baseline,Curated Benchmark,0.2559280651394862,0.4437435506356764,0.6881013442158747,0.19453891489371444,-1.2828832855344399,-2.3828749694643747,-0.32631444841565205,chickpea,Kaggle Benchmark
National Benchmark,Benchmark Baseline,Curated Benchmark,0.22884051855491627,0.261847554474229,0.6881013442158747,2.106919528666842,-1.3895246697988575,-2.3473913763730407,-0.555215224161039,chickpea,Kaggle Benchmark
National Benchmark,Benchmark Baseline,Curated Benchmark,-0.7733987050741696,0.4134275512754351,0.5893806275738851,-0.34816369171757855,-1.6679771731559454,-2.5629878913583624,-0.5664965024569166,chickpea,Kaggle Benchmark
National Benchmark,Benchmark Baseline,Curated Benchmark,-0.39417305289019117,0.3527955525549527,0.6288689142306809,-0.5419860512216123,-1.4467950428297478,-2.4614778655527734,-0.5202796526641277,chickpea,Kaggle Benchmark
National Benchmark,Benchmark Baseline,Curated Benchmark,0.22884051855491627,0.2012155557537466,0.7078454875442726,1.5771384126891521,-1.3006568495785094,-2.3720951437151085,-0.15927874719604554,chickpea,Kaggle Benchmark
National Benchmark,Benchmark Baseline,Curated Benchmark,0.09340278563206683,0.7165875448778474,0.7275896308726705,1.7580392815595827,-1.6739016945039689,-2.443960648710216,-0.3587026344909135,chickpea,Kaggle Benchmark
National Benchmark,Benchmark Baseline,Curated Benchmark,-0.20456022679820193,0.4437435506356764,0.6486130575590788,0.3754397837641451,-1.606757119226373,-2.405332939775346,-0.4465874315378307,chickpea,Kaggle Benchmark
National Benchmark,Benchmark Baseline,Curated Benchmark,-0.6108734255667503,0.6862715455176062,0.6683572008874767,0.23330338679452142,-0.9965314203799872,-2.570174441857873,-0.358520678389367,chickpea,Kaggle Benchmark
National Benchmark,Benchmark Baseline,Curated Benchmark,-0.23164777338277184,0.7772195435983298,0.7275896308726705,-0.43861412615279444,-1.6581029709092407,-2.5001055744876437,-0.4891651592996913,chickpea,Kaggle Benchmark
National Benchmark,Benchmark Baseline,Curated Benchmark,-0.5025232392284708,0.2012155557537466,0.6881013442158747,3.050188344919804,-1.1703173799219997,-2.3375098694362135,-0.21295579715223703,chickpea,Kaggle Benchmark
National Benchmark,Benchmark Baseline,Curated Benchmark,-0.7733987050741696,0.7469035442380886,0.5498923409170893,2.778837041614157,-1.5336880226007537,-2.353230448653893,-0.4938960179398981,chickpea,Kaggle Benchmark
National Benchmark,Benchmark Baseline,Curated Benchmark,-0.5296107858130407,0.7772195435983298,0.5301481975886914,2.236134435002864,-1.3421284990146718,-2.48707995170728,-0.24989288576615878,chickpea,Kaggle Benchmark
National Benchmark,Benchmark Baseline,Curated Benchmark,-0.6108734255667503,0.14058355703326417,0.6486130575590788,-0.3740066729847836,-1.606757119226373,-2.467766097239845,-0.18402477700635764,chickpea,Kaggle Benchmark
National Benchmark,Benchmark Baseline,Curated Benchmark,0.17466542538577648,0.14058355703326417,0.5696364842454872,1.9518616410636165,-1.359902063058741,-2.4210535189930256,-0.40510144038524865,chickpea,Kaggle Benchmark
National Benchmark,Benchmark Baseline,Curated Benchmark,-0.042034947290782616,0.049635558952540494,0.5893806275738851,1.7968037534603896,-1.3737259462041287,-2.4839358358637442,-0.3958216792063818,chickpea,Kaggle Benchmark
National Benchmark,Benchmark Baseline,Curated Benchmark,-0.12329758704449229,0.6862715455176062,0.5696364842454872,0.6467910870697916,-1.4566692450764531,-2.326280884280728,-0.3587026344909135,chickpea,Kaggle Benchmark
National Benchmark,Benchmark Baseline,Curated Benchmark,0.09340278563206683,0.23153155511398782,0.5696364842454872,-0.3352422010839766,-1.344103339464013,-2.527055138860809,-0.4716973735512356,chickpea,Kaggle Benchmark
National Benchmark,Benchmark Baseline,Curated Benchmark,-0.3399979597210514,0.2012155557537466,0.5498923409170893,3.1018743074542123,-1.3757007866534698,-2.410722852649979,-0.46460108559092544,chickpea,Kaggle Benchmark
National Benchmark,Benchmark Baseline,Curated Benchmark,0.22884051855491627,0.049635558952540494,0.609124770902283,2.9726594011181904,-1.0360282293668082,-2.451596358615946,-0.3859960497228754,chickpea,Kaggle Benchmark
National Benchmark,Benchmark Baseline,Curated Benchmark,-0.39417305289019117,0.6862715455176062,0.5301481975886914,2.9338949292173844,-1.4290214787856783,-2.463274503177651,-0.5994305568368173,chickpea,Kaggle Benchmark
National Benchmark,Benchmark Baseline,Curated Benchmark,0.17466542538577648,0.4437435506356764,0.6486130575590788,2.081076547399638,-1.6679771731559454,-2.433629982367169,-0.5581265217857815,chickpea,Kaggle Benchmark
National Benchmark,Benchmark Baseline,Curated Benchmark,-0.4212605994747611,0.3831115519151939,0.6486130575590788,-0.4256926355191925,-1.2335122743009135,-2.5023513715187407,-0.33140921925895167,chickpea,Kaggle Benchmark
National Benchmark,Benchmark Baseline,Curated Benchmark,-0.4212605994747611,0.3224795531947115,0.5893806275738851,1.3316300906507095,-1.5178892990060255,-2.5697252824516537,-0.3292257460403946,chickpea,Kaggle Benchmark
National Benchmark,Benchmark Baseline,Curated Benchmark,0.03922769246292705,0.2012155557537466,0.609124770902283,2.4687212664077056,-1.2177135507061854,-2.391858157588763,-0.5064509889466006,chickpea,Kaggle Benchmark
National Benchmark,Benchmark Baseline,Curated Benchmark,-0.6379609721513202,0.6862715455176062,0.6881013442158747,-0.2318702760151588,-1.2809084450850992,-2.540529921047391,-0.2518944028831693,chickpea,Kaggle Benchmark
National Benchmark,Benchmark Baseline,Curated Benchmark,0.17466542538577648,0.2012155557537466,0.7078454875442726,0.1557744429929075,-1.286832966433122,-2.4354266199920467,-0.5089983743682504,chickpea,Kaggle Benchmark
National Benchmark,Benchmark Baseline,Curated Benchmark,0.03922769246292705,0.4437435506356764,0.5893806275738851,0.5563406526345769,-1.6047822787770323,-2.4489014021786297,-0.3168527311352387,chickpea,Kaggle Benchmark
National Benchmark,Benchmark Baseline,Curated Benchmark,-0.20456022679820193,0.7772195435983298,0.609124770902283,1.7321963002923777,-1.2256129125035495,-2.3581712021223065,-0.42238727003215787,chickpea,Kaggle Benchmark
National Benchmark,Benchmark Baseline,Curated Benchmark,-0.17747268021363205,0.6256395467971237,0.7275896308726705,0.8793779184746323,-1.0715753574549471,-2.328526681311825,-0.4585965342398939,chickpea,Kaggle Benchmark
National Benchmark,Benchmark Baseline,Curated Benchmark,-0.7192236119050298,0.049635558952540494,0.5893806275738851,0.23330338679452142,-1.642304247314512,-2.530199254704345,-0.5073607694543325,chickpea,Kaggle Benchmark
National Benchmark,Benchmark Baseline,Curated Benchmark,-0.5837858789821804,0.7165875448778474,0.5301481975886914,1.693431828391572,-1.602807438327691,-2.5153769942991038,-0.5553971802625854,chickpea,Kaggle Benchmark
National Benchmark,Benchmark Baseline,Curated Benchmark,-0.8275737982433093,0.2012155557537466,0.5893806275738851,-0.14141984157994292,-1.4704931282218399,-2.5504114279842183,-0.23078749510378552,chickpea,Kaggle Benchmark
National Benchmark,Benchmark Baseline,Curated Benchmark,0.1475778788012066,0.4134275512754351,0.5893806275738851,2.3136633788044776,-1.5889835551823035,-2.459681227927896,-0.46660260270793624,chickpea,Kaggle Benchmark
National Benchmark,Benchmark Baseline,Curated Benchmark,-0.36708550630562126,0.3831115519151939,0.7275896308726705,-0.0122049352439212,-0.9254371642037094,-2.361315317965843,-0.46205370016927594,chickpea,Kaggle Benchmark
National Benchmark,Benchmark Baseline,Curated Benchmark,-0.042034947290782616,0.5346915487164,0.5498923409170893,0.18161742426011251,-1.1663676990233178,-2.418358562555709,-0.32540466790792005,chickpea,Kaggle Benchmark
National Benchmark,Benchmark Baseline,Curated Benchmark,0.22884051855491627,0.4740595499959176,0.6288689142306809,2.197369963102058,-1.2907826473318047,-2.408027896212662,-0.6196276841084691,chickpea,Kaggle Benchmark
National Benchmark,Benchmark Baseline,Curated Benchmark,-0.8275737982433093,0.7772195435983298,0.5696364842454872,1.525452450154743,-1.39544919114688,-2.4906732269570355,-0.4937140618383516,chickpea,Kaggle Benchmark
National Benchmark,Benchmark Baseline,Curated Benchmark,-0.7192236119050298,0.07995155831278171,0.7275896308726705,0.10408848045849857,-1.4645686068738173,-2.428689228898756,-0.4152909820718478,chickpea,Kaggle Benchmark
National Benchmark,Benchmark Baseline,Curated Benchmark,0.012140145878357161,0.5650075480766412,0.5301481975886914,0.8147704653066202,-1.3283046158692842,-2.537385805203855,-0.42493465545380765,chickpea,Kaggle Benchmark
National Benchmark,Benchmark Baseline,Curated Benchmark,0.17466542538577648,0.5953235474368824,0.7275896308726705,1.1507292217802787,-1.4072982338429267,-2.5495131091717798,-0.20949863122285522,chickpea,Kaggle Benchmark
National Benchmark,Benchmark Baseline,Curated Benchmark,-0.7733987050741696,0.3224795531947115,0.6683572008874767,0.0007165553896807421,-1.2098141889088214,-2.4394690546480216,-0.29028714030946234,chickpea,Kaggle Benchmark
National Benchmark,Benchmark Baseline,Curated Benchmark,0.03922769246292705,0.5953235474368824,0.609124770902283,1.7709607721931846,-1.650203609111876,-2.368501868465353,-0.1721976304058407,chickpea,Kaggle Benchmark
National Benchmark,Benchmark Baseline,Curated Benchmark,-0.5837858789821804,0.655955546157365,0.5301481975886914,0.7630845027722114,-1.184141263067387,-2.370298506090231,-0.27300131066255334,chickpea,Kaggle Benchmark
National Benchmark,Benchmark Baseline,Curated Benchmark,-0.17747268021363205,0.17089955639350538,0.5893806275738851,1.4608449969867312,-0.9748081754372356,-2.319094333781217,-0.339961156031633,chickpea,Kaggle Benchmark
National Benchmark,Benchmark Baseline,Curated Benchmark,-0.2587353199673417,0.4740595499959176,0.6683572008874767,0.32375382122973617,-1.1051476450937454,-2.4637236625838708,-0.6274517964749647,chickpea,Kaggle Benchmark
National Benchmark,Benchmark Baseline,Curated Benchmark,0.03922769246292705,0.07995155831278171,0.7275896308726705,0.452968727565759,-1.0853992406003345,-2.562089572545924,-0.268998276428532,chickpea,Kaggle Benchmark
National Benchmark,Benchmark Baseline,Curated Benchmark,-0.44834814605933093,0.6862715455176062,0.6288689142306809,1.9647831316972184,-0.9787578563359177,-2.4987580962689853,-0.6955033784533231,chickpea,Kaggle Benchmark
National Benchmark,Benchmark Baseline,Curated Benchmark,-0.23164777338277184,0.6256395467971237,0.6881013442158747,1.3962375438187202,-1.255235519243665,-2.569276123045434,-0.6856777489698167,chickpea,Kaggle Benchmark
National Benchmark,Benchmark Baseline,Curated Benchmark,-0.44834814605933093,0.5346915487164,0.609124770902283,1.628824375223561,-1.5178892990060255,-2.498308936862766,-0.5244646429996953,chickpea,Kaggle Benchmark
National Benchmark,Benchmark Baseline,Curated Benchmark,-0.6379609721513202,0.5953235474368824,0.609124770902283,1.1378077311466757,-1.274983923737076,-2.4992072556752047,-0.37780802515328676,chickpea,Kaggle Benchmark
National Benchmark,Benchmark Baseline,Curated Benchmark,-0.5566983323976105,0.5043755493561588,0.609124770902283,1.0861217686122668,-1.055776633860219,-2.3137044209065842,-0.6154426937729015,chickpea,Kaggle Benchmark
National Benchmark,Benchmark Baseline,Curated Benchmark,0.17466542538577648,0.11026755767302293,0.5301481975886914,1.7063533190251738,-1.6837758967506742,-2.3909598387763245,-0.2946540867465764,chickpea,Kaggle Benchmark
National Benchmark,Benchmark Baseline,Curated Benchmark,-0.6379609721513202,0.7772195435983298,0.6683572008874767,-0.20602729474795492,-1.6877255776493563,-2.422850156617903,-0.5930620932826928,chickpea,Kaggle Benchmark
National Benchmark,Benchmark Baseline,Curated Benchmark,-0.5025232392284708,0.5346915487164,0.7275896308726705,-0.089733879045534,-0.9846823776839411,-2.562089572545924,-0.20731515800429845,chickpea,Kaggle Benchmark
National Benchmark,Benchmark Baseline,Curated Benchmark,-0.5296107858130407,0.6862715455176062,0.6683572008874767,1.4608449969867312,-0.9471604091464608,-2.408926215025101,-0.4413107045929849,chickpea,Kaggle Benchmark
National Benchmark,Benchmark Baseline,Curated Benchmark,-0.47543569264390084,0.655955546157365,0.7078454875442726,0.969828352909847,-1.215738710256844,-2.369400187277792,-0.6305450502012537,chickpea,Kaggle Benchmark
National Benchmark,Benchmark Baseline,Curated Benchmark,-0.09621004045992239,0.807535542958571,0.5696364842454872,1.4091590344523222,-1.6660023327066047,-2.472706850708259,-0.5570347851765033,chickpea,Kaggle Benchmark
National Benchmark,Benchmark Baseline,Curated Benchmark,0.09340278563206683,0.261847554474229,0.6288689142306809,1.3187086000171075,-1.6047822787770323,-2.4745034883331365,-0.4367618020543246,chickpea,Kaggle Benchmark
National Benchmark,Benchmark Baseline,Curated Benchmark,-0.09621004045992239,0.7772195435983298,0.5893806275738851,0.18161742426011251,-1.606757119226373,-2.5477164715469023,-0.6978688077734264,chickpea,Kaggle Benchmark
National Benchmark,Benchmark Baseline,Curated Benchmark,-0.4212605994747611,0.11026755767302293,0.6881013442158747,1.3057871093835056,-1.2117890293581621,-2.426892591273878,-0.41783836749349756,chickpea,Kaggle Benchmark
National Benchmark,Benchmark Baseline,Curated Benchmark,0.06631523904749693,0.5953235474368824,0.5696364842454872,1.1119647498794718,-1.1663676990233178,-2.3976972298696158,-0.5426602531543365,chickpea,Kaggle Benchmark
National Benchmark,Benchmark Baseline,Curated Benchmark,-0.15038513362906217,0.23153155511398782,0.5893806275738851,0.026559536656885773,-1.2098141889088214,-2.4893257487383775,-0.3990968890342171,chickpea,Kaggle Benchmark
National Benchmark,Benchmark Baseline,Curated Benchmark,-0.36708550630562126,0.7469035442380886,0.609124770902283,1.7063533190251738,-1.1189715282391328,-2.5445723557033664,-0.268998276428532,chickpea,Kaggle Benchmark
National Benchmark,Benchmark Baseline,Curated Benchmark,-0.5566983323976105,0.655955546157365,0.6486130575590788,-0.07681238841193205,-1.2236380720542082,-2.4560879526781405,-0.6361856893491926,chickpea,Kaggle Benchmark
National Benchmark,Benchmark Baseline,Curated Benchmark,-0.36708550630562126,0.049635558952540494,0.6683572008874767,2.5204072289421133,-1.215738710256844,-2.401290505119371,-0.4551393683105121,chickpea,Kaggle Benchmark
National Benchmark,Benchmark Baseline,Curated Benchmark,0.06631523904749693,0.3527955525549527,0.5498923409170893,2.9080519479501805,-1.0715753574549471,-2.473156010114478,-0.47533649558216384,chickpea,Kaggle Benchmark
National Benchmark,Benchmark Baseline,Curated Benchmark,-0.7733987050741696,0.2012155557537466,0.7275896308726705,1.7321963002923777,-1.3381788181159897,-2.548614790359341,-0.1580050544852205,chickpea,Kaggle Benchmark
National Benchmark,Benchmark Baseline,Curated Benchmark,0.2559280651394862,0.23153155511398782,0.5893806275738851,-0.19310580411435183,-0.9688836540892123,-2.319543493187436,-0.17146980599965495,chickpea,Kaggle Benchmark
National Benchmark,Benchmark Baseline,Curated Benchmark,-0.23164777338277184,0.4134275512754351,0.5696364842454872,0.8276919559402234,-1.3085562113758742,-2.4947156616130104,-0.4505904657718518,chickpea,Kaggle Benchmark
National Benchmark,Benchmark Baseline,Curated Benchmark,-0.3129104131364815,0.6862715455176062,0.5498923409170893,2.1586054912012522,-1.1150218473404507,-2.511334559643129,-0.6241765866471294,chickpea,Kaggle Benchmark
National Benchmark,Benchmark Baseline,Curated Benchmark,-0.4212605994747611,0.29216355383447024,0.5498923409170893,1.602981393956356,-1.5396125439487771,-2.419706040774367,-0.2300596706976,chickpea,Kaggle Benchmark
National Benchmark,Benchmark Baseline,Curated Benchmark,-0.5566983323976105,0.3527955525549527,0.6683572008874767,0.8147704653066202,-0.9688836540892123,-2.524360182423492,-0.485526037268763,chickpea,Kaggle Benchmark
National Benchmark,Benchmark Baseline,Curated Benchmark,0.17466542538577648,0.07995155831278171,0.5893806275738851,3.08895281682061,-1.6344048855171478,-2.3680527090591337,-0.6461932749342452,chickpea,Kaggle Benchmark
National Benchmark,Benchmark Baseline,Curated Benchmark,-0.0691224938753525,0.3527955525549527,0.5893806275738851,1.7968037534603896,-1.614656481023737,-2.5665811666081177,-0.5526678387393892,chickpea,Kaggle Benchmark
National Benchmark,Benchmark Baseline,Curated Benchmark,-0.39417305289019117,0.07995155831278171,0.6881013442158747,1.2670226374826985,-1.3263297754199437,-2.3231367684371915,-0.6252683232564079,chickpea,Kaggle Benchmark
National Benchmark,Benchmark Baseline,Curated Benchmark,-0.28582286655191164,0.14058355703326417,0.5301481975886914,0.9052208997418362,-1.387549829349516,-2.5468181527344633,-0.2520763589847158,chickpea,Kaggle Benchmark
National Benchmark,Benchmark Baseline,Curated Benchmark,-0.042034947290782616,0.4740595499959176,0.6683572008874767,1.0215143154442559,-1.4408705214817243,-2.520766907173737,-0.39436603039401025,chickpea,Kaggle Benchmark
National Benchmark,Benchmark Baseline,Curated Benchmark,-1.0171866243352985,0.2012155557537466,-0.45705896883120384,-1.0071597140312913,-1.6739016945039689,-2.2854073783147606,0.4511839734921683,kidneybeans,Kaggle Benchmark
National Benchmark,Benchmark Baseline,Curated Benchmark,-0.6921360653204599,0.5043755493561588,-0.634756258786785,-0.9167092795960766,-1.1821664226180466,-2.361315317965843,0.05270011110552512,kidneybeans,Kaggle Benchmark
National Benchmark,Benchmark Baseline,Curated Benchmark,-0.5296107858130407,0.049635558952540494,-0.5162913988163975,-0.7745728826264519,-0.5344187552341805,-2.252169582254523,0.10492151224934558,kidneybeans,Kaggle Benchmark
National Benchmark,Benchmark Baseline,Curated Benchmark,-0.28582286655191164,0.3224795531947115,-0.634756258786785,-0.6970439388248391,-1.8141153664071838,-2.121913354450892,0.6715328124648741,kidneybeans,Kaggle Benchmark
National Benchmark,Benchmark Baseline,Curated Benchmark,-1.3151496367655673,0.23153155511398782,-0.5557796854731933,-0.658279466924032,-0.6864814698334416,-2.176710802009661,-0.4880734226904128,kidneybeans,Kaggle Benchmark
National Benchmark,Benchmark Baseline,Curated Benchmark,-0.6650485187358901,0.3527955525549527,-0.5162913988163975,-0.671200957557634,-1.5336880226007537,-2.367154390246695,0.7212068281870445,kidneybeans,Kaggle Benchmark
National Benchmark,Benchmark Baseline,Curated Benchmark,-0.9088364379970191,0.11026755767302293,-0.5360355421447954,-0.8779448076952696,-1.1327954113845202,-2.2979838416889042,-0.7741084143213732,kidneybeans,Kaggle Benchmark
National Benchmark,Benchmark Baseline,Curated Benchmark,-0.6650485187358901,0.807535542958571,-0.5952679721299892,-1.149296111000916,-1.2414116360982783,-2.1627868604168587,0.02395104706119197,kidneybeans,Kaggle Benchmark
National Benchmark,Benchmark Baseline,Curated Benchmark,-0.9088364379970191,0.17089955639350538,-0.6150121154583871,-1.0071597140312913,-1.4211221169883135,-2.1582952663546644,0.537067253422075,kidneybeans,Kaggle Benchmark
National Benchmark,Benchmark Baseline,Curated Benchmark,-0.6379609721513202,0.17089955639350538,-0.5162913988163975,-0.8779448076952696,-0.7516512046616968,-2.1681767732914916,0.4839360717705228,kidneybeans,Kaggle Benchmark
National Benchmark,Benchmark Baseline,Curated Benchmark,-0.6108734255667503,0.14058355703326417,-0.47680311215960175,-0.9296307702296785,-1.1624180181246357,-2.389612360557666,0.7332159308891076,kidneybeans,Kaggle Benchmark
National Benchmark,Benchmark Baseline,Curated Benchmark,-0.6921360653204599,0.11026755767302293,-0.5755238288015913,-1.162217601634518,-1.6719268540546282,-2.318196014968778,-0.2813712913336882,kidneybeans,Kaggle Benchmark
National Benchmark,Benchmark Baseline,Curated Benchmark,-0.6108734255667503,0.807535542958571,-0.6150121154583871,-0.8521018264280658,-1.184141263067387,-2.3720951437151085,0.7404941749509643,kidneybeans,Kaggle Benchmark
National Benchmark,Benchmark Baseline,Curated Benchmark,-0.6921360653204599,0.2012155557537466,-0.5162913988163975,-0.7487299013592479,-0.7871983327498356,-2.2593561327540344,0.5621771954354804,kidneybeans,Kaggle Benchmark
National Benchmark,Benchmark Baseline,Curated Benchmark,-1.0442741709198684,0.7469035442380886,-0.49654725548799966,-0.6065935043896231,-1.8852096225834616,-2.3698493466840116,-0.28009759862286343,kidneybeans,Kaggle Benchmark
National Benchmark,Benchmark Baseline,Curated Benchmark,-1.2067994504272879,0.7165875448778474,-0.45705896883120384,-0.8779448076952696,-0.9886320585826232,-2.1165234415762586,-0.6154426937729015,kidneybeans,Kaggle Benchmark
National Benchmark,Benchmark Baseline,Curated Benchmark,-0.7733987050741696,0.7772195435983298,-0.6150121154583871,-0.7228869200920429,-0.8286699821859973,-2.294390566439149,0.23756751027668013,kidneybeans,Kaggle Benchmark
National Benchmark,Benchmark Baseline,Curated Benchmark,-0.6379609721513202,0.807535542958571,-0.6545004021151829,-0.8779448076952696,-1.2927574877811454,-2.258008654535376,-0.31375947740894966,kidneybeans,Kaggle Benchmark
National Benchmark,Benchmark Baseline,Curated Benchmark,-1.0984492640890082,0.049635558952540494,-0.49654725548799966,-0.9554737514968824,-0.8740913125208416,-2.3289758407180448,0.6136707721731148,kidneybeans,Kaggle Benchmark
National Benchmark,Benchmark Baseline,Curated Benchmark,-0.7463111584895997,0.3527955525549527,-0.5557796854731933,-0.8262588451608607,-0.5087458293927469,-2.2032112069766066,0.08927328751635412,kidneybeans,Kaggle Benchmark
National Benchmark,Benchmark Baseline,Curated Benchmark,-0.8546613448278793,0.7469035442380886,-0.634756258786785,-0.6453579762904301,-0.9807326967852591,-2.172668367353686,-0.6503782652698128,kidneybeans,Kaggle Benchmark
National Benchmark,Benchmark Baseline,Curated Benchmark,-0.8546613448278793,0.3527955525549527,-0.45705896883120384,-1.0846886578329054,-1.4843170113672273,-2.3891632011514465,0.7519574093483882,kidneybeans,Kaggle Benchmark
National Benchmark,Benchmark Baseline,Curated Benchmark,-0.7733987050741696,0.5043755493561588,-0.5755238288015913,-1.2268250548025301,-1.4566692450764531,-2.2638477268162283,-0.6188998597022833,kidneybeans,Kaggle Benchmark
National Benchmark,Benchmark Baseline,Curated Benchmark,-0.36708550630562126,0.3224795531947115,-0.5162913988163975,-0.671200957557634,-1.606757119226373,-2.364908593215598,0.33618771731483577,kidneybeans,Kaggle Benchmark
National Benchmark,Benchmark Baseline,Curated Benchmark,-1.0713617175044383,0.5346915487164,-0.6150121154583871,-0.9296307702296785,-1.1248960495871554,-2.2463305099736712,-0.3779899812548333,kidneybeans,Kaggle Benchmark
National Benchmark,Benchmark Baseline,Curated Benchmark,-0.8817488914124492,0.7772195435983298,-0.5557796854731933,-0.7616513919928499,-1.0538017934108777,-2.1668292950728336,0.6602515341689964,kidneybeans,Kaggle Benchmark
National Benchmark,Benchmark Baseline,Curated Benchmark,-0.8004862516587395,0.29216355383447024,-0.6150121154583871,-0.632436485656827,-1.9444548360636935,-2.346942216966821,0.08872741921171486,kidneybeans,Kaggle Benchmark
National Benchmark,Benchmark Baseline,Curated Benchmark,-0.7192236119050298,0.807535542958571,-0.5162913988163975,-1.0717671671993034,-1.758819833825634,-2.349188013997918,-0.12179579027748452,kidneybeans,Kaggle Benchmark
National Benchmark,Benchmark Baseline,Curated Benchmark,-0.44834814605933093,0.2012155557537466,-0.5162913988163975,-1.0717671671993034,-1.571209991138234,-2.395451432838519,-0.05083291067438355,kidneybeans,Kaggle Benchmark
National Benchmark,Benchmark Baseline,Curated Benchmark,-0.935923984581589,0.655955546157365,-0.5360355421447954,-1.0200812046648944,-1.4033485529442442,-2.149761237636495,-0.29865712098059743,kidneybeans,Kaggle Benchmark
National Benchmark,Benchmark Baseline,Curated Benchmark,-0.9088364379970191,0.7165875448778474,-0.49654725548799966,-1.0330026952984963,-0.2184442833396115,-2.2755258713779334,-0.7146087691156964,kidneybeans,Kaggle Benchmark
National Benchmark,Benchmark Baseline,Curated Benchmark,-0.36708550630562126,0.5650075480766412,-0.5952679721299892,-0.9683952421304856,-1.3302794563186255,-2.108438572264309,0.03541428145861587,kidneybeans,Kaggle Benchmark
National Benchmark,Benchmark Baseline,Curated Benchmark,-0.28582286655191164,0.5953235474368824,-0.5557796854731933,-0.8521018264280658,-0.7950976945471997,-2.2979838416889042,-0.7701053800873522,kidneybeans,Kaggle Benchmark
National Benchmark,Benchmark Baseline,Curated Benchmark,-1.1255368106735781,0.7165875448778474,-0.6150121154583871,-0.8908662983288715,-1.0853992406003345,-2.1124810069202837,0.049060989074596814,kidneybeans,Kaggle Benchmark
National Benchmark,Benchmark Baseline,Curated Benchmark,-1.3422371833501372,0.261847554474229,-0.49654725548799966,-1.1105316391001092,-2.009624570891948,-2.385569925901691,0.6471506948576548,kidneybeans,Kaggle Benchmark
National Benchmark,Benchmark Baseline,Curated Benchmark,-0.47543569264390084,0.17089955639350538,-0.5162913988163975,-0.671200957557634,-0.5877394473663888,-2.240940597099038,0.3443757418844244,kidneybeans,Kaggle Benchmark
National Benchmark,Benchmark Baseline,Curated Benchmark,-0.7463111584895997,0.17089955639350538,-0.5755238288015913,-0.8004158638936568,-0.7161040765735578,-2.093616311859068,0.47502022279474837,kidneybeans,Kaggle Benchmark
National Benchmark,Benchmark Baseline,Curated Benchmark,-1.2067994504272879,0.261847554474229,-0.5162913988163975,-0.8391803357944627,-1.0044307821773513,-2.398146389275835,0.30907625818442036,kidneybeans,Kaggle Benchmark
National Benchmark,Benchmark Baseline,Curated Benchmark,-0.6921360653204599,0.29216355383447024,-0.5557796854731933,-1.252668036069734,-1.9405051551650114,-2.2607036109726923,-0.15090876652491042,kidneybeans,Kaggle Benchmark
National Benchmark,Benchmark Baseline,Curated Benchmark,-1.179711903842718,0.7772195435983298,-0.49654725548799966,-0.8391803357944627,-1.1801915821687052,-2.326280884280728,-0.12379730739449506,kidneybeans,Kaggle Benchmark
National Benchmark,Benchmark Baseline,Curated Benchmark,-1.152624357258148,0.5650075480766412,-0.6150121154583871,-0.9813167327640875,-0.9965314203799872,-2.3235859278434114,-0.28355476455224526,kidneybeans,Kaggle Benchmark
National Benchmark,Benchmark Baseline,Curated Benchmark,-0.6379609721513202,0.3224795531947115,-0.6545004021151829,-1.239746545436132,-1.0774998788029704,-2.0949637900777263,0.6327761628354883,kidneybeans,Kaggle Benchmark
National Benchmark,Benchmark Baseline,Curated Benchmark,-0.6108734255667503,0.3831115519151939,-0.49654725548799966,-0.6065935043896231,-0.8049718967939051,-2.121464195044672,0.3134432046215342,kidneybeans,Kaggle Benchmark
National Benchmark,Benchmark Baseline,Curated Benchmark,-0.5025232392284708,0.11026755767302293,-0.5952679721299892,-0.9942382233976894,-1.9898761663985378,-2.1434730059494234,0.07144158956480562,kidneybeans,Kaggle Benchmark
National Benchmark,Benchmark Baseline,Curated Benchmark,-0.6379609721513202,0.07995155831278171,-0.5162913988163975,-0.8262588451608607,-1.1248960495871554,-2.2809157842525662,0.09418610225810718,kidneybeans,Kaggle Benchmark
National Benchmark,Benchmark Baseline,Curated Benchmark,-0.9088364379970191,0.7165875448778474,-0.47680311215960175,-1.162217601634518,-0.9570346113931663,-2.360416999153404,0.10110043411687078,kidneybeans,Kaggle Benchmark
National Benchmark,Benchmark Baseline,Curated Benchmark,-1.369324729934707,0.3527955525549527,-0.6545004021151829,-1.0588456765657002,-0.42580253052042233,-2.1677276138852726,-0.13871770772130076,kidneybeans,Kaggle Benchmark
National Benchmark,Benchmark Baseline,Curated Benchmark,-1.0171866243352985,0.5650075480766412,-0.5360355421447954,-0.8391803357944627,-0.25596625187709177,-2.266093523847325,-0.7857536048203436,kidneybeans,Kaggle Benchmark
National Benchmark,Benchmark Baseline,Curated Benchmark,-0.44834814605933093,0.2012155557537466,-0.49654725548799966,-1.0459241859320982,-1.0834244001509938,-2.089124717796874,-0.062114188970261205,kidneybeans,Kaggle Benchmark
National Benchmark,Benchmark Baseline,Curated Benchmark,-1.1255368106735781,0.807535542958571,-0.5755238288015913,-0.671200957557634,-0.7516512046616968,-2.376586737777303,0.39368584540350204,kidneybeans,Kaggle Benchmark
National Benchmark,Benchmark Baseline,Curated Benchmark,-1.0713617175044383,0.5650075480766412,-0.5557796854731933,-0.671200957557634,-1.203889667560798,-2.0909213554217514,0.1795235138833746,kidneybeans,Kaggle Benchmark
National Benchmark,Benchmark Baseline,Curated Benchmark,-1.2880620901809974,0.4134275512754351,-0.47680311215960175,-1.2268250548025301,-1.7015494607947437,-2.3163993773439007,-0.0031604120692233957,kidneybeans,Kaggle Benchmark
National Benchmark,Benchmark Baseline,Curated Benchmark,-0.4212605994747611,0.4740595499959176,-0.49654725548799966,-1.149296111000916,-1.743021110230906,-2.089124717796874,-0.5097261987744358,kidneybeans,Kaggle Benchmark
National Benchmark,Benchmark Baseline,Curated Benchmark,-1.2880620901809974,0.7165875448778474,-0.45705896883120384,-1.1105316391001092,-0.15129970806201568,-2.182549874290513,-0.750636077221886,kidneybeans,Kaggle Benchmark
National Benchmark,Benchmark Baseline,Curated Benchmark,-0.7463111584895997,0.261847554474229,-0.5755238288015913,-1.1105316391001092,-1.7963418023631144,-2.2916956100018324,-0.08522261386665553,kidneybeans,Kaggle Benchmark
National Benchmark,Benchmark Baseline,Curated Benchmark,-0.7733987050741696,0.5346915487164,-0.6150121154583871,-1.239746545436132,-1.4744428091205226,-2.3397556664673105,0.07690027261119795,kidneybeans,Kaggle Benchmark
National Benchmark,Benchmark Baseline,Curated Benchmark,-0.5296107858130407,0.7772195435983298,-0.45705896883120384,-0.7358084107256448,-0.47912322265263074,-2.2086011198512394,-0.7293472133409558,kidneybeans,Kaggle Benchmark
National Benchmark,Benchmark Baseline,Curated Benchmark,-0.44834814605933093,0.17089955639350538,-0.5952679721299892,-0.9425522608632805,-0.44160125411515117,-2.2229742208502614,-0.2873758426847198,kidneybeans,Kaggle Benchmark
National Benchmark,Benchmark Baseline,Curated Benchmark,-1.0442741709198684,0.29216355383447024,-0.6150121154583871,-0.9683952421304856,-1.4329711596843604,-2.34020482587353,0.6358694165617771,kidneybeans,Kaggle Benchmark
National Benchmark,Benchmark Baseline,Curated Benchmark,-0.6379609721513202,0.07995155831278171,-0.5557796854731933,-1.2009820735353252,-1.255235519243665,-2.289449812970735,-0.1549118007589315,kidneybeans,Kaggle Benchmark
National Benchmark,Benchmark Baseline,Curated Benchmark,-1.179711903842718,0.29216355383447024,-0.47680311215960175,-0.7874943732600538,-0.5265193934368164,-2.13089654257528,0.07762809701738371,kidneybeans,Kaggle Benchmark
National Benchmark,Benchmark Baseline,Curated Benchmark,-0.7192236119050298,0.4134275512754351,-0.5162913988163975,-1.0976101484665073,-1.0853992406003345,-2.182100714884294,0.021221705537995683,kidneybeans,Kaggle Benchmark
National Benchmark,Benchmark Baseline,Curated Benchmark,-1.0713617175044383,0.5346915487164,-0.47680311215960175,-1.1105316391001092,-0.883965514767547,-2.1901855841962434,0.6940953690566294,kidneybeans,Kaggle Benchmark
National Benchmark,Benchmark Baseline,Curated Benchmark,-0.36708550630562126,0.6256395467971237,-0.6545004021151829,-1.149296111000916,-0.13747582491662824,-2.391858157588763,-0.7415382721445654,kidneybeans,Kaggle Benchmark
National Benchmark,Benchmark Baseline,Curated Benchmark,-0.6921360653204599,0.6862715455176062,-0.47680311215960175,-1.162217601634518,-2.0313478158346996,-2.091370514827971,0.5798269372854823,kidneybeans,Kaggle Benchmark
National Benchmark,Benchmark Baseline,Curated Benchmark,-0.44834814605933093,0.3831115519151939,-0.6150121154583871,-0.7487299013592479,-1.344103339464013,-2.25486453869184,0.39332193320040926,kidneybeans,Kaggle Benchmark
National Benchmark,Benchmark Baseline,Curated Benchmark,-0.8275737982433093,0.4740595499959176,-0.6545004021151829,-0.6970439388248391,-0.42975221141910436,-2.1879397871651465,0.07180550176789838,kidneybeans,Kaggle Benchmark
National Benchmark,Benchmark Baseline,Curated Benchmark,-0.36708550630562126,0.3527955525549527,-0.634756258786785,-1.0200812046648944,-0.5482426383795679,-2.358620361528526,-0.7255261352084811,kidneybeans,Kaggle Benchmark
National Benchmark,Benchmark Baseline,Curated Benchmark,-0.8817488914124492,0.6256395467971237,-0.6545004021151829,-0.9813167327640875,-0.14142550581531096,-2.209948598069898,0.7825260344081856,kidneybeans,Kaggle Benchmark
National Benchmark,Benchmark Baseline,Curated Benchmark,-1.2609745435964277,0.4134275512754351,-0.45705896883120384,-0.671200957557634,-0.3606327956921679,-2.1165234415762586,0.2943378139591609,kidneybeans,Kaggle Benchmark
National Benchmark,Benchmark Baseline,Curated Benchmark,-0.36708550630562126,0.07995155831278171,-0.45705896883120384,-0.9037877889624747,-0.7022801934281704,-2.3303233189367027,0.42334468995556745,kidneybeans,Kaggle Benchmark
National Benchmark,Benchmark Baseline,Curated Benchmark,-1.2338869970118578,0.17089955639350538,-0.6545004021151829,-0.6453579762904301,-1.3322542967679663,-2.304272073375976,0.5589019856076448,kidneybeans,Kaggle Benchmark
National Benchmark,Benchmark Baseline,Curated Benchmark,-1.0713617175044383,0.23153155511398782,-0.5360355421447954,-1.213903564168927,-1.3816253080014926,-2.176710802009661,0.5800088933870285,kidneybeans,Kaggle Benchmark
National Benchmark,Benchmark Baseline,Curated Benchmark,-0.7733987050741696,0.807535542958571,-0.5557796854731933,-1.0330026952984963,-0.5146703507407696,-2.3631119555907203,-0.06084049625943619,kidneybeans,Kaggle Benchmark
National Benchmark,Benchmark Baseline,Curated Benchmark,-1.0442741709198684,0.23153155511398782,-0.5755238288015913,-1.0459241859320982,-1.2414116360982783,-2.126404948513086,-0.636003733247646,kidneybeans,Kaggle Benchmark
National Benchmark,Benchmark Baseline,Curated Benchmark,-1.2338869970118578,0.6256395467971237,-0.5360355421447954,-1.1363746203673142,-1.851637334944664,-2.2512712634420846,-0.6640249728857937,kidneybeans,Kaggle Benchmark
National Benchmark,Benchmark Baseline,Curated Benchmark,-0.6379609721513202,0.4740595499959176,-0.5162913988163975,-0.6970439388248391,-1.5198641394553662,-2.0918196742341904,-0.6243585427486756,kidneybeans,Kaggle Benchmark
National Benchmark,Benchmark Baseline,Curated Benchmark,-0.5296107858130407,0.655955546157365,-0.5952679721299892,-0.8391803357944627,-2.0037000495439248,-2.2476779881923292,-0.2651771982960575,kidneybeans,Kaggle Benchmark
National Benchmark,Benchmark Baseline,Curated Benchmark,-0.39417305289019117,0.4437435506356764,-0.5557796854731933,-0.7874943732600538,-1.6897004180986976,-2.1430238465432043,-0.39363820598782473,kidneybeans,Kaggle Benchmark
National Benchmark,Benchmark Baseline,Curated Benchmark,-1.2338869970118578,0.3527955525549527,-0.634756258786785,-0.7745728826264519,-0.8464435462300675,-2.3801800130270583,0.10255608292924205,kidneybeans,Kaggle Benchmark
National Benchmark,Benchmark Baseline,Curated Benchmark,-0.5025232392284708,0.7772195435983298,-0.6545004021151829,-0.9813167327640875,-0.33693471030007505,-2.2786699872214693,-0.3978231963233923,kidneybeans,Kaggle Benchmark
National Benchmark,Benchmark Baseline,Curated Benchmark,-1.0713617175044383,0.7469035442380886,-0.5162913988163975,-0.6841224481912359,-0.3389095507494164,-2.189287265383805,0.16733245507976494,kidneybeans,Kaggle Benchmark
National Benchmark,Benchmark Baseline,Curated Benchmark,-1.369324729934707,0.049635558952540494,-0.5162913988163975,-0.709965429458441,-0.5186200316394524,-2.2863056971271996,0.7350354919045722,kidneybeans,Kaggle Benchmark
National Benchmark,Benchmark Baseline,Curated Benchmark,-0.9900990777507287,0.17089955639350538,-0.6545004021151829,-0.8908662983288715,-0.8424938653313847,-2.1816515554780747,0.7821621222050926,kidneybeans,Kaggle Benchmark
National Benchmark,Benchmark Baseline,Curated Benchmark,-0.5837858789821804,0.4437435506356764,-0.49654725548799966,-0.8262588451608607,-0.2875636990665487,-2.344696419935724,0.24138858840915495,kidneybeans,Kaggle Benchmark
National Benchmark,Benchmark Baseline,Curated Benchmark,-0.5025232392284708,0.4437435506356764,-0.5755238288015913,-1.239746545436132,-0.19474619794751935,-2.3941039546198604,0.8420256796138627,kidneybeans,Kaggle Benchmark
National Benchmark,Benchmark Baseline,Curated Benchmark,-0.9088364379970191,0.3224795531947115,-0.6150121154583871,-1.0459241859320982,-0.9076636001596399,-2.0904721960155324,0.3847699964277279,kidneybeans,Kaggle Benchmark
National Benchmark,Benchmark Baseline,Curated Benchmark,-1.0171866243352985,0.4740595499959176,-0.5755238288015913,-0.7874943732600538,-1.6403294068651713,-2.3114586238754873,0.21354930487255383,kidneybeans,Kaggle Benchmark
National Benchmark,Benchmark Baseline,Curated Benchmark,-0.9900990777507287,0.4134275512754351,-0.5162913988163975,-1.0976101484665073,-0.3527334338948038,-2.099006224733701,-0.3425085414532828,kidneybeans,Kaggle Benchmark
National Benchmark,Benchmark Baseline,Curated Benchmark,-1.1255368106735781,0.4740595499959176,-0.5557796854731933,-1.1363746203673142,-1.2453613169969604,-2.134489817825035,0.4708352324591811,kidneybeans,Kaggle Benchmark
National Benchmark,Benchmark Baseline,Curated Benchmark,-0.8275737982433093,0.5953235474368824,-0.5162913988163975,-0.632436485656827,-1.891134143931485,-2.207702801038801,0.4899406231215541,kidneybeans,Kaggle Benchmark
National Benchmark,Benchmark Baseline,Curated Benchmark,-0.28582286655191164,0.7469035442380886,-0.5557796854731933,-1.0330026952984963,-1.2690594023890525,-2.275076711971714,-0.4242068310476219,kidneybeans,Kaggle Benchmark
National Benchmark,Benchmark Baseline,Curated Benchmark,-0.6379609721513202,0.5650075480766412,-0.49654725548799966,-0.658279466924032,-1.1229212091378147,-2.23150824956843,-0.7175200667404389,kidneybeans,Kaggle Benchmark
National Benchmark,Benchmark Baseline,Curated Benchmark,-0.9900990777507287,0.4134275512754351,-0.6545004021151829,-1.0071597140312913,-1.195990305763434,-2.1025994999834565,0.6518815534978614,kidneybeans,Kaggle Benchmark
National Benchmark,Benchmark Baseline,Curated Benchmark,-1.179711903842718,0.07995155831278171,-0.5952679721299892,-0.9942382233976894,-1.4428453619310657,-2.1178709197949166,-0.4971712277677334,kidneybeans,Kaggle Benchmark
National Benchmark,Benchmark Baseline,Curated Benchmark,-0.6379609721513202,0.3527955525549527,-0.5952679721299892,-1.1234531297337123,-1.087374081049676,-2.1677276138852726,-0.5477550239976361,kidneybeans,Kaggle Benchmark
National Benchmark,Benchmark Baseline,Curated Benchmark,-0.5566983323976105,0.29216355383447024,-0.634756258786785,-1.213903564168927,-0.3961799237803068,-2.226567496100017,-0.052106603385208575,kidneybeans,Kaggle Benchmark
National Benchmark,Benchmark Baseline,Curated Benchmark,-0.36708550630562126,0.5043755493561588,-0.45705896883120384,-0.8391803357944627,-1.1624180181246357,-2.0927179930466293,-0.35306199534297467,kidneybeans,Kaggle Benchmark
National Benchmark,Benchmark Baseline,Curated Benchmark,-0.6379609721513202,0.29216355383447024,-0.5755238288015913,-1.175139092268121,-0.9254371642037094,-2.258906973347815,0.5408883315545499,kidneybeans,Kaggle Benchmark
National Benchmark,Benchmark Baseline,Curated Benchmark,-0.7733987050741696,0.2012155557537466,-0.47680311215960175,-1.0846886578329054,-1.3500278608120357,-2.30112795753244,0.014489329780778595,kidneybeans,Kaggle Benchmark
National Benchmark,Benchmark Baseline,Curated Benchmark,-1.2880620901809974,0.5650075480766412,-0.47680311215960175,-0.5678290324888161,2.151364255869653,-0.6086953148976642,0.34910660052463116,pigeonpeas,Kaggle Benchmark
National Benchmark,Benchmark Baseline,Curated Benchmark,-0.28582286655191164,0.17089955639350538,-0.49654725548799966,-1.5498623206425854,2.226408192944614,-0.3930987999123425,1.0965822656772934,pigeonpeas,Kaggle Benchmark
National Benchmark,Benchmark Baseline,Curated Benchmark,-0.47543569264390084,0.5953235474368824,-0.49654725548799966,-0.619514995023225,0.7156552491987066,-0.5431180415896287,-0.0024325876630378906,pigeonpeas,Kaggle Benchmark
National Benchmark,Benchmark Baseline,Curated Benchmark,-0.6379609721513202,0.11026755767302293,-0.47680311215960175,-0.4903000886872034,0.34043556382390655,-1.2631205697593597,0.707196208367971,pigeonpeas,Kaggle Benchmark
National Benchmark,Benchmark Baseline,Curated Benchmark,-1.0984492640890082,0.7772195435983298,-0.5952679721299892,-1.0976101484665073,-0.8997642383622758,-0.7191885288276416,1.4766885618077494,pigeonpeas,Kaggle Benchmark
National Benchmark,Benchmark Baseline,Curated Benchmark,-0.5566983323976105,0.655955546157365,-0.45705896883120384,-0.025126425877523142,0.9309128581768815,-1.3084856697875211,0.8340196111458206,pigeonpeas,Kaggle Benchmark
National Benchmark,Benchmark Baseline,Curated Benchmark,-0.28582286655191164,0.5043755493561588,-0.5557796854731933,-1.0976101484665073,1.221214404230017,-1.1881109489207164,0.792897532196331,pigeonpeas,Kaggle Benchmark
National Benchmark,Benchmark Baseline,Curated Benchmark,-0.3399979597210514,0.049635558952540494,-0.5755238288015913,-0.7874943732600538,1.4937423862390822,-1.4935393451499226,1.7352481821052017,pigeonpeas,Kaggle Benchmark
National Benchmark,Benchmark Baseline,Curated Benchmark,-0.4212605994747611,0.14058355703326417,-0.5557796854731933,-0.9167092795960766,0.7452778559388228,-0.3594118444458859,-0.2440702905166737,pigeonpeas,Kaggle Benchmark
National Benchmark,Benchmark Baseline,Curated Benchmark,-0.3399979597210514,0.23153155511398782,-0.5360355421447954,-2.286387286757911,0.9190638154808354,-0.18379051661409238,0.4424500806179407,pigeonpeas,Kaggle Benchmark
National Benchmark,Benchmark Baseline,Curated Benchmark,-0.47543569264390084,0.14058355703326417,-0.47680311215960175,-1.5498623206425854,1.9440060086888429,-0.12225567796203157,0.09400414615656068,pigeonpeas,Kaggle Benchmark
National Benchmark,Benchmark Baseline,Curated Benchmark,-0.935923984581589,0.07995155831278171,-0.6150121154583871,1.2670226374826985,1.6161824940982272,-1.4126906520304265,1.3311236805706195,pigeonpeas,Kaggle Benchmark
National Benchmark,Benchmark Baseline,Curated Benchmark,-0.5296107858130407,0.5650075480766412,-0.6150121154583871,-0.8262588451608607,0.6070390244849492,-0.9886841725592939,-0.12925599044088737,pigeonpeas,Kaggle Benchmark
National Benchmark,Benchmark Baseline,Curated Benchmark,-0.935923984581589,0.807535542958571,-0.5557796854731933,1.1248862405130737,1.1106233390669173,-0.665289400081311,0.33746141002566077,pigeonpeas,Kaggle Benchmark
National Benchmark,Benchmark Baseline,Curated Benchmark,-0.6379609721513202,0.5650075480766412,-0.6150121154583871,-0.154341332213546,0.6643093975158396,-0.6401364733330237,0.3143529851292662,pigeonpeas,Kaggle Benchmark
National Benchmark,Benchmark Baseline,Curated Benchmark,-0.28582286655191164,0.261847554474229,-0.5755238288015913,-2.286387286757911,0.3364858829252245,-1.6772455422936652,-0.12634469281614483,pigeonpeas,Kaggle Benchmark
National Benchmark,Benchmark Baseline,Curated Benchmark,-0.8817488914124492,0.14058355703326417,-0.634756258786785,-1.9504285302842537,-0.8168209394899512,-1.4679372589954156,1.3995391747520702,pigeonpeas,Kaggle Benchmark
National Benchmark,Benchmark Baseline,Curated Benchmark,-1.2880620901809974,0.4437435506356764,-0.634756258786785,-1.9504285302842537,-1.4408705214817243,-1.6520926155453777,0.07289723837717689,pigeonpeas,Kaggle Benchmark
National Benchmark,Benchmark Baseline,Curated Benchmark,-0.6650485187358901,0.4134275512754351,-0.47680311215960175,-1.0717671671993034,2.244181756988682,-1.515548156054674,1.0556421428293505,pigeonpeas,Kaggle Benchmark
National Benchmark,Benchmark Baseline,Curated Benchmark,-0.935923984581589,0.5043755493561588,-0.5557796854731933,-1.1105316391001092,-0.1611739103087211,-1.4086482173744521,0.32927338545607215,pigeonpeas,Kaggle Benchmark
National Benchmark,Benchmark Baseline,Curated Benchmark,-0.7192236119050298,0.29216355383447024,-0.5755238288015913,-2.3122302680251163,-1.2374619551995956,-0.6967305585166705,1.6580987950495225,pigeonpeas,Kaggle Benchmark
National Benchmark,Benchmark Baseline,Curated Benchmark,-1.1255368106735781,0.6862715455176062,-0.45705896883120384,-0.9813167327640875,0.6445609930224288,-0.9594888111550316,1.3784322669726865,pigeonpeas,Kaggle Benchmark
National Benchmark,Benchmark Baseline,Curated Benchmark,-0.935923984581589,0.049635558952540494,-0.5755238288015913,-0.07681238841193205,-1.199939986662116,-1.0910925171773218,1.6189782332170437,pigeonpeas,Kaggle Benchmark
National Benchmark,Benchmark Baseline,Curated Benchmark,-0.6108734255667503,0.655955546157365,-0.5360355421447954,-0.5936720137560212,-0.16709843165674448,-0.9401749566875965,0.19680934353028384,pigeonpeas,Kaggle Benchmark
National Benchmark,Benchmark Baseline,Curated Benchmark,-0.935923984581589,0.5346915487164,-0.47680311215960175,-1.9633500209178556,-1.4388956810323836,-1.4854544758379729,0.6584319731535324,pigeonpeas,Kaggle Benchmark
National Benchmark,Benchmark Baseline,Curated Benchmark,-0.7192236119050298,0.5043755493561588,-0.5360355421447954,-1.2268250548025301,-1.2769587641864173,-1.1728395291092564,0.5332461752896007,pigeonpeas,Kaggle Benchmark
National Benchmark,Benchmark Baseline,Curated Benchmark,-0.3399979597210514,0.5650075480766412,-0.5360355421447954,-0.7358084107256448,0.5161963638152605,-0.9900316507779522,1.5108963088984748,pigeonpeas,Kaggle Benchmark
National Benchmark,Benchmark Baseline,Curated Benchmark,-1.1255368106735781,0.3831115519151939,-0.5360355421447954,-0.9683952421304856,0.8894412087407199,-1.6776947016998847,0.9757634142504757,pigeonpeas,Kaggle Benchmark
National Benchmark,Benchmark Baseline,Curated Benchmark,-0.44834814605933093,0.07995155831278171,-0.6150121154583871,-2.4802096462619447,1.5391637165739258,-1.6193039788913601,0.6587958853566249,pigeonpeas,Kaggle Benchmark
National Benchmark,Benchmark Baseline,Curated Benchmark,-1.3422371833501372,0.6862715455176062,-0.5755238288015913,0.2591463680617253,-0.2816391777185253,-1.1135504874882929,1.3442245198819611,pigeonpeas,Kaggle Benchmark
National Benchmark,Benchmark Baseline,Curated Benchmark,-1.2067994504272879,0.4740595499959176,-0.5755238288015913,-2.2217798335899004,0.2515677436035592,-1.3376810311917833,-0.16364569363315934,pigeonpeas,Kaggle Benchmark
National Benchmark,Benchmark Baseline,Curated Benchmark,-0.6650485187358901,0.5953235474368824,-0.5360355421447954,-1.9633500209178556,1.1283969031109868,-0.6068986772727865,1.0611008258757433,pigeonpeas,Kaggle Benchmark
National Benchmark,Benchmark Baseline,Curated Benchmark,-0.6379609721513202,0.23153155511398782,-0.5952679721299892,-1.5498623206425854,1.5194153120805165,-0.1977144582068945,0.0918206729380039,pigeonpeas,Kaggle Benchmark
National Benchmark,Benchmark Baseline,Curated Benchmark,-0.6379609721513202,0.5346915487164,-0.49654725548799966,0.8276919559402234,-0.4277773709697637,-1.122533675612681,0.8625867190886072,pigeonpeas,Kaggle Benchmark
National Benchmark,Benchmark Baseline,Curated Benchmark,-0.39417305289019117,0.23153155511398782,-0.5360355421447954,-1.0976101484665073,1.7623206873494655,-1.4571574332461494,1.1850129310288502,pigeonpeas,Kaggle Benchmark
National Benchmark,Benchmark Baseline,Curated Benchmark,-0.9088364379970191,0.5953235474368824,-0.5952679721299892,-1.0846886578329054,-1.20783934845948,-1.660626644263547,1.7088645473809716,pigeonpeas,Kaggle Benchmark
National Benchmark,Benchmark Baseline,Curated Benchmark,-0.6650485187358901,0.5650075480766412,-0.5162913988163975,-2.325151758658718,0.6228377480796773,-1.5227347065541847,-0.21368362155842277,pigeonpeas,Kaggle Benchmark
National Benchmark,Benchmark Baseline,Curated Benchmark,-0.9088364379970191,0.3224795531947115,-0.634756258786785,0.8922994091082342,1.0592774873840505,-1.7621366700691357,1.4057256822046484,pigeonpeas,Kaggle Benchmark
National Benchmark,Benchmark Baseline,Curated Benchmark,-0.9900990777507287,0.6256395467971237,-0.5755238288015913,0.19453891489371444,-1.4250717978869962,-1.5564216620206413,-0.18820976734192493,pigeonpeas,Kaggle Benchmark
National Benchmark,Benchmark Baseline,Curated Benchmark,-0.3129104131364815,0.2012155557537466,-0.6545004021151829,-1.8987425677498448,1.8709369120632244,-1.818730755252783,0.24466379823699025,pigeonpeas,Kaggle Benchmark
National Benchmark,Benchmark Baseline,Curated Benchmark,-1.2067994504272879,0.3831115519151939,-0.6545004021151829,-0.154341332213546,1.8393394648737669,-1.8452311602197287,1.015247888286047,pigeonpeas,Kaggle Benchmark
National Benchmark,Benchmark Baseline,Curated Benchmark,-1.152624357258148,0.17089955639350538,-0.5952679721299892,-0.3223207104503747,0.7689759413309156,-1.606278356110997,1.5363701631149727,pigeonpeas,Kaggle Benchmark
National Benchmark,Benchmark Baseline,Curated Benchmark,-1.3151496367655673,0.4134275512754351,-0.5952679721299892,-0.709965429458441,1.7583710064507843,-1.0758210973658613,0.46483068110814924,pigeonpeas,Kaggle Benchmark
National Benchmark,Benchmark Baseline,Curated Benchmark,-1.3422371833501372,0.6862715455176062,-0.6150121154583871,-0.5936720137560212,0.5556931728020814,-0.8705552487235861,0.792897532196331,pigeonpeas,Kaggle Benchmark
National Benchmark,Benchmark Baseline,Curated Benchmark,-0.935923984581589,0.5953235474368824,-0.5755238288015913,-2.3122302680251163,-1.4211221169883135,-1.647151862076964,1.0882122850061589,pigeonpeas,Kaggle Benchmark
National Benchmark,Benchmark Baseline,Curated Benchmark,-0.7463111584895997,0.655955546157365,-0.45705896883120384,0.7889274840394164,1.0790258918774605,-1.090643357771102,-0.22114382172182565,pigeonpeas,Kaggle Benchmark
National Benchmark,Benchmark Baseline,Curated Benchmark,-0.5025232392284708,0.5043755493561588,-0.5557796854731933,-0.3352422010839766,-0.9333365260010734,-1.133313501361947,1.6759304930010708,pigeonpeas,Kaggle Benchmark
National Benchmark,Benchmark Baseline,Curated Benchmark,-0.6108734255667503,0.17089955639350538,-0.5162913988163975,0.7501630121386094,1.045453604238663,-0.8391140902882269,1.2286823953999892,pigeonpeas,Kaggle Benchmark
National Benchmark,Benchmark Baseline,Curated Benchmark,-1.2338869970118578,0.261847554474229,-0.49654725548799966,-2.2605443054907073,0.4569511503350287,-0.2260115007987178,0.7625108632380804,pigeonpeas,Kaggle Benchmark
National Benchmark,Benchmark Baseline,Curated Benchmark,-0.39417305289019117,0.4134275512754351,-0.45705896883120384,-0.06389089777833011,2.0407731907065547,-1.5698964442072239,0.592927776596824,pigeonpeas,Kaggle Benchmark
National Benchmark,Benchmark Baseline,Curated Benchmark,-1.3422371833501372,0.3831115519151939,-0.49654725548799966,-2.157172380421889,-1.199939986662116,-0.6536112555196062,1.2683488255371067,pigeonpeas,Kaggle Benchmark
National Benchmark,Benchmark Baseline,Curated Benchmark,-0.7192236119050298,0.5953235474368824,-0.5557796854731933,-2.402680702460331,-1.1801915821687052,-1.7589925542255997,1.3273026024381445,pigeonpeas,Kaggle Benchmark
National Benchmark,Benchmark Baseline,Curated Benchmark,-0.9088364379970191,0.4134275512754351,-0.5952679721299892,-1.1105316391001092,1.1066736581682355,-0.6742725882056996,0.46828784703753107,pigeonpeas,Kaggle Benchmark
National Benchmark,Benchmark Baseline,Curated Benchmark,-1.2338869970118578,0.049635558952540494,-0.5952679721299892,1.0990432592458699,1.5589121210673367,-1.1575681092977959,0.42225295334628893,pigeonpeas,Kaggle Benchmark
National Benchmark,Benchmark Baseline,Curated Benchmark,-1.2338869970118578,0.07995155831278171,-0.47680311215960175,-1.872899586482641,-0.15919906985938043,-1.1890092677331554,1.547105573106211,pigeonpeas,Kaggle Benchmark
National Benchmark,Benchmark Baseline,Curated Benchmark,-0.36708550630562126,0.7165875448778474,-0.6150121154583871,-1.0976101484665073,2.092119042389422,-1.7756114522557183,1.5940502473051852,pigeonpeas,Kaggle Benchmark
National Benchmark,Benchmark Baseline,Curated Benchmark,-1.0171866243352985,0.5953235474368824,-0.5557796854731933,-1.3948044330393587,0.9644851458156798,-1.6166090224540435,1.0758392701010027,pigeonpeas,Kaggle Benchmark
National Benchmark,Benchmark Baseline,Curated Benchmark,-1.2067994504272879,0.29216355383447024,-0.49654725548799966,-0.7228869200920429,0.0797566245108873,-0.9671245210607615,1.0347171911515136,pigeonpeas,Kaggle Benchmark
National Benchmark,Benchmark Baseline,Curated Benchmark,-0.935923984581589,0.7165875448778474,-0.5162913988163975,0.1299314617257036,1.1580195098511032,-1.6098716313607522,-0.05301638389294058,pigeonpeas,Kaggle Benchmark
National Benchmark,Benchmark Baseline,Curated Benchmark,-0.6921360653204599,0.3224795531947115,-0.5557796854731933,-2.1442508897882875,1.487817864891059,-1.752704322538528,0.02868190570139879,pigeonpeas,Kaggle Benchmark
National Benchmark,Benchmark Baseline,Curated Benchmark,-0.44834814605933093,0.655955546157365,-0.47680311215960175,-2.2088583429562982,-0.4179031687230583,-0.9069371606273593,1.6164308477953944,pigeonpeas,Kaggle Benchmark
National Benchmark,Benchmark Baseline,Curated Benchmark,-0.8275737982433093,0.7165875448778474,-0.49654725548799966,-1.6661557363450052,1.82749042217772,-1.4661406213705375,0.8149142204834471,pigeonpeas,Kaggle Benchmark
National Benchmark,Benchmark Baseline,Curated Benchmark,-0.4212605994747611,0.807535542958571,-0.45705896883120384,-2.0279574740858664,0.4885485975244856,-1.1926025429829106,1.7039517326392188,pigeonpeas,Kaggle Benchmark
National Benchmark,Benchmark Baseline,Curated Benchmark,-0.9900990777507287,0.655955546157365,-0.47680311215960175,-0.03804791651112508,-0.21054492154224747,-0.6351957198646098,0.2710474329612201,pigeonpeas,Kaggle Benchmark
National Benchmark,Benchmark Baseline,Curated Benchmark,-0.39417305289019117,0.807535542958571,-0.5360355421447954,0.7760059934058144,1.5865598873581115,-1.0362950696185524,-0.054472032705311854,pigeonpeas,Kaggle Benchmark
National Benchmark,Benchmark Baseline,Curated Benchmark,-1.179711903842718,0.7165875448778474,-0.5952679721299892,0.24622487742812338,-0.9985062608293286,-0.4910155504681761,1.5944141595082781,pigeonpeas,Kaggle Benchmark
National Benchmark,Benchmark Baseline,Curated Benchmark,-0.5837858789821804,0.7469035442380886,-0.45705896883120384,-0.632436485656827,-1.1169966877897914,-0.5458129980269454,1.679933527235092,pigeonpeas,Kaggle Benchmark
National Benchmark,Benchmark Baseline,Curated Benchmark,-0.5566983323976105,0.2012155557537466,-0.5360355421447954,-1.3043539986041428,0.6445609930224288,-0.4038786256616083,1.4339288779443424,pigeonpeas,Kaggle Benchmark
National Benchmark,Benchmark Baseline,Curated Benchmark,-0.8275737982433093,0.6256395467971237,-0.634756258786785,-2.2088583429562982,2.0585467547506235,-1.2518915846038743,1.0267111226834709,pigeonpeas,Kaggle Benchmark
National Benchmark,Benchmark Baseline,Curated Benchmark,-0.8546613448278793,0.11026755767302293,-0.49654725548799966,1.1248862405130737,-0.38433088108426006,-1.0866009231151275,0.6853614761824013,pigeonpeas,Kaggle Benchmark
National Benchmark,Benchmark Baseline,Curated Benchmark,-1.2880620901809974,0.2012155557537466,-0.5755238288015913,-2.1313293991546844,0.026435932378678924,-1.3816986530012867,-0.04883139355737302,pigeonpeas,Kaggle Benchmark
National Benchmark,Benchmark Baseline,Curated Benchmark,-1.2338869970118578,0.7165875448778474,-0.5755238288015913,-0.29647772918316967,1.0810007323268018,-0.21523167504945193,1.318568709563917,pigeonpeas,Kaggle Benchmark
National Benchmark,Benchmark Baseline,Curated Benchmark,-1.2338869970118578,0.4437435506356764,-0.5557796854731933,-1.8987425677498448,-1.359902063058741,-0.45598111678306125,0.6624350073875535,pigeonpeas,Kaggle Benchmark
National Benchmark,Benchmark Baseline,Curated Benchmark,-0.36708550630562126,0.5953235474368824,-0.5360355421447954,-1.175139092268121,0.7670011008815744,-0.35986100385210523,1.5658470515654916,pigeonpeas,Kaggle Benchmark
National Benchmark,Benchmark Baseline,Curated Benchmark,-1.1255368106735781,0.17089955639350538,-0.47680311215960175,-2.2217798335899004,-1.0222043462214208,-1.4423351728409086,0.6143985965793003,pigeonpeas,Kaggle Benchmark
National Benchmark,Benchmark Baseline,Curated Benchmark,-0.8275737982433093,0.5650075480766412,-0.6545004021151829,1.0861217686122668,2.05064739295326,-0.694933920891793,0.571275000512801,pigeonpeas,Kaggle Benchmark
National Benchmark,Benchmark Baseline,Curated Benchmark,-0.5296107858130407,0.07995155831278171,-0.49654725548799966,-1.0459241859320982,1.1560446694017619,-1.6211006165162378,1.2938226797536045,pigeonpeas,Kaggle Benchmark
National Benchmark,Benchmark Baseline,Curated Benchmark,-1.369324729934707,0.5043755493561588,-0.5360355421447954,-2.325151758658718,2.109892606433491,-0.694035602079354,-0.03372903712902082,pigeonpeas,Kaggle Benchmark
National Benchmark,Benchmark Baseline,Curated Benchmark,-0.8004862516587395,0.6256395467971237,-0.6545004021151829,0.0007165553896807421,0.765026260432233,-0.1963669799882362,0.9058922712566533,pigeonpeas,Kaggle Benchmark
National Benchmark,Benchmark Baseline,Curated Benchmark,-1.0171866243352985,0.4134275512754351,-0.5952679721299892,-1.4077259236729607,0.9802838694104078,-1.6493976591080612,1.3485914663190752,pigeonpeas,Kaggle Benchmark
National Benchmark,Benchmark Baseline,Curated Benchmark,-0.6379609721513202,0.6256395467971237,-0.5557796854731933,-0.7874943732600538,-0.18289715525147257,-0.5170667960289024,-0.20931667512130897,pigeonpeas,Kaggle Benchmark
National Benchmark,Benchmark Baseline,Curated Benchmark,-0.5837858789821804,0.5650075480766412,-0.47680311215960175,0.6338695964361897,-0.48307290355131277,-1.5631590531139326,1.0758392701010027,pigeonpeas,Kaggle Benchmark
National Benchmark,Benchmark Baseline,Curated Benchmark,-1.2338869970118578,0.4437435506356764,-0.5557796854731933,-0.45153561678639637,-1.2986820091291686,-1.7235089611342655,0.9444669647844929,pigeonpeas,Kaggle Benchmark
National Benchmark,Benchmark Baseline,Curated Benchmark,-0.3129104131364815,0.11026755767302293,-0.5755238288015913,-0.06389089777833011,0.7314539727934354,-1.1476866023609686,1.1271508907370908,pigeonpeas,Kaggle Benchmark
National Benchmark,Benchmark Baseline,Curated Benchmark,-0.7733987050741696,0.261847554474229,-0.634756258786785,-2.1184079085210823,1.784043932292217,-0.7708418605428748,1.409000892032484,pigeonpeas,Kaggle Benchmark
National Benchmark,Benchmark Baseline,Curated Benchmark,-0.8817488914124492,0.049635558952540494,-0.49654725548799966,0.6726340683369966,-0.7141292361242164,-0.6814591387052101,0.6071203525174442,pigeonpeas,Kaggle Benchmark
National Benchmark,Benchmark Baseline,Curated Benchmark,-0.3129104131364815,0.7165875448778474,-0.5360355421447954,-2.415602193093934,-0.516645191190111,-0.5049394920609779,1.023072000652543,pigeonpeas,Kaggle Benchmark
National Benchmark,Benchmark Baseline,Curated Benchmark,-1.0171866243352985,0.655955546157365,-0.5557796854731933,0.6597125777033946,0.9763341885117258,-1.625592210578432,1.3726096717232015,pigeonpeas,Kaggle Benchmark
National Benchmark,Benchmark Baseline,Curated Benchmark,-0.6379609721513202,0.5346915487164,-0.47680311215960175,0.7630845027722114,1.1540698289524212,-1.0466257359615991,1.1271508907370908,pigeonpeas,Kaggle Benchmark
National Benchmark,Benchmark Baseline,Curated Benchmark,-0.6650485187358901,0.3224795531947115,-0.5162913988163975,-1.6790772269786072,0.06593274136549987,-1.3879868846883587,0.10401173174161357,pigeonpeas,Kaggle Benchmark
National Benchmark,Benchmark Baseline,Curated Benchmark,-0.7463111584895997,0.049635558952540494,-0.634756258786785,-1.75660617078022,-0.9096384406089806,-0.0804838531836258,1.487242015697441,pigeonpeas,Kaggle Benchmark
National Benchmark,Benchmark Baseline,Curated Benchmark,-1.2609745435964277,0.4740595499959176,-0.5755238288015913,-1.4206474143065626,-1.2572103596930064,-1.068185387460131,0.8296526647087065,pigeonpeas,Kaggle Benchmark
National Benchmark,Benchmark Baseline,Curated Benchmark,-0.8275737982433093,0.4134275512754351,-0.5755238288015913,-1.0330026952984963,-1.2591852001423478,-0.9406241160938158,1.4044519894938237,pigeonpeas,Kaggle Benchmark
National Benchmark,Benchmark Baseline,Curated Benchmark,-1.179711903842718,0.6256395467971237,-0.6150121154583871,-1.0330026952984963,-0.6213117350051871,-0.40028535041185304,-0.12215970248057728,pigeonpeas,Kaggle Benchmark
National Benchmark,Benchmark Baseline,Curated Benchmark,-0.9088364379970191,0.3224795531947115,-0.5952679721299892,-0.5032215793208054,2.1987604266538385,-0.5938730544924233,0.3845880403261814,pigeonpeas,Kaggle Benchmark
National Benchmark,Benchmark Baseline,Curated Benchmark,-0.4212605994747611,0.5346915487164,-0.6150121154583871,0.5951051245353827,0.8440198784058756,-0.2305030948609124,1.7226932110984987,pigeonpeas,Kaggle Benchmark
National Benchmark,Benchmark Baseline,Curated Benchmark,-1.0713617175044383,0.5650075480766412,-0.5162913988163975,0.4788117088329629,0.7433030154894814,-1.1975432964513242,1.2543382057180332,pigeonpeas,Kaggle Benchmark
National Benchmark,Benchmark Baseline,Curated Benchmark,-0.8275737982433093,0.2012155557537466,-0.5162913988163975,0.5304976713673718,0.7966237076216899,-1.283781902445453,1.518538465163424,pigeonpeas,Kaggle Benchmark
National Benchmark,Benchmark Baseline,Curated Benchmark,-1.0984492640890082,0.5346915487164,-0.5952679721299892,-0.4127711448855894,-1.199939986662116,-0.2305030948609124,1.2672570889278287,pigeonpeas,Kaggle Benchmark
National Benchmark,Benchmark Baseline,Curated Benchmark,-0.47543569264390084,0.23153155511398782,-0.47680311215960175,-2.45436666499474,-1.099223123745722,-1.0124896210889232,0.3456494345952491,pigeonpeas,Kaggle Benchmark
National Benchmark,Benchmark Baseline,Curated Benchmark,-1.2880620901809974,-0.13226043720890684,-0.5952679721299892,-3.5914578407517355,0.45300146943634667,-0.30416523748089735,-1.2879524450884423,mothbeans,Kaggle Benchmark
National Benchmark,Benchmark Baseline,Curated Benchmark,-0.7733987050741696,0.17089955639350538,-0.49654725548799966,-2.7127964776667843,0.3364858829252245,-0.9073863200335787,-1.2184452142977125,mothbeans,Kaggle Benchmark
National Benchmark,Benchmark Baseline,Curated Benchmark,-0.39417305289019117,0.14058355703326417,-0.45705896883120384,2.4945642476749095,0.6011145031369257,-0.5462621574331646,-1.210621101931217,mothbeans,Kaggle Benchmark
National Benchmark,Benchmark Baseline,Curated Benchmark,-1.2609745435964277,-0.31415643337035415,-0.5952679721299892,3.0631098355534063,0.6741835997625449,-0.46676094253232714,-0.5546693558563996,mothbeans,Kaggle Benchmark
National Benchmark,Benchmark Baseline,Curated Benchmark,-0.5837858789821804,0.019319559592299272,-0.634756258786785,2.171526981834854,0.4273285435949132,-0.756019600137634,-1.2994156794858662,mothbeans,Kaggle Benchmark
National Benchmark,Benchmark Baseline,Curated Benchmark,-0.5025232392284708,-0.31415643337035415,-0.5162913988163975,-1.5498623206425854,1.2607112132168379,-0.7802742080734828,-0.5792334295651655,mothbeans,Kaggle Benchmark
National Benchmark,Benchmark Baseline,Curated Benchmark,-0.9900990777507287,0.049635558952540494,-0.6545004021151829,2.0423120754988324,0.34043556382390655,-0.7277225575458105,-0.5461174190837184,mothbeans,Kaggle Benchmark
National Benchmark,Benchmark Baseline,Curated Benchmark,-1.2338869970118578,-0.5566844282522839,-0.5557796854731933,4.148515048775993,0.6544351952691342,-0.8045288160093315,-0.6751242950801248,mothbeans,Kaggle Benchmark
National Benchmark,Benchmark Baseline,Curated Benchmark,-0.6921360653204599,0.11026755767302293,-0.47680311215960175,0.6467910870697916,0.40165561775347897,-0.5786016346809629,-1.2104391458296704,mothbeans,Kaggle Benchmark
National Benchmark,Benchmark Baseline,Curated Benchmark,-1.0713617175044383,-0.01099643976794195,-0.47680311215960175,1.1894936936810847,0.5734667368461509,-0.7057137466410588,-0.7666482141579704,mothbeans,Kaggle Benchmark
National Benchmark,Benchmark Baseline,Curated Benchmark,-0.28582286655191164,-0.13226043720890684,-0.6150121154583871,0.28498934932893033,1.0671768491814144,-1.1494832399858463,-0.9078461489579864,mothbeans,Kaggle Benchmark
National Benchmark,Benchmark Baseline,Curated Benchmark,-0.3399979597210514,0.07995155831278171,-0.45705896883120384,1.8226467347275934,0.024461091929337563,-1.1723903697030367,-0.6556549922146586,mothbeans,Kaggle Benchmark
National Benchmark,Benchmark Baseline,Curated Benchmark,-0.6379609721513202,-0.31415643337035415,-0.49654725548799966,-0.7616513919928499,1.2014659997366062,-0.6572045307693615,-1.0648742645925404,mothbeans,Kaggle Benchmark
National Benchmark,Benchmark Baseline,Curated Benchmark,-0.7192236119050298,-0.46573643017156025,-0.5162913988163975,2.236134435002864,-0.2243688046876349,-0.5821949099307182,-1.2462844978343137,mothbeans,Kaggle Benchmark
National Benchmark,Benchmark Baseline,Curated Benchmark,-0.7463111584895997,-0.25352443464987173,-0.5360355421447954,3.25693219505744,1.1560446694017619,-0.884030030910169,-0.5281037650306236,mothbeans,Kaggle Benchmark
National Benchmark,Benchmark Baseline,Curated Benchmark,-0.5837858789821804,0.11026755767302293,-0.5557796854731933,-0.7616513919928499,-0.001211833912095948,-0.9320900873756469,-0.9111213587858218,mothbeans,Kaggle Benchmark
National Benchmark,Benchmark Baseline,Curated Benchmark,-0.5296107858130407,-0.5566844282522839,-0.49654725548799966,1.602981393956356,0.9249883368288588,-1.091541676583541,-0.6445556700203274,mothbeans,Kaggle Benchmark
National Benchmark,Benchmark Baseline,Curated Benchmark,-1.369324729934707,0.049635558952540494,-0.45705896883120384,-2.5189741181627516,0.5043473211192144,-1.2491966281665576,-1.0495899520626417,mothbeans,Kaggle Benchmark
National Benchmark,Benchmark Baseline,Curated Benchmark,-1.179711903842718,-0.25352443464987173,-0.5162913988163975,4.471552314616048,-0.020960238405506072,-1.197094137045105,-0.5301052821476341,mothbeans,Kaggle Benchmark
National Benchmark,Benchmark Baseline,Curated Benchmark,-0.9088364379970191,0.14058355703326417,-0.45705896883120384,-0.0122049352439212,1.088900094124166,-1.2527899034163128,-1.2863148401745246,mothbeans,Kaggle Benchmark
National Benchmark,Benchmark Baseline,Curated Benchmark,-1.0713617175044383,-0.28384043401011294,-0.6150121154583871,2.003547603598024,0.1429515188898011,-0.7137986159530083,-1.243737112412664,mothbeans,Kaggle Benchmark
National Benchmark,Benchmark Baseline,Curated Benchmark,-0.7733987050741696,-0.13226043720890684,-0.5162913988163975,-3.5656148594845307,0.5161963638152605,-0.4456504504400144,-0.5603099950043385,mothbeans,Kaggle Benchmark
National Benchmark,Benchmark Baseline,Curated Benchmark,-1.1255368106735781,-0.07162843848842439,-0.5755238288015913,-1.265589526703336,0.2811903503436748,-0.9949724042463658,-1.0046467949806779,mothbeans,Kaggle Benchmark
National Benchmark,Benchmark Baseline,Curated Benchmark,-0.6108734255667503,-0.16257643656914805,-0.6545004021151829,3.592890951531097,-0.09007965413244326,-0.7290700357644688,-1.138384529617291,mothbeans,Kaggle Benchmark
National Benchmark,Benchmark Baseline,Curated Benchmark,-0.6650485187358901,-0.10194443784866561,-0.5755238288015913,-0.5936720137560212,0.3364858829252245,-0.8898691031910212,-1.290135918306999,mothbeans,Kaggle Benchmark
National Benchmark,Benchmark Baseline,Curated Benchmark,-0.39417305289019117,0.07995155831278171,-0.5557796854731933,1.2541011468490966,-0.040708642898916896,-0.980150143841125,-1.3026908893137015,mothbeans,Kaggle Benchmark
National Benchmark,Benchmark Baseline,Curated Benchmark,-1.152624357258148,0.2012155557537466,-0.5952679721299892,-3.4363999531485088,1.1066736581682355,-1.1436441677049938,-0.916034173527575,mothbeans,Kaggle Benchmark
National Benchmark,Benchmark Baseline,Curated Benchmark,-0.7192236119050298,-0.4960524295318015,-0.5360355421447954,-0.8391803357944627,0.9783090289610672,-0.5952205327110817,-0.7408104477383798,mothbeans,Kaggle Benchmark
National Benchmark,Benchmark Baseline,Curated Benchmark,-0.7733987050741696,-0.31415643337035415,-0.47680311215960175,-2.5189741181627516,-0.03675896200023487,-0.8202493952270112,-1.042129751899239,mothbeans,Kaggle Benchmark
National Benchmark,Benchmark Baseline,Curated Benchmark,-0.39417305289019117,-0.31415643337035415,-0.47680311215960175,-3.8240446721565755,0.29106455259038017,-1.2500949469789966,-1.1267393391183207,mothbeans,Kaggle Benchmark
National Benchmark,Benchmark Baseline,Curated Benchmark,-0.7733987050741696,-0.28384043401011294,-0.47680311215960175,-0.5678290324888161,-0.25794109232643314,-0.6805608198927715,-0.8090439858182844,mothbeans,Kaggle Benchmark
National Benchmark,Benchmark Baseline,Curated Benchmark,-0.9088364379970191,-0.31415643337035415,-0.5162913988163975,-1.252668036069734,0.877592166044673,-1.1490340805796269,-1.1354732319925485,mothbeans,Kaggle Benchmark
National Benchmark,Benchmark Baseline,Curated Benchmark,-1.152624357258148,-0.25352443464987173,-0.6545004021151829,-2.402680702460331,0.49052343797382697,-0.471701696000741,-1.2668455373090581,mothbeans,Kaggle Benchmark
National Benchmark,Benchmark Baseline,Curated Benchmark,-1.179711903842718,0.07995155831278171,-0.49654725548799966,-1.1880605829017232,0.1429515188898011,-1.4135889708428655,-0.8727286213595288,mothbeans,Kaggle Benchmark
National Benchmark,Benchmark Baseline,Curated Benchmark,-0.39417305289019117,0.11026755767302293,-0.634756258786785,2.3524278507052836,0.5912403008902204,-0.6441789079889984,-0.8448893378229276,mothbeans,Kaggle Benchmark
National Benchmark,Benchmark Baseline,Curated Benchmark,-1.0713617175044383,-0.25352443464987173,-0.5755238288015913,-3.410556971881304,0.6090138649342898,-1.2182046291374176,-1.0797946649193462,mothbeans,Kaggle Benchmark
National Benchmark,Benchmark Baseline,Curated Benchmark,-1.2067994504272879,-0.5263684288920427,-0.5162913988163975,3.1018743074542123,-0.27571465637050263,-0.525151665340852,-1.1138204559085254,mothbeans,Kaggle Benchmark
National Benchmark,Benchmark Baseline,Curated Benchmark,-0.9088364379970191,0.11026755767302293,-0.5557796854731933,-3.462242934415713,0.5714918963968102,-1.1804752390149862,-0.6783995049079602,mothbeans,Kaggle Benchmark
National Benchmark,Benchmark Baseline,Curated Benchmark,-1.2609745435964277,-0.1928924359293893,-0.5557796854731933,-2.945383309071624,0.07185726271352326,-0.29293625232541187,-0.5690438878785664,mothbeans,Kaggle Benchmark
National Benchmark,Benchmark Baseline,Curated Benchmark,-1.1255368106735781,-0.13226043720890684,-0.634756258786785,1.538373940788345,1.0395290828906396,-1.3525032915970245,-0.8809166459291174,mothbeans,Kaggle Benchmark
National Benchmark,Benchmark Baseline,Curated Benchmark,-0.6921360653204599,-0.07162843848842439,-0.47680311215960175,3.773791820401529,-0.022935078854847434,-0.4407096969716008,-0.6984146760780656,mothbeans,Kaggle Benchmark
National Benchmark,Benchmark Baseline,Curated Benchmark,-0.39417305289019117,-0.28384043401011294,-0.5360355421447954,-2.5189741181627516,-0.09600417548046664,-0.9051405230024817,-1.1822359500899766,mothbeans,Kaggle Benchmark
National Benchmark,Benchmark Baseline,Curated Benchmark,-0.8004862516587395,-0.46573643017156025,-0.5557796854731933,-0.8779448076952696,0.2950142334890622,-0.355369409789911,-0.7508180333234323,mothbeans,Kaggle Benchmark
National Benchmark,Benchmark Baseline,Curated Benchmark,-0.36708550630562126,0.11026755767302293,-0.5557796854731933,1.1378077311466757,1.0829755727761432,-1.1975432964513242,-0.5943357859935178,mothbeans,Kaggle Benchmark
National Benchmark,Benchmark Baseline,Curated Benchmark,-0.5025232392284708,-0.16257643656914805,-0.5952679721299892,-0.619514995023225,0.16664960428189396,-0.6774167040492355,-0.7151546374203357,mothbeans,Kaggle Benchmark
National Benchmark,Benchmark Baseline,Curated Benchmark,-0.5837858789821804,-0.28384043401011294,-0.5557796854731933,2.778837041614157,0.8736424851459911,-0.3558185691961303,-1.3034187137198872,mothbeans,Kaggle Benchmark
National Benchmark,Benchmark Baseline,Curated Benchmark,-0.6921360653204599,-0.07162843848842439,-0.5952679721299892,3.864242254836745,0.4273285435949132,-0.7483838902319039,-0.9677097063667561,mothbeans,Kaggle Benchmark
National Benchmark,Benchmark Baseline,Curated Benchmark,-1.0984492640890082,-0.28384043401011294,-0.47680311215960175,2.016469094231626,1.0612523278333912,-1.2783919895708198,-0.8221448251296262,mothbeans,Kaggle Benchmark
National Benchmark,Benchmark Baseline,Curated Benchmark,-0.7463111584895997,-0.5566844282522839,-0.5952679721299892,-1.3689614517721538,0.17257412562991664,-1.0830076478653723,-1.2095293653219383,mothbeans,Kaggle Benchmark
National Benchmark,Benchmark Baseline,Curated Benchmark,-1.1255368106735781,0.2012155557537466,-0.49654725548799966,-0.24479176664876073,1.2547866918688144,-0.64283142977034,-0.7133350764048714,mothbeans,Kaggle Benchmark
National Benchmark,Benchmark Baseline,Curated Benchmark,-1.2880620901809974,0.14058355703326417,-0.5360355421447954,3.476597535828678,-0.05058284514562231,-1.1072622558012208,-0.8707271042425183,mothbeans,Kaggle Benchmark
National Benchmark,Benchmark Baseline,Curated Benchmark,-0.7733987050741696,-0.34447243273059536,-0.5162913988163975,1.8355682253611953,-0.015035717057483385,-0.6518146178947285,-1.0006437607466567,mothbeans,Kaggle Benchmark
National Benchmark,Benchmark Baseline,Curated Benchmark,-1.0442741709198684,-0.43542043081131904,-0.5360355421447954,2.21029145373566,0.6662842379651802,-0.38725972763148986,-0.6003403373445493,mothbeans,Kaggle Benchmark
National Benchmark,Benchmark Baseline,Curated Benchmark,-0.3129104131364815,-0.5263684288920427,-0.5162913988163975,3.360304120126258,0.7354036536921175,-0.4932613474992731,-1.2633883713796763,mothbeans,Kaggle Benchmark
National Benchmark,Benchmark Baseline,Curated Benchmark,-0.5025232392284708,-0.3747884320908366,-0.634756258786785,1.590059903322754,0.5971648222382437,-0.45328616034574465,-0.6352759088414606,mothbeans,Kaggle Benchmark
National Benchmark,Benchmark Baseline,Curated Benchmark,-0.5566983323976105,-0.3747884320908366,-0.6545004021151829,-0.7487299013592479,-0.15524938896069843,-1.2267386578555866,-0.9349576080884019,mothbeans,Kaggle Benchmark
National Benchmark,Benchmark Baseline,Curated Benchmark,-0.8546613448278793,-0.5263684288920427,-0.5162913988163975,-0.3998496542519875,-0.032809281101552845,-0.5808474317120602,-0.8445254256198349,mothbeans,Kaggle Benchmark
National Benchmark,Benchmark Baseline,Curated Benchmark,-1.2609745435964277,-0.2232084352896305,-0.6545004021151829,-3.836966162790177,1.065202008732074,-0.40792106031758324,-0.7222509253806456,mothbeans,Kaggle Benchmark
National Benchmark,Benchmark Baseline,Curated Benchmark,-0.8004862516587395,-0.43542043081131904,-0.5557796854731933,1.1894936936810847,0.2851400312423568,-0.861572060599198,-0.7772016680476622,mothbeans,Kaggle Benchmark
National Benchmark,Benchmark Baseline,Curated Benchmark,-0.4212605994747611,0.11026755767302293,-0.45705896883120384,2.4170353038732952,0.29303939303972154,-1.312528104443496,-0.5883312346424862,mothbeans,Kaggle Benchmark
National Benchmark,Benchmark Baseline,Curated Benchmark,-0.7733987050741696,0.049635558952540494,-0.47680311215960175,2.8305230041485667,0.5833409390928563,-0.6365431980832681,-0.7084222616631183,mothbeans,Kaggle Benchmark
National Benchmark,Benchmark Baseline,Curated Benchmark,-0.4212605994747611,-0.07162843848842439,-0.6150121154583871,-3.759437218988564,0.6287622694277006,-0.9720652745291751,-1.1391123540234767,mothbeans,Kaggle Benchmark
National Benchmark,Benchmark Baseline,Curated Benchmark,-0.9088364379970191,0.07995155831278171,-0.6150121154583871,-0.658279466924032,0.4589259907843701,-1.1710428914843787,-0.6150787815698088,mothbeans,Kaggle Benchmark
National Benchmark,Benchmark Baseline,Curated Benchmark,-0.6108734255667503,0.11026755767302293,-0.6150121154583871,3.812556292302335,0.9605354649169977,-0.44475213162757576,-0.7568225846744641,mothbeans,Kaggle Benchmark
National Benchmark,Benchmark Baseline,Curated Benchmark,-0.7733987050741696,-0.5263684288920427,-0.634756258786785,2.21029145373566,0.9802838694104078,-0.930293449750769,-0.7073305250538398,mothbeans,Kaggle Benchmark
National Benchmark,Benchmark Baseline,Curated Benchmark,-1.0713617175044383,-0.3747884320908366,-0.5755238288015913,-1.7307631895130162,0.24564322225553584,-1.3327402777233697,-1.0794307527162534,mothbeans,Kaggle Benchmark
National Benchmark,Benchmark Baseline,Curated Benchmark,-0.3399979597210514,-0.46573643017156025,-0.5952679721299892,-0.2318702760151588,0.13702699754177772,-0.4622693484701332,-1.2324558341167862,mothbeans,Kaggle Benchmark
National Benchmark,Benchmark Baseline,Curated Benchmark,-0.7463111584895997,-0.4960524295318015,-0.47680311215960175,1.9647831316972184,0.6248125885290187,-1.2240437014182703,-1.2646620640905015,mothbeans,Kaggle Benchmark
National Benchmark,Benchmark Baseline,Curated Benchmark,-0.6921360653204599,-0.5566844282522839,-0.5557796854731933,3.166481760622224,0.6485106739211107,-1.263569729165579,-0.5743206148234122,mothbeans,Kaggle Benchmark
National Benchmark,Benchmark Baseline,Curated Benchmark,-0.28582286655191164,-0.25352443464987173,-0.5557796854731933,0.5304976713673718,0.7433030154894814,-0.6190259812407106,-1.1849652916131725,mothbeans,Kaggle Benchmark
National Benchmark,Benchmark Baseline,Curated Benchmark,-0.7463111584895997,0.14058355703326417,-0.5755238288015913,-1.5886267925433915,-0.28558885861720734,-0.5943222138986427,-0.8055868198889027,mothbeans,Kaggle Benchmark
National Benchmark,Benchmark Baseline,Curated Benchmark,-1.3151496367655673,0.07995155831278171,-0.49654725548799966,1.3962375438187202,0.20417157281937354,-0.525151665340852,-1.2108030580327631,mothbeans,Kaggle Benchmark
National Benchmark,Benchmark Baseline,Curated Benchmark,-1.2880620901809974,0.07995155831278171,-0.6150121154583871,2.895130457316579,0.5102718424672371,-0.807223772446648,-0.9338658714791234,mothbeans,Kaggle Benchmark
National Benchmark,Benchmark Baseline,Curated Benchmark,-0.6650485187358901,-0.07162843848842439,-0.45705896883120384,1.7063533190251738,0.6208629076303366,-0.8467498001939568,-0.8778233922028283,mothbeans,Kaggle Benchmark
National Benchmark,Benchmark Baseline,Curated Benchmark,-0.3129104131364815,-0.34447243273059536,-0.5557796854731933,2.055233566132434,0.7373784941414587,-0.4595743920328165,-1.139658222328116,mothbeans,Kaggle Benchmark
National Benchmark,Benchmark Baseline,Curated Benchmark,-0.6379609721513202,0.17089955639350538,-0.5557796854731933,-2.6740320057659774,0.47274987392975754,-0.8476481190063958,-1.2273610632734866,mothbeans,Kaggle Benchmark
National Benchmark,Benchmark Baseline,Curated Benchmark,-0.7192236119050298,-0.25352443464987173,-0.5755238288015913,-0.671200957557634,0.24564322225553584,-1.017879533963556,-1.2504694881698812,mothbeans,Kaggle Benchmark
National Benchmark,Benchmark Baseline,Curated Benchmark,-1.179711903842718,-0.40510443145107783,-0.6150121154583871,2.662543625911737,1.1046988177188948,-1.372266305470679,-0.9038431147239654,mothbeans,Kaggle Benchmark
National Benchmark,Benchmark Baseline,Curated Benchmark,-0.9630115311661588,-0.25352443464987173,-0.49654725548799966,0.969828352909847,-0.27966433726918466,-0.451489522720867,-1.0452230056255278,mothbeans,Kaggle Benchmark
National Benchmark,Benchmark Baseline,Curated Benchmark,-0.6650485187358901,-0.04131243912818317,-0.49654725548799966,-1.9891930021850608,0.8637682828992856,-0.9828451002784413,-0.9194913394569568,mothbeans,Kaggle Benchmark
National Benchmark,Benchmark Baseline,Curated Benchmark,-0.8275737982433093,-0.25352443464987173,-0.634756258786785,-2.376837721193127,0.853894080652581,-0.7573670783562924,-1.05577645951522,mothbeans,Kaggle Benchmark
National Benchmark,Benchmark Baseline,Curated Benchmark,-0.44834814605933093,0.019319559592299272,-0.47680311215960175,-1.859978095849038,1.1046988177188948,-1.3439692628788553,-0.6307270063028002,mothbeans,Kaggle Benchmark
National Benchmark,Benchmark Baseline,Curated Benchmark,-0.8546613448278793,-0.07162843848842439,-0.45705896883120384,-3.7982016908893708,0.23379417955948978,-1.0439307795242825,-1.08416161135646,mothbeans,Kaggle Benchmark
National Benchmark,Benchmark Baseline,Curated Benchmark,-0.5837858789821804,-0.3747884320908366,-0.5360355421447954,3.1018743074542123,1.1599943503004437,-0.3877088870377092,-0.7076944372569328,mothbeans,Kaggle Benchmark
National Benchmark,Benchmark Baseline,Curated Benchmark,-0.8275737982433093,-0.10194443784866561,-0.5162913988163975,3.799634801668733,1.0632271682827326,-1.1252286320499976,-1.1853292038162653,mothbeans,Kaggle Benchmark
National Benchmark,Benchmark Baseline,Curated Benchmark,-1.0713617175044383,-0.40510443145107783,-0.49654725548799966,-0.8650233170616677,0.7887243458243258,-0.378725698913321,-0.9691653551791274,mothbeans,Kaggle Benchmark
National Benchmark,Benchmark Baseline,Curated Benchmark,-0.9630115311661588,0.019319559592299272,-0.6545004021151829,2.4299567945068974,0.861793442449945,-0.649119661457412,-1.0663299134049118,mothbeans,Kaggle Benchmark
National Benchmark,Benchmark Baseline,Curated Benchmark,-0.4212605994747611,0.049635558952540494,-0.5162913988163975,2.7917585322477607,1.041503923339981,-0.8467498001939568,-0.8723647091564359,mothbeans,Kaggle Benchmark
National Benchmark,Benchmark Baseline,Curated Benchmark,-1.1255368106735781,0.17089955639350538,-0.45705896883120384,1.590059903322754,0.9427619008729282,-0.5085327673107335,-1.2390062537724573,mothbeans,Kaggle Benchmark
National Benchmark,Benchmark Baseline,Curated Benchmark,-0.28582286655191164,-0.25352443464987173,-0.5952679721299892,-1.5627838112761874,0.9526361031196336,-0.7308666733893464,-1.3199767189606106,mothbeans,Kaggle Benchmark
National Benchmark,Benchmark Baseline,Curated Benchmark,-0.4212605994747611,-0.46573643017156025,-0.5755238288015913,3.4119900826606657,-0.0565073664936457,-0.3728866266324684,-1.287406576783803,mothbeans,Kaggle Benchmark
National Benchmark,Benchmark Baseline,Curated Benchmark,-0.9900990777507287,0.14058355703326417,-0.6150121154583871,-2.402680702460331,0.9723845076130438,-0.5170667960289024,-1.2732140008631827,mothbeans,Kaggle Benchmark
National Benchmark,Benchmark Baseline,Curated Benchmark,-0.28582286655191164,0.049635558952540494,-0.5952679721299892,0.8406134465738253,0.9407870604235868,-1.387537725282139,-1.0101054780270702,mothbeans,Kaggle Benchmark
National Benchmark,Benchmark Baseline,Curated Benchmark,-0.8817488914124492,-0.5263684288920427,-0.49654725548799966,0.9569068622762451,-0.3152114653573236,-0.7955456278849429,-1.245192761225035,mothbeans,Kaggle Benchmark
National Benchmark,Benchmark Baseline,Curated Benchmark,-0.4212605994747611,-0.04131243912818317,-0.6545004021151829,4.48447380524965,0.6090138649342898,-0.4640659860950108,-0.6874973099852808,mothbeans,Kaggle Benchmark
National Benchmark,Benchmark Baseline,Curated Benchmark,-1.2609745435964277,0.17089955639350538,-0.5162913988163975,3.1535602699886223,0.7354036536921175,-1.0097946646516065,-1.1103632899791436,mothbeans,Kaggle Benchmark
National Benchmark,Benchmark Baseline,Curated Benchmark,-0.7733987050741696,-0.07162843848842439,-0.634756258786785,2.804680022881363,0.46485051213239276,-0.4550827979706223,-0.6070727131017667,mothbeans,Kaggle Benchmark
National Benchmark,Benchmark Baseline,Curated Benchmark,-0.47543569264390084,-0.1928924359293893,-0.6150121154583871,2.778837041614157,-0.14735002716333367,-1.0421341418994048,-0.7195215838574495,mothbeans,Kaggle Benchmark
National Benchmark,Benchmark Baseline,Curated Benchmark,-1.3151496367655673,-0.07162843848842439,-0.6150121154583871,-0.8133373545272587,0.052108858220112436,-1.1463391241423104,-1.1815081256837907,mothbeans,Kaggle Benchmark
National Benchmark,Benchmark Baseline,Curated Benchmark,-0.935923984581589,-0.07162843848842439,-0.5360355421447954,-3.7982016908893708,1.0671768491814144,-0.9657770428421035,-1.2855870157683387,mothbeans,Kaggle Benchmark
National Benchmark,Benchmark Baseline,Curated Benchmark,-0.8546613448278793,0.049635558952540494,-0.5557796854731933,0.9310638810090411,0.358209127867976,0.7333929908859642,-0.8867392411786026,mungbean,Kaggle Benchmark
National Benchmark,Benchmark Baseline,Curated Benchmark,-1.152624357258148,0.019319559592299272,-0.5557796854731933,0.7243200308714055,0.5359447683086707,0.41718476890749195,-1.1765953109420377,mungbean,Kaggle Benchmark
National Benchmark,Benchmark Baseline,Curated Benchmark,-0.39417305289019117,0.049635558952540494,-0.5557796854731933,0.22038189616091833,0.2752658289956521,0.5775346769278253,-0.8763677433904571,mungbean,Kaggle Benchmark
National Benchmark,Benchmark Baseline,Curated Benchmark,-1.0984492640890082,0.07995155831278171,-0.634756258786785,0.46589021819936094,0.5043473211192144,0.42976123228163576,-1.2209925997193622,mungbean,Kaggle Benchmark
National Benchmark,Benchmark Baseline,Curated Benchmark,-0.7733987050741696,0.07995155831278171,-0.6150121154583871,0.5434191620009737,0.8420450379565342,0.7118333393874319,-1.0683314305219223,mungbean,Kaggle Benchmark
National Benchmark,Benchmark Baseline,Curated Benchmark,-1.1255368106735781,0.11026755767302293,-0.47680311215960175,0.9052208997418362,0.8440198784058756,0.8191824374738733,-1.1003557043940908,mungbean,Kaggle Benchmark
National Benchmark,Benchmark Baseline,Curated Benchmark,-0.44834814605933093,0.17089955639350538,-0.49654725548799966,0.6080266151689858,0.581366098643515,0.5285763016499084,-0.8548969234079804,mungbean,Kaggle Benchmark
National Benchmark,Benchmark Baseline,Curated Benchmark,-0.5296107858130407,-0.07162843848842439,-0.45705896883120384,0.9439853716426432,0.3799323728107275,0.6327812838928136,-0.9178537345430391,mungbean,Kaggle Benchmark
National Benchmark,Benchmark Baseline,Curated Benchmark,-1.369324729934707,-0.13226043720890684,-0.5952679721299892,0.6726340683369966,0.8025482289697132,0.7392320631668164,-1.1216445682750211,mungbean,Kaggle Benchmark
National Benchmark,Benchmark Baseline,Curated Benchmark,-0.8004862516587395,-0.43542043081131904,-0.5557796854731933,0.7630845027722114,0.498422799771191,0.4778212887471141,-1.0317582541110935,mungbean,Kaggle Benchmark
National Benchmark,Benchmark Baseline,Curated Benchmark,-0.6108734255667503,-0.5566844282522839,-0.5162913988163975,0.8922994091082342,0.7729256222295977,0.6848837750142669,-0.7932138049837466,mungbean,Kaggle Benchmark
National Benchmark,Benchmark Baseline,Curated Benchmark,-0.9088364379970191,-0.04131243912818317,-0.6150121154583871,-0.14141984157994292,0.4470769480883233,0.672307311640123,-1.0703329476389327,mungbean,Kaggle Benchmark
National Benchmark,Benchmark Baseline,Curated Benchmark,-0.7192236119050298,-0.34447243273059536,-0.49654725548799966,-0.05096940714472817,0.5142215233659191,0.48860111449637994,-1.0817961820363569,mungbean,Kaggle Benchmark
National Benchmark,Benchmark Baseline,Curated Benchmark,-0.6108734255667503,-0.2232084352896305,-0.634756258786785,0.24622487742812338,0.670233918863863,0.605382560113429,-1.0472245227425385,mungbean,Kaggle Benchmark
National Benchmark,Benchmark Baseline,Curated Benchmark,-0.8004862516587395,-0.46573643017156025,-0.5360355421447954,0.22038189616091833,0.818346952564442,0.672307311640123,-1.1993398236353392,mungbean,Kaggle Benchmark
National Benchmark,Benchmark Baseline,Curated Benchmark,-0.44834814605933093,0.2012155557537466,-0.45705896883120384,0.41420425566495206,0.8222966334631241,0.6148149076440372,-1.140568002835848,mungbean,Kaggle Benchmark
National Benchmark,Benchmark Baseline,Curated Benchmark,-0.8546613448278793,-0.01099643976794195,-0.5162913988163975,0.49173319946656485,0.4431272671896413,0.4028116679084708,-1.1032670020188335,mungbean,Kaggle Benchmark
National Benchmark,Benchmark Baseline,Curated Benchmark,-0.5296107858130407,0.14058355703326417,-0.6545004021151829,0.8406134465738253,0.2950142334890622,0.6058317195196486,-0.9449651936734546,mungbean,Kaggle Benchmark
National Benchmark,Benchmark Baseline,Curated Benchmark,-0.8546613448278793,-0.5566844282522839,-0.47680311215960175,0.5304976713673718,0.2950142334890622,0.5460935184924658,-0.98881661414614,mungbean,Kaggle Benchmark
National Benchmark,Benchmark Baseline,Curated Benchmark,-0.7192236119050298,-0.01099643976794195,-0.6150121154583871,-0.06389089777833011,0.6583848761678162,0.7904362354758304,-0.8334261034255037,mungbean,Kaggle Benchmark
National Benchmark,Benchmark Baseline,Curated Benchmark,-1.0171866243352985,-0.1928924359293893,-0.5557796854731933,0.09116698982489663,0.7117055683000245,0.7392320631668164,-1.0976263628708947,mungbean,Kaggle Benchmark
National Benchmark,Benchmark Baseline,Curated Benchmark,-0.5296107858130407,-0.01099643976794195,-0.634756258786785,-0.025126425877523142,0.6169132267316538,0.6440102690482992,-0.9991881119342856,mungbean,Kaggle Benchmark
National Benchmark,Benchmark Baseline,Curated Benchmark,-0.6108734255667503,-0.25352443464987173,-0.49654725548799966,0.026559536656885773,0.7966237076216899,0.39607427681517926,-0.8498021525646808,mungbean,Kaggle Benchmark
National Benchmark,Benchmark Baseline,Curated Benchmark,-0.5296107858130407,-0.4960524295318015,-0.5360355421447954,0.31083233059613424,0.32068715933049574,0.6700615146090261,-1.203706770072453,mungbean,Kaggle Benchmark
National Benchmark,Benchmark Baseline,Curated Benchmark,-0.47543569264390084,0.2012155557537466,-0.6545004021151829,0.052402517924089655,0.6583848761678162,0.45760911546724004,-0.8543510551033412,mungbean,Kaggle Benchmark
National Benchmark,Benchmark Baseline,Curated Benchmark,-0.44834814605933093,-0.25352443464987173,-0.5360355421447954,-0.2318702760151588,0.5082970020178964,0.4998300996518655,-1.2091654531188454,mungbean,Kaggle Benchmark
National Benchmark,Benchmark Baseline,Curated Benchmark,-1.0171866243352985,0.11026755767302293,-0.45705896883120384,0.504654690100168,0.530020246960648,0.6615274858908565,-0.9642525404373743,mungbean,Kaggle Benchmark
National Benchmark,Benchmark Baseline,Curated Benchmark,-0.47543569264390084,0.11026755767302293,-0.6150121154583871,0.40128276503135013,0.45102662898700535,0.7742664968519313,-0.8308787180038539,mungbean,Kaggle Benchmark
National Benchmark,Benchmark Baseline,Curated Benchmark,-0.5025232392284708,0.11026755767302293,-0.5162913988163975,0.38836127439774704,0.6070390244849492,0.719469049293162,-1.0716066403497577,mungbean,Kaggle Benchmark
National Benchmark,Benchmark Baseline,Curated Benchmark,-0.7463111584895997,0.17089955639350538,-0.45705896883120384,-0.19310580411435183,0.4372027458416179,0.774715656258151,-0.8510758452755057,mungbean,Kaggle Benchmark
National Benchmark,Benchmark Baseline,Curated Benchmark,-0.4212605994747611,-0.3747884320908366,-0.5952679721299892,0.31083233059613424,0.6109887053836311,0.45401584021748476,-0.7932138049837466,mungbean,Kaggle Benchmark
National Benchmark,Benchmark Baseline,Curated Benchmark,-1.2067994504272879,-0.16257643656914805,-0.47680311215960175,0.41420425566495206,0.5971648222382437,0.5896619808957495,-1.0004618046451104,mungbean,Kaggle Benchmark
National Benchmark,Benchmark Baseline,Curated Benchmark,-0.5837858789821804,-0.5263684288920427,-0.45705896883120384,0.8535349372074272,0.5280454065113066,0.7616900334777875,-0.9988241997311926,mungbean,Kaggle Benchmark
National Benchmark,Benchmark Baseline,Curated Benchmark,-1.2609745435964277,-0.5263684288920427,-0.5162913988163975,0.6984770496042005,0.3937562559561149,0.6579342106411012,-1.0856172601688314,mungbean,Kaggle Benchmark
National Benchmark,Benchmark Baseline,Curated Benchmark,-1.0984492640890082,0.17089955639350538,-0.5162913988163975,0.8922994091082342,0.5912403008902204,0.6965619195759714,-1.210257189728124,mungbean,Kaggle Benchmark
National Benchmark,Benchmark Baseline,Curated Benchmark,-0.9900990777507287,-0.16257643656914805,-0.5360355421447954,0.6726340683369966,0.717630089648048,0.5981960096139184,-0.9103935343796362,mungbean,Kaggle Benchmark
National Benchmark,Benchmark Baseline,Curated Benchmark,-1.152624357258148,-0.10194443784866561,-0.5360355421447954,-0.3223207104503747,0.5951899817889024,0.7917837136944887,-0.9637066721327351,mungbean,Kaggle Benchmark
National Benchmark,Benchmark Baseline,Curated Benchmark,-0.8275737982433093,-0.40510443145107783,-0.6545004021151829,0.9439853716426432,0.7808249840269618,0.7455202948538884,-1.0630547035770763,mungbean,Kaggle Benchmark
National Benchmark,Benchmark Baseline,Curated Benchmark,-0.39417305289019117,-0.31415643337035415,-0.5162913988163975,-0.10265536967913709,0.4372027458416179,0.7046467888879213,-0.8205072202157084,mungbean,Kaggle Benchmark
National Benchmark,Benchmark Baseline,Curated Benchmark,-0.9900990777507287,0.11026755767302293,-0.6545004021151829,0.19453891489371444,0.8420450379565342,0.5240847075877144,-1.1525771055379113,mungbean,Kaggle Benchmark
National Benchmark,Benchmark Baseline,Curated Benchmark,-1.0713617175044383,0.2012155557537466,-0.49654725548799966,0.7243200308714055,0.34043556382390655,0.7643849899151041,-0.9527893060399503,mungbean,Kaggle Benchmark
National Benchmark,Benchmark Baseline,Curated Benchmark,-1.0984492640890082,0.17089955639350538,-0.6545004021151829,-0.19310580411435183,0.8321708357098287,0.8003177424126576,-0.8114094151383878,mungbean,Kaggle Benchmark
National Benchmark,Benchmark Baseline,Curated Benchmark,-1.179711903842718,0.2012155557537466,-0.45705896883120384,-0.089733879045534,0.5260705660619659,0.5065674907451571,-0.8627210357744761,mungbean,Kaggle Benchmark
National Benchmark,Benchmark Baseline,Curated Benchmark,-1.3151496367655673,-0.1928924359293893,-0.6545004021151829,-0.089733879045534,0.8400701975071935,0.6516459789540293,-0.8197793958095229,mungbean,Kaggle Benchmark
National Benchmark,Benchmark Baseline,Curated Benchmark,-0.8275737982433093,-0.25352443464987173,-0.5162913988163975,0.5563406526345769,0.7847746649256437,0.8313097414417975,-0.8825542508430351,mungbean,Kaggle Benchmark
National Benchmark,Benchmark Baseline,Curated Benchmark,-1.3151496367655673,-0.43542043081131904,-0.6545004021151829,0.01363804602328383,0.48459891662580357,0.5133048818384479,-0.9797188090688194,mungbean,Kaggle Benchmark
National Benchmark,Benchmark Baseline,Curated Benchmark,-0.6379609721513202,-0.40510443145107783,-0.47680311215960175,0.7630845027722114,0.43917758629095927,0.8317589008480172,-0.9209469882693281,mungbean,Kaggle Benchmark
National Benchmark,Benchmark Baseline,Curated Benchmark,-0.4212605994747611,-0.16257643656914805,-0.6545004021151829,0.6597125777033946,0.2950142334890622,0.7172232522620651,-0.8810986020306638,mungbean,Kaggle Benchmark
National Benchmark,Benchmark Baseline,Curated Benchmark,-1.2609745435964277,0.17089955639350538,-0.45705896883120384,-0.3093992198167716,0.40955497955084375,0.4697364194351642,-0.8887407582956132,mungbean,Kaggle Benchmark
National Benchmark,Benchmark Baseline,Curated Benchmark,-1.3422371833501372,-0.16257643656914805,-0.47680311215960175,-0.3093992198167716,0.7373784941414587,0.634128762111472,-0.8083161614120988,mungbean,Kaggle Benchmark
National Benchmark,Benchmark Baseline,Curated Benchmark,-0.39417305289019117,-0.31415643337035415,-0.5360355421447954,0.8664564278410292,0.541869289656694,0.600890966051235,-0.9194913394569568,mungbean,Kaggle Benchmark
National Benchmark,Benchmark Baseline,Curated Benchmark,-1.0713617175044383,-0.2232084352896305,-0.47680311215960175,-0.0122049352439212,0.40165561775347897,0.8232248721298483,-0.8539871429002484,mungbean,Kaggle Benchmark
National Benchmark,Benchmark Baseline,Curated Benchmark,-0.44834814605933093,-0.1928924359293893,-0.5755238288015913,0.1299314617257036,0.33451104247588315,0.627391371018181,-0.9154883052229358,mungbean,Kaggle Benchmark
National Benchmark,Benchmark Baseline,Curated Benchmark,-0.8004862516587395,-0.28384043401011294,-0.5952679721299892,0.8535349372074272,0.28711487169169814,0.692519484919997,-0.9642525404373743,mungbean,Kaggle Benchmark
National Benchmark,Benchmark Baseline,Curated Benchmark,-0.9088364379970191,0.14058355703326417,-0.5557796854731933,-0.05096940714472817,0.48459891662580357,0.6485018631104937,-1.1685892424739956,mungbean,Kaggle Benchmark
National Benchmark,Benchmark Baseline,Curated Benchmark,-0.6921360653204599,-0.40510443145107783,-0.5360355421447954,-0.2835562385495677,0.41745434134820775,0.4338036669376107,-1.0787029283100678,mungbean,Kaggle Benchmark
National Benchmark,Benchmark Baseline,Curated Benchmark,-1.3151496367655673,-0.46573643017156025,-0.5952679721299892,0.19453891489371444,0.3799323728107275,0.8286147850044815,-1.0548666790074877,mungbean,Kaggle Benchmark
National Benchmark,Benchmark Baseline,Curated Benchmark,-1.1255368106735781,-0.16257643656914805,-0.5557796854731933,-0.11557686031273903,0.7985985480710313,0.5748397204905087,-0.8618112552667441,mungbean,Kaggle Benchmark
National Benchmark,Benchmark Baseline,Curated Benchmark,-0.36708550630562126,-0.13226043720890684,-0.45705896883120384,-0.06389089777833011,0.8479695593045575,0.6453577472669575,-1.1294686806415168,mungbean,Kaggle Benchmark
National Benchmark,Benchmark Baseline,Curated Benchmark,-0.39417305289019117,-0.46573643017156025,-0.6545004021151829,-0.19310580411435183,0.541869289656694,0.723960643355356,-0.8272395959729257,mungbean,Kaggle Benchmark
National Benchmark,Benchmark Baseline,Curated Benchmark,-0.28582286655191164,0.14058355703326417,-0.6545004021151829,0.6597125777033946,0.7591017390842103,0.7244098027615756,-1.0974444067693483,mungbean,Kaggle Benchmark
National Benchmark,Benchmark Baseline,Curated Benchmark,-0.5566983323976105,-0.28384043401011294,-0.634756258786785,-0.03804791651112508,0.8124224312164187,0.5124065630260093,-0.9560645158677857,mungbean,Kaggle Benchmark
National Benchmark,Benchmark Baseline,Curated Benchmark,-1.3422371833501372,0.17089955639350538,-0.49654725548799966,0.9181423903754381,0.36610848966534004,0.7050959482941409,-1.0859811723719242,mungbean,Kaggle Benchmark
National Benchmark,Benchmark Baseline,Curated Benchmark,-1.1255368106735781,-0.16257643656914805,-0.5162913988163975,-0.089733879045534,0.4253537031455718,0.701502673044385,-0.9817203261858299,mungbean,Kaggle Benchmark
National Benchmark,Benchmark Baseline,Curated Benchmark,-0.9900990777507287,-0.3747884320908366,-0.6150121154583871,0.8018489746730183,0.6939320042559551,0.7634866711026654,-1.2193549948054445,mungbean,Kaggle Benchmark
National Benchmark,Benchmark Baseline,Curated Benchmark,-0.4212605994747611,-0.04131243912818317,-0.5755238288015913,0.29791083996253226,0.2950142334890622,0.8272673067858233,-1.2009774285492572,mungbean,Kaggle Benchmark
National Benchmark,Benchmark Baseline,Curated Benchmark,-0.5296107858130407,-0.16257643656914805,-0.6150121154583871,0.1557744429929075,0.6445609930224288,0.6943161225448744,-0.903661158622419,mungbean,Kaggle Benchmark
National Benchmark,Benchmark Baseline,Curated Benchmark,-1.2609745435964277,-0.3747884320908366,-0.5557796854731933,0.23330338679452142,0.5003976402205317,0.5532800689919763,-1.2011593846508033,mungbean,Kaggle Benchmark
National Benchmark,Benchmark Baseline,Curated Benchmark,-0.5566983323976105,-0.4960524295318015,-0.45705896883120384,0.8406134465738253,0.8440198784058756,0.38888772631566865,-0.8854655484677777,mungbean,Kaggle Benchmark
National Benchmark,Benchmark Baseline,Curated Benchmark,-1.1255368106735781,-0.5566844282522839,-0.5557796854731933,0.5692621432681788,0.35623428741863533,0.42661711643810013,-1.1451169053745083,mungbean,Kaggle Benchmark
National Benchmark,Benchmark Baseline,Curated Benchmark,-0.8275737982433093,-0.3747884320908366,-0.5557796854731933,0.7760059934058144,0.72157977054673,0.8088517711308265,-0.9560645158677857,mungbean,Kaggle Benchmark
National Benchmark,Benchmark Baseline,Curated Benchmark,-0.36708550630562126,-0.10194443784866561,-0.49654725548799966,0.07824549919129468,0.7966237076216899,0.7639358305088845,-0.8632669040791153,mungbean,Kaggle Benchmark
National Benchmark,Benchmark Baseline,Curated Benchmark,-0.44834814605933093,-0.5566844282522839,-0.5360355421447954,0.27206785869532724,0.5596428537007635,0.5029742154954018,-0.8237824300435439,mungbean,Kaggle Benchmark
National Benchmark,Benchmark Baseline,Curated Benchmark,-0.9900990777507287,-0.4960524295318015,-0.6545004021151829,0.14285295235930554,0.4628756716830521,0.5613649383039263,-0.9920918239739754,mungbean,Kaggle Benchmark
National Benchmark,Benchmark Baseline,Curated Benchmark,-0.7463111584895997,-0.43542043081131904,-0.5162913988163975,0.504654690100168,0.7196049300973894,0.47153305706004217,-1.1180054462440927,mungbean,Kaggle Benchmark
National Benchmark,Benchmark Baseline,Curated Benchmark,-1.2338869970118578,-0.25352443464987173,-0.5360355421447954,0.026559536656885773,0.541869289656694,0.7423761790103527,-1.0992639677848124,mungbean,Kaggle Benchmark
National Benchmark,Benchmark Baseline,Curated Benchmark,-0.7733987050741696,-0.4960524295318015,-0.5557796854731933,0.18161742426011251,0.39770593685479694,0.6741039492650004,-1.1682253302709027,mungbean,Kaggle Benchmark
National Benchmark,Benchmark Baseline,Curated Benchmark,-0.28582286655191164,-0.07162843848842439,-0.6150121154583871,0.504654690100168,0.6011145031369257,0.6574850512348822,-0.9724405650069627,mungbean,Kaggle Benchmark
National Benchmark,Benchmark Baseline,Curated Benchmark,-0.6379609721513202,0.07995155831278171,-0.5557796854731933,-0.06389089777833011,0.7097307278506839,0.7019518324506047,-0.9447832375719082,mungbean,Kaggle Benchmark
National Benchmark,Benchmark Baseline,Curated Benchmark,-0.5296107858130407,-0.40510443145107783,-0.5162913988163975,-0.12849835094634096,0.7492275368375049,0.6592816888597596,-0.9118491831920075,mungbean,Kaggle Benchmark
National Benchmark,Benchmark Baseline,Curated Benchmark,-0.3399979597210514,-0.5263684288920427,-0.5360355421447954,0.11700997109210051,0.47669955482843956,0.6017892848636737,-1.2253595461564764,mungbean,Kaggle Benchmark
National Benchmark,Benchmark Baseline,Curated Benchmark,-1.2067994504272879,-0.4960524295318015,-0.6150121154583871,0.3754397837641451,0.4885485975244856,0.3983200738462762,-1.188604413644101,mungbean,Kaggle Benchmark
National Benchmark,Benchmark Baseline,Curated Benchmark,-1.2067994504272879,-0.1928924359293893,-0.5952679721299892,0.32375382122973617,0.6998565256039785,0.3951759580027406,-1.1516673250301792,mungbean,Kaggle Benchmark
National Benchmark,Benchmark Baseline,Curated Benchmark,-0.7192236119050298,-0.28384043401011294,-0.6150121154583871,0.2591463680617253,0.8380953570578522,0.38394697284725504,-0.9607953745079925,mungbean,Kaggle Benchmark
National Benchmark,Benchmark Baseline,Curated Benchmark,-0.6921360653204599,0.17089955639350538,-0.5755238288015913,0.2074604055273164,0.682082961559909,0.5483393155235627,-1.0828879186456353,mungbean,Kaggle Benchmark
National Benchmark,Benchmark Baseline,Curated Benchmark,-0.5025232392284708,0.07995155831278171,-0.5360355421447954,0.29791083996253226,0.3503097660706119,0.7720206998208343,-0.8217809129265333,mungbean,Kaggle Benchmark
National Benchmark,Benchmark Baseline,Curated Benchmark,-1.152624357258148,-0.25352443464987173,-0.5952679721299892,0.6984770496042005,0.4569511503350287,0.6260438927995227,-1.0956248457538842,mungbean,Kaggle Benchmark
National Benchmark,Benchmark Baseline,Curated Benchmark,-0.8546613448278793,-0.43542043081131904,-0.6150121154583871,0.5434191620009737,0.7235546109960713,0.4634481877480923,-1.0734262013652218,mungbean,Kaggle Benchmark
National Benchmark,Benchmark Baseline,Curated Benchmark,-0.3129104131364815,-0.4960524295318015,-0.6545004021151829,0.452968727565759,0.6682590784145216,0.5528309095857574,-0.7937596732883857,mungbean,Kaggle Benchmark
National Benchmark,Benchmark Baseline,Curated Benchmark,-0.47543569264390084,-0.4960524295318015,-0.5755238288015913,0.9181423903754381,0.4569511503350287,0.676798905702317,-1.0914398554183167,mungbean,Kaggle Benchmark
National Benchmark,Benchmark Baseline,Curated Benchmark,-0.6650485187358901,0.019319559592299272,-0.6150121154583871,-0.25771325728236383,0.5793912581941743,0.7850463226011972,-0.9820842383889227,mungbean,Kaggle Benchmark
National Benchmark,Benchmark Baseline,Curated Benchmark,-0.8004862516587395,-0.07162843848842439,-0.6545004021151829,0.27206785869532724,0.7393533345907994,0.795376988944244,-1.0037370144729458,mungbean,Kaggle Benchmark
National Benchmark,Benchmark Baseline,Curated Benchmark,-0.7733987050741696,0.019319559592299272,-0.5557796854731933,0.28498934932893033,0.581366098643515,0.5460935184924658,-1.1363830125002805,mungbean,Kaggle Benchmark
National Benchmark,Benchmark Baseline,Curated Benchmark,-0.5837858789821804,-0.25352443464987173,-0.634756258786785,0.14285295235930554,0.5576680132514228,0.7378845849481581,-1.0979902750739876,mungbean,Kaggle Benchmark
National Benchmark,Benchmark Baseline,Curated Benchmark,-1.2609745435964277,-0.40510443145107783,-0.5360355421447954,0.33667531186333927,0.6287622694277006,0.4032608273146898,-1.076519455091511,mungbean,Kaggle Benchmark
National Benchmark,Benchmark Baseline,Curated Benchmark,-1.0984492640890082,-0.4960524295318015,-0.5162913988163975,0.7760059934058144,0.6149383862823132,0.7926820325069274,-0.8175959225909658,mungbean,Kaggle Benchmark
National Benchmark,Benchmark Baseline,Curated Benchmark,-1.2609745435964277,-0.28384043401011294,-0.5755238288015913,0.5821836339017807,0.4628756716830521,0.5411527650240522,-1.0954428896523378,mungbean,Kaggle Benchmark
National Benchmark,Benchmark Baseline,Curated Benchmark,-0.8275737982433093,-0.25352443464987173,-0.6150121154583871,0.38836127439774704,0.5043473211192144,0.5487884749297824,-1.2047985066817315,mungbean,Kaggle Benchmark
National Benchmark,Benchmark Baseline,Curated Benchmark,-0.7463111584895997,-0.25352443464987173,-0.49654725548799966,0.6597125777033946,0.6248125885290187,0.6830871373893889,-0.8614473430636512,mungbean,Kaggle Benchmark
National Benchmark,Benchmark Baseline,Curated Benchmark,-0.6921360653204599,-0.16257643656914805,-0.5360355421447954,-0.25771325728236383,0.5576680132514228,0.5393561273991743,-0.9264056713157205,mungbean,Kaggle Benchmark
National Benchmark,Benchmark Baseline,Curated Benchmark,0.1475778788012066,0.7772195435983298,-0.6545004021151829,1.2670226374826985,0.7630514199828923,-0.37198830782002945,-0.5745025709249587,blackgram,Kaggle Benchmark
National Benchmark,Benchmark Baseline,Curated Benchmark,-0.6921360653204599,0.261847554474229,-0.5360355421447954,0.7372415215050074,0.21997029641410235,-0.15010356114763584,-0.6607497630579582,blackgram,Kaggle Benchmark
National Benchmark,Benchmark Baseline,Curated Benchmark,-0.23164777338277184,0.23153155511398782,-0.5162913988163975,1.2282581655818916,0.12912763574441366,-0.41286181378599685,-0.6047072837816632,blackgram,Kaggle Benchmark
National Benchmark,Benchmark Baseline,Curated Benchmark,-0.23164777338277184,0.5953235474368824,-0.45705896883120384,0.03948102729048771,1.663578664882413,-0.19187538592604225,-0.5499384972161931,blackgram,Kaggle Benchmark
National Benchmark,Benchmark Baseline,Curated Benchmark,-0.17747268021363205,0.14058355703326417,-0.5952679721299892,0.4400472369321559,0.4786743952777802,-0.28799549885699827,-0.5634032487306275,blackgram,Kaggle Benchmark
National Benchmark,Benchmark Baseline,Curated Benchmark,-0.014947400706212727,0.049635558952540494,-0.634756258786785,1.4350020157195273,0.6307371098770413,-0.27586819488907344,-0.749726296714154,blackgram,Kaggle Benchmark
National Benchmark,Benchmark Baseline,Curated Benchmark,-0.4212605994747611,0.5650075480766412,-0.5360355421447954,1.6417458658571629,1.663578664882413,-0.32302993254211243,-0.6660264900028042,blackgram,Kaggle Benchmark
National Benchmark,Benchmark Baseline,Curated Benchmark,-0.5566983323976105,0.3224795531947115,-0.5557796854731933,0.1299314617257036,1.628031536794274,-0.4452012910337951,-0.6449195822234204,blackgram,Kaggle Benchmark
National Benchmark,Benchmark Baseline,Curated Benchmark,-0.6379609721513202,0.3224795531947115,-0.5360355421447954,1.3833160531851183,1.4265978109614872,-0.12584895321178685,-0.5421143848496973,blackgram,Kaggle Benchmark
National Benchmark,Benchmark Baseline,Curated Benchmark,-0.014947400706212727,0.6256395467971237,-0.6150121154583871,0.09116698982489663,0.29303939303972154,-0.36480175732051884,-0.538839175021862,blackgram,Kaggle Benchmark
National Benchmark,Benchmark Baseline,Curated Benchmark,-0.3129104131364815,0.5953235474368824,-0.47680311215960175,0.969828352909847,0.008662368334609464,-0.4627185078763525,-0.6218111573270259,blackgram,Kaggle Benchmark
National Benchmark,Benchmark Baseline,Curated Benchmark,0.17466542538577648,0.4134275512754351,-0.45705896883120384,1.3962375438187202,1.3298306289437751,-0.21882495029920723,-0.7078763933584791,blackgram,Kaggle Benchmark
National Benchmark,Benchmark Baseline,Curated Benchmark,0.03922769246292705,0.29216355383447024,-0.5755238288015913,0.5951051245353827,0.7847746649256437,-0.1420186918356866,-0.6538354311991945,blackgram,Kaggle Benchmark
National Benchmark,Benchmark Baseline,Curated Benchmark,0.12049033221663671,0.3831115519151939,-0.5162913988163975,1.6546673564907648,1.045453604238663,-0.12090819974337326,-0.6700295242368253,blackgram,Kaggle Benchmark
National Benchmark,Benchmark Baseline,Curated Benchmark,0.012140145878357161,0.07995155831278171,-0.5952679721299892,0.31083233059613424,0.49644795932184965,-0.3266232077918684,-0.5932440493842392,blackgram,Kaggle Benchmark
National Benchmark,Benchmark Baseline,Curated Benchmark,-0.39417305289019117,0.3831115519151939,-0.6545004021151829,0.2591463680617253,0.8835166873926965,-0.09575527299508625,-0.6609317191595047,blackgram,Kaggle Benchmark
National Benchmark,Benchmark Baseline,Curated Benchmark,0.22884051855491627,0.049635558952540494,-0.5755238288015913,1.1119647498794718,1.2093653615339701,-0.40298030684916963,-0.6276337525765112,blackgram,Kaggle Benchmark
National Benchmark,Benchmark Baseline,Curated Benchmark,-0.014947400706212727,0.14058355703326417,-0.49654725548799966,1.4608449969867312,0.43325306494293586,-0.403429466255389,-0.6132592205543445,blackgram,Kaggle Benchmark
National Benchmark,Benchmark Baseline,Curated Benchmark,-0.5566983323976105,0.3527955525549527,-0.45705896883120384,1.602981393956356,1.4364720132081918,-0.30955515035552994,-0.5814169027837223,blackgram,Kaggle Benchmark
National Benchmark,Benchmark Baseline,Curated Benchmark,-0.8275737982433093,0.261847554474229,-0.5952679721299892,1.1636507124138806,0.7393533345907994,-0.29158877410675355,-0.7560947602682785,blackgram,Kaggle Benchmark
National Benchmark,Benchmark Baseline,Curated Benchmark,0.2017529719703464,0.5346915487164,-0.6545004021151829,0.5821836339017807,0.4372027458416179,-0.17480732848970384,-0.5359278773971192,blackgram,Kaggle Benchmark
National Benchmark,Benchmark Baseline,Curated Benchmark,-0.6921360653204599,0.5346915487164,-0.47680311215960175,0.9310638810090411,0.5695170559474688,-0.49550714453037004,-0.5193698721563957,blackgram,Kaggle Benchmark
National Benchmark,Benchmark Baseline,Curated Benchmark,0.03922769246292705,0.5346915487164,-0.634756258786785,0.7889274840394164,0.41942918179754846,-0.13213718489885878,-0.5763221319404227,blackgram,Kaggle Benchmark
National Benchmark,Benchmark Baseline,Curated Benchmark,-0.28582286655191164,0.29216355383447024,-0.5952679721299892,0.3495968024969412,0.9486864222209517,-0.1716632126461682,-0.7358976329966266,blackgram,Kaggle Benchmark
National Benchmark,Benchmark Baseline,Curated Benchmark,-0.8275737982433093,0.2012155557537466,-0.45705896883120384,0.33667531186333927,0.3384607233745652,-0.10743341755679078,-0.7691955995796201,blackgram,Kaggle Benchmark
National Benchmark,Benchmark Baseline,Curated Benchmark,-0.0691224938753525,0.23153155511398782,-0.5360355421447954,0.2074604055273164,0.9210386559301768,-0.43981137815916216,-0.6884070904930131,blackgram,Kaggle Benchmark
National Benchmark,Benchmark Baseline,Curated Benchmark,-0.042034947290782616,0.4437435506356764,-0.5162913988163975,0.8535349372074272,0.5833409390928563,-0.4469979286586727,-0.7271637401223988,blackgram,Kaggle Benchmark
National Benchmark,Benchmark Baseline,Curated Benchmark,-0.0691224938753525,0.261847554474229,-0.6545004021151829,1.3833160531851183,-0.048608004696280946,-0.2174774720805489,-0.6849499245636312,blackgram,Kaggle Benchmark
National Benchmark,Benchmark Baseline,Curated Benchmark,-0.5025232392284708,0.3831115519151939,-0.6150121154583871,0.8922994091082342,1.8432891457724494,-0.27901231073260974,-0.6063448886955809,blackgram,Kaggle Benchmark
National Benchmark,Benchmark Baseline,Curated Benchmark,-0.8004862516587395,0.29216355383447024,-0.5162913988163975,0.504654690100168,-0.10192869682848933,-0.16851909680263194,-0.524828555202788,blackgram,Kaggle Benchmark
National Benchmark,Benchmark Baseline,Curated Benchmark,-0.8275737982433093,0.5650075480766412,-0.5755238288015913,1.2024151843146877,1.355503554785208,-0.32033497610479644,-0.6849499245636312,blackgram,Kaggle Benchmark
National Benchmark,Benchmark Baseline,Curated Benchmark,-0.6921360653204599,0.3527955525549527,-0.5360355421447954,0.5304976713673718,1.628031536794274,-0.1298913878677618,-0.6227209378347581,blackgram,Kaggle Benchmark
National Benchmark,Benchmark Baseline,Curated Benchmark,-0.2587353199673417,0.7469035442380886,-0.5360355421447954,0.14285295235930554,-0.0821802923350792,-0.49910041978012565,-0.5926981810795999,blackgram,Kaggle Benchmark
National Benchmark,Benchmark Baseline,Curated Benchmark,0.06631523904749693,0.4134275512754351,-0.6150121154583871,1.073200277978665,1.217264723331335,-0.11057753340032705,-0.7641008287363206,blackgram,Kaggle Benchmark
National Benchmark,Benchmark Baseline,Curated Benchmark,-0.3129104131364815,0.2012155557537466,-0.5360355421447954,0.6467910870697916,1.8334149435257434,-0.35402193157125267,-0.70478313963219,blackgram,Kaggle Benchmark
National Benchmark,Benchmark Baseline,Curated Benchmark,-0.6921360653204599,0.6862715455176062,-0.6150121154583871,0.995671334177052,1.2093653615339701,-0.12764559083666482,-0.7488165162064219,blackgram,Kaggle Benchmark
National Benchmark,Benchmark Baseline,Curated Benchmark,-0.8004862516587395,0.7469035442380886,-0.5755238288015913,0.5821836339017807,0.3048884357357676,-0.21208755920591565,-0.6116216156404269,blackgram,Kaggle Benchmark
National Benchmark,Benchmark Baseline,Curated Benchmark,0.17466542538577648,0.2012155557537466,-0.6150121154583871,1.3316300906507095,0.12320311439639028,-0.16133254630312135,-0.5435700336620686,blackgram,Kaggle Benchmark
National Benchmark,Benchmark Baseline,Curated Benchmark,0.1475778788012066,0.655955546157365,-0.6545004021151829,0.8793779184746323,0.905239932335448,-0.5125752019667081,-0.6749423389785784,blackgram,Kaggle Benchmark
National Benchmark,Benchmark Baseline,Curated Benchmark,-0.042034947290782616,0.5650075480766412,-0.6545004021151829,0.8664564278410292,1.1738182334458314,-0.16357834333421833,-0.5202796526641277,blackgram,Kaggle Benchmark
National Benchmark,Benchmark Baseline,Curated Benchmark,-0.7192236119050298,0.807535542958571,-0.5755238288015913,0.4400472369321559,0.8025482289697132,-0.10743341755679078,-0.6878612221883738,blackgram,Kaggle Benchmark
National Benchmark,Benchmark Baseline,Curated Benchmark,-0.042034947290782616,0.6862715455176062,-0.5952679721299892,1.1894936936810847,0.2831651907930161,-0.16986657502129024,-0.7822964388909618,blackgram,Kaggle Benchmark
National Benchmark,Benchmark Baseline,Curated Benchmark,-0.6108734255667503,0.4437435506356764,-0.5755238288015913,1.590059903322754,1.7820690918428763,-0.45328616034574465,-0.5646769414414523,blackgram,Kaggle Benchmark
National Benchmark,Benchmark Baseline,Curated Benchmark,0.12049033221663671,0.7469035442380886,-0.5360355421447954,0.16869593362650942,1.5352140356752446,-0.3836664523817346,-0.7258900474115739,blackgram,Kaggle Benchmark
National Benchmark,Benchmark Baseline,Curated Benchmark,-0.014947400706212727,0.3224795531947115,-0.45705896883120384,0.33667531186333927,0.6366616312250647,-0.3643525979142995,-0.6043433715785704,blackgram,Kaggle Benchmark
National Benchmark,Benchmark Baseline,Curated Benchmark,-0.44834814605933093,0.807535542958571,-0.5755238288015913,0.0653240085576916,1.1599943503004437,-0.37827653950710133,-0.5819627710883616,blackgram,Kaggle Benchmark
National Benchmark,Benchmark Baseline,Curated Benchmark,-0.8275737982433093,0.4437435506356764,-0.49654725548799966,1.602981393956356,-0.013060876608142022,-0.3383013523535729,-0.7329863353718841,blackgram,Kaggle Benchmark
National Benchmark,Benchmark Baseline,Curated Benchmark,0.12049033221663671,0.4134275512754351,-0.634756258786785,0.16869593362650942,1.7287483997106672,-0.0804838531836258,-0.6039794593754776,blackgram,Kaggle Benchmark
National Benchmark,Benchmark Baseline,Curated Benchmark,-0.7463111584895997,0.5043755493561588,-0.6545004021151829,1.2024151843146877,1.7741697300455124,-0.3760307424760044,-0.7832062193986938,blackgram,Kaggle Benchmark
National Benchmark,Benchmark Baseline,Curated Benchmark,0.06631523904749693,0.6256395467971237,-0.6545004021151829,1.3574730719179133,0.7531772177361868,-0.2938345711378505,-0.5692258439801127,blackgram,Kaggle Benchmark
National Benchmark,Benchmark Baseline,Curated Benchmark,-0.6650485187358901,0.4134275512754351,-0.634756258786785,0.9181423903754381,0.689982323357273,-0.1604342274906827,-0.6483767481528022,blackgram,Kaggle Benchmark
National Benchmark,Benchmark Baseline,Curated Benchmark,-0.47543569264390084,0.807535542958571,-0.5162913988163975,0.1557744429929075,0.5833409390928563,-0.25880013745273567,-0.607254669203313,blackgram,Kaggle Benchmark
National Benchmark,Benchmark Baseline,Curated Benchmark,-0.36708550630562126,0.7772195435983298,-0.5755238288015913,0.8664564278410292,0.3799323728107275,-0.09575527299508625,-0.6196276841084691,blackgram,Kaggle Benchmark
National Benchmark,Benchmark Baseline,Curated Benchmark,-0.47543569264390084,0.655955546157365,-0.5360355421447954,0.28498934932893033,1.468069460397648,-0.11417080865008233,-0.7489984723079683,blackgram,Kaggle Benchmark
National Benchmark,Benchmark Baseline,Curated Benchmark,-0.7733987050741696,0.049635558952540494,-0.5557796854731933,1.2282581655818916,1.645805100838344,-0.06835654921570164,-0.7697414678842593,blackgram,Kaggle Benchmark
National Benchmark,Benchmark Baseline,Curated Benchmark,-0.8275737982433093,0.4437435506356764,-0.6150121154583871,0.14285295235930554,0.8894412087407199,-0.5103294049356112,-0.5774138685497012,blackgram,Kaggle Benchmark
National Benchmark,Benchmark Baseline,Curated Benchmark,-0.20456022679820193,0.4437435506356764,-0.5557796854731933,1.3316300906507095,0.7827998244763024,-0.23813880476664195,-0.6190818158038298,blackgram,Kaggle Benchmark
National Benchmark,Benchmark Baseline,Curated Benchmark,-0.17747268021363205,0.6862715455176062,-0.5162913988163975,1.693431828391572,0.32463684022917844,-0.1559426334284881,-0.6285435330842433,blackgram,Kaggle Benchmark
National Benchmark,Benchmark Baseline,Curated Benchmark,-0.44834814605933093,0.2012155557537466,-0.634756258786785,1.0990432592458699,1.1343214244590103,-0.3248265701669904,-0.720613320466728,blackgram,Kaggle Benchmark
National Benchmark,Benchmark Baseline,Curated Benchmark,-0.8004862516587395,0.5650075480766412,-0.6150121154583871,1.4350020157195273,1.1659188716484672,-0.22107074733030418,-0.7597338822992067,blackgram,Kaggle Benchmark
National Benchmark,Benchmark Baseline,Curated Benchmark,-0.6921360653204599,0.4437435506356764,-0.5755238288015913,0.8276919559402234,0.7472526963881635,-0.32437741076077076,-0.6547452117069266,blackgram,Kaggle Benchmark
National Benchmark,Benchmark Baseline,Curated Benchmark,-0.2587353199673417,0.261847554474229,-0.6545004021151829,1.1507292217802787,0.7433030154894814,-0.32931816422918436,-0.6955033784533231,blackgram,Kaggle Benchmark
National Benchmark,Benchmark Baseline,Curated Benchmark,-0.6108734255667503,0.3527955525549527,-0.49654725548799966,1.2153366749482897,0.5477938110047174,-0.43082819003477363,-0.5317428870615519,blackgram,Kaggle Benchmark
National Benchmark,Benchmark Baseline,Curated Benchmark,-0.4212605994747611,0.3224795531947115,-0.6545004021151829,0.03948102729048771,0.5635925345994455,-0.3567168880085693,-0.6174442108899121,blackgram,Kaggle Benchmark
National Benchmark,Benchmark Baseline,Curated Benchmark,0.03922769246292705,0.14058355703326417,-0.634756258786785,0.9052208997418362,0.9921329121064546,-0.4640659860950108,-0.583964288205372,blackgram,Kaggle Benchmark
National Benchmark,Benchmark Baseline,Curated Benchmark,0.2017529719703464,0.655955546157365,-0.45705896883120384,1.0215143154442559,-0.07033124963903242,-0.4541844791581836,-0.6334563478259962,blackgram,Kaggle Benchmark
National Benchmark,Benchmark Baseline,Curated Benchmark,-0.44834814605933093,0.3831115519151939,-0.5755238288015913,1.4479235063531293,1.45227073680292,-0.5076344484982945,-0.5461174190837184,blackgram,Kaggle Benchmark
National Benchmark,Benchmark Baseline,Curated Benchmark,0.03922769246292705,0.5043755493561588,-0.634756258786785,1.3703945625515164,1.5905095682567942,-0.21927410970542688,-0.6574745532301228,blackgram,Kaggle Benchmark
National Benchmark,Benchmark Baseline,Curated Benchmark,-0.7463111584895997,0.11026755767302293,-0.5755238288015913,1.008592824810654,1.4265978109614872,-0.15639179283470775,-0.5470271995914503,blackgram,Kaggle Benchmark
National Benchmark,Benchmark Baseline,Curated Benchmark,-0.23164777338277184,0.14058355703326417,-0.45705896883120384,0.052402517924089655,0.3641336492159994,-0.3854630900066122,-0.6187179036007371,blackgram,Kaggle Benchmark
National Benchmark,Benchmark Baseline,Curated Benchmark,-0.36708550630562126,0.261847554474229,-0.6150121154583871,0.8406134465738253,0.014586889682632852,-0.07374646209033424,-0.524828555202788,blackgram,Kaggle Benchmark
National Benchmark,Benchmark Baseline,Curated Benchmark,-0.17747268021363205,0.655955546157365,-0.5162913988163975,1.4220805250859252,0.8716676446966504,-0.32931816422918436,-0.5868755858301149,blackgram,Kaggle Benchmark
National Benchmark,Benchmark Baseline,Curated Benchmark,-0.8004862516587395,0.807535542958571,-0.5557796854731933,1.1378077311466757,0.5122466829165785,-0.14426448886678359,-0.7120613836940466,blackgram,Kaggle Benchmark
National Benchmark,Benchmark Baseline,Curated Benchmark,0.1475778788012066,0.6862715455176062,-0.634756258786785,1.3445515812843114,0.5240957256126245,-0.4622693484701332,-0.7308028621533271,blackgram,Kaggle Benchmark
National Benchmark,Benchmark Baseline,Curated Benchmark,-0.5837858789821804,0.6862715455176062,-0.6545004021151829,0.7243200308714055,0.5774164177448329,-0.3270723671980874,-0.6145329132651696,blackgram,Kaggle Benchmark
National Benchmark,Benchmark Baseline,Curated Benchmark,-0.20456022679820193,0.23153155511398782,-0.5557796854731933,0.427125746298554,0.2476180627048772,-0.44340465340891744,-0.726799827919306,blackgram,Kaggle Benchmark
National Benchmark,Benchmark Baseline,Curated Benchmark,0.12049033221663671,0.2012155557537466,-0.6545004021151829,0.8922994091082342,1.4186984491641217,-0.1213573591495929,-0.7160644179280676,blackgram,Kaggle Benchmark
National Benchmark,Benchmark Baseline,Curated Benchmark,-0.17747268021363205,0.29216355383447024,-0.6545004021151829,1.1248862405130737,0.1587502424845299,-0.3131484256052853,-0.727709608427038,blackgram,Kaggle Benchmark
National Benchmark,Benchmark Baseline,Curated Benchmark,-0.5837858789821804,0.4134275512754351,-0.5360355421447954,0.19453891489371444,0.8242714739124647,-0.36345427910186057,-0.7358976329966266,blackgram,Kaggle Benchmark
National Benchmark,Benchmark Baseline,Curated Benchmark,-0.09621004045992239,0.29216355383447024,-0.634756258786785,0.24622487742812338,0.36018396831731736,-0.19681613939445586,-0.563221292629081,blackgram,Kaggle Benchmark
National Benchmark,Benchmark Baseline,Curated Benchmark,-0.28582286655191164,0.4437435506356764,-0.6150121154583871,1.628824375223561,1.681352228926483,-0.2844022236072423,-0.6014320739538278,blackgram,Kaggle Benchmark
National Benchmark,Benchmark Baseline,Curated Benchmark,0.2017529719703464,0.23153155511398782,-0.6545004021151829,1.2024151843146877,1.053352966036027,-0.3257248889794291,-0.7400826233321941,blackgram,Kaggle Benchmark
National Benchmark,Benchmark Baseline,Curated Benchmark,-0.2587353199673417,0.6256395467971237,-0.5952679721299892,0.16869593362650942,0.6208629076303366,-0.46945589896964374,-0.5473911117945434,blackgram,Kaggle Benchmark
National Benchmark,Benchmark Baseline,Curated Benchmark,0.2017529719703464,0.7772195435983298,-0.6150121154583871,0.7372415215050074,0.32266199977983706,-0.2417320800163979,-0.7486345601048755,blackgram,Kaggle Benchmark
National Benchmark,Benchmark Baseline,Curated Benchmark,-0.6379609721513202,0.261847554474229,-0.47680311215960175,1.1378077311466757,0.5951899817889024,-0.21163839979969665,-0.7495443406126074,blackgram,Kaggle Benchmark
National Benchmark,Benchmark Baseline,Curated Benchmark,-0.6379609721513202,0.2012155557537466,-0.6150121154583871,0.7243200308714055,0.1587502424845299,-0.3517761345401557,-0.7104237787801289,blackgram,Kaggle Benchmark
National Benchmark,Benchmark Baseline,Curated Benchmark,0.03922769246292705,0.3527955525549527,-0.5557796854731933,0.4400472369321559,1.4226481300628044,-0.23903712357908127,-0.6299991818966145,blackgram,Kaggle Benchmark
National Benchmark,Benchmark Baseline,Curated Benchmark,-0.17747268021363205,0.049635558952540494,-0.45705896883120384,1.2282581655818916,0.7926740267230078,-0.2502661087345668,-0.587785366337847,blackgram,Kaggle Benchmark
National Benchmark,Benchmark Baseline,Curated Benchmark,-0.8004862516587395,0.261847554474229,-0.47680311215960175,0.49173319946656485,1.5549624401686555,-0.3930987999123425,-0.6916823003208483,blackgram,Kaggle Benchmark
National Benchmark,Benchmark Baseline,Curated Benchmark,0.2559280651394862,0.17089955639350538,-0.5162913988163975,0.9310638810090411,1.2350382873754044,-0.21298587801835495,-0.5321067992646447,blackgram,Kaggle Benchmark
National Benchmark,Benchmark Baseline,Curated Benchmark,-0.47543569264390084,0.7165875448778474,-0.5360355421447954,0.6984770496042005,0.9309128581768815,-0.2628425721087106,-0.5788695173620725,blackgram,Kaggle Benchmark
National Benchmark,Benchmark Baseline,Curated Benchmark,0.22884051855491627,0.14058355703326417,-0.6150121154583871,1.1636507124138806,0.5793912581941743,-0.2322997324857897,-0.7393547989260085,blackgram,Kaggle Benchmark
National Benchmark,Benchmark Baseline,Curated Benchmark,-0.5837858789821804,0.29216355383447024,-0.6150121154583871,1.0215143154442559,0.8716676446966504,-0.16133254630312135,-0.6731227779631144,blackgram,Kaggle Benchmark
National Benchmark,Benchmark Baseline,Curated Benchmark,0.22884051855491627,0.29216355383447024,-0.5952679721299892,0.07824549919129468,1.193566637939242,-0.5098802455293915,-0.6691197437290932,blackgram,Kaggle Benchmark
National Benchmark,Benchmark Baseline,Curated Benchmark,-0.5837858789821804,0.5043755493561588,-0.6545004021151829,0.5175761807337699,0.9309128581768815,-0.35626772860234995,-0.5330165797723767,blackgram,Kaggle Benchmark
National Benchmark,Benchmark Baseline,Curated Benchmark,0.2017529719703464,0.5953235474368824,-0.634756258786785,0.5175761807337699,1.5312643547765619,-0.260596775077613,-0.701689885905901,blackgram,Kaggle Benchmark
National Benchmark,Benchmark Baseline,Curated Benchmark,0.12049033221663671,0.7165875448778474,-0.5162913988163975,1.6675888471243667,1.1481453076043977,-0.3814206553506373,-0.703873359124458,blackgram,Kaggle Benchmark
National Benchmark,Benchmark Baseline,Curated Benchmark,-0.23164777338277184,0.7772195435983298,-0.49654725548799966,0.40128276503135013,0.4154795008988664,-0.3679458731640548,-0.6349119966383678,blackgram,Kaggle Benchmark
National Benchmark,Benchmark Baseline,Curated Benchmark,-0.17747268021363205,0.7165875448778474,-0.5360355421447954,1.1119647498794718,1.3871010019746655,-0.4573285950017196,-0.7573684529791033,blackgram,Kaggle Benchmark
National Benchmark,Benchmark Baseline,Curated Benchmark,-0.3399979597210514,0.261847554474229,-0.45705896883120384,1.2670226374826985,1.408824246917417,-0.16627329977153496,-0.7293472133409558,blackgram,Kaggle Benchmark
National Benchmark,Benchmark Baseline,Curated Benchmark,-0.5025232392284708,0.6862715455176062,-0.6545004021151829,1.4608449969867312,0.4806492357271216,-0.35851352563344696,-1.0936233286368735,lentil,Kaggle Benchmark
National Benchmark,Benchmark Baseline,Curated Benchmark,-1.0171866243352985,0.23153155511398782,-0.5162913988163975,1.628824375223561,-1.219688391155526,-0.3683950325702741,-1.0304845614002685,lentil,Kaggle Benchmark
National Benchmark,Benchmark Baseline,Curated Benchmark,-0.3399979597210514,0.2012155557537466,-0.5557796854731933,1.3187086000171075,0.8361205166085115,-0.48697311581220115,-1.0310304297049078,lentil,Kaggle Benchmark
National Benchmark,Benchmark Baseline,Curated Benchmark,-1.0713617175044383,0.6256395467971237,-0.6150121154583871,0.2074604055273164,-0.840519024882044,-0.07015318684057896,-1.0339417273296503,lentil,Kaggle Benchmark
National Benchmark,Benchmark Baseline,Curated Benchmark,-0.36708550630562126,0.5346915487164,-0.634756258786785,1.0990432592458699,0.1330773166430957,-0.13303550371129808,-1.0430395324069708,lentil,Kaggle Benchmark
National Benchmark,Benchmark Baseline,Curated Benchmark,-0.5837858789821804,0.5346915487164,-0.5952679721299892,-0.07681238841193205,-0.6805569484854181,-0.4195992048792881,-0.9096657099734505,lentil,Kaggle Benchmark
National Benchmark,Benchmark Baseline,Curated Benchmark,-1.3151496367655673,0.5650075480766412,-0.5952679721299892,1.7709607721931846,0.1903476896739861,-0.471701696000741,-0.9566103841724249,lentil,Kaggle Benchmark
National Benchmark,Benchmark Baseline,Curated Benchmark,-1.2067994504272879,0.17089955639350538,-0.5360355421447954,-0.4256926355191925,0.19232253012332745,-0.23993544239151993,-0.9562464719693322,lentil,Kaggle Benchmark
National Benchmark,Benchmark Baseline,Curated Benchmark,-1.0171866243352985,0.3224795531947115,-0.5557796854731933,0.1557744429929075,-1.2809084450850992,-0.3998361910056337,-1.2189910826023518,lentil,Kaggle Benchmark
National Benchmark,Benchmark Baseline,Curated Benchmark,-1.152624357258148,0.14058355703326417,-0.6150121154583871,1.060278787345063,0.6188880671809952,-0.10428930171325514,-1.2430092880064785,lentil,Kaggle Benchmark
National Benchmark,Benchmark Baseline,Curated Benchmark,-1.2067994504272879,0.7165875448778474,-0.5557796854731933,-0.5290645605880103,0.034335294176042974,-0.5031428544361003,-0.9884527019430471,lentil,Kaggle Benchmark
National Benchmark,Benchmark Baseline,Curated Benchmark,-1.3151496367655673,0.655955546157365,-0.5162913988163975,0.24622487742812338,-0.3408843911987571,-0.43531978409696787,-0.926223715214174,lentil,Kaggle Benchmark
National Benchmark,Benchmark Baseline,Curated Benchmark,-1.2880620901809974,0.4740595499959176,-0.49654725548799966,1.073200277978665,0.6030893435862671,-0.3724374672262491,-1.1009015726987301,lentil,Kaggle Benchmark
National Benchmark,Benchmark Baseline,Curated Benchmark,-0.6379609721513202,0.807535542958571,-0.47680311215960175,1.7451177909259807,0.5537183323527408,-0.43621810290940655,-0.9906361751616041,lentil,Kaggle Benchmark
National Benchmark,Benchmark Baseline,Curated Benchmark,-0.3129104131364815,0.7469035442380886,-0.6545004021151829,-0.6970439388248391,-0.8424938653313847,-0.3989378721931947,-1.1223723926812068,lentil,Kaggle Benchmark
National Benchmark,Benchmark Baseline,Curated Benchmark,-0.28582286655191164,0.7772195435983298,-0.6150121154583871,-0.089733879045534,-0.8859403552168884,-0.3724374672262491,-1.178050959754409,lentil,Kaggle Benchmark
National Benchmark,Benchmark Baseline,Curated Benchmark,-0.36708550630562126,0.261847554474229,-0.5162913988163975,1.2024151843146877,-0.3152114653573236,-0.4429554940026981,-0.9768075114440767,lentil,Kaggle Benchmark
National Benchmark,Benchmark Baseline,Curated Benchmark,-0.5296107858130407,0.2012155557537466,-0.47680311215960175,1.615902884589958,-0.04268348334825826,-0.25251190576566374,-0.9378689057131444,lentil,Kaggle Benchmark
National Benchmark,Benchmark Baseline,Curated Benchmark,-0.7733987050741696,0.4134275512754351,-0.5162913988163975,1.3057871093835056,0.6741835997625449,-0.31404674441772457,-0.8829181630461279,lentil,Kaggle Benchmark
National Benchmark,Benchmark Baseline,Curated Benchmark,-1.2880620901809974,0.7469035442380886,-0.5952679721299892,0.5434191620009737,-1.067625676556265,-0.12719643143044518,-0.9564284280708786,lentil,Kaggle Benchmark
National Benchmark,Benchmark Baseline,Curated Benchmark,-1.2609745435964277,0.807535542958571,-0.634756258786785,1.2541011468490966,0.7077558874013425,-0.1554934740222691,-1.0650562206940868,lentil,Kaggle Benchmark
National Benchmark,Benchmark Baseline,Curated Benchmark,-1.0171866243352985,0.23153155511398782,-0.47680311215960175,1.499609468887538,-1.4448202023804064,-0.0804838531836258,-0.9839037994043869,lentil,Kaggle Benchmark
National Benchmark,Benchmark Baseline,Curated Benchmark,-1.0442741709198684,0.3831115519151939,-0.5557796854731933,1.1248862405130737,0.35425944696929396,-0.36210680088320224,-1.0741540257714075,lentil,Kaggle Benchmark
National Benchmark,Benchmark Baseline,Curated Benchmark,-1.2609745435964277,0.23153155511398782,-0.5360355421447954,0.3625182931305431,-0.15327454851135705,-0.5116768831542692,-0.995003121598718,lentil,Kaggle Benchmark
National Benchmark,Benchmark Baseline,Curated Benchmark,-1.1255368106735781,0.2012155557537466,-0.5360355421447954,1.3574730719179133,0.853894080652581,-0.18738379186384765,-1.148028202999251,lentil,Kaggle Benchmark
National Benchmark,Benchmark Baseline,Curated Benchmark,-0.8817488914124492,0.3831115519151939,-0.5162913988163975,-0.154341332213546,0.052108858220112436,-0.1766039661145818,-1.0110152585348022,lentil,Kaggle Benchmark
National Benchmark,Benchmark Baseline,Curated Benchmark,-0.5025232392284708,0.07995155831278171,-0.5952679721299892,0.8664564278410292,-1.099223123745722,-0.2534102245781024,-1.0446771373208887,lentil,Kaggle Benchmark
National Benchmark,Benchmark Baseline,Curated Benchmark,-1.2067994504272879,0.5650075480766412,-0.6545004021151829,1.551295431421947,-0.5186200316394524,-0.21433335623701327,-0.8911061876157165,lentil,Kaggle Benchmark
National Benchmark,Benchmark Baseline,Curated Benchmark,-0.9630115311661588,0.7165875448778474,-0.5557796854731933,1.2024151843146877,-0.09600417548046664,-0.20445184930018542,-0.9902722629585113,lentil,Kaggle Benchmark
National Benchmark,Benchmark Baseline,Curated Benchmark,-1.369324729934707,0.3527955525549527,-0.47680311215960175,1.7709607721931846,0.5695170559474688,-0.40567526328648595,-0.9154883052229358,lentil,Kaggle Benchmark
National Benchmark,Benchmark Baseline,Curated Benchmark,-0.5566983323976105,0.7772195435983298,-0.5162913988163975,-0.2835562385495677,-1.4467950428297478,-0.08946704130801435,-0.9982783314265534,lentil,Kaggle Benchmark
National Benchmark,Benchmark Baseline,Curated Benchmark,-1.2880620901809974,0.29216355383447024,-0.634756258786785,0.5175761807337699,-0.2441172091810457,-0.4627185078763525,-0.9156702613244821,lentil,Kaggle Benchmark
National Benchmark,Benchmark Baseline,Curated Benchmark,-1.3151496367655673,0.7469035442380886,-0.49654725548799966,1.0990432592458699,-0.848418386679408,-0.22646066020493744,-1.0559584156167663,lentil,Kaggle Benchmark
National Benchmark,Benchmark Baseline,Curated Benchmark,-1.0984492640890082,0.7469035442380886,-0.5952679721299892,-0.21894878538155685,-1.3974240315962214,-0.3939971187247811,-1.0805224893255319,lentil,Kaggle Benchmark
National Benchmark,Benchmark Baseline,Curated Benchmark,-0.9900990777507287,0.4134275512754351,-0.45705896883120384,0.995671334177052,-0.06440672829100974,-0.47709160887537394,-0.9842677116074797,lentil,Kaggle Benchmark
National Benchmark,Benchmark Baseline,Curated Benchmark,-0.3129104131364815,0.3527955525549527,-0.49654725548799966,1.5771384126891521,-0.03675896200023487,-0.10563677993191345,-1.1360191002971876,lentil,Kaggle Benchmark
National Benchmark,Benchmark Baseline,Curated Benchmark,-0.8546613448278793,0.5650075480766412,-0.6545004021151829,0.5434191620009737,0.6366616312250647,-0.07733973734008953,-1.0803405332239855,lentil,Kaggle Benchmark
National Benchmark,Benchmark Baseline,Curated Benchmark,-0.8817488914124492,0.11026755767302293,-0.5360355421447954,-0.3998496542519875,0.3483349256212706,-0.33875051175979254,-0.9824481505920155,lentil,Kaggle Benchmark
National Benchmark,Benchmark Baseline,Curated Benchmark,-0.5296107858130407,0.14058355703326417,-0.6545004021151829,-0.38692816361838556,0.53396992785933,-0.5071852890920752,-1.0570501522260447,lentil,Kaggle Benchmark
National Benchmark,Benchmark Baseline,Curated Benchmark,-0.6108734255667503,0.14058355703326417,-0.45705896883120384,0.504654690100168,0.3680833301146814,-0.423641639535263,-1.1946089649951324,lentil,Kaggle Benchmark
National Benchmark,Benchmark Baseline,Curated Benchmark,-1.2338869970118578,0.3527955525549527,-0.5755238288015913,0.6597125777033946,-1.4487698832790885,-0.15190019877251382,-0.9946392093956252,lentil,Kaggle Benchmark
National Benchmark,Benchmark Baseline,Curated Benchmark,-0.935923984581589,0.3527955525549527,-0.5755238288015913,0.7372415215050074,0.3937562559561149,-0.09800107002618323,-1.105268519135844,lentil,Kaggle Benchmark
National Benchmark,Benchmark Baseline,Curated Benchmark,-0.44834814605933093,0.3527955525549527,-0.5755238288015913,-0.6841224481912359,-0.42975221141910436,-0.37108998900759077,-1.0565042839214054,lentil,Kaggle Benchmark
National Benchmark,Benchmark Baseline,Curated Benchmark,-0.9900990777507287,0.4740595499959176,-0.5755238288015913,0.995671334177052,-0.9195126428556859,-0.3504286563214974,-0.9291350128389168,lentil,Kaggle Benchmark
National Benchmark,Benchmark Baseline,Curated Benchmark,-0.7733987050741696,0.049635558952540494,-0.634756258786785,0.0653240085576916,-0.3606327956921679,-0.15504431461604945,-0.9775353358502624,lentil,Kaggle Benchmark
National Benchmark,Benchmark Baseline,Curated Benchmark,-0.7192236119050298,0.23153155511398782,-0.6150121154583871,-0.3093992198167716,-0.5877394473663888,-0.27092744142065983,-1.1856931160193585,lentil,Kaggle Benchmark
National Benchmark,Benchmark Baseline,Curated Benchmark,-1.3151496367655673,0.7772195435983298,-0.6545004021151829,1.3445515812843114,-0.8049718967939051,-0.27002912260822115,-1.2320919219136934,lentil,Kaggle Benchmark
National Benchmark,Benchmark Baseline,Curated Benchmark,-0.6650485187358901,0.29216355383447024,-0.6150121154583871,0.6209481058025877,0.8420450379565342,-0.258350978046516,-1.0645103523894475,lentil,Kaggle Benchmark
National Benchmark,Benchmark Baseline,Curated Benchmark,-0.6379609721513202,0.23153155511398782,-0.6545004021151829,0.6338695964361897,-0.06835640918969177,-0.19681613939445586,-1.0030091900667601,lentil,Kaggle Benchmark
National Benchmark,Benchmark Baseline,Curated Benchmark,-0.7192236119050298,0.5043755493561588,-0.634756258786785,0.10408848045849857,-0.08612997323376123,-0.11461996805630136,-1.245192761225035,lentil,Kaggle Benchmark
National Benchmark,Benchmark Baseline,Curated Benchmark,-1.0171866243352985,0.6256395467971237,-0.45705896883120384,-0.0122049352439212,-0.2954630608639127,-0.46631178312610777,-1.0776111917007893,lentil,Kaggle Benchmark
National Benchmark,Benchmark Baseline,Curated Benchmark,-1.2067994504272879,0.3224795531947115,-0.49654725548799966,0.7760059934058144,-0.4495006159125152,-0.18334135720787273,-1.2240858534456514,lentil,Kaggle Benchmark
National Benchmark,Benchmark Baseline,Curated Benchmark,-1.0442741709198684,0.14058355703326417,-0.49654725548799966,0.38836127439774704,-0.7635002473577428,-0.3630051196956412,-0.96498036484356,lentil,Kaggle Benchmark
National Benchmark,Benchmark Baseline,Curated Benchmark,-0.5025232392284708,0.7772195435983298,-0.5162913988163975,-0.709965429458441,0.39178141550677426,-0.3603101632583246,-0.8931077047327269,lentil,Kaggle Benchmark
National Benchmark,Benchmark Baseline,Curated Benchmark,-1.2067994504272879,0.4437435506356764,-0.5952679721299892,0.31083233059613424,-0.24214236873170436,-0.403429466255389,-1.0226604490337727,lentil,Kaggle Benchmark
National Benchmark,Benchmark Baseline,Curated Benchmark,-1.0984492640890082,0.7772195435983298,-0.5557796854731933,-0.11557686031273903,-0.12562678222058218,-0.20579932751884375,-1.1873307209332762,lentil,Kaggle Benchmark
National Benchmark,Benchmark Baseline,Curated Benchmark,-0.3399979597210514,0.7165875448778474,-0.5162913988163975,-0.20602729474795492,0.5161963638152605,-0.09710275121374456,-1.2390062537724573,lentil,Kaggle Benchmark
National Benchmark,Benchmark Baseline,Curated Benchmark,-0.9088364379970191,0.6256395467971237,-0.6150121154583871,1.1894936936810847,0.08173146496022868,-0.08632292546447806,-1.2073458921033813,lentil,Kaggle Benchmark
National Benchmark,Benchmark Baseline,Curated Benchmark,-0.6650485187358901,0.4437435506356764,-0.47680311215960175,1.3316300906507095,0.4806492357271216,-0.33246228007272066,-1.2064361115956495,lentil,Kaggle Benchmark
National Benchmark,Benchmark Baseline,Curated Benchmark,-0.7463111584895997,0.655955546157365,-0.6150121154583871,0.9439853716426432,-0.14735002716333367,-0.33605555532247594,-1.0041009266760386,lentil,Kaggle Benchmark
National Benchmark,Benchmark Baseline,Curated Benchmark,-0.5025232392284708,0.7469035442380886,-0.5162913988163975,0.6984770496042005,-0.32508566760402896,-0.4097176979424609,-0.9107574465827291,lentil,Kaggle Benchmark
National Benchmark,Benchmark Baseline,Curated Benchmark,-0.8546613448278793,0.7772195435983298,-0.5755238288015913,0.27206785869532724,-1.0972482832963812,-0.1671716185839736,-1.1019933093080085,lentil,Kaggle Benchmark
National Benchmark,Benchmark Baseline,Curated Benchmark,-0.7733987050741696,0.2012155557537466,-0.5952679721299892,0.3495968024969412,-1.1900657844154106,-0.4577777544079389,-1.1225543487827532,lentil,Kaggle Benchmark
National Benchmark,Benchmark Baseline,Curated Benchmark,-0.6108734255667503,0.4740595499959176,-0.634756258786785,0.10408848045849857,0.8203217930137827,-0.23319805129822838,-1.2330017024214255,lentil,Kaggle Benchmark
National Benchmark,Benchmark Baseline,Curated Benchmark,-1.3422371833501372,0.4134275512754351,-0.5360355421447954,0.10408848045849857,0.3759826919120455,-0.49146470987439544,-1.0081039609100597,lentil,Kaggle Benchmark
National Benchmark,Benchmark Baseline,Curated Benchmark,-1.0442741709198684,0.4134275512754351,-0.49654725548799966,0.1557744429929075,0.0027378469865860767,-0.37423410485112674,-1.0546847229059413,lentil,Kaggle Benchmark
National Benchmark,Benchmark Baseline,Curated Benchmark,-0.39417305289019117,0.4134275512754351,-0.5557796854731933,0.5821836339017807,-1.032078548468126,-0.49415966631171204,-0.9123950514966467,lentil,Kaggle Benchmark
National Benchmark,Benchmark Baseline,Curated Benchmark,-0.6108734255667503,0.5043755493561588,-0.5360355421447954,1.2541011468490966,-0.04465832379759892,-0.4932613474992731,-1.169680979083274,lentil,Kaggle Benchmark
National Benchmark,Benchmark Baseline,Curated Benchmark,-1.0442741709198684,0.5346915487164,-0.5755238288015913,0.8664564278410292,-0.13945066536596962,-0.4838289999686652,-1.1147302364162575,lentil,Kaggle Benchmark
National Benchmark,Benchmark Baseline,Curated Benchmark,-0.7733987050741696,0.4437435506356764,-0.634756258786785,1.6546673564907648,0.4115298200001844,-0.3715391484138101,-1.2009774285492572,lentil,Kaggle Benchmark
National Benchmark,Benchmark Baseline,Curated Benchmark,-0.6650485187358901,0.3831115519151939,-0.5162913988163975,-0.21894878538155685,-1.492216373164592,-0.28664802063833994,-0.9446012814703618,lentil,Kaggle Benchmark
National Benchmark,Benchmark Baseline,Curated Benchmark,-0.935923984581589,0.3527955525549527,-0.634756258786785,-0.5032215793208054,-1.4783924900192047,-0.40522610388026664,-0.9617051550157245,lentil,Kaggle Benchmark
National Benchmark,Benchmark Baseline,Curated Benchmark,-0.9900990777507287,0.17089955639350538,-0.5162913988163975,0.38836127439774704,-0.3527334338948038,-0.1608833868969017,-1.0290289125878973,lentil,Kaggle Benchmark
National Benchmark,Benchmark Baseline,Curated Benchmark,-0.47543569264390084,0.17089955639350538,-0.5755238288015913,1.51253095952114,-0.47912322265263074,-0.39220048109990346,-0.9809925017796443,lentil,Kaggle Benchmark
National Benchmark,Benchmark Baseline,Curated Benchmark,-0.8004862516587395,0.29216355383447024,-0.6150121154583871,0.11700997109210051,-0.1039035372778307,-0.14830692352275787,-1.1283769440322382,lentil,Kaggle Benchmark
National Benchmark,Benchmark Baseline,Curated Benchmark,-1.369324729934707,0.4740595499959176,-0.5360355421447954,0.7760059934058144,0.050134017770771776,-0.43127734944099294,-1.2151700044698772,lentil,Kaggle Benchmark
National Benchmark,Benchmark Baseline,Curated Benchmark,-1.0984492640890082,0.655955546157365,-0.6150121154583871,1.628824375223561,-1.4171724360896316,-0.15414599580361077,-1.172774232809563,lentil,Kaggle Benchmark
National Benchmark,Benchmark Baseline,Curated Benchmark,-0.5566983323976105,0.23153155511398782,-0.5952679721299892,-0.3998496542519875,0.30291359528642625,-0.1999602552379915,-0.9271334957219062,lentil,Kaggle Benchmark
National Benchmark,Benchmark Baseline,Curated Benchmark,-1.369324729934707,0.6256395467971237,-0.6150121154583871,0.995671334177052,-0.45147545636185654,-0.3131484256052853,-1.0270273954708866,lentil,Kaggle Benchmark
National Benchmark,Benchmark Baseline,Curated Benchmark,-0.4212605994747611,0.6256395467971237,-0.5162913988163975,0.5563406526345769,0.21799545596476097,-0.38231897416307625,-1.1025391776126479,lentil,Kaggle Benchmark
National Benchmark,Benchmark Baseline,Curated Benchmark,-1.179711903842718,0.29216355383447024,-0.47680311215960175,0.452968727565759,-1.195990305763434,-0.3158433820426019,-0.9173078662383999,lentil,Kaggle Benchmark
National Benchmark,Benchmark Baseline,Curated Benchmark,-1.1255368106735781,0.07995155831278171,-0.6150121154583871,-0.27063474791596576,0.10345470990298015,-0.21163839979969665,-1.036853024954393,lentil,Kaggle Benchmark
National Benchmark,Benchmark Baseline,Curated Benchmark,-0.9900990777507287,0.6256395467971237,-0.6545004021151829,0.026559536656885773,0.47077503348041616,-0.2650883691398076,-0.9738962138193342,lentil,Kaggle Benchmark
National Benchmark,Benchmark Baseline,Curated Benchmark,-0.9900990777507287,0.6862715455176062,-0.5557796854731933,0.7372415215050074,0.6801081211105676,-0.4209466830979464,-1.2184452142977125,lentil,Kaggle Benchmark
National Benchmark,Benchmark Baseline,Curated Benchmark,-0.39417305289019117,0.3527955525549527,-0.634756258786785,1.5771384126891521,0.018536570581314877,-0.33111480185406234,-0.9697112234837666,lentil,Kaggle Benchmark
National Benchmark,Benchmark Baseline,Curated Benchmark,-0.6108734255667503,0.4134275512754351,-0.5360355421447954,-0.2835562385495677,-0.7536260451110374,-0.34818285929040044,-1.0343056395327432,lentil,Kaggle Benchmark
National Benchmark,Benchmark Baseline,Curated Benchmark,-0.6108734255667503,0.7772195435983298,-0.634756258786785,-0.5419860512216123,-0.17894747435279057,-0.5035920138423196,-0.916034173527575,lentil,Kaggle Benchmark
National Benchmark,Benchmark Baseline,Curated Benchmark,-0.28582286655191164,0.23153155511398782,-0.5162913988163975,0.6855555589705986,-0.9214874833050273,-0.25475770279676074,-1.0776111917007893,lentil,Kaggle Benchmark
National Benchmark,Benchmark Baseline,Curated Benchmark,-1.0984492640890082,0.5043755493561588,-0.5755238288015913,1.0344358060778578,-0.15129970806201568,-0.11237417102520438,-1.1254656464074957,lentil,Kaggle Benchmark
National Benchmark,Benchmark Baseline,Curated Benchmark,-1.0442741709198684,0.807535542958571,-0.5755238288015913,-0.658279466924032,-0.7319028001682859,-0.2812581077637067,-1.2257234583595689,lentil,Kaggle Benchmark
National Benchmark,Benchmark Baseline,Curated Benchmark,-0.36708550630562126,0.7165875448778474,-0.5557796854731933,0.7889274840394164,0.06198306046681785,-0.12450147499312919,-0.9542449548523215,lentil,Kaggle Benchmark
National Benchmark,Benchmark Baseline,Curated Benchmark,-1.369324729934707,0.4134275512754351,-0.5162913988163975,0.1557744429929075,0.8301959952604882,-0.09306031655776963,-0.9444193253688152,lentil,Kaggle Benchmark
National Benchmark,Benchmark Baseline,Curated Benchmark,-1.179711903842718,0.5953235474368824,-0.45705896883120384,1.060278787345063,0.3759826919120455,-0.37513242366356536,-1.0599614498507872,lentil,Kaggle Benchmark
National Benchmark,Benchmark Baseline,Curated Benchmark,-1.0984492640890082,0.07995155831278171,-0.5952679721299892,1.1119647498794718,0.47077503348041616,-0.12764559083666482,-1.04358540071161,lentil,Kaggle Benchmark
National Benchmark,Benchmark Baseline,Curated Benchmark,-0.3129104131364815,0.5043755493561588,-0.6545004021151829,-0.12849835094634096,-0.9570346113931663,-0.3405471493846702,-1.0104693902301631,lentil,Kaggle Benchmark
National Benchmark,Benchmark Baseline,Curated Benchmark,-0.6650485187358901,0.07995155831278171,-0.5162913988163975,0.6984770496042005,-0.5067709889434057,-0.49685462274902836,-0.9254958908079884,lentil,Kaggle Benchmark
National Benchmark,Benchmark Baseline,Curated Benchmark,-1.1255368106735781,0.7165875448778474,-0.6150121154583871,-0.24479176664876073,-0.7812738114018123,-0.3549202503836917,-1.1896961502533794,lentil,Kaggle Benchmark
National Benchmark,Benchmark Baseline,Curated Benchmark,-1.2609745435964277,0.17089955639350538,-0.5755238288015913,1.4866879782539362,0.12517795484573163,-0.1730106908648265,-1.1400221345312087,lentil,Kaggle Benchmark
National Benchmark,Benchmark Baseline,Curated Benchmark,-0.44834814605933093,0.5953235474368824,-0.6545004021151829,1.499609468887538,-0.9175378024063453,-0.34369126522820614,-0.9163980857306678,lentil,Kaggle Benchmark
National Benchmark,Benchmark Baseline,Curated Benchmark,-0.47543569264390084,0.7165875448778474,-0.6545004021151829,1.7192748096587758,-0.3389095507494164,-0.2318505730795707,-1.1411138711404871,lentil,Kaggle Benchmark
National Benchmark,Benchmark Baseline,Curated Benchmark,-1.3151496367655673,-0.8901604212149373,-0.2003851055620311,-0.709965429458441,-0.20857008109290678,0.9054210434680021,0.15477748407306252,pomegranate,Kaggle Benchmark
National Benchmark,Benchmark Baseline,Curated Benchmark,-1.2067994504272879,-1.0720564173763847,-0.22012924889042898,-0.6841224481912359,-1.1762419012700231,0.8290639444107005,0.08345069226686878,pomegranate,Kaggle Benchmark
National Benchmark,Benchmark Baseline,Curated Benchmark,-1.152624357258148,-0.8295284224944549,-0.2398733922188269,0.427125746298554,-1.3500278608120357,0.7149774552309681,-0.017171031888297345,pomegranate,Kaggle Benchmark
National Benchmark,Benchmark Baseline,Curated Benchmark,-0.36708550630562126,-1.0720564173763847,-0.18064096223363318,-0.06389089777833011,-0.28953853951589004,1.034329793052976,0.12311712240398683,pomegranate,Kaggle Benchmark
National Benchmark,Benchmark Baseline,Curated Benchmark,-1.369324729934707,-0.7992124231342137,-0.2003851055620311,0.3495968024969412,-0.6252614159038692,0.8272673067858233,0.10783280987408812,pomegranate,Kaggle Benchmark
National Benchmark,Benchmark Baseline,Curated Benchmark,-0.5296107858130407,-0.8598444218546961,-0.2003851055620311,0.03948102729048771,-0.1295764631192642,0.9400063177468974,0.10837867817872737,pomegranate,Kaggle Benchmark
National Benchmark,Benchmark Baseline,Curated Benchmark,-0.8004862516587395,-0.9811084192956611,-0.2003851055620311,-0.18018431348074987,-0.6055130114104583,0.801665220631316,0.026134520279749007,pomegranate,Kaggle Benchmark
National Benchmark,Benchmark Baseline,Curated Benchmark,-1.2067994504272879,-0.7082644250534901,-0.16089681890523527,-0.14141984157994292,-0.5620665215249554,0.8968870147498332,0.06379943329985627,pomegranate,Kaggle Benchmark
National Benchmark,Benchmark Baseline,Curated Benchmark,-0.6921360653204599,-0.7992124231342137,-0.14115267557683736,0.5821836339017807,-1.2670845619397118,1.023999126709929,0.08326873616532254,pomegranate,Kaggle Benchmark
National Benchmark,Benchmark Baseline,Curated Benchmark,-0.9630115311661588,-1.2842684128980733,-0.2003851055620311,0.2074604055273164,-0.4909722653486775,0.9521336217148222,0.10783280987408812,pomegranate,Kaggle Benchmark
National Benchmark,Benchmark Baseline,Curated Benchmark,-0.9900990777507287,-1.4661644090595205,-0.2398733922188269,-0.8262588451608607,-0.1355009844672876,0.6157132264564759,0.023769090959645467,pomegranate,Kaggle Benchmark
National Benchmark,Benchmark Baseline,Curated Benchmark,-0.935923984581589,-1.3145844122583143,-0.14115267557683736,0.3495968024969412,-0.16709843165674448,0.6359253997363499,0.04178274501274047,pomegranate,Kaggle Benchmark
National Benchmark,Benchmark Baseline,Curated Benchmark,-0.39417305289019117,-1.405532410339038,-0.22012924889042898,-0.8908662983288715,-1.134770251833861,0.6682648769841482,0.08836350700862185,pomegranate,Kaggle Benchmark
National Benchmark,Benchmark Baseline,Curated Benchmark,-1.2609745435964277,-1.0114244186559023,-0.14115267557683736,0.09116698982489663,-0.2658404541237972,1.0024394752113968,0.019584100624078164,pomegranate,Kaggle Benchmark
National Benchmark,Benchmark Baseline,Curated Benchmark,-0.5837858789821804,-0.9507924199354199,-0.16089681890523527,-0.4127711448855894,-0.3922302428816248,0.819631596880093,0.0767183165096517,pomegranate,Kaggle Benchmark
National Benchmark,Benchmark Baseline,Curated Benchmark,-0.935923984581589,-1.1630044154571084,-0.12140853224843946,0.5434191620009737,-1.172292220371341,0.7908853948820501,0.0925484973441894,pomegranate,Kaggle Benchmark
National Benchmark,Benchmark Baseline,Curated Benchmark,-0.8817488914124492,-0.7992124231342137,-0.14115267557683736,0.9181423903754381,-0.6410601394985973,0.9355147236847033,0.02467887146737748,pomegranate,Kaggle Benchmark
National Benchmark,Benchmark Baseline,Curated Benchmark,-1.0713617175044383,-1.0720564173763847,-0.12140853224843946,-0.6841224481912359,-0.7970725349965411,1.050948691083094,-0.010984524435719257,pomegranate,Kaggle Benchmark
National Benchmark,Benchmark Baseline,Curated Benchmark,-1.2338869970118578,-1.1630044154571084,-0.2003851055620311,-0.9813167327640875,-1.4527195641777704,0.7495627295098634,0.08399656057150805,pomegranate,Kaggle Benchmark
National Benchmark,Benchmark Baseline,Curated Benchmark,-0.8817488914124492,-0.9204764205751785,-0.08192024559164365,-0.3740066729847836,-0.376431519286896,0.8146908434116794,0.039781227895729944,pomegranate,Kaggle Benchmark
National Benchmark,Benchmark Baseline,Curated Benchmark,-1.1255368106735781,-1.375216410978797,-0.16089681890523527,0.10408848045849857,-0.6173620541065051,0.8281656255982619,0.1491368449251237,pomegranate,Kaggle Benchmark
National Benchmark,Benchmark Baseline,Curated Benchmark,-0.28582286655191164,-0.7992124231342137,-0.062176102263245756,-0.7487299013592479,-0.7812738114018123,1.0469062564271199,0.16314746474419764,pomegranate,Kaggle Benchmark
National Benchmark,Benchmark Baseline,Curated Benchmark,-0.7733987050741696,-0.9204764205751785,-0.08192024559164365,-0.4256926355191925,-1.0834244001509938,0.8012160612250963,0.07053180905707361,pomegranate,Kaggle Benchmark
National Benchmark,Benchmark Baseline,Curated Benchmark,-1.1255368106735781,-1.132688416096867,-0.18064096223363318,-0.47737859805360144,-1.4230969574376549,0.8820647543445924,0.031229291123048574,pomegranate,Kaggle Benchmark
National Benchmark,Benchmark Baseline,Curated Benchmark,-1.0442741709198684,-0.7385804244137313,-0.16089681890523527,0.1557744429929075,-1.172292220371341,0.8205299156925316,0.14222251306636008,pomegranate,Kaggle Benchmark
National Benchmark,Benchmark Baseline,Curated Benchmark,-1.369324729934707,-1.102372416736626,-0.12140853224843946,0.504654690100168,-0.4771483822032901,0.8852088701881281,0.1023741268276958,pomegranate,Kaggle Benchmark
National Benchmark,Benchmark Baseline,Curated Benchmark,-1.3151496367655673,-0.9811084192956611,-0.08192024559164365,0.1299314617257036,-1.322380094521261,0.7109350205749931,-0.012076261044997774,pomegranate,Kaggle Benchmark
National Benchmark,Benchmark Baseline,Curated Benchmark,-0.6108734255667503,-1.4358484096992794,-0.16089681890523527,0.38836127439774704,-0.692405991181465,0.8919462612814196,0.061979872284392244,pomegranate,Kaggle Benchmark
National Benchmark,Benchmark Baseline,Curated Benchmark,-1.152624357258148,-0.9204764205751785,-0.08192024559164365,0.8535349372074272,-1.4112479147416088,0.817834959255215,0.09127480463336464,pomegranate,Kaggle Benchmark
National Benchmark,Benchmark Baseline,Curated Benchmark,-0.5837858789821804,-1.132688416096867,-0.2398733922188269,-0.9425522608632805,-1.1466192945299076,0.7836988443825395,-0.010984524435719257,pomegranate,Kaggle Benchmark
National Benchmark,Benchmark Baseline,Curated Benchmark,-0.9088364379970191,-1.0720564173763847,-0.10166438892004157,-0.8133373545272587,-0.22239396423829424,0.8694882909704487,-0.0047980169831411705,pomegranate,Kaggle Benchmark
National Benchmark,Benchmark Baseline,Curated Benchmark,-0.44834814605933093,-0.9811084192956611,-0.12140853224843946,0.23330338679452142,-1.3539775417107178,0.8286147850044815,0.13749165442615327,pomegranate,Kaggle Benchmark
National Benchmark,Benchmark Baseline,Curated Benchmark,-0.8004862516587395,-0.9204764205751785,-0.12140853224843946,0.5563406526345769,-1.199939986662116,0.8452336830345997,0.01649084689778912,pomegranate,Kaggle Benchmark
National Benchmark,Benchmark Baseline,Curated Benchmark,-0.6921360653204599,-1.102372416736626,-0.16089681890523527,0.18161742426011251,-1.3243549349706023,0.7306980344486476,0.14222251306636008,pomegranate,Kaggle Benchmark
National Benchmark,Benchmark Baseline,Curated Benchmark,-1.152624357258148,-0.8598444218546961,-0.2398733922188269,0.46589021819936094,-1.1268708900364968,1.0540928069266304,0.010304339445211036,pomegranate,Kaggle Benchmark
National Benchmark,Benchmark Baseline,Curated Benchmark,-0.6650485187358901,-1.0720564173763847,-0.12140853224843946,0.5692621432681788,-1.1624180181246357,0.8160383216303377,0.08672590209470434,pomegranate,Kaggle Benchmark
National Benchmark,Benchmark Baseline,Curated Benchmark,-1.2609745435964277,-1.0417404180161434,-0.12140853224843946,-0.20602729474795492,-0.3527334338948038,0.7347404691046225,0.14113077645708158,pomegranate,Kaggle Benchmark
National Benchmark,Benchmark Baseline,Curated Benchmark,-0.39417305289019117,-0.8901604212149373,-0.14115267557683736,0.6984770496042005,-0.1335261440179462,1.0231008078974906,0.007574997922014745,pomegranate,Kaggle Benchmark
National Benchmark,Benchmark Baseline,Curated Benchmark,-1.2338869970118578,-0.8901604212149373,-0.16089681890523527,-0.21894878538155685,-0.18289715525147257,1.0055835910549331,0.021949529944181444,pomegranate,Kaggle Benchmark
National Benchmark,Benchmark Baseline,Curated Benchmark,-0.8546613448278793,-1.102372416736626,-0.18064096223363318,0.33667531186333927,-0.1769726339034499,0.6323321244865946,0.14222251306636008,pomegranate,Kaggle Benchmark
National Benchmark,Benchmark Baseline,Curated Benchmark,-0.3129104131364815,-0.7082644250534901,-0.2003851055620311,0.6467910870697916,-1.0834244001509938,0.723960643355356,0.08381460446996154,pomegranate,Kaggle Benchmark
National Benchmark,Benchmark Baseline,Curated Benchmark,-1.2338869970118578,-0.7385804244137313,-0.08192024559164365,-1.149296111000916,-0.9076636001596399,0.96920167915116,0.02395104706119197,pomegranate,Kaggle Benchmark
National Benchmark,Benchmark Baseline,Curated Benchmark,-1.2609745435964277,-0.8901604212149373,-0.10166438892004157,0.9439853716426432,-0.6351356181505745,0.7486644106974246,0.11656670274831599,pomegranate,Kaggle Benchmark
National Benchmark,Benchmark Baseline,Curated Benchmark,-0.3399979597210514,-0.9811084192956611,-0.2596175355472248,-0.8133373545272587,-1.0419527507148314,0.8039110176624129,0.13658187391842128,pomegranate,Kaggle Benchmark
National Benchmark,Benchmark Baseline,Curated Benchmark,-0.36708550630562126,-1.2842684128980733,-0.2398733922188269,0.31083233059613424,-0.2697901350224792,0.6323321244865946,0.06288965279212426,pomegranate,Kaggle Benchmark
National Benchmark,Benchmark Baseline,Curated Benchmark,-1.1255368106735781,-0.8598444218546961,-0.14115267557683736,-0.6453579762904301,-0.15722422941003908,0.9175483474359263,0.10601324885862409,pomegranate,Kaggle Benchmark
National Benchmark,Benchmark Baseline,Curated Benchmark,-0.5837858789821804,-0.9507924199354199,-0.10166438892004157,-1.175139092268121,-1.1762419012700231,0.7396812225730361,0.04687751585604004,pomegranate,Kaggle Benchmark
National Benchmark,Benchmark Baseline,Curated Benchmark,-1.2338869970118578,-0.9811084192956611,-0.2003851055620311,-0.46445710741999835,-0.6292110968025512,0.8470303206594776,0.16369333304883663,pomegranate,Kaggle Benchmark
National Benchmark,Benchmark Baseline,Curated Benchmark,-0.7733987050741696,-0.8295284224944549,-0.2003851055620311,0.6726340683369966,-0.5324439147848391,0.6130182700191592,0.12329907850553308,pomegranate,Kaggle Benchmark
National Benchmark,Benchmark Baseline,Curated Benchmark,-1.2609745435964277,-1.0720564173763847,-0.22012924889042898,0.8535349372074272,-0.5324439147848391,0.6255947333933031,0.051244462293153846,pomegranate,Kaggle Benchmark
National Benchmark,Benchmark Baseline,Curated Benchmark,-0.8004862516587395,-1.4358484096992794,-0.14115267557683736,0.8018489746730183,-0.145375186713993,0.8048093364748522,0.06798442363542383,pomegranate,Kaggle Benchmark
National Benchmark,Benchmark Baseline,Curated Benchmark,-0.5837858789821804,-0.9811084192956611,-0.062176102263245756,0.3625182931305431,-0.43567673276712776,0.9723457949946955,0.03195711552923408,pomegranate,Kaggle Benchmark
National Benchmark,Benchmark Baseline,Curated Benchmark,-0.7463111584895997,-1.4661644090595205,-0.08192024559164365,0.8922994091082342,-0.8701416316221596,1.0231008078974906,0.0747167993926409,pomegranate,Kaggle Benchmark
National Benchmark,Benchmark Baseline,Curated Benchmark,-1.0171866243352985,-1.405532410339038,-0.10166438892004157,0.6984770496042005,-1.4645686068738173,0.8820647543445924,0.11274562461584119,pomegranate,Kaggle Benchmark
National Benchmark,Benchmark Baseline,Curated Benchmark,-1.2338869970118578,-1.2236364141775908,-0.22012924889042898,-1.0588456765657002,-0.6469846608466207,0.8223265533174097,-0.0026145437645843962,pomegranate,Kaggle Benchmark
National Benchmark,Benchmark Baseline,Curated Benchmark,-0.6379609721513202,-0.8901604212149373,-0.14115267557683736,0.18161742426011251,-0.2539914114277511,0.8712849285953259,0.12730211273955414,pomegranate,Kaggle Benchmark
National Benchmark,Benchmark Baseline,Curated Benchmark,-1.179711903842718,-0.9204764205751785,-0.2596175355472248,0.7501630121386094,-1.1584683372259537,0.7742664968519313,-0.016625163583658085,pomegranate,Kaggle Benchmark
National Benchmark,Benchmark Baseline,Curated Benchmark,-1.0442741709198684,-1.0114244186559023,-0.18064096223363318,-0.5678290324888161,-1.1367450922832023,0.6610783264846375,0.13749165442615327,pomegranate,Kaggle Benchmark
National Benchmark,Benchmark Baseline,Curated Benchmark,-1.2609745435964277,-1.0417404180161434,-0.10166438892004157,-0.8908662983288715,-1.4902415327152507,0.9732441138071348,0.05270011110552512,pomegranate,Kaggle Benchmark
National Benchmark,Benchmark Baseline,Curated Benchmark,-1.2880620901809974,-1.3449004116185557,-0.062176102263245756,0.09116698982489663,-0.3408843911987571,0.8146908434116794,0.021039749436449436,pomegranate,Kaggle Benchmark
National Benchmark,Benchmark Baseline,Curated Benchmark,-1.3422371833501372,-0.7992124231342137,-0.2398733922188269,-1.0200812046648944,-0.32113598670534693,0.9817781425253037,0.027772125193666522,pomegranate,Kaggle Benchmark
National Benchmark,Benchmark Baseline,Curated Benchmark,-0.7463111584895997,-0.7082644250534901,-0.08192024559164365,-0.45153561678639637,-0.923462323754368,0.6264930522057424,-0.007891270709430213,pomegranate,Kaggle Benchmark
National Benchmark,Benchmark Baseline,Curated Benchmark,-0.7192236119050298,-0.9811084192956611,-0.12140853224843946,0.6855555589705986,-0.9471604091464608,0.7073417453252379,0.10874259038182013,pomegranate,Kaggle Benchmark
National Benchmark,Benchmark Baseline,Curated Benchmark,-1.0171866243352985,-0.7082644250534901,-0.22012924889042898,-0.24479176664876073,-0.9392610473490968,0.9045227246555635,0.061979872284392244,pomegranate,Kaggle Benchmark
National Benchmark,Benchmark Baseline,Curated Benchmark,-0.28582286655191164,-1.2842684128980733,-0.08192024559164365,-0.19310580411435183,-0.22831848558631693,0.6570358918286626,0.14404207408182412,pomegranate,Kaggle Benchmark
National Benchmark,Benchmark Baseline,Curated Benchmark,-0.8004862516587395,-1.3449004116185557,-0.16089681890523527,-0.658279466924032,-0.2184442833396115,0.8605051028460601,0.03923535959109068,pomegranate,Kaggle Benchmark
National Benchmark,Benchmark Baseline,Curated Benchmark,-1.2880620901809974,-0.7992124231342137,-0.08192024559164365,0.1557744429929075,-0.20659524064356544,0.9229382603105596,0.13639991781687474,pomegranate,Kaggle Benchmark
National Benchmark,Benchmark Baseline,Curated Benchmark,-0.28582286655191164,-0.7385804244137313,-0.12140853224843946,0.8147704653066202,-0.19474619794751935,0.7877412790385138,0.13166905917666819,pomegranate,Kaggle Benchmark
National Benchmark,Benchmark Baseline,Curated Benchmark,-0.9900990777507287,-0.8598444218546961,-0.16089681890523527,-0.07681238841193205,-1.0952734428470399,0.8757765226575206,0.0044817441957257015,pomegranate,Kaggle Benchmark
National Benchmark,Benchmark Baseline,Curated Benchmark,-0.3399979597210514,-1.1933204148173495,-0.22012924889042898,0.24622487742812338,-0.7516512046616968,1.0401688653338284,-0.014805602568193806,pomegranate,Kaggle Benchmark
National Benchmark,Benchmark Baseline,Curated Benchmark,-0.44834814605933093,-1.3449004116185557,-0.2398733922188269,-0.24479176664876073,-0.5541671597275913,0.6673665581717094,0.12693820053646138,pomegranate,Kaggle Benchmark
National Benchmark,Benchmark Baseline,Curated Benchmark,-0.5025232392284708,-1.1933204148173495,-0.22012924889042898,0.46589021819936094,-0.5699658833223195,0.7639358305088845,0.02213148604572795,pomegranate,Kaggle Benchmark
National Benchmark,Benchmark Baseline,Curated Benchmark,-0.8817488914124492,-0.9811084192956611,-0.2596175355472248,-0.12849835094634096,-0.46134965860856125,1.0536436475204107,0.1396751276447103,pomegranate,Kaggle Benchmark
National Benchmark,Benchmark Baseline,Curated Benchmark,-1.152624357258148,-0.9204764205751785,-0.2003851055620311,0.6984770496042005,-1.2473361574463009,0.7050959482941409,0.0366879741694409,pomegranate,Kaggle Benchmark
National Benchmark,Benchmark Baseline,Curated Benchmark,-0.9630115311661588,-1.4358484096992794,-0.14115267557683736,0.5563406526345769,-1.3046065304771914,0.7796564097265646,0.09491392666429295,pomegranate,Kaggle Benchmark
National Benchmark,Benchmark Baseline,Curated Benchmark,-1.369324729934707,-1.4661644090595205,-0.2398733922188269,-0.4127711448855894,-0.2500417305290684,0.8717340880015456,0.03759775467717291,pomegranate,Kaggle Benchmark
National Benchmark,Benchmark Baseline,Curated Benchmark,-0.7733987050741696,-1.3449004116185557,-0.08192024559164365,-0.9425522608632805,-0.1769726339034499,0.7814530473514418,0.15878051830708356,pomegranate,Kaggle Benchmark
National Benchmark,Benchmark Baseline,Curated Benchmark,-0.9900990777507287,-1.375216410978797,-0.10166438892004157,0.7501630121386094,-0.7279531192696039,1.0320839960218784,0.1502285815344022,pomegranate,Kaggle Benchmark
National Benchmark,Benchmark Baseline,Curated Benchmark,-0.5296107858130407,-1.2842684128980733,-0.062176102263245756,-0.5678290324888161,-0.15327454851135705,0.6920703255137775,0.07599049210346594,pomegranate,Kaggle Benchmark
National Benchmark,Benchmark Baseline,Curated Benchmark,-0.3129104131364815,-1.102372416736626,-0.062176102263245756,0.5821836339017807,-1.4843170113672273,0.8506235959092329,0.025770608076655994,pomegranate,Kaggle Benchmark
National Benchmark,Benchmark Baseline,Curated Benchmark,-1.0984492640890082,-1.4661644090595205,-0.12140853224843946,0.5434191620009737,-1.0617011552082423,0.8807172761259342,0.10528542445243834,pomegranate,Kaggle Benchmark
National Benchmark,Benchmark Baseline,Curated Benchmark,-1.152624357258148,-0.7688964237739725,-0.2003851055620311,0.4788117088329629,-0.4712238608552667,1.0307365178032206,0.04050905230191545,pomegranate,Kaggle Benchmark
National Benchmark,Benchmark Baseline,Curated Benchmark,-0.5025232392284708,-1.2236364141775908,-0.12140853224843946,-0.8779448076952696,-0.4179031687230583,0.9656084039014047,0.05743096974573193,pomegranate,Kaggle Benchmark
National Benchmark,Benchmark Baseline,Curated Benchmark,-0.8817488914124492,-1.3449004116185557,-0.16089681890523527,-1.0846886578329054,-1.2177135507061854,0.7877412790385138,0.049060989074596814,pomegranate,Kaggle Benchmark
National Benchmark,Benchmark Baseline,Curated Benchmark,-0.8275737982433093,-0.7992124231342137,-0.14115267557683736,-0.9942382233976894,-1.0083804630760334,0.944947071215311,0.12948558595811116,pomegranate,Kaggle Benchmark
National Benchmark,Benchmark Baseline,Curated Benchmark,-0.3129104131364815,-0.8598444218546961,-0.2398733922188269,-1.162217601634518,-1.3263297754199437,1.0563386039577274,0.07544462379882667,pomegranate,Kaggle Benchmark
National Benchmark,Benchmark Baseline,Curated Benchmark,-0.8275737982433093,-1.405532410339038,-0.062176102263245756,-0.5032215793208054,-1.3243549349706023,0.797622785975341,0.16405724525192963,pomegranate,Kaggle Benchmark
National Benchmark,Benchmark Baseline,Curated Benchmark,-1.0713617175044383,-1.3145844122583143,-0.062176102263245756,-0.089733879045534,-0.5897142878157302,0.7625883522902261,0.10146434631996379,pomegranate,Kaggle Benchmark
National Benchmark,Benchmark Baseline,Curated Benchmark,-0.28582286655191164,-1.0720564173763847,-0.10166438892004157,-0.9037877889624747,-1.2295625934022316,0.6875787314515835,0.1172945271545015,pomegranate,Kaggle Benchmark
National Benchmark,Benchmark Baseline,Curated Benchmark,-1.2880620901809974,-0.8295284224944549,-0.18064096223363318,0.7889274840394164,-0.2441172091810457,0.8852088701881281,0.0024802270787151743,pomegranate,Kaggle Benchmark
National Benchmark,Benchmark Baseline,Curated Benchmark,-1.1255368106735781,-1.132688416096867,-0.2398733922188269,-0.7487299013592479,-0.36260763614150854,0.9633626068703076,0.06398138940140277,pomegranate,Kaggle Benchmark
National Benchmark,Benchmark Baseline,Curated Benchmark,-0.5566983323976105,-1.0114244186559023,-0.2003851055620311,0.7630845027722114,-0.5956388091637529,0.9736932732133539,0.12056973698233704,pomegranate,Kaggle Benchmark
National Benchmark,Benchmark Baseline,Curated Benchmark,-0.28582286655191164,-1.3449004116185557,-0.14115267557683736,-0.8908662983288715,-0.2441172091810457,0.625145573987084,0.04851512076995756,pomegranate,Kaggle Benchmark
National Benchmark,Benchmark Baseline,Curated Benchmark,-0.28582286655191164,-0.7082644250534901,-0.2596175355472248,-0.25771325728236383,-0.9333365260010734,0.8802681167197145,0.017764539608613884,pomegranate,Kaggle Benchmark
National Benchmark,Benchmark Baseline,Curated Benchmark,-0.5025232392284708,-0.8598444218546961,-0.2596175355472248,-0.7487299013592479,-1.4843170113672273,0.6390695155798856,0.06452725770604203,pomegranate,Kaggle Benchmark
National Benchmark,Benchmark Baseline,Curated Benchmark,-0.47543569264390084,-0.9204764205751785,-0.062176102263245756,0.8406134465738253,-1.1090973259924273,0.6449085878607385,0.16150985983027985,pomegranate,Kaggle Benchmark
National Benchmark,Benchmark Baseline,Curated Benchmark,-1.2609745435964277,-1.1933204148173495,-0.14115267557683736,-0.05096940714472817,-1.1387199327325428,0.8232248721298483,-0.01171234884190502,pomegranate,Kaggle Benchmark
National Benchmark,Benchmark Baseline,Curated Benchmark,-1.0171866243352985,-1.102372416736626,-0.062176102263245756,0.8922994091082342,-0.8622422698247956,0.9507861434961639,0.051244462293153846,pomegranate,Kaggle Benchmark
National Benchmark,Benchmark Baseline,Curated Benchmark,-0.3129104131364815,-0.8901604212149373,-0.18064096223363318,-0.05096940714472817,-0.38828056198294275,0.9813289831190841,0.11547496613903747,pomegranate,Kaggle Benchmark
National Benchmark,Benchmark Baseline,Curated Benchmark,-1.152624357258148,-0.7688964237739725,-0.22012924889042898,-0.5032215793208054,-0.34285923164809845,0.6615274858908565,0.0881815509070756,pomegranate,Kaggle Benchmark
National Benchmark,Benchmark Baseline,Curated Benchmark,1.0956420092611527,1.231959534001948,-0.04243195893484785,-0.4127711448855894,0.7413281750401408,0.2141647172963141,-0.193486494286771,banana,Kaggle Benchmark
National Benchmark,Benchmark Baseline,Curated Benchmark,1.474867661445131,1.2622755333621893,0.03654461437874377,-0.8004158638936568,0.3384607233745652,0.5478901561173438,-0.04391857881561996,banana,Kaggle Benchmark
National Benchmark,Benchmark Baseline,Curated Benchmark,1.5561303011988408,1.1713275352814656,0.09577704436393748,-0.24479176664876073,0.35228460651995264,0.5155506788695449,0.02686234468593451,banana,Kaggle Benchmark
National Benchmark,Benchmark Baseline,Curated Benchmark,0.9602042763383033,0.6862715455176062,0.1155211876923354,-0.6970439388248391,0.7314539727934354,0.38798940750323,-0.24297855390739517,banana,Kaggle Benchmark
National Benchmark,Benchmark Baseline,Curated Benchmark,0.797678996830884,0.7165875448778474,0.016800471050345864,-1.2268250548025301,0.08568114585891069,0.3556499302554318,0.17770395286791058,banana,Kaggle Benchmark
National Benchmark,Benchmark Baseline,Curated Benchmark,1.1498171024302926,1.231959534001948,0.09577704436393748,-0.5032215793208054,0.050134017770771776,0.5811279521775806,0.20154020217049065,banana,Kaggle Benchmark
National Benchmark,Benchmark Baseline,Curated Benchmark,1.0685544626765828,1.1713275352814656,0.1352653310207333,-0.43861412615279444,0.2752658289956521,0.39113352334676565,-0.11160624859088539,banana,Kaggle Benchmark
National Benchmark,Benchmark Baseline,Curated Benchmark,1.5561303011988408,1.080379537200742,0.09577704436393748,-0.8521018264280658,0.7768753031282797,0.2959117292282483,-0.07503307218005638,banana,Kaggle Benchmark
National Benchmark,Benchmark Baseline,Curated Benchmark,1.5561303011988408,1.0500635378405008,0.1352653310207333,-0.7487299013592479,0.1330773166430957,0.5348645333369803,0.189349143366881,banana,Kaggle Benchmark
National Benchmark,Benchmark Baseline,Curated Benchmark,1.474867661445131,0.7165875448778474,0.07603290103553959,-0.8391803357944627,0.6998565256039785,0.21012228264033916,-0.06284201337644671,banana,Kaggle Benchmark
National Benchmark,Benchmark Baseline,Curated Benchmark,1.8270057670445394,1.0500635378405008,0.07603290103553959,-0.8133373545272587,0.5991396626875845,0.5034233749016207,-0.08576848217129478,banana,Kaggle Benchmark
National Benchmark,Benchmark Baseline,Curated Benchmark,1.3665174751068516,1.0197475384802597,0.1155211876923354,-0.11557686031273903,0.682082961559909,0.2253937024517996,-0.059930715751704174,banana,Kaggle Benchmark
National Benchmark,Benchmark Baseline,Curated Benchmark,1.2039921955994322,0.655955546157365,0.03654461437874377,-1.0976101484665073,0.4865737570751443,0.1696979360805917,0.2695917841488488,banana,Kaggle Benchmark
National Benchmark,Benchmark Baseline,Curated Benchmark,1.501955208029701,0.9591155397597771,0.09577704436393748,-0.709965429458441,0.3127877975331317,0.32914952528848584,-0.0681187403212928,banana,Kaggle Benchmark
National Benchmark,Benchmark Baseline,Curated Benchmark,0.9602042763383033,1.2622755333621893,0.016800471050345864,-0.0122049352439212,0.4806492357271216,0.29501341041580964,0.08981915582099338,banana,Kaggle Benchmark
National Benchmark,Benchmark Baseline,Curated Benchmark,0.8789416365845936,0.7772195435983298,0.1352653310207333,-1.162217601634518,-0.09205449458178462,0.5330678957121023,-0.08722413098366605,banana,Kaggle Benchmark
National Benchmark,Benchmark Baseline,Curated Benchmark,0.9331167297537334,1.2622755333621893,-0.022687815606449946,-0.3352422010839766,0.06395790091615922,0.3080390331961731,0.2981588920916355,banana,Kaggle Benchmark
National Benchmark,Benchmark Baseline,Curated Benchmark,1.5832178477834107,0.7772195435983298,-0.062176102263245756,0.026559536656885773,0.4056052986521617,0.36867555303579463,0.09455001446119994,banana,Kaggle Benchmark
National Benchmark,Benchmark Baseline,Curated Benchmark,1.3394299285222817,0.6862715455176062,-0.062176102263245756,-1.1363746203673142,-0.009111195709459997,0.20024077570351195,-0.01225821714654402,banana,Kaggle Benchmark
National Benchmark,Benchmark Baseline,Curated Benchmark,1.7999182204599695,0.9894315391200184,-0.0029436722780520393,-0.3093992198167716,0.6090138649342898,0.49668598380832985,0.2310170906210093,banana,Kaggle Benchmark
National Benchmark,Benchmark Baseline,Curated Benchmark,1.7186555807062602,1.231959534001948,0.09577704436393748,-0.36108518235118053,0.1429515188898011,0.24111428166947907,0.2770519843122517,banana,Kaggle Benchmark
National Benchmark,Benchmark Baseline,Curated Benchmark,1.6103053943679806,0.7469035442380886,0.03654461437874377,-0.709965429458441,0.06395790091615922,0.33319195994446077,-0.09541215555325466,banana,Kaggle Benchmark
National Benchmark,Benchmark Baseline,Curated Benchmark,1.1769046490148625,0.5043755493561588,-0.0029436722780520393,-0.34816369171757855,-0.09402933503112527,0.6017892848636737,-0.2184144801986296,banana,Kaggle Benchmark
National Benchmark,Benchmark Baseline,Curated Benchmark,0.797678996830884,0.5346915487164,-0.022687815606449946,-0.3998496542519875,0.3740078514627048,0.4185322471261503,0.029409730107584294,banana,Kaggle Benchmark
National Benchmark,Benchmark Baseline,Curated Benchmark,1.7186555807062602,0.7772195435983298,0.05628875770714167,-0.20602729474795492,0.11727859304836759,0.48770279568394126,0.15659704508852654,banana,Kaggle Benchmark
National Benchmark,Benchmark Baseline,Curated Benchmark,1.014379369507443,0.7469035442380886,-0.062176102263245756,-0.19310580411435183,0.6880074829079325,0.34666674213104326,-0.20713320190275195,banana,Kaggle Benchmark
National Benchmark,Benchmark Baseline,Curated Benchmark,1.6644804875371204,0.5953235474368824,-0.0029436722780520393,-0.9813167327640875,0.7156552491987066,0.26222477376179176,-0.23278901222079604,banana,Kaggle Benchmark
National Benchmark,Benchmark Baseline,Curated Benchmark,1.7999182204599695,0.6862715455176062,-0.022687815606449946,-0.45153561678639637,-0.01108603615880136,0.2649197301991084,-0.18857367954501794,banana,Kaggle Benchmark
National Benchmark,Benchmark Baseline,Curated Benchmark,1.6373929409525505,1.0197475384802597,-0.0029436722780520393,-1.162217601634518,0.15480056158584718,0.4436851738744379,-0.09632193606098667,banana,Kaggle Benchmark
National Benchmark,Benchmark Baseline,Curated Benchmark,1.041466916092013,0.8984835410392947,-0.022687815606449946,-1.0846886578329054,0.49052343797382697,0.2837844252603241,0.11056215139728441,banana,Kaggle Benchmark
National Benchmark,Benchmark Baseline,Curated Benchmark,1.1498171024302926,1.1410115359212245,-0.022687815606449946,-0.47737859805360144,0.44115242674030064,0.531271258087225,0.2515781300957541,banana,Kaggle Benchmark
National Benchmark,Benchmark Baseline,Curated Benchmark,1.1227295558457226,0.8378515423188122,0.07603290103553959,-0.03804791651112508,0.3503097660706119,0.4486259273428515,-0.16655699125790188,banana,Kaggle Benchmark
National Benchmark,Benchmark Baseline,Curated Benchmark,1.474867661445131,0.6256395467971237,-0.062176102263245756,-0.47737859805360144,-0.09205449458178462,0.4445834926868766,0.28669565769421157,banana,Kaggle Benchmark
National Benchmark,Benchmark Baseline,Curated Benchmark,1.3936050216914215,0.5346915487164,-0.0029436722780520393,-0.9942382233976894,0.5991396626875845,0.3507091767870182,-0.01826276849757586,banana,Kaggle Benchmark
National Benchmark,Benchmark Baseline,Curated Benchmark,1.1769046490148625,1.1410115359212245,0.05628875770714167,-1.0976101484665073,0.6998565256039785,0.23302941235752983,0.11128997580346991,banana,Kaggle Benchmark
National Benchmark,Benchmark Baseline,Curated Benchmark,1.7728306738753996,0.5346915487164,-0.022687815606449946,-0.03804791651112508,0.38585689415875085,0.47512633230979745,-0.22059795341718638,banana,Kaggle Benchmark
National Benchmark,Benchmark Baseline,Curated Benchmark,1.7999182204599695,0.7772195435983298,0.016800471050345864,-0.3740066729847836,-0.040708642898916896,0.48860111449637994,0.17315505032925027,banana,Kaggle Benchmark
National Benchmark,Benchmark Baseline,Curated Benchmark,1.8540933136291093,0.5650075480766412,0.1352653310207333,-0.3223207104503747,0.07383210316286393,0.5326187363058833,0.15677900119007304,banana,Kaggle Benchmark
National Benchmark,Benchmark Baseline,Curated Benchmark,1.3123423819377118,0.5953235474368824,0.09577704436393748,-0.7745728826264519,0.1330773166430957,0.4302103916878554,0.2766880721091589,banana,Kaggle Benchmark
National Benchmark,Benchmark Baseline,Curated Benchmark,1.0956420092611527,0.9287995403995359,0.07603290103553959,-0.10265536967913709,0.6978816851546371,0.3246579312262912,0.2561270326344144,banana,Kaggle Benchmark
National Benchmark,Benchmark Baseline,Curated Benchmark,0.797678996830884,1.1106955365609832,-0.022687815606449946,-0.3352422010839766,0.19429737057266883,0.3538532926305538,0.07144158956480562,banana,Kaggle Benchmark
National Benchmark,Benchmark Baseline,Curated Benchmark,1.3665174751068516,0.5043755493561588,-0.0029436722780520393,-0.5936720137560212,-0.05058284514562231,0.15936726973754486,0.2381133785813194,banana,Kaggle Benchmark
National Benchmark,Benchmark Baseline,Curated Benchmark,1.5561303011988408,1.080379537200742,0.09577704436393748,-0.7228869200920429,0.6919571638066144,0.3906843639405466,0.16260159643955838,banana,Kaggle Benchmark
National Benchmark,Benchmark Baseline,Curated Benchmark,1.3394299285222817,0.807535542958571,0.07603290103553959,-0.5419860512216123,0.3799323728107275,0.2595298173244758,0.12493668341945086,banana,Kaggle Benchmark
National Benchmark,Benchmark Baseline,Curated Benchmark,1.5832178477834107,1.1410115359212245,0.09577704436393748,-0.5936720137560212,0.8005733885203725,0.5402544462116136,0.12348103460707958,banana,Kaggle Benchmark
National Benchmark,Benchmark Baseline,Curated Benchmark,0.8518540900000237,0.7469035442380886,-0.04243195893484785,-0.9425522608632805,-0.10982805862585408,0.6058317195196486,0.12693820053646138,banana,Kaggle Benchmark
National Benchmark,Benchmark Baseline,Curated Benchmark,1.501955208029701,0.5043755493561588,0.1352653310207333,-0.9425522608632805,0.050134017770771776,0.31612390250812233,0.2335644760426591,banana,Kaggle Benchmark
National Benchmark,Benchmark Baseline,Curated Benchmark,1.0685544626765828,0.9894315391200184,0.07603290103553959,-0.8779448076952696,0.04618433687208975,0.4706347382476029,0.28433022837410826,banana,Kaggle Benchmark
National Benchmark,Benchmark Baseline,Curated Benchmark,0.8789416365845936,1.2622755333621893,0.03654461437874377,-1.239746545436132,0.17849864697794002,0.2837844252603241,0.09800718039058173,banana,Kaggle Benchmark
National Benchmark,Benchmark Baseline,Curated Benchmark,1.8540933136291093,1.1106955365609832,-0.0029436722780520393,-0.619514995023225,0.6030893435862671,0.3641839589736007,0.2692278719457561,banana,Kaggle Benchmark
National Benchmark,Benchmark Baseline,Curated Benchmark,1.5290427546142709,0.5650075480766412,-0.062176102263245756,-0.8779448076952696,0.5003976402205317,0.45177004318638775,-0.2193242607063616,banana,Kaggle Benchmark
National Benchmark,Benchmark Baseline,Curated Benchmark,1.7728306738753996,0.8378515423188122,0.1352653310207333,-0.709965429458441,0.1587502424845299,0.5487884749297824,-0.15181854703264244,banana,Kaggle Benchmark
National Benchmark,Benchmark Baseline,Curated Benchmark,1.3665174751068516,0.655955546157365,0.03654461437874377,-0.29647772918316967,0.19232253012332745,0.44593097090553485,0.11856821986532652,banana,Kaggle Benchmark
National Benchmark,Benchmark Baseline,Curated Benchmark,1.1498171024302926,0.8378515423188122,0.03654461437874377,-0.5549075418552142,0.4154795008988664,0.22898697770155488,-0.022811671036236172,banana,Kaggle Benchmark
National Benchmark,Benchmark Baseline,Curated Benchmark,1.2039921955994322,0.655955546157365,-0.062176102263245756,-0.8262588451608607,0.6643093975158396,0.5155506788695449,0.10110043411687078,banana,Kaggle Benchmark
National Benchmark,Benchmark Baseline,Curated Benchmark,1.5290427546142709,0.5346915487164,0.1352653310207333,-0.4903000886872034,0.7512023772868462,0.5609157788977066,0.25048639348647556,banana,Kaggle Benchmark
National Benchmark,Benchmark Baseline,Curated Benchmark,0.8789416365845936,1.231959534001948,-0.022687815606449946,0.0007165553896807421,0.35228460651995264,0.4324561887189524,0.15787073779935157,banana,Kaggle Benchmark
National Benchmark,Benchmark Baseline,Curated Benchmark,1.3936050216914215,0.5953235474368824,0.1155211876923354,-0.9683952421304856,0.15480056158584718,0.580678792771361,0.13749165442615327,banana,Kaggle Benchmark
National Benchmark,Benchmark Baseline,Curated Benchmark,0.9602042763383033,0.7772195435983298,-0.062176102263245756,-0.8521018264280658,0.43325306494293586,0.5034233749016207,-0.07739850150015992,banana,Kaggle Benchmark
National Benchmark,Benchmark Baseline,Curated Benchmark,1.7999182204599695,0.9894315391200184,0.09577704436393748,-0.9942382233976894,-0.0821802923350792,0.5425002432427105,0.22555840757461698,banana,Kaggle Benchmark
National Benchmark,Benchmark Baseline,Curated Benchmark,1.6373929409525505,0.7772195435983298,0.09577704436393748,-0.38692816361838556,0.5319950874099886,0.19260506579778172,0.29542955056843945,banana,Kaggle Benchmark
National Benchmark,Benchmark Baseline,Curated Benchmark,1.2039921955994322,0.6256395467971237,0.03654461437874377,-0.6065935043896231,0.05605853911879446,0.40370998672090946,0.1207516930838833,banana,Kaggle Benchmark
National Benchmark,Benchmark Baseline,Curated Benchmark,1.0956420092611527,0.655955546157365,0.1352653310207333,-0.3352422010839766,0.37005817056402207,0.20787648560924218,0.10583129275707759,banana,Kaggle Benchmark
National Benchmark,Benchmark Baseline,Curated Benchmark,1.1498171024302926,0.8984835410392947,-0.04243195893484785,-0.9037877889624747,0.7433030154894814,0.5398052868053939,0.10528542445243834,banana,Kaggle Benchmark
National Benchmark,Benchmark Baseline,Curated Benchmark,1.1227295558457226,0.9591155397597771,0.05628875770714167,-0.9425522608632805,0.7117055683000245,0.4311087105002941,0.09818913649212824,banana,Kaggle Benchmark
National Benchmark,Benchmark Baseline,Curated Benchmark,1.4477801148605614,0.807535542958571,0.1155211876923354,-0.7616513919928499,0.29106455259038017,0.4427868550619992,0.12129756138852255,banana,Kaggle Benchmark
National Benchmark,Benchmark Baseline,Curated Benchmark,1.4206925682759914,0.5650075480766412,0.05628875770714167,-0.47737859805360144,0.1014798694536388,0.46389734715431197,0.01849236401479965,banana,Kaggle Benchmark
National Benchmark,Benchmark Baseline,Curated Benchmark,1.1227295558457226,0.655955546157365,-0.062176102263245756,-1.0330026952984963,0.670233918863863,0.2905218163536157,-0.23715595865790984,banana,Kaggle Benchmark
National Benchmark,Benchmark Baseline,Curated Benchmark,1.1498171024302926,0.9591155397597771,0.016800471050345864,-1.0071597140312913,0.46485051213239276,0.3507091767870182,0.2914265163344184,banana,Kaggle Benchmark
National Benchmark,Benchmark Baseline,Curated Benchmark,1.8811808602136793,1.0197475384802597,0.07603290103553959,-0.7228869200920429,0.4865737570751443,0.2056306885781452,0.282510667358644,banana,Kaggle Benchmark
National Benchmark,Benchmark Baseline,Curated Benchmark,1.5561303011988408,0.5650075480766412,-0.04243195893484785,-0.46445710741999835,-0.09007965413244326,0.6062808789258683,-0.22769424137749647,banana,Kaggle Benchmark
National Benchmark,Benchmark Baseline,Curated Benchmark,1.474867661445131,1.0500635378405008,0.1155211876923354,-0.5807505231224193,0.034335294176042974,0.5851703868335556,0.19535369471791256,banana,Kaggle Benchmark
National Benchmark,Benchmark Baseline,Curated Benchmark,1.285254835353142,0.7772195435983298,0.03654461437874377,-0.03804791651112508,-0.05453252604430433,0.5833737492086776,-0.22569272426048595,banana,Kaggle Benchmark
National Benchmark,Benchmark Baseline,Curated Benchmark,1.6373929409525505,1.0500635378405008,0.1352653310207333,-1.239746545436132,0.7571268986348689,0.30848819260239213,-0.1276183855269696,banana,Kaggle Benchmark
National Benchmark,Benchmark Baseline,Curated Benchmark,1.258167288768572,0.6256395467971237,-0.062176102263245756,-1.0200812046648944,0.170599285180576,0.31612390250812233,0.17570243575090005,banana,Kaggle Benchmark
National Benchmark,Benchmark Baseline,Curated Benchmark,1.2039921955994322,0.8681675416790534,-0.0029436722780520393,-0.9683952421304856,0.3503097660706119,0.531271258087225,-0.19439627479450303,banana,Kaggle Benchmark
National Benchmark,Benchmark Baseline,Curated Benchmark,1.041466916092013,1.1410115359212245,0.1352653310207333,-0.24479176664876073,-0.10587837772717205,0.3942776391903019,-0.16619307905480912,banana,Kaggle Benchmark
National Benchmark,Benchmark Baseline,Curated Benchmark,1.041466916092013,0.9591155397597771,0.1352653310207333,-0.24479176664876073,0.20812125371805626,0.22494454304557995,-0.21350166545687627,banana,Kaggle Benchmark
National Benchmark,Benchmark Baseline,Curated Benchmark,1.8270057670445394,1.0500635378405008,0.05628875770714167,-0.34816369171757855,-0.032809281101552845,0.3596923649114061,-0.051014866775930055,banana,Kaggle Benchmark
National Benchmark,Benchmark Baseline,Curated Benchmark,1.3665174751068516,1.1713275352814656,-0.062176102263245756,-0.9167092795960766,0.5161963638152605,0.41134569662663967,-0.09941518978727572,banana,Kaggle Benchmark
National Benchmark,Benchmark Baseline,Curated Benchmark,1.3123423819377118,1.1713275352814656,-0.022687815606449946,-0.19310580411435183,0.49644795932184965,0.269411324261303,0.0006606660632511528,banana,Kaggle Benchmark
National Benchmark,Benchmark Baseline,Curated Benchmark,0.8518540900000237,0.7165875448778474,-0.04243195893484785,-0.7358084107256448,0.6583848761678162,0.48096540459064974,-0.13889966382284727,banana,Kaggle Benchmark
National Benchmark,Benchmark Baseline,Curated Benchmark,1.0685544626765828,0.9894315391200184,0.1352653310207333,-1.0717671671993034,0.4628756716830521,0.5690006482096565,-0.10742125825531783,banana,Kaggle Benchmark
National Benchmark,Benchmark Baseline,Curated Benchmark,1.2039921955994322,1.0500635378405008,0.07603290103553959,-0.29647772918316967,0.47077503348041616,0.33319195994446077,-0.15982461550068455,banana,Kaggle Benchmark
National Benchmark,Benchmark Baseline,Curated Benchmark,1.4477801148605614,0.5953235474368824,-0.04243195893484785,-0.24479176664876073,0.6959068447052965,0.38798940750323,-0.2367920464548171,banana,Kaggle Benchmark
National Benchmark,Benchmark Baseline,Curated Benchmark,1.3936050216914215,0.5953235474368824,0.07603290103553959,-0.14141984157994292,0.45300146943634667,0.533517055118322,-0.2406131245872919,banana,Kaggle Benchmark
National Benchmark,Benchmark Baseline,Curated Benchmark,1.3394299285222817,0.6256395467971237,0.07603290103553959,-0.8133373545272587,-0.03675896200023487,0.45177004318638775,-0.12707251722233034,banana,Kaggle Benchmark
National Benchmark,Benchmark Baseline,Curated Benchmark,1.1769046490148625,1.080379537200742,-0.0029436722780520393,-1.0588456765657002,0.581366098643515,0.5856195462397746,0.1385833910354318,banana,Kaggle Benchmark
National Benchmark,Benchmark Baseline,Curated Benchmark,1.3123423819377118,0.5043755493561588,-0.04243195893484785,-0.9554737514968824,0.19429737057266883,0.5173473164944229,-0.05374420829912609,banana,Kaggle Benchmark
National Benchmark,Benchmark Baseline,Curated Benchmark,1.6644804875371204,1.0197475384802597,-0.0029436722780520393,-0.34816369171757855,0.3127877975331317,0.2658180490115477,-0.0726676428599531,banana,Kaggle Benchmark
National Benchmark,Benchmark Baseline,Curated Benchmark,1.7999182204599695,0.8681675416790534,-0.062176102263245756,-1.1105316391001092,-0.06440672829100974,0.3507091767870182,0.035596237560162385,banana,Kaggle Benchmark
National Benchmark,Benchmark Baseline,Curated Benchmark,1.231079742184002,0.9894315391200184,0.05628875770714167,-0.27063474791596576,0.8479695593045575,0.24740251335655097,-0.2085888507151232,banana,Kaggle Benchmark
National Benchmark,Benchmark Baseline,Curated Benchmark,1.6915680341216903,0.9591155397597771,-0.062176102263245756,-0.5549075418552142,0.46090083123371073,0.2316819341388715,0.1023741268276958,banana,Kaggle Benchmark
National Benchmark,Benchmark Baseline,Curated Benchmark,1.474867661445131,1.201643534641707,-0.04243195893484785,-0.9167092795960766,-0.1197022608725588,0.32690372825738884,0.08927328751635412,banana,Kaggle Benchmark
National Benchmark,Benchmark Baseline,Curated Benchmark,0.9331167297537334,1.080379537200742,0.05628875770714167,-0.3998496542519875,0.7097307278506839,0.5937044155517245,0.0925484973441894,banana,Kaggle Benchmark
National Benchmark,Benchmark Baseline,Curated Benchmark,1.5561303011988408,1.231959534001948,-0.022687815606449946,-0.10265536967913709,0.3443852447225886,0.586967024458433,-0.23024162679914625,banana,Kaggle Benchmark
National Benchmark,Benchmark Baseline,Curated Benchmark,1.1227295558457226,0.8378515423188122,0.07603290103553959,-0.7487299013592479,0.47274987392975754,0.22674118067045793,0.004299788094179454,banana,Kaggle Benchmark
National Benchmark,Benchmark Baseline,Curated Benchmark,1.6103053943679806,0.5346915487164,0.1155211876923354,-0.9554737514968824,0.6030893435862671,0.48186372340308836,-0.16528329854707713,banana,Kaggle Benchmark
National Benchmark,Benchmark Baseline,Curated Benchmark,0.8518540900000237,0.655955546157365,0.1352653310207333,-0.24479176664876073,0.3424104042732479,0.31477642428946406,-0.2056775530903807,banana,Kaggle Benchmark
National Benchmark,Benchmark Baseline,Curated Benchmark,1.7999182204599695,0.8378515423188122,0.09577704436393748,-1.239746545436132,0.7689759413309156,0.3021999609153202,-0.09704976046717244,banana,Kaggle Benchmark
National Benchmark,Benchmark Baseline,Curated Benchmark,-1.3151496367655673,-0.40510443145107783,-0.417570682174408,-0.671200957557634,0.8143972716657593,-1.0749227785534226,-0.24316051000894168,mango,Kaggle Benchmark
National Benchmark,Benchmark Baseline,Curated Benchmark,-0.3129104131364815,-0.8901604212149373,-0.3385941088608164,-2.2088583429562982,1.5687863233140429,-0.7973422655098208,-0.08704217488211954,mango,Kaggle Benchmark
National Benchmark,Benchmark Baseline,Curated Benchmark,-0.8004862516587395,-0.8295284224944549,-0.417570682174408,-0.9942382233976894,0.27329098854631073,-1.06908370627257,-0.1385357516197545,mango,Kaggle Benchmark
National Benchmark,Benchmark Baseline,Curated Benchmark,-0.6921360653204599,-0.9507924199354199,-0.45705896883120384,-0.632436485656827,1.5687863233140429,-1.1652038192035261,-0.1410831370414043,mango,Kaggle Benchmark
National Benchmark,Benchmark Baseline,Curated Benchmark,-1.369324729934707,-0.9811084192956611,-0.3188499655324185,-0.05096940714472817,2.0308989884598487,-0.7735368169801915,-0.20494972868419492,mango,Kaggle Benchmark
National Benchmark,Benchmark Baseline,Curated Benchmark,-0.8275737982433093,-1.0417404180161434,-0.2596175355472248,-0.46445710741999835,1.6912264311731877,-0.9370308408440605,-0.09923323368572921,mango,Kaggle Benchmark
National Benchmark,Benchmark Baseline,Curated Benchmark,-0.8546613448278793,-0.9811084192956611,-0.2793616788756227,-1.808292133314629,0.8696928042473091,-0.8215968734456695,-0.10432800452902878,mango,Kaggle Benchmark
National Benchmark,Benchmark Baseline,Curated Benchmark,-0.8817488914124492,-1.102372416736626,-0.3385941088608164,-1.0330026952984963,1.2113402019833115,-1.182271876639864,-0.17674653294450102,mango,Kaggle Benchmark
National Benchmark,Benchmark Baseline,Curated Benchmark,-1.0713617175044383,-0.5263684288920427,-0.2991058222040206,-0.632436485656827,2.048672552503919,-0.8647161764427339,-0.1472696444939821,mango,Kaggle Benchmark
National Benchmark,Benchmark Baseline,Curated Benchmark,-0.5566983323976105,-0.7688964237739725,-0.35833825218921433,-1.821213623948232,1.2350382873754044,-0.8665128140676115,-0.09086325301459434,mango,Kaggle Benchmark
National Benchmark,Benchmark Baseline,Curated Benchmark,-0.8817488914124492,-1.0417404180161434,-0.417570682174408,-2.1959368523226965,0.42337886269623115,-0.8593262635681006,-0.1701961132888302,mango,Kaggle Benchmark
National Benchmark,Benchmark Baseline,Curated Benchmark,-0.7463111584895997,-0.9204764205751785,-0.417570682174408,-1.691998717612209,1.7978678154376044,-0.9006489289402874,-0.11197016079397813,mango,Kaggle Benchmark
National Benchmark,Benchmark Baseline,Curated Benchmark,-0.36708550630562126,-0.7082644250534901,-0.2793616788756227,0.427125746298554,0.3799323728107275,-0.8013847001657954,-0.07485111607851014,mango,Kaggle Benchmark
National Benchmark,Benchmark Baseline,Curated Benchmark,-1.0713617175044383,-0.7992124231342137,-0.35833825218921433,-0.10265536967913709,0.4115298200001844,-1.029557678525261,-0.2475274564460555,mango,Kaggle Benchmark
National Benchmark,Benchmark Baseline,Curated Benchmark,-1.0442741709198684,-1.0417404180161434,-0.3385941088608164,-1.162217601634518,0.32266199977983706,-0.8454023219752989,-0.21095428003522648,mango,Kaggle Benchmark
National Benchmark,Benchmark Baseline,Curated Benchmark,-1.2880620901809974,-0.7688964237739725,-0.2991058222040206,-0.9167092795960766,0.9328876986262229,-1.01473541812002,-0.16437351803934486,mango,Kaggle Benchmark
National Benchmark,Benchmark Baseline,Curated Benchmark,-0.36708550630562126,-0.46573643017156025,-0.3188499655324185,-1.3560399611385519,1.233063446926063,-1.1656529786097454,-0.2165949191831653,mango,Kaggle Benchmark
National Benchmark,Benchmark Baseline,Curated Benchmark,-0.6650485187358901,-0.4960524295318015,-0.35833825218921433,-0.38692816361838556,1.9321569659927962,-0.9891333319655132,-0.11015059977851412,mango,Kaggle Benchmark
National Benchmark,Benchmark Baseline,Curated Benchmark,-0.9900990777507287,-1.0720564173763847,-0.35833825218921433,-1.6532342457114022,0.8282211548111468,-0.8687586110987086,-0.14035531263521853,mango,Kaggle Benchmark
National Benchmark,Benchmark Baseline,Curated Benchmark,-0.28582286655191164,-1.132688416096867,-0.2596175355472248,-1.9633500209178556,1.687276750274505,-0.7780284110423857,-0.09341063843624414,mango,Kaggle Benchmark
National Benchmark,Benchmark Baseline,Curated Benchmark,-1.2609745435964277,-1.0114244186559023,-0.45705896883120384,-1.0459241859320982,0.6544351952691342,-1.0574055617108653,-0.06338788168108597,mango,Kaggle Benchmark
National Benchmark,Benchmark Baseline,Curated Benchmark,-0.39417305289019117,-0.8598444218546961,-0.2991058222040206,-1.1880605829017232,0.46682535258173413,-0.8153086417585976,-0.07012025743830332,mango,Kaggle Benchmark
National Benchmark,Benchmark Baseline,Curated Benchmark,-0.5566983323976105,-1.102372416736626,-0.3385941088608164,0.427125746298554,1.1027239772695534,-0.7627569912309253,-0.1607343960084168,mango,Kaggle Benchmark
National Benchmark,Benchmark Baseline,Curated Benchmark,-0.6108734255667503,-0.4960524295318015,-0.39782653884601016,-0.47737859805360144,1.2863841390582722,-0.9410732755000352,-0.08795195538985182,mango,Kaggle Benchmark
National Benchmark,Benchmark Baseline,Curated Benchmark,-0.3399979597210514,-1.1630044154571084,-0.35833825218921433,-1.795370642681027,0.6524603548197935,-1.0484223735864766,-0.11742884384037046,mango,Kaggle Benchmark
National Benchmark,Benchmark Baseline,Curated Benchmark,-1.0442741709198684,-0.4960524295318015,-0.35833825218921433,-2.4802096462619447,1.0829755727761432,-1.0812110102404946,-0.23970334407955962,mango,Kaggle Benchmark
National Benchmark,Benchmark Baseline,Curated Benchmark,-0.3399979597210514,-1.0417404180161434,-0.3385941088608164,-0.7874943732600538,1.8018174963362872,-1.0057522299956316,-0.2331529244238888,mango,Kaggle Benchmark
National Benchmark,Benchmark Baseline,Curated Benchmark,-1.152624357258148,-0.6173164269727663,-0.37808239551761225,-0.03804791651112508,0.861793442449945,-0.9877858537468549,-0.21186406054295875,mango,Kaggle Benchmark
National Benchmark,Benchmark Baseline,Curated Benchmark,-0.9630115311661588,-0.7992124231342137,-0.39782653884601016,-2.531895608796354,1.6161824940982272,-1.1387034142365802,-0.2298777145960535,mango,Kaggle Benchmark
National Benchmark,Benchmark Baseline,Curated Benchmark,-0.44834814605933093,-1.132688416096867,-0.45705896883120384,-0.46445710741999835,0.8795670064940144,-0.9217594210326001,-0.2067692896996592,mango,Kaggle Benchmark
National Benchmark,Benchmark Baseline,Curated Benchmark,-1.0713617175044383,-0.5263684288920427,-0.3385941088608164,0.01363804602328383,0.45497630988568805,-0.8849283497226076,-0.058293110837786405,mango,Kaggle Benchmark
National Benchmark,Benchmark Baseline,Curated Benchmark,-0.47543569264390084,-0.7385804244137313,-0.2793616788756227,0.46589021819936094,1.1441956267057156,-0.9999131577147794,-0.19039324056048196,mango,Kaggle Benchmark
National Benchmark,Benchmark Baseline,Curated Benchmark,-1.0442741709198684,-0.6779484256932489,-0.4373148255028059,-1.3818829424057557,2.009175743517097,-0.877741799223097,-0.059020935243972165,mango,Kaggle Benchmark
National Benchmark,Benchmark Baseline,Curated Benchmark,-1.0442741709198684,-0.5870004276125251,-0.39782653884601016,-0.4256926355191925,1.5292895143272212,-1.1885601083269357,-0.08449478946047002,mango,Kaggle Benchmark
National Benchmark,Benchmark Baseline,Curated Benchmark,-1.2338869970118578,-1.132688416096867,-0.3385941088608164,-2.467288155628343,2.0427480311558956,-1.023269446838189,-0.09923323368572921,mango,Kaggle Benchmark
National Benchmark,Benchmark Baseline,Curated Benchmark,-1.3422371833501372,-0.7082644250534901,-0.37808239551761225,-0.05096940714472817,0.5359447683086707,-0.9019964071589457,-0.2145934020661548,mango,Kaggle Benchmark
National Benchmark,Benchmark Baseline,Curated Benchmark,-0.935923984581589,-0.5566844282522839,-0.3385941088608164,-1.4852548674745736,1.3160067457983877,-0.9563446953114956,-0.13598836619810473,mango,Kaggle Benchmark
National Benchmark,Benchmark Baseline,Curated Benchmark,-0.4212605994747611,-1.0720564173763847,-0.4373148255028059,-1.5369408300089824,1.2587363727674965,-0.9267001745010137,-0.11051451198160687,mango,Kaggle Benchmark
National Benchmark,Benchmark Baseline,Curated Benchmark,-1.2609745435964277,-0.40510443145107783,-0.4373148255028059,0.32375382122973617,0.38783173460809156,-1.0291085191190417,-0.13871770772130076,mango,Kaggle Benchmark
National Benchmark,Benchmark Baseline,Curated Benchmark,-1.1255368106735781,-0.7385804244137313,-0.2793616788756227,-0.9554737514968824,0.7433030154894814,-1.1494832399858463,-0.04828552525273377,mango,Kaggle Benchmark
National Benchmark,Benchmark Baseline,Curated Benchmark,-1.3151496367655673,-0.46573643017156025,-0.2991058222040206,-2.299308777391513,1.337729990741139,-0.8198002358207919,-0.24097703679038465,mango,Kaggle Benchmark
National Benchmark,Benchmark Baseline,Curated Benchmark,-0.6650485187358901,-0.6476324263330075,-0.3188499655324185,0.4400472369321559,1.045453604238663,-0.9680228398732005,-0.24243268560275594,mango,Kaggle Benchmark
National Benchmark,Benchmark Baseline,Curated Benchmark,-0.44834814605933093,-0.46573643017156025,-0.3385941088608164,-0.025126425877523142,1.9282072850941148,-1.1634071815786484,-0.10996864367696761,mango,Kaggle Benchmark
National Benchmark,Benchmark Baseline,Curated Benchmark,-1.2338869970118578,-0.6476324263330075,-0.2991058222040206,-0.8133373545272587,1.3239061075957517,-0.8485464378188344,-0.18366086480326463,mango,Kaggle Benchmark
National Benchmark,Benchmark Baseline,Curated Benchmark,-0.5296107858130407,-0.7385804244137313,-0.4373148255028059,-1.872899586482641,0.5142215233659191,-1.0812110102404946,-0.10360018012284328,mango,Kaggle Benchmark
National Benchmark,Benchmark Baseline,Curated Benchmark,-0.44834814605933093,-0.5870004276125251,-0.2596175355472248,-0.06389089777833011,0.3266116806785191,-1.0919908359897603,-0.14927116161099266,mango,Kaggle Benchmark
National Benchmark,Benchmark Baseline,Curated Benchmark,-0.39417305289019117,-1.0417404180161434,-0.3188499655324185,-1.9762715115514575,0.2950142334890622,-0.9329884061880857,-0.20185647495790587,mango,Kaggle Benchmark
National Benchmark,Benchmark Baseline,Curated Benchmark,-1.179711903842718,-1.102372416736626,-0.4373148255028059,-0.07681238841193205,1.8314401030764027,-1.0205744904008727,-0.21532122647234056,mango,Kaggle Benchmark
National Benchmark,Benchmark Baseline,Curated Benchmark,-0.3399979597210514,-1.1630044154571084,-0.417570682174408,0.40128276503135013,1.6063082918515224,-1.0322526349625776,-0.2038579920749164,mango,Kaggle Benchmark
National Benchmark,Benchmark Baseline,Curated Benchmark,-1.2338869970118578,-1.0417404180161434,-0.45705896883120384,-0.03804791651112508,0.3424104042732479,-0.765451947668242,-0.13071163925325865,mango,Kaggle Benchmark
National Benchmark,Benchmark Baseline,Curated Benchmark,-0.36708550630562126,-0.5263684288920427,-0.4373148255028059,-2.350994739925922,1.4364720132081918,-0.8476481190063958,-0.1632817814300666,mango,Kaggle Benchmark
National Benchmark,Benchmark Baseline,Curated Benchmark,-0.8004862516587395,-0.6779484256932489,-0.3188499655324185,-1.5757053019097893,1.9301821255434555,-0.9006489289402874,-0.2395213879780134,mango,Kaggle Benchmark
National Benchmark,Benchmark Baseline,Curated Benchmark,-0.36708550630562126,-0.5263684288920427,-0.417570682174408,-0.7228869200920429,0.3819072132600688,-1.0587530399295235,-0.2377018269625491,mango,Kaggle Benchmark
National Benchmark,Benchmark Baseline,Curated Benchmark,-0.7463111584895997,-0.9204764205751785,-0.35833825218921433,-2.2088583429562982,1.4226481300628044,-1.0789652132093972,-0.228785977986775,mango,Kaggle Benchmark
National Benchmark,Benchmark Baseline,Curated Benchmark,-0.39417305289019117,-0.8295284224944549,-0.4373148255028059,0.4400472369321559,0.8993154109874253,-0.9163695081579671,-0.1498170299156319,mango,Kaggle Benchmark
National Benchmark,Benchmark Baseline,Curated Benchmark,-0.7192236119050298,-0.6173164269727663,-0.2596175355472248,-1.4594118862073697,0.7196049300973894,-0.7483838902319039,-0.049195305760465775,mango,Kaggle Benchmark
National Benchmark,Benchmark Baseline,Curated Benchmark,-0.6650485187358901,-1.0720564173763847,-0.35833825218921433,-0.16726282284714794,1.2725602559128846,-0.9163695081579671,-0.12488904400377357,mango,Kaggle Benchmark
National Benchmark,Benchmark Baseline,Curated Benchmark,-0.7733987050741696,-1.102372416736626,-0.4373148255028059,-2.2217798335899004,0.6090138649342898,-1.0672870686476925,-0.06957438913366405,mango,Kaggle Benchmark
National Benchmark,Benchmark Baseline,Curated Benchmark,-1.0713617175044383,-0.5870004276125251,-0.3188499655324185,0.46589021819936094,0.6959068447052965,-0.9913791289966105,-0.10760321435686433,mango,Kaggle Benchmark
National Benchmark,Benchmark Baseline,Curated Benchmark,-0.5837858789821804,-0.5566844282522839,-0.39782653884601016,0.6467910870697916,0.5398944492073533,-0.8058762942279897,-0.2377018269625491,mango,Kaggle Benchmark
National Benchmark,Benchmark Baseline,Curated Benchmark,-0.7733987050741696,-0.7688964237739725,-0.4373148255028059,-1.9633500209178556,0.4056052986521617,-1.170593732078159,-0.19312258208367825,mango,Kaggle Benchmark
National Benchmark,Benchmark Baseline,Curated Benchmark,-0.7463111584895997,-0.8901604212149373,-0.3188499655324185,-1.0846886578329054,0.494473118872509,-1.1369067766117025,-0.18493455751408963,mango,Kaggle Benchmark
National Benchmark,Benchmark Baseline,Curated Benchmark,-1.3422371833501372,-0.5566844282522839,-0.2793616788756227,-0.25771325728236383,1.0217555188465701,-1.1131013280820732,-0.20476777258264867,mango,Kaggle Benchmark
National Benchmark,Benchmark Baseline,Curated Benchmark,-1.3151496367655673,-0.8901604212149373,-0.2793616788756227,0.0007165553896807421,0.6465358334717701,-0.7488330496381231,-0.15836896668831327,mango,Kaggle Benchmark
National Benchmark,Benchmark Baseline,Curated Benchmark,-0.3129104131364815,-0.4960524295318015,-0.45705896883120384,0.6209481058025877,1.5233649929791977,-1.1620597033599902,-0.09413846284242965,mango,Kaggle Benchmark
National Benchmark,Benchmark Baseline,Curated Benchmark,-0.9630115311661588,-0.5263684288920427,-0.417570682174408,-1.0717671671993034,0.42930338404425383,-0.7865624397605546,-0.22660250476821794,mango,Kaggle Benchmark
National Benchmark,Benchmark Baseline,Curated Benchmark,-1.2880620901809974,-1.0720564173763847,-0.3385941088608164,-0.10265536967913709,1.1915917974899006,-1.0452782577429407,-0.22496489985430043,mango,Kaggle Benchmark
National Benchmark,Benchmark Baseline,Curated Benchmark,-1.152624357258148,-0.46573643017156025,-0.3188499655324185,-1.9245855490170487,0.8163721121151006,-1.1113046904571955,-0.2193242607063616,mango,Kaggle Benchmark
National Benchmark,Benchmark Baseline,Curated Benchmark,-0.47543569264390084,-0.6779484256932489,-0.2793616788756227,-1.3560399611385519,1.1283969031109868,-0.9549972170928374,-0.24898310525842676,mango,Kaggle Benchmark
National Benchmark,Benchmark Baseline,Curated Benchmark,-0.9900990777507287,-0.7385804244137313,-0.3188499655324185,0.6080266151689858,1.9795531367769819,-1.011142142870265,-0.1081490826615036,mango,Kaggle Benchmark
National Benchmark,Benchmark Baseline,Curated Benchmark,-0.8817488914124492,-1.0114244186559023,-0.4373148255028059,-1.3301969798713469,1.1955414783885834,-0.8754960021919997,-0.24534398322749845,mango,Kaggle Benchmark
National Benchmark,Benchmark Baseline,Curated Benchmark,-1.1255368106735781,-0.9811084192956611,-0.3188499655324185,-0.7745728826264519,1.314031905349047,-0.8049779754155507,-0.13689814670583672,mango,Kaggle Benchmark
National Benchmark,Benchmark Baseline,Curated Benchmark,-0.8275737982433093,-0.7082644250534901,-0.417570682174408,-2.2217798335899004,0.43325306494293586,-0.8934623784407765,-0.13762597111202224,mango,Kaggle Benchmark
National Benchmark,Benchmark Baseline,Curated Benchmark,-1.1255368106735781,-0.46573643017156025,-0.45705896883120384,-1.252668036069734,1.7721948895961717,-0.949607304218204,-0.05738333033005439,mango,Kaggle Benchmark
National Benchmark,Benchmark Baseline,Curated Benchmark,-0.6650485187358901,-0.8901604212149373,-0.2793616788756227,0.4400472369321559,1.1165478604149408,-0.8642670170365142,-0.24971092966461253,mango,Kaggle Benchmark
National Benchmark,Benchmark Baseline,Curated Benchmark,-0.5296107858130407,-0.5263684288920427,-0.37808239551761225,-0.0122049352439212,1.643830260389002,-0.8427073655379822,-0.10924081927078211,mango,Kaggle Benchmark
National Benchmark,Benchmark Baseline,Curated Benchmark,-0.9900990777507287,-1.0720564173763847,-0.2596175355472248,-2.1700938710554913,1.0810007323268018,-1.0987282270830516,-0.2182325240970831,mango,Kaggle Benchmark
National Benchmark,Benchmark Baseline,Curated Benchmark,-0.28582286655191164,-1.132688416096867,-0.2596175355472248,0.01363804602328383,1.2389879682740863,-1.0088963458391675,-0.25244027118780854,mango,Kaggle Benchmark
National Benchmark,Benchmark Baseline,Curated Benchmark,-0.6108734255667503,-0.7992124231342137,-0.2793616788756227,0.07824549919129468,1.349579033437186,-0.9334375655943049,-0.15309223974346745,mango,Kaggle Benchmark
National Benchmark,Benchmark Baseline,Curated Benchmark,-1.369324729934707,-1.102372416736626,-0.35833825218921433,-0.24479176664876073,1.9459808491381836,-1.0560580834922069,-0.10323626791975027,mango,Kaggle Benchmark
National Benchmark,Benchmark Baseline,Curated Benchmark,-1.3422371833501372,-0.7385804244137313,-0.37808239551761225,-0.5419860512216123,0.3384607233745652,-0.9963198824650241,-0.18074956717852209,mango,Kaggle Benchmark
National Benchmark,Benchmark Baseline,Curated Benchmark,-1.3151496367655673,-0.5263684288920427,-0.3385941088608164,-0.9554737514968824,1.0434787637893217,-0.9666753616545422,-0.21259188494914427,mango,Kaggle Benchmark
National Benchmark,Benchmark Baseline,Curated Benchmark,-1.0442741709198684,-0.7992124231342137,-0.4373148255028059,-1.4852548674745736,0.6860326424585911,-1.1638563409848677,-0.13143946365944442,mango,Kaggle Benchmark
National Benchmark,Benchmark Baseline,Curated Benchmark,-1.179711903842718,-0.7688964237739725,-0.2596175355472248,-2.325151758658718,0.8696928042473091,-1.1095080528323178,-0.1241612195975878,mango,Kaggle Benchmark
National Benchmark,Benchmark Baseline,Curated Benchmark,-1.369324729934707,-0.5263684288920427,-0.4373148255028059,-1.7695276614138231,1.681352228926483,-0.9082846388460176,-0.1287101221362481,mango,Kaggle Benchmark
National Benchmark,Benchmark Baseline,Curated Benchmark,-0.6650485187358901,-0.5566844282522839,-0.3385941088608164,-1.4594118862073697,1.5470630783712913,-0.8274359457265218,-0.09850540927954371,mango,Kaggle Benchmark
National Benchmark,Benchmark Baseline,Curated Benchmark,-0.6379609721513202,-0.9811084192956611,-0.35833825218921433,-1.821213623948232,1.9301821255434555,-0.8530380318810288,-0.2225994705341969,mango,Kaggle Benchmark
National Benchmark,Benchmark Baseline,Curated Benchmark,-0.7733987050741696,-0.46573643017156025,-0.3385941088608164,-0.8391803357944627,1.1678937120978086,-0.8274359457265218,-0.08904369199913033,mango,Kaggle Benchmark
National Benchmark,Benchmark Baseline,Curated Benchmark,-0.7733987050741696,-1.0720564173763847,-0.3385941088608164,-0.658279466924032,1.0158309974985475,-1.0574055617108653,-0.2378837830640956,mango,Kaggle Benchmark
National Benchmark,Benchmark Baseline,Curated Benchmark,-0.6108734255667503,-0.9204764205751785,-0.39782653884601016,-1.0200812046648944,0.8696928042473091,-0.9603871299674702,-0.13416880518264043,mango,Kaggle Benchmark
National Benchmark,Benchmark Baseline,Curated Benchmark,-1.179711903842718,-0.6779484256932489,-0.417570682174408,0.0653240085576916,1.1283969031109868,-1.0731261409285446,-0.16000657160223106,mango,Kaggle Benchmark
National Benchmark,Benchmark Baseline,Curated Benchmark,-0.5837858789821804,-0.5870004276125251,-0.4373148255028059,-0.25771325728236383,1.6319812176929567,-0.7676977446993389,-0.2578989542342009,mango,Kaggle Benchmark
National Benchmark,Benchmark Baseline,Curated Benchmark,-1.152624357258148,-0.4960524295318015,-0.2991058222040206,-0.43861412615279444,0.4865737570751443,-0.742095658544832,-0.10942277537232835,mango,Kaggle Benchmark
National Benchmark,Benchmark Baseline,Curated Benchmark,-0.3129104131364815,-1.132688416096867,-0.417570682174408,-1.9891930021850608,1.959804732283571,-0.8323766991949354,-0.21677687528471182,mango,Kaggle Benchmark
National Benchmark,Benchmark Baseline,Curated Benchmark,-0.28582286655191164,-0.8901604212149373,-0.45705896883120384,-1.3172754892377447,0.6109887053836311,-0.9451157101560101,-0.13780792721356874,mango,Kaggle Benchmark
National Benchmark,Benchmark Baseline,Curated Benchmark,-0.8546613448278793,-0.46573643017156025,-0.4373148255028059,-2.5060526275291486,1.1580195098511032,-1.0196761715884337,-0.1872999868341929,mango,Kaggle Benchmark
National Benchmark,Benchmark Baseline,Curated Benchmark,-0.8004862516587395,-0.9811084192956611,-0.35833825218921433,-1.3818829424057557,0.4115298200001844,-0.9010980883465067,-0.04901334965891953,mango,Kaggle Benchmark
National Benchmark,Benchmark Baseline,Curated Benchmark,-0.7733987050741696,-1.0720564173763847,-0.2991058222040206,0.19453891489371444,0.9467115817716103,-0.8534871912872484,-0.17365327921821197,mango,Kaggle Benchmark
National Benchmark,Benchmark Baseline,Curated Benchmark,-0.5296107858130407,-1.0114244186559023,-0.35833825218921433,-0.3352422010839766,1.2962583413049769,-0.784765802135677,-0.21059036783213375,mango,Kaggle Benchmark
National Benchmark,Benchmark Baseline,Curated Benchmark,-0.8817488914124492,-0.8295284224944549,-0.3385941088608164,-1.3560399611385519,1.381176480626642,-1.065939590429034,-0.22496489985430043,mango,Kaggle Benchmark
National Benchmark,Benchmark Baseline,Curated Benchmark,-0.7192236119050298,2.323335510970632,2.8994453969964398,-0.46445710741999835,0.865743123348627,0.45177004318638775,-0.6611136752610511,grapes,Kaggle Benchmark
National Benchmark,Benchmark Baseline,Curated Benchmark,-1.0171866243352985,2.7477595020140093,3.077142686952021,-0.4903000886872034,1.009906476150524,0.49174523033991624,-0.6383691625677496,grapes,Kaggle Benchmark
National Benchmark,Benchmark Baseline,Curated Benchmark,-0.7733987050741696,2.1111235154489436,3.0968868302804187,-0.7358084107256448,1.349579033437186,0.5573225036479513,-0.6318187429120787,grapes,Kaggle Benchmark
National Benchmark,Benchmark Baseline,Curated Benchmark,-0.39417305289019117,2.171755514169426,2.9191895403248376,-0.3998496542519875,2.3409489390063944,0.41224401543907835,-0.666390402205897,grapes,Kaggle Benchmark
National Benchmark,Benchmark Baseline,Curated Benchmark,-0.7192236119050298,2.3536515103308733,2.9191895403248376,-0.9554737514968824,-0.7082047147761931,0.5505851125546598,-0.6936838174378589,grapes,Kaggle Benchmark
National Benchmark,Benchmark Baseline,Curated Benchmark,-1.3151496367655673,2.1111235154489436,2.9586778269816336,-0.2835562385495677,2.771464156962744,0.48186372340308836,-0.6016140300553741,grapes,Kaggle Benchmark
National Benchmark,Benchmark Baseline,Curated Benchmark,-0.4212605994747611,2.6264955045730445,2.938933683653236,-0.46445710741999835,-1.7449959506802466,0.5061183313389374,-0.6678460510182682,grapes,Kaggle Benchmark
National Benchmark,Benchmark Baseline,Curated Benchmark,-1.0713617175044383,2.0808075160887025,2.8994453969964398,-1.0588456765657002,-2.661321919174496,0.5429494026489295,-0.6156246498744481,grapes,Kaggle Benchmark
National Benchmark,Benchmark Baseline,Curated Benchmark,-1.2067994504272879,2.1111235154489436,3.057398543623623,-0.43861412615279444,-2.538881811315351,0.4553633184361431,-0.6674821388151755,grapes,Kaggle Benchmark
National Benchmark,Benchmark Baseline,Curated Benchmark,-0.9088364379970191,2.444599508411597,3.077142686952021,0.03948102729048771,2.65099888955294,0.3906843639405466,-0.5382933067172228,grapes,Kaggle Benchmark
National Benchmark,Benchmark Baseline,Curated Benchmark,-0.6921360653204599,2.323335510970632,2.938933683653236,-1.1880605829017232,2.783313199658791,0.5034233749016207,-0.5193698721563957,grapes,Kaggle Benchmark
National Benchmark,Benchmark Baseline,Curated Benchmark,-0.6379609721513202,2.7780755013742504,3.0968868302804187,-0.8650233170616677,-3.1886043191485576,0.4854569986528443,-0.6811288464311565,grapes,Kaggle Benchmark
National Benchmark,Benchmark Baseline,Curated Benchmark,-1.1255368106735781,2.0808075160887025,3.0179102569668275,-1.162217601634518,0.7847746649256437,0.42392216000078353,-0.6441917578172347,grapes,Kaggle Benchmark
National Benchmark,Benchmark Baseline,Curated Benchmark,-0.935923984581589,2.596179505212803,3.057398543623623,-0.24479176664876073,-1.5376377034994364,0.42571879762566084,-0.684404056258992,grapes,Kaggle Benchmark
National Benchmark,Benchmark Baseline,Curated Benchmark,-0.5025232392284708,2.6568115039332856,3.077142686952021,-1.2009820735353252,-3.3149941079063856,0.5128557224322289,-0.6591121581440407,grapes,Kaggle Benchmark
National Benchmark,Benchmark Baseline,Curated Benchmark,-0.7733987050741696,2.565863505852562,2.8994453969964398,-0.3352422010839766,0.4372027458416179,0.5402544462116136,-0.5537595753486677,grapes,Kaggle Benchmark
National Benchmark,Benchmark Baseline,Curated Benchmark,-0.5296107858130407,2.7477595020140093,3.0376544002952253,-0.7745728826264519,-2.882504049500694,0.4077524213768844,-0.6409165479893993,grapes,Kaggle Benchmark
National Benchmark,Benchmark Baseline,Curated Benchmark,-1.2880620901809974,2.505231507132079,3.0968868302804187,-0.18018431348074987,-1.5850338742836214,0.42077804415724723,-0.5832364637991866,grapes,Kaggle Benchmark
National Benchmark,Benchmark Baseline,Curated Benchmark,-0.6108734255667503,2.0808075160887025,2.938933683653236,-0.7874943732600538,-1.1308205709351788,0.5052200125264987,-0.6150787815698088,grapes,Kaggle Benchmark
National Benchmark,Benchmark Baseline,Curated Benchmark,-1.2609745435964277,2.505231507132079,3.077142686952021,-0.7358084107256448,0.853894080652581,0.46254986893565364,-0.6904086076100235,grapes,Kaggle Benchmark
National Benchmark,Benchmark Baseline,Curated Benchmark,-0.3129104131364815,2.7780755013742504,3.0179102569668275,-0.8908662983288715,2.194810745755156,0.4090998995955427,-0.5681341073708344,grapes,Kaggle Benchmark
National Benchmark,Benchmark Baseline,Curated Benchmark,-0.3399979597210514,2.3839675096911144,2.938933683653236,-0.6970439388248391,-1.0261540271201026,0.45177004318638775,-0.6647527972919792,grapes,Kaggle Benchmark
National Benchmark,Benchmark Baseline,Curated Benchmark,-0.39417305289019117,2.414283509051356,2.9586778269816336,-0.3093992198167716,-0.01898539795616541,0.5613649383039263,-0.6239946305455829,grapes,Kaggle Benchmark
National Benchmark,Benchmark Baseline,Curated Benchmark,-0.6921360653204599,2.050491516728461,3.0179102569668275,-1.1363746203673142,0.966459986265021,0.504770853120279,-0.6074366253048594,grapes,Kaggle Benchmark
National Benchmark,Benchmark Baseline,Curated Benchmark,-0.9630115311661588,2.171755514169426,2.9784219703100314,-1.162217601634518,-1.419147276538973,0.4077524213768844,-0.6132592205543445,grapes,Kaggle Benchmark
National Benchmark,Benchmark Baseline,Curated Benchmark,-0.7192236119050298,2.6264955045730445,3.0968868302804187,-0.6970439388248391,-2.671196121421201,0.5438477214613688,-0.6330924356229035,grapes,Kaggle Benchmark
National Benchmark,Benchmark Baseline,Curated Benchmark,-1.0171866243352985,2.3839675096911144,3.057398543623623,-0.06389089777833011,-0.39815476422964746,0.4939910273710132,-0.5499384972161931,grapes,Kaggle Benchmark
National Benchmark,Benchmark Baseline,Curated Benchmark,-1.2338869970118578,2.2020715135296673,2.938933683653236,-0.06389089777833011,-2.5309824495179862,0.4369477827811463,-0.6616595435656905,grapes,Kaggle Benchmark
National Benchmark,Benchmark Baseline,Curated Benchmark,-0.5566983323976105,2.02017551736822,2.998166113638429,-0.3093992198167716,2.4574645255175174,0.48366036102796633,-0.687133397782188,grapes,Kaggle Benchmark
National Benchmark,Benchmark Baseline,Curated Benchmark,-0.7463111584895997,2.6871275032935267,2.938933683653236,-0.6065935043896231,2.6569234109009634,0.47422801349735877,-0.6214472451239331,grapes,Kaggle Benchmark
National Benchmark,Benchmark Baseline,Curated Benchmark,-0.6650485187358901,2.474915507771838,3.057398543623623,-1.0071597140312913,1.6122328131995458,0.43470198575004937,-0.5262842040151593,grapes,Kaggle Benchmark
National Benchmark,Benchmark Baseline,Curated Benchmark,-1.179711903842718,2.2020715135296673,3.057398543623623,-1.0459241859320982,-1.7489456315789287,0.47243137587248085,-0.5490287167084609,grapes,Kaggle Benchmark
National Benchmark,Benchmark Baseline,Curated Benchmark,-0.5025232392284708,2.596179505212803,2.9586778269816336,-0.14141984157994292,2.0289241480105082,0.5025250560891821,-0.6718490852522893,grapes,Kaggle Benchmark
National Benchmark,Benchmark Baseline,Curated Benchmark,-1.1255368106735781,2.6568115039332856,3.0376544002952253,-0.45153561678639637,-0.9096384406089806,0.43560030456248866,-0.6747603828770321,grapes,Kaggle Benchmark
National Benchmark,Benchmark Baseline,Curated Benchmark,-0.8275737982433093,2.6871275032935267,2.9191895403248376,-0.3352422010839766,-2.9062021348927867,0.3834978134410354,-0.6327285234198108,grapes,Kaggle Benchmark
National Benchmark,Benchmark Baseline,Curated Benchmark,-0.5025232392284708,2.2930195116103906,3.0179102569668275,0.026559536656885773,-1.8279392495525713,0.5173473164944229,-0.5805071222759903,grapes,Kaggle Benchmark
National Benchmark,Benchmark Baseline,Curated Benchmark,-1.2880620901809974,2.444599508411597,2.9784219703100314,-0.8391803357944627,-1.0538017934108777,0.4418885362495599,-0.5894229712517647,grapes,Kaggle Benchmark
National Benchmark,Benchmark Baseline,Curated Benchmark,-0.3399979597210514,2.565863505852562,3.077142686952021,-0.18018431348074987,-0.09995385637914866,0.5285763016499084,-0.5541234875517604,grapes,Kaggle Benchmark
National Benchmark,Benchmark Baseline,Curated Benchmark,-0.9900990777507287,2.3536515103308733,2.9586778269816336,-1.175139092268121,1.549037918820632,0.5564241848355127,-0.6467391432388845,grapes,Kaggle Benchmark
National Benchmark,Benchmark Baseline,Curated Benchmark,-0.8275737982433093,2.0808075160887025,3.077142686952021,0.026559536656885773,-2.7284664944520918,0.4212272035634669,-0.6985966321796122,grapes,Kaggle Benchmark
National Benchmark,Benchmark Baseline,Curated Benchmark,-0.28582286655191164,2.2020715135296673,3.0179102569668275,-0.45153561678639637,-2.8153594742230985,0.38394697284725504,-0.5874214541347539,grapes,Kaggle Benchmark
National Benchmark,Benchmark Baseline,Curated Benchmark,-0.39417305289019117,2.2627035122501495,3.077142686952021,-0.9942382233976894,-0.07428093053771516,0.4135914936577367,-0.6627512801749686,grapes,Kaggle Benchmark
National Benchmark,Benchmark Baseline,Curated Benchmark,-1.0713617175044383,2.3839675096911144,2.938933683653236,-0.9554737514968824,-1.9010083461781901,0.43829526099980465,-0.5288315894368091,grapes,Kaggle Benchmark
National Benchmark,Benchmark Baseline,Curated Benchmark,-1.369324729934707,2.5355475064923207,2.8994453969964398,-0.18018431348074987,-0.6272362563532098,0.39113352334676565,-0.6925920808285804,grapes,Kaggle Benchmark
National Benchmark,Benchmark Baseline,Curated Benchmark,-0.8546613448278793,2.1111235154489436,2.998166113638429,-0.38692816361838556,1.8057671772349686,0.42931207287541673,-0.687133397782188,grapes,Kaggle Benchmark
National Benchmark,Benchmark Baseline,Curated Benchmark,-0.5296107858130407,2.505231507132079,2.938933683653236,-1.0588456765657002,1.084950413225484,0.5326187363058833,-0.5828725515960936,grapes,Kaggle Benchmark
National Benchmark,Benchmark Baseline,Curated Benchmark,-1.2609745435964277,2.444599508411597,2.998166113638429,-0.8133373545272587,0.5853157795421969,0.42571879762566084,-0.5481189362007288,grapes,Kaggle Benchmark
National Benchmark,Benchmark Baseline,Curated Benchmark,-0.3129104131364815,2.596179505212803,3.0179102569668275,-1.2009820735353252,3.0755895861612665,0.42841375406297744,-0.6327285234198108,grapes,Kaggle Benchmark
National Benchmark,Benchmark Baseline,Curated Benchmark,-1.152624357258148,2.2323875128899084,2.9191895403248376,-0.8262588451608607,0.2792155098943341,0.5249830264001532,-0.5914244883687753,grapes,Kaggle Benchmark
National Benchmark,Benchmark Baseline,Curated Benchmark,-0.3129104131364815,2.565863505852562,3.057398543623623,-0.089733879045534,-0.8740913125208416,0.4872536362777216,-0.5246465991012418,grapes,Kaggle Benchmark
National Benchmark,Benchmark Baseline,Curated Benchmark,-0.5025232392284708,2.02017551736822,3.077142686952021,-0.4256926355191925,-3.0088938382585213,0.5375594897742969,-0.6563828166208443,grapes,Kaggle Benchmark
National Benchmark,Benchmark Baseline,Curated Benchmark,-1.0442741709198684,2.6871275032935267,3.057398543623623,-0.6453579762904301,1.124447222212305,0.49758430262076847,-0.6996883687888904,grapes,Kaggle Benchmark
National Benchmark,Benchmark Baseline,Curated Benchmark,-1.152624357258148,2.414283509051356,2.8994453969964398,-0.0122049352439212,-1.016279824873398,0.42661711643810013,-0.5852379809161972,grapes,Kaggle Benchmark
National Benchmark,Benchmark Baseline,Curated Benchmark,-1.152624357258148,2.596179505212803,2.9784219703100314,-0.16726282284714794,0.7413281750401408,0.45177004318638775,-0.6793092854156925,grapes,Kaggle Benchmark
National Benchmark,Benchmark Baseline,Curated Benchmark,-0.8004862516587395,2.444599508411597,3.0376544002952253,-0.05096940714472817,-2.9417492629809256,0.3834978134410354,-0.6944116418440446,grapes,Kaggle Benchmark
National Benchmark,Benchmark Baseline,Curated Benchmark,-0.28582286655191164,2.6264955045730445,2.8994453969964398,-0.2318702760151588,-2.1004672315616366,0.4050574649395678,-0.5792334295651655,grapes,Kaggle Benchmark
National Benchmark,Benchmark Baseline,Curated Benchmark,-0.3129104131364815,2.2323875128899084,3.0376544002952253,0.01363804602328383,-2.0333226562840405,0.45760911546724004,-0.5797792978698048,grapes,Kaggle Benchmark
National Benchmark,Benchmark Baseline,Curated Benchmark,-0.8546613448278793,2.02017551736822,2.8994453969964398,-0.6970439388248391,-1.3579272226094006,0.43290534812517206,-0.5441159019667078,grapes,Kaggle Benchmark
National Benchmark,Benchmark Baseline,Curated Benchmark,-0.8004862516587395,2.596179505212803,3.0179102569668275,-0.632436485656827,-1.2354871147502549,0.533517055118322,-0.6607497630579582,grapes,Kaggle Benchmark
National Benchmark,Benchmark Baseline,Curated Benchmark,-0.9088364379970191,2.505231507132079,2.8994453969964398,-0.10265536967913709,3.0795392670599493,0.45491415902992344,-0.6834942757512598,grapes,Kaggle Benchmark
National Benchmark,Benchmark Baseline,Curated Benchmark,-0.47543569264390084,2.596179505212803,3.057398543623623,-1.0071597140312913,1.52533983342854,0.4953385055896715,-0.5965192592120745,grapes,Kaggle Benchmark
National Benchmark,Benchmark Baseline,Curated Benchmark,-0.7733987050741696,2.414283509051356,3.0179102569668275,-0.6065935043896231,-0.35470827434414454,0.38798940750323,-0.6585662898394014,grapes,Kaggle Benchmark
National Benchmark,Benchmark Baseline,Curated Benchmark,-0.5025232392284708,2.323335510970632,2.9191895403248376,-0.12849835094634096,2.97092304234619,0.4387444204060243,-0.5355639651940265,grapes,Kaggle Benchmark
National Benchmark,Benchmark Baseline,Curated Benchmark,-0.36708550630562126,2.474915507771838,3.0968868302804187,-1.239746545436132,-2.7225419731040685,0.3951759580027406,-0.5342902724832017,grapes,Kaggle Benchmark
National Benchmark,Benchmark Baseline,Curated Benchmark,-0.9630115311661588,2.6264955045730445,2.8994453969964398,-0.9942382233976894,-2.434215267500275,0.5416019244302719,-0.685313836766724,grapes,Kaggle Benchmark
National Benchmark,Benchmark Baseline,Curated Benchmark,-0.3129104131364815,2.3839675096911144,2.9191895403248376,-0.8908662983288715,2.0170751053144613,0.5321695768996637,-0.5419324287481507,grapes,Kaggle Benchmark
National Benchmark,Benchmark Baseline,Curated Benchmark,-0.28582286655191164,2.050491516728461,2.9784219703100314,-0.19310580411435183,0.11135407170034421,0.42931207287541673,-0.6805829781265171,grapes,Kaggle Benchmark
National Benchmark,Benchmark Baseline,Curated Benchmark,-0.28582286655191164,2.3839675096911144,3.0376544002952253,-0.6453579762904301,-0.20462040019422478,0.4144898124701753,-0.6141690010620767,grapes,Kaggle Benchmark
National Benchmark,Benchmark Baseline,Curated Benchmark,-0.5837858789821804,2.6871275032935267,3.057398543623623,-0.7487299013592479,0.8005733885203725,0.5492376343360015,-0.6729408218615678,grapes,Kaggle Benchmark
National Benchmark,Benchmark Baseline,Curated Benchmark,-0.5025232392284708,2.050491516728461,2.9784219703100314,-0.43861412615279444,2.7161686243811944,0.4387444204060243,-0.5346541846862944,grapes,Kaggle Benchmark
National Benchmark,Benchmark Baseline,Curated Benchmark,-1.2067994504272879,2.6264955045730445,3.0968868302804187,-0.20602729474795492,-1.5692351506888926,0.5142032006508872,-0.611257703437334,grapes,Kaggle Benchmark
National Benchmark,Benchmark Baseline,Curated Benchmark,-1.152624357258148,2.02017551736822,2.9191895403248376,-0.5419860512216123,-0.30533726311061815,0.5020758966829624,-0.6121674839450663,grapes,Kaggle Benchmark
National Benchmark,Benchmark Baseline,Curated Benchmark,-0.44834814605933093,2.414283509051356,3.0376544002952253,-0.8650233170616677,-2.035297496733382,0.3870910886907907,-0.52118943317186,grapes,Kaggle Benchmark
National Benchmark,Benchmark Baseline,Curated Benchmark,-0.4212605994747611,2.474915507771838,2.9784219703100314,-0.089733879045534,-0.7595505664590608,0.40730326197066474,-0.6198096402100154,grapes,Kaggle Benchmark
National Benchmark,Benchmark Baseline,Curated Benchmark,-0.935923984581589,2.7780755013742504,2.9784219703100314,-0.671200957557634,0.2574922649515826,0.41718476890749195,-0.6214472451239331,grapes,Kaggle Benchmark
National Benchmark,Benchmark Baseline,Curated Benchmark,-1.152624357258148,2.505231507132079,3.0179102569668275,-1.1105316391001092,3.1684070872802956,0.482312882809308,-0.5324707114677374,grapes,Kaggle Benchmark
National Benchmark,Benchmark Baseline,Curated Benchmark,-0.6921360653204599,2.2930195116103906,2.8994453969964398,-0.8908662983288715,-1.5060402563099795,0.43560030456248866,-0.5657686780507308,grapes,Kaggle Benchmark
National Benchmark,Benchmark Baseline,Curated Benchmark,-0.935923984581589,2.323335510970632,3.0179102569668275,-1.0200812046648944,0.6919571638066144,0.5079149689638154,-0.6298172257950683,grapes,Kaggle Benchmark
National Benchmark,Benchmark Baseline,Curated Benchmark,-0.3129104131364815,2.2930195116103906,3.057398543623623,-0.7874943732600538,1.73269808060935,0.5254321858063727,-0.5901507956579501,grapes,Kaggle Benchmark
National Benchmark,Benchmark Baseline,Curated Benchmark,-0.3399979597210514,2.474915507771838,3.057398543623623,-0.03804791651112508,3.1091618738000646,0.5083641283700343,-0.6103479229296019,grapes,Kaggle Benchmark
National Benchmark,Benchmark Baseline,Curated Benchmark,-0.47543569264390084,2.02017551736822,3.0968868302804187,-1.1880605829017232,1.8768614334112463,0.484558679840405,-0.6139870449605302,grapes,Kaggle Benchmark
National Benchmark,Benchmark Baseline,Curated Benchmark,-0.4212605994747611,2.171755514169426,3.077142686952021,-0.46445710741999835,-1.1782167417193645,0.3893368857218883,-0.541568516545058,grapes,Kaggle Benchmark
National Benchmark,Benchmark Baseline,Curated Benchmark,-1.3422371833501372,2.3839675096911144,2.998166113638429,-1.0976101484665073,-1.8437379731472994,0.5146523600571062,-0.6713032169476503,grapes,Kaggle Benchmark
National Benchmark,Benchmark Baseline,Curated Benchmark,-0.3129104131364815,2.6264955045730445,3.057398543623623,-0.154341332213546,-0.887915195666229,0.41089653722042,-0.6219931134285723,grapes,Kaggle Benchmark
National Benchmark,Benchmark Baseline,Curated Benchmark,-0.6108734255667503,2.7780755013742504,3.0376544002952253,0.01363804602328383,-1.2651097214903704,0.5128557224322289,-0.6665723583074434,grapes,Kaggle Benchmark
National Benchmark,Benchmark Baseline,Curated Benchmark,-1.2067994504272879,2.2627035122501495,2.998166113638429,-0.8133373545272587,0.06790758181484123,0.49848262143320715,-0.6030696788677457,grapes,Kaggle Benchmark
National Benchmark,Benchmark Baseline,Curated Benchmark,-1.2067994504272879,2.596179505212803,2.9784219703100314,-0.2318702760151588,0.010637208783950827,0.4553633184361431,-0.5341083163816551,grapes,Kaggle Benchmark
National Benchmark,Benchmark Baseline,Curated Benchmark,-0.5837858789821804,2.0808075160887025,2.9191895403248376,-1.0717671671993034,3.2256774603111875,0.43470198575004937,-0.5530317509424821,grapes,Kaggle Benchmark
National Benchmark,Benchmark Baseline,Curated Benchmark,-0.36708550630562126,2.7477595020140093,2.938933683653236,-0.06389089777833011,-2.848931761861896,0.4189814065323699,-0.6754882072832176,grapes,Kaggle Benchmark
National Benchmark,Benchmark Baseline,Curated Benchmark,-0.3399979597210514,2.02017551736822,2.938933683653236,-0.19310580411435183,-1.594908076530327,0.5151015194633259,-0.5402948238342332,grapes,Kaggle Benchmark
National Benchmark,Benchmark Baseline,Curated Benchmark,-0.3399979597210514,2.6568115039332856,2.9586778269816336,-0.9167092795960766,-2.479636597835119,0.3951759580027406,-0.5950636103997032,grapes,Kaggle Benchmark
National Benchmark,Benchmark Baseline,Curated Benchmark,-0.9900990777507287,2.050491516728461,3.057398543623623,-0.3998496542519875,-3.139233307915031,0.5510342719608794,-0.5277398528275309,grapes,Kaggle Benchmark
National Benchmark,Benchmark Baseline,Curated Benchmark,-1.2067994504272879,2.171755514169426,3.077142686952021,-0.9554737514968824,0.45497630988568805,0.5142032006508872,-0.6103479229296019,grapes,Kaggle Benchmark
National Benchmark,Benchmark Baseline,Curated Benchmark,-0.5025232392284708,2.565863505852562,2.938933683653236,-0.7228869200920429,-3.17478043600317,0.4153881312826146,-0.6190818158038298,grapes,Kaggle Benchmark
National Benchmark,Benchmark Baseline,Curated Benchmark,-1.0713617175044383,2.1414395148091847,3.077142686952021,-0.14141984157994292,-2.4065675012095,0.3857436104721324,-0.5834184199007328,grapes,Kaggle Benchmark
National Benchmark,Benchmark Baseline,Curated Benchmark,-0.7463111584895997,2.565863505852562,2.998166113638429,-0.6453579762904301,-3.1135603820735978,0.39293016097164357,-0.6374593820600173,grapes,Kaggle Benchmark
National Benchmark,Benchmark Baseline,Curated Benchmark,-0.28582286655191164,2.7174435026537678,3.0179102569668275,0.01363804602328383,-0.12760162266992353,0.5052200125264987,-0.6689377876275467,grapes,Kaggle Benchmark
National Benchmark,Benchmark Baseline,Curated Benchmark,-1.2067994504272879,2.6871275032935267,3.0376544002952253,-0.3223207104503747,0.32068715933049574,0.5151015194633259,-0.6010681617507349,grapes,Kaggle Benchmark
National Benchmark,Benchmark Baseline,Curated Benchmark,-0.36708550630562126,2.1414395148091847,2.8994453969964398,-0.3352422010839766,-1.3638517439574231,0.5389069679929552,-0.6707573486430111,grapes,Kaggle Benchmark
National Benchmark,Benchmark Baseline,Curated Benchmark,-0.4212605994747611,2.444599508411597,3.077142686952021,-0.8133373545272587,-3.093811977580187,0.4971351432145488,-0.6814927586342492,grapes,Kaggle Benchmark
National Benchmark,Benchmark Baseline,Curated Benchmark,1.8540933136291093,-0.8598444218546961,0.05628875770714167,-0.24479176664876073,0.1686244447312346,0.42392216000078353,-0.9062085440440688,watermelon,Kaggle Benchmark
National Benchmark,Benchmark Baseline,Curated Benchmark,1.8540933136291093,-1.0417404180161434,0.1352653310207333,0.452968727565759,-0.08415513278441987,0.5375594897742969,-1.0297567369940828,watermelon,Kaggle Benchmark
National Benchmark,Benchmark Baseline,Curated Benchmark,1.474867661445131,-0.7082644250534901,0.03654461437874377,-0.11557686031273903,-0.06243188784166838,0.46254986893565364,-0.8447073817213813,watermelon,Kaggle Benchmark
National Benchmark,Benchmark Baseline,Curated Benchmark,1.7186555807062602,-1.375216410978797,0.03654461437874377,0.14285295235930554,-0.1710481125554265,0.7558509611969352,-0.8279674203791113,watermelon,Kaggle Benchmark
National Benchmark,Benchmark Baseline,Curated Benchmark,1.1498171024302926,-0.9507924199354199,0.07603290103553959,0.5951051245353827,0.19232253012332745,0.4423376956557796,-1.1205528316657425,watermelon,Kaggle Benchmark
National Benchmark,Benchmark Baseline,Curated Benchmark,0.797678996830884,-0.8295284224944549,0.1352653310207333,-0.4256926355191925,-0.2144946024409295,0.7863938008198554,-0.98881661414614,watermelon,Kaggle Benchmark
National Benchmark,Benchmark Baseline,Curated Benchmark,0.9331167297537334,-0.7992124231342137,-0.062176102263245756,0.0007165553896807421,0.08963082675759272,0.774715656258151,-0.8308787180038539,watermelon,Kaggle Benchmark
National Benchmark,Benchmark Baseline,Curated Benchmark,0.9331167297537334,-0.9507924199354199,0.09577704436393748,0.49173319946656485,0.0698824222641819,0.8214282345049704,-0.8006740051471495,watermelon,Kaggle Benchmark
National Benchmark,Benchmark Baseline,Curated Benchmark,0.8518540900000237,-0.9507924199354199,-0.062176102263245756,0.052402517924089655,0.11925343349770826,0.6228997769559864,-0.8891046704987059,watermelon,Kaggle Benchmark
National Benchmark,Benchmark Baseline,Curated Benchmark,1.8270057670445394,-1.2236364141775908,0.1155211876923354,-0.5549075418552142,-0.23819268783302233,0.8236740315360673,-1.0805224893255319,watermelon,Kaggle Benchmark
National Benchmark,Benchmark Baseline,Curated Benchmark,0.8789416365845936,-0.8598444218546961,0.09577704436393748,-0.5290645605880103,0.17257412562991664,0.3848452916596937,-0.8321524107146788,watermelon,Kaggle Benchmark
National Benchmark,Benchmark Baseline,Curated Benchmark,0.9602042763383033,-1.1630044154571084,-0.022687815606449946,-0.06389089777833011,-0.31126178445864155,0.5703481264283148,-0.9038431147239654,watermelon,Kaggle Benchmark
National Benchmark,Benchmark Baseline,Curated Benchmark,1.3665174751068516,-1.3145844122583143,-0.022687815606449946,0.6080266151689858,-0.015035717057483385,0.531720417493444,-0.8350637083394215,watermelon,Kaggle Benchmark
National Benchmark,Benchmark Baseline,Curated Benchmark,1.8540933136291093,-1.3449004116185557,0.03654461437874377,-0.2835562385495677,0.22391997731278437,0.5586699818666097,-1.1403860467343017,watermelon,Kaggle Benchmark
National Benchmark,Benchmark Baseline,Curated Benchmark,1.4477801148605614,-1.102372416736626,-0.04243195893484785,-0.36108518235118053,0.018536570581314877,0.39293016097164357,-1.0985361433786267,watermelon,Kaggle Benchmark
National Benchmark,Benchmark Baseline,Curated Benchmark,1.2039921955994322,-1.253952413537832,0.05628875770714167,0.27206785869532724,0.02841077282802029,0.5698989670220952,-1.077975103903882,watermelon,Kaggle Benchmark
National Benchmark,Benchmark Baseline,Curated Benchmark,1.3936050216914215,-1.1933204148173495,0.07603290103553959,0.052402517924089655,0.2318193391101484,0.8160383216303377,-0.8319704546131323,watermelon,Kaggle Benchmark
National Benchmark,Benchmark Baseline,Curated Benchmark,1.5832178477834107,-0.9811084192956611,0.1352653310207333,0.38836127439774704,-0.14142550581531096,0.820080756286312,-0.8372471815579783,watermelon,Kaggle Benchmark
National Benchmark,Benchmark Baseline,Curated Benchmark,0.8247665434154539,-1.0720564173763847,0.03654461437874377,-0.05096940714472817,0.23576902000883043,0.7522576859471799,-0.8126831078492127,watermelon,Kaggle Benchmark
National Benchmark,Benchmark Baseline,Curated Benchmark,1.4206925682759914,-1.102372416736626,0.05628875770714167,-0.3352422010839766,-0.09995385637914866,0.38394697284725504,-1.0781570600054284,watermelon,Kaggle Benchmark
National Benchmark,Benchmark Baseline,Curated Benchmark,1.474867661445131,-1.1933204148173495,0.03654461437874377,-0.06389089777833011,0.11727859304836759,0.7280030780113309,-0.7970348831162213,watermelon,Kaggle Benchmark
National Benchmark,Benchmark Baseline,Curated Benchmark,1.258167288768572,-1.375216410978797,0.07603290103553959,-0.29647772918316967,-0.13945066536596962,0.6956636007635327,-0.9820842383889227,watermelon,Kaggle Benchmark
National Benchmark,Benchmark Baseline,Curated Benchmark,1.8811808602136793,-1.0417404180161434,0.016800471050345864,0.3754397837641451,0.034335294176042974,0.5743905610842891,-0.8554427917126196,watermelon,Kaggle Benchmark
National Benchmark,Benchmark Baseline,Curated Benchmark,1.2039921955994322,-1.132688416096867,0.1352653310207333,0.18161742426011251,-0.06835640918969177,0.7217148463242591,-1.1523951494363647,watermelon,Kaggle Benchmark
National Benchmark,Benchmark Baseline,Curated Benchmark,0.8789416365845936,-0.7385804244137313,0.07603290103553959,0.29791083996253226,0.02841077282802029,0.723511483949137,-1.0446771373208887,watermelon,Kaggle Benchmark
National Benchmark,Benchmark Baseline,Curated Benchmark,0.8789416365845936,-1.3449004116185557,-0.062176102263245756,-0.5419860512216123,0.04618433687208975,0.7926820325069274,-1.0301206491971755,watermelon,Kaggle Benchmark
National Benchmark,Benchmark Baseline,Curated Benchmark,1.0956420092611527,-0.9811084192956611,0.03654461437874377,0.3754397837641451,-0.2520165709784098,0.4472784491241932,-1.0033731022698529,watermelon,Kaggle Benchmark
National Benchmark,Benchmark Baseline,Curated Benchmark,1.7728306738753996,-1.4661644090595205,0.1155211876923354,0.23330338679452142,-0.046633164246940285,0.42706627584431917,-0.8412502157919995,watermelon,Kaggle Benchmark
National Benchmark,Benchmark Baseline,Curated Benchmark,1.6644804875371204,-0.7688964237739725,0.1155211876923354,0.3495968024969412,-0.14932486761267502,0.6094249947694039,-0.8763677433904571,watermelon,Kaggle Benchmark
National Benchmark,Benchmark Baseline,Curated Benchmark,1.014379369507443,-0.7385804244137313,0.05628875770714167,-0.47737859805360144,-0.1769726339034499,0.7845971631949782,-1.000825716848203,watermelon,Kaggle Benchmark
National Benchmark,Benchmark Baseline,Curated Benchmark,1.8270057670445394,-1.1630044154571084,-0.062176102263245756,0.09116698982489663,-0.2776894968198433,0.5716956046469724,-1.0090137414177918,watermelon,Kaggle Benchmark
National Benchmark,Benchmark Baseline,Curated Benchmark,1.1227295558457226,-0.9811084192956611,-0.0029436722780520393,-0.11557686031273903,0.040259815524066364,0.47422801349735877,-0.8849196801631385,watermelon,Kaggle Benchmark
National Benchmark,Benchmark Baseline,Curated Benchmark,1.501955208029701,-1.1933204148173495,-0.062176102263245756,-0.06389089777833011,-0.22634364513697625,0.5694498076158755,-0.8405223913858137,watermelon,Kaggle Benchmark
National Benchmark,Benchmark Baseline,Curated Benchmark,1.3123423819377118,-1.4661644090595205,-0.022687815606449946,0.23330338679452142,-0.29348822041457207,0.5999926472387964,-0.9511517011260326,watermelon,Kaggle Benchmark
National Benchmark,Benchmark Baseline,Curated Benchmark,1.285254835353142,-1.375216410978797,0.05628875770714167,-0.27063474791596576,0.11135407170034421,0.6754514274836587,-0.9831759749982012,watermelon,Kaggle Benchmark
National Benchmark,Benchmark Baseline,Curated Benchmark,1.5561303011988408,-0.9507924199354199,-0.04243195893484785,-0.45153561678639637,0.11135407170034421,0.6848837750142669,-0.9122130953951003,watermelon,Kaggle Benchmark
National Benchmark,Benchmark Baseline,Curated Benchmark,1.8540933136291093,-1.405532410339038,0.1352653310207333,-0.5678290324888161,0.08370630540956933,0.5910094591144078,-1.0746998940760466,watermelon,Kaggle Benchmark
National Benchmark,Benchmark Baseline,Curated Benchmark,1.7999182204599695,-0.7992124231342137,-0.0029436722780520393,0.4788117088329629,0.1804734874272814,0.48994859271503827,-0.8943813974435518,watermelon,Kaggle Benchmark
National Benchmark,Benchmark Baseline,Curated Benchmark,1.5832178477834107,-1.3145844122583143,0.09577704436393748,0.10408848045849857,0.2377438604581718,0.7342913096984028,-1.0444951812193422,watermelon,Kaggle Benchmark
National Benchmark,Benchmark Baseline,Curated Benchmark,0.797678996830884,-1.132688416096867,-0.04243195893484785,0.6080266151689858,-0.022935078854847434,0.44548181149931587,-1.0004618046451104,watermelon,Kaggle Benchmark
National Benchmark,Benchmark Baseline,Curated Benchmark,1.3394299285222817,-1.0720564173763847,0.07603290103553959,0.5304976713673718,0.11530375259902623,0.39966755206493454,-0.8548969234079804,watermelon,Kaggle Benchmark
National Benchmark,Benchmark Baseline,Curated Benchmark,1.0956420092611527,-1.405532410339038,0.09577704436393748,-0.0122049352439212,-0.09402933503112527,0.799419423600219,-1.0905300749105846,watermelon,Kaggle Benchmark
National Benchmark,Benchmark Baseline,Curated Benchmark,0.9602042763383033,-1.4358484096992794,0.09577704436393748,0.5821836339017807,0.06000822001747719,0.5384578085867355,-1.1163678413301752,watermelon,Kaggle Benchmark
National Benchmark,Benchmark Baseline,Curated Benchmark,1.5290427546142709,-1.4661644090595205,0.07603290103553959,0.5304976713673718,0.2061464132687149,0.8308605820355786,-0.8379750059641641,watermelon,Kaggle Benchmark
National Benchmark,Benchmark Baseline,Curated Benchmark,1.4206925682759914,-1.132688416096867,0.016800471050345864,0.5821836339017807,-0.30533726311061815,0.4562616372485817,-0.9409621594394335,watermelon,Kaggle Benchmark
National Benchmark,Benchmark Baseline,Curated Benchmark,1.3665174751068516,-1.0114244186559023,-0.0029436722780520393,-0.3352422010839766,-0.18487199570081395,0.5061183313389374,-0.8443434695182884,watermelon,Kaggle Benchmark
National Benchmark,Benchmark Baseline,Curated Benchmark,0.9331167297537334,-0.8598444218546961,-0.022687815606449946,-0.21894878538155685,0.09753018855495676,0.725757280980234,-0.818505703098698,watermelon,Kaggle Benchmark
National Benchmark,Benchmark Baseline,Curated Benchmark,0.9060291831691635,-1.405532410339038,0.05628875770714167,-0.089733879045534,0.2377438604581718,0.7266555997926727,-0.8683616749224149,watermelon,Kaggle Benchmark
National Benchmark,Benchmark Baseline,Curated Benchmark,1.3936050216914215,-0.7688964237739725,0.1155211876923354,0.504654690100168,-0.09007965413244326,0.3951759580027406,-0.8727286213595288,watermelon,Kaggle Benchmark
National Benchmark,Benchmark Baseline,Curated Benchmark,1.285254835353142,-0.8598444218546961,0.07603290103553959,-0.3223207104503747,-0.06638156874035041,0.5240847075877144,-0.985723360419851,watermelon,Kaggle Benchmark
National Benchmark,Benchmark Baseline,Curated Benchmark,1.258167288768572,-0.8598444218546961,0.03654461437874377,-0.4903000886872034,0.11925343349770826,0.42302384118834485,-0.9893624824507792,watermelon,Kaggle Benchmark
National Benchmark,Benchmark Baseline,Curated Benchmark,1.0685544626765828,-1.132688416096867,-0.062176102263245756,-0.2318702760151588,-0.13747582491662824,0.41044737781420104,-0.9626149355234566,watermelon,Kaggle Benchmark
National Benchmark,Benchmark Baseline,Curated Benchmark,1.2039921955994322,-1.253952413537832,-0.04243195893484785,-0.19310580411435183,0.11925343349770826,0.42796459465675846,-0.8881948899909738,watermelon,Kaggle Benchmark
National Benchmark,Benchmark Baseline,Curated Benchmark,0.8518540900000237,-0.9204764205751785,0.016800471050345864,0.5175761807337699,0.23576902000883043,0.7068925859190183,-0.9418719399471654,watermelon,Kaggle Benchmark
National Benchmark,Benchmark Baseline,Curated Benchmark,0.8518540900000237,-0.8598444218546961,0.05628875770714167,-0.5161430699544073,-0.25794109232643314,0.7181215710745038,-1.0071941804023277,watermelon,Kaggle Benchmark
National Benchmark,Benchmark Baseline,Curated Benchmark,1.6103053943679806,-0.7688964237739725,-0.04243195893484785,0.03948102729048771,-0.26189077322511517,0.74417281663523,-0.9498780084152078,watermelon,Kaggle Benchmark
National Benchmark,Benchmark Baseline,Curated Benchmark,1.8270057670445394,-0.9811084192956611,0.05628875770714167,0.27206785869532724,-0.2342430069343403,0.6673665581717094,-0.9986422436296463,watermelon,Kaggle Benchmark
National Benchmark,Benchmark Baseline,Curated Benchmark,1.8811808602136793,-1.0114244186559023,-0.062176102263245756,-0.46445710741999835,0.010637208783950827,0.7733681780394926,-0.8958370462559232,watermelon,Kaggle Benchmark
National Benchmark,Benchmark Baseline,Curated Benchmark,1.0956420092611527,-1.405532410339038,0.07603290103553959,-0.07681238841193205,-0.10587837772717205,0.5380086491805159,-0.8563525722203517,watermelon,Kaggle Benchmark
National Benchmark,Benchmark Baseline,Curated Benchmark,0.8247665434154539,-1.4358484096992794,0.1352653310207333,-0.46445710741999835,-0.14340034626465165,0.6462560660793968,-0.9416899838456191,watermelon,Kaggle Benchmark
National Benchmark,Benchmark Baseline,Curated Benchmark,1.3665174751068516,-1.2236364141775908,0.1155211876923354,0.46589021819936094,-0.03675896200023487,0.5133048818384479,-0.8574443088296301,watermelon,Kaggle Benchmark
National Benchmark,Benchmark Baseline,Curated Benchmark,1.3665174751068516,-1.102372416736626,0.1352653310207333,-0.025126425877523142,-0.2460920496303864,0.7028501512630433,-1.0703329476389327,watermelon,Kaggle Benchmark
National Benchmark,Benchmark Baseline,Curated Benchmark,1.6373929409525505,-1.4358484096992794,0.09577704436393748,-0.20602729474795492,0.17257412562991664,0.768427424571079,-1.0444951812193422,watermelon,Kaggle Benchmark
National Benchmark,Benchmark Baseline,Curated Benchmark,1.5290427546142709,-1.3145844122583143,0.016800471050345864,0.3754397837641451,0.042234655973407025,0.7868429602260751,-1.0592336254446015,watermelon,Kaggle Benchmark
National Benchmark,Benchmark Baseline,Curated Benchmark,1.74574312729083,-1.2842684128980733,-0.04243195893484785,0.19453891489371444,-0.23621784738368096,0.8048093364748522,-1.148937983506983,watermelon,Kaggle Benchmark
National Benchmark,Benchmark Baseline,Curated Benchmark,0.9060291831691635,-0.8598444218546961,0.07603290103553959,-0.43861412615279444,-0.2460920496303864,0.4387444204060243,-1.0781570600054284,watermelon,Kaggle Benchmark
National Benchmark,Benchmark Baseline,Curated Benchmark,1.8811808602136793,-1.405532410339038,-0.022687815606449946,0.23330338679452142,-0.2697901350224792,0.5191439541193008,-0.8860114167724169,watermelon,Kaggle Benchmark
National Benchmark,Benchmark Baseline,Curated Benchmark,1.0956420092611527,-1.253952413537832,-0.04243195893484785,-0.16726282284714794,-0.192771357498178,0.6296371680492779,-1.0035550583713992,watermelon,Kaggle Benchmark
National Benchmark,Benchmark Baseline,Curated Benchmark,1.041466916092013,-0.9507924199354199,0.07603290103553959,-0.3223207104503747,-0.14142550581531096,0.6570358918286626,-0.9154883052229358,watermelon,Kaggle Benchmark
National Benchmark,Benchmark Baseline,Curated Benchmark,1.6915680341216903,-1.0417404180161434,-0.04243195893484785,-0.2318702760151588,-0.038733802449575534,0.43290534812517206,-0.9815383700842835,watermelon,Kaggle Benchmark
National Benchmark,Benchmark Baseline,Curated Benchmark,1.258167288768572,-0.9507924199354199,0.03654461437874377,0.38836127439774704,0.127152795295073,0.6588325294535405,-0.8094078980213774,watermelon,Kaggle Benchmark
National Benchmark,Benchmark Baseline,Curated Benchmark,1.7999182204599695,-0.7082644250534901,0.03654461437874377,0.3495968024969412,-0.14142550581531096,0.7064434265127986,-1.0348515078373823,watermelon,Kaggle Benchmark
National Benchmark,Benchmark Baseline,Curated Benchmark,1.0685544626765828,-1.1933204148173495,0.07603290103553959,-0.10265536967913709,-0.15129970806201568,0.7958261483504636,-0.7966709709131284,watermelon,Kaggle Benchmark
National Benchmark,Benchmark Baseline,Curated Benchmark,1.4477801148605614,-0.9204764205751785,-0.022687815606449946,0.38836127439774704,0.2693413076476287,0.6835362967956086,-1.1018113532064622,watermelon,Kaggle Benchmark
National Benchmark,Benchmark Baseline,Curated Benchmark,0.8247665434154539,-1.132688416096867,-0.062176102263245756,0.33667531186333927,0.2535425840528999,0.6633241235157346,-0.7952153221007571,watermelon,Kaggle Benchmark
National Benchmark,Benchmark Baseline,Curated Benchmark,1.014379369507443,-1.4661644090595205,-0.022687815606449946,0.24622487742812338,0.04815917732143041,0.6821888185769502,-1.1334717148755378,watermelon,Kaggle Benchmark
National Benchmark,Benchmark Baseline,Curated Benchmark,1.1227295558457226,-1.405532410339038,-0.062176102263245756,0.6080266151689858,0.21602061551542032,0.4338036669376107,-0.9453291058765474,watermelon,Kaggle Benchmark
National Benchmark,Benchmark Baseline,Curated Benchmark,0.8247665434154539,-1.0720564173763847,0.03654461437874377,0.052402517924089655,0.16269992338321193,0.42392216000078353,-1.0124709073471736,watermelon,Kaggle Benchmark
National Benchmark,Benchmark Baseline,Curated Benchmark,1.6373929409525505,-1.4661644090595205,0.1352653310207333,0.0653240085576916,0.13110247619375504,0.5811279521775806,-0.9584299451878892,watermelon,Kaggle Benchmark
National Benchmark,Benchmark Baseline,Curated Benchmark,1.5561303011988408,-0.9204764205751785,0.05628875770714167,-0.46445710741999835,0.2416935413568538,0.5555258660230734,-1.1505755884209008,watermelon,Kaggle Benchmark
National Benchmark,Benchmark Baseline,Curated Benchmark,1.6915680341216903,-0.7082644250534901,0.03654461437874377,-0.24479176664876073,0.08370630540956933,0.5618140977101452,-1.08416161135646,watermelon,Kaggle Benchmark
National Benchmark,Benchmark Baseline,Curated Benchmark,0.8789416365845936,-1.3145844122583143,0.09577704436393748,-0.34816369171757855,-0.1355009844672876,0.6076283571445266,-0.9953670338018109,watermelon,Kaggle Benchmark
National Benchmark,Benchmark Baseline,Curated Benchmark,1.3665174751068516,-1.2842684128980733,0.05628875770714167,0.41420425566495206,-0.020960238405506072,0.5730430828656308,-1.0781570600054284,watermelon,Kaggle Benchmark
National Benchmark,Benchmark Baseline,Curated Benchmark,1.7186555807062602,-0.9811084192956611,0.1352653310207333,0.0007165553896807421,-0.034784121550893506,0.7392320631668164,-0.8359734888471534,watermelon,Kaggle Benchmark
National Benchmark,Benchmark Baseline,Curated Benchmark,1.3123423819377118,-1.4358484096992794,-0.062176102263245756,-0.6065935043896231,0.1014798694536388,0.676798905702317,-1.1418416955466728,watermelon,Kaggle Benchmark
National Benchmark,Benchmark Baseline,Curated Benchmark,1.1227295558457226,-1.0114244186559023,0.1352653310207333,0.1557744429929075,-0.10192869682848933,0.7208165275118203,-0.8041311710765312,watermelon,Kaggle Benchmark
National Benchmark,Benchmark Baseline,Curated Benchmark,1.1227295558457226,-1.405532410339038,-0.0029436722780520393,0.6338695964361897,0.13110247619375504,0.6803921809520723,-0.8929257486311806,watermelon,Kaggle Benchmark
National Benchmark,Benchmark Baseline,Curated Benchmark,1.0956420092611527,-0.8901604212149373,0.1352653310207333,-0.27063474791596576,0.12912763574441366,0.5213897511503978,-1.0315762980095469,watermelon,Kaggle Benchmark
National Benchmark,Benchmark Baseline,Curated Benchmark,1.6103053943679806,-0.9811084192956611,0.1155211876923354,0.3625182931305431,0.221945136863443,0.7338421502921832,-1.0190213270028445,watermelon,Kaggle Benchmark
National Benchmark,Benchmark Baseline,Curated Benchmark,1.6644804875371204,-0.8598444218546961,0.05628875770714167,0.5951051245353827,-0.11180289907519474,0.6327812838928136,-0.8505299769708665,watermelon,Kaggle Benchmark
National Benchmark,Benchmark Baseline,Curated Benchmark,1.041466916092013,-0.8598444218546961,0.1155211876923354,-0.154341332213546,-0.18289715525147257,0.6327812838928136,-0.9911820434662433,watermelon,Kaggle Benchmark
National Benchmark,Benchmark Baseline,Curated Benchmark,1.3394299285222817,-1.3145844122583143,0.09577704436393748,-0.3352422010839766,-0.2125197619915888,0.5896619808957495,-1.1181874023456393,watermelon,Kaggle Benchmark
National Benchmark,Benchmark Baseline,Curated Benchmark,0.8789416365845936,-0.9507924199354199,0.1155211876923354,-0.24479176664876073,0.05605853911879446,0.4710838976538225,-0.8909242315141701,watermelon,Kaggle Benchmark
National Benchmark,Benchmark Baseline,Curated Benchmark,1.2039921955994322,-1.1933204148173495,0.03654461437874377,0.11700997109210051,0.2002218919206915,0.576636358115386,-0.857808221032723,watermelon,Kaggle Benchmark
National Benchmark,Benchmark Baseline,Curated Benchmark,1.8540933136291093,-0.7082644250534901,0.016800471050345864,0.5563406526345769,-0.05058284514562231,0.4032608273146898,-1.0142904683626377,watermelon,Kaggle Benchmark
National Benchmark,Benchmark Baseline,Curated Benchmark,1.258167288768572,-1.253952413537832,-0.022687815606449946,0.38836127439774704,-0.06440672829100974,0.815589162224118,-0.8219628690280797,watermelon,Kaggle Benchmark
National Benchmark,Benchmark Baseline,Curated Benchmark,1.6103053943679806,-1.405532410339038,-0.062176102263245756,-0.36108518235118053,0.20219673237003288,0.5937044155517245,-1.0033731022698529,watermelon,Kaggle Benchmark
National Benchmark,Benchmark Baseline,Curated Benchmark,1.231079742184002,-1.0720564173763847,0.03654461437874377,0.5563406526345769,-0.0565073664936457,0.576187198709167,-1.126921295219867,watermelon,Kaggle Benchmark
National Benchmark,Benchmark Baseline,Curated Benchmark,0.8789416365845936,-0.9204764205751785,0.1352653310207333,-0.0122049352439212,0.2535425840528999,0.5573225036479513,-1.0825240064425425,watermelon,Kaggle Benchmark
National Benchmark,Benchmark Baseline,Curated Benchmark,1.8811808602136793,-0.8901604212149373,-0.022687815606449946,-0.27063474791596576,0.27131614809696936,0.8052584958810712,-0.8172320103878731,watermelon,Kaggle Benchmark
National Benchmark,Benchmark Baseline,Curated Benchmark,1.74574312729083,-1.102372416736626,0.1352653310207333,0.40128276503135013,0.38783173460809156,1.0168125762104185,-1.371652251799792,muskmelon,Kaggle Benchmark
National Benchmark,Benchmark Baseline,Curated Benchmark,1.7186555807062602,-0.7992124231342137,-0.0029436722780520393,0.07824549919129468,0.43522790539227724,0.9683033603387212,-1.4036765256719603,muskmelon,Kaggle Benchmark
National Benchmark,Benchmark Baseline,Curated Benchmark,1.3665174751068516,-0.8598444218546961,0.07603290103553959,0.3625182931305431,0.6880074829079325,1.0213041702726124,-1.4728198442595972,muskmelon,Kaggle Benchmark
National Benchmark,Benchmark Baseline,Curated Benchmark,1.8270057670445394,-1.0720564173763847,0.07603290103553959,0.11700997109210051,0.4806492357271216,0.869039131564229,-1.5048441181317658,muskmelon,Kaggle Benchmark
National Benchmark,Benchmark Baseline,Curated Benchmark,1.2039921955994322,-0.8295284224944549,-0.062176102263245756,-0.45153561678639637,0.8499443997538989,1.036575590084073,-1.3701966029874206,muskmelon,Kaggle Benchmark
National Benchmark,Benchmark Baseline,Curated Benchmark,0.8247665434154539,-0.8598444218546961,0.016800471050345864,-0.5032215793208054,0.8400701975071935,0.9777357078693288,-1.4047682622812387,muskmelon,Kaggle Benchmark
National Benchmark,Benchmark Baseline,Curated Benchmark,1.7999182204599695,-0.8901604212149373,0.09577704436393748,-0.2318702760151588,0.7018313660533199,0.9310231296225088,-1.4950184886482596,muskmelon,Kaggle Benchmark
National Benchmark,Benchmark Baseline,Curated Benchmark,1.7186555807062602,-0.7082644250534901,0.05628875770714167,-0.5161430699544073,0.717630089648048,0.8349030166915528,-1.4107728136322706,muskmelon,Kaggle Benchmark
National Benchmark,Benchmark Baseline,Curated Benchmark,1.6915680341216903,-1.4358484096992794,0.07603290103553959,0.3495968024969412,0.42337886269623115,0.8479286394719163,-1.4236916968420659,muskmelon,Kaggle Benchmark
National Benchmark,Benchmark Baseline,Curated Benchmark,1.5561303011988408,-0.8295284224944549,0.07603290103553959,-0.34816369171757855,0.6346867907757233,1.0235499673037096,-1.405132174484332,muskmelon,Kaggle Benchmark
National Benchmark,Benchmark Baseline,Curated Benchmark,0.8247665434154539,-0.7082644250534901,-0.0029436722780520393,-0.5549075418552142,0.5734667368461509,0.9260823761540952,-1.339082109622984,muskmelon,Kaggle Benchmark
National Benchmark,Benchmark Baseline,Curated Benchmark,1.74574312729083,-1.3449004116185557,0.07603290103553959,-0.5807505231224193,0.682082961559909,0.8757765226575206,-1.3527288172389649,muskmelon,Kaggle Benchmark
National Benchmark,Benchmark Baseline,Curated Benchmark,0.8789416365845936,-1.405532410339038,-0.062176102263245756,0.29791083996253226,0.6840578020092497,0.8649966969082541,-1.4216901797250554,muskmelon,Kaggle Benchmark
National Benchmark,Benchmark Baseline,Curated Benchmark,0.9060291831691635,-0.9811084192956611,0.1352653310207333,0.026559536656885773,0.5635925345994455,1.0469062564271199,-1.4990215228822807,muskmelon,Kaggle Benchmark
National Benchmark,Benchmark Baseline,Curated Benchmark,1.5832178477834107,-0.8295284224944549,-0.062176102263245756,-0.3223207104503747,0.5260705660619659,0.8492761176905745,-1.4897417617034134,muskmelon,Kaggle Benchmark
National Benchmark,Benchmark Baseline,Curated Benchmark,1.2039921955994322,-0.7992124231342137,0.1352653310207333,-0.3998496542519875,0.5635925345994455,0.8861071890005667,-1.5024786888116624,muskmelon,Kaggle Benchmark
National Benchmark,Benchmark Baseline,Curated Benchmark,1.8540933136291093,-1.4661644090595205,0.1352653310207333,-0.38692816361838556,0.8045230694190546,1.0248974455223678,-1.3942148083915469,muskmelon,Kaggle Benchmark
National Benchmark,Benchmark Baseline,Curated Benchmark,1.6103053943679806,-1.1933204148173495,0.05628875770714167,-0.4903000886872034,0.27724066944499276,0.9067685216866604,-1.495746313054445,muskmelon,Kaggle Benchmark
National Benchmark,Benchmark Baseline,Curated Benchmark,0.8518540900000237,-1.0720564173763847,-0.0029436722780520393,-0.3998496542519875,0.6880074829079325,1.0190583732415155,-1.3965802377116505,muskmelon,Kaggle Benchmark
National Benchmark,Benchmark Baseline,Curated Benchmark,0.9872918229228731,-1.1933204148173495,-0.0029436722780520393,0.18161742426011251,0.8045230694190546,0.9480911870588472,-1.3529107733405115,muskmelon,Kaggle Benchmark
National Benchmark,Benchmark Baseline,Curated Benchmark,0.9331167297537334,-1.3449004116185557,0.09577704436393748,-0.025126425877523142,0.5122466829165785,0.9606676504329911,-1.3587333685899965,muskmelon,Kaggle Benchmark
National Benchmark,Benchmark Baseline,Curated Benchmark,1.3394299285222817,-1.4358484096992794,0.09577704436393748,-0.46445710741999835,0.678133280661227,1.00782938808603,-1.4518948925817596,muskmelon,Kaggle Benchmark
National Benchmark,Benchmark Baseline,Curated Benchmark,1.5290427546142709,-1.253952413537832,-0.04243195893484785,0.11700997109210051,0.7808249840269618,0.9943546058994476,-1.3809320129786589,muskmelon,Kaggle Benchmark
National Benchmark,Benchmark Baseline,Curated Benchmark,1.0956420092611527,-1.2236364141775908,-0.022687815606449946,-0.4256926355191925,0.689982323357273,0.9413537959655557,-1.3738357250183488,muskmelon,Kaggle Benchmark
National Benchmark,Benchmark Baseline,Curated Benchmark,1.3936050216914215,-0.8598444218546961,0.03654461437874377,-0.47737859805360144,0.5102718424672371,0.9624642880578683,-1.5121223621936224,muskmelon,Kaggle Benchmark
National Benchmark,Benchmark Baseline,Curated Benchmark,1.7999182204599695,-0.8598444218546961,0.09577704436393748,-0.07681238841193205,0.6919571638066144,0.9274298543727535,-1.4364286239503148,muskmelon,Kaggle Benchmark
National Benchmark,Benchmark Baseline,Curated Benchmark,0.9331167297537334,-0.9811084192956611,0.07603290103553959,-0.5032215793208054,0.7926740267230078,0.8362504949102111,-1.4513490242771205,muskmelon,Kaggle Benchmark
National Benchmark,Benchmark Baseline,Curated Benchmark,1.4477801148605614,-0.8598444218546961,0.1352653310207333,-0.45153561678639637,0.8282211548111468,0.8483777988781359,-1.4697265905333083,muskmelon,Kaggle Benchmark
National Benchmark,Benchmark Baseline,Curated Benchmark,1.3936050216914215,-0.8901604212149373,0.1155211876923354,0.29791083996253226,0.4154795008988664,0.8739798850326426,-1.4673611612132047,muskmelon,Kaggle Benchmark
National Benchmark,Benchmark Baseline,Curated Benchmark,1.7728306738753996,-0.8598444218546961,0.03654461437874377,-0.4903000886872034,0.7196049300973894,0.962913447464088,-1.360189017402368,muskmelon,Kaggle Benchmark
National Benchmark,Benchmark Baseline,Curated Benchmark,1.3394299285222817,-1.102372416736626,-0.0029436722780520393,-0.12849835094634096,0.8124224312164187,1.0248974455223678,-1.4000374036410324,muskmelon,Kaggle Benchmark
National Benchmark,Benchmark Baseline,Curated Benchmark,1.6103053943679806,-0.8598444218546961,0.1155211876923354,-0.05096940714472817,0.6504855143704521,0.866793334533132,-1.4560798829173274,muskmelon,Kaggle Benchmark
National Benchmark,Benchmark Baseline,Curated Benchmark,1.4477801148605614,-0.8598444218546961,0.05628875770714167,0.0007165553896807421,0.6603597166171575,1.0060327504611521,-1.4538964096987703,muskmelon,Kaggle Benchmark
National Benchmark,Benchmark Baseline,Curated Benchmark,1.5290427546142709,-1.2842684128980733,0.1155211876923354,-0.4903000886872034,0.5872906199915383,0.8919462612814196,-1.3469062219894798,muskmelon,Kaggle Benchmark
National Benchmark,Benchmark Baseline,Curated Benchmark,1.285254835353142,-0.8295284224944549,0.07603290103553959,-0.4127711448855894,0.34043556382390655,0.8632000592833767,-1.3605529296054608,muskmelon,Kaggle Benchmark
National Benchmark,Benchmark Baseline,Curated Benchmark,1.014379369507443,-1.102372416736626,0.07603290103553959,0.23330338679452142,0.8459947188552162,0.8654458563144737,-1.4207803992173234,muskmelon,Kaggle Benchmark
National Benchmark,Benchmark Baseline,Curated Benchmark,0.9872918229228731,-0.8598444218546961,-0.04243195893484785,-0.11557686031273903,0.358209127867976,0.8331063790666755,-1.486830464078671,muskmelon,Kaggle Benchmark
National Benchmark,Benchmark Baseline,Curated Benchmark,1.8811808602136793,-1.375216410978797,-0.04243195893484785,0.33667531186333927,0.7788501435776204,0.8636492186895958,-1.3663755248549458,muskmelon,Kaggle Benchmark
National Benchmark,Benchmark Baseline,Curated Benchmark,1.2039921955994322,-1.2236364141775908,-0.04243195893484785,-0.43861412615279444,0.8341456761591701,1.0006428375865195,-1.4589911805420699,muskmelon,Kaggle Benchmark
National Benchmark,Benchmark Baseline,Curated Benchmark,1.5561303011988408,-0.9507924199354199,-0.022687815606449946,-0.3998496542519875,0.5774164177448329,0.9094634781239771,-1.4253293017559836,muskmelon,Kaggle Benchmark
National Benchmark,Benchmark Baseline,Curated Benchmark,0.8518540900000237,-1.2236364141775908,0.07603290103553959,-0.03804791651112508,0.29698907393840357,1.050499531676875,-1.4000374036410324,muskmelon,Kaggle Benchmark
National Benchmark,Benchmark Baseline,Curated Benchmark,1.8811808602136793,-0.9204764205751785,0.1352653310207333,0.33667531186333927,0.43917758629095927,0.9040735652493438,-1.4007652280472178,muskmelon,Kaggle Benchmark
National Benchmark,Benchmark Baseline,Curated Benchmark,1.6103053943679806,-0.9507924199354199,-0.022687815606449946,-0.29647772918316967,0.6741835997625449,0.9135059127799514,-1.4287864676853654,muskmelon,Kaggle Benchmark
National Benchmark,Benchmark Baseline,Curated Benchmark,1.2039921955994322,-0.9204764205751785,-0.062176102263245756,-0.25771325728236383,0.43522790539227724,0.8573609870025238,-1.49702000576527,muskmelon,Kaggle Benchmark
National Benchmark,Benchmark Baseline,Curated Benchmark,1.501955208029701,-1.3145844122583143,0.016800471050345864,-0.154341332213546,0.41745434134820775,0.9220399414981209,-1.5148517037168185,muskmelon,Kaggle Benchmark
National Benchmark,Benchmark Baseline,Curated Benchmark,1.3123423819377118,-1.253952413537832,0.07603290103553959,-0.6065935043896231,0.6090138649342898,1.0253466049285875,-1.4782785273059895,muskmelon,Kaggle Benchmark
National Benchmark,Benchmark Baseline,Curated Benchmark,1.501955208029701,-1.0114244186559023,0.05628875770714167,-0.16726282284714794,0.8124224312164187,0.8753273632513009,-1.509756932873519,muskmelon,Kaggle Benchmark
National Benchmark,Benchmark Baseline,Curated Benchmark,0.8789416365845936,-1.2842684128980733,0.09577704436393748,-0.3998496542519875,0.7749004626789383,0.962913447464088,-1.48282742984465,muskmelon,Kaggle Benchmark
National Benchmark,Benchmark Baseline,Curated Benchmark,1.7999182204599695,-1.0417404180161434,0.1352653310207333,-0.45153561678639637,0.6287622694277006,0.911709275155074,-1.4247834334513443,muskmelon,Kaggle Benchmark
National Benchmark,Benchmark Baseline,Curated Benchmark,1.285254835353142,-0.8295284224944549,0.016800471050345864,-0.43861412615279444,0.3305613615772011,0.8555643493776465,-1.4549881463080487,muskmelon,Kaggle Benchmark
National Benchmark,Benchmark Baseline,Curated Benchmark,1.6915680341216903,-1.0114244186559023,-0.0029436722780520393,-0.03804791651112508,0.36610848966534004,1.050948691083094,-1.3862087399235048,muskmelon,Kaggle Benchmark
National Benchmark,Benchmark Baseline,Curated Benchmark,1.3665174751068516,-1.102372416736626,-0.022687815606449946,-0.36108518235118053,0.765026260432233,1.0442112999898032,-1.403858481773507,muskmelon,Kaggle Benchmark
National Benchmark,Benchmark Baseline,Curated Benchmark,1.285254835353142,-1.405532410339038,-0.062176102263245756,-0.3998496542519875,0.42930338404425383,0.9444979118090919,-1.3940328522900005,muskmelon,Kaggle Benchmark
National Benchmark,Benchmark Baseline,Curated Benchmark,1.1498171024302926,-0.9507924199354199,-0.0029436722780520393,0.40128276503135013,0.6939320042559551,0.9000311305933689,-1.484101122555475,muskmelon,Kaggle Benchmark
National Benchmark,Benchmark Baseline,Curated Benchmark,1.2039921955994322,-0.9811084192956611,-0.022687815606449946,-0.05096940714472817,0.4569511503350287,0.9916596494621309,-1.50666367914723,muskmelon,Kaggle Benchmark
National Benchmark,Benchmark Baseline,Curated Benchmark,1.5832178477834107,-1.253952413537832,-0.0029436722780520393,0.31083233059613424,0.7591017390842103,0.9274298543727535,-1.5048441181317658,muskmelon,Kaggle Benchmark
National Benchmark,Benchmark Baseline,Curated Benchmark,1.8270057670445394,-1.253952413537832,-0.022687815606449946,-0.5936720137560212,0.46485051213239276,0.9292264919976315,-1.355822070965254,muskmelon,Kaggle Benchmark
National Benchmark,Benchmark Baseline,Curated Benchmark,1.3394299285222817,-1.1933204148173495,0.016800471050345864,-0.12849835094634096,0.765026260432233,0.8802681167197145,-1.4091352087183528,muskmelon,Kaggle Benchmark
National Benchmark,Benchmark Baseline,Curated Benchmark,1.041466916092013,-1.3449004116185557,-0.022687815606449946,0.2591463680617253,0.7610765795335509,0.8663441751269124,-1.3594611929961822,muskmelon,Kaggle Benchmark
National Benchmark,Benchmark Baseline,Curated Benchmark,1.2039921955994322,-1.132688416096867,-0.04243195893484785,0.3625182931305431,0.2890897121410388,0.8380471325350891,-1.4377023166611396,muskmelon,Kaggle Benchmark
National Benchmark,Benchmark Baseline,Curated Benchmark,1.2039921955994322,-1.405532410339038,-0.062176102263245756,-0.5678290324888161,0.3325362020265425,0.8676916533455706,-1.426057126162169,muskmelon,Kaggle Benchmark
National Benchmark,Benchmark Baseline,Curated Benchmark,0.9872918229228731,-1.4358484096992794,-0.062176102263245756,-0.089733879045534,0.8321708357098287,0.8672424939393517,-1.466997249010112,muskmelon,Kaggle Benchmark
National Benchmark,Benchmark Baseline,Curated Benchmark,1.1498171024302926,-1.0114244186559023,0.03654461437874377,-0.025126425877523142,0.8519192402032396,0.9768373890568901,-1.4395218776766037,muskmelon,Kaggle Benchmark
National Benchmark,Benchmark Baseline,Curated Benchmark,0.9060291831691635,-0.7385804244137313,0.016800471050345864,-0.2835562385495677,0.853894080652581,1.0073802286798104,-1.511576493888983,muskmelon,Kaggle Benchmark
National Benchmark,Benchmark Baseline,Curated Benchmark,1.6373929409525505,-1.4661644090595205,-0.022687815606449946,-0.25771325728236383,0.47669955482843956,0.897785333562272,-1.4972019618668166,muskmelon,Kaggle Benchmark
National Benchmark,Benchmark Baseline,Curated Benchmark,1.6373929409525505,-1.4661644090595205,0.07603290103553959,-0.4256926355191925,0.8420450379565342,1.0132193009606634,-1.500477171694652,muskmelon,Kaggle Benchmark
National Benchmark,Benchmark Baseline,Curated Benchmark,1.6373929409525505,-1.1630044154571084,0.1155211876923354,-0.36108518235118053,0.4135046604495258,0.9624642880578683,-1.481189824930732,muskmelon,Kaggle Benchmark
National Benchmark,Benchmark Baseline,Curated Benchmark,1.041466916092013,-1.2842684128980733,-0.022687815606449946,-0.18018431348074987,0.8242714739124647,1.0406180247400478,-1.3754733299322663,muskmelon,Kaggle Benchmark
National Benchmark,Benchmark Baseline,Curated Benchmark,1.6103053943679806,-1.1630044154571084,-0.0029436722780520393,-0.3352422010839766,0.5853157795421969,0.9606676504329911,-1.3803861446740195,muskmelon,Kaggle Benchmark
National Benchmark,Benchmark Baseline,Curated Benchmark,1.2039921955994322,-0.7082644250534901,0.07603290103553959,0.22038189616091833,0.7630514199828923,0.8470303206594776,-1.40877129651526,muskmelon,Kaggle Benchmark
National Benchmark,Benchmark Baseline,Curated Benchmark,1.74574312729083,-1.253952413537832,0.07603290103553959,0.28498934932893033,0.3740078514627048,1.0545419663328495,-1.5001132594915592,muskmelon,Kaggle Benchmark
National Benchmark,Benchmark Baseline,Curated Benchmark,1.8811808602136793,-0.8598444218546961,0.03654461437874377,-0.18018431348074987,0.4806492357271216,1.0482537346457774,-1.4850109030632066,muskmelon,Kaggle Benchmark
National Benchmark,Benchmark Baseline,Curated Benchmark,1.3936050216914215,-1.2842684128980733,-0.062176102263245756,-0.14141984157994292,0.6741835997625449,0.9723457949946955,-1.4429790436059857,muskmelon,Kaggle Benchmark
National Benchmark,Benchmark Baseline,Curated Benchmark,1.1769046490148625,-1.4661644090595205,0.1352653310207333,-0.4903000886872034,0.5872906199915383,0.9166500286234877,-1.3934869839853614,muskmelon,Kaggle Benchmark
National Benchmark,Benchmark Baseline,Curated Benchmark,0.9060291831691635,-1.0720564173763847,-0.04243195893484785,0.40128276503135013,0.29106455259038017,0.985371417775059,-1.4218721358266015,muskmelon,Kaggle Benchmark
National Benchmark,Benchmark Baseline,Curated Benchmark,1.5290427546142709,-0.9507924199354199,0.1155211876923354,0.2074604055273164,0.47077503348041616,0.8699374503766677,-1.4891958933987743,muskmelon,Kaggle Benchmark
National Benchmark,Benchmark Baseline,Curated Benchmark,0.797678996830884,-1.0720564173763847,0.07603290103553959,0.01363804602328383,0.44510210763898267,0.8834122325632507,-1.4449805607229962,muskmelon,Kaggle Benchmark
National Benchmark,Benchmark Baseline,Curated Benchmark,0.9602042763383033,-1.0720564173763847,-0.062176102263245756,0.1299314617257036,0.6623345570664982,0.8640983780958154,-1.4775507028998038,muskmelon,Kaggle Benchmark
National Benchmark,Benchmark Baseline,Curated Benchmark,1.6915680341216903,-0.7688964237739725,-0.0029436722780520393,-0.38692816361838556,0.6445609930224288,0.9435995929966526,-1.4378842727626862,muskmelon,Kaggle Benchmark
National Benchmark,Benchmark Baseline,Curated Benchmark,1.74574312729083,-1.0720564173763847,0.09577704436393748,-0.5936720137560212,0.7018313660533199,1.020405851460174,-1.4810078688291857,muskmelon,Kaggle Benchmark
National Benchmark,Benchmark Baseline,Curated Benchmark,0.8518540900000237,-1.0114244186559023,0.1155211876923354,0.09116698982489663,0.7354036536921175,0.8326572196604558,-1.4922891471250632,muskmelon,Kaggle Benchmark
National Benchmark,Benchmark Baseline,Curated Benchmark,1.285254835353142,-0.9507924199354199,-0.022687815606449946,-0.16726282284714794,0.682082961559909,0.917997506842146,-1.3578235880822644,muskmelon,Kaggle Benchmark
National Benchmark,Benchmark Baseline,Curated Benchmark,1.7999182204599695,-0.8598444218546961,0.1155211876923354,-0.4127711448855894,0.6050641840356078,0.9444979118090919,-1.3529107733405115,muskmelon,Kaggle Benchmark
National Benchmark,Benchmark Baseline,Curated Benchmark,0.8789416365845936,-1.1630044154571084,0.016800471050345864,-0.03804791651112508,0.6544351952691342,0.8941920583125167,-1.460446829354441,muskmelon,Kaggle Benchmark
National Benchmark,Benchmark Baseline,Curated Benchmark,1.8811808602136793,-1.132688416096867,0.05628875770714167,0.10408848045849857,0.47077503348041616,0.9054210434680021,-1.4588092244405233,muskmelon,Kaggle Benchmark
National Benchmark,Benchmark Baseline,Curated Benchmark,1.6373929409525505,-1.4661644090595205,0.03654461437874377,-0.089733879045534,0.3898065750574329,0.9126075939675127,-1.4306060287008295,muskmelon,Kaggle Benchmark
National Benchmark,Benchmark Baseline,Curated Benchmark,0.9331167297537334,-0.9811084192956611,-0.022687815606449946,-0.36108518235118053,0.8400701975071935,0.8591576246274018,-1.4331534141224793,muskmelon,Kaggle Benchmark
National Benchmark,Benchmark Baseline,Curated Benchmark,1.0685544626765828,-0.9204764205751785,0.1155211876923354,-0.3998496542519875,0.581366098643515,0.8524202335341102,-1.3863906960250514,muskmelon,Kaggle Benchmark
National Benchmark,Benchmark Baseline,Curated Benchmark,1.3123423819377118,-0.7385804244137313,0.1352653310207333,0.24622487742812338,0.7057810469520018,0.8973361741560523,-1.4007652280472178,muskmelon,Kaggle Benchmark
National Benchmark,Benchmark Baseline,Curated Benchmark,1.3936050216914215,-1.2842684128980733,-0.022687815606449946,0.03948102729048771,0.4688001930310748,0.9566252157770161,-1.3885741692436084,muskmelon,Kaggle Benchmark
National Benchmark,Benchmark Baseline,Curated Benchmark,0.797678996830884,-1.0720564173763847,0.05628875770714167,0.31083233059613424,0.4806492357271216,0.9135059127799514,-1.5046621620302194,muskmelon,Kaggle Benchmark
National Benchmark,Benchmark Baseline,Curated Benchmark,0.9872918229228731,-0.9811084192956611,0.07603290103553959,-0.5161430699544073,0.3424104042732479,1.0244482861161488,-1.3874824326343298,muskmelon,Kaggle Benchmark
National Benchmark,Benchmark Baseline,Curated Benchmark,1.7186555807062602,-1.375216410978797,0.07603290103553959,-0.06389089777833011,0.7354036536921175,1.0361264306778533,-1.3689229102765956,muskmelon,Kaggle Benchmark
National Benchmark,Benchmark Baseline,Curated Benchmark,1.3123423819377118,-1.4358484096992794,-0.04243195893484785,-0.089733879045534,0.5912403008902204,1.0213041702726124,-1.3550942465590685,muskmelon,Kaggle Benchmark
National Benchmark,Benchmark Baseline,Curated Benchmark,1.041466916092013,-0.8598444218546961,0.03654461437874377,-0.11557686031273903,0.2831651907930161,0.8923954206876387,-1.4262390822637157,muskmelon,Kaggle Benchmark
National Benchmark,Benchmark Baseline,Curated Benchmark,1.231079742184002,-1.2236364141775908,0.1352653310207333,0.29791083996253226,0.7729256222295977,1.037024749490292,-1.497929786273002,muskmelon,Kaggle Benchmark
National Benchmark,Benchmark Baseline,Curated Benchmark,0.8518540900000237,-0.8295284224944549,-0.022687815606449946,0.1299314617257036,0.5695170559474688,0.987617214806156,-1.4422512191997998,muskmelon,Kaggle Benchmark
National Benchmark,Benchmark Baseline,Curated Benchmark,1.501955208029701,-0.9811084192956611,0.07603290103553959,-0.2318702760151588,0.6485106739211107,1.0469062564271199,-1.4633581269791835,muskmelon,Kaggle Benchmark
National Benchmark,Benchmark Baseline,Curated Benchmark,1.0685544626765828,-1.1630044154571084,0.07603290103553959,-0.025126425877523142,0.2831651907930161,0.893742898906297,-1.4520768486833062,muskmelon,Kaggle Benchmark
National Benchmark,Benchmark Baseline,Curated Benchmark,1.501955208029701,-1.132688416096867,0.1155211876923354,0.1557744429929075,0.6603597166171575,0.9081159999053188,-1.4322436336147473,muskmelon,Kaggle Benchmark
National Benchmark,Benchmark Baseline,Curated Benchmark,-0.7192236119050298,2.2627035122501495,2.9191895403248376,-1.2268250548025301,-0.5660162024236374,0.862750899877157,0.12675624443491512,apple,Kaggle Benchmark
National Benchmark,Benchmark Baseline,Curated Benchmark,-1.179711903842718,2.7477595020140093,2.938933683653236,-0.43861412615279444,-0.34878375299612113,1.0271432425534648,0.19262435319471627,apple,Kaggle Benchmark
National Benchmark,Benchmark Baseline,Curated Benchmark,-0.9900990777507287,2.2627035122501495,3.0968868302804187,-0.3093992198167716,-0.5936639687144123,1.0379230683027314,0.22883361740245253,apple,Kaggle Benchmark
National Benchmark,Benchmark Baseline,Curated Benchmark,-1.152624357258148,2.02017551736822,3.0179102569668275,-0.19310580411435183,-0.8740913125208416,0.8825139137508115,0.3414644442596818,apple,Kaggle Benchmark
National Benchmark,Benchmark Baseline,Curated Benchmark,-0.8275737982433093,2.2930195116103906,3.0179102569668275,-1.1363746203673142,-0.43567673276712776,0.9081159999053188,0.22956144180863802,apple,Kaggle Benchmark
National Benchmark,Benchmark Baseline,Curated Benchmark,-0.5025232392284708,2.5355475064923207,3.077142686952021,-0.8391803357944627,-0.5442929574808859,0.9723457949946955,0.2595841985637962,apple,Kaggle Benchmark
National Benchmark,Benchmark Baseline,Curated Benchmark,-0.6379609721513202,2.596179505212803,3.0968868302804187,-0.9037877889624747,-0.6193368945558457,0.9849222583688394,0.037961666880265664,apple,Kaggle Benchmark
National Benchmark,Benchmark Baseline,Curated Benchmark,-1.369324729934707,2.1111235154489436,3.0968868302804187,-0.8779448076952696,-0.7082047147761931,0.9647100850889654,0.32144927308957627,apple,Kaggle Benchmark
National Benchmark,Benchmark Baseline,Curated Benchmark,-0.7733987050741696,2.7477595020140093,2.9191895403248376,0.03948102729048771,-0.7319028001682859,0.9076668404990991,0.2477570519632793,apple,Kaggle Benchmark
National Benchmark,Benchmark Baseline,Curated Benchmark,-1.3422371833501372,2.1414395148091847,2.9784219703100314,-1.0459241859320982,-0.376431519286896,0.9786340266817675,0.16751441118131144,apple,Kaggle Benchmark
National Benchmark,Benchmark Baseline,Curated Benchmark,-0.5566983323976105,2.0808075160887025,2.938933683653236,-1.162217601634518,-0.836569343983362,0.9539302593396994,0.04869707687150406,apple,Kaggle Benchmark
National Benchmark,Benchmark Baseline,Curated Benchmark,-0.5837858789821804,2.050491516728461,2.9191895403248376,-0.5032215793208054,-0.5462677979302265,1.0257957643348066,0.36639243017154016,apple,Kaggle Benchmark
National Benchmark,Benchmark Baseline,Curated Benchmark,-1.0171866243352985,2.2020715135296673,3.077142686952021,-0.11557686031273903,-0.4949219462473595,0.9575235345894547,0.08581612158697233,apple,Kaggle Benchmark
National Benchmark,Benchmark Baseline,Curated Benchmark,-1.1255368106735781,2.596179505212803,2.9784219703100314,-0.7745728826264519,-0.46727417995658466,1.0356772712716342,0.034504500950883865,apple,Kaggle Benchmark
National Benchmark,Benchmark Baseline,Curated Benchmark,-1.369324729934707,2.414283509051356,2.998166113638429,-0.9813167327640875,-0.38433088108426006,0.8537677117527686,0.013943461476139337,apple,Kaggle Benchmark
National Benchmark,Benchmark Baseline,Curated Benchmark,-0.5566983323976105,2.7174435026537678,2.9784219703100314,-0.8650233170616677,-0.3645824765908499,0.8587084652211822,-0.021901890528503904,apple,Kaggle Benchmark
National Benchmark,Benchmark Baseline,Curated Benchmark,-0.39417305289019117,2.6264955045730445,2.9586778269816336,-0.24479176664876073,-0.4495006159125152,0.8982344929684916,0.01758258350706764,apple,Kaggle Benchmark
National Benchmark,Benchmark Baseline,Curated Benchmark,-0.36708550630562126,2.5355475064923207,2.9784219703100314,-0.9942382233976894,-0.5877394473663888,0.839843770159967,0.08872741921171486,apple,Kaggle Benchmark
National Benchmark,Benchmark Baseline,Curated Benchmark,-0.47543569264390084,2.050491516728461,3.057398543623623,-1.1105316391001092,-0.6232865754545278,1.0455587782084614,0.20699888521688298,apple,Kaggle Benchmark
National Benchmark,Benchmark Baseline,Curated Benchmark,-1.179711903842718,2.7477595020140093,2.8994453969964398,-0.7874943732600538,-0.524544552987475,0.9925579682745697,0.021585617741088692,apple,Kaggle Benchmark
National Benchmark,Benchmark Baseline,Curated Benchmark,-0.4212605994747611,2.2627035122501495,3.0968868302804187,-0.5549075418552142,-0.8977893979129344,0.99210880886835,0.0801754824390335,apple,Kaggle Benchmark
National Benchmark,Benchmark Baseline,Curated Benchmark,-0.5837858789821804,2.2627035122501495,2.9586778269816336,-1.0071597140312913,-0.6272362563532098,0.9534810999334798,0.3281816488467936,apple,Kaggle Benchmark
National Benchmark,Benchmark Baseline,Curated Benchmark,-1.3151496367655673,2.7174435026537678,2.9191895403248376,-1.0330026952984963,-0.5739155642210014,0.8519710741278912,0.11693061495140875,apple,Kaggle Benchmark
National Benchmark,Benchmark Baseline,Curated Benchmark,-0.44834814605933093,2.6264955045730445,2.9586778269816336,-0.9296307702296785,-0.7733744496044482,0.9862697365874977,0.21318539266946107,apple,Kaggle Benchmark
National Benchmark,Benchmark Baseline,Curated Benchmark,-0.5837858789821804,2.7477595020140093,3.077142686952021,-0.8650233170616677,-0.6292110968025512,0.9435995929966526,0.2845121844756545,apple,Kaggle Benchmark
National Benchmark,Benchmark Baseline,Curated Benchmark,-0.5025232392284708,2.6568115039332856,3.057398543623623,-0.8391803357944627,-0.8602674293754542,0.9593201722143327,0.10201021462460279,apple,Kaggle Benchmark
National Benchmark,Benchmark Baseline,Curated Benchmark,-1.0171866243352985,2.7477595020140093,2.938933683653236,-0.24479176664876073,-0.5324439147848391,1.0518470098955335,0.04050905230191545,apple,Kaggle Benchmark
National Benchmark,Benchmark Baseline,Curated Benchmark,-0.6921360653204599,2.7174435026537678,2.9586778269816336,-0.5678290324888161,-0.5541671597275913,0.9000311305933689,0.07999352633748699,apple,Kaggle Benchmark
National Benchmark,Benchmark Baseline,Curated Benchmark,-1.1255368106735781,2.5355475064923207,2.998166113638429,-1.0717671671993034,-0.887915195666229,0.862750899877157,-0.012076261044997774,apple,Kaggle Benchmark
National Benchmark,Benchmark Baseline,Curated Benchmark,-1.2067994504272879,2.7477595020140093,2.9586778269816336,-1.175139092268121,-0.8898900361155704,0.8461320018470383,0.019038232319438908,apple,Kaggle Benchmark
National Benchmark,Benchmark Baseline,Curated Benchmark,-0.36708550630562126,2.2020715135296673,2.9191895403248376,-1.1234531297337123,-0.39815476422964746,0.8757765226575206,0.06743855533078456,apple,Kaggle Benchmark
National Benchmark,Benchmark Baseline,Curated Benchmark,-1.3151496367655673,2.02017551736822,3.057398543623623,-0.7487299013592479,-0.4909722653486775,1.0433129811773638,0.09382219005501444,apple,Kaggle Benchmark
National Benchmark,Benchmark Baseline,Curated Benchmark,-1.0713617175044383,2.7174435026537678,2.938933683653236,-0.7616513919928499,-0.5205948720887931,0.9808798237128644,0.34091857595504255,apple,Kaggle Benchmark
National Benchmark,Benchmark Baseline,Curated Benchmark,-1.0984492640890082,2.6568115039332856,3.0179102569668275,-0.10265536967913709,-0.688456310282783,0.8757765226575206,0.019584100624078164,apple,Kaggle Benchmark
National Benchmark,Benchmark Baseline,Curated Benchmark,-0.7192236119050298,2.6871275032935267,3.0376544002952253,-0.9813167327640875,-0.6074878518597997,0.8982344929684916,-0.02936209069190701,apple,Kaggle Benchmark
National Benchmark,Benchmark Baseline,Curated Benchmark,-0.7463111584895997,2.565863505852562,2.8994453969964398,-0.8650233170616677,-0.6173620541065051,0.9081159999053188,0.38076696219370687,apple,Kaggle Benchmark
National Benchmark,Benchmark Baseline,Curated Benchmark,-0.8817488914124492,2.171755514169426,3.077142686952021,-0.5419860512216123,-0.6430349799479386,1.0329823148343178,0.2415705445107012,apple,Kaggle Benchmark
National Benchmark,Benchmark Baseline,Curated Benchmark,-1.0171866243352985,2.050491516728461,2.9191895403248376,-0.03804791651112508,-0.6726575866880542,0.989413852431034,0.3037995312395743,apple,Kaggle Benchmark
National Benchmark,Benchmark Baseline,Curated Benchmark,-0.6650485187358901,2.0808075160887025,3.0376544002952253,-1.0976101484665073,-0.6252614159038692,1.0446604593960223,0.06762051143233107,apple,Kaggle Benchmark
National Benchmark,Benchmark Baseline,Curated Benchmark,-0.6108734255667503,2.1111235154489436,3.0376544002952253,-0.03804791651112508,-0.5620665215249554,0.9269806949665345,0.3088943020828739,apple,Kaggle Benchmark
National Benchmark,Benchmark Baseline,Curated Benchmark,-0.6650485187358901,2.050491516728461,3.0179102569668275,-0.3998496542519875,-0.6766072675867362,0.8331063790666755,0.1609639915256406,apple,Kaggle Benchmark
National Benchmark,Benchmark Baseline,Curated Benchmark,-0.8004862516587395,2.5355475064923207,2.9191895403248376,-0.8521018264280658,-0.3961799237803068,0.9081159999053188,0.3662104740699939,apple,Kaggle Benchmark
National Benchmark,Benchmark Baseline,Curated Benchmark,-0.8004862516587395,2.474915507771838,2.9586778269816336,-0.9037877889624747,-0.3468089125467805,1.052745328707972,0.028317993498305778,apple,Kaggle Benchmark
National Benchmark,Benchmark Baseline,Curated Benchmark,-1.2338869970118578,2.7477595020140093,3.0968868302804187,-0.3740066729847836,-0.8286699821859973,0.9498878246837246,-0.012076261044997774,apple,Kaggle Benchmark
National Benchmark,Benchmark Baseline,Curated Benchmark,-1.3151496367655673,2.1111235154489436,3.0968868302804187,-0.9425522608632805,-0.6410601394985973,0.8672424939393517,0.39150237218494527,apple,Kaggle Benchmark
National Benchmark,Benchmark Baseline,Curated Benchmark,-0.9630115311661588,2.414283509051356,2.9784219703100314,-0.8391803357944627,-0.3191611462560056,0.9040735652493438,0.25740072534523917,apple,Kaggle Benchmark
National Benchmark,Benchmark Baseline,Curated Benchmark,-0.5296107858130407,2.323335510970632,2.9586778269816336,-1.1880605829017232,-0.7536260451110374,0.9543794187459191,0.3019799702241103,apple,Kaggle Benchmark
National Benchmark,Benchmark Baseline,Curated Benchmark,-0.6921360653204599,2.7174435026537678,2.998166113638429,-0.5807505231224193,-0.3586579552428265,0.9575235345894547,-0.05174269118211556,apple,Kaggle Benchmark
National Benchmark,Benchmark Baseline,Curated Benchmark,-0.935923984581589,2.7174435026537678,3.077142686952021,-1.0846886578329054,-0.376431519286896,0.9004802899995885,0.33545989290865025,apple,Kaggle Benchmark
National Benchmark,Benchmark Baseline,Curated Benchmark,-0.8546613448278793,2.0808075160887025,3.0376544002952253,-0.8521018264280658,-0.4495006159125152,0.848826958284355,0.17169940151687899,apple,Kaggle Benchmark
National Benchmark,Benchmark Baseline,Curated Benchmark,-1.0984492640890082,2.171755514169426,2.9191895403248376,-0.9554737514968824,-0.652909182194644,0.8335555384728951,0.17479265524316778,apple,Kaggle Benchmark
National Benchmark,Benchmark Baseline,Curated Benchmark,-0.8275737982433093,2.596179505212803,3.0376544002952253,-1.0330026952984963,-0.4179031687230583,0.9310231296225088,0.08235895565759027,apple,Kaggle Benchmark
National Benchmark,Benchmark Baseline,Curated Benchmark,-0.6108734255667503,2.1111235154489436,2.9586778269816336,-1.0200812046648944,-0.42580253052042233,0.8973361741560523,0.15132031814368072,apple,Kaggle Benchmark
National Benchmark,Benchmark Baseline,Curated Benchmark,-0.6108734255667503,2.505231507132079,2.998166113638429,-0.2835562385495677,-0.504796148494065,0.9395571583406783,0.2051793242014187,apple,Kaggle Benchmark
National Benchmark,Benchmark Baseline,Curated Benchmark,-1.3151496367655673,2.3536515103308733,2.9784219703100314,-0.5807505231224193,-0.6213117350051871,0.887005507813006,0.3776737084674178,apple,Kaggle Benchmark
National Benchmark,Benchmark Baseline,Curated Benchmark,-1.3151496367655673,2.6264955045730445,2.938933683653236,-1.213903564168927,-0.5758904046703428,0.9584218534018935,0.028863861802945038,apple,Kaggle Benchmark
National Benchmark,Benchmark Baseline,Curated Benchmark,-0.6379609721513202,2.565863505852562,3.0179102569668275,-0.671200957557634,-0.38433088108426006,1.0069310692735913,0.03523232535706963,apple,Kaggle Benchmark
National Benchmark,Benchmark Baseline,Curated Benchmark,-0.5566983323976105,2.2323875128899084,3.077142686952021,-0.43861412615279444,-0.6153872136571638,0.9422521147779943,-0.046102052034176735,apple,Kaggle Benchmark
National Benchmark,Benchmark Baseline,Curated Benchmark,-0.5025232392284708,2.7780755013742504,3.057398543623623,-0.07681238841193205,-0.3527334338948038,0.8694882909704487,0.11165388800656267,apple,Kaggle Benchmark
National Benchmark,Benchmark Baseline,Curated Benchmark,-0.5837858789821804,2.596179505212803,3.0968868302804187,-0.3998496542519875,-0.3902554024322834,0.9997445187740802,0.24066076400296918,apple,Kaggle Benchmark
National Benchmark,Benchmark Baseline,Curated Benchmark,-0.6650485187358901,2.2020715135296673,2.8994453969964398,-0.7616513919928499,-0.8306448226353387,0.9660575633076236,0.2717752573674059,apple,Kaggle Benchmark
National Benchmark,Benchmark Baseline,Curated Benchmark,-0.28582286655191164,2.505231507132079,3.0376544002952253,-0.6841224481912359,-0.5462677979302265,1.0374739088965117,0.2559450765328679,apple,Kaggle Benchmark
National Benchmark,Benchmark Baseline,Curated Benchmark,-1.2067994504272879,2.1414395148091847,2.998166113638429,-0.6453579762904301,-0.5205948720887931,1.0046852722424937,0.11147193190501642,apple,Kaggle Benchmark
National Benchmark,Benchmark Baseline,Curated Benchmark,-0.4212605994747611,2.565863505852562,2.998166113638429,-1.0330026952984963,-0.8721164720715009,0.8681408127517903,0.003935875891086702,apple,Kaggle Benchmark
National Benchmark,Benchmark Baseline,Curated Benchmark,-0.9088364379970191,2.505231507132079,2.9191895403248376,-0.7616513919928499,-0.3448340720974391,0.8542168711589881,-0.007527358506337461,apple,Kaggle Benchmark
National Benchmark,Benchmark Baseline,Curated Benchmark,-0.47543569264390084,2.444599508411597,3.0968868302804187,-0.4903000886872034,-0.9037139192609579,1.0266940831472458,0.2051793242014187,apple,Kaggle Benchmark
National Benchmark,Benchmark Baseline,Curated Benchmark,-0.935923984581589,2.7174435026537678,2.938933683653236,-0.7358084107256448,-0.5916891282650709,0.989863011837253,0.24502771044008326,apple,Kaggle Benchmark
National Benchmark,Benchmark Baseline,Curated Benchmark,-0.6379609721513202,2.02017551736822,2.998166113638429,-0.46445710741999835,-0.8227454608379746,0.8654458563144737,0.24084272010451568,apple,Kaggle Benchmark
National Benchmark,Benchmark Baseline,Curated Benchmark,-0.5837858789821804,2.7780755013742504,3.0968868302804187,-0.3352422010839766,-0.5541671597275913,0.9274298543727535,0.10692302936635611,apple,Kaggle Benchmark
National Benchmark,Benchmark Baseline,Curated Benchmark,-1.2880620901809974,2.6568115039332856,2.938933683653236,-0.4256926355191925,-0.7180789170228985,0.8825139137508115,0.2186440757158534,apple,Kaggle Benchmark
National Benchmark,Benchmark Baseline,Curated Benchmark,-0.9630115311661588,2.1111235154489436,3.077142686952021,-0.12849835094634096,-0.6094626923091404,0.9462945494339693,0.2168245147003891,apple,Kaggle Benchmark
National Benchmark,Benchmark Baseline,Curated Benchmark,-1.2338869970118578,2.505231507132079,2.8994453969964398,-0.27063474791596576,-0.6430349799479386,0.917997506842146,0.07835592142356922,apple,Kaggle Benchmark
National Benchmark,Benchmark Baseline,Curated Benchmark,-1.0984492640890082,2.505231507132079,3.077142686952021,-0.24479176664876073,-0.8721164720715009,0.9287773325914118,0.04360230602820449,apple,Kaggle Benchmark
National Benchmark,Benchmark Baseline,Curated Benchmark,-1.179711903842718,2.6568115039332856,2.8994453969964398,-1.239746545436132,-0.34285923164809845,0.9867188959937173,0.02631647638129525,apple,Kaggle Benchmark
National Benchmark,Benchmark Baseline,Curated Benchmark,-1.3151496367655673,2.2930195116103906,3.0179102569668275,-1.0200812046648944,-0.560091681075614,1.0280415613659042,0.339826839345764,apple,Kaggle Benchmark
National Benchmark,Benchmark Baseline,Curated Benchmark,-0.5837858789821804,2.565863505852562,2.938933683653236,-0.8262588451608607,-0.6766072675867362,0.9413537959655557,0.3310929464715362,apple,Kaggle Benchmark
National Benchmark,Benchmark Baseline,Curated Benchmark,-0.5566983323976105,2.5355475064923207,2.998166113638429,-1.1234531297337123,-0.5344187552341805,0.8632000592833767,0.2754143793983339,apple,Kaggle Benchmark
National Benchmark,Benchmark Baseline,Curated Benchmark,-0.5837858789821804,2.3839675096911144,3.077142686952021,-0.47737859805360144,-0.49887162714604155,0.842089567191064,0.08654394599315783,apple,Kaggle Benchmark
National Benchmark,Benchmark Baseline,Curated Benchmark,-0.9900990777507287,2.596179505212803,2.938933683653236,-0.5290645605880103,-0.7694247687057663,0.9593201722143327,0.33182077087772194,apple,Kaggle Benchmark
National Benchmark,Benchmark Baseline,Curated Benchmark,-0.8817488914124492,2.171755514169426,3.057398543623623,-0.3998496542519875,-0.6272362563532098,0.9031752464369052,-0.01644320748211158,apple,Kaggle Benchmark
National Benchmark,Benchmark Baseline,Curated Benchmark,-0.47543569264390084,2.7174435026537678,3.077142686952021,-0.8521018264280658,-0.8859403552168884,0.9197941444670233,0.34710508340762064,apple,Kaggle Benchmark
National Benchmark,Benchmark Baseline,Curated Benchmark,-0.28582286655191164,2.7477595020140093,2.9191895403248376,-0.619514995023225,-0.5719407237716607,0.9328197672473868,0.06489116990913478,apple,Kaggle Benchmark
National Benchmark,Benchmark Baseline,Curated Benchmark,-1.1255368106735781,2.7174435026537678,2.938933683653236,-1.162217601634518,-0.36853215748953194,0.96111680983921,0.25831050585297116,apple,Kaggle Benchmark
National Benchmark,Benchmark Baseline,Curated Benchmark,-0.3399979597210514,2.474915507771838,3.057398543623623,-0.6453579762904301,-0.36655731704019057,0.9961512435243249,-0.047921613049641015,apple,Kaggle Benchmark
National Benchmark,Benchmark Baseline,Curated Benchmark,-0.6108734255667503,2.323335510970632,2.9191895403248376,-0.5290645605880103,-0.688456310282783,1.0419655029587063,0.17206331371997174,apple,Kaggle Benchmark
National Benchmark,Benchmark Baseline,Curated Benchmark,-0.4212605994747611,2.6871275032935267,3.057398543623623,-0.7358084107256448,-0.8780409934195237,0.842538726597283,0.36730221067927243,apple,Kaggle Benchmark
National Benchmark,Benchmark Baseline,Curated Benchmark,-1.0442741709198684,2.2930195116103906,3.0968868302804187,-0.45153561678639637,-0.6430349799479386,0.8838613919694698,0.27687002821070544,apple,Kaggle Benchmark
National Benchmark,Benchmark Baseline,Curated Benchmark,-1.3422371833501372,2.474915507771838,3.057398543623623,-1.0976101484665073,-0.560091681075614,0.9530319405272608,0.1877115384529632,apple,Kaggle Benchmark
National Benchmark,Benchmark Baseline,Curated Benchmark,-1.369324729934707,2.7780755013742504,3.0968868302804187,-1.2268250548025301,-0.8661919507234775,0.8362504949102111,0.19135066048389152,apple,Kaggle Benchmark
National Benchmark,Benchmark Baseline,Curated Benchmark,-0.5296107858130407,2.050491516728461,3.0179102569668275,-0.9554737514968824,-0.48504774400065415,0.8470303206594776,0.13185101527821444,apple,Kaggle Benchmark
National Benchmark,Benchmark Baseline,Curated Benchmark,-0.4212605994747611,2.3536515103308733,3.057398543623623,-0.7487299013592479,-0.6292110968025512,1.00782938808603,-0.013531909857369042,apple,Kaggle Benchmark
National Benchmark,Benchmark Baseline,Curated Benchmark,-0.5837858789821804,2.6264955045730445,2.8994453969964398,-1.175139092268121,-0.3902554024322834,0.8744290444388623,0.2415705445107012,apple,Kaggle Benchmark
National Benchmark,Benchmark Baseline,Curated Benchmark,-0.47543569264390084,2.565863505852562,2.9586778269816336,-0.3223207104503747,-0.6568588630933261,0.862750899877157,0.3507442054385487,apple,Kaggle Benchmark
National Benchmark,Benchmark Baseline,Curated Benchmark,-0.9900990777507287,2.6264955045730445,2.938933683653236,-0.5161430699544073,-0.44752577546317385,0.8721832474077653,0.1742467869385288,apple,Kaggle Benchmark
National Benchmark,Benchmark Baseline,Curated Benchmark,-0.4212605994747611,2.7780755013742504,2.8994453969964398,-0.3093992198167716,-0.7062298743268524,1.0374739088965117,0.13676383001996778,apple,Kaggle Benchmark
National Benchmark,Benchmark Baseline,Curated Benchmark,-0.28582286655191164,2.02017551736822,2.938933683653236,-0.7487299013592479,-0.35668311479348586,0.9435995929966526,0.29415585785761444,apple,Kaggle Benchmark
National Benchmark,Benchmark Baseline,Curated Benchmark,-0.6921360653204599,2.3839675096911144,2.9586778269816336,-0.9554737514968824,-0.6509343417453026,0.8699374503766677,-0.06084049625943619,apple,Kaggle Benchmark
National Benchmark,Benchmark Baseline,Curated Benchmark,-0.5296107858130407,2.5355475064923207,2.9191895403248376,-0.089733879045534,-0.6864814698334416,1.0037869534300552,0.31235146801225566,apple,Kaggle Benchmark
National Benchmark,Benchmark Baseline,Curated Benchmark,-0.39417305289019117,2.7477595020140093,2.9191895403248376,0.03948102729048771,-0.38828056198294275,1.034329793052976,0.21646060249729634,apple,Kaggle Benchmark
National Benchmark,Benchmark Baseline,Curated Benchmark,-1.0984492640890082,2.6264955045730445,2.938933683653236,-0.3093992198167716,-0.6805569484854181,0.8438862048159413,0.38222261100607813,apple,Kaggle Benchmark
National Benchmark,Benchmark Baseline,Curated Benchmark,-0.7733987050741696,-0.7082644250534901,-0.7137328321003766,-0.154341332213546,-1.9424799956143524,0.9444979118090919,0.28342044786637627,orange,Kaggle Benchmark
National Benchmark,Benchmark Baseline,Curated Benchmark,-0.36708550630562126,-1.4358484096992794,-0.6939886887719787,1.3445515812843114,0.08173146496022868,0.8995819711871499,-0.0397335884800524,orange,Kaggle Benchmark
National Benchmark,Benchmark Baseline,Curated Benchmark,-0.6379609721513202,-1.2236364141775908,-0.832197692070764,1.1248862405130737,-2.4203913843548874,0.8928445800938584,0.14131273255862808,orange,Kaggle Benchmark
National Benchmark,Benchmark Baseline,Curated Benchmark,-1.179711903842718,-1.132688416096867,-0.7729652620855704,1.7321963002923777,-1.3302794563186255,0.9233874197167792,0.20390563149059393,orange,Kaggle Benchmark
National Benchmark,Benchmark Baseline,Curated Benchmark,-0.8275737982433093,-1.405532410339038,-0.7729652620855704,0.8535349372074272,0.7630514199828923,0.9027260870306856,0.14022099594934956,orange,Kaggle Benchmark
National Benchmark,Benchmark Baseline,Curated Benchmark,-0.6650485187358901,-0.7992124231342137,-0.7532211187571725,-0.5032215793208054,0.48459891662580357,0.9624642880578683,0.19408000200708755,orange,Kaggle Benchmark
National Benchmark,Benchmark Baseline,Curated Benchmark,-1.2338869970118578,-0.9204764205751785,-0.6545004021151829,1.2153366749482897,0.010637208783950827,0.9238365791229982,0.16514898186120816,orange,Kaggle Benchmark
National Benchmark,Benchmark Baseline,Curated Benchmark,-1.369324729934707,-1.0720564173763847,-0.6742445454435808,0.9569068622762451,0.8203217930137827,0.9220399414981209,0.19935672895193363,orange,Kaggle Benchmark
National Benchmark,Benchmark Baseline,Curated Benchmark,-0.3129104131364815,-0.8901604212149373,-0.6742445454435808,0.9310638810090411,0.9743593480623851,0.8721832474077653,0.04742338416067904,orange,Kaggle Benchmark
National Benchmark,Benchmark Baseline,Curated Benchmark,-1.0171866243352985,-0.9204764205751785,-0.832197692070764,1.1636507124138806,-0.3270605080533696,0.8434370454097223,-0.013895822060461796,orange,Kaggle Benchmark
National Benchmark,Benchmark Baseline,Curated Benchmark,-0.8004862516587395,-1.102372416736626,-0.6545004021151829,1.2799441281163004,-0.3231108271546876,0.9013786088120272,0.2734128622813234,orange,Kaggle Benchmark
National Benchmark,Benchmark Baseline,Curated Benchmark,-0.47543569264390084,-1.253952413537832,-0.7927094054139683,0.452968727565759,-0.07033124963903242,0.8456828424408193,0.25303377890812534,orange,Kaggle Benchmark
National Benchmark,Benchmark Baseline,Curated Benchmark,-1.2067994504272879,-1.3449004116185557,-0.7137328321003766,0.7243200308714055,1.0790258918774605,0.8380471325350891,0.11329149292048045,orange,Kaggle Benchmark
National Benchmark,Benchmark Baseline,Curated Benchmark,-0.8546613448278793,-1.405532410339038,-0.7532211187571725,-0.45153561678639637,-2.139964040548458,0.8865563484067864,-0.05938484744706492,orange,Kaggle Benchmark
National Benchmark,Benchmark Baseline,Curated Benchmark,-0.7192236119050298,-1.0720564173763847,-0.832197692070764,-0.2318702760151588,0.18837284922464545,1.0316348366156594,0.23502012485503035,orange,Kaggle Benchmark
National Benchmark,Benchmark Baseline,Curated Benchmark,-1.1255368106735781,-1.2842684128980733,-0.7927094054139683,0.11700997109210051,-0.14932486761267502,1.0289398801783427,0.15132031814368072,orange,Kaggle Benchmark
National Benchmark,Benchmark Baseline,Curated Benchmark,-0.5296107858130407,-1.375216410978797,-0.8124535487423661,0.8922994091082342,1.7563961660014422,0.9952529247118862,0.0019343587740759162,orange,Kaggle Benchmark
National Benchmark,Benchmark Baseline,Curated Benchmark,-0.7733987050741696,-1.102372416736626,-0.8519418353991619,0.6209481058025877,-0.2954630608639127,0.8640983780958154,-0.01134843663881201,orange,Kaggle Benchmark
National Benchmark,Benchmark Baseline,Curated Benchmark,-1.0171866243352985,-1.4661644090595205,-0.7927094054139683,1.2928656187499024,-0.34878375299612113,0.8366996543164308,0.008302822328200508,orange,Kaggle Benchmark
National Benchmark,Benchmark Baseline,Curated Benchmark,-0.935923984581589,-1.375216410978797,-0.7729652620855704,1.4608449969867312,-0.20067071929554203,0.8892513048441031,0.1424044691679066,orange,Kaggle Benchmark
National Benchmark,Benchmark Baseline,Curated Benchmark,-1.2609745435964277,-1.2236364141775908,-0.832197692070764,1.4091590344523222,-1.9721026023544679,1.0231008078974906,-0.0362764225506706,orange,Kaggle Benchmark
National Benchmark,Benchmark Baseline,Curated Benchmark,-1.369324729934707,-0.8598444218546961,-0.6742445454435808,-0.14141984157994292,-1.239436795648937,0.9206924632794626,0.23629381756585538,orange,Kaggle Benchmark
National Benchmark,Benchmark Baseline,Curated Benchmark,-1.152624357258148,-1.405532410339038,-0.7532211187571725,0.5951051245353827,0.5221208851632839,0.9206924632794626,0.03177515942768758,orange,Kaggle Benchmark
National Benchmark,Benchmark Baseline,Curated Benchmark,-1.2609745435964277,-0.9204764205751785,-0.8519418353991619,1.3057871093835056,-0.5798400855690248,0.9826764613377424,0.12493668341945086,orange,Kaggle Benchmark
National Benchmark,Benchmark Baseline,Curated Benchmark,-0.47543569264390084,-1.1933204148173495,-0.7927094054139683,1.5642169220555489,-0.9056887597102985,0.9647100850889654,0.13130514697357545,orange,Kaggle Benchmark
National Benchmark,Benchmark Baseline,Curated Benchmark,-0.5566983323976105,-1.405532410339038,-0.6545004021151829,1.7580392815595827,1.503616588485787,0.8793697979072759,0.22392080266069922,orange,Kaggle Benchmark
National Benchmark,Benchmark Baseline,Curated Benchmark,-0.8004862516587395,-0.7385804244137313,-0.7137328321003766,-0.03804791651112508,-0.6548840226439847,0.9287773325914118,0.25303377890812534,orange,Kaggle Benchmark
National Benchmark,Benchmark Baseline,Curated Benchmark,-1.0713617175044383,-1.1933204148173495,-0.8519418353991619,0.6209481058025877,-2.7877117079323237,1.0513978504893138,0.2202816806297709,orange,Kaggle Benchmark
National Benchmark,Benchmark Baseline,Curated Benchmark,-1.1255368106735781,-1.375216410978797,-0.6545004021151829,1.9647831316972184,-2.226857020319464,1.0275924019596845,0.12293516630244032,orange,Kaggle Benchmark
National Benchmark,Benchmark Baseline,Curated Benchmark,-1.2338869970118578,-1.0720564173763847,-0.6742445454435808,1.2411796562154935,1.4799185030936948,0.9880663742123756,0.2857858771864796,orange,Kaggle Benchmark
National Benchmark,Benchmark Baseline,Curated Benchmark,-0.5837858789821804,-0.8598444218546961,-0.6742445454435808,1.693431828391572,0.9625103053663384,0.8524202335341102,0.1795235138833746,orange,Kaggle Benchmark
National Benchmark,Benchmark Baseline,Curated Benchmark,-0.47543569264390084,-1.253952413537832,-0.6545004021151829,-0.5419860512216123,0.9170889750314948,0.9229382603105596,0.24120663230760844,orange,Kaggle Benchmark
National Benchmark,Benchmark Baseline,Curated Benchmark,-1.152624357258148,-1.132688416096867,-0.832197692070764,0.8276919559402234,-2.6435483551304264,0.8434370454097223,0.09018306802408613,orange,Kaggle Benchmark
National Benchmark,Benchmark Baseline,Curated Benchmark,-0.9630115311661588,-1.1933204148173495,-0.7927094054139683,-0.3223207104503747,-3.0819629348841406,0.8416404077848444,0.2897889114205006,orange,Kaggle Benchmark
National Benchmark,Benchmark Baseline,Curated Benchmark,-0.935923984581589,-1.405532410339038,-0.7927094054139683,-0.06389089777833011,-0.5581168406262733,0.8591576246274018,0.2373855541751339,orange,Kaggle Benchmark
National Benchmark,Benchmark Baseline,Curated Benchmark,-1.369324729934707,-1.253952413537832,-0.8124535487423661,0.6467910870697916,-1.0735501979042885,0.8609542622522798,0.24284423722152623,orange,Kaggle Benchmark
National Benchmark,Benchmark Baseline,Curated Benchmark,-1.2338869970118578,-0.8598444218546961,-0.832197692070764,-0.5936720137560212,1.0079316357011827,1.011871822742005,0.06088813567511373,orange,Kaggle Benchmark
National Benchmark,Benchmark Baseline,Curated Benchmark,-1.2067994504272879,-1.375216410978797,-0.7334769754287745,0.16869593362650942,-0.24806689007972774,0.9395571583406783,0.2952475944668929,orange,Kaggle Benchmark
National Benchmark,Benchmark Baseline,Curated Benchmark,-1.0984492640890082,-1.4661644090595205,-0.8519418353991619,1.7451177909259807,-0.8701416316221596,0.8923954206876387,0.17315505032925027,orange,Kaggle Benchmark
National Benchmark,Benchmark Baseline,Curated Benchmark,-1.3422371833501372,-1.102372416736626,-0.832197692070764,0.452968727565759,-2.9279253798355387,0.893742898906297,0.2559450765328679,orange,Kaggle Benchmark
National Benchmark,Benchmark Baseline,Curated Benchmark,-1.3422371833501372,-0.7082644250534901,-0.7532211187571725,1.060278787345063,-2.708718089958681,0.8923954206876387,0.0021163148756224216,orange,Kaggle Benchmark
National Benchmark,Benchmark Baseline,Curated Benchmark,-1.369324729934707,-0.9204764205751785,-0.6545004021151829,1.4608449969867312,-0.6015633305117764,0.983125620743962,0.11638474664676948,orange,Kaggle Benchmark
National Benchmark,Benchmark Baseline,Curated Benchmark,-0.7192236119050298,-0.7992124231342137,-0.7729652620855704,-0.3998496542519875,-1.3322542967679663,0.9777357078693288,0.2897889114205006,orange,Kaggle Benchmark
National Benchmark,Benchmark Baseline,Curated Benchmark,-0.39417305289019117,-1.2842684128980733,-0.6939886887719787,0.9310638810090411,-1.6344048855171478,0.9687525197449403,0.16842419168904346,orange,Kaggle Benchmark
National Benchmark,Benchmark Baseline,Curated Benchmark,-0.28582286655191164,-0.9811084192956611,-0.7927094054139683,1.2282581655818916,1.8353897839750841,0.96111680983921,-0.023175583239328924,orange,Kaggle Benchmark
National Benchmark,Benchmark Baseline,Curated Benchmark,-0.28582286655191164,-0.9507924199354199,-0.832197692070764,0.026559536656885773,-0.2125197619915888,0.9175483474359263,0.227741880793174,orange,Kaggle Benchmark
National Benchmark,Benchmark Baseline,Curated Benchmark,-0.5025232392284708,-1.0720564173763847,-0.6939886887719787,-0.5549075418552142,-2.325599042786517,0.9103617969364157,0.08235895565759027,orange,Kaggle Benchmark
National Benchmark,Benchmark Baseline,Curated Benchmark,-1.1255368106735781,-1.3145844122583143,-0.7532211187571725,-0.5936720137560212,-0.6430349799479386,0.989863011837253,-0.035366642042938594,orange,Kaggle Benchmark
National Benchmark,Benchmark Baseline,Curated Benchmark,-1.0171866243352985,-1.132688416096867,-0.7927094054139683,0.6209481058025877,1.8018174963362872,0.9718966355884765,-0.05938484744706492,orange,Kaggle Benchmark
National Benchmark,Benchmark Baseline,Curated Benchmark,-0.9630115311661588,-1.3449004116185557,-0.7334769754287745,1.8614112066284005,-2.777837505685618,1.018160054429077,0.09764326818748897,orange,Kaggle Benchmark
National Benchmark,Benchmark Baseline,Curated Benchmark,-0.5837858789821804,-1.2842684128980733,-0.8519418353991619,1.51253095952114,-0.4909722653486775,0.9193449850608043,0.017400627405521132,orange,Kaggle Benchmark
National Benchmark,Benchmark Baseline,Curated Benchmark,-1.3422371833501372,-1.1630044154571084,-0.7729652620855704,1.3703945625515164,0.861793442449945,1.0361264306778533,0.21646060249729634,orange,Kaggle Benchmark
National Benchmark,Benchmark Baseline,Curated Benchmark,-0.8817488914124492,-1.4661644090595205,-0.7334769754287745,-0.2835562385495677,-0.9353113664504148,0.8739798850326426,-0.01826276849757586,orange,Kaggle Benchmark
National Benchmark,Benchmark Baseline,Curated Benchmark,-0.9900990777507287,-0.9507924199354199,-0.7729652620855704,0.09116698982489663,-1.6521784495612173,0.8829630731570312,0.1646031135565689,orange,Kaggle Benchmark
National Benchmark,Benchmark Baseline,Curated Benchmark,-0.47543569264390084,-1.1630044154571084,-0.8124535487423661,1.525452450154743,-1.932605793367647,0.9072176810928801,0.11456518563130547,orange,Kaggle Benchmark
National Benchmark,Benchmark Baseline,Curated Benchmark,-1.2609745435964277,-1.4358484096992794,-0.8124535487423661,0.31083233059613424,-0.5146703507407696,0.8820647543445924,0.16751441118131144,orange,Kaggle Benchmark
National Benchmark,Benchmark Baseline,Curated Benchmark,-0.9088364379970191,-1.132688416096867,-0.6742445454435808,0.2074604055273164,-1.820039887755207,0.9296756514038511,-0.009528875623347989,orange,Kaggle Benchmark
National Benchmark,Benchmark Baseline,Curated Benchmark,-1.0442741709198684,-1.0114244186559023,-0.7532211187571725,0.07824549919129468,-0.23029332603565827,0.9714474761822569,0.1092884586864594,orange,Kaggle Benchmark
National Benchmark,Benchmark Baseline,Curated Benchmark,-0.44834814605933093,-0.7385804244137313,-0.7927094054139683,-0.025126425877523142,1.2370131278247452,0.8834122325632507,0.03414058874779111,orange,Kaggle Benchmark
National Benchmark,Benchmark Baseline,Curated Benchmark,-0.3129104131364815,-0.7688964237739725,-0.7532211187571725,0.9181423903754381,1.1323465840096696,0.8982344929684916,0.10346586343697431,orange,Kaggle Benchmark
National Benchmark,Benchmark Baseline,Curated Benchmark,-0.5296107858130407,-0.8598444218546961,-0.7137328321003766,0.7113985402378025,-1.4941912136139328,0.8335555384728951,0.15132031814368072,orange,Kaggle Benchmark
National Benchmark,Benchmark Baseline,Curated Benchmark,-1.0442741709198684,-1.4358484096992794,-0.7927094054139683,-0.10265536967913709,1.0336045615426168,0.9606676504329911,0.07180550176789838,orange,Kaggle Benchmark
National Benchmark,Benchmark Baseline,Curated Benchmark,-1.0442741709198684,-0.7385804244137313,-0.6939886887719787,1.4220805250859252,-0.6232865754545278,0.9004802899995885,0.2646789694070958,orange,Kaggle Benchmark
National Benchmark,Benchmark Baseline,Curated Benchmark,-0.6650485187358901,-1.2842684128980733,-0.7334769754287745,1.4737664876203342,-2.353246809077292,0.8748782038450813,0.05142641839470035,orange,Kaggle Benchmark
National Benchmark,Benchmark Baseline,Curated Benchmark,-0.8546613448278793,-0.8901604212149373,-0.6545004021151829,0.8664564278410292,-1.0123301439747159,0.9988461999616415,0.15241205475295924,orange,Kaggle Benchmark
National Benchmark,Benchmark Baseline,Curated Benchmark,-0.3129104131364815,-0.9811084192956611,-0.7729652620855704,-0.154341332213546,-2.450013991095003,1.0127701415544437,0.05106250619160734,orange,Kaggle Benchmark
National Benchmark,Benchmark Baseline,Curated Benchmark,-0.935923984581589,-0.7385804244137313,-0.6939886887719787,-0.34816369171757855,1.3239061075957517,0.9970495623367642,0.2575826814467857,orange,Kaggle Benchmark
National Benchmark,Benchmark Baseline,Curated Benchmark,-0.39417305289019117,-0.7385804244137313,-0.6939886887719787,1.7580392815595827,-0.9748081754372356,0.8730815662202039,0.11438322952975896,orange,Kaggle Benchmark
National Benchmark,Benchmark Baseline,Curated Benchmark,-0.36708550630562126,-0.9204764205751785,-0.7137328321003766,-0.089733879045534,1.1678937120978086,0.8546660305652078,0.17570243575090005,orange,Kaggle Benchmark
National Benchmark,Benchmark Baseline,Curated Benchmark,-0.3129104131364815,-1.3449004116185557,-0.6545004021151829,1.9647831316972184,-0.05255768559496297,0.9130567533737324,0.2419344567137942,orange,Kaggle Benchmark
National Benchmark,Benchmark Baseline,Curated Benchmark,-0.5296107858130407,-1.4661644090595205,-0.6742445454435808,0.14285295235930554,-1.5692351506888926,0.9081159999053188,0.13148710307512168,orange,Kaggle Benchmark
National Benchmark,Benchmark Baseline,Curated Benchmark,-0.8817488914124492,-1.253952413537832,-0.7927094054139683,-0.3352422010839766,-2.5724540989541484,0.9135059127799514,0.2897889114205006,orange,Kaggle Benchmark
National Benchmark,Benchmark Baseline,Curated Benchmark,-0.8275737982433093,-1.0114244186559023,-0.7532211187571725,0.6597125777033946,-2.714642611306705,0.9970495623367642,0.04724142805913279,orange,Kaggle Benchmark
National Benchmark,Benchmark Baseline,Curated Benchmark,-1.2338869970118578,-1.375216410978797,-0.8519418353991619,0.11700997109210051,-2.8805292090513532,0.9319214484349481,0.16933397219677546,orange,Kaggle Benchmark
National Benchmark,Benchmark Baseline,Curated Benchmark,-0.8275737982433093,-1.375216410978797,-0.7137328321003766,1.0215143154442559,-0.06243188784166838,1.0545419663328495,0.26395114500091,orange,Kaggle Benchmark
National Benchmark,Benchmark Baseline,Curated Benchmark,-0.6921360653204599,-0.9811084192956611,-0.7334769754287745,-0.0122049352439212,1.3081073840010236,0.8384962919413087,0.02267735435036695,orange,Kaggle Benchmark
National Benchmark,Benchmark Baseline,Curated Benchmark,-0.9900990777507287,-1.0417404180161434,-0.6742445454435808,0.29791083996253226,-1.567260310239552,1.0275924019596845,0.08363264836841529,orange,Kaggle Benchmark
National Benchmark,Benchmark Baseline,Curated Benchmark,-0.36708550630562126,-1.0720564173763847,-0.7137328321003766,1.2024151843146877,-3.0306170832012733,0.8402929295661861,0.058886618558103204,orange,Kaggle Benchmark
National Benchmark,Benchmark Baseline,Curated Benchmark,-0.6650485187358901,-1.1630044154571084,-0.832197692070764,0.5692621432681788,-1.6581029709092407,1.0469062564271199,0.08272286786068328,orange,Kaggle Benchmark
National Benchmark,Benchmark Baseline,Curated Benchmark,-1.0171866243352985,-0.9507924199354199,-0.8519418353991619,1.6675888471243667,-1.1742670608206818,0.8542168711589881,-0.059930715751704174,orange,Kaggle Benchmark
National Benchmark,Benchmark Baseline,Curated Benchmark,-0.5025232392284708,-0.8598444218546961,-0.7729652620855704,1.7192748096587758,-3.012843519157204,1.0006428375865195,-0.04209901780015568,orange,Kaggle Benchmark
National Benchmark,Benchmark Baseline,Curated Benchmark,-0.8546613448278793,-1.405532410339038,-0.7729652620855704,0.6467910870697916,0.32463684022917844,0.9085651593115378,-0.042280973901702185,orange,Kaggle Benchmark
National Benchmark,Benchmark Baseline,Curated Benchmark,-0.6108734255667503,-1.405532410339038,-0.7729652620855704,0.33667531186333927,1.7721948895961717,0.9274298543727535,0.2202816806297709,orange,Kaggle Benchmark
National Benchmark,Benchmark Baseline,Curated Benchmark,-0.7192236119050298,-0.7082644250534901,-0.7334769754287745,0.16869593362650942,1.3397048311904798,1.034778952459195,0.17806786507100333,orange,Kaggle Benchmark
National Benchmark,Benchmark Baseline,Curated Benchmark,-1.179711903842718,-1.102372416736626,-0.7532211187571725,0.0007165553896807421,-3.052340328144025,0.8865563484067864,0.05270011110552512,orange,Kaggle Benchmark
National Benchmark,Benchmark Baseline,Curated Benchmark,-0.8817488914124492,-0.9204764205751785,-0.7927094054139683,-0.07681238841193205,-0.8148460990406106,0.9862697365874977,-0.0360944664491241,orange,Kaggle Benchmark
National Benchmark,Benchmark Baseline,Curated Benchmark,-1.179711903842718,-1.0114244186559023,-0.7137328321003766,0.01363804602328383,-1.794366961913773,1.0460079376146805,0.11965995647460503,orange,Kaggle Benchmark
National Benchmark,Benchmark Baseline,Curated Benchmark,-0.8275737982433093,-0.9204764205751785,-0.7334769754287745,-0.07681238841193205,1.2310886064767224,0.8371488137226504,0.11802235156068726,orange,Kaggle Benchmark
National Benchmark,Benchmark Baseline,Curated Benchmark,-0.8817488914124492,-1.1933204148173495,-0.7334769754287745,0.10408848045849857,0.4806492357271216,0.8322080602542368,0.2486668324710113,orange,Kaggle Benchmark
National Benchmark,Benchmark Baseline,Curated Benchmark,-0.44834814605933093,-1.2842684128980733,-0.7532211187571725,1.1507292217802787,1.2113402019833115,1.0383722277089502,0.21354930487255383,orange,Kaggle Benchmark
National Benchmark,Benchmark Baseline,Curated Benchmark,-0.8275737982433093,-0.7385804244137313,-0.7532211187571725,1.1636507124138806,0.682082961559909,0.9786340266817675,-0.04864943745582652,orange,Kaggle Benchmark
National Benchmark,Benchmark Baseline,Curated Benchmark,-0.36708550630562126,-0.8901604212149373,-0.6939886887719787,1.7838822628267865,-1.2789336046357578,0.8636492186895958,0.08290482396222952,orange,Kaggle Benchmark
National Benchmark,Benchmark Baseline,Curated Benchmark,-1.0442741709198684,-1.375216410978797,-0.7532211187571725,1.9777046223308203,-1.8694108989887335,0.8964378553436136,0.07216941397099139,orange,Kaggle Benchmark
National Benchmark,Benchmark Baseline,Curated Benchmark,-0.44834814605933093,-1.3145844122583143,-0.6742445454435808,0.33667531186333927,1.6655535053317534,0.9242857385292179,0.24266228111997973,orange,Kaggle Benchmark
National Benchmark,Benchmark Baseline,Curated Benchmark,-1.2067994504272879,-1.2236364141775908,-0.7729652620855704,1.7063533190251738,1.7563961660014422,0.8569118275963048,0.2705015646565809,orange,Kaggle Benchmark
National Benchmark,Benchmark Baseline,Curated Benchmark,-0.6379609721513202,-0.7082644250534901,-0.8519418353991619,1.538373940788345,1.4028997255693936,0.8564626681900852,0.1795235138833746,orange,Kaggle Benchmark
National Benchmark,Benchmark Baseline,Curated Benchmark,-1.0171866243352985,-1.375216410978797,-0.7137328321003766,0.8276919559402234,-0.09007965413244326,0.9462945494339693,0.1973552118349231,orange,Kaggle Benchmark
National Benchmark,Benchmark Baseline,Curated Benchmark,-1.2067994504272879,-1.405532410339038,-0.8124535487423661,0.9439853716426432,0.40758013910150237,1.032533155428098,0.19171457268698427,orange,Kaggle Benchmark
National Benchmark,Benchmark Baseline,Curated Benchmark,-0.28582286655191164,-1.102372416736626,-0.6545004021151829,1.8097252440939915,-0.8424938653313847,0.8744290444388623,0.06598290651841329,orange,Kaggle Benchmark
National Benchmark,Benchmark Baseline,Curated Benchmark,-0.5296107858130407,-0.8295284224944549,-0.7729652620855704,1.4220805250859252,-2.7482148989455024,0.9781848672755484,-0.0047980169831411705,orange,Kaggle Benchmark
National Benchmark,Benchmark Baseline,Curated Benchmark,0.28301561172405604,0.4437435506356764,0.03654461437874377,0.41420425566495206,1.8946349974553165,0.8991328117809302,2.54022197534653,papaya,Kaggle Benchmark
National Benchmark,Benchmark Baseline,Curated Benchmark,0.2017529719703464,-0.2232084352896305,-0.062176102263245756,0.14285295235930554,3.3125704400821934,0.8672424939393517,-0.27281935456100687,papaya,Kaggle Benchmark
National Benchmark,Benchmark Baseline,Curated Benchmark,-0.15038513362906217,-0.1928924359293893,0.1352653310207333,0.3625182931305431,2.5285587816937953,0.8829630731570312,0.28760543820194356,papaya,Kaggle Benchmark
National Benchmark,Benchmark Baseline,Curated Benchmark,-0.3129104131364815,0.3527955525549527,0.09577704436393748,0.11700997109210051,1.9183330828474086,0.9269806949665345,2.4044827235929067,papaya,Kaggle Benchmark
National Benchmark,Benchmark Baseline,Curated Benchmark,-0.5296107858130407,0.4437435506356764,-0.062176102263245756,0.6080266151689858,3.4172369838972694,0.8353521760977725,1.6881215518046808,papaya,Kaggle Benchmark
National Benchmark,Benchmark Baseline,Curated Benchmark,0.5268035309851851,0.4437435506356764,-0.062176102263245756,0.6726340683369966,1.6240818558955925,0.9597693316205518,1.818402120511912,papaya,Kaggle Benchmark
National Benchmark,Benchmark Baseline,Curated Benchmark,0.47262843781604524,0.261847554474229,0.03654461437874377,0.6597125777033946,1.497692067137765,0.9557268969645775,1.7115938889041677,papaya,Kaggle Benchmark
National Benchmark,Benchmark Baseline,Curated Benchmark,-0.44834814605933093,0.3527955525549527,-0.022687815606449946,0.46589021819936094,-0.41987800917239965,0.9983970405554219,1.6069691305149807,papaya,Kaggle Benchmark
National Benchmark,Benchmark Baseline,Curated Benchmark,-0.3399979597210514,0.4437435506356764,0.1155211876923354,0.3495968024969412,0.7354036536921175,0.8685899721580094,1.7940200029046927,papaya,Kaggle Benchmark
National Benchmark,Benchmark Baseline,Curated Benchmark,0.49971598440061515,0.3224795531947115,-0.022687815606449946,0.6726340683369966,2.8820552221258438,1.034329793052976,1.5141715187263103,papaya,Kaggle Benchmark
National Benchmark,Benchmark Baseline,Curated Benchmark,0.2017529719703464,-0.07162843848842439,-0.022687815606449946,0.3754397837641451,3.2612245883993265,0.9081159999053188,1.7092284595840646,papaya,Kaggle Benchmark
National Benchmark,Benchmark Baseline,Curated Benchmark,0.22884051855491627,-0.1928924359293893,0.09577704436393748,0.49173319946656485,1.4305474918601684,0.8973361741560523,-1.0224784929322261,papaya,Kaggle Benchmark
National Benchmark,Benchmark Baseline,Curated Benchmark,-0.17747268021363205,0.3224795531947115,0.1155211876923354,0.3495968024969412,0.8282211548111468,0.893742898906297,2.3515334980429,papaya,Kaggle Benchmark
National Benchmark,Benchmark Baseline,Curated Benchmark,0.1475778788012066,0.11026755767302293,-0.0029436722780520393,0.052402517924089655,1.1738182334458314,0.9687525197449403,-0.7249802669038419,papaya,Kaggle Benchmark
National Benchmark,Benchmark Baseline,Curated Benchmark,0.49971598440061515,0.2012155557537466,0.1155211876923354,0.6726340683369966,2.1138422873321736,0.96920167915116,0.6860893005885867,papaya,Kaggle Benchmark
National Benchmark,Benchmark Baseline,Curated Benchmark,0.1475778788012066,0.14058355703326417,0.016800471050345864,0.28498934932893033,2.2738043637287992,1.03882138711517,1.2557938545304044,papaya,Kaggle Benchmark
National Benchmark,Benchmark Baseline,Curated Benchmark,-0.042034947290782616,0.049635558952540494,0.09577704436393748,0.09116698982489663,2.5325084625924763,0.9952529247118862,-0.4684221637234003,papaya,Kaggle Benchmark
National Benchmark,Benchmark Baseline,Curated Benchmark,-0.3399979597210514,-0.07162843848842439,0.07603290103553959,0.5951051245353827,1.3910506828733469,0.8672424939393517,-0.44786112424865576,papaya,Kaggle Benchmark
National Benchmark,Benchmark Baseline,Curated Benchmark,0.09340278563206683,0.3527955525549527,-0.022687815606449946,0.32375382122973617,0.4569511503350287,0.9018277682182468,0.8451189333401514,papaya,Kaggle Benchmark
National Benchmark,Benchmark Baseline,Curated Benchmark,0.17466542538577648,0.11026755767302293,0.05628875770714167,0.6726340683369966,2.6470492086542587,0.8986836523747106,0.04396621823129724,papaya,Kaggle Benchmark
National Benchmark,Benchmark Baseline,Curated Benchmark,-0.3129104131364815,-0.04131243912818317,0.09577704436393748,0.29791083996253226,1.3614280761332314,1.0410671841462669,-0.9533351743445896,papaya,Kaggle Benchmark
National Benchmark,Benchmark Baseline,Curated Benchmark,0.2017529719703464,0.4134275512754351,-0.062176102263245756,0.29791083996253226,2.5878039951740264,0.9094634781239771,-0.7431758770584832,papaya,Kaggle Benchmark
National Benchmark,Benchmark Baseline,Curated Benchmark,0.28301561172405604,0.3224795531947115,0.07603290103553959,0.22038189616091833,3.4922809209722288,0.958871012808113,0.1291216737550184,papaya,Kaggle Benchmark
National Benchmark,Benchmark Baseline,Curated Benchmark,-0.44834814605933093,0.261847554474229,0.1352653310207333,0.1557744429929075,0.3898065750574329,0.8645475375020351,2.4570680369398197,papaya,Kaggle Benchmark
National Benchmark,Benchmark Baseline,Curated Benchmark,-0.5296107858130407,-0.16257643656914805,-0.062176102263245756,0.11700997109210051,2.9965959681876244,0.9624642880578683,0.5336100874926932,papaya,Kaggle Benchmark
National Benchmark,Benchmark Baseline,Curated Benchmark,-0.09621004045992239,-0.2232084352896305,0.07603290103553959,0.03948102729048771,-0.47912322265263074,0.8946412177187363,1.8729889509758357,papaya,Kaggle Benchmark
National Benchmark,Benchmark Baseline,Curated Benchmark,-0.5025232392284708,0.4437435506356764,0.07603290103553959,0.427125746298554,1.3950003637720296,0.9494386652775055,2.6455745581419032,papaya,Kaggle Benchmark
National Benchmark,Benchmark Baseline,Curated Benchmark,-0.39417305289019117,0.17089955639350538,-0.04243195893484785,0.32375382122973617,1.712949676115939,0.9939054464932279,0.4328064072359808,papaya,Kaggle Benchmark
National Benchmark,Benchmark Baseline,Curated Benchmark,0.28301561172405604,-0.07162843848842439,0.05628875770714167,0.1299314617257036,2.702344741235807,1.018609213835296,0.318174063261741,papaya,Kaggle Benchmark
National Benchmark,Benchmark Baseline,Curated Benchmark,0.5268035309851851,0.019319559592299272,-0.04243195893484785,0.5821836339017807,2.7872628805574724,0.8820647543445924,0.3511081176416417,papaya,Kaggle Benchmark
National Benchmark,Benchmark Baseline,Curated Benchmark,-0.17747268021363205,0.07995155831278171,0.016800471050345864,0.0653240085576916,2.6885208580904196,0.8883529860316643,-0.7098779104754895,papaya,Kaggle Benchmark
National Benchmark,Benchmark Baseline,Curated Benchmark,-0.44834814605933093,0.4437435506356764,0.05628875770714167,0.28498934932893033,0.3424104042732479,1.0195075326477352,-1.1483921152023437,papaya,Kaggle Benchmark
National Benchmark,Benchmark Baseline,Curated Benchmark,-0.014947400706212727,0.17089955639350538,-0.022687815606449946,0.3625182931305431,2.992646287288943,0.9256332167478762,1.936127718212441,papaya,Kaggle Benchmark
National Benchmark,Benchmark Baseline,Curated Benchmark,-0.3129104131364815,0.5043755493561588,0.07603290103553959,0.23330338679452142,0.12912763574441366,0.8676916533455706,-0.8001281368425102,papaya,Kaggle Benchmark
National Benchmark,Benchmark Baseline,Curated Benchmark,-0.44834814605933093,0.23153155511398782,0.016800471050345864,0.03948102729048771,0.49644795932184965,0.9808798237128644,0.26122180347771373,papaya,Kaggle Benchmark
National Benchmark,Benchmark Baseline,Curated Benchmark,-0.17747268021363205,0.2012155557537466,0.1352653310207333,0.46589021819936094,1.7109748356665986,0.8569118275963048,-0.08958956030376933,papaya,Kaggle Benchmark
National Benchmark,Benchmark Baseline,Curated Benchmark,-0.5296107858130407,0.261847554474229,0.07603290103553959,0.6726340683369966,1.6161824940982272,0.9669558821200629,1.4295619315072285,papaya,Kaggle Benchmark
National Benchmark,Benchmark Baseline,Curated Benchmark,0.3913657980623356,0.261847554474229,0.05628875770714167,0.052402517924089655,1.1678937120978086,0.870835769189107,1.885180009779445,papaya,Kaggle Benchmark
National Benchmark,Benchmark Baseline,Curated Benchmark,-0.17747268021363205,0.11026755767302293,0.09577704436393748,0.5951051245353827,3.294796876038123,0.8546660305652078,-0.5200976965625815,papaya,Kaggle Benchmark
National Benchmark,Benchmark Baseline,Curated Benchmark,-0.014947400706212727,-0.1928924359293893,-0.0029436722780520393,0.31083233059613424,-0.192771357498178,0.8596067840336215,2.0882430191052417,papaya,Kaggle Benchmark
National Benchmark,Benchmark Baseline,Curated Benchmark,-0.20456022679820193,-0.10194443784866561,-0.0029436722780520393,0.2074604055273164,0.5260705660619659,0.893293739500078,1.3793420474804188,papaya,Kaggle Benchmark
National Benchmark,Benchmark Baseline,Curated Benchmark,0.2559280651394862,-0.2232084352896305,0.09577704436393748,0.3754397837641451,-0.22239396423829424,0.9656084039014047,1.4561275223330048,papaya,Kaggle Benchmark
National Benchmark,Benchmark Baseline,Curated Benchmark,0.5268035309851851,0.4437435506356764,0.1352653310207333,0.28498934932893033,3.403413100751882,1.0401688653338284,-0.4485889486548412,papaya,Kaggle Benchmark
National Benchmark,Benchmark Baseline,Curated Benchmark,0.22884051855491627,0.261847554474229,0.07603290103553959,0.18161742426011251,3.5673248580471895,0.9714474761822569,0.006483261312736228,papaya,Kaggle Benchmark
National Benchmark,Benchmark Baseline,Curated Benchmark,0.2559280651394862,0.14058355703326417,0.05628875770714167,0.4788117088329629,3.2493755457032796,0.962913447464088,1.1331554420881227,papaya,Kaggle Benchmark
National Benchmark,Benchmark Baseline,Curated Benchmark,-0.23164777338277184,0.2012155557537466,-0.022687815606449946,0.46589021819936094,1.5510127592699727,0.9274298543727535,0.6071203525174442,papaya,Kaggle Benchmark
National Benchmark,Benchmark Baseline,Curated Benchmark,-0.4212605994747611,0.3831115519151939,-0.022687815606449946,0.6209481058025877,1.2014659997366062,0.9063193622804409,-0.9939113849894394,papaya,Kaggle Benchmark
National Benchmark,Benchmark Baseline,Curated Benchmark,-0.44834814605933093,0.3527955525549527,-0.0029436722780520393,0.2591463680617253,3.1210109164961115,0.8335555384728951,1.7439820749794293,papaya,Kaggle Benchmark
National Benchmark,Benchmark Baseline,Curated Benchmark,-0.39417305289019117,0.019319559592299272,-0.04243195893484785,0.24622487742812338,3.3441678872716496,1.0536436475204107,2.018735788314512,papaya,Kaggle Benchmark
National Benchmark,Benchmark Baseline,Curated Benchmark,-0.3129104131364815,0.3224795531947115,0.07603290103553959,0.27206785869532724,0.6524603548197935,1.0401688653338284,-0.723706574193017,papaya,Kaggle Benchmark
National Benchmark,Benchmark Baseline,Curated Benchmark,-0.36708550630562126,-0.04131243912818317,-0.022687815606449946,0.09116698982489663,3.4488344310867256,1.0069310692735913,1.9721550263186305,papaya,Kaggle Benchmark
National Benchmark,Benchmark Baseline,Curated Benchmark,-0.47543569264390084,-0.1928924359293893,-0.04243195893484785,0.4788117088329629,0.7077558874013425,1.010075185117127,1.9277577375413057,papaya,Kaggle Benchmark
National Benchmark,Benchmark Baseline,Curated Benchmark,-0.44834814605933093,-0.16257643656914805,-0.0029436722780520393,0.4400472369321559,3.045966979421151,0.893293739500078,1.4204641264299078,papaya,Kaggle Benchmark
National Benchmark,Benchmark Baseline,Curated Benchmark,-0.042034947290782616,0.019319559592299272,0.03654461437874377,0.3754397837641451,0.000763006537245415,0.9745915920257932,-0.11287994130171015,papaya,Kaggle Benchmark
National Benchmark,Benchmark Baseline,Curated Benchmark,-0.28582286655191164,0.3527955525549527,0.016800471050345864,0.27206785869532724,1.9183330828474086,0.8793697979072759,1.099857475505129,papaya,Kaggle Benchmark
National Benchmark,Benchmark Baseline,Curated Benchmark,0.47262843781604524,-0.04131243912818317,0.016800471050345864,0.14285295235930554,-0.2342430069343403,0.9341672454660451,-0.729893081645595,papaya,Kaggle Benchmark
National Benchmark,Benchmark Baseline,Curated Benchmark,-0.014947400706212727,-0.2232084352896305,0.07603290103553959,0.33667531186333927,1.0987742963708713,0.8416404077848444,-0.8996581243883978,papaya,Kaggle Benchmark
National Benchmark,Benchmark Baseline,Curated Benchmark,0.3913657980623356,0.29216355383447024,0.03654461437874377,0.0653240085576916,1.2370131278247452,0.8914971018752,-0.4402189679837064,papaya,Kaggle Benchmark
National Benchmark,Benchmark Baseline,Curated Benchmark,-0.28582286655191164,-0.13226043720890684,-0.022687815606449946,0.03948102729048771,3.4192118243466103,0.8847597107819091,2.6000855327553,papaya,Kaggle Benchmark
National Benchmark,Benchmark Baseline,Curated Benchmark,-0.23164777338277184,-0.01099643976794195,-0.0029436722780520393,0.3754397837641451,-0.4949219462473595,1.0257957643348066,2.330062678060424,papaya,Kaggle Benchmark
National Benchmark,Benchmark Baseline,Curated Benchmark,-0.042034947290782616,0.049635558952540494,0.05628875770714167,0.27206785869532724,-0.14735002716333367,1.0073802286798104,0.5769156396607393,papaya,Kaggle Benchmark
National Benchmark,Benchmark Baseline,Curated Benchmark,0.22884051855491627,0.261847554474229,0.016800471050345864,0.6080266151689858,3.5041299636682757,0.9822273019315227,0.20590714860760445,papaya,Kaggle Benchmark
National Benchmark,Benchmark Baseline,Curated Benchmark,0.3371907048931958,0.14058355703326417,-0.022687815606449946,0.504654690100168,0.23971870090751246,0.8654458563144737,0.7497739361298311,papaya,Kaggle Benchmark
National Benchmark,Benchmark Baseline,Curated Benchmark,0.5268035309851851,0.3527955525549527,0.07603290103553959,0.14285295235930554,0.9486864222209517,0.9723457949946955,-0.5006283936971152,papaya,Kaggle Benchmark
National Benchmark,Benchmark Baseline,Curated Benchmark,0.3371907048931958,-0.10194443784866561,0.07603290103553959,0.3625182931305431,0.5991396626875845,0.9768373890568901,0.22483058316843121,papaya,Kaggle Benchmark
National Benchmark,Benchmark Baseline,Curated Benchmark,-0.28582286655191164,0.3224795531947115,-0.022687815606449946,0.5434191620009737,1.3594532356838906,0.9880663742123756,-0.577231912448155,papaya,Kaggle Benchmark
National Benchmark,Benchmark Baseline,Curated Benchmark,0.3371907048931958,0.14058355703326417,0.03654461437874377,0.32375382122973617,3.440935069289362,1.0401688653338284,-1.1258295586105884,papaya,Kaggle Benchmark
National Benchmark,Benchmark Baseline,Curated Benchmark,-0.15038513362906217,0.14058355703326417,0.016800471050345864,0.46589021819936094,0.8874663682913785,0.8474794800656966,-0.5133653208053641,papaya,Kaggle Benchmark
National Benchmark,Benchmark Baseline,Curated Benchmark,0.4184533446469055,0.4740595499959176,-0.022687815606449946,0.5692621432681788,-0.38038120018557803,0.9939054464932279,-0.28992322810636956,papaya,Kaggle Benchmark
National Benchmark,Benchmark Baseline,Curated Benchmark,0.09340278563206683,0.4134275512754351,0.07603290103553959,0.1557744429929075,1.9874524985743458,0.9804306643066454,0.6891825543148761,papaya,Kaggle Benchmark
National Benchmark,Benchmark Baseline,Curated Benchmark,0.49971598440061515,0.4134275512754351,0.07603290103553959,0.46589021819936094,0.4154795008988664,1.0311856772094397,-0.3754425958331835,papaya,Kaggle Benchmark
National Benchmark,Benchmark Baseline,Curated Benchmark,0.4455408912314754,0.4437435506356764,0.016800471050345864,0.452968727565759,1.9064840401513632,0.938658839528239,0.8440271967308729,papaya,Kaggle Benchmark
National Benchmark,Benchmark Baseline,Curated Benchmark,-0.15038513362906217,0.11026755767302293,-0.022687815606449946,0.24622487742812338,-0.48307290355131277,0.8672424939393517,1.0594632209618253,papaya,Kaggle Benchmark
National Benchmark,Benchmark Baseline,Curated Benchmark,0.1475778788012066,-0.10194443784866561,0.07603290103553959,0.38836127439774704,1.4759688221950136,0.9328197672473868,-0.2790058620135849,papaya,Kaggle Benchmark
National Benchmark,Benchmark Baseline,Curated Benchmark,0.5268035309851851,-0.10194443784866561,0.09577704436393748,0.5951051245353827,2.338974098557054,0.8519710741278912,1.253428425210301,papaya,Kaggle Benchmark
National Benchmark,Benchmark Baseline,Curated Benchmark,-0.17747268021363205,-0.1928924359293893,-0.062176102263245756,0.14285295235930554,2.589778835623367,1.0446604593960223,2.0866054141913235,papaya,Kaggle Benchmark
National Benchmark,Benchmark Baseline,Curated Benchmark,-0.014947400706212727,0.2012155557537466,-0.022687815606449946,0.5951051245353827,1.3752519592786188,0.9552777375583578,-0.17601870853831525,papaya,Kaggle Benchmark
National Benchmark,Benchmark Baseline,Curated Benchmark,0.03922769246292705,-0.07162843848842439,0.09577704436393748,0.6726340683369966,2.520659419896431,0.9709983167760372,1.9434059622742974,papaya,Kaggle Benchmark
National Benchmark,Benchmark Baseline,Curated Benchmark,-0.4212605994747611,0.4437435506356764,-0.062176102263245756,0.18161742426011251,3.421186664795951,0.8358013355039922,2.3906540598753794,papaya,Kaggle Benchmark
National Benchmark,Benchmark Baseline,Curated Benchmark,0.47262843781604524,0.4740595499959176,0.07603290103553959,0.4400472369321559,0.006687527885268101,0.9552777375583578,-0.919127427253864,papaya,Kaggle Benchmark
National Benchmark,Benchmark Baseline,Curated Benchmark,-0.5025232392284708,0.049635558952540494,0.07603290103553959,0.6467910870697916,2.364647024398488,0.9215907820919013,1.0225261323479036,papaya,Kaggle Benchmark
National Benchmark,Benchmark Baseline,Curated Benchmark,-0.5025232392284708,0.049635558952540494,0.05628875770714167,0.1299314617257036,0.7887243458243258,0.9736932732133539,-0.7419021843476583,papaya,Kaggle Benchmark
National Benchmark,Benchmark Baseline,Curated Benchmark,-0.0691224938753525,0.261847554474229,-0.022687815606449946,0.427125746298554,-0.05255768559496297,0.9678542009325016,1.2907294260273159,papaya,Kaggle Benchmark
National Benchmark,Benchmark Baseline,Curated Benchmark,-0.3129104131364815,0.4740595499959176,0.09577704436393748,0.6338695964361897,0.06198306046681785,0.9674050415262819,2.517477462653228,papaya,Kaggle Benchmark
National Benchmark,Benchmark Baseline,Curated Benchmark,-0.042034947290782616,0.23153155511398782,-0.062176102263245756,0.3754397837641451,1.4127739278160998,1.037024749490292,2.4930953450460094,papaya,Kaggle Benchmark
National Benchmark,Benchmark Baseline,Curated Benchmark,-0.0691224938753525,0.11026755767302293,0.1155211876923354,0.19453891489371444,0.6722087593132036,0.8407420889724057,0.4248003387679387,papaya,Kaggle Benchmark
National Benchmark,Benchmark Baseline,Curated Benchmark,0.49971598440061515,0.3831115519151939,0.016800471050345864,0.07824549919129468,2.8405835726896815,0.8393946107537474,-0.20640537749656618,papaya,Kaggle Benchmark
National Benchmark,Benchmark Baseline,Curated Benchmark,0.06631523904749693,0.049635558952540494,0.1352653310207333,0.31083233059613424,1.5213901525298572,0.8879038266254448,2.3842855963212544,papaya,Kaggle Benchmark
National Benchmark,Benchmark Baseline,Curated Benchmark,-0.3399979597210514,0.23153155511398782,0.07603290103553959,0.19453891489371444,1.1086484986175769,1.0536436475204107,-1.0375808493605785,papaya,Kaggle Benchmark
National Benchmark,Benchmark Baseline,Curated Benchmark,0.17466542538577648,0.3224795531947115,0.1352653310207333,0.14285295235930554,0.2100960941673969,0.9647100850889654,-0.7451773941754937,papaya,Kaggle Benchmark
National Benchmark,Benchmark Baseline,Curated Benchmark,0.012140145878357161,0.11026755767302293,0.1352653310207333,0.27206785869532724,-0.17894747435279057,0.8384962919413087,0.09000111192253962,papaya,Kaggle Benchmark
National Benchmark,Benchmark Baseline,Curated Benchmark,0.1475778788012066,0.3527955525549527,-0.062176102263245756,0.3625182931305431,2.485112291808292,1.010075185117127,2.085695633683592,papaya,Kaggle Benchmark
National Benchmark,Benchmark Baseline,Curated Benchmark,0.09340278563206683,0.3831115519151939,0.07603290103553959,0.5175761807337699,2.1632132985657,1.0024394752113968,0.017400627405521132,papaya,Kaggle Benchmark
National Benchmark,Benchmark Baseline,Curated Benchmark,0.2017529719703464,0.049635558952540494,-0.022687815606449946,0.3495968024969412,0.08568114585891069,0.9974987217429832,2.496916423178484,papaya,Kaggle Benchmark
National Benchmark,Benchmark Baseline,Curated Benchmark,0.47262843781604524,0.5043755493561588,0.1155211876923354,0.6726340683369966,1.1224723817629643,0.9557268969645775,-0.8858294606708705,papaya,Kaggle Benchmark
National Benchmark,Benchmark Baseline,Curated Benchmark,-0.23164777338277184,0.17089955639350538,0.1352653310207333,0.6597125777033946,2.860331977183092,1.0271432425534648,0.830744401317985,papaya,Kaggle Benchmark
National Benchmark,Benchmark Baseline,Curated Benchmark,-0.20456022679820193,0.3224795531947115,-0.022687815606449946,0.46589021819936094,2.5621310693325934,0.9027260870306856,-0.021719934426957656,papaya,Kaggle Benchmark
National Benchmark,Benchmark Baseline,Curated Benchmark,-0.4212605994747611,0.4134275512754351,0.016800471050345864,0.19453891489371444,3.09928767155336,0.8834122325632507,2.479630593531575,papaya,Kaggle Benchmark
National Benchmark,Benchmark Baseline,Curated Benchmark,0.1475778788012066,0.17089955639350538,0.1352653310207333,0.10408848045849857,2.256030799684729,0.9121584345612938,1.5476514414108504,papaya,Kaggle Benchmark
National Benchmark,Benchmark Baseline,Curated Benchmark,-0.3129104131364815,0.3224795531947115,0.09577704436393748,0.16869593362650942,-0.5146703507407696,0.8798189573134948,1.9082884346758398,papaya,Kaggle Benchmark
National Benchmark,Benchmark Baseline,Curated Benchmark,-0.8817488914124492,-0.7082644250534901,-0.37808239551761225,-0.06389089777833011,0.22589481776212572,0.9602184910267714,2.20396709968876,coconut,Kaggle Benchmark
National Benchmark,Benchmark Baseline,Curated Benchmark,-0.36708550630562126,-0.9204764205751785,-0.39782653884601016,-0.9425522608632805,-0.001211833912095948,1.0253466049285875,2.1990542849470067,coconut,Kaggle Benchmark
National Benchmark,Benchmark Baseline,Curated Benchmark,-1.0171866243352985,-0.7688964237739725,-0.2991058222040206,-1.0071597140312913,0.49644795932184965,1.08553396536199,0.866407797221082,coconut,Kaggle Benchmark
National Benchmark,Benchmark Baseline,Curated Benchmark,-1.3151496367655673,-0.9811084192956611,-0.2596175355472248,-0.2318702760151588,-0.11575257997387677,0.9009294494058082,1.389349633065471,coconut,Kaggle Benchmark
National Benchmark,Benchmark Baseline,Curated Benchmark,-1.0984492640890082,-1.0720564173763847,-0.2596175355472248,-0.11557686031273903,0.4312782244935952,1.2651977278497581,1.4233754240546503,coconut,Kaggle Benchmark
National Benchmark,Benchmark Baseline,Curated Benchmark,-1.179711903842718,-1.2842684128980733,-0.3188499655324185,-1.2009820735353252,0.7196049300973894,1.061279357426141,1.479235947229399,coconut,Kaggle Benchmark
National Benchmark,Benchmark Baseline,Curated Benchmark,-0.3129104131364815,-1.4661644090595205,-0.3385941088608164,-1.1880605829017232,0.29303939303972154,0.9979478811492029,0.8640423679009782,coconut,Kaggle Benchmark
National Benchmark,Benchmark Baseline,Curated Benchmark,-0.44834814605933093,-1.4358484096992794,-0.417570682174408,-0.7874943732600538,0.04618433687208975,0.8735307256264235,0.8083638008277759,coconut,Kaggle Benchmark
National Benchmark,Benchmark Baseline,Curated Benchmark,-0.5296107858130407,-0.7082644250534901,-0.37808239551761225,-1.175139092268121,0.19232253012332745,0.8762256820637395,1.3709720668092837,coconut,Kaggle Benchmark
National Benchmark,Benchmark Baseline,Curated Benchmark,-0.6921360653204599,-1.405532410339038,-0.2596175355472248,-1.175139092268121,0.5477938110047174,1.2445363951636645,1.5685763930886873,coconut,Kaggle Benchmark
National Benchmark,Benchmark Baseline,Curated Benchmark,-0.935923984581589,-1.0720564173763847,-0.4373148255028059,-1.162217601634518,0.5576680132514228,0.9130567533737324,0.7656041169643691,coconut,Kaggle Benchmark
National Benchmark,Benchmark Baseline,Curated Benchmark,-0.6650485187358901,-1.3145844122583143,-0.2991058222040206,-0.5161430699544073,0.5240957256126245,1.1434755287642948,1.735066226003655,coconut,Kaggle Benchmark
National Benchmark,Benchmark Baseline,Curated Benchmark,-0.6379609721513202,-1.375216410978797,-0.3188499655324185,-1.0846886578329054,0.2752658289956521,1.1219158772657625,0.7435874286772536,coconut,Kaggle Benchmark
National Benchmark,Benchmark Baseline,Curated Benchmark,-0.36708550630562126,-1.0720564173763847,-0.35833825218921433,-0.11557686031273903,0.3996807773041383,1.251722945663175,0.9908657706788278,coconut,Kaggle Benchmark
National Benchmark,Benchmark Baseline,Curated Benchmark,-0.8546613448278793,-1.1630044154571084,-0.2793616788756227,-1.0071597140312913,0.13505215709243706,1.2656468872559772,2.04621115964802,coconut,Kaggle Benchmark
National Benchmark,Benchmark Baseline,Curated Benchmark,-1.369324729934707,-1.0417404180161434,-0.2991058222040206,-0.3093992198167716,0.2989639143877442,1.0671184297069933,1.8424203259160383,coconut,Kaggle Benchmark
National Benchmark,Benchmark Baseline,Curated Benchmark,-0.5296107858130407,-1.0114244186559023,-0.4373148255028059,-0.03804791651112508,-0.009111195709459997,1.1735692089809961,1.7527159678536568,coconut,Kaggle Benchmark
National Benchmark,Benchmark Baseline,Curated Benchmark,-1.1255368106735781,-1.102372416736626,-0.3188499655324185,-0.8133373545272587,0.06593274136549987,0.9849222583688394,1.2479697421639089,coconut,Kaggle Benchmark
National Benchmark,Benchmark Baseline,Curated Benchmark,-0.7733987050741696,-1.2842684128980733,-0.37808239551761225,-0.658279466924032,0.47669955482843956,1.0572369227701661,2.0842399848712203,coconut,Kaggle Benchmark
National Benchmark,Benchmark Baseline,Curated Benchmark,-0.5296107858130407,-1.4358484096992794,-0.4373148255028059,-0.9425522608632805,0.6939320042559551,0.8905987830627613,0.978492755773672,coconut,Kaggle Benchmark
National Benchmark,Benchmark Baseline,Curated Benchmark,-0.44834814605933093,-1.4358484096992794,-0.35833825218921433,-0.671200957557634,0.2890897121410388,1.1461704852016115,1.2426930152190627,coconut,Kaggle Benchmark
National Benchmark,Benchmark Baseline,Curated Benchmark,-0.7192236119050298,-1.4358484096992794,-0.3188499655324185,-0.10265536967913709,0.4924982784231676,0.8326572196604558,1.2557938545304044,coconut,Kaggle Benchmark
National Benchmark,Benchmark Baseline,Curated Benchmark,-1.3422371833501372,-1.375216410978797,-0.4373148255028059,-1.175139092268121,0.3740078514627048,1.0199566920539542,0.9681212579855262,coconut,Kaggle Benchmark
National Benchmark,Benchmark Baseline,Curated Benchmark,-0.5296107858130407,-1.2236364141775908,-0.2991058222040206,-0.7874943732600538,0.3996807773041383,1.0783474148624788,1.8575226823443909,coconut,Kaggle Benchmark
National Benchmark,Benchmark Baseline,Curated Benchmark,-1.0984492640890082,-1.3449004116185557,-0.39782653884601016,-0.24479176664876073,0.670233918863863,1.011871822742005,0.8476663187618015,coconut,Kaggle Benchmark
National Benchmark,Benchmark Baseline,Curated Benchmark,-0.39417305289019117,-0.7992124231342137,-0.4373148255028059,-0.2835562385495677,0.1903476896739861,1.0918221970490618,1.2403275858989593,coconut,Kaggle Benchmark
National Benchmark,Benchmark Baseline,Curated Benchmark,-0.3399979597210514,-0.8901604212149373,-0.2991058222040206,-0.6453579762904301,0.5280454065113066,1.1461704852016115,0.718295530562302,coconut,Kaggle Benchmark
National Benchmark,Benchmark Baseline,Curated Benchmark,-1.0713617175044383,-1.4358484096992794,-0.45705896883120384,-0.5032215793208054,0.6070390244849492,1.130449905983932,1.37370140833248,coconut,Kaggle Benchmark
National Benchmark,Benchmark Baseline,Curated Benchmark,-0.935923984581589,-1.1933204148173495,-0.35833825218921433,-0.12849835094634096,0.8084727503177366,1.114729326766252,1.9357638060093478,coconut,Kaggle Benchmark
National Benchmark,Benchmark Baseline,Curated Benchmark,-0.47543569264390084,-1.1933204148173495,-0.2596175355472248,-0.5678290324888161,0.30291359528642625,1.130899065390151,0.832927874536542,coconut,Kaggle Benchmark
National Benchmark,Benchmark Baseline,Curated Benchmark,-0.935923984581589,-1.4358484096992794,-0.37808239551761225,-0.7745728826264519,0.725529451445412,0.9197941444670233,0.5219648969937231,coconut,Kaggle Benchmark
National Benchmark,Benchmark Baseline,Curated Benchmark,-0.5025232392284708,-1.2842684128980733,-0.3385941088608164,-0.3352422010839766,-0.10785321817651271,0.9804306643066454,0.5709110883097079,coconut,Kaggle Benchmark
National Benchmark,Benchmark Baseline,Curated Benchmark,-0.3399979597210514,-1.1933204148173495,-0.35833825218921433,-1.162217601634518,0.2574922649515826,0.8856580295943477,1.6637394341974614,coconut,Kaggle Benchmark
National Benchmark,Benchmark Baseline,Curated Benchmark,-1.152624357258148,-1.4358484096992794,-0.2991058222040206,-0.47737859805360144,0.5260705660619659,0.9957020841181059,1.2461501811484446,coconut,Kaggle Benchmark
National Benchmark,Benchmark Baseline,Curated Benchmark,-0.7463111584895997,-1.4358484096992794,-0.2991058222040206,-0.5678290324888161,0.7038062065026605,0.9543794187459191,1.8467872723531524,coconut,Kaggle Benchmark
National Benchmark,Benchmark Baseline,Curated Benchmark,-0.5837858789821804,-0.8598444218546961,-0.2596175355472248,-1.2009820735353252,0.541869289656694,0.9058702028742218,1.0419954352133696,coconut,Kaggle Benchmark
National Benchmark,Benchmark Baseline,Curated Benchmark,-0.7192236119050298,-1.1933204148173495,-0.2991058222040206,-0.12849835094634096,0.7433030154894814,0.9790831860879872,2.0935197460500876,coconut,Kaggle Benchmark
National Benchmark,Benchmark Baseline,Curated Benchmark,-0.5025232392284708,-1.253952413537832,-0.35833825218921433,-1.149296111000916,-0.04465832379759892,1.1951288604795285,2.0855136775820458,coconut,Kaggle Benchmark
National Benchmark,Benchmark Baseline,Curated Benchmark,-0.5566983323976105,-0.8598444218546961,-0.3385941088608164,-0.8650233170616677,0.13702699754177772,1.2189343090091578,1.9042854004418188,coconut,Kaggle Benchmark
National Benchmark,Benchmark Baseline,Curated Benchmark,-0.9900990777507287,-0.9811084192956611,-0.2596175355472248,-0.45153561678639637,0.7729256222295977,0.9175483474359263,1.653004024206223,coconut,Kaggle Benchmark
National Benchmark,Benchmark Baseline,Curated Benchmark,-0.6379609721513202,-0.9507924199354199,-0.37808239551761225,-0.6065935043896231,0.6346867907757233,0.9292264919976315,0.7634206437458121,coconut,Kaggle Benchmark
National Benchmark,Benchmark Baseline,Curated Benchmark,-0.28582286655191164,-1.4661644090595205,-0.37808239551761225,-0.8391803357944627,0.5655673750487868,1.1807557594805067,1.0358089277607916,coconut,Kaggle Benchmark
National Benchmark,Benchmark Baseline,Curated Benchmark,-0.9088364379970191,-1.2842684128980733,-0.3188499655324185,-1.0976101484665073,0.6169132267316538,0.9844730989626204,0.9699408190009907,coconut,Kaggle Benchmark
National Benchmark,Benchmark Baseline,Curated Benchmark,-0.5566983323976105,-0.7082644250534901,-0.2596175355472248,-0.6065935043896231,-0.1197022608725588,1.0828390089246733,1.1344291347989475,coconut,Kaggle Benchmark
National Benchmark,Benchmark Baseline,Curated Benchmark,-0.6108734255667503,-1.3145844122583143,-0.35833825218921433,-0.20602729474795492,0.8400701975071935,0.8834122325632507,1.6249827845680755,coconut,Kaggle Benchmark
National Benchmark,Benchmark Baseline,Curated Benchmark,-0.3129104131364815,-1.405532410339038,-0.37808239551761225,-0.14141984157994292,0.3799323728107275,1.0379230683027314,0.8503956602849972,coconut,Kaggle Benchmark
National Benchmark,Benchmark Baseline,Curated Benchmark,-0.5025232392284708,-1.0114244186559023,-0.2596175355472248,-1.1363746203673142,0.17849864697794002,1.2081544832598914,0.7490461117236457,coconut,Kaggle Benchmark
National Benchmark,Benchmark Baseline,Curated Benchmark,-1.179711903842718,-1.1630044154571084,-0.3188499655324185,-0.3740066729847836,-0.1137777395245361,1.0967629505174754,1.2980076700891725,coconut,Kaggle Benchmark
National Benchmark,Benchmark Baseline,Curated Benchmark,-0.5837858789821804,-1.102372416736626,-0.37808239551761225,-0.658279466924032,0.7077558874013425,1.0864322841744287,1.9612376602258457,coconut,Kaggle Benchmark
National Benchmark,Benchmark Baseline,Curated Benchmark,-0.44834814605933093,-1.1630044154571084,-0.2793616788756227,-1.0200812046648944,0.2851400312423568,0.8816155949383728,2.2059686168057704,coconut,Kaggle Benchmark
National Benchmark,Benchmark Baseline,Curated Benchmark,-0.9900990777507287,-0.9204764205751785,-0.45705896883120384,-1.1105316391001092,0.11332891214968557,1.1448230069829533,0.5814645421993996,coconut,Kaggle Benchmark
National Benchmark,Benchmark Baseline,Curated Benchmark,-0.8817488914124492,-1.0417404180161434,-0.37808239551761225,-0.3352422010839766,0.3898065750574329,0.9435995929966526,1.080388172639663,coconut,Kaggle Benchmark
National Benchmark,Benchmark Baseline,Curated Benchmark,-1.179711903842718,-0.9811084192956611,-0.2596175355472248,-0.9167092795960766,0.02841077282802029,1.0410671841462669,0.5055888478545458,coconut,Kaggle Benchmark
National Benchmark,Benchmark Baseline,Curated Benchmark,-0.7192236119050298,-0.7992124231342137,-0.2793616788756227,-0.34816369171757855,0.6445609930224288,1.061279357426141,0.7568702240901415,coconut,Kaggle Benchmark
National Benchmark,Benchmark Baseline,Curated Benchmark,-0.3129104131364815,-0.7385804244137313,-0.37808239551761225,-0.4256926355191925,0.17652380652859936,1.0329823148343178,1.7543535727675748,coconut,Kaggle Benchmark
National Benchmark,Benchmark Baseline,Curated Benchmark,-0.5837858789821804,-1.375216410978797,-0.39782653884601016,-0.47737859805360144,0.2476180627048772,0.9094634781239771,2.018735788314512,coconut,Kaggle Benchmark
National Benchmark,Benchmark Baseline,Curated Benchmark,-1.0984492640890082,-0.8901604212149373,-0.417570682174408,-0.9813167327640875,0.38585689415875085,1.0518470098955335,0.7727004049246795,coconut,Kaggle Benchmark
National Benchmark,Benchmark Baseline,Curated Benchmark,-1.369324729934707,-0.7385804244137313,-0.3188499655324185,-0.7745728826264519,0.48262407617646225,1.2077053238536724,1.2406914981020525,coconut,Kaggle Benchmark
National Benchmark,Benchmark Baseline,Curated Benchmark,-0.5025232392284708,-1.2842684128980733,-0.3385941088608164,-0.0122049352439212,0.7709507817802563,0.9467437088401889,0.5048610234483603,coconut,Kaggle Benchmark
National Benchmark,Benchmark Baseline,Curated Benchmark,-0.36708550630562126,-1.3145844122583143,-0.3188499655324185,-0.38692816361838556,0.6603597166171575,1.063525154457238,2.1713969575119525,coconut,Kaggle Benchmark
National Benchmark,Benchmark Baseline,Curated Benchmark,-0.8275737982433093,-0.7385804244137313,-0.417570682174408,-0.5419860512216123,-0.10192869682848933,0.9377605207158004,0.9879544730540851,coconut,Kaggle Benchmark
National Benchmark,Benchmark Baseline,Curated Benchmark,-0.5296107858130407,-0.7385804244137313,-0.2596175355472248,-0.4256926355191925,0.31081295708379103,0.9305739702162897,0.6888186421117831,coconut,Kaggle Benchmark
National Benchmark,Benchmark Baseline,Curated Benchmark,-0.9088364379970191,-0.7082644250534901,-0.417570682174408,-0.7487299013592479,0.6741835997625449,0.8672424939393517,1.8578865945474834,coconut,Kaggle Benchmark
National Benchmark,Benchmark Baseline,Curated Benchmark,-1.3422371833501372,-1.253952413537832,-0.35833825218921433,-1.175139092268121,0.4214040222468898,1.0990087475485724,0.5026775502298033,coconut,Kaggle Benchmark
National Benchmark,Benchmark Baseline,Curated Benchmark,-1.2067994504272879,-1.2236364141775908,-0.37808239551761225,-0.8262588451608607,0.33451104247588315,1.2795708288487793,1.7898350125691254,coconut,Kaggle Benchmark
National Benchmark,Benchmark Baseline,Curated Benchmark,-0.9630115311661588,-0.7688964237739725,-0.3188499655324185,-0.3223207104503747,0.6366616312250647,1.2647485684435384,2.200509933759378,coconut,Kaggle Benchmark
National Benchmark,Benchmark Baseline,Curated Benchmark,-0.6379609721513202,-0.8901604212149373,-0.37808239551761225,-0.4256926355191925,0.19627221102200948,1.1448230069829533,1.5929585106959068,coconut,Kaggle Benchmark
National Benchmark,Benchmark Baseline,Curated Benchmark,-1.2880620901809974,-0.9204764205751785,-0.35833825218921433,-0.5032215793208054,0.8064979098683952,1.085983124768209,2.0331103203366783,coconut,Kaggle Benchmark
National Benchmark,Benchmark Baseline,Curated Benchmark,-1.152624357258148,-0.8295284224944549,-0.4373148255028059,-0.9942382233976894,-0.013060876608142022,0.9054210434680021,1.9907145486763647,coconut,Kaggle Benchmark
National Benchmark,Benchmark Baseline,Curated Benchmark,-0.8275737982433093,-0.7688964237739725,-0.4373148255028059,-1.1880605829017232,0.15085088068716515,0.8991328117809302,1.1569916913907028,coconut,Kaggle Benchmark
National Benchmark,Benchmark Baseline,Curated Benchmark,-0.6650485187358901,-1.0720564173763847,-0.417570682174408,-0.8133373545272587,0.3641336492159994,0.9624642880578683,0.7037390424385888,coconut,Kaggle Benchmark
National Benchmark,Benchmark Baseline,Curated Benchmark,-1.3422371833501372,-1.4358484096992794,-0.2596175355472248,-0.3093992198167716,0.27724066944499276,1.0886780812055257,0.7952629615164343,coconut,Kaggle Benchmark
National Benchmark,Benchmark Baseline,Curated Benchmark,-0.6379609721513202,-0.7082644250534901,-0.3385941088608164,-0.9683952421304856,0.6662842379651802,0.8649966969082541,0.8256496304746854,coconut,Kaggle Benchmark
National Benchmark,Benchmark Baseline,Curated Benchmark,-0.7463111584895997,-1.405532410339038,-0.2793616788756227,-0.8004158638936568,0.09753018855495676,0.9000311305933689,0.5579922050999125,coconut,Kaggle Benchmark
National Benchmark,Benchmark Baseline,Curated Benchmark,-1.369324729934707,-0.8295284224944549,-0.3385941088608164,-1.1880605829017232,-0.10785321817651271,1.0572369227701661,1.627348213888179,coconut,Kaggle Benchmark
National Benchmark,Benchmark Baseline,Curated Benchmark,-0.3399979597210514,-1.4358484096992794,-0.45705896883120384,-0.3998496542519875,-0.013060876608142022,1.1430263693580758,1.598235237640753,coconut,Kaggle Benchmark
National Benchmark,Benchmark Baseline,Curated Benchmark,-0.6921360653204599,-1.253952413537832,-0.4373148255028059,-0.03804791651112508,0.5833409390928563,1.0868814435806482,0.5709110883097079,coconut,Kaggle Benchmark
National Benchmark,Benchmark Baseline,Curated Benchmark,-0.28582286655191164,-1.4661644090595205,-0.3188499655324185,-0.632436485656827,0.08963082675759272,1.132695703015029,0.7290309405535403,coconut,Kaggle Benchmark
National Benchmark,Benchmark Baseline,Curated Benchmark,-1.369324729934707,-1.0417404180161434,-0.3385941088608164,-0.25771325728236383,-0.01898539795616541,1.028490720772123,1.3695164179969121,coconut,Kaggle Benchmark
National Benchmark,Benchmark Baseline,Curated Benchmark,-0.6650485187358901,-1.3449004116185557,-0.3188499655324185,0.0007165553896807421,0.06593274136549987,1.0446604593960223,0.7404941749509643,coconut,Kaggle Benchmark
National Benchmark,Benchmark Baseline,Curated Benchmark,-0.4212605994747611,-0.7082644250534901,-0.2793616788756227,-0.4256926355191925,0.530020246960648,1.0747541396127234,1.4372040877721777,coconut,Kaggle Benchmark
National Benchmark,Benchmark Baseline,Curated Benchmark,-0.8546613448278793,-0.7082644250534901,-0.35833825218921433,-0.8262588451608607,0.7808249840269618,0.8950903771249553,2.208334046125874,coconut,Kaggle Benchmark
National Benchmark,Benchmark Baseline,Curated Benchmark,-0.5296107858130407,-1.2236364141775908,-0.2991058222040206,-0.16726282284714794,0.8064979098683952,1.065770951488335,0.8158240009911794,coconut,Kaggle Benchmark
National Benchmark,Benchmark Baseline,Curated Benchmark,-0.9088364379970191,-0.7385804244137313,-0.4373148255028059,-0.5161430699544073,0.10345470990298015,0.9790831860879872,1.6730191953763283,coconut,Kaggle Benchmark
National Benchmark,Benchmark Baseline,Curated Benchmark,-1.3151496367655673,-0.7082644250534901,-0.35833825218921433,-0.18018431348074987,0.07580694361220529,1.047355415833339,1.9301231668614092,coconut,Kaggle Benchmark
National Benchmark,Benchmark Baseline,Curated Benchmark,-0.5566983323976105,-1.2236364141775908,-0.45705896883120384,-0.07681238841193205,0.30291359528642625,0.8986836523747106,1.1182350417613165,coconut,Kaggle Benchmark
National Benchmark,Benchmark Baseline,Curated Benchmark,-1.152624357258148,-1.1630044154571084,-0.2991058222040206,-1.252668036069734,0.6623345570664982,1.1955780198857475,2.009456027135645,coconut,Kaggle Benchmark
National Benchmark,Benchmark Baseline,Curated Benchmark,-0.8817488914124492,-1.253952413537832,-0.2596175355472248,-0.16726282284714794,0.10345470990298015,1.1187717614222268,0.5072264527684636,coconut,Kaggle Benchmark
National Benchmark,Benchmark Baseline,Curated Benchmark,-1.152624357258148,-0.7688964237739725,-0.35833825218921433,-0.5807505231224193,-0.01898539795616541,1.026244923741026,0.5761878152545538,coconut,Kaggle Benchmark
National Benchmark,Benchmark Baseline,Curated Benchmark,-0.28582286655191164,-0.9507924199354199,-0.37808239551761225,-0.9425522608632805,0.38388205370940953,1.280019988254999,1.2949144163628832,coconut,Kaggle Benchmark
National Benchmark,Benchmark Baseline,Curated Benchmark,-0.6379609721513202,-1.3145844122583143,-0.2991058222040206,0.0007165553896807421,0.43325306494293586,1.1677301367001438,0.9206307154819128,coconut,Kaggle Benchmark
National Benchmark,Benchmark Baseline,Curated Benchmark,-0.8004862516587395,-1.0114244186559023,-0.3385941088608164,-0.7874943732600538,-0.0031866743614366094,1.2683418436932938,1.1346110909004936,coconut,Kaggle Benchmark
National Benchmark,Benchmark Baseline,Curated Benchmark,-1.2880620901809974,-1.3449004116185557,-0.2596175355472248,-0.19310580411435183,0.2574922649515826,1.274180915974146,2.222890534249587,coconut,Kaggle Benchmark
National Benchmark,Benchmark Baseline,Curated Benchmark,-0.7733987050741696,-1.132688416096867,-0.417570682174408,-0.5936720137560212,0.7038062065026605,0.8438862048159413,1.5551116415742532,coconut,Kaggle Benchmark
National Benchmark,Benchmark Baseline,Curated Benchmark,-0.6379609721513202,-1.375216410978797,-0.35833825218921433,-0.5936720137560212,0.16467476383255258,1.204561208010136,2.142829849569165,coconut,Kaggle Benchmark
National Benchmark,Benchmark Baseline,Curated Benchmark,-0.7733987050741696,-1.375216410978797,-0.2991058222040206,-1.0330026952984963,0.5576680132514228,1.0958646317050362,1.828045793893872,coconut,Kaggle Benchmark
National Benchmark,Benchmark Baseline,Curated Benchmark,-0.6108734255667503,-0.7992124231342137,-0.3188499655324185,-0.9167092795960766,0.6564100357184756,0.9665067227138433,1.6067871744134343,coconut,Kaggle Benchmark
National Benchmark,Benchmark Baseline,Curated Benchmark,-0.7463111584895997,-0.9811084192956611,-0.4373148255028059,-0.7358084107256448,0.16467476383255258,0.9867188959937173,0.8325639623334491,coconut,Kaggle Benchmark
National Benchmark,Benchmark Baseline,Curated Benchmark,-0.36708550630562126,-1.4661644090595205,-0.2793616788756227,-0.8908662983288715,0.034335294176042974,1.0042361128362747,0.8907899148283008,coconut,Kaggle Benchmark
National Benchmark,Benchmark Baseline,Curated Benchmark,-0.8546613448278793,-0.8295284224944549,-0.37808239551761225,-1.0330026952984963,0.25946710540092327,1.227019178321107,1.1482577985164746,coconut,Kaggle Benchmark
National Benchmark,Benchmark Baseline,Curated Benchmark,2.233318965813088,-0.1928924359293893,-0.47680311215960175,0.9827498435434501,-0.2401675282823637,0.34666674213104326,-0.23042358290069276,cotton,Kaggle Benchmark
National Benchmark,Benchmark Baseline,Curated Benchmark,2.3145816055667976,-0.5263684288920427,-0.5557796854731933,0.5951051245353827,-0.4968967866967002,0.600890966051235,-0.5852379809161972,cotton,Kaggle Benchmark
National Benchmark,Benchmark Baseline,Curated Benchmark,1.4477801148605614,-0.1928924359293893,-0.5952679721299892,1.499609468887538,-0.32508566760402896,0.24695335395033197,-0.23115140730687828,cotton,Kaggle Benchmark
National Benchmark,Benchmark Baseline,Curated Benchmark,2.233318965813088,-0.1928924359293893,-0.49654725548799966,0.46589021819936094,-0.14340034626465165,0.1858676747044908,-0.24934701746151952,cotton,Kaggle Benchmark
National Benchmark,Benchmark Baseline,Curated Benchmark,2.0437061397210985,-0.46573643017156025,-0.49654725548799966,-0.3740066729847836,-0.05058284514562231,0.5456443590862462,-0.2733652228656461,cotton,Kaggle Benchmark
National Benchmark,Benchmark Baseline,Curated Benchmark,2.0437061397210985,-0.10194443784866561,-0.5755238288015913,0.2074604055273164,-0.18289715525147257,0.46075323131077567,-0.4527739389904088,cotton,Kaggle Benchmark
National Benchmark,Benchmark Baseline,Curated Benchmark,1.6915680341216903,-0.3747884320908366,-0.5557796854731933,1.0215143154442559,-0.12167710132190016,0.4068541025644457,-0.12980185874552663,cotton,Kaggle Benchmark
National Benchmark,Benchmark Baseline,Curated Benchmark,1.9082684067982492,-0.25352443464987173,-0.5162913988163975,-0.03804791651112508,-0.6232865754545278,0.44143937684334095,-0.7138809447095106,cotton,Kaggle Benchmark
National Benchmark,Benchmark Baseline,Curated Benchmark,1.9082684067982492,-0.1928924359293893,-0.634756258786785,1.615902884589958,-0.3961799237803068,0.3511583361932372,-0.5634032487306275,cotton,Kaggle Benchmark
National Benchmark,Benchmark Baseline,Curated Benchmark,2.1249687794748082,0.2012155557537466,-0.5162913988163975,-0.671200957557634,-0.20462040019422478,0.343073466881288,-0.5734108343156802,cotton,Kaggle Benchmark
National Benchmark,Benchmark Baseline,Curated Benchmark,1.5290427546142709,-0.25352443464987173,-0.45705896883120384,0.9827498435434501,-0.49887162714604155,0.5425002432427105,-0.5754123514326908,cotton,Kaggle Benchmark
National Benchmark,Benchmark Baseline,Curated Benchmark,1.935355953382819,0.17089955639350538,-0.5952679721299892,-0.3223207104503747,-0.4179031687230583,0.5456443590862462,-0.4303933385002,cotton,Kaggle Benchmark
National Benchmark,Benchmark Baseline,Curated Benchmark,2.4229317919050772,-0.46573643017156025,-0.6545004021151829,-0.5807505231224193,-0.28953853951589004,0.19754581926619533,-0.6103479229296019,cotton,Kaggle Benchmark
National Benchmark,Benchmark Baseline,Curated Benchmark,1.3936050216914215,-0.13226043720890684,-0.5360355421447954,-0.2835562385495677,-0.18289715525147257,0.5999926472387964,-0.248619193055334,cotton,Kaggle Benchmark
National Benchmark,Benchmark Baseline,Curated Benchmark,1.6373929409525505,-0.40510443145107783,-0.45705896883120384,-0.36108518235118053,-0.2243688046876349,0.582475430396239,-0.22787619747904297,cotton,Kaggle Benchmark
National Benchmark,Benchmark Baseline,Curated Benchmark,2.179143872643948,-0.5566844282522839,-0.5952679721299892,0.7630845027722114,-0.22239396423829424,0.4832112016217467,-0.7175200667404389,cotton,Kaggle Benchmark
National Benchmark,Benchmark Baseline,Curated Benchmark,2.2874940589822277,-0.31415643337035415,-0.634756258786785,0.32375382122973617,-0.42185284962174036,0.4603040719045567,-0.30393384792544326,cotton,Kaggle Benchmark
National Benchmark,Benchmark Baseline,Curated Benchmark,1.3394299285222817,-0.2232084352896305,-0.5952679721299892,-0.05096940714472817,-0.2816391777185253,0.20473236976570655,-0.6256322354595006,cotton,Kaggle Benchmark
National Benchmark,Benchmark Baseline,Curated Benchmark,1.962443499967389,-0.43542043081131904,-0.47680311215960175,1.2670226374826985,-0.1197022608725588,0.30085248269666254,-0.3166707750336922,cotton,Kaggle Benchmark
National Benchmark,Benchmark Baseline,Curated Benchmark,1.7999182204599695,0.07995155831278171,-0.6545004021151829,1.1636507124138806,0.07383210316286393,0.2500974697938676,-0.26099220796048994,cotton,Kaggle Benchmark
National Benchmark,Benchmark Baseline,Curated Benchmark,1.9082684067982492,-0.5263684288920427,-0.47680311215960175,1.1378077311466757,-0.38630572153360143,0.4585074342796787,-0.07448720387541713,cotton,Kaggle Benchmark
National Benchmark,Benchmark Baseline,Curated Benchmark,1.3665174751068516,0.14058355703326417,-0.5952679721299892,0.23330338679452142,0.010637208783950827,0.4445834926868766,-0.45241002678731607,cotton,Kaggle Benchmark
National Benchmark,Benchmark Baseline,Curated Benchmark,1.5290427546142709,-0.34447243273059536,-0.47680311215960175,-0.4256926355191925,-0.7042550338775111,0.5905602997081882,-0.3175805555414242,cotton,Kaggle Benchmark
National Benchmark,Benchmark Baseline,Curated Benchmark,1.3394299285222817,-0.3747884320908366,-0.5162913988163975,1.0990432592458699,-0.6311859372518919,0.5874161838646526,-0.18184130378780058,cotton,Kaggle Benchmark
National Benchmark,Benchmark Baseline,Curated Benchmark,2.0166185931365286,-0.43542043081131904,-0.5360355421447954,1.9130971691628094,-0.11575257997387677,0.48186372340308836,-0.1536381080481067,cotton,Kaggle Benchmark
National Benchmark,Benchmark Baseline,Curated Benchmark,1.474867661445131,0.2012155557537466,-0.49654725548799966,-0.3352422010839766,-0.4119786473750349,0.2577331796995978,-0.2897412720048231,cotton,Kaggle Benchmark
National Benchmark,Benchmark Baseline,Curated Benchmark,1.3936050216914215,-0.2232084352896305,-0.5755238288015913,0.2074604055273164,-0.5620665215249554,0.4993809402456458,-0.39964275733885635,cotton,Kaggle Benchmark
National Benchmark,Benchmark Baseline,Curated Benchmark,2.179143872643948,-0.13226043720890684,-0.5162913988163975,1.0861217686122668,-0.022935078854847434,0.3817011758161581,-0.6623873679718759,cotton,Kaggle Benchmark
National Benchmark,Benchmark Baseline,Curated Benchmark,2.3958442453205073,-0.5566844282522839,-0.6545004021151829,-0.7358084107256448,-0.0723060900883738,0.5380086491805159,-0.30757296995637157,cotton,Kaggle Benchmark
National Benchmark,Benchmark Baseline,Curated Benchmark,1.5561303011988408,-0.5263684288920427,-0.5755238288015913,0.995671334177052,-0.560091681075614,0.2707588024799613,-0.706966612850747,cotton,Kaggle Benchmark
National Benchmark,Benchmark Baseline,Curated Benchmark,1.8270057670445394,-0.25352443464987173,-0.49654725548799966,1.9518616410636165,-0.4435760945644918,0.26716552723020603,-0.5783236490574333,cotton,Kaggle Benchmark
National Benchmark,Benchmark Baseline,Curated Benchmark,1.5290427546142709,-0.07162843848842439,-0.5162913988163975,-0.632436485656827,-0.14735002716333367,0.30264912032153984,-0.43476028493731406,cotton,Kaggle Benchmark
National Benchmark,Benchmark Baseline,Curated Benchmark,2.0166185931365286,0.2012155557537466,-0.6150121154583871,0.41420425566495206,-0.2915133799652307,0.5856195462397746,-0.42038575291514735,cotton,Kaggle Benchmark
National Benchmark,Benchmark Baseline,Curated Benchmark,1.6915680341216903,-0.4960524295318015,-0.5557796854731933,1.1894936936810847,-0.11575257997387677,0.33948019163153265,-0.11579123892645295,cotton,Kaggle Benchmark
National Benchmark,Benchmark Baseline,Curated Benchmark,2.179143872643948,-0.04131243912818317,-0.634756258786785,0.026559536656885773,-0.38630572153360143,0.5838229086148973,-0.2715456618501818,cotton,Kaggle Benchmark
National Benchmark,Benchmark Baseline,Curated Benchmark,1.74574312729083,-0.16257643656914805,-0.634756258786785,0.9181423903754381,-0.015035717057483385,0.5663056917723398,-0.26426741778832546,cotton,Kaggle Benchmark
National Benchmark,Benchmark Baseline,Curated Benchmark,1.6915680341216903,-0.46573643017156025,-0.45705896883120384,1.1894936936810847,-0.7141292361242164,0.3587940460989674,-0.23733791475945634,cotton,Kaggle Benchmark
National Benchmark,Benchmark Baseline,Curated Benchmark,1.6373929409525505,-0.3747884320908366,-0.5952679721299892,-0.46445710741999835,-0.3902554024322834,0.2986066856655649,-0.4094683868223627,cotton,Kaggle Benchmark
National Benchmark,Benchmark Baseline,Curated Benchmark,1.6373929409525505,-0.01099643976794195,-0.5755238288015913,-0.06389089777833011,-0.3270605080533696,0.29411509160337096,-0.3426904975548293,cotton,Kaggle Benchmark
National Benchmark,Benchmark Baseline,Curated Benchmark,1.935355953382819,-0.16257643656914805,-0.634756258786785,-0.20602729474795492,-0.19079651704883732,0.18676599351692946,-0.7575504090806497,cotton,Kaggle Benchmark
National Benchmark,Benchmark Baseline,Curated Benchmark,1.5561303011988408,-0.2232084352896305,-0.6150121154583871,0.5951051245353827,-0.2599159327757738,0.6017892848636737,-0.6995064126873441,cotton,Kaggle Benchmark
National Benchmark,Benchmark Baseline,Curated Benchmark,2.206231419228518,-0.3747884320908366,-0.5162913988163975,1.7321963002923777,-0.26189077322511517,0.42841375406297744,-0.23733791475945634,cotton,Kaggle Benchmark
National Benchmark,Benchmark Baseline,Curated Benchmark,1.4206925682759914,-0.34447243273059536,-0.6150121154583871,0.07824549919129468,-0.26189077322511517,0.5901111403019692,-0.40764882580689843,cotton,Kaggle Benchmark
National Benchmark,Benchmark Baseline,Curated Benchmark,2.233318965813088,-0.10194443784866561,-0.45705896883120384,1.4220805250859252,0.020511411030655537,0.43649862337492734,-0.06429766218881798,cotton,Kaggle Benchmark
National Benchmark,Benchmark Baseline,Curated Benchmark,2.0707936863056684,-0.4960524295318015,-0.5952679721299892,0.7372415215050074,-0.145375186713993,0.21641051432741107,-0.2100444995274945,cotton,Kaggle Benchmark
National Benchmark,Benchmark Baseline,Curated Benchmark,1.6103053943679806,-0.43542043081131904,-0.45705896883120384,0.9569068622762451,-0.5936639687144123,0.26312309257423105,-0.5153668379223747,cotton,Kaggle Benchmark
National Benchmark,Benchmark Baseline,Curated Benchmark,2.179143872643948,-0.46573643017156025,-0.5755238288015913,0.4400472369321559,-0.3448340720974391,0.18856263114180744,-0.2367920464548171,cotton,Kaggle Benchmark
National Benchmark,Benchmark Baseline,Curated Benchmark,1.5561303011988408,-0.46573643017156025,-0.47680311215960175,1.2541011468490966,-0.43567673276712776,0.22269874601448297,-0.448406992553295,cotton,Kaggle Benchmark
National Benchmark,Benchmark Baseline,Curated Benchmark,1.935355953382819,-0.40510443145107783,-0.6150121154583871,0.49173319946656485,-0.1295764631192642,0.4418885362495599,-0.42620834816463243,cotton,Kaggle Benchmark
National Benchmark,Benchmark Baseline,Curated Benchmark,1.6373929409525505,-0.10194443784866561,-0.6545004021151829,1.8226467347275934,-0.08810481368310188,0.39607427681517926,-0.34287245365637553,cotton,Kaggle Benchmark
National Benchmark,Benchmark Baseline,Curated Benchmark,2.4229317919050772,-0.40510443145107783,-0.6150121154583871,-0.5936720137560212,-0.5699658833223195,0.2514449480125259,-0.47151541744968933,cotton,Kaggle Benchmark
National Benchmark,Benchmark Baseline,Curated Benchmark,1.3394299285222817,-0.40510443145107783,-0.5557796854731933,1.2411796562154935,-0.6252614159038692,0.21461387670253373,-0.30229624301152574,cotton,Kaggle Benchmark
National Benchmark,Benchmark Baseline,Curated Benchmark,1.962443499967389,-0.10194443784866561,-0.634756258786785,0.03948102729048771,-0.5067709889434057,0.18227439945473553,-0.5968831714151676,cotton,Kaggle Benchmark
National Benchmark,Benchmark Baseline,Curated Benchmark,1.5290427546142709,-0.5263684288920427,-0.5360355421447954,-0.3352422010839766,-0.06440672829100974,0.1881134717355878,-0.7428119648553902,cotton,Kaggle Benchmark
National Benchmark,Benchmark Baseline,Curated Benchmark,1.8270057670445394,-0.10194443784866561,-0.5755238288015913,-0.14141984157994292,-0.524544552987475,0.48770279568394126,-0.6729408218615678,cotton,Kaggle Benchmark
National Benchmark,Benchmark Baseline,Curated Benchmark,1.4206925682759914,-0.07162843848842439,-0.5557796854731933,0.7501630121386094,-0.5561420001769319,0.5690006482096565,-0.21513927037079406,cotton,Kaggle Benchmark
National Benchmark,Benchmark Baseline,Curated Benchmark,2.233318965813088,0.11026755767302293,-0.5755238288015913,1.9130971691628094,-0.41000380692569427,0.20203741332838993,-0.35178830263214994,cotton,Kaggle Benchmark
National Benchmark,Benchmark Baseline,Curated Benchmark,2.1249687794748082,-0.1928924359293893,-0.5557796854731933,-0.24479176664876073,-0.23819268783302233,0.4185322471261503,-0.08849782369449107,cotton,Kaggle Benchmark
National Benchmark,Benchmark Baseline,Curated Benchmark,1.7728306738753996,-0.04131243912818317,-0.5755238288015913,-0.46445710741999835,-0.5284942338861571,0.1746386895490053,-0.6620234557687832,cotton,Kaggle Benchmark
National Benchmark,Benchmark Baseline,Curated Benchmark,1.7186555807062602,-0.40510443145107783,-0.49654725548799966,0.3625182931305431,-0.015035717057483385,0.4338036669376107,-0.1461779078847036,cotton,Kaggle Benchmark
National Benchmark,Benchmark Baseline,Curated Benchmark,2.179143872643948,0.2012155557537466,-0.6150121154583871,1.2411796562154935,-0.05848220694298636,0.4629990283418733,-0.36379740533421306,cotton,Kaggle Benchmark
National Benchmark,Benchmark Baseline,Curated Benchmark,1.5290427546142709,-0.31415643337035415,-0.5952679721299892,0.3625182931305431,-0.6292110968025512,0.4513208837801681,-0.6900446954069306,cotton,Kaggle Benchmark
National Benchmark,Benchmark Baseline,Curated Benchmark,1.962443499967389,-0.28384043401011294,-0.5360355421447954,1.51253095952114,0.034335294176042974,0.15846895092510618,-0.21950621680790786,cotton,Kaggle Benchmark
National Benchmark,Benchmark Baseline,Curated Benchmark,1.6644804875371204,-0.13226043720890684,-0.45705896883120384,0.0007165553896807421,0.014586889682632852,0.2887251787287377,-0.6782175488064139,cotton,Kaggle Benchmark
National Benchmark,Benchmark Baseline,Curated Benchmark,1.8540933136291093,-0.28384043401011294,-0.6545004021151829,0.8018489746730183,-0.6845066293841009,0.511059084807351,-0.7790212290631264,cotton,Kaggle Benchmark
National Benchmark,Benchmark Baseline,Curated Benchmark,2.152056326059378,0.17089955639350538,-0.5755238288015913,0.0653240085576916,-0.10785321817651271,0.4948893461834519,-0.18111347938161484,cotton,Kaggle Benchmark
National Benchmark,Benchmark Baseline,Curated Benchmark,2.0707936863056684,-0.01099643976794195,-0.47680311215960175,-0.43861412615279444,-0.6706827462387135,0.21102060145277846,-0.6014320739538278,cotton,Kaggle Benchmark
National Benchmark,Benchmark Baseline,Curated Benchmark,2.2604065123976578,-0.04131243912818317,-0.5952679721299892,1.9647831316972184,-0.3270605080533696,0.22943613710777455,-0.4973531838692799,cotton,Kaggle Benchmark
National Benchmark,Benchmark Baseline,Curated Benchmark,1.5832178477834107,-0.5263684288920427,-0.5952679721299892,1.3574730719179133,-0.04268348334825826,0.22674118067045793,-0.7451773941754937,cotton,Kaggle Benchmark
National Benchmark,Benchmark Baseline,Curated Benchmark,1.3394299285222817,-0.16257643656914805,-0.6150121154583871,1.7580392815595827,-0.36260763614150854,0.5191439541193008,-0.6767618999940426,cotton,Kaggle Benchmark
National Benchmark,Benchmark Baseline,Curated Benchmark,2.206231419228518,-0.04131243912818317,-0.5755238288015913,-0.03804791651112508,-0.2875636990665487,0.23617352820106546,-0.7553669358620927,cotton,Kaggle Benchmark
National Benchmark,Benchmark Baseline,Curated Benchmark,1.3936050216914215,-0.4960524295318015,-0.45705896883120384,-0.7228869200920429,-0.06045704739232772,0.28917433813495735,-0.557398697379596,cotton,Kaggle Benchmark
National Benchmark,Benchmark Baseline,Curated Benchmark,1.6373929409525505,-0.43542043081131904,-0.5162913988163975,-0.4256926355191925,-0.5956388091637529,0.3983200738462762,-0.2709997935455428,cotton,Kaggle Benchmark
National Benchmark,Benchmark Baseline,Curated Benchmark,1.7999182204599695,-0.07162843848842439,-0.6545004021151829,-0.5549075418552142,-0.5265193934368164,0.32510709063251086,-0.06757287201665353,cotton,Kaggle Benchmark
National Benchmark,Benchmark Baseline,Curated Benchmark,2.3145816055667976,-0.5263684288920427,-0.47680311215960175,1.4608449969867312,-0.5679910428729787,0.4010150302835928,-0.24370637831358094,cotton,Kaggle Benchmark
National Benchmark,Benchmark Baseline,Curated Benchmark,2.2604065123976578,0.07995155831278171,-0.5952679721299892,0.28498934932893033,-0.35668311479348586,0.5586699818666097,-0.5912425322672287,cotton,Kaggle Benchmark
National Benchmark,Benchmark Baseline,Curated Benchmark,1.6644804875371204,0.019319559592299272,-0.6545004021151829,-0.3740066729847836,-0.030834440652211484,0.45311752140504546,-0.48352452015175246,cotton,Kaggle Benchmark
National Benchmark,Benchmark Baseline,Curated Benchmark,1.474867661445131,0.07995155831278171,-0.6545004021151829,1.0344358060778578,0.0698824222641819,0.47153305706004217,-0.5335624480770159,cotton,Kaggle Benchmark
National Benchmark,Benchmark Baseline,Curated Benchmark,2.4229317919050772,-0.25352443464987173,-0.6545004021151829,-0.8650233170616677,-0.017010557506824047,0.3848452916596937,-0.07394133557077787,cotton,Kaggle Benchmark
National Benchmark,Benchmark Baseline,Curated Benchmark,2.0437061397210985,-0.2232084352896305,-0.45705896883120384,0.3754397837641451,-0.23226816648499896,0.45895659368589836,-0.7762918875399303,cotton,Kaggle Benchmark
National Benchmark,Benchmark Baseline,Curated Benchmark,1.501955208029701,-0.13226043720890684,-0.47680311215960175,0.6597125777033946,-0.5087458293927469,0.2240462242331413,-0.2331529244238888,cotton,Kaggle Benchmark
National Benchmark,Benchmark Baseline,Curated Benchmark,1.9082684067982492,-0.01099643976794195,-0.5755238288015913,1.9518616410636165,-0.41592832827371695,0.23572436879484646,-0.42493465545380765,cotton,Kaggle Benchmark
National Benchmark,Benchmark Baseline,Curated Benchmark,1.5561303011988408,0.2012155557537466,-0.6150121154583871,0.11700997109210051,-0.564041361974296,0.23707184701350476,-0.10360018012284328,cotton,Kaggle Benchmark
National Benchmark,Benchmark Baseline,Curated Benchmark,1.7728306738753996,0.07995155831278171,-0.6150121154583871,1.9518616410636165,-0.17894747435279057,0.28064030941678847,-0.33140921925895167,cotton,Kaggle Benchmark
National Benchmark,Benchmark Baseline,Curated Benchmark,1.3394299285222817,-0.04131243912818317,-0.5755238288015913,1.8484897159947986,-0.42580253052042233,0.49264354915235486,-0.18129543548316135,cotton,Kaggle Benchmark
National Benchmark,Benchmark Baseline,Curated Benchmark,2.1249687794748082,-0.31415643337035415,-0.634756258786785,0.33667531186333927,-0.013060876608142022,0.2860302222914211,-0.4527739389904088,cotton,Kaggle Benchmark
National Benchmark,Benchmark Baseline,Curated Benchmark,1.8270057670445394,-0.28384043401011294,-0.49654725548799966,0.28498934932893033,-0.6983305125294884,0.5097116065886926,-0.6623873679718759,cotton,Kaggle Benchmark
National Benchmark,Benchmark Baseline,Curated Benchmark,1.7999182204599695,-0.31415643337035415,-0.45705896883120384,1.7709607721931846,-0.18289715525147257,0.31567474310190335,-0.6214472451239331,cotton,Kaggle Benchmark
National Benchmark,Benchmark Baseline,Curated Benchmark,2.0437061397210985,-0.4960524295318015,-0.5360355421447954,0.18161742426011251,0.04618433687208975,0.5698989670220952,-0.4809771347301027,cotton,Kaggle Benchmark
National Benchmark,Benchmark Baseline,Curated Benchmark,1.8811808602136793,-0.16257643656914805,-0.634756258786785,1.2799441281163004,-0.6232865754545278,0.17643532717388263,-0.5752303953311445,cotton,Kaggle Benchmark
National Benchmark,Benchmark Baseline,Curated Benchmark,1.3936050216914215,-0.25352443464987173,-0.634756258786785,1.060278787345063,-0.38630572153360143,0.2712079618861803,-0.5197337843594885,cotton,Kaggle Benchmark
National Benchmark,Benchmark Baseline,Curated Benchmark,2.179143872643948,0.07995155831278171,-0.5557796854731933,1.6675888471243667,-0.712154395674875,0.46524482537297024,-0.2042219042780094,cotton,Kaggle Benchmark
National Benchmark,Benchmark Baseline,Curated Benchmark,1.7186555807062602,-0.40510443145107783,-0.6150121154583871,-0.14141984157994292,-0.2539914114277511,0.388438566909449,-0.6188998597022833,cotton,Kaggle Benchmark
National Benchmark,Benchmark Baseline,Curated Benchmark,1.3665174751068516,-0.4960524295318015,-0.5952679721299892,1.51253095952114,-0.5324439147848391,0.5034233749016207,-0.19184888937285324,cotton,Kaggle Benchmark
National Benchmark,Benchmark Baseline,Curated Benchmark,1.501955208029701,-0.2232084352896305,-0.5557796854731933,-0.34816369171757855,-0.42975221141910436,0.32106465597653594,-0.40601122089298064,cotton,Kaggle Benchmark
National Benchmark,Benchmark Baseline,Curated Benchmark,1.6915680341216903,-0.46573643017156025,-0.5557796854731933,-0.14141984157994292,-0.692405991181465,0.318818858945439,-0.519005959953303,cotton,Kaggle Benchmark
National Benchmark,Benchmark Baseline,Curated Benchmark,1.3936050216914215,-0.01099643976794195,-0.5360355421447954,0.5692621432681788,-0.5087458293927469,0.20787648560924218,-0.21768665579244384,cotton,Kaggle Benchmark
National Benchmark,Benchmark Baseline,Curated Benchmark,1.6103053943679806,-0.43542043081131904,-0.5952679721299892,1.6805103377579687,-0.21054492154224747,0.1759861677676636,-0.720249408263635,cotton,Kaggle Benchmark
National Benchmark,Benchmark Baseline,Curated Benchmark,1.5290427546142709,0.14058355703326417,-0.6545004021151829,1.4091590344523222,-0.3705069979388733,0.1930542252040014,-0.4880734226904128,cotton,Kaggle Benchmark
National Benchmark,Benchmark Baseline,Curated Benchmark,1.8811808602136793,0.2012155557537466,-0.6545004021151829,1.060278787345063,-0.6509343417453026,0.555975025429293,-0.693319905234766,cotton,Kaggle Benchmark
National Benchmark,Benchmark Baseline,Curated Benchmark,1.041466916092013,-0.1928924359293893,-0.2003851055620311,-0.6065935043896231,-0.01898539795616541,0.034500954808545925,0.8811462414463409,jute,Kaggle Benchmark
National Benchmark,Benchmark Baseline,Curated Benchmark,0.2559280651394862,-0.4960524295318015,-0.18064096223363318,-0.5678290324888161,0.19232253012332745,0.5146523600571062,1.0514571524937832,jute,Kaggle Benchmark
National Benchmark,Benchmark Baseline,Curated Benchmark,0.3371907048931958,-0.3747884320908366,-0.062176102263245756,0.8406134465738253,-0.06243188784166838,0.6920703255137775,1.6950358836634443,jute,Kaggle Benchmark
National Benchmark,Benchmark Baseline,Curated Benchmark,0.9602042763383033,-0.40510443145107783,-0.18064096223363318,-0.3352422010839766,0.020511411030655537,0.7495627295098634,1.3127461143144319,jute,Kaggle Benchmark
National Benchmark,Benchmark Baseline,Curated Benchmark,1.231079742184002,-0.3747884320908366,-0.16089681890523527,-0.4903000886872034,-0.4021044451283302,0.02327196965306041,1.5822231007046683,jute,Kaggle Benchmark
National Benchmark,Benchmark Baseline,Curated Benchmark,1.3394299285222817,-0.5566844282522839,-0.2398733922188269,-0.154341332213546,-0.06045704739232772,0.023721129059280064,1.5847704861263183,jute,Kaggle Benchmark
National Benchmark,Benchmark Baseline,Curated Benchmark,0.3371907048931958,-0.4960524295318015,-0.10166438892004157,0.24622487742812338,-0.4337018923177864,0.6112216323942818,1.4970676451809477,jute,Kaggle Benchmark
National Benchmark,Benchmark Baseline,Curated Benchmark,0.5268035309851851,-0.31415643337035415,-0.16089681890523527,-0.3740066729847836,-0.24806689007972774,0.7778597721016866,1.19465660441081,jute,Kaggle Benchmark
National Benchmark,Benchmark Baseline,Curated Benchmark,0.4455408912314754,0.049635558952540494,-0.08192024559164365,1.008592824810654,0.13110247619375504,0.1647571826121781,1.4339288779443424,jute,Kaggle Benchmark
National Benchmark,Benchmark Baseline,Curated Benchmark,0.6351537173234646,-0.40510443145107783,-0.16089681890523527,-0.10265536967913709,-0.09402933503112527,0.5227372293690561,1.1986596386448312,jute,Kaggle Benchmark
National Benchmark,Benchmark Baseline,Curated Benchmark,1.041466916092013,-0.01099643976794195,-0.08192024559164365,1.0990432592458699,-0.14340034626465165,0.019678694403305125,0.8513054407927295,jute,Kaggle Benchmark
National Benchmark,Benchmark Baseline,Curated Benchmark,0.6351537173234646,-0.2232084352896305,-0.062176102263245756,-0.5678290324888161,0.02841077282802029,0.7585459176342518,1.564209446651574,jute,Kaggle Benchmark
National Benchmark,Benchmark Baseline,Curated Benchmark,1.041466916092013,-0.3747884320908366,-0.2003851055620311,-0.16726282284714794,-0.4909722653486775,0.1436466905198654,1.753625748361389,jute,Kaggle Benchmark
National Benchmark,Benchmark Baseline,Curated Benchmark,0.2559280651394862,0.049635558952540494,-0.16089681890523527,0.7243200308714055,-0.12365194177124152,0.7850463226011972,0.8738679973844848,jute,Kaggle Benchmark
National Benchmark,Benchmark Baseline,Curated Benchmark,0.4455408912314754,-0.31415643337035415,-0.2003851055620311,1.073200277978665,-0.07823061143639717,-0.027033883843514878,1.6812072199459172,jute,Kaggle Benchmark
National Benchmark,Benchmark Baseline,Curated Benchmark,0.5268035309851851,-0.46573643017156025,-0.2596175355472248,0.6984770496042005,-0.2401675282823637,0.3498108579745789,1.1064078951608,jute,Kaggle Benchmark
National Benchmark,Benchmark Baseline,Curated Benchmark,0.6351537173234646,-0.13226043720890684,-0.2003851055620311,1.3187086000171075,-0.45542513726053857,-0.001431797689007583,1.1105928854963674,jute,Kaggle Benchmark
National Benchmark,Benchmark Baseline,Curated Benchmark,1.0685544626765828,-0.40510443145107783,-0.18064096223363318,0.2074604055273164,0.022486251479996902,0.4661431441854089,1.6102443403428162,jute,Kaggle Benchmark
National Benchmark,Benchmark Baseline,Curated Benchmark,0.8518540900000237,-0.5566844282522839,-0.08192024559164365,-0.29647772918316967,0.2673664671982873,0.3021999609153202,1.2077574437221517,jute,Kaggle Benchmark
National Benchmark,Benchmark Baseline,Curated Benchmark,0.6080661707388947,-0.25352443464987173,-0.22012924889042898,0.3495968024969412,-0.3784063597362374,0.14185005289498742,1.4159152238912476,jute,Kaggle Benchmark
National Benchmark,Benchmark Baseline,Curated Benchmark,0.9331167297537334,-0.01099643976794195,-0.2003851055620311,0.1557744429929075,-0.14142550581531096,0.10591730039743392,0.9177194178571703,jute,Kaggle Benchmark
National Benchmark,Benchmark Baseline,Curated Benchmark,0.8247665434154539,0.07995155831278171,-0.2398733922188269,0.8147704653066202,-0.43765157321646914,0.050670693432445034,1.2978257139876257,jute,Kaggle Benchmark
National Benchmark,Benchmark Baseline,Curated Benchmark,0.9060291831691635,0.049635558952540494,-0.2003851055620311,0.6338695964361897,0.2476180627048772,0.3731671470979892,1.267075132826282,jute,Kaggle Benchmark
National Benchmark,Benchmark Baseline,Curated Benchmark,0.797678996830884,-0.25352443464987173,-0.12140853224843946,1.1765722030474828,-0.4889974248993362,0.15801979151888654,0.8813281975478877,jute,Kaggle Benchmark
National Benchmark,Benchmark Baseline,Curated Benchmark,0.6893288104926044,0.019319559592299272,-0.062176102263245756,-0.3740066729847836,-0.26189077322511517,0.2761487153545939,1.48323898146342,jute,Kaggle Benchmark
National Benchmark,Benchmark Baseline,Curated Benchmark,0.6893288104926044,0.07995155831278171,-0.18064096223363318,0.10408848045849857,-0.24214236873170436,0.8268181473796036,1.704133688740765,jute,Kaggle Benchmark
National Benchmark,Benchmark Baseline,Curated Benchmark,0.8247665434154539,-0.40510443145107783,-0.062176102263245756,-0.05096940714472817,0.02841077282802029,0.4167356095012729,1.2927309431443261,jute,Kaggle Benchmark
National Benchmark,Benchmark Baseline,Curated Benchmark,0.6893288104926044,-0.28384043401011294,-0.062176102263245756,0.3495968024969412,-0.0249099193041888,0.5838229086148973,1.188470096958232,jute,Kaggle Benchmark
National Benchmark,Benchmark Baseline,Curated Benchmark,0.49971598440061515,-0.1928924359293893,-0.16089681890523527,-0.43861412615279444,-0.048608004696280946,0.21371555789009444,1.462314029785583,jute,Kaggle Benchmark
National Benchmark,Benchmark Baseline,Curated Benchmark,0.8518540900000237,-0.40510443145107783,-0.062176102263245756,0.2591463680617253,0.11727859304836759,0.45895659368589836,1.3948083161118638,jute,Kaggle Benchmark
National Benchmark,Benchmark Baseline,Curated Benchmark,0.49971598440061515,0.11026755767302293,-0.2596175355472248,-0.36108518235118053,-0.25794109232643314,0.3170222213205616,1.5059834941567216,jute,Kaggle Benchmark
National Benchmark,Benchmark Baseline,Curated Benchmark,0.8247665434154539,-0.5263684288920427,-0.2003851055620311,-0.18018431348074987,-0.3645824765908499,0.7410287007916945,0.8525791335035543,jute,Kaggle Benchmark
National Benchmark,Benchmark Baseline,Curated Benchmark,0.4455408912314754,0.2012155557537466,-0.2003851055620311,0.8922994091082342,-0.1611739103087211,0.316573061914342,1.0701986309530638,jute,Kaggle Benchmark
National Benchmark,Benchmark Baseline,Curated Benchmark,0.5809786241543248,-0.07162843848842439,-0.16089681890523527,1.2282581655818916,-0.4751735417539487,0.11759544495913844,1.7470753287057181,jute,Kaggle Benchmark
National Benchmark,Benchmark Baseline,Curated Benchmark,0.3913657980623356,-0.43542043081131904,-0.062176102263245756,0.38836127439774704,-0.38433088108426006,-0.02658472443729523,1.473777264183007,jute,Kaggle Benchmark
National Benchmark,Benchmark Baseline,Curated Benchmark,0.7435039036617441,-0.10194443784866561,-0.10166438892004157,-0.154341332213546,-0.0979790159298073,0.6399678343923249,1.0208885274339858,jute,Kaggle Benchmark
National Benchmark,Benchmark Baseline,Curated Benchmark,0.7164163570771742,-0.04131243912818317,-0.14115267557683736,-0.47737859805360144,-0.3408843911987571,0.5380086491805159,1.1691827501943122,jute,Kaggle Benchmark
National Benchmark,Benchmark Baseline,Curated Benchmark,1.041466916092013,-0.04131243912818317,-0.12140853224843946,-0.4256926355191925,-0.49887162714604155,0.4477276085304128,1.69576370806963,jute,Kaggle Benchmark
National Benchmark,Benchmark Baseline,Curated Benchmark,0.31010315830862595,-0.13226043720890684,-0.22012924889042898,1.3057871093835056,-0.27571465637050263,0.5106099254011313,1.1404336861499786,jute,Kaggle Benchmark
National Benchmark,Benchmark Baseline,Curated Benchmark,1.0685544626765828,-0.16257643656914805,-0.062176102263245756,0.052402517924089655,-0.3073121035599595,-0.007720029376079495,0.9129885592169631,jute,Kaggle Benchmark
National Benchmark,Benchmark Baseline,Curated Benchmark,0.4184533446469055,-0.1928924359293893,-0.2398733922188269,0.1299314617257036,-0.15129970806201568,0.1328668647705989,1.3120182899082458,jute,Kaggle Benchmark
National Benchmark,Benchmark Baseline,Curated Benchmark,0.797678996830884,-0.04131243912818317,-0.18064096223363318,0.9052208997418362,0.1587502424845299,0.24156344107569871,1.7057712936546827,jute,Kaggle Benchmark
National Benchmark,Benchmark Baseline,Curated Benchmark,1.041466916092013,-0.04131243912818317,-0.062176102263245756,0.9569068622762451,-0.14340034626465165,0.24830083216899027,1.6923065421402481,jute,Kaggle Benchmark
National Benchmark,Benchmark Baseline,Curated Benchmark,0.7164163570771742,-0.07162843848842439,-0.08192024559164365,0.8406134465738253,-0.4652993395072433,0.5038725343078404,1.1418893349623502,jute,Kaggle Benchmark
National Benchmark,Benchmark Baseline,Curated Benchmark,1.1769046490148625,-0.4960524295318015,-0.14115267557683736,-0.0122049352439212,-0.16907327210608514,0.6997060354195077,1.377340530363408,jute,Kaggle Benchmark
National Benchmark,Benchmark Baseline,Curated Benchmark,0.6622412639080345,-0.3747884320908366,-0.2596175355472248,0.504654690100168,-0.12760162266992353,0.32106465597653594,1.1495314912272994,jute,Kaggle Benchmark
National Benchmark,Benchmark Baseline,Curated Benchmark,0.2559280651394862,0.049635558952540494,-0.2398733922188269,0.8535349372074272,0.1014798694536388,0.40460830553334814,0.8582197726514932,jute,Kaggle Benchmark
National Benchmark,Benchmark Baseline,Curated Benchmark,0.31010315830862595,0.07995155831278171,-0.2596175355472248,-0.29647772918316967,0.07185726271352326,0.4571599560610204,1.0896679338185298,jute,Kaggle Benchmark
National Benchmark,Benchmark Baseline,Curated Benchmark,0.9060291831691635,-0.40510443145107783,-0.12140853224843946,0.29791083996253226,0.13110247619375504,0.08435764889890156,1.5143534748278566,jute,Kaggle Benchmark
National Benchmark,Benchmark Baseline,Curated Benchmark,1.3394299285222817,0.07995155831278171,-0.16089681890523527,1.2411796562154935,0.15282572113650653,0.531271258087225,1.322571743797938,jute,Kaggle Benchmark
National Benchmark,Benchmark Baseline,Curated Benchmark,0.6622412639080345,0.07995155831278171,-0.08192024559164365,-0.46445710741999835,-0.06835640918969177,0.10187486574145899,1.1750053454437972,jute,Kaggle Benchmark
National Benchmark,Benchmark Baseline,Curated Benchmark,0.7435039036617441,-0.2232084352896305,-0.12140853224843946,0.8147704653066202,-0.49887162714604155,0.31342894607080574,0.9448308769875853,jute,Kaggle Benchmark
National Benchmark,Benchmark Baseline,Curated Benchmark,0.8518540900000237,-0.16257643656914805,-0.2398733922188269,-0.154341332213546,0.034335294176042974,0.462100709529434,1.633534721340757,jute,Kaggle Benchmark
National Benchmark,Benchmark Baseline,Curated Benchmark,1.3394299285222817,0.14058355703326417,-0.14115267557683736,0.24622487742812338,-0.48307290355131277,0.7365371067294998,1.0399939180963593,jute,Kaggle Benchmark
National Benchmark,Benchmark Baseline,Curated Benchmark,1.014379369507443,-0.10194443784866561,-0.16089681890523527,0.7501630121386094,0.0027378469865860767,0.38035369759749976,1.4337469218427958,jute,Kaggle Benchmark
National Benchmark,Benchmark Baseline,Curated Benchmark,0.4455408912314754,-0.3747884320908366,-0.16089681890523527,1.1119647498794718,0.04618433687208975,0.7338421502921832,0.8944290368592294,jute,Kaggle Benchmark
National Benchmark,Benchmark Baseline,Curated Benchmark,0.5809786241543248,-0.34447243273059536,-0.10166438892004157,-0.154341332213546,0.18837284922464545,0.42302384118834485,1.4160971799927937,jute,Kaggle Benchmark
National Benchmark,Benchmark Baseline,Curated Benchmark,1.041466916092013,-0.40510443145107783,-0.10166438892004157,0.8406134465738253,0.12517795484573163,0.06684043205634414,1.5740350761350799,jute,Kaggle Benchmark
National Benchmark,Benchmark Baseline,Curated Benchmark,1.041466916092013,0.11026755767302293,-0.10166438892004157,0.6855555589705986,0.2574922649515826,0.07717109839939099,1.342041046663404,jute,Kaggle Benchmark
National Benchmark,Benchmark Baseline,Curated Benchmark,0.28301561172405604,-0.3747884320908366,-0.08192024559164365,0.09116698982489663,-0.2460920496303864,0.47737212934089446,1.0272569909881102,jute,Kaggle Benchmark
National Benchmark,Benchmark Baseline,Curated Benchmark,0.770591450246314,-0.25352443464987173,-0.10166438892004157,0.9052208997418362,0.020511411030655537,0.3448701045061653,1.5230873677020842,jute,Kaggle Benchmark
National Benchmark,Benchmark Baseline,Curated Benchmark,0.9060291831691635,-0.40510443145107783,-0.10166438892004157,0.9827498435434501,-0.1197022608725588,0.7567492800093739,1.200115287457202,jute,Kaggle Benchmark
National Benchmark,Benchmark Baseline,Curated Benchmark,1.285254835353142,-0.31415643337035415,-0.2596175355472248,1.0990432592458699,-0.040708642898916896,0.22269874601448297,1.5498349146294068,jute,Kaggle Benchmark
National Benchmark,Benchmark Baseline,Curated Benchmark,0.6622412639080345,-0.5263684288920427,-0.08192024559164365,0.18161742426011251,-0.46134965860856125,0.1256803142710883,0.9148081202324276,jute,Kaggle Benchmark
National Benchmark,Benchmark Baseline,Curated Benchmark,1.041466916092013,0.14058355703326417,-0.2596175355472248,-0.47737859805360144,-0.32113598670534693,0.4764738105284558,1.157173647492249,jute,Kaggle Benchmark
National Benchmark,Benchmark Baseline,Curated Benchmark,1.0956420092611527,-0.3747884320908366,-0.22012924889042898,-0.43861412615279444,-0.22239396423829424,0.5267796640250304,1.615157155084569,jute,Kaggle Benchmark
National Benchmark,Benchmark Baseline,Curated Benchmark,0.7164163570771742,-0.16257643656914805,-0.2398733922188269,1.1507292217802787,0.050134017770771776,0.5667548511785588,0.934823291402533,jute,Kaggle Benchmark
National Benchmark,Benchmark Baseline,Curated Benchmark,0.4184533446469055,0.14058355703326417,-0.2596175355472248,1.0990432592458699,-0.40605412602701224,0.3583448866927478,1.4883337523067195,jute,Kaggle Benchmark
National Benchmark,Benchmark Baseline,Curated Benchmark,0.31010315830862595,0.17089955639350538,-0.14115267557683736,0.9181423903754381,-0.27571465637050263,0.15307903805047293,1.619888013724776,jute,Kaggle Benchmark
National Benchmark,Benchmark Baseline,Curated Benchmark,0.8518540900000237,-0.5566844282522839,-0.2596175355472248,1.073200277978665,-0.0249099193041888,0.6956636007635327,1.3294860756567015,jute,Kaggle Benchmark
National Benchmark,Benchmark Baseline,Curated Benchmark,0.28301561172405604,-0.3747884320908366,-0.2596175355472248,0.4788117088329629,-0.12760162266992353,0.35924320550518707,1.6793876589304526,jute,Kaggle Benchmark
National Benchmark,Benchmark Baseline,Curated Benchmark,1.3123423819377118,0.11026755767302293,-0.2003851055620311,-0.14141984157994292,-0.15919906985938043,0.4764738105284558,0.9624806188375878,jute,Kaggle Benchmark
National Benchmark,Benchmark Baseline,Curated Benchmark,0.5268035309851851,-0.34447243273059536,-0.10166438892004157,0.052402517924089655,-0.48307290355131277,0.23302941235752983,0.9763092825551151,jute,Kaggle Benchmark
National Benchmark,Benchmark Baseline,Curated Benchmark,1.0685544626765828,0.17089955639350538,-0.2596175355472248,0.8147704653066202,-0.2697901350224792,0.8254706691609452,1.3047400458463894,jute,Kaggle Benchmark
National Benchmark,Benchmark Baseline,Curated Benchmark,0.6080661707388947,-0.31415643337035415,-0.12140853224843946,-0.20602729474795492,0.1903476896739861,0.29321677279093233,0.9344593791994399,jute,Kaggle Benchmark
National Benchmark,Benchmark Baseline,Curated Benchmark,0.4455408912314754,-0.2232084352896305,-0.08192024559164365,0.8018489746730183,0.2377438604581718,0.3017508015091012,0.9180833300602627,jute,Kaggle Benchmark
National Benchmark,Benchmark Baseline,Curated Benchmark,0.9060291831691635,-0.4960524295318015,-0.12140853224843946,0.28498934932893033,-0.022935078854847434,0.43335450753139104,1.2093950486360694,jute,Kaggle Benchmark
National Benchmark,Benchmark Baseline,Curated Benchmark,0.5809786241543248,-0.3747884320908366,-0.2398733922188269,-0.36108518235118053,-0.29941274176259475,0.4082015807831034,1.3354906270077334,jute,Kaggle Benchmark
National Benchmark,Benchmark Baseline,Curated Benchmark,0.553891077569755,0.07995155831278171,-0.22012924889042898,0.026559536656885773,-0.47912322265263074,0.6615274858908565,1.3216619632902058,jute,Kaggle Benchmark
National Benchmark,Benchmark Baseline,Curated Benchmark,0.3642782514777657,-0.01099643976794195,-0.2003851055620311,0.504654690100168,0.12320311439639028,0.31567474310190335,1.4546718735206332,jute,Kaggle Benchmark
National Benchmark,Benchmark Baseline,Curated Benchmark,0.3913657980623356,0.019319559592299272,-0.18064096223363318,0.8406134465738253,-0.36853215748953194,-0.014906579875590069,1.0303502447143995,jute,Kaggle Benchmark
National Benchmark,Benchmark Baseline,Curated Benchmark,0.2559280651394862,0.14058355703326417,-0.22012924889042898,-0.5161430699544073,0.10345470990298015,0.343073466881288,1.2377802004773097,jute,Kaggle Benchmark
National Benchmark,Benchmark Baseline,Curated Benchmark,0.9602042763383033,-0.43542043081131904,-0.10166438892004157,-0.05096940714472817,0.10542955035232082,-0.010864145219615769,1.630987335919107,jute,Kaggle Benchmark
National Benchmark,Benchmark Baseline,Curated Benchmark,1.0685544626765828,-0.10194443784866561,-0.08192024559164365,-0.2835562385495677,0.2574922649515826,0.09019672117975383,1.2374162882742168,jute,Kaggle Benchmark
National Benchmark,Benchmark Baseline,Curated Benchmark,1.0956420092611527,-0.46573643017156025,-0.2398733922188269,1.060278787345063,0.17849864697794002,0.25548738266850085,0.989592077968003,jute,Kaggle Benchmark
National Benchmark,Benchmark Baseline,Curated Benchmark,0.9872918229228731,-0.16257643656914805,-0.2003851055620311,0.8922994091082342,-0.35470827434414454,0.42482047881322216,1.580221583587658,jute,Kaggle Benchmark
National Benchmark,Benchmark Baseline,Curated Benchmark,0.5809786241543248,-0.3747884320908366,-0.2398733922188269,-0.5161430699544073,0.17652380652859936,0.6898245284826805,0.9009794565149,jute,Kaggle Benchmark
National Benchmark,Benchmark Baseline,Curated Benchmark,0.553891077569755,0.019319559592299272,-0.2596175355472248,1.0861217686122668,0.20219673237003288,-0.023440608593759592,1.7445279432840686,jute,Kaggle Benchmark
National Benchmark,Benchmark Baseline,Curated Benchmark,0.8518540900000237,-0.2232084352896305,-0.14115267557683736,0.14285295235930554,-0.45147545636185654,0.37361630650420824,1.5256347531237342,jute,Kaggle Benchmark
National Benchmark,Benchmark Baseline,Curated Benchmark,0.553891077569755,-0.04131243912818317,-0.10166438892004157,0.33667531186333927,0.170599285180576,0.11130721327206654,1.397173745431967,jute,Kaggle Benchmark
National Benchmark,Benchmark Baseline,Curated Benchmark,0.797678996830884,-0.31415643337035415,-0.10166438892004157,-0.5936720137560212,-0.3606327956921679,0.12972274892706326,1.258705152155147,jute,Kaggle Benchmark
National Benchmark,Benchmark Baseline,Curated Benchmark,0.7164163570771742,0.049635558952540494,-0.10166438892004157,0.24622487742812338,-0.022935078854847434,0.20293573214082858,1.6420866581134383,jute,Kaggle Benchmark
National Benchmark,Benchmark Baseline,Curated Benchmark,1.2039921955994322,0.11026755767302293,-0.14115267557683736,-0.05096940714472817,-0.46727417995658466,0.09738327167926504,1.4794179033309456,jute,Kaggle Benchmark
National Benchmark,Benchmark Baseline,Curated Benchmark,0.3371907048931958,-0.1928924359293893,-0.2596175355472248,1.2411796562154935,0.27131614809696936,0.7895379166633918,1.6451799118397272,jute,Kaggle Benchmark
National Benchmark,Benchmark Baseline,Curated Benchmark,1.1498171024302926,-0.31415643337035415,-0.2003851055620311,0.6726340683369966,-0.3961799237803068,0.658383370047321,0.8511234846911833,jute,Kaggle Benchmark
National Benchmark,Benchmark Baseline,Curated Benchmark,0.9872918229228731,-0.28384043401011294,-0.10166438892004157,0.32375382122973617,-0.3448340720974391,0.6875787314515835,1.3473177736082498,jute,Kaggle Benchmark
National Benchmark,Benchmark Baseline,Curated Benchmark,1.014379369507443,-0.04131243912818317,-0.18064096223363318,0.5304976713673718,-0.332985029401393,0.7450711354476687,0.9315480815746974,jute,Kaggle Benchmark
National Benchmark,Benchmark Baseline,Curated Benchmark,1.0685544626765828,-0.43542043081131904,-0.22012924889042898,0.504654690100168,-0.15919906985938043,0.4585074342796787,1.5889554764618856,jute,Kaggle Benchmark
National Benchmark,Benchmark Baseline,Curated Benchmark,1.0685544626765828,-0.43542043081131904,-0.10166438892004157,0.38836127439774704,-0.23029332603565827,0.4854569986528443,1.592230686289721,jute,Kaggle Benchmark
National Benchmark,Benchmark Baseline,Curated Benchmark,0.9060291831691635,-0.46573643017156025,-0.10166438892004157,1.0215143154442559,0.18837284922464545,0.10501898158499462,1.0163396248953256,jute,Kaggle Benchmark
National Benchmark,Benchmark Baseline,Curated Benchmark,1.0956420092611527,-0.9811084192956611,-0.4373148255028059,1.0215143154442559,0.14097667844045975,-0.6342974010521711,1.6046037011948773,coffee,Kaggle Benchmark
National Benchmark,Benchmark Baseline,Curated Benchmark,1.5290427546142709,-0.9811084192956611,-0.4373148255028059,0.995671334177052,0.16467476383255258,-0.7259259199209328,0.7501378483329242,coffee,Kaggle Benchmark
National Benchmark,Benchmark Baseline,Curated Benchmark,0.8789416365845936,-0.46573643017156025,-0.2596175355472248,0.9310638810090411,0.018536570581314877,-0.8350716556322519,0.6053007915019797,coffee,Kaggle Benchmark
National Benchmark,Benchmark Baseline,Curated Benchmark,1.5561303011988408,-0.8901604212149373,-0.3385941088608164,-0.05096940714472817,-0.29348822041457207,-0.6872982109860627,0.7972644786334451,coffee,Kaggle Benchmark
National Benchmark,Benchmark Baseline,Curated Benchmark,1.7728306738753996,-0.7688964237739725,-0.2793616788756227,-0.06389089777833011,-0.42975221141910436,-0.4977529415614673,0.3411005320565888,coffee,Kaggle Benchmark
National Benchmark,Benchmark Baseline,Curated Benchmark,1.7728306738753996,-0.9204764205751785,-0.45705896883120384,0.5175761807337699,-0.43567673276712776,-0.862919538817856,0.6533372023102328,coffee,Kaggle Benchmark
National Benchmark,Benchmark Baseline,Curated Benchmark,1.5832178477834107,-0.6779484256932489,-0.417570682174408,0.6467910870697916,-0.504796148494065,-0.9464631883746685,1.1105928854963674,coffee,Kaggle Benchmark
National Benchmark,Benchmark Baseline,Curated Benchmark,1.041466916092013,-0.8598444218546961,-0.2793616788756227,0.9181423903754381,-0.5008464675953829,-0.35132697513393635,0.4806608619426872,coffee,Kaggle Benchmark
National Benchmark,Benchmark Baseline,Curated Benchmark,1.8270057670445394,-1.0720564173763847,-0.3188499655324185,-0.154341332213546,0.40165561775347897,-0.9150220299393089,0.352563766454013,coffee,Kaggle Benchmark
National Benchmark,Benchmark Baseline,Curated Benchmark,1.6373929409525505,-0.6476324263330075,-0.2793616788756227,-0.10265536967913709,-0.02885960020287082,-0.09575527299508625,1.235778683360299,coffee,Kaggle Benchmark
National Benchmark,Benchmark Baseline,Curated Benchmark,0.9060291831691635,-0.5263684288920427,-0.39782653884601016,-0.45153561678639637,0.221945136863443,-0.7155952535778863,0.6762636711050807,coffee,Kaggle Benchmark
National Benchmark,Benchmark Baseline,Curated Benchmark,0.9331167297537334,-0.6173164269727663,-0.45705896883120384,0.5692621432681788,0.11727859304836759,-0.85213971306859,1.5580229391989957,coffee,Kaggle Benchmark
National Benchmark,Benchmark Baseline,Curated Benchmark,1.3123423819377118,-1.1630044154571084,-0.417570682174408,0.03948102729048771,0.2811903503436748,-0.6378906763019264,1.1322456615803904,coffee,Kaggle Benchmark
National Benchmark,Benchmark Baseline,Curated Benchmark,0.8247665434154539,-0.7082644250534901,-0.3385941088608164,0.7243200308714055,-0.19079651704883732,-0.877741799223097,0.5763697713561,coffee,Kaggle Benchmark
National Benchmark,Benchmark Baseline,Curated Benchmark,1.2039921955994322,-0.43542043081131904,-0.37808239551761225,0.8535349372074272,0.3424104042732479,-0.6958322397042316,0.828197015896335,coffee,Kaggle Benchmark
National Benchmark,Benchmark Baseline,Curated Benchmark,0.8247665434154539,-0.5870004276125251,-0.35833825218921433,0.23330338679452142,-0.08612997323376123,-0.41420929200465517,0.5740043420359967,coffee,Kaggle Benchmark
National Benchmark,Benchmark Baseline,Curated Benchmark,0.797678996830884,-1.1630044154571084,-0.39782653884601016,0.29791083996253226,-0.4949219462473595,-0.15639179283470775,1.0631023429927535,coffee,Kaggle Benchmark
National Benchmark,Benchmark Baseline,Curated Benchmark,1.4477801148605614,-1.0114244186559023,-0.4373148255028059,1.3187086000171075,0.31871231888115503,-0.8323766991949354,1.3149295875329885,coffee,Kaggle Benchmark
National Benchmark,Benchmark Baseline,Curated Benchmark,1.5832178477834107,-0.7385804244137313,-0.39782653884601016,0.32375382122973617,-0.4652993395072433,-0.49236302868683407,1.6506385948861197,coffee,Kaggle Benchmark
National Benchmark,Benchmark Baseline,Curated Benchmark,1.3394299285222817,-0.6476324263330075,-0.4373148255028059,-0.5549075418552142,-0.07625577098705581,-0.6266616911464409,0.3778556645689643,coffee,Kaggle Benchmark
National Benchmark,Benchmark Baseline,Curated Benchmark,1.3394299285222817,-0.8901604212149373,-0.39782653884601016,0.8147704653066202,-0.0031866743614366094,-0.6176785030220526,1.6795696150319994,coffee,Kaggle Benchmark
National Benchmark,Benchmark Baseline,Curated Benchmark,0.8789416365845936,-0.9811084192956611,-0.39782653884601016,1.2928656187499024,-0.009111195709459997,-0.4937105069054924,1.5787659347752865,coffee,Kaggle Benchmark
National Benchmark,Benchmark Baseline,Curated Benchmark,1.8811808602136793,-0.9204764205751785,-0.39782653884601016,0.5304976713673718,0.010637208783950827,-0.9069371606273593,1.68866742010932,coffee,Kaggle Benchmark
National Benchmark,Benchmark Baseline,Curated Benchmark,1.4477801148605614,-0.8295284224944549,-0.35833825218921433,-0.07681238841193205,-0.23819268783302233,-0.3962429157558784,0.8231022450530354,coffee,Kaggle Benchmark
National Benchmark,Benchmark Baseline,Curated Benchmark,1.5561303011988408,-0.6173164269727663,-0.3385941088608164,1.1894936936810847,-0.38038120018557803,-0.21208755920591565,0.7495919800282849,coffee,Kaggle Benchmark
National Benchmark,Benchmark Baseline,Curated Benchmark,1.0956420092611527,-0.8598444218546961,-0.4373148255028059,1.3057871093835056,-0.2144946024409295,-0.2013077334566498,1.4019046040721737,coffee,Kaggle Benchmark
National Benchmark,Benchmark Baseline,Curated Benchmark,0.9602042763383033,-0.8295284224944549,-0.417570682174408,-0.5032215793208054,0.2989639143877442,-0.8350716556322519,1.6187962771154976,coffee,Kaggle Benchmark
National Benchmark,Benchmark Baseline,Curated Benchmark,1.285254835353142,-1.0720564173763847,-0.417570682174408,0.0653240085576916,0.38388205370940953,-0.13438298192995637,1.1640879793510126,coffee,Kaggle Benchmark
National Benchmark,Benchmark Baseline,Curated Benchmark,1.6373929409525505,-0.7992124231342137,-0.3385941088608164,-0.5549075418552142,-0.40012960467898884,-0.7277225575458105,1.600054798656217,coffee,Kaggle Benchmark
National Benchmark,Benchmark Baseline,Curated Benchmark,0.9060291831691635,-0.43542043081131904,-0.2596175355472248,0.6338695964361897,-0.4810980631019721,-0.8687586110987086,0.25194204229884687,coffee,Kaggle Benchmark
National Benchmark,Benchmark Baseline,Curated Benchmark,1.285254835353142,-0.7992124231342137,-0.417570682174408,0.995671334177052,-0.17894747435279057,-0.9069371606273593,1.713595406021178,coffee,Kaggle Benchmark
National Benchmark,Benchmark Baseline,Curated Benchmark,1.8270057670445394,-0.9811084192956611,-0.2793616788756227,0.9827498435434501,-0.24214236873170436,-0.30326691866845806,0.29415585785761444,coffee,Kaggle Benchmark
National Benchmark,Benchmark Baseline,Curated Benchmark,1.4206925682759914,-0.7992124231342137,-0.3385941088608164,0.28498934932893033,0.3048884357357676,-0.8934623784407765,0.4133371043705148,coffee,Kaggle Benchmark
National Benchmark,Benchmark Baseline,Curated Benchmark,0.8518540900000237,-0.8901604212149373,-0.2991058222040206,0.4400472369321559,0.18244832787662205,-0.19681613939445586,0.31271538021534867,coffee,Kaggle Benchmark
National Benchmark,Benchmark Baseline,Curated Benchmark,0.9602042763383033,-0.6779484256932489,-0.2596175355472248,0.026559536656885773,0.2752658289956521,-0.4811340435313486,1.6009645791639489,coffee,Kaggle Benchmark
National Benchmark,Benchmark Baseline,Curated Benchmark,1.014379369507443,-0.5566844282522839,-0.2596175355472248,0.40128276503135013,0.38388205370940953,-0.5848898663680347,0.26340527669627073,coffee,Kaggle Benchmark
National Benchmark,Benchmark Baseline,Curated Benchmark,0.9060291831691635,-0.7992124231342137,-0.37808239551761225,0.9052208997418362,-0.45345029681119725,-0.8301309021638383,1.1790083796778184,coffee,Kaggle Benchmark
National Benchmark,Benchmark Baseline,Curated Benchmark,1.8811808602136793,-0.40510443145107783,-0.2991058222040206,0.33667531186333927,-0.2717649754718206,-0.7717401793553139,0.21282148046636806,coffee,Kaggle Benchmark
National Benchmark,Benchmark Baseline,Curated Benchmark,1.501955208029701,-0.40510443145107783,-0.35833825218921433,0.40128276503135013,-0.43172705186844573,-0.33111480185406234,0.3496524688292704,coffee,Kaggle Benchmark
National Benchmark,Benchmark Baseline,Curated Benchmark,1.6915680341216903,-0.9811084192956611,-0.2991058222040206,1.047357296711461,0.0797566245108873,-0.7030187902037425,1.336218451413919,coffee,Kaggle Benchmark
National Benchmark,Benchmark Baseline,Curated Benchmark,1.7999182204599695,-0.5870004276125251,-0.45705896883120384,0.9569068622762451,-0.15327454851135705,-0.6607978060191168,0.3811308743967996,coffee,Kaggle Benchmark
National Benchmark,Benchmark Baseline,Curated Benchmark,0.797678996830884,-0.7082644250534901,-0.45705896883120384,1.3187086000171075,0.12320311439639028,-0.26239341270249095,0.8172796498035503,coffee,Kaggle Benchmark
National Benchmark,Benchmark Baseline,Curated Benchmark,1.014379369507443,-0.9811084192956611,-0.417570682174408,0.9827498435434501,-0.2342430069343403,-0.24532535526615318,1.422465643546918,coffee,Kaggle Benchmark
National Benchmark,Benchmark Baseline,Curated Benchmark,1.6915680341216903,-0.6173164269727663,-0.2793616788756227,0.11700997109210051,0.07580694361220529,-0.4195992048792881,0.9100772615922206,coffee,Kaggle Benchmark
National Benchmark,Benchmark Baseline,Curated Benchmark,0.9872918229228731,-0.9204764205751785,-0.39782653884601016,0.6597125777033946,0.11925343349770826,-0.4137601325984355,1.6428144825196238,coffee,Kaggle Benchmark
National Benchmark,Benchmark Baseline,Curated Benchmark,1.6915680341216903,-1.1630044154571084,-0.37808239551761225,0.40128276503135013,0.29303939303972154,-0.35626772860234995,1.5789478908768333,coffee,Kaggle Benchmark
National Benchmark,Benchmark Baseline,Curated Benchmark,1.285254835353142,-0.7385804244137313,-0.35833825218921433,-0.3223207104503747,0.004712687435927439,-0.46945589896964374,1.7468933726041718,coffee,Kaggle Benchmark
National Benchmark,Benchmark Baseline,Curated Benchmark,1.258167288768572,-0.7385804244137313,-0.417570682174408,0.9569068622762451,0.4214040222468898,-0.7685960635117779,0.6622530512860072,coffee,Kaggle Benchmark
National Benchmark,Benchmark Baseline,Curated Benchmark,0.9331167297537334,-0.5566844282522839,-0.3188499655324185,0.49173319946656485,0.12517795484573163,-0.7721893387615332,0.5394326827421788,coffee,Kaggle Benchmark
National Benchmark,Benchmark Baseline,Curated Benchmark,0.8518540900000237,-0.7385804244137313,-0.2596175355472248,-0.2835562385495677,0.20812125371805626,-0.8642670170365142,0.9586595407051131,coffee,Kaggle Benchmark
National Benchmark,Benchmark Baseline,Curated Benchmark,1.4206925682759914,-0.6173164269727663,-0.45705896883120384,0.5692621432681788,0.29303939303972154,-0.7066120654534978,0.6557026316303362,coffee,Kaggle Benchmark
National Benchmark,Benchmark Baseline,Curated Benchmark,1.6644804875371204,-1.102372416736626,-0.39782653884601016,0.40128276503135013,0.39770593685479694,-0.4591252326265972,1.6955817519680836,coffee,Kaggle Benchmark
National Benchmark,Benchmark Baseline,Curated Benchmark,1.3123423819377118,-1.0417404180161434,-0.2991058222040206,-0.25771325728236383,0.3799323728107275,-0.7169427317965443,0.4944895256602144,coffee,Kaggle Benchmark
National Benchmark,Benchmark Baseline,Curated Benchmark,1.8811808602136793,-1.0114244186559023,-0.2793616788756227,0.5692621432681788,-0.40407928557767087,-0.9397257972813768,0.48975866702000787,coffee,Kaggle Benchmark
National Benchmark,Benchmark Baseline,Curated Benchmark,1.7186555807062602,-0.7992124231342137,-0.39782653884601016,0.8922994091082342,-0.12365194177124152,-0.6086953148976642,1.6268023455835396,coffee,Kaggle Benchmark
National Benchmark,Benchmark Baseline,Curated Benchmark,1.3394299285222817,-0.40510443145107783,-0.2596175355472248,0.6338695964361897,0.38388205370940953,-0.7667994258869003,1.3529584127561887,coffee,Kaggle Benchmark
National Benchmark,Benchmark Baseline,Curated Benchmark,1.5561303011988408,-0.5566844282522839,-0.45705896883120384,0.6467910870697916,-0.3231108271546876,-0.46586262371988846,1.0565519233370828,coffee,Kaggle Benchmark
National Benchmark,Benchmark Baseline,Curated Benchmark,1.74574312729083,-0.6779484256932489,-0.35833825218921433,0.4788117088329629,-0.27373981592116126,-0.18423967602031202,0.3447396540875171,coffee,Kaggle Benchmark
National Benchmark,Benchmark Baseline,Curated Benchmark,0.9872918229228731,-0.7688964237739725,-0.35833825218921433,0.09116698982489663,-0.0031866743614366094,-0.12674727202422617,1.1895618335675104,coffee,Kaggle Benchmark
National Benchmark,Benchmark Baseline,Curated Benchmark,0.8518540900000237,-0.8901604212149373,-0.4373148255028059,-0.4903000886872034,-0.25794109232643314,-0.8045288160093315,1.4728674836752746,coffee,Kaggle Benchmark
National Benchmark,Benchmark Baseline,Curated Benchmark,1.1769046490148625,-0.8295284224944549,-0.417570682174408,1.2799441281163004,0.1488760402378245,-0.8633686982240756,1.343860607678868,coffee,Kaggle Benchmark
National Benchmark,Benchmark Baseline,Curated Benchmark,0.9872918229228731,-0.7688964237739725,-0.2596175355472248,0.3754397837641451,0.18639800877530407,-0.6432805891765596,0.8842394951726302,coffee,Kaggle Benchmark
National Benchmark,Benchmark Baseline,Curated Benchmark,1.8270057670445394,-0.40510443145107783,-0.2596175355472248,1.2799441281163004,0.14492635933914247,-0.5826440693369378,0.32927338545607215,coffee,Kaggle Benchmark
National Benchmark,Benchmark Baseline,Curated Benchmark,0.9872918229228731,-0.46573643017156025,-0.37808239551761225,0.23330338679452142,-0.0821802923350792,-0.6109411119287611,0.9586595407051131,coffee,Kaggle Benchmark
National Benchmark,Benchmark Baseline,Curated Benchmark,1.1227295558457226,-0.40510443145107783,-0.35833825218921433,-0.5678290324888161,-0.4455509350138332,-0.7317649922017854,1.241601278609784,coffee,Kaggle Benchmark
National Benchmark,Benchmark Baseline,Curated Benchmark,1.258167288768572,-0.9507924199354199,-0.4373148255028059,-0.5161430699544073,-0.3961799237803068,-0.5296432594030462,1.4865141912912554,coffee,Kaggle Benchmark
National Benchmark,Benchmark Baseline,Curated Benchmark,1.3123423819377118,-0.40510443145107783,-0.3188499655324185,0.7501630121386094,-0.2836140181678667,-0.06880570862192065,1.0882122850061589,coffee,Kaggle Benchmark
National Benchmark,Benchmark Baseline,Curated Benchmark,1.041466916092013,-0.7688964237739725,-0.2991058222040206,0.6726340683369966,0.16269992338321193,-0.792401512041407,1.3083791678773178,coffee,Kaggle Benchmark
National Benchmark,Benchmark Baseline,Curated Benchmark,1.6644804875371204,-0.43542043081131904,-0.37808239551761225,0.33667531186333927,0.09950502900429813,-0.3643525979142995,0.8067261959138587,coffee,Kaggle Benchmark
National Benchmark,Benchmark Baseline,Curated Benchmark,1.6373929409525505,-0.7688964237739725,-0.4373148255028059,0.6080266151689858,0.4253537031455718,-0.31449590382394355,1.6238910479587971,coffee,Kaggle Benchmark
National Benchmark,Benchmark Baseline,Curated Benchmark,1.7186555807062602,-1.0114244186559023,-0.4373148255028059,1.047357296711461,-0.01108603615880136,-0.39579375634965874,1.6399031848948813,coffee,Kaggle Benchmark
National Benchmark,Benchmark Baseline,Curated Benchmark,1.7999182204599695,-0.8295284224944549,-0.35833825218921433,0.7889274840394164,0.45497630988568805,-0.15773927105336608,0.21409517317719307,coffee,Kaggle Benchmark
National Benchmark,Benchmark Baseline,Curated Benchmark,1.6373929409525505,-0.7385804244137313,-0.3385941088608164,-0.4256926355191925,0.08765598630825136,-0.8611229011929783,1.053094757407701,coffee,Kaggle Benchmark
National Benchmark,Benchmark Baseline,Curated Benchmark,1.8540933136291093,-0.7082644250534901,-0.39782653884601016,0.052402517924089655,0.14690119978848312,-0.31000430976174964,1.0947627046618293,coffee,Kaggle Benchmark
National Benchmark,Benchmark Baseline,Curated Benchmark,1.7728306738753996,-0.40510443145107783,-0.2991058222040206,0.7372415215050074,-0.13945066536596962,-0.7784775704486051,0.4746563105916559,coffee,Kaggle Benchmark
National Benchmark,Benchmark Baseline,Curated Benchmark,1.2039921955994322,-0.4960524295318015,-0.2596175355472248,-0.154341332213546,0.33451104247588315,-0.13752709777349204,1.6187962771154976,coffee,Kaggle Benchmark
National Benchmark,Benchmark Baseline,Curated Benchmark,0.9602042763383033,-0.40510443145107783,-0.2991058222040206,1.2411796562154935,0.10345470990298015,-0.8633686982240756,0.5974766791354843,coffee,Kaggle Benchmark
National Benchmark,Benchmark Baseline,Curated Benchmark,1.7999182204599695,-0.4960524295318015,-0.3188499655324185,0.41420425566495206,-0.4949219462473595,-0.19861277701933316,1.0756573139994563,coffee,Kaggle Benchmark
National Benchmark,Benchmark Baseline,Curated Benchmark,1.474867661445131,-1.0720564173763847,-0.2596175355472248,0.3495968024969412,-0.4119786473750349,-0.13662877896105335,1.2448764884376198,coffee,Kaggle Benchmark
National Benchmark,Benchmark Baseline,Curated Benchmark,1.5832178477834107,-0.9204764205751785,-0.45705896883120384,0.6984770496042005,-0.0979790159298073,-0.1348321413361754,1.6633755219943684,coffee,Kaggle Benchmark
National Benchmark,Benchmark Baseline,Curated Benchmark,0.797678996830884,-1.0720564173763847,-0.3385941088608164,1.073200277978665,-0.3132366249079822,-0.5673726495254774,0.5679997906849654,coffee,Kaggle Benchmark
National Benchmark,Benchmark Baseline,Curated Benchmark,1.3665174751068516,-0.6779484256932489,-0.4373148255028059,0.504654690100168,0.21602061551542032,-0.07958553437118715,1.007969644224191,coffee,Kaggle Benchmark
National Benchmark,Benchmark Baseline,Curated Benchmark,1.4206925682759914,-0.6173164269727663,-0.2991058222040206,0.8535349372074272,0.21799545596476097,-0.9424207537186935,0.4248003387679387,coffee,Kaggle Benchmark
National Benchmark,Benchmark Baseline,Curated Benchmark,1.1498171024302926,-0.8295284224944549,-0.417570682174408,1.060278787345063,-0.2026455597448834,-0.6742725882056996,0.6229505333519817,coffee,Kaggle Benchmark
National Benchmark,Benchmark Baseline,Curated Benchmark,1.4477801148605614,-0.5566844282522839,-0.39782653884601016,0.6597125777033946,0.3740078514627048,-0.9347850438129632,0.7375828773262217,coffee,Kaggle Benchmark
National Benchmark,Benchmark Baseline,Curated Benchmark,1.7728306738753996,-0.5263684288920427,-0.45705896883120384,-0.38692816361838556,0.38783173460809156,-0.5817457505244988,0.9683032140870729,coffee,Kaggle Benchmark
National Benchmark,Benchmark Baseline,Curated Benchmark,1.5290427546142709,-0.46573643017156025,-0.37808239551761225,-0.154341332213546,0.20417157281937354,-0.6248650535215633,0.7577800045978738,coffee,Kaggle Benchmark
National Benchmark,Benchmark Baseline,Curated Benchmark,1.3665174751068516,-0.6173164269727663,-0.2991058222040206,0.5692621432681788,0.2673664671982873,-0.424989117753921,0.716839881749931,coffee,Kaggle Benchmark
National Benchmark,Benchmark Baseline,Curated Benchmark,1.5290427546142709,-0.6779484256932489,-0.3385941088608164,0.38836127439774704,-0.48307290355131277,-0.8310292209762774,0.90352684193655,coffee,Kaggle Benchmark
National Benchmark,Benchmark Baseline,Curated Benchmark,1.3123423819377118,-1.132688416096867,-0.35833825218921433,-0.10265536967913709,-0.4119786473750349,-0.2713766008268795,1.504891757547443,coffee,Kaggle Benchmark
National Benchmark,Benchmark Baseline,Curated Benchmark,1.4206925682759914,-0.40510443145107783,-0.35833825218921433,-0.154341332213546,0.33451104247588315,-0.7313158327955658,0.6917299397365256,coffee,Kaggle Benchmark
National Benchmark,Benchmark Baseline,Curated Benchmark,1.8270057670445394,-0.6779484256932489,-0.2793616788756227,-0.45153561678639637,0.3819072132600688,-0.3863614088190509,1.4184626093128971,coffee,Kaggle Benchmark
National Benchmark,Benchmark Baseline,Curated Benchmark,1.501955208029701,-0.9811084192956611,-0.2596175355472248,1.2411796562154935,0.0027378469865860767,-0.6486705020511926,1.5481973097154895,coffee,Kaggle Benchmark
National Benchmark,Benchmark Baseline,Curated Benchmark,1.7728306738753996,-0.46573643017156025,-0.2793616788756227,-0.5807505231224193,-0.4593748181592206,-0.9626329269985675,1.4557636101299118,coffee,Kaggle Benchmark
National Benchmark,Benchmark Baseline,Curated Benchmark,1.258167288768572,-0.5566844282522839,-0.4373148255028059,-0.18018431348074987,-0.13945066536596962,-0.7968931061036012,1.1424352032669896,coffee,Kaggle Benchmark
National Benchmark,Benchmark Baseline,Curated Benchmark,1.5290427546142709,-0.5870004276125251,-0.3188499655324185,0.40128276503135013,0.22786965821146637,-0.22780813842359576,1.3520486322484568,coffee,Kaggle Benchmark
National Benchmark,Benchmark Baseline,Curated Benchmark,1.3123423819377118,-1.1630044154571084,-0.417570682174408,-0.4903000886872034,0.35623428741863533,-0.6666368782999693,0.4449974660395905,coffee,Kaggle Benchmark
National Benchmark,Benchmark Baseline,Curated Benchmark,1.8270057670445394,-0.6173164269727663,-0.35833825218921433,-0.14141984157994292,-0.29348822041457207,-0.19097706711360296,1.271078167060303,coffee,Kaggle Benchmark
National Benchmark,Benchmark Baseline,Curated Benchmark,1.7999182204599695,-0.6476324263330075,-0.2793616788756227,0.3754397837641451,0.12912763574441366,-0.8692077705049278,0.43153271452515607,coffee,Kaggle Benchmark
National Benchmark,Benchmark Baseline,Curated Benchmark,1.4477801148605614,-1.0720564173763847,-0.35833825218921433,0.40128276503135013,-0.39815476422964746,-0.4977529415614673,0.6819043102530195,coffee,Kaggle Benchmark
